latitude,longitude,district,label,elevation,slope,curvature,distance_to_drainage,land_cover_class,landcover_bare_sparse_vegetation,landcover_built_up,landcover_cropland,landcover_grassland,landcover_tree_cover,landcover_water
25.410611,93.284,Dima Hasao,1,267.0194091796875,18.992530822753906,-0.9941674470901489,90.755593876789,tree_cover,0,0,0,0,1,0
24.993,93.161583,Cachar,1,184.24081420898438,14.71586799621582,1.1039170026779175,602.6882128089565,tree_cover,0,0,0,0,1,0
26.17756,91.76589,Kamrup (Metro),1,91.46956634521484,19.38328742980957,-2.1870779991149902,585.3559919476628,tree_cover,0,0,0,0,1,0
26.109222,91.939,Kamrup,1,78.4803237915039,21.90177345275879,0.2063923180103302,288.4257893831262,tree_cover,0,0,0,0,1,0
25.428597,93.312597,Dima Hasao,1,366.4148254394531,11.559624671936035,-0.8030569553375244,417.87013506888434,tree_cover,0,0,0,0,1,0
25.81756,93.10886,Nagaon,1,210.3531036376953,20.702533721923828,-0.631502091884613,548.3020065870597,built_up,0,1,0,0,0,0
25.139,93.025,Dima Hasao,1,602.8360595703125,10.510286331176758,-0.18873924016952515,385.0433751653389,tree_cover,0,0,0,0,1,0
25.148722,93.031917,Dima Hasao,1,442.8808288574219,20.522045135498047,-0.6791796684265137,103.47729782859263,grassland,0,0,0,1,0,0
24.95,92.73,Cachar,1,61.76909255981445,2.5637199878692627,-0.546383261680603,445.53510014395135,tree_cover,0,0,0,0,1,0
25.179861,93.070778,Dima Hasao,1,485.02117919921875,5.882114887237549,-1.3333275318145752,258.2949483466956,built_up,0,1,0,0,0,0
26.043267,92.055531,Kamrup,1,251.4392547607422,21.001184463500977,0.7285764217376709,373.09270316744926,tree_cover,0,0,0,0,1,0
26.108417,92.440222,Nagaon,1,231.56300354003906,24.678375244140625,-2.522566318511963,202.9356772468639,tree_cover,0,0,0,0,1,0
26.043583,92.452222,West Karbi Anglong,1,341.762451171875,23.29556655883789,0.08020120859146118,28.699438705188403,tree_cover,0,0,0,0,1,0
25.454083,93.375972,Dima Hasao,1,409.6401672363281,12.446199417114258,-1.838247537612915,258.2949483466956,tree_cover,0,0,0,0,1,0
25.214944,93.021611,Dima Hasao,1,617.7907104492188,24.697998046875,-1.6288930177688599,672.4493455377018,tree_cover,0,0,0,0,1,0
26.102167,92.440472,Nagaon,1,324.2387390136719,14.119853973388672,1.6769781112670898,264.5957510418367,tree_cover,0,0,0,0,1,0
26.172917,92.762778,Nagaon,1,99.94662475585938,15.700297355651855,-1.6622076034545898,28.699438705188403,tree_cover,0,0,0,0,1,0
25.216944,93.011361,Dima Hasao,1,476.05352783203125,27.3962345123291,-1.1302419900894165,481.09025841311256,tree_cover,0,0,0,0,1,0
24.79489,92.55506,Hailakandi,1,44.42559051513672,9.645636558532715,-1.4054292440414429,162.34854179749112,tree_cover,0,0,0,0,1,0
26.347417,93.2982,Karbi Anglong,1,305.02777099609375,10.197608947753906,0.5225268602371216,143.497193525942,tree_cover,0,0,0,0,1,0
25.1,93.28,Dima Hasao,1,909.9007568359375,14.299888610839844,1.1597051620483398,40.58713544937278,tree_cover,0,0,0,0,1,0
25.84992,92.69072,West Karbi Anglong,1,450.88201904296875,17.17423439025879,-1.6483079195022583,527.6327608418461,tree_cover,0,0,0,0,1,0
25.10275,92.986944,Dima Hasao,1,600.700439453125,24.16074562072754,-1.5183171033859253,346.77663729115096,tree_cover,0,0,0,0,1,0
24.54,92.63,Hailakandi,1,47.158912658691406,6.6469268798828125,1.6530486345291138,545.2893353985796,tree_cover,0,0,0,0,1,0
26.0405,92.0355,Kamrup,1,225.08326721191406,6.092977046966553,-0.9578831195831299,154.55120729969443,cropland,0,0,1,0,0,0
26.071556,91.734028,Kamrup,1,301.8472595214844,12.703152656555176,-1.2860945463180542,181.511187753578,tree_cover,0,0,0,0,1,0
25.513567,92.784825,Dima Hasao,1,314.98797607421875,4.11179780960083,0.00033346156124025583,200.8960709363188,bare_sparse_vegetation,1,0,0,0,0,0
26.061,90.605,Goalpara,1,58.396080017089844,14.911258697509766,-1.1124721765518188,684.5884003939454,tree_cover,0,0,0,0,1,0
24.51,92.64,Hailakandi,1,54.96823501586914,8.351542472839355,-0.48422786593437195,320.8694793044491,tree_cover,0,0,0,0,1,0
26.3848,90.5943,Bongaigaon,1,92.55038452148438,41.788536071777344,-1.6267625093460083,901.180655054782,grassland,0,0,0,1,0,0
26.34075,93.78861,Karbi Anglong,1,244.8533477783203,23.035795211791992,0.3790976107120514,410.91342799735514,tree_cover,0,0,0,0,1,0
25.156,93.018,Dima Hasao,1,593.3613891601562,11.437264442443848,0.38305097818374634,523.7156111895314,tree_cover,0,0,0,0,1,0
25.8465,93.687,Karbi Anglong,1,177.3197021484375,18.05180549621582,1.6739696264266968,86.09831611556521,tree_cover,0,0,0,0,1,0
25.441734,92.892033,Dima Hasao,1,615.4036254882812,14.396282196044922,0.5578737854957581,544.533563260734,tree_cover,0,0,0,0,1,0
26.314964,93.256408,Karbi Anglong,1,368.22882080078125,19.238285064697266,-0.8570036292076111,246.8819067235833,tree_cover,0,0,0,0,1,0
25.67153,93.11522,Dima Hasao,1,312.83453369140625,11.096746444702148,-0.1590908020734787,708.8238476629073,built_up,0,1,0,0,0,0
26.93819,92.70402,Sonitpur,1,143.76756286621094,14.935129165649414,0.11156882345676422,57.398877410376805,tree_cover,0,0,0,0,1,0
26.6,94.34,Jorhat,1,139.39401245117188,5.903504371643066,-0.7649089097976685,0.0,tree_cover,0,0,0,0,1,0
25.169,93.156,Dima Hasao,1,953.5455322265625,8.197914123535156,-0.007795589976012707,374.19489966966046,cropland,0,0,1,0,0,0
24.97,92.76,Cachar,1,18.232946395874023,5.692221164703369,0.13365694880485535,40.58713544937278,tree_cover,0,0,0,0,1,0
25.405,93.372194,Dima Hasao,1,426.2817077636719,16.308515548706055,-0.4704475700855255,310.4318934857779,tree_cover,0,0,0,0,1,0
25.968083,92.3575,West Karbi Anglong,1,647.7509765625,27.228076934814453,0.7963802814483643,620.8637869715558,tree_cover,0,0,0,0,1,0
26.58,94.35,Jorhat,1,216.76412963867188,25.393962860107422,-0.29773300886154175,118.33081717743153,tree_cover,0,0,0,0,1,0
25.444306,93.423944,Dima Hasao,1,404.3117980957031,23.262971878051758,-1.0932203531265259,224.1497818459006,tree_cover,0,0,0,0,1,0
26.32685,93.267639,Karbi Anglong,1,314.55438232421875,14.497726440429688,-0.6509021520614624,57.398877410376805,tree_cover,0,0,0,0,1,0
26.110056,91.908944,Kamrup,1,95.88653564453125,31.719470977783203,-0.7533044815063477,548.3020065870597,tree_cover,0,0,0,0,1,0
25.21,93.25,Dima Hasao,1,1204.8399658203125,19.890213012695312,0.39760473370552063,270.7499632453624,tree_cover,0,0,0,0,1,0
25.108759,92.978048,Dima Hasao,1,437.2013244628906,21.252769470214844,1.1166293621063232,377.48218008902865,tree_cover,0,0,0,0,1,0
25.21,93.31,Dima Hasao,1,863.238525390625,22.24321746826172,0.5636686086654663,86.09831611556521,tree_cover,0,0,0,0,1,0
25.402472,93.390444,Dima Hasao,1,452.34320068359375,29.723501205444336,-1.139890193939209,224.1497818459006,tree_cover,0,0,0,0,1,0
26.9693,92.634,Sonitpur,1,132.1147918701172,17.09408187866211,-1.7075936794281006,28.699438705188403,bare_sparse_vegetation,1,0,0,0,0,0
25.204556,93.138889,Dima Hasao,1,601.681884765625,15.310137748718262,-0.33790770173072815,449.21727102622873,grassland,0,0,0,1,0,0
26.19025,91.806472,Kamrup,1,83.85252380371094,19.193450927734375,-1.3660808801651,57.398877410376805,built_up,0,1,0,0,0,0
26.55,94.36,Jorhat,1,172.2604522705078,11.188859939575195,0.4785025119781494,121.76140634811831,tree_cover,0,0,0,0,1,0
26.97013,92.63363,Sonitpur,1,138.41119384765625,15.151597023010254,0.05729610472917557,40.58713544937278,tree_cover,0,0,0,0,1,0
25.436861,93.404583,Dima Hasao,1,381.7997131347656,17.2891902923584,0.8235907554626465,28.699438705188403,tree_cover,0,0,0,0,1,0
25.423438,92.985022,Dima Hasao,1,258.2404479980469,21.935089111328125,-0.5116633772850037,284.10994814560945,tree_cover,0,0,0,0,1,0
25.84782,93.70174,Karbi Anglong,1,144.5,16.526256561279297,-3.368346929550171,0.0,tree_cover,0,0,0,0,1,0
25.96667,92.356917,West Karbi Anglong,1,662.473876953125,11.749189376831055,0.44420042634010315,772.2229174032814,tree_cover,0,0,0,0,1,0
26.195306,91.765639,Kamrup,1,85.43685150146484,12.607003211975098,1.5334099531173706,446.4584899431005,built_up,0,1,0,0,0,0
25.11219,92.86881,Dima Hasao,1,224.6529998779297,20.66204833984375,0.14040954411029816,467.193013890522,grassland,0,0,0,1,0,0
26.6,94.35,Jorhat,1,181.07936096191406,8.847030639648438,-0.7581062912940979,114.79775482075361,tree_cover,0,0,0,0,1,0
26.57455,93.11244,Nagaon,1,109.96678924560547,30.61396598815918,0.6622490882873535,344.39326446226084,tree_cover,0,0,0,0,1,0
25.435639,93.405944,Dima Hasao,1,399.1573486328125,18.81346893310547,-0.8492006063461304,154.55120729969443,tree_cover,0,0,0,0,1,0
25.437111,93.403639,Dima Hasao,1,370.8455810546875,6.54311990737915,-0.7666503190994263,0.0,tree_cover,0,0,0,0,1,0
24.72192,92.90381,Cachar,1,32.169532775878906,14.41661548614502,-0.53957599401474,121.76140634811831,tree_cover,0,0,0,0,1,0
24.99,92.45,Cachar,1,14.170246124267578,0.31381043791770935,-0.06253307312726974,385.0433751653389,cropland,0,0,1,0,0,0
25.423861,93.369417,Dima Hasao,1,387.0091247558594,12.762642860412598,-0.737794816493988,143.497193525942,tree_cover,0,0,0,0,1,0
25.19,93.3,Dima Hasao,1,750.057861328125,36.93427276611328,1.516523838043213,28.699438705188403,tree_cover,0,0,0,0,1,0
25.90692,92.64714,West Karbi Anglong,1,325.08636474609375,20.450061798095703,0.6947486400604248,40.58713544937278,tree_cover,0,0,0,0,1,0
25.056611,92.801722,Dima Hasao,1,111.5704116821289,27.665239334106445,-2.1436853408813477,202.9356772468639,tree_cover,0,0,0,0,1,0
25.164,93.040194,Dima Hasao,1,443.5766296386719,11.583995819091797,-0.8655328154563904,264.5957510418367,tree_cover,0,0,0,0,1,0
24.44,92.56,Hailakandi,1,28.73639678955078,0.333766907453537,-0.017807772383093834,174.57187039651046,cropland,0,0,1,0,0,0
25.24,93.28,Dima Hasao,1,954.519775390625,14.889996528625488,-0.6514652967453003,28.699438705188403,grassland,0,0,0,1,0,0
25.23,93.29,Dima Hasao,1,949.2677001953125,25.256385803222656,1.0865362882614136,114.79775482075361,tree_cover,0,0,0,0,1,0
26.19167,91.79028,Kamrup,1,95.70333862304688,13.371517181396484,1.595550537109375,258.2949483466956,built_up,0,1,0,0,0,0
26.3478,93.7417,Karbi Anglong,1,208.35194396972656,31.38550567626953,0.708939254283905,86.09831611556521,tree_cover,0,0,0,0,1,0
24.96,92.66,Cachar,1,37.141536712646484,12.456369400024414,-0.26375049352645874,626.8052026033265,tree_cover,0,0,0,0,1,0
25.201,93.122,Dima Hasao,1,604.990478515625,17.056583404541016,0.16164733469486237,245.2081117856406,grassland,0,0,0,1,0,0
25.063378,92.795536,Dima Hasao,1,245.9967041015625,19.179542541503906,-2.95508074760437,202.9356772468639,tree_cover,0,0,0,0,1,0
24.96,92.98,Cachar,1,54.3895149230957,34.15242004394531,0.8153116703033447,64.17389586088981,tree_cover,0,0,0,0,1,0
25.404,93.132,Dima Hasao,1,267.45648193359375,15.975586891174316,0.13755659759044647,183.76607157391027,tree_cover,0,0,0,0,1,0
25.946611,92.305361,West Karbi Anglong,1,571.122314453125,21.552993774414062,-0.8679040670394897,430.491580577826,tree_cover,0,0,0,0,1,0
26.115139,91.837833,Kamrup,1,145.6260528564453,17.632238388061523,-1.178794026374817,270.7499632453624,tree_cover,0,0,0,0,1,0
25.22,93.34,Dima Hasao,1,1296.9150390625,19.757083892822266,-0.3542102575302124,552.0447258486946,tree_cover,0,0,0,0,1,0
25.1775,93.026222,Dima Hasao,1,472.5287170410156,12.733901977539062,-0.5509377717971802,305.07921817979326,tree_cover,0,0,0,0,1,0
26.93362,92.70757,Sonitpur,1,143.01377868652344,8.817648887634277,-0.04352043941617012,462.76454414544895,tree_cover,0,0,0,0,1,0
24.99561,93.16261,Cachar,1,196.21401977539062,28.71433448791504,1.7461676597595215,517.3864891429631,tree_cover,0,0,0,0,1,0
26.307972,93.275722,Karbi Anglong,1,424.3448486328125,6.347232818603516,-0.5429198741912842,0.0,grassland,0,0,0,1,0,0
25.208,93.121,Dima Hasao,1,670.1209716796875,18.737903594970703,-0.7824193835258484,669.9951426585958,grassland,0,0,0,1,0,0
24.65939,92.49736,Karimganj,1,28.973419189453125,4.523301124572754,-0.3804388642311096,208.93506753444217,tree_cover,0,0,0,0,1,0
25.84512,93.56682,Karbi Anglong,1,249.57723999023438,9.740194320678711,-0.6768454313278198,717.4859676297101,tree_cover,0,0,0,0,1,0
26.080139,92.032667,Kamrup,1,196.67672729492188,19.059873580932617,1.0457687377929688,40.58713544937278,tree_cover,0,0,0,0,1,0
26.59416,93.547361,Karbi Anglong,1,157.9842987060547,19.602811813354492,-0.6130949854850769,309.10241459938885,tree_cover,0,0,0,0,1,0
25.109417,92.88075,Dima Hasao,1,278.2607727050781,15.786140441894531,-1.3601081371307373,548.3020065870597,tree_cover,0,0,0,0,1,0
26.113639,92.441222,Nagaon,1,207.2309112548828,15.797786712646484,1.6177109479904175,202.9356772468639,tree_cover,0,0,0,0,1,0
26.016389,92.48225,West Karbi Anglong,1,233.48489379882812,33.8364143371582,-0.3127128481864929,64.17389586088981,tree_cover,0,0,0,0,1,0
25.416056,93.284222,Dima Hasao,1,261.81597900390625,14.301480293273926,-1.1061290502548218,162.34854179749112,grassland,0,0,0,1,0,0
24.62,92.84,Cachar,1,33.726043701171875,17.864402770996094,0.00022601282398682088,557.2423026039127,tree_cover,0,0,0,0,1,0
25.155,93.067,Dima Hasao,1,512.0244750976562,18.489412307739258,-0.24461257457733154,192.52168758266944,tree_cover,0,0,0,0,1,0
25.175056,93.020417,Dima Hasao,1,577.0001831054688,31.540197372436523,-0.9857568144798279,691.1740110535569,tree_cover,0,0,0,0,1,0
25.84967,92.69042,West Karbi Anglong,1,464.005126953125,17.394611358642578,0.707768440246582,527.6327608418461,tree_cover,0,0,0,0,1,0
26.92216,92.7678,Sonitpur,1,136.9984588623047,13.140963554382324,-0.6852709054946899,28.699438705188403,tree_cover,0,0,0,0,1,0
25.84444,93.45331,Karbi Anglong,1,192.66329956054688,12.137574195861816,-1.3568921089172363,470.7057927793974,tree_cover,0,0,0,0,1,0
25.263528,93.390611,Dima Hasao,1,845.7012329101562,32.67308807373047,1.0980814695358276,174.57187039651046,tree_cover,0,0,0,0,1,0
25.965731,92.59267,West Karbi Anglong,1,109.38587188720703,17.2502384185791,0.08334686607122421,192.52168758266944,tree_cover,0,0,0,0,1,0
25.04783,92.78931,Dima Hasao,1,89.36897277832031,29.395626068115234,-0.5204445719718933,64.17389586088981,tree_cover,0,0,0,0,1,0
25.137,93.04,Dima Hasao,1,638.09521484375,12.835115432739258,0.08363215625286102,426.6478288007844,tree_cover,0,0,0,0,1,0
26.302944,93.225389,Karbi Anglong,1,238.13487243652344,15.464248657226562,-1.2383095026016235,28.699438705188403,tree_cover,0,0,0,0,1,0
26.95266,93.44166,Sonitpur,1,161.47982788085938,24.55540657043457,0.4434482753276825,28.699438705188403,tree_cover,0,0,0,0,1,0
25.034948,92.778753,Dima Hasao,1,84.93279266357422,35.87194061279297,-1.4151960611343384,64.17389586088981,tree_cover,0,0,0,0,1,0
25.232972,93.03325,Dima Hasao,1,552.4376220703125,20.576242446899414,-0.7625154256820679,367.53214314782053,tree_cover,0,0,0,0,1,0
26.211111,91.684167,Kamrup,1,57.688232421875,9.716506004333496,-0.18775923550128937,57.398877410376805,built_up,0,1,0,0,0,0
25.98736,92.50083,West Karbi Anglong,1,108.59745788574219,26.443613052368164,0.803688645362854,114.79775482075361,tree_cover,0,0,0,0,1,0
24.53,92.84,Cachar,1,29.25825309753418,0.3139885663986206,0.07556748390197754,28.699438705188403,cropland,0,0,1,0,0,0
25.23,93.34,Dima Hasao,1,1302.7435302734375,18.30487823486328,1.2334816455841064,554.2782267808642,tree_cover,0,0,0,0,1,0
25.108,93.003,Dima Hasao,1,537.6364135742188,4.79391622543335,-0.4218214452266693,0.0,tree_cover,0,0,0,0,1,0
26.9174,92.77163,Sonitpur,1,113.9284439086914,9.516133308410645,0.35418248176574707,57.398877410376805,tree_cover,0,0,0,0,1,0
26.205583,91.963222,Kamrup,1,69.32733917236328,26.350486755371094,-0.8346264958381653,208.93506753444217,tree_cover,0,0,0,0,1,0
25.394111,93.410417,Dima Hasao,1,495.0501708984375,19.616275787353516,-1.710754156112671,28.699438705188403,grassland,0,0,0,1,0,0
25.320232,92.818091,Dima Hasao,1,1012.7235107421875,7.444632053375244,0.008803385309875011,344.39326446226084,tree_cover,0,0,0,0,1,0
26.9231,92.76755,Sonitpur,1,152.42794799804688,16.061532974243164,-1.2173569202423096,81.17427089874556,tree_cover,0,0,0,0,1,0
25.444194,93.424694,Dima Hasao,1,421.3798522949219,31.05668067932129,-0.4739452004432678,286.994387051884,tree_cover,0,0,0,0,1,0
26.061861,92.147889,Kamrup,1,111.05536651611328,26.79945182800293,1.3063522577285767,40.58713544937278,tree_cover,0,0,0,0,1,0
25.054917,92.800333,Dima Hasao,1,127.66120910644531,40.075531005859375,0.3396250307559967,231.38227207272448,tree_cover,0,0,0,0,1,0
25.110111,92.998778,Dima Hasao,1,555.8153686523438,30.37936782836914,-1.593397855758667,309.10241459938885,tree_cover,0,0,0,0,1,0
25.176389,93.116139,Dima Hasao,1,561.2322387695312,16.316143035888672,0.12338077276945114,40.58713544937278,tree_cover,0,0,0,0,1,0
26.59041,93.47616,Karbi Anglong,1,127.18543243408203,12.220324516296387,0.32337990403175354,551.2982147217308,tree_cover,0,0,0,0,1,0
25.91,91.4,Kamrup (Rural),1,56.5,0.0,-0.0,28.699438705188403,water,0,0,0,0,0,1
25.453528,93.371194,Dima Hasao,1,440.6656494140625,30.246652603149414,-0.4581613540649414,551.2982147217308,tree_cover,0,0,0,0,1,0
25.2,93.25,Dima Hasao,1,1179.6697998046875,27.469440460205078,0.8850810527801514,146.3389979869157,tree_cover,0,0,0,0,1,0
25.010379,92.75482,Dima Hasao,1,91.51077270507812,15.871517181396484,-0.7235689759254456,224.1497818459006,tree_cover,0,0,0,0,1,0
25.395431,92.990267,Dima Hasao,1,396.1784973144531,25.493410110473633,0.21638691425323486,637.2309522633714,tree_cover,0,0,0,0,1,0
25.85992,92.72558,West Karbi Anglong,1,133.97158813476562,18.635494232177734,-0.9584092497825623,86.09831611556521,tree_cover,0,0,0,0,1,0
25.108778,92.920333,Dima Hasao,1,260.7622985839844,14.901988983154297,-0.39821237325668335,390.3545691658806,tree_cover,0,0,0,0,1,0
25.072636,92.794514,Dima Hasao,1,462.9308166503906,39.2524528503418,0.30207911133766174,718.0597269917971,grassland,0,0,0,1,0,0
26.93641,92.70308,Sonitpur,1,134.11209106445312,12.110176086425781,0.49599072337150574,57.398877410376805,tree_cover,0,0,0,0,1,0
25.135,93.04,Dima Hasao,1,623.308349609375,13.541543960571289,0.653214156627655,286.994387051884,tree_cover,0,0,0,0,1,0
26.112083,92.091028,Kamrup,1,70.00520324707031,18.28019142150879,-0.12891623377799988,57.398877410376805,tree_cover,0,0,0,0,1,0
26.013528,92.266083,West Karbi Anglong,1,363.6140441894531,23.38611602783203,0.2410704791545868,385.0433751653389,tree_cover,0,0,0,0,1,0
26.153556,92.038694,Kamrup,1,81.04473114013672,21.406749725341797,-0.512104332447052,399.7369256231103,tree_cover,0,0,0,0,1,0
25.108877,92.929125,Dima Hasao,1,257.6449279785156,23.313241958618164,-0.6767342686653137,423.74213441012074,built_up,0,1,0,0,0,0
26.129583,91.938306,Kamrup,1,90.78958892822266,20.20018768310547,-1.4428603649139404,508.55534954000825,tree_cover,0,0,0,0,1,0
26.031528,92.472778,West Karbi Anglong,1,250.03237915039062,26.893367767333984,0.711292028427124,310.4318934857779,tree_cover,0,0,0,0,1,0
25.278917,93.253194,Dima Hasao,1,860.1165771484375,21.600292205810547,-2.9950478076934814,460.0870026116437,grassland,0,0,0,1,0,0
26.57,94.35,Jorhat,1,183.22702026367188,16.56771469116211,-0.2615857720375061,162.34854179749112,tree_cover,0,0,0,0,1,0
26.55,94.36,Jorhat,1,172.2604522705078,11.188859939575195,0.4785025119781494,121.76140634811831,tree_cover,0,0,0,0,1,0
26.171972,92.002611,Kamrup,1,76.90265655517578,8.435318946838379,-0.5025672912597656,258.2949483466956,tree_cover,0,0,0,0,1,0
25.18725,93.120556,Dima Hasao,1,650.216064453125,9.083824157714844,0.6040989756584167,654.4478945158968,tree_cover,0,0,0,0,1,0
26.13611,91.74056,Kamrup,1,95.63802337646484,32.206790924072266,-0.7556071877479553,367.53214314782053,tree_cover,0,0,0,0,1,0
25.443417,93.421444,Dima Hasao,1,412.7832336425781,24.9552001953125,1.6660109758377075,114.79775482075361,tree_cover,0,0,0,0,1,0
26.10711,91.78917,Kamrup (Metro),1,69.42404174804688,12.343852996826172,-0.4862832725048065,264.5957510418367,tree_cover,0,0,0,0,1,0
26.56,94.36,Jorhat,1,196.32769775390625,15.272314071655273,-0.9339665174484253,320.8694793044491,tree_cover,0,0,0,0,1,0
26.15428,91.79264,Kamrup (Metro),1,71.35978698730469,8.026254653930664,-0.5318619012832642,449.21727102622873,built_up,0,1,0,0,0,0
25.124306,92.904278,Dima Hasao,1,263.7967834472656,16.114837646484375,-0.4675501585006714,121.76140634811831,tree_cover,0,0,0,0,1,0
25.85544,92.57369,West Karbi Anglong,1,455.0537109375,23.05883026123047,0.9735373258590698,299.63093671585784,tree_cover,0,0,0,0,1,0
25.264056,93.409528,Dima Hasao,1,844.2960205078125,34.18103790283203,2.5130701065063477,143.497193525942,tree_cover,0,0,0,0,1,0
24.97692,93.033,Cachar,1,175.76364135742188,17.810625076293945,-0.1297832429409027,434.3013148453115,tree_cover,0,0,0,0,1,0
26.55,94.36,Jorhat,1,172.2604522705078,11.188859939575195,0.4785025119781494,121.76140634811831,tree_cover,0,0,0,0,1,0
24.98,92.75,Cachar,1,26.240171432495117,4.502984523773193,-0.5803907513618469,192.52168758266944,tree_cover,0,0,0,0,1,0
25.049444,92.79725,Dima Hasao,1,116.07218170166016,31.739534378051758,0.03857779502868652,167.34504649901487,tree_cover,0,0,0,0,1,0
25.137,93.034,Dima Hasao,1,650.389404296875,24.620033264160156,0.2124224156141281,417.87013506888434,tree_cover,0,0,0,0,1,0
25.438694,93.362583,Dima Hasao,1,361.18896484375,21.598812103271484,0.06913769245147705,57.398877410376805,tree_cover,0,0,0,0,1,0
25.420278,93.371306,Dima Hasao,1,397.8373718261719,21.11308479309082,0.3567890524864197,81.17427089874556,tree_cover,0,0,0,0,1,0
25.107,93.002,Dima Hasao,1,604.8809814453125,34.122554779052734,0.2590329349040985,86.09831611556521,tree_cover,0,0,0,0,1,0
25.110778,92.987917,Dima Hasao,1,475.94757080078125,16.210494995117188,-0.17079900205135345,335.9183176503221,tree_cover,0,0,0,0,1,0
26.1625,91.71444,Kamrup,1,68.67671203613281,12.803518295288086,-1.191380262374878,264.5957510418367,tree_cover,0,0,0,0,1,0
25.150694,93.025833,Dima Hasao,1,660.887939453125,22.181230545043945,-0.14811621606349945,719.7782609064495,built_up,0,1,0,0,0,0
26.92088,92.75933,Sonitpur,1,141.89230346679688,16.122177124023438,0.7753833532333374,28.699438705188403,tree_cover,0,0,0,0,1,0
26.166583,91.714806,Kamrup,1,125.43605041503906,23.750980377197266,-0.8011599183082581,282.65669079876386,tree_cover,0,0,0,0,1,0
25.81175,92.55003,West Karbi Anglong,1,507.29144287109375,29.576032638549805,-0.19574934244155884,114.79775482075361,tree_cover,0,0,0,0,1,0
25.977194,92.354778,West Karbi Anglong,1,571.9634399414062,24.455045700073242,-0.037051282823085785,57.398877410376805,tree_cover,0,0,0,0,1,0
24.98,92.96,Cachar,1,169.91781616210938,30.32489013671875,-0.8009968996047974,467.193013890522,tree_cover,0,0,0,0,1,0
26.117111,92.441028,Nagaon,1,180.70420837402344,23.317474365234375,-0.6739925146102905,202.9356772468639,tree_cover,0,0,0,0,1,0
25.199722,93.016722,Dima Hasao,1,409.49737548828125,30.927677154541016,-0.056028950959444046,286.994387051884,tree_cover,0,0,0,0,1,0
26.57719,93.10008,Karbi Anglong,1,79.10155487060547,6.757457256317139,0.7635324597358704,231.38227207272448,tree_cover,0,0,0,0,1,0
25.81428,92.55422,West Karbi Anglong,1,477.61181640625,17.945268630981445,-0.9065189361572266,231.38227207272448,tree_cover,0,0,0,0,1,0
25.061375,92.795906,Dima Hasao,1,254.81077575683594,25.747577667236328,1.1413203477859497,143.497193525942,tree_cover,0,0,0,0,1,0
26.60275,93.48408,Karbi Anglong,1,107.7137680053711,8.759162902832031,-1.4549556970596313,292.6779959738314,tree_cover,0,0,0,0,1,0
25.224278,93.222861,Dima Hasao,1,608.0173950195312,13.506291389465332,-1.2567647695541382,28.699438705188403,tree_cover,0,0,0,0,1,0
25.046444,92.789667,Dima Hasao,1,95.41724395751953,33.33313751220703,0.01816253922879696,64.17389586088981,tree_cover,0,0,0,0,1,0
25.4375,93.404444,Dima Hasao,1,373.5813903808594,5.306100368499756,-0.03522836044430733,28.699438705188403,tree_cover,0,0,0,0,1,0
24.99,92.75,Cachar,1,153.7255401611328,27.029260635375977,2.5485799312591553,310.4318934857779,tree_cover,0,0,0,0,1,0
25.435917,93.455944,Dima Hasao,1,475.2235412597656,23.961841583251953,0.5184734463691711,121.76140634811831,tree_cover,0,0,0,0,1,0
25.81044,93.58616,Karbi Anglong,1,196.00193786621094,2.8129758834838867,-0.2534678280353546,270.7499632453624,tree_cover,0,0,0,0,1,0
25.257696,92.809603,Dima Hasao,1,1177.1552734375,3.2240006923675537,1.1292638778686523,840.1635074007239,tree_cover,0,0,0,0,1,0
25.134,93.045,Dima Hasao,1,662.2718505859375,11.353638648986816,0.48575714230537415,258.2949483466956,tree_cover,0,0,0,0,1,0
26.54,94.37,Jorhat,1,187.05062866210938,7.842759609222412,1.07799232006073,181.511187753578,tree_cover,0,0,0,0,1,0
25.278472,93.252972,Dima Hasao,1,848.5626220703125,26.940393447875977,-0.894240140914917,401.7921418726376,tree_cover,0,0,0,0,1,0
26.036583,92.273056,West Karbi Anglong,1,197.48631286621094,10.791197776794434,-1.004530668258667,154.55120729969443,tree_cover,0,0,0,0,1,0
25.387,93.12,Dima Hasao,1,315.3169860839844,23.915918350219727,-0.6375117897987366,605.4153227221999,built_up,0,1,0,0,0,0
26.105806,91.62275,Kamrup,1,71.77134704589844,29.990365982055664,-0.40155625343322754,272.266781630367,tree_cover,0,0,0,0,1,0
26.5235,93.28166,Karbi Anglong,1,104.92794036865234,36.80377197265625,-0.055384259670972824,162.34854179749112,tree_cover,0,0,0,0,1,0
26.042139,92.27525,West Karbi Anglong,1,136.32083129882812,29.073665618896484,0.013571885414421558,385.0433751653389,grassland,0,0,0,1,0,0
25.362583,93.257722,Dima Hasao,1,379.603759765625,23.360300064086914,2.1032087802886963,81.17427089874556,tree_cover,0,0,0,0,1,0
25.171889,93.003944,Dima Hasao,1,734.7344360351562,15.100173950195312,-0.17354820668697357,501.21414934918204,built_up,0,1,0,0,0,0
25.441757,92.907383,Dima Hasao,1,574.4586181640625,13.371198654174805,0.5187476277351379,490.4162235712812,tree_cover,0,0,0,0,1,0
26.191667,91.803611,Kamrup,1,81.50251007080078,19.283723831176758,-0.8110563158988953,86.09831611556521,tree_cover,0,0,0,0,1,0
26.56111,93.04925,Nagaon,1,108.02583312988281,28.39449119567871,-1.0534310340881348,181.511187753578,tree_cover,0,0,0,0,1,0
26.118167,92.440944,Nagaon,1,171.92991638183594,18.903043746948242,-0.3788827359676361,206.95459565718525,tree_cover,0,0,0,0,1,0
25.4255,93.363944,Dima Hasao,1,385.8655090332031,13.173562049865723,0.04288315400481224,143.497193525942,tree_cover,0,0,0,0,1,0
25.189,93.226,Dima Hasao,1,1462.6331787109375,24.067413330078125,1.5217406749725342,620.8637869715558,tree_cover,0,0,0,0,1,0
25.186,93.104,Dima Hasao,1,513.6944580078125,5.0596089363098145,-0.17249596118927002,40.58713544937278,cropland,0,0,1,0,0,0
24.53,92.63,Hailakandi,1,23.87259292602539,6.926538944244385,-0.8903293609619141,243.52281269623663,cropland,0,0,1,0,0,0
26.297306,93.211833,Karbi Anglong,1,136.1608123779297,19.823793411254883,-1.6643288135528564,28.699438705188403,tree_cover,0,0,0,0,1,0
25.184528,93.125639,Dima Hasao,1,628.3103637695312,19.61800193786621,-0.36956432461738586,473.3232687097261,tree_cover,0,0,0,0,1,0
24.55,92.74,Hailakandi,1,44.989646911621094,5.389779567718506,0.5553885698318481,488.7338301958759,tree_cover,0,0,0,0,1,0
25.155722,93.022778,Dima Hasao,1,617.4518432617188,24.529727935791016,1.2196393013000488,591.6540858871576,tree_cover,0,0,0,0,1,0
26.13611,91.74056,Kamrup,1,95.63802337646484,32.206790924072266,-0.7556071877479553,367.53214314782053,tree_cover,0,0,0,0,1,0
26.18917,91.80111,Kamrup,1,70.79397583007812,13.938636779785156,-1.6382781267166138,28.699438705188403,built_up,0,1,0,0,0,0
25.204,93.059,Dima Hasao,1,570.462890625,19.839641571044922,2.0435116291046143,121.76140634811831,tree_cover,0,0,0,0,1,0
25.157,93.062,Dima Hasao,1,506.1325988769531,19.543245315551758,1.914906620979309,172.19663223113042,grassland,0,0,0,1,0,0
25.106,93.001,Dima Hasao,1,686.67041015625,32.008819580078125,0.8504158854484558,146.3389979869157,tree_cover,0,0,0,0,1,0
25.82528,92.54775,West Karbi Anglong,1,463.53826904296875,14.25792121887207,0.642143189907074,28.699438705188403,tree_cover,0,0,0,0,1,0
24.78002778,92.45372222,Karimganj,1,32.999595642089844,14.394912719726562,-1.2285047769546509,629.4278299682726,tree_cover,0,0,0,0,1,0
25.95386,92.60367,West Karbi Anglong,1,306.7377014160156,17.945941925048828,-0.3649180829524994,632.0395749211754,tree_cover,0,0,0,0,1,0
25.41616,92.778653,Dima Hasao,1,957.9151000976562,6.661418914794922,0.49198177456855774,349.1437407930209,tree_cover,0,0,0,0,1,0
25.1,93.28,Dima Hasao,1,909.9007568359375,14.299888610839844,1.1597051620483398,40.58713544937278,tree_cover,0,0,0,0,1,0
25.078935,92.95379,Dima Hasao,1,1083.9320068359375,31.382293701171875,1.1006009578704834,669.9951426585958,tree_cover,0,0,0,0,1,0
25.40837,92.82826,Dima Hasao,1,901.56689453125,30.780439376831055,1.024467945098877,660.0870902193333,tree_cover,0,0,0,0,1,0
25.088389,92.958944,Dima Hasao,1,965.0541381835938,28.660526275634766,0.03991164267063141,481.09025841311256,tree_cover,0,0,0,0,1,0
25.136,93.04,Dima Hasao,1,621.1043701171875,10.387709617614746,-0.1647300124168396,401.7921418726376,tree_cover,0,0,0,0,1,0
26.34838,93.78208,Karbi Anglong,1,230.80409240722656,17.72736930847168,0.6796724796295166,28.699438705188403,tree_cover,0,0,0,0,1,0
26.3477,93.7399,Karbi Anglong,1,192.2528076171875,30.54071044921875,-1.1427652835845947,64.17389586088981,tree_cover,0,0,0,0,1,0
26.34938,93.78091,Karbi Anglong,1,230.0675811767578,13.792495727539062,0.16031348705291748,28.699438705188403,tree_cover,0,0,0,0,1,0
26.096722,92.43875,Nagaon,1,336.2859802246094,30.53544807434082,-1.878448247909546,270.7499632453624,tree_cover,0,0,0,0,1,0
25.82108,92.544,West Karbi Anglong,1,453.3654479980469,8.3794584274292,-0.33144596219062805,28.699438705188403,tree_cover,0,0,0,0,1,0
25.22,93.29,Dima Hasao,1,879.7840576171875,7.702505588531494,-0.526068925857544,28.699438705188403,cropland,0,0,1,0,0,0
26.15478,91.77411,Kamrup (Metro),1,99.47600555419922,13.151450157165527,-0.999954879283905,453.777969383945,tree_cover,0,0,0,0,1,0
24.43,92.55,Hailakandi,1,33.7735595703125,2.8954691886901855,-0.5253409147262573,229.59550964150722,tree_cover,0,0,0,0,1,0
26.1505375,91.72798139,Kamrup (Metro),1,75.32110595703125,23.08745765686035,-1.3100018501281738,402.81581777854086,tree_cover,0,0,0,0,1,0
26.043611,92.440944,West Karbi Anglong,1,442.50537109375,31.613557815551758,0.33799663186073303,295.4788061625467,tree_cover,0,0,0,0,1,0
26.103028,92.440889,Nagaon,1,311.8234558105469,13.318305015563965,0.34428054094314575,174.57187039651046,tree_cover,0,0,0,0,1,0
26.88969,92.12266,Udalguri,1,209.70053100585938,10.957770347595215,-0.7392768263816833,121.76140634811831,tree_cover,0,0,0,0,1,0
24.96,92.66,Cachar,1,37.141536712646484,12.456369400024414,-0.26375049352645874,626.8052026033265,tree_cover,0,0,0,0,1,0
25.961444,92.341333,West Karbi Anglong,1,539.0935668945312,1.7965670824050903,-1.253993272781372,28.699438705188403,grassland,0,0,0,1,0,0
25.447528,93.364417,Dima Hasao,1,381.0133361816406,25.655839920043945,-1.2342523336410522,143.497193525942,tree_cover,0,0,0,0,1,0
25.106389,93.031472,Dima Hasao,1,1346.8856201171875,52.48551559448242,-0.7616854906082153,655.0768690911649,tree_cover,0,0,0,0,1,0
25.109889,92.893167,Dima Hasao,1,279.1044921875,15.187481880187988,-0.150687575340271,495.4291261460857,grassland,0,0,0,1,0,0
26.51925,93.47147,Karbi Anglong,1,154.0105743408203,18.358911514282227,-0.6424544453620911,64.17389586088981,tree_cover,0,0,0,0,1,0
25.95931,92.51753,West Karbi Anglong,1,92.48003387451172,30.787572860717773,-1.7737783193588257,90.755593876789,tree_cover,0,0,0,0,1,0
25.029708,92.463967,Cachar,1,99.88385009765625,34.27580642700195,0.7309291958808899,208.93506753444217,tree_cover,0,0,0,0,1,0
26.022833,92.274028,West Karbi Anglong,1,278.7061462402344,21.091815948486328,-0.16969488561153412,258.2949483466956,tree_cover,0,0,0,0,1,0
25.443639,93.431444,Dima Hasao,1,445.2797546386719,12.755874633789062,-0.3240357041358948,488.7338301958759,tree_cover,0,0,0,0,1,0
25.196694,93.018583,Dima Hasao,1,437.3262634277344,28.415678024291992,-2.00580096244812,64.17389586088981,tree_cover,0,0,0,0,1,0
25.0365,92.780417,Dima Hasao,1,67.37090301513672,14.40317153930664,-2.532871961593628,0.0,tree_cover,0,0,0,0,1,0
26.17806,91.76083,Kamrup,1,64.64646911621094,16.845577239990234,-0.5357810258865356,327.2239472579484,tree_cover,0,0,0,0,1,0
24.31,92.56,Hailakandi,1,46.21820068359375,6.140169620513916,-0.2168639451265335,143.497193525942,tree_cover,0,0,0,0,1,0
25.155,93.067,Dima Hasao,1,512.0244750976562,18.489412307739258,-0.24461257457733154,192.52168758266944,tree_cover,0,0,0,0,1,0
25.4025,93.392194,Dima Hasao,1,452.8356018066406,18.440959930419922,0.68038010597229,103.47729782859263,tree_cover,0,0,0,0,1,0
26.1895,91.787167,Kamrup (Metro),1,67.23043823242188,11.134651184082031,-0.8215510845184326,64.17389586088981,built_up,0,1,0,0,0,0
25.809417,92.474833,West Karbi Anglong,1,715.1318969726562,33.7097282409668,-0.7751721143722534,231.38227207272448,tree_cover,0,0,0,0,1,0
25.157361,93.016083,Dima Hasao,1,639.462890625,27.895709991455078,-0.05714790150523186,618.2048291987777,tree_cover,0,0,0,0,1,0
26.6,94.35,Jorhat,1,181.07936096191406,8.847030639648438,-0.7581062912940979,114.79775482075361,tree_cover,0,0,0,0,1,0
26.030972,92.474139,West Karbi Anglong,1,239.4788818359375,8.852007865905762,0.9024247527122498,202.9356772468639,tree_cover,0,0,0,0,1,0
25.444167,93.425528,Dima Hasao,1,415.73468017578125,29.297157287597656,-0.741707444190979,327.2239472579484,tree_cover,0,0,0,0,1,0
25.282861,93.296111,Dima Hasao,1,737.512939453125,23.479265213012695,0.2891333997249603,430.491580577826,tree_cover,0,0,0,0,1,0
26.195528,91.780556,Kamrup (Metro),1,162.42396545410156,23.20197296142578,0.7913857698440552,710.5647193335924,tree_cover,0,0,0,0,1,0
26.93597,92.70455,Sonitpur,1,145.1696014404297,21.61684799194336,-0.23888814449310303,86.09831611556521,tree_cover,0,0,0,0,1,0
25.84494,92.61514,West Karbi Anglong,1,320.0336608886719,17.19573974609375,-0.296721488237381,28.699438705188403,tree_cover,0,0,0,0,1,0
25.02,92.52,Cachar,1,78.49651336669922,4.4859938621521,-0.5516454577445984,405.8713544937278,tree_cover,0,0,0,0,1,0
25.17,93.29,Dima Hasao,1,709.68994140625,40.13392639160156,0.5646911859512329,57.398877410376805,tree_cover,0,0,0,0,1,0
26.56,94.36,Jorhat,1,196.32769775390625,15.272314071655273,-0.9339665174484253,320.8694793044491,tree_cover,0,0,0,0,1,0
25.436528,93.4065,Dima Hasao,1,387.8506164550781,17.306652069091797,1.179371953010559,40.58713544937278,tree_cover,0,0,0,0,1,0
26.56,94.36,Jorhat,1,196.32769775390625,15.272314071655273,-0.9339665174484253,320.8694793044491,tree_cover,0,0,0,0,1,0
25.02,92.52,Cachar,1,78.49651336669922,4.4859938621521,-0.5516454577445984,405.8713544937278,tree_cover,0,0,0,0,1,0
26.065167,92.150639,Kamrup,1,102.68586730957031,26.38685417175293,0.5173267126083374,57.398877410376805,tree_cover,0,0,0,0,1,0
26.13442,91.7501,Kamrup (Metro),1,87.17593383789062,16.693517684936523,-0.16213826835155487,172.19663223113042,built_up,0,1,0,0,0,0
26.54,94.37,Jorhat,1,187.05062866210938,7.842759609222412,1.07799232006073,181.511187753578,tree_cover,0,0,0,0,1,0
25.061417,92.806833,Dima Hasao,1,135.51893615722656,32.61775207519531,-0.7822266817092896,181.511187753578,bare_sparse_vegetation,1,0,0,0,0,0
26.20536,91.86497,Kamrup (Metro),1,70.8708267211914,27.336469650268555,-1.5115219354629517,172.19663223113042,tree_cover,0,0,0,0,1,0
26.094578,92.135144,Kamrup,1,89.30874633789062,21.093751907348633,1.6050041913986206,390.3545691658806,grassland,0,0,0,1,0,0
26.031583,92.47375,West Karbi Anglong,1,249.99681091308594,24.914548873901367,-0.7172202467918396,264.5957510418367,tree_cover,0,0,0,0,1,0
24.51131,92.69303,Hailakandi,1,32.57070541381836,1.5441774129867554,-1.557083010673523,143.497193525942,tree_cover,0,0,0,0,1,0
25.032989,92.462214,Cachar,1,75.02686309814453,37.50507354736328,-0.2549072802066803,143.497193525942,tree_cover,0,0,0,0,1,0
26.56,94.36,Jorhat,1,196.32769775390625,15.272314071655273,-0.9339665174484253,320.8694793044491,tree_cover,0,0,0,0,1,0
26.198,90.298,Goalpara,1,38.45258712768555,16.548507690429688,-0.5823044776916504,246.8819067235833,grassland,0,0,0,1,0,0
25.189,93.192,Dima Hasao,1,792.8561401367188,13.773137092590332,-0.5642762184143066,286.994387051884,tree_cover,0,0,0,0,1,0
25.01,92.75,Cachar,1,36.765071868896484,6.547006607055664,0.03721245750784874,81.17427089874556,water,0,0,0,0,0,1
25.437722,93.349889,Dima Hasao,1,389.7886657714844,12.262224197387695,-0.3457329273223877,449.21727102622873,tree_cover,0,0,0,0,1,0
26.92666,92.73966,Sonitpur,1,159.4910125732422,19.147371292114258,0.3388339877128601,118.33081717743153,tree_cover,0,0,0,0,1,0
26.3733,90.5499,Bongaigaon,1,57.26688003540039,7.067628383636475,-0.8454065322875977,614.194809610707,tree_cover,0,0,0,0,1,0
25.19,93.3,Dima Hasao,1,750.057861328125,36.93427276611328,1.516523838043213,28.699438705188403,tree_cover,0,0,0,0,1,0
25.107546,92.885543,Dima Hasao,1,267.5835266113281,9.782312393188477,-0.2036857306957245,288.4257893831262,tree_cover,0,0,0,0,1,0
24.46,92.52,Hailakandi,1,104.7282943725586,7.147090911865234,1.6036351919174194,264.5957510418367,tree_cover,0,0,0,0,1,0
25.1,93.28,Dima Hasao,1,909.9007568359375,14.299888610839844,1.1597051620483398,40.58713544937278,tree_cover,0,0,0,0,1,0
24.73117,92.64739,Hailakandi,1,30.24245262145996,16.529542922973633,-0.7027387022972107,407.89566308378295,tree_cover,0,0,0,0,1,0
26.045806,92.450778,West Karbi Anglong,1,412.3927001953125,33.64995193481445,-0.04394282400608063,224.1497818459006,tree_cover,0,0,0,0,1,0
26.18917,91.80111,Kamrup,1,70.79397583007812,13.938636779785156,-1.6382781267166138,28.699438705188403,built_up,0,1,0,0,0,0
25.146778,93.030972,Dima Hasao,1,454.0132751464844,29.31302261352539,-0.4273865520954132,103.47729782859263,grassland,0,0,0,1,0,0
24.99,92.6,Cachar,1,82.84856414794922,4.378511905670166,-0.5929428339004517,632.0395749211754,tree_cover,0,0,0,0,1,0
25.95514,93.72997,Karbi Anglong,1,170.56600952148438,8.560779571533203,-0.9430996775627136,672.4493455377018,grassland,0,0,0,1,0,0
25.2185,93.013111,Dima Hasao,1,489.4911804199219,29.847761154174805,-0.9036659598350525,282.65669079876386,tree_cover,0,0,0,0,1,0
25.436972,93.454111,Dima Hasao,1,470.1925964355469,19.41172981262207,0.5983856320381165,114.79775482075361,tree_cover,0,0,0,0,1,0
26.57463,93.11297,Nagaon,1,107.21137237548828,30.427066802978516,0.5742374658584595,345.58700552677846,tree_cover,0,0,0,0,1,0
24.96,92.92,Cachar,1,33.15996551513672,0.5493740439414978,-0.08712053298950195,28.699438705188403,tree_cover,0,0,0,0,1,0
25.206,93.126,Dima Hasao,1,781.9586791992188,20.793842315673828,0.13663031160831451,764.181501629647,tree_cover,0,0,0,0,1,0
24.97228,93.03289,Cachar,1,159.12506103515625,4.696184158325195,-0.07726674526929855,717.4859676297101,tree_cover,0,0,0,0,1,0
25.423806,93.369722,Dima Hasao,1,389.74163818359375,8.879464149475098,-0.9678017497062683,162.34854179749112,tree_cover,0,0,0,0,1,0
25.039722,92.781889,Dima Hasao,1,80.00916290283203,26.030012130737305,-2.2870683670043945,103.47729782859263,tree_cover,0,0,0,0,1,0
25.439372,93.354197,Dima Hasao,1,400.2192077636719,9.221415519714355,0.7352456450462341,731.6949899345785,tree_cover,0,0,0,0,1,0
25.191,93.192,Dima Hasao,1,771.6640625,19.566991806030273,0.1365710347890854,172.19663223113042,tree_cover,0,0,0,0,1,0
25.169,93.155,Dima Hasao,1,954.4872436523438,12.568659782409668,-0.6258999109268188,460.0870026116437,cropland,0,0,1,0,0,0
26.159333,91.917611,Kamrup,1,106.56231689453125,17.364513397216797,-0.07240932434797287,40.58713544937278,tree_cover,0,0,0,0,1,0
26.303333,93.225694,Karbi Anglong,1,248.0243682861328,10.907248497009277,-0.5377104878425598,86.09831611556521,tree_cover,0,0,0,0,1,0
25.175972,93.020167,Dima Hasao,1,582.7049560546875,24.455036163330078,-0.8124605417251587,603.3711458471037,grassland,0,0,0,1,0,0
25.425611,93.364444,Dima Hasao,1,388.4251403808594,17.05489730834961,-0.09507359564304352,143.497193525942,tree_cover,0,0,0,0,1,0
25.84541,93.68312,Karbi Anglong,1,175.2255096435547,13.278908729553223,0.508095383644104,231.38227207272448,tree_cover,0,0,0,0,1,0
25.232306,93.033444,Dima Hasao,1,550.836181640625,26.72315216064453,-2.1877005100250244,324.69708359498225,tree_cover,0,0,0,0,1,0
26.95052,93.45136,Sonitpur,1,168.03656005859375,5.0677690505981445,-1.5809448957443237,526.8516608416413,tree_cover,0,0,0,0,1,0
24.70619,92.28997,Karimganj,1,37.8168830871582,15.209556579589844,-1.3481063842773438,103.47729782859263,tree_cover,0,0,0,0,1,0
24.51,92.75,Hailakandi,1,142.50657653808594,6.151085376739502,0.9612399935722351,295.4788061625467,tree_cover,0,0,0,0,1,0
25.336054,92.82053,Dima Hasao,1,1016.1571655273438,14.095545768737793,0.4948273003101349,544.533563260734,grassland,0,0,0,1,0,0
25.8515,92.69203,West Karbi Anglong,1,458.08624267578125,27.537548065185547,1.2535486221313477,423.74213441012074,tree_cover,0,0,0,0,1,0
26.112667,91.853889,Kamrup,1,189.61351013183594,29.46388053894043,1.0212223529815674,320.8694793044491,tree_cover,0,0,0,0,1,0
25.2,93.25,Dima Hasao,1,1179.6697998046875,27.469440460205078,0.8850810527801514,146.3389979869157,tree_cover,0,0,0,0,1,0
26.9358,92.70369,Sonitpur,1,127.0403060913086,9.64453125,-0.782474935054779,28.699438705188403,tree_cover,0,0,0,0,1,0
25.18,93.33,Dima Hasao,1,859.7749633789062,32.30583190917969,-1.5858393907546997,86.09831611556521,tree_cover,0,0,0,0,1,0
24.53,92.84,Cachar,1,29.25825309753418,0.3139885663986206,0.07556748390197754,28.699438705188403,cropland,0,0,1,0,0,0
26.9498,93.45291,Sonitpur,1,167.82339477539062,24.30552864074707,-1.427289605140686,426.6478288007844,tree_cover,0,0,0,0,1,0
25.157139,93.017194,Dima Hasao,1,628.7929077148438,31.294391632080078,-0.7632861137390137,641.7389586088982,tree_cover,0,0,0,0,1,0
25.121,92.915028,Dima Hasao,1,299.5089111328125,9.906556129455566,0.18718308210372925,202.9356772468639,tree_cover,0,0,0,0,1,0
25.328139,93.334056,Dima Hasao,1,553.5255126953125,18.85369300842285,0.6667304635047913,28.699438705188403,tree_cover,0,0,0,0,1,0
25.21,93.31,Dima Hasao,1,863.238525390625,22.24321746826172,0.5636686086654663,86.09831611556521,tree_cover,0,0,0,0,1,0
25.140417,93.020389,Dima Hasao,1,712.017333984375,23.752992630004883,-1.1235876083374023,703.5753882688851,tree_cover,0,0,0,0,1,0
26.93855,92.70336,Sonitpur,1,136.3053436279297,11.059041023254395,-1.2372757196426392,28.699438705188403,tree_cover,0,0,0,0,1,0
26.57447,93.66297,Karbi Anglong,1,195.7719268798828,11.738371849060059,-1.3095146417617798,513.3911668871185,tree_cover,0,0,0,0,1,0
25.436694,93.402944,Dima Hasao,1,371.32098388671875,8.144274711608887,-0.22544224560260773,28.699438705188403,tree_cover,0,0,0,0,1,0
25.75933,92.52258,West Karbi Anglong,1,713.73681640625,16.863964080810547,-0.35753005743026733,146.3389979869157,tree_cover,0,0,0,0,1,0
25.108972,92.928861,Dima Hasao,1,246.4093017578125,11.07242488861084,-1.10301673412323,385.0433751653389,built_up,0,1,0,0,0,0
25.79,91.24,Kamrup (Rural),1,775.4698486328125,5.854274272918701,0.2126743644475937,477.65385543510894,grassland,0,0,0,1,0,0
24.659389,92.497361,Karimganj,1,28.973419189453125,4.523301124572754,-0.3804388642311096,208.93506753444217,tree_cover,0,0,0,0,1,0
25.405,93.133,Dima Hasao,1,287.3017272949219,25.16757583618164,0.20081795752048492,206.95459565718525,grassland,0,0,0,1,0,0
24.511306,92.693028,Hailakandi,1,32.57070541381836,1.5441774129867554,-1.557083010673523,143.497193525942,tree_cover,0,0,0,0,1,0
26.024167,92.475,West Karbi Anglong,1,225.9050750732422,26.69121551513672,0.8505789041519165,121.76140634811831,tree_cover,0,0,0,0,1,0
26.394,90.48,Bongaigaon,1,58.27021026611328,12.54798698425293,-0.02990223839879036,90.755593876789,tree_cover,0,0,0,0,1,0
26.039194,92.4595,West Karbi Anglong,1,316.3465576171875,28.98551368713379,-0.04572869464755058,206.95459565718525,tree_cover,0,0,0,0,1,0
26.056083,93.406528,Karbi Anglong,1,209.12611389160156,26.815383911132812,-1.1348881721496582,114.79775482075361,tree_cover,0,0,0,0,1,0
25.07,93.29,Dima Hasao,1,328.59600830078125,26.658830642700195,-1.2290133237838745,334.69009299802974,tree_cover,0,0,0,0,1,0
26.192444,91.764222,Kamrup (Metro),1,91.857421875,14.840051651000977,-1.5981700420379639,780.7091383317612,tree_cover,0,0,0,0,1,0
25.118,93.014,Dima Hasao,1,622.8162841796875,17.863414764404297,-1.3469475507736206,28.699438705188403,tree_cover,0,0,0,0,1,0
25.157,93.066,Dima Hasao,1,482.26898193359375,20.6851806640625,-0.2938463091850281,121.76140634811831,tree_cover,0,0,0,0,1,0
25.145,93.158,Dima Hasao,1,1295.8612060546875,25.95943832397461,0.3246581554412842,544.533563260734,tree_cover,0,0,0,0,1,0
26.158639,91.921889,Kamrup,1,110.8532485961914,6.039223670959473,-1.412580132484436,423.74213441012074,tree_cover,0,0,0,0,1,0
26.03275,92.271861,West Karbi Anglong,1,163.58863830566406,32.88264846801758,-2.2216765880584717,40.58713544937278,tree_cover,0,0,0,0,1,0
25.106956,92.991363,Dima Hasao,1,580.7615966796875,32.25440216064453,0.4161303639411926,256.69558344355926,tree_cover,0,0,0,0,1,0
26.17672,91.78672,Kamrup (Metro),1,88.23167419433594,27.495868682861328,-0.6722399592399597,243.52281269623663,tree_cover,0,0,0,0,1,0
26.972889,92.632833,Sonitpur,1,137.24424743652344,17.854658126831055,-1.535897970199585,40.58713544937278,bare_sparse_vegetation,1,0,0,0,0,0
26.045472,92.457417,West Karbi Anglong,1,358.9352722167969,12.952166557312012,-0.46622371673583984,57.398877410376805,tree_cover,0,0,0,0,1,0
26.110139,92.439333,Nagaon,1,225.1947784423828,24.93375015258789,0.4780838191509247,143.497193525942,tree_cover,0,0,0,0,1,0
25.98219,92.51892,West Karbi Anglong,1,87.931640625,29.304853439331055,1.0736017227172852,64.17389586088981,tree_cover,0,0,0,0,1,0
24.96,92.7,Cachar,1,47.79701614379883,7.818792819976807,2.164494276046753,57.398877410376805,tree_cover,0,0,0,0,1,0
25.241944,93.143194,Dima Hasao,1,610.0537719726562,18.710664749145508,-1.381879448890686,507.7449022528607,grassland,0,0,0,1,0,0
25.119,93.017,Dima Hasao,1,725.9325561523438,25.09848976135254,0.8105635046958923,309.10241459938885,tree_cover,0,0,0,0,1,0
25.455333,93.374472,Dima Hasao,1,420.4669189453125,26.40535545349121,0.2764025628566742,183.76607157391027,tree_cover,0,0,0,0,1,0
25.139,93.025,Dima Hasao,1,602.8360595703125,10.510286331176758,-0.18873924016952515,385.0433751653389,tree_cover,0,0,0,0,1,0
25.188,93.066,Dima Hasao,1,712.8863525390625,11.142322540283203,0.5799266695976257,377.48218008902865,grassland,0,0,0,1,0,0
24.51594,92.54089,Hailakandi,1,56.721923828125,16.260114669799805,1.4552743434906006,345.58700552677846,tree_cover,0,0,0,0,1,0
26.97041,92.63436,Sonitpur,1,132.97254943847656,6.126567363739014,0.42675668001174927,28.699438705188403,tree_cover,0,0,0,0,1,0
24.51,92.9,Cachar,1,79.09882354736328,20.190242767333984,0.9543706774711609,114.79775482075361,tree_cover,0,0,0,0,1,0
25.22,93.34,Dima Hasao,1,1296.9150390625,19.757083892822266,-0.3542102575302124,552.0447258486946,tree_cover,0,0,0,0,1,0
26.190389,91.809944,Kamrup (Metro),1,98.3782958984375,26.981931686401367,0.5988283753395081,57.398877410376805,built_up,0,1,0,0,0,0
25.229556,93.1556,Dima Hasao,1,452.0229187011719,11.137480735778809,-0.48720213770866394,354.9924515322946,tree_cover,0,0,0,0,1,0
26.105667,92.441,Nagaon,1,274.1748962402344,21.302873611450195,0.7203065752983093,90.755593876789,tree_cover,0,0,0,0,1,0
25.15,93.37,Dima Hasao,1,973.9571533203125,28.063156127929688,-0.9252446293830872,345.58700552677846,tree_cover,0,0,0,0,1,0
25.443861,93.426222,Dima Hasao,1,421.0592041015625,30.0913028717041,-1.4473713636398315,320.8694793044491,tree_cover,0,0,0,0,1,0
25.332083,93.334639,Dima Hasao,1,549.0424194335938,27.103261947631836,0.6622990965843201,64.17389586088981,tree_cover,0,0,0,0,1,0
26.107667,92.44003,Nagaon,1,248.1251983642578,26.40146827697754,1.161698579788208,167.34504649901487,tree_cover,0,0,0,0,1,0
25.65167,93.12083,Dima Hasao,1,342.4462890625,11.17228889465332,-1.9596201181411743,507.7449022528607,tree_cover,0,0,0,0,1,0
25.88494,93.45792,Karbi Anglong,1,176.57708740234375,15.615374565124512,-0.1442776918411255,552.0447258486946,tree_cover,0,0,0,0,1,0
24.55,92.75,Hailakandi,1,43.778526306152344,6.788228511810303,-0.17100371420383453,103.47729782859263,tree_cover,0,0,0,0,1,0
25.88692,92.61347,West Karbi Anglong,1,447.0296630859375,8.309844970703125,0.4099057614803314,224.1497818459006,tree_cover,0,0,0,0,1,0
25.84,91.35,Kamrup (Rural),1,69.84758758544922,21.19791603088379,-0.6543127298355103,40.58713544937278,tree_cover,0,0,0,0,1,0
25.433903,93.328944,Dima Hasao,1,425.12371826171875,16.501699447631836,0.5640465021133423,288.4257893831262,tree_cover,0,0,0,0,1,0
24.96,92.95,Cachar,1,141.99478149414062,15.031150817871094,1.1651777029037476,377.48218008902865,tree_cover,0,0,0,0,1,0
25.165639,93.025444,Dima Hasao,1,513.5547485351562,12.560430526733398,1.17066490650177,426.6478288007844,tree_cover,0,0,0,0,1,0
26.55,94.36,Jorhat,1,172.2604522705078,11.188859939575195,0.4785025119781494,121.76140634811831,tree_cover,0,0,0,0,1,0
25.84516,93.68408,Karbi Anglong,1,173.57691955566406,11.271639823913574,-1.1057066917419434,200.8960709363188,tree_cover,0,0,0,0,1,0
25.060088,92.807089,Dima Hasao,1,157.62991333007812,39.530609130859375,-1.4392385482788086,305.07921817979326,tree_cover,0,0,0,0,1,0
25.155611,93.022222,Dima Hasao,1,617.7512817382812,17.525650024414062,0.8873485922813416,573.988774103768,tree_cover,0,0,0,0,1,0
25.245972,93.028278,Dima Hasao,1,605.14453125,20.623899459838867,-0.8587450385093689,913.4360038660473,tree_cover,0,0,0,0,1,0
25.402333,93.407583,Dima Hasao,1,479.7250061035156,19.118785858154297,-0.678223729133606,28.699438705188403,tree_cover,0,0,0,0,1,0
24.478972,92.682861,Hailakandi,1,48.622440338134766,24.956890106201172,-2.6197500228881836,40.58713544937278,tree_cover,0,0,0,0,1,0
25.24,93.27,Dima Hasao,1,1093.97705078125,19.6585693359375,1.2564830780029297,401.7921418726376,tree_cover,0,0,0,0,1,0
25.13,93.29,Dima Hasao,1,998.7095336914062,29.0577392578125,1.0743390321731567,206.95459565718525,tree_cover,0,0,0,0,1,0
26.56,94.36,Jorhat,1,196.32769775390625,15.272314071655273,-0.9339665174484253,320.8694793044491,tree_cover,0,0,0,0,1,0
25.205,93.059,Dima Hasao,1,561.9243774414062,12.984508514404297,-2.0875136852264404,218.56841344436356,tree_cover,0,0,0,0,1,0
25.22,93.32,Dima Hasao,1,964.1382446289062,13.151455879211426,-0.6147400736808777,57.398877410376805,tree_cover,0,0,0,0,1,0
25.176917,93.026556,Dima Hasao,1,454.8620910644531,23.032577514648438,0.4110024869441986,224.1497818459006,tree_cover,0,0,0,0,1,0
25.238806,93.032194,Dima Hasao,1,556.2822265625,21.73375129699707,-0.3588787317276001,731.6949899345785,tree_cover,0,0,0,0,1,0
25.417333,93.129083,Dima Hasao,1,372.3275451660156,2.852570056915283,-1.3058205842971802,805.6316355570817,grassland,0,0,0,1,0,0
25.65792,93.11811,Dima Hasao,1,354.7862548828125,10.83957576751709,0.2558242976665497,810.2192618349148,tree_cover,0,0,0,0,1,0
25.569,92.71653,Dima Hasao,1,609.0603637695312,31.180156707763672,0.9335144758224487,264.5957510418367,tree_cover,0,0,0,0,1,0
25.14525,93.029167,Dima Hasao,1,523.4237670898438,31.673141479492188,-0.5080916881561279,202.9356772468639,tree_cover,0,0,0,0,1,0
26.101333,92.440556,Nagaon,1,329.69140625,13.437158584594727,0.906266987323761,349.1437407930209,tree_cover,0,0,0,0,1,0
25.205,93.008,Dima Hasao,1,389.98382568359375,13.68137264251709,0.7500216960906982,282.65669079876386,tree_cover,0,0,0,0,1,0
24.97,92.72,Cachar,1,53.41791534423828,6.656440258026123,1.0703744888305664,345.58700552677846,tree_cover,0,0,0,0,1,0
26.159139,91.915583,Kamrup,1,91.61054992675781,6.400736331939697,-1.633378028869629,0.0,tree_cover,0,0,0,0,1,0
26.033556,92.468056,West Karbi Anglong,1,279.0127868652344,24.06801986694336,1.2070567607879639,162.34854179749112,tree_cover,0,0,0,0,1,0
24.70656,92.65008,Hailakandi,1,53.775794982910156,11.39253044128418,2.709542751312256,316.99566148944325,tree_cover,0,0,0,0,1,0
25.177028,93.020889,Dima Hasao,1,565.25048828125,14.774231910705566,1.2382242679595947,501.21414934918204,built_up,0,1,0,0,0,0
25.85189,93.56633,Karbi Anglong,1,243.0520782470703,2.7320358753204346,-0.16958372294902802,0.0,tree_cover,0,0,0,0,1,0
26.189306,91.787944,Kamrup,1,74.75355529785156,19.378755569458008,-0.2264370620250702,40.58713544937278,built_up,0,1,0,0,0,0
25.01856,92.77011,Dima Hasao,1,82.89973449707031,24.70429801940918,-1.015483021736145,224.1497818459006,built_up,0,1,0,0,0,0
25.108806,92.975139,Dima Hasao,1,369.98675537109375,22.534107208251953,-0.5543168187141418,172.19663223113042,tree_cover,0,0,0,0,1,0
25.01,92.75,Cachar,1,36.765071868896484,6.547006607055664,0.03721245750784874,81.17427089874556,water,0,0,0,0,0,1
25.452278,93.394333,Dima Hasao,1,414.6824951171875,14.691800117492676,0.561786413192749,202.9356772468639,tree_cover,0,0,0,0,1,0
25.032119,92.462636,Cachar,1,70.52442932128906,36.93373107910156,-0.4467514157295227,118.33081717743153,tree_cover,0,0,0,0,1,0
25.22,93.35,Dima Hasao,1,1158.7122802734375,25.9239559173584,-0.1920442134141922,581.1193428350799,tree_cover,0,0,0,0,1,0
26.0641,91.889136,Kamrup,1,75.1498031616211,18.889984130859375,0.817084550857544,282.65669079876386,tree_cover,0,0,0,0,1,0
26.250333,91.976694,Morigaon,1,62.349822998046875,19.96269416809082,-0.5188550353050232,81.17427089874556,tree_cover,0,0,0,0,1,0
24.97,92.72,Cachar,1,53.41791534423828,6.656440258026123,1.0703744888305664,345.58700552677846,tree_cover,0,0,0,0,1,0
25.13,93.27,Dima Hasao,1,553.7867431640625,33.12734603881836,1.0727087259292603,86.09831611556521,tree_cover,0,0,0,0,1,0
25.51402,92.765435,Dima Hasao,1,485.19500732421875,13.1604585647583,-0.31298699975013733,114.79775482075361,tree_cover,0,0,0,0,1,0
25.323731,92.80751,Dima Hasao,1,1056.074462890625,4.925098896026611,-0.556391716003418,577.5650627480084,tree_cover,0,0,0,0,1,0
26.93438,92.729,Sonitpur,1,149.7453155517578,14.722212791442871,-0.9969240427017212,28.699438705188403,tree_cover,0,0,0,0,1,0
25.18,93.3,Dima Hasao,1,899.8754272460938,27.076614379882812,2.2643520832061768,128.34779172177963,tree_cover,0,0,0,0,1,0
25.105414,92.972784,Dima Hasao,1,372.0124206542969,20.835296630859375,-0.7199434638023376,90.755593876789,tree_cover,0,0,0,0,1,0
25.23925,93.031528,Dima Hasao,1,548.735107421875,20.34048080444336,0.9915664792060852,751.1361931534875,tree_cover,0,0,0,0,1,0
25.135,93.04,Dima Hasao,1,623.308349609375,13.541543960571289,0.653214156627655,286.994387051884,tree_cover,0,0,0,0,1,0
25.90653,92.65819,West Karbi Anglong,1,284.08831787109375,27.705364227294922,1.151035189628601,548.3020065870597,tree_cover,0,0,0,0,1,0
25.14,93.3,Dima Hasao,1,1177.2418212890625,28.23000144958496,-0.5314932465553284,405.8713544937278,tree_cover,0,0,0,0,1,0
25.060944,92.80675,Dima Hasao,1,144.48870849609375,25.84556007385254,2.236630439758301,206.95459565718525,bare_sparse_vegetation,1,0,0,0,0,0
26.18867,91.76694,Kamrup (Metro),1,103.1865234375,11.732610702514648,-1.358818769454956,603.3711458471037,built_up,0,1,0,0,0,0
25.96094,92.60122,West Karbi Anglong,1,137.24859619140625,16.546358108520508,-0.05130861699581146,256.69558344355926,tree_cover,0,0,0,0,1,0
26.17672,91.76525,Kamrup (Metro),1,84.49383544921875,24.482730865478516,0.07100508362054825,662.5779937503189,built_up,0,1,0,0,0,0
25.434031,92.885056,Dima Hasao,1,628.8380126953125,9.905357360839844,0.9965313076972961,399.7369256231103,cropland,0,0,1,0,0,0
25.041083,92.783111,Dima Hasao,1,89.379638671875,29.860084533691406,-0.3853704035282135,90.755593876789,tree_cover,0,0,0,0,1,0
26.94755,93.257521,Sonitpur,1,119.6176528930664,17.033361434936523,0.4753957688808441,40.58713544937278,bare_sparse_vegetation,1,0,0,0,0,0
26.54,94.37,Jorhat,1,187.05062866210938,7.842759609222412,1.07799232006073,181.511187753578,tree_cover,0,0,0,0,1,0
24.96,92.7,Cachar,1,47.79701614379883,7.818792819976807,2.164494276046753,57.398877410376805,tree_cover,0,0,0,0,1,0
25.156583,93.019611,Dima Hasao,1,610.893310546875,19.643096923828125,-1.36390221118927,580.4102280586399,built_up,0,1,0,0,0,0
25.139,93.04,Dima Hasao,1,632.1842041015625,20.831972122192383,-0.5030971765518188,327.2239472579484,tree_cover,0,0,0,0,1,0
25.453611,93.371389,Dima Hasao,1,440.6656494140625,30.246652603149414,-0.4581613540649414,551.2982147217308,tree_cover,0,0,0,0,1,0
25.95381,92.60444,West Karbi Anglong,1,315.74237060546875,17.513364791870117,0.3125275671482086,641.7389586088982,tree_cover,0,0,0,0,1,0
25.438723,92.912025,Dima Hasao,1,560.9674072265625,26.826627731323242,0.8276960253715515,295.4788061625467,tree_cover,0,0,0,0,1,0
25.163444,93.023167,Dima Hasao,1,545.532958984375,18.723915100097656,-1.23149573802948,410.91342799735514,tree_cover,0,0,0,0,1,0
25.134472,93.018972,Dima Hasao,1,746.4578857421875,16.867795944213867,1.3737578392028809,783.3422289042544,tree_cover,0,0,0,0,1,0
26.17806,91.76083,Kamrup,1,64.64646911621094,16.845577239990234,-0.5357810258865356,327.2239472579484,tree_cover,0,0,0,0,1,0
25.049417,92.796722,Dima Hasao,1,113.51492309570312,34.07432556152344,-0.12186907976865768,146.3389979869157,tree_cover,0,0,0,0,1,0
24.515944,92.540889,Hailakandi,1,56.721923828125,16.260114669799805,1.4552743434906006,345.58700552677846,tree_cover,0,0,0,0,1,0
26.117417,92.438667,Nagaon,1,162.34866333007812,8.20714282989502,-0.25616517663002014,28.699438705188403,tree_cover,0,0,0,0,1,0
25.0,92.43,Cachar,1,15.590059280395508,3.928800106048584,-0.41590389609336853,143.497193525942,cropland,0,0,1,0,0,0
26.57436,93.10647,Nagaon,1,122.76506042480469,25.970121383666992,0.045902837067842484,669.9951426585958,tree_cover,0,0,0,0,1,0
26.043583,92.440528,West Karbi Anglong,1,445.45751953125,32.21402359008789,0.32282042503356934,346.77663729115096,tree_cover,0,0,0,0,1,0
25.309111,93.470694,Dima Hasao,1,1576.92626953125,14.421478271484375,-1.682780385017395,398.7053447404777,tree_cover,0,0,0,0,1,0
25.242,93.14,Dima Hasao,1,650.07177734375,7.693460464477539,1.3509639501571655,327.2239472579484,tree_cover,0,0,0,0,1,0
24.92097,93.07306,Cachar,1,55.38605499267578,20.520849227905273,-1.141265630722046,299.63093671585784,tree_cover,0,0,0,0,1,0
25.72561,93.13075,Dima Hasao,1,150.44554138183594,23.067909240722656,0.2840796113014221,103.47729782859263,tree_cover,0,0,0,0,1,0
25.436639,93.405917,Dima Hasao,1,390.29925537109375,17.42945098876953,1.683462142944336,57.398877410376805,tree_cover,0,0,0,0,1,0
24.95,92.8,Cachar,1,38.109092712402344,11.270760536193848,0.9199685454368591,335.9183176503221,tree_cover,0,0,0,0,1,0
26.043722,92.441472,West Karbi Anglong,1,439.0276184082031,30.56458282470703,0.7298361659049988,270.7499632453624,tree_cover,0,0,0,0,1,0
25.85167,92.58089,West Karbi Anglong,1,462.12353515625,23.76236343383789,0.6458038687705994,694.7398507699264,grassland,0,0,0,1,0,0
25.85487,93.56583,Karbi Anglong,1,241.3876953125,26.541576385498047,0.1910364180803299,40.58713544937278,tree_cover,0,0,0,0,1,0
25.19,93.3,Dima Hasao,1,750.057861328125,36.93427276611328,1.516523838043213,28.699438705188403,tree_cover,0,0,0,0,1,0
25.10292,92.986883,Dima Hasao,1,600.700439453125,24.16074562072754,-1.5183171033859253,346.77663729115096,tree_cover,0,0,0,0,1,0
25.205528,93.020139,Dima Hasao,1,340.7496337890625,22.436567306518555,-0.7767282724380493,57.398877410376805,tree_cover,0,0,0,0,1,0
26.149444,91.748,Kamrup,1,134.8550262451172,20.3333683013916,-0.39301037788391113,438.0779191015427,tree_cover,0,0,0,0,1,0
24.645417,93.005361,Cachar,1,347.53118896484375,27.517107009887695,-1.8823237419128418,508.55534954000825,tree_cover,0,0,0,0,1,0
26.035278,92.470861,West Karbi Anglong,1,264.1175842285156,21.047510147094727,0.06794464588165283,487.04562539247326,tree_cover,0,0,0,0,1,0
25.18,93.3,Dima Hasao,1,899.8754272460938,27.076614379882812,2.2643520832061768,128.34779172177963,tree_cover,0,0,0,0,1,0
25.22,93.29,Dima Hasao,1,879.7840576171875,7.702505588531494,-0.526068925857544,28.699438705188403,cropland,0,0,1,0,0,0
24.710833,92.481167,Karimganj,1,43.60614013671875,18.798784255981445,-1.2405622005462646,282.65669079876386,tree_cover,0,0,0,0,1,0
26.59011,93.57466,Karbi Anglong,1,124.40482330322266,6.376708984375,-2.0803444385528564,548.3020065870597,tree_cover,0,0,0,0,1,0
25.108,93.003,Dima Hasao,1,537.6364135742188,4.79391622543335,-0.4218214452266693,0.0,tree_cover,0,0,0,0,1,0
25.945,92.66358,West Karbi Anglong,1,156.5126953125,16.472484588623047,-0.8003447651863098,236.66163435486305,tree_cover,0,0,0,0,1,0
25.420806,93.371056,Dima Hasao,1,397.35003662109375,15.765295028686523,0.6774827241897583,86.09831611556521,tree_cover,0,0,0,0,1,0
25.18,93.3,Dima Hasao,1,899.8754272460938,27.076614379882812,2.2643520832061768,128.34779172177963,tree_cover,0,0,0,0,1,0
25.008,93.04,Dima Hasao,1,175.5854034423828,23.371726989746094,0.16244393587112427,28.699438705188403,tree_cover,0,0,0,0,1,0
26.93586,92.70441,Sonitpur,1,149.40487670898438,18.40691375732422,0.7074127197265625,90.755593876789,tree_cover,0,0,0,0,1,0
26.077844,92.035022,Kamrup,1,207.2417755126953,11.435730934143066,-1.2416960000991821,282.65669079876386,tree_cover,0,0,0,0,1,0
25.4365,93.402333,Dima Hasao,1,370.3330993652344,12.937743186950684,-1.452595591545105,57.398877410376805,cropland,0,0,1,0,0,0
25.139611,93.019556,Dima Hasao,1,724.0244140625,31.709224700927734,-1.2990180253982544,644.9396715247074,grassland,0,0,0,1,0,0
24.56,92.94,Cachar,1,42.29839324951172,9.052793502807617,-0.16490785777568817,546.0440614835194,tree_cover,0,0,0,0,1,0
25.14,93.31,Dima Hasao,1,1060.1976318359375,20.53369903564453,0.66081702709198,143.497193525942,grassland,0,0,0,1,0,0
25.188444,93.019667,Dima Hasao,1,511.85821533203125,27.110197067260742,-0.8678299784660339,143.497193525942,tree_cover,0,0,0,0,1,0
26.006,90.595,Goalpara,1,51.101722717285156,1.936933994293213,-0.11087874323129654,28.699438705188403,cropland,0,0,1,0,0,0
25.073228,92.814734,Dima Hasao,1,257.6816711425781,27.30668067932129,-1.2356899976730347,103.47729782859263,tree_cover,0,0,0,0,1,0
25.424,93.0,Dima Hasao,1,241.1190948486328,24.476367950439453,-0.24825100600719452,374.19489966966046,tree_cover,0,0,0,0,1,0
25.96256,93.46922,Karbi Anglong,1,157.68399047851562,7.73396110534668,0.6595906615257263,146.3389979869157,tree_cover,0,0,0,0,1,0
25.65839,93.11808,Dima Hasao,1,351.4447937011719,8.4842529296875,0.5789485573768616,757.6869235040471,built_up,0,1,0,0,0,0
25.019029,92.770549,Dima Hasao,1,96.59721374511719,32.326576232910156,-0.5887430310249329,224.1497818459006,bare_sparse_vegetation,1,0,0,0,0,0
24.813648,93.073009,Cachar,1,40.4913330078125,20.772878646850586,-0.5439545512199402,28.699438705188403,built_up,0,1,0,0,0,0
26.077653,91.982292,Kamrup,1,181.57037353515625,18.607460021972656,-0.620646059513092,344.39326446226084,tree_cover,0,0,0,0,1,0
25.049917,92.799667,Dima Hasao,1,120.0873794555664,33.93042755126953,0.28950390219688416,121.76140634811831,tree_cover,0,0,0,0,1,0
25.142,93.04,Dima Hasao,1,665.321533203125,5.56083345413208,1.0991781949996948,315.69382575707243,tree_cover,0,0,0,0,1,0
25.12906,92.97418,Dima Hasao,1,709.048583984375,33.37912368774414,1.2199653387069702,438.0779191015427,tree_cover,0,0,0,0,1,0
25.82522,93.4243,Karbi Anglong,1,188.03407287597656,13.244553565979004,-0.5063280463218689,286.994387051884,tree_cover,0,0,0,0,1,0
25.155,93.073,Dima Hasao,1,591.2241821289062,7.128239154815674,-1.544890284538269,264.5957510418367,tree_cover,0,0,0,0,1,0
26.19622,91.76336,Kamrup (Metro),1,82.90098571777344,6.07941198348999,-1.574234962463379,446.4584899431005,built_up,0,1,0,0,0,0
25.417528,93.372528,Dima Hasao,1,407.2940673828125,13.718199729919434,0.2487993687391281,229.59550964150722,tree_cover,0,0,0,0,1,0
25.159333,93.017,Dima Hasao,1,680.4695434570312,6.874068260192871,-0.28965210914611816,488.7338301958759,tree_cover,0,0,0,0,1,0
24.44,92.5,Karimganj,1,189.13369750976562,26.551477432250977,-0.7848981022834778,445.53510014395135,tree_cover,0,0,0,0,1,0
24.78380556,92.45563889,Karimganj,1,30.95023536682129,18.138797760009766,-0.7956902384757996,501.21414934918204,tree_cover,0,0,0,0,1,0
26.57411,93.09811,Nagaon,1,96.87406158447266,18.2368221282959,0.33394506573677063,359.6029362684348,tree_cover,0,0,0,0,1,0
25.82769,92.55658,West Karbi Anglong,1,466.4743347167969,16.018672943115234,0.13912756741046906,437.1368268887271,tree_cover,0,0,0,0,1,0
25.156389,93.018389,Dima Hasao,1,602.790283203125,13.166729927062988,-0.15985405445098877,546.0440614835194,tree_cover,0,0,0,0,1,0
25.17,93.36,Dima Hasao,1,1144.00341796875,51.24386215209961,2.112515926361084,569.6675926408218,tree_cover,0,0,0,0,1,0
25.274806,93.145556,Dima Hasao,1,477.4367980957031,23.154279708862305,-2.505859851837158,669.9951426585958,tree_cover,0,0,0,0,1,0
25.01,92.75,Cachar,1,36.765071868896484,6.547006607055664,0.03721245750784874,81.17427089874556,water,0,0,0,0,0,1
26.10725,92.44,Nagaon,1,256.0440673828125,20.717050552368164,1.779802918434143,154.55120729969443,tree_cover,0,0,0,0,1,0
25.061847,92.79345,Dima Hasao,1,365.34613037109375,41.49199676513672,0.2914305627346039,374.19489966966046,tree_cover,0,0,0,0,1,0
26.102333,92.4415,Nagaon,1,317.6793518066406,24.72543716430664,2.058865785598755,231.38227207272448,tree_cover,0,0,0,0,1,0
25.421333,93.370361,Dima Hasao,1,384.1797790527344,12.844361305236816,0.8467996716499329,57.398877410376805,tree_cover,0,0,0,0,1,0
25.003,93.164,Dima Hasao,1,211.345703125,27.457921981811523,-0.30124175548553467,449.21727102622873,tree_cover,0,0,0,0,1,0
26.15461,91.80086,Kamrup (Metro),1,77.63660430908203,10.017436027526855,0.4519904553890228,118.33081717743153,built_up,0,1,0,0,0,0
25.063472,92.807796,Dima Hasao,1,178.601806640625,41.55239486694336,-1.4758415222167969,229.59550964150722,tree_cover,0,0,0,0,1,0
26.039361,92.273806,West Karbi Anglong,1,153.6843719482422,19.495285034179688,-0.3067883253097534,345.58700552677846,tree_cover,0,0,0,0,1,0
25.124583,92.989111,Dima Hasao,1,517.5565185546875,19.349098205566406,-1.3344242572784424,529.1915020836734,grassland,0,0,0,1,0,0
25.453167,93.394667,Dima Hasao,1,412.0692443847656,19.100502014160156,0.040963899344205856,305.07921817979326,tree_cover,0,0,0,0,1,0
26.102667,92.441639,Nagaon,1,298.7689208984375,25.122867584228516,-1.247939109802246,208.93506753444217,tree_cover,0,0,0,0,1,0
26.18842,91.85125,Kamrup (Metro),1,94.1395263671875,26.79161834716797,0.17421142756938934,286.994387051884,tree_cover,0,0,0,0,1,0
26.102944,91.862111,Kamrup,1,130.62828063964844,24.062353134155273,-1.2330741882324219,28.699438705188403,built_up,0,1,0,0,0,0
25.11297,92.95433,Dima Hasao,1,344.2779541015625,19.629770278930664,0.22709472477436066,467.193013890522,built_up,0,1,0,0,0,0
25.156694,93.017667,Dima Hasao,1,611.7767333984375,27.423120498657227,-1.0797040462493896,613.5239248560237,tree_cover,0,0,0,0,1,0
25.95,91.28,Kamrup (Rural),1,67.14840698242188,0.9196460247039795,0.27112647891044617,527.6327608418461,tree_cover,0,0,0,0,1,0
26.13222,91.83972,Kamrup,1,78.28337097167969,9.819812774658203,-0.3535229563713074,398.7053447404777,tree_cover,0,0,0,0,1,0
25.79939,92.52653,West Karbi Anglong,1,624.0396728515625,21.681602478027344,-0.44663098454475403,86.09831611556521,tree_cover,0,0,0,0,1,0
24.52,92.53,Hailakandi,1,71.10655975341797,7.501193523406982,1.2970283031463623,487.89045798820285,tree_cover,0,0,0,0,1,0
25.446056,93.408583,Dima Hasao,1,407.27838134765625,15.377232551574707,0.21446023881435394,224.1497818459006,tree_cover,0,0,0,0,1,0
25.047417,92.793389,Dima Hasao,1,109.63493347167969,39.516944885253906,-1.6444823741912842,81.17427089874556,tree_cover,0,0,0,0,1,0
25.83128,93.45257,Karbi Anglong,1,198.02891540527344,25.398632049560547,-0.09783391654491425,118.33081717743153,tree_cover,0,0,0,0,1,0
26.323083,93.093167,Karbi Anglong,1,107.11470031738281,26.972396850585938,-0.46828746795654297,64.17389586088981,tree_cover,0,0,0,0,1,0
26.155,91.798167,Kamrup,1,83.79010009765625,16.71272850036621,-1.8335050344467163,246.8819067235833,built_up,0,1,0,0,0,0
24.51,92.71,Hailakandi,1,31.225116729736328,5.8641037940979,-0.5352271199226379,143.497193525942,cropland,0,0,1,0,0,0
26.56,94.36,Jorhat,1,196.32769775390625,15.272314071655273,-0.9339665174484253,320.8694793044491,tree_cover,0,0,0,0,1,0
26.098222,92.439389,Nagaon,1,342.48687744140625,26.66813087463379,-0.7411664724349976,345.58700552677846,tree_cover,0,0,0,0,1,0
24.97,92.72,Cachar,1,53.41791534423828,6.656440258026123,1.0703744888305664,345.58700552677846,tree_cover,0,0,0,0,1,0
24.48,92.49,Hailakandi,1,60.80519104003906,22.726959228515625,-0.38419216871261597,208.93506753444217,tree_cover,0,0,0,0,1,0
25.85498,93.56638,Karbi Anglong,1,244.35638427734375,26.963706970214844,0.19038431346416473,57.398877410376805,tree_cover,0,0,0,0,1,0
24.70364,92.64681,Hailakandi,1,37.59675979614258,16.804410934448242,-1.4419257640838623,292.6779959738314,tree_cover,0,0,0,0,1,0
26.119417,92.439972,Nagaon,1,148.66796875,16.766294479370117,0.7110104560852051,40.58713544937278,tree_cover,0,0,0,0,1,0
25.398083,93.297528,Dima Hasao,1,355.0533752441406,20.522186279296875,-0.09036807715892792,462.76454414544895,tree_cover,0,0,0,0,1,0
24.47897,92.68286,Hailakandi,1,48.622440338134766,24.956890106201172,-2.6197500228881836,40.58713544937278,tree_cover,0,0,0,0,1,0
26.110944,91.887917,Kamrup,1,129.0607147216797,11.129677772521973,-0.9599727988243103,28.699438705188403,built_up,0,1,0,0,0,0
25.19,93.191,Dima Hasao,1,804.9288940429688,11.937560081481934,0.3281261622905731,282.65669079876386,tree_cover,0,0,0,0,1,0
25.81806,92.74872,West Karbi Anglong,1,246.65753173828125,21.932798385620117,0.20956946909427643,258.2949483466956,tree_cover,0,0,0,0,1,0
25.031431,92.463231,Cachar,1,73.52397155761719,35.57089614868164,-0.3539842665195465,118.33081717743153,tree_cover,0,0,0,0,1,0
25.84152,93.45138,Karbi Anglong,1,189.880126953125,22.64761734008789,-0.264946311712265,174.57187039651046,tree_cover,0,0,0,0,1,0
25.81678,92.71878,West Karbi Anglong,1,199.8571319580078,14.483553886413574,-0.79704350233078,154.55120729969443,tree_cover,0,0,0,0,1,0
25.84267,93.45244,Karbi Anglong,1,188.03408813476562,13.49492359161377,0.41172128915786743,299.63093671585784,built_up,0,1,0,0,0,0
26.012,92.264167,West Karbi Anglong,1,383.6770935058594,30.99514389038086,1.1833142042160034,390.3545691658806,tree_cover,0,0,0,0,1,0
25.462361,93.384306,Dima Hasao,1,433.6662292480469,24.78369140625,0.21495673060417175,315.69382575707243,tree_cover,0,0,0,0,1,0
26.89074,92.12068,Udalguri,1,210.3472442626953,15.47616958618164,-1.4415987730026245,28.699438705188403,grassland,0,0,0,1,0,0
25.50669,93.10536,Dima Hasao,1,201.45555114746094,3.8682382106781006,0.007054564543068409,402.81581777854086,tree_cover,0,0,0,0,1,0
26.56252,93.05658,Nagaon,1,85.20960235595703,3.507357120513916,-0.5742689371109009,0.0,tree_cover,0,0,0,0,1,0
25.85072,93.56682,Karbi Anglong,1,240.2134246826172,11.141182899475098,-0.398468017578125,86.09831611556521,tree_cover,0,0,0,0,1,0
26.37456,91.84561,Kamrup (Metro),1,62.6075325012207,3.2980165481567383,0.09033103287220001,495.4291261460857,tree_cover,0,0,0,0,1,0
24.57025,92.685,Cachar,1,37.0222053527832,18.009672164916992,-1.360642671585083,118.33081717743153,tree_cover,0,0,0,0,1,0
25.037203,92.450339,Cachar,1,192.95713806152344,30.224416732788086,-1.0364800691604614,243.52281269623663,tree_cover,0,0,0,0,1,0
24.795892,93.045425,Cachar,1,108.9049301147461,21.361671447753906,-0.903052806854248,573.988774103768,built_up,0,1,0,0,0,0
25.81236,92.55156,West Karbi Anglong,1,495.4100036621094,28.38617515563965,-0.19500832259655,103.47729782859263,tree_cover,0,0,0,0,1,0
25.145861,93.024194,Dima Hasao,1,697.0169677734375,17.502656936645508,0.7150156497955322,689.9813026393372,tree_cover,0,0,0,0,1,0
26.083972,92.14525,Kamrup,1,75.8675765991211,23.201658248901367,-0.8650659322738647,40.58713544937278,tree_cover,0,0,0,0,1,0
26.339833,93.099972,Karbi Anglong,1,359.2689514160156,26.333486557006836,-0.29532095789909363,167.34504649901487,tree_cover,0,0,0,0,1,0
25.207389,93.122778,Dima Hasao,1,673.5020751953125,16.391874313354492,-0.08868595212697983,641.7389586088982,grassland,0,0,0,1,0,0
25.24,93.27,Dima Hasao,1,1093.97705078125,19.6585693359375,1.2564830780029297,401.7921418726376,tree_cover,0,0,0,0,1,0
26.3466,93.7356,Karbi Anglong,1,174.89532470703125,13.77814769744873,-1.0092917680740356,28.699438705188403,tree_cover,0,0,0,0,1,0
26.050286,91.880072,Kamrup,1,72.9942398071289,19.07551383972168,0.17961721122264862,57.398877410376805,tree_cover,0,0,0,0,1,0
25.443972,93.422778,Dima Hasao,1,407.7389831542969,27.305599212646484,-0.6239362359046936,181.511187753578,tree_cover,0,0,0,0,1,0
25.822458,92.546381,West Karbi Anglong,1,470.6055603027344,13.66366958618164,-0.20131444931030273,224.1497818459006,tree_cover,0,0,0,0,1,0
24.27,92.5,Hailakandi,1,41.61741256713867,13.102426528930664,1.4246736764907837,81.17427089874556,tree_cover,0,0,0,0,1,0
25.61092,93.09178,Dima Hasao,1,229.9598846435547,1.7261004447937012,0.4663422703742981,28.699438705188403,tree_cover,0,0,0,0,1,0
26.099975,91.876625,Kamrup,1,85.22563934326172,12.733489036560059,-0.6034097671508789,57.398877410376805,built_up,0,1,0,0,0,0
24.32,92.51,Hailakandi,1,75.45865631103516,7.4430084228515625,-1.370360255241394,477.65385543510894,tree_cover,0,0,0,0,1,0
25.443082,92.989873,Dima Hasao,1,296.5852966308594,26.3592472076416,0.0023194104433059692,316.99566148944325,tree_cover,0,0,0,0,1,0
25.193083,93.120417,Dima Hasao,1,648.4312133789062,17.72199821472168,1.0482845306396484,629.4278299682726,tree_cover,0,0,0,0,1,0
24.55,92.75,Hailakandi,1,43.778526306152344,6.788228511810303,-0.17100371420383453,103.47729782859263,tree_cover,0,0,0,0,1,0
25.369972,93.260306,Dima Hasao,1,351.2642517089844,32.73352813720703,-1.3681260347366333,103.47729782859263,grassland,0,0,0,1,0,0
25.81689,92.71744,West Karbi Anglong,1,203.7711944580078,22.809906005859375,-0.5590223670005798,143.497193525942,tree_cover,0,0,0,0,1,0
26.19081,91.84528,Kamrup (Metro),1,69.00544738769531,23.592910766601562,0.9266877770423889,181.511187753578,tree_cover,0,0,0,0,1,0
25.449056,93.370861,Dima Hasao,1,425.0731506347656,30.37535858154297,0.19401533901691437,605.4153227221999,tree_cover,0,0,0,0,1,0
26.58,94.35,Jorhat,1,216.76412963867188,25.393962860107422,-0.29773300886154175,118.33081717743153,tree_cover,0,0,0,0,1,0
26.3287,93.269194,Karbi Anglong,1,332.1922302246094,23.570493698120117,2.0096542835235596,154.55120729969443,tree_cover,0,0,0,0,1,0
25.72486,93.131083,Dima Hasao,1,151.66867065429688,26.12811851501465,-0.30782946944236755,86.09831611556521,tree_cover,0,0,0,0,1,0
26.314847,93.256125,Karbi Anglong,1,373.8218688964844,15.617212295532227,0.8308601975440979,286.994387051884,tree_cover,0,0,0,0,1,0
26.35622,93.77941,Karbi Anglong,1,188.51907348632812,21.598857879638672,-0.4842195212841034,28.699438705188403,tree_cover,0,0,0,0,1,0
26.6,94.35,Jorhat,1,181.07936096191406,8.847030639648438,-0.7581062912940979,114.79775482075361,tree_cover,0,0,0,0,1,0
25.86958,92.59411,West Karbi Anglong,1,456.9892272949219,25.451887130737305,1.5747610330581665,64.17389586088981,grassland,0,0,0,1,0,0
24.93,92.84,Cachar,1,46.84265899658203,6.482028961181641,-0.5267469882965088,374.19489966966046,tree_cover,0,0,0,0,1,0
25.290089,92.799175,Dima Hasao,1,1086.77490234375,14.506031036376953,0.027269745245575905,797.9269800429646,grassland,0,0,0,1,0,0
25.81542,92.5535,West Karbi Anglong,1,469.4379577636719,13.846633911132812,0.6372153759002686,229.59550964150722,tree_cover,0,0,0,0,1,0
26.121056,91.716389,Kamrup,1,62.045345306396484,10.009869575500488,-0.7881919741630554,591.6540858871576,tree_cover,0,0,0,0,1,0
25.216881,92.982245,Dima Hasao,1,663.5095825195312,7.8011651039123535,0.4183386266231537,385.0433751653389,cropland,0,0,1,0,0,0
26.483278,93.181306,Karbi Anglong,1,165.1222686767578,15.042802810668945,-0.8469701409339905,462.76454414544895,tree_cover,0,0,0,0,1,0
24.98,92.72,Cachar,1,31.60565757751465,5.507592678070068,-0.18891337513923645,90.755593876789,tree_cover,0,0,0,0,1,0
25.64897,93.12083,Dima Hasao,1,332.9299011230469,9.398399353027344,-0.6567710638046265,349.1437407930209,grassland,0,0,0,1,0,0
25.444028,93.4265,Dima Hasao,1,412.35137939453125,21.503948211669922,-0.841049313545227,359.6029362684348,tree_cover,0,0,0,0,1,0
25.11286,92.87756,Dima Hasao,1,210.80020141601562,14.800457954406738,-0.3784121572971344,310.4318934857779,tree_cover,0,0,0,0,1,0
26.10175,92.040222,Kamrup,1,83.95097351074219,29.161521911621094,0.1573123335838318,64.17389586088981,tree_cover,0,0,0,0,1,0
26.297778,93.211111,Karbi Anglong,1,138.94679260253906,29.97059440612793,-0.676085889339447,40.58713544937278,tree_cover,0,0,0,0,1,0
26.058972,93.406972,Karbi Anglong,1,314.96173095703125,17.15997886657715,-2.7846856117248535,434.3013148453115,tree_cover,0,0,0,0,1,0
25.123,93.034,Dima Hasao,1,737.3540649414062,38.31382369995117,2.278075933456421,121.76140634811831,tree_cover,0,0,0,0,1,0
25.189556,93.096417,Dima Hasao,1,532.820068359375,25.5821590423584,-0.6595869660377502,154.55120729969443,grassland,0,0,0,1,0,0
25.22,93.29,Dima Hasao,1,879.7840576171875,7.702505588531494,-0.526068925857544,28.699438705188403,cropland,0,0,1,0,0,0
25.12,93.02,Dima Hasao,1,746.4534912109375,22.908489227294922,-0.4808812141418457,488.7338301958759,tree_cover,0,0,0,0,1,0
24.97714,93.03344,Cachar,1,176.4843292236328,16.039432525634766,-0.26280105113983154,488.7338301958759,tree_cover,0,0,0,0,1,0
25.122,93.026,Dima Hasao,1,730.5616455078125,21.34326171875,0.4378720819950104,320.8694793044491,tree_cover,0,0,0,0,1,0
26.256139,91.711583,Kamrup,1,69.9044418334961,16.600343704223633,-1.1024035215377808,143.497193525942,tree_cover,0,0,0,0,1,0
26.92013,92.75994,Sonitpur,1,129.16346740722656,5.105864524841309,-0.5072950720787048,28.699438705188403,tree_cover,0,0,0,0,1,0
26.048611,92.432194,West Karbi Anglong,1,433.0895690917969,25.394916534423828,0.199039489030838,40.58713544937278,tree_cover,0,0,0,0,1,0
25.42,93.002,Dima Hasao,1,268.724365234375,1.6334707736968994,0.27515023946762085,398.7053447404777,tree_cover,0,0,0,0,1,0
26.077806,92.170389,Kamrup,1,76.62664794921875,17.608882904052734,1.2981195449829102,40.58713544937278,tree_cover,0,0,0,0,1,0
25.96272,93.46964,Karbi Anglong,1,152.01467895507812,12.205164909362793,-0.4851421117782593,128.34779172177963,tree_cover,0,0,0,0,1,0
25.046778,92.790111,Dima Hasao,1,108.58892822265625,34.9304084777832,1.3491594791412354,81.17427089874556,tree_cover,0,0,0,0,1,0
25.238045,92.801279,Dima Hasao,1,1273.50244140625,8.27318000793457,1.1048692464828491,632.0395749211754,grassland,0,0,0,1,0,0
26.60358,93.481,Karbi Anglong,1,101.49812316894531,27.77661895751953,-1.1498384475708008,327.2239472579484,grassland,0,0,0,1,0,0
26.57455,93.11244,Nagaon,1,109.96678924560547,30.61396598815918,0.6622490882873535,344.39326446226084,tree_cover,0,0,0,0,1,0
25.864186,92.571047,West Karbi Anglong,1,502.95770263671875,24.065250396728516,0.02485400065779686,591.6540858871576,tree_cover,0,0,0,0,1,0
25.123,93.033,Dima Hasao,1,658.7162475585938,39.47903060913086,1.8035379648208618,64.17389586088981,tree_cover,0,0,0,0,1,0
25.57994,92.72822,Dima Hasao,1,440.3450622558594,22.265884399414062,-1.028017520904541,513.3911668871185,tree_cover,0,0,0,0,1,0
25.122,93.025,Dima Hasao,1,689.4944458007812,23.60272216796875,-0.6906952261924744,224.1497818459006,tree_cover,0,0,0,0,1,0
25.408497,93.283436,Dima Hasao,1,277.9858093261719,25.47298240661621,0.15769025683403015,57.398877410376805,tree_cover,0,0,0,0,1,0
25.422535,92.989119,Dima Hasao,1,205.8118896484375,15.844189643859863,-0.358134001493454,344.39326446226084,tree_cover,0,0,0,0,1,0
26.57708,93.65836,Karbi Anglong,1,195.1194610595703,18.542755126953125,0.0732392743229866,64.17389586088981,tree_cover,0,0,0,0,1,0
24.62,92.83,Cachar,1,34.0479850769043,7.803740978240967,0.7402300238609314,154.55120729969443,cropland,0,0,1,0,0,0
25.812,92.55069,West Karbi Anglong,1,505.728759765625,28.898578643798828,0.5466546416282654,121.76140634811831,tree_cover,0,0,0,0,1,0
25.308028,93.471028,Dima Hasao,1,1592.5384521484375,31.272493362426758,-0.1329103708267212,320.8694793044491,tree_cover,0,0,0,0,1,0
25.137,93.04,Dima Hasao,1,638.09521484375,12.835115432739258,0.08363215625286102,426.6478288007844,tree_cover,0,0,0,0,1,0
25.142,93.04,Dima Hasao,1,665.321533203125,5.56083345413208,1.0991781949996948,315.69382575707243,tree_cover,0,0,0,0,1,0
25.84875,92.68328,West Karbi Anglong,1,473.9004211425781,29.3835506439209,0.6389345526695251,438.0779191015427,tree_cover,0,0,0,0,1,0
25.119,93.018,Dima Hasao,1,747.656005859375,17.768939971923828,-0.3581525385379791,417.87013506888434,tree_cover,0,0,0,0,1,0
26.116972,92.440083,Nagaon,1,167.88482666015625,15.684837341308594,-1.7893657684326172,114.79775482075361,tree_cover,0,0,0,0,1,0
24.63,92.74,Hailakandi,1,70.66336822509766,20.877315521240234,0.13749361038208008,900.7235509649856,tree_cover,0,0,0,0,1,0
26.097986,91.980589,Kamrup,1,73.81271362304688,27.39266586303711,-1.6116715669631958,345.58700552677846,grassland,0,0,0,1,0,0
26.1755,91.76175,Kamrup (Metro),1,59.4663200378418,8.562259674072266,-0.7185308933258057,568.2198962912189,tree_cover,0,0,0,0,1,0
24.64,92.98,Cachar,1,28.32863998413086,0.3098767399787903,-0.024854928255081177,81.17427089874556,tree_cover,0,0,0,0,1,0
26.298389,93.21625,Karbi Anglong,1,189.99130249023438,22.92870330810547,0.688490629196167,64.17389586088981,tree_cover,0,0,0,0,1,0
25.137,93.018,Dima Hasao,1,736.660400390625,12.706568717956543,1.0917234420776367,599.2618734317157,tree_cover,0,0,0,0,1,0
25.01,92.73,Cachar,1,86.93351745605469,30.027055740356445,-0.03407606482505798,57.398877410376805,tree_cover,0,0,0,0,1,0
26.38397328455594,90.59871882188442,Bongaigaon,0,50.05270767211914,1.111087441444397,0.2961805462837219,502.0351394970446,tree_cover,0,0,0,0,1,0
26.3759112455886,90.58500708807802,Bongaigaon,0,44.797183990478516,3.4840431213378906,0.04478944465517998,292.6779959738314,tree_cover,0,0,0,0,1,0
26.369227666943743,90.57932936823599,Bongaigaon,0,41.96898651123047,3.7634775638580322,-0.4214083254337311,174.57187039651046,tree_cover,0,0,0,0,1,0
24.954618758401402,92.74647905139123,Cachar,0,19.62777328491211,0.48168742656707764,-0.05446723848581314,81.17427089874556,cropland,0,0,1,0,0,0
24.936269117431664,93.05951823034474,Cachar,0,80.86754608154297,15.838667869567871,0.9721238017082214,519.7689414476977,tree_cover,0,0,0,0,1,0
24.976625413916242,93.03744064988803,Cachar,0,93.0174331665039,5.72467041015625,-1.4075615406036377,373.09270316744926,tree_cover,0,0,0,0,1,0
24.54276325733119,92.85111946143465,Cachar,0,56.224754333496094,12.696516036987305,0.7512972354888916,386.1114587016407,tree_cover,0,0,0,0,1,0
24.56608783665418,92.9297264999862,Cachar,0,46.922210693359375,6.715106010437012,0.4686329662799835,246.8819067235833,tree_cover,0,0,0,0,1,0
24.644848989769535,92.84347147706454,Cachar,0,24.629776000976562,3.49117112159729,-0.4708153009414673,382.8982700336085,tree_cover,0,0,0,0,1,0
24.967180372357138,93.02092111459795,Cachar,0,107.43762969970703,17.561410903930664,-0.7821507453918457,57.398877410376805,tree_cover,0,0,0,0,1,0
25.008912876990102,92.75349750530962,Cachar,0,133.8571319580078,21.322629928588867,-0.2544015347957611,365.284219044355,tree_cover,0,0,0,0,1,0
24.962445389097482,92.63910192240243,Cachar,0,19.372026443481445,0.20624054968357086,0.05880594626069069,28.699438705188403,cropland,0,0,1,0,0,0
24.559485504356076,92.95442835493249,Cachar,0,31.831262588500977,3.396091938018799,-0.02949652634561062,28.699438705188403,tree_cover,0,0,0,0,1,0
24.970845044806936,93.01684724497773,Cachar,0,102.19647979736328,10.08556842803955,-0.6522952318191528,57.398877410376805,tree_cover,0,0,0,0,1,0
24.940206247574125,92.66160143025999,Cachar,0,22.037050247192383,10.269350051879883,-0.3663172423839569,64.17389586088981,tree_cover,0,0,0,0,1,0
24.972281582028607,92.67497736522206,Cachar,0,25.12735939025879,7.0337066650390625,-0.2657957077026367,128.34779172177963,cropland,0,0,1,0,0,0
25.014471111334924,92.46570940624126,Cachar,0,22.16775131225586,5.586027145385742,0.08164713531732559,57.398877410376805,cropland,0,0,1,0,0,0
24.62698536297699,92.81307458649486,Cachar,0,36.929420471191406,5.568690299987793,1.0725624561309814,57.398877410376805,tree_cover,0,0,0,0,1,0
24.93764194305752,92.92241053270904,Cachar,0,25.84539222717285,6.789674282073975,-0.266854465007782,40.58713544937278,tree_cover,0,0,0,0,1,0
25.011865098995074,92.48552481255702,Cachar,0,83.51307678222656,28.375513076782227,-0.47769850492477417,349.1437407930209,tree_cover,0,0,0,0,1,0
24.92347165534665,93.05722652715602,Cachar,0,30.5,1.333817720413208,-0.16166308522224426,28.699438705188403,bare_sparse_vegetation,1,0,0,0,0,0
24.636738099717512,92.80862706794228,Cachar,0,46.62565612792969,10.957562446594238,1.0778690576553345,143.497193525942,tree_cover,0,0,0,0,1,0
25.0153186339339,92.74472739801301,Cachar,0,89.8512191772461,21.9427547454834,1.7029770612716675,162.34854179749112,tree_cover,0,0,0,0,1,0
24.926765297703646,92.81118966962542,Cachar,0,59.944915771484375,1.9494683742523193,0.05412266403436661,114.79775482075361,built_up,0,1,0,0,0,0
25.02318261087809,92.47496585704744,Cachar,0,72.86018371582031,15.29121208190918,-0.010937538929283619,81.17427089874556,tree_cover,0,0,0,0,1,0
24.966326164401163,92.60817983077847,Cachar,0,15.913832664489746,2.6136481761932373,-0.07405301183462143,81.17427089874556,water,0,0,0,0,0,1
25.00537924804251,93.16972867649959,Cachar,0,127.10861206054688,8.699274063110352,0.513465940952301,202.9356772468639,tree_cover,0,0,0,0,1,0
24.98256406238188,92.58215906736692,Cachar,0,35.25660705566406,7.55181884765625,0.8920180201530457,86.09831611556521,tree_cover,0,0,0,0,1,0
24.619957482575508,92.98540978142049,Cachar,0,50.36704635620117,21.018291473388672,0.24366499483585358,103.47729782859263,tree_cover,0,0,0,0,1,0
24.515469183605898,92.90260149068666,Cachar,0,75.30391693115234,10.61204719543457,0.6215556859970093,463.65362189908325,tree_cover,0,0,0,0,1,0
25.009994688246053,92.51134448860938,Cachar,0,30.012432098388672,2.071561098098755,-0.17452405393123627,206.95459565718525,tree_cover,0,0,0,0,1,0
24.912606148003164,92.85358393455422,Cachar,0,29.568588256835938,2.0430617332458496,0.1124117448925972,453.777969383945,built_up,0,1,0,0,0,0
24.96298891984925,92.65139166595263,Cachar,0,21.037479400634766,0.5578713417053223,-0.2568010687828064,0.0,cropland,0,0,1,0,0,0
24.967515810492657,92.77572480376288,Cachar,0,63.22642517089844,25.74184226989746,0.5126045346260071,426.6478288007844,tree_cover,0,0,0,0,1,0
24.966687616441565,92.95609618330857,Cachar,0,66.31380462646484,4.306727409362793,1.4803951978683472,345.58700552677846,tree_cover,0,0,0,0,1,0
25.004623835380574,92.74183662159803,Cachar,0,45.34654998779297,8.33349895477295,-0.27052438259124756,103.47729782859263,tree_cover,0,0,0,0,1,0
24.899619504609692,93.07838458911719,Cachar,0,32.16126251220703,0.1071523129940033,-0.03145190700888634,28.699438705188403,cropland,0,0,1,0,0,0
25.0284889279131,92.76836053004175,Cachar,0,48.217071533203125,16.266050338745117,-0.6599482297897339,40.58713544937278,tree_cover,0,0,0,0,1,0
24.992322543420485,92.46745925675907,Cachar,0,58.598758697509766,9.948633193969727,1.5296483039855957,516.5898966933912,tree_cover,0,0,0,0,1,0
24.61661308848085,92.84055024684942,Cachar,0,26.46337890625,3.024789333343506,0.011173278093338013,272.266781630367,cropland,0,0,1,0,0,0
24.644091659601926,92.98576025430113,Cachar,0,72.21881866455078,10.990272521972656,0.03414275869727135,292.6779959738314,tree_cover,0,0,0,0,1,0
24.802392032599094,93.03431090636848,Cachar,0,60.14927673339844,2.492115020751953,0.6017470955848694,292.6779959738314,tree_cover,0,0,0,0,1,0
24.732319663057257,92.89289150167546,Cachar,0,28.650386810302734,4.07088041305542,-0.2013922482728958,167.34504649901487,tree_cover,0,0,0,0,1,0
24.94640649805917,92.93654358497578,Cachar,0,44.81079864501953,3.1957874298095703,-0.0360814668238163,536.1497607157074,tree_cover,0,0,0,0,1,0
24.995321111815656,92.42373446104814,Cachar,0,13.880422592163086,3.5427441596984863,-0.3001154065132141,365.284219044355,cropland,0,0,1,0,0,0
24.930765024045222,92.71820165255318,Cachar,0,19.520124435424805,5.527647495269775,-0.6813448667526245,581.1193428350799,cropland,0,0,1,0,0,0
24.65479591095945,92.95532067519096,Cachar,0,24.531869888305664,4.027481555938721,-0.32150742411613464,431.44716794804407,cropland,0,0,1,0,0,0
24.968056920353945,92.65569096343302,Cachar,0,28.31292152404785,4.885645866394043,-0.9091347455978394,154.55120729969443,tree_cover,0,0,0,0,1,0
24.982674046270116,92.41542343857681,Cachar,0,14.145465850830078,0.3860812485218048,-0.018544631078839302,28.699438705188403,cropland,0,0,1,0,0,0
24.638363815901915,92.96101876877273,Cachar,0,32.690555572509766,3.1971840858459473,0.5044319033622742,507.7449022528607,tree_cover,0,0,0,0,1,0
25.002139565353087,93.03053156767001,Cachar,0,271.0921325683594,11.42334270477295,1.5845574140548706,264.5957510418367,tree_cover,0,0,0,0,1,0
24.603523883584234,92.81276034548844,Cachar,0,65.65504455566406,20.41179656982422,0.237178236246109,146.3389979869157,tree_cover,0,0,0,0,1,0
24.905980091243414,93.08552846401159,Cachar,0,30.660730361938477,1.5427850484848022,-0.6592168807983398,243.52281269623663,cropland,0,0,1,0,0,0
25.24167758831811,93.01346595139492,Dima Hasao,0,353.57061767578125,2.630403995513916,-0.5064391493797302,103.47729782859263,tree_cover,0,0,0,0,1,0
25.199498728671006,93.0251325002507,Dima Hasao,0,337.5563049316406,15.411937713623047,-1.0297144651412964,28.699438705188403,tree_cover,0,0,0,0,1,0
25.510099837324134,92.77503701784937,Dima Hasao,0,457.2606201171875,9.22958755493164,0.24722839891910553,493.7638134471666,grassland,0,0,0,1,0,0
25.38229540656751,93.11609523733541,Dima Hasao,0,223.99176025390625,0.5121505856513977,-0.04402433708310127,81.17427089874556,tree_cover,0,0,0,0,1,0
25.195246110105145,93.07280915000173,Dima Hasao,0,527.87548828125,20.204816818237305,-0.025758052244782448,310.4318934857779,tree_cover,0,0,0,0,1,0
25.304526590384434,92.80670906141927,Dima Hasao,0,1002.9368896484375,6.380252838134766,-0.6110201478004456,566.0414094350563,tree_cover,0,0,0,0,1,0
25.401733833835934,92.99464894242065,Dima Hasao,0,360.73974609375,12.072924613952637,0.9167821407318115,299.63093671585784,tree_cover,0,0,0,0,1,0
25.194800062790822,93.32129586863542,Dima Hasao,0,1398.2548828125,19.49185562133789,0.4027622640132904,626.8052026033265,tree_cover,0,0,0,0,1,0
25.639921608342355,93.11283097079139,Dima Hasao,0,242.91201782226562,0.5912877917289734,-0.6179413199424744,146.3389979869157,tree_cover,0,0,0,0,1,0
25.389122503707227,93.12233177311626,Dima Hasao,0,276.49786376953125,17.461477279663086,-1.941294550895691,310.4318934857779,built_up,0,1,0,0,0,0
25.532687200532784,92.79114923622096,Dima Hasao,0,362.3632507324219,15.296772956848145,-1.0367987155914307,28.699438705188403,tree_cover,0,0,0,0,1,0
25.144441825064504,93.01813557084105,Dima Hasao,0,601.12255859375,21.269596099853516,1.4155665636062622,426.6478288007844,tree_cover,0,0,0,0,1,0
25.163450851469914,93.07306579574586,Dima Hasao,0,566.5156860351562,13.35866928100586,0.6805431842803955,373.09270316744926,tree_cover,0,0,0,0,1,0
25.24269134157246,93.3345183102984,Dima Hasao,0,1484.90625,6.88994026184082,0.12108359485864639,57.398877410376805,tree_cover,0,0,0,0,1,0
25.105015686549404,92.86662924999064,Dima Hasao,0,218.16217041015625,17.39008331298828,0.628163754940033,86.09831611556521,tree_cover,0,0,0,0,1,0
25.00983937708403,93.06454419880761,Dima Hasao,0,190.47349548339844,24.28347396850586,-0.5071283578872681,181.511187753578,tree_cover,0,0,0,0,1,0
25.06276788933451,92.80004904986528,Dima Hasao,0,197.6642608642578,38.876922607421875,1.5561946630477905,183.76607157391027,tree_cover,0,0,0,0,1,0
25.19069720320869,93.20460247840062,Dima Hasao,0,921.55419921875,9.420762062072754,0.2713932394981384,335.9183176503221,tree_cover,0,0,0,0,1,0
25.1353916192711,92.97171726341486,Dima Hasao,0,846.2047119140625,25.965335845947266,-0.4727299213409424,548.3020065870597,tree_cover,0,0,0,0,1,0
25.21723927900505,93.29010314018696,Dima Hasao,0,966.9292602539062,29.595983505249023,-0.09369528293609619,146.3389979869157,tree_cover,0,0,0,0,1,0
25.19221354859513,93.23292203673736,Dima Hasao,0,1106.8199462890625,19.509662628173828,-2.1964592933654785,0.0,tree_cover,0,0,0,0,1,0
25.308140146556244,92.79991605896271,Dima Hasao,0,1047.6053466796875,7.238856315612793,0.2901560068130493,557.2423026039127,tree_cover,0,0,0,0,1,0
25.253467901583363,92.80722088941182,Dima Hasao,0,1155.4693603515625,32.20069885253906,-0.4717962145805359,635.289157137523,tree_cover,0,0,0,0,1,0
25.126073084411715,93.00978174390609,Dima Hasao,0,501.1636657714844,23.961769104003906,0.7891108393669128,121.76140634811831,tree_cover,0,0,0,0,1,0
25.208567684363985,93.03668199793078,Dima Hasao,0,672.8323364257812,14.626214027404785,0.7393212914466858,574.7058122023296,tree_cover,0,0,0,0,1,0
25.245771234055212,93.28158733849297,Dima Hasao,0,1111.6021728515625,11.631406784057617,0.29884082078933716,603.3711458471037,tree_cover,0,0,0,0,1,0
25.370821792437425,93.40368433431905,Dima Hasao,0,635.7837524414062,10.592619895935059,-0.23100733757019043,315.69382575707243,tree_cover,0,0,0,0,1,0
25.537818081450435,92.77270326976132,Dima Hasao,0,534.9750366210938,9.771479606628418,-0.011856410652399063,315.69382575707243,tree_cover,0,0,0,0,1,0
25.30371918593245,92.8140121596548,Dima Hasao,0,867.9430541992188,25.713590621948242,-0.6654707193374634,28.699438705188403,tree_cover,0,0,0,0,1,0
25.240693726992816,93.35824021566674,Dima Hasao,0,1139.9681396484375,14.855801582336426,0.2852652370929718,618.2048291987777,tree_cover,0,0,0,0,1,0
25.204746250431565,93.30118857776263,Dima Hasao,0,909.9598999023438,18.471010208129883,1.2281759977340698,344.39326446226084,tree_cover,0,0,0,0,1,0
25.216881833782786,92.99196347015688,Dima Hasao,0,620.0353393554688,22.49557876586914,1.0058681964874268,493.7638134471666,grassland,0,0,0,1,0,0
25.315999094893918,92.80622205651892,Dima Hasao,0,1048.828857421875,4.1336894035339355,0.07757056504487991,602.6882128089565,tree_cover,0,0,0,0,1,0
25.440712030323706,93.4007057024793,Dima Hasao,0,373.306884765625,3.55303955078125,-0.7137707471847534,183.76607157391027,tree_cover,0,0,0,0,1,0
25.201037719515835,93.28701978997884,Dima Hasao,0,916.1082153320312,26.28565788269043,0.21132570505142212,81.17427089874556,grassland,0,0,0,1,0,0
25.1403659154458,93.3055176336215,Dima Hasao,0,1229.7108154296875,23.269277572631836,0.41144710779190063,453.777969383945,tree_cover,0,0,0,0,1,0
25.511777305662847,92.7485469715466,Dima Hasao,0,598.5759887695312,3.8291008472442627,0.021326718851923943,315.69382575707243,tree_cover,0,0,0,0,1,0
25.201748424245658,93.07898660658206,Dima Hasao,0,523.4896240234375,33.3272819519043,-0.4559975564479828,390.3545691658806,tree_cover,0,0,0,0,1,0
25.214913233977054,93.30277631534805,Dima Hasao,0,1235.003662109375,45.9373893737793,1.1117459535598755,501.21414934918204,tree_cover,0,0,0,0,1,0
25.261177562282388,93.1192376390394,Dima Hasao,0,384.31231689453125,29.643287658691406,0.3392934203147888,162.34854179749112,tree_cover,0,0,0,0,1,0
25.444308980779585,93.01883606732507,Dima Hasao,0,140.42115783691406,31.61519432067871,-1.7916629314422607,28.699438705188403,tree_cover,0,0,0,0,1,0
25.082618452949244,92.95664051568352,Dima Hasao,0,874.8080444335938,26.677570343017578,-0.1186678484082222,272.266781630367,tree_cover,0,0,0,0,1,0
25.438431351590093,93.39349358173726,Dima Hasao,0,385.8953857421875,5.3238205909729,0.5384144186973572,349.1437407930209,tree_cover,0,0,0,0,1,0
25.125643537404915,93.02473907025337,Dima Hasao,0,611.286865234375,16.375749588012695,-0.816210150718689,202.9356772468639,tree_cover,0,0,0,0,1,0
25.1701866659109,93.1528219908392,Dima Hasao,0,940.7864379882812,21.578689575195312,1.0357760190963745,709.9849030645892,tree_cover,0,0,0,0,1,0
25.23392528143333,93.14201149308491,Dima Hasao,0,656.1904907226562,29.26479148864746,0.5293294787406921,527.6327608418461,tree_cover,0,0,0,0,1,0
25.135618989607227,92.996114064675,Dima Hasao,0,754.4097290039062,20.545310974121094,0.4889732003211975,488.7338301958759,tree_cover,0,0,0,0,1,0
25.43047442609388,93.47346676648104,Dima Hasao,0,512.2772827148438,0.6523067951202393,-0.20781323313713074,0.0,cropland,0,0,1,0,0,0
25.190236166188996,93.08354094179954,Dima Hasao,0,598.1309814453125,4.338081359863281,0.3200341761112213,405.8713544937278,tree_cover,0,0,0,0,1,0
25.436707542082665,92.99362527685327,Dima Hasao,0,219.03211975097656,25.57709503173828,0.2913268208503723,143.497193525942,tree_cover,0,0,0,0,1,0
25.150546154230152,93.03194007875804,Dima Hasao,0,499.5234069824219,29.72568130493164,0.8714906573295593,192.52168758266944,tree_cover,0,0,0,0,1,0
25.435983788550324,92.92464941393175,Dima Hasao,0,522.9503784179688,16.646230697631836,-1.7124955654144287,350.32129469522266,grassland,0,0,0,1,0,0
25.128374828432243,92.99906729672759,Dima Hasao,0,612.4110107421875,25.254945755004883,0.5653729438781738,672.4493455377018,tree_cover,0,0,0,0,1,0
25.160622831149393,93.11607639663085,Dima Hasao,0,766.103271484375,7.673826694488525,0.18584923446178436,229.59550964150722,tree_cover,0,0,0,0,1,0
25.24044910941254,92.80828307505799,Dima Hasao,0,1209.944091796875,17.719585418701172,-1.006016492843628,259.88447072384884,tree_cover,0,0,0,0,1,0
25.448950061770812,93.34744533134229,Dima Hasao,0,328.54986572265625,23.403759002685547,-1.6264253854751587,57.398877410376805,tree_cover,0,0,0,0,1,0
25.158961879971404,93.15241712497306,Dima Hasao,0,1395.0755615234375,11.176121711730957,1.0741314888000488,705.912854469788,tree_cover,0,0,0,0,1,0
25.105268653887894,92.84847179253532,Dima Hasao,0,192.79718017578125,12.622804641723633,0.4932452142238617,231.38227207272448,tree_cover,0,0,0,0,1,0
25.43077622711588,93.47861567901393,Dima Hasao,0,532.8908081054688,3.26619291305542,0.6625214219093323,103.47729782859263,cropland,0,0,1,0,0,0
25.37099881104677,92.98687449008398,Dima Hasao,0,474.4988708496094,8.932122230529785,0.42005041241645813,660.0870902193333,tree_cover,0,0,0,0,1,0
25.003023725461,92.74738341625678,Dima Hasao,0,100.48248291015625,9.29499626159668,-1.565909504890442,327.2239472579484,tree_cover,0,0,0,0,1,0
25.37819071809254,93.12834064882945,Dima Hasao,0,307.8445739746094,5.654014587402344,-0.9706621170043945,236.66163435486305,tree_cover,0,0,0,0,1,0
25.107419242927538,92.84729574487528,Dima Hasao,0,155.97451782226562,13.509511947631836,-0.10662247985601425,286.994387051884,grassland,0,0,0,1,0,0
25.411937158198757,92.80118932063148,Dima Hasao,0,941.104248046875,3.176593780517578,0.014079487882554531,264.5957510418367,tree_cover,0,0,0,0,1,0
25.32862908006899,93.3520155941481,Dima Hasao,0,672.2396240234375,13.163623809814453,-0.6000529527664185,181.511187753578,tree_cover,0,0,0,0,1,0
25.628534152268237,93.07231737963284,Dima Hasao,0,257.882568359375,2.8285629749298096,-0.2833089232444763,243.52281269623663,tree_cover,0,0,0,0,1,0
25.199625715822165,93.07987716247405,Dima Hasao,0,597.45361328125,26.278005599975586,-0.5314043164253235,327.2239472579484,tree_cover,0,0,0,0,1,0
25.176267538638527,93.14014617484558,Dima Hasao,0,743.3510131835938,7.0966901779174805,0.2692146301269531,167.34504649901487,tree_cover,0,0,0,0,1,0
25.11942890377996,92.86343325176783,Dima Hasao,0,144.208740234375,0.6289692521095276,0.032883014529943466,103.47729782859263,grassland,0,0,0,1,0,0
25.42341028945966,92.76723460825356,Dima Hasao,0,935.3612060546875,6.694665431976318,0.4359898567199707,552.0447258486946,tree_cover,0,0,0,0,1,0
25.114436819547926,92.994895076591,Dima Hasao,0,486.3869934082031,12.383219718933105,1.2349119186401367,206.95459565718525,grassland,0,0,0,1,0,0
25.518511800802116,92.77410479159325,Dima Hasao,0,472.03851318359375,24.729745864868164,0.4701882004737854,327.2239472579484,grassland,0,0,0,1,0,0
25.222782526269704,93.3364147866614,Dima Hasao,0,1152.288330078125,15.78968620300293,-0.6601649522781372,162.34854179749112,tree_cover,0,0,0,0,1,0
25.471367193445168,93.37928057173336,Dima Hasao,0,412.2496643066406,16.611312866210938,0.6151328086853027,64.17389586088981,tree_cover,0,0,0,0,1,0
25.168332596583006,93.01383740092854,Dima Hasao,0,678.0821533203125,8.423102378845215,0.10820456594228745,363.022375507156,built_up,0,1,0,0,0,0
25.107032414866865,93.2882451427204,Dima Hasao,0,948.6775512695312,15.375619888305664,-1.9510761499404907,28.699438705188403,tree_cover,0,0,0,0,1,0
25.653636683126358,93.1172270574625,Dima Hasao,0,354.26934814453125,19.189083099365234,0.38691914081573486,574.7058122023296,tree_cover,0,0,0,0,1,0
25.02087221079683,92.7718272278685,Dima Hasao,0,137.7525634765625,23.680830001831055,0.6238880157470703,143.497193525942,tree_cover,0,0,0,0,1,0
25.149202240857136,93.00393078073284,Dima Hasao,0,598.940673828125,11.894295692443848,-0.4589616656303406,264.5957510418367,tree_cover,0,0,0,0,1,0
25.433268009975638,93.01494289945276,Dima Hasao,0,233.46018981933594,4.130387783050537,0.2558946907520294,334.69009299802974,grassland,0,0,0,1,0,0
25.272431295921407,93.39333026535863,Dima Hasao,0,1134.0274658203125,31.16864585876465,1.7041515111923218,508.55534954000825,tree_cover,0,0,0,0,1,0
25.332190173240907,93.46752723122134,Dima Hasao,0,1327.555908203125,20.95839500427246,0.36980146169662476,192.52168758266944,tree_cover,0,0,0,0,1,0
25.409346184560256,92.85790098546651,Dima Hasao,0,731.657470703125,16.27191925048828,0.04775169491767883,698.8770025703877,tree_cover,0,0,0,0,1,0
25.4592432154343,92.97716356324304,Dima Hasao,0,151.24327087402344,9.735738754272461,-1.5871028900146484,0.0,tree_cover,0,0,0,0,1,0
24.9979244801517,93.16249033704871,Dima Hasao,0,170.97116088867188,9.700117111206055,-2.3514597415924072,462.76454414544895,tree_cover,0,0,0,0,1,0
25.27159532551121,93.38511912311505,Dima Hasao,0,947.2005004882812,22.749401092529297,-1.2943347692489624,299.63093671585784,grassland,0,0,0,1,0,0
25.168177093884132,93.12123540799173,Dima Hasao,0,621.5930786132812,6.589494228363037,0.07896369695663452,28.699438705188403,tree_cover,0,0,0,0,1,0
25.097853313792008,92.87062449877816,Dima Hasao,0,299.65216064453125,17.30678367614746,-0.027106719091534615,40.58713544937278,tree_cover,0,0,0,0,1,0
25.238810282539657,93.28609569270962,Dima Hasao,0,972.0735473632812,17.689350128173828,0.6046621203422546,231.38227207272448,tree_cover,0,0,0,0,1,0
24.98834097807431,93.15424143605975,Dima Hasao,0,122.06161499023438,20.86134147644043,-1.722953200340271,446.4584899431005,tree_cover,0,0,0,0,1,0
25.655070601441977,93.12020181821241,Dima Hasao,0,355.9848327636719,10.885053634643555,0.2575434744358063,799.4738512462206,tree_cover,0,0,0,0,1,0
25.414044589400163,93.13648777222195,Dima Hasao,0,256.36309814453125,10.898998260498047,-0.3408421576023102,162.34854179749112,tree_cover,0,0,0,0,1,0
25.438109073310724,92.96194630445217,Dima Hasao,0,301.6219177246094,18.626964569091797,-1.0364651679992676,286.994387051884,tree_cover,0,0,0,0,1,0
25.43488965318636,92.8790927791939,Dima Hasao,0,455.34967041015625,34.62882614135742,-0.0979635939002037,305.07921817979326,tree_cover,0,0,0,0,1,0
25.22152713221834,93.34179479425998,Dima Hasao,0,1156.9813232421875,24.476041793823242,-0.9487796425819397,346.77663729115096,tree_cover,0,0,0,0,1,0
25.557850380684553,92.71001754409043,Dima Hasao,0,679.4522094726562,9.666500091552734,-0.2632419466972351,717.4859676297101,tree_cover,0,0,0,0,1,0
25.440517700998242,93.3598695439849,Dima Hasao,0,356.091064453125,5.289976119995117,-0.024476077407598495,309.10241459938885,cropland,0,0,1,0,0,0
25.324870674323055,93.47690843044613,Dima Hasao,0,1300.9129638671875,23.169090270996094,-0.17962461709976196,243.52281269623663,tree_cover,0,0,0,0,1,0
25.328854260989054,93.47632579427437,Dima Hasao,0,1200.016357421875,29.32553482055664,0.7955651879310608,64.17389586088981,tree_cover,0,0,0,0,1,0
25.40132079696201,93.28620225846385,Dima Hasao,0,267.919189453125,3.0335254669189453,-0.20919154584407806,64.17389586088981,cropland,0,0,1,0,0,0
25.177822280480086,93.38105430157246,Dima Hasao,0,1116.9793701171875,17.117706298828125,0.8807238340377808,363.022375507156,tree_cover,0,0,0,0,1,0
25.110506244476476,92.89053129336794,Dima Hasao,0,246.56895446777344,10.861814498901367,0.4939047396183014,272.266781630367,grassland,0,0,0,1,0,0
25.20344789303132,93.13179237042674,Dima Hasao,0,687.1325073242188,10.270432472229004,0.32997873425483704,519.7689414476977,grassland,0,0,0,1,0,0
25.31886056374225,92.79950763701798,Dima Hasao,0,1069.81787109375,19.870452880859375,1.5786811113357544,128.34779172177963,tree_cover,0,0,0,0,1,0
25.26541435474801,92.81061607889062,Dima Hasao,0,1132.5767822265625,10.428420066833496,1.1005712747573853,546.0440614835194,grassland,0,0,0,1,0,0
25.63522969309601,93.10440913575252,Dima Hasao,0,249.9789581298828,13.278769493103027,-0.663358747959137,143.497193525942,tree_cover,0,0,0,0,1,0
25.457658192478153,93.3918874555363,Dima Hasao,0,367.0861511230469,9.114092826843262,0.4406731426715851,81.17427089874556,tree_cover,0,0,0,0,1,0
25.219414653212016,92.81127266136178,Dima Hasao,0,1155.4278564453125,12.693807601928711,-0.539199948310852,508.55534954000825,tree_cover,0,0,0,0,1,0
25.268355012802743,93.14254344044473,Dima Hasao,0,366.780029296875,14.013374328613281,-1.5743165016174316,0.0,tree_cover,0,0,0,0,1,0
25.4953904241725,92.77117383277611,Dima Hasao,0,505.2239074707031,11.07908821105957,-0.18221820890903473,655.0768690911649,tree_cover,0,0,0,0,1,0
25.246399085116796,92.81375547336305,Dima Hasao,0,1107.008056640625,11.680667877197266,-0.05308707803487778,192.52168758266944,tree_cover,0,0,0,0,1,0
25.13943923822508,92.98143477485853,Dima Hasao,0,737.9657592773438,10.251181602478027,0.15852020680904388,167.34504649901487,tree_cover,0,0,0,0,1,0
25.141298446510074,92.98175801412883,Dima Hasao,0,740.1644287109375,6.694674491882324,-1.939382791519165,0.0,tree_cover,0,0,0,0,1,0
25.437132837313953,93.34171945590354,Dima Hasao,0,406.2530212402344,15.43062973022461,0.49027740955352783,374.19489966966046,grassland,0,0,0,1,0,0
25.28503737044085,93.14095533058722,Dima Hasao,0,417.2945556640625,3.0828797817230225,1.5873807668685913,405.8713544937278,tree_cover,0,0,0,0,1,0
25.089784355539113,93.25573273783077,Dima Hasao,0,1115.352783203125,22.071521759033203,-0.46133294701576233,202.9356772468639,tree_cover,0,0,0,0,1,0
25.382346097945412,92.96842326806801,Dima Hasao,0,453.0141296386719,12.297886848449707,-0.08133497834205627,599.2618734317157,tree_cover,0,0,0,0,1,0
25.08683517437139,92.80896995216254,Dima Hasao,0,103.93201446533203,12.200218200683594,-0.6154940724372864,146.3389979869157,tree_cover,0,0,0,0,1,0
24.990206695791116,93.03465726590788,Dima Hasao,0,170.3601837158203,10.309974670410156,0.02889629639685154,202.9356772468639,tree_cover,0,0,0,0,1,0
25.24162006555293,92.97976412459303,Dima Hasao,0,472.0914611816406,14.509422302246094,0.8297412395477295,162.34854179749112,tree_cover,0,0,0,0,1,0
25.01227554727114,92.73454290282268,Dima Hasao,0,87.05226135253906,25.66160011291504,0.6580715775489807,114.79775482075361,tree_cover,0,0,0,0,1,0
25.1727389962084,93.17830510477371,Dima Hasao,0,1028.7564697265625,41.95668029785156,0.2503184676170349,588.8632491665588,tree_cover,0,0,0,0,1,0
25.373607042644856,93.26564230677322,Dima Hasao,0,373.820556640625,8.176769256591797,1.067136287689209,146.3389979869157,tree_cover,0,0,0,0,1,0
25.400593407755405,93.37784525128303,Dima Hasao,0,444.2915954589844,11.44348430633545,1.9859635829925537,57.398877410376805,tree_cover,0,0,0,0,1,0
25.18397560657133,93.11490799575196,Dima Hasao,0,583.6235961914062,16.609994888305664,0.27859601378440857,208.93506753444217,tree_cover,0,0,0,0,1,0
25.495821507845193,92.77876115368969,Dima Hasao,0,529.9318237304688,9.595159530639648,-0.38684505224227905,780.7091383317612,tree_cover,0,0,0,0,1,0
25.431966494385506,92.98261156398158,Dima Hasao,0,214.71279907226562,16.253002166748047,0.6036691665649414,40.58713544937278,tree_cover,0,0,0,0,1,0
25.196363706609368,93.24133744298703,Dima Hasao,0,1256.0684814453125,11.965994834899902,-0.8870670199394226,557.2423026039127,grassland,0,0,0,1,0,0
25.282609024107405,93.16681769128832,Dima Hasao,0,359.49383544921875,31.652149200439453,0.4161822497844696,81.17427089874556,tree_cover,0,0,0,0,1,0
25.114309260906072,92.96175851092607,Dima Hasao,0,312.4123840332031,17.255897521972656,0.21949180960655212,172.19663223113042,tree_cover,0,0,0,0,1,0
25.264142482773067,93.38409312596794,Dima Hasao,0,964.0059204101562,28.09358024597168,2.1488113403320312,172.19663223113042,tree_cover,0,0,0,0,1,0
25.4112785700332,93.29212450234449,Dima Hasao,0,326.8614501953125,12.95709228515625,0.5698783993721008,407.89566308378295,tree_cover,0,0,0,0,1,0
25.22764294232397,93.11708361977648,Dima Hasao,0,595.528564453125,11.834602355957031,1.0299367904663086,426.6478288007844,grassland,0,0,0,1,0,0
25.595510689136777,92.73893279656714,Dima Hasao,0,286.3253173828125,6.860057830810547,-0.09164264798164368,309.10241459938885,tree_cover,0,0,0,0,1,0
25.373370976708234,93.12144335352663,Dima Hasao,0,221.8538818359375,8.49026870727539,0.8899088501930237,0.0,tree_cover,0,0,0,0,1,0
25.275014374256887,93.14812934437258,Dima Hasao,0,425.59649658203125,30.585811614990234,-0.6278265714645386,475.06024067063885,tree_cover,0,0,0,0,1,0
25.206798600701383,93.33392577023493,Dima Hasao,0,1511.270751953125,34.5412483215332,-0.29807016253471375,754.9643601780573,tree_cover,0,0,0,0,1,0
25.19519233894816,93.24008922676433,Dima Hasao,0,1253.8851318359375,25.03816032409668,-0.10987928509712219,487.89045798820285,tree_cover,0,0,0,0,1,0
25.379929554698254,93.29663108848762,Dima Hasao,0,288.10601806640625,3.8369839191436768,-0.20361903309822083,28.699438705188403,cropland,0,0,1,0,0,0
25.060887522971722,92.80013748672884,Dima Hasao,0,106.74969482421875,42.45507049560547,0.012376980856060982,64.17389586088981,tree_cover,0,0,0,0,1,0
25.126085073227088,93.01137330183613,Dima Hasao,0,514.6519775390625,21.146127700805664,1.3009002208709717,103.47729782859263,tree_cover,0,0,0,0,1,0
25.13559996580676,93.15484897245238,Dima Hasao,0,1334.576416015625,16.07834243774414,1.347273588180542,557.2423026039127,grassland,0,0,0,1,0,0
25.09700902739451,93.30336951455254,Dima Hasao,0,903.3017578125,28.085113525390625,0.8654735088348389,507.7449022528607,tree_cover,0,0,0,0,1,0
25.275635581869572,93.37000704733738,Dima Hasao,0,1565.4580078125,34.41130828857422,1.013041377067566,529.1915020836734,tree_cover,0,0,0,0,1,0
25.24151606227468,93.40874354374434,Dima Hasao,0,1428.0177001953125,27.430086135864258,-0.1858195960521698,672.4493455377018,tree_cover,0,0,0,0,1,0
25.632764797680167,93.08248741246227,Dima Hasao,0,267.4330139160156,21.109338760375977,-0.6906877756118774,517.3864891429631,tree_cover,0,0,0,0,1,0
25.66479125001859,93.11411767862337,Dima Hasao,0,298.1218566894531,16.734230041503906,0.20029182732105255,667.5319168834856,tree_cover,0,0,0,0,1,0
25.434472831608748,93.340749826806,Dima Hasao,0,403.3809509277344,10.74336051940918,0.8191223740577698,650.6612789649721,tree_cover,0,0,0,0,1,0
25.43438465304202,92.93125675875478,Dima Hasao,0,485.7515869140625,13.901549339294434,-0.4581613540649414,616.2030813771636,tree_cover,0,0,0,0,1,0
25.530415319001555,92.76522060868434,Dima Hasao,0,588.3176879882812,3.78680157661438,0.3723357617855072,557.2423026039127,tree_cover,0,0,0,0,1,0
25.381132861646094,93.09933616970255,Dima Hasao,0,372.6455993652344,21.722814559936523,0.5901973247528076,270.7499632453624,tree_cover,0,0,0,0,1,0
25.404699899094574,92.82423082995467,Dima Hasao,0,901.1447143554688,18.174713134765625,-0.7043597102165222,502.0351394970446,tree_cover,0,0,0,0,1,0
25.105478971456723,92.89243513604349,Dima Hasao,0,294.0665283203125,15.381436347961426,-0.07494733482599258,286.994387051884,tree_cover,0,0,0,0,1,0
25.095540666790743,92.81934031339465,Dima Hasao,0,104.8323745727539,0.7865583896636963,0.058815207332372665,167.34504649901487,grassland,0,0,0,1,0,0
25.373360470540863,93.30647321899043,Dima Hasao,0,308.5015563964844,1.291583776473999,-0.17000611126422882,28.699438705188403,cropland,0,0,1,0,0,0
25.161474442733372,93.30477348337548,Dima Hasao,0,1297.37109375,30.057964324951172,0.5197850465774536,373.09270316744926,tree_cover,0,0,0,0,1,0
25.013823090900928,92.76465272152336,Dima Hasao,0,156.6827850341797,35.93476867675781,0.31970441341400146,172.19663223113042,tree_cover,0,0,0,0,1,0
25.299307108000868,93.30060334478864,Dima Hasao,0,496.990234375,2.4389851093292236,-0.16323313117027283,0.0,cropland,0,0,1,0,0,0
25.362050406705855,93.10845709456451,Dima Hasao,0,330.5270080566406,25.845117568969727,-0.7392027378082275,286.994387051884,tree_cover,0,0,0,0,1,0
25.360517391717107,93.25793311236193,Dima Hasao,0,379.75048828125,27.863994598388672,-1.305153727531433,114.79775482075361,tree_cover,0,0,0,0,1,0
25.330600399028068,92.81933215860714,Dima Hasao,0,1018.5473022460938,22.779787063598633,0.7535193562507629,462.76454414544895,tree_cover,0,0,0,0,1,0
25.563090966193712,92.70769994394357,Dima Hasao,0,662.1070556640625,6.914191722869873,-0.42223644256591797,270.7499632453624,tree_cover,0,0,0,0,1,0
25.209478376162657,93.33807376834379,Dima Hasao,0,1254.3052978515625,24.261932373046875,0.04784061759710312,373.09270316744926,grassland,0,0,0,1,0,0
25.23632299690145,93.02888933147273,Dima Hasao,0,428.78289794921875,10.76611328125,0.15534862875938416,345.58700552677846,tree_cover,0,0,0,0,1,0
25.125278388367313,93.37995849604859,Dima Hasao,0,1033.5870361328125,27.82459259033203,0.8360844254493713,398.7053447404777,tree_cover,0,0,0,0,1,0
25.01293775472456,92.73558849846351,Dima Hasao,0,71.63890838623047,8.91935920715332,-1.8507264852523804,174.57187039651046,tree_cover,0,0,0,0,1,0
25.354987721100656,93.23988418552977,Dima Hasao,0,518.4611206054688,14.169447898864746,0.5732426643371582,431.44716794804407,tree_cover,0,0,0,0,1,0
25.44329344564833,92.89722562028608,Dima Hasao,0,640.2378540039062,18.488037109375,0.9800360798835754,901.180655054782,tree_cover,0,0,0,0,1,0
25.22764725844172,93.35048010098645,Dima Hasao,0,922.451171875,23.232746124267578,-0.5447872281074524,143.497193525942,tree_cover,0,0,0,0,1,0
25.153437412006927,93.10280876073698,Dima Hasao,0,788.841064453125,23.031835556030273,0.8088887929916382,243.52281269623663,tree_cover,0,0,0,0,1,0
25.191409699192292,93.09558546011829,Dima Hasao,0,604.314453125,22.667245864868164,-0.29292744398117065,373.09270316744926,tree_cover,0,0,0,0,1,0
25.403222963915898,93.2835434963523,Dima Hasao,0,266.9365234375,0.9007803797721863,-0.10957546532154083,181.511187753578,cropland,0,0,1,0,0,0
25.103706585688496,92.84240720389248,Dima Hasao,0,138.4386749267578,12.510247230529785,-0.7753907442092896,299.63093671585784,tree_cover,0,0,0,0,1,0
25.212570111391294,92.96264973826999,Dima Hasao,0,856.3320922851562,15.99348258972168,0.8933361172676086,507.7449022528607,tree_cover,0,0,0,0,1,0
25.35596634566014,93.2394207731032,Dima Hasao,0,498.0229797363281,19.55057716369629,-0.5233567953109741,315.69382575707243,tree_cover,0,0,0,0,1,0
25.428206799139968,93.13814384027327,Dima Hasao,0,303.4651184082031,19.78262710571289,1.1221648454666138,202.9356772468639,tree_cover,0,0,0,0,1,0
25.407270460673075,92.8209532455958,Dima Hasao,0,922.6708984375,25.96615219116211,1.8544167280197144,305.07921817979326,tree_cover,0,0,0,0,1,0
25.114594133459576,92.96981772049064,Dima Hasao,0,307.01312255859375,6.280468463897705,-0.0962592363357544,143.497193525942,built_up,0,1,0,0,0,0
25.413933988537323,92.80217723460383,Dima Hasao,0,949.6973266601562,8.443199157714844,0.009751898236572742,345.58700552677846,tree_cover,0,0,0,0,1,0
25.434086174204204,93.38411685681089,Dima Hasao,0,426.5122985839844,12.119303703308105,0.21621647477149963,557.2423026039127,tree_cover,0,0,0,0,1,0
25.53240146315369,92.76493200519474,Dima Hasao,0,590.4403076171875,2.5768027305603027,-0.4653048515319824,620.8637869715558,tree_cover,0,0,0,0,1,0
25.27646816607543,93.17101175011399,Dima Hasao,0,423.59429931640625,22.59950828552246,-0.019325949251651764,320.8694793044491,tree_cover,0,0,0,0,1,0
25.4487713003065,93.34366249567692,Dima Hasao,0,352.45745849609375,30.66016387939453,-0.010574436746537685,143.497193525942,tree_cover,0,0,0,0,1,0
25.11062678997937,92.86459624576769,Dima Hasao,0,164.84109497070312,4.205528259277344,-0.3455921411514282,103.47729782859263,cropland,0,0,1,0,0,0
25.444262047932686,92.91644973304102,Dima Hasao,0,535.710205078125,13.558979988098145,1.5623785257339478,310.4318934857779,tree_cover,0,0,0,0,1,0
25.263860031208424,93.0474476436027,Dima Hasao,0,247.91152954101562,10.011469841003418,-1.54694664478302,81.17427089874556,tree_cover,0,0,0,0,1,0
25.740826508948544,93.13143664788014,Dima Hasao,0,132.23529052734375,4.784266948699951,0.17002463340759277,90.755593876789,tree_cover,0,0,0,0,1,0
25.216495637483924,93.02685816248345,Dima Hasao,0,784.4194946289062,14.810320854187012,0.036280617117881775,938.3443765219538,tree_cover,0,0,0,0,1,0
25.429912488779138,92.93671969217016,Dima Hasao,0,429.9140625,6.592560768127441,-1.1694570779800415,470.7057927793974,tree_cover,0,0,0,0,1,0
25.20677546462839,93.0411697763195,Dima Hasao,0,702.4946899414062,10.968926429748535,1.1323020458221436,718.0597269917971,tree_cover,0,0,0,0,1,0
25.121353455699456,93.0136223482501,Dima Hasao,0,590.33447265625,20.45532989501953,-0.6672491431236267,282.65669079876386,tree_cover,0,0,0,0,1,0
25.307720322240776,92.80678936866899,Dima Hasao,0,1016.6903076171875,4.431228160858154,0.9120544195175171,270.7499632453624,tree_cover,0,0,0,0,1,0
25.247129636592813,92.80584312048296,Dima Hasao,0,1202.8275146484375,15.36343765258789,0.01366451382637024,467.193013890522,tree_cover,0,0,0,0,1,0
25.284901148244725,93.28451733341625,Dima Hasao,0,694.0985107421875,4.7329559326171875,-0.1670568287372589,172.19663223113042,tree_cover,0,0,0,0,1,0
25.255629771341084,93.04468244617573,Dima Hasao,0,395.7492370605469,8.655008316040039,-0.22821368277072906,349.1437407930209,tree_cover,0,0,0,0,1,0
25.429104106583363,92.98837420047397,Dima Hasao,0,255.39593505859375,24.80189323425293,0.9621847867965698,258.2949483466956,tree_cover,0,0,0,0,1,0
25.13620470664439,93.37588903783896,Dima Hasao,0,962.29150390625,25.90181541442871,-0.6637367010116577,467.193013890522,tree_cover,0,0,0,0,1,0
25.17672222406474,93.00763884008802,Dima Hasao,0,710.0860595703125,15.621957778930664,-0.9810735583305359,847.9700723962917,tree_cover,0,0,0,0,1,0
25.146420419334707,92.95665247563821,Dima Hasao,0,1050.134033203125,18.78624153137207,-0.35681867599487305,764.181501629647,tree_cover,0,0,0,0,1,0
25.125222327491233,93.02414028190218,Dima Hasao,0,612.6754760742188,19.864620208740234,0.7831159234046936,121.76140634811831,tree_cover,0,0,0,0,1,0
25.16309791030043,93.00946996255901,Dima Hasao,0,554.5603637695312,18.887121200561523,-0.07687400281429291,0.0,tree_cover,0,0,0,0,1,0
25.41317523385992,92.86964213336873,Dima Hasao,0,676.4230346679688,12.785353660583496,1.2091315984725952,377.48218008902865,tree_cover,0,0,0,0,1,0
25.22002978467769,93.32957086784465,Dima Hasao,0,1119.2244873046875,29.43288803100586,-0.8443246483802795,236.66163435486305,tree_cover,0,0,0,0,1,0
25.40567514909246,93.38710123313533,Dima Hasao,0,424.4451599121094,6.775339126586914,0.7767282724380493,86.09831611556521,cropland,0,0,1,0,0,0
25.15418008152027,93.12351086347512,Dima Hasao,0,1084.1016845703125,22.31963539123535,0.16578225791454315,316.99566148944325,tree_cover,0,0,0,0,1,0
25.185902928728883,93.17475502000104,Dima Hasao,0,778.3687133789062,16.55886459350586,-0.022438257932662964,407.89566308378295,tree_cover,0,0,0,0,1,0
25.275968968078423,93.38695467863852,Dima Hasao,0,929.5355224609375,36.915775299072266,0.7655535936355591,64.17389586088981,tree_cover,0,0,0,0,1,0
25.12066542169658,92.85050998974474,Dima Hasao,0,219.7657470703125,18.273962020874023,-0.4634189307689667,200.8960709363188,tree_cover,0,0,0,0,1,0
25.51671507988999,93.11364514681571,Dima Hasao,0,190.54013061523438,13.378207206726074,-0.07911190390586853,192.52168758266944,tree_cover,0,0,0,0,1,0
25.375487011403553,93.40383632136954,Dima Hasao,0,619.6093139648438,12.222335815429688,-1.2584394216537476,591.6540858871576,tree_cover,0,0,0,0,1,0
25.13001125488931,93.005361825436,Dima Hasao,0,617.8067626953125,20.500207901000977,0.014701949432492256,320.8694793044491,tree_cover,0,0,0,0,1,0
25.202565391313197,93.27273260899425,Dima Hasao,0,1156.7613525390625,19.544376373291016,-0.3321869969367981,243.52281269623663,tree_cover,0,0,0,0,1,0
25.195953487157148,93.33237790657556,Dima Hasao,0,1158.636474609375,17.568317413330078,-0.476360946893692,377.48218008902865,tree_cover,0,0,0,0,1,0
25.18045431559705,93.1580891281055,Dima Hasao,0,683.5375366210938,22.29961585998535,0.866555392742157,121.76140634811831,tree_cover,0,0,0,0,1,0
25.433176291284287,93.42915106775426,Dima Hasao,0,517.6477661132812,14.968120574951172,0.463941365480423,398.7053447404777,tree_cover,0,0,0,0,1,0
25.000353526416955,92.7427533529672,Dima Hasao,0,123.11607360839844,20.914382934570312,-0.13017597794532776,128.34779172177963,tree_cover,0,0,0,0,1,0
25.189690237305353,93.18482565347621,Dima Hasao,0,775.0816650390625,9.865894317626953,-0.0360286682844162,462.76454414544895,tree_cover,0,0,0,0,1,0
25.595302789241106,92.74264031682992,Dima Hasao,0,260.1668701171875,11.878326416015625,-1.4527660608291626,81.17427089874556,tree_cover,0,0,0,0,1,0
24.986305973461192,92.75368146613779,Dima Hasao,0,89.19612884521484,14.840638160705566,-1.48809814453125,118.33081717743153,tree_cover,0,0,0,0,1,0
25.170661207202368,92.99812259663447,Dima Hasao,0,530.4432373046875,29.84808349609375,-1.1184152364730835,231.38227207272448,tree_cover,0,0,0,0,1,0
25.438288518226443,92.9858862551267,Dima Hasao,0,295.4500732421875,18.241830825805664,-0.7999668717384338,354.9924515322946,tree_cover,0,0,0,0,1,0
25.24726239943149,93.12108024601669,Dima Hasao,0,403.5985412597656,20.516080856323242,0.15128779411315918,229.59550964150722,tree_cover,0,0,0,0,1,0
25.36352010490503,93.11114652392747,Dima Hasao,0,442.0906677246094,16.263423919677734,0.9567012190818787,597.196633951424,tree_cover,0,0,0,0,1,0
25.165070415021003,93.1609585838356,Dima Hasao,0,1004.97265625,14.599852561950684,0.12345487624406815,292.6779959738314,tree_cover,0,0,0,0,1,0
25.200547012130343,92.99369022656165,Dima Hasao,0,330.0023498535156,29.912086486816406,-2.5381314754486084,28.699438705188403,tree_cover,0,0,0,0,1,0
25.458255133153877,93.39471624879862,Dima Hasao,0,360.2789306640625,1.899303913116455,0.04149743914604187,146.3389979869157,tree_cover,0,0,0,0,1,0
25.493412462029927,92.78042265291285,Dima Hasao,0,476.6945495605469,9.58380126953125,-0.2392401397228241,613.5239248560237,tree_cover,0,0,0,0,1,0
25.49434514198911,92.79519650500636,Dima Hasao,0,529.8130493164062,13.999544143676758,0.23969216644763947,694.1468162181734,grassland,0,0,0,1,0,0
25.269434036944677,93.3713453606751,Dima Hasao,0,1407.7161865234375,13.1490478515625,0.14002421498298645,501.21414934918204,tree_cover,0,0,0,0,1,0
25.41870164721339,92.77941196134836,Dima Hasao,0,833.7568359375,43.2999153137207,0.30162709951400757,462.76454414544895,tree_cover,0,0,0,0,1,0
25.08185310705922,92.82161115763229,Dima Hasao,0,238.161865234375,10.91119384765625,0.09818960726261139,64.17389586088981,tree_cover,0,0,0,0,1,0
25.415682171372282,92.99252839919372,Dima Hasao,0,131.5328369140625,12.322820663452148,-0.8889899849891663,40.58713544937278,tree_cover,0,0,0,0,1,0
25.416175327369434,92.77291724928902,Dima Hasao,0,971.2073974609375,10.69054889678955,0.6127985715866089,733.3815730173084,tree_cover,0,0,0,0,1,0
25.086063192786803,92.80599011826675,Dima Hasao,0,145.0755157470703,14.44218635559082,-0.4277570843696594,374.19489966966046,tree_cover,0,0,0,0,1,0
25.540672231098053,92.76236845870167,Dima Hasao,0,571.976806640625,11.268331527709961,0.11557036638259888,402.81581777854086,tree_cover,0,0,0,0,1,0
25.104282294238466,93.00382674074089,Dima Hasao,0,734.2407836914062,46.32231140136719,2.7473676204681396,118.33081717743153,tree_cover,0,0,0,0,1,0
25.24913866884757,93.00709009383044,Dima Hasao,0,362.84967041015625,12.542417526245117,-0.8271476626396179,270.7499632453624,tree_cover,0,0,0,0,1,0
25.341776566632895,92.82188182860669,Dima Hasao,0,954.2931518554688,10.105353355407715,-0.07238338887691498,694.1468162181734,tree_cover,0,0,0,0,1,0
25.198684339198653,92.98436465701322,Dima Hasao,0,695.9974975585938,7.77071475982666,1.1664929389953613,632.0395749211754,tree_cover,0,0,0,0,1,0
25.256559903683318,93.04041268564033,Dima Hasao,0,414.09619140625,20.153404235839844,-0.8145502209663391,327.2239472579484,tree_cover,0,0,0,0,1,0
25.198453752550993,93.34867071259367,Dima Hasao,0,933.531494140625,20.759143829345703,-0.5767551064491272,649.3941671899645,grassland,0,0,0,1,0,0
25.204086180580177,93.27474694159262,Dima Hasao,0,1136.296875,28.449222564697266,3.1160426139831543,114.79775482075361,tree_cover,0,0,0,0,1,0
25.113088807875336,92.85286287004611,Dima Hasao,0,135.81739807128906,0.41195783019065857,-0.014286975376307964,114.79775482075361,tree_cover,0,0,0,0,1,0
25.139216374651696,93.37637467408791,Dima Hasao,0,1009.4669799804688,14.39622688293457,0.7377355098724365,513.3911668871185,tree_cover,0,0,0,0,1,0
25.129654109884424,93.00329137918845,Dima Hasao,0,666.2635498046875,20.69622039794922,0.39455172419548035,487.04562539247326,tree_cover,0,0,0,0,1,0
25.646101335778198,93.12625793175923,Dima Hasao,0,369.33392333984375,26.92046356201172,0.3116309344768524,800.5034380878385,tree_cover,0,0,0,0,1,0
25.273318835908334,93.25192034409586,Dima Hasao,0,689.5314331054688,9.540144920349121,0.07059010863304138,28.699438705188403,grassland,0,0,0,1,0,0
25.42357111191215,93.02680104001476,Dima Hasao,0,184.12167358398438,11.286827087402344,0.35850080847740173,245.2081117856406,tree_cover,0,0,0,0,1,0
25.248650521815716,93.26954683398242,Dima Hasao,0,889.2134399414062,38.25954818725586,-2.5605993270874023,192.52168758266944,tree_cover,0,0,0,0,1,0
25.10248434661553,93.28779771947048,Dima Hasao,0,811.512939453125,18.23838996887207,-0.2135932445526123,81.17427089874556,tree_cover,0,0,0,0,1,0
24.987027447204497,93.15299882828567,Dima Hasao,0,123.74292755126953,24.59841537475586,-0.4980989396572113,243.52281269623663,tree_cover,0,0,0,0,1,0
25.531488179703416,92.78798504351754,Dima Hasao,0,383.94879150390625,14.977919578552246,-0.21257802844047546,86.09831611556521,tree_cover,0,0,0,0,1,0
25.297112879543096,93.30547672886615,Dima Hasao,0,536.6558837890625,12.270135879516602,-1.1584454774856567,172.19663223113042,grassland,0,0,0,1,0,0
25.134504721245918,93.37885487181673,Dima Hasao,0,916.8760986328125,36.9792366027832,-0.04120102897286415,350.32129469522266,tree_cover,0,0,0,0,1,0
25.587644189850884,92.73094158119093,Dima Hasao,0,310.1783447265625,17.24283790588379,0.473374605178833,200.8960709363188,tree_cover,0,0,0,0,1,0
25.17625706741095,93.10858859529347,Dima Hasao,0,621.7803344726562,19.47519302368164,-0.4049557149410248,545.2893353985796,tree_cover,0,0,0,0,1,0
25.531776926650892,92.76264098957269,Dima Hasao,0,599.4572143554688,2.933022975921631,-0.22490128874778748,405.8713544937278,tree_cover,0,0,0,0,1,0
25.506775205069832,93.10302509179084,Dima Hasao,0,181.14894104003906,9.708017349243164,-0.972459077835083,363.022375507156,tree_cover,0,0,0,0,1,0
25.28372523049531,93.41410735322233,Dima Hasao,0,975.1729736328125,22.57672119140625,-0.7082427144050598,28.699438705188403,tree_cover,0,0,0,0,1,0
25.534622712506163,92.79392195085515,Dima Hasao,0,386.0533447265625,21.003074645996094,-0.11156141757965088,143.497193525942,tree_cover,0,0,0,0,1,0
25.632819204395453,93.0938522283161,Dima Hasao,0,233.00706481933594,9.989413261413574,1.2075976133346558,57.398877410376805,tree_cover,0,0,0,0,1,0
25.231819790990592,93.1236499153118,Dima Hasao,0,617.8780517578125,22.277149200439453,-1.100749135017395,519.7689414476977,tree_cover,0,0,0,0,1,0
25.407819941133923,93.3855015183725,Dima Hasao,0,423.2641296386719,7.244893550872803,-0.5531534552574158,183.76607157391027,cropland,0,0,1,0,0,0
25.2935317720159,93.29139843208162,Dima Hasao,0,609.8221435546875,12.602803230285645,-0.09113133698701859,344.39326446226084,grassland,0,0,0,1,0,0
25.468571958310612,93.38386911329765,Dima Hasao,0,372.0806884765625,21.0498046875,-0.09857123345136642,90.755593876789,tree_cover,0,0,0,0,1,0
24.99064835039449,92.745229823739,Dima Hasao,0,110.8154067993164,25.19983673095703,-0.9578461050987244,154.55120729969443,tree_cover,0,0,0,0,1,0
25.104641498259813,92.9140727848223,Dima Hasao,0,287.4567565917969,14.951997756958008,-0.8929063081741333,344.39326446226084,tree_cover,0,0,0,0,1,0
25.494059495340988,93.12139304293888,Dima Hasao,0,142.5856170654297,5.974956035614014,-0.21605715155601501,28.699438705188403,cropland,0,0,1,0,0,0
25.19556832828144,93.2437677069411,Dima Hasao,0,1291.1656494140625,12.121495246887207,-0.3284522294998169,698.8770025703877,tree_cover,0,0,0,0,1,0
25.372148151284367,93.09840943120214,Dima Hasao,0,418.9541015625,13.610937118530273,1.033856749534607,708.8238476629073,tree_cover,0,0,0,0,1,0
25.109842932950777,92.96009043955301,Dima Hasao,0,338.9566955566406,10.549430847167969,-0.8410419225692749,28.699438705188403,tree_cover,0,0,0,0,1,0
25.16579388627963,93.0159864572628,Dima Hasao,0,661.1991577148438,5.748117446899414,-0.006535846274346113,103.47729782859263,cropland,0,0,1,0,0,0
25.190976972406308,93.27268102164916,Dima Hasao,0,914.8052368164062,22.867719650268555,-0.3684379756450653,245.2081117856406,tree_cover,0,0,0,0,1,0
25.44093245973385,92.98940456437823,Dima Hasao,0,287.1565246582031,9.799360275268555,0.03153805434703827,438.0779191015427,tree_cover,0,0,0,0,1,0
25.178285400882427,93.01455487834791,Dima Hasao,0,632.251708984375,9.765724182128906,-0.010389179922640324,423.74213441012074,built_up,0,1,0,0,0,0
25.281487172158364,93.15249812829207,Dima Hasao,0,298.0238037109375,2.962961196899414,-0.33485469222068787,128.34779172177963,cropland,0,0,1,0,0,0
25.167160768488834,93.17752869940557,Dima Hasao,0,981.4077758789062,17.55218505859375,-0.007321333512663841,495.4291261460857,tree_cover,0,0,0,0,1,0
25.273388186703546,93.4122899476819,Dima Hasao,0,1067.3004150390625,23.067007064819336,0.11121313273906708,390.3545691658806,tree_cover,0,0,0,0,1,0
25.000359199811612,93.06148740946863,Dima Hasao,0,126.62741088867188,5.095546245574951,0.05346870794892311,373.09270316744926,tree_cover,0,0,0,0,1,0
26.02982894479695,90.60085735795079,Goalpara,0,49.0582389831543,1.4719308614730835,0.3796635866165161,183.76607157391027,tree_cover,0,0,0,0,1,0
26.014207019712188,90.58440103332269,Goalpara,0,44.10449981689453,0.3524124026298523,-0.0159413143992424,114.79775482075361,cropland,0,0,1,0,0,0
26.20370297005028,90.31501244809002,Goalpara,0,32.18062973022461,0.15270769596099854,-0.020825600251555443,243.52281269623663,cropland,0,0,1,0,0,0
24.556571029566335,92.7248807606318,Hailakandi,0,32.08834457397461,0.1367596685886383,-0.006878570653498173,0.0,cropland,0,0,1,0,0,0
24.410135589862335,92.56005317928782,Hailakandi,0,32.72998046875,0.32317614555358887,-0.011765635572373867,183.76607157391027,cropland,0,0,1,0,0,0
24.532555384967512,92.51527052507514,Hailakandi,0,45.66686248779297,12.904837608337402,-1.1663614511489868,143.497193525942,tree_cover,0,0,0,0,1,0
24.6200327270364,92.75712390779016,Hailakandi,0,32.582908630371094,2.447465181350708,-0.7866867780685425,167.34504649901487,cropland,0,0,1,0,0,0
24.717984741361068,92.66984022589425,Hailakandi,0,27.310941696166992,3.711177110671997,-0.44193845987319946,405.8713544937278,tree_cover,0,0,0,0,1,0
24.519286507857007,92.6348628294565,Hailakandi,0,24.383880615234375,0.8396221399307251,0.27206850051879883,40.58713544937278,cropland,0,0,1,0,0,0
24.52850426005775,92.55123068416178,Hailakandi,0,22.718496322631836,0.3178713917732239,0.06831145286560059,64.17389586088981,cropland,0,0,1,0,0,0
24.79623769492987,92.56779981008235,Hailakandi,0,21.120920181274414,4.075546741485596,-0.3630998134613037,0.0,tree_cover,0,0,0,0,1,0
24.556973309195367,92.61236478855157,Hailakandi,0,37.01914596557617,3.8758933544158936,0.48614802956581116,417.87013506888434,tree_cover,0,0,0,0,1,0
24.524950470923287,92.7645586429093,Hailakandi,0,49.903018951416016,4.661408424377441,-0.6282767653465271,0.0,tree_cover,0,0,0,0,1,0
24.536605781213105,92.63143291092844,Hailakandi,0,22.585235595703125,1.1726564168930054,-0.046422477811574936,202.9356772468639,tree_cover,0,0,0,0,1,0
24.563708684384345,92.63522881143953,Hailakandi,0,31.360992431640625,7.405368804931641,-0.1350097805261612,154.55120729969443,tree_cover,0,0,0,0,1,0
24.535975856626564,92.53177802945716,Hailakandi,0,41.07900619506836,13.126497268676758,1.6119725704193115,40.58713544937278,tree_cover,0,0,0,0,1,0
24.535545010245983,92.52917842297266,Hailakandi,0,37.33750534057617,15.313956260681152,0.5294165015220642,40.58713544937278,tree_cover,0,0,0,0,1,0
24.454070232847368,92.5728000848642,Hailakandi,0,37.93122100830078,2.657496452331543,0.5225231647491455,324.69708359498225,tree_cover,0,0,0,0,1,0
24.464152454095164,92.47500056164226,Hailakandi,0,33.03990173339844,3.8075709342956543,-0.3115346133708954,28.699438705188403,tree_cover,0,0,0,0,1,0
24.50036977426753,92.72299581952541,Hailakandi,0,42.998779296875,9.428903579711914,0.7440823912620544,172.19663223113042,tree_cover,0,0,0,0,1,0
24.460649697337406,92.50174116224363,Hailakandi,0,203.5527801513672,13.798909187316895,0.5858622789382935,545.2893353985796,tree_cover,0,0,0,0,1,0
24.542414835750158,92.74256948211925,Hailakandi,0,40.97080612182617,3.404039144515991,0.13429701328277588,28.699438705188403,tree_cover,0,0,0,0,1,0
24.429840347162568,92.55436570168965,Hailakandi,0,32.90423583984375,4.567118167877197,-0.07328558713197708,128.34779172177963,tree_cover,0,0,0,0,1,0
24.564460410236258,92.74817485136919,Hailakandi,0,58.245574951171875,0.7534950375556946,-0.8490403294563293,327.2239472579484,tree_cover,0,0,0,0,1,0
24.490150184894578,92.47597550677831,Hailakandi,0,31.38471794128418,2.2276456356048584,-0.2371245175600052,181.511187753578,tree_cover,0,0,0,0,1,0
24.506796951238304,92.64452942683475,Hailakandi,0,62.2295036315918,9.878772735595703,-0.3683536648750305,231.38227207272448,tree_cover,0,0,0,0,1,0
24.724479943625347,92.67360778543069,Hailakandi,0,32.641761779785156,7.1480889320373535,1.157761812210083,81.17427089874556,tree_cover,0,0,0,0,1,0
24.551347704081785,92.72664054479242,Hailakandi,0,35.164825439453125,3.1518237590789795,-0.6220447421073914,200.8960709363188,tree_cover,0,0,0,0,1,0
24.565055777545755,92.61890593611946,Hailakandi,0,24.38521957397461,0.4351373612880707,-0.03580497205257416,231.38227207272448,cropland,0,0,1,0,0,0
24.49879672431317,92.4747746662428,Hailakandi,0,32.95565414428711,6.684566974639893,0.060401927679777145,467.193013890522,grassland,0,0,0,1,0,0
26.565013911330656,94.34884354254218,Jorhat,0,166.1610565185547,3.928446054458618,-0.5468176603317261,0.0,tree_cover,0,0,0,0,1,0
26.58688163559568,94.3547867625746,Jorhat,0,248.05621337890625,7.447390079498291,1.6686897277832031,618.2048291987777,tree_cover,0,0,0,0,1,0
26.548979524187022,94.38045167446393,Jorhat,0,164.16415405273438,11.366025924682617,-0.5212300419807434,430.491580577826,tree_cover,0,0,0,0,1,0
26.60483632015881,94.33638415747009,Jorhat,0,135.4191436767578,0.9863196611404419,0.03817764297127724,349.1437407930209,tree_cover,0,0,0,0,1,0
26.581870518200933,94.34768503612062,Jorhat,0,174.7527618408203,9.120245933532715,-2.6903975009918213,174.57187039651046,tree_cover,0,0,0,0,1,0
26.551179619055272,94.38832761924324,Jorhat,0,141.41741943359375,0.48444050550460815,-0.28241971135139465,0.0,cropland,0,0,1,0,0,0
26.5976159839601,94.34138289944235,Jorhat,0,164.39076232910156,9.28393268585205,-1.079248309135437,202.9356772468639,tree_cover,0,0,0,0,1,0
26.612969970235774,94.3418647891147,Jorhat,0,130.88653564453125,0.999363124370575,0.017914295196533203,305.07921817979326,built_up,0,1,0,0,0,0
26.542676875114985,94.36919054300884,Jorhat,0,177.1041259765625,2.1685688495635986,1.0817900896072388,167.34504649901487,tree_cover,0,0,0,0,1,0
26.60332579648068,94.34820047099372,Jorhat,0,165.67904663085938,18.724872589111328,-2.745359420776367,229.59550964150722,tree_cover,0,0,0,0,1,0
26.598157959271745,94.3440189821481,Jorhat,0,143.05691528320312,2.1515309810638428,-1.2199208736419678,0.0,tree_cover,0,0,0,0,1,0
26.514889990900276,94.36962950952922,Jorhat,0,143.8604278564453,1.6618847846984863,0.020070679485797882,167.34504649901487,cropland,0,0,1,0,0,0
26.580085767416513,94.35749261748518,Jorhat,0,201.7298126220703,23.928884506225586,0.6707282662391663,487.89045798820285,tree_cover,0,0,0,0,1,0
26.592334270217446,94.33210852617636,Jorhat,0,153.4671630859375,8.36662769317627,-0.08381741493940353,413.9091913143705,tree_cover,0,0,0,0,1,0
26.516711232771932,94.371321256896,Jorhat,0,146.79611206054688,7.432440757751465,0.765064537525177,86.09831611556521,built_up,0,1,0,0,0,0
26.526972192362265,94.37334277483048,Jorhat,0,150.00636291503906,1.2506333589553833,0.145307719707489,264.5957510418367,tree_cover,0,0,0,0,1,0
26.623684000393155,94.34437007527094,Jorhat,0,118.4373550415039,0.5842206478118896,0.036649275571107864,172.19663223113042,cropland,0,0,1,0,0,0
26.621252889908362,94.33516147611253,Jorhat,0,119.42024230957031,0.3704879879951477,-0.057016368955373764,295.4788061625467,cropland,0,0,1,0,0,0
26.5885001339213,94.31431837125353,Jorhat,0,129.1770782470703,1.554682731628418,-0.30003759264945984,28.699438705188403,tree_cover,0,0,0,0,1,0
26.553884599902876,94.36086338214852,Jorhat,0,194.18458557128906,16.655380249023438,0.6283008456230164,57.398877410376805,tree_cover,0,0,0,0,1,0
26.08919271388558,91.96853006932972,Kamrup,0,56.56227111816406,0.9916827082633972,0.02954098768532276,57.398877410376805,tree_cover,0,0,0,0,1,0
26.178676032628722,91.81185852630429,Kamrup,0,66.3549575805664,2.598322868347168,0.434656023979187,86.09831611556521,built_up,0,1,0,0,0,0
26.055044426011737,92.13974609693345,Kamrup,0,105.97521209716797,40.747520446777344,0.2135395109653473,28.699438705188403,tree_cover,0,0,0,0,1,0
26.1201547426104,91.98817765197164,Kamrup,0,52.53202438354492,0.43833062052726746,-0.08082552254199982,174.57187039651046,cropland,0,0,1,0,0,0
26.11261020939323,91.71029755186727,Kamrup,0,47.93207550048828,0.5477292537689209,-0.09976799041032791,40.58713544937278,grassland,0,0,0,1,0,0
26.12930816750804,91.70477846126072,Kamrup,0,138.64974975585938,9.419020652770996,-0.22291164100170135,272.266781630367,tree_cover,0,0,0,0,1,0
26.19093702248359,91.77156845537068,Kamrup,0,150.95751953125,11.462662696838379,0.6659746170043945,660.7106964899381,built_up,0,1,0,0,0,0
26.236505065638752,91.69487912421394,Kamrup,0,61.149658203125,12.3212308883667,-0.5669921040534973,374.19489966966046,tree_cover,0,0,0,0,1,0
26.08879920211061,91.97099125192754,Kamrup,0,59.15691375732422,4.843865871429443,0.5194997787475586,86.09831611556521,tree_cover,0,0,0,0,1,0
26.165091344494645,91.72244442572706,Kamrup,0,55.985801696777344,4.547649383544922,-0.6693555116653442,243.52281269623663,built_up,0,1,0,0,0,0
26.106037604340045,91.97083540238488,Kamrup,0,53.49325942993164,0.0765281394124031,0.038102615624666214,0.0,cropland,0,0,1,0,0,0
26.10940516491682,91.90452676030161,Kamrup,0,187.98745727539062,20.450498580932617,0.8301118016242981,417.87013506888434,tree_cover,0,0,0,0,1,0
26.1731661815421,91.74433399860604,Kamrup,0,57.892112731933594,4.391304016113281,0.13923317193984985,143.497193525942,built_up,0,1,0,0,0,0
26.156353784284384,91.99009466270851,Kamrup,0,61.3538703918457,6.5864458084106445,0.6140583157539368,382.8982700336085,tree_cover,0,0,0,0,1,0
26.1651114287672,91.74960172768503,Kamrup,0,51.49868392944336,3.8803646564483643,-0.19280283153057098,90.755593876789,tree_cover,0,0,0,0,1,0
26.079611070145763,92.02405137120047,Kamrup,0,260.9792785644531,21.372249603271484,-0.03870376944541931,245.2081117856406,tree_cover,0,0,0,0,1,0
26.11911103418249,91.69019080416759,Kamrup,0,50.3106803894043,2.135512113571167,-0.36551740765571594,128.34779172177963,tree_cover,0,0,0,0,1,0
26.121481447487604,91.618565284481,Kamrup,0,53.345951080322266,0.9071546792984009,0.5026497840881348,487.04562539247326,tree_cover,0,0,0,0,1,0
26.20082102785335,91.68275019769693,Kamrup,0,49.191490173339844,0.13916437327861786,-0.008401378989219666,64.17389586088981,tree_cover,0,0,0,0,1,0
26.264323187756386,91.71362053439069,Kamrup,0,160.387451171875,8.468860626220703,-0.20117364823818207,28.699438705188403,tree_cover,0,0,0,0,1,0
26.18584943484708,91.99642648397409,Kamrup,0,52.31866455078125,1.825952172279358,0.021672222763299942,350.32129469522266,cropland,0,0,1,0,0,0
26.137133795930463,91.73338921100803,Kamrup,0,50.586456298828125,0.28501981496810913,-0.054883141070604324,143.497193525942,built_up,0,1,0,0,0,0
26.075324295003306,92.17090949720026,Kamrup,0,78.90178680419922,19.652767181396484,-0.9174694418907166,229.59550964150722,tree_cover,0,0,0,0,1,0
26.10051855467365,92.0636399205279,Kamrup,0,123.55472564697266,23.82442283630371,0.3243432343006134,292.6779959738314,tree_cover,0,0,0,0,1,0
26.11887031019953,92.01900522059205,Kamrup,0,122.2343521118164,9.1676025390625,0.902165412902832,405.8713544937278,tree_cover,0,0,0,0,1,0
26.125382174887406,91.92369743843088,Kamrup,0,81.85856628417969,22.15294647216797,-0.4908461570739746,385.0433751653389,tree_cover,0,0,0,0,1,0
26.10989367856677,92.08765894218674,Kamrup,0,63.85772705078125,1.4429218769073486,-0.3500364422798157,103.47729782859263,tree_cover,0,0,0,0,1,0
26.19751056827665,92.00285382474785,Kamrup,0,50.96002197265625,1.6374025344848633,0.13604027032852173,64.17389586088981,cropland,0,0,1,0,0,0
26.179981527008827,91.81138858351557,Kamrup,0,59.73422622680664,2.0522775650024414,-0.11660965532064438,183.76607157391027,built_up,0,1,0,0,0,0
26.172788386831336,92.0231059718563,Kamrup,0,195.66348266601562,17.519731521606445,0.6975200772285461,551.2982147217308,tree_cover,0,0,0,0,1,0
26.12876331469768,91.79345046838687,Kamrup,0,61.0501708984375,1.0195825099945068,0.42308491468429565,167.34504649901487,built_up,0,1,0,0,0,0
26.100538382968775,91.71135020444727,Kamrup,0,54.7487678527832,1.6624057292938232,-0.1840365082025528,0.0,cropland,0,0,1,0,0,0
26.056164509071955,91.88890443140154,Kamrup,0,57.855831146240234,5.111550807952881,0.0018266282277181745,28.699438705188403,tree_cover,0,0,0,0,1,0
26.204210533030345,91.82669204150542,Kamrup,0,71.01441192626953,9.850444793701172,0.15574876964092255,192.52168758266944,tree_cover,0,0,0,0,1,0
26.063923845418564,92.03593990006854,Kamrup,0,267.0148010253906,16.566579818725586,0.6052549481391907,200.8960709363188,tree_cover,0,0,0,0,1,0
26.179959327207744,91.78582109679931,Kamrup,0,57.022300720214844,2.1245009899139404,-0.11245620250701904,40.58713544937278,tree_cover,0,0,0,0,1,0
26.15753947817995,91.89097026406249,Kamrup,0,72.06436157226562,4.668128490447998,-0.4220474660396576,202.9356772468639,tree_cover,0,0,0,0,1,0
26.12000099679963,92.10079646907951,Kamrup,0,54.23019790649414,1.243619441986084,-0.07588473707437515,218.56841344436356,cropland,0,0,1,0,0,0
26.116173696225907,91.87053440110505,Kamrup,0,154.95066833496094,18.453569412231445,0.8026493787765503,86.09831611556521,tree_cover,0,0,0,0,1,0
26.123680566433848,91.92621564137474,Kamrup,0,67.96027374267578,1.789260745048523,0.1258891522884369,335.9183176503221,tree_cover,0,0,0,0,1,0
26.034477672812265,92.01352393343889,Kamrup,0,243.05325317382812,14.439704895019531,0.28228631615638733,385.0433751653389,tree_cover,0,0,0,0,1,0
26.123839646700734,91.83126680246939,Kamrup,0,217.06764221191406,9.300711631774902,2.5422072410583496,523.7156111895314,tree_cover,0,0,0,0,1,0
26.223323918863617,91.94202722806597,Kamrup,0,111.80667877197266,20.41789436340332,-0.6086506843566895,143.497193525942,tree_cover,0,0,0,0,1,0
26.117598836905977,91.98498017395129,Kamrup,0,54.85454559326172,1.6484661102294922,0.08197040855884552,143.497193525942,tree_cover,0,0,0,0,1,0
26.211601319268254,91.66779676174794,Kamrup,0,159.4180450439453,33.146759033203125,-0.5156019330024719,295.4788061625467,tree_cover,0,0,0,0,1,0
26.148596593446456,91.84989235708446,Kamrup,0,63.88421630859375,3.5825774669647217,0.0633539929986,399.7369256231103,tree_cover,0,0,0,0,1,0
26.276693484603218,91.72874189269287,Kamrup,0,168.5802764892578,31.00084114074707,-0.01725478284060955,320.8694793044491,tree_cover,0,0,0,0,1,0
26.11815436792815,91.88927736195923,Kamrup,0,73.63880920410156,2.4848129749298096,-0.16490599513053894,28.699438705188403,tree_cover,0,0,0,0,1,0
26.143522490109323,91.72011153244449,Kamrup,0,226.85653686523438,22.270137786865234,1.6184593439102173,345.58700552677846,tree_cover,0,0,0,0,1,0
26.153724678031704,91.94284049833014,Kamrup,0,115.06375122070312,19.207609176635742,-0.15133781731128693,200.8960709363188,tree_cover,0,0,0,0,1,0
26.392972977844487,91.83151180226749,Kamrup (Metro),0,52.70941162109375,4.054026126861572,-0.5766152143478394,654.4478945158968,cropland,0,0,1,0,0,0
26.13457889325369,91.80509018531428,Kamrup (Metro),0,56.925018310546875,0.611633837223053,-0.12407734245061874,295.4788061625467,built_up,0,1,0,0,0,0
26.380103570941742,91.86614232777075,Kamrup (Metro),0,55.05238723754883,4.26873779296875,0.34185367822647095,510.97897891375004,tree_cover,0,0,0,0,1,0
26.363218872228146,91.85339413226974,Kamrup (Metro),0,54.19459915161133,2.670591354370117,-0.2728123068809509,423.74213441012074,cropland,0,0,1,0,0,0
26.17476282199368,91.81262801505096,Kamrup (Metro),0,121.79956817626953,11.490066528320312,0.9076452851295471,90.755593876789,tree_cover,0,0,0,0,1,0
26.38348847647532,91.85844974582746,Kamrup (Metro),0,51.48576354980469,0.8637880682945251,-0.19341973960399628,28.699438705188403,cropland,0,0,1,0,0,0
26.187154402440804,91.77626228292321,Kamrup (Metro),0,59.99829864501953,2.0928664207458496,0.23427803814411163,40.58713544937278,tree_cover,0,0,0,0,1,0
26.1694829779046,91.72994175666904,Kamrup (Metro),0,54.414833068847656,1.7095060348510742,-0.28381097316741943,162.34854179749112,built_up,0,1,0,0,0,0
26.15462470153175,91.72561521566375,Kamrup (Metro),0,179.1298828125,36.954959869384766,0.5221526026725769,569.6675926408218,tree_cover,0,0,0,0,1,0
26.36389056072539,91.85461503031762,Kamrup (Metro),0,52.19968032836914,1.2691195011138916,-0.425454318523407,365.284219044355,tree_cover,0,0,0,0,1,0
26.381791744095892,91.87175999958144,Kamrup (Metro),0,50.89847946166992,0.6674842238426208,-0.09317842125892639,183.76607157391027,cropland,0,0,1,0,0,0
26.134807030557855,91.72972351379374,Kamrup (Metro),0,49.35874938964844,1.111533761024475,-0.036262091249227524,57.398877410376805,built_up,0,1,0,0,0,0
26.183305893377163,91.79288614332872,Kamrup (Metro),0,58.428672790527344,5.3944220542907715,-0.40843018889427185,344.39326446226084,built_up,0,1,0,0,0,0
26.115272370441197,91.76405455831232,Kamrup (Metro),0,52.43935012817383,1.1717023849487305,-0.16799885034561157,28.699438705188403,built_up,0,1,0,0,0,0
26.109371535741907,91.8062483385186,Kamrup (Metro),0,64.14739990234375,2.1977386474609375,0.3341655135154724,143.497193525942,built_up,0,1,0,0,0,0
26.128712236709365,91.73868751264808,Kamrup (Metro),0,60.82300567626953,15.036252975463867,-1.521896243095398,510.97897891375004,built_up,0,1,0,0,0,0
26.1438479096299,91.82298206356897,Kamrup (Metro),0,53.52770233154297,0.2421465814113617,-0.1793263554573059,121.76140634811831,built_up,0,1,0,0,0,0
26.105564431368148,91.81172854128418,Kamrup (Metro),0,72.4360580444336,11.68886661529541,-0.05862068757414818,373.09270316744926,built_up,0,1,0,0,0,0
26.38622786530766,91.83776573215893,Kamrup (Metro),0,54.21022415161133,4.047050476074219,0.06822993606328964,688.7865289245217,cropland,0,0,1,0,0,0
26.36727770799813,91.8602555940383,Kamrup (Metro),0,59.54471969604492,4.450370788574219,0.5768885016441345,655.0768690911649,tree_cover,0,0,0,0,1,0
25.940153669019935,91.28312800996449,Kamrup (Rural),0,57.486114501953125,0.7309865951538086,-0.08055412024259567,28.699438705188403,cropland,0,0,1,0,0,0
25.964842994398968,91.29338764098566,Kamrup (Rural),0,64.94898223876953,0.42410948872566223,-0.19892649352550507,202.9356772468639,tree_cover,0,0,0,0,1,0
25.96218223655958,91.25408487869416,Kamrup (Rural),0,48.739681243896484,2.365748405456543,-0.3218848705291748,57.398877410376805,cropland,0,0,1,0,0,0
25.850708816747037,91.3577831976075,Kamrup (Rural),0,122.49047088623047,25.61766815185547,-0.10884185135364532,243.52281269623663,tree_cover,0,0,0,0,1,0
25.8926575973165,93.48328172361074,Karbi Anglong,0,188.1801300048828,3.588675022125244,1.1557629108428955,390.3545691658806,tree_cover,0,0,0,0,1,0
25.830322198222575,93.71038468664534,Karbi Anglong,0,156.01193237304688,3.650646924972534,-0.28025591373443604,218.56841344436356,tree_cover,0,0,0,0,1,0
26.32608970551921,93.09490546849662,Karbi Anglong,0,114.13477325439453,18.560733795166016,-1.3208634853363037,224.1497818459006,tree_cover,0,0,0,0,1,0
25.869912014670348,93.71581164457912,Karbi Anglong,0,150.42413330078125,6.631486415863037,-0.19490456581115723,114.79775482075361,built_up,0,1,0,0,0,0
25.93320973014192,93.71950415159321,Karbi Anglong,0,149.49351501464844,2.5102035999298096,0.278143972158432,57.398877410376805,tree_cover,0,0,0,0,1,0
26.58836096147166,93.51963504445062,Karbi Anglong,0,200.7891387939453,19.629674911499023,0.9203279614448547,295.4788061625467,tree_cover,0,0,0,0,1,0
26.593662950110883,93.5526943311225,Karbi Anglong,0,179.6270294189453,10.105134010314941,-0.5096293091773987,533.8404186360674,tree_cover,0,0,0,0,1,0
26.333321099745227,93.27592237363011,Karbi Anglong,0,314.45684814453125,4.675851345062256,0.4080902338027954,382.8982700336085,tree_cover,0,0,0,0,1,0
25.804140575987915,93.61197101223074,Karbi Anglong,0,171.6664276123047,2.456496477127075,0.33765947818756104,192.52168758266944,cropland,0,0,1,0,0,0
26.343477463171855,93.71902429086657,Karbi Anglong,0,214.1588897705078,29.668819427490234,0.4510438144207001,245.2081117856406,tree_cover,0,0,0,0,1,0
26.5228215535934,93.28881087044427,Karbi Anglong,0,123.11101531982422,24.064720153808594,-0.33208879828453064,172.19663223113042,tree_cover,0,0,0,0,1,0
25.805216077738173,93.59503326263136,Karbi Anglong,0,177.96656799316406,3.6476433277130127,0.13299188017845154,310.4318934857779,tree_cover,0,0,0,0,1,0
26.583149642883548,93.46932111250275,Karbi Anglong,0,86.037353515625,5.237851619720459,-0.37012380361557007,40.58713544937278,cropland,0,0,1,0,0,0
25.975673493819592,93.7156011044585,Karbi Anglong,0,167.0891876220703,3.95556378364563,-0.5368731021881104,334.69009299802974,tree_cover,0,0,0,0,1,0
25.82512425349511,93.68583492093315,Karbi Anglong,0,158.52442932128906,1.082521915435791,0.04724779725074768,264.5957510418367,bare_sparse_vegetation,1,0,0,0,0,0
26.607084070473302,93.49596848294172,Karbi Anglong,0,85.7669448852539,1.5721946954727173,0.16106748580932617,57.398877410376805,tree_cover,0,0,0,0,1,0
26.04063524236116,93.41441701851222,Karbi Anglong,0,190.49496459960938,20.075387954711914,-0.3924805521965027,208.93506753444217,tree_cover,0,0,0,0,1,0
26.48342471607942,93.15484418688166,Karbi Anglong,0,142.8715362548828,2.8618414402008057,-0.5518121719360352,40.58713544937278,tree_cover,0,0,0,0,1,0
25.96147384258348,93.74104749638713,Karbi Anglong,0,151.1245880126953,3.135845184326172,-0.5831168293952942,192.52168758266944,grassland,0,0,0,1,0,0
26.599074906516073,93.10145139242915,Karbi Anglong,0,68.36884307861328,0.5899519920349121,0.15850909054279327,172.19663223113042,water,0,0,0,0,0,1
25.830572501263525,93.43155261261317,Karbi Anglong,0,174.69308471679688,4.552878379821777,-0.2283470630645752,183.76607157391027,tree_cover,0,0,0,0,1,0
25.955865096881897,93.4864456477042,Karbi Anglong,0,160.0983428955078,17.639175415039062,-0.24433468282222748,103.47729782859263,tree_cover,0,0,0,0,1,0
26.349334342131677,93.31982430584735,Karbi Anglong,0,285.218017578125,0.24807479977607727,0.09403615444898605,57.398877410376805,grassland,0,0,0,1,0,0
26.607648540579646,93.57789368142711,Karbi Anglong,0,79.67424774169922,2.5560359954833984,-0.031289808452129364,28.699438705188403,cropland,0,0,1,0,0,0
26.310282281446046,93.1017785543489,Karbi Anglong,0,122.80835723876953,13.224669456481934,1.3237812519073486,57.398877410376805,tree_cover,0,0,0,0,1,0
25.86505998555019,93.68669363283837,Karbi Anglong,0,175.04946899414062,3.1589267253875732,0.7528932094573975,154.55120729969443,tree_cover,0,0,0,0,1,0
25.85354346734845,93.47682581127603,Karbi Anglong,0,193.7911834716797,12.63879108428955,-1.2467089891433716,174.57187039651046,tree_cover,0,0,0,0,1,0
26.601692490201852,93.54171698850116,Karbi Anglong,0,217.09938049316406,9.835517883300781,0.6558669805526733,64.17389586088981,tree_cover,0,0,0,0,1,0
26.610811854345,93.54203975534962,Karbi Anglong,0,90.32660675048828,3.0561742782592773,0.05490444600582123,121.76140634811831,tree_cover,0,0,0,0,1,0
25.963507723214196,93.45064944519554,Karbi Anglong,0,156.30433654785156,7.802615165710449,0.5109038352966309,202.9356772468639,tree_cover,0,0,0,0,1,0
26.32333085959487,93.26382202818326,Karbi Anglong,0,374.6795959472656,13.026241302490234,1.1237210035324097,231.38227207272448,tree_cover,0,0,0,0,1,0
25.853008933939204,93.69904177759922,Karbi Anglong,0,151.5465850830078,4.881640911102295,-0.24627988040447235,64.17389586088981,cropland,0,0,1,0,0,0
26.58765002182625,93.46235005863596,Karbi Anglong,0,119.9173355102539,2.5537261962890625,0.7868951559066772,258.2949483466956,tree_cover,0,0,0,0,1,0
25.824113876685907,93.57717485860854,Karbi Anglong,0,202.98521423339844,2.532219409942627,0.34012338519096375,270.7499632453624,tree_cover,0,0,0,0,1,0
26.514770881418663,93.46428830316135,Karbi Anglong,0,247.45957946777344,17.039335250854492,1.2030366659164429,114.79775482075361,tree_cover,0,0,0,0,1,0
25.936103748610194,93.71051348877852,Karbi Anglong,0,168.0071258544922,10.678994178771973,0.6628326177597046,143.497193525942,tree_cover,0,0,0,0,1,0
26.298889565534697,93.1988259533164,Karbi Anglong,0,109.73674774169922,0.5564588904380798,-0.015505962073802948,28.699438705188403,cropland,0,0,1,0,0,0
25.83142757376746,93.56007889033404,Karbi Anglong,0,212.64102172851562,4.598416805267334,0.42088034749031067,430.491580577826,tree_cover,0,0,0,0,1,0
25.830018345313373,93.65988007160816,Karbi Anglong,0,155.69879150390625,0.2545337677001953,0.007847461849451065,64.17389586088981,cropland,0,0,1,0,0,0
26.60222927163303,93.56776928856378,Karbi Anglong,0,126.59828186035156,10.915118217468262,-0.32207199931144714,245.2081117856406,tree_cover,0,0,0,0,1,0
25.930422239980395,93.73652092933479,Karbi Anglong,0,145.4357452392578,1.902891993522644,0.21105152368545532,218.56841344436356,built_up,0,1,0,0,0,0
26.567744554982546,93.10143472718782,Karbi Anglong,0,74.79509735107422,6.356283664703369,0.3865782618522644,218.56841344436356,tree_cover,0,0,0,0,1,0
26.30986666612392,93.09154153165879,Karbi Anglong,0,95.4406509399414,16.38517189025879,-1.2615888118743896,121.76140634811831,tree_cover,0,0,0,0,1,0
26.5965799310243,93.09319286483918,Karbi Anglong,0,67.3800277709961,1.31134831905365,-0.1658952683210373,272.266781630367,tree_cover,0,0,0,0,1,0
26.58212268128037,93.09408684735841,Karbi Anglong,0,68.80995178222656,0.8960651159286499,-0.07318369299173355,118.33081717743153,tree_cover,0,0,0,0,1,0
26.321322598393543,93.76982978100227,Karbi Anglong,0,257.87158203125,26.00623893737793,1.3310414552688599,57.398877410376805,tree_cover,0,0,0,0,1,0
26.598252631706952,93.5453488937666,Karbi Anglong,0,217.94004821777344,13.339373588562012,1.1024720668792725,327.2239472579484,tree_cover,0,0,0,0,1,0
25.802970707358686,93.60904870037271,Karbi Anglong,0,169.3905029296875,5.090117454528809,-0.15198436379432678,28.699438705188403,cropland,0,0,1,0,0,0
25.96272590681758,93.74570709086915,Karbi Anglong,0,158.78079223632812,1.2912302017211914,0.035506244748830795,288.4257893831262,tree_cover,0,0,0,0,1,0
25.82455377585196,93.68505197765235,Karbi Anglong,0,157.28433227539062,0.6634089946746826,-0.05382069572806358,183.76607157391027,cropland,0,0,1,0,0,0
26.46959286237389,93.15587993014366,Karbi Anglong,0,188.73825073242188,21.869876861572266,0.7234967350959778,81.17427089874556,tree_cover,0,0,0,0,1,0
26.34595757302551,93.11103987547969,Karbi Anglong,0,188.86302185058594,20.21986198425293,0.49165570735931396,386.1114587016407,tree_cover,0,0,0,0,1,0
24.77514328041822,92.45920384166153,Karimganj,0,17.523244857788086,5.133434772491455,-0.40007513761520386,172.19663223113042,tree_cover,0,0,0,0,1,0
24.776721220526923,92.46531116073136,Karimganj,0,22.402633666992188,6.0167555809021,0.3540370464324951,236.66163435486305,cropland,0,0,1,0,0,0
24.708272028588752,92.27319881944656,Karimganj,0,65.63252258300781,28.321788787841797,1.3291008472442627,128.34779172177963,tree_cover,0,0,0,0,1,0
24.65615967258539,92.49970144365345,Karimganj,0,60.15875244140625,21.554035186767578,0.5532997846603394,517.3864891429631,tree_cover,0,0,0,0,1,0
24.692847895564118,92.4877900432261,Karimganj,0,19.96320152282715,4.623643398284912,-0.23147974908351898,167.34504649901487,cropland,0,0,1,0,0,0
24.64396249142882,92.48867875551612,Karimganj,0,21.304529190063477,3.640422821044922,-1.6956446170806885,243.52281269623663,tree_cover,0,0,0,0,1,0
24.415937832312327,92.50019270208372,Karimganj,0,289.8665466308594,12.342643737792969,1.9108384847640991,671.8366353006442,tree_cover,0,0,0,0,1,0
26.263466753754415,91.98283786963835,Morigaon,0,220.46327209472656,30.956645965576172,-1.5361758470535278,632.0395749211754,tree_cover,0,0,0,0,1,0
26.19245489489206,92.74500209270235,Nagaon,0,65.54068756103516,0.1292945146560669,-0.061221688985824585,28.699438705188403,cropland,0,0,1,0,0,0
26.571613033156513,93.06727619129973,Nagaon,0,120.92086029052734,13.77701473236084,-0.35960492491722107,513.3911668871185,tree_cover,0,0,0,0,1,0
26.08093035635748,92.43155626017708,Nagaon,0,440.1872253417969,10.834527015686035,-0.24710242450237274,121.76140634811831,grassland,0,0,0,1,0,0
26.16281480845872,92.76651015745234,Nagaon,0,283.40576171875,13.181809425354004,0.5746579766273499,350.32129469522266,tree_cover,0,0,0,0,1,0
26.58048103563488,93.10363936560306,Nagaon,0,76.8765869140625,5.15472412109375,1.1943833827972412,390.3545691658806,tree_cover,0,0,0,0,1,0
25.834589304795234,93.10529710864277,Nagaon,0,174.50765991210938,7.207943916320801,0.582409143447876,143.497193525942,tree_cover,0,0,0,0,1,0
26.564156804795154,93.11329764449751,Nagaon,0,81.31841278076172,3.251082420349121,0.944203794002533,202.9356772468639,tree_cover,0,0,0,0,1,0
26.571165678605894,93.07391580470933,Nagaon,0,77.14277648925781,2.3648645877838135,0.4291946589946747,224.1497818459006,tree_cover,0,0,0,0,1,0
26.57817703751502,93.13302330206142,Nagaon,0,67.96781921386719,0.6260775923728943,-0.029794789850711823,386.1114587016407,grassland,0,0,0,1,0,0
25.823574789900423,93.09523142966583,Nagaon,0,205.2963409423828,5.456724643707275,-0.4387168288230896,585.3559919476628,tree_cover,0,0,0,0,1,0
26.178235079410968,92.75975793725873,Nagaon,0,223.36082458496094,28.75102424621582,0.30444300174713135,405.8713544937278,tree_cover,0,0,0,0,1,0
25.83824671298202,93.10365359332452,Nagaon,0,170.9797821044922,6.045295238494873,0.04956350103020668,345.58700552677846,tree_cover,0,0,0,0,1,0
25.79938914525443,93.12481527856961,Nagaon,0,133.5207061767578,2.188560962677002,0.05736279860138893,181.511187753578,tree_cover,0,0,0,0,1,0
26.590919994214307,93.13438569081345,Nagaon,0,65.5,0.5136389136314392,-0.060534387826919556,57.398877410376805,water,0,0,0,0,0,1
26.56408608595683,93.09612540552435,Nagaon,0,79.43144989013672,4.0511322021484375,-0.2771472930908203,200.8960709363188,tree_cover,0,0,0,0,1,0
26.123709587875247,92.43525754598926,Nagaon,0,82.66905212402344,10.253220558166504,-1.2263381481170654,473.3232687097261,tree_cover,0,0,0,0,1,0
26.13334896704427,92.43093631001793,Nagaon,0,69.19862365722656,4.506225109100342,-0.444181889295578,183.76607157391027,tree_cover,0,0,0,0,1,0
26.584114500581403,93.12524974476258,Nagaon,0,71.9369888305664,4.069719314575195,-1.1042227745056152,86.09831611556521,tree_cover,0,0,0,0,1,0
26.14939320853898,92.77056516021767,Nagaon,0,67.75997924804688,0.6016141772270203,-0.01164521835744381,259.88447072384884,cropland,0,0,1,0,0,0
25.834988452094386,93.09170265765476,Nagaon,0,182.48960876464844,5.136806964874268,-0.602053701877594,438.0779191015427,tree_cover,0,0,0,0,1,0
26.119886923229267,92.44484730413973,Nagaon,0,167.64468383789062,7.062840461730957,-1.2977063655853271,192.52168758266944,tree_cover,0,0,0,0,1,0
26.556457662080692,93.07436514107827,Nagaon,0,224.25958251953125,25.221616744995117,1.2356232404708862,81.17427089874556,tree_cover,0,0,0,0,1,0
26.574425787998102,93.13787576835769,Nagaon,0,69.59185791015625,2.273264169692993,0.21052168309688568,154.55120729969443,tree_cover,0,0,0,0,1,0
26.582373055749745,93.09121768386436,Nagaon,0,67.96366882324219,4.721679210662842,-0.6257591247558594,40.58713544937278,tree_cover,0,0,0,0,1,0
26.583264050118395,93.10027668941953,Nagaon,0,69.94668579101562,1.019702434539795,0.06429509073495865,224.1497818459006,grassland,0,0,0,1,0,0
26.080845974039313,92.43256155993755,Nagaon,0,447.9504699707031,15.441815376281738,0.8666073083877563,40.58713544937278,tree_cover,0,0,0,0,1,0
26.19567911222112,92.75245153015358,Nagaon,0,68.22514343261719,2.3568577766418457,-0.29214751720428467,423.74213441012074,tree_cover,0,0,0,0,1,0
26.911481917410256,92.77435238786067,Sonitpur,0,98.46867370605469,0.7341164350509644,0.010618898086249828,426.6478288007844,cropland,0,0,1,0,0,0
26.913172259819387,92.72486609012233,Sonitpur,0,107.74810791015625,0.5469076037406921,0.021013636142015457,206.95459565718525,cropland,0,0,1,0,0,0
26.903049369930333,92.77135958972086,Sonitpur,0,93.52969360351562,0.37149518728256226,-0.013873852789402008,200.8960709363188,cropland,0,0,1,0,0,0
26.95477247208439,93.4142909818728,Sonitpur,0,140.29693603515625,12.594639778137207,0.6525323987007141,40.58713544937278,tree_cover,0,0,0,0,1,0
26.946860623535898,93.41675420501564,Sonitpur,0,127.55536651611328,2.6973087787628174,0.005848545115441084,154.55120729969443,tree_cover,0,0,0,0,1,0
26.915337713461025,92.79493326686976,Sonitpur,0,96.11432647705078,3.267225503921509,0.02798483520746231,183.76607157391027,tree_cover,0,0,0,0,1,0
26.9548457053515,93.47873914076459,Sonitpur,0,196.1464385986328,38.420753479003906,0.5067726373672485,382.8982700336085,tree_cover,0,0,0,0,1,0
26.955352176287512,93.45419412858969,Sonitpur,0,152.83700561523438,9.256678581237793,-0.982451856136322,28.699438705188403,tree_cover,0,0,0,0,1,0
26.951710944029173,93.43214607972088,Sonitpur,0,165.10435485839844,16.0467586517334,3.570958375930786,64.17389586088981,tree_cover,0,0,0,0,1,0
26.908547917479453,92.72474542093127,Sonitpur,0,105.71295166015625,2.9094173908233643,-0.3731916546821594,200.8960709363188,cropland,0,0,1,0,0,0
26.920919617468737,92.76968489902302,Sonitpur,0,157.20370483398438,12.892772674560547,0.21784302592277527,146.3389979869157,tree_cover,0,0,0,0,1,0
26.904943287706843,92.76004849394924,Sonitpur,0,97.00454711914062,0.5433613061904907,-0.03852222114801407,282.65669079876386,cropland,0,0,1,0,0,0
26.914741193406066,92.70149398335789,Sonitpur,0,108.13383483886719,0.9976434111595154,0.21236684918403625,334.69009299802974,tree_cover,0,0,0,0,1,0
26.93440064591326,93.26433166019667,Sonitpur,0,114.52124786376953,0.6428931355476379,0.0846751481294632,64.17389586088981,tree_cover,0,0,0,0,1,0
26.92644576479547,93.4624619421143,Sonitpur,0,114.22882080078125,1.3078844547271729,-0.1656155288219452,202.9356772468639,tree_cover,0,0,0,0,1,0
26.916988893496267,92.75695140797167,Sonitpur,0,115.31932067871094,1.8095608949661255,0.05338163673877716,320.8694793044491,tree_cover,0,0,0,0,1,0
26.90597944980072,92.7457687900878,Sonitpur,0,98.98417663574219,3.6734602451324463,-0.644392192363739,28.699438705188403,tree_cover,0,0,0,0,1,0
26.916881822464525,92.68790431329663,Sonitpur,0,104.29717254638672,0.8541456460952759,-0.17601768672466278,365.284219044355,cropland,0,0,1,0,0,0
26.914423498888873,92.79425602440992,Sonitpur,0,95.1019515991211,2.916802167892456,-0.10637793689966202,183.76607157391027,tree_cover,0,0,0,0,1,0
26.905018321266756,92.74175898669114,Sonitpur,0,102.27006530761719,3.2487027645111084,0.31893929839134216,359.6029362684348,tree_cover,0,0,0,0,1,0
26.909447711808802,92.70872451789144,Sonitpur,0,104.61505889892578,0.5825080275535583,0.001971128396689892,208.93506753444217,cropland,0,0,1,0,0,0
26.92620180937232,93.26904688113316,Sonitpur,0,133.42991638183594,4.907065391540527,-0.15038004517555237,510.97897891375004,tree_cover,0,0,0,0,1,0
26.913921338840147,92.12913282376242,Udalguri,0,307.6617431640625,23.5158748626709,0.16391487419605255,345.58700552677846,tree_cover,0,0,0,0,1,0
26.8714581381933,92.10895424160935,Udalguri,0,201.22711181640625,5.069303512573242,0.4786507189273834,154.55120729969443,tree_cover,0,0,0,0,1,0
25.992059749786225,92.50341715232831,West Karbi Anglong,0,239.42295837402344,24.603546142578125,1.3586446046829224,258.2949483466956,tree_cover,0,0,0,0,1,0
25.968947347069896,92.5802037105784,West Karbi Anglong,0,78.33489227294922,3.5048646926879883,-0.3881455361843109,218.56841344436356,tree_cover,0,0,0,0,1,0
26.044752368219918,92.4069720427636,West Karbi Anglong,0,684.6731567382812,16.544618606567383,0.9708177447319031,434.3013148453115,tree_cover,0,0,0,0,1,0
25.849483472168153,92.66657710336307,West Karbi Anglong,0,421.83349609375,9.87014389038086,-1.3153057098388672,374.19489966966046,tree_cover,0,0,0,0,1,0
25.968091357703667,92.54275252671601,West Karbi Anglong,0,77.59375,6.322532653808594,0.7145932912826538,350.32129469522266,tree_cover,0,0,0,0,1,0
25.979399623821216,92.49126027605152,West Karbi Anglong,0,173.7093505859375,19.924274444580078,-0.316336452960968,218.56841344436356,tree_cover,0,0,0,0,1,0
25.942565549840783,92.27606479808748,West Karbi Anglong,0,643.2603149414062,15.915606498718262,-0.6119093894958496,64.17389586088981,grassland,0,0,0,1,0,0
25.970561240091065,92.5667158991506,West Karbi Anglong,0,72.41947937011719,3.3561365604400635,-0.12318069487810135,128.34779172177963,tree_cover,0,0,0,0,1,0
25.756777865249507,92.49514777359335,West Karbi Anglong,0,820.098388671875,7.5622358322143555,0.868719220161438,315.69382575707243,grassland,0,0,0,1,0,0
25.855981064952193,92.69109929542027,West Karbi Anglong,0,336.9754638671875,16.553150177001953,0.2337120920419693,28.699438705188403,tree_cover,0,0,0,0,1,0
25.820026059659767,92.55402481128795,West Karbi Anglong,0,431.91717529296875,21.816633224487305,0.47653138637542725,57.398877410376805,tree_cover,0,0,0,0,1,0
25.84573256334285,92.72858617230656,West Karbi Anglong,0,118.26321411132812,2.975341558456421,0.30921703577041626,40.58713544937278,tree_cover,0,0,0,0,1,0
25.753368202104827,92.51448176722069,West Karbi Anglong,0,688.0675659179688,13.834012985229492,-0.8493191599845886,316.99566148944325,tree_cover,0,0,0,0,1,0
25.85160975172099,92.70817071889117,West Karbi Anglong,0,315.2592468261719,15.985957145690918,-0.46898773312568665,286.994387051884,tree_cover,0,0,0,0,1,0
25.851265425409935,92.59652756404051,West Karbi Anglong,0,422.51226806640625,7.342987537384033,0.7809224724769592,286.994387051884,grassland,0,0,0,1,0,0
25.949290244563297,92.51298198335887,West Karbi Anglong,0,254.92507934570312,7.928285598754883,-0.012723410502076149,28.699438705188403,tree_cover,0,0,0,0,1,0
25.906393569290707,92.64466427850476,West Karbi Anglong,0,356.8783264160156,26.42967987060547,-1.0646315813064575,121.76140634811831,tree_cover,0,0,0,0,1,0
26.010537788136617,92.50051172332708,West Karbi Anglong,0,214.8810272216797,28.85593032836914,-1.2762833833694458,202.9356772468639,tree_cover,0,0,0,0,1,0
25.935069018729067,92.5985518875313,West Karbi Anglong,0,352.918212890625,16.931066513061523,-0.8659922480583191,90.755593876789,grassland,0,0,0,1,0,0
25.93855238847693,92.50590127789376,West Karbi Anglong,0,382.19720458984375,17.82789421081543,0.05566584691405296,200.8960709363188,tree_cover,0,0,0,0,1,0
25.925809518485806,92.6838106509681,West Karbi Anglong,0,109.5967025756836,11.488203048706055,0.03816652670502663,467.193013890522,tree_cover,0,0,0,0,1,0
25.89413984125184,92.67184616697327,West Karbi Anglong,0,246.0407257080078,16.912750244140625,-1.1532137393951416,121.76140634811831,tree_cover,0,0,0,0,1,0
25.857294617232416,92.57847726446835,West Karbi Anglong,0,443.7236633300781,5.67325496673584,-0.43127694725990295,580.4102280586399,tree_cover,0,0,0,0,1,0
25.840376198911933,92.5795038094928,West Karbi Anglong,0,423.7044372558594,9.96895694732666,1.345406174659729,386.1114587016407,tree_cover,0,0,0,0,1,0
25.949408465332972,92.59362003038378,West Karbi Anglong,0,236.58189392089844,13.570036888122559,0.2834126651287079,405.8713544937278,tree_cover,0,0,0,0,1,0
25.775504647007523,92.5167741400391,West Karbi Anglong,0,688.414794921875,6.119546413421631,0.44172540307044983,57.398877410376805,tree_cover,0,0,0,0,1,0
25.86412118358317,92.59699012327016,West Karbi Anglong,0,407.7160949707031,18.37614631652832,0.40676382184028625,181.511187753578,tree_cover,0,0,0,0,1,0
25.988532618681216,92.25579473419697,West Karbi Anglong,0,724.626953125,12.59013557434082,-1.235497236251831,410.91342799735514,grassland,0,0,0,1,0,0
26.049937195200815,92.28111265409478,West Karbi Anglong,0,159.37350463867188,11.101907730102539,0.1579570323228836,231.38227207272448,tree_cover,0,0,0,0,1,0
25.99240751907742,92.27026170823036,West Karbi Anglong,0,673.7022094726562,21.45427131652832,0.5230603814125061,64.17389586088981,tree_cover,0,0,0,0,1,0
26.018865926557865,92.28204615251326,West Karbi Anglong,0,366.1662292480469,13.378807067871094,-0.12518887221813202,90.755593876789,tree_cover,0,0,0,0,1,0
25.79895543470144,92.55088822110486,West Karbi Anglong,0,593.283447265625,5.968509197235107,-0.3824581801891327,118.33081717743153,tree_cover,0,0,0,0,1,0
26.050353516448173,92.46126085331376,West Karbi Anglong,0,398.3371276855469,13.307798385620117,-0.764686644077301,401.7921418726376,tree_cover,0,0,0,0,1,0
25.789816397359754,92.51824282497817,West Karbi Anglong,0,715.6002197265625,14.653107643127441,0.5497817397117615,316.99566148944325,tree_cover,0,0,0,0,1,0
25.777431070514833,92.51673260759014,West Karbi Anglong,0,680.8592529296875,0.9908191561698914,-0.22054405510425568,0.0,cropland,0,0,1,0,0,0
25.851143832761373,92.68195881269696,West Karbi Anglong,0,437.1086120605469,29.209850311279297,-0.05643651634454727,316.99566148944325,tree_cover,0,0,0,0,1,0
25.98678962910529,92.49748265405111,West Karbi Anglong,0,130.77757263183594,22.230072021484375,-0.042171772569417953,327.2239472579484,tree_cover,0,0,0,0,1,0
25.754347993807528,92.51491494114461,West Karbi Anglong,0,693.4789428710938,20.857006072998047,-0.26801416277885437,299.63093671585784,tree_cover,0,0,0,0,1,0
25.851085848100443,92.6153068411133,West Karbi Anglong,0,370.1939697265625,8.432600021362305,0.48098495602607727,202.9356772468639,tree_cover,0,0,0,0,1,0
25.786136388801097,92.53369407270581,West Karbi Anglong,0,666.5191040039062,10.916107177734375,1.008758306503296,346.77663729115096,tree_cover,0,0,0,0,1,0
26.06761824389948,92.27957893178484,West Karbi Anglong,0,67.65505981445312,20.19686508178711,-0.524034857749939,86.09831611556521,tree_cover,0,0,0,0,1,0
25.854108601008928,92.62782657539394,West Karbi Anglong,0,310.39239501953125,2.207948684692383,-0.9455190896987915,28.699438705188403,tree_cover,0,0,0,0,1,0
25.849542832201045,92.71477264099819,West Karbi Anglong,0,229.77047729492188,36.5999641418457,-1.4271042346954346,183.76607157391027,tree_cover,0,0,0,0,1,0
25.84215944236423,92.72775172368264,West Karbi Anglong,0,126.88777160644531,12.986248970031738,-0.4080161452293396,270.7499632453624,tree_cover,0,0,0,0,1,0
26.062422363772615,92.27811251502074,West Karbi Anglong,0,102.26226043701172,16.342470169067383,0.4738970398902893,477.65385543510894,tree_cover,0,0,0,0,1,0
25.98717445644368,92.50325120692669,West Karbi Anglong,0,73.07796478271484,2.3286752700805664,-0.24450142681598663,28.699438705188403,cropland,0,0,1,0,0,0
25.96837632875289,92.36171297206413,West Karbi Anglong,0,656.018310546875,12.704059600830078,1.0037193298339844,327.2239472579484,tree_cover,0,0,0,0,1,0
25.878919495119366,92.70840622488248,West Karbi Anglong,0,188.49647521972656,16.757986068725586,-1.2433521747589111,154.55120729969443,tree_cover,0,0,0,0,1,0
25.894349132029433,92.67740115281724,West Karbi Anglong,0,224.81141662597656,5.864135265350342,0.18786482512950897,57.398877410376805,tree_cover,0,0,0,0,1,0
25.84680384172079,92.55127877123881,West Karbi Anglong,0,459.62054443359375,21.18538475036621,-1.3814349174499512,28.699438705188403,tree_cover,0,0,0,0,1,0
25.871294497337054,92.62175295393935,West Karbi Anglong,0,443.97442626953125,29.588125228881836,-0.7730231881141663,167.34504649901487,tree_cover,0,0,0,0,1,0
26.00018911045754,92.27428580380905,West Karbi Anglong,0,687.642822265625,23.1253604888916,0.9856975078582764,345.58700552677846,tree_cover,0,0,0,0,1,0
25.828238090173723,92.47911597435535,West Karbi Anglong,0,605.7841796875,19.936094284057617,-0.3654886782169342,143.497193525942,tree_cover,0,0,0,0,1,0
25.973601203021992,92.59652635424978,West Karbi Anglong,0,72.13702392578125,2.2347891330718994,0.2425377070903778,224.1497818459006,tree_cover,0,0,0,0,1,0
25.920047848824414,92.67608730056413,West Karbi Anglong,0,128.38124084472656,14.034093856811523,0.4337371587753296,64.17389586088981,tree_cover,0,0,0,0,1,0
26.00000124383444,92.35969963319917,West Karbi Anglong,0,529.47412109375,13.199487686157227,0.2325190305709839,264.5957510418367,tree_cover,0,0,0,0,1,0
25.87511957618309,92.6990591234167,West Karbi Anglong,0,286.841796875,6.16010046005249,0.28293099999427795,563.8545059226238,tree_cover,0,0,0,0,1,0
25.785649059088577,92.54060044559736,West Karbi Anglong,0,731.9176635742188,13.575114250183105,1.469038963317871,588.8632491665588,tree_cover,0,0,0,0,1,0
25.958806511399942,92.61232200647122,West Karbi Anglong,0,331.8410339355469,15.715476036071777,0.5332050323486328,417.87013506888434,tree_cover,0,0,0,0,1,0
25.843475202660365,92.57188293908153,West Karbi Anglong,0,421.54803466796875,5.526002407073975,0.25810664892196655,103.47729782859263,tree_cover,0,0,0,0,1,0
26.017225340651063,92.48693236380657,West Karbi Anglong,0,388.9182434082031,29.43172836303711,-0.4015766382217407,377.48218008902865,tree_cover,0,0,0,0,1,0
25.820174135485093,92.48066879304247,West Karbi Anglong,0,619.7484741210938,7.5300679206848145,0.8810498714447021,28.699438705188403,tree_cover,0,0,0,0,1,0
25.908755520022012,92.64565284972454,West Karbi Anglong,0,341.3092041015625,16.8497257232666,-0.07900815457105637,64.17389586088981,tree_cover,0,0,0,0,1,0
