sample_id,lat,lon,elevation,slope_deg,aspect_deg,drainage_density,lithology,landuse,mean_annual_rainfall_mm,label,district,date,landslide_type,area_m2,curvature,distance_to_drainage,terrain_ruggedness
SKM/NS/78A10/2017/204,27.638694,88.711694,2291.8,21.05,114.9,0.2235,,forest,2957.9,1,North Sikkim,,Slide,8400.0,0.013847,0.0,31.37
SKM/SS/78A07/2015/286,27.272056,88.394139,1037.0,29.04,132.11,0.0941,,forest,5317.1,1,South Sikkim,,Slide,4800.0,-0.007547,242.3,40.19
SKM/SS/78A08/2015/211,27.168167,88.384556,1544.6,35.1,251.96,0.0706,,built-up,4358.5,1,South Sikkim,,Slide,300.0,0.000663,236.9,50.92
NEG-0584,27.253518,88.466484,719.2,4.6,165.06,0.0,,forest,5646.8,0,,,,,-0.01644,650.5,16.87
 ,27.263528,88.190472,1045.0,34.8,358.08,0.0941,,forest,5768.4,1,West Sikkim,Initiation of slide in March 2022,,,0.002857,223.8,49.32
NEG-0154,27.294229,88.605597,969.4,30.09,296.07,0.1294,,forest,5380.1,0,,,,,0.005058,178.8,42.26
SKM/NS/78A04/2017/44,27.246944,88.184833,1633.8,34.59,343.59,0.1294,,forest,5988.0,1,West Sikkim,,Slide,1100.0,0.006294,124.7,50.7
NEG-0738,27.213674,88.564373,1183.7,29.32,143.69,0.0,,forest,4468.1,0,,,,,-0.006986,382.0,40.41
NEG-0576,27.327113,88.267498,869.6,28.29,6.12,0.2,,forest,4405.7,0,,,,,-0.024768,146.9,44.54
NEG-0430,27.281683,88.468712,1611.8,17.64,267.83,0.0,,forest,6040.8,0,,,,,-0.001462,264.5,23.31
NEG-0320,27.387535,88.803275,4047.3,14.69,247.37,0.2353,,grassland,3520.6,0,,,,,0.007184,158.3,20.37
NEG-0110,27.102017,88.434762,902.8,22.59,54.02,0.0,,forest,3741.8,0,,,,,0.014428,489.1,32.53
NEG-0507,27.225493,88.742861,1442.4,38.51,186.83,0.1647,,forest,4368.1,0,,,,,-0.001364,223.8,57.45
NEG-0720,27.318414,88.441748,902.0,23.59,63.03,0.0,,forest,6910.8,0,,,,,-0.001566,411.4,30.98
NEG-0221,27.168855,88.201844,1597.3,18.79,250.56,0.0,,built-up,6372.8,0,,,,,0.002248,500.5,24.79
NEG-0652,27.343859,88.466805,937.9,9.04,95.08,0.0118,,forest,7308.3,0,,,,,-0.001281,242.3,11.62
NEG-0736,27.150847,88.420243,1247.2,35.48,185.34,0.1176,,forest,4111.2,0,,,,,0.005673,166.2,51.33
SKM/NS/78A03/2017/22,27.281444,88.187833,1741.4,31.44,97.29,0.0,,forest,5572.3,1,West Sikkim,,Slide,21.0,0.005986,409.3,43.71
SKM/NS/78A03/2017/50,27.339806,88.227361,1185.3,37.65,99.2,0.0,,forest,4612.3,1,West Sikkim,,Slide,240.0,0.00155,302.6,55.05
SKM/NS/78A10/2017/179,27.535056,88.610194,1430.8,37.78,283.5,0.0,,forest,5781.5,1,North Sikkim,,Slide,3000.0,-0.009848,457.2,57.73
SKM/NS/78A11/2015/05,27.418472,88.616083,1400.4,17.83,190.95,0.0,,forest,6004.6,1,North Sikkim,,Slide,48.0,0.008677,474.8,25.78
SKM/WS/78A08/2015/369,27.219917,88.276306,1539.9,37.92,153.36,0.0,,forest,4047.6,1,West Sikkim,,Slide,1125.0,-0.000966,681.6,56.0
SKM/NS/78A04/2017/117,27.158972,88.090944,2194.8,32.91,316.77,0.1176,,forest,3914.8,1,West Sikkim,,Slide,900.0,-0.002888,211.9,47.56
NEG-0394,27.342,88.593723,1107.5,5.41,144.34,0.3176,,grassland,5752.6,0,,,,,0.003013,29.4,7.47
SKM/NS/78A04/2017/87,27.220806,88.237361,1296.4,22.03,196.09,0.0235,,forest,5296.0,1,West Sikkim,,Slide,8000.0,0.008717,205.7,30.31
 ,27.247222,88.606667,1282.6,27.66,271.75,0.0,,built-up,4759.1,1,East Sikkim,Reactivated in September 2021.,,,0.000446,464.7,37.4
NEG-0735,27.176625,88.295891,570.7,32.21,243.07,0.0824,,forest,3741.5,0,,,,,0.005201,83.1,45.98
SKM/SS/78A08/2015/232,27.152861,88.390361,1228.5,27.49,216.09,0.2941,,forest,4162.2,1,South Sikkim,,Slide,1000.0,-0.005576,58.8,39.65
NEG-0339,27.198352,88.387529,1681.5,34.22,290.56,0.0,,forest,4643.9,0,,,,,-0.006774,411.4,49.24
NEG-0553,27.274869,88.425498,769.9,20.36,163.67,0.0,,forest,5793.8,0,,,,,0.000371,441.8,27.88
NEG-0340,27.664499,88.729227,2538.5,13.9,201.89,0.3176,,bare/sparse vegetation,2397.9,0,,,,,-0.005033,58.8,18.69
NEG-0550,27.27624,88.316927,1715.4,20.22,212.08,0.0,,forest,4555.2,0,,,,,-0.008578,780.9,28.51
NEG-0756,27.13001,88.395433,1434.5,27.62,126.36,0.0,,forest,4014.2,0,,,,,-0.003779,408.3,37.78
SKM/NS/78A15/2017/162,27.265389,88.788278,3538.0,25.44,171.93,0.0,,built-up,3978.3,1,East Sikkim,,Slide,2000.0,0.000848,635.8,34.06
NEG-0453,27.325357,88.286325,1261.6,37.89,209.39,0.0,,forest,4406.9,0,,,,,-0.000905,652.5,56.13
NEG-0538,27.686609,88.752949,2912.7,31.51,265.41,0.0,,forest,2136.1,0,,,,,-0.009078,433.9,44.83
SKM/NS/78A10/2017/227,27.629944,88.619833,1878.3,43.31,254.1,0.1882,,forest,4321.9,1,North Sikkim,,Slide,2000.0,0.002251,166.2,68.0
NEG-0638,27.678459,88.82709,4624.6,22.21,193.09,0.1882,,bare/sparse vegetation,1914.9,0,,,,,-0.002681,205.7,29.38
NEG-0425,27.16826,88.294787,546.9,30.23,169.08,0.0,,grassland,3714.6,0,,,,,-0.009787,335.1,43.06
 ,27.363889,88.620833,1700.9,27.95,227.35,0.2588,,forest,5730.1,1,East Sikkim,New slide,,,-0.003791,146.9,38.23
NEG-0118,27.165641,88.15441,1595.2,38.71,84.82,0.0941,,forest,5928.1,0,,,,,0.001064,146.9,57.71
NEG-0185,27.151217,88.096627,2306.7,32.69,288.83,0.0,,forest,3956.6,0,,,,,-0.013652,399.7,46.62
SKM/NS/78A11/2015/25,27.417778,88.623389,1400.2,29.01,91.18,0.1294,,forest,5945.9,1,North Sikkim,,Fall,35.0,-0.008996,251.1,40.63
SKM/NS/78A10/2017/192,27.553556,88.581222,1858.5,23.84,253.27,0.2824,,forest,6940.2,1,North Sikkim,,Slide,1600.0,-0.017477,178.8,34.28
SKM/NS/78A03/2017/29,27.281611,88.229556,1284.3,39.61,129.54,0.0353,,forest,5123.1,1,West Sikkim,,Slide,1.0,0.003905,235.1,59.15
SKM/NS/78A04/2017/132,27.160056,88.091806,2161.5,37.07,326.17,0.2,,forest,3908.3,1,West Sikkim,,Slide,1500.0,0.009879,117.6,56.05
SKM/ES/78A11/2015/415,27.370083,88.67925,2583.2,38.65,246.89,0.0,,built-up,4582.9,1,East Sikkim,,Slide,3000.0,0.015817,323.3,58.5
NEG-0274,27.629516,88.6964,2090.6,32.86,174.6,0.2235,,grassland,3410.6,0,,,,,0.00032,92.9,46.98
SKM/ES/78A12/2015/28,27.22975,88.619361,1204.0,33.13,239.24,0.0,,forest,4220.4,1,East Sikkim,,Slide,18.0,-0.005204,646.5,48.04
NEG-0410,27.222682,88.293958,967.3,23.32,33.23,0.0,,forest,4099.7,0,,,,,0.005126,344.0,31.85
SKM/WS/78A08/2015/366,27.20175,88.268194,1138.9,33.58,33.96,0.2,,forest,4087.8,1,West Sikkim,,Slide,300.0,-0.010733,171.4,49.1
NEG-0000,27.134874,88.30444,701.0,29.87,226.43,0.0706,,forest,3665.0,0,,,,,-0.002998,251.1,40.93
NEG-0733,28.076444,88.59762,5478.5,27.09,121.56,0.0,,bare/sparse vegetation,1149.0,0,,,,,0.001941,823.4,36.87
NEG-0335,27.316847,88.843277,4099.2,19.82,111.82,0.0,,grassland,3480.4,0,,,,,0.001062,705.3,26.27
NEG-0424,27.258098,88.159674,1450.5,32.08,331.99,0.0,,forest,5127.3,0,,,,,-0.008668,353.9,45.84
SKM/SS/78A07/2015/330,27.270056,88.430139,478.7,28.84,341.6,0.2,,forest,5755.6,1,South Sikkim,,Slide,300.0,0.00702,41.6,40.7
SKM/NS/78A10/2017/176,27.527722,88.607972,1517.6,46.19,271.56,0.1882,,forest,5846.6,1,North Sikkim,,Slide,24000.0,0.030685,117.6,79.99
SKM/SS/78A07/2015/283,27.306861,88.368444,1953.3,28.84,96.0,0.0,,forest,4977.1,1,South Sikkim,,Slide,150.0,-0.008078,557.6,40.07
SKM/NS/78A10/2017/201,27.6295,88.692778,2086.9,48.49,193.71,0.2353,,forest,3492.1,1,North Sikkim,,Slide,8000.0,-0.00604,146.9,81.75
SKM/WS/78A07/2015/355,27.389222,88.310972,1428.8,46.32,219.25,0.0824,,grassland,6006.7,1,West Sikkim,,Fall,3500.0,-0.011097,207.8,76.66
SKM/ES/78A12/2015/135,27.193794,88.650528,1156.8,21.43,285.38,0.0,,forest,3762.8,1,East Sikkim,,Slide,1500.0,-0.013468,433.9,33.95
NEG-0104,28.024904,88.724926,5339.3,17.67,207.91,0.0235,,bare/sparse vegetation,837.8,0,,,,,0.001675,312.4,23.5
SKM/WS/78A08/2015/390,27.237917,88.30475,843.1,34.11,286.81,0.0,,forest,4247.6,1,West Sikkim,,Slide,60000.0,-0.019959,457.2,53.18
 ,27.393367,88.522369,1047.9,36.88,316.64,0.0,,forest,6750.3,1,East Sikkim,Initiation  of  slide  in  2016.  Reactivated  in  2019  &  recent  episode  on 26th March 2023.,,,0.005218,744.0,53.42
NEG-0646,27.248753,88.519806,749.0,17.2,115.8,0.0941,,forest,5621.4,0,,,,,0.000792,188.2,22.26
 ,27.252528,88.527778,689.1,38.46,125.62,0.0,,forest,5642.6,1,East Sikkim,New slide initiated in the month of July 2021.,,,0.004055,386.5,57.4
NEG-0094,27.370792,88.582597,1941.9,17.2,342.27,0.0,,forest,5920.8,0,,,,,-0.003124,335.1,22.8
SKM/SS/78A08/2015/325,27.137667,88.342694,1226.5,35.51,123.66,0.0,,forest,3978.5,1,South Sikkim,,Slide,2625.0,0.009091,302.6,52.72
SKM/ES/78A11/2015/15,27.257083,88.65975,1644.4,25.9,154.79,0.0,,forest,4392.8,1,East Sikkim,,Slide,56.0,0.022146,383.2,40.43
 ,27.260667,88.533833,952.0,36.17,305.91,0.0,,forest,5671.7,1,East Sikkim,Slide initiated in September 2021 and again reactivated in the month of October 2021.,,,0.002231,352.7,52.0
NEG-0716,27.364924,88.560485,1937.0,15.34,8.04,0.1176,,forest,6022.9,0,,,,,-0.012359,41.6,21.34
SKM/SS/78A08/2015/217,27.133583,88.404583,1829.1,45.44,259.45,0.0,,forest,4024.8,1,South Sikkim,,Fall,3500.0,-0.001694,420.8,73.38
SKM/SS/78A07/2015/338,27.29975,88.419778,1341.8,26.64,120.3,0.0,,forest,6229.7,1,South Sikkim,,Slide,450.0,-0.002495,436.9,36.34
NEG-0715,27.189067,88.235804,1245.0,19.43,242.59,0.2824,,forest,5231.8,0,,,,,0.003238,92.9,26.35
SKM/SS/78A08/2015/214,27.16375,88.406417,1560.5,21.64,286.47,0.0,,forest,4254.8,1,South Sikkim,,Slide,600.0,0.017225,399.7,36.16
NEG-0143,27.274222,88.455172,1168.4,22.01,307.48,0.0706,,forest,6115.9,0,,,,,0.0048,235.1,28.9
NEG-0353,27.733089,88.549366,2720.5,29.32,129.26,0.0235,,grassland,4394.2,0,,,,,-0.007947,312.4,42.6
SKM/SS/78A08/2015/261,27.101083,88.3615,374.5,49.55,287.4,0.1765,,forest,3866.0,1,South Sikkim,,Slide,9000.0,-0.011556,117.6,84.67
NEG-0565,27.344069,88.615243,1745.9,14.03,290.51,0.0,,built-up,5669.1,0,,,,,0.002416,374.0,18.53
SKM/SS/78A08/2015/248,27.096444,88.433375,883.7,31.8,149.73,0.0,,forest,3703.7,1,South Sikkim,,Slide,300.0,0.000667,725.8,44.81
NEG-0759,27.686354,88.747225,2689.7,8.56,288.13,0.1059,,built-up,2141.6,0,,,,,0.002993,223.8,11.21
NEG-0060,27.165411,88.363852,1442.3,6.13,126.11,0.0,,built-up,4258.2,0,,,,,-0.002773,715.0,8.29
SKM/SS/78A08/2015/260,27.097833,88.3785,278.1,24.15,170.38,0.2118,,forest,3838.0,1,South Sikkim,,Slide,4500.0,0.022005,149.8,38.54
SKM/ES/78A12/2015/102,27.18815,88.562083,453.4,28.59,181.52,0.0353,,forest,3850.2,1,East Sikkim,,Slide,30000.0,0.001881,249.4,38.81
NEG-0342,27.127528,88.160119,1021.4,19.35,90.62,0.0,,forest,5688.4,0,,,,,0.003175,473.9,26.41
SKM/WS/78A08/2015/269,27.155028,88.319556,1416.6,38.21,300.12,0.0,,forest,3872.4,1,West Sikkim,,Slide,1250.0,-0.002824,810.7,55.64
NEG-0413,27.179426,88.426221,1428.8,38.42,287.35,0.0824,,forest,4492.9,0,,,,,-0.014623,188.2,58.32
NEG-0023,27.323591,88.21017,1665.5,26.43,166.17,0.0,,forest,4914.0,0,,,,,0.009404,884.1,36.87
NEG-0589,27.977444,88.473058,5071.0,20.26,181.69,0.0,,grassland,1294.4,0,,,,,-0.003086,500.5,26.94
NEG-0074,27.266721,88.19461,1037.3,35.19,320.89,0.1176,,forest,5702.2,0,,,,,-0.0219,188.2,54.01
SK/ED/78A12/2017/01,27.24144,88.60681,1387.6,20.27,143.31,0.0,,forest,4609.7,1,East Sikkim,,Fall and Slide,30000.0,0.00177,791.3,27.44
NEG-0045,27.171893,88.483683,1177.2,30.18,337.4,0.0,,forest,4185.4,0,,,,,-0.020533,457.2,45.57
SKM/SS/78A07/2015/342,27.366944,88.449806,1681.5,28.74,117.44,0.0,,forest,6786.3,1,South Sikkim,,Slide,4000.0,0.010556,744.0,41.0
NEG-0369,27.295715,88.465838,1431.8,28.34,330.03,0.0,,forest,6381.8,0,,,,,0.021145,758.4,42.84
NEG-0621,27.356676,88.459474,1217.6,14.72,188.86,0.0941,,forest,7198.5,0,,,,,-0.006397,188.2,22.01
SKM/SS/78A08/2015/188,27.2215,88.370667,1780.5,29.61,125.35,0.0,,forest,4471.2,1,South Sikkim,,Slide,2400.0,0.026264,577.4,46.57
NEG-0300,27.136121,88.144064,1595.0,36.72,90.17,0.0118,,forest,5471.9,0,,,,,-0.005212,262.9,53.21
NEG-0358,27.303894,88.410151,1650.6,20.9,87.54,0.0,,forest,6084.3,0,,,,,-0.005954,748.1,28.03
NEG-0263,27.195114,88.429276,1310.2,24.31,130.07,0.0,,grassland,4751.2,0,,,,,0.004927,383.2,33.54
NEG-0686,27.365391,88.561481,1937.7,4.67,296.89,0.1294,,forest,6015.2,0,,,,,-0.01748,65.7,16.38
NEG-0220,27.225636,88.733857,1547.1,29.91,145.08,0.0,,forest,4427.4,0,,,,,-0.007492,440.8,41.82
NEG-0496,27.210601,88.594112,1330.2,14.13,95.35,0.0,,forest,3997.4,0,,,,,0.009958,657.1,20.16
 ,27.557044,88.579322,1923.7,27.49,193.0,0.3412,,forest,6916.3,1,North Sikkim,From 2019 onwards,,,0.025506,106.0,45.42
SKM/NS/78A03/2017/66,27.261778,88.197194,1361.8,38.49,355.3,0.0,,forest,5729.1,1,West Sikkim,,Slide,3500.0,-0.021237,681.6,59.86
SKM/ES/78A12/2015/37,27.214806,88.588083,1454.6,32.51,229.96,0.0,,forest,4186.0,1,East Sikkim,,Slide,24.0,0.006597,613.6,46.71
NEG-0757,27.236367,88.329025,1574.6,25.7,356.22,0.0,,forest,4273.2,0,,,,,0.000853,749.2,34.95
NEG-0637,27.25075,88.135303,1714.1,29.36,62.21,0.0,,forest,4440.0,0,,,,,0.014403,578.9,42.71
NEG-0750,27.211512,88.276871,1165.6,32.72,103.44,0.0,,forest,3976.1,0,,,,,0.001351,478.4,47.01
NEG-0226,27.230597,88.246761,1585.9,31.86,202.7,0.0,,forest,5011.8,0,,,,,-0.004114,505.6,46.37
NEG-0560,27.169989,88.358181,1316.9,16.25,292.65,0.0,,forest,4219.3,0,,,,,0.021661,532.2,29.45
SKM/ES/78A11/2015/98,27.293556,88.642056,1446.6,31.1,187.05,0.0,,forest,4824.9,1,East Sikkim,,Slide,225.0,0.009725,427.9,44.13
NEG-0266,27.24302,88.474052,368.3,39.33,38.06,0.2706,,forest,5522.7,0,,,,,0.019529,124.7,59.57
 ,27.301408,88.3916,1797.4,35.86,214.46,0.0,,forest,5561.2,1,South Sikkim,"Old slide, Reactivated on 18.11.2022",,,-0.004352,652.5,52.05
NEG-0082,27.372867,88.601042,1926.8,10.3,30.47,0.0,,built-up,5851.2,0,,,,,0.006453,836.4,14.5
SKM/WS/78A08/2015/316,27.123889,88.319778,402.4,40.84,324.69,0.2235,,forest,3743.2,1,West Sikkim,,Slide,4000.0,0.003794,92.9,62.5
SKM/ES/78A11/2015/126,27.258222,88.704778,1225.3,21.83,102.22,0.0,,forest,4380.6,1,East Sikkim,,Slide,1000.0,0.0091,411.4,29.37
SKM/WS/78A08/2015/388,27.242139,88.327389,1311.2,27.79,33.25,0.0,,forest,4321.0,1,West Sikkim,,Slide,3000.0,-0.001374,464.7,39.15
NEG-0469,27.143606,88.261449,1207.4,26.18,110.24,0.0,,forest,3509.4,0,,,,,-0.013885,698.5,37.37
NEG-0495,27.215028,88.584232,1247.5,27.39,245.28,0.0235,,forest,4237.2,0,,,,,-0.013746,270.9,40.49
NEG-0272,27.768304,88.718291,3429.3,11.61,105.53,0.4,,forest,2317.3,0,,,,,0.00531,58.8,15.88
NEG-0411,27.677314,88.815101,4356.4,33.4,212.12,0.0,,moss/lichen,1967.2,0,,,,,0.006814,353.9,47.81
 ,27.286667,88.553472,1693.6,52.94,230.27,0.0,,forest,5722.7,1,East Sikkim,Slide initiated on 27th August 2021.,,,0.036221,523.2,99.05
NEG-0035,27.313817,88.841222,4113.7,18.01,226.65,0.0,,grassland,3501.3,0,,,,,-0.004084,764.1,23.4
NEG-0186,27.297954,88.87134,3772.0,31.82,146.68,0.0,,moss/lichen,3419.1,0,,,,,0.003603,769.2,44.36
 ,27.289556,88.377483,1523.7,22.91,122.83,0.1765,,forest,5097.5,1,South Sikkim,may have occurred in the monsoon of 2020.,,,-0.007308,41.6,30.94
SKM/SS/78A08/2015/297,27.172444,88.386972,1772.0,40.8,244.32,0.0,,forest,4426.2,1,South Sikkim,,Slide,5000.0,0.012462,264.5,63.4
SKM/NS/78A04/2017/140,27.158056,88.141528,2025.9,38.79,127.67,0.0824,,forest,5545.8,1,West Sikkim,,Slide,1500.0,0.007361,223.8,58.43
NEG-0511,27.228422,88.676717,1080.9,19.18,137.03,0.2471,,forest,4198.9,0,,,,,-0.004619,117.6,26.64
NEG-0344,27.215696,88.599026,1221.0,22.95,44.23,0.0,,forest,4066.6,0,,,,,-0.002874,558.4,31.19
SKM/NS/78A11/2015/85,27.426,88.514,672.8,28.53,242.11,0.2588,,forest,6363.4,1,North Sikkim,,Slide,750.0,-0.000895,166.2,39.34
SKM/NS/78A10/2017/202,27.629361,88.695194,2068.3,39.95,180.26,0.2471,,forest,3440.8,1,North Sikkim,,Slide,2400.0,0.010674,88.2,61.73
NEG-0375,27.206248,88.384306,1350.2,37.02,310.31,0.0,,forest,4619.3,0,,,,,0.014973,415.6,55.98
NEG-0280,27.242851,88.618202,1183.7,42.56,175.54,0.2118,,forest,4499.7,0,,,,,-0.005897,58.8,66.09
NEG-0161,27.948012,88.443715,4586.5,4.19,273.1,0.3176,,grassland,1365.4,0,,,,,0.004261,65.7,6.57
NEG-0242,27.174611,88.298501,515.5,30.99,150.24,0.0353,,forest,3757.6,0,,,,,0.004525,290.9,43.61
SKM/NS/78A15/2017/154,27.361583,88.839306,3826.1,34.43,269.58,0.1059,,grassland,3368.6,1,East Sikkim,,Slide,800.0,0.00439,251.1,49.47
NEG-0513,27.244052,88.603173,1335.0,34.75,349.02,0.0,,forest,4723.1,0,,,,,0.006119,619.9,49.71
SKM/SS/78A08/2015/209,27.202417,88.391583,1652.6,28.41,274.69,0.0471,,forest,4708.4,1,South Sikkim,,Slide,1500.0,0.010602,149.8,40.42
 ,27.195589,88.628028,589.3,41.29,14.32,0.2,,forest,3788.6,1,East Sikkim,It is a new slide triggered in 18th – 19th October 2021.,,,0.003859,185.9,63.63
NEG-0326,27.316589,88.596876,1199.9,19.85,307.65,0.0235,,forest,5646.5,0,,,,,0.004398,290.9,27.76
SKM/SS/78A08/2015/226,27.126306,88.378667,1123.6,41.74,222.66,0.0,,grassland,4014.5,1,South Sikkim,,Slide,320.0,0.00847,587.8,64.1
NEG-0294,27.332625,88.61818,1687.7,32.89,119.96,0.0,,forest,5613.6,0,,,,,0.003976,499.6,48.03
NEG-0236,27.121456,88.346865,879.1,8.59,104.85,0.0,,forest,3904.0,0,,,,,-0.003448,725.8,13.11
NEG-0027,27.125697,88.145814,1490.6,36.77,178.88,0.0,,forest,5449.4,0,,,,,0.012104,735.3,55.62
SKM/NS/78A03/2017/27,27.285,88.197583,1771.9,32.14,167.32,0.0,,forest,5461.9,1,West Sikkim,,Slide,2.0,0.003144,693.6,45.06
SKM/NS/78A03/2017/65,27.320111,88.177833,1688.7,18.39,93.3,0.0118,,forest,4961.9,1,West Sikkim,,Slide,150.0,-0.003251,262.9,26.24
NEG-0129,27.122421,88.317394,316.4,26.53,248.43,0.0941,,forest,3717.6,0,,,,,0.000928,178.8,36.28
NEG-0433,27.228621,88.444597,1189.6,27.95,4.04,0.0,,forest,5294.5,0,,,,,0.002744,363.5,38.12
SKM/NS/78A10/2017/189,27.552861,88.622306,1756.3,34.63,203.76,0.0235,,forest,5360.2,1,North Sikkim,,Slide,2600.0,-0.002737,223.8,49.6
NEG-0470,27.16134,88.300899,633.3,28.34,303.59,0.2353,,forest,3745.3,0,,,,,-0.003759,176.3,39.02
NEG-0649,27.445144,88.517017,832.2,39.76,295.38,0.0,,forest,6610.0,0,,,,,-0.01031,289.4,60.33
NEG-0172,27.306719,88.360524,1979.5,23.83,252.45,0.0,,forest,4839.5,0,,,,,-0.002081,415.6,31.53
NEG-0317,27.66447,88.604611,2289.7,39.17,221.58,0.0,,forest,3176.2,0,,,,,-0.00213,317.9,59.32
SKM/ES/78A07/2015/166,27.370972,88.710111,3148.9,39.75,257.17,0.0235,,built-up,3923.3,1,East Sikkim,,Fall,30000.0,0.001543,252.8,59.24
NEG-0279,27.203781,88.524282,1024.9,26.82,146.4,0.0,,forest,4648.1,0,,,,,-0.025447,409.3,44.25
SKM/SS/78A08/2015/233,27.155306,88.390278,1203.9,35.21,317.64,0.2,,forest,4178.5,1,South Sikkim,,Slide,160.0,0.011666,65.7,53.55
NEG-0354,27.286462,88.468386,1666.2,17.55,259.26,0.0,,forest,6144.2,0,,,,,0.00147,264.5,23.36
NEG-0264,28.049152,88.76386,5273.0,2.36,312.47,0.0,,bare/sparse vegetation,837.8,0,,,,,0.003964,417.7,5.12
SKM/SS/78A08/2015/55,27.207039,88.446667,1331.6,46.16,188.96,0.0824,,grassland,4930.4,1,South Sikkim,,Slide,7500.0,-0.006994,223.8,74.98
NEG-0222,27.625608,88.691424,2036.3,25.13,354.92,0.2706,,forest,3564.9,0,,,,,0.011029,88.2,35.12
NEG-0548,27.274806,88.587452,860.7,25.14,117.1,0.0353,,forest,5375.4,0,,,,,-0.004002,290.9,34.03
NEG-0101,27.257484,88.615061,1353.5,37.42,193.22,0.1176,,forest,4802.9,0,,,,,0.003231,83.1,55.52
 ,27.112361,88.324556,380.7,37.55,277.55,0.1647,,grassland,3714.4,1,South Sikkim,"Reactivated in August, 2022",,,-0.007073,149.8,55.8
NEG-0176,27.239728,88.326157,1467.2,22.26,6.68,0.0,,forest,4296.5,0,,,,,0.003522,644.5,30.66
SK/ESK/78A11/2019/02,27.33825,88.609111,1582.5,25.92,245.04,0.0,,forest,5672.2,1,East Sikkim,,Subsidence,1125.0,0.007275,503.0,35.7
SKM/NS/78A03/2017/04,27.27575,88.084972,2041.3,47.96,142.14,0.0,,forest,3230.6,1,West Sikkim,,Slide,40.0,-0.000476,395.4,79.59
SKM/NS/78A10/2017/207,27.749111,88.542972,2837.4,35.21,71.41,0.0706,,grassland,4354.0,1,North Sikkim,,Slide,2000.0,-0.002918,251.1,50.95
NEG-0015,27.128364,88.345267,1053.4,23.65,102.92,0.0,,grassland,3936.4,0,,,,,0.00131,686.1,31.21
NEG-0457,27.390093,88.43194,1647.5,19.59,126.23,0.0,,forest,5780.9,0,,,,,-0.004043,328.6,25.79
NEG-0533,27.294043,88.590286,882.8,10.22,232.11,0.1647,,built-up,5575.6,0,,,,,0.007193,124.7,13.71
NEG-0498,28.043721,88.714678,5068.3,3.03,286.98,0.1765,,bare/sparse vegetation,837.8,0,,,,,-0.000517,124.7,3.77
NEG-0044,28.00231,88.473517,5105.7,18.4,150.6,0.0,,moss/lichen,1294.4,0,,,,,0.000375,665.0,23.83
NEG-0146,27.247021,88.427321,1299.6,21.77,118.03,0.0,,forest,5279.8,0,,,,,-0.000662,617.8,28.76
NEG-0625,27.979603,88.455678,4729.2,6.5,103.42,0.5176,,moss/lichen,1294.4,0,,,,,0.000868,65.7,8.32
SKM/SS/78A08/2015/54,27.206611,88.442814,1317.9,36.26,90.38,0.1294,,built-up,4927.2,1,South Sikkim,,Slide,14880.0,0.001973,121.2,52.64
NEG-0702,27.229724,88.716145,1286.8,24.62,337.41,0.1294,,forest,4387.3,0,,,,,0.003888,117.6,33.3
SKM/SS/78A08/2015/216,27.130056,88.412944,1726.5,27.17,81.44,0.0,,built-up,3991.8,1,South Sikkim,,Slide,1500.0,0.009434,753.3,37.2
SKM/NS/78A10/2017/212,27.728472,88.551667,2691.0,38.83,134.41,0.2588,,forest,4391.7,1,North Sikkim,,Slide,6000.0,-0.015942,83.1,58.04
NEG-0382,27.293646,88.906374,3966.1,24.89,317.58,0.0,,built-up,3384.5,0,,,,,0.000811,383.2,33.54
SKM/ES/78A11/2015/47,27.315083,88.506056,1486.7,31.42,92.3,0.1412,,forest,6090.9,1,East Sikkim,,Slide,56.0,0.003526,58.8,43.33
SKM/NS/78A03/2017/49,27.320611,88.219611,1203.0,44.19,165.62,0.1059,,forest,4885.5,1,West Sikkim,,Slide,180.0,0.011579,188.2,71.32
SKM/SS/78A08/2015/322,27.126444,88.340444,1044.9,31.01,255.66,0.0,,forest,3896.8,1,South Sikkim,,Slide,3000.0,0.009025,884.1,44.28
SKM/NS/78A10/2017/218,27.704028,88.56175,2448.8,34.3,85.78,0.1765,,forest,4366.4,1,North Sikkim,,Slide,900.0,0.015125,65.7,51.08
SKM/NS/78A04/2017/104,27.121611,88.237,459.9,40.42,165.36,0.0,,forest,3519.9,1,West Sikkim,,Slide,12000.0,0.00123,529.0,61.24
NEG-0419,28.037773,88.619242,4852.0,5.57,351.57,0.0941,,grassland,1149.0,0,,,,,-0.000556,252.8,7.09
 ,27.169939,88.514819,473.5,27.71,38.95,0.0,,forest,3878.3,1,South Sikkim,No historical events.May have occurred in the mid of September 2021,,,0.015612,464.7,41.37
SKM/NS/78A11/2015/83,27.411306,88.516611,592.5,40.6,237.9,0.2706,,water,6724.9,1,North Sikkim,,Slide,4000.0,0.027601,58.8,69.51
SKM/ES/78A08/2015/50,27.240194,88.486278,386.2,36.26,215.74,0.1647,,built-up,5475.9,1,East Sikkim,,Slide,48.0,0.001627,146.9,53.01
SKM/NS/78A11/2015/71,27.417389,88.621222,1385.4,46.59,171.38,0.0353,,forest,5954.8,1,North Sikkim,,Slide,1200.0,0.013728,266.1,78.55
SKM/WS/78A07/2015/343,27.268944,88.2875,590.0,48.67,55.76,0.1294,,built-up,4416.8,1,West Sikkim,,Slide,3500.0,0.011655,124.7,81.61
NEG-0526,27.677321,88.792811,3692.0,50.81,213.9,0.1529,,grassland,2201.4,0,,,,,0.008341,166.2,88.06
NEG-0305,27.396284,88.775439,4086.5,17.84,136.2,0.0,,grassland,3535.7,0,,,,,0.014498,705.9,26.68
SKM/NS/78A10/2017/214,27.724222,88.552861,2672.3,29.84,125.34,0.2,,grassland,4403.1,1,North Sikkim,,Slide,4800.0,-0.002456,92.9,42.0
NEG-0179,27.235163,88.435708,1123.0,20.17,105.72,0.0471,,forest,5364.9,0,,,,,0.004162,270.9,26.69
SKM/NS/78A11/2015/79,27.375139,88.542833,1829.9,47.57,126.85,0.0,,forest,6253.9,1,North Sikkim,,Fall,2000.0,0.011357,519.9,79.14
NEG-0734,27.28444,88.402362,1317.2,36.29,205.41,0.0,,forest,5682.9,0,,,,,-0.001196,730.0,53.92
NEG-0122,27.182815,88.449291,1261.3,30.51,342.31,0.0,,forest,4521.0,0,,,,,0.000786,613.6,42.48
SKM/ES/78A12/2015/162,27.156806,88.5225,621.0,40.46,49.57,0.0,,forest,3525.8,1,East Sikkim,,Fall,450.0,0.003448,557.6,61.98
SKM/SS/78A12/2015/148,27.22575,88.49325,383.7,46.89,284.2,0.2,,forest,5234.0,1,South Sikkim,,Slide,160.0,0.009246,88.2,78.69
SKM/ES/78A12/2015/22,27.233389,88.5015,397.5,25.13,180.18,0.2588,,forest,5361.8,1,East Sikkim,,Slide,48.0,0.003315,88.2,34.35
SKM/ES/78A12/2015/144,27.182111,88.508,403.0,52.17,254.96,0.2588,,forest,4235.2,1,East Sikkim,,Slide,500.0,0.005435,106.0,92.73
NEG-0699,27.228172,88.740531,1405.0,10.74,163.09,0.2235,,built-up,4379.8,0,,,,,-0.001262,29.4,13.82
SKM/NS/78A04/2017/92,27.217667,88.234639,1189.3,27.35,177.19,0.2706,,forest,5382.3,1,West Sikkim,,Slide,1800.0,0.010986,106.0,38.02
SK/EAS/78A11/2014/01,27.28408,88.54611,1517.3,31.0,106.23,0.0,,forest,5743.7,1,East Sikkim,,Slide,0.0,0.01129,399.7,43.69
 ,27.123442,88.244839,450.4,35.78,157.5,0.0,,forest,3493.6,1,South Sikkim,"May have occurred during Heavy rainfall on 18-19th October, 2021.",,,0.017834,264.5,54.04
NEG-0634,27.292283,88.348926,1733.7,13.37,318.16,0.2706,,forest,4718.5,0,,,,,0.015305,121.2,20.47
SKM/ES/78A12/2015/120,27.233417,88.634806,1498.1,32.13,140.64,0.0,,forest,4261.9,1,East Sikkim,,Slide,1000.0,0.010609,459.1,46.76
NEG-0080,27.29538,88.428334,962.1,12.84,71.98,0.4471,,grassland,6252.9,0,,,,,0.001905,58.8,16.34
SKM/SS/78A08/2015/282,27.163556,88.458833,1471.1,33.13,183.03,0.0,,forest,4177.9,1,South Sikkim,,Slide,6250.0,0.011459,641.8,48.19
NEG-0404,27.183429,88.524919,643.6,15.85,144.29,0.0,,forest,4129.9,0,,,,,-0.002228,670.8,20.47
 ,27.553142,88.621797,1760.0,33.9,189.56,0.0588,,forest,5383.7,1,North Sikkim,From 2012 onwards,,,0.007876,236.9,48.2
SKM/NS/78A15/2017/152,27.380861,88.812361,3983.7,44.38,227.92,0.0941,,moss/lichen,3522.0,1,East Sikkim,,Slide,5950.0,0.000957,236.9,72.58
NEG-0434,27.250873,88.720481,1491.9,36.21,234.24,0.0,,forest,4448.3,0,,,,,0.004235,433.9,52.89
SKM/ES/78A12/2015/30,27.23575,88.602389,1214.4,32.5,210.99,0.2,,forest,4523.3,1,East Sikkim,,Slide,16.0,0.018441,223.8,50.32
SKM/NS/78A03/2017/03,27.269917,88.077111,2021.7,39.96,132.71,0.1294,,forest,3235.8,1,West Sikkim,,Slide,300.0,0.014925,185.9,61.86
NEG-0525,27.305955,88.902952,3873.3,35.17,295.43,0.0,,moss/lichen,3294.8,0,,,,,-0.002074,532.2,50.87
NEG-0418,27.283829,88.415587,1493.3,23.59,122.34,0.0,,forest,5845.8,0,,,,,-0.004656,587.8,32.81
SKM/ES/78A12/2015/36,27.212222,88.587889,1426.4,41.29,267.91,0.0,,forest,4119.8,1,East Sikkim,,Slide,20.0,-0.000222,599.4,64.68
NEG-0225,27.147633,88.310764,1317.2,18.05,249.13,0.0,,forest,3770.2,0,,,,,-0.001277,973.4,23.39
NEG-0388,27.28923,88.391098,1191.6,38.71,212.09,0.0824,,forest,5463.1,0,,,,,-0.009445,229.5,58.1
NEG-0200,27.328846,88.838812,4057.2,6.92,117.78,0.0,,built-up,3466.3,0,,,,,-0.000548,652.5,8.88
NEG-0547,27.15957,88.197669,1256.4,18.32,256.93,0.0,,forest,6457.8,0,,,,,0.002299,449.5,24.09
SKM/ES/78A11/2015/60,27.378611,88.631083,1813.8,47.45,263.42,0.0,,forest,5748.8,1,East Sikkim,,Fall,4800.0,0.004247,324.6,78.06
SKM/ES/78A12/2015/33,27.205,88.591722,1217.8,39.29,137.62,0.0,,forest,3923.2,1,East Sikkim,,Fall,54.0,-0.00624,353.9,59.4
NEG-0139,27.224662,88.455717,1481.5,24.12,17.64,0.0,,forest,5218.5,0,,,,,-0.000295,707.8,32.7
SKM/NS/78A03/2017/51,27.342,88.223722,1233.2,36.16,23.78,0.0,,forest,4655.0,1,West Sikkim,,Slide,900.0,-0.006639,502.2,53.16
SK/ESK/78A11/2019/03,27.251639,88.531361,534.0,25.0,119.5,0.2706,,forest,5639.6,1,East Sikkim,,Slide,250.0,0.005609,58.8,33.62
SKM/NS/78A15/2017/164,27.2615,88.788778,3362.2,35.65,239.05,0.0,,forest,3987.7,1,East Sikkim,,Slide,1350.0,0.009732,289.4,52.06
SKM/WS/78A07/2015/354,27.393139,88.310139,1522.7,35.33,269.79,0.0,,forest,6012.2,1,West Sikkim,,Slide,500.0,0.003637,392.1,51.58
SKM/SS/78A08/2015/202,27.21275,88.391444,1553.8,39.99,339.78,0.0353,,forest,4729.4,1,South Sikkim,,Slide,600.0,0.010182,270.9,60.78
SKM/NS/78A10/2017/187,27.575444,88.651417,1610.9,43.43,127.78,0.1294,,forest,4575.2,1,North Sikkim,,Slide,2000.0,-0.018564,176.3,70.28
NEG-0659,27.314377,88.268549,1397.2,14.33,102.26,0.0,,grassland,4386.1,0,,,,,-0.005697,368.2,19.26
NEG-0449,27.181151,88.464164,1193.3,29.11,325.52,0.0,,forest,4486.2,0,,,,,0.008466,411.4,41.28
NEG-0321,28.025764,88.617728,4905.4,16.09,242.18,0.0471,,moss/lichen,1149.0,0,,,,,-0.004398,270.9,21.2
SKM/NS/78A10/2017/183,27.549306,88.644889,1323.4,25.79,355.94,0.2118,,bare/sparse vegetation,4659.6,1,North Sikkim,,Slide,8000.0,0.003803,58.8,35.71
NEG-0347,27.223302,88.68436,850.1,42.36,168.39,0.1765,,forest,4134.5,0,,,,,-0.015059,131.4,67.17
NEG-0334,27.235991,88.437657,1058.3,23.49,94.73,0.0706,,forest,5391.0,0,,,,,0.002773,251.1,31.41
NEG-0162,27.265767,88.429158,723.8,15.46,110.86,0.0,,forest,5645.6,0,,,,,0.002298,447.6,20.43
SKM/ES/78A11/2015/416,27.340917,88.628389,1995.6,25.0,158.92,0.0,,built-up,5601.3,1,East Sikkim,,Slide,1000.0,-0.006736,605.8,34.59
SKM/NS/78A04/2017/131,27.121444,88.153417,1298.7,23.47,201.45,0.0,,grassland,5432.6,1,West Sikkim,,Slide,2400.0,-0.008448,836.4,32.95
NEG-0383,27.179354,88.279495,895.6,23.28,169.34,0.0,,grassland,3705.1,0,,,,,-0.002555,457.2,31.02
NEG-0440,27.276939,88.099389,1857.9,4.59,320.86,0.0941,,forest,3309.7,0,,,,,-0.018329,188.2,23.4
NEG-0175,27.356627,88.272473,1913.5,38.47,118.77,0.0,,forest,4451.7,0,,,,,0.011802,634.4,58.14
NEG-0144,27.372156,88.521879,1684.6,28.42,325.52,0.3765,,forest,6588.9,0,,,,,0.00171,131.4,39.29
SKM/WS/78A07/2015/353,27.395028,88.307389,1617.7,40.53,206.62,0.0,,forest,5937.6,1,West Sikkim,,Fall,3500.0,-0.004411,415.6,62.32
NEG-0613,27.144155,88.173279,903.5,19.11,229.52,0.0,,forest,6374.1,0,,,,,-0.013441,293.9,27.11
SKM/NS/78A10/2017/185,27.552528,88.653528,1405.4,41.31,136.28,0.2353,,forest,4469.1,1,North Sikkim,,Slide,6000.0,0.002496,124.7,63.4
NEG-0615,27.321692,88.262678,1221.8,35.38,348.73,0.0,,forest,4501.6,0,,,,,0.014282,846.1,51.96
SKM/NS/78A04/2017/121,27.149889,88.096861,2291.8,26.02,182.38,0.0,,forest,3956.1,1,West Sikkim,,Slide,2600.0,-0.003595,317.9,36.48
SKM/NS/78A03/2017/38,27.255861,88.156139,1523.5,31.82,2.86,0.2,,forest,5038.8,1,West Sikkim,,Slide,35.0,0.002194,29.4,44.21
SKM/ES/78A11/2015/137,27.373472,88.731722,3404.2,27.22,205.51,0.2471,,built-up,3616.7,1,East Sikkim,,Slide,1200.0,-0.002328,29.4,36.89
NEG-0273,27.34209,88.474933,674.5,28.67,64.07,0.0706,,forest,7157.0,0,,,,,0.004258,229.5,39.47
NEG-0125,27.193783,88.623238,544.4,18.29,330.78,0.0,,built-up,3768.0,0,,,,,0.011411,323.3,26.43
 ,27.247778,88.5975,1265.4,13.93,68.25,0.0,,built-up,4887.9,1,East Sikkim,From 2021 onwards,,,-0.002566,423.8,19.02
SKM/SS/78A07/2015/327,27.257417,88.418889,868.0,36.11,136.61,0.0118,,forest,5341.7,1,South Sikkim,,Slide,250.0,0.001268,332.5,51.93
SKM/NS/78A10/2017/173,27.528722,88.600833,1481.6,45.92,40.98,0.0,,forest,6123.4,1,North Sikkim,,Slide,7200.0,0.000134,353.9,74.66
NEG-0031,27.17694,88.432838,1717.3,28.06,7.75,0.0,,forest,4442.8,0,,,,,-0.005871,825.0,38.87
NEG-0473,27.153491,88.359005,1233.3,25.16,189.38,0.0,,forest,4176.0,0,,,,,-0.022047,342.7,39.57
SKM/SS/78A08/2015/197,27.189222,88.391056,1875.5,25.41,276.38,0.0,,built-up,4668.7,1,South Sikkim,,Slide,5000.0,0.012186,289.4,36.16
SKM/ES/78A11/2015/414,27.378667,88.699611,3070.5,27.56,165.06,0.0,,built-up,4144.2,1,East Sikkim,,Topple,1500.0,-0.003821,270.9,39.34
NEG-0267,27.344979,88.342254,1710.2,19.18,272.93,0.2,,grassland,5082.9,0,,,,,-0.000373,176.3,24.84
NEG-0499,27.243613,88.449138,682.9,36.24,45.8,0.2,,forest,5541.6,0,,,,,0.00493,205.7,52.85
SK/ED/78A6/2016/01,27.535333,88.497972,918.2,42.46,3.84,0.2118,,forest,7443.1,1,North Sikkim,,Slide/Avalanche,570000.0,0.006177,117.6,66.82
SKM/NS/78A04/2017/118,27.159361,88.09225,2224.0,29.99,306.8,0.1412,,forest,3914.9,1,West Sikkim,,Slide,2000.0,-0.004603,207.8,42.7
NEG-0572,27.188848,88.644458,1227.5,36.24,308.97,0.0,,forest,3700.4,0,,,,,0.012942,744.0,53.1
NEG-0277,27.190457,88.468865,933.2,27.32,353.52,0.0,,forest,4641.3,0,,,,,5.3e-05,737.0,37.49
SKM/NS/78A10/2017/228,27.621806,88.618694,1829.4,46.14,83.53,0.2,,forest,4510.2,1,North Sikkim,,Slide,20000.0,0.004138,83.1,75.29
NEG-0330,27.169623,88.197688,1584.8,28.54,169.25,0.0471,,built-up,6539.8,0,,,,,-0.002686,264.5,39.63
NEG-0721,27.141001,88.298975,940.0,20.47,196.48,0.0,,forest,3649.3,0,,,,,0.002319,771.4,27.38
NEG-0392,27.229021,88.483248,725.5,14.66,63.04,0.0,,forest,5289.3,0,,,,,-0.011424,603.0,21.36
SKM/ES/78A12/2015/107,27.195703,88.625444,575.0,33.86,312.88,0.2,,forest,3790.1,1,East Sikkim,,Slide,2250.0,0.001567,117.6,48.78
NEG-0406,27.311205,88.458477,677.8,30.94,309.15,0.1529,,forest,6832.9,0,,,,,0.007743,185.9,43.49
NEG-0660,27.11003,88.459162,527.7,17.53,28.07,0.1059,,forest,3708.2,0,,,,,-0.001018,197.1,22.78
NEG-0241,27.126812,88.14131,1478.0,22.97,254.06,0.0,,forest,5305.8,0,,,,,-0.003664,827.6,30.13
NEG-0240,27.142618,88.147832,1502.0,28.69,98.54,0.0,,forest,5644.9,0,,,,,0.015941,539.5,40.81
SKM/NS/78A04/2017/143,27.166278,88.144333,2046.7,40.65,155.72,0.2,,forest,5573.0,1,West Sikkim,,Slide,1000.0,-0.001811,83.1,61.14
NEG-0233,27.199171,88.388992,1682.5,39.57,352.25,0.0,,forest,4665.5,0,,,,,0.008931,335.1,59.3
SKM/SS/78A08/2015/251,27.106694,88.449389,798.6,28.42,190.92,0.0,,forest,3739.8,1,South Sikkim,,Slide,900.0,-0.003589,644.5,40.74
NEG-0426,27.246399,88.431221,1166.5,9.74,86.04,0.0,,grassland,5329.6,0,,,,,-0.000549,383.2,12.56
NEG-0097,27.279515,88.316012,1617.7,6.34,350.38,0.0,,built-up,4576.4,0,,,,,-0.001833,802.1,10.26
SKM/SS/78A08/2015/298,27.18175,88.395778,1873.6,28.95,212.53,0.0,,forest,4568.9,1,South Sikkim,,Slide,9000.0,0.013714,411.4,42.18
SKM/NS/78A03/2017/31,27.269861,88.178139,1314.8,38.17,129.88,0.1765,,forest,5573.5,1,West Sikkim,,Slide,63.0,0.001529,41.6,56.44
NEG-0567,27.154735,88.241045,1275.8,24.85,3.09,0.0,,forest,4594.4,0,,,,,-0.001274,383.2,34.05
NEG-0713,27.241361,88.617579,1165.0,30.18,310.07,0.2353,,forest,4467.9,0,,,,,-0.009028,65.7,44.65
NEG-0635,27.143254,88.431256,1104.9,33.95,207.46,0.0,,forest,4050.1,0,,,,,-0.001393,342.7,48.04
NEG-0539,27.287846,88.28506,685.0,17.65,309.11,0.0941,,forest,4395.5,0,,,,,-0.004141,197.1,23.63
SKM/ES/78A12/2015/132,27.201875,88.667278,998.5,41.5,350.17,0.0,,forest,3867.0,1,East Sikkim,,Slide,450.0,-0.003365,541.9,63.48
SKM/EAS/78A08/2014/003,27.23924,88.48416,372.1,31.91,29.38,0.2941,,forest,5462.9,1,East Sikkim,,Slide,0.0,0.001407,65.7,44.89
NEG-0484,27.274305,88.424265,755.3,23.99,162.41,0.0,,forest,5761.7,0,,,,,-0.001776,363.5,32.45
NEG-0174,27.309358,88.26404,1476.9,20.07,85.1,0.2,,forest,4470.8,0,,,,,-0.010066,205.7,28.12
SKM/SS/78A07/2015/340,27.314694,88.417917,1211.5,31.28,137.47,0.2,,forest,6364.4,1,South Sikkim,,Subsidence,1360.0,0.006426,29.4,44.83
SKM/NS/78A04/2017/142,27.163472,88.143083,2073.3,19.16,95.22,0.1294,,forest,5564.0,1,West Sikkim,,Slide,240.0,-0.001228,171.4,26.15
SK/WEST/78A07/2015/0231,27.281028,88.267361,938.1,28.09,78.07,0.1647,,forest,4410.0,1,West Sikkim,,Subsidence,0.0,-0.00397,171.4,39.46
 ,27.619361,88.661314,1853.5,39.53,130.58,0.1765,,forest,4326.5,1,North Sikkim,18.06.2021,,,0.009353,178.8,60.89
NEG-0230,27.324949,88.836128,4080.4,16.97,276.57,0.0,,moss/lichen,3494.0,0,,,,,0.000828,605.1,21.97
NEG-0462,27.394382,88.524071,1064.1,36.13,314.75,0.0,,forest,6732.9,0,,,,,0.007269,587.8,52.79
SKM/NS/78A04/2017/137,27.172083,88.090333,2331.6,17.56,165.65,0.0471,,forest,3805.7,1,West Sikkim,,Slide,500.0,-0.003637,277.2,23.84
NEG-0472,27.372152,88.365524,1626.7,29.4,299.25,0.2353,,forest,6134.0,0,,,,,0.004715,121.2,40.7
SKM/SS/78A12/2015/172,27.162194,88.510611,1000.9,29.18,127.75,0.0,,grassland,3712.5,1,South Sikkim,,Slide,500.0,-0.002685,848.2,41.14
NEG-0316,27.262154,88.385824,1544.4,32.29,311.98,0.0471,,forest,5001.3,0,,,,,-0.001909,270.9,45.5
SKM/NS/78A04/2017/95,27.171083,88.245417,1119.5,30.78,266.02,0.0,,forest,4709.1,1,West Sikkim,,Slide,9600.0,0.006374,499.6,43.65
SKM/ES/78A12/2015/32,27.237694,88.598806,1223.1,15.25,101.24,0.1412,,forest,4623.5,1,East Sikkim,,Slide,24.0,-0.005508,83.1,20.49
NEG-0415,27.173842,88.090604,2399.3,21.95,132.34,0.0,,grassland,3791.7,0,,,,,-0.009172,316.5,30.36
NEG-0077,27.306128,88.268197,1341.9,20.68,37.18,0.1412,,forest,4393.5,0,,,,,-0.002833,223.8,27.13
NEG-0304,27.383255,88.569229,1424.3,24.9,347.89,0.0,,forest,6098.3,0,,,,,-0.000966,470.2,32.89
SKM/NS/78A10/2017/221,27.700444,88.566083,2396.6,30.51,56.31,0.0941,,forest,4283.1,1,North Sikkim,,Slide,200.0,0.006917,207.8,42.53
NEG-0669,27.31032,88.309458,832.6,48.4,52.86,0.2,,forest,4606.1,0,,,,,-0.030542,106.0,85.92
SKM/NS/78A10/2017/222,27.697139,88.57025,2347.7,16.52,18.08,0.2588,,grassland,4162.8,1,North Sikkim,,Slide,600.0,-0.010632,29.4,24.24
SKM/NS/78A15/2017/159,27.279972,88.804278,3685.2,37.18,149.7,0.0,,built-up,3825.1,1,East Sikkim,,Slide,4800.0,0.003504,681.6,55.28
NEG-0524,27.29916,88.423432,1157.8,30.72,110.87,0.0,,forest,6268.9,0,,,,,0.011191,264.5,43.68
SKM/ES/78A11/2015/99,27.329472,88.648917,1403.1,18.41,29.21,0.2118,,forest,5117.0,1,East Sikkim,,Slide,105.0,0.006692,29.4,28.95
NEG-0671,27.150846,88.306964,1067.7,25.49,291.43,0.0,,forest,3753.5,0,,,,,-0.000332,831.2,34.51
NEG-0234,27.23009,88.498314,412.7,20.87,334.87,0.1882,,forest,5308.9,0,,,,,-0.012411,146.9,29.87
NEG-0667,27.099243,88.357427,249.8,9.81,257.63,0.3294,,forest,3831.6,0,,,,,0.001358,0.0,13.14
SKM/SS/78A08/2015/394,27.167611,88.348889,1094.7,38.6,237.6,0.0,,forest,4140.4,1,South Sikkim,,Slide,600.0,0.025496,335.1,60.04
NEG-0541,27.202675,88.702555,833.2,18.69,184.81,0.2588,,built-up,4237.5,0,,,,,0.002256,29.4,24.57
NEG-0042,27.269941,88.594208,837.9,27.87,356.43,0.0588,,forest,5227.8,0,,,,,0.003494,249.4,39.12
NEG-0249,27.519538,88.553584,1252.2,17.28,2.73,0.0,,forest,7911.8,0,,,,,0.008055,352.7,23.16
NEG-0678,27.236635,88.463673,977.3,10.07,25.22,0.0,,grassland,5417.6,0,,,,,0.00573,1053.5,15.99
NEG-0530,27.411933,88.570261,1842.2,20.45,203.98,0.0,,forest,6321.9,0,,,,,0.002899,766.3,28.87
SKM/NS/78A03/2017/83,27.185972,88.205833,1700.5,34.78,90.18,0.0,,forest,6278.7,1,West Sikkim,,Slide,375.0,0.010329,278.8,50.24
SKM/SS/78A08/2015/241,27.103111,88.402722,908.6,29.35,202.86,0.0,,forest,3832.3,1,South Sikkim,,Slide,400.0,0.006957,812.8,41.48
SKM/ES/78A12/2015/21,27.235778,88.506306,413.4,39.71,152.67,0.2941,,forest,5401.0,1,East Sikkim,,Slide,20.0,-0.001544,58.8,59.55
NEG-0158,27.246509,88.433632,1050.7,22.21,96.65,0.0353,,grassland,5361.0,0,,,,,-0.002706,278.8,30.39
NEG-0153,27.886251,88.537996,3903.3,29.97,273.37,0.2,,moss/lichen,3561.3,0,,,,,0.00063,146.9,41.83
NEG-0081,27.268456,88.279106,766.1,24.04,45.24,0.2235,,grassland,4344.7,0,,,,,6.6e-05,29.4,32.36
NEG-0370,27.256584,88.267647,1202.0,23.88,284.3,0.0,,forest,4404.1,0,,,,,-0.004569,358.7,32.11
SKM/SS/78A08/2015/208,27.20825,88.387667,1600.5,28.33,303.86,0.0,,forest,4667.5,1,South Sikkim,,Slide,250.0,-0.009942,567.6,40.41
SKM/SS/78A08/2015/311,27.150778,88.4385,1197.3,38.05,120.77,0.0,,forest,4086.0,1,South Sikkim,,Slide,1250.0,0.004442,482.0,57.29
NEG-0755,27.149075,88.481589,1046.9,32.86,81.87,0.0,,forest,3811.2,0,,,,,-0.0025,635.8,45.96
NEG-0479,27.380532,88.774788,3961.9,18.68,192.39,0.0,,grassland,3549.1,0,,,,,-0.005403,514.1,24.87
SKM/ES/78A11/2015/16,27.246056,88.62575,1471.7,30.2,224.72,0.0,,forest,4476.6,1,East Sikkim,,Slide,56.0,0.001512,409.3,41.36
NEG-0117,27.289429,88.29862,1068.1,33.24,323.04,0.0,,forest,4514.0,0,,,,,0.019247,415.6,50.02
NEG-0065,28.058267,88.619933,4966.1,12.69,96.3,0.0,,grassland,1149.0,0,,,,,0.003143,460.0,16.77
NEG-0590,27.488278,88.553024,1879.9,26.84,303.24,0.0,,forest,7377.4,0,,,,,-0.001597,706.5,36.51
NEG-0641,27.279259,88.532457,1422.4,15.71,105.42,0.1059,,forest,5737.9,0,,,,,-0.004553,83.1,21.1
SKM/SS/78A08/2015/175,27.153528,88.494389,1093.8,30.3,204.08,0.0,,forest,3737.1,1,South Sikkim,,Slide,400.0,0.006913,650.5,41.92
SKM/WS/78A07/2015/357,27.379639,88.315361,1530.5,37.35,37.43,0.0,,forest,6034.1,1,West Sikkim,,Slide,150.0,-0.004554,415.6,55.49
NEG-0446,27.250824,88.442562,797.3,20.79,113.89,0.0,,grassland,5517.7,0,,,,,-0.002864,460.0,29.24
NEG-0668,27.189378,88.497549,359.0,44.96,251.55,0.2,,forest,4505.9,0,,,,,0.012494,158.3,72.24
NEG-0017,27.232068,88.754606,1706.7,28.4,111.45,0.0706,,forest,4278.9,0,,,,,-0.004286,251.1,39.34
NEG-0546,27.327881,88.336169,1968.8,20.46,323.87,0.0,,grassland,4839.3,0,,,,,0.007581,953.6,28.17
SKM/ES/78A08/2015/49,27.240028,88.486472,398.2,36.99,212.06,0.1647,,built-up,5475.9,1,East Sikkim,,Slide,70.0,0.002556,166.2,54.39
SKM/NS/78A11/2015/87,27.435944,88.515167,745.4,41.87,276.37,0.1765,,forest,6417.5,1,North Sikkim,,Slide,1500.0,0.020603,205.7,68.87
NEG-0351,27.534362,88.487837,1008.6,35.1,57.28,0.1059,,forest,7487.4,0,,,,,0.004019,197.1,50.72
SKM/WS/78A08/2015/371,27.220778,88.279917,1511.3,37.73,145.53,0.0,,forest,4059.8,1,West Sikkim,,Slide,700.0,-0.00083,907.7,55.38
SKM/ES/78A12/2015/27,27.220889,88.652278,1015.2,30.69,213.26,0.0,,forest,4106.0,1,East Sikkim,,Slide,150.0,0.012129,591.4,44.61
NEG-0312,27.159639,88.504339,1001.7,23.77,155.51,0.0,,forest,3699.6,0,,,,,0.004967,549.0,32.45
NEG-0105,27.246319,88.50332,1180.7,12.48,193.33,0.0,,forest,5579.8,0,,,,,-0.012313,471.1,22.65
SKM/WS/78A07/2015/375,27.397389,88.356139,1596.7,37.25,102.61,0.2118,,forest,7000.1,1,West Sikkim,,Fall,1750.0,-0.002547,166.2,54.77
NEG-0762,27.258836,88.112136,1750.3,28.1,338.72,0.2706,,forest,3614.6,0,,,,,-0.004771,29.4,38.44
SKM/SS/78A08/2015/320,27.122611,88.343389,912.8,32.76,195.08,0.0,,forest,3891.2,1,South Sikkim,,Slide,1500.0,-0.013194,706.5,47.41
NEG-0703,27.322437,88.429599,1421.7,32.85,84.91,0.0,,forest,6734.9,0,,,,,0.001869,611.5,46.77
SK/WEST/78A07/2015/0232,27.272778,88.28,539.1,19.59,208.35,0.3412,,forest,4352.9,1,West Sikkim,,Subsidence,0.0,-0.003129,29.4,26.57
SKM/NS/78A11/2015/94,27.482583,88.529528,971.5,29.66,313.7,0.0706,,forest,7456.0,1,North Sikkim,,Slide,300.0,0.002579,251.1,41.24
NEG-0751,27.292982,88.393224,1490.5,17.45,240.57,0.0,,forest,5548.5,0,,,,,-3.2e-05,503.0,22.76
SKM/NS/78A11/2015/01,27.375194,88.54275,1852.7,48.97,125.77,0.0,,forest,6255.9,1,North Sikkim,,Fall,10.0,-0.004912,540.3,82.32
NEG-0662,27.14541,88.440826,1034.1,30.93,132.46,0.0235,,forest,4048.4,0,,,,,0.007395,299.7,44.07
NEG-0322,27.166911,88.341186,954.9,36.19,41.69,0.2,,forest,4078.3,0,,,,,-0.006734,205.7,52.77
SKM/NS/78A04/2017/122,27.128694,88.141639,1570.2,33.95,219.62,0.0,,forest,5330.9,1,West Sikkim,,Slide,4800.0,0.009455,847.7,49.11
SKM/SS/78A08/2015/183,27.165833,88.436667,1536.5,36.14,176.53,0.1294,,forest,4250.1,1,South Sikkim,,Slide,750.0,0.024306,146.9,55.28
SK/WEST/78A08/2015/0225,27.240694,88.298389,525.4,38.58,127.88,0.4471,,built-up,4260.8,1,West Sikkim,,Slide,0.0,-0.009014,41.6,58.07
SKM/NS/78A04/2017/96,27.1645,88.228444,1422.5,35.3,75.04,0.0,,forest,5308.6,1,West Sikkim,,Slide,900.0,-0.003994,1029.0,50.33
SKM/NS/78A15/2017/165,27.253528,88.786111,3138.5,31.16,228.2,0.0,,built-up,4030.1,1,East Sikkim,,Slide,600.0,-0.008056,411.4,44.65
SKM/SS/78A08/2015/393,27.171139,88.354611,1232.7,30.58,196.1,0.0353,,forest,4193.6,1,South Sikkim,,Slide,3000.0,0.009181,185.9,43.94
SK/WEST/78A03/2015/0226,27.298333,88.248306,1814.0,33.39,242.45,0.0,,forest,4768.5,1,West Sikkim,,Slide,0.0,-0.001282,587.8,47.3
SKM/SS/78A08/2015/303,27.158583,88.466306,1207.8,39.06,101.8,0.2,,grassland,4008.6,1,South Sikkim,,Fall,2500.0,0.005112,88.2,59.09
SKM/NS/78A04/2017/114,27.141944,88.180222,825.8,32.52,238.8,0.0,,forest,6313.2,1,West Sikkim,,Slide,8000.0,-0.002224,394.3,46.05
NEG-0437,27.296475,88.364608,2113.9,7.94,66.29,0.0,,built-up,4804.7,0,,,,,-0.001395,1200.6,10.24
SKM/SS/78A12/2015/146,27.197417,88.4905,364.9,47.06,233.49,0.0941,,forest,4757.7,1,South Sikkim,,Slide,3500.0,0.012392,213.9,77.1
NEG-0427,27.555995,88.447419,1012.0,7.19,21.11,0.2941,,bare/sparse vegetation,7361.9,0,,,,,0.027781,0.0,30.47
SKM/ES/78A11/2015/43,27.315028,88.558611,1234.3,33.22,173.19,0.2824,,forest,5802.0,1,East Sikkim,,Slide,20.0,0.007678,41.6,47.54
NEG-0447,27.419996,88.496391,1388.2,13.81,84.97,0.0,,forest,6261.5,0,,,,,-0.004405,409.3,19.67
SKM/SS/78A08/2015/228,27.139944,88.368167,1185.8,29.97,208.13,0.0,,grassland,4112.4,1,South Sikkim,,Slide,360.0,0.007526,749.2,42.46
NEG-0458,27.984352,88.459477,4750.6,3.12,260.51,0.1765,,moss/lichen,1294.4,0,,,,,0.003601,166.2,5.48
SKM/SS/78A08/2015/212,27.16275,88.383306,1553.6,33.43,317.52,0.0,,forest,4266.8,1,South Sikkim,,Slide,2000.0,-0.012731,457.2,50.16
NEG-0398,27.091754,88.42539,679.7,20.31,200.53,0.0,,forest,3689.6,0,,,,,-0.012534,513.2,29.33
SKM/SS/78A08/2015/246,27.102639,88.394639,628.2,28.75,233.1,0.0,,grassland,3847.0,1,South Sikkim,,Slide,3000.0,0.007562,449.5,40.53
NEG-0235,27.326332,88.6133,1677.9,27.28,268.47,0.0,,built-up,5611.5,0,,,,,0.015488,962.6,39.97
SKM/NS/78A03/2017/34,27.254389,88.145306,1484.0,25.97,264.69,0.1412,,forest,4717.6,1,West Sikkim,,Slide,2000.0,0.006946,185.9,35.92
NEG-0072,27.340092,88.286377,1827.5,44.89,160.08,0.0,,grassland,4428.4,0,,,,,0.000901,707.8,71.08
NEG-0763,27.139359,88.247589,1316.8,21.22,250.45,0.0,,forest,3741.6,0,,,,,0.00975,353.9,29.22
NEG-0198,27.25091,88.466496,528.0,42.84,164.79,0.0,,forest,5637.4,0,,,,,-0.011038,383.2,67.45
SK/WES/78A03/2014/02,27.31892,88.16222,1422.9,16.4,173.66,0.3059,,forest,4488.6,1,West Sikkim,,Flow,0.0,0.001305,29.4,21.29
NEG-0429,27.281015,88.209879,1385.7,20.42,148.6,0.0,,forest,5428.2,0,,,,,-0.00724,324.6,27.26
 ,27.339417,88.609906,1642.4,19.53,255.7,0.0,,built-up,5672.1,1,East Sikkim,Date of initiation : 06.06.2021 in the morning.,,,0.008085,634.4,26.64
NEG-0412,27.378195,88.309836,1702.6,33.23,156.59,0.0,,forest,5877.8,0,,,,,0.008053,427.9,48.69
NEG-0202,27.149419,88.413924,1445.0,39.36,139.15,0.0,,forest,4110.0,0,,,,,-0.00803,335.1,59.0
SKM/SS/78A08/2015/185,27.229417,88.378444,2040.0,36.31,108.85,0.0,,forest,4592.4,1,South Sikkim,,Slide,3000.0,-0.002629,374.0,53.26
SKM/NS/78A15/2017/155,27.358583,88.840194,3818.4,31.14,237.31,0.2,,grassland,3372.7,1,East Sikkim,,Slide,2600.0,0.013556,41.6,45.35
NEG-0578,27.314989,88.473678,1010.4,18.01,332.73,0.2118,,forest,6650.4,0,,,,,-0.000152,121.2,23.18
NEG-0167,27.444308,88.531381,1439.0,34.48,270.3,0.0,,forest,6791.5,0,,,,,0.004204,587.8,50.04
SKM/WS/78A08/2015/317,27.126472,88.31675,353.1,33.63,210.54,0.0706,,forest,3727.7,1,West Sikkim,,Slide,3000.0,0.011397,251.1,50.12
SKM/NS/78A11/2015/88,27.438389,88.514389,771.5,24.55,258.56,0.2706,,forest,6458.0,1,North Sikkim,,Slide,1000.0,0.001222,29.4,32.98
SK/NSK/78A11/2018/0000,27.393056,88.635278,1576.1,35.04,181.15,0.0588,,grassland,5750.0,1,North Sikkim,,Slide,420.0,0.000749,249.4,51.39
NEG-0374,27.247543,88.615263,1443.3,10.11,347.44,0.0,,grassland,4651.5,0,,,,,-0.00152,529.0,16.26
SKM/SS/78A12/2015/151,27.23575,88.507972,385.5,17.11,170.95,0.3176,,built-up,5400.7,1,South Sikkim,,Slide,200.0,0.011144,29.4,26.09
SKM/SS/78A08/2015/240,27.102944,88.404667,923.7,27.23,176.95,0.0,,forest,3826.8,1,South Sikkim,,Subsidence,2000.0,-0.005262,735.3,37.3
NEG-0400,27.242407,88.699108,1448.2,22.03,51.56,0.1529,,forest,4375.6,0,,,,,-0.002909,29.4,29.02
SKM/WS/78A08/2015/389,27.240639,88.306056,972.9,41.08,277.79,0.0,,forest,4272.6,1,West Sikkim,,Slide,150.0,-0.016952,565.3,65.25
NEG-0310,27.324011,88.481942,777.0,38.83,327.17,0.0471,,forest,6690.7,0,,,,,-0.012836,213.9,59.19
NEG-0070,27.310901,88.842501,4099.4,27.35,227.55,0.0,,bare/sparse vegetation,3504.6,0,,,,,-0.009207,561.5,38.15
NEG-0492,27.290044,88.907052,3884.2,13.0,226.53,0.0353,,bare/sparse vegetation,3410.5,0,,,,,-0.003759,185.9,17.31
NEG-0748,27.203326,88.628375,809.2,23.75,89.83,0.0,,forest,3885.0,0,,,,,-0.016112,411.4,35.4
SKM/NS/78A03/2017/35,27.258889,88.145611,1538.0,28.75,253.67,0.1176,,forest,4674.6,1,West Sikkim,,Fall,800.0,-0.012444,235.1,41.93
SKM/NS/78A04/2017/102,27.123833,88.225333,468.4,34.29,228.86,0.0588,,forest,4009.7,1,West Sikkim,,Slide,3500.0,-0.003566,262.9,49.58
 ,27.248833,88.601917,1159.6,17.4,14.78,0.0941,,forest,4861.9,1,East Sikkim,Date of occurrence: Latest reactivation 10thOctober 2022,,,-0.015568,124.7,26.49
NEG-0510,27.27284,88.160705,1624.7,37.94,162.62,0.0,,forest,4982.8,0,,,,,-0.007624,441.8,57.07
SKM/NS/78A03/2017/40,27.256556,88.148722,1569.3,30.2,30.97,0.0,,forest,4796.7,1,West Sikkim,,Slide,80.0,0.005451,500.5,42.14
SKM/ES/78A11/2015/45,27.316944,88.560056,1285.5,26.03,183.92,0.0941,,forest,5803.1,1,East Sikkim,,Fall,20.0,0.003612,197.1,35.86
NEG-0079,27.200537,88.486016,319.0,10.22,58.86,0.2235,,forest,4812.0,0,,,,,-0.006794,121.2,13.68
SKM/NS/78A04/2017/105,27.181167,88.192028,1934.6,22.31,95.17,0.0588,,forest,6591.3,1,West Sikkim,,Slide,450.0,0.016142,249.4,33.5
NEG-0438,27.233793,88.637879,1517.1,51.34,180.22,0.0,,forest,4268.1,0,,,,,0.002875,357.5,89.6
NEG-0460,27.354417,88.438787,1802.9,22.67,113.73,0.2588,,forest,6768.8,0,,,,,0.008194,0.0,31.35
SKM/ES/78A2/2015/167,27.157056,88.512778,745.8,29.91,160.04,0.0,,forest,3609.9,1,East Sikkim,,Slide,350.0,0.002181,489.1,42.16
NEG-0054,27.30822,88.329495,1261.4,23.01,298.76,0.0,,grassland,4780.8,0,,,,,0.003154,554.5,31.32
SKM/NS/78A03/2017/78,27.258389,88.246611,1142.5,32.2,347.56,0.0,,forest,4799.3,1,West Sikkim,,Slide,3000.0,0.00279,686.1,44.67
 ,27.514739,88.577589,1434.4,18.77,326.35,0.2,,forest,6903.2,1,North Sikkim,Date not available,,,-0.011699,58.8,27.18
NEG-0557,27.545568,88.638122,1362.1,37.46,354.39,0.3059,,forest,4801.6,0,,,,,0.013517,0.0,57.54
SKM/WS/78A08/2015/391,27.230583,88.306056,715.0,36.67,155.64,0.1412,,forest,4186.1,1,West Sikkim,,Slide,600.0,-0.005992,124.7,53.7
NEG-0506,27.341167,88.649772,1655.8,34.67,128.84,0.0,,forest,5222.0,0,,,,,-0.009903,395.4,50.74
NEG-0177,27.156066,88.436532,1569.4,27.37,149.59,0.0,,grassland,4121.5,0,,,,,-0.003329,748.1,37.45
SKM/ES/78A11/2015/140,27.373083,88.720028,3266.5,28.0,125.29,0.2118,,forest,3704.8,1,East Sikkim,,Slide,500.0,0.011576,166.2,40.05
NEG-0723,27.250071,88.499815,1170.6,26.72,220.94,0.0,,forest,5634.2,0,,,,,-0.003995,456.2,36.13
NEG-0605,27.200895,88.466023,509.0,26.31,75.67,0.2353,,forest,4815.6,0,,,,,0.020014,92.9,39.97
SKM/SS/78A08/2015/253,27.093278,88.457444,306.9,32.97,122.14,0.1294,,forest,3596.5,1,South Sikkim,,Slide,3000.0,0.002456,176.3,46.74
NEG-0365,27.227129,88.418753,1766.7,18.86,70.56,0.0,,forest,5121.5,0,,,,,-0.004783,436.9,25.17
NEG-0422,27.275842,88.420747,890.0,18.83,133.49,0.0,,forest,5748.6,0,,,,,0.004808,670.1,25.24
NEG-0327,27.28322,88.093267,2071.4,42.6,127.45,0.0,,grassland,3230.7,0,,,,,-0.009903,611.5,65.68
NEG-0687,27.448303,88.537135,1628.8,10.33,345.75,0.1882,,forest,6938.1,0,,,,,-0.025322,106.0,26.21
NEG-0048,27.32953,88.444766,1154.4,27.42,128.46,0.2,,forest,7179.1,0,,,,,0.016947,117.6,39.62
SKM/SS/78A08/2015/187,27.224778,88.372083,2038.2,47.52,148.42,0.0,,forest,4499.1,1,South Sikkim,,Slide,2400.0,0.008263,670.1,78.93
SKM/NS/78A10/2017/197,27.609056,88.652028,1665.5,39.49,142.64,0.1412,,forest,4651.2,1,North Sikkim,,Slide,9000.0,0.000601,106.0,59.45
NEG-0338,27.341494,88.472165,779.9,29.3,59.93,0.1529,,forest,7199.1,0,,,,,-0.000401,176.3,40.27
SKM/SS/78A08/2015/227,27.134306,88.370528,1117.8,30.61,163.6,0.0,,forest,4074.9,1,South Sikkim,,Slide,1000.0,-0.003038,436.9,42.79
 ,27.326333,88.595444,1021.4,20.4,317.66,0.2824,,built-up,5687.2,1,East Sikkim,"Reactivated in June,2022",,,0.015812,29.4,30.08
SKM/ES/78A12/2015/164,27.158361,88.521833,607.4,37.22,68.78,0.0,,grassland,3542.4,1,East Sikkim,,Slide,30000.0,0.000614,386.5,54.49
SKM/WS/78A07/2015/361,27.2755,88.308056,1574.8,44.04,211.26,0.0,,forest,4535.9,1,West Sikkim,,Slide,3500.0,0.006031,693.6,69.97
NEG-0022,27.243166,88.468423,578.1,29.57,33.79,0.0,,forest,5528.1,0,,,,,-0.006298,447.6,40.91
NEG-0402,27.321856,88.322906,1591.5,27.73,210.37,0.0,,forest,4723.0,0,,,,,0.003028,539.5,37.93
NEG-0229,27.167651,88.297097,419.7,40.64,112.3,0.2118,,forest,3729.7,0,,,,,0.007092,223.8,61.33
SKM/SS/78A07/2015/329,27.262056,88.4305,643.4,28.92,112.88,0.0,,forest,5587.1,1,South Sikkim,,Slide,450.0,0.004659,353.9,40.39
NEG-0577,27.951494,88.573849,4397.9,7.21,142.41,0.2471,,grassland,1665.1,0,,,,,0.002582,88.2,10.04
SKM/NS/78A04/2017/115,27.142028,88.172139,781.4,28.17,192.7,0.3059,,forest,6288.5,1,West Sikkim,,Slide,500.0,0.008131,83.1,39.8
SKM/NS/78A03/2017/16,27.295444,88.094583,2086.1,39.95,177.31,0.0,,forest,3280.8,1,West Sikkim,,Slide,150.0,-0.008379,441.8,61.05
NEG-0325,27.436131,88.533839,1499.4,17.36,221.49,0.1765,,forest,6673.0,0,,,,,-0.004686,41.6,22.41
NEG-0046,27.312947,88.280287,739.2,36.75,119.68,0.2,,grassland,4354.3,0,,,,,0.005581,58.8,54.21
SKM/WS/78A07/2015/359,27.284139,88.264889,1058.8,32.44,136.52,0.0235,,forest,4459.5,1,West Sikkim,,Slide,500.0,0.006288,223.8,47.76
SKM/NS/78A03/2017/32,27.270056,88.174444,1337.7,31.23,183.12,0.0,,forest,5447.7,1,West Sikkim,,Slide,30.0,0.002877,386.5,44.04
 ,27.253528,88.603778,1057.9,20.32,291.28,0.2824,,grassland,4899.4,1,East Sikkim,"As per the temporal Google imageries, there is historic evidence of this landslide from September, 2020 onwards and the slide during heavy rainfall on 18-19 October 2021.",,,-0.010322,88.2,27.62
NEG-0642,27.253989,88.127385,1627.2,28.78,317.15,0.2588,,forest,4148.3,0,,,,,-0.000293,117.6,40.81
SKM/ES/78A11/2015/402,27.378417,88.697222,3073.2,42.84,199.43,0.0,,grassland,4195.5,1,East Sikkim,,Slide,1200.0,-0.009249,358.7,66.58
SKM/NS/78A04/2017/116,27.157861,88.090194,2173.9,27.85,287.41,0.0353,,forest,3913.5,1,West Sikkim,,Slide,1200.0,-0.000113,229.5,38.29
SKM/SS/78A08/2015/257,27.087667,88.416528,268.3,38.08,204.17,0.2,,bare/sparse vegetation,3683.7,1,South Sikkim,,Slide,12000.0,0.012388,83.1,57.08
NEG-0580,27.193809,88.422354,1404.4,19.11,66.37,0.1647,,forest,4739.0,0,,,,,-0.009102,131.4,26.54
NEG-0210,27.138055,88.41574,1542.1,37.07,36.91,0.1412,,forest,4037.0,0,,,,,0.009106,176.3,54.48
SK/NSK/78A11/2018/002,27.393056,88.635278,1576.1,35.04,181.15,0.0588,,grassland,5750.0,1,North Sikkim,,Slide,420.0,0.000749,249.4,51.39
NEG-0441,27.281384,88.285219,923.7,17.68,290.19,0.0,,forest,4397.4,0,,,,,-0.004685,749.2,23.9
SKM/NS/78A10/2017/209,27.740944,88.545361,2753.6,26.9,112.77,0.1059,,grassland,4394.9,1,North Sikkim,,Slide,12000.0,-0.006981,65.7,38.72
SKM/ES/78A12/2015/141,27.179639,88.519778,335.4,39.4,238.96,0.0824,,forest,4073.7,1,East Sikkim,,Slide,500.0,0.005258,249.4,59.08
NEG-0706,27.130738,88.286265,352.8,4.3,199.92,0.0,,built-up,3504.1,0,,,,,-0.004333,264.5,6.07
SKM/ES/78A11/2015/62,27.383806,88.633083,1761.0,23.6,302.44,0.0,,forest,5761.9,1,East Sikkim,,Fall,3000.0,-0.012493,408.3,34.0
SKM/NS/78A10/2017/168,27.517306,88.542889,1316.4,36.37,37.03,0.0,,built-up,8256.6,1,North Sikkim,,Slide,2400.0,0.000211,705.3,53.32
SKM/SS/78A08/2015/249,27.106944,88.43375,862.0,37.42,168.6,0.1647,,grassland,3781.4,1,South Sikkim,,Fall,12000.0,-0.003834,58.8,55.35
SKM/NS/78A15/2017/153,27.364722,88.834917,3859.3,30.44,136.29,0.2118,,built-up,3390.4,1,East Sikkim,,Slide,4500.0,0.002302,205.7,42.56
SKM/SS/78A12/2015/171,27.161306,88.512944,923.3,31.87,78.99,0.0,,forest,3674.7,1,South Sikkim,,Slide,675.0,-0.021751,807.0,47.65
NEG-0754,27.186364,88.32831,381.1,8.95,169.53,0.3294,,grassland,4019.8,0,,,,,0.003173,92.9,12.34
SKM/SS/78A07/2015/332,27.279889,88.436472,599.8,38.23,120.32,0.0118,,forest,6038.7,1,South Sikkim,,Slide,150.0,-0.029646,317.9,62.16
SKM/SS/78A08/2015/237,27.242917,88.354417,1569.0,21.12,250.37,0.2,,forest,4369.0,1,South Sikkim,,Slide,9000.0,0.037024,0.0,48.32
NEG-0482,27.316338,88.416421,1344.3,23.51,121.85,0.2,,forest,6338.2,0,,,,,-0.00244,207.8,31.25
SKM/SS/78A07/2015/290,27.263194,88.377139,1578.3,31.15,34.2,0.0235,,forest,4903.5,1,South Sikkim,,Slide,600.0,-0.004688,312.4,44.4
NEG-0629,27.213077,88.330365,676.9,27.2,291.6,0.0588,,forest,4096.6,0,,,,,-0.002433,249.4,37.64
SKM/ES/78A11/2015/398,27.368278,88.711278,3178.1,31.28,236.97,0.0,,built-up,3892.3,1,East Sikkim,,Slide,600.0,-0.008199,382.0,45.07
SKM/WS/78A08/2015/378,27.181222,88.309528,453.2,41.87,123.5,0.1176,,forest,3859.8,1,West Sikkim,,Slide,6000.0,-0.004987,223.8,64.42
NEG-0532,27.306755,88.239094,1762.0,15.15,310.16,0.0,,forest,4920.2,0,,,,,-0.001692,549.0,20.43
SKM/ES/78A11/2015/138,27.375028,88.728278,3371.3,33.52,273.74,0.4941,,grassland,3623.0,1,East Sikkim,,Slide,2000.0,-0.003851,106.0,48.04
SKM/NS/78A04/2017/135,27.170833,88.086361,2369.0,16.28,212.59,0.0,,forest,3819.6,1,West Sikkim,,Slide,450.0,0.005236,473.9,21.57
NEG-0586,27.127648,88.267356,391.4,18.53,341.57,0.2,,forest,3416.4,0,,,,,-0.004137,146.9,24.48
SKM/SS/78A08/2015/274,27.161444,88.410556,1576.5,31.78,111.91,0.0471,,forest,4208.6,1,South Sikkim,,Slide,2500.0,-0.000231,229.5,44.53
NEG-0337,27.230378,88.337236,1815.5,35.2,337.65,0.0,,forest,4235.8,0,,,,,0.011802,966.7,52.43
NEG-0291,28.032284,88.719665,5217.1,9.73,273.17,0.2,,moss/lichen,837.8,0,,,,,0.016512,0.0,20.96
NEG-0407,27.24953,88.129706,1773.4,26.11,349.75,0.0471,,forest,4276.2,0,,,,,0.006202,188.2,35.67
NEG-0450,27.225817,88.687195,924.7,19.3,189.09,0.0,,forest,4167.3,0,,,,,0.010071,436.9,27.58
NEG-0053,27.322618,88.1799,1673.9,26.19,171.69,0.0353,,forest,4997.1,0,,,,,0.001436,178.8,35.78
NEG-0483,27.274899,88.281722,719.1,38.23,248.54,0.0588,,forest,4365.9,0,,,,,-0.00159,252.8,56.54
 ,27.684453,88.7379,2683.3,52.56,104.62,0.2706,,grassland,2169.6,1,North Sikkim,May have happened in the monsoon of 2021,,,-0.031747,121.2,98.07
SKM/ES/78A11/2015/124,27.257083,88.696583,1422.5,25.85,151.78,0.2353,,forest,4391.9,1,East Sikkim,,Slide,300.0,0.000397,0.0,34.39
NEG-0287,27.250799,88.526937,639.2,32.16,159.46,0.0,,forest,5637.0,0,,,,,0.008953,353.9,45.86
NEG-0477,27.40227,88.524928,623.6,30.18,338.03,0.2,,forest,6779.9,0,,,,,0.001248,29.4,42.6
SKM/ES/78A11/2015/156,27.257972,88.548861,651.9,40.58,154.03,0.2235,,forest,5640.0,1,East Sikkim,,Slide,3000.0,-0.013836,92.9,63.96
SKM/WS/78A08/2015/271,27.158139,88.344806,1352.6,36.16,16.37,0.0,,forest,4086.0,1,West Sikkim,,Slide,3200.0,-0.007141,440.8,52.85
NEG-0664,27.30011,88.281796,1011.1,31.42,343.28,0.0,,forest,4368.4,0,,,,,-0.002851,492.6,44.19
SKM/NS/78A03/2017/07,27.294889,88.079944,2087.4,24.67,7.45,0.2,,forest,3299.2,1,West Sikkim,,Slide,825.0,-0.012245,166.2,35.02
 ,27.170542,88.383581,1548.8,38.16,256.51,0.2,,forest,4399.9,1,South Sikkim,"may have occurred in the month of May, 2021",,,-0.014103,65.7,57.63
 ,27.28847,88.30139,1132.9,35.63,20.57,0.0235,,forest,4537.0,1,South Sikkim,"Date  of  occurrence:  10.07.2022.  Initiated  on  around  8:30
am and complete failure by10:00 am.",,,0.009979,312.4,52.39
SKM/SS/78A08/2015/321,27.123194,88.34025,929.3,29.59,159.28,0.0,,grassland,3876.9,1,South Sikkim,,Slide,250.0,0.00486,740.0,41.12
 ,27.370556,88.616111,1900.3,12.49,269.47,0.0,,built-up,5777.9,1,East Sikkim,Date of initiation: 05.06.2021 in the midnight.,,,-0.017369,823.4,22.16
SKM/SS/78A08/2015/189,27.221444,88.376167,1614.0,37.79,150.38,0.1059,,forest,4545.8,1,South Sikkim,,Slide,240.0,0.02648,131.4,60.02
 ,27.342222,88.607222,1580.4,22.59,236.05,0.0,,built-up,5695.6,1,East Sikkim,Nil,,,-0.008405,617.8,30.8
SKM/ES/78A11/2015/61,27.381278,88.632611,1778.1,44.23,287.14,0.0,,forest,5753.4,1,East Sikkim,,Fall,7500.0,0.017702,499.6,71.94
NEG-0295,27.158478,88.217854,1166.4,17.63,251.85,0.0941,,forest,5626.4,0,,,,,-0.00377,92.9,23.74
NEG-0612,27.227879,88.278501,1564.7,25.03,99.51,0.0,,grassland,4119.0,0,,,,,0.008821,316.5,34.64
SKM/NS/78A04/2017/97,27.157806,88.230306,1501.7,19.28,218.03,0.0,,forest,5121.4,1,West Sikkim,,Slide,800.0,-0.005066,1088.9,30.08
SKM/WS/78A07/2015/380,27.293417,88.294917,731.6,44.14,357.58,0.1529,,forest,4480.9,1,West Sikkim,,Slide,1500.0,0.004695,146.9,69.51
SKM/NS/78A03/2017/74,27.258778,88.202639,1261.2,31.31,87.64,0.1294,,forest,5623.9,1,West Sikkim,,Slide,200.0,0.000728,83.1,44.12
SKM/ES/78A12/2015/110,27.198856,88.638725,607.5,23.5,302.15,0.2706,,forest,3827.9,1,East Sikkim,,Slide,300.0,-0.008829,131.4,33.08
SKM/NS/78A15/2017/151,27.38375,88.808694,3933.9,29.57,68.05,0.2,,bare/sparse vegetation,3521.1,1,East Sikkim,,Slide,4800.0,0.010214,83.1,44.53
SKM/NS/78A10/2017/171,27.527333,88.590778,1504.4,41.17,249.68,0.0,,forest,6509.3,1,North Sikkim,,Slide,9600.0,0.008142,583.3,63.05
NEG-0691,27.199513,88.213926,1915.6,34.02,150.71,0.0,,forest,5974.2,0,,,,,-0.010998,647.2,48.53
NEG-0254,27.216132,88.7435,1416.8,32.62,357.35,0.2,,forest,4376.3,0,,,,,-0.001219,83.1,46.58
SKM/NS/78A04/2017/98,27.156944,88.230778,1483.9,32.24,237.41,0.0,,forest,5079.4,1,West Sikkim,,Slide,2000.0,0.000709,1068.1,45.48
SKM/SS/78A08/2015/221,27.133556,88.39475,1674.7,28.27,173.41,0.0,,forest,4038.2,1,South Sikkim,,Slide,1000.0,-0.008518,499.6,39.81
SKM/NS/78A04/2017/72,27.245028,88.226861,1745.2,21.09,3.2,0.0118,,forest,5219.2,1,West Sikkim,,Slide,1000.0,-0.000497,242.3,27.56
NEG-0182,27.360072,88.474088,634.4,36.35,92.14,0.2353,,forest,7313.3,0,,,,,-0.006807,235.1,53.31
SKM/SS/78A08/2015/234,27.159972,88.379083,1246.4,32.47,304.97,0.0,,forest,4228.4,1,South Sikkim,,Slide,2000.0,-0.000769,323.3,46.67
SKM/NS/78A11/2015/92,27.4795,88.528472,892.3,28.63,215.16,0.1059,,forest,7382.4,1,North Sikkim,,Slide,160.0,-0.000462,223.8,39.58
SKM/NS/78A10/2017/178,27.533722,88.609278,1443.6,57.25,307.93,0.0,,forest,5813.1,1,North Sikkim,,Slide,3000.0,0.032332,561.5,116.69
NEG-0088,27.37316,88.746315,3597.9,34.89,189.73,0.2,,grassland,3590.3,0,,,,,0.005527,205.7,51.41
NEG-0730,27.229375,88.658336,1206.1,19.97,96.59,0.0118,,forest,4211.7,0,,,,,-0.00714,317.9,29.82
SKM/NS/78A15/2017/148,27.364583,88.787333,3888.5,31.5,179.91,0.0,,built-up,3558.7,1,East Sikkim,,Slide,6210.0,-0.006742,634.4,44.5
NEG-0724,27.166808,88.488506,1325.2,29.02,200.0,0.0,,forest,4016.1,0,,,,,-0.014953,681.6,42.07
SKM/SS/78A08/2015/273,27.158,88.347972,1383.0,36.3,306.99,0.0,,forest,4108.2,1,South Sikkim,,Slide,8750.0,0.011664,554.5,54.09
SKM/ES/78A12/2015/105,27.190833,88.596889,489.7,51.08,133.22,0.2471,,forest,3743.5,1,East Sikkim,,Slide,300.0,0.001551,83.1,88.1
SKM/NS/78A04/2017/88,27.219444,88.234361,1294.3,32.91,134.56,0.0,,forest,5366.6,1,West Sikkim,,Slide,4800.0,0.007325,289.4,46.8
SKM/WS/78A07/2015/377,27.399806,88.329139,1935.3,27.28,268.43,0.0,,bare/sparse vegetation,6725.3,1,West Sikkim,,Slide,500.0,0.002978,473.9,36.69
SKM/NS/78A15/2017/147,27.37475,88.782889,3896.4,34.91,102.65,0.0235,,bare/sparse vegetation,3550.1,1,East Sikkim,,Slide,4000.0,0.001006,299.7,50.08
SKM/NS/78A03/2017/33,27.27075,88.167417,1366.9,26.61,223.33,0.1412,,forest,5224.5,1,West Sikkim,,Slide,30.0,0.004801,205.7,36.06
SKM/NS/78A03/2017/08,27.283194,88.106667,1598.5,35.26,230.68,0.3765,,forest,3454.0,1,West Sikkim,,Slide,50.0,0.018767,92.9,52.77
SKM/ES/78A11/2015/407,27.370861,88.683167,2716.3,39.87,143.36,0.0,,forest,4499.4,1,East Sikkim,,Slide,400.0,0.011498,657.1,62.49
SKM/NS/78A04/2017/86,27.225556,88.240333,1572.3,27.85,171.06,0.0,,forest,5185.9,1,West Sikkim,,Slide,1750.0,0.004013,791.3,38.36
NEG-0115,27.184209,88.235147,1122.5,31.67,231.03,0.2,,forest,5215.9,0,,,,,-0.002342,83.1,46.45
NEG-0201,27.268164,88.615725,1306.6,15.09,24.13,0.0,,forest,4924.0,0,,,,,0.014521,735.3,26.2
SKM/SS/78A08/2015/309,27.159194,88.444361,1315.3,42.8,17.2,0.2,,forest,4130.5,1,South Sikkim,,Slide,1200.0,0.004551,121.2,66.56
SKM/SS/78A07/2015/192,27.254917,88.390889,1803.4,27.87,65.9,0.0,,forest,4917.0,1,South Sikkim,,Slide,250.0,0.001779,999.6,37.92
SKM/SS/78A07/2015/337,27.311667,88.418611,1236.6,26.24,66.64,0.2353,,forest,6366.9,1,South Sikkim,,Subsidence,1000.0,0.002748,176.3,35.51
NEG-0554,27.330608,88.453856,1123.1,42.67,230.54,0.0824,,forest,7314.1,0,,,,,0.007158,223.8,66.25
NEG-0381,27.281152,88.230526,1187.0,30.9,128.03,0.2,,forest,5100.9,0,,,,,0.015102,121.2,45.2
NEG-0505,28.070289,88.603049,5329.2,32.19,177.16,0.0,,bare/sparse vegetation,1149.0,0,,,,,0.000393,755.6,45.1
NEG-0315,28.027289,88.733501,5513.8,20.4,98.0,0.0,,bare/sparse vegetation,837.8,0,,,,,0.000227,784.2,26.75
NEG-0658,27.187243,88.497677,370.9,35.25,286.13,0.2706,,forest,4450.3,0,,,,,-0.01308,124.7,53.13
NEG-0123,27.224583,88.492502,383.7,49.79,286.83,0.2,,forest,5216.3,0,,,,,0.008372,58.8,85.16
NEG-0168,27.412377,88.570645,1875.0,24.14,192.65,0.0,,forest,6323.7,0,,,,,-0.010583,802.1,34.51
NEG-0049,27.681841,88.745878,2697.9,33.07,321.25,0.0353,,forest,2192.5,0,,,,,0.004011,278.8,47.1
NEG-0002,27.242819,88.187334,1796.0,12.03,258.62,0.2,,forest,5986.7,0,,,,,-0.008905,41.6,17.74
NEG-0047,27.156151,88.350958,1432.8,31.61,120.31,0.0,,forest,4123.6,0,,,,,-0.004455,587.8,44.47
SKM/SS/78A07/2015/331,27.271583,88.430389,490.9,45.02,152.76,0.2,,forest,5783.4,1,South Sikkim,,Slide,750.0,0.008702,65.7,71.85
SK/WEST/78A08/2015/0238,27.184806,88.316833,476.5,45.05,154.72,0.1412,,grassland,3924.7,1,West Sikkim,,Slide,0.0,0.003963,146.9,70.75
NEG-0135,27.149262,88.367343,841.0,39.41,329.18,0.3647,,forest,4170.7,0,,,,,0.002416,29.4,59.58
SKM/NS/78A10/2017/190,27.547111,88.602667,1734.5,31.41,94.93,0.1059,,forest,6103.2,1,North Sikkim,,Slide,3000.0,0.01009,213.9,45.88
NEG-0243,27.095307,88.430958,896.8,18.69,149.15,0.0,,forest,3702.2,0,,,,,-0.003602,892.3,25.78
NEG-0468,27.345557,88.607972,1541.8,16.78,30.05,0.0471,,built-up,5707.3,0,,,,,0.004154,270.9,22.33
NEG-0727,27.217343,88.526633,1564.9,32.08,175.3,0.0,,forest,4968.5,0,,,,,0.000767,500.5,44.45
SKM/NS/78A03/2017/81,27.197111,88.208722,1857.1,36.97,149.19,0.0,,forest,6101.3,1,West Sikkim,,Slide,600.0,0.012475,427.9,55.84
NEG-0654,27.231665,88.279755,1549.5,16.94,125.52,0.0,,grassland,4152.7,0,,,,,-0.004892,342.7,23.63
SKM/ES/78A12/2015/101,27.178889,88.533097,355.9,47.37,130.58,0.2706,,bare/sparse vegetation,3945.9,1,East Sikkim,,Slide,14100.0,0.007264,83.1,78.92
NEG-0209,27.343758,88.490149,943.7,24.69,212.21,0.0941,,forest,6909.2,0,,,,,-0.00453,188.2,33.41
SKM/NS/78A11/2015/78,27.374583,88.542444,1826.8,36.03,109.04,0.0,,forest,6254.8,1,North Sikkim,,Fall,1600.0,0.002914,498.7,53.03
NEG-0685,27.262248,88.402843,1196.5,33.62,83.63,0.0,,forest,5227.4,0,,,,,0.005315,295.3,47.95
SKM/NS/78A03/2017/05,27.280889,88.084333,2396.9,25.19,134.35,0.0,,forest,3248.1,1,West Sikkim,,Slide,120.0,-0.014092,846.1,37.05
 ,27.2536,88.6043,1071.6,17.13,299.81,0.3647,,built-up,4894.8,1,East Sikkim,"Last week of August,2022",,,-0.009502,146.9,24.79
SK/EAST/78A12/2015/0213,27.17925,88.65875,1265.2,27.19,195.41,0.0,,built-up,3655.9,1,East Sikkim,,Slide,0.0,0.009361,392.1,37.9
NEG-0679,27.511761,88.53798,1134.2,21.72,280.32,0.2,,forest,8092.8,0,,,,,0.009066,58.8,30.02
SKM/NS/78A10/2017/215,27.723611,88.550472,2709.9,27.04,133.78,0.2353,,grassland,4453.8,1,North Sikkim,,Slide,6000.0,-0.003867,58.8,37.54
NEG-0091,27.117078,88.434362,1197.4,29.22,23.32,0.0,,forest,3855.1,0,,,,,0.00665,456.2,41.16
SKM/ES/78A11/2015/161,27.368194,88.711167,3160.5,34.98,250.94,0.0,,built-up,3898.7,1,East Sikkim,,Fall,16500.0,-0.005038,355.1,50.86
SKM/NS/78A03/2017/77,27.259722,88.248972,1129.8,16.39,69.87,0.0,,forest,4754.5,1,West Sikkim,,Slide,600.0,-0.008408,683.5,24.55
SKM/ES/78A11/2015/397,27.373472,88.721944,3279.9,33.54,158.79,0.1529,,built-up,3666.2,1,East Sikkim,,Slide,1500.0,0.003571,92.9,47.9
SKM/NS/78A04/2017/01,27.248583,88.117444,2002.9,32.24,83.22,0.0,,forest,3899.1,1,West Sikkim,,Slide,10.0,0.001525,499.6,45.08
NEG-0016,27.993062,88.459347,4855.0,12.97,212.97,0.0706,,moss/lichen,1294.4,0,,,,,-0.000277,251.1,16.69
NEG-0588,27.157695,88.499477,1051.7,21.9,122.42,0.0,,forest,3725.8,0,,,,,0.005081,457.2,28.84
NEG-0647,27.207926,88.318532,725.2,33.34,99.83,0.0,,forest,4012.0,0,,,,,0.006574,492.6,47.19
NEG-0656,27.935936,88.560542,4530.4,33.96,336.77,0.0,,grassland,2143.3,0,,,,,-0.008616,293.9,49.39
SKM/SS/78A08/2015/308,27.165,88.444444,1388.5,28.15,61.31,0.0235,,forest,4225.4,1,South Sikkim,,Slide,1050.0,0.000832,251.1,38.89
SKM/NS/78A11/2015/08,27.437889,88.601694,1791.9,26.64,71.57,0.0,,forest,6107.2,1,North Sikkim,,Slide,56.0,-0.001623,583.3,35.83
SK/WEST/78A07/2015/0233,27.269056,88.284722,673.8,34.02,2.78,0.1294,,forest,4393.7,1,West Sikkim,,Subsidence,0.0,0.001568,235.1,48.39
NEG-0414,27.257737,88.220487,1295.3,26.17,6.39,0.0235,,forest,5289.8,0,,,,,-0.017026,312.4,37.89
NEG-0218,27.376227,88.363506,1678.2,25.89,256.08,0.0,,forest,6331.6,0,,,,,-0.005651,317.9,35.79
SKM/SS/78A08/2015/255,27.084722,88.443833,283.4,19.16,189.37,0.2,,forest,3591.2,1,South Sikkim,,Slide,10500.0,0.031623,0.0,39.33
SKM/NS/78A03/2017/85,27.216361,88.199667,1938.0,38.93,145.03,0.2588,,forest,6054.5,1,West Sikkim,,Slide,1800.0,0.025968,121.2,62.46
SKM/SS/78A08/2015/206,27.194333,88.388889,1752.0,29.38,252.38,0.0,,forest,4654.0,1,South Sikkim,,Slide,180.0,-0.001375,353.9,40.63
NEG-0083,27.327425,88.360052,2265.9,26.37,212.07,0.0,,forest,4984.5,0,,,,,-0.010214,392.1,37.02
NEG-0124,27.244605,88.70113,1355.9,36.17,84.36,0.2235,,forest,4401.9,0,,,,,0.016706,185.9,54.15
NEG-0378,27.189352,88.346188,701.0,12.17,330.16,0.0824,,forest,4167.9,0,,,,,0.008717,229.5,17.0
SKM/WS/78A07/2015/364,27.260194,88.302417,567.4,39.11,252.55,0.1294,,forest,4418.8,1,West Sikkim,,Slide,300.0,0.004163,229.5,58.6
SK/WEST/78A07/2015/0226,27.295194,88.250028,1577.5,31.9,190.63,0.0,,forest,4735.7,1,West Sikkim,,Subsidence,0.0,0.009969,427.9,46.96
NEG-0594,27.190414,88.338219,633.3,22.89,328.6,0.0,,forest,4107.1,0,,,,,-0.007625,323.3,31.43
NEG-0109,27.170836,88.197218,1656.1,25.4,158.79,0.1765,,forest,6559.8,0,,,,,0.005859,146.9,34.94
NEG-0194,27.45882,88.52417,995.0,30.86,279.26,0.0235,,forest,6954.8,0,,,,,0.004165,207.8,43.45
SKM/SS/78A08/2015/259,27.090944,88.406833,308.9,23.42,164.1,0.2,,forest,3732.3,1,South Sikkim,,Slide,21000.0,-0.000708,176.3,31.64
SKM/NS/78A03/2017/18,27.269778,88.144278,1480.7,35.63,166.19,0.1882,,forest,4500.9,1,West Sikkim,,Slide,12.0,-0.001227,205.7,50.86
NEG-0739,27.24626,88.187194,1736.5,29.63,340.78,0.1059,,forest,5952.7,0,,,,,-0.001405,229.5,41.24
NEG-0137,27.757607,88.538625,2724.2,16.73,179.41,0.2,,forest,4245.1,0,,,,,0.01338,29.4,25.19
SKM/ES/78A11/2015/400,27.375139,88.708028,3152.9,40.45,284.04,0.1882,,grassland,3966.3,1,East Sikkim,,Slide,4800.0,0.012767,58.8,62.72
 ,27.394722,88.623611,1587.2,17.97,242.43,0.0,,forest,5848.8,1,North Sikkim,"As per the Google imageries, the landslide has first occurred in 2018 and is again reactivated in July 2021",,,0.003641,686.1,24.42
SKM/WS/78A08/2015/267,27.153306,88.3135,1214.4,36.6,303.09,0.0,,forest,3815.3,1,West Sikkim,,Slide,3000.0,0.013457,946.4,54.89
SKM/NS/78A11/2015/06,27.418667,88.616778,1424.1,33.33,206.61,0.0,,forest,6001.8,1,North Sikkim,,Slide,150.0,0.003117,484.7,47.94
SKM/ES/78A12/2015/31,27.238111,88.601528,1216.9,15.48,223.09,0.1294,,forest,4594.6,1,East Sikkim,,Slide,18.0,0.009812,149.8,24.86
NEG-0150,27.500505,88.537027,1240.9,29.49,295.65,0.0588,,grassland,7878.1,0,,,,,0.01397,262.9,41.74
NEG-0290,27.177932,88.226806,1068.5,34.19,158.39,0.2,,forest,5485.2,0,,,,,-0.00044,88.2,48.86
NEG-0283,27.20639,88.608172,776.1,21.59,114.13,0.0,,forest,3933.6,0,,,,,9.7e-05,353.9,29.43
NEG-0657,27.308664,88.195748,1619.0,19.71,357.8,0.0118,,forest,5191.6,0,,,,,-0.008834,289.4,28.61
NEG-0212,27.181817,88.464289,1170.6,28.85,295.1,0.0,,forest,4495.1,0,,,,,0.013223,409.3,42.24
NEG-0136,27.274625,88.390635,1269.1,29.71,134.06,0.0,,forest,5320.7,0,,,,,0.007419,540.3,41.18
SKM/ES/78A2/2015/169,27.158972,88.514611,824.2,28.74,160.71,0.0,,forest,3608.6,1,East Sikkim,,Fall,750.0,0.003699,741.7,39.01
SKM/NS/78A10/2017/226,27.641139,88.612,1893.6,34.22,251.16,0.3059,,built-up,3901.4,1,North Sikkim,,Slide,15600.0,-0.000214,65.7,48.14
NEG-0481,27.375665,88.465512,1061.3,29.57,14.08,0.0118,,forest,6849.4,0,,,,,-0.003597,332.5,41.02
SKM/ES/78A11/2015/155,27.254778,88.542444,643.0,36.24,162.81,0.1176,,forest,5651.5,1,East Sikkim,,Slide,2250.0,0.000415,188.2,53.89
NEG-0020,27.201871,88.252079,1519.2,36.77,78.45,0.0,,forest,4718.3,0,,,,,0.009121,758.4,55.02
 ,27.323208,88.609869,1552.5,38.94,278.34,0.0,,built-up,5615.5,1,East Sikkim,Date of occurrence : 19.10.2021 around 08:00 pm,,,0.005995,884.1,59.54
SKM/WS/78A07/2015/381,27.3515,88.273028,1543.1,24.05,164.51,0.0824,,forest,4404.3,1,West Sikkim,,Slide,30000.0,0.001916,106.0,32.96
SK/EAST/78A12/2015/0217,27.195639,88.634028,549.2,31.78,337.21,0.3294,,forest,3788.7,1,East Sikkim,,Slide,0.0,0.013426,65.7,47.59
NEG-0387,27.198033,88.286642,1031.4,26.23,284.92,0.0,,forest,3877.1,0,,,,,0.002805,295.3,35.73
SKM/NS/78A03/2017/47,27.30675,88.199083,1635.9,35.27,27.86,0.1765,,forest,5192.0,1,West Sikkim,,Slide,300.0,-0.00192,106.0,50.79
NEG-0007,27.112593,88.456954,610.7,46.98,127.35,0.2,,forest,3743.1,0,,,,,-0.003504,117.6,77.24
SKM/ES/78A11/2015/40,27.265944,88.534556,1165.9,47.06,191.57,0.0,,forest,5690.5,1,East Sikkim,,Fall,75.0,0.020749,675.9,80.23
SKM/SS/78A08/2015/250,27.105972,88.444556,797.5,31.87,209.42,0.0,,forest,3747.3,1,South Sikkim,,Subsidence,3000.0,-0.000583,368.2,45.16
SKM/ES/78A12/2015/142,27.180528,88.518611,347.4,39.33,224.21,0.0471,,forest,4110.4,1,East Sikkim,,Slide,100.0,0.002635,249.4,58.22
 ,27.285778,88.5535,1641.1,50.54,223.11,0.0,,built-up,5719.9,1,East Sikkim,Date of occurrence : 27.08.2021,,,-0.004394,457.2,87.42
NEG-0448,27.237446,88.751632,2040.1,10.16,172.07,0.0,,forest,4292.5,0,,,,,-0.0134,532.2,19.69
SKM/NOR/78A10/2014/005,27.5152,88.56456,1388.5,31.03,47.7,0.2,,forest,7413.7,1,North Sikkim,,Slide,0.0,0.005657,29.4,44.16
NEG-0034,27.422763,88.786958,4085.4,19.13,289.8,0.2,,grassland,3513.0,0,,,,,0.002588,0.0,24.95
NEG-0717,28.082991,88.647643,5331.5,15.11,6.38,0.0,,grassland,1149.0,0,,,,,0.001296,681.6,19.82
NEG-0324,27.903449,88.415138,4535.4,2.68,101.93,0.3294,,grassland,1497.2,0,,,,,0.003597,146.9,4.77
NEG-0711,27.137215,88.341119,1324.1,42.46,123.78,0.0,,forest,3967.5,0,,,,,0.002373,447.6,66.06
NEG-0632,27.088489,88.438733,555.6,35.83,175.06,0.0588,,forest,3632.8,0,,,,,0.000764,249.4,52.52
SKM/SS/78A07/2015/292,27.287194,88.369444,1961.7,29.73,83.9,0.0,,forest,4864.0,1,South Sikkim,,Slide,2400.0,0.00588,795.6,41.77
NEG-0742,27.266006,88.297014,671.0,39.41,163.95,0.1647,,forest,4449.6,0,,,,,0.003282,158.3,58.63
NEG-0085,27.143615,88.309137,1142.0,23.96,201.81,0.0,,forest,3741.3,0,,,,,-0.013995,743.5,35.04
NEG-0655,27.268156,88.451063,907.0,25.44,226.1,0.0,,forest,5987.5,0,,,,,-0.002027,883.6,34.4
SKM/NS/78A04/2017/139,27.144056,88.127361,2304.4,29.6,176.17,0.0,,forest,4955.8,1,West Sikkim,,Slide,600.0,0.004007,807.0,40.71
SKM/WS/78A08/2015/351,27.186361,88.320417,456.8,31.4,175.39,0.1529,,built-up,3956.6,1,West Sikkim,,Slide,7500.0,0.002428,235.1,43.76
SKM/NOR/78A11/2014/007,27.4097,88.54371,1539.2,43.68,195.57,0.0,,forest,6519.2,1,North Sikkim,,Fall,0.0,0.01256,383.2,69.6
SKM/EAS/78A11/2014/001,27.25677,88.55359,690.3,32.91,335.41,0.0706,,forest,5593.4,1,East Sikkim,,Slide,0.0,-0.003968,249.4,46.77
NEG-0203,27.421498,88.63418,1389.5,27.55,146.25,0.2824,,forest,5904.9,0,,,,,0.011533,117.6,41.03
NEG-0055,27.260931,88.213019,1165.1,27.06,14.58,0.0588,,forest,5428.4,0,,,,,-0.01464,235.1,37.98
NEG-0681,27.260946,88.428956,687.8,37.58,121.19,0.0,,forest,5545.5,0,,,,,-0.006495,355.1,54.54
SKM/NS/78A03/2017/56,27.33325,88.213583,1407.1,33.62,18.13,0.0,,forest,4777.1,1,West Sikkim,,Slide,250.0,0.006394,352.7,49.09
SKM/NS/78A10/2017/193,27.553583,88.577194,1896.4,43.25,103.24,0.4941,,forest,7074.7,1,North Sikkim,,Slide,3000.0,-0.001339,29.4,67.4
SKM/SS/78A08/2015/207,27.195722,88.387472,1698.1,28.25,261.69,0.0,,forest,4637.6,1,South Sikkim,,Slide,900.0,-0.002187,328.6,38.58
NEG-0159,27.117406,88.337474,689.9,20.3,173.65,0.0,,forest,3824.7,0,,,,,-0.006786,363.5,27.66
 ,27.369934,88.485928,822.4,37.56,277.6,0.0,,forest,7190.4,1,East Sikkim,23.08.2021,,,-0.003576,567.6,55.72
NEG-0602,27.41941,88.801349,4440.6,12.81,305.45,0.0824,,grassland,3486.9,0,,,,,0.014736,146.9,20.59
NEG-0480,27.26972,88.445915,725.6,24.84,296.01,0.0,,forest,5955.1,0,,,,,-0.002922,570.6,33.53
NEG-0603,27.20493,88.38879,1633.6,21.63,267.95,0.0,,forest,4675.6,0,,,,,-0.003222,293.9,28.38
SKM/SS/78A08/2015/296,27.173917,88.38525,1730.5,49.95,248.97,0.1059,,forest,4455.6,1,South Sikkim,,Slide,1500.0,-0.003159,88.2,84.7
SKM/ES/78A2/2015/168,27.158111,88.512472,814.2,27.16,170.54,0.0,,forest,3620.2,1,East Sikkim,,Slide,1680.0,-0.008405,540.3,37.22
NEG-0488,27.248402,88.221188,1647.8,21.58,343.66,0.0,,forest,5285.0,0,,,,,-0.000833,353.9,28.48
NEG-0245,27.229725,88.537146,1017.3,54.54,18.33,0.3412,,forest,5191.0,0,,,,,-0.010278,92.9,102.65
SKM/ES/78A08/2015/52,27.240556,88.48025,372.2,32.41,358.38,0.2,,forest,5481.4,1,East Sikkim,,Slide,96.0,0.013897,88.2,47.73
SKM/ES/78A11/2015/128,27.25475,88.711,1029.2,39.82,231.39,0.2,,forest,4413.0,1,East Sikkim,,Slide,200.0,0.012006,65.7,61.04
SKM/NS/78A11/2015/11,27.438139,88.527028,1281.5,26.61,297.37,0.0,,forest,6617.0,1,North Sikkim,,Slide,375.0,-0.008164,473.9,36.78
 ,27.199506,88.326961,502.9,43.61,15.87,0.2353,,forest,4039.2,1,West Sikkim,"Initiated in October,2020 and reactivated on 20th August,2022.",,,-0.01474,124.7,69.94
NEG-0466,27.301602,88.601485,1215.2,28.35,101.81,0.0,,forest,5524.9,0,,,,,0.000186,529.8,38.66
SKM/NS/78A11/2015/81,27.397083,88.519167,764.7,31.46,324.16,0.0471,,forest,6836.0,1,North Sikkim,,Slide,2000.0,0.004671,270.9,43.56
NEG-0599,27.250046,88.378253,2197.5,11.11,17.87,0.0,,forest,4648.9,0,,,,,0.003163,948.6,14.96
NEG-0043,27.391125,88.347393,1979.9,39.87,214.53,0.0,,forest,6709.5,0,,,,,-0.002279,872.3,60.11
SKM/NS/78A04/2017/103,27.122472,88.227611,466.4,23.0,188.33,0.1412,,forest,3866.7,1,West Sikkim,,Slide,5500.0,-0.002608,0.0,31.1
NEG-0285,27.230522,88.44882,1084.8,17.84,10.88,0.2,,forest,5319.5,0,,,,,-0.010543,146.9,26.38
NEG-0585,27.234782,88.64836,1445.8,21.29,185.03,0.0,,forest,4279.9,0,,,,,-0.014055,335.1,31.97
SKM/SS/78A08/2015/314,27.124778,88.445083,624.7,33.66,14.56,0.3176,,forest,3885.7,1,South Sikkim,,Slide,5500.0,0.005733,88.2,48.64
NEG-0616,27.278384,88.907152,4078.3,14.72,260.69,0.0,,grassland,3485.5,0,,,,,0.004043,523.2,19.17
SKM/SS/78A08/2015/323,27.130444,88.340222,1166.1,38.48,227.26,0.0,,built-up,3919.8,1,South Sikkim,,Slide,1500.0,-0.006145,905.3,57.41
NEG-0215,27.300014,88.433433,790.0,26.86,94.13,0.2,,forest,6418.8,0,,,,,-0.000505,0.0,37.34
SKM/SS/78A12/2015/147,27.223833,88.491833,335.6,23.64,284.55,0.2,,forest,5203.1,1,South Sikkim,,Slide,900.0,0.026259,29.4,40.23
NEG-0617,27.320421,88.272633,1010.3,28.65,64.12,0.0,,grassland,4312.4,0,,,,,0.004046,489.1,39.74
SKM/NS/78A11/2015/23,27.417444,88.621083,1385.4,46.59,171.38,0.0353,,forest,5954.8,1,North Sikkim,,Slide,56.0,0.013728,266.1,78.55
NEG-0286,27.254055,88.590836,1302.0,27.68,15.91,0.0,,forest,5073.4,0,,,,,0.013227,827.6,39.43
NEG-0666,27.2158,88.500412,821.0,44.04,186.6,0.1176,,forest,5067.9,0,,,,,0.020144,178.8,72.26
SKM/SS/78A07/2015/341,27.369778,88.456833,1533.9,23.47,134.33,0.0,,forest,6862.6,1,South Sikkim,,Slide,3200.0,-0.011061,688.0,34.08
SK/WEST/78A03/2015/0228,27.285361,88.249028,1208.1,20.69,196.64,0.2235,,forest,4754.5,1,West Sikkim,,Subsidence,0.0,-0.000679,0.0,27.92
SKM/ES/78A11/2015/18,27.259694,88.550417,659.6,38.13,138.84,0.0941,,built-up,5639.3,1,East Sikkim,,Slide,5000.0,-0.00678,188.2,57.92
SK/EAST/78A12/2015/0214,27.19375,88.650556,1156.8,21.43,285.38,0.0,,forest,3762.8,1,East Sikkim,,Slide,0.0,-0.013468,433.9,33.95
SKM/NS/78A03/2017/30,27.27,88.179944,1332.4,45.39,196.12,0.1647,,forest,5627.0,1,West Sikkim,,Fall,80.0,-0.001496,106.0,72.58
SK/WEST/78A08/2015/0236,27.237583,88.298306,507.6,51.25,48.16,0.4118,,forest,4233.5,1,West Sikkim,,Slide,0.0,0.006538,41.6,89.17
SKM/ES/78A11/2015/405,27.369306,88.691583,2814.5,36.26,111.21,0.0,,forest,4320.8,1,East Sikkim,,Slide,600.0,-0.007929,665.0,53.52
SKM/NS/78A10/2017/167,27.517278,88.539667,1297.1,37.31,295.59,0.0,,forest,8235.4,1,North Sikkim,,Slide,2400.0,0.00927,676.6,56.25
NEG-0345,27.127084,88.432406,1029.7,19.44,69.62,0.4,,forest,3935.1,0,,,,,0.007163,58.8,26.06
SKM/NS/78A03/2017/42,27.252139,88.176944,1301.1,34.7,101.91,0.2,,forest,5742.5,1,West Sikkim,,Slide,450.0,0.003366,88.2,49.56
NEG-0204,27.406594,88.30727,1867.5,17.49,252.93,0.0235,,forest,6033.0,0,,,,,0.001032,266.1,22.8
NEG-0745,27.435068,88.507346,845.7,32.16,44.06,0.0,,forest,6301.5,0,,,,,0.01125,529.0,46.89
SK/WEST/78A07/2015/0234,27.263389,88.292667,608.3,44.47,39.3,0.1176,,forest,4424.4,1,West Sikkim,,Slide,0.0,-0.006191,146.9,70.35
SKM/NS/78A04/2017/130,27.1205,88.152722,1225.1,26.25,250.59,0.0,,forest,5388.9,1,West Sikkim,,Slide,2100.0,0.005528,720.5,35.53
SKM/NS/78A11/2015/86,27.433083,88.514528,716.3,39.16,260.5,0.2,,built-up,6361.3,1,North Sikkim,,Slide,1000.0,0.0046,176.3,59.4
NEG-0350,27.240952,88.246281,1217.2,20.4,354.75,0.1529,,forest,4904.5,0,,,,,-0.006262,83.1,28.51
NEG-0401,27.345652,88.65012,1706.2,14.42,132.3,0.0,,forest,5213.7,0,,,,,0.007713,299.7,20.34
NEG-0271,27.144204,88.430568,1105.1,22.94,229.15,0.0118,,forest,4056.2,0,,,,,0.001828,264.5,31.73
SKM/ES/78A11/2015/66,27.395444,88.623583,1603.9,31.55,205.87,0.0,,forest,5851.0,1,East Sikkim,,Slide,2000.0,0.020781,744.0,46.87
NEG-0009,27.403555,88.316052,2097.3,25.02,165.64,0.0,,grassland,6311.6,0,,,,,-0.002239,758.4,33.42
NEG-0570,27.335209,88.44601,1367.7,21.73,153.46,0.0,,forest,7270.5,0,,,,,0.000188,382.0,28.98
SKM/NS/78A03/2017/17,27.270667,88.142056,1475.1,40.05,152.94,0.1765,,forest,4416.2,1,West Sikkim,,Fall,3500.0,0.021488,29.4,64.06
NEG-0497,27.148681,88.300701,846.0,17.91,279.83,0.0,,forest,3694.1,0,,,,,-0.003793,567.6,23.27
SKM/ES/78A11/2015/68,27.398083,88.614583,1631.6,38.92,161.93,0.0,,forest,5899.9,1,East Sikkim,,Slide,200.0,0.00103,883.6,58.49
SKM/NS/78A11/2015/96,27.481083,88.530667,1025.2,29.94,251.29,0.0,,forest,7438.7,1,North Sikkim,,Slide,160.0,-0.001867,444.7,42.0
SKM/SS/78A08/2015/310,27.154722,88.443056,1368.9,35.96,164.95,0.0,,forest,4104.4,1,South Sikkim,,Slide,300.0,0.004901,634.4,52.4
SKM/SS/78A07/2015/190,27.251417,88.3845,2045.9,26.89,49.58,0.0,,forest,4763.4,1,South Sikkim,,Slide,600.0,-0.014079,846.1,39.14
SKM/ES/78A11/2015/401,27.383361,88.702611,3170.6,40.18,214.1,0.0235,,grassland,4078.2,1,East Sikkim,,Slide,2400.0,0.013906,207.8,63.71
SKM/ES/78A12/2015/117,27.207606,88.676047,722.6,32.14,5.01,0.2,,forest,3939.0,1,East Sikkim,,Fall,700.0,-0.01209,58.8,46.75
 ,27.325009,88.470444,501.1,31.73,132.77,0.2706,,forest,6909.3,1,South Sikkim,"Initiation of slide in 2020, date of Reactivation: 23.08.2021",,,-0.004521,106.0,44.62
SKM/NS/78A03/2017/10,27.28475,88.106194,1617.2,26.95,262.75,0.2941,,grassland,3448.8,1,West Sikkim,,Fall,200.0,0.01084,41.6,38.41
NEG-0563,27.276562,88.238499,945.5,30.34,196.32,0.0,,forest,4951.5,0,,,,,0.000348,565.3,41.84
SKM/NS/78A03/2017/52,27.326444,88.219,1293.6,38.03,74.01,0.0118,,forest,4821.2,1,West Sikkim,,Slide,80.0,-0.005167,242.3,56.31
SKM/SS/78A07/2015/285,27.273083,88.389528,1213.5,42.77,148.72,0.0,,forest,5281.3,1,South Sikkim,,Slide,375.0,0.012627,436.9,66.43
NEG-0134,27.112164,88.331088,451.7,13.42,189.31,0.0471,,forest,3753.0,0,,,,,0.003895,171.4,17.7
SKM/NS/78A15/2017/144,27.376861,88.766167,3779.5,28.72,180.18,0.2,,grassland,3559.6,1,East Sikkim,,Slide,6000.0,0.004685,117.6,39.85
SKM/ES/78A11/2015/64,27.384444,88.639611,1652.4,32.24,311.21,0.1529,,forest,5602.1,1,East Sikkim,,Slide,750.0,0.007461,171.4,46.11
NEG-0746,27.274434,88.131305,1734.8,32.26,262.5,0.0824,,forest,4033.3,0,,,,,-0.002706,242.3,45.6
NEG-0622,27.165626,88.33512,1090.4,24.11,255.6,0.0,,forest,4027.7,0,,,,,0.000562,353.9,31.95
SKM/SS/78A08/2015/304,27.166611,88.417528,1806.1,29.75,109.07,0.0,,forest,4287.6,1,South Sikkim,,Slide,1000.0,0.01437,499.6,42.84
NEG-0579,27.628202,88.622048,1870.6,15.78,228.9,0.3176,,forest,4398.0,0,,,,,0.002788,29.4,21.89
SKM/SS/78A08/2015/181,27.162111,88.491444,1140.0,34.3,262.46,0.0,,forest,3871.3,1,South Sikkim,,Fall,2000.0,0.00709,685.4,50.12
NEG-0708,27.21204,88.302069,836.6,35.96,354.54,0.0,,forest,4020.8,0,,,,,0.007598,456.2,52.05
NEG-0052,27.251385,88.341812,1469.9,31.33,211.13,0.0471,,forest,4419.4,0,,,,,0.009934,270.9,45.14
NEG-0128,27.283235,88.416398,1413.8,39.11,127.66,0.0,,forest,5846.3,0,,,,,0.000212,646.5,58.87
NEG-0056,27.35245,88.711571,3215.8,22.55,132.63,0.0,,grassland,3892.5,0,,,,,-0.008044,540.3,32.06
SKM/SS/78A08/2015/201,27.221778,88.390861,1576.4,27.78,245.68,0.2,,forest,4739.3,1,South Sikkim,,Slide,1800.0,0.024905,0.0,43.95
NEG-0396,28.056701,88.687249,5231.5,11.18,119.5,0.0,,bare/sparse vegetation,837.8,0,,,,,-0.00308,663.0,14.56
SKM/SS/78A08/2015/295,27.175,88.385028,1747.6,22.37,167.78,0.0588,,built-up,4473.4,1,South Sikkim,,Slide,3000.0,0.023497,146.9,40.82
SK/ESK/78A11/2018/001,27.315833,88.606667,1466.4,33.38,74.09,0.0,,built-up,5602.1,1,East Sikkim,,Slide,12000.0,-0.004352,886.0,47.54
NEG-0348,27.4054,88.504576,1244.3,17.83,63.8,0.0,,forest,6699.6,0,,,,,0.009738,408.3,24.42
NEG-0542,27.345839,88.503802,1517.6,24.37,248.5,0.2,,forest,6689.3,0,,,,,0.008679,117.6,33.83
NEG-0038,27.320287,88.885793,4221.7,10.55,352.59,0.0824,,grassland,3242.6,0,,,,,-0.004398,166.2,14.2
NEG-0284,27.225806,88.286476,1277.5,35.76,100.62,0.0,,forest,4115.3,0,,,,,0.009161,449.5,52.77
SKM/SS/78A08/2015/243,27.101111,88.403333,811.5,29.43,175.19,0.0,,grassland,3817.0,1,South Sikkim,,Slide,1000.0,0.011492,599.4,41.66
NEG-0151,27.224598,88.28101,1573.9,26.11,90.0,0.0,,forest,4095.8,0,,,,,-0.000179,471.1,35.35
 ,27.393056,88.635278,1576.1,35.04,181.15,0.0588,,grassland,5750.0,1,North Sikkim,Date of initiation: Mid-July 2018 subsequent reactivations (02/08/2018) and (24/05/2020).,,,0.000749,249.4,51.39
SKM/NS/78A03/2017/60,27.345028,88.246639,1685.0,37.62,212.95,0.0,,forest,4527.3,1,West Sikkim,,Slide,300.0,-0.000269,587.8,55.76
SKM/SS/78A08/2015/225,27.125528,88.384556,1336.3,16.96,138.75,0.0,,forest,4001.5,1,South Sikkim,,Fall,600.0,-0.009202,686.1,23.61
SKM/NS/78A04/2017/106,27.179278,88.190972,1970.5,29.42,131.47,0.0,,forest,6634.8,1,West Sikkim,,Slide,1600.0,0.003763,482.0,40.24
SKM/SS/78A07/2015/326,27.149722,88.348333,1406.9,44.47,93.38,0.0,,built-up,4077.4,1,South Sikkim,,Slide,3000.0,0.015575,788.6,72.0
SKM/WS/78A08/2015/392,27.226556,88.308861,666.7,48.84,249.06,0.0,,forest,4156.4,1,West Sikkim,,Slide,1500.0,0.004046,376.3,82.35
SKM/NS/78A11/2015/03,27.412111,88.626944,1416.7,27.02,315.02,0.2353,,forest,5906.4,1,North Sikkim,,Slide,80.0,-0.004434,83.1,37.77
SKM/SS/78A08/2015/182,27.174389,88.452028,1548.3,32.61,26.97,0.0,,forest,4374.6,1,South Sikkim,,Slide,200.0,-0.002995,564.5,46.09
NEG-0075,27.259208,88.408565,1232.3,30.3,345.07,0.0,,forest,5239.7,0,,,,,0.00801,371.7,42.52
NEG-0028,27.233844,88.453244,939.5,25.92,312.85,0.2353,,forest,5370.8,0,,,,,-0.00156,146.9,35.29
SKM/WS/78A08/2015/315,27.110583,88.340472,325.9,47.58,188.15,0.1294,,grassland,3799.3,1,West Sikkim,,Slide,6000.0,-0.002737,146.9,79.47
NEG-0761,27.287273,88.104364,1773.1,39.12,74.09,0.2,,forest,3426.0,0,,,,,-0.01394,131.4,60.26
SKM/NS/78A15/2017/146,27.367111,88.776028,3901.2,28.07,139.36,0.0,,grassland,3564.1,1,East Sikkim,,Slide,3000.0,-0.001041,484.7,39.56
SKM/NS/78A03/2017/67,27.253889,88.210028,1413.0,40.96,22.58,0.0941,,forest,5485.6,1,West Sikkim,,Slide,150.0,-0.003265,235.1,62.25
NEG-0180,27.191176,88.203181,1793.0,43.4,164.12,0.2,,forest,6270.9,0,,,,,-0.004633,58.8,69.68
SKM/SS/78A08/2015/279,27.15625,88.430722,1453.4,43.36,217.22,0.0,,forest,4131.2,1,South Sikkim,,Slide,2100.0,-2e-05,399.7,68.03
NEG-0311,28.002761,88.768079,5204.9,5.44,240.34,0.0353,,moss/lichen,837.8,0,,,,,-0.00197,290.9,7.05
SKM/SS/78A08/2015/229,27.140889,88.368222,1230.8,30.15,237.17,0.0,,forest,4117.3,1,South Sikkim,,Slide,600.0,-0.002491,771.4,42.33
SKM/NS/78A11/2015/26,27.417972,88.623361,1395.9,32.16,82.08,0.1294,,built-up,5947.0,1,North Sikkim,,Fall,64.0,0.007712,242.3,45.52
NEG-0259,27.852226,88.690625,4025.1,24.64,108.31,0.0,,grassland,1531.2,0,,,,,-0.000216,328.6,33.3
NEG-0160,27.307077,88.413046,1535.2,22.13,72.07,0.0,,forest,6181.7,0,,,,,0.007042,302.6,29.89
NEG-0260,27.307497,88.594385,1283.4,20.91,302.61,0.0,,built-up,5624.1,0,,,,,-0.013572,823.4,30.0
NEG-0012,27.204342,88.677186,957.2,33.52,39.91,0.0,,forest,3895.5,0,,,,,0.013526,382.0,48.7
SKM/NS/78A04/2017/93,27.217278,88.236944,1178.2,22.7,165.79,0.3294,,forest,5341.0,1,West Sikkim,,Slide,2400.0,0.000546,29.4,30.49
SKM/NS/78A04/2017/111,27.171833,88.160861,1348.3,28.04,120.18,0.2118,,grassland,6082.9,1,West Sikkim,,Slide,4400.0,0.006041,124.7,38.33
NEG-0237,27.124667,88.142887,1478.5,36.82,158.02,0.0,,forest,5339.4,0,,,,,-0.005466,671.4,53.68
SKM/ES/78A11/2015/14,27.220861,88.657111,1156.5,35.01,348.47,0.0,,forest,4105.2,1,East Sikkim,,Slide,30.0,0.009036,489.1,52.14
NEG-0758,27.897447,88.466359,4787.6,18.5,80.56,0.0941,,bare/sparse vegetation,1569.6,0,,,,,0.002836,251.1,24.94
SKM/NS/78A10/2017/229,27.619722,88.618861,1803.1,46.42,69.41,0.1294,,grassland,4562.4,1,North Sikkim,,Slide,13200.0,0.019833,124.7,77.76
SKM/SS/78A08/2015/180,27.165528,88.496556,1267.6,28.83,54.69,0.0,,forest,3914.2,1,South Sikkim,,Slide,450.0,-0.001618,611.5,40.05
NEG-0328,27.857191,88.54466,3657.5,16.56,185.99,0.2824,,grassland,3898.2,0,,,,,-0.013943,178.8,25.04
SKM/ES/78A11/2015/406,27.370472,88.686417,2738.8,43.67,232.93,0.0,,grassland,4429.1,1,East Sikkim,,Slide,800.0,-0.000414,650.5,70.24
SKM/NS/78A04/2017/119,27.157694,88.092833,2247.1,24.09,18.92,0.0,,forest,3906.2,1,West Sikkim,,Slide,600.0,0.018381,392.1,35.48
 ,27.25225,88.608111,1132.1,35.6,15.85,0.1176,,forest,4828.1,1,East Sikkim,"As per the temporal Google imageries, the landslide initiated in May 2017 and got reactivated subsequently during JulyAugust, 2021.",,,0.018225,158.3,54.0
SKM/ES/78A12/2015/106,27.192989,88.603083,479.5,26.36,162.34,0.2353,,forest,3766.5,1,East Sikkim,,Slide,1500.0,-0.000799,83.1,36.57
SKM/SS/78A08/2015/198,27.169472,88.363778,1532.5,38.72,300.21,0.0,,built-up,4263.8,1,South Sikkim,,Slide,300.0,-0.005253,915.3,57.06
NEG-0749,27.394923,88.352407,1814.2,34.2,101.13,0.0,,forest,6879.2,0,,,,,-0.01116,436.9,51.16
SKM/NS/78A04/2017/120,27.153444,88.095639,2289.4,31.55,220.96,0.0,,forest,3945.4,1,West Sikkim,,Slide,2000.0,0.011116,605.8,45.54
SKM/NS/78A03/2017/15,27.296028,88.10175,1999.9,26.88,84.47,0.0,,forest,3407.5,1,West Sikkim,,Slide,35.0,-0.022246,344.0,41.93
NEG-0428,27.404925,88.57307,1593.5,29.74,75.83,0.0118,,forest,6242.6,0,,,,,-0.016221,262.9,43.2
SKM/NS/78A03/2017/76,27.258306,88.245306,1135.6,29.55,8.89,0.0,,forest,4827.2,1,West Sikkim,,Slide,12000.0,0.016445,541.9,42.71
NEG-0142,27.514638,88.529515,771.6,43.16,103.51,0.2,,forest,8151.3,0,,,,,0.00793,92.9,67.3
NEG-0100,27.430874,88.509297,861.8,24.25,96.7,0.0,,forest,6251.5,0,,,,,0.002819,328.6,33.16
NEG-0592,27.851622,88.548999,3604.7,10.93,222.5,0.1765,,grassland,3768.5,0,,,,,-0.000989,124.7,14.19
SKM/NS/78A10/2017/177,27.531667,88.606333,1446.6,40.74,252.62,0.0941,,forest,5923.3,1,North Sikkim,,Slide,4000.0,-0.006771,188.2,61.9
SKM/NS/78A11/2015/95,27.480472,88.531194,1007.0,40.99,183.78,0.0,,forest,7436.8,1,North Sikkim,,Slide,200.0,-0.000334,399.7,62.5
SKM/SS/78A08/2015/280,27.169583,88.462361,1648.4,24.05,115.07,0.0,,forest,4290.4,1,South Sikkim,,Slide,6000.0,0.013649,973.4,34.33
NEG-0607,27.187887,88.481411,780.1,12.64,86.13,0.0,,grassland,4598.9,0,,,,,-0.010197,486.5,19.56
NEG-0141,27.221448,88.661285,1056.5,21.56,63.51,0.0353,,forest,4111.2,0,,,,,0.006506,293.9,30.32
NEG-0626,27.231688,88.291477,1061.0,35.96,38.03,0.2,,forest,4173.1,0,,,,,-0.006747,146.9,53.33
SKM/NS/78A03/2017/64,27.317083,88.178556,1589.9,31.03,138.61,0.0,,forest,5014.7,1,West Sikkim,,Slide,200.0,0.012087,353.9,44.46
NEG-0558,27.337832,88.467923,964.0,17.31,103.25,0.0,,forest,7223.2,0,,,,,-0.001256,599.4,22.21
NEG-0527,27.152773,88.183358,1232.4,25.01,137.8,0.0,,forest,6742.4,0,,,,,0.007299,675.9,34.44
NEG-0486,27.164259,88.310501,874.8,17.83,306.87,0.0,,forest,3829.4,0,,,,,0.009306,605.8,24.19
SKM/NS/78A15/2017/157,27.292583,88.820417,3799.6,17.32,129.84,0.0,,grassland,3683.6,1,East Sikkim,,Slide,1500.0,-0.003887,412.5,25.01
SKM/NS/78A04/2017/90,27.218278,88.232472,1221.9,34.76,186.18,0.3412,,forest,5415.0,1,West Sikkim,,Slide,1200.0,0.01255,117.6,51.01
SKM/NS/78A10/2017/181,27.545694,88.636,1373.8,35.84,340.94,0.3765,,forest,4856.2,1,North Sikkim,,Slide,12000.0,0.005499,146.9,52.77
SKM/ES/78A11/2015/130,27.250889,88.715444,1222.8,31.94,277.08,0.0471,,forest,4450.2,1,East Sikkim,,Slide,300.0,0.00153,211.9,46.29
NEG-0509,27.365508,88.64902,2434.4,39.65,240.95,0.0,,grassland,5283.7,0,,,,,0.018379,456.2,61.77
 ,27.478889,88.528611,892.4,26.55,257.45,0.2,,forest,7376.6,1,North Sikkim,From 2021 September onwards,,,-0.012366,178.8,37.93
SKM/NS/78A10/2017/174,27.527917,88.60225,1482.2,43.08,34.61,0.0,,forest,6064.6,1,North Sikkim,,Slide,1500.0,-0.002937,355.1,67.57
NEG-0465,27.346743,88.65348,1619.2,40.57,56.9,0.2,,forest,5142.9,0,,,,,-0.000626,83.1,61.92
 ,27.316639,88.458611,529.5,11.65,91.7,0.4471,,forest,6942.0,1,East Sikkim,Landslide incidence has happened on 18th & 19th October 2021.,,,0.000131,106.0,14.7
NEG-0474,27.226359,88.395804,2044.0,43.24,226.68,0.0,,forest,4817.5,0,,,,,-0.011822,628.9,68.02
SKM/NS/78A04/2017/134,27.158222,88.100361,2423.8,30.07,302.34,0.0,,forest,4136.1,1,West Sikkim,,Slide,600.0,0.002178,464.7,41.86
SKM/NS/78A15/2017/150,27.376222,88.799667,3939.5,36.03,116.59,0.0471,,grassland,3536.4,1,East Sikkim,,Slide,3600.0,0.004122,277.2,52.57
NEG-0349,27.298617,88.365257,2102.6,9.86,293.58,0.0,,built-up,4836.4,0,,,,,-0.001709,1103.1,13.36
NEG-0333,27.36906,88.233046,1945.8,42.83,170.59,0.1294,,forest,4828.2,0,,,,,0.010412,146.9,67.62
SKM/SS/78A08/2015/277,27.160056,88.423028,1579.6,41.37,166.37,0.0,,built-up,4172.4,1,South Sikkim,,Slide,7500.0,0.004894,399.7,63.46
SKM/SS/78A08/2015/205,27.215056,88.393306,1549.5,34.21,321.09,0.3294,,forest,4758.7,1,South Sikkim,,Slide,2000.0,0.018015,29.4,50.65
NEG-0188,27.212123,88.309993,932.8,33.42,33.86,0.0,,forest,4035.3,0,,,,,-0.006798,893.8,47.76
SKM/NS/78A03/2017/37,27.25675,88.148611,1554.4,27.73,39.82,0.0,,forest,4793.7,1,West Sikkim,,Slide,600.0,0.014218,503.0,39.65
NEG-0357,27.226054,88.282917,1471.9,24.44,93.57,0.0,,forest,4109.9,0,,,,,0.00238,335.1,33.04
SK/WEST/78A07/2015/0230,27.284278,88.265194,1048.0,34.09,138.12,0.0353,,forest,4453.9,1,West Sikkim,,Slide,0.0,-0.006101,197.1,49.51
SKM/SS/78A08/2015/194,27.220972,88.397639,2022.6,31.33,247.58,0.0,,forest,4827.6,1,South Sikkim,,Slide,2250.0,-0.007789,500.5,44.68
NEG-0006,27.294336,88.856981,3966.2,24.96,149.96,0.0,,moss/lichen,3479.1,0,,,,,-0.005706,893.8,33.73
SKM/NS/78A10/2017/224,27.662444,88.602556,2072.8,28.33,171.32,0.1647,,grassland,3194.4,1,North Sikkim,,Slide,600.0,0.004689,41.6,38.73
NEG-0152,27.179527,88.534893,313.3,1.05,338.05,0.2118,,built-up,3950.5,0,,,,,-0.000148,41.6,1.64
NEG-0540,27.227529,88.748607,1556.7,27.02,200.35,0.0235,,forest,4325.3,0,,,,,-0.008806,264.5,38.2
NEG-0166,27.254918,88.218612,1404.0,19.28,344.64,0.1647,,forest,5323.8,0,,,,,0.005145,29.4,25.79
NEG-0601,27.176179,88.393664,1659.5,23.42,145.6,0.1882,,forest,4478.5,0,,,,,-0.000997,131.4,31.24
SKM/WS/78A08/2015/349,27.204694,88.32375,456.1,39.53,98.12,0.2824,,built-up,4025.2,1,West Sikkim,,Slide,6000.0,0.006482,92.9,60.39
 ,27.281194,88.589528,979.1,34.4,59.01,0.0,,forest,5425.5,1,East Sikkim,"Slide occurred between 11-12 June, 2022.",,,-0.0054,408.3,49.75
NEG-0098,27.172901,88.115789,2389.3,9.78,163.38,0.3294,,grassland,4525.7,0,,,,,0.003602,0.0,12.88
SKM/WS/78A08/2015/264,27.144167,88.311083,1160.2,33.21,195.32,0.0,,forest,3757.7,1,West Sikkim,,Fall,1800.0,0.011102,827.6,48.41
SKM/WS/78A08/2015/384,27.200861,88.340861,1006.5,28.07,201.26,0.0,,forest,4152.4,1,West Sikkim,,Slide,150.0,-0.02797,623.4,48.48
NEG-0184,27.318125,88.287284,1035.2,25.22,241.16,0.0,,forest,4413.9,0,,,,,0.003374,619.9,34.69
SKM/NS/78A03/2017/14,27.29525,88.102694,1924.8,37.42,94.58,0.0471,,forest,3420.1,1,West Sikkim,,Slide,50.0,0.017584,236.9,57.44
NEG-0518,27.274874,88.395627,1133.7,22.22,74.33,0.0,,forest,5392.0,0,,,,,-0.010365,478.4,31.35
NEG-0331,27.245134,88.606294,1317.4,19.37,319.74,0.0,,forest,4710.2,0,,,,,-0.000137,611.5,25.84
SKM/NS/78A11/2015/91,27.461694,88.523472,934.3,34.81,260.19,0.0118,,forest,6996.3,1,North Sikkim,,Slide,600.0,-0.000992,332.5,50.02
NEG-0005,27.300158,88.408262,1688.1,11.34,76.77,0.0,,grassland,6008.9,0,,,,,-0.004821,1175.5,15.42
SKM/NS/78A03/2017/80,27.2195,88.210222,1809.0,23.84,58.88,0.0,,forest,5818.5,1,West Sikkim,,Slide,150.0,-0.021148,328.6,40.55
NEG-0766,27.158901,88.407842,1575.8,15.46,334.33,0.0,,forest,4177.3,0,,,,,0.00739,449.5,22.46
NEG-0377,28.023583,88.745756,5202.1,19.07,85.39,0.2,,bare/sparse vegetation,837.8,0,,,,,-0.000407,121.2,25.49
NEG-0609,27.378107,88.603796,1733.1,23.35,2.86,0.0,,forest,5861.8,0,,,,,0.00137,441.8,31.09
SKM/SS/78A07/2015/289,27.26,88.381361,1542.1,39.07,3.92,0.1647,,forest,4898.8,1,South Sikkim,,Slide,1800.0,0.012757,29.4,61.0
NEG-0568,27.412384,88.58999,1540.2,29.7,70.47,0.0,,forest,6167.8,0,,,,,0.008097,570.6,41.96
NEG-0199,27.306802,88.307736,869.6,41.23,83.26,0.0235,,forest,4592.9,0,,,,,-0.0087,242.3,63.27
NEG-0298,27.23375,88.335293,1612.1,37.18,356.34,0.0,,forest,4260.4,0,,,,,0.004349,798.4,54.86
SKM/NS/78A15/2017/163,27.263278,88.786667,3378.1,39.97,253.5,0.0,,built-up,3995.3,1,East Sikkim,,Slide,800.0,-0.008151,570.6,60.76
SKM/SS/78A08/2015/312,27.128694,88.442778,651.5,29.96,199.66,0.3176,,forest,3919.4,1,South Sikkim,,Slide,400.0,-0.002568,83.1,42.47
NEG-0095,27.184409,88.378012,2002.3,26.98,302.91,0.0,,forest,4488.5,0,,,,,-0.014486,810.7,39.52
SKM/SS/78A08/2015/218,27.134389,88.40425,1817.5,36.28,248.22,0.0,,forest,4030.1,1,South Sikkim,,Slide,3500.0,0.013787,440.8,55.01
NEG-0214,27.204027,88.718879,1128.1,44.28,310.71,0.0,,forest,4464.0,0,,,,,0.003849,324.6,70.1
NEG-0062,27.382999,88.821498,4206.7,14.93,295.12,0.0,,bare/sparse vegetation,3462.1,0,,,,,0.001713,324.6,20.59
NEG-0614,27.262921,88.537202,1217.0,29.78,237.79,0.0,,forest,5680.0,0,,,,,0.000734,753.3,43.28
SKM/NS/78A03/2017/06,27.289861,88.084389,2086.7,33.18,54.08,0.0235,,forest,3273.6,1,West Sikkim,,Slide,15.0,-0.000881,270.9,49.06
SKM/NS/78A10/2017/182,27.548417,88.641944,1341.8,40.5,318.37,0.2118,,forest,4726.1,1,North Sikkim,,Slide,12000.0,0.005727,83.1,61.01
NEG-0013,27.421928,88.532003,1455.7,21.56,314.86,0.0,,forest,6698.0,0,,,,,3.3e-05,293.9,28.61
NEG-0270,27.229191,88.223645,1753.1,23.29,144.44,0.0706,,forest,5462.3,0,,,,,0.00314,124.7,31.2
SKM/SS/78A07/2015/191,27.255389,88.388944,1872.3,26.34,72.08,0.0,,forest,4901.0,1,South Sikkim,,Slide,600.0,0.003536,788.6,35.72
SKM/NS/78A04/2017/109,27.149972,88.184222,1075.9,29.92,164.98,0.0,,forest,6608.1,1,West Sikkim,,Slide,1800.0,0.012282,363.5,42.47
SKM/NS/78A10/2017/230,27.61775,88.623639,1753.2,30.3,33.59,0.3059,,bare/sparse vegetation,4697.9,1,North Sikkim,,Slide,15000.0,0.012804,65.7,43.67
NEG-0665,27.322212,88.903277,4260.6,23.53,131.82,0.0824,,bare/sparse vegetation,3189.1,0,,,,,-0.003743,229.5,31.4
 ,27.258583,88.461667,577.1,30.24,252.12,0.2235,,forest,5685.4,1,East Sikkim,"As per the temporal Google imageries between April 2018 and December 2021, it is observed that slide had happened in that particular period.",,,0.004558,29.4,42.64
NEG-0598,27.380786,88.299666,1889.3,29.89,34.45,0.0,,forest,5553.8,0,,,,,0.000701,436.9,41.81
SKM/SS/78A08/2015/200,27.219444,88.391111,1570.1,28.26,292.79,0.1882,,forest,4737.5,1,South Sikkim,,Slide,60.0,0.006491,146.9,39.26
NEG-0386,27.252787,88.452145,421.2,4.83,318.01,0.2,,grassland,5680.4,0,,,,,0.003238,29.4,8.5
SKM/SS/78A08/2015/244,27.101083,88.400417,789.0,25.44,224.73,0.0,,forest,3824.1,1,South Sikkim,,Slide,600.0,0.003375,701.0,34.19
NEG-0712,27.296972,88.906541,4011.7,20.89,209.07,0.0,,grassland,3362.7,0,,,,,0.003424,519.9,27.8
NEG-0471,27.182243,88.25646,1375.1,25.05,132.1,0.0,,forest,4375.4,0,,,,,-0.000204,399.7,33.52
NEG-0157,27.524229,88.525547,784.7,33.81,40.06,0.2588,,grassland,8033.5,0,,,,,0.017797,65.7,50.99
SKM/SS/78A08/2015/278,27.158944,88.427111,1588.3,39.49,240.21,0.0,,forest,4152.4,1,South Sikkim,,Slide,12500.0,-0.002634,395.4,59.02
SKM/SS/78A07/2015/287,27.273861,88.398722,959.1,36.93,98.91,0.0941,,forest,5417.9,1,South Sikkim,,Slide,800.0,-0.014115,236.9,54.93
NEG-0224,27.11673,88.161572,839.2,27.32,74.62,0.0,,forest,5272.9,0,,,,,-0.009985,440.8,38.57
SKM/NS/78A11/2015/04,27.3955,88.623556,1625.1,33.63,201.12,0.0,,forest,5852.1,1,North Sikkim,,Slide,20.0,-0.0012,773.1,47.38
SK/EAST/78A08/2015/0223,27.089917,88.412778,288.2,32.54,158.57,0.2941,,forest,3708.8,1,East Sikkim,,Slide,0.0,0.020368,29.4,48.37
SKM/NS/78A04/2017/73,27.247111,88.225222,1682.7,33.66,56.38,0.1059,,forest,5228.2,1,West Sikkim,,Slide,1500.0,-0.021758,117.6,51.87
SKM/SS/78A12/2015/149,27.228556,88.493889,361.4,31.21,295.66,0.3176,,built-up,5282.9,1,South Sikkim,,Slide,2400.0,0.017926,41.6,48.29
NEG-0223,27.30705,88.415441,1460.7,14.11,57.74,0.0941,,forest,6245.7,0,,,,,0.001734,149.8,18.36
NEG-0463,27.505527,88.528936,840.1,34.6,284.3,0.2588,,forest,7865.3,0,,,,,0.00447,197.1,49.99
SKM/NS/78A11/2015/72,27.429556,88.611667,1510.6,30.79,267.81,0.0,,forest,6129.2,1,North Sikkim,,Slide,7500.0,0.035006,489.1,50.83
NEG-0552,27.221178,88.561326,1584.7,18.01,123.51,0.0,,forest,4692.6,0,,,,,0.000892,564.5,23.54
NEG-0103,27.160323,88.473733,1351.2,22.22,237.21,0.0,,forest,3977.6,0,,,,,-0.013531,646.5,32.49
SKM/ES/78A11/2015/127,27.256,88.706167,1173.6,29.92,75.87,0.0,,forest,4402.7,1,East Sikkim,,Slide,120.0,-0.014713,266.1,42.71
SKM/SS/78A08/2015/300,27.175778,88.402417,1920.4,36.74,210.04,0.0,,forest,4461.3,1,South Sikkim,,Slide,4500.0,0.003494,657.1,53.94
NEG-0697,27.522921,88.537331,870.9,37.84,302.03,0.1176,,forest,8117.0,0,,,,,-0.00017,146.9,56.12
SKM/ES/78A11/2015/413,27.380806,88.726,3606.0,37.86,149.96,0.0,,forest,3626.7,1,East Sikkim,,Slide,3750.0,0.001394,409.3,56.73
SKM/ES/78A12/2015/39,27.19,88.564472,570.4,35.48,192.72,0.0,,forest,3864.9,1,East Sikkim,,Fall,20.0,0.004202,561.5,51.33
NEG-0355,27.167455,88.171031,1589.1,15.22,279.03,0.0,,forest,6475.5,0,,,,,0.001798,822.9,20.07
SKM/SS/78A08/2015/204,27.216639,88.392361,1566.2,35.58,224.59,0.3176,,forest,4750.7,1,South Sikkim,,Slide,1200.0,0.004432,117.6,51.95
NEG-0651,27.325809,88.62675,1265.9,18.92,87.5,0.1176,,forest,5494.1,0,,,,,0.011447,188.2,25.33
SKM/NS/78A04/2017/69,27.236889,88.235917,1567.4,42.04,73.25,0.0,,forest,5138.5,1,West Sikkim,,Slide,150.0,0.031244,685.4,71.48
SKM/ES/78A12/2015/112,27.204556,88.647222,661.9,46.04,306.09,0.0,,forest,3900.0,1,East Sikkim,,Slide,900.0,0.013434,353.9,75.19
SKM/SS/78A07/2015/291,27.28425,88.370056,1935.9,33.4,90.65,0.0,,forest,4866.5,1,South Sikkim,,Slide,2500.0,-0.004079,646.5,47.63
NEG-0714,27.877713,88.369271,4537.6,5.36,351.84,0.0235,,grassland,1517.8,0,,,,,0.004456,312.4,9.48
SKM/ES/78A11/2015/412,27.341444,88.626194,1981.4,30.99,175.54,0.0,,built-up,5613.7,1,East Sikkim,,Slide,1250.0,0.010538,578.9,43.79
NEG-0206,27.543039,88.596124,1717.5,53.18,148.53,0.0,,forest,6335.5,0,,,,,-0.004815,647.2,96.52
NEG-0302,27.268763,88.2808,734.3,29.05,328.7,0.2235,,forest,4360.2,0,,,,,0.000437,83.1,40.23
NEG-0140,27.301222,88.631942,1754.1,9.88,313.43,0.0,,forest,5120.4,0,,,,,-0.009164,959.5,13.84
NEG-0537,27.206478,88.665219,681.4,28.68,13.33,0.0941,,forest,3924.0,0,,,,,0.008889,236.9,40.35
NEG-0760,27.160986,88.312907,1015.0,31.74,298.2,0.0,,forest,3840.7,0,,,,,0.020368,764.1,47.18
SKM/NS/78A03/2017/55,27.347278,88.196833,1846.7,35.77,81.88,0.0,,forest,4884.2,1,West Sikkim,,Slide,200.0,-0.008556,408.3,52.31
NEG-0624,27.262233,88.427683,784.3,24.03,126.9,0.0,,forest,5557.9,0,,,,,-0.000565,529.0,32.03
SKM/SS/78A08/2015/386,27.200389,88.3545,1109.6,45.21,167.11,0.0,,forest,4259.6,1,South Sikkim,,Slide,1500.0,0.005892,603.0,72.86
NEG-0439,27.533335,88.61993,1687.1,22.27,312.48,0.1765,,forest,5400.6,0,,,,,-0.001879,88.2,30.17
SKM/NS/78A03/2017/58,27.3305,88.215639,1509.7,44.5,38.9,0.0,,forest,4795.1,1,West Sikkim,,Slide,6000.0,0.00524,567.6,70.61
NEG-0018,27.341119,88.611178,1684.6,24.57,277.76,0.0,,forest,5674.7,0,,,,,-0.007199,605.8,33.96
SKM/NS/78A11/2015/93,27.482583,88.52875,919.1,34.99,285.25,0.1059,,forest,7444.3,1,North Sikkim,,Slide,360.0,0.005835,235.1,51.0
SKM/WS/78A08/2015/379,27.1545,88.275667,761.4,28.01,206.5,0.0,,forest,3521.8,1,West Sikkim,,Slide,375.0,0.004689,394.3,38.59
NEG-0644,27.300333,88.411388,1599.3,16.62,111.26,0.0,,forest,6090.8,0,,,,,-0.000594,999.6,21.86
NEG-0409,27.265553,88.539247,1318.6,17.23,205.3,0.0,,forest,5689.4,0,,,,,-0.008604,791.3,23.74
NEG-0561,27.253774,88.496375,1234.8,38.01,265.41,0.0,,forest,5647.6,0,,,,,0.008223,884.1,57.74
SKM/NS/78A04/2017/45,27.245972,88.185278,1726.4,20.22,325.72,0.1529,,forest,5989.0,1,West Sikkim,,Slide,360.0,-0.014621,83.1,30.49
NEG-0145,27.291848,88.893094,3487.9,22.35,328.19,0.2,,forest,3406.3,0,,,,,0.004678,117.6,30.85
NEG-0436,27.254608,88.199151,1575.5,22.88,35.4,0.0,,forest,5691.7,0,,,,,0.003788,415.6,30.91
SKM/NS/78A04/2017/138,27.173861,88.092111,2342.1,25.77,101.95,0.1294,,grassland,3788.5,1,West Sikkim,,Slide,600.0,-0.010862,197.1,36.81
NEG-0361,27.146808,88.394849,1638.0,28.21,289.96,0.0,,forest,4119.8,0,,,,,-0.00654,457.2,39.11
NEG-0704,27.718338,88.835406,4902.9,21.37,248.02,0.0,,bare/sparse vegetation,1816.2,0,,,,,0.001995,727.6,28.64
SKM/WS/78A07/2015/358,27.275917,88.254278,1102.4,21.41,187.56,0.0,,forest,4656.3,1,West Sikkim,,Slide,10000.0,-0.008459,513.2,30.32
SKM/SS/78A08/2015/256,27.08275,88.434778,343.4,30.07,134.51,0.0,,grassland,3599.8,1,South Sikkim,,Slide,18000.0,-0.003097,415.6,41.02
NEG-0397,27.267085,88.584464,796.1,27.37,221.39,0.2,,forest,5317.1,0,,,,,0.000164,185.9,37.93
SKM/NS/78A03/2017/24,27.284528,88.195583,1720.2,28.75,198.71,0.0,,forest,5482.2,1,West Sikkim,,Slide,9.0,0.009523,628.9,40.42
NEG-0508,27.193321,88.514735,914.7,26.77,147.3,0.0,,forest,4464.4,0,,,,,-0.021408,657.1,42.72
NEG-0690,27.268108,88.615185,1324.3,22.46,44.09,0.0,,forest,4931.8,0,,,,,0.004147,740.0,31.17
SKM/NS/78A04/2017/99,27.167972,88.224778,1459.1,29.45,41.37,0.0,,forest,5472.1,1,West Sikkim,,Slide,2400.0,0.006645,956.8,41.5
SKM/NS/78A04/2017/02,27.248833,88.117194,2020.4,34.66,75.85,0.0,,forest,3887.4,1,West Sikkim,,Slide,12.5,-0.005613,460.0,49.63
NEG-0464,27.209352,88.606612,882.0,27.39,107.57,0.0,,forest,3971.2,0,,,,,-0.008684,520.8,37.9
SKM/SS/78A08/2015/239,27.244056,88.348056,1578.6,41.66,208.26,0.2,,forest,4370.4,1,South Sikkim,,Slide,500.0,-0.010812,171.4,65.78
NEG-0289,27.844823,88.819281,4311.2,17.02,156.45,0.2824,,grassland,1475.4,0,,,,,0.001914,41.6,22.18
 ,27.353333,88.616667,1725.3,26.46,270.67,0.0,,built-up,5702.6,1,East Sikkim,New Slide,,,0.007263,363.5,36.28
NEG-0544,27.265532,88.323003,1194.6,23.61,234.06,0.1765,,forest,4489.7,0,,,,,0.023276,0.0,38.92
NEG-0562,27.151955,88.096095,2272.5,29.77,278.12,0.0,,forest,3942.8,0,,,,,-0.008613,447.6,42.27
SKM/WS/78A08/2015/293,27.157694,88.306806,856.2,31.92,277.71,0.0588,,forest,3783.3,1,West Sikkim,,Slide,800.0,0.009555,131.4,45.95
NEG-0121,27.272034,88.416848,720.4,29.11,201.51,0.0941,,forest,5620.5,0,,,,,-0.002382,229.5,40.05
SKM/NS/78A11/2015/80,27.378444,88.541667,1764.8,31.51,330.45,0.0,,forest,6301.5,1,North Sikkim,,Fall,450.0,0.003964,678.5,44.13
SKM/NS/78A03/2017/63,27.316583,88.178917,1545.6,28.56,126.14,0.0,,forest,5039.8,1,West Sikkim,,Slide,500.0,0.009161,353.9,40.57
NEG-0050,27.380791,88.817422,4000.1,19.95,160.29,0.2353,,grassland,3494.1,0,,,,,-6.9e-05,58.8,25.94
NEG-0169,27.288904,88.218066,1383.8,54.19,160.37,0.0,,grassland,5276.7,0,,,,,0.009043,289.4,100.0
NEG-0178,27.191493,88.431662,1101.3,21.08,147.31,0.0824,,forest,4689.8,0,,,,,-0.01031,235.1,29.66
SKM/EAS/78A12/2014/002,27.23772,88.51384,438.4,32.68,137.86,0.2353,,forest,5435.3,1,East Sikkim,,Slide,0.0,-0.007163,65.7,46.45
NEG-0416,27.123249,88.158777,1030.4,19.37,105.68,0.0,,forest,5520.8,0,,,,,-0.003839,775.9,26.86
SKM/NS/78A04/2017/110,27.171639,88.159333,1397.9,20.22,133.52,0.1294,,forest,6034.8,1,West Sikkim,,Slide,1200.0,0.01301,223.8,29.48
NEG-0173,28.024703,88.721335,5256.2,2.55,336.44,0.2,,grassland,837.8,0,,,,,0.001381,0.0,3.62
SKM/NS/78A11/2015/84,27.420028,88.515944,662.1,49.9,274.55,0.3647,,forest,6527.6,1,North Sikkim,,Fall,150.0,0.020448,29.4,87.67
NEG-0502,27.183316,88.524833,635.2,16.19,153.59,0.0,,forest,4123.3,0,,,,,0.004661,696.7,21.25
NEG-0059,27.368321,88.216308,1753.2,14.19,167.09,0.0,,forest,4933.5,0,,,,,0.006265,561.5,19.33
SKM/ES/78A11/2015/403,27.381556,88.691806,3082.0,33.39,197.4,0.0,,built-up,4315.8,1,East Sikkim,,Slide,2000.0,0.012104,264.5,49.24
 ,27.250667,88.531444,508.6,26.64,133.74,0.2941,,built-up,5636.8,1,East Sikkim,Slide activated in July 2019 and got reactivated on 12.05.2022,,,-0.000942,58.8,36.46
SKM/ES/78A11/2015/129,27.259833,88.711722,1151.9,36.01,244.78,0.3059,,forest,4366.7,1,East Sikkim,,Slide,750.0,-0.003145,58.8,53.37
NEG-0443,27.270368,88.5743,802.6,20.35,192.16,0.3059,,built-up,5492.1,0,,,,,0.001407,106.0,27.01
 ,27.221228,88.735475,1286.4,30.1,137.58,0.4118,,forest,4422.0,1,East Sikkim,"18-19 Oct, 2021",,,-0.006824,146.9,41.87
NEG-0597,27.178406,88.375501,1839.7,35.56,280.85,0.0,,forest,4438.5,0,,,,,0.005041,605.8,51.77
SKM/SS/78A08/2015/385,27.199028,88.350417,1157.2,36.54,188.62,0.0,,forest,4223.7,1,South Sikkim,,Slide,2000.0,-0.003916,769.2,54.92
SKM/WS/78A07/2015/345,27.254222,88.3005,569.8,30.14,12.02,0.4471,,built-up,4372.5,1,West Sikkim,,Slide,7200.0,0.026724,29.4,52.61
SKM/NS/78A04/2017/128,27.1215,88.142222,1253.6,38.62,164.42,0.0,,forest,5293.5,1,West Sikkim,,Slide,3000.0,-0.002827,415.6,57.76
SKM/SOUTH/78A08/2017/001,27.172228,88.372,1667.3,24.14,161.37,0.0,,forest,4380.7,1,South Sikkim,,Complex,160.0,-7.9e-05,868.3,32.03
NEG-0130,27.331135,88.568745,1286.8,35.81,224.72,0.3647,,forest,5816.7,0,,,,,-0.004671,0.0,51.03
NEG-0064,27.416506,88.605118,1351.2,27.7,209.0,0.0,,forest,6077.6,0,,,,,-0.011795,447.6,39.24
NEG-0682,27.256726,88.445755,423.5,30.48,55.25,0.1882,,forest,5682.6,0,,,,,-0.01084,149.8,44.71
SKM/SS/78A08/2015/301,27.177056,88.402611,1983.4,45.17,246.05,0.0,,forest,4483.1,1,South Sikkim,,Slide,4800.0,0.005167,675.9,72.23
NEG-0545,27.223459,88.368314,1986.3,10.28,232.44,0.0,,built-up,4444.9,0,,,,,-0.007228,513.2,18.89
SKM/NS/78A10/2017/199,27.613444,88.656528,1774.5,36.95,152.91,0.0706,,forest,4502.0,1,North Sikkim,,Slide,4800.0,-0.004846,229.5,54.69
SKM/NS/78A03/2017/53,27.333333,88.212972,1419.0,40.23,10.71,0.0,,forest,4781.1,1,West Sikkim,,Slide,180.0,0.001395,352.7,60.56
NEG-0571,27.171747,88.113704,2366.2,20.66,188.33,0.2706,,grassland,4468.8,0,,,,,0.00245,58.8,27.53
NEG-0456,27.254498,88.33457,1105.6,23.63,313.5,0.1529,,forest,4428.6,0,,,,,-0.007661,146.9,32.72
NEG-0219,27.238429,88.136949,1940.3,37.07,86.17,0.0,,forest,4605.6,0,,,,,0.001727,302.6,55.37
SKM/WS/78A07/2015/376,27.400278,88.356861,1559.1,26.1,286.49,0.2118,,forest,7105.4,1,West Sikkim,,Slide,600.0,-0.01376,58.8,36.77
SKM/SS/78A08/2015/242,27.1025,88.400778,849.2,27.22,205.55,0.0,,forest,3833.1,1,South Sikkim,,Slide,300.0,0.001364,815.0,37.21
SKM/ES/78A11/2015/67,27.395639,88.621667,1598.4,35.49,178.41,0.0,,forest,5859.7,1,East Sikkim,,Slide,375.0,0.00078,710.8,50.64
NEG-0246,27.162811,88.276153,1001.2,16.05,308.24,0.0,,forest,3559.0,0,,,,,-0.002367,808.6,20.57
SKM/SS/78A08/2015/281,27.163861,88.462306,1503.5,29.37,103.63,0.0,,forest,4160.6,1,South Sikkim,,Slide,2000.0,0.010857,525.7,41.56
NEG-0093,27.682712,88.770678,3147.2,20.31,180.78,0.0588,,grassland,2169.2,0,,,,,0.009451,211.9,28.33
SKM/NS/78A04/2017/91,27.217667,88.233472,1191.5,29.31,179.46,0.3176,,grassland,5404.5,1,West Sikkim,,Slide,9600.0,0.008197,65.7,41.03
SKM/NS/78A03/2017/43,27.251722,88.182972,1429.5,26.01,316.54,0.0,,forest,5943.7,1,West Sikkim,,Slide,1000.0,0.00607,440.8,35.99
NEG-0718,27.204342,88.336262,787.8,27.52,1.41,0.0353,,forest,4123.0,0,,,,,-0.000593,242.3,38.06
SKM/SS/78A12/2015/170,27.160444,88.512472,909.2,22.5,158.05,0.0,,forest,3657.4,1,South Sikkim,,Fall,450.0,-0.004322,751.0,30.39
NEG-0111,28.01815,88.794876,5326.2,3.85,276.76,0.2,,moss/lichen,734.5,0,,,,,0.005046,0.0,7.17
NEG-0268,27.409793,88.503951,1132.3,19.13,359.2,0.2353,,forest,6596.9,0,,,,,0.009084,106.0,27.18
NEG-0021,27.376548,88.762055,3752.0,7.81,189.7,0.2,,grassland,3563.1,0,,,,,0.006985,149.8,12.4
SKM/SS/78A08/2015/224,27.131444,88.386,1542.4,33.19,138.75,0.0,,forest,4035.3,1,South Sikkim,,Slide,3400.0,-0.006132,929.3,47.79
 ,27.119556,88.32275,363.9,27.9,207.0,0.0353,,built-up,3747.1,1,South Sikkim,"Reactivated in August, 2022",,,0.009044,178.8,39.89
SKM/NS/78A03/2017/26,27.280667,88.190861,1568.3,33.66,134.66,0.0824,,grassland,5562.0,1,West Sikkim,,Slide,20.0,0.007822,106.0,47.74
NEG-0039,27.368645,88.652021,2518.8,25.64,152.82,0.0,,grassland,5219.0,0,,,,,0.002212,492.6,35.04
SKM/NS/78A03/2017/75,27.260861,88.233278,1167.5,32.3,16.92,0.0118,,forest,5049.5,1,West Sikkim,,Slide,8000.0,0.020467,312.4,48.87
SKM/NS/78A04/2017/70,27.241333,88.233972,1646.7,42.75,86.63,0.0,,forest,5128.7,1,West Sikkim,,Slide,300.0,0.004967,436.9,66.48
NEG-0278,27.184262,88.368206,1586.5,29.09,288.72,0.0,,forest,4354.5,0,,,,,0.006473,447.6,40.33
SKM/NS/78A04/2017/112,27.165333,88.162028,1212.3,27.41,263.58,0.2706,,forest,6193.0,1,West Sikkim,,Slide,2400.0,0.002752,29.4,37.68
NEG-0732,27.254675,88.71527,1320.5,37.2,193.12,0.0,,forest,4413.5,0,,,,,-0.017266,471.1,56.08
NEG-0371,27.902094,88.455529,4910.0,10.17,23.17,0.0824,,bare/sparse vegetation,1577.7,0,,,,,0.005086,106.0,14.52
 ,27.356944,88.618333,1715.6,25.71,298.77,0.0,,built-up,5711.6,1,East Sikkim,Nil,,,0.005514,374.0,35.01
 ,27.358056,88.621111,1748.7,28.0,301.63,0.1647,,forest,5703.4,1,East Sikkim,New slide,,,-0.006122,121.2,39.99
NEG-0068,27.414375,88.522165,1042.1,26.26,274.68,0.0,,forest,6736.4,0,,,,,0.00399,617.1,34.83
SKM/SS/78A07/2015/53,27.351194,88.272417,1533.9,26.25,168.94,0.0941,,grassland,4406.2,1,South Sikkim,,Fall,12000.0,0.006488,131.4,36.09
SKM/WS/78A07/2015/363,27.257194,88.305444,646.0,31.41,302.62,0.1176,,forest,4402.7,1,West Sikkim,,Slide,700.0,0.007907,158.3,45.03
NEG-0661,27.231214,88.480048,773.5,22.42,17.91,0.0824,,forest,5325.6,0,,,,,-0.011748,207.8,31.53
SKM/ES/78A12/2015/134,27.198928,88.66095,1054.9,43.29,354.67,0.0,,forest,3827.9,1,East Sikkim,,Slide,1050.0,0.0001,478.4,69.08
SKM/ES/78A12/2015/121,27.235917,88.645167,1454.5,34.25,146.73,0.0,,forest,4293.7,1,East Sikkim,,Fall,3500.0,0.016933,392.1,51.03
SKM/SS/78A08/2015/272,27.160194,88.415056,1546.2,30.79,200.55,0.0706,,forest,4184.3,1,South Sikkim,,Slide,6250.0,-0.001963,251.1,42.88
SKM/ES/78A11/2015/58,27.375806,88.625278,1866.3,37.64,0.58,0.0,,forest,5760.7,1,East Sikkim,,Fall,1600.0,-0.00479,423.8,55.4
SKM/ES/78A11/2015/100,27.329361,88.649278,1401.5,9.04,44.1,0.2,,forest,5107.3,1,East Sikkim,,Slide,3000.0,0.023469,0.0,26.25
SKM/ES/78A11/2015/42,27.313917,88.557583,1284.5,31.54,43.59,0.3412,,forest,5802.0,1,East Sikkim,,Slide,42.0,-0.015813,88.2,46.85
NEG-0393,27.32135,88.289647,1176.8,34.18,39.56,0.0,,forest,4434.8,0,,,,,-0.003113,591.4,49.41
NEG-0628,27.273857,88.19789,1097.2,40.79,168.22,0.3059,,forest,5594.1,0,,,,,0.019096,29.4,63.39
NEG-0181,27.125653,88.15016,1515.4,29.22,124.02,0.0,,forest,5585.5,0,,,,,-0.017706,856.8,42.9
NEG-0705,27.218728,88.600506,1113.2,14.97,73.62,0.0941,,built-up,4119.7,0,,,,,0.001134,235.1,19.47
SKM/SS/78A08/2015/213,27.166528,88.401333,1523.1,29.59,250.49,0.0353,,forest,4306.8,1,South Sikkim,,Slide,1000.0,0.009347,197.1,42.53
 ,27.213917,88.608333,812.2,22.72,62.12,0.1765,,built-up,4026.7,1,East Sikkim,25thAugust 2022.,,,-0.002434,146.9,30.07
SKM/ES/78A11/2015/158,27.262583,88.562389,645.6,37.39,254.98,0.3294,,forest,5551.3,1,East Sikkim,,Slide,300.0,0.015355,65.7,57.42
SKM/NS/78A04/2017/123,27.125861,88.14275,1516.2,26.53,258.07,0.0,,forest,5337.8,1,West Sikkim,,Slide,1000.0,0.002081,791.3,36.28
SKM/NS/78A10/2017/220,27.701333,88.565083,2396.2,36.68,44.27,0.0824,,forest,4299.2,1,North Sikkim,,Slide,1000.0,0.004658,207.8,53.77
NEG-0476,27.386689,88.549354,1253.7,47.11,82.92,0.0,,forest,6286.6,0,,,,,0.011626,399.7,78.58
NEG-0442,27.228104,88.479865,774.6,17.76,86.0,0.0,,forest,5272.1,0,,,,,0.001284,505.6,23.73
NEG-0148,27.27189,88.568554,918.1,33.6,200.81,0.0,,forest,5582.3,0,,,,,0.009117,352.7,47.13
 ,27.328889,88.607778,1446.4,37.86,209.21,0.0,,forest,5644.7,1,East Sikkim,New slide initiated on 18.05.2021.,,,0.018205,529.0,59.35
NEG-0189,27.256804,88.508752,1335.4,11.2,136.61,0.0,,forest,5658.4,0,,,,,0.001039,478.4,14.6
SKM/SS/78A08/2015/263,27.177167,88.369611,1570.7,40.47,303.34,0.0,,forest,4356.9,1,South Sikkim,,Slide,2000.0,-0.029578,278.8,67.03
NEG-0517,27.736873,88.766863,3053.5,28.64,136.53,0.1765,,forest,2007.9,0,,,,,-0.01046,41.6,38.93
SKM/WS/78A08/2015/370,27.220306,88.261861,1618.7,37.09,139.18,0.0,,forest,4490.9,1,West Sikkim,,Slide,200.0,-0.015825,675.9,55.65
SKM/SS/78A08/2015/210,27.172333,88.381444,1603.0,29.46,177.57,0.1529,,forest,4429.7,1,South Sikkim,,Slide,500.0,-0.000687,188.2,40.3
SKM/ES/78A12/2015/29,27.235694,88.6025,1227.5,42.03,218.72,0.0706,,forest,4519.3,1,East Sikkim,,Slide,6.0,0.01871,251.1,65.81
NEG-0078,27.14941,88.191207,1018.3,27.75,177.65,0.0,,forest,6310.8,0,,,,,0.008436,399.7,40.66
SKM/NS/78A15/2017/145,27.378306,88.770083,3821.9,17.8,164.24,0.0941,,grassland,3555.3,1,East Sikkim,,Slide,900.0,0.000545,235.1,23.68
SKM/WS/78A08/2015/372,27.222917,88.281972,1515.2,29.18,147.43,0.0,,forest,4083.5,1,West Sikkim,,Slide,150.0,-0.006457,646.5,40.92
SKM/NS/78A03/2017/79,27.2275,88.220278,1778.3,27.02,157.5,0.0,,forest,5541.5,1,West Sikkim,,Slide,2000.0,0.001445,302.6,37.77
SKM/WS/78A07/2015/365,27.252167,88.272778,1481.3,14.29,313.18,0.0,,forest,4310.3,1,West Sikkim,,Fall,10400.0,-0.00525,734.7,19.52
SKM/WS/78A08/2015/347,27.213556,88.321833,485.5,23.73,91.66,0.2706,,built-up,4067.0,1,West Sikkim,,Slide,6000.0,-0.009232,106.0,32.88
NEG-0362,27.295605,88.599996,1064.3,17.8,108.4,0.0,,built-up,5466.4,0,,,,,-5.9e-05,328.6,23.53
SKM/ES/78A12/2015/20,27.236583,88.509611,436.1,35.71,159.56,0.2,,forest,5418.2,1,East Sikkim,,Slide,30.0,3.3e-05,117.6,51.98
NEG-0490,27.218807,88.652425,990.5,23.49,281.42,0.0,,forest,4079.2,0,,,,,0.003007,540.3,32.75
NEG-0170,27.424032,88.777495,3834.5,27.72,338.83,0.2471,,grassland,3530.1,0,,,,,4.5e-05,146.9,37.82
 ,27.5401,88.569292,1943.6,48.57,204.97,0.0,,grassland,7370.0,1,North Sikkim,From 2019 onwards,,,0.018044,856.8,84.16
SKM/SS/78A08/2015/302,27.169028,88.486333,1247.3,34.03,352.71,0.0,,forest,4089.5,1,South Sikkim,,Slide,1400.0,-0.006475,546.6,49.55
SKM/WS/78A08/2015/318,27.127194,88.308306,351.9,41.97,232.59,0.1059,,forest,3665.7,1,West Sikkim,,Slide,4000.0,-0.015938,146.9,65.98
SKM/ES/78A11/2015/17,27.255278,88.543611,631.6,42.3,139.14,0.1412,,forest,5652.4,1,East Sikkim,,Slide,80.0,-0.013954,131.4,66.61
SKM/ES/78A11/2015/57,27.372333,88.617556,1884.5,33.48,324.12,0.0,,forest,5779.3,1,East Sikkim,,Fall,1500.0,0.011576,842.1,48.26
SK/EAST/78A12/2015/0216,27.206444,88.643361,553.8,33.0,146.86,0.1765,,forest,3923.9,1,East Sikkim,,Slide,0.0,0.01347,65.7,49.73
NEG-0261,27.345144,88.297101,1715.2,25.2,56.4,0.1882,,forest,4697.5,0,,,,,0.015453,29.4,36.59
NEG-0683,27.316154,88.290406,1200.3,29.63,278.55,0.0,,forest,4442.0,0,,,,,0.002067,905.3,40.84
NEG-0709,27.37677,88.46121,1157.0,21.54,50.59,0.1294,,forest,6769.3,0,,,,,-0.007093,29.4,29.42
SKM/SS/78A08/2015/360,27.235861,88.433167,1200.3,23.67,95.83,0.0,,forest,5331.5,1,South Sikkim,,Slide,375.0,0.015148,500.5,37.66
SKM/SS/78A07/2015/334,27.282,88.415028,1393.9,42.97,183.99,0.0,,forest,5799.2,1,South Sikkim,,Slide,100.0,-0.011661,793.5,68.05
NEG-0126,27.856647,88.545975,3664.7,34.6,241.75,0.0941,,grassland,3862.3,0,,,,,0.004974,251.1,49.97
NEG-0183,27.216383,88.562324,1364.5,24.17,172.71,0.0588,,forest,4561.8,0,,,,,-0.001372,249.4,32.58
SKM/NS/78A15/2017/156,27.3145,88.8365,4095.2,31.32,184.03,0.0,,grassland,3525.2,1,East Sikkim,,Slide,5100.0,-0.000706,635.8,44.09
NEG-0269,28.043522,88.683827,5047.3,2.94,354.3,0.3059,,bare/sparse vegetation,837.8,0,,,,,0.000644,131.4,3.79
NEG-0454,27.842449,88.837491,4654.9,33.99,166.88,0.2824,,bare/sparse vegetation,1434.1,0,,,,,-0.002287,83.1,48.59
SKM/NS/78A11/2015/77,27.409667,88.543722,1539.2,43.68,195.57,0.0,,forest,6519.2,1,North Sikkim,,Fall,375.0,0.01256,383.2,69.6
NEG-0120,27.141539,88.287213,439.8,39.34,314.5,0.0,,forest,3558.0,0,,,,,0.008101,335.1,58.73
NEG-0529,27.294745,88.826157,3787.8,6.8,302.79,0.1412,,grassland,3646.1,0,,,,,0.004983,88.2,8.94
NEG-0086,27.27221,88.467341,1565.2,23.87,270.79,0.0,,forest,5865.1,0,,,,,0.00451,1039.0,31.4
SKM/SS/78A07/2015/288,27.276167,88.398722,913.2,36.09,66.27,0.1176,,forest,5458.5,1,South Sikkim,,Slide,8000.0,0.011525,171.4,52.74
SKM/WS/78A08/2015/367,27.216722,88.274639,1273.0,33.99,167.37,0.0,,forest,4018.0,1,West Sikkim,,Slide,2000.0,-0.008635,532.2,49.84
SKM/NS/78A04/2017/108,27.152722,88.190833,1050.9,20.59,109.31,0.1059,,grassland,6454.0,1,West Sikkim,,Slide,750.0,-0.0081,88.2,28.45
 ,27.236,88.757222,1659.0,13.25,158.07,0.2353,,forest,4257.0,1,East Sikkim,"1st August, 2021 at 4:00 pm",,,0.010113,0.0,20.95
SKM/NS/78A10/2017/211,27.735278,88.54925,2731.1,40.09,73.14,0.0706,,grassland,4374.9,1,North Sikkim,,Slide,1200.0,-0.004937,236.9,60.56
SKM/SS/78A08/2015/247,27.101194,88.394611,620.4,34.63,273.58,0.0,,forest,3838.8,1,South Sikkim,,Slide,2000.0,-0.004185,492.6,49.4
SKM/NS/78A11/2015/90,27.448306,88.519667,852.2,38.39,299.39,0.2,,forest,6703.1,1,North Sikkim,,Slide,3000.0,0.012229,41.6,58.17
SKM/ES/78A12/2015/163,27.157694,88.522194,606.1,32.68,73.05,0.0,,forest,3536.1,1,East Sikkim,,Topple,200.0,0.005855,441.8,46.99
NEG-0575,27.271109,88.28282,567.2,40.48,31.5,0.3647,,forest,4375.8,0,,,,,0.01596,58.8,62.97
NEG-0549,27.172248,88.353124,1228.6,22.13,253.95,0.0941,,grassland,4184.4,0,,,,,0.007208,171.4,29.47
NEG-0292,27.340663,88.468654,926.0,18.32,78.31,0.0,,forest,7252.5,0,,,,,-0.008943,299.7,24.91
SKM/ES/78A12/2015/38,27.203194,88.600278,1000.6,33.95,144.57,0.0,,forest,3898.2,1,East Sikkim,,Slide,16.0,-0.009545,382.0,49.79
SKM/SS/78A07/2015/193,27.255167,88.396944,1587.8,23.43,128.05,0.0,,forest,4999.9,1,South Sikkim,,Slide,400.0,0.014433,855.8,34.9
NEG-0108,27.22886,88.500532,571.0,35.68,336.39,0.0118,,forest,5286.2,0,,,,,-0.004012,312.4,51.65
NEG-0379,27.247061,88.609636,1381.3,25.01,359.94,0.0,,forest,4713.1,0,,,,,0.000408,691.7,33.35
NEG-0673,27.256146,88.168165,1629.8,27.77,349.82,0.0,,forest,5422.6,0,,,,,0.00649,478.4,38.56
SKM/ES/78A12/2015/143,27.180417,88.51025,400.3,41.0,149.07,0.3529,,forest,4177.6,1,East Sikkim,,Slide,1000.0,-0.002696,124.7,62.29
 ,27.206833,88.489306,351.9,25.93,299.89,0.1647,,forest,4918.3,1,East Sikkim,From 2021 onwards,,,0.005859,65.7,35.83
SKM/NS/78A04/2017/101,27.141,88.211194,683.5,36.64,208.86,0.0235,,forest,5211.9,1,West Sikkim,,Slide,2400.0,-0.003693,278.8,54.3
NEG-0618,27.219189,88.229248,1392.6,35.82,192.05,0.1176,,forest,5463.8,0,,,,,-0.014434,207.8,54.78
NEG-0343,27.353238,88.349179,1958.9,21.24,280.96,0.0,,forest,5422.6,0,,,,,-0.002966,647.2,28.08
NEG-0213,27.280754,88.431598,816.0,21.19,95.8,0.0,,forest,5993.5,0,,,,,-0.002768,382.0,27.63
SKM/WS/78A07/2015/356,27.383611,88.305806,1639.0,43.52,22.27,0.0941,,forest,5783.5,1,West Sikkim,,Topple,600.0,0.009147,207.8,69.08
SKM/WS/78A08/2015/319,27.12825,88.292194,361.1,38.57,187.23,0.0,,grassland,3540.6,1,West Sikkim,,Slide,7500.0,0.00806,457.2,58.61
NEG-0155,27.129854,88.287394,371.9,32.19,266.11,0.0,,forest,3510.0,0,,,,,0.006684,392.1,46.28
 ,27.340272,88.612733,1738.5,24.7,248.25,0.0,,forest,5665.1,1,East Sikkim,Date of occurrence : 19.10.2021 around 6:00 pm,,,0.004732,675.9,33.4
SKM/NS/78A11/2015/73,27.437444,88.613972,1571.6,29.37,231.4,0.3765,,forest,6011.3,1,North Sikkim,,Slide,1200.0,0.021198,121.2,46.09
SKM/ES/78A11/2015/160,27.369333,88.714917,3201.8,17.55,128.13,0.1176,,built-up,3815.1,1,East Sikkim,,Fall,2000.0,-0.005372,158.3,23.97
NEG-0619,27.113701,88.332781,525.0,15.49,204.01,0.0,,forest,3773.5,0,,,,,-0.002092,335.1,20.49
SKM/NS/78A03/2017/84,27.186611,88.206278,1672.1,27.16,87.45,0.0588,,forest,6261.5,1,West Sikkim,,Slide,1200.0,-0.006634,252.8,37.68
SKM/NS/78A03/2017/13,27.288167,88.102778,1765.4,39.86,239.67,0.1529,,forest,3399.2,1,West Sikkim,,Fall,105.0,-0.004354,131.4,60.25
NEG-0061,27.867617,88.692596,4273.0,23.32,100.54,0.1412,,grassland,1322.7,0,,,,,0.006998,121.2,31.78
SKM/NS/78A11/2015/10,27.436556,88.526639,1279.2,24.6,286.02,0.0,,forest,6584.1,1,North Sikkim,,Slide,48.0,0.004022,448.6,34.45
SKM/SS/78A08/2015/324,27.133806,88.342778,1192.6,30.01,101.37,0.0,,grassland,3957.1,1,South Sikkim,,Slide,750.0,0.021981,457.2,48.24
SKM/ES/78A12/2015/119,27.246194,88.625694,1475.1,26.0,201.06,0.0,,forest,4487.2,1,East Sikkim,,Fall,351.0,0.006639,427.9,34.89
NEG-0695,27.306912,88.569055,1273.8,21.74,101.83,0.1294,,forest,5728.6,0,,,,,0.002557,124.7,28.74
NEG-0205,27.288997,88.247813,1351.1,18.84,151.9,0.0471,,grassland,4776.1,0,,,,,0.003569,270.9,25.51
SKM/SS/78A07/2015/339,27.330917,88.450528,1107.5,33.24,124.8,0.0706,,forest,7289.9,1,South Sikkim,,Slide,12000.0,0.005599,124.7,47.53
NEG-0701,27.555362,88.456664,1144.7,45.2,189.23,0.1294,,forest,7467.1,0,,,,,-0.000395,236.9,72.13
SKM/NS/78A10/2017/186,27.554889,88.654444,1453.7,37.28,113.71,0.2353,,forest,4454.0,1,North Sikkim,,Slide,4000.0,0.002162,131.4,54.81
NEG-0084,27.140315,88.432696,1039.5,24.76,173.37,0.0235,,forest,4030.1,0,,,,,0.007863,302.6,33.36
NEG-0405,27.206789,88.523109,1137.1,27.17,155.97,0.0,,forest,4731.2,0,,,,,-0.000652,519.9,36.96
NEG-0700,27.314331,88.586621,952.4,24.13,294.56,0.2353,,forest,5681.1,0,,,,,0.002591,29.4,32.54
SKM/SS/78A08/2015/396,27.164528,88.348472,1102.3,32.58,304.24,0.0,,forest,4131.3,1,South Sikkim,,Slide,1000.0,3.6e-05,376.3,45.91
SKM/NS/78A10/2017/210,27.74075,88.54525,2765.6,27.26,107.55,0.0941,,bare/sparse vegetation,4400.4,1,North Sikkim,,Slide,4000.0,0.004079,83.1,39.03
SKM/WS/78A08/2015/294,27.159472,88.300028,646.8,25.95,294.63,0.2,,forest,3736.3,1,West Sikkim,,Slide,450.0,0.000672,29.4,35.05
SKM/ES/78A12/2015/131,27.22075,88.699833,1142.0,42.69,308.59,0.0,,forest,4174.2,1,East Sikkim,,Slide,9525.0,0.006067,368.2,66.89
SKM/ES/78A12/2015/113,27.202433,88.656708,757.7,44.05,329.53,0.0941,,forest,3871.9,1,East Sikkim,,Topple,1200.0,0.007253,236.9,69.47
NEG-0303,27.432411,88.642408,1552.0,10.07,257.62,0.1647,,grassland,5711.7,0,,,,,0.001992,106.0,15.23
SKM/NS/78A03/2017/36,27.258556,88.147028,1574.0,17.07,47.91,0.0,,forest,4718.5,1,West Sikkim,,Slide,300.0,-0.030063,352.7,34.94
NEG-0516,27.329309,88.85314,4028.3,29.07,251.79,0.0,,grassland,3386.6,0,,,,,-0.004306,376.3,40.31
NEG-0670,27.310857,88.155123,1685.5,24.91,290.08,0.1294,,forest,4352.9,0,,,,,-0.000927,131.4,33.25
SK/EAST/78A12/2015/0215,27.198861,88.6605,1044.7,35.02,341.46,0.0,,forest,3828.0,1,East Sikkim,,Fall,0.0,0.005107,492.6,50.98
NEG-0087,27.212597,88.437169,1764.7,17.99,100.27,0.0,,forest,5033.5,0,,,,,0.024217,771.4,32.65
SKM/SS/78A08/2015/223,27.131528,88.384417,1613.8,23.38,190.69,0.0,,forest,4039.4,1,South Sikkim,,Slide,600.0,-0.013127,778.1,33.91
NEG-0131,27.241392,88.447114,756.1,24.98,115.64,0.0235,,forest,5504.6,0,,,,,0.001092,312.4,34.49
NEG-0451,27.277995,88.890464,3801.6,28.11,10.8,0.0235,,forest,3501.9,0,,,,,-0.014379,205.7,40.88
 ,27.552369,88.582083,1860.1,37.67,252.12,0.0824,,forest,6903.2,1,North Sikkim,From 2019 onwards,,,0.016794,242.3,57.23
SKM/SS/78A07/2015/336,27.306806,88.375194,1610.1,36.53,73.46,0.3294,,forest,5160.9,1,South Sikkim,,Slide,1600.0,0.003732,65.7,53.23
NEG-0747,27.221499,88.497192,777.6,45.16,212.94,0.0,,forest,5162.0,0,,,,,-0.013023,631.0,72.08
NEG-0276,27.366388,88.366294,1836.4,31.0,293.41,0.1882,,forest,5909.3,0,,,,,0.000539,188.2,43.03
SKM/NS/78A10/2017/169,27.514972,88.565472,1406.1,31.82,333.05,0.2941,,forest,7374.6,1,North Sikkim,,Slide,37500.0,-0.001632,58.8,44.64
NEG-0251,27.157255,88.20334,976.2,28.78,174.45,0.0118,,forest,6141.4,0,,,,,0.004475,242.3,40.13
NEG-0003,27.34554,88.239471,1431.0,25.62,298.1,0.0,,forest,4580.6,0,,,,,-0.00348,352.7,34.71
NEG-0581,27.153466,88.357888,1182.7,23.48,217.23,0.0824,,forest,4167.3,0,,,,,-0.000968,223.8,32.32
SKM/WS/78A07/2015/344,27.26175,88.2945,610.6,33.49,40.26,0.1059,,forest,4415.9,1,West Sikkim,,Slide,4000.0,0.003504,207.8,48.38
NEG-0753,27.291218,88.240196,1438.5,26.88,171.72,0.0118,,forest,4920.4,0,,,,,-0.011387,236.9,38.2
SKM/ES/78A11/2015/417,27.337194,88.621833,1783.7,15.51,122.06,0.0824,,built-up,5615.1,1,East Sikkim,,Slide,6000.0,-0.002062,185.9,20.22
SKM/NS/78A04/2017/141,27.163861,88.141361,2155.0,34.28,101.78,0.0824,,forest,5500.0,1,West Sikkim,,Slide,800.0,-0.000482,251.1,48.65
SK/ESK/78A11/2019/01,27.381078,88.640633,1711.6,38.09,303.11,0.3294,,forest,5565.8,1,East Sikkim,,Slide,3500.0,0.00472,29.4,56.9
NEG-0536,27.307345,88.305119,1057.2,33.03,125.51,0.0,,forest,4569.8,0,,,,,-0.001538,498.7,46.68
SKM/ES/78A12/2015/165,27.163861,88.52,576.2,31.57,140.09,0.0706,,forest,3679.9,1,East Sikkim,,Slide,500.0,-0.016808,171.4,48.61
SKM/SS/78A08/2015/184,27.232639,88.378417,2131.3,24.69,42.33,0.0,,forest,4600.7,1,South Sikkim,,Slide,2500.0,-0.003592,698.5,33.21
SKM/NOR/78A11/2014/006,27.48603,88.53269,1051.7,25.16,246.83,0.2,,built-up,7557.8,1,North Sikkim,,Slide,0.0,-0.009884,41.6,34.66
SKM/NS/78A10/2017/203,27.637167,88.712028,2264.5,31.52,133.51,0.3294,,forest,2966.4,1,North Sikkim,,Slide,200.0,-0.009809,88.2,44.8
NEG-0147,27.301453,88.851216,4120.9,36.77,67.8,0.0,,bare/sparse vegetation,3487.3,0,,,,,0.013681,605.8,55.05
NEG-0467,27.410041,88.52813,1295.5,32.05,252.07,0.0,,forest,6788.8,0,,,,,0.004594,835.9,45.22
NEG-0247,27.392448,88.54276,955.7,26.69,22.82,0.0706,,grassland,6396.4,0,,,,,0.008647,249.4,37.47
NEG-0726,27.264525,88.091297,2125.0,16.17,340.85,0.0,,forest,3182.2,0,,,,,0.004884,514.1,22.02
SKM/NS/78A10/2017/184,27.550917,88.646056,1355.9,36.4,182.16,0.2,,forest,4635.8,1,North Sikkim,,Slide,9600.0,0.010474,117.6,53.68
NEG-0244,27.222964,88.283651,1453.6,24.14,82.49,0.0,,forest,4086.2,0,,,,,-0.012483,670.1,33.46
NEG-0307,27.496557,88.532535,1163.8,20.28,324.6,0.2235,,forest,7747.1,0,,,,,0.007238,65.7,28.22
NEG-0329,27.731848,88.739537,3210.9,5.7,128.37,0.1529,,bare/sparse vegetation,2074.4,0,,,,,-0.002149,29.4,7.31
SKM/SS/78A08/2015/215,27.153083,88.412056,1571.4,39.01,122.05,0.0,,forest,4135.3,1,South Sikkim,,Slide,400.0,-0.000999,513.2,59.49
NEG-0608,27.320456,88.263003,1269.2,23.35,20.32,0.0,,forest,4490.7,0,,,,,-0.003232,939.0,31.39
NEG-0232,27.359105,88.474756,594.2,41.93,79.44,0.3412,,forest,7295.3,0,,,,,0.000603,117.6,64.26
SKM/SS/78A08/2015/306,27.178111,88.430556,1613.6,25.32,5.32,0.0,,forest,4464.1,1,South Sikkim,,Slide,4000.0,0.019379,587.8,39.31
NEG-0336,27.242378,88.334689,1186.9,18.69,314.51,0.2588,,forest,4334.1,0,,,,,0.009406,29.4,25.65
NEG-0564,27.285112,88.279937,629.2,28.4,344.63,0.1529,,forest,4351.5,0,,,,,-0.008698,121.2,39.24
NEG-0765,27.247901,88.7164,1233.5,37.8,323.76,0.1412,,forest,4443.0,0,,,,,-0.004312,106.0,56.83
NEG-0024,27.203139,88.687719,830.0,24.83,34.25,0.2941,,forest,4029.6,0,,,,,-0.01586,106.0,35.34
SKM/NS/78A10/2017/217,27.704306,88.560694,2521.7,39.94,85.51,0.1176,,grassland,4385.2,1,North Sikkim,,Slide,1500.0,-0.000565,146.9,60.38
SKM/ES/78A12/2015/114,27.203869,88.658333,731.9,23.36,39.37,0.0824,,forest,3891.7,1,East Sikkim,,Slide,800.0,-0.014573,211.9,34.38
NEG-0523,27.278322,88.29766,1466.0,20.46,245.1,0.0,,forest,4505.2,0,,,,,0.01111,827.6,28.11
SKM/WS/78A07/2015/346,27.25,88.301889,545.4,50.54,122.15,0.2,,grassland,4344.7,1,West Sikkim,,Slide,4200.0,0.01266,158.3,87.85
SKM/NS/78A03/2017/46,27.301972,88.218778,1825.9,36.18,16.45,0.0,,forest,5118.2,1,West Sikkim,,Slide,63.0,-0.02333,587.8,56.02
NEG-0356,27.439172,88.518492,942.8,24.22,227.8,0.2,,forest,6523.2,0,,,,,0.002272,58.8,33.27
NEG-0037,27.171988,88.413861,1777.8,17.29,48.57,0.0,,forest,4381.9,0,,,,,-0.007297,603.0,24.71
 ,27.381556,88.638833,1710.5,21.26,4.12,0.2588,,forest,5614.0,1,East Sikkim,"New slide, active since September 2021",,,-0.003139,121.2,29.86
SKM/SS/78A07/2015/333,27.303083,88.433167,897.7,31.59,116.38,0.0471,,forest,6476.1,1,South Sikkim,,Slide,1050.0,-0.019561,270.9,47.13
NEG-0368,27.164932,88.461266,1575.1,23.05,119.69,0.0,,forest,4197.3,0,,,,,-0.005851,685.4,31.04
NEG-0663,27.313114,88.453917,628.2,18.22,312.19,0.0,,forest,6948.9,0,,,,,0.000742,289.4,23.7
NEG-0025,27.242439,88.263379,1405.6,17.49,289.16,0.0,,forest,4564.8,0,,,,,-0.00763,368.2,23.84
SK/WEST/78A08/2015/0224,27.117556,88.323667,391.5,51.08,251.77,0.1176,,forest,3742.2,1,West Sikkim,,Slide,0.0,-0.01234,106.0,89.81
SKM/NS/78A03/2017/11,27.287361,88.102611,1734.8,41.24,251.44,0.1647,,forest,3396.8,1,West Sikkim,,Slide,150.0,-0.002703,117.6,62.96
NEG-0318,27.66818,88.802655,4088.4,21.11,318.59,0.0,,grassland,2098.9,0,,,,,0.007324,780.9,29.01
NEG-0066,27.226207,88.396364,2054.7,44.22,220.49,0.0,,forest,4824.7,0,,,,,0.008819,660.4,70.25
SKM/SS/78A08/2015/222,27.133722,88.390833,1652.4,35.26,189.61,0.0,,forest,4043.5,1,South Sikkim,,Slide,6000.0,0.003563,881.6,50.95
 ,27.358611,88.620278,1694.5,26.4,335.73,0.2,,forest,5709.4,1,East Sikkim,New Slide.,,,-0.002349,106.0,36.94
NEG-0692,27.385924,88.342438,1615.3,25.2,273.72,0.0118,,forest,6485.0,0,,,,,0.003659,262.9,33.56
SKM/NS/78A03/2017/59,27.324944,88.213861,1624.3,39.16,89.28,0.0,,forest,4874.2,1,West Sikkim,,Slide,1800.0,-0.002709,771.4,59.19
 ,27.13689,88.276598,375.8,45.53,89.65,0.3176,,forest,3453.3,1,West Sikkim,"2nd week of August,2022",,,0.020856,88.2,76.41
SKM/ES/78A12/2015/152,27.236361,88.50875,430.3,45.27,167.73,0.2941,,forest,5413.9,1,East Sikkim,,Slide,600.0,0.014758,88.2,73.91
SKM/ES/78A12/2015/116,27.207264,88.672817,749.5,33.7,355.18,0.2,,forest,3932.8,1,East Sikkim,,Slide,280.0,-0.003902,121.2,47.79
NEG-0171,27.152098,88.441495,1205.3,32.63,173.9,0.0,,forest,4090.1,0,,,,,-0.007901,449.5,46.78
NEG-0058,27.255501,88.256467,838.3,32.7,283.41,0.2824,,forest,4616.1,0,,,,,-0.005468,121.2,46.47
NEG-0102,27.291661,88.903496,3847.8,30.14,228.29,0.2118,,built-up,3385.0,0,,,,,-0.00201,166.2,42.04
SKM/WS/78A08/2015/348,27.206917,88.323278,473.3,29.7,105.04,0.2941,,forest,4026.1,1,West Sikkim,,Slide,800.0,0.003447,41.6,41.74
NEG-0555,27.443774,88.526696,1289.3,25.83,312.04,0.0,,forest,6714.6,0,,,,,-0.006592,335.1,34.84
NEG-0227,27.246724,88.613901,1440.7,19.97,181.82,0.0,,grassland,4647.4,0,,,,,0.001688,591.4,26.73
NEG-0112,27.257538,88.787474,3238.3,11.1,144.13,0.0588,,grassland,4008.9,0,,,,,-0.009946,223.8,18.25
NEG-0008,27.19847,88.436299,1497.3,28.09,163.43,0.0,,forest,4798.9,0,,,,,-0.005623,412.5,39.79
NEG-0767,27.239193,88.655739,1287.0,19.64,77.65,0.0,,forest,4335.5,0,,,,,0.004529,323.3,26.58
SKM/SS/78A08/2015/235,27.233667,88.348389,1915.4,33.12,306.69,0.0,,forest,4285.6,1,South Sikkim,,Slide,420.0,-0.002907,812.8,47.55
NEG-0239,28.037193,88.618245,4851.5,6.16,312.17,0.0353,,grassland,1149.0,0,,,,,0.002748,277.2,8.36
NEG-0566,27.372132,88.690482,2981.0,25.4,106.91,0.0,,grassland,4345.3,0,,,,,-0.006059,570.6,34.9
SKM/NS/78A15/2017/149,27.368917,88.794611,3906.8,31.48,117.85,0.0,,built-up,3548.7,1,East Sikkim,,Slide,2250.0,0.000539,581.8,44.02
NEG-0445,27.234835,88.653709,1327.7,21.65,70.93,0.0,,forest,4279.1,0,,,,,0.015808,671.4,31.69
NEG-0636,27.51027,88.52985,783.0,27.11,309.12,0.3529,,forest,8012.5,0,,,,,-0.003918,106.0,37.09
SKM/ES/78A11/2015/159,27.292944,88.589417,860.6,22.05,40.09,0.2824,,built-up,5571.2,1,East Sikkim,,Slide,1000.0,0.002262,41.6,30.0
NEG-0238,27.289493,88.591776,890.8,34.88,121.46,0.2353,,forest,5498.2,0,,,,,-0.022756,171.4,52.86
NEG-0314,27.135652,88.279466,409.2,34.44,263.44,0.2353,,forest,3472.1,0,,,,,0.011425,146.9,49.75
NEG-0073,27.10199,88.427155,994.7,21.53,226.58,0.0,,forest,3761.4,0,,,,,0.002523,698.5,28.91
NEG-0710,27.176521,88.448889,1525.7,19.7,41.76,0.0,,forest,4414.6,0,,,,,0.018621,678.5,33.47
SKM/SS/78A08/2015/262,27.107417,88.363139,513.4,32.51,297.39,0.0118,,forest,3916.3,1,South Sikkim,,Slide,400.0,0.005366,293.9,46.2
NEG-0435,27.32562,88.311737,1413.0,15.59,334.01,0.0,,forest,4628.2,0,,,,,0.002072,852.2,20.53
SKM/ES/78A11/2015/122,27.250972,88.659833,1426.9,31.77,229.79,0.2,,forest,4448.9,1,East Sikkim,,Fall,240.0,0.017567,106.0,48.47
SKM/WS/78A08/2015/270,27.158222,88.34325,1349.3,42.17,21.51,0.0,,forest,4071.9,1,West Sikkim,,Slide,800.0,0.014523,474.8,65.55
NEG-0385,28.033377,88.73504,5314.8,28.86,61.63,0.0706,,bare/sparse vegetation,837.8,0,,,,,0.001088,92.9,39.58
 ,27.242972,88.470556,510.0,33.38,46.78,0.0,,forest,5523.3,1,East Sikkim,Reactivation : 15.06.2022,,,0.002037,374.0,47.73
SKM/ES/78A12/2015/109,27.195511,88.6342,583.9,39.98,334.52,0.3176,,forest,3785.3,1,East Sikkim,,Slide,1500.0,-0.012702,88.2,61.53
NEG-0459,27.296894,88.612682,1181.5,19.87,276.13,0.0,,forest,5318.9,0,,,,,0.00218,670.1,26.4
SKM/NS/78A10/2017/195,27.545861,88.585194,1659.4,35.53,231.92,0.0471,,forest,6764.4,1,North Sikkim,,Slide,8000.0,-0.003989,235.1,52.54
NEG-0069,27.332415,88.472108,803.6,17.74,116.16,0.0,,forest,7036.1,0,,,,,0.003192,707.8,22.87
NEG-0352,27.321324,88.17802,1707.3,32.96,110.66,0.0118,,forest,4946.5,0,,,,,0.0083,236.9,47.23
NEG-0403,27.189239,88.473091,854.0,28.12,58.72,0.0,,forest,4622.7,0,,,,,-0.004724,383.2,38.52
SKM/SS/78A12/2015/174,27.160722,88.505889,1036.0,31.8,144.28,0.0,,grassland,3713.4,1,South Sikkim,,Slide,3000.0,-0.002573,698.5,44.79
NEG-0207,27.17133,88.310745,632.6,30.7,320.84,0.0706,,forest,3846.2,0,,,,,-0.005417,251.1,43.43
SKM/NS/78A03/2017/107,27.304028,88.178806,1621.7,31.57,61.53,0.0706,,forest,5184.8,1,West Sikkim,,Slide,200.0,0.000529,106.0,45.61
SKM/ES/78A12/2015/133,27.201278,88.665381,1014.0,31.93,301.31,0.0,,forest,3857.3,1,East Sikkim,,Slide,1680.0,-0.009548,383.2,45.69
SKM/NS/78A04/2017/125,27.124556,88.139778,1368.6,36.82,213.5,0.0,,forest,5225.7,1,West Sikkim,,Slide,1200.0,0.008913,617.1,54.54
SKM/NS/78A04/2017/68,27.233194,88.246361,1532.5,24.92,0.28,0.0,,forest,4987.0,1,West Sikkim,,Slide,300.0,-0.001668,740.0,34.28
SKM/NS/78A10/2017/172,27.529639,88.598139,1477.5,31.51,3.87,0.0,,forest,6228.0,1,North Sikkim,,Slide,5600.0,-0.003317,456.2,44.31
SKM/NS/78A11/2015/12,27.438778,88.527444,1293.1,23.59,292.62,0.0,,forest,6639.3,1,North Sikkim,,Slide,15.0,-0.016891,529.8,33.37
SKM/ES/78A12/2015/153,27.245028,88.524389,483.6,37.21,111.18,0.3059,,forest,5558.2,1,East Sikkim,,Slide,750.0,-0.006978,65.7,54.88
NEG-0138,27.294774,88.813232,3742.8,18.65,305.83,0.0,,grassland,3715.4,0,,,,,0.008661,353.9,25.99
NEG-0063,27.188061,88.329052,378.7,2.98,7.62,0.2,,water,4028.9,0,,,,,0.008888,0.0,10.84
NEG-0611,27.194439,88.604129,512.3,33.02,114.39,0.1647,,forest,3786.0,0,,,,,-0.009995,117.6,47.61
SKM/NS/78A11/2015/02,27.374583,88.542333,1826.8,36.03,109.04,0.0,,forest,6254.8,1,North Sikkim,,Slide,28.0,0.002914,498.7,53.03
NEG-0156,27.271525,88.155848,1606.3,37.92,169.1,0.0,,forest,4847.3,0,,,,,0.004831,344.0,55.97
SKM/SS/78A08/2015/275,27.162778,88.413222,1564.3,33.15,149.29,0.0,,forest,4231.4,1,South Sikkim,,Slide,2000.0,0.016434,335.1,49.53
SKM/NS/78A11/2015/75,27.426361,88.583028,1656.7,25.5,171.43,0.2118,,forest,6336.1,1,North Sikkim,,Slide,600.0,-0.002751,29.4,34.25
NEG-0299,28.050518,88.69427,5046.5,2.99,146.64,0.2118,,grassland,837.8,0,,,,,0.000431,41.6,4.2
SKM/ES/78A11/2015/59,27.376306,88.629583,1830.7,40.49,319.09,0.0,,forest,5745.2,1,East Sikkim,,Fall,1800.0,0.003081,342.7,62.07
NEG-0364,27.384571,88.804381,4052.4,16.72,260.44,0.0235,,moss/lichen,3523.2,0,,,,,0.00925,312.4,23.44
NEG-0019,27.51976,88.55376,1246.2,11.94,5.93,0.0,,forest,7912.4,0,,,,,-0.000945,352.7,15.34
 ,27.190191,88.325507,518.4,49.58,82.37,0.1765,,forest,4005.7,1,West Sikkim,"It was old slide and reactivated in the month of November
2022.",,,0.008003,146.9,84.24
SKM/ES/78A11/2015/65,27.394,88.62525,1583.0,47.39,181.02,0.0,,forest,5837.9,1,East Sikkim,,Slide,2500.0,0.01455,650.5,79.05
NEG-0197,27.392796,88.586896,1168.1,20.57,21.92,0.0,,forest,6033.1,0,,,,,0.006326,436.9,27.58
NEG-0089,27.962356,88.45419,4635.2,4.77,164.63,0.2588,,grassland,1323.2,0,,,,,0.000447,166.2,6.13
SKM/NS/78A15/2017/161,27.26525,88.789556,3576.1,30.06,199.97,0.0,,built-up,3969.4,1,East Sikkim,,Slide,4800.0,-0.008935,540.3,43.11
SKM/SS/78A08/2015/313,27.129,88.441361,652.3,23.29,133.53,0.3647,,grassland,3925.3,1,South Sikkim,,Slide,300.0,0.00022,58.8,32.94
SKM/NS/78A04/2017/126,27.122,88.139889,1292.5,39.18,251.2,0.0,,forest,5216.6,1,West Sikkim,,Slide,7200.0,-0.001629,635.8,59.01
NEG-0693,27.934273,88.435025,4569.6,4.97,108.6,0.3647,,moss/lichen,1406.3,0,,,,,0.000343,29.4,6.27
 ,27.231667,88.5025,392.6,28.62,343.33,0.2824,,forest,5334.9,1,East Sikkim,Initiated in July 2020 and reactivated before December 2020.,,,0.002183,0.0,41.77
SKM/NS/78A11/2015/24,27.417306,88.622361,1396.6,32.63,212.81,0.0941,,forest,5948.6,1,North Sikkim,,Slide,20.0,0.008376,242.3,46.33
NEG-0741,27.354627,88.363576,2316.0,33.81,289.4,0.0,,forest,5594.0,0,,,,,0.013282,344.0,49.22
NEG-0163,27.268584,88.152133,1449.9,34.14,80.7,0.1529,,forest,4761.7,0,,,,,-0.018293,106.0,51.81
NEG-0216,27.335398,88.457516,1298.2,16.89,89.6,0.0,,forest,7350.1,0,,,,,-0.001582,831.2,22.32
NEG-0737,27.285406,88.340298,1713.2,22.81,301.81,0.2118,,forest,4656.4,0,,,,,0.008031,213.9,31.91
SKM/NS/78A03/2017/25,27.283444,88.192639,1695.4,26.75,167.18,0.0,,forest,5514.9,1,West Sikkim,,Slide,15.0,-0.005822,392.1,36.6
NEG-0376,27.226198,88.441419,1318.9,16.19,345.36,0.0,,forest,5259.2,0,,,,,-0.000168,299.7,21.09
NEG-0228,27.183706,88.635674,930.8,23.11,245.48,0.0,,forest,3638.4,0,,,,,-0.000798,688.0,31.02
NEG-0731,27.239006,88.463089,866.6,29.54,22.43,0.0,,forest,5457.8,0,,,,,-0.00249,793.5,41.2
NEG-0515,27.285393,88.283045,695.4,28.15,313.1,0.0471,,forest,4377.3,0,,,,,0.002874,270.9,38.47
SKM/SS/78A08/2015/176,27.154889,88.493194,1113.5,36.74,243.2,0.0,,forest,3756.8,1,South Sikkim,,Slide,2000.0,0.008511,503.0,54.53
SKM/SS/78A07/2015/328,27.259306,88.423028,823.1,41.87,159.65,0.0,,forest,5434.8,1,South Sikkim,,Slide,1000.0,0.000707,358.7,65.06
SKM/SS/78A08/2015/177,27.158111,88.491722,1117.8,42.47,219.82,0.0,,forest,3792.5,1,South Sikkim,,Slide,1350.0,0.008493,409.3,67.01
SKM/NS/78A03/2017/20,27.283639,88.189944,1752.9,31.42,142.63,0.0,,forest,5532.8,1,West Sikkim,,Slide,40.0,-0.000253,420.8,42.83
NEG-0556,27.660817,88.801264,4371.0,42.21,336.52,0.0,,bare/sparse vegetation,2122.2,0,,,,,-0.008371,976.9,65.61
NEG-0520,27.21866,88.46755,1098.9,23.31,108.72,0.0,,forest,5113.9,0,,,,,0.003318,293.9,31.38
NEG-0500,27.132052,88.120278,1602.9,30.27,211.09,0.0588,,forest,4616.2,0,,,,,0.001985,146.9,42.34
SKM/NS/78A10/2017/213,27.726083,88.54975,2691.0,17.24,338.58,0.2,,bare/sparse vegetation,4446.0,1,North Sikkim,,Slide,6000.0,0.020218,29.4,33.59
NEG-0306,27.28619,88.575043,1326.7,24.05,25.59,0.0,,forest,5629.6,0,,,,,0.011172,623.4,32.99
 ,27.253333,88.531944,553.1,32.14,231.99,0.2,,forest,5646.2,1,East Sikkim,Slide initiated in the month of July 2020.,,,0.00929,29.4,46.42
SKM/WS/78A08/2015/368,27.243806,88.2725,1627.1,30.99,93.61,0.0,,forest,4281.5,1,West Sikkim,,Slide,1500.0,0.002827,1077.8,42.98
NEG-0432,27.902109,88.707442,4546.7,12.77,232.78,0.2941,,grassland,1085.9,0,,,,,-0.007166,58.8,18.06
SKM/ES/78A11/2015/399,27.371472,88.709722,3141.5,37.54,244.93,0.0235,,grassland,3929.4,1,East Sikkim,,Slide,3000.0,0.002998,270.9,56.03
NEG-0309,27.156428,88.090406,2173.0,31.47,245.43,0.0,,forest,3910.9,0,,,,,0.003487,353.9,44.3
NEG-0744,27.241203,88.258862,1324.9,20.48,278.55,0.1059,,forest,4660.1,0,,,,,-0.006371,185.9,27.64
 ,27.326639,88.610167,1587.4,30.94,276.64,0.0,,built-up,5626.3,1,East Sikkim,Date of occurrence : 01.06.2021 at 10:30 am,,,-0.007267,812.8,42.81
SKM/NS/78A04/2017/129,27.121611,88.145528,1116.7,34.26,199.54,0.0,,forest,5405.0,1,West Sikkim,,Slide,1200.0,0.011773,264.5,50.57
NEG-0489,27.219132,88.291309,937.1,29.24,133.84,0.0,,forest,4066.1,0,,,,,0.005653,484.7,40.5
NEG-0255,27.370274,88.22276,1745.0,9.92,167.94,0.1059,,forest,4908.8,0,,,,,-0.00143,149.8,13.49
NEG-0521,27.327832,88.631944,1229.9,41.53,144.04,0.1765,,forest,5449.8,0,,,,,-0.007263,207.8,64.14
NEG-0195,27.13975,88.231991,1161.9,34.41,335.77,0.0,,forest,4363.4,0,,,,,0.004731,448.6,49.72
NEG-0676,27.377011,88.297188,2110.1,23.59,145.2,0.0,,grassland,5438.8,0,,,,,-0.005374,825.0,32.77
SKM/NS/78A04/2017/124,27.128333,88.148833,1545.1,40.84,45.65,0.0,,forest,5572.2,1,West Sikkim,,Slide,2400.0,0.005281,683.5,63.68
NEG-0033,28.008703,88.807815,5430.6,10.55,10.7,0.2118,,moss/lichen,734.5,0,,,,,0.002471,185.9,13.44
SKM/NS/78A04/2017/133,27.161,88.094306,2149.1,29.1,282.91,0.1882,,forest,3926.9,1,West Sikkim,,Slide,3600.0,-0.000995,106.0,40.84
 ,27.339722,88.620556,1863.9,26.09,194.71,0.0,,grassland,5628.7,1,East Sikkim,Date of initiation: 08.06.2021 at night.,,,0.001347,436.9,35.05
SKM/NS/78A03/2017/19,27.269556,88.137861,1528.8,29.9,152.8,0.0941,,forest,4296.4,1,West Sikkim,,Slide,8.0,0.007981,213.9,42.23
NEG-0725,27.306827,88.36379,2078.8,22.76,164.42,0.0,,grassland,4857.2,0,,,,,-0.008399,740.0,31.37
SKM/SS/78A07/2015/284,27.302861,88.373944,1778.6,35.7,60.48,0.0,,forest,5099.5,1,South Sikkim,,Slide,450.0,0.00321,264.5,51.9
SKM/WS/78A07/2015/362,27.27325,88.303417,1290.6,43.67,149.78,0.0,,forest,4512.2,1,West Sikkim,,Slide,600.0,0.003608,295.3,68.05
SKM/ES/78A12/2015/118,27.206653,88.679953,760.9,35.71,354.91,0.2,,forest,3925.1,1,East Sikkim,,Fall,405.0,-0.005486,88.2,51.77
NEG-0282,27.155671,88.341777,1543.3,35.55,6.23,0.0,,forest,4051.1,0,,,,,-0.000292,791.3,52.07
SKM/NS/78A10/2017/219,27.703917,88.562306,2413.8,22.6,64.33,0.2353,,forest,4353.0,1,North Sikkim,,Slide,1500.0,0.026864,29.4,39.67
NEG-0595,27.105781,88.433716,858.1,25.4,29.37,0.1647,,forest,3773.5,0,,,,,-0.005238,58.8,34.66
NEG-0740,27.207533,88.515669,1069.4,18.13,251.46,0.0,,built-up,4808.2,0,,,,,0.002816,415.6,25.83
SK/WEST/78A08/2015/0237,27.217944,88.318083,414.8,7.64,20.99,0.2,,forest,4097.6,1,West Sikkim,,Slide,0.0,0.026738,41.6,30.25
NEG-0645,27.15626,88.437522,1557.6,24.03,137.15,0.0,,forest,4121.9,0,,,,,-0.003137,666.3,33.09
SKM/NS/78A03/2017/09,27.282667,88.108278,1612.3,17.66,235.0,0.2941,,forest,3477.5,1,West Sikkim,,Slide,30000.0,0.008749,0.0,26.99
NEG-0559,27.16113,88.51847,607.9,23.41,57.62,0.0118,,forest,3626.4,0,,,,,0.005548,277.2,32.09
NEG-0455,27.262576,88.35524,2202.5,15.56,94.88,0.0,,forest,4520.6,0,,,,,0.009767,771.4,21.36
NEG-0395,27.296012,88.355513,1906.4,17.55,279.01,0.0,,forest,4756.6,0,,,,,0.008659,433.9,24.77
NEG-0514,27.148219,88.274733,624.7,31.19,66.2,0.1059,,forest,3488.5,0,,,,,-0.009716,207.8,44.37
NEG-0630,27.159153,88.292399,347.2,11.39,280.22,0.4,,built-up,3674.5,0,,,,,0.007746,41.6,16.5
NEG-0036,28.018565,88.482014,5213.2,13.44,109.72,0.0,,moss/lichen,1294.4,0,,,,,0.002172,328.6,17.39
SKM/NS/78A04/2017/71,27.240389,88.234028,1649.5,33.27,90.75,0.0,,forest,5137.8,1,West Sikkim,,Slide,120.0,0.006704,505.6,48.01
NEG-0192,27.74686,88.734695,3336.4,9.67,83.88,0.3176,,grassland,2149.4,0,,,,,0.004652,149.8,12.88
NEG-0423,27.93994,88.435556,4584.6,19.37,105.9,0.1059,,grassland,1383.3,0,,,,,0.006691,185.9,26.21
NEG-0057,27.327074,88.620689,1558.4,23.74,132.54,0.0,,forest,5582.7,0,,,,,-0.016346,459.1,33.91
NEG-0535,27.259494,88.78658,3247.7,33.59,239.28,0.0,,built-up,4008.6,0,,,,,-0.008879,415.6,48.88
NEG-0113,27.306803,88.3605,1970.3,18.96,244.35,0.0,,forest,4840.9,0,,,,,0.008698,392.1,25.71
NEG-0149,27.447354,88.528446,1286.5,24.44,242.54,0.0,,forest,6805.6,0,,,,,0.008228,278.8,34.98
SKM/NS/78A10/2017/180,27.5435,88.628306,1306.0,41.79,46.59,0.3529,,forest,5101.1,1,North Sikkim,,Slide,7000.0,-0.001019,58.8,64.04
NEG-0640,27.297221,88.873734,3664.2,33.43,131.47,0.0,,built-up,3417.2,0,,,,,-0.006757,727.6,47.83
SKM/SS/78A08/2015/230,27.145056,88.370778,1266.8,37.04,348.68,0.0,,forest,4139.7,1,South Sikkim,,Slide,150.0,-0.005174,382.0,54.86
NEG-0372,27.273994,88.893047,3940.4,23.36,348.0,0.0,,moss/lichen,3521.6,0,,,,,0.00324,698.5,30.81
NEG-0487,27.28944,88.360944,2116.8,16.34,304.52,0.0,,forest,4718.4,0,,,,,0.009671,841.5,23.93
NEG-0522,27.236225,88.262164,1519.0,15.87,302.64,0.0,,forest,4620.2,0,,,,,-0.006636,374.0,21.18
SKM/NS/78A11/2015/74,27.426361,88.583028,1656.7,25.5,171.43,0.2118,,forest,6336.1,1,North Sikkim,,Slide,400.0,-0.002751,29.4,34.25
SKM/SS/78A08/2015/179,27.162781,88.484864,1159.4,25.93,157.18,0.0,,forest,3940.6,1,South Sikkim,,Slide,1000.0,0.004165,539.5,34.72
NEG-0593,27.384839,88.341067,1552.9,32.18,242.37,0.0588,,forest,6438.6,0,,,,,0.001181,252.8,44.7
NEG-0380,27.19371,88.240314,1562.7,33.14,271.94,0.0,,forest,5098.6,0,,,,,-0.002305,456.2,47.28
SKM/SS/78A08/2015/307,27.15425,88.500333,995.7,37.77,88.96,0.0118,,forest,3693.1,1,South Sikkim,,Slide,750.0,-0.010801,242.3,55.6
 ,27.234444,88.490833,392.5,41.16,236.06,0.1647,,forest,5381.5,1,East Sikkim,No data,,,-0.003228,146.9,62.55
SK/WEST/78A07/2015/0235,27.250222,88.301944,539.4,50.15,129.46,0.2118,,forest,4347.1,1,West Sikkim,,Slide,0.0,0.006331,146.9,87.0
NEG-0722,27.385794,88.490827,842.9,16.13,128.36,0.1294,,forest,6961.5,0,,,,,0.007272,207.8,21.94
SKM/SS/78A08/2015/254,27.084222,88.446083,288.3,40.04,175.23,0.1647,,built-up,3581.8,1,South Sikkim,,Slide,4500.0,0.006771,205.7,60.63
NEG-0684,27.260814,88.787403,3326.3,33.65,162.4,0.0,,built-up,3998.3,0,,,,,-0.006518,383.2,47.3
NEG-0359,27.146009,88.393307,1594.4,30.19,351.36,0.0,,forest,4116.9,0,,,,,-0.000963,623.4,43.08
NEG-0583,27.212113,88.344901,969.2,39.38,333.6,0.0,,forest,4209.5,0,,,,,-1.4e-05,427.9,58.75
SKM/SS/78A07/2015/335,27.297139,88.388472,1515.4,25.56,239.91,0.0118,,forest,5450.0,1,South Sikkim,,Slide,250.0,-0.002959,251.1,34.64
NEG-0250,27.326899,88.439118,1117.5,40.0,186.95,0.1412,,forest,7024.0,0,,,,,-0.004128,124.7,61.17
NEG-0610,27.295874,88.87645,3505.4,34.0,139.78,0.0,,bare/sparse vegetation,3419.2,0,,,,,-0.003942,529.0,48.72
NEG-0297,27.312329,88.239623,1656.3,14.45,335.6,0.0118,,forest,4851.2,0,,,,,-0.0005,332.5,18.32
 ,27.250614,88.462803,559.4,37.92,178.46,0.0,,built-up,5636.6,1,East Sikkim,It is a new slide and appears that it occurred in the monsoon of 2021,,,-0.021602,374.0,61.38
 ,27.372111,88.616719,1885.5,25.39,332.85,0.0,,forest,5782.0,1,East Sikkim,"Date of occurrence : 29.05.2022, night time",,,-0.005907,782.5,36.34
NEG-0132,27.177454,88.198945,1699.1,22.18,112.02,0.0353,,forest,6506.4,0,,,,,-0.000753,290.9,30.46
NEG-0573,27.228196,88.576336,1664.7,40.37,169.11,0.0,,forest,4674.2,0,,,,,0.013345,832.3,62.1
NEG-0116,27.295293,88.096938,2076.5,42.03,237.5,0.0,,forest,3320.0,0,,,,,-0.004497,489.1,65.05
NEG-0680,27.296611,88.27232,1571.2,23.21,168.89,0.0,,built-up,4317.5,0,,,,,-0.021176,559.1,37.18
SKM/NS/78A10/2017/200,27.628083,88.685306,2047.2,33.88,175.02,0.1059,,forest,3680.0,1,North Sikkim,,Slide,3500.0,-0.007654,185.9,49.25
SKM/WS/78A08/2015/350,27.191639,88.325861,476.7,30.52,101.74,0.2,,built-up,4011.2,1,West Sikkim,,Slide,5000.0,0.007173,0.0,44.55
NEG-0551,27.408772,88.606368,1250.5,24.64,329.14,0.1176,,forest,6006.5,0,,,,,-0.004571,235.1,33.51
SKM/NS/78A10/2017/194,27.546333,88.586472,1758.2,39.66,227.5,0.0,,forest,6719.7,1,North Sikkim,,Slide,450.0,0.004781,352.7,60.53
 ,27.699203,88.566597,2443.4,37.56,30.41,0.0588,,forest,4272.4,1,North Sikkim,Date not available,,,-0.006894,252.8,54.9
SKM/NS/78A11/2015/69,27.412111,88.627083,1416.7,27.02,315.02,0.2353,,forest,5906.4,1,North Sikkim,,Slide,200.0,-0.004434,83.1,37.77
SK/EAST/78A12/2015/0213,27.17925,88.65875,1265.2,27.19,195.41,0.0,,built-up,3655.9,1,East Sikkim,,Slide,0.0,0.009361,392.1,37.9
NEG-0752,27.262373,88.593932,988.5,31.38,43.79,0.0,,forest,5134.3,0,,,,,0.000467,423.8,43.98
NEG-0677,27.24843,88.659541,1406.9,15.43,202.77,0.1529,,forest,4451.6,0,,,,,-0.000915,223.8,20.2
SKM/NS/78A10/2017/170,27.516444,88.587361,1461.2,17.04,298.66,0.1765,,forest,6567.8,1,North Sikkim,,Slide,4800.0,0.010309,0.0,23.64
NEG-0164,27.193468,88.611629,509.6,27.61,1.1,0.2471,,forest,3768.1,0,,,,,-0.011391,83.1,41.46
SKM/SS/78A08/2015/276,27.158417,88.420139,1600.2,34.18,224.18,0.0,,forest,4156.9,1,South Sikkim,,Slide,8000.0,-0.0086,353.9,50.31
NEG-0623,27.236601,88.54883,1502.4,29.74,267.06,0.0,,forest,5239.0,0,,,,,-0.000292,460.0,41.74
NEG-0408,27.263317,88.788421,3427.1,28.02,185.03,0.0,,grassland,3983.5,0,,,,,0.014003,436.9,42.05
SKM/SS/78A08/2015/395,27.165278,88.348528,1077.8,32.26,289.35,0.0,,forest,4133.1,1,South Sikkim,,Slide,750.0,-2.5e-05,328.6,44.88
SKM/ES/78A11/2015/154,27.250556,88.53325,496.0,36.58,189.23,0.3176,,forest,5635.8,1,East Sikkim,,Slide,1800.0,0.016073,29.4,55.58
NEG-0190,28.037029,88.673845,5055.0,1.01,156.54,0.1529,,bare/sparse vegetation,1149.0,0,,,,,-0.000919,205.7,1.7
NEG-0672,27.879977,88.526259,4112.9,9.44,109.77,0.2,,grassland,3467.4,0,,,,,0.006062,29.4,13.42
SKM/SS/78A08/2015/199,27.220917,88.385083,1587.6,38.83,227.79,0.0,,forest,4662.8,1,South Sikkim,,Slide,7000.0,-0.003069,399.7,57.99
SKM/NS/78A11/2015/82,27.395556,88.517528,726.9,34.38,283.91,0.0471,,forest,6854.4,1,North Sikkim,,Slide,200.0,0.003967,270.9,49.24
SKM/SS/78A08/2015/252,27.102,88.458667,427.9,31.16,120.35,0.0,,forest,3650.5,1,South Sikkim,,Slide,6000.0,0.020569,459.1,45.36
NEG-0384,27.352459,88.490433,1121.0,32.61,245.28,0.0,,forest,6972.8,0,,,,,0.002163,578.9,46.01
NEG-0461,27.182032,88.495196,383.4,24.15,17.47,0.2,,forest,4338.1,0,,,,,0.000286,131.4,34.15
SK/WEST/78A07/2015/0229,27.276306,88.255111,1123.3,40.46,174.87,0.0,,forest,4639.5,1,West Sikkim,,Subsidence,0.0,0.007469,590.7,61.05
SKM/NS/78A03/2017/28,27.281028,88.227667,1296.4,28.71,172.17,0.0,,forest,5156.6,1,West Sikkim,,Slide,2.0,-0.010813,363.5,40.46
SKM/NS/78A10/2017/205,27.675778,88.733417,2602.5,37.01,132.01,0.1059,,grassland,2269.0,1,North Sikkim,,Slide,2400.0,0.002433,188.2,55.39
NEG-0217,27.382889,88.33491,1268.1,14.15,269.17,0.4941,,forest,6313.6,0,,,,,-0.002067,88.2,18.36
 ,27.09725,88.3825,281.1,49.67,196.41,0.2,,bare/sparse vegetation,3829.4,1,South Sikkim,"Reactivated in August,2022",,,0.00715,58.8,84.85
NEG-0119,27.28045,88.615003,1378.9,25.57,334.9,0.0,,forest,5084.0,0,,,,,0.002392,503.0,34.49
SKM/NS/78A10/2017/191,27.549194,88.583556,1806.4,47.08,233.96,0.1294,,forest,6839.5,1,North Sikkim,,Slide,600.0,-0.008531,185.9,78.31
SKM/ES/78A12/2015/111,27.199722,88.641633,623.4,39.97,304.75,0.1647,,forest,3837.5,1,East Sikkim,,Topple,1300.0,0.006661,131.4,60.74
NEG-0631,27.376663,88.762884,3766.4,31.01,192.69,0.2,,built-up,3562.2,0,,,,,0.009019,205.7,43.99
SKM/NS/78A10/2017/216,27.713944,88.557361,2600.9,40.6,121.12,0.2,,grassland,4415.5,1,North Sikkim,,Slide,2000.0,0.008833,117.6,61.91
SKM/ES/78A11/2015/410,27.365056,88.655167,2341.3,31.84,215.13,0.0824,,built-up,5120.1,1,East Sikkim,,Slide,8000.0,0.013554,185.9,46.62
NEG-0444,27.179077,88.199067,1717.8,15.61,116.46,0.2,,forest,6485.1,0,,,,,-0.011684,207.8,23.24
SKM/ES/78A11/2015/44,27.316,88.559889,1269.3,15.28,126.28,0.2235,,forest,5800.6,1,East Sikkim,,Slide,16.0,-0.014938,124.7,25.71
NEG-0071,28.038155,88.719304,5183.5,8.05,33.65,0.2706,,grassland,837.8,0,,,,,0.010055,0.0,15.58
SKM/ES/78A12/2015/145,27.188528,88.501194,388.2,16.47,161.96,0.0,,built-up,4452.9,1,East Sikkim,,Slide,450.0,0.006644,357.5,23.76
NEG-0689,27.152444,88.363347,1067.8,26.58,150.03,0.2,,forest,4194.0,0,,,,,-0.004869,197.1,36.67
NEG-0675,27.876049,88.368022,4550.4,9.48,337.61,0.0,,grassland,1527.3,0,,,,,0.005585,328.6,12.92
NEG-0390,27.271231,88.453964,1165.0,32.02,238.39,0.0,,forest,6076.6,0,,,,,-0.00304,570.6,45.51
SKM/NS/78A04/2017/127,27.121917,88.139472,1262.2,38.26,254.33,0.0,,forest,5204.3,1,West Sikkim,,Slide,4500.0,0.001456,645.2,56.22
NEG-0587,27.293566,88.604613,959.3,28.44,314.3,0.1294,,forest,5382.2,0,,,,,0.002889,131.4,39.68
NEG-0090,27.173359,88.393858,1551.5,21.51,131.69,0.2,,forest,4433.9,0,,,,,0.008242,171.4,29.49
SKM/ES/78A11/2015/46,27.348722,88.600556,1252.1,31.66,334.2,0.2,,forest,5751.1,1,East Sikkim,,Slide,30.0,0.017447,88.2,46.88
SKM/WS/78A08/2015/373,27.220472,88.281028,1432.4,35.71,130.57,0.0,,forest,4059.4,1,West Sikkim,,Slide,700.0,0.005418,829.7,51.73
SKM/ES/78A11/2015/157,27.264361,88.558389,610.5,22.67,142.73,0.2471,,forest,5621.3,1,East Sikkim,,Slide,2400.0,0.019392,41.6,36.53
SKM/NS/78A03/2017/23,27.279972,88.186917,1736.6,34.92,142.34,0.0,,built-up,5597.4,1,West Sikkim,,Slide,6.0,-0.023938,470.2,54.26
 ,27.274583,88.550028,1163.2,30.02,54.84,0.0,,forest,5694.8,1,East Sikkim,New slide initiated on 18-19 October 2021.,,,0.012505,440.8,45.48
NEG-0698,27.162195,88.355263,1528.9,25.1,59.27,0.0,,forest,4179.6,0,,,,,0.008312,802.7,34.31
NEG-0187,27.16964,88.472272,1421.2,21.54,84.44,0.0,,forest,4222.5,0,,,,,-0.002522,711.4,28.78
NEG-0582,27.226279,88.740799,1421.3,29.86,278.01,0.2235,,forest,4380.7,0,,,,,-0.007509,106.0,41.45
NEG-0528,27.297859,88.262568,1636.1,29.07,112.14,0.0,,forest,4501.1,0,,,,,0.011581,603.0,40.81
NEG-0620,27.317412,88.322607,1372.5,33.24,190.37,0.0,,forest,4719.9,0,,,,,0.005863,499.6,48.15
SKM/ES/78A07/2015/48,27.330778,88.49225,871.2,24.91,278.81,0.0118,,forest,6656.3,1,East Sikkim,,Slide,72.0,-0.000612,242.3,33.97
NEG-0373,27.329008,88.199534,1935.3,27.8,15.61,0.0,,forest,4921.7,0,,,,,-0.007317,929.3,38.97
NEG-0493,27.129089,88.345397,1055.4,13.91,110.74,0.0,,grassland,3943.2,0,,,,,-0.000621,603.0,18.39
SK/ESK/78A11/2018/000,27.370278,88.673611,2512.4,20.16,170.97,0.2,,built-up,4704.4,1,East Sikkim,,Subsidence,0.0,0.003132,223.8,26.58
NEG-0639,27.231988,88.397101,2077.1,33.32,330.87,0.0,,forest,4846.6,0,,,,,0.002795,665.0,47.19
NEG-0494,27.343336,88.609492,1625.9,19.53,1.11,0.0,,forest,5691.1,0,,,,,0.003164,444.7,25.23
NEG-0596,27.1559,88.42288,1372.8,36.52,113.83,0.1412,,forest,4138.6,0,,,,,0.007697,146.9,52.58
SKM/NS/78A10/2017/198,27.611333,88.655222,1673.0,34.96,150.33,0.2588,,forest,4553.6,1,North Sikkim,,Slide,8000.0,0.008063,146.9,51.4
SKM/SS/78A08/2015/220,27.135833,88.391111,1803.2,31.83,144.63,0.0,,forest,4056.1,1,South Sikkim,,Slide,1500.0,0.002548,870.3,44.81
SKM/ES/78A11/2015/139,27.375833,88.726722,3334.2,32.81,145.56,0.3412,,built-up,3625.6,1,East Sikkim,,Slide,360.0,0.009942,58.8,47.57
NEG-0519,27.270638,88.162283,1386.0,33.42,130.19,0.0,,forest,5057.8,0,,,,,0.024257,278.8,49.48
NEG-0208,27.256535,88.135642,1591.6,4.58,335.34,0.0,,grassland,4384.7,0,,,,,0.004468,409.3,9.23
SKM/NS/78A04/2017/100,27.164472,88.213889,1423.2,38.45,130.3,0.0,,forest,5868.3,1,West Sikkim,,Slide,2000.0,0.01468,691.7,57.85
SKM/WS/78A08/2015/265,27.145444,88.305694,1142.9,12.6,214.94,0.0,,forest,3720.2,1,West Sikkim,,Slide,600.0,-0.018538,889.4,27.46
NEG-0543,27.081885,88.431897,307.8,37.2,236.19,0.0941,,grassland,3599.0,0,,,,,-0.006473,146.9,53.76
NEG-0485,28.036104,88.617161,4858.1,11.1,324.25,0.0,,grassland,1149.0,0,,,,,0.004001,328.6,14.29
NEG-0729,27.236242,88.545335,1298.1,34.69,249.26,0.0,,forest,5279.7,0,,,,,0.002782,399.7,49.62
NEG-0491,27.363809,88.451336,1571.7,18.31,110.64,0.0,,forest,6897.1,0,,,,,0.003016,383.2,24.1
NEG-0591,27.343621,88.478745,507.7,14.86,69.69,0.4,,forest,7102.6,0,,,,,-0.001248,58.8,18.94
NEG-0707,27.149209,88.099494,2387.8,26.66,268.51,0.0,,forest,4043.1,0,,,,,-0.005547,541.9,36.47
NEG-0694,27.195931,88.24736,1726.7,20.61,77.26,0.0,,forest,4842.9,0,,,,,-0.001766,727.0,27.71
NEG-0030,27.346274,88.50318,1520.1,30.55,219.62,0.1176,,forest,6703.8,0,,,,,-0.003476,185.9,43.3
SKM/NS/78A03/2017/48,27.313722,88.189917,1280.5,40.59,22.06,0.2,,forest,5170.7,1,West Sikkim,,Slide,1200.0,0.012014,88.2,61.87
NEG-0248,27.286074,88.288089,856.3,30.83,307.48,0.0,,forest,4421.1,0,,,,,0.004265,519.9,43.11
 ,27.148719,88.281289,397.1,30.61,154.44,0.1412,,built-up,3542.2,1,West Sikkim,Reactivated on 20/11/2022,,,0.008833,124.7,44.11
SKM/SS/78A08/2015/219,27.137694,88.401556,1841.7,33.34,221.95,0.0,,forest,4054.9,1,South Sikkim,,Slide,1500.0,0.008207,447.6,47.12
SKM/SS/78A08/2015/299,27.176944,88.402056,1932.0,39.74,242.56,0.0,,forest,4484.0,1,South Sikkim,,Slide,500.0,0.014931,617.1,61.76
NEG-0346,27.462532,88.530852,1162.9,14.56,324.22,0.0,,forest,7108.3,0,,,,,0.003044,489.1,18.77
NEG-0503,27.252575,88.779396,2794.6,23.55,316.29,0.0,,built-up,4079.0,0,,,,,-0.000472,498.7,30.98
NEG-0420,27.150429,88.213342,845.2,15.66,159.68,0.1647,,forest,5495.7,0,,,,,0.01365,65.7,23.96
SKM/NS/78A04/2017/113,27.157361,88.171667,1469.9,28.53,241.47,0.0,,forest,6578.2,1,West Sikkim,,Slide,3000.0,-0.002914,969.8,39.23
NEG-0296,28.062077,88.623276,4928.8,10.76,119.28,0.0,,bare/sparse vegetation,1149.0,0,,,,,0.00581,499.6,15.32
SKM/NS/78A11/2015/07,27.437889,88.601694,1791.9,26.64,71.57,0.0,,forest,6107.2,1,North Sikkim,,Slide,2400.0,-0.001623,583.3,35.83
NEG-0431,27.161162,88.406387,1574.9,42.42,226.83,0.0,,forest,4210.3,0,,,,,0.011181,420.8,66.33
SKM/NS/78A15/2017/158,27.288667,88.816111,3778.4,24.84,127.2,0.0,,bare/sparse vegetation,3719.4,1,East Sikkim,,Slide,3450.0,-0.002009,870.3,34.03
NEG-0653,27.55542,88.63493,1809.7,28.96,189.87,0.1529,,forest,4905.7,0,,,,,0.017598,106.0,44.76
SKM/ES/78A11/2015/411,27.381306,88.690444,3087.2,29.04,134.03,0.0118,,grassland,4341.5,1,East Sikkim,,Slide,4500.0,0.004024,262.9,41.59
SKM/NS/78A03/2017/57,27.33075,88.216333,1460.7,29.89,42.95,0.0,,forest,4788.0,1,West Sikkim,,Slide,900.0,0.012159,520.8,44.1
NEG-0257,27.297248,88.608938,1046.6,19.42,288.46,0.0,,forest,5368.8,0,,,,,-0.001333,328.6,26.28
SK/EAST/78A12/2015/0219,27.191333,88.586528,459.1,48.67,173.59,0.0,,forest,3752.9,1,East Sikkim,,Slide,0.0,0.019952,399.7,84.7
NEG-0501,28.042107,88.744883,5086.2,1.95,38.0,0.0,,bare/sparse vegetation,837.8,0,,,,,-0.000128,519.9,2.49
SKM/SS/78A08/2015/186,27.225083,88.373333,2024.2,34.67,153.42,0.0,,forest,4515.5,1,South Sikkim,,Slide,150.0,-0.009233,631.0,51.79
NEG-0099,27.234921,88.670596,1357.6,17.31,129.53,0.0,,forest,4279.9,0,,,,,-0.006194,383.2,25.05
NEG-0127,27.483477,88.493392,1317.6,31.62,49.06,0.0118,,forest,7171.0,0,,,,,0.013448,332.5,45.77
NEG-0275,27.192116,88.157402,1887.4,26.09,232.04,0.0,,forest,5741.2,0,,,,,-0.002576,549.0,35.59
 ,27.202583,88.655472,721.4,39.86,350.25,0.2,,forest,3875.4,1,East Sikkim,"18-19th October, 2021",,,0.005512,117.6,61.61
SKM/ES/78A11/2015/123,27.252667,88.694194,1487.6,29.52,42.77,0.2,,forest,4433.2,1,East Sikkim,,Slide,600.0,-0.019945,58.8,43.27
NEG-0029,27.147033,88.28371,339.6,13.96,304.6,0.2824,,forest,3554.0,0,,,,,-0.002075,29.4,18.28
NEG-0106,27.213531,88.666652,776.3,30.16,179.84,0.0588,,forest,4010.4,0,,,,,0.006182,249.4,42.49
SKM/ES/78A11/2015/63,27.381917,88.640333,1670.6,30.94,270.45,0.3176,,forest,5576.5,1,East Sikkim,,Fall,3200.0,0.024352,29.4,51.26
NEG-0001,27.23197,88.554003,1694.8,21.72,259.28,0.0,,forest,5055.7,0,,,,,0.005567,740.0,29.16
NEG-0643,27.266929,88.593036,802.0,36.45,347.9,0.2,,forest,5204.7,0,,,,,-0.001556,58.8,54.61
NEG-0478,27.187985,88.30654,1047.2,26.27,163.53,0.0,,forest,3850.2,0,,,,,-0.015986,395.4,40.54
NEG-0265,27.202325,88.342205,1066.0,30.09,296.52,0.0,,forest,4165.5,0,,,,,0.001992,644.5,41.87
SKM/SS/78A12/2015/173,27.161917,88.509639,1024.4,29.44,148.08,0.0,,forest,3716.0,1,South Sikkim,,Slide,375.0,0.004874,798.4,40.89
SKM/NOR/78A10/2014/004,27.5091,88.53848,1236.6,29.43,294.52,0.1529,,forest,8048.3,1,North Sikkim,,Slide,0.0,-0.014546,229.5,42.58
NEG-0196,27.296944,88.255205,1784.1,23.02,226.61,0.0,,forest,4640.6,0,,,,,-0.008051,725.8,32.18
SKM/ES/78A12/2015/108,27.195083,88.631992,589.9,30.06,4.99,0.2,,forest,3779.7,1,East Sikkim,,Slide,150.0,0.001503,146.9,41.01
SKM/WS/78A08/2015/268,27.159639,88.318889,1339.6,30.36,299.21,0.0,,forest,3884.5,1,West Sikkim,,Subsidence,4500.0,0.0026,1193.4,43.08
SKM/WS/78A08/2015/374,27.191917,88.2885,1270.0,38.69,190.09,0.0,,forest,3827.5,1,West Sikkim,,Slide,4000.0,-0.005362,541.9,58.09
NEG-0040,27.325616,88.608055,1436.6,24.75,260.76,0.0,,built-up,5631.4,0,,,,,0.000236,676.6,33.58
SK/EAST/78A12/2015/0221,27.179056,88.533111,381.6,50.47,130.73,0.2706,,grassland,3952.5,1,East Sikkim,,Slide,0.0,-0.008375,106.0,87.56
SKM/ES/78A08/2015/51,27.240861,88.486278,430.2,33.54,236.53,0.0824,,forest,5489.3,1,East Sikkim,,Slide,460.0,0.00162,207.8,47.52
NEG-0308,27.175455,88.090475,2392.7,28.28,113.71,0.0,,forest,3775.6,0,,,,,-0.009909,335.1,39.83
NEG-0293,27.829933,88.816072,4220.5,12.9,149.34,0.2588,,bare/sparse vegetation,1626.7,0,,,,,-0.004886,205.7,17.26
NEG-0165,27.385578,88.321399,1478.0,39.04,189.82,0.0235,,forest,6293.4,0,,,,,0.008986,312.4,59.58
NEG-0014,27.287363,88.612181,1028.0,21.73,321.34,0.0,,forest,5206.7,0,,,,,0.008637,316.5,30.39
SKM/SS/78A08/2015/231,27.143556,88.373083,1279.3,28.54,300.58,0.0,,forest,4128.3,1,South Sikkim,,Slide,3000.0,0.005003,578.9,39.51
SKM/NS/78A03/2017/21,27.282917,88.189556,1743.2,28.09,119.86,0.0,,forest,5541.2,1,West Sikkim,,Slide,15.0,0.005539,383.2,38.61
NEG-0288,28.047821,88.766158,5283.9,4.29,237.66,0.0,,grassland,837.8,0,,,,,0.002367,541.9,6.22
SKM/ES/78A12/2015/34,27.203167,88.588667,1292.0,36.97,170.21,0.0,,forest,3901.6,1,East Sikkim,,Slide,15.0,0.001175,670.1,54.27
NEG-0253,27.249359,88.536875,503.0,11.56,67.66,0.2706,,forest,5631.7,0,,,,,0.010511,0.0,19.92
SKM/ES/78A12/2015/19,27.245139,88.524444,483.6,37.21,111.18,0.3059,,forest,5558.2,1,East Sikkim,,Slide,30.0,-0.006978,65.7,54.88
SKM/ES/78A12/2015/35,27.2115,88.58775,1415.6,39.31,286.66,0.0,,forest,4103.9,1,East Sikkim,,Slide,40.0,0.005444,595.1,58.45
SKM/NS/78A10/2017/196,27.54375,88.58475,1557.9,46.86,281.01,0.1529,,forest,6783.0,1,North Sikkim,,Slide,2000.0,0.009553,235.1,77.64
SKM/ES/78A11/2015/13,27.214222,88.608361,805.5,23.31,60.12,0.1882,,built-up,4030.1,1,East Sikkim,,Slide,56.0,0.001619,124.7,31.26
SKM/NS/78A03/2017/41,27.260167,88.171889,1339.3,38.32,39.57,0.0,,forest,5489.5,1,West Sikkim,,Slide,180.0,-0.002718,520.8,56.67
SKM/NS/78A04/2017/89,27.21875,88.233694,1263.3,37.72,170.38,0.2118,,forest,5386.8,1,West Sikkim,,Slide,4200.0,0.008904,185.9,56.17
NEG-0399,27.274107,88.049983,2659.0,22.2,131.64,0.0,,grassland,3320.1,0,,,,,-0.01338,371.7,31.33
NEG-0323,27.253313,88.444216,645.2,16.6,49.46,0.0,,forest,5591.0,0,,,,,-0.003358,557.6,22.18
SKM/NS/78A03/2017/82,27.185944,88.197944,1739.5,32.97,153.93,0.2471,,forest,6431.4,1,West Sikkim,,Slide,300.0,0.019484,29.4,55.55
NEG-0389,27.176472,88.445512,1689.5,36.92,128.99,0.0,,forest,4415.5,0,,,,,-0.003371,635.8,54.29
NEG-0604,27.231461,88.490779,346.4,23.07,71.59,0.2,,built-up,5332.5,0,,,,,0.002524,29.4,32.75
SKM/NS/78A04/2017/136,27.172444,88.089528,2334.5,23.06,191.84,0.0,,grassland,3804.0,1,West Sikkim,,Slide,800.0,0.008005,353.9,32.07
SKM/ES/78A11/2015/125,27.257139,88.697556,1398.6,23.21,156.61,0.2353,,forest,4392.0,1,East Sikkim,,Slide,450.0,0.011078,88.2,32.96
SKM/WS/78A07/2015/352,27.3955,88.306889,1622.6,38.23,240.06,0.0,,forest,5922.0,1,West Sikkim,,Slide,2450.0,-0.013949,409.3,58.1
NEG-0417,27.365566,88.611981,1770.1,16.72,158.07,0.0,,built-up,5774.7,0,,,,,0.003341,514.1,24.34
NEG-0301,27.368421,88.610871,1853.6,26.42,134.23,0.0,,built-up,5790.6,0,,,,,0.01138,763.0,37.62
SKM/NS/78A03/2017/12,27.288444,88.102667,1777.5,36.03,238.18,0.1529,,forest,3400.0,1,West Sikkim,,Fall,50.0,-0.005895,146.9,53.1
SKM/NS/78A10/2017/206,27.686389,88.73875,2646.4,37.38,101.16,0.4235,,grassland,2148.5,1,North Sikkim,,Slide,1600.0,-0.000527,29.4,56.07
SKM/NS/78A15/2017/160,27.264694,88.792667,3593.6,36.51,161.35,0.0,,grassland,3951.5,1,East Sikkim,,Slide,2000.0,0.001109,449.5,53.49
 ,27.253385,88.54895,674.8,38.56,300.28,0.2,,forest,5609.9,1,East Sikkim,Date of Reactivation: 22.08.2021.,,,0.001654,58.8,57.84
SKM/NS/78A10/2017/188,27.55525,88.647556,1750.2,45.91,210.27,0.0,,forest,4611.8,1,North Sikkim,,Slide,6000.0,-0.000525,617.8,75.03
NEG-0026,27.1468,88.322422,1224.3,27.13,162.87,0.0,,grassland,3860.3,0,,,,,-0.013717,352.7,39.44
NEG-0313,27.756307,88.721679,3398.4,17.44,32.36,0.0353,,forest,2243.3,0,,,,,0.006375,236.9,23.81
NEG-0114,27.665051,88.60495,2340.4,43.18,232.22,0.0,,forest,3167.9,0,,,,,0.010373,383.2,67.82
SKM/SS/78A08/2015/203,27.214639,88.392417,1543.4,30.27,300.44,0.3176,,forest,4745.6,1,South Sikkim,,Slide,1200.0,-0.01296,88.2,44.3
SKM/NS/78A10/2017/175,27.527194,88.603222,1504.9,49.1,18.46,0.0118,,forest,6028.6,1,North Sikkim,,Slide,6000.0,0.027567,316.5,86.66
SKM/NS/78A03/2017/39,27.257361,88.165333,1493.7,26.74,326.43,0.0353,,forest,5312.8,1,West Sikkim,,Slide,200.0,-0.002885,185.9,37.29
NEG-0252,28.071105,88.567971,5557.6,19.98,101.41,0.2471,,bare/sparse vegetation,1065.8,0,,,,,-0.000894,88.2,26.14
NEG-0512,28.019409,88.79474,5328.9,8.08,265.79,0.2,,moss/lichen,734.5,0,,,,,-8.8e-05,83.1,10.29
SKM/NS/78A03/2017/54,27.335,88.206722,1460.7,34.58,70.55,0.3412,,forest,4800.5,1,West Sikkim,,Slide,150.0,-0.007002,92.9,49.67
NEG-0764,27.320153,88.834905,4037.8,9.95,215.15,0.0,,grassland,3516.3,0,,,,,-0.003221,473.9,12.94
NEG-0051,27.295943,88.831523,3873.6,22.0,299.67,0.0,,grassland,3612.7,0,,,,,0.000892,444.7,29.23
SKM/NS/78A11/2015/70,27.418,88.623333,1395.9,32.16,82.08,0.1294,,forest,5947.0,1,North Sikkim,,Slide,150.0,0.007712,242.3,45.52
NEG-0231,27.155254,88.435307,1557.6,18.96,144.07,0.0,,forest,4118.2,0,,,,,0.000167,734.7,25.19
SKM/SS/78A08/2015/195,27.21525,88.402278,2035.3,29.96,271.19,0.0,,forest,4877.0,1,South Sikkim,,Slide,3000.0,0.012534,371.7,44.69
SKM/NS/78A11/2015/09,27.409861,88.543722,1539.2,43.68,195.57,0.0,,forest,6519.2,1,North Sikkim,,Fall,12.0,0.01256,383.2,69.6
SKM/WS/78A08/2015/387,27.239972,88.332778,1294.5,22.12,341.32,0.0706,,forest,4310.9,1,West Sikkim,,Slide,150.0,0.006258,197.1,30.72
SKM/WS/78A08/2015/382,27.129861,88.266222,392.6,40.29,135.93,0.2,,forest,3430.4,1,West Sikkim,,Slide,2100.0,0.008898,106.0,62.66
SKM/SS/78A12/2015/150,27.23575,88.506472,413.4,39.71,152.67,0.2941,,forest,5401.0,1,South Sikkim,,Slide,500.0,-0.001544,58.8,59.55
NEG-0366,27.269774,88.621209,1340.0,26.68,324.64,0.0,,built-up,4873.2,0,,,,,-0.012019,355.1,37.88
SKM/SS/78A08/2015/258,27.090083,88.413139,303.4,31.02,169.96,0.2471,,forest,3710.0,1,South Sikkim,,Slide,10000.0,0.008,29.4,45.26
NEG-0650,27.352766,88.193822,1762.3,10.65,332.01,0.2118,,forest,4924.9,0,,,,,-0.009309,92.9,16.89
NEG-0258,27.181989,88.634237,841.2,24.38,262.37,0.0,,built-up,3615.3,0,,,,,0.008018,500.5,34.52
NEG-0262,27.261473,88.326885,1422.1,19.27,256.12,0.0,,grassland,4465.6,0,,,,,-0.010129,513.2,28.09
NEG-0648,27.211591,88.234511,1380.2,19.32,32.31,0.0,,forest,5452.1,0,,,,,-0.014087,399.7,28.86
NEG-0341,27.120798,88.150467,1171.8,21.09,232.48,0.0,,forest,5392.7,0,,,,,0.00871,529.8,29.18
SKM/ES/78A11/2015/97,27.282444,88.598917,839.5,12.34,264.92,0.1647,,forest,5316.9,1,East Sikkim,,Slide,150.0,-0.001372,88.2,16.37
SKM/NS/78A10/2017/166,27.502,88.5375,1232.9,31.03,330.38,0.2235,,forest,7906.2,1,North Sikkim,,Slide,750.0,0.007794,124.7,43.28
NEG-0010,27.242139,88.247243,1187.6,20.47,321.94,0.2,,forest,4867.2,0,,,,,-0.001511,205.7,27.1
SKM/SS/78A08/2015/236,27.237889,88.346444,1583.1,25.99,316.52,0.0,,forest,4313.5,1,South Sikkim,,Slide,800.0,0.010485,355.1,37.79
NEG-0688,28.042406,88.740671,5097.9,4.07,31.9,0.0,,bare/sparse vegetation,837.8,0,,,,,0.001006,782.5,5.42
NEG-0743,27.249613,88.773273,2741.7,25.8,299.18,0.0,,grassland,4129.1,0,,,,,-0.002358,529.8,35.74
NEG-0627,27.227419,88.341408,1914.7,37.32,189.11,0.0,,forest,4217.0,0,,,,,-0.003026,940.9,54.46
SKM/WS/78A08/2015/383,27.128972,88.262111,420.1,38.14,148.38,0.2353,,forest,3444.7,1,West Sikkim,,Slide,3000.0,0.008746,106.0,56.76
NEG-0600,27.352411,88.502014,1653.0,29.26,231.23,0.0,,forest,6772.2,0,,,,,-0.003989,749.2,40.29
NEG-0133,27.227411,88.213644,2036.7,18.29,99.55,0.0,,grassland,5666.5,0,,,,,-0.000581,822.9,23.94
SKM/NS/78A03/2017/61,27.317417,88.182861,1380.9,15.8,152.59,0.2824,,forest,5153.2,1,West Sikkim,,Slide,150.0,0.008123,0.0,24.38
NEG-0606,27.158249,88.169602,1409.0,22.4,250.19,0.0,,forest,6513.6,0,,,,,0.000772,764.1,29.51
NEG-0011,27.284974,88.526773,1619.1,15.0,116.27,0.0,,forest,5758.9,0,,,,,-0.008473,663.0,20.31
SKM/NS/78A03/2017/62,27.315778,88.178944,1516.8,30.94,133.95,0.0,,forest,5049.0,1,West Sikkim,,Slide,80.0,-0.003064,355.1,43.84
SK/EAST/78A12/2015/0218,27.193083,88.602778,499.3,36.71,169.95,0.2353,,forest,3770.0,1,East Sikkim,,Slide,0.0,0.005814,117.6,54.68
SKM/SS/78A08/2015/305,27.176,88.429556,1630.8,33.08,259.41,0.0,,forest,4429.8,1,South Sikkim,,Slide,720.0,0.01174,529.8,47.68
 ,27.548108,88.608078,1770.6,46.45,194.94,0.2471,,forest,5899.4,1,North Sikkim,From 2012 onwards,,,-0.025004,197.1,79.8
SKM/ES/78A11/2015/408,27.37075,88.679444,2624.7,35.62,221.19,0.0,,built-up,4582.6,1,East Sikkim,,Slide,900.0,-0.001945,323.3,51.47
NEG-0534,27.189263,88.626662,797.6,17.04,326.56,0.0,,forest,3709.3,0,,,,,0.001115,823.4,23.15
 ,27.2535,88.541417,602.6,24.91,142.61,0.1059,,forest,5646.8,1,East Sikkim,"The 14th Mile landslide got reactivated in August,2022 and
recent incidence occurred on 7-8th October,2022",,,0.013627,166.2,35.58
NEG-0076,27.242664,88.258943,1300.2,19.81,303.28,0.0706,,forest,4644.9,0,,,,,-0.006269,188.2,26.5
SKM/WS/78A08/2015/266,27.151028,88.309889,1203.5,22.77,332.1,0.0,,forest,3778.1,1,West Sikkim,,Slide,180.0,-0.008671,893.8,31.98
SKM/ES/78A11/2015/404,27.372278,88.688944,2999.0,34.98,228.8,0.0,,grassland,4377.2,1,East Sikkim,,Slide,2000.0,-0.016425,670.1,52.0
NEG-0391,27.34879,88.26803,1566.5,35.05,176.94,0.0,,forest,4416.3,0,,,,,0.002788,368.2,50.63
NEG-0067,27.271982,88.103642,1734.6,33.7,60.62,0.0,,forest,3370.3,0,,,,,0.00451,478.4,48.82
NEG-0504,27.421505,88.534864,1543.3,19.9,308.64,0.0,,forest,6740.2,0,,,,,0.000457,382.0,26.62
SKM/NS/78A11/2015/89,27.441056,88.513694,794.4,41.47,281.02,0.2353,,forest,6494.6,1,North Sikkim,,Slide,150.0,-0.011971,207.8,64.11
NEG-0728,27.264078,88.137281,1274.3,23.86,27.98,0.2353,,forest,4342.4,0,,,,,0.006835,65.7,33.86
SKM/NS/78A11/2015/76,27.40825,88.571167,1675.1,23.3,89.08,0.0,,forest,6285.0,1,North Sikkim,,Slide,240.0,-0.017645,499.6,34.2
NEG-0193,27.168242,88.483572,1291.0,18.89,8.15,0.0,,forest,4092.6,0,,,,,0.012696,730.0,27.77
SKM/NS/78A10/2017/225,27.652861,88.607,1958.9,39.38,258.4,0.2,,forest,3518.4,1,North Sikkim,,Slide,300.0,0.008378,58.8,59.77
NEG-0211,27.216659,88.654893,980.4,32.37,248.08,0.0,,forest,4052.2,0,,,,,0.00616,644.5,47.07
 ,27.549758,88.575308,1893.2,34.73,115.56,0.0,,forest,7161.0,1,North Sikkim,From 2020 onwards,,,0.002367,412.5,50.74
SKM/SS/78A08/2015/178,27.165586,88.488511,1243.8,25.1,190.58,0.0,,forest,3983.0,1,South Sikkim,,Slide,500.0,-0.001052,827.6,34.05
NEG-0319,27.348946,88.197016,1807.8,26.04,38.76,0.0,,forest,4900.1,0,,,,,-0.016883,352.7,39.08
SKM/SS/78A08/2015/238,27.244472,88.350472,1597.8,50.22,196.48,0.2,,forest,4376.3,1,South Sikkim,,Fall,6000.0,-0.001826,176.3,86.43
NEG-0092,27.35416,88.438292,1819.6,25.48,132.61,0.2941,,forest,6758.5,0,,,,,-0.002559,41.6,35.8
SKM/NS/78A04/2017/94,27.227528,88.219639,1785.9,26.67,147.32,0.0,,forest,5552.6,1,West Sikkim,,Slide,1500.0,0.021038,335.1,39.76
SKM/ES/78A11/2015/409,27.371806,88.677167,2564.4,28.94,205.6,0.1765,,built-up,4626.9,1,East Sikkim,,Slide,6000.0,0.018522,146.9,44.21
SKM/NS/78A10/2017/223,27.676722,88.597194,2208.6,37.12,240.54,0.2,,forest,3274.0,1,North Sikkim,,Slide,3200.0,0.005616,146.9,54.93
NEG-0574,27.554899,88.639542,1761.5,31.98,161.26,0.0,,forest,4795.2,0,,,,,0.001644,440.8,44.82
SKM/SS/78A08/2015/56,27.205,88.442122,1303.5,36.46,145.73,0.1412,,built-up,4901.4,1,South Sikkim,,Slide,11200.0,0.025633,251.1,56.21
NEG-0421,27.137416,88.270823,735.5,24.52,91.65,0.0,,forest,3443.6,0,,,,,-0.023308,395.4,41.11
SKM/ES/78A12/2015/115,27.205047,88.689053,748.0,7.6,264.97,0.3176,,forest,4043.9,1,East Sikkim,,Slide,675.0,-0.00108,29.4,9.46
NEG-0191,27.187616,88.235993,1236.5,36.3,245.43,0.3294,,forest,5209.6,0,,,,,0.012036,106.0,53.63
NEG-0452,27.401631,88.503135,1441.8,30.65,48.45,0.0,,forest,6762.2,0,,,,,-0.006924,650.5,42.38
SKM/SS/78A08/2015/245,27.098417,88.400167,681.5,23.6,222.47,0.0,,forest,3803.3,1,South Sikkim,,Slide,1000.0,-0.005194,489.1,31.6
NEG-0041,27.688522,88.751574,2830.7,18.77,256.6,0.0,,grassland,2116.1,0,,,,,-0.00099,567.6,24.88
NEG-0674,28.001325,88.825668,5523.5,5.6,236.99,0.2,,moss/lichen,734.5,0,,,,,0.001308,106.0,7.14
SKM/SS/78A08/2015/196,27.212583,88.399333,2001.9,35.32,326.56,0.0,,forest,4831.4,1,South Sikkim,,Slide,5000.0,-0.013119,415.6,52.79
NEG-0004,27.28313,88.286042,889.8,21.42,305.36,0.0,,forest,4405.3,0,,,,,0.000117,666.3,28.32
NEG-0569,27.381705,88.580186,1611.1,28.67,80.23,0.0,,forest,5997.8,0,,,,,-0.003498,353.9,39.6
SKM/ES/78A11/2015/136,27.372806,88.739139,3483.3,30.34,206.06,0.2,,grassland,3603.3,1,East Sikkim,,Slide,600.0,0.013341,117.6,43.86
NEG-0107,27.364796,88.203859,1319.1,21.95,54.87,0.3765,,forest,4941.4,0,,,,,0.010615,29.4,30.74
NEG-0360,27.272614,88.42669,663.7,24.89,188.52,0.0471,,forest,5759.3,0,,,,,-0.004364,229.5,33.41
NEG-0633,27.260737,88.223324,1221.7,23.95,352.29,0.0,,forest,5239.0,0,,,,,-0.004982,460.0,31.92
SKM/ES/78A12/2015/104,27.190067,88.596483,451.8,36.3,130.03,0.2235,,grassland,3733.7,1,East Sikkim,,Slide,4340.0,0.009264,65.7,55.13
NEG-0719,27.133863,88.363065,1019.9,44.65,280.51,0.0,,forest,4078.2,0,,,,,0.003501,529.0,70.47
SKM/NS/78A10/2017/208,27.745194,88.544278,2799.6,37.31,53.71,0.2,,built-up,4378.1,1,North Sikkim,,Slide,3200.0,0.013726,29.4,56.22
NEG-0475,27.174913,88.37612,1753.4,21.87,187.65,0.0,,forest,4442.0,0,,,,,0.001045,749.2,29.4
 ,27.238515,88.488124,391.9,36.02,223.73,0.3647,,forest,5448.9,1,East Sikkim,Reactivated in May 2022.,,,-0.003229,92.9,52.37
SKM/ES/78A11/2015/41,27.315028,88.558139,1235.1,35.03,176.6,0.2824,,forest,5803.2,1,East Sikkim,,Fall,450.0,0.011861,29.4,51.38
NEG-0281,27.368464,88.475524,705.6,33.11,103.03,0.0,,forest,7146.1,0,,,,,-0.008479,353.9,46.8
NEG-0332,27.19322,88.447575,878.0,43.64,140.64,0.0,,forest,4697.2,0,,,,,0.010508,323.3,68.86
NEG-0367,27.368246,88.614628,1801.1,24.71,150.36,0.0,,forest,5774.3,0,,,,,-0.004014,585.5,33.25
NEG-0531,27.155788,88.463026,1344.9,10.58,95.62,0.0,,forest,4014.6,0,,,,,-0.011994,502.2,22.98
NEG-0096,27.244891,88.347408,1606.6,29.25,221.12,0.1176,,forest,4376.3,0,,,,,-0.005503,236.9,40.62
NEG-0696,27.163127,88.487076,1159.2,21.33,143.73,0.0,,forest,3936.0,0,,,,,0.005138,671.4,28.67
NEG-0363,27.227403,88.500358,639.2,27.39,335.56,0.0,,forest,5263.9,0,,,,,-0.000222,448.6,38.19
