lon,lat,elevation_m,slope_deg,aspect_deg,distance_to_stream_m,landcover_class,soil_erodibility_k,rusle_ls_factor,rusle_c_factor,rainfall_erosivity_r,soil_loss_tha_yr,label
95.136186,28.131694,253.062,26.202,348.077,213.11,10,0.12,22.559,0.001,2011.737,5.489,1
93.691472,27.216639,458.667,40.054,140.229,139.913,50,0.124,18.806,0.01,1601.706,37.404,1
95.922181,28.817477,1586.208,28.206,95.51,312.856,30,0.13,12.591,0.05,1484.763,121.83,1
93.641778,27.103069,380.249,23.746,54.042,391.758,10,0.126,15.866,0.01,1349.472,26.969,1
93.977444,27.83975,644.191,38.248,270.613,176.978,10,0.129,17.883,0.001,1376.975,3.188,1
91.860917,27.584639,2849.61,17.802,79.902,142.684,10,0.129,13.989,0.001,1080.527,1.948,1
93.148694,27.177667,1566.495,29.88,298.572,150.691,10,0.127,10.218,0.001,1824.405,2.36,1
91.866222,27.592667,2943.234,16.434,147.655,118.721,30,0.126,9.322,0.05,1070.101,63.146,1
92.164167,27.395444,1801.39,34.349,96.791,27.983,10,0.129,31.028,0.05,1149.618,229.857,1
93.477942,27.781792,1080.434,29.718,72.983,88.489,10,0.129,20.789,0.001,2227.212,5.971,1
95.775797,28.252176,692.523,42.702,100.328,218.552,10,0.12,26.567,0.001,2094.746,6.666,1
94.536256,28.021678,572.641,28.984,217.914,176.978,10,0.118,9.856,0.001,2174.917,2.539,1
94.953896,28.280246,287.19,42.297,49.885,158.294,10,0.125,32.9,0.001,1974.877,8.139,1
92.24375,27.363417,1623.143,31.517,242.505,118.721,30,0.128,28.096,0.05,1379.884,248.673,1
93.707861,27.234139,435.484,31.824,121.955,251.844,30,0.124,28.414,0.05,1645.957,290.266,1
95.537549,28.242969,590.463,33.84,159.2,239.084,10,0.121,11.81,0.001,2197.627,3.156,1
92.954417,27.542639,1277.073,28.216,109.978,538.258,10,0.127,14.814,0.001,3158.221,6.005,1
92.123583,27.433056,2373.491,32.918,144.316,288.099,10,0.128,19.92,0.001,1114.461,2.848,1
95.858449,28.472858,829.949,44.418,179.104,111.931,10,0.122,41.058,0.001,2102.465,10.559,1
92.274944,27.340556,1575.465,44.351,35.905,187.714,50,0.13,24.63,0.01,1535.106,49.17,1
95.11125,28.133611,270.183,35.123,18.065,167.896,10,0.138,12.321,0.001,2035.214,3.459,1
94.959097,27.793761,213.209,26.704,169.801,257.988,10,0.119,19.462,0.001,1833.409,4.252,1
95.074056,27.951306,427.244,18.324,177.087,437.998,10,0.121,8.716,0.001,1920.784,2.023,1
96.33161,27.91647,1207.044,30.947,233.894,613.708,10,0.126,27.503,0.001,2154.071,7.44,1
96.024049,27.29268,223.777,18.408,124.411,27.983,10,0.122,10.754,0.001,1356.037,1.778,1
92.997139,27.520111,608.01,31.479,177.252,55.965,10,0.132,14.334,0.001,2926.621,5.512,1
95.239167,28.145306,579.894,40.559,181.013,115.376,50,0.126,27.5,0.01,2090.259,71.999,1
93.977278,27.83875,642.709,43.05,306.086,201.786,10,0.129,23.881,0.001,1373.897,4.246,1
96.45238,28.0907,988.913,40.173,199.549,312.856,30,0.123,36.929,0.05,2340.216,529.428,1
94.712278,27.760194,464.065,32.253,220.017,223.862,10,0.124,17.34,0.001,1978.905,4.256,1
91.97728,27.58006,2282.5,23.956,291.498,179.177,10,0.127,7.833,0.001,973.472,0.969,1
95.981911,28.874939,1536.791,25.626,303.361,62.571,10,0.127,11.219,0.001,1345.08,1.913,1
95.178278,28.514083,773.063,32.495,260.782,225.604,10,0.119,14.872,0.001,2253.24,3.981,1
95.46208,28.165711,427.734,26.848,102.53,602.766,10,0.122,11.868,0.001,2154.265,3.118,1
95.857932,28.472919,831.432,46.752,179.265,111.931,10,0.122,36.466,0.001,2102.477,9.381,1
95.849136,28.462314,857.619,37.479,233.104,319.052,10,0.123,17.486,0.05,2088.121,224.91,1
92.965278,27.561111,690.094,32.124,128.134,100.893,10,0.132,14.676,0.001,3106.094,5.997,1
96.224831,27.305527,362.115,28.496,217.694,218.552,30,0.122,21.038,0.05,1352.621,174.574,1
95.470804,28.175659,377.444,36.758,328.676,79.147,50,0.122,17.112,0.001,2162.965,4.527,1
94.81686,28.787001,557.895,22.356,321.159,176.978,10,0.119,18.583,0.001,2813.835,6.25,1
95.245944,28.402417,582.398,29.54,3.041,79.147,10,0.121,20.642,0.001,2164.777,5.401,1
92.104667,27.497222,4155.679,35.88,129.185,686.004,50,0.131,24.027,0.01,1046.368,32.75,1
92.425278,27.277417,2543.508,18.71,143.983,257.988,50,0.125,14.891,0.01,2152.732,39.926,1
93.064833,27.217333,1042.546,31.39,236.693,419.74,10,0.127,22.17,0.01,1753.281,49.594,1
94.715583,27.777278,652.268,28.356,355.034,39.574,10,0.122,12.671,0.001,2000.137,3.114,1
91.894333,27.596278,2454.003,44.542,103.223,83.948,10,0.128,32.644,0.001,1038.569,4.353,1
94.933333,28.235361,343.196,48.131,309.644,167.896,10,0.125,30.001,0.001,1996.253,7.483,1
96.122193,27.282921,392.368,18.922,304.782,297.46,50,0.124,7.715,0.001,1368.889,1.306,1
95.254821,28.138811,622.803,25.229,61.031,504.465,10,0.125,11.008,0.001,2135.492,2.941,1
96.5465,28.2625,1678.262,40.753,353.301,427.137,10,0.129,29.733,0.001,1854.275,7.149,1
96.013675,27.296223,280.657,25.378,264.533,139.913,10,0.12,11.087,0.001,1351.277,1.806,1
95.203694,28.322889,691.953,36.861,5.538,115.376,30,0.119,31.329,0.05,2034.411,379.922,1
95.806755,28.209062,920.695,36.023,249.118,111.931,60,0.12,12.678,0.45,2160.073,1470.926,1
93.010528,27.411944,419.239,18.821,13.081,88.489,10,0.131,15.001,0.001,2412.672,4.744,1
94.785508,28.810126,645.791,35.82,198.593,257.988,10,0.118,32.537,0.001,3050.702,11.722,1
92.962194,27.555611,804.868,32.966,7.011,167.896,10,0.13,19.953,0.001,3115.538,8.101,1
92.959167,27.530556,1108.026,37.672,126.271,562.445,10,0.128,20.682,0.001,3090.042,8.189,1
94.844111,27.897361,726.419,33.115,184.642,277.015,10,0.124,21.93,0.001,2051.874,5.623,1
96.53222,28.20867,1351.098,23.651,190.869,628.833,10,0.128,14.678,0.001,1953.246,3.647,1
95.233806,28.384833,653.895,24.425,13.044,163.166,10,0.12,20.715,0.001,2133.615,5.258,1
96.448473,28.102005,1381.639,39.444,212.778,237.441,10,0.121,30.527,0.001,2342.682,8.678,1
94.692528,27.944444,807.753,29.906,197.372,336.956,60,0.127,13.497,0.05,1950.749,167.17,1
94.590918,28.026515,646.475,19.798,256.046,326.331,10,0.119,8.165,0.001,2064.541,2.01,1
91.9025,27.591389,2534.569,21.48,217.63,197.868,10,0.126,6.848,0.001,1032.916,0.891,1
95.469402,28.174973,363.795,22.992,335.712,27.983,10,0.122,14.178,0.001,2166.017,3.753,1
96.48664,28.05997,488.108,0.708,216.287,27.983,80,0.121,0.21,0.0,2254.488,0.0,1
95.776204,28.237008,839.079,31.895,66.004,327.529,10,0.121,11.03,0.05,2083.574,138.907,1
95.781369,28.227703,883.153,23.378,358.345,625.712,10,0.121,17.463,0.001,2092.27,4.432,1
93.637611,27.103944,422.492,39.197,57.461,327.529,10,0.126,18.369,0.001,1350.539,3.28,1
93.62284,27.09589,369.107,16.572,357.389,83.948,50,0.0,6.53,0.01,1351.708,0.0,1
95.057583,28.619917,853.714,35.566,250.562,257.988,10,0.117,16.49,0.001,2313.094,4.465,1
95.914872,28.244966,2641.127,42.775,349.686,488.697,10,0.123,26.614,0.001,2482.528,8.158,1
93.992333,27.763722,320.521,36.346,38.275,79.147,10,0.13,33.075,0.001,1319.12,5.677,1
93.507833,27.2495,972.419,14.571,37.127,239.084,10,0.127,10.124,0.001,1423.619,1.834,1
93.698194,27.220833,497.929,34.659,141.055,179.177,50,0.124,21.131,0.01,1615.782,42.502,1
95.849951,28.469481,870.232,33.258,237.836,237.441,10,0.121,15.276,0.001,2098.007,3.888,1
96.447685,28.105572,1413.779,21.877,219.882,363.775,30,0.122,16.093,0.05,2342.117,229.292,1
94.956509,28.335376,286.927,45.981,85.1,150.691,10,0.119,39.654,0.001,2018.706,9.537,1
95.385986,26.943433,507.837,21.847,314.07,187.714,10,0.12,10.852,0.001,1321.393,1.728,1
93.660111,27.106722,237.313,29.781,24.287,115.376,60,0.128,13.43,0.001,1375.576,2.358,1
95.471126,28.186582,414.932,30.117,243.967,111.931,30,0.122,17.957,0.001,2205.976,4.836,1
95.292122,28.140639,276.297,31.703,212.812,237.441,10,0.117,28.289,0.001,2222.933,8.579,1
93.536139,27.234917,838.75,26.292,253.701,39.574,50,0.126,13.61,0.05,1434.825,123.099,1
93.7895,27.260222,379.66,21.744,113.631,187.714,10,0.123,6.952,0.001,1632.468,1.399,1
94.023472,27.751917,312.154,39.488,13.956,100.893,10,0.127,24.435,0.001,1435.802,4.482,1
94.616455,28.029848,873.918,42.751,359.27,163.166,10,0.123,23.708,0.001,2015.198,5.869,1
94.681,27.688583,274.278,27.148,340.395,62.571,10,0.12,18.665,0.001,1885.065,4.213,1
95.855884,28.450374,869.216,37.775,251.624,111.931,10,0.122,17.639,0.001,2107.782,4.537,1
95.035722,28.626972,493.494,28.424,271.617,451.207,50,0.121,20.974,0.001,2319.181,5.928,1
94.874715,28.830097,557.413,48.232,87.024,62.571,10,0.125,44.597,0.001,2468.833,13.737,1
95.987092,27.299744,354.032,18.294,162.736,356.162,10,0.122,12.208,0.001,1346.425,2.005,1
92.966222,27.555194,846.287,33.208,314.978,338.116,10,0.13,15.25,0.001,3092.019,6.13,1
95.716317,27.190295,578.0,37.081,94.822,187.714,10,0.117,20.323,0.001,1491.934,3.517,1
95.982181,28.315484,962.94,31.36,247.699,510.636,10,0.123,27.932,0.001,2564.761,8.795,1
93.615667,27.207583,575.497,30.061,173.097,250.285,10,0.125,24.784,0.001,1489.843,4.654,1
93.467306,27.866083,880.789,35.591,66.497,237.441,30,0.129,12.507,0.05,2172.774,175.393,1
94.778642,27.839817,491.923,24.664,204.751,316.588,10,0.122,20.962,0.001,2031.645,5.211,1
95.224833,28.147806,734.789,41.216,356.517,115.376,10,0.124,19.393,0.001,2048.223,4.939,1
96.55728,28.26814,1622.212,48.923,266.15,504.465,10,0.129,30.482,0.001,1811.134,7.137,1
96.457818,28.089549,953.596,44.646,185.514,88.489,10,0.122,41.274,0.001,2321.554,11.728,1
96.33392,27.91636,1161.415,35.873,141.546,463.196,10,0.126,19.583,0.001,2159.711,5.299,1
93.050889,27.297167,1344.254,17.67,235.078,650.861,10,0.129,5.366,0.001,1769.963,1.217,1
95.549313,26.904294,1523.488,36.303,100.185,576.878,10,0.125,26.187,0.001,1566.082,5.104,1
95.240639,28.169611,244.455,38.392,182.146,139.913,10,0.125,25.906,0.001,2101.495,6.751,1
95.053306,28.615028,627.966,20.363,276.105,176.978,10,0.117,9.945,0.001,2321.028,2.708,1
93.050917,27.302861,1201.388,27.6,86.579,397.709,30,0.126,16.189,0.05,1782.161,181.934,1
95.610767,28.269062,482.822,25.783,80.88,380.606,10,0.119,8.566,0.001,2045.963,2.085,1
96.41208,27.98728,384.5,0.202,243.807,0.0,80,0.122,0.042,0.0,2332.414,0.0,1
94.987136,28.342551,420.26,38.573,72.161,79.147,10,0.124,35.331,0.001,2013.798,8.831,1
96.54264,28.25203,1881.954,33.31,238.197,520.508,10,0.131,11.598,0.001,1877.605,2.834,1
93.978611,27.833306,673.129,29.098,205.039,55.965,10,0.13,23.847,0.001,1370.155,4.234,1
95.890362,28.775779,1240.622,33.126,29.156,195.879,10,0.129,15.207,0.001,1593.286,3.122,1
92.999556,27.574306,543.022,36.285,335.534,79.147,10,0.131,12.782,0.001,2928.541,4.901,1
95.863907,28.852213,1355.23,37.229,196.913,62.571,10,0.13,20.413,0.001,1537.646,4.095,1
95.284891,28.099705,204.561,41.031,12.033,139.913,10,0.129,25.466,0.001,2064.987,6.725,1
92.133778,27.405861,2025.247,34.209,189.469,176.978,50,0.13,30.884,0.01,1143.176,45.766,1
93.739167,27.16,207.761,21.645,131.737,478.987,50,0.125,17.856,0.001,1544.449,3.433,1
94.569467,28.014765,559.801,26.383,25.234,39.574,10,0.121,8.807,0.001,2091.089,2.232,1
95.285971,28.143839,185.412,34.183,216.695,158.294,10,0.0,22.743,0.001,2230.201,1.107,1
94.983464,28.265963,332.044,32.745,87.176,55.965,10,0.125,17.647,0.05,1992.388,219.389,1
96.444944,27.453197,598.405,42.468,291.244,163.166,10,0.117,15.171,0.001,1509.19,2.687,1
95.275122,28.150741,219.829,25.016,225.166,253.394,10,0.0,21.326,0.001,2199.647,2.782,1
95.27268,28.099376,255.689,7.986,143.566,27.983,10,0.121,5.018,0.001,2072.219,1.263,1
91.973083,27.591417,2618.221,33.039,145.649,395.735,10,0.131,26.396,0.001,960.932,3.321,1
92.56175,27.153056,1646.1,36.423,87.31,434.408,50,0.125,16.937,0.01,1925.435,40.897,1
92.391694,27.293806,1784.281,34.299,68.301,83.948,30,0.129,18.612,0.05,2050.452,246.828,1
94.971636,28.720187,413.007,19.469,174.909,27.983,10,0.124,11.535,0.001,2153.949,3.078,1
93.745,27.239333,399.195,14.659,170.045,197.868,50,0.127,7.375,0.05,1682.735,78.526,1
95.240833,28.386722,662.416,21.766,289.553,27.983,50,0.119,17.979,0.001,2141.649,4.584,1
95.868513,28.763802,1300.489,30.472,227.175,187.714,30,0.13,19.906,0.05,1645.839,212.338,1
96.33156,27.91886,1303.925,32.226,220.451,729.699,10,0.125,14.73,0.001,2152.874,3.969,1
92.537444,27.1105,1215.302,31.915,86.583,83.948,10,0.128,28.509,0.001,1830.385,6.656,1
96.50075,28.06356,532.61,29.812,271.773,100.893,10,0.123,26.321,0.001,2204.204,7.135,1
94.702667,27.662194,156.883,16.656,216.474,753.457,50,0.119,7.729,0.01,1849.593,17.002,1
95.239333,28.013167,254.437,22.754,207.118,150.691,10,0.12,11.41,0.001,1872.415,2.562,1
95.781741,28.252507,749.587,39.941,266.945,195.879,30,0.12,24.739,0.05,2113.554,313.733,1
94.673833,27.70625,273.712,6.179,292.79,415.993,10,0.12,3.203,0.001,1906.492,0.73,1
95.223917,28.169583,310.763,36.749,205.873,451.207,50,0.122,33.485,0.01,2050.975,83.805,1
93.055472,27.325861,657.755,34.23,291.622,312.856,10,0.133,15.789,0.001,1928.807,4.04,1
94.568456,28.013577,582.019,10.748,294.709,176.978,10,0.121,7.357,0.001,2091.205,1.863,1
95.37696,26.93529,429.854,26.428,44.325,395.735,10,0.121,22.794,0.001,1316.399,3.646,1
95.546273,28.249718,603.161,46.793,144.832,163.166,30,0.121,29.177,0.05,2194.321,388.505,1
92.965556,27.571111,583.851,17.709,213.44,0.0,10,0.131,13.897,0.001,3118.861,5.67,1
95.805469,28.193864,744.758,38.244,272.767,563.141,10,0.119,25.796,0.001,2143.324,6.58,1
94.73075,27.794333,796.363,31.472,358.053,83.948,10,0.123,20.674,0.001,2011.929,5.116,1
95.828278,28.498464,760.156,36.999,302.662,391.758,10,0.123,33.74,0.001,2137.879,8.875,1
94.947651,28.287317,306.059,40.932,43.623,83.948,10,0.124,22.639,0.001,1967.82,5.523,1
95.541082,28.227891,499.428,25.546,138.366,239.084,50,0.123,14.748,0.01,2124.459,38.462,1
95.922731,28.242782,2658.579,25.756,38.475,753.457,30,0.122,13.276,0.001,2482.453,4.069,1
93.014639,27.422111,638.428,34.488,314.036,364.85,10,0.13,18.729,0.001,2479.323,6.044,1
95.84071,28.487904,742.227,31.175,200.234,230.751,10,0.123,27.74,0.001,2123.011,7.223,1
92.982806,27.543778,643.326,33.922,208.276,79.147,30,0.133,22.545,0.05,2994.918,448.825,1
96.449538,28.100284,1280.917,34.233,210.273,27.983,60,0.122,28.819,0.45,2340.507,3697.719,1
93.980861,27.840167,616.199,39.696,5.756,62.571,10,0.129,21.903,0.001,1392.445,3.938,1
91.880444,27.591528,2770.423,20.24,115.779,316.588,30,0.126,16.428,0.05,1056.014,109.862,1
95.865649,28.760937,1287.246,45.415,289.493,250.285,30,0.13,25.235,0.05,1654.3,270.624,1
93.123139,27.215611,1270.199,23.712,137.151,395.735,10,0.134,12.003,0.001,1812.716,2.905,1
95.261822,26.736494,1334.852,36.926,65.571,448.597,10,0.125,22.694,0.001,1308.082,3.695,1
95.854029,28.454481,832.038,42.606,258.825,167.896,30,0.123,38.238,0.001,2093.097,9.829,1
95.06325,28.550472,743.337,20.908,341.059,419.74,10,0.122,12.607,0.001,2383.305,3.661,1
95.168667,28.540139,868.322,16.846,30.758,395.735,10,0.119,5.052,0.001,2295.914,1.382,1
95.854018,28.455284,845.174,44.287,261.127,139.913,30,0.123,30.17,0.001,2091.664,7.751,1
95.607261,28.266795,469.022,22.199,243.189,55.965,10,0.118,9.411,0.45,2049.087,1023.693,1
95.854035,28.608016,815.411,31.68,121.562,253.394,30,0.121,28.265,0.05,2039.508,348.928,1
94.201306,28.005389,263.199,30.425,98.802,55.965,10,0.125,25.137,0.001,1660.932,5.194,1
94.789222,27.859444,424.879,15.331,332.452,307.81,10,0.121,4.484,0.01,2048.049,11.113,1
95.892707,28.785391,1505.362,15.842,238.44,605.358,30,0.131,4.675,0.45,1576.882,433.778,1
95.777764,28.257258,654.387,31.475,143.937,118.721,60,0.118,22.24,0.45,2104.667,2498.181,1
95.729657,27.047848,1065.109,28.418,345.605,179.177,10,0.12,16.763,0.001,1572.741,3.164,1
96.158495,27.309012,275.984,28.517,177.345,118.721,10,0.125,18.404,0.001,1344.962,3.084,1
95.277964,28.148417,186.922,26.443,210.139,115.376,10,0.0,22.81,0.001,2207.552,3.495,1
94.134333,27.813833,1389.747,30.436,168.757,727.55,10,0.123,13.779,0.001,1995.911,3.395,1
95.565698,28.262338,474.057,18.771,226.378,297.46,10,0.122,5.789,0.001,2176.622,1.535,1
95.148333,28.56525,1094.715,32.296,45.186,420.672,50,0.118,24.373,0.01,2315.375,66.434,1
95.856331,28.638336,913.328,50.48,279.672,195.879,10,0.124,46.593,0.001,1949.855,11.294,1
95.967453,28.309676,800.758,36.251,316.614,79.147,80,0.12,16.848,0.0,2615.596,0.0,1
95.869239,28.77363,1296.197,40.524,270.313,447.723,30,0.127,22.397,0.01,1632.003,46.442,1
93.807167,27.236306,324.446,33.178,354.12,139.913,10,0.125,17.916,0.001,1619.759,3.625,1
95.559542,28.267216,425.466,37.951,206.091,197.868,60,0.122,27.514,0.45,2217.866,3355.488,1
93.640417,27.102944,375.707,23.45,4.271,407.434,50,0.126,14.525,0.01,1349.753,24.68,1
95.570962,28.263228,524.517,39.426,271.914,79.147,10,0.121,21.742,0.001,2161.432,5.699,1
95.225917,28.1915,315.574,39.03,333.065,100.893,10,0.117,35.789,0.001,2062.349,8.675,1
96.41975,27.460731,605.295,10.497,298.846,197.868,10,0.118,7.137,0.001,1508.136,1.275,1
95.77618,28.291703,1089.495,38.156,117.766,292.148,30,0.119,13.517,0.05,2127.697,170.277,1
95.857251,28.625048,806.569,33.368,264.866,62.571,30,0.12,23.796,0.05,1989.457,284.586,1
93.580417,27.223667,759.069,40.464,223.643,179.177,60,0.128,31.383,0.45,1472.134,2657.3,1
94.820098,28.787937,585.961,32.205,263.882,79.147,10,0.12,28.019,0.001,2795.56,9.381,1
95.592084,27.046252,783.565,21.966,326.72,225.604,10,0.122,10.925,0.001,1446.268,1.927,1
95.779855,28.229809,897.089,32.76,68.281,392.756,10,0.122,11.378,0.001,2089.36,2.883,1
94.668074,28.443033,474.942,30.384,108.48,111.931,10,0.12,10.421,0.001,2825.49,3.548,1
93.917028,27.830944,582.07,32.874,149.288,79.147,10,0.128,24.878,0.001,1329.138,4.243,1
95.839317,28.479902,837.979,38.602,238.911,593.603,10,0.122,18.065,0.001,2112.464,4.645,1
92.975139,27.563167,536.977,40.855,185.558,55.965,30,0.133,37.604,0.05,3052.502,761.47,1
93.635667,27.214778,517.287,30.507,180.044,176.978,10,0.127,24.056,0.001,1527.453,4.675,1
94.716167,27.757417,395.398,27.299,304.044,88.489,10,0.124,14.24,0.001,1971.8,3.464,1
92.141056,27.403722,1976.518,34.46,172.657,62.571,50,0.13,26.26,0.01,1144.336,39.062,1
95.919362,28.813805,1588.546,35.308,107.555,55.965,10,0.13,31.135,0.001,1494.716,6.05,1
95.277177,28.149568,215.211,24.732,196.346,223.862,10,0.142,21.032,0.01,2205.273,49.759,1
93.436761,27.756778,1040.97,22.566,230.698,223.862,10,0.128,11.294,0.001,2316.055,3.347,1
95.836605,28.173434,458.594,24.612,290.375,237.441,10,0.119,8.095,0.05,2184.27,104.816,1
96.412177,27.460656,638.758,27.811,57.95,167.896,10,0.118,23.568,0.001,1506.125,4.175,1
95.241361,28.399111,624.222,26.267,287.684,285.369,50,0.121,22.626,0.01,2156.748,59.111,1
93.043611,27.327333,815.38,17.313,311.83,673.912,10,0.131,5.23,0.05,1925.128,66.203,1
95.470102,28.181365,371.515,33.662,67.293,55.965,10,0.122,18.217,0.001,2189.008,4.872,1
93.805167,27.339833,771.081,22.315,44.238,391.758,10,0.125,7.178,0.001,1527.185,1.369,1
92.960778,27.555389,793.685,36.3,327.269,100.893,10,0.13,12.788,0.001,3123.251,5.208,1
92.988139,27.538778,710.948,40.792,141.375,100.893,10,0.133,19.179,0.05,2966.767,378.527,1
96.440489,28.022471,620.623,58.496,106.506,312.856,10,0.122,27.111,0.001,2393.018,7.947,1
95.043528,28.622722,559.029,36.791,216.979,88.489,30,0.118,22.602,0.05,2318.849,311.723,1
93.605639,27.078472,241.222,16.989,181.72,230.751,10,0.125,6.738,0.001,1351.297,1.149,1
94.675637,28.310626,338.485,22.29,66.815,139.913,10,0.117,7.169,0.001,2437.963,2.035,1
95.576152,28.256126,469.041,9.801,177.844,302.679,10,0.12,2.53,0.001,2114.216,0.645,1
95.754775,27.163084,539.764,29.626,69.302,39.574,10,0.122,15.698,0.001,1481.966,2.86,1
95.202944,28.4915,955.295,32.101,274.877,376.469,30,0.12,28.703,0.001,2235.315,7.707,1
93.780983,27.193425,217.135,48.591,20.684,55.965,10,0.125,26.99,0.001,1632.615,5.502,1
94.736111,27.909278,539.495,30.392,57.748,223.862,50,0.123,13.755,0.001,2021.485,3.423,1
94.985298,28.706748,560.437,35.368,197.769,100.893,10,0.119,19.272,0.001,2179.638,4.974,1
95.639328,27.083054,1034.475,33.434,270.409,380.606,10,0.121,15.369,0.001,1478.62,2.762,1
94.712278,27.762,475.364,20.212,285.339,316.588,10,0.123,9.853,0.001,1981.728,2.405,1
93.025306,27.428833,887.384,26.551,248.4,538.258,10,0.131,19.329,0.001,2531.378,6.372,1
92.391778,27.291528,1805.014,23.54,52.064,0.0,30,0.13,19.8,0.05,2045.296,262.347,1
93.66925,27.088278,174.79,22.988,71.76,213.11,50,0.126,9.825,0.01,1356.144,16.847,1
94.737472,27.913333,478.312,32.972,217.224,62.571,30,0.123,29.605,0.05,2020.046,368.243,1
93.802833,27.300833,668.595,26.342,88.47,62.571,50,0.124,13.641,0.01,1587.852,26.757,1
95.866387,28.241041,1865.887,28.217,291.465,625.712,10,0.122,9.547,0.001,2381.43,2.784,1
95.894049,28.243461,2323.117,53.045,305.426,139.913,10,0.127,24.921,0.001,2460.196,7.835,1
91.876806,27.590639,2883.695,9.327,185.217,400.651,60,0.127,6.13,0.45,1060.372,371.001,1
95.865922,28.846067,1400.113,31.636,185.559,257.988,10,0.131,20.799,0.05,1542.464,210.707,1
93.608278,27.763444,1001.231,38.154,39.406,397.709,10,0.127,34.909,0.001,2038.136,9.001,1
95.992838,27.300945,356.937,21.812,223.563,498.218,10,0.123,13.286,0.001,1344.65,2.192,1
93.050917,27.320083,734.984,31.392,55.631,150.691,30,0.131,14.287,0.05,1887.895,176.397,1
96.40267,27.95603,629.686,39.565,154.767,179.177,10,0.123,36.324,0.001,2317.641,10.331,1
95.271179,28.025611,229.856,22.459,189.26,167.896,10,0.122,11.229,0.001,1859.633,2.55,1
95.847156,28.87826,1418.488,35.784,246.986,237.441,30,0.129,23.955,0.05,1531.295,237.125,1
93.634019,27.103111,422.695,17.734,289.271,475.706,50,0.0,5.39,0.01,1351.099,0.0,1
95.563438,28.265563,448.564,28.102,188.408,277.015,10,0.123,24.538,0.001,2196.714,6.609,1
95.966611,28.313528,806.04,30.369,178.054,83.948,10,0.123,26.162,0.001,2612.295,8.39,1
95.582613,28.255261,423.992,17.392,128.103,167.896,10,0.122,12.084,0.001,2088.979,3.083,1
95.279987,28.14787,223.039,37.874,213.493,197.868,10,0.132,34.626,0.001,2213.393,9.957,1
95.289198,28.141514,185.798,24.225,225.107,27.983,10,0.385,19.121,0.01,2229.111,145.518,1
95.952909,28.309975,1426.816,40.227,195.512,634.411,60,0.122,14.319,0.001,2655.873,4.663,1
95.735218,27.178695,868.504,46.726,353.969,213.11,10,0.121,29.135,0.001,1486.422,5.265,1
95.669825,27.116625,796.552,17.664,76.337,163.166,30,0.12,8.323,0.01,1498.946,15.072,1
94.700306,27.938056,895.585,35.096,202.914,118.721,60,0.126,29.646,0.45,1961.093,3297.784,1
96.34811,27.90475,897.87,26.177,167.829,420.672,10,0.125,11.511,0.001,2197.109,3.169,1
91.881194,27.589889,2761.8,21.705,55.684,397.709,10,0.127,15.108,0.05,1056.028,101.695,1
94.674582,28.427393,579.577,25.15,9.73,588.302,10,0.122,19.094,0.001,2766.771,6.418,1
95.80348,28.209018,944.934,25.564,143.949,195.879,10,0.118,11.186,0.01,2149.848,28.537,1
95.35234,26.87859,669.666,29.674,110.534,500.57,30,0.123,22.073,0.001,1342.913,3.638,1
93.705333,27.128972,144.946,9.504,151.85,39.574,60,0.126,4.234,0.05,1465.992,38.951,1
91.993444,27.576806,2635.095,21.888,17.566,312.856,50,0.127,18.103,0.01,974.609,22.489,1
95.459813,28.163322,409.632,25.395,149.881,413.159,10,0.122,13.05,0.001,2152.345,3.432,1
93.026361,27.357083,812.353,33.613,120.068,594.92,10,0.13,20.405,0.001,2091.075,5.614,1
94.715444,27.754806,379.154,23.432,296.133,158.294,10,0.123,7.623,0.01,1968.962,18.393,1
94.783139,27.847111,538.06,36.739,328.099,413.159,10,0.124,24.673,0.001,2037.228,6.245,1
91.861444,27.589417,2879.378,22.628,106.002,83.948,30,0.125,17.586,0.05,1077.183,118.303,1
95.965859,27.275542,444.674,21.411,163.75,489.497,10,0.121,6.821,0.05,1381.379,57.568,1
95.791016,28.297476,635.655,29.763,342.251,218.552,10,0.114,26.269,0.001,2181.027,6.539,1
95.789599,28.217204,957.222,25.973,257.703,428.053,10,0.117,11.403,0.001,2111.251,2.827,1
96.472541,28.080151,792.45,29.64,168.027,163.166,10,0.124,17.622,0.001,2279.713,4.98,1
95.807085,28.194651,796.352,34.076,27.554,576.199,10,0.119,15.708,0.001,2149.552,4.001,1
96.444466,27.449807,583.294,34.122,28.376,39.574,10,0.118,27.391,0.001,1506.781,4.827,1
95.721024,27.0611,994.832,38.753,302.225,495.064,10,0.123,28.154,0.001,1547.902,5.371,1
95.855998,28.621593,780.279,40.648,251.075,139.913,60,0.121,19.107,0.05,1999.914,230.444,1
95.757717,27.161858,518.591,19.416,237.598,115.376,10,0.122,7.969,0.001,1481.021,1.44,1
94.848477,28.793279,1082.849,42.183,78.365,118.721,10,0.121,15.063,0.001,2622.51,4.787,1
93.504417,27.83275,836.006,41.718,20.908,167.896,10,0.129,14.888,0.001,2193.008,4.228,1
96.57889,28.26522,1444.186,41.01,15.708,115.376,10,0.13,14.619,0.001,1738.913,3.311,1
95.745585,27.125767,384.181,18.193,265.867,27.983,10,0.118,13.982,0.001,1498.45,2.469,1
92.979028,27.549389,633.249,41.597,242.521,203.717,10,0.133,30.391,0.001,3013.016,12.198,1
93.7895,27.260444,378.185,24.061,80.098,201.786,50,0.123,7.875,0.45,1632.321,713.333,1
95.535611,28.237716,578.499,22.927,147.527,139.913,10,0.122,9.793,0.001,2183.692,2.617,1
95.973238,28.308841,892.457,34.297,335.229,115.376,10,0.121,20.88,0.001,2600.418,6.529,1
95.614212,27.061845,728.713,31.76,228.016,253.394,10,0.119,17.033,0.01,1459.628,29.425,1
95.570892,28.265803,510.874,27.834,181.293,39.574,10,0.122,23.592,0.001,2171.437,6.22,1
93.018528,27.34675,785.606,18.389,135.205,423.455,10,0.131,12.287,0.001,2018.856,3.241,1
95.793704,28.215206,972.694,28.71,251.177,695.076,30,0.118,9.746,0.05,2122.527,122.437,1
95.672546,27.122872,760.099,24.301,195.941,27.983,10,0.118,20.586,0.001,1499.574,3.664,1
95.227917,28.1945,310.255,30.532,292.661,163.166,10,0.119,19.952,0.001,2069.196,4.872,1
96.61719,28.31211,1561.758,47.809,202.193,150.691,10,0.133,44.213,0.001,1565.422,9.241,1
95.56864,27.035069,700.032,27.073,128.884,437.998,30,0.119,11.988,0.05,1435.141,102.326,1
95.266592,28.14005,517.443,39.957,118.754,419.74,10,0.123,22.059,0.001,2170.909,5.889,1
92.635667,27.018583,234.974,14.336,72.771,118.721,10,0.128,4.118,0.001,1693.007,0.893,1
94.958147,27.790489,164.968,28.546,114.5,39.574,60,0.118,12.772,0.45,1830.429,1246.578,1
95.576996,28.255059,457.858,7.357,193.615,257.988,10,0.12,1.747,0.001,2107.182,0.446,1
94.715056,27.804361,975.749,35.169,27.458,525.747,10,0.123,16.282,0.001,2038.149,4.074,1
96.53858,28.15292,853.611,43.643,185.692,88.489,10,0.123,33.996,0.001,1982.925,8.263,1
92.610556,27.035278,150.0,2.348,48.56,27.983,80,0.129,0.756,0.0,1687.176,0.0,1
94.7175,27.752611,381.38,38.459,147.545,253.394,10,0.122,17.991,0.001,1964.175,4.337,1
95.273686,28.145847,314.419,47.814,32.835,297.46,10,0.122,29.808,0.001,2193.936,7.984,1
93.797833,27.2745,442.803,23.912,21.286,195.879,10,0.124,10.312,0.001,1611.24,2.064,1
94.973784,28.693837,451.166,32.374,34.827,55.965,10,0.117,17.416,0.001,2202.291,4.489,1
95.21425,28.266889,547.12,21.049,180.049,39.574,50,0.122,17.248,0.01,2047.824,43.225,1
93.597306,27.794583,1056.231,42.757,54.366,481.432,10,0.128,39.464,0.001,2132.448,10.763,1
96.53644,28.22381,1446.902,45.76,37.527,237.441,10,0.123,25.429,0.001,1924.413,6.042,1
95.105528,28.605528,1284.138,33.325,207.832,400.651,10,0.12,18.007,0.001,2298.409,4.979,1
92.6356,27.018342,230.66,20.88,121.093,139.913,30,0.128,6.612,0.05,1693.169,71.621,1
95.431764,28.167982,466.154,22.654,290.348,39.574,10,0.123,13.922,0.001,2230.548,3.83,1
93.840778,27.62225,1636.79,29.885,59.852,83.948,30,0.123,20.928,0.05,1972.853,253.735,1
92.603333,27.036111,220.321,11.323,114.293,237.441,10,0.131,7.867,0.001,1687.945,1.749,1
95.856878,28.609263,697.428,60.786,145.821,100.893,10,0.121,46.131,0.001,2035.78,11.396,1
93.972556,27.827472,709.124,20.541,25.408,0.0,10,0.129,16.732,0.05,1332.773,143.65,1
95.450433,28.16317,440.815,19.275,168.626,142.684,10,0.124,7.896,0.001,2184.697,2.134,1
92.373722,27.325278,1624.03,21.569,107.391,356.162,50,0.129,6.883,0.01,1965.807,17.526,1
95.716883,27.057191,1015.065,25.26,224.505,701.802,30,0.121,14.547,0.05,1551.133,136.866,1
93.064361,27.240444,825.358,17.201,34.362,223.862,30,0.126,5.187,0.05,1761.737,57.593,1
94.664795,28.443016,467.408,33.993,194.367,62.571,10,0.122,30.66,0.001,2832.636,10.529,1
96.39697,27.95672,890.413,15.886,89.535,419.74,10,0.123,10.777,0.001,2303.568,3.061,1
95.542612,26.897502,1420.503,22.046,153.112,79.147,10,0.124,7.072,0.001,1566.872,1.371,1
94.693861,27.664972,203.764,27.811,189.815,275.598,10,0.12,14.561,0.001,1857.94,3.252,1
93.406306,27.897722,880.918,27.345,160.619,312.856,10,0.129,9.195,0.001,2142.412,2.551,1
94.984752,28.260051,302.463,22.798,124.061,55.965,10,0.124,7.371,0.001,1997.437,1.83,1
92.117417,27.441361,2538.479,29.501,296.105,520.508,50,0.132,15.62,0.01,1106.326,22.62,1
95.804085,28.192581,723.741,20.557,336.042,543.326,10,0.119,6.485,0.001,2137.59,1.646,1
95.89086,28.774623,1299.551,40.29,32.15,285.369,30,0.13,18.925,0.05,1593.64,195.641,1
96.464869,28.082576,862.347,35.416,180.834,263.988,10,0.122,32.124,0.001,2303.751,9.061,1
95.178028,28.516083,807.294,33.618,224.257,265.467,30,0.118,15.466,0.05,2255.607,206.44,1
94.895611,28.226722,300.237,29.911,1.992,403.572,10,0.125,13.499,0.001,1960.582,3.294,1
94.959687,28.723166,349.946,46.634,230.383,158.294,10,0.125,29.078,0.001,2147.679,7.76,1
93.813389,27.327583,909.945,38.278,358.608,79.147,10,0.129,25.821,0.001,1533.245,5.132,1
94.674225,28.430622,547.147,36.419,100.63,565.915,10,0.122,12.835,0.001,2776.6,4.359,1
93.73164,27.1275,140.818,6.45,298.925,55.965,50,0.126,3.806,0.01,1483.648,7.119,1
96.35869,27.90417,911.243,41.585,217.789,451.207,10,0.123,30.381,0.001,2223.748,8.35,1
95.566909,28.261379,475.039,13.084,254.651,139.913,10,0.122,3.665,0.001,2168.578,0.968,1
95.754702,28.309002,927.667,34.444,336.727,407.434,60,0.118,20.982,0.45,2049.736,2284.586,1
94.788,28.133778,379.39,11.9,17.524,356.162,10,0.123,5.038,0.001,1915.332,1.184,1
96.38161,27.94083,1534.484,32.464,339.874,574.157,10,0.12,11.259,0.001,2270.058,3.083,1
95.92282,28.296668,2128.574,42.532,247.593,428.053,10,0.131,26.456,0.001,2611.119,9.07,1
96.39158,27.94903,966.507,39.548,359.675,201.786,10,0.122,21.815,0.001,2292.664,6.1,1
95.568965,28.259561,456.421,20.793,241.287,125.142,10,0.122,6.577,0.001,2154.5,1.734,1
92.24325,27.358194,1574.835,33.503,71.105,62.571,30,0.127,22.225,0.05,1383.878,195.029,1
94.6774,28.42636,571.647,22.893,322.637,302.679,10,0.121,7.408,0.001,2757.45,2.471,1
94.293672,27.965819,244.304,31.84,247.223,346.127,10,0.123,11.008,0.001,1736.495,2.34,1
95.9225,28.827069,1647.259,23.447,150.141,125.142,30,0.13,18.373,0.001,1471.299,3.512,1
95.477068,28.179262,353.759,16.976,176.679,353.956,10,0.122,13.176,0.001,2155.738,3.459,1
95.72822,27.043883,1041.261,35.655,289.547,495.855,10,0.118,32.369,0.001,1578.314,6.03,1
96.447245,28.106321,1421.047,32.729,258.665,319.052,10,0.122,11.365,0.001,2343.33,3.246,1
95.791084,28.21909,1006.885,40.493,244.137,570.737,10,0.118,33.131,0.05,2117.419,414.4,1
94.66913,28.440082,468.936,27.6,54.557,167.896,10,0.121,14.429,0.001,2815.124,4.937,1
96.010349,27.299135,293.643,22.337,89.878,100.893,30,0.121,7.187,0.45,1346.919,528.668,1
91.875556,27.512278,3102.372,28.541,303.823,312.856,10,0.127,22.233,0.001,1184.382,3.34,1
95.458,28.163691,427.095,16.989,255.083,400.651,10,0.123,6.738,0.001,2161.421,1.788,1
95.802589,28.212275,964.19,28.235,204.819,419.74,10,0.12,24.677,0.001,2148.953,6.368,1
95.173556,28.527722,802.512,28.41,115.94,139.913,10,0.118,9.625,0.001,2268.7,2.577,1
94.712333,27.759556,458.357,26.978,301.111,225.604,10,0.124,22.725,0.001,1978.199,5.587,1
93.61371,27.10215,366.709,27.233,347.149,478.168,10,0.126,12.073,0.001,1354.91,2.134,1
95.27472,28.14116,418.403,6.685,65.562,600.814,10,0.12,1.544,0.001,2196.064,0.406,1
96.440908,27.455222,597.349,30.301,77.936,195.879,10,0.118,19.775,0.001,1509.568,3.528,1
95.360399,26.904445,437.745,29.025,85.598,672.75,30,0.123,25.5,0.001,1326.022,4.154,1
93.995583,27.760917,412.716,37.281,39.388,197.868,10,0.129,20.444,0.001,1328.858,3.493,1
95.143556,28.568694,1113.889,24.273,42.412,27.983,10,0.119,15.152,0.001,2314.561,4.182,1
95.560934,28.265965,423.988,37.843,234.039,118.721,60,0.122,20.786,0.45,2207.811,2521.436,1
95.240111,28.386806,646.301,17.854,23.585,27.983,50,0.119,10.349,0.01,2141.243,26.306,1
94.747,27.825694,733.822,29.273,130.441,522.76,30,0.124,18.985,0.05,2039.299,239.018,1
93.012194,27.347917,857.493,18.262,159.497,341.572,10,0.131,5.593,0.001,2019.807,1.476,1
92.556278,27.1055,850.736,34.138,352.617,115.376,10,0.126,30.811,0.001,1814.952,7.048,1
94.6778,28.429931,559.142,18.356,39.476,225.604,10,0.122,5.629,0.001,2767.392,1.896,1
94.309444,28.527944,1422.68,45.659,273.325,83.948,60,0.127,42.228,0.45,1974.271,4768.045,1
95.634872,27.095969,1100.275,33.908,97.796,653.263,10,0.121,15.619,0.001,1469.694,2.77,1
93.972167,27.827806,706.393,27.641,35.266,27.983,10,0.129,21.399,0.001,1332.028,3.672,1
91.873194,27.589,2816.984,6.141,180.551,0.0,30,0.127,3.572,0.05,1065.187,24.203,1
96.40433,27.98333,384.0,0.968,301.544,39.574,80,0.122,0.324,0.0,2314.451,0.0,1
95.145444,28.135056,272.033,18.712,280.705,163.166,10,0.115,13.247,0.001,2004.302,3.08,1
96.35917,27.90467,972.151,41.806,215.688,452.074,10,0.124,25.979,0.001,2224.335,7.141,1
93.695278,27.218611,495.952,34.717,156.711,139.913,50,0.124,18.87,0.05,1609.814,188.631,1
95.779346,28.321143,778.432,37.49,231.941,520.508,30,0.116,23.08,0.05,2106.922,282.603,1
95.486818,26.994618,738.468,28.197,58.235,55.965,10,0.122,21.914,0.001,1398.221,3.725,1
93.050139,27.293806,1216.945,32.125,245.17,277.015,30,0.127,22.775,0.05,1767.753,255.416,1
93.750417,27.240556,372.028,30.745,182.354,139.913,50,0.126,21.638,0.001,1688.993,4.606,1
94.828417,28.202667,268.578,46.532,242.638,139.913,10,0.123,25.86,0.001,1957.016,6.245,1
95.641075,27.099707,1077.709,34.832,136.67,504.465,10,0.121,18.941,0.05,1474.862,167.624,1
96.49256,28.06131,490.0,0.902,169.894,27.983,80,0.122,0.296,0.0,2233.999,0.0,1
95.853489,28.457775,846.336,32.874,240.898,203.717,10,0.123,15.073,0.001,2085.01,3.862,1
94.735333,27.797389,820.09,26.496,245.014,0.0,10,0.122,22.865,0.001,2012.479,5.629,1
94.889167,28.225583,313.336,37.362,352.25,83.948,10,0.125,22.993,0.001,1954.463,5.615,1
96.57031,28.27378,1655.72,48.24,239.64,598.856,10,0.133,32.875,0.001,1761.109,7.637,1
95.732008,27.187767,752.791,26.774,66.303,437.104,50,0.118,13.911,0.01,1485.069,24.366,1
96.037707,27.268973,277.743,23.24,82.014,139.913,10,0.122,17.338,0.001,1390.104,2.942,1
93.007583,27.423722,451.667,29.769,112.381,111.931,30,0.132,19.366,0.05,2480.898,316.497,1
96.36336,27.89311,875.503,48.681,231.834,551.905,10,0.123,30.335,0.001,2237.998,8.375,1
95.904106,28.783517,1284.874,43.374,133.793,62.571,30,0.131,24.069,0.05,1559.539,244.894,1
96.453058,28.094359,1118.247,14.605,290.432,27.983,10,0.122,10.89,0.05,2333.499,154.822,1
95.023806,28.633861,382.285,37.667,271.102,111.931,10,0.125,25.367,0.001,2315.574,7.335,1
95.749935,27.175606,880.844,30.983,23.928,376.469,10,0.122,14.07,0.001,1480.35,2.541,1
92.2415,27.367611,1628.96,30.06,250.962,139.913,10,0.129,10.291,0.05,1365.329,90.716,1
96.40097,27.96325,516.861,30.622,15.622,455.525,10,0.123,18.312,0.001,2311.846,5.194,1
96.41133,27.98747,390.441,26.033,152.991,39.574,80,0.122,22.383,0.0,2330.962,0.0,1
96.34269,27.91164,1261.555,41.676,249.387,593.603,10,0.124,14.872,0.001,2182.349,4.018,1
92.946306,27.542389,1273.296,32.298,154.979,616.255,10,0.127,28.907,0.001,3149.0,11.585,1
92.555222,27.105083,862.817,38.122,340.576,111.931,50,0.126,17.818,0.001,1814.54,4.067,1
93.541667,27.801194,920.615,31.606,91.849,780.511,60,0.128,28.188,0.45,2209.177,3596.617,1
94.86976,28.744078,489.171,33.591,300.017,115.376,30,0.118,18.172,0.001,2371.517,5.082,1
95.56964,28.265266,557.656,33.713,137.268,118.721,10,0.122,22.385,0.001,2174.489,5.907,1
95.545421,26.919823,1697.212,30.273,49.355,363.775,10,0.125,13.692,0.001,1544.032,2.635,1
93.484722,27.854583,843.06,21.431,132.38,27.983,60,0.128,17.637,0.45,2175.098,2210.301,1
93.757222,27.242917,332.336,34.375,139.205,79.147,50,0.127,24.62,0.05,1691.373,262.489,1
92.404389,27.266667,2620.627,31.584,90.519,218.552,10,0.126,18.987,0.001,2039.839,4.863,1
95.807742,28.207796,912.469,34.047,196.882,225.604,10,0.119,15.692,0.001,2162.705,4.022,1
93.780944,27.194111,199.283,27.486,172.525,27.983,10,0.125,16.109,0.001,1633.892,3.274,1
95.037917,28.632361,481.417,19.511,263.007,265.467,50,0.117,15.693,0.001,2311.951,4.272,1
95.975506,27.273999,388.767,11.007,357.389,713.421,10,0.123,5.591,0.001,1383.242,0.949,1
94.783917,27.858972,400.169,29.461,137.119,62.571,50,0.122,15.594,0.05,2051.783,196.251,1
95.689613,27.131129,653.434,26.211,192.957,250.285,10,0.122,13.56,0.01,1514.292,25.075,1
94.668744,28.436019,502.71,36.412,109.845,62.571,10,0.122,12.832,0.001,2804.477,4.397,1
96.453246,28.095602,1179.939,39.191,205.83,111.931,30,0.122,18.366,0.001,2332.244,5.217,1
92.76025,27.103639,377.19,34.424,62.063,538.258,10,0.129,12.043,0.001,1905.068,2.946,1
94.220861,28.242389,815.939,27.117,195.544,376.469,10,0.121,23.511,0.001,1725.063,4.922,1
91.871444,27.586694,2815.303,6.191,125.446,167.896,30,0.129,1.398,0.05,1068.358,9.58,1
94.819425,28.787486,567.698,14.979,329.882,0.0,10,0.12,11.246,0.001,2798.156,3.766,1
94.104806,27.821861,1051.937,26.234,49.612,307.81,50,0.125,22.592,0.001,1886.071,5.344,1
95.859914,28.615893,763.451,34.694,273.364,176.978,30,0.121,30.521,0.05,2016.362,370.806,1
93.63,27.668611,1097.636,32.846,147.953,150.691,30,0.127,17.709,0.05,1763.673,197.845,1
94.904278,28.228528,306.479,19.869,354.433,319.052,10,0.123,8.202,0.001,1969.215,1.983,1
95.371448,26.925697,389.994,32.163,275.838,376.469,10,0.123,11.138,0.001,1318.892,1.805,1
95.893348,28.238615,2320.193,38.634,181.027,364.85,10,0.13,18.081,0.001,2443.166,5.717,1
95.77363,28.245016,816.71,31.323,123.225,139.913,10,0.121,10.8,0.001,2081.012,2.726,1
94.954808,28.237361,315.908,34.051,18.57,237.441,10,0.124,15.695,0.001,2010.842,3.889,1
94.7135,27.773972,614.06,34.572,329.494,158.294,10,0.124,27.803,0.001,1997.391,6.885,1
94.225111,28.22675,799.337,20.785,6.979,100.893,10,0.12,12.515,0.001,1731.366,2.609,1
95.309533,26.799929,1121.972,20.036,60.537,708.465,10,0.126,12.861,0.001,1365.74,2.218,1
93.799111,27.228167,334.153,30.772,183.146,364.85,50,0.125,18.417,0.01,1636.467,37.588,1
95.446755,28.160664,476.906,24.627,135.873,368.055,10,0.125,10.689,0.001,2187.83,2.927,1
96.459672,28.084252,902.831,46.492,211.915,158.294,10,0.122,28.99,0.001,2320.928,8.227,1
91.886944,27.587417,2595.056,3.706,130.045,213.11,30,0.127,0.718,0.05,1051.552,4.804,1
93.615842,27.207659,573.274,29.467,171.604,275.598,10,0.125,23.092,0.05,1490.205,216.983,1
95.772144,28.242997,800.371,28.112,347.577,288.099,10,0.121,18.093,0.001,2074.626,4.56,1
94.78875,27.858889,425.387,20.269,331.567,297.46,10,0.121,11.094,0.001,2047.87,2.754,1
95.852703,28.625114,897.155,55.192,65.96,179.177,10,0.121,50.53,0.001,1989.444,12.174,1
96.35964,27.90664,1049.555,33.284,297.603,413.159,10,0.124,29.928,0.001,2225.289,8.257,1
94.726972,27.912806,675.51,43.464,248.509,319.052,60,0.122,27.063,0.001,2008.666,6.633,1
93.133472,27.208083,1136.925,14.256,57.571,195.879,60,0.13,8.904,0.45,1820.4,948.378,1
95.93119,28.824703,1512.387,36.79,58.022,27.983,10,0.131,17.129,0.001,1459.885,3.271,1
96.58094,28.28331,1712.014,35.234,293.561,0.0,10,0.131,31.938,0.001,1715.184,7.183,1
95.914094,28.244975,2631.767,45.304,6.891,514.456,30,0.124,30.879,0.05,2481.812,473.38,1
95.549321,28.265532,489.343,42.489,8.693,79.147,60,0.12,33.058,0.05,2247.246,446.288,1
93.074944,27.216778,1084.682,27.994,172.753,203.717,10,0.129,24.425,0.001,1763.532,5.541,1
95.551911,28.262879,476.795,35.963,76.105,139.913,30,0.122,19.638,0.45,2227.145,2374.443,1
96.040751,27.268684,273.492,11.867,315.629,83.948,10,0.121,3.235,0.001,1390.484,0.543,1
95.975665,28.312731,914.823,25.735,351.868,239.084,10,0.12,14.88,0.001,2588.138,4.633,1
95.857242,28.472966,836.523,43.936,170.503,115.376,10,0.122,36.112,0.001,2102.511,9.296,1
95.892681,28.238692,2336.215,28.151,198.82,419.74,10,0.13,9.52,0.001,2443.503,3.012,1
95.208417,28.272,613.897,29.876,179.8,79.147,10,0.121,23.471,0.001,2031.303,5.742,1
95.370996,26.936043,418.196,25.986,311.575,376.469,10,0.121,18.833,0.001,1306.513,2.996,1
92.266389,27.345556,1578.75,27.346,35.032,139.913,30,0.129,23.75,0.01,1494.627,45.71,1
95.948576,28.359553,710.39,51.211,264.789,237.441,10,0.125,47.227,0.05,2570.641,758.432,1
92.110278,27.460278,3245.74,24.22,224.413,822.996,10,0.128,10.474,0.001,1086.6,1.469,1
93.539667,27.788639,948.118,29.503,347.894,350.622,30,0.128,15.621,0.001,2178.91,4.338,1
91.867667,27.590556,2844.914,15.004,176.808,0.0,10,0.128,11.269,0.001,1069.973,1.53,1
95.001999,28.694531,550.515,33.103,68.322,158.294,10,0.122,11.515,0.001,2203.788,3.103,1
95.813193,28.205003,885.624,38.344,306.538,62.571,10,0.118,31.222,0.001,2177.977,8.009,1
95.794022,28.218539,1101.192,45.86,216.384,469.075,10,0.121,28.593,0.001,2126.28,7.359,1
93.452917,27.874667,786.684,30.147,110.442,100.893,10,0.129,24.867,0.001,2172.912,6.985,1
93.595528,27.773847,721.686,10.535,41.347,0.0,10,0.127,7.171,0.001,2079.57,1.896,1
92.737722,27.248722,1419.601,29.503,250.478,179.177,10,0.129,10.066,0.001,2494.687,3.258,1
95.551658,28.255355,503.045,32.124,92.298,336.956,10,0.122,28.726,0.45,2197.13,3475.185,1
95.82044,28.940482,1433.623,31.748,276.047,83.948,30,0.132,17.025,0.05,1495.828,167.507,1
95.85009,28.438898,751.224,26.757,213.169,476.528,30,0.125,13.901,0.001,2110.542,3.663,1
95.654176,27.105748,1017.109,35.973,183.553,427.137,10,0.125,24.097,0.001,1486.249,4.447,1
95.746685,27.163388,719.438,20.105,59.248,79.147,10,0.121,10.982,0.001,1485.824,1.983,1
95.90606,28.27138,2423.399,35.102,146.493,376.469,10,0.128,28.288,0.001,2535.271,9.082,1
96.465189,28.082618,860.359,32.122,175.838,275.598,10,0.122,28.724,0.001,2302.768,8.1,1
94.593471,28.026733,673.93,16.343,316.014,118.721,10,0.119,6.416,0.001,2059.415,1.579,1
96.40189,27.96756,403.314,22.287,5.015,111.931,10,0.121,12.479,0.001,2312.999,3.502,1
93.74347222,27.13469444,128.617,1.121,331.661,79.147,40,0.126,0.265,0.15,1504.699,7.023,1
94.739528,27.910417,490.41,40.054,247.352,111.931,30,0.122,14.252,0.05,2024.707,176.402,1
95.230667,28.378694,704.135,40.213,265.034,251.844,10,0.119,27.248,0.05,2123.432,343.905,1
92.930667,27.535806,902.003,39.748,243.852,448.597,10,0.133,18.65,0.001,3104.955,7.651,1
94.768972,27.834083,545.848,23.717,44.29,448.597,10,0.122,12.007,0.001,2032.121,2.984,1
95.001887,28.694778,537.649,34.706,55.565,139.913,10,0.122,16.039,0.001,2203.33,4.319,1
95.269084,28.109161,399.806,18.631,75.911,309.079,10,0.124,11.743,0.001,2114.281,3.076,1
95.742566,27.1448,568.055,32.573,97.049,380.606,10,0.12,27.219,0.001,1493.863,4.87,1
95.829105,28.223825,1412.008,30.165,6.611,780.511,10,0.122,13.635,0.001,2245.389,3.709,1
91.795667,27.58925,2615.539,29.079,217.199,27.983,10,0.126,25.556,0.001,1146.03,3.672,1
95.93415,28.822525,1471.055,28.357,212.505,55.965,10,0.13,12.672,0.001,1458.131,2.397,1
93.96175,27.797806,444.464,33.034,192.506,55.965,30,0.129,29.67,0.05,1233.519,236.135,1
95.550978,28.256397,612.425,41.92,76.288,455.525,60,0.122,23.222,0.05,2205.165,311.715,1
94.771167,27.840972,421.992,14.385,72.999,27.983,10,0.123,5.457,0.001,2039.226,1.37,1
94.582184,28.024169,613.196,29.563,178.89,55.965,30,0.12,13.314,0.001,2079.786,3.325,1
94.982531,28.269497,342.686,38.95,97.179,363.775,10,0.129,21.455,0.001,1989.231,5.446,1
95.538216,28.243417,610.11,31.492,165.683,218.552,10,0.121,22.254,0.001,2197.607,5.927,1
95.564677,27.036339,701.665,17.371,275.297,376.469,10,0.118,5.252,0.001,1429.632,0.889,1
95.729849,27.089394,789.558,26.332,272.635,442.445,10,0.119,11.594,0.001,1517.947,2.112,1
92.55475,27.208222,1156.979,27.298,237.649,55.965,50,0.136,12.108,0.01,2084.481,34.2,1
91.973056,27.583611,2094.253,29.109,271.589,179.177,50,0.127,17.249,0.01,970.13,21.145,1
95.841356,28.476722,857.923,36.801,173.137,691.122,30,0.122,17.134,0.001,2107.938,4.424,1
95.581558,28.254509,418.55,24.43,151.111,251.844,10,0.122,12.449,0.001,2089.01,3.169,1
94.68625,27.957306,662.925,24.938,275.005,239.084,10,0.119,10.854,0.001,1940.544,2.503,1
92.966583,27.568778,577.951,30.403,265.055,83.948,10,0.131,19.853,0.001,3110.39,8.07,1
95.644694,27.102163,1093.35,41.454,145.313,415.993,30,0.12,22.948,0.05,1477.827,202.544,1
94.525941,27.995889,455.606,26.761,42.279,79.147,50,0.123,17.056,0.001,2153.486,4.504,1
93.011083,27.420722,476.625,25.609,271.317,251.844,10,0.131,21.943,0.05,2466.002,353.42,1
95.842761,28.488264,797.733,39.694,172.092,218.552,10,0.123,30.738,0.001,2123.616,8.034,1
93.746889,27.24125,423.093,32.407,105.33,167.896,30,0.127,19.563,0.05,1687.445,209.403,1
92.243972,27.362444,1605.573,39.707,250.015,83.948,30,0.128,14.119,0.05,1381.093,124.854,1
94.047083,27.759361,635.6,36.949,166.149,613.708,30,0.13,20.241,0.05,1546.961,202.627,1
92.543472,27.112694,1374.134,39.965,45.212,376.469,10,0.127,27.066,0.001,1834.18,6.327,1
92.529278,27.204139,1184.869,43.055,253.606,39.574,60,0.13,26.797,0.45,2051.457,3218.228,1
95.868872,28.763514,1315.92,33.718,218.225,230.751,30,0.13,15.519,0.05,1645.203,165.555,1
96.40178,27.95964,716.868,17.836,73.087,543.326,10,0.123,5.429,0.001,2314.771,1.551,1
95.634021,27.072206,944.085,25.927,285.903,427.137,10,0.122,8.623,0.001,1476.523,1.549,1
93.615694,27.095278,338.688,19.083,112.448,79.147,10,0.0,5.91,0.001,1352.997,0.299,1
95.808627,28.963981,1542.082,24.138,97.327,279.827,30,0.133,12.268,0.05,1490.444,121.313,1
95.275805,28.145629,222.934,44.309,28.348,170.212,10,0.121,34.534,0.001,2200.777,9.516,1
95.825225,28.494378,690.579,33.529,259.46,451.207,10,0.122,25.45,0.01,2132.189,66.35,1
92.241583,27.368333,1634.965,29.493,266.774,150.691,30,0.129,25.988,0.05,1364.422,228.833,1
95.562854,28.265561,446.138,26.65,188.727,237.441,10,0.122,21.469,0.001,2198.735,5.783,1
93.521,27.814806,946.404,36.102,138.886,27.983,30,0.129,12.709,0.05,2207.1,181.412,1
95.239333,28.452528,1054.213,19.175,240.997,279.827,50,0.122,15.356,0.05,2219.164,207.979,1
96.407798,27.470221,546.918,45.626,130.348,319.052,10,0.117,31.102,0.001,1511.679,5.524,1
95.774201,28.240442,839.414,36.716,40.565,373.336,10,0.121,20.099,0.001,2079.891,5.065,1
96.36614,27.87825,340.341,28.412,207.672,225.604,10,0.119,12.701,0.001,2248.247,3.396,1
93.609167,27.758806,1000.919,28.92,45.085,139.913,30,0.129,25.39,0.05,2025.16,330.621,1
92.763028,27.115694,419.663,16.123,174.656,437.998,10,0.128,6.307,0.001,1956.371,1.577,1
95.233333,28.470167,979.071,19.752,207.376,118.721,30,0.121,6.17,0.001,2235.129,1.663,1
95.049556,28.617333,590.31,19.122,207.681,218.552,10,0.118,5.925,0.001,2320.877,1.622,1
93.64975,27.10736,292.539,9.142,76.669,263.988,50,0.127,4.027,0.01,1363.452,6.964,1
95.73282,27.039914,1011.146,28.417,198.824,27.983,10,0.121,20.968,0.001,1587.455,4.02,1
95.221861,28.175556,322.496,39.582,5.824,223.862,50,0.122,24.498,0.01,2046.712,61.22,1
93.444333,27.882056,796.182,36.571,36.95,158.294,10,0.13,17.014,0.001,2167.472,4.789,1
95.1805,28.512056,820.244,27.897,242.001,375.427,50,0.117,24.324,0.001,2251.227,6.439,1
93.099056,27.296611,731.818,17.84,234.182,263.988,30,0.128,8.428,0.05,1819.337,98.144,1
93.804667,27.246111,273.409,25.933,98.398,327.529,50,0.125,8.626,0.01,1617.482,17.383,1
93.799333,27.270019,414.31,26.977,57.401,139.913,10,0.125,21.786,0.001,1611.729,4.371,1
93.891861,27.666556,1460.27,32.659,219.218,230.751,60,0.126,19.739,0.45,1848.226,2076.721,1
95.827044,28.497294,712.511,40.118,256.289,395.735,10,0.123,29.234,0.01,2136.226,76.839,1
94.842265,28.800083,1013.871,42.1,56.754,403.572,10,0.122,30.781,0.001,2679.052,10.042,1
93.637722,27.637611,1696.693,19.307,205.658,489.497,60,0.125,13.777,0.45,1673.047,1290.973,1
93.61438,27.08155,273.75,18.413,230.151,297.46,50,0.126,11.571,0.45,1350.235,887.423,1
94.8954,28.754928,619.79,27.051,272.003,187.714,10,0.123,23.443,0.001,2229.724,6.44,1
95.874296,28.775918,1301.262,21.816,18.583,100.893,10,0.127,12.154,0.001,1620.338,2.516,1
95.754546,27.172066,825.621,18.413,133.335,483.056,30,0.121,5.651,0.001,1479.336,1.014,1
93.371722,27.903417,903.936,25.21,229.897,363.775,10,0.128,14.512,0.001,2135.635,3.979,1
95.213417,28.4875,1019.709,22.969,200.135,475.706,10,0.12,7.439,0.001,2239.275,2.001,1
95.799065,28.219976,1139.457,34.665,8.485,458.95,10,0.122,23.109,0.001,2144.314,6.048,1
95.789109,28.266807,857.831,50.093,273.957,251.844,10,0.116,34.092,0.001,2150.101,8.479,1
95.811883,28.199873,855.19,40.905,208.935,111.931,10,0.118,25.382,0.001,2168.986,6.473,1
95.894965,28.789647,1593.209,20.334,177.492,667.491,30,0.131,9.927,0.05,1567.89,102.245,1
93.806083,27.238917,270.382,32.702,47.461,55.965,10,0.125,14.982,0.001,1619.436,3.042,1
95.243944,28.402139,595.445,22.519,281.539,187.714,50,0.121,14.865,0.01,2162.516,38.871,1
95.792489,28.217543,959.581,35.023,191.049,625.712,10,0.121,28.215,0.001,2120.764,7.133,1
93.821306,27.337028,991.57,34.747,336.445,557.551,10,0.125,16.061,0.001,1506.711,3.012,1
93.638722,27.103444,397.721,27.171,0.902,363.775,50,0.126,15.887,0.01,1350.202,27.049,1
93.072417,27.294944,995.647,30.463,132.952,230.751,30,0.126,21.405,0.05,1791.255,242.296,1
93.054611,27.304361,1054.298,24.817,311.503,118.721,10,0.126,17.809,0.001,1795.79,4.036,1
91.866444,27.594861,2983.567,7.799,202.752,111.931,50,0.127,1.884,0.001,1068.43,0.255,1
93.543083,27.803972,947.168,27.152,19.732,653.263,50,0.127,9.117,0.001,2203.112,2.561,1
93.136056,27.188694,1537.834,38.999,313.067,253.394,30,0.125,26.355,0.05,1815.712,299.286,1
95.27946,28.103902,199.626,35.185,115.51,100.893,60,0.122,16.291,0.001,2085.397,4.134,1
94.679544,28.355501,355.103,23.505,42.414,250.285,10,0.119,10.097,0.001,2554.551,3.071,1
91.873889,27.593139,2939.5,10.261,157.272,455.525,60,0.127,5.109,0.01,1061.848,6.866,1
93.541944,27.801194,908.988,23.113,113.639,773.963,30,0.128,19.36,0.05,2208.867,274.352,1
95.570661,28.263468,497.497,34.339,280.611,39.574,10,0.121,24.591,0.001,2163.443,6.448,1
96.35986,27.87469,417.163,25.65,351.827,319.052,10,0.12,14.82,0.001,2234.363,3.965,1
93.139722,27.196944,1287.102,28.149,301.383,55.965,10,0.128,12.561,0.001,1822.559,2.941,1
93.752306,27.163556,148.472,8.712,43.251,55.965,50,0.126,2.868,0.01,1560.199,5.628,1
96.46281,28.05989,548.379,24.564,203.548,79.147,10,0.124,20.858,0.001,2333.509,6.046,1
95.274751,28.097043,368.808,42.283,53.915,297.46,10,0.122,26.292,0.001,2061.653,6.592,1
95.81005,28.20737,921.811,31.922,206.469,316.588,10,0.119,14.568,0.001,2169.707,3.738,1
93.056583,27.328611,638.251,31.309,314.937,218.552,10,0.133,14.243,0.001,1947.098,3.683,1
93.655639,27.216278,474.925,30.869,179.009,139.913,30,0.127,20.211,0.01,1555.29,39.808,1
92.59572,27.06658,317.187,35.001,259.872,201.786,10,0.129,28.195,0.001,1716.263,6.237,1
95.966462,28.308943,809.642,46.845,337.782,79.147,10,0.12,16.776,0.001,2620.011,5.289,1
93.874,27.649194,1625.305,29.845,245.819,115.376,60,0.124,15.835,0.45,1974.03,1764.241,1
94.720111,27.786833,814.449,31.373,8.911,251.844,10,0.122,26.057,0.001,2010.092,6.377,1
95.281371,28.095632,317.665,28.497,340.364,327.529,10,0.122,9.66,0.001,2051.673,2.409,1
94.787083,27.868667,349.87,45.492,82.208,83.948,60,0.121,31.009,0.45,2061.391,3485.085,1
95.733019,27.11587,544.122,30.496,222.344,201.786,30,0.119,13.811,0.05,1507.882,123.801,1
95.247083,28.415028,820.271,36.529,253.028,576.878,50,0.121,16.993,0.01,2180.586,44.799,1
96.171327,27.313343,291.483,27.465,63.934,27.983,10,0.124,23.874,0.001,1345.966,3.999,1
94.786583,28.141139,378.569,16.113,82.152,340.424,30,0.124,8.316,0.001,1907.634,1.961,1
96.57928,28.28778,1721.444,43.112,215.15,391.758,10,0.132,37.115,0.001,1716.564,8.392,1
95.423103,26.976731,769.8,29.582,307.975,538.258,10,0.12,17.581,0.001,1341.265,2.817,1
93.570278,27.225361,720.591,32.278,253.382,83.948,30,0.129,21.29,0.05,1462.071,200.961,1
91.876111,27.599806,2936.927,6.214,329.569,415.993,30,0.124,3.627,0.05,1055.485,23.875,1
95.785468,28.289254,591.292,36.141,267.623,179.177,10,0.115,29.235,0.001,2156.417,7.228,1
92.607806,27.190861,1584.785,28.791,341.822,478.168,10,0.129,15.175,0.001,2096.952,4.109,1
91.865056,27.591833,2930.74,14.265,209.211,139.913,60,0.125,4.092,0.05,1071.759,27.569,1
94.914889,28.232472,341.037,35.578,87.004,55.965,10,0.125,21.768,0.001,1977.918,5.398,1
93.003639,27.436722,662.516,32.53,178.072,167.896,30,0.131,17.513,0.05,2557.498,292.214,1
96.53256,28.18525,1079.995,32.075,237.467,27.983,10,0.122,28.675,0.001,1973.65,6.863,1
92.163861,27.396722,1878.902,45.991,111.745,118.721,10,0.129,16.47,0.001,1148.271,2.433,1
95.984084,28.30984,1134.471,13.127,27.451,655.058,10,0.12,3.68,0.001,2567.863,1.134,1
95.287831,28.099657,189.03,50.283,355.193,195.879,10,0.128,27.891,0.001,2062.836,7.348,1
93.632556,27.690111,1022.709,20.982,314.408,415.993,10,0.128,6.652,0.001,1817.659,1.543,1
92.958806,27.544667,1133.817,32.088,167.734,341.572,10,0.129,14.657,0.001,3132.809,5.926,1
92.244028,27.362028,1596.127,37.541,215.212,79.147,30,0.128,17.518,0.05,1382.874,155.044,1
92.949333,27.540917,1286.369,30.915,215.194,514.456,10,0.127,16.504,0.001,3143.098,6.64,1
91.878972,27.596639,2898.394,14.133,115.587,474.882,30,0.129,5.336,0.001,1054.313,0.723,1
94.739556,27.824889,687.451,29.034,85.722,218.552,30,0.123,23.785,0.01,2044.324,59.319,1
95.550575,28.264888,439.583,54.39,45.589,79.147,60,0.12,33.628,0.45,2239.192,4065.626,1
96.58275,28.28386,1832.026,36.49,294.899,79.147,10,0.131,16.972,0.001,1708.531,3.8,1
96.46838,28.079818,823.783,29.131,196.197,195.879,10,0.123,15.388,0.001,2294.714,4.328,1
92.599333,27.183833,1659.092,23.201,290.31,677.389,50,0.125,7.531,0.01,2054.551,19.377,1
93.877472,27.656,1581.624,23.165,292.262,62.571,60,0.127,7.516,0.45,1937.411,829.202,1
94.702139,27.937861,932.094,36.14,214.374,265.467,60,0.127,27.713,0.05,1963.047,343.701,1
94.553634,28.024691,493.614,29.581,68.839,115.376,10,0.122,10.097,0.45,2142.439,1187.503,1
93.990806,27.760889,441.36,46.895,114.282,62.571,10,0.131,43.377,0.001,1308.272,7.411,1
94.984917,28.192444,1050.154,37.74,88.183,504.465,10,0.126,17.621,0.001,2053.906,4.536,1
94.597063,28.535474,969.992,37.583,282.358,395.735,10,0.121,27.218,0.001,2914.353,9.611,1
95.197472,28.3105,664.7,24.779,275.749,506.788,10,0.122,10.77,0.001,2014.583,2.63,1
95.232528,28.213028,356.737,30.511,179.665,111.931,10,0.12,16.252,0.01,2088.116,40.245,1
95.239194,28.1425,570.54,42.004,24.542,167.896,10,0.123,19.787,0.001,2089.469,5.118,1
95.92931,28.822521,1538.46,22.29,195.643,158.294,10,0.131,12.481,0.001,1465.857,2.385,1
95.270938,28.113119,375.086,31.533,136.572,435.309,10,0.125,16.891,0.001,2129.101,4.501,1
96.50025,28.06964,497.835,9.511,293.839,79.147,80,0.123,6.286,0.45,2199.106,762.414,1
94.730278,27.821278,635.231,24.064,65.016,27.983,10,0.12,13.712,0.01,2047.127,33.75,1
94.695694,27.94175,846.209,20.313,336.841,338.116,10,0.125,6.389,0.001,1953.36,1.568,1
95.847423,28.474093,843.312,34.828,213.399,495.064,10,0.121,23.232,0.001,2104.266,5.989,1
95.867921,28.772473,1314.818,36.923,343.796,363.775,10,0.125,24.811,0.001,1635.585,5.091,1
94.67275,27.703222,270.53,27.554,207.4,197.868,30,0.119,14.4,0.05,1901.719,162.601,1
93.136194,27.161806,1420.53,24.361,217.681,307.81,30,0.128,10.549,0.05,1805.244,122.264,1
96.53453,28.18439,1215.954,43.969,275.255,79.147,10,0.122,40.63,0.001,1967.52,9.814,1
95.551326,28.263731,467.881,46.938,60.016,100.893,10,0.12,40.482,0.45,2233.168,4884.659,1
95.333027,26.881881,779.141,40.689,224.556,230.751,30,0.12,27.595,0.05,1309.314,214.978,1
95.799764,28.215014,963.749,30.403,151.549,680.848,10,0.12,26.936,0.001,2141.83,6.949,1
93.820722,27.336667,1003.694,25.243,326.51,531.671,60,0.125,12.955,0.001,1508.312,2.432,1
95.790585,28.216997,963.568,23.637,169.054,515.975,10,0.118,11.957,0.001,2113.823,2.975,1
95.287886,28.142551,194.96,34.611,216.98,150.691,50,0.0,27.839,0.01,2234.213,68.836,1
92.599889,27.182278,1671.571,32.983,266.329,788.496,30,0.123,24.974,0.05,2049.267,316.799,1
95.789358,28.277716,705.211,44.654,278.46,279.827,10,0.114,24.804,0.001,2159.439,6.032,1
96.35933,27.90581,1051.656,29.172,249.42,426.22,10,0.124,9.932,0.001,2224.757,2.735,1
93.997222,27.758611,416.75,17.348,30.835,79.147,10,0.129,13.541,0.001,1333.192,2.329,1
96.448173,28.100244,1223.587,31.318,202.763,118.721,60,0.121,27.888,0.45,2345.423,3583.394,1
93.806008,27.307072,716.453,9.353,110.365,225.604,60,0.128,6.152,0.05,1574.384,61.655,1
96.33833,27.91669,1263.612,23.298,217.683,525.747,10,0.123,9.988,0.001,2170.072,2.688,1
95.809197,28.207699,927.396,37.094,196.706,350.622,10,0.119,33.837,0.001,2167.353,8.697,1
95.773499,28.244851,797.598,40.488,130.73,125.142,10,0.121,19.026,0.001,2080.794,4.802,1
94.669332,28.439344,471.533,31.668,81.766,251.844,10,0.122,14.434,0.45,2812.356,2223.186,1
93.619222,27.101111,344.15,11.915,164.728,115.376,50,0.128,8.397,0.01,1353.563,14.567,1
93.017611,27.421139,730.363,28.558,265.006,197.868,30,0.131,18.436,0.05,2476.212,300.096,1
96.51294,28.08061,506.227,7.409,357.041,27.983,60,0.124,2.327,0.0,2144.792,0.0,1
95.203194,28.490278,960.675,26.789,235.442,495.064,30,0.12,13.921,0.05,2234.035,186.037,1
95.963806,28.836083,1459.179,17.033,72.525,111.931,10,0.13,5.123,0.001,1408.386,0.934,1
96.54906,28.11781,907.297,46.33,240.631,197.868,10,0.122,36.136,0.001,1985.284,8.772,1
94.724194,27.788194,844.575,32.415,0.656,142.684,10,0.122,19.569,0.001,2008.403,4.776,1
95.856377,28.62267,796.89,26.313,292.93,176.978,10,0.12,22.674,0.001,1996.179,5.451,1
95.469602,28.175079,370.51,31.281,332.626,39.574,10,0.122,20.527,0.001,2165.007,5.436,1
93.615667,27.091139,345.308,8.882,289.77,213.11,50,0.0,5.756,0.01,1352.095,0.0,1
93.61283333,27.08130556,271.793,6.474,252.661,179.177,10,0.126,1.481,0.001,1350.459,0.253,1
94.611953,28.133963,931.786,42.796,188.37,139.913,10,0.124,26.628,0.001,2222.071,7.329,1
95.228056,28.178861,280.559,29.869,249.778,0.0,10,0.122,26.38,0.001,2065.601,6.664,1
94.791755,28.817009,692.31,32.924,354.535,415.993,10,0.123,21.784,0.001,3009.251,8.067,1
92.991306,27.539694,749.718,26.01,272.061,27.983,10,0.132,22.359,0.001,2948.43,8.665,1
96.408544,27.476614,513.441,47.268,25.422,277.015,10,0.119,16.927,0.001,1516.253,3.067,1
95.750303,27.158837,586.192,25.195,161.324,118.721,10,0.123,15.856,0.001,1485.55,2.905,1
95.877843,28.830316,1588.707,35.496,192.659,139.913,30,0.132,27.157,0.05,1542.878,277.194,1
96.44172,28.01661,429.284,1.816,210.238,27.983,30,0.121,0.284,0.05,2397.783,4.124,1
95.827217,28.498405,743.033,30.098,308.82,350.622,10,0.123,15.993,0.001,2137.583,4.213,1
95.709803,27.132933,564.838,32.743,164.052,389.754,10,0.121,29.368,0.001,1513.473,5.353,1
92.109556,27.456278,3019.14,33.303,196.885,706.251,50,0.128,25.253,0.05,1091.232,176.67,1
92.157333,27.394306,1835.022,38.717,190.692,27.983,50,0.129,35.476,0.05,1152.042,263.049,1
93.969778,27.773556,471.128,33.789,272.227,111.931,10,0.131,20.527,0.001,1254.292,3.373,1
94.694528,27.942917,828.489,32.94,249.414,316.588,50,0.126,27.573,0.001,1952.239,6.787,1
95.859872,28.85641,1379.414,20.17,209.456,230.751,10,0.131,16.357,0.001,1538.941,3.287,1
95.858124,28.618542,767.259,34.315,226.118,163.166,50,0.121,30.992,0.01,2008.886,75.061,1
92.10925,27.483667,3710.345,34.828,238.755,943.975,50,0.132,23.232,0.01,1060.69,32.567,1
92.993944,27.568028,554.222,33.057,25.869,39.574,10,0.131,23.541,0.001,2950.988,9.109,1
93.749306,27.241056,390.924,29.617,216.664,83.948,50,0.126,13.343,0.01,1688.975,28.492,1
96.52356,28.08014,580.25,1.621,317.309,346.127,40,0.124,0.245,0.15,2110.695,9.631,1
93.465861,27.86775,880.664,48.448,10.913,250.285,10,0.129,22.883,0.001,2171.614,6.417,1
95.780208,27.150127,558.885,27.326,312.032,734.512,10,0.121,14.257,0.001,1473.879,2.542,1
95.177639,28.509,706.412,24.587,282.002,83.948,10,0.119,20.882,0.001,2247.094,5.562,1
92.587917,27.167139,1747.294,30.234,299.345,777.496,10,0.126,10.361,0.001,1968.132,2.568,1
95.056444,28.617667,771.085,29.233,282.777,118.721,10,0.117,25.717,0.001,2316.296,6.952,1
95.225944,28.181139,326.462,32.948,243.39,163.166,60,0.123,29.58,0.45,2060.262,3369.983,1
95.866592,28.240521,1877.059,28.482,232.404,663.373,10,0.122,9.654,0.001,2381.925,2.816,1
95.925012,28.24175,2641.908,10.513,103.684,692.819,10,0.122,2.769,0.001,2481.101,0.837,1
95.832301,28.490519,751.208,30.704,202.843,239.084,10,0.121,10.551,0.001,2126.774,2.725,1
95.025111,28.174806,275.352,39.924,1.638,83.948,10,0.117,34.202,0.001,2075.906,8.278,1
95.050417,28.531528,501.108,34.191,66.55,55.965,10,0.124,11.95,0.001,2353.532,3.475,1
93.546139,27.782139,1030.604,40.859,317.461,27.983,10,0.129,27.719,0.001,2154.84,7.729,1
95.562208,27.032124,677.132,20.22,287.139,375.427,10,0.117,11.06,0.001,1431.922,1.863,1
95.799557,28.215926,1030.361,38.168,207.041,791.47,10,0.122,34.923,0.001,2142.699,9.061,1
93.801303,27.254756,310.864,44.65,0.424,115.376,10,0.123,24.801,0.001,1617.656,4.941,1
93.751167,27.165806,160.467,30.107,128.181,100.893,10,0.125,25.896,0.45,1563.162,2273.84,1
96.55303,28.22328,1508.997,41.239,22.051,100.893,10,0.132,22.821,0.001,1867.632,5.616,1
95.833166,28.171187,432.757,33.567,264.714,83.948,10,0.118,15.439,0.01,2174.062,39.608,1
93.581167,27.22075,712.485,33.886,230.708,167.896,50,0.127,18.356,0.01,1468.184,34.141,1
92.964861,27.5335,1137.943,32.74,137.908,752.937,10,0.129,15.002,0.001,3104.757,6.013,1
93.702139,27.123139,155.533,23.529,155.502,297.46,30,0.126,19.789,0.05,1453.59,181.304,1
93.053222,27.32025,677.375,33.513,255.516,39.574,30,0.131,15.411,0.001,1891.918,3.808,1
95.801273,28.212211,941.593,32.033,215.718,458.95,10,0.119,14.627,0.001,2145.018,3.742,1
92.983139,27.562917,550.567,27.353,339.1,111.931,10,0.133,23.757,0.001,3006.667,9.475,1
96.012691,27.29976,271.647,25.207,239.206,100.893,10,0.121,8.334,0.001,1346.208,1.357,1
95.858469,28.858358,1402.935,39.986,236.571,167.896,10,0.131,18.772,0.001,1538.623,3.771,1
95.921911,28.243322,2645.092,36.869,7.975,756.051,10,0.127,22.655,0.001,2483.367,7.01,1
95.725306,27.068358,951.31,32.693,275.478,179.177,10,0.123,29.317,0.001,1540.178,5.546,1
93.715694,27.236139,415.248,33.666,150.292,139.913,50,0.125,15.492,0.05,1655.023,160.159,1
96.49914,28.063,492.5,4.14,303.981,27.983,80,0.122,1.998,0.0,2210.408,0.0,1
95.864088,28.606804,693.745,36.403,227.376,158.294,50,0.12,19.908,0.01,2043.271,49.023,1
94.680108,28.459267,407.864,38.686,358.204,111.931,30,0.123,21.296,0.05,2844.1,371.057,1
94.810546,28.782426,513.53,46.368,329.277,100.893,10,0.118,28.912,0.001,2844.676,9.722,1
96.18349,27.315904,309.971,7.167,206.939,301.383,30,0.125,1.689,0.05,1346.568,14.305,1
94.92012,28.729371,476.644,39.086,317.386,62.571,10,0.124,24.164,0.001,2197.774,6.582,1
95.920837,28.286447,2363.777,44.607,75.787,625.712,30,0.13,24.777,0.05,2596.637,419.696,1
95.536828,28.242444,587.983,30.041,139.438,309.079,50,0.123,19.575,0.001,2198.658,5.247,1
93.806306,27.307111,717.793,6.488,158.91,187.714,60,0.128,3.73,0.45,1573.584,336.952,1
94.680282,28.455655,397.616,24.793,173.374,257.988,10,0.12,18.765,0.001,2832.859,6.416,1
93.796444,27.27925,501.725,33.135,93.005,79.147,60,0.123,21.945,0.45,1610.751,1963.978,1
95.235383,28.033278,625.958,27.904,66.255,574.157,60,0.119,24.332,0.45,1892.319,2474.305,1
95.921338,28.243182,2650.816,31.452,16.666,792.459,10,0.126,26.133,0.001,2482.89,8.084,1
94.791032,28.816882,716.715,40.314,20.006,474.882,10,0.123,37.069,0.001,3012.999,13.688,1
92.537389,27.20675,1236.598,29.766,129.515,257.988,50,0.132,26.273,0.01,2056.076,71.208,1
93.370361,27.903389,879.199,20.169,148.979,335.792,60,0.128,16.356,0.45,2135.755,2018.09,1
95.889037,28.246304,2266.52,27.845,203.603,388.748,10,0.128,9.396,0.001,2459.64,2.967,1
95.755292,27.15844,554.41,18.28,106.492,223.862,10,0.121,5.6,0.001,1483.186,1.011,1
96.54689,28.11594,824.142,40.398,18.039,79.147,10,0.12,37.152,0.001,1993.879,8.922,1
94.62431,28.137762,795.107,14.392,105.313,461.502,10,0.123,10.688,0.001,2203.332,2.899,1
93.59325,27.772194,813.279,39.614,42.829,118.721,10,0.127,18.582,0.001,2077.288,4.904,1
95.983398,28.868037,1549.368,32.576,261.777,125.142,10,0.127,29.195,0.001,1353.126,5.04,1
92.391889,27.292167,1785.017,25.23,92.213,39.574,30,0.13,18.17,0.01,2048.207,48.152,1
95.794313,28.330336,651.402,36.699,355.746,150.691,10,0.119,22.539,0.001,2137.977,5.748,1
95.811201,28.202844,880.331,45.443,272.613,118.721,10,0.116,21.47,0.001,2169.733,5.432,1
95.519402,26.952173,1339.18,30.19,223.213,195.879,10,0.122,18.008,0.001,1480.382,3.247,1
95.55011,28.251139,522.702,43.925,137.878,115.376,10,0.121,20.736,0.01,2187.186,55.032,1
95.033639,28.639389,457.58,25.96,224.225,265.467,50,0.12,11.396,0.001,2306.491,3.16,1
96.54272,28.23153,1655.942,37.764,224.562,478.168,10,0.128,34.515,0.001,1895.979,8.346,1
95.172639,28.522806,785.447,34.696,148.348,201.786,10,0.119,18.857,0.001,2262.806,5.054,1
95.795227,28.215862,1052.634,21.027,245.587,756.051,10,0.12,6.669,0.001,2127.609,1.69,1
93.504278,27.251806,918.702,31.023,139.041,376.469,50,0.127,18.593,0.001,1423.161,3.374,1
95.551252,28.258144,592.615,31.887,13.728,534.609,30,0.119,11.027,0.001,2210.157,2.938,1
95.788465,28.335249,754.877,39.421,56.798,353.956,30,0.119,33.735,0.05,2110.152,423.983,1
96.010838,27.300188,266.3,12.312,178.928,27.983,60,0.121,3.391,0.001,1345.476,0.553,1
96.55872,28.22408,1631.449,50.582,332.665,62.571,10,0.132,39.363,0.001,1846.961,9.515,1
95.268592,28.106358,415.813,28.784,138.869,275.598,10,0.122,12.899,0.001,2103.636,3.322,1
91.867528,27.592639,2910.277,11.234,188.959,0.0,50,0.126,7.787,0.01,1068.601,10.54,1
95.876106,28.434292,652.32,29.463,200.548,301.383,10,0.123,10.05,0.001,2203.955,2.718,1
91.879444,27.593361,2812.573,14.578,120.915,281.223,10,0.125,10.566,0.001,1055.695,1.402,1
93.806589,27.23995,269.927,32.537,180.39,55.965,10,0.126,17.517,0.001,1618.421,3.561,1
94.620133,28.134238,886.695,29.998,241.313,442.445,10,0.123,10.266,0.001,2205.131,2.792,1
91.868639,27.579,2682.578,8.11,89.767,167.896,30,0.127,5.119,0.05,1076.231,34.83,1
95.780295,28.32225,775.65,46.098,343.224,554.029,30,0.116,28.743,0.05,2107.823,352.359,1
93.802056,27.294278,648.666,36.596,167.027,179.177,30,0.123,20.026,0.05,1592.948,196.596,1
95.230278,28.199389,366.161,39.337,217.177,139.913,10,0.119,36.097,0.01,2077.4,89.141,1
95.567331,28.261147,471.612,20.27,168.538,100.893,10,0.122,8.408,0.001,2166.567,2.221,1
95.904556,28.26053,2488.61,31.578,168.489,279.827,10,0.123,22.325,0.001,2522.214,6.969,1
92.995444,27.521083,629.286,38.637,246.669,218.552,10,0.131,13.704,0.001,2935.975,5.284,1
92.975583,27.553611,596.904,33.931,243.764,158.294,10,0.132,11.846,0.001,3035.668,4.739,1
95.270824,28.097163,338.087,34.513,313.426,62.571,10,0.122,15.938,0.001,2065.67,4.007,1
92.967639,27.566611,569.9,24.548,165.243,125.142,10,0.131,12.523,0.001,3100.297,5.093,1
92.591389,27.093889,276.016,38.422,51.387,79.147,10,0.132,23.714,0.001,1780.89,5.55,1
93.765889,27.248167,320.461,26.836,117.352,115.376,30,0.127,8.989,0.001,1674.987,1.9,1
91.866417,27.594833,2980.197,8.285,195.594,115.376,50,0.127,2.037,0.05,1068.582,13.777,1
95.97654,28.312795,895.003,33.558,6.88,223.862,10,0.12,26.873,0.001,2584.489,8.365,1
93.568972,27.228056,710.348,35.648,199.96,118.721,50,0.129,32.362,0.01,1464.935,61.171,1
95.920439,28.813905,1577.582,32.695,168.676,62.571,30,0.13,14.978,0.05,1492.443,145.407,1
95.266966,28.140915,503.742,31.093,67.323,531.671,30,0.124,10.707,0.05,2172.906,143.568,1
95.563875,28.265836,468.853,32.759,186.081,316.588,10,0.123,23.296,0.001,2196.703,6.281,1
96.154621,27.302949,279.403,28.996,89.586,62.571,10,0.124,13.012,0.001,1343.274,2.156,1
95.882841,28.831826,1599.299,27.164,204.778,111.931,30,0.131,23.56,0.001,1532.619,4.744,1
91.894167,27.587611,2388.787,19.468,164.343,62.571,30,0.126,9.403,0.05,1044.051,61.734,1
92.597028,27.092028,214.148,42.899,125.338,100.893,10,0.127,20.231,0.001,1775.836,4.583,1
91.876528,27.599,2950.923,0.388,306.234,451.207,60,0.125,0.038,0.45,1055.342,2.28,1
93.802361,27.269861,412.369,36.231,358.515,111.931,10,0.125,16.838,0.001,1607.152,3.373,1
96.440093,27.458768,611.467,31.658,131.014,363.775,10,0.117,14.429,0.001,1511.811,2.565,1
92.561778,27.152417,1645.099,36.328,101.995,380.606,10,0.125,16.888,0.001,1924.249,4.075,1
95.908055,28.253453,2574.646,36.533,105.562,257.988,10,0.123,26.373,0.001,2504.289,8.198,1
93.526528,27.788389,728.517,21.616,270.003,27.983,10,0.128,10.71,0.001,2192.412,3.016,1
91.911528,27.561083,1920.234,11.071,192.212,62.571,30,0.123,5.152,0.05,1042.656,33.01,1
95.882949,28.831619,1588.994,21.746,207.629,83.948,30,0.131,17.958,0.001,1532.96,3.619,1
95.774758,28.238144,845.167,36.884,90.137,447.723,30,0.121,20.202,0.05,2079.795,254.19,1
96.36028,27.90814,1069.871,38.033,282.824,336.956,10,0.124,23.45,0.001,2226.353,6.466,1
94.867317,28.740576,464.181,40.12,313.146,62.571,10,0.117,24.859,0.001,2378.474,6.982,1
93.507778,27.253778,953.019,15.587,172.158,442.445,30,0.128,11.828,0.05,1430.843,108.347,1
93.778167,27.258556,345.924,29.37,132.505,139.913,30,0.125,13.211,0.05,1650.521,136.428,1
95.55087,28.25736,613.875,30.725,115.673,538.258,30,0.119,10.559,0.05,2208.166,140.991,1
94.157444,27.8305,1236.332,13.326,211.289,79.147,10,0.123,9.69,0.001,2125.573,2.549,1
93.600806,27.783667,1004.125,46.761,93.493,391.758,10,0.127,40.33,0.001,2099.994,10.727,1
95.195361,28.301694,651.236,22.914,357.158,253.394,10,0.124,9.786,0.001,2002.658,2.434,1
96.52578,28.16939,1239.871,41.769,268.508,613.708,10,0.123,19.67,0.001,2012.086,4.873,1
95.77545,27.153826,395.982,16.177,270.078,118.721,10,0.12,6.334,0.001,1475.029,1.122,1
95.882966,28.823558,1657.797,31.745,322.362,336.956,10,0.131,19.099,0.001,1543.409,3.858,1
95.845459,28.489492,778.819,46.178,106.141,125.142,10,0.124,28.793,0.001,2125.224,7.584,1
95.803194,28.21267,1009.347,44.585,221.63,388.748,10,0.12,27.784,0.001,2151.03,7.204,1
93.806444,27.238222,260.442,22.786,137.362,39.574,50,0.126,9.719,0.01,1619.446,19.73,1
96.54606,28.22797,1605.686,29.525,146.184,297.46,10,0.127,13.294,0.001,1887.694,3.194,1
95.781619,28.257991,653.1,24.598,261.709,62.571,30,0.118,8.09,0.001,2118.332,2.027,1
95.978389,27.287781,399.747,18.052,203.344,495.855,10,0.123,5.512,0.001,1363.733,0.926,1
95.271861,28.101692,378.085,39.762,88.513,187.714,30,0.121,18.658,0.05,2082.933,235.459,1
95.880901,28.830919,1559.41,37.918,174.155,39.574,30,0.132,20.832,0.05,1537.366,211.422,1
93.699722,27.105556,202.924,12.242,64.85,277.015,50,0.198,4.442,0.01,1422.251,11.036,1
93.601735,27.083117,238.786,18.394,259.925,187.714,50,0.0,14.576,0.01,1353.096,0.0,1
93.62292,27.03106,292.008,9.027,202.891,100.893,50,0.126,3.002,0.01,1363.305,5.137,1
95.936353,27.257581,569.775,26.386,132.815,257.988,10,0.119,13.669,0.001,1401.117,2.288,1
95.282364,28.101031,187.475,36.47,56.758,100.893,10,0.129,22.382,0.001,2071.956,4.999,1
93.473389,27.863722,855.16,34.869,343.131,307.81,10,0.129,16.125,0.01,2170.473,45.175,1
94.228528,27.979306,290.929,23.679,347.746,514.456,10,0.12,14.699,0.001,1706.97,3.014,1
93.796806,27.291083,582.694,26.976,52.455,62.571,30,0.124,21.785,0.05,1603.01,216.063,1
94.730417,27.821889,643.211,24.059,195.468,27.983,10,0.12,12.219,0.001,2048.085,3.008,1
96.454067,28.090087,1009.024,47.157,218.823,364.85,10,0.122,34.58,0.001,2334.818,9.885,1
93.408444,27.898806,870.512,30.835,191.679,167.896,60,0.13,23.093,0.05,2140.386,320.522,1
95.247722,28.412722,784.554,18.492,245.251,376.469,30,0.118,14.674,0.01,2178.329,38.031,1
93.093417,27.300611,769.012,25.184,213.575,111.931,30,0.127,21.501,0.05,1815.298,248.622,1
95.789425,28.273544,776.97,47.081,301.28,167.896,10,0.113,22.247,0.001,2156.894,5.415,1
94.67875,27.688,289.103,23.915,302.908,125.142,50,0.119,10.313,0.001,1882.943,2.314,1
91.895444,27.595167,2413.896,33.732,262.757,55.965,10,0.127,22.4,0.01,1037.978,29.519,1
95.221194,28.366417,600.33,41.284,335.383,187.714,10,0.118,32.065,0.001,2101.004,7.928,1
95.793032,28.217595,977.911,38.648,217.742,602.766,10,0.121,31.494,0.001,2122.623,7.999,1
95.57515,28.256434,458.821,24.283,198.25,285.369,10,0.12,12.358,0.001,2119.259,3.155,1
94.842194,27.893389,708.033,27.734,140.56,353.956,10,0.125,14.512,0.001,2048.373,3.729,1
93.822389,27.325806,1077.017,27.52,91.289,341.572,50,0.131,16.132,0.01,1522.056,32.007,1
91.865028,27.591806,2930.74,14.265,209.211,139.913,60,0.125,4.092,0.05,1071.759,27.569,1
95.908637,28.786868,1305.453,29.988,104.933,197.868,30,0.131,25.776,0.45,1548.003,2352.451,1
95.780019,28.229114,905.571,33.421,93.194,476.528,10,0.122,22.163,0.001,2088.708,5.624,1
96.407194,27.466137,524.646,28.553,180.11,88.489,10,0.117,15.026,0.001,1508.571,2.649,1
94.574294,28.022667,551.548,10.238,256.72,297.46,10,0.121,6.911,0.001,2094.481,1.748,1
94.703472,27.933611,984.981,23.775,314.887,554.029,10,0.127,10.24,0.001,1967.588,2.563,1
92.599611,27.134444,341.834,31.91,95.165,79.147,10,0.131,25.355,0.001,1874.957,6.249,1
95.977914,27.287855,400.526,19.226,179.495,504.465,10,0.123,15.407,0.001,1363.368,2.587,1
95.201556,28.2805,663.748,30.275,194.231,346.127,10,0.119,22.601,0.05,2013.222,271.356,1
93.841361,27.622972,1643.64,34.617,140.858,55.965,30,0.123,21.102,0.05,1976.432,255.775,1
95.852732,28.871556,1433.51,26.586,234.31,257.988,10,0.13,22.958,0.001,1531.001,4.554,1
96.44275,28.01781,430.996,2.184,350.01,27.983,10,0.121,0.361,0.001,2399.6,0.105,1
93.628556,27.210556,548.337,32.817,139.541,218.552,50,0.128,17.692,0.01,1511.176,34.085,1
95.191639,28.497917,875.423,17.573,209.683,498.218,30,0.118,5.329,0.05,2236.276,70.72,1
96.48397,28.05939,492.853,10.732,167.705,100.893,60,0.122,3.751,0.45,2264.441,466.924,1
96.34517,27.90772,1152.75,33.229,116.309,615.619,10,0.126,17.948,0.001,2189.463,4.947,1
93.857583,27.63825,1798.333,20.655,247.408,534.609,60,0.124,6.523,0.45,2062.3,750.319,1
95.56626,28.261999,465.315,14.105,219.569,218.552,10,0.122,8.259,0.001,2172.6,2.185,1
93.804711,27.246131,273.409,25.933,98.398,327.529,50,0.125,8.626,0.01,1617.482,17.383,1
95.855303,28.448428,823.459,38.961,340.499,83.948,10,0.122,35.72,0.001,2109.253,9.168,1
95.218294,28.153028,746.832,45.652,81.707,563.141,10,0.124,25.368,0.05,2030.064,320.036,1
95.273582,28.114742,362.505,28.328,82.423,336.956,10,0.125,12.656,0.001,2132.991,3.374,1
95.320878,26.849624,1095.289,42.472,86.609,543.326,10,0.126,26.416,0.001,1327.025,4.405,1
92.95525,27.543472,1266.923,22.636,117.404,478.168,10,0.129,7.306,0.001,3152.915,2.966,1
94.962496,28.274019,346.64,36.356,49.526,55.965,10,0.125,33.085,0.001,1981.728,8.206,1
95.27439,28.14251,399.776,19.588,74.824,557.551,10,0.12,6.106,0.001,2195.568,1.611,1
93.025139,27.363833,810.221,25.647,52.205,590.296,30,0.131,16.201,0.05,2131.698,225.435,1
95.555457,28.26825,522.482,37.853,169.091,514.456,60,0.122,17.679,0.001,2236.018,4.821,1
96.52778,28.23969,1584.554,50.269,336.561,538.258,10,0.128,17.968,0.001,1940.058,4.478,1
92.610111,27.191667,1552.838,26.574,314.235,364.85,10,0.128,22.945,0.001,2104.819,6.206,1
96.49775,28.06244,492.0,2.944,135.0,27.983,80,0.122,0.533,0.0,2214.739,0.0,1
93.973944,27.844444,643.351,30.02,107.502,62.571,10,0.127,25.809,0.001,1370.093,4.492,1
95.158333,28.550694,981.677,14.747,59.272,447.723,10,0.117,4.268,0.001,2323.985,1.165,1
92.537583,27.11375,1304.932,16.808,193.715,0.0,60,0.127,13.012,0.45,1838.093,1368.929,1
95.82058,28.9407,1430.189,29.299,279.191,83.948,30,0.132,25.786,0.05,1495.524,253.689,1
95.956918,28.319141,1253.302,34.567,106.528,435.309,10,0.122,31.252,0.001,2629.072,10.033,1
94.817861,27.870361,387.509,27.907,298.661,100.893,10,0.119,12.432,0.001,2038.543,3.043,1
95.971041,28.308592,873.848,31.1,338.011,197.868,10,0.12,10.71,0.001,2607.333,3.349,1
95.273075,28.117222,340.939,26.28,329.726,118.721,10,0.124,11.566,0.001,2143.49,3.067,1
96.44636,28.06006,646.448,40.663,213.422,197.868,10,0.124,22.48,0.001,2389.535,6.681,1
93.456306,27.872722,811.744,30.772,65.442,237.441,30,0.129,25.473,0.45,2172.807,3222.232,1
95.117586,27.944389,322.951,13.348,101.046,27.983,10,0.12,6.546,0.001,1884.499,1.486,1
95.956718,28.31731,1206.264,30.966,86.026,327.529,10,0.122,21.82,0.001,2632.556,7.021,1
96.39822,27.968,438.682,29.881,40.459,100.893,10,0.121,13.483,0.05,2303.868,188.116,1
96.458999,28.088159,980.629,52.405,324.852,83.948,10,0.123,35.558,0.001,2319.128,10.139,1
96.472247,28.080301,815.422,35.033,182.815,125.142,10,0.124,16.211,0.001,2280.445,4.576,1
96.53911,28.21483,1594.039,25.982,320.39,302.679,10,0.131,22.33,0.001,1923.369,5.617,1
93.945556,27.81975,664.879,33.765,353.303,27.983,10,0.129,22.425,0.001,1206.845,3.497,1
96.449162,28.100914,1298.049,40.649,210.38,100.893,30,0.122,25.212,0.05,2341.971,358.873,1
95.555899,27.019379,723.474,26.996,2.514,62.571,30,0.118,15.764,0.001,1440.245,2.692,1
95.282568,28.094144,300.659,18.242,79.723,170.212,10,0.121,5.585,0.001,2044.557,1.382,1
96.403435,27.479141,484.676,28.247,170.466,111.931,10,0.117,14.834,0.001,1516.708,2.649,1
92.537667,27.206917,1240.823,30.152,156.489,257.988,50,0.132,26.675,0.05,2056.624,362.075,1
94.535672,28.022249,573.282,30.387,207.298,158.294,10,0.119,10.422,0.001,2177.021,2.685,1
95.571519,28.2646,547.949,45.292,297.797,62.571,10,0.121,25.166,0.001,2165.414,6.603,1
95.736125,27.112268,534.588,29.765,216.129,118.721,10,0.119,13.422,0.001,1507.412,2.407,1
94.201944,28.003861,273.676,21.259,60.05,39.574,10,0.124,6.761,0.001,1664.594,1.394,1
94.680664,28.455769,412.138,28.22,181.921,281.223,10,0.12,18.176,0.001,2832.915,6.222,1
93.064472,27.256917,727.318,14.926,304.558,434.408,10,0.127,8.876,0.001,1768.211,1.986,1
95.979868,28.31085,1019.062,35.082,335.383,527.976,10,0.121,21.424,0.001,2578.575,6.659,1
94.866397,28.740874,466.914,44.515,127.892,39.574,10,0.117,24.724,0.001,2386.521,6.964,1
92.963028,27.555583,830.677,31.705,9.063,197.868,10,0.13,10.954,0.001,3110.269,4.436,1
95.181694,28.154111,448.84,38.352,304.459,376.469,10,0.119,25.877,0.001,1976.126,6.089,1
95.288126,28.142304,192.448,32.883,219.787,115.376,50,0.385,17.733,0.01,2232.992,62.683,1
95.088583,28.609361,1201.249,26.625,183.638,566.606,10,0.121,11.75,0.001,2305.033,3.289,1
95.777037,28.234199,867.627,29.625,21.834,312.856,10,0.121,10.115,0.001,2083.757,2.545,1
95.28567,28.099647,195.748,41.763,6.553,142.684,10,0.129,28.373,0.001,2064.557,7.492,1
93.933694,27.8345,411.972,39.923,105.084,167.896,30,0.13,32.628,0.05,1276.3,270.849,1
92.965861,27.552639,903.728,36.079,91.967,588.302,10,0.131,19.709,0.001,3089.639,7.92,1
95.609385,28.266271,479.47,35.618,124.298,279.827,10,0.119,16.518,0.001,2039.0,3.997,1
92.981472,27.546278,624.56,35.825,245.467,230.751,10,0.134,12.6,0.001,3001.664,5.061,1
96.33108,27.91897,1289.971,33.421,226.65,706.251,10,0.125,20.27,0.001,2152.176,5.468,1
94.682444,27.683889,286.378,40.72,215.17,225.604,10,0.12,19.143,0.001,1879.012,4.324,1
94.969346,28.716426,350.558,22.419,270.31,27.983,60,0.123,12.57,0.001,2160.587,3.334,1
95.743034,27.143343,560.216,29.894,108.976,257.988,30,0.119,10.224,0.05,1494.088,91.015,1
95.670965,27.115246,827.98,20.335,99.32,281.223,10,0.122,6.398,0.001,1500.495,1.166,1
93.892222,27.665417,1451.641,25.454,254.7,265.467,30,0.127,16.054,0.05,1851.796,188.371,1
95.774057,28.245371,792.013,20.356,41.54,139.913,10,0.121,6.406,0.001,2083.305,1.615,1
94.972278,28.234833,279.779,43.353,353.62,115.376,10,0.124,40.039,0.001,2016.185,10.053,1
95.235722,28.169389,304.391,47.896,156.359,265.467,50,0.124,17.149,0.01,2086.032,44.228,1
92.626306,27.099083,612.165,25.28,217.828,27.983,10,0.125,14.561,0.001,1786.557,3.253,1
95.551656,28.25701,550.683,37.803,151.167,530.934,30,0.122,23.293,0.05,2204.134,312.473,1
95.199111,28.291556,682.251,13.763,144.785,187.714,10,0.125,3.909,0.001,2008.684,0.98,1
96.61508,28.31658,1813.69,30.441,257.314,549.773,30,0.135,26.976,0.05,1570.004,285.528,1
92.587139,27.166306,1750.372,30.76,313.901,773.963,10,0.126,16.408,0.001,1962.591,4.058,1
95.838317,28.481108,814.641,33.913,241.298,483.056,10,0.122,18.373,0.001,2113.867,4.747,1
95.446925,28.160853,474.375,20.19,146.865,400.651,10,0.125,14.567,0.001,2187.82,3.984,1
93.731417,27.241,398.615,22.201,138.365,142.684,10,0.126,9.412,0.001,1675.284,1.978,1
95.520994,26.939232,1609.327,38.915,228.753,590.296,10,0.124,28.283,0.001,1496.837,5.224,1
95.856703,28.863017,1412.238,41.55,279.491,88.489,10,0.13,23.005,0.001,1535.372,4.603,1
95.92821,28.809244,1353.734,37.937,86.645,139.913,10,0.13,25.568,0.001,1485.895,4.927,1
93.765333,27.24675,319.487,23.974,117.735,100.893,50,0.126,7.839,0.01,1676.725,16.58,1
95.812004,28.201838,923.749,50.109,261.067,257.988,10,0.117,41.156,0.001,2171.653,10.471,1
95.733337,27.115545,551.324,25.118,218.455,239.084,10,0.119,10.949,0.001,1507.693,1.964,1
94.721806,27.914944,709.077,41.718,229.649,307.81,10,0.124,38.452,0.001,2001.109,9.521,1
93.742222,27.124444,145.624,12.587,297.247,39.574,10,0.125,7.142,0.001,1486.578,1.346,1
94.719861,27.804944,916.684,30.778,282.111,465.725,30,0.123,13.961,0.001,2035.195,3.481,1
92.585278,27.086667,294.197,35.046,195.063,139.913,10,0.132,28.236,0.001,1765.281,6.565,1
96.53733,28.19597,1184.449,20.718,333.921,27.983,10,0.123,16.912,0.001,1947.119,4.059,1
93.780306,27.260722,308.285,25.603,193.569,62.571,50,0.125,13.18,0.01,1645.914,27.026,1
95.207056,28.484056,807.741,22.234,223.95,279.827,10,0.121,12.443,0.001,2229.828,3.34,1
95.687302,27.132794,645.675,15.857,207.373,100.893,10,0.121,4.68,0.001,1511.432,0.86,1
95.820661,28.937833,1433.083,6.917,198.35,0.0,30,0.132,4.167,0.001,1498.651,0.82,1
92.104333,27.496333,4146.195,36.491,106.264,743.519,60,0.131,22.396,0.01,1047.539,30.665,1
95.923556,28.242214,2650.732,31.949,28.636,764.291,10,0.122,17.151,0.001,2481.538,5.203,1
93.694444,27.112222,138.188,0.979,284.076,88.489,30,0.124,0.127,0.05,1428.681,1.135,1
92.973072,27.566131,641.378,31.261,205.983,218.552,10,0.132,10.775,0.001,3068.665,4.365,1
92.964861,27.550389,952.3,32.357,102.724,465.725,10,0.129,21.351,0.001,3093.759,8.534,1
95.578439,28.253915,442.911,16.538,193.062,225.604,10,0.122,4.936,0.001,2098.126,1.261,1
95.272526,28.093514,490.131,20.55,329.854,403.572,10,0.121,10.059,0.001,2049.277,2.489,1
96.54483,28.08019,780.939,38.222,239.151,327.529,10,0.123,34.978,0.001,2039.818,8.75,1
95.796393,28.216253,1078.058,32.751,147.432,704.586,10,0.12,11.374,0.001,2131.761,2.903,1
93.021472,27.441694,489.432,30.692,306.671,27.983,10,0.129,20.075,0.001,2606.428,6.739,1
94.059833,27.758889,738.685,44.096,202.414,611.151,30,0.127,34.363,0.05,1599.59,350.077,1
94.830667,28.208389,268.91,29.185,260.216,179.177,10,0.122,17.302,0.001,1964.539,4.153,1
94.633991,28.543178,702.785,31.236,309.97,150.691,10,0.119,20.493,0.001,2967.971,7.239,1
96.53061,28.16206,954.81,56.586,347.092,111.931,10,0.121,26.374,0.001,2002.652,6.403,1
96.443,28.01992,432.985,0.755,332.436,0.0,30,0.122,0.235,0.05,2399.855,3.44,1
92.543111,27.116194,1340.264,36.394,117.649,139.913,10,0.128,12.825,0.01,1842.526,30.219,1
93.055833,27.302389,1156.228,33.394,325.595,364.85,10,0.128,22.142,0.001,1784.624,5.028,1
93.745917,27.240083,400.756,29.092,130.34,201.786,50,0.127,18.846,0.01,1684.664,40.139,1
96.55781,28.26786,1672.497,33.263,284.866,566.606,10,0.131,11.579,0.001,1809.418,2.721,1
94.873361,28.506306,1236.023,33.052,48.075,27.983,10,0.122,17.838,0.001,2509.339,5.458,1
95.59932,28.262989,493.603,25.897,176.56,79.147,10,0.119,16.393,0.001,2060.366,4.04,1
95.731806,27.093755,752.258,35.925,332.768,715.066,10,0.119,22.006,0.001,1515.503,3.98,1
92.391833,27.300667,1722.795,31.587,136.551,139.913,30,0.133,26.264,0.05,2067.113,361.578,1
96.54897,28.14531,1016.266,39.122,332.974,195.879,10,0.122,18.331,0.001,1955.492,4.39,1
94.732972,27.823139,643.899,22.446,127.776,83.948,30,0.121,18.675,0.05,2047.611,229.957,1
95.897823,28.237425,2373.471,45.432,228.366,319.052,10,0.127,42.016,0.001,2443.725,12.961,1
95.441244,28.162497,463.261,29.006,113.105,83.948,10,0.125,17.177,0.001,2202.093,4.727,1
93.417861,27.756511,1054.031,34.815,132.054,395.735,10,0.129,21.239,0.001,2265.223,6.214,1
95.565421,28.262806,465.784,34.547,259.988,297.46,10,0.122,15.956,0.001,2178.634,4.239,1
93.011861,27.391639,634.165,35.421,94.148,380.606,10,0.131,28.579,0.001,2288.02,8.647,1
95.85647,28.628208,809.328,33.655,256.367,230.751,30,0.12,30.312,0.05,1979.741,360.709,1
95.063611,28.614667,869.574,34.037,226.859,163.166,10,0.118,25.893,0.01,2315.122,70.347,1
93.61529,27.10375,386.96,22.041,286.17,495.855,10,0.129,14.477,0.001,1354.968,2.514,1
94.728806,27.793917,812.301,29.532,337.478,142.684,10,0.123,26.029,0.001,2012.835,6.442,1
95.149472,28.560139,1066.9,21.016,73.219,55.965,50,0.118,16.742,0.01,2320.176,45.552,1
95.852312,28.464936,922.801,43.806,338.504,301.383,10,0.123,27.284,0.001,2091.759,7.01,1
93.663889,27.106472,202.446,9.638,99.899,125.142,10,0.128,6.395,0.001,1379.859,1.128,1
95.610757,28.26986,482.043,30.053,102.616,364.85,10,0.119,13.575,0.001,2048.965,3.321,1
94.860138,28.762661,628.643,40.649,89.965,448.597,10,0.121,19.107,0.001,2476.763,5.737,1
93.524389,27.235306,913.704,29.579,160.35,275.598,50,0.126,10.097,0.01,1420.827,18.074,1
96.38097,27.93967,1574.439,24.151,297.425,652.663,10,0.121,7.91,0.001,2268.939,2.174,1
95.684101,27.12922,658.517,23.585,135.636,62.571,10,0.12,14.628,0.01,1509.439,26.7,1
93.035778,27.361222,427.435,35.739,78.529,150.691,30,0.133,21.878,0.05,2126.39,310.385,1
95.783923,28.327545,745.74,40.205,285.835,618.158,10,0.119,14.31,0.001,2109.971,3.587,1
96.53622,28.09311,584.22,28.83,289.569,115.376,10,0.12,25.297,0.001,2054.057,6.236,1
96.54528,28.11142,1008.827,52.98,251.068,495.855,10,0.121,35.913,0.001,2004.731,8.69,1
93.803328,27.294886,656.862,36.065,103.884,176.978,30,0.123,16.751,0.05,1590.938,164.252,1
95.55061,28.255703,617.681,48.524,125.439,368.055,60,0.122,22.918,0.45,2203.174,2781.491,1
95.565798,28.264331,479.227,26.29,224.638,415.993,10,0.121,22.65,0.001,2183.626,6.018,1
96.440972,28.023491,557.126,54.98,106.088,336.956,10,0.123,30.258,0.001,2394.193,8.902,1
95.926984,28.808133,1434.14,23.786,73.615,297.46,10,0.129,7.764,0.001,1489.193,1.493,1
93.020389,27.441028,496.278,35.599,332.837,62.571,10,0.129,16.508,0.001,2600.541,5.529,1
94.948727,28.303771,361.799,38.196,153.618,27.983,60,0.125,34.951,0.001,1960.288,9.078,1
95.850285,28.873622,1459.35,39.982,213.268,237.441,30,0.129,36.74,0.05,1532.132,363.672,1
94.893869,28.752815,648.789,26.978,341.261,201.786,10,0.123,23.366,0.001,2234.5,6.412,1
95.282975,28.099858,188.761,23.826,29.945,139.913,10,0.129,20.095,0.001,2067.499,5.169,1
95.462909,28.165684,406.46,19.918,191.113,576.878,10,0.122,10.855,0.001,2151.233,2.847,1
94.792417,28.16425,289.789,26.973,82.95,125.142,10,0.121,23.361,0.001,1941.495,5.477,1
95.678718,27.122408,717.814,10.621,154.32,514.456,10,0.119,7.246,0.001,1506.082,1.306,1
92.391861,27.292444,1784.93,29.528,80.704,55.965,30,0.13,26.025,0.01,2048.78,68.97,1
93.819417,27.334056,983.417,35.505,269.922,423.455,10,0.125,19.356,0.01,1514.161,36.745,1
95.469828,28.181834,377.977,34.294,64.71,55.965,30,0.122,11.991,0.001,2192.02,3.212,1
96.046398,27.298972,217.17,16.887,145.694,55.965,10,0.122,11.038,0.001,1346.763,1.809,1
95.905393,27.226901,484.984,19.759,83.697,476.528,10,0.118,13.443,0.001,1425.887,2.268,1
95.510469,26.984318,750.669,19.261,280.083,27.983,10,0.122,15.442,0.001,1434.159,2.697,1
95.781715,28.33836,748.105,32.623,56.534,350.622,10,0.12,14.94,0.001,2081.924,3.741,1
95.907144,28.255967,2518.803,33.778,339.093,281.223,10,0.125,11.785,0.001,2511.729,3.707,1
95.810448,28.198018,849.562,40.514,338.706,115.376,10,0.117,14.429,0.001,2163.53,3.659,1
96.40214,27.96756,403.22,24.539,7.809,111.931,10,0.122,10.643,0.001,2313.697,2.99,1
96.447724,28.105952,1424.763,29.3,213.581,364.85,10,0.122,25.787,0.001,2341.865,7.35,1
94.138722,27.81975,1371.677,32.558,158.323,729.699,10,0.123,29.177,0.05,2026.025,363.311,1
95.474591,26.994942,668.824,15.563,13.307,527.976,10,0.121,7.958,0.01,1385.443,13.257,1
94.863031,28.2823,329.432,0.77,27.862,0.0,10,0.124,0.241,0.001,2055.65,0.061,1
95.645631,27.102625,1083.217,37.197,140.004,413.159,10,0.12,26.909,0.001,1478.535,4.768,1
94.859327,28.779408,782.339,28.378,137.896,327.529,10,0.121,9.612,0.001,2520.639,2.936,1
94.018528,27.754056,348.836,39.269,31.94,139.913,10,0.128,36.028,0.001,1417.822,6.54,1
95.852234,28.471388,900.135,46.609,134.971,218.552,10,0.122,25.903,0.001,2100.31,6.623,1
93.041583,27.342139,429.009,22.469,182.346,55.965,30,0.133,18.699,0.05,2014.435,249.014,1
93.795889,27.27625,483.992,34.435,109.352,297.46,10,0.123,12.047,0.001,1613.22,2.399,1
93.80125,27.267722,395.832,38.336,144.06,307.81,30,0.124,21.085,0.05,1610.041,210.852,1
92.584361,27.086139,274.14,35.038,179.171,79.147,50,0.132,19.068,0.01,1764.276,44.343,1
93.069222,27.215944,1055.578,31.44,180.046,335.792,10,0.128,20.649,0.001,1757.1,4.647,1
95.638118,27.074431,971.114,21.587,218.824,784.015,30,0.123,9.092,0.001,1480.144,1.648,1
92.946,27.542083,1274.442,30.562,116.424,590.296,10,0.127,27.102,0.001,3147.16,10.849,1
96.40896,27.476285,516.819,33.567,55.583,277.015,10,0.119,11.701,0.001,1516.146,2.12,1
92.573544,27.106939,501.634,50.543,197.1,39.574,10,0.126,46.648,0.001,1815.162,10.667,1
96.439865,27.447181,561.611,28.76,355.47,39.574,10,0.117,25.224,0.001,1503.77,4.442,1
94.713927,28.192217,318.195,27.614,60.828,39.574,10,0.12,19.051,0.001,2123.931,4.838,1
96.408773,27.474408,512.941,39.283,133.783,225.604,10,0.119,18.414,0.001,1514.748,3.323,1
95.561048,28.267526,538.794,44.665,230.472,250.285,30,0.122,30.434,0.05,2213.813,412.008,1
92.132167,27.409778,2080.796,35.197,224.746,187.714,30,0.129,31.899,0.05,1138.961,235.028,1
95.28003,28.097285,330.06,35.281,117.065,481.432,10,0.123,12.384,0.01,2058.574,31.14,1
95.906188,28.784231,1251.611,34.129,172.75,83.948,10,0.13,25.972,0.001,1555.498,5.268,1
95.273722,28.114617,362.505,28.328,82.423,336.956,10,0.125,12.656,0.001,2132.991,3.374,1
93.091889,27.301139,775.01,27.349,112.437,55.965,30,0.127,12.135,0.05,1814.577,140.281,1
96.002314,27.297775,356.883,18.689,150.795,729.699,30,0.123,5.757,0.05,1349.043,47.887,1
94.721528,27.720444,325.556,19.131,169.232,0.0,10,0.118,15.312,0.001,1915.908,3.459,1
93.802581,27.339267,756.022,32.303,33.408,376.469,10,0.125,28.912,0.001,1532.23,5.546,1
95.562013,26.885896,1402.763,24.402,29.3,364.85,10,0.124,20.691,0.001,1614.356,4.126,1
95.966345,28.314581,879.505,32.797,169.876,111.931,10,0.123,17.679,0.001,2611.578,5.693,1
95.754919,27.160065,564.655,38.357,80.221,176.978,10,0.123,17.939,0.001,1482.961,3.267,1
95.922046,28.823766,1602.092,34.044,196.318,100.893,10,0.131,24.35,0.001,1476.706,4.694,1
95.273389,28.113846,354.571,24.363,145.84,302.679,10,0.125,7.995,0.001,2130.186,2.13,1
93.456231,27.78,1153.878,42.275,59.059,302.679,10,0.129,23.43,0.001,2282.405,6.949,1
94.135417,27.822556,1303.315,25.204,315.462,363.775,10,0.121,10.995,0.001,2016.621,2.687,1
93.029667,27.437333,956.285,32.885,249.186,275.598,10,0.128,23.4,0.001,2587.485,7.73,1
93.632417,27.652167,1255.139,24.441,251.012,39.574,60,0.124,12.456,0.05,1717.672,133.128,1
95.703582,27.188551,484.65,17.826,345.588,27.983,10,0.118,7.159,0.001,1498.631,1.265,1
95.898382,28.775381,1270.605,50.289,344.08,167.896,10,0.13,23.718,0.001,1580.091,4.886,1
95.833473,28.490727,763.975,33.787,169.805,253.394,10,0.122,30.449,0.001,2127.07,7.874,1
95.858934,28.472863,828.181,38.083,168.922,79.147,10,0.122,17.798,0.001,2102.443,4.573,1
93.911194,27.82925,638.074,26.781,356.954,39.574,10,0.129,19.53,0.001,1347.006,3.399,1
92.426917,27.278417,2527.564,28.626,101.095,100.893,30,0.125,9.712,0.01,2162.176,26.266,1
95.92776111,28.38919722,602.779,34.173,197.227,83.948,50,0.126,30.847,0.01,2460.055,95.391,1
93.812528,27.328528,898.447,34.813,106.69,39.574,30,0.129,16.096,0.05,1533.058,158.882,1
95.551477,28.267726,448.693,26.789,204.364,187.714,10,0.119,8.971,0.001,2247.165,2.407,1
95.177722,28.510528,699.961,31.037,257.75,55.965,10,0.119,16.581,0.001,2248.907,4.416,1
92.613889,27.148056,353.751,50.29,182.939,83.948,10,0.129,46.427,0.001,1930.731,11.543,1
95.55209,28.258122,552.745,35.596,66.27,474.882,10,0.122,12.509,0.001,2207.125,3.357,1
93.629472,27.668278,1102.215,25.665,136.345,158.294,30,0.127,16.215,0.05,1763.606,181.357,1
95.173278,28.528778,816.85,34.703,63.214,250.285,10,0.118,12.154,0.001,2270.17,3.259,1
95.638023,27.079176,1009.47,36.761,292.477,543.326,10,0.121,12.969,0.001,1478.358,2.32,1
95.848265,28.487041,840.843,28.587,218.373,213.11,60,0.123,15.047,0.45,2121.689,1761.245,1
95.780336,28.259524,659.699,41.932,112.374,79.147,10,0.118,19.751,0.001,2114.987,4.928,1
96.409616,27.467849,529.218,29.924,179.679,150.691,10,0.117,13.506,0.001,1510.407,2.394,1
96.54489,28.10714,952.069,42.159,295.853,251.844,10,0.122,34.586,0.001,2010.608,8.412,1
95.774559,28.239482,862.955,40.132,82.028,388.748,10,0.121,29.245,0.001,2079.952,7.369,1
96.54433,28.25897,1661.431,45.124,304.695,39.574,10,0.132,41.726,0.001,1864.674,10.259,1
96.075898,27.288125,307.256,19.775,186.819,139.913,10,0.122,8.153,0.001,1362.117,1.352,1
95.541646,28.246512,582.948,26.15,193.575,79.147,10,0.121,8.713,0.001,2197.485,2.31,1
96.461433,28.083417,903.845,41.718,199.992,223.862,10,0.123,14.888,0.001,2314.798,4.221,1
96.42872,28.00611,436.863,17.799,159.694,83.948,10,0.121,5.415,0.001,2368.695,1.548,1
96.227263,27.49282,274.902,10.437,272.25,39.574,10,0.123,4.257,0.001,1415.844,0.743,0
93.064709,27.309904,1050.976,16.794,343.812,111.931,10,0.126,12.999,0.001,1841.026,3.014,0
92.166934,26.96143,670.016,7.781,302.894,0.0,10,0.129,4.852,0.001,1933.997,1.206,0
94.474201,28.509104,927.883,28.544,327.35,218.552,10,0.122,24.999,0.001,2736.605,8.367,0
93.735836,27.038444,174.687,11.779,194.988,576.878,10,0.127,3.204,0.001,1355.086,0.551,0
95.20137,28.508968,1059.883,12.533,157.107,514.456,10,0.119,3.469,0.001,2254.827,0.933,0
93.515887,27.272592,1115.294,32.966,158.892,55.965,10,0.126,19.953,0.001,1473.215,3.706,0
96.746405,27.930433,1318.813,36.071,1.989,158.294,10,0.124,24.171,0.001,1773.047,5.313,0
92.04409,27.124605,2253.24,29.682,302.66,356.162,10,0.129,22.08,0.001,1953.459,5.551,0
96.26607,27.521787,318.468,14.213,150.806,543.326,10,0.125,5.374,0.001,1449.584,0.968,0
96.006152,28.044445,329.051,7.055,209.906,195.879,10,0.125,2.882,0.001,2033.936,0.73,0
95.493167,27.030175,707.012,10.31,310.984,570.737,10,0.118,2.7,0.001,1363.645,0.437,0
95.266055,26.722243,1272.64,3.281,191.873,307.81,50,0.127,0.613,0.01,1318.396,1.022,0
94.580295,27.814665,730.451,14.841,160.622,537.53,10,0.122,4.303,0.001,2013.426,1.06,0
95.757828,28.037074,172.033,3.065,162.402,115.376,10,0.119,0.871,0.001,1716.191,0.179,0
92.197818,27.393238,1683.316,29.289,168.607,170.212,30,0.129,20.435,0.05,1153.819,152.946,0
92.421131,27.008162,555.403,12.982,97.339,83.948,10,0.129,5.631,0.001,1748.444,1.264,0
95.532252,26.878637,1174.396,29.486,318.061,79.147,10,0.121,21.908,0.001,1581.943,4.18,0
91.813362,27.569937,2572.516,20.296,133.844,0.0,30,0.126,16.485,0.05,1139.916,118.3,0
94.415637,27.984516,658.114,8.393,154.217,83.948,40,0.124,2.071,0.15,2200.01,84.887,0
94.244297,27.913106,803.28,20.219,324.253,27.983,10,0.121,6.352,0.001,1875.865,1.447,0
95.352182,26.863781,398.795,6.544,187.511,55.965,40,0.123,3.772,0.001,1359.865,0.629,0
96.15127,27.927942,219.857,1.373,18.599,83.948,50,0.121,0.198,0.001,2147.863,0.051,0
95.807114,28.222696,1295.484,29.594,345.922,665.141,10,0.123,23.21,0.001,2172.73,6.171,0
94.254526,27.912636,827.268,39.321,97.94,301.383,10,0.122,24.322,0.001,1867.282,5.559,0
93.687658,27.721083,1096.859,10.035,351.649,0.0,10,0.128,6.736,0.001,1840.671,1.587,0
95.318381,26.841464,980.895,18.004,42.032,225.604,10,0.127,7.249,0.001,1332.672,1.224,0
93.514884,27.282991,1271.459,22.336,142.015,225.604,10,0.128,17.307,0.001,1489.551,3.297,0
92.630707,27.394689,1471.891,32.6,12.063,62.571,10,0.128,14.928,0.001,2467.703,4.733,0
96.097979,27.449763,198.062,1.795,204.901,118.721,10,0.123,0.488,0.001,1384.358,0.083,0
96.122008,27.283921,385.86,23.822,257.925,250.285,10,0.124,20.091,0.01,1367.805,33.983,0
92.522187,27.274211,2082.501,33.573,81.968,475.706,10,0.128,18.162,0.001,2305.247,5.338,0
95.971175,27.615419,154.271,0.993,328.711,62.571,30,0.118,0.201,0.05,1348.52,1.605,0
92.767506,27.288616,819.531,34.359,323.961,170.212,10,0.128,20.923,0.001,2403.846,6.417,0
94.723364,28.162941,546.947,29.868,317.573,237.441,10,0.123,19.443,0.001,2051.7,4.909,0
95.334792,26.880585,737.153,26.449,140.088,391.758,50,0.118,8.834,0.001,1313.411,1.376,0
95.31473,27.88939,141.586,2.712,105.217,83.948,10,0.122,0.479,0.001,1714.546,0.1,0
91.676597,27.697491,3765.224,7.089,157.606,27.983,10,0.13,4.302,0.001,1206.681,0.676,0
91.859377,27.5436,1889.645,29.132,325.929,340.424,10,0.123,9.916,0.001,1122.238,1.371,0
95.108823,28.429649,695.222,22.522,308.615,531.671,10,0.121,9.581,0.001,2139.799,2.482,0
91.865809,27.59663,2988.22,18.458,229.73,55.965,30,0.126,8.796,0.01,1067.963,11.822,0
95.9353,28.387894,740.754,32.758,185.337,263.988,10,0.126,27.398,0.001,2486.813,8.565,0
97.008139,28.155627,2587.828,1.324,227.119,481.432,10,0.13,0.189,0.05,1218.295,1.492,0
92.098063,27.656858,3122.231,33.34,156.505,83.948,30,0.132,11.61,0.05,860.134,65.874,0
93.605918,27.067385,194.345,3.355,252.746,27.983,50,0.127,1.099,0.01,1348.763,1.89,0
95.952409,27.871498,157.439,0.281,317.979,237.441,40,0.119,0.065,0.15,1671.152,1.942,0
95.314964,26.894123,616.602,14.054,281.714,139.913,10,0.124,7.643,0.001,1266.703,1.201,0
91.715262,27.731002,2137.802,6.357,222.32,111.931,60,0.131,1.446,0.45,1141.226,97.137,0
94.379681,28.535506,1254.72,30.245,5.195,319.052,10,0.12,26.772,0.001,2320.584,7.452,0
91.742924,27.544616,2230.057,34.142,173.754,230.751,10,0.126,30.815,0.001,1241.576,4.791,0
96.981212,28.063865,1199.204,45.679,132.659,100.893,10,0.128,21.583,0.001,1395.529,3.842,0
95.475787,27.222429,170.234,3.341,260.83,27.983,10,0.121,0.628,0.001,1360.178,0.103,0
92.399353,27.295306,1987.317,26.918,292.646,170.212,10,0.127,23.304,0.001,2086.075,6.159,0
92.891758,27.292912,464.663,21.005,137.238,39.574,10,0.13,17.203,0.001,1890.067,4.236,0
95.74525,27.073348,991.17,23.43,62.795,62.571,10,0.118,19.686,0.001,1545.593,3.608,0
95.57828,27.042482,699.98,31.924,277.554,611.151,10,0.12,17.135,0.001,1436.362,2.953,0
95.336361,28.058507,159.176,1.163,46.698,302.679,50,0.118,0.411,0.01,1862.958,0.901,0
91.809603,27.789353,4451.847,20.268,210.853,250.285,60,0.0,16.456,0.45,950.222,0.0,0
95.731309,27.123641,521.882,15.497,347.541,514.456,10,0.118,11.741,0.001,1506.128,2.078,0
93.402375,28.607304,2721.016,6.673,235.906,27.983,80,0.131,3.977,0.0,767.839,0.0,0
93.810944,27.109218,192.075,27.529,45.606,452.074,10,0.125,12.231,0.001,1512.986,2.31,0
97.014817,28.264959,1464.05,40.407,202.851,79.147,30,0.132,14.388,0.05,1059.207,100.348,0
93.674684,28.153072,1116.645,9.918,290.665,671.585,10,0.122,2.569,0.001,2134.885,0.671,0
94.743824,27.820385,700.015,11.236,151.288,230.751,10,0.123,3.015,0.001,2035.122,0.752,0
92.661258,27.22212,876.624,46.626,35.888,225.604,10,0.13,22.033,0.001,2311.211,6.624,0
95.777999,28.064077,187.113,0.818,244.843,62.571,10,0.123,0.253,0.001,1781.437,0.055,0
94.167984,28.067372,269.016,2.413,5.591,197.868,10,0.124,0.411,0.001,1544.255,0.079,0
96.676579,27.447226,718.359,1.598,73.765,403.572,10,0.119,0.241,0.001,1706.794,0.049,0
95.376119,26.71048,1221.003,22.209,180.456,27.983,10,0.125,14.613,0.001,1468.724,2.676,0
95.845368,27.088784,1488.742,24.323,145.926,646.031,10,0.117,7.979,0.001,1586.152,1.485,0
96.763705,27.3987,791.14,3.636,309.593,176.978,10,0.12,1.81,0.001,1606.221,0.348,0
96.263858,27.653563,303.073,8.523,229.41,240.716,10,0.121,2.113,0.001,1758.793,0.449,0
94.254958,27.535331,165.919,37.03,345.88,442.445,10,0.119,24.891,0.001,1841.255,5.457,0
93.770745,27.770261,629.169,29.071,171.965,279.827,10,0.13,13.052,0.001,1893.569,3.204,0
93.630826,27.096501,452.936,5.526,307.516,644.21,10,0.175,1.206,0.001,1350.251,0.276,0
93.107703,27.647233,1275.14,29.125,177.746,680.848,10,0.127,17.26,0.001,2403.554,5.276,0
93.094722,27.526126,994.334,33.507,307.603,437.998,10,0.13,30.159,0.001,2363.645,9.229,0
96.286315,27.338422,646.922,20.139,157.288,638.104,10,0.121,12.943,0.001,1390.565,2.174,0
93.670422,27.106953,229.681,26.098,224.238,218.552,10,0.128,11.47,0.001,1389.038,2.034,0
95.872487,27.636691,147.166,0.892,20.133,27.983,10,0.12,0.149,0.001,1391.847,0.025,0
93.913527,27.377601,351.609,43.705,349.918,139.913,10,0.121,27.218,0.001,1496.974,4.925,0
91.889737,27.602844,2623.511,26.205,126.157,237.441,10,0.126,22.562,0.05,1039.107,148.063,0
93.738062,27.155927,145.893,5.608,149.218,167.896,10,0.125,1.622,0.001,1536.34,0.311,0
94.810068,28.149407,328.973,3.864,154.641,483.056,10,0.121,1.959,0.001,1927.437,0.456,0
96.336728,27.557818,408.678,9.306,171.278,27.983,10,0.122,6.112,0.001,1528.747,1.143,0
92.967416,27.554724,866.498,27.401,130.264,442.445,10,0.13,12.162,0.001,3084.728,4.881,0
95.3394,27.092195,255.965,19.687,157.364,969.753,10,0.119,6.144,0.001,1289.972,0.944,0
91.878623,27.692911,4353.988,5.288,119.817,39.574,60,0.133,1.14,0.45,953.635,64.846,0
94.128055,28.58704,2020.254,4.349,82.58,0.0,30,0.127,2.284,0.05,1282.104,18.65,0
95.24599,28.408959,676.852,32.086,215.112,176.978,10,0.118,17.236,0.001,2172.361,4.435,0
93.109659,27.674756,960.653,26.95,341.584,115.376,10,0.127,9.036,0.001,2373.527,2.731,0
92.066816,27.471804,3011.407,36.372,116.291,201.786,10,0.126,19.889,0.001,1080.882,2.714,0
94.846895,28.989026,939.206,23.313,179.606,297.46,10,0.119,19.566,0.001,2447.133,5.71,0
93.168303,27.157772,1181.97,19.851,163.556,100.893,10,0.127,8.192,0.001,1836.992,1.92,0
94.689075,27.986042,629.102,15.078,243.051,288.099,30,0.122,4.391,0.05,1921.783,51.647,0
94.866602,28.312404,590.363,18.732,207.212,520.508,10,0.127,12.575,0.001,2108.573,3.363,0
95.06854,28.436377,618.837,32.257,143.242,307.81,10,0.121,11.175,0.001,2150.328,2.887,0
92.53581,27.239884,1790.241,11.734,197.58,27.983,10,0.129,4.207,0.001,2184.744,1.18,0
93.067467,27.49684,975.058,5.23,301.034,576.199,10,0.129,1.123,0.001,2537.584,0.367,0
96.031248,27.424244,179.43,0.529,5.511,158.294,10,0.122,0.148,0.001,1351.005,0.024,0
94.596737,28.552774,843.601,18.621,182.544,363.775,10,0.118,14.802,0.001,2899.178,5.087,0
92.17004,27.369517,2442.915,20.731,351.984,364.85,30,0.128,16.925,0.05,1177.437,127.882,0
94.051068,27.762178,676.942,37.428,115.105,239.084,10,0.127,13.232,0.05,1567.496,132.839,0
93.708238,27.530587,1662.922,33.74,146.32,139.913,10,0.122,11.77,0.001,1392.852,2.013,0
93.675572,27.244868,744.503,37.904,86.95,197.868,10,0.126,23.362,0.001,1629.019,4.815,0
93.1892,27.160946,1252.316,24.231,154.606,195.879,10,0.128,20.514,0.05,1859.791,244.666,0
93.703597,27.095319,168.593,0.991,285.069,0.0,50,0.124,0.334,0.01,1407.834,0.586,0
93.518847,27.295516,1466.574,18.217,195.334,415.993,10,0.127,9.708,0.001,1515.443,1.867,0
93.705978,27.097937,195.553,7.606,218.541,62.571,30,0.123,1.824,0.001,1414.257,0.318,0
95.928469,28.342918,1467.22,20.109,280.543,604.063,10,0.121,8.325,0.001,2552.195,2.574,0
95.519004,26.945228,1487.974,36.182,3.018,301.383,10,0.121,24.254,0.001,1487.88,4.391,0
95.818463,28.945565,1447.78,23.775,152.967,55.965,30,0.132,7.76,0.05,1493.422,76.1,0
93.649248,27.265946,839.12,2.913,191.865,0.0,10,0.129,1.358,0.001,1631.035,0.284,0
95.808757,28.141714,327.544,2.977,275.318,118.721,10,0.123,0.541,0.001,2057.747,0.137,0
94.450601,27.783992,697.606,27.733,150.994,413.159,10,0.12,9.351,0.001,1965.013,2.195,0
92.393641,27.292781,1805.372,29.368,266.198,83.948,10,0.128,17.431,0.001,2056.505,4.608,0
95.206843,28.466268,797.449,29.094,48.516,340.424,10,0.12,25.572,0.001,2208.291,6.785,0
92.270137,27.364042,1561.617,23.865,89.393,27.983,10,0.126,16.979,0.001,1489.036,3.19,0
93.676856,27.583699,1375.5,25.083,335.776,392.756,10,0.126,8.284,0.001,1488.526,1.554,0
91.864226,27.609144,3228.219,13.604,144.176,672.167,10,0.126,5.977,0.001,1061.995,0.799,0
93.604786,27.06492,213.345,14.296,37.349,88.489,50,0.127,5.414,0.01,1348.424,9.271,0
96.262399,27.656982,306.718,2.751,111.244,62.571,10,0.12,0.488,0.001,1760.551,0.103,0
92.425063,27.283882,2540.907,27.212,127.987,218.552,10,0.126,14.186,0.001,2167.627,3.879,0
91.722811,27.791685,3242.119,35.16,194.677,701.802,10,0.129,19.144,0.01,1085.647,26.929,0
91.790658,27.520152,1620.721,39.713,15.418,39.574,10,0.125,36.472,0.001,1253.814,5.705,0
95.944284,27.632612,152.979,1.353,316.447,39.574,10,0.119,0.501,0.001,1343.335,0.08,0
95.590187,27.099559,915.773,17.754,93.526,88.489,10,0.119,5.398,0.001,1423.064,0.911,0
95.888551,28.099279,393.241,11.053,122.195,118.721,10,0.121,5.621,0.001,1991.342,1.349,0
93.974734,27.880728,779.622,31.113,315.021,39.574,10,0.128,24.617,0.001,1441.665,4.547,0
95.174952,28.32257,715.441,23.734,44.046,27.983,10,0.121,12.017,0.001,2023.798,2.939,0
94.819653,28.176431,282.281,28.634,235.563,100.893,10,0.123,12.819,0.001,1920.116,3.015,0
95.827464,28.505938,581.398,14.211,280.628,115.376,10,0.124,10.517,0.001,2147.833,2.793,0
92.160594,27.094123,2003.001,26.262,343.378,223.862,30,0.143,8.758,0.001,1923.782,2.393,0
96.23115,27.698617,256.945,1.265,36.926,62.571,10,0.12,0.178,0.001,1757.665,0.037,0
93.89437,27.379817,361.826,8.715,352.301,139.913,10,0.121,5.616,0.001,1450.167,0.982,0
97.319996,28.224297,4388.761,8.318,78.455,423.455,80,0.134,4.704,0.0,812.582,0.0,0
93.854633,27.352882,682.491,22.459,256.931,39.574,10,0.124,9.547,0.001,1432.986,1.695,0
95.870689,28.018098,197.712,1.6,222.718,176.978,10,0.121,0.374,0.001,1806.5,0.082,0
95.833038,28.939364,1872.597,29.937,207.509,312.856,10,0.132,10.241,0.001,1473.895,1.995,0
93.246277,27.172631,1295.807,9.62,128.93,88.489,30,0.128,6.379,0.05,1781.614,72.871,0
95.127421,28.131766,257.726,29.822,344.19,203.717,10,0.122,10.195,0.001,2019.889,2.514,0
94.687424,28.001039,626.333,3.411,296.963,139.913,10,0.121,0.645,0.001,1911.08,0.149,0
92.979603,27.630616,1692.566,48.53,255.636,504.465,10,0.128,44.865,0.001,3128.551,17.973,0
93.700114,27.551048,1674.222,29.48,225.951,423.455,10,0.126,23.104,0.001,1392.304,4.03,0
96.144555,27.761993,196.234,5.273,36.152,111.931,10,0.122,1.135,0.001,1740.545,0.241,0
93.932444,27.784459,1060.323,13.666,96.679,699.567,10,0.125,3.874,0.001,1278.11,0.619,0
93.432701,27.029326,162.051,18.983,39.841,435.309,10,0.128,12.022,0.001,1420.903,2.192,0
95.090869,28.901537,1397.137,24.898,266.057,62.571,10,0.13,10.833,0.001,1947.26,2.739,0
91.981239,27.606629,2734.313,37.727,113.19,513.694,30,0.126,33.531,0.05,941.658,199.378,0
92.335706,27.341704,1670.618,18.457,163.289,257.988,30,0.131,14.639,0.05,1787.844,171.902,0
95.331801,28.06769,160.249,1.154,121.433,62.571,50,0.118,0.158,0.01,1902.645,0.352,0
93.552229,28.049003,1617.473,9.261,54.61,363.775,10,0.129,2.352,0.001,2140.815,0.648,0
96.690018,27.958176,828.515,20.076,166.802,139.913,10,0.12,16.262,0.001,1754.262,3.428,0
96.029735,28.660652,1133.439,42.096,303.052,55.965,10,0.126,30.778,0.001,1796.49,6.985,0
93.622315,27.82492,941.555,4.949,136.725,79.147,30,0.13,1.046,0.05,2079.772,14.124,0
93.760941,27.037019,120.528,2.422,309.247,559.654,10,0.126,0.414,0.001,1373.981,0.072,0
93.719226,27.145161,207.724,10.885,217.53,551.905,10,0.126,4.493,0.001,1503.894,0.849,0
95.599733,27.093805,1013.075,18.554,298.709,279.827,10,0.122,14.736,0.001,1434.69,2.588,0
94.880373,28.972777,686.48,43.43,120.75,400.651,10,0.122,31.802,0.001,2427.543,9.449,0
94.775041,28.796569,689.48,34.3,85.552,292.148,10,0.116,30.127,0.001,3108.434,10.883,0
93.512231,27.057405,227.029,4.52,334.262,250.285,10,0.128,2.401,0.001,1365.349,0.421,0
93.470073,26.954311,176.992,25.556,343.66,495.855,10,0.128,14.755,0.001,1465.864,2.772,0
96.021397,27.333098,194.631,8.844,31.997,79.147,10,0.127,5.724,0.001,1353.041,0.979,0
93.790984,27.520633,1534.49,24.135,125.216,139.913,30,0.124,10.429,0.45,1559.636,913.59,0
93.50474,28.504659,3004.923,29.569,327.966,170.212,10,0.133,20.667,0.001,999.811,2.753,0
95.354279,26.883953,612.326,24.156,113.342,79.147,30,0.123,10.44,0.05,1339.983,85.814,0
92.229434,27.098359,2198.993,40.529,76.616,100.893,10,0.129,25.132,0.001,1816.947,5.896,0
93.963032,27.797083,460.931,30.974,237.306,167.896,10,0.129,21.827,0.001,1237.385,3.48,0
95.731111,27.188442,758.833,12.754,294.516,419.74,10,0.118,3.547,0.001,1485.311,0.621,0
94.635039,28.034255,827.648,27.996,208.931,39.574,10,0.123,9.457,0.001,1982.236,2.305,0
93.309563,28.112603,1050.844,38.442,117.621,179.177,10,0.124,23.728,0.05,1627.156,240.142,0
94.353848,28.747552,2257.798,26.972,92.919,525.747,30,0.124,18.52,0.05,1724.053,198.353,0
94.029151,28.357346,616.838,44.721,21.259,326.331,10,0.126,40.21,0.001,1515.723,7.682,0
95.926477,27.726631,151.579,0.582,210.607,118.721,30,0.117,0.167,0.001,1477.802,0.029,0
95.728841,27.084522,796.405,25.98,269.375,400.651,10,0.122,20.818,0.001,1519.93,3.83,0
95.503627,26.998015,680.711,24.097,225.559,62.571,30,0.121,10.41,0.05,1411.61,88.638,0
96.853877,27.344857,992.627,17.287,15.825,197.868,10,0.121,13.482,0.001,1506.087,2.47,0
96.599779,28.321493,1240.286,38.641,156.018,100.893,10,0.131,23.863,0.001,1619.478,5.052,0
92.379592,27.202925,1503.825,16.034,351.525,79.147,10,0.14,4.746,0.001,1786.373,1.18,0
92.482436,27.355698,1803.996,30.181,203.459,319.052,10,0.128,13.643,0.001,2209.07,3.863,0
91.708437,27.506955,1638.797,34.057,200.753,628.833,30,0.123,30.727,0.05,1402.478,267.228,0
91.966241,27.611584,3219.02,34.248,256.041,559.654,10,0.127,26.076,0.001,938.246,3.108,0
95.155082,28.306121,618.956,13.795,12.386,100.893,10,0.12,10.126,0.001,2000.309,2.435,0
93.447794,27.037037,181.759,3.451,332.544,27.983,10,0.128,1.691,0.001,1390.084,0.3,0
96.485875,28.067649,667.957,21.497,230.391,223.862,10,0.124,17.218,0.001,2249.231,4.806,0
94.396469,28.457391,2012.242,37.05,122.474,419.74,10,0.129,20.304,0.001,2498.078,6.543,0
92.742563,27.435629,1611.577,25.117,136.745,213.11,10,0.132,12.877,0.001,2742.013,4.663,0
92.883922,27.285344,458.959,33.886,225.35,363.775,10,0.129,22.517,0.001,1925.454,5.598,0
95.546077,26.919003,1609.106,43.43,85.858,475.706,10,0.124,27.04,0.001,1545.769,5.193,0
94.426662,27.960454,541.091,40.757,339.302,139.913,10,0.124,29.736,0.001,2197.588,8.117,0
92.785216,27.36041,888.338,19.492,181.026,265.467,10,0.129,10.566,0.001,2431.406,3.311,0
96.192878,27.970216,311.232,3.83,181.352,179.177,10,0.124,0.989,0.001,2311.307,0.284,0
95.332656,26.777955,653.948,25.473,176.507,240.716,10,0.12,13.099,0.001,1407.639,2.227,0
95.771252,27.172323,398.09,10.537,208.831,201.786,10,0.122,2.777,0.001,1471.015,0.498,0
94.267184,27.899074,1017.216,21.279,147.322,279.827,10,0.123,10.504,0.01,1892.753,24.505,0
95.463108,28.019551,147.18,2.564,109.472,451.207,10,0.119,0.445,0.001,1721.442,0.091,0
95.019586,28.641556,378.635,1.217,243.102,139.913,10,0.123,0.169,0.001,2301.39,0.048,0
94.256049,27.533268,131.2,12.065,91.96,504.465,10,0.119,8.533,0.001,1840.854,1.865,0
93.667998,27.084787,166.397,7.019,135.369,336.956,10,0.126,2.169,0.001,1348.385,0.368,0
91.70728,27.682424,1871.438,15.94,168.056,39.574,10,0.125,4.711,0.001,1179.937,0.694,0
92.091255,27.092225,1366.855,23.157,52.518,356.162,30,0.137,9.914,0.05,1987.48,134.274,0
97.020568,28.205298,1453.381,27.737,103.744,373.336,30,0.131,12.341,0.001,1131.279,1.835,0
92.499458,27.351788,1771.338,22.109,109.637,576.878,10,0.137,9.364,0.001,2246.169,2.863,0
92.49757,27.20084,1476.368,21.887,301.769,336.956,30,0.134,18.102,0.001,2049.992,4.968,0
92.415336,27.410634,2295.45,15.064,248.378,27.983,10,0.125,11.326,0.001,1924.892,2.734,0
92.475254,27.20325,1485.513,7.359,102.969,179.177,30,0.134,4.514,0.05,2060.082,62.681,0
94.612274,28.028875,827.059,21.38,296.698,179.177,10,0.123,8.984,0.001,2022.111,2.231,0
93.540038,27.999276,506.554,23.614,251.176,27.983,10,0.129,13.399,0.001,2012.197,3.494,0
95.41742,26.929697,1217.122,43.282,196.347,680.848,10,0.122,29.46,0.001,1386.281,4.969,0
95.973437,28.924023,1720.284,3.148,289.823,125.142,10,0.131,0.581,0.001,1285.275,0.097,0
91.838222,27.705941,4213.092,39.671,257.541,363.775,30,0.13,21.888,0.05,1002.384,143.217,0
93.689207,27.101433,153.713,2.424,34.891,27.983,50,0.0,0.902,0.01,1403.953,0.338,0
96.84663,27.359784,973.066,8.132,13.126,27.983,10,0.122,4.331,0.001,1517.773,0.805,0
93.6054,27.094419,316.165,20.749,261.965,326.331,10,0.127,12.488,0.001,1354.846,2.138,0
93.828189,27.573075,1558.338,4.443,137.387,0.0,50,0.129,2.348,0.01,1808.379,5.437,0
95.48036,27.955853,135.778,0.103,18.028,100.893,40,0.124,0.007,0.15,1663.516,0.21,0
93.808662,27.487979,1487.385,19.054,316.41,316.588,10,0.127,10.27,0.001,1516.373,1.984,0
96.160398,27.929528,223.999,2.383,184.484,39.574,50,0.12,0.628,0.001,2162.893,0.164,0
92.783598,27.512399,1647.848,29.095,204.698,488.697,10,0.131,18.849,0.001,2923.81,7.245,0
94.255425,27.939495,916.849,20.751,188.071,197.868,10,0.124,16.945,0.001,1791.667,3.761,0
92.494897,27.24565,1922.65,32.889,265.94,170.212,30,0.134,19.899,0.05,2155.855,284.888,0
92.243836,27.107632,2064.761,17.925,106.013,170.212,10,0.131,14.111,0.001,1772.416,3.257,0
94.636066,28.034196,832.984,33.184,151.85,55.965,10,0.123,11.547,0.001,1980.383,2.816,0
92.139753,27.022609,1435.664,15.069,111.552,908.037,30,0.134,4.387,0.05,2012.912,59.339,0
93.885857,27.673995,1395.01,24.941,263.917,455.525,10,0.127,21.249,0.001,1842.667,4.974,0
96.999701,28.137132,2157.923,36.176,89.761,437.104,10,0.132,22.179,0.001,1256.406,3.686,0
95.214298,28.265629,519.473,22.552,301.144,62.571,10,0.122,18.783,0.001,2047.465,4.684,0
93.007304,27.508154,481.262,30.642,252.902,79.147,30,0.134,18.326,0.05,2876.324,352.077,0
97.318943,28.237893,4095.542,28.879,221.798,218.552,30,0.135,18.683,0.05,788.679,99.017,0
92.923129,27.532495,526.423,27.135,207.706,27.983,10,0.134,17.342,0.001,3082.299,7.151,0
93.843242,28.394472,676.646,21.761,15.965,55.965,10,0.124,6.959,0.001,1426.828,1.227,0
91.862678,27.724198,4347.513,22.579,142.292,142.684,30,0.133,9.61,0.05,942.51,60.292,0
93.831527,27.529054,1558.519,17.105,55.064,55.965,10,0.124,7.993,0.001,1697.483,1.684,0
91.992378,27.718172,3698.167,27.206,14.453,139.913,10,0.134,23.604,0.001,809.048,2.553,0
95.01683,27.782614,206.168,21.605,177.336,139.913,10,0.12,10.704,0.001,1793.441,2.315,0
95.802133,28.099643,243.087,7.124,291.275,139.913,10,0.121,2.212,0.001,1917.329,0.513,0
93.60486,27.070315,224.057,4.273,343.171,170.212,50,0.129,0.864,0.01,1349.663,1.49,0
95.868409,27.5615,157.725,3.221,126.738,27.983,50,0.119,0.599,0.01,1295.718,0.923,0
95.126826,28.362937,1133.265,20.619,1.877,316.588,10,0.12,10.101,0.001,2063.25,2.502,0
96.694146,27.442051,621.226,23.645,236.617,39.574,10,0.119,10.171,0.001,1716.393,2.078,0
96.89586,27.310273,1049.807,21.645,6.577,142.684,10,0.121,9.122,0.001,1460.503,1.619,0
94.498309,28.074352,474.363,0.642,72.483,27.983,40,0.125,0.19,0.15,2353.107,8.38,0
94.569331,28.117302,667.39,21.13,224.427,257.988,10,0.12,6.71,0.05,2281.835,92.298,0
96.071444,27.451811,189.49,1.808,345.603,257.988,10,0.121,0.579,0.001,1367.094,0.095,0
95.049426,28.913833,1352.855,27.293,238.364,515.975,10,0.123,14.237,0.001,1940.982,3.404,0
91.886769,27.575418,2367.551,16.625,159.802,203.717,30,0.123,4.969,0.05,1059.467,32.347,0
93.417431,27.909805,1145.031,30.435,80.324,142.684,10,0.128,26.97,0.001,2119.905,7.283,0
94.779364,28.855994,1074.913,28.205,128.795,592.943,10,0.125,14.808,0.001,3087.456,5.697,0
95.493633,28.142576,240.235,2.446,208.076,302.679,10,0.121,0.857,0.001,1951.036,0.202,0
94.61262,28.035737,934.154,13.94,244.255,531.671,10,0.124,3.973,0.001,2033.651,0.999,0
92.248904,27.259172,2825.363,41.993,130.009,292.148,10,0.125,28.539,0.001,1372.746,4.906,0
93.431224,28.645928,4729.76,28.5,251.239,628.833,70,0.135,24.952,0.0,708.425,0.0,0
94.328154,28.670849,1538.659,38.085,225.412,197.868,10,0.129,29.378,0.001,2000.408,7.565,0
95.640821,26.947055,1209.285,26.957,69.872,307.81,10,0.122,22.703,0.001,1632.469,4.513,0
94.853509,28.228079,291.234,32.696,193.984,176.978,10,0.123,14.979,0.001,1965.331,3.629,0
95.892205,27.499207,164.693,6.56,153.289,237.441,10,0.12,3.89,0.001,1284.079,0.598,0
94.100147,27.932347,1399.037,38.133,96.49,176.978,10,0.124,29.418,0.001,1907.349,6.994,0
94.862835,28.227235,318.886,13.321,147.484,672.167,10,0.124,6.529,0.001,1948.901,1.571,0
94.693392,28.299943,336.433,43.734,272.823,340.424,10,0.124,32.033,0.001,2368.169,9.43,0
94.802751,28.177862,245.752,2.552,322.068,150.691,50,0.0,0.584,0.01,1951.106,0.564,0
92.633616,27.395263,1479.567,35.265,213.79,39.574,10,0.129,21.551,0.001,2485.64,6.907,0
94.820474,28.147287,321.181,8.335,358.088,319.052,10,0.122,4.717,0.001,1941.163,1.114,0
96.9337,27.230121,1104.671,4.975,52.538,39.574,10,0.124,2.719,0.001,1584.651,0.535,0
93.056458,27.505991,788.122,34.515,116.705,265.467,10,0.128,24.734,0.001,2596.074,8.232,0
95.728518,27.086589,773.613,21.743,4.03,515.975,10,0.12,9.173,0.001,1519.403,1.684,0
95.906394,28.336682,1168.433,29.728,104.394,391.758,10,0.121,15.762,0.001,2492.452,4.729,0
91.922664,27.577186,2524.444,19.416,144.341,62.571,30,0.121,12.366,0.05,1019.27,76.476,0
93.644,27.214958,491.063,40.419,124.669,100.893,10,0.128,25.059,0.05,1538.318,246.021,0
92.974767,27.555891,549.798,39.247,297.513,115.376,10,0.131,36.007,0.001,3044.139,14.373,0
95.573184,27.234378,206.985,39.281,57.899,213.11,10,0.117,36.041,0.001,1399.227,5.907,0
95.352155,26.708788,1243.467,32.71,251.024,319.052,10,0.126,24.736,0.001,1457.049,4.534,0
94.888458,28.43202,637.146,20.79,82.371,373.336,10,0.121,16.985,0.001,2313.263,4.74,0
91.945775,27.604765,3383.67,28.314,85.619,257.988,10,0.132,12.649,0.001,949.876,1.579,0
91.866567,27.576781,2629.888,7.584,195.785,0.0,50,0.125,4.693,0.01,1079.703,6.319,0
96.899552,27.29914,1057.104,31.269,95.895,83.948,10,0.124,25.956,0.001,1454.085,4.676,0
94.952796,28.962061,621.908,29.197,195.036,203.717,10,0.119,13.119,0.001,1997.084,3.111,0
96.201583,27.495527,238.669,2.833,284.062,350.622,10,0.123,0.507,0.001,1399.707,0.087,0
93.593681,27.746608,932.961,19.866,183.014,39.574,30,0.126,6.214,0.001,2009.557,1.568,0
94.866737,28.29112,385.683,28.409,275.431,88.489,10,0.124,12.699,0.001,2066.711,3.254,0
92.953211,27.593359,1077.353,12.569,196.103,0.0,10,0.129,8.992,0.001,3223.863,3.73,0
95.056376,28.906397,1415.347,19.252,302.301,363.775,10,0.127,5.975,0.001,1940.685,1.47,0
93.59594,27.084299,263.415,3.945,305.107,251.844,10,0.0,0.779,0.001,1354.499,0.068,0
92.046495,27.43129,4005.312,32.527,95.282,576.199,30,0.129,29.145,0.05,1156.359,217.304,0
94.76879,28.111565,697.288,14.302,348.934,495.855,10,0.12,10.603,0.001,1911.924,2.445,0
92.964296,27.559556,701.969,37.853,113.002,88.489,10,0.132,25.505,0.001,3110.183,10.378,0
93.120553,27.697621,890.634,10.069,218.861,39.574,10,0.129,3.456,0.001,2274.838,1.018,0
94.810183,28.941612,782.238,27.32,68.112,566.606,10,0.12,12.12,0.001,2744.677,4.003,0
94.919921,28.35053,1005.222,39.631,254.261,139.913,10,0.119,30.685,0.001,2097.981,7.64,0
91.674917,27.515034,1373.937,35.21,287.031,239.084,30,0.125,12.356,0.05,1453.69,111.648,0
95.9118,27.207965,461.272,24.259,84.392,395.735,10,0.121,10.495,0.001,1456.811,1.843,0
92.396141,27.192967,1630.71,45.894,128.081,125.142,30,0.141,21.686,0.05,1832.597,276.096,0
94.754851,27.828913,687.06,15.529,211.573,225.604,10,0.124,8.677,0.001,2037.239,2.204,0
95.270252,26.929721,842.468,23.22,302.622,413.159,10,0.121,13.125,0.001,1232.987,1.952,0
94.87321,28.983776,673.65,24.744,14.594,83.948,10,0.122,10.751,0.001,2444.701,3.197,0
94.197397,28.03604,331.605,20.166,258.89,139.913,10,0.126,6.331,0.001,1579.064,1.258,0
93.401347,27.036246,203.329,23.375,155.478,288.099,10,0.128,13.233,0.001,1470.661,2.487,0
94.626394,28.036731,919.539,25.338,69.209,403.572,10,0.126,11.066,0.001,2005.732,2.794,0
93.968373,27.781213,358.677,18.591,66.213,79.147,30,0.129,5.719,0.05,1240.201,45.874,0
93.329759,27.770202,1899.699,35.527,174.094,302.679,10,0.13,25.559,0.001,2016.015,6.705,0
95.554446,26.885519,1248.026,31.799,213.258,62.571,10,0.123,23.938,0.001,1603.842,4.704,0
93.831772,27.528213,1550.758,11.112,106.374,27.983,30,0.124,2.973,0.05,1695.43,31.217,0
93.77502,27.135464,119.28,0.683,327.687,223.862,40,0.124,0.206,0.15,1530.099,5.862,0
95.109965,28.490632,532.515,8.76,277.954,327.529,40,0.118,5.654,0.15,2233.618,224.419,0
95.8415,27.088658,1630.387,17.527,135.452,618.158,10,0.119,8.242,0.001,1583.631,1.542,0
93.047359,27.290805,1106.546,28.343,135.586,88.489,10,0.128,14.894,0.001,1763.78,3.362,0
94.846244,28.964435,584.656,25.449,39.749,531.671,10,0.124,13.084,0.001,2580.131,4.207,0
94.188463,27.757672,397.583,40.54,26.262,223.862,10,0.122,37.293,0.001,2146.173,9.785,0
92.22209,27.802937,4841.977,32.276,272.306,911.05,60,0.135,17.354,0.45,553.121,583.005,0
96.029027,27.892702,171.457,0.326,36.187,27.983,10,0.119,0.03,0.001,1898.683,0.007,0
92.517327,27.204067,1208.18,2.718,110.06,139.913,40,0.132,0.48,0.15,2053.946,19.569,0
92.767976,27.311572,490.961,4.808,22.192,55.965,50,0.129,1.007,0.01,2415.163,3.145,0
93.767503,27.782546,1255.953,23.519,285.991,667.491,10,0.129,7.658,0.001,1860.692,1.831,0
94.249472,28.056266,1253.904,43.915,351.839,176.978,10,0.123,40.578,0.001,1729.702,8.6,0
91.654794,27.505822,2198.702,16.452,113.802,878.674,10,0.123,4.904,0.05,1537.724,46.347,0
92.113848,27.091355,1250.26,13.931,323.394,350.622,40,0.134,10.254,0.15,1972.054,405.431,0
92.515686,27.395909,1264.713,30.059,53.531,336.956,30,0.135,26.578,0.05,2156.488,385.259,0
91.869971,27.611831,3209.349,23.919,156.352,251.844,30,0.127,10.316,0.05,1054.018,68.8,0
93.826673,27.095475,124.273,4.498,134.478,118.721,50,0.125,0.924,0.001,1501.734,0.173,0
93.661894,27.287291,1232.444,29.319,210.836,79.147,10,0.128,13.184,0.001,1683.388,2.843,0
93.698813,27.102283,176.2,3.35,353.594,363.775,50,0.0,1.2,0.01,1416.063,0.0,0
91.727062,27.698623,2186.367,33.97,352.849,326.331,10,0.131,20.653,0.001,1149.185,3.099,0
93.650806,27.266178,874.918,33.973,137.13,139.913,10,0.128,11.863,0.001,1633.633,2.474,0
95.764183,27.96932,161.108,4.428,353.463,415.993,10,0.122,0.905,0.001,1693.582,0.187,0
95.934776,28.362125,940.131,36.466,49.406,574.157,10,0.123,29.53,0.001,2535.557,9.185,0
95.820778,28.946021,1479.191,30.208,314.966,79.147,10,0.132,13.658,0.001,1488.604,2.676,0
95.938174,28.314435,1443.117,14.493,217.758,27.983,10,0.123,10.784,0.001,2638.521,3.501,0
95.817435,28.943973,1471.563,8.668,140.39,0.0,10,0.131,5.578,0.001,1497.658,1.098,0
95.4807,27.963273,143.649,1.167,134.698,257.988,10,0.124,0.16,0.001,1669.392,0.033,0
96.560445,28.106234,1669.625,37.152,129.487,773.963,10,0.123,20.365,0.001,1959.929,4.917,0
94.915715,28.97696,577.048,8.216,267.833,307.81,10,0.125,2.659,0.001,2197.614,0.732,0
95.427846,27.098183,286.402,31.91,215.761,111.931,10,0.12,28.504,0.001,1304.85,4.448,0
95.59241,26.93349,1271.629,35.716,272.545,297.46,10,0.122,19.486,0.001,1582.811,3.77,0
95.740648,27.018011,1127.755,23.05,20.711,118.721,10,0.121,7.471,0.001,1627.726,1.465,0
96.143732,27.422783,240.149,0.535,320.014,587.637,10,0.123,0.058,0.001,1376.421,0.01,0
93.097701,27.658955,881.586,30.124,280.181,139.913,10,0.129,13.613,0.001,2473.474,4.333,0
95.102021,28.425101,486.757,16.738,267.132,353.956,10,0.119,9.54,0.001,2132.843,2.425,0
95.078551,28.911926,1530.277,21.835,244.595,163.166,10,0.13,18.049,0.001,1938.893,4.569,0
93.684989,27.570707,1466.679,25.383,184.722,312.856,50,0.126,11.09,0.01,1445.581,20.156,0
95.31619,26.84432,1105.528,24.939,230.838,593.603,10,0.126,8.226,0.001,1325.964,1.367,0
95.752073,28.057332,190.651,8.892,211.71,118.721,10,0.122,2.232,0.001,1737.099,0.473,0
93.109765,27.571397,929.03,31.518,132.084,100.893,10,0.129,28.096,0.001,2292.533,8.346,0
95.837332,28.217953,1554.524,25.536,122.136,265.467,10,0.123,11.171,0.001,2267.35,3.12,0
95.173883,28.540571,772.665,41.016,278.035,62.571,10,0.118,25.456,0.001,2293.629,6.901,0
93.21369,28.007741,1564.066,35.91,104.895,163.166,10,0.132,29.024,0.001,1890.241,7.211,0
95.297157,28.110084,174.987,3.816,235.712,100.893,10,0.124,1.928,0.001,2097.236,0.501,0
93.976821,27.348267,187.899,20.258,99.642,55.965,50,0.12,15.335,0.01,1503.862,27.766,0
93.776689,27.140814,119.468,1.667,96.174,39.574,60,0.124,0.657,0.45,1540.345,56.58,0
95.007988,28.660435,353.744,29.0,134.62,237.441,10,0.12,18.776,0.001,2265.826,5.107,0
94.070658,28.291007,641.064,36.972,81.452,27.983,10,0.121,33.713,0.001,1603.572,6.567,0
94.430733,28.703528,2900.942,33.764,169.018,301.383,10,0.13,20.509,0.001,2003.17,5.317,0
94.478144,27.793336,566.607,25.694,136.734,125.142,10,0.119,13.237,0.001,1986.63,3.135,0
91.972209,27.7482,4320.174,14.414,68.283,463.196,10,0.131,4.146,0.001,777.273,0.422,0
93.800814,27.139492,128.719,11.746,215.261,312.856,50,0.127,4.954,0.01,1556.48,9.795,0
91.700119,27.542831,1495.3,40.874,354.895,111.931,10,0.126,25.362,0.001,1295.221,4.128,0
93.48918,28.394364,1627.659,35.48,281.156,55.965,10,0.128,12.463,0.001,1341.957,2.163,0
93.646455,27.075444,181.457,12.86,183.664,142.684,50,0.126,4.73,0.01,1342.435,7.993,0
94.67238,28.026113,928.796,9.07,64.259,628.833,10,0.124,5.913,0.001,1890.596,1.38,0
95.418616,26.987565,705.522,12.762,136.498,756.051,40,0.118,4.684,0.15,1321.373,109.153,0
94.244249,28.835727,2127.377,23.179,297.604,257.988,10,0.125,7.522,0.001,1332.744,1.258,0
96.31096,27.343976,632.157,26.281,252.218,419.74,10,0.122,22.64,0.001,1400.679,3.872,0
95.009853,28.685283,608.085,20.459,196.103,312.856,10,0.122,16.649,0.001,2221.102,4.537,0
92.048089,27.428045,4124.134,36.669,325.573,739.294,10,0.129,20.07,0.001,1162.234,3.004,0
92.519287,27.278063,1808.197,30.398,302.177,673.912,10,0.129,19.849,0.001,2317.166,5.986,0
93.606384,27.776852,666.633,33.911,130.686,167.896,10,0.127,28.51,0.001,2075.487,7.487,0
94.167707,28.953586,3215.052,22.372,9.079,115.376,10,0.137,18.6,0.001,1105.258,2.81,0
92.987304,27.316542,413.379,8.788,241.099,39.574,10,0.132,3.827,0.001,1801.295,0.91,0
93.77894,27.35462,611.635,3.205,13.539,27.983,30,0.123,0.785,0.05,1545.414,7.485,0
93.796983,27.257955,303.097,33.832,176.288,163.166,10,0.123,15.579,0.001,1622.193,3.106,0
92.123692,27.092631,1586.01,31.451,33.056,611.151,10,0.134,16.839,0.001,1961.93,4.414,0
94.773091,28.900013,508.641,24.418,115.663,275.598,10,0.122,8.017,0.001,3011.486,2.938,0
94.193127,28.022738,408.3,18.183,203.208,364.85,10,0.127,8.632,0.001,1618.788,1.773,0
95.455075,26.77479,1262.072,30.156,333.661,495.064,10,0.123,26.679,0.001,1567.189,5.147,0
94.090502,28.619449,2004.205,14.249,140.162,239.084,30,0.131,4.086,0.05,1215.816,32.669,0
92.081029,27.512372,4204.556,45.405,46.772,240.716,10,0.133,40.837,0.001,1033.307,5.593,0
93.518846,27.243073,951.215,25.73,350.026,218.552,10,0.126,13.259,0.001,1426.757,2.377,0
97.021685,28.190015,1438.055,10.91,54.709,307.81,30,0.13,4.506,0.05,1149.76,33.85,0
93.071646,27.293215,1013.583,29.108,71.357,373.336,10,0.126,25.586,0.05,1789.711,289.577,0
95.816035,28.017445,169.484,0.758,91.99,253.394,10,0.12,0.121,0.15,1758.708,3.841,0
92.053133,27.53188,3748.868,23.084,355.003,55.965,10,0.133,13.031,0.001,1016.273,1.761,0
95.074632,28.493065,577.172,26.542,159.206,88.489,10,0.119,8.871,0.001,2260.72,2.392,0
91.752354,27.514913,1881.936,36.169,343.857,672.75,10,0.123,24.245,0.001,1306.749,3.901,0
93.483097,26.954696,138.672,1.251,182.654,356.162,40,0.13,0.452,0.15,1464.929,12.873,0
96.785402,27.945912,1205.735,8.948,234.841,403.572,10,0.124,2.25,0.001,1726.628,0.482,0
93.306909,28.077125,1439.59,46.423,244.579,111.931,10,0.129,34.044,0.001,1770.523,7.744,0
94.603626,28.213712,492.576,30.967,195.555,326.331,10,0.12,18.554,0.001,2395.168,5.307,0
95.332612,28.063122,162.946,1.522,326.013,257.988,50,0.0,0.226,0.01,1883.877,0.354,0
95.160975,28.314048,950.491,18.959,121.45,327.529,10,0.119,7.734,0.001,2011.043,1.853,0
93.317371,28.432629,2102.786,43.673,23.291,142.684,10,0.13,35.888,0.001,1152.587,5.374,0
95.330843,26.778574,673.698,37.002,175.057,251.844,10,0.122,28.453,0.001,1404.855,4.85,0
93.172676,27.311015,1019.838,35.638,183.144,27.983,10,0.128,32.351,0.001,1958.79,8.09,0
93.483486,27.773378,1081.0,17.238,185.473,483.056,10,0.129,11.328,0.001,2199.353,3.204,0
96.96914,28.033426,1143.677,37.194,76.024,176.978,10,0.128,13.14,0.001,1464.23,2.441,0
94.717569,27.751297,370.32,28.242,246.312,179.177,10,0.123,9.557,0.01,1962.18,23.048,0
92.985494,27.468318,1777.264,32.219,140.435,590.296,10,0.128,14.726,0.001,2733.371,5.137,0
95.576348,27.04867,723.619,29.721,270.409,695.076,10,0.12,20.792,0.001,1427.406,3.567,0
94.075551,27.801471,1075.792,24.593,79.829,201.786,10,0.124,20.888,0.001,1722.293,4.461,0
91.840974,27.700994,4178.189,20.233,278.933,139.913,30,0.131,8.389,0.05,1003.999,55.306,0
95.410767,27.114594,240.74,1.799,329.143,100.893,10,0.118,0.281,0.001,1307.865,0.043,0
95.540615,27.015472,539.538,17.936,16.947,27.983,10,0.117,8.485,0.001,1428.887,1.412,0
92.470234,27.199187,1616.262,9.769,126.67,275.598,30,0.129,2.519,0.05,2051.407,33.503,0
94.45222,28.509337,1065.075,26.544,309.753,27.983,10,0.123,11.707,0.001,2698.802,3.885,0
95.183188,27.947042,263.79,0.302,67.79,218.552,10,0.115,0.028,0.001,1855.138,0.006,0
94.761121,28.824605,917.756,38.926,11.079,179.177,10,0.122,35.685,0.001,3208.661,13.98,0
93.755492,27.763708,684.008,27.821,53.538,115.376,10,0.131,12.386,0.001,1971.131,3.19,0
92.044793,27.540241,3645.725,15.463,251.585,39.574,50,0.133,5.982,0.05,1008.556,40.079,0
95.200305,27.952617,232.887,2.719,74.518,534.609,40,0.118,1.241,0.15,1850.628,40.375,0
93.603315,27.742097,916.912,31.759,4.43,39.574,10,0.125,17.032,0.001,1987.233,4.23,0
93.62591,27.781866,944.072,23.731,271.417,39.574,10,0.129,13.48,0.001,2068.093,3.588,0
96.090237,27.462307,195.412,2.225,147.471,62.571,10,0.12,0.37,0.001,1375.801,0.061,0
93.817443,27.298983,1090.893,10.913,285.417,437.998,10,0.126,2.905,0.001,1567.126,0.572,0
93.596169,27.769712,832.821,22.336,21.794,55.965,10,0.127,11.153,0.001,2067.566,2.923,0
94.083832,28.285412,410.999,18.92,176.899,100.893,10,0.122,11.972,0.001,1606.869,2.335,0
95.826722,28.929428,1440.621,24.583,317.913,55.965,10,0.131,10.666,0.001,1498.026,2.101,0
92.662146,27.320277,1505.475,36.939,287.333,118.721,10,0.13,13.04,0.001,2587.854,4.465,0
93.811642,27.113931,129.128,0.564,4.136,495.064,40,0.126,0.161,0.01,1521.729,0.307,0
95.351341,26.976545,621.029,29.099,171.065,488.697,10,0.12,17.242,0.001,1257.481,2.603,0
92.583285,27.18277,1311.226,39.225,357.232,253.394,10,0.129,35.984,0.001,2024.908,9.441,0
95.246824,28.43445,708.168,13.781,281.383,0.0,10,0.122,10.114,0.001,2203.706,2.711,0
96.359386,27.49671,372.557,29.156,11.785,150.691,10,0.122,25.637,0.001,1504.535,4.712,0
92.088881,27.500395,4029.774,33.511,157.726,506.788,10,0.131,30.163,0.05,1045.324,206.094,0
93.40407,27.900976,923.251,34.897,338.004,197.868,10,0.129,12.232,0.001,2136.751,3.365,0
94.156955,28.061009,492.983,31.554,81.991,488.697,10,0.127,10.893,0.001,1550.715,2.141,0
95.309325,27.877777,136.522,2.81,240.312,566.606,10,0.122,0.502,0.001,1708.994,0.104,0
92.984572,27.564442,491.145,6.045,314.242,27.983,80,0.132,2.103,0.0,3000.955,0.0,0
93.458359,28.370588,1411.142,42.04,29.075,118.721,10,0.132,15.01,0.001,1433.933,2.842,0
91.959743,27.706463,4488.398,14.749,136.165,503.688,60,0.134,5.633,0.45,828.119,281.711,0
92.22525,27.093353,2326.562,28.408,12.89,223.862,10,0.128,12.699,0.001,1836.243,2.986,0
95.027992,28.612567,318.332,4.642,65.902,139.913,40,0.123,2.211,0.15,2339.851,95.913,0
95.661174,28.160278,223.443,5.676,143.992,167.896,10,0.119,1.938,0.001,1769.951,0.409,0
93.015837,27.430057,462.095,21.636,346.569,27.983,10,0.13,9.117,0.001,2528.62,2.992,0
92.509099,27.44146,1494.843,26.13,356.775,27.983,10,0.13,22.484,0.001,2026.285,5.996,0
94.047067,28.040021,1158.557,14.263,58.31,646.031,10,0.124,4.091,0.001,1628.385,0.824,0
95.404751,26.802943,1420.824,18.71,171.278,695.076,30,0.123,7.608,0.05,1512.622,70.771,0
95.99218,29.035227,1825.967,3.285,352.282,0.0,10,0.127,1.587,0.001,1125.523,0.226,0
93.035173,27.681869,905.913,17.785,306.26,225.604,10,0.131,5.41,0.45,2887.318,919.079,0
94.660869,28.294661,355.555,1.169,349.377,79.147,10,0.124,0.414,0.001,2431.348,0.125,0
94.045087,27.758836,620.002,39.258,166.253,584.296,30,0.129,33.583,0.05,1537.834,334.108,0
93.031926,27.724018,860.209,27.731,309.058,55.965,10,0.13,16.28,0.001,2950.801,6.233,0
93.749908,27.193024,547.364,25.998,290.305,316.588,10,0.126,16.47,0.001,1608.283,3.327,0
94.095516,28.269356,620.566,37.032,69.549,455.525,10,0.125,33.773,0.001,1603.93,6.781,0
95.720097,27.215316,497.132,22.885,261.47,504.465,10,0.118,19.126,0.001,1481.959,3.354,0
95.714676,27.033168,1166.69,24.735,99.211,312.856,10,0.119,21.035,0.001,1587.233,3.953,0
96.074174,27.461043,192.633,4.922,97.897,534.609,10,0.121,2.261,0.001,1365.084,0.374,0
94.675239,28.271357,311.307,4.939,132.285,340.424,10,0.126,1.043,0.001,2352.246,0.311,0
91.858356,27.583938,2937.507,7.983,152.759,434.408,50,0.128,2.562,0.05,1083.984,17.831,0
92.268544,27.195264,1983.646,37.406,0.627,187.714,10,0.13,34.152,0.001,1482.316,6.573,0
95.833227,27.636681,146.171,2.649,180.176,0.0,10,0.121,1.2,0.001,1415.542,0.206,0
94.083341,28.058688,791.644,16.791,247.536,187.714,10,0.121,12.996,0.001,1580.577,2.483,0
93.07298,27.514448,911.621,24.461,27.604,559.654,10,0.129,20.752,0.001,2495.358,6.676,0
93.677926,27.105518,168.801,3.754,245.388,27.983,10,0.127,1.887,0.001,1396.266,0.335,0
94.796257,27.850115,484.664,29.507,39.124,549.773,10,0.125,19.165,0.001,2030.475,4.869,0
91.721735,27.791801,3237.929,36.325,205.802,613.708,30,0.129,33.054,0.001,1086.733,4.638,0
93.604872,27.816134,937.762,8.406,161.609,111.931,30,0.129,5.361,0.05,2114.338,72.983,0
96.317428,27.925514,551.063,33.119,149.816,88.489,10,0.124,17.88,0.001,2125.724,4.705,0
96.580871,27.472089,473.732,3.863,130.262,400.651,10,0.12,0.758,0.001,1647.812,0.15,0
92.674933,27.212022,1539.374,18.974,21.007,768.378,10,0.127,15.154,0.001,2291.655,4.404,0
95.725437,27.125068,442.844,12.196,244.2,277.015,10,0.117,8.652,0.001,1508.567,1.525,0
94.647091,28.135769,598.556,26.179,246.773,341.572,10,0.121,16.609,0.001,2149.986,4.307,0
95.002465,28.682908,614.977,24.724,142.477,570.737,10,0.122,10.741,0.001,2224.922,2.912,0
94.728842,27.82012,640.154,21.776,213.435,201.786,10,0.121,10.808,0.001,2047.0,2.665,0
93.005977,27.588556,794.658,31.544,84.903,461.502,10,0.131,25.016,0.001,2913.636,9.507,0
93.684261,27.927183,987.02,32.157,168.172,62.571,10,0.127,28.76,0.001,2255.337,8.269,0
93.62878,27.105002,387.741,12.308,96.412,195.879,50,0.154,3.389,0.001,1352.502,0.631,0
92.511918,27.361137,1504.25,30.294,47.73,336.956,10,0.13,25.01,0.001,2241.795,7.281,0
94.969881,28.665765,424.724,27.609,14.295,197.868,10,0.124,12.273,0.001,2252.766,3.426,0
92.571648,27.17368,1525.867,35.051,148.867,197.868,10,0.126,19.077,0.001,1971.794,4.751,0
92.097659,27.356877,3550.12,10.835,329.007,340.424,30,0.127,7.433,0.05,1263.358,59.58,0
92.002411,27.556182,3364.254,37.449,37.899,83.948,30,0.133,17.47,0.01,997.223,23.084,0
91.644916,27.602699,2164.689,38.283,57.989,419.74,10,0.127,29.546,0.001,1306.182,4.95,0
92.927848,27.294525,487.082,30.511,111.113,474.882,10,0.133,13.819,0.001,1740.557,3.205,0
93.836696,27.800928,1185.561,27.151,129.334,27.983,10,0.13,15.873,0.001,1551.767,3.188,0
95.014274,28.656449,412.301,1.645,261.326,288.099,10,0.117,0.25,0.001,2273.802,0.067,0
93.728425,27.134219,128.036,0.85,25.854,79.147,10,0.127,0.274,0.001,1492.537,0.052,0
96.305083,27.532579,331.774,12.705,273.063,111.931,10,0.123,5.478,0.001,1478.385,0.996,0
91.919844,27.579429,2687.219,22.378,115.334,340.424,10,0.125,12.542,0.001,1020.979,1.592,0
95.569035,27.033672,690.41,7.932,43.622,316.588,10,0.12,1.926,0.001,1437.163,0.331,0
92.421505,27.323376,1448.922,22.523,335.014,341.572,30,0.133,9.581,0.05,2167.731,137.804,0
91.729412,27.687451,2939.621,36.079,338.759,584.296,10,0.13,16.758,0.001,1153.79,2.521,0
94.240345,28.031978,1303.617,29.197,235.541,725.934,10,0.127,15.429,0.001,1662.091,3.26,0
96.358234,27.896294,725.931,35.28,266.437,111.931,10,0.124,21.561,0.001,2224.767,5.96,0
93.789403,27.520691,1564.418,21.485,142.718,250.285,10,0.125,15.737,0.001,1555.665,3.067,0
92.309029,27.186449,2050.598,29.006,175.425,263.988,10,0.128,17.177,0.001,1462.03,3.222,0
95.358873,26.99975,341.596,14.507,324.56,534.609,10,0.121,10.797,0.001,1264.882,1.664,0
95.32227,28.044437,158.012,0.379,164.111,100.893,30,0.122,0.037,0.05,1838.05,0.418,0
91.728901,27.688906,2931.106,32.963,245.574,628.833,30,0.131,11.459,0.05,1153.176,86.399,0
95.311217,26.797663,1046.548,18.774,90.644,447.723,10,0.126,14.955,0.001,1368.984,2.588,0
95.761737,27.162776,445.422,13.16,88.465,522.76,10,0.122,3.692,0.001,1478.787,0.665,0
93.151295,27.69861,1158.78,29.13,331.802,257.988,10,0.127,25.61,0.001,2035.519,6.661,0
95.221046,28.239921,358.068,28.306,216.691,197.868,10,0.118,16.684,0.001,2060.738,4.065,0
93.029963,27.33582,385.056,18.193,309.956,39.574,10,0.132,10.596,0.0,1964.554,0.0,0
93.188757,27.31683,1123.468,7.607,324.116,150.691,30,0.128,1.825,0.05,1952.251,22.742,0
93.806967,27.11314,130.884,8.991,299.316,55.965,10,0.125,3.513,0.001,1516.756,0.666,0
93.630278,27.101309,400.073,13.599,285.715,448.597,50,0.0,6.703,0.01,1351.433,0.0,0
94.684056,27.655736,199.461,7.446,132.159,653.263,10,0.121,1.775,0.001,1840.57,0.396,0
95.818552,28.913403,1501.176,23.024,156.249,350.622,30,0.132,7.46,0.05,1533.411,75.728,0
96.445578,27.457211,601.479,17.177,294.807,139.913,10,0.117,5.178,0.001,1512.123,0.915,0
93.73607,27.705144,1892.805,26.222,260.62,532.407,10,0.122,8.742,0.001,1901.142,2.028,0
94.65827,27.834162,841.297,20.393,139.599,139.913,10,0.123,9.963,0.001,2017.976,2.465,0
95.248389,28.408033,687.265,22.359,241.897,27.983,50,0.118,18.586,0.01,2173.578,47.656,0
94.992431,28.239229,201.5,2.703,45.0,79.147,80,0.125,0.477,0.0,2016.17,0.0,0
95.248382,28.399022,620.94,36.082,69.079,118.721,10,0.12,12.702,0.001,2162.658,3.302,0
92.613655,27.306211,789.527,5.328,51.238,176.978,50,0.128,1.518,0.01,2547.823,4.964,0
93.556478,28.005877,694.14,39.875,130.247,111.931,10,0.129,22.011,0.001,2068.188,5.873,0
95.298773,28.067462,234.619,2.727,216.951,316.588,10,0.118,0.918,0.001,1926.582,0.209,0
95.116835,28.495533,729.653,31.59,277.278,111.931,10,0.117,14.392,0.001,2239.358,3.763,0
95.821441,28.15314,372.787,3.141,181.247,326.331,10,0.12,1.009,0.001,2105.779,0.256,0
96.020733,27.419943,176.238,1.228,323.748,277.015,10,0.123,0.442,0.001,1345.521,0.073,0
94.233786,28.953915,3205.83,20.405,269.839,319.052,10,0.138,13.993,0.001,1211.371,2.336,0
94.370656,28.525177,1397.465,23.083,280.964,39.574,10,0.124,18.799,0.001,2287.835,5.321,0
93.7973,27.118266,135.113,11.784,342.03,576.878,10,0.125,3.206,0.001,1517.884,0.609,0
92.950808,27.583749,976.148,30.013,242.056,543.326,10,0.13,10.272,0.001,3223.256,4.308,0
94.605109,28.194316,634.978,38.018,322.168,559.654,10,0.119,23.44,0.001,2353.869,6.533,0
93.469135,27.764643,1073.839,32.477,276.055,319.052,10,0.129,19.611,0.001,2235.91,5.672,0
96.742499,27.949255,801.276,33.119,188.355,0.0,10,0.122,29.758,0.45,1739.45,2845.359,0
91.867231,27.729758,4433.803,25.048,146.858,312.856,60,0.133,16.934,0.45,928.425,945.407,0
91.913578,27.700042,4254.992,5.806,159.387,55.965,30,0.131,1.286,0.01,889.445,1.499,0
92.694182,27.171746,362.159,40.934,148.752,179.177,10,0.128,25.402,0.001,2155.602,6.997,0
94.173497,28.103461,803.901,24.478,150.322,672.75,10,0.127,12.479,0.001,1555.236,2.462,0
94.8847,28.310651,765.582,9.087,188.095,302.679,10,0.124,5.927,0.05,2075.574,76.04,0
94.288033,29.015655,3448.22,22.432,200.223,335.792,10,0.136,7.225,0.001,1295.162,1.272,0
93.651695,27.107863,301.82,33.795,349.695,201.786,10,0.127,15.559,0.001,1366.837,2.711,0
96.036418,29.07133,1905.641,23.47,323.754,39.574,10,0.133,18.394,0.001,1052.934,2.574,0
96.111708,27.307543,347.028,6.618,81.098,55.965,10,0.124,3.319,0.001,1345.047,0.555,0
95.959026,27.564738,159.203,0.733,355.465,62.571,40,0.117,0.088,0.15,1268.104,1.95,0
96.584015,27.472181,468.168,8.058,209.567,118.721,10,0.12,1.965,0.001,1650.671,0.389,0
91.841823,27.747226,4400.944,12.79,84.337,115.376,60,0.133,6.777,0.05,948.337,42.687,0
96.2685,27.521895,304.107,11.96,162.51,426.22,10,0.124,8.438,0.001,1451.148,1.518,0
94.586925,28.180296,804.272,8.882,77.986,301.383,30,0.126,5.367,0.05,2366.496,79.791,0
95.514209,26.909342,1433.057,22.068,357.156,27.983,10,0.121,10.988,0.001,1524.198,2.018,0
93.66809,27.084764,166.397,7.019,135.369,336.956,10,0.126,2.169,0.001,1348.385,0.368,0
93.561133,26.989656,250.296,29.476,321.68,100.893,10,0.128,13.268,0.001,1420.627,2.41,0
93.754226,27.180566,497.366,26.394,298.428,353.956,10,0.126,13.674,0.001,1590.677,2.747,0
95.468896,27.16956,176.243,4.056,284.143,62.571,10,0.123,2.087,0.001,1339.771,0.345,0
93.34044,27.893754,904.072,42.239,53.915,302.679,10,0.13,19.904,0.001,2119.216,5.48,0
93.843023,27.589411,1569.671,1.616,292.085,163.166,30,0.0,0.244,0.15,1892.137,1.758,0
97.014821,28.119732,1108.765,1.364,249.015,139.913,60,0.128,0.493,0.45,1256.49,35.801,0
92.307735,27.108766,2538.956,34.769,264.621,336.956,10,0.124,18.902,0.001,1695.288,3.976,0
93.691934,27.555331,1691.635,24.718,212.586,514.456,60,0.125,21.018,0.05,1397.436,183.947,0
93.740281,27.147512,134.56,1.413,161.38,613.708,10,0.125,0.53,0.001,1524.026,0.101,0
95.153098,28.602247,1459.748,5.408,194.298,388.748,10,0.121,1.173,0.001,2271.94,0.322,0
92.739408,27.438501,1837.983,15.025,167.838,316.588,10,0.132,4.371,0.001,2759.897,1.584,0
94.608394,28.215619,470.098,40.675,142.759,197.868,10,0.119,19.12,0.001,2388.915,5.442,0
92.18739,26.962378,989.372,11.622,191.755,307.81,10,0.13,3.149,0.001,1919.234,0.782,0
93.619222,27.013419,375.196,31.576,303.443,197.868,10,0.125,14.385,0.001,1383.219,2.5,0
95.708137,27.244431,265.73,15.062,117.933,27.983,10,0.119,7.634,0.001,1478.405,1.351,0
93.108854,27.681723,936.168,36.219,319.325,319.052,10,0.13,19.795,0.001,2374.786,6.104,0
93.63889,27.73735,1074.931,34.481,4.747,447.723,10,0.126,27.72,0.001,1936.127,6.736,0
92.625553,27.023552,194.098,8.831,279.234,125.142,10,0.129,2.919,0.001,1691.761,0.635,0
95.957252,27.206613,681.061,40.838,249.793,699.567,10,0.119,33.434,0.001,1480.047,5.874,0
93.135251,27.521465,1141.226,34.053,293.859,364.85,10,0.129,30.723,0.001,2133.518,8.437,0
92.353792,27.327217,1660.658,32.172,294.362,230.751,10,0.133,28.776,0.001,1879.524,7.11,0
94.681997,27.686605,391.409,36.822,334.534,312.856,10,0.12,22.623,0.001,1882.768,5.104,0
91.961631,27.586683,2694.408,21.046,76.928,638.104,30,0.122,6.677,0.05,968.395,39.334,0
95.213079,27.948777,211.991,1.468,56.962,257.988,40,0.12,0.216,0.15,1838.056,7.124,0
93.710532,27.132598,139.562,3.969,11.53,419.74,50,0.125,1.219,0.01,1476.291,2.256,0
92.587449,27.373233,1432.292,21.538,155.371,326.331,10,0.127,6.871,0.001,2329.61,2.031,0
91.954764,27.628623,3253.57,25.186,232.048,115.376,10,0.128,8.325,0.001,920.235,0.983,0
96.828731,27.893084,847.266,25.66,207.953,139.913,10,0.122,8.516,0.001,1803.602,1.881,0
93.775476,27.793606,1566.287,20.536,152.61,672.75,10,0.128,6.476,0.001,1792.601,1.489,0
95.833854,28.88694,1482.228,29.266,286.23,197.868,10,0.13,9.97,0.001,1542.378,2.001,0
93.456552,28.497397,2041.197,8.61,102.281,39.574,10,0.133,3.727,0.001,1023.447,0.509,0
93.524066,27.065959,250.705,1.543,2.372,62.571,10,0.126,0.23,0.001,1364.797,0.04,0
91.649537,27.602556,1929.651,27.949,38.697,288.099,10,0.123,16.434,0.001,1300.579,2.636,0
95.405881,26.878495,683.782,17.428,182.966,225.604,10,0.123,6.958,0.001,1426.871,1.217,0
95.111439,28.523978,1216.628,11.053,270.179,738.764,10,0.121,4.582,0.001,2299.615,1.274,0
94.609978,28.491272,1152.834,19.373,79.26,397.709,10,0.12,6.022,0.001,2988.784,2.163,0
92.730499,27.304649,1017.372,21.055,42.301,455.525,10,0.131,10.367,0.001,2557.438,3.481,0
92.90052,27.551105,1127.586,25.214,257.306,397.709,10,0.129,12.937,0.001,3190.01,5.347,0
94.991165,27.802598,594.109,21.145,198.281,587.637,10,0.123,8.861,0.001,1827.095,1.993,0
94.719509,27.751479,397.132,15.253,219.587,346.127,10,0.123,11.507,0.001,1960.922,2.787,0
92.732922,27.353459,1197.453,33.827,259.305,139.913,10,0.131,30.49,0.001,2633.884,10.493,0
92.106689,27.100868,1374.192,20.151,57.871,350.622,30,0.136,12.042,0.05,1956.998,158.636,0
93.944962,28.175889,1416.339,50.808,101.735,257.988,10,0.126,37.166,0.001,1594.045,7.452,0
95.439548,26.836778,1043.227,22.914,127.24,237.441,10,0.123,14.119,0.001,1527.928,2.642,0
93.756381,27.166828,195.222,23.096,146.083,391.758,10,0.124,14.257,0.001,1568.777,2.775,0
93.794213,27.206719,192.68,19.652,100.457,115.376,10,0.123,15.835,0.001,1656.642,3.213,0
92.305172,27.391966,2131.573,25.848,351.373,458.95,10,0.132,14.959,0.001,1604.68,3.151,0
96.791821,27.893619,1297.1,35.176,54.618,100.893,10,0.123,31.878,0.001,1820.594,7.16,0
96.143563,27.76686,195.336,2.569,221.269,358.353,10,0.122,1.153,0.001,1745.978,0.245,0
93.511528,27.250461,988.658,15.415,274.138,55.965,10,0.127,8.596,0.001,1430.027,1.564,0
95.72715,28.135278,195.756,0.803,112.142,55.965,50,0.118,0.13,0.01,1839.456,0.283,0
92.253742,27.295595,2803.404,34.445,299.642,663.373,10,0.126,15.902,0.001,1477.892,2.951,0
91.866372,27.584925,2806.55,15.012,187.834,251.844,10,0.129,6.776,0.001,1074.826,0.939,0
92.360753,27.200588,1751.885,38.323,30.822,176.978,30,0.13,17.922,0.05,1701.922,199.631,0
92.414765,27.213778,1450.171,9.953,183.222,0.0,30,0.14,6.665,0.45,1960.062,819.046,0
96.203343,27.481205,265.692,1.88,266.844,225.604,50,0.122,0.566,0.01,1396.898,0.969,0
91.799066,27.72099,3645.687,10.81,240.735,27.983,60,0.133,4.453,0.45,1047.295,279.327,0
95.036095,28.611302,455.408,30.719,277.195,400.651,10,0.122,20.096,0.001,2335.931,5.727,0
93.052207,27.330633,540.793,28.372,30.182,142.684,10,0.133,12.68,0.001,1954.555,3.292,0
94.221579,29.06565,3117.839,24.121,56.189,179.177,10,0.137,10.422,0.001,1103.96,1.576,0
94.245779,28.845835,2049.94,53.259,187.587,55.965,10,0.128,25.012,0.001,1325.755,4.275,0
95.41803,26.787554,1348.231,44.218,234.678,677.389,10,0.124,20.878,0.001,1538.91,3.983,0
95.926715,28.630149,1020.609,32.343,315.376,257.988,10,0.122,21.34,0.001,1972.466,5.136,0
93.544652,27.101946,1192.024,22.216,143.816,628.833,10,0.123,7.139,0.001,1368.647,1.212,0
93.34648,27.187759,1343.186,31.129,357.571,197.868,10,0.127,24.632,0.001,1601.928,4.999,0
94.715392,28.194662,327.247,14.221,238.65,115.376,10,0.121,6.325,0.001,2126.001,1.619,0
96.387712,27.916817,731.36,26.273,67.492,125.142,10,0.121,8.763,0.001,2291.377,2.44,0
92.565837,27.226614,1885.478,41.774,220.501,530.934,10,0.13,25.958,0.001,2177.687,7.323,0
91.648422,27.571986,1998.256,43.779,183.124,203.717,10,0.124,32.067,0.001,1356.716,5.373,0
94.989204,28.955827,844.219,6.578,241.568,434.408,10,0.125,1.512,0.001,1975.679,0.373,0
95.278902,27.011523,465.337,13.436,130.635,79.147,10,0.121,5.883,0.001,1256.477,0.895,0
92.326245,27.168621,2008.628,27.495,46.908,27.983,10,0.129,20.157,0.001,1495.665,3.876,0
96.826811,27.894081,872.713,50.716,178.6,118.721,10,0.122,46.798,0.001,1802.669,10.324,0
95.661375,27.109077,1000.924,49.436,102.643,715.066,10,0.124,23.334,0.001,1492.651,4.327,0
93.014647,27.320285,424.41,7.253,130.856,0.0,30,0.134,4.43,0.05,1852.982,54.851,0
95.472502,26.93358,1026.65,37.256,178.599,55.965,10,0.121,20.429,0.001,1453.802,3.606,0
95.38238,26.889434,418.225,19.142,50.52,397.709,10,0.123,12.148,0.001,1378.002,2.05,0
93.466574,27.034367,193.518,14.688,29.765,79.147,10,0.129,10.968,0.001,1391.045,1.964,0
95.509135,26.98808,769.454,32.663,95.625,83.948,50,0.121,14.962,0.001,1428.38,2.597,0
92.394217,27.198849,1693.613,20.083,80.292,503.688,30,0.137,12.898,0.001,1838.621,3.248,0
96.825125,27.875726,1148.084,34.849,121.819,358.353,10,0.123,31.542,0.001,1836.922,7.136,0
92.602884,27.134723,294.512,23.844,0.165,39.574,10,0.131,7.788,0.001,1874.415,1.919,0
96.029302,27.802093,160.676,0.055,12.616,504.465,40,0.123,0.004,0.15,1662.476,0.122,0
91.709022,27.775126,3416.137,38.299,210.343,257.988,30,0.132,23.631,0.001,1119.803,3.495,0
96.241266,27.781455,249.568,2.372,168.698,170.212,10,0.117,0.402,0.15,1927.963,13.603,0
95.975361,28.936736,1735.329,11.329,236.647,139.913,30,0.128,7.872,0.05,1267.307,63.877,0
96.288787,27.899098,268.429,5.136,219.752,197.868,10,0.115,2.833,0.001,2068.426,0.673,0
95.242575,28.293842,1690.621,26.389,14.348,83.948,10,0.122,20.239,0.001,2139.371,5.318,0
95.959251,27.620287,152.451,1.22,203.15,79.147,10,0.119,0.224,0.001,1341.383,0.036,0
94.647011,27.875893,1329.789,27.642,171.858,527.976,10,0.123,19.074,0.001,1987.069,4.647,0
91.976833,27.553453,3031.182,30.881,309.506,543.326,10,0.128,14.016,0.001,1004.656,1.804,0
92.166983,27.105521,1675.782,23.89,341.056,27.983,10,0.138,20.162,0.001,1879.594,5.231,0
92.862784,27.714268,2938.01,37.335,104.121,237.441,10,0.131,20.477,0.001,3178.084,8.485,0
94.300542,28.527243,1434.043,35.109,34.873,39.574,10,0.123,29.659,0.001,1929.917,7.041,0
93.479052,27.760123,1340.759,24.352,255.012,745.097,10,0.128,18.358,0.001,2195.257,5.175,0
93.777485,27.356479,600.447,24.536,12.664,55.965,10,0.123,8.065,0.001,1544.609,1.532,0
93.680903,27.440266,779.506,6.852,101.225,100.893,30,0.126,2.473,0.05,1610.591,25.088,0
93.749343,27.125622,163.769,9.375,3.023,285.369,50,0.0,4.16,0.01,1493.715,5.085,0
91.656552,27.504962,2138.445,15.351,133.962,813.426,30,0.123,5.927,0.05,1535.796,55.903,0
93.199187,27.962124,1432.473,31.606,238.614,442.445,10,0.124,10.914,0.001,1804.254,2.441,0
94.627845,28.032533,886.515,17.399,134.089,62.571,10,0.124,5.262,0.001,1995.26,1.306,0
92.360925,27.189925,1991.084,41.834,32.478,27.983,10,0.129,19.702,0.001,1677.86,4.259,0
92.916546,28.227395,4184.157,22.454,32.492,275.598,30,0.133,7.234,0.05,1131.949,54.638,0
93.479118,27.192764,1268.457,4.832,307.301,27.983,40,0.124,1.337,0.15,1401.934,34.965,0
95.3303,26.778455,676.999,32.533,167.791,257.988,10,0.122,23.111,0.001,1403.972,3.936,0
95.393341,28.077441,158.544,1.019,80.575,111.931,10,0.121,0.134,0.001,1897.478,0.031,0
92.640195,27.320465,1516.857,19.194,208.207,574.157,30,0.135,10.365,0.05,2552.676,179.756,0
92.55119,27.386879,1552.589,24.633,156.146,755.533,10,0.131,8.104,0.001,2236.237,2.374,0
93.370007,27.74822,1346.182,25.717,220.976,167.896,10,0.131,11.267,0.001,2139.88,3.151,0
95.90626,27.623332,150.108,0.755,277.412,0.0,40,0.119,0.235,0.15,1354.12,5.689,0
92.140929,26.963647,668.707,15.091,84.895,448.597,10,0.13,11.352,0.001,1955.92,2.888,0
93.462268,28.473385,1960.308,27.115,91.772,55.965,10,0.125,23.509,0.001,1098.392,3.232,0
93.73221,27.752892,1192.122,31.008,342.062,346.127,10,0.128,10.673,0.001,2017.043,2.75,0
95.000926,28.657158,496.239,26.154,137.035,500.57,10,0.122,11.499,0.001,2271.508,3.202,0
93.046329,27.665438,780.261,26.27,171.986,39.574,10,0.131,13.597,0.001,2798.014,4.973,0
93.435722,27.918402,1299.93,39.934,169.221,376.469,10,0.13,24.734,0.001,2102.517,6.749,0
95.479891,27.026914,677.324,17.843,180.169,319.052,10,0.119,8.43,0.001,1354.034,1.36,0
95.890347,27.500984,159.434,2.977,239.346,27.983,10,0.12,0.541,0.001,1284.516,0.083,0
95.862205,27.66357,143.583,3.793,171.831,27.983,50,0.119,1.41,0.01,1433.281,2.411,0
94.888955,28.825177,458.557,10.961,188.901,218.552,10,0.123,7.545,0.001,2375.732,2.215,0
92.199491,27.683012,3504.167,29.727,146.567,118.721,10,0.134,26.232,0.45,770.361,1216.565,0
96.30856,27.528827,335.26,1.841,230.702,447.723,10,0.123,0.289,0.001,1479.541,0.053,0
95.84509,28.534819,833.008,35.403,293.986,0.0,30,0.124,32.111,0.05,2186.487,436.96,0
95.470713,27.197766,158.111,0.925,278.289,419.74,10,0.121,0.242,0.001,1350.022,0.039,0
92.46342,27.336547,1591.661,23.119,154.043,79.147,30,0.127,7.498,0.05,2229.498,106.851,0
92.930325,27.537254,932.932,31.099,272.943,452.074,10,0.132,18.646,0.001,3112.628,7.64,0
93.770857,27.796764,1529.929,28.159,238.653,592.943,10,0.128,14.779,0.001,1796.673,3.386,0
94.602574,28.216812,707.228,41.182,138.41,653.263,10,0.12,19.376,0.001,2403.975,5.592,0
95.407825,26.816471,1374.035,33.114,249.849,27.983,10,0.126,11.519,0.001,1501.541,2.184,0
94.727843,28.172272,545.295,7.696,359.761,139.913,10,0.123,1.852,0.001,2062.338,0.47,0
92.575116,27.10008,661.288,29.292,359.896,481.432,10,0.125,19.0,0.001,1798.926,4.277,0
93.777433,27.179031,159.108,0.084,299.252,39.574,50,0.126,0.007,0.01,1605.516,0.014,0
97.024695,28.224254,1454.384,2.68,136.788,292.148,10,0.13,0.472,0.001,1099.104,0.068,0
91.827042,27.804201,4902.396,21.483,262.22,644.21,60,0.132,11.925,0.45,900.946,637.56,0
97.01907,28.2852,1375.144,7.698,76.299,397.709,10,0.132,4.785,0.05,1024.828,32.358,0
93.73568,27.033171,123.932,1.675,127.72,125.142,10,0.126,0.661,0.001,1354.187,0.113,0
95.915898,27.612878,153.693,1.063,280.795,118.721,10,0.12,0.366,0.001,1334.492,0.059,0
91.990859,27.710654,4052.012,28.803,1.516,319.052,60,0.133,20.034,0.45,818.213,974.624,0
95.623274,26.974556,1692.401,10.065,87.195,590.296,10,0.121,2.618,0.001,1562.552,0.498,0
94.873377,28.819327,359.0,15.998,270.571,125.142,80,0.124,12.225,0.0,2476.888,0.0,0
93.634624,27.089653,311.292,12.542,188.438,341.572,10,0.126,8.361,0.05,1347.945,71.303,0
94.595317,28.55413,907.479,18.105,156.702,195.879,10,0.117,11.328,0.001,2900.198,3.89,0
94.663108,28.287818,338.936,3.336,321.866,27.983,10,0.123,0.627,0.001,2412.182,0.186,0
93.108306,27.676456,910.899,33.395,29.03,39.574,10,0.127,22.144,0.001,2381.586,6.737,0
93.449379,27.336021,1599.435,18.293,129.083,309.079,10,0.125,14.079,0.001,1583.181,2.787,0
95.026388,28.63317,448.438,3.36,121.881,263.988,50,0.125,0.633,0.01,2317.213,1.825,0
95.275618,26.952451,397.788,18.419,268.119,83.948,10,0.124,14.601,0.001,1239.926,2.254,0
92.900809,27.26693,560.773,54.378,142.32,316.588,10,0.133,25.48,0.001,1863.523,6.334,0
94.949637,28.324133,474.405,27.332,211.342,62.571,10,0.12,12.126,0.001,2000.292,2.911,0
92.531508,27.376387,1225.968,23.333,182.132,319.052,10,0.13,10.006,0.001,2232.979,2.895,0
92.39282,27.199097,1747.964,13.235,43.368,476.528,40,0.135,3.719,0.15,1833.234,138.512,0
94.882375,29.002387,662.241,6.723,159.415,179.177,10,0.12,2.708,0.001,2333.394,0.758,0
92.730971,27.357645,1199.592,27.678,259.321,39.574,10,0.13,16.243,0.001,2649.945,5.594,0
93.746242,28.02253,1088.278,28.07,237.064,397.709,10,0.124,21.796,0.001,2294.216,6.185,0
95.388713,29.028384,3634.11,30.047,232.649,555.441,10,0.131,21.062,0.001,1765.83,4.876,0
93.430207,27.098913,992.344,18.432,27.893,302.679,10,0.125,14.614,0.001,1418.759,2.592,0
93.919741,27.872061,836.692,41.096,28.614,400.651,10,0.126,31.909,0.001,1396.691,5.595,0
93.978245,27.772054,468.313,45.128,80.09,55.965,10,0.13,41.73,0.001,1269.322,6.887,0
95.3032,28.097967,152.0,0.0,270.0,27.983,60,0.191,0.0,0.45,2045.183,0.0,0
94.682582,27.654398,178.096,5.132,163.603,437.104,10,0.121,1.446,0.001,1837.786,0.322,0
94.119335,28.236431,575.883,39.112,72.731,230.751,10,0.118,35.871,0.001,1598.326,6.782,0
93.90029,28.379427,696.665,32.297,328.285,197.868,10,0.13,17.368,0.001,1447.423,3.254,0
92.655883,27.292691,733.467,32.859,317.475,88.489,10,0.129,15.065,0.001,2594.277,5.046,0
94.169569,28.068815,263.944,2.128,2.252,413.159,40,0.124,0.608,0.15,1543.056,17.439,0
94.288924,28.718347,2104.178,25.412,18.998,225.604,30,0.129,21.738,0.05,1757.196,247.038,0
95.301661,26.79575,1223.78,31.5,209.338,368.055,10,0.127,10.871,0.001,1354.485,1.861,0
93.988353,28.665749,2329.979,21.112,46.592,27.983,60,0.135,8.844,0.45,1092.135,586.365,0
95.057002,28.568985,717.488,3.389,77.158,380.606,50,0.119,0.64,0.001,2369.015,0.18,0
91.856018,27.611037,3269.99,23.551,194.402,100.893,30,0.127,7.671,0.05,1069.477,52.248,0
92.565697,27.204322,1117.28,17.986,145.011,79.147,50,0.136,14.171,0.01,2085.597,40.115,0
94.00892,28.364281,622.773,34.711,329.183,257.988,10,0.128,31.4,0.001,1497.435,6.007,0
93.695192,27.105128,159.169,1.457,40.147,309.079,50,0.0,0.282,0.01,1417.507,0.0,0
93.845888,27.596339,1577.488,10.747,301.389,100.893,50,0.124,7.356,0.001,1919.453,1.768,0
92.319895,27.097089,2604.967,30.467,191.009,316.588,10,0.123,19.903,0.001,1715.948,4.219,0
96.610314,27.461494,544.525,15.968,130.372,55.965,10,0.118,6.23,0.001,1667.151,1.232,0
93.454125,27.885691,1127.052,26.303,301.037,163.166,10,0.129,8.775,0.001,2151.492,2.425,0
95.306851,26.797139,1136.487,20.182,115.307,554.029,10,0.126,12.065,0.001,1362.045,2.074,0
91.701662,27.517395,1533.708,39.205,267.62,83.948,10,0.123,35.964,0.001,1380.492,6.055,0
94.986952,28.238397,362.413,26.054,182.381,335.792,10,0.127,11.446,0.001,2015.949,2.919,0
92.612437,27.216458,1488.588,17.914,281.281,560.353,10,0.132,8.472,0.001,2210.526,2.464,0
93.539672,27.239137,921.942,20.269,165.52,139.913,30,0.126,16.457,0.05,1446.757,149.653,0
92.799953,27.456337,1016.585,41.653,198.185,195.879,10,0.126,14.863,0.001,2582.503,4.848,0
95.739237,27.138395,456.496,13.476,153.271,195.879,10,0.118,7.792,0.001,1497.43,1.378,0
93.827618,27.588389,1565.06,0.9,203.95,307.81,50,0.0,0.114,0.01,1847.273,0.105,0
95.501731,26.981837,913.402,16.952,36.736,55.965,50,0.122,5.092,0.001,1428.04,0.893,0
93.955658,27.782591,455.358,28.718,331.366,39.574,10,0.129,25.18,0.001,1230.991,4.017,0
92.504641,27.362638,1609.988,30.528,16.042,576.199,10,0.134,10.48,0.001,2226.345,3.067,0
96.822668,27.884715,1226.252,3.885,290.726,79.147,30,0.124,1.454,0.05,1821.926,16.375,0
95.302566,26.798047,1248.062,14.319,118.169,644.21,10,0.125,10.62,0.001,1355.153,1.8,0
95.792591,27.179531,401.088,12.124,239.008,463.196,30,0.121,7.24,0.001,1458.417,1.271,0
93.72842,27.452248,1028.816,18.46,108.191,62.571,10,0.127,14.642,0.001,1477.749,2.748,0
92.250397,27.312293,2458.929,25.928,278.008,763.779,10,0.128,16.416,0.001,1464.79,3.077,0
94.786111,28.148264,314.661,11.337,26.909,83.948,10,0.122,7.878,0.05,1920.441,92.319,0
91.954575,27.687662,4219.182,14.846,115.626,335.792,30,0.133,10.367,0.05,850.998,58.622,0
95.515466,27.253976,139.412,2.623,264.807,100.893,10,0.122,0.939,0.001,1385.067,0.158,0
93.127351,27.580016,1274.582,35.831,253.242,397.709,10,0.128,25.805,0.05,2203.513,362.666,0
95.067961,28.539288,732.107,23.416,66.634,534.609,10,0.119,16.588,0.001,2357.885,4.652,0
92.80288,27.497575,1069.967,26.026,22.372,510.636,10,0.13,22.376,0.001,2836.837,8.241,0
92.495572,27.200692,1413.895,19.679,257.938,281.223,30,0.136,10.693,0.05,2049.715,147.953,0
94.183506,28.044553,354.012,12.287,79.445,0.0,10,0.125,8.735,0.001,1561.388,1.71,0
94.636687,28.526821,639.358,47.464,138.675,279.827,30,0.123,42.693,0.05,2992.166,783.997,0
95.864434,27.665299,145.608,0.604,100.463,39.574,50,0.119,0.118,0.01,1434.199,0.202,0
92.337817,27.217854,1798.484,26.065,356.105,309.079,10,0.131,15.111,0.001,1646.659,3.257,0
94.794725,28.132455,282.35,2.95,284.956,27.983,40,0.215,1.38,0.15,1924.195,75.889,0
96.250712,27.308347,321.543,28.285,15.12,83.948,10,0.122,19.605,0.001,1360.978,3.25,0
92.674553,27.168023,364.248,27.679,108.468,125.142,10,0.127,12.31,0.001,2110.013,3.314,0
95.921944,27.857425,153.406,3.263,147.256,179.177,10,0.121,0.804,0.001,1636.413,0.159,0
95.156713,28.272717,1120.898,39.061,18.317,576.878,10,0.123,35.82,0.001,2018.314,8.844,0
96.173001,27.926176,225.423,1.449,131.919,139.913,10,0.121,0.329,0.01,2167.794,0.865,0
95.373639,26.889879,353.45,28.86,203.498,392.756,10,0.121,23.616,0.001,1363.682,3.906,0
94.923102,28.735171,405.755,23.745,77.861,27.983,10,0.123,20.012,0.001,2180.251,5.387,0
91.884602,27.578215,2463.591,16.188,263.388,158.294,10,0.124,9.146,0.001,1059.891,1.21,0
94.163965,28.596991,1969.083,2.006,195.832,27.983,30,0.129,0.836,0.05,1304.876,7.023,0
91.890147,27.576055,2305.849,17.992,98.487,534.609,10,0.123,7.243,0.001,1055.562,0.939,0
92.577695,27.220663,1656.12,26.557,192.291,279.827,10,0.128,8.877,0.001,2172.378,2.499,0
97.025384,28.212104,1214.165,12.837,98.58,27.983,30,0.128,9.238,0.05,1114.242,66.149,0
94.048145,28.63808,2036.258,23.505,167.096,279.827,10,0.126,11.875,0.001,1165.228,1.745,0
93.717265,27.150318,242.869,13.999,160.452,495.064,10,0.124,3.995,0.001,1511.316,0.754,0
93.641812,27.21479,555.378,28.196,165.51,100.893,10,0.128,20.773,0.001,1535.42,4.071,0
92.793695,27.307298,629.362,24.688,60.121,316.588,10,0.129,12.61,0.001,2301.384,3.759,0
93.607043,27.779395,664.229,40.302,76.825,27.983,10,0.126,22.265,0.001,2082.261,5.863,0
93.773601,27.509634,1296.836,11.543,313.922,118.721,50,0.127,6.799,0.01,1480.593,12.751,0
95.840009,27.190613,298.679,6.42,14.957,223.862,30,0.123,1.933,0.05,1436.955,17.058,0
95.886806,28.423609,615.122,56.606,214.152,356.162,60,0.122,34.811,0.45,2259.641,4316.157,0
92.315784,27.100911,2597.242,32.718,197.348,237.441,10,0.124,14.991,0.001,1709.786,3.167,0
96.08575,27.462445,193.917,1.209,233.283,115.376,10,0.12,0.433,0.001,1372.475,0.071,0
94.971749,28.960462,647.254,3.351,248.892,27.983,10,0.12,1.098,0.001,1985.915,0.261,0
95.047517,28.159811,293.875,22.784,321.199,55.965,10,0.12,7.365,0.001,2092.51,1.85,0
92.61683,27.300682,851.503,43.001,353.747,195.879,10,0.128,39.699,0.001,2565.254,13.056,0
93.042958,27.503285,1346.36,16.973,86.687,380.606,10,0.126,5.101,0.001,2675.656,1.712,0
95.064269,28.436342,603.248,36.602,190.665,213.11,10,0.12,24.57,0.001,2153.077,6.334,0
95.585632,27.036685,636.697,32.408,188.233,83.948,10,0.117,11.236,0.001,1450.549,1.902,0
94.686212,28.118246,514.317,33.624,80.047,218.552,10,0.119,18.193,0.001,2030.948,4.399,0
93.143434,27.683719,1773.328,24.762,231.261,716.707,10,0.129,12.656,0.001,2104.148,3.405,0
92.561517,27.10773,825.766,41.389,23.319,115.376,10,0.125,30.229,0.001,1819.431,6.905,0
96.637736,28.145175,997.397,28.158,129.73,197.868,10,0.125,24.597,0.001,1661.612,5.116,0
91.860119,27.589325,2925.977,17.052,126.855,213.11,30,0.124,8.932,0.01,1078.683,11.974,0
93.439791,27.76038,1101.38,28.108,177.533,0.0,10,0.128,24.544,0.001,2322.184,7.313,0
94.132982,27.817179,1369.0,31.212,244.689,551.905,10,0.122,24.709,0.001,1997.131,6.036,0
93.825145,27.769904,1125.63,19.75,44.025,489.497,10,0.131,15.933,0.001,1705.963,3.576,0
93.185139,27.762587,1399.378,22.955,166.504,213.11,10,0.129,11.535,0.001,1737.064,2.585,0
93.27529,28.041459,2207.362,23.722,3.453,312.856,10,0.13,19.988,0.001,1895.953,4.937,0
94.076334,28.114788,665.283,12.688,343.567,167.896,10,0.125,7.215,0.001,1563.911,1.406,0
95.164942,28.312337,824.181,30.456,43.729,203.717,10,0.119,18.195,0.001,2009.635,4.358,0
95.923012,28.283126,2266.808,39.649,116.988,253.394,10,0.13,26.834,0.001,2600.32,9.031,0
97.324548,28.234196,4162.438,12.876,284.622,341.572,30,0.136,3.591,0.05,793.012,19.227,0
94.741414,28.10467,1094.98,23.044,130.105,779.508,10,0.122,14.217,0.001,1908.662,3.296,0
96.129132,27.914351,202.365,0.724,231.179,139.913,10,0.121,0.086,0.01,2085.11,0.216,0
93.052553,27.280182,959.942,25.358,118.535,312.856,10,0.126,8.395,0.001,1764.959,1.871,0
94.594425,27.819948,922.091,12.711,165.261,437.998,10,0.122,3.532,0.001,2013.094,0.863,0
93.687058,27.093599,170.423,8.344,211.374,307.81,50,0.124,2.056,0.01,1387.883,3.552,0
95.980499,27.607929,157.315,2.625,191.121,27.983,10,0.118,1.186,0.001,1349.722,0.189,0
95.355284,26.74185,1183.455,24.408,94.303,671.585,30,0.124,8.013,0.05,1453.288,72.336,0
92.410297,27.260348,2292.947,19.613,90.06,223.862,30,0.126,6.116,0.05,2050.55,79.081,0
96.543534,28.087041,1021.87,36.156,177.912,139.913,10,0.12,31.979,0.001,2036.661,7.84,0
93.81342,27.116441,113.577,1.499,47.317,415.993,10,0.125,0.222,0.001,1527.291,0.042,0
95.320485,28.075692,174.138,6.171,58.46,237.441,50,0.118,1.836,0.01,1943.465,4.225,0
93.664601,27.105379,262.789,29.136,329.708,223.862,10,0.128,9.918,0.001,1379.246,1.745,0
92.048729,27.731793,3365.543,11.059,42.192,0.0,30,0.135,7.631,0.05,769.55,39.563,0
95.491294,26.852587,1875.678,11.239,135.126,364.85,10,0.123,6.177,0.001,1566.158,1.192,0
96.319058,27.505423,290.571,0.779,311.485,62.571,40,0.124,0.095,0.15,1480.173,2.594,0
96.966692,28.019461,1084.874,37.471,95.458,125.142,10,0.125,34.219,0.001,1492.49,6.402,0
94.858377,29.018177,1682.498,34.108,98.256,415.993,10,0.128,30.78,0.001,2275.934,9.022,0
92.63625,27.295711,909.89,35.653,333.651,263.988,30,0.129,12.532,0.001,2575.156,4.16,0
94.165926,28.071934,304.057,11.687,180.535,263.988,10,0.124,8.192,0.001,1543.473,1.569,0
93.194368,27.315294,1160.694,31.2,200.806,139.913,10,0.127,25.889,0.001,1922.142,6.339,0
92.233901,27.371879,1845.426,27.443,62.776,588.302,10,0.126,9.235,0.001,1329.59,1.541,0
94.36107,27.961457,697.631,20.672,245.897,285.369,30,0.126,13.371,0.05,1967.455,165.257,0
96.169575,27.924647,223.89,2.384,197.405,230.751,10,0.12,0.405,0.001,2159.806,0.106,0
93.604187,27.464585,975.501,13.881,339.591,277.015,10,0.125,3.952,0.001,1910.074,0.946,0
92.42623,27.247872,2197.52,12.603,300.267,201.786,10,0.126,3.493,0.001,2086.896,0.922,0
96.129579,27.273604,622.843,35.209,87.956,534.609,10,0.122,26.909,0.001,1382.311,4.543,0
94.66528,28.140366,485.526,32.019,195.593,100.893,10,0.121,11.08,0.001,2119.25,2.828,0
92.262803,27.333005,1758.129,21.162,65.22,139.913,30,0.132,10.432,0.05,1493.265,102.767,0
95.860607,27.676794,146.322,0.737,357.855,218.552,50,0.117,0.137,0.01,1451.821,0.233,0
96.348762,27.783894,433.378,1.955,270.503,251.844,10,0.119,0.641,0.001,2195.772,0.168,0
95.904093,28.793693,1654.539,3.134,203.32,692.254,10,0.13,0.762,0.001,1546.822,0.154,0
93.350214,27.739063,1409.954,35.928,150.228,513.694,10,0.13,12.641,0.001,2091.885,3.438,0
95.623612,28.263372,379.584,4.98,148.908,111.931,10,0.121,1.636,0.001,1976.462,0.394,0
92.311287,27.339,1513.393,41.793,0.03,111.931,10,0.13,38.525,0.001,1689.349,8.417,0
93.632967,27.371103,1855.702,32.389,303.821,213.11,10,0.123,14.816,0.001,1922.058,3.524,0
93.499014,27.318489,1500.373,20.599,292.806,335.792,10,0.128,6.501,0.001,1572.838,1.314,0
93.557297,27.789175,1084.216,35.618,346.813,250.285,10,0.129,23.83,0.001,2161.555,6.636,0
95.70154,26.971361,1065.201,38.357,218.657,39.574,10,0.122,35.114,0.001,1678.277,7.154,0
92.770357,27.320395,650.915,29.586,291.775,139.913,10,0.131,26.085,0.001,2421.125,8.266,0
92.72202,27.341325,1268.444,22.058,124.144,375.427,10,0.137,7.076,0.001,2657.725,2.591,0
96.118589,27.756845,191.968,1.743,145.9,265.467,10,0.122,0.356,0.001,1704.193,0.074,0
93.259878,27.179273,1343.708,19.077,156.919,364.85,10,0.127,5.907,0.001,1759.633,1.325,0
91.714839,27.605249,2001.269,19.189,252.096,27.983,10,0.125,9.235,0.001,1220.725,1.409,0
94.888722,28.99504,593.769,10.306,134.909,395.735,10,0.121,3.561,0.001,2365.855,1.015,0
93.605558,28.61225,3004.803,67.59,219.452,197.868,10,0.134,35.422,0.001,993.27,4.711,0
93.072279,27.258677,737.012,21.836,3.685,139.913,10,0.127,16.056,0.001,1776.976,3.627,0
94.907068,29.040793,654.85,17.438,294.56,363.775,10,0.12,13.63,0.001,2098.537,3.423,0
93.26738,27.191782,1406.64,8.096,169.878,39.574,10,0.128,3.764,0.001,1751.101,0.845,0
95.884741,27.501544,157.892,4.322,35.763,0.0,10,0.12,2.265,0.001,1287.743,0.35,0
93.825966,27.547255,1571.801,10.963,283.478,83.948,10,0.128,2.922,0.05,1732.831,37.295,0
93.37064,27.216763,1060.914,18.558,190.51,195.879,30,0.129,14.739,0.05,1561.331,148.25,0
93.15348,27.957322,1499.4,37.936,182.141,288.099,10,0.131,23.384,0.001,1724.415,5.285,0
95.634693,26.965134,1123.467,17.187,186.351,576.878,30,0.117,11.905,0.05,1594.657,111.353,0
93.765742,27.460767,1089.845,11.896,207.273,39.574,30,0.127,5.035,0.05,1408.717,45.172,0
91.799273,27.713774,3386.962,12.263,217.205,0.0,10,0.135,8.712,0.001,1055.322,1.239,0
92.747451,27.400743,1194.051,28.281,64.118,451.207,10,0.13,24.725,0.001,2658.428,8.502,0
94.25567,27.929124,617.008,22.379,129.876,139.913,10,0.124,11.179,0.001,1820.485,2.506,0
92.989428,27.569034,564.766,39.523,167.425,100.893,10,0.132,28.764,0.001,2978.952,11.285,0
93.481338,28.372538,1228.289,12.643,196.616,170.212,10,0.135,4.628,0.001,1416.445,0.883,0
96.525444,28.240362,1493.014,28.201,359.961,534.609,10,0.126,18.161,0.001,1947.423,4.459,0
94.09375,27.806152,993.319,17.117,253.295,275.598,10,0.125,8.0,0.001,1808.686,1.802,0
94.592045,28.101272,778.239,13.644,331.163,111.931,50,0.123,9.985,0.05,2202.189,134.734,0
91.83083,27.558624,2405.241,28.147,163.292,483.056,30,0.121,9.518,0.05,1128.624,65.895,0
95.018453,28.945683,936.042,25.09,50.693,142.684,10,0.121,12.86,0.001,1958.63,3.05,0
92.920929,27.527531,709.782,23.277,100.204,285.369,10,0.133,17.371,0.001,3050.508,7.078,0
93.000882,27.418573,610.551,28.522,53.895,392.756,10,0.131,12.759,0.001,2442.472,4.095,0
95.089946,27.948857,432.47,15.983,7.612,55.965,10,0.122,7.336,0.001,1903.233,1.699,0
94.124794,28.100876,409.902,46.422,22.892,88.489,10,0.122,42.939,0.001,1549.654,8.094,0
92.585088,27.093248,444.818,25.311,19.787,605.358,10,0.131,8.376,0.001,1780.743,1.936,0
96.040464,27.815004,164.564,2.957,27.509,62.571,10,0.12,0.536,0.001,1710.386,0.11,0
93.799812,27.068891,141.42,1.459,57.115,288.099,10,0.124,0.214,0.001,1436.584,0.038,0
93.720096,28.403775,749.28,10.138,119.443,0.0,10,0.127,6.825,0.001,1410.498,1.226,0
93.351885,28.635315,4129.403,31.61,298.397,423.455,10,0.136,19.005,0.001,717.924,1.862,0
92.650937,27.293084,789.595,23.156,27.095,302.679,10,0.13,15.384,0.001,2587.969,5.138,0
93.784215,27.814882,1823.666,37.542,119.045,587.637,10,0.122,20.603,0.001,1761.96,4.46,0
95.927515,27.454784,159.397,0.31,277.008,1167.586,10,0.121,0.074,0.15,1286.339,1.725,0
92.716083,27.313057,1310.718,27.836,28.431,309.079,10,0.133,14.577,0.001,2631.24,5.1,0
93.784654,27.113059,205.671,4.248,99.788,326.331,10,0.125,0.858,0.001,1499.588,0.161,0
95.860478,28.222436,1750.702,28.819,86.347,701.802,10,0.124,18.637,0.001,2346.768,5.427,0
92.419139,27.266666,2462.917,16.908,160.446,100.893,50,0.124,5.076,0.01,2101.253,13.279,0
95.313388,27.955512,153.544,2.615,290.436,279.827,10,0.123,1.18,0.001,1770.168,0.257,0
92.791977,27.368391,796.786,26.819,70.313,197.868,10,0.131,23.201,0.001,2418.131,7.299,0
93.621602,27.778609,903.668,27.581,132.761,125.142,10,0.128,12.258,0.001,2063.898,3.235,0
94.878166,28.748217,574.21,36.469,340.242,115.376,10,0.119,12.854,0.001,2326.451,3.576,0
93.73663,27.198445,721.708,20.346,122.869,461.502,10,0.124,6.402,0.001,1607.438,1.283,0
92.545548,27.134795,1398.939,36.75,69.269,100.893,10,0.126,33.487,0.001,1885.954,7.973,0
93.804263,27.567716,1608.593,7.697,334.02,158.294,10,0.123,1.852,0.001,1726.957,0.401,0
92.951921,27.305655,415.906,5.2,178.852,62.571,10,0.13,2.283,0.001,1697.234,0.505,0
94.536504,27.809213,691.863,13.071,186.594,350.622,10,0.123,4.829,0.001,2006.944,1.192,0
91.690827,27.747888,3215.102,32.615,63.717,373.336,10,0.132,23.178,0.001,1156.991,3.545,0
95.431528,26.763267,1171.178,36.316,242.076,277.015,30,0.127,16.882,0.001,1537.993,3.292,0
95.906577,27.497651,160.333,0.703,278.156,910.191,10,0.122,0.214,0.001,1277.608,0.033,0
96.99169,27.195088,1240.814,1.312,213.509,0.0,30,0.122,0.482,0.05,1852.858,5.433,0
93.308151,28.594949,3441.293,9.209,42.988,39.574,10,0.134,3.081,0.001,723.791,0.298,0
91.690853,27.572481,2227.047,41.907,272.686,587.637,30,0.124,34.367,0.05,1267.733,269.618,0
95.229916,28.381039,676.615,28.118,240.311,239.084,10,0.119,19.467,0.001,2125.992,4.904,0
93.673302,27.675503,1646.589,9.257,346.038,39.574,10,0.122,6.071,0.001,1735.643,1.285,0
92.912389,27.505272,700.924,18.929,221.089,62.571,10,0.131,5.85,0.001,2911.008,2.225,0
95.800499,27.169618,324.348,26.513,340.233,265.467,10,0.119,11.69,0.001,1457.845,2.031,0
93.380083,27.760905,1457.314,30.041,152.025,336.956,10,0.124,26.56,0.001,2159.229,7.174,0
94.558729,28.53316,748.355,43.378,359.234,230.751,10,0.124,40.063,0.001,2851.758,14.153,0
95.769573,28.980334,1740.953,20.711,313.952,163.166,10,0.128,14.255,0.001,1542.516,2.826,0
94.325389,27.962492,656.891,40.257,221.224,613.708,10,0.122,18.909,0.001,1843.486,4.27,0
93.682579,27.517252,1461.35,27.061,220.593,251.844,10,0.128,21.867,0.001,1489.462,4.162,0
95.50237,27.108078,392.773,10.731,125.076,100.893,10,0.121,7.342,0.001,1331.153,1.181,0
91.685643,27.771178,3921.446,39.237,64.524,368.055,10,0.131,35.997,0.001,1148.697,5.433,0
93.034373,27.486433,617.639,35.758,253.103,163.166,10,0.133,21.892,0.001,2735.38,7.949,0
92.42998,27.249244,2353.644,21.625,241.627,275.598,30,0.129,6.905,0.05,2106.449,93.996,0
95.741222,27.129872,377.379,3.538,185.763,150.691,40,0.118,0.893,0.15,1499.298,23.81,0
94.718104,27.66322,139.835,1.508,143.081,118.721,40,0.121,0.295,0.15,1838.925,9.8,0
96.040497,27.567502,179.592,0.66,306.914,297.46,10,0.116,0.197,0.05,1330.76,1.519,0
93.799102,27.25507,266.768,9.097,28.354,163.166,50,0.123,5.936,0.01,1620.798,11.821,0
92.146638,27.427496,2926.107,17.328,78.555,839.481,30,0.131,6.908,0.05,1116.945,50.245,0
96.072875,27.807896,171.467,1.264,280.953,39.574,40,0.122,0.459,0.15,1728.438,14.5,0
93.626961,26.96922,109.307,1.648,94.596,62.571,10,0.128,0.251,0.001,1429.378,0.046,0
93.50855,27.779828,1113.246,31.574,127.047,616.255,10,0.127,18.98,0.001,2189.28,5.302,0
94.528555,28.402346,2149.014,35.134,238.422,551.195,10,0.125,31.835,0.001,2954.608,11.82,0
95.827774,28.51301,794.382,43.618,116.366,187.714,10,0.124,15.601,0.001,2157.411,4.172,0
92.184073,27.091809,2182.869,2.598,175.562,83.948,40,0.134,0.453,0.15,1893.766,17.276,0
95.437315,26.792645,1492.793,33.241,111.238,475.706,10,0.125,11.57,0.001,1568.021,2.259,0
93.721949,28.403324,730.961,19.099,56.029,55.965,10,0.127,7.806,0.001,1411.196,1.403,0
95.477331,27.995549,141.961,5.094,330.192,319.052,10,0.12,2.494,0.001,1697.045,0.508,0
96.283411,27.505322,271.273,1.589,343.105,83.948,60,0.122,0.371,0.45,1456.528,29.77,0
91.97261,27.564167,2572.812,28.766,298.129,195.879,10,0.127,12.89,0.001,993.001,1.629,0
93.70098,27.31724,1327.303,17.132,10.808,27.983,10,0.126,9.825,0.001,1718.218,2.135,0
96.132663,27.937787,224.98,1.518,254.313,83.948,40,0.12,0.297,0.15,2153.402,11.475,0
94.891355,28.999947,584.182,8.905,86.747,218.552,10,0.12,2.95,0.001,2337.023,0.825,0
95.562037,27.02409,702.726,21.27,28.01,100.893,10,0.12,6.765,0.001,1441.154,1.176,0
92.172582,27.38007,2325.116,28.304,260.328,475.706,10,0.128,24.749,0.001,1165.499,3.668,0
92.495251,27.238644,1724.436,30.763,200.922,288.099,30,0.131,10.574,0.05,2139.207,147.577,0
92.739338,27.339271,1210.221,30.705,245.322,513.694,30,0.134,16.373,0.001,2582.891,5.64,0
92.256816,27.121678,1986.316,3.959,115.777,83.948,40,0.136,0.783,0.15,1715.349,27.125,0
95.860035,27.073886,1091.602,21.337,182.376,292.148,10,0.117,13.907,0.001,1616.367,2.622,0
95.040777,28.40047,934.808,29.368,138.51,455.525,10,0.117,25.858,0.001,2096.121,6.387,0
94.392753,28.464278,1918.933,22.591,135.047,0.0,30,0.13,18.824,0.05,2471.194,301.718,0
93.709872,27.11183,156.09,1.722,226.385,158.294,50,0.124,0.686,0.01,1440.295,1.23,0
94.330123,28.534867,1460.736,33.201,332.341,167.896,10,0.124,29.843,0.001,2070.336,7.645,0
91.912559,27.629091,3920.442,33.195,60.842,292.148,10,0.132,15.243,0.001,974.573,1.959,0
93.007096,27.523132,1070.707,26.113,217.103,616.255,10,0.129,22.466,0.001,2868.074,8.315,0
94.547193,27.810094,712.898,13.797,95.12,301.383,10,0.124,6.086,0.001,2008.918,1.534,0
94.248266,28.818339,2020.419,48.157,174.744,197.868,30,0.128,30.017,0.05,1353.966,261.225,0
95.659083,28.149222,213.04,4.163,120.895,27.983,10,0.119,1.103,0.001,1761.539,0.231,0
93.155618,27.743276,1114.699,34.062,154.132,195.879,10,0.129,27.336,0.001,1977.887,6.977,0
95.600828,28.25708,418.103,1.846,241.264,118.721,10,0.122,0.451,0.001,2032.302,0.112,0
92.120885,27.06966,1225.85,28.075,46.782,316.588,10,0.139,23.836,0.001,2013.75,6.643,0
95.317262,26.880448,868.993,12.265,62.115,478.168,50,0.122,4.452,0.01,1286.208,6.965,0
95.302132,28.118813,190.272,10.689,61.412,115.376,10,0.122,3.732,0.001,2128.604,0.966,0
96.161772,27.292727,398.328,6.39,354.961,179.177,10,0.125,1.456,0.001,1354.651,0.246,0
94.734743,28.20746,335.464,21.374,80.831,27.983,10,0.119,8.981,0.001,2119.649,2.264,0
91.925034,27.552235,2151.885,28.178,334.299,118.721,30,0.125,9.531,0.05,1034.041,61.409,0
95.97185,28.898741,1667.956,2.456,196.435,297.46,30,0.13,0.421,0.05,1319.778,3.621,0
92.156729,27.317219,3466.652,16.054,312.928,79.147,10,0.128,7.378,0.001,1270.087,1.191,0
93.72133,27.140131,133.869,6.659,123.058,495.064,50,0.126,2.384,0.01,1496.899,4.488,0
94.151823,28.586297,1919.347,6.034,46.852,27.983,30,0.133,1.352,0.05,1297.026,11.603,0
92.743458,27.343052,1203.974,14.404,162.396,498.218,50,0.135,5.466,0.01,2572.546,18.8,0
95.909914,28.261923,2290.368,33.399,132.2,230.751,10,0.126,20.255,0.001,2532.639,6.454,0
94.977021,28.925657,1607.625,30.553,1.393,448.597,10,0.131,27.092,0.001,1983.645,7.027,0
93.043135,27.669667,1046.79,33.021,151.219,488.697,10,0.131,17.818,0.001,2822.669,6.578,0
94.395214,28.564987,1452.627,25.038,295.634,0.0,10,0.125,21.35,0.001,2377.884,6.33,0
92.264508,27.124469,1988.498,6.193,31.157,218.552,30,0.133,1.398,0.15,1698.736,47.316,0
93.534022,27.303423,1652.683,19.642,37.235,163.166,10,0.125,8.084,0.001,1553.922,1.564,0
96.047202,27.334074,192.073,1.119,342.753,257.988,50,0.123,0.152,0.45,1353.031,11.33,0
92.316591,27.187113,1987.956,26.27,148.415,301.383,10,0.132,19.082,0.001,1485.551,3.712,0
92.977915,27.563544,535.508,33.404,156.501,139.913,10,0.132,18.057,0.001,3036.676,7.267,0
91.891217,27.57106,2124.349,23.758,159.222,237.441,30,0.121,10.23,0.05,1057.71,65.069,0
95.921138,28.304456,1978.469,20.915,276.1,570.737,10,0.129,8.742,0.001,2602.818,2.945,0
94.131679,28.278543,996.747,32.31,171.158,88.489,10,0.124,28.919,0.001,1625.552,5.813,0
96.63528,28.145113,1075.433,28.985,156.052,341.572,10,0.125,25.459,0.001,1670.047,5.342,0
95.035683,28.391174,918.813,19.529,62.364,230.751,30,0.119,6.083,0.001,2080.664,1.512,0
91.739226,27.499002,1637.109,29.301,334.273,176.978,10,0.126,22.938,0.001,1368.573,3.919,0
93.240674,27.186147,1509.967,8.692,160.193,62.571,10,0.126,2.167,0.001,1796.753,0.491,0
92.115732,27.067645,1383.547,14.522,336.779,150.691,30,0.144,10.811,0.05,2022.198,156.13,0
95.847868,28.540258,812.332,33.473,222.765,55.965,60,0.126,30.124,0.45,2193.91,3743.697,0
93.402222,27.725053,1497.979,33.241,333.438,363.775,10,0.129,20.145,0.001,2242.181,5.79,0
93.049111,27.339398,481.188,34.319,58.686,55.965,10,0.132,15.836,0.001,2005.727,4.195,0
93.821002,27.579351,1573.196,9.852,301.112,279.827,50,0.194,2.547,0.001,1805.122,0.816,0
95.786586,27.191652,764.827,11.639,139.978,504.465,10,0.12,3.155,0.001,1457.427,0.551,0
96.365764,27.941387,1464.668,24.962,348.886,79.147,10,0.122,20.687,0.001,2230.908,5.623,0
91.724535,27.650216,1712.733,40.357,111.559,111.931,10,0.125,37.111,0.001,1182.195,5.504,0
95.764518,27.153022,359.985,20.216,40.086,302.679,10,0.119,11.058,0.001,1480.661,1.955,0
95.739536,27.024265,941.639,28.89,285.739,55.965,10,0.123,12.956,0.001,1616.884,2.586,0
93.424824,27.231395,1030.068,25.711,193.593,170.212,10,0.127,8.536,0.05,1458.701,79.773,0
91.891465,27.590014,2463.516,8.556,88.919,176.978,60,0.128,2.123,0.45,1045.227,127.605,0
95.90646,28.043865,253.598,3.335,167.172,167.896,10,0.122,0.627,0.001,1848.255,0.141,0
93.985587,27.78263,373.099,21.502,178.916,27.983,10,0.13,15.752,0.001,1314.484,2.695,0
95.948965,27.263715,549.686,19.303,125.238,478.987,10,0.119,7.91,0.001,1398.279,1.319,0
94.384242,28.539287,1051.338,27.017,20.04,111.931,10,0.12,23.407,0.001,2339.32,6.628,0
96.080107,27.77924,176.08,0.684,266.462,27.983,10,0.122,0.08,0.001,1689.32,0.016,0
91.958438,27.577864,2050.531,35.096,144.071,139.913,10,0.125,21.434,0.001,979.055,2.63,0
93.073292,27.285012,849.641,32.06,99.284,604.063,10,0.126,11.097,0.001,1788.424,2.511,0
93.817281,27.637477,1738.583,23.531,239.347,532.407,10,0.125,10.111,0.001,1948.232,2.457,0
95.066282,28.579653,380.452,14.018,124.674,83.948,10,0.115,6.967,0.001,2351.408,1.88,0
93.97833,27.33449,162.484,32.29,131.681,142.684,30,0.122,19.481,0.01,1464.497,34.786,0
93.625738,27.090278,437.652,13.802,230.035,734.512,50,0.0,3.923,0.01,1349.852,0.95,0
96.051185,28.666635,1212.964,36.452,27.491,88.489,10,0.131,12.848,0.001,1756.526,2.963,0
95.065967,28.390434,797.4,39.169,104.963,740.881,10,0.123,13.911,0.001,2085.113,3.554,0
95.995534,27.298447,338.817,15.855,148.861,598.202,30,0.124,12.086,0.001,1348.281,2.015,0
96.059574,27.809312,168.405,3.025,174.842,62.571,50,0.121,1.425,0.01,1717.01,2.956,0
96.169834,27.923487,222.303,2.406,305.15,319.052,10,0.12,1.059,0.001,2156.64,0.274,0
93.128966,27.290072,760.916,6.224,104.525,27.983,10,0.129,2.882,0.001,1847.698,0.685,0
93.617049,27.739883,1107.587,32.798,43.976,368.055,10,0.127,26.173,0.001,1966.422,6.55,0
96.062454,27.819598,170.078,0.657,175.879,27.983,10,0.121,0.076,0.001,1748.751,0.016,0
93.177507,27.156133,1266.862,9.659,356.654,150.691,10,0.128,2.483,0.001,1845.692,0.587,0
92.203108,27.083467,2391.103,11.283,17.555,139.913,10,0.125,3.032,0.001,1891.396,0.715,0
91.721943,27.554677,2365.091,33.857,277.702,413.159,10,0.123,22.495,0.001,1245.358,3.424,0
94.292568,28.764465,1983.927,26.125,321.503,187.714,10,0.125,17.821,0.001,1575.382,3.509,0
94.597189,28.111874,1009.924,32.524,179.569,540.436,10,0.123,25.921,0.001,2211.622,7.041,0
94.429933,27.95111,472.0,17.128,254.866,111.931,10,0.12,11.237,0.001,2192.6,2.968,0
95.942478,27.579642,157.962,0.903,75.651,62.571,10,0.121,0.296,0.001,1274.708,0.046,0
93.725355,27.17739,493.7,39.119,73.803,302.679,10,0.128,18.329,0.001,1563.4,3.651,0
96.732488,27.991342,1302.355,27.123,159.455,230.751,10,0.124,23.518,0.001,1665.78,4.887,0
95.958169,28.316345,1119.049,34.32,75.008,167.896,10,0.122,30.998,0.001,2631.129,9.969,0
91.72885,27.797451,3108.537,40.018,101.739,514.456,30,0.129,34.289,0.001,1068.987,4.736,0
93.912111,27.309086,497.854,29.145,305.057,225.604,10,0.124,13.092,0.001,1410.713,2.301,0
93.218705,27.9662,1222.971,25.312,224.025,364.85,10,0.129,12.998,0.001,1861.581,3.121,0
95.203604,27.025912,120.845,1.396,191.452,237.441,10,0.123,0.267,0.15,1249.45,6.161,0
93.870399,27.64494,1666.336,24.24,258.651,203.717,10,0.127,7.946,0.001,2001.599,2.023,0
91.878818,27.606101,2976.547,24.23,171.425,218.552,10,0.126,12.325,0.05,1048.674,81.157,0
92.420487,27.312003,2015.765,22.943,86.709,598.202,10,0.126,9.802,0.001,2175.45,2.724,0
92.290244,27.106738,2222.456,29.285,206.601,230.751,30,0.127,25.771,0.05,1721.483,282.976,0
92.440041,27.214391,1379.44,2.924,158.731,27.983,30,0.141,1.364,0.05,2066.728,19.815,0
93.100868,27.289556,779.903,15.612,356.044,139.913,30,0.128,4.589,0.001,1818.723,1.072,0
93.814965,27.540464,1568.167,5.005,337.834,335.792,50,0.0,1.061,0.01,1682.645,0.0,0
93.771224,27.491841,1205.874,35.815,205.388,79.147,10,0.127,16.62,0.001,1422.924,3.002,0
93.814334,27.111835,131.674,14.07,40.318,756.051,50,0.131,5.305,0.01,1519.852,10.36,0
93.080686,27.662809,764.665,37.494,118.366,187.714,10,0.131,28.874,0.001,2596.865,9.802,0
92.166086,26.961622,662.816,5.38,176.134,27.983,10,0.129,3.009,0.001,1934.876,0.749,0
95.734791,27.124642,461.117,11.142,135.493,336.956,10,0.118,7.706,0.001,1504.165,1.368,0
92.351651,27.346385,1937.636,23.88,278.295,358.353,10,0.132,18.789,0.001,1849.487,4.576,0
92.550556,27.118313,1371.718,45.213,189.849,407.434,10,0.13,38.983,0.45,1846.096,4216.155,0
93.130511,27.553345,1411.051,33.993,143.25,373.336,10,0.126,18.422,0.001,2145.255,5.008,0
91.858898,27.654252,4051.459,10.385,156.343,55.965,30,0.13,5.581,0.05,1030.609,37.523,0
95.583863,28.21034,311.223,10.807,288.3,163.166,60,0.122,6.247,0.45,1904.826,651.903,0
93.667522,27.105805,204.688,27.67,10.456,62.571,10,0.127,9.326,0.01,1383.717,16.432,0
96.339952,27.769905,362.544,5.943,333.35,275.598,10,0.12,1.326,0.001,2150.091,0.341,0
94.269439,28.533409,1730.114,31.357,20.77,327.529,10,0.127,14.268,0.001,1764.729,3.211,0
93.095523,27.55737,1087.393,27.378,158.11,139.913,10,0.126,12.15,0.001,2353.274,3.62,0
92.178502,27.385532,2160.244,37.337,74.333,437.104,10,0.126,31.779,0.001,1158.196,4.642,0
91.632628,27.521027,2474.295,22.927,17.726,363.775,10,0.13,11.518,0.001,1542.315,2.299,0
92.377584,27.340937,2083.701,24.844,240.576,257.988,10,0.131,15.588,0.001,1963.541,4.015,0
92.440044,27.217054,1504.39,29.937,223.789,281.223,30,0.139,22.304,0.05,2072.457,322.718,0
93.138161,27.525811,1084.175,43.515,240.728,163.166,10,0.129,33.893,0.001,2113.224,9.201,0
94.317968,28.999787,3892.406,35.565,347.652,699.567,30,0.135,32.277,0.05,1366.02,297.66,0
91.653041,27.573307,2063.938,42.047,160.509,363.775,10,0.123,15.012,0.001,1341.74,2.468,0
94.369157,28.525682,1358.943,8.886,270.611,27.983,10,0.124,2.942,0.05,2279.99,41.574,0
95.301714,26.80944,1067.523,9.954,189.734,618.158,30,0.127,4.913,0.15,1343.001,125.567,0
93.701764,27.219541,525.227,28.274,297.705,187.714,10,0.124,12.628,0.001,1616.478,2.541,0
93.009455,27.31854,441.139,42.877,167.483,142.684,30,0.133,31.379,0.45,1836.565,3460.448,0
95.516343,26.939024,1561.852,24.219,238.582,495.855,10,0.121,10.474,0.001,1492.478,1.885,0
93.653015,27.702703,1047.119,21.253,72.333,463.196,10,0.125,8.918,0.001,1829.478,2.04,0
92.108793,27.07544,1442.185,21.173,37.129,297.46,50,0.139,17.374,0.001,2010.733,4.841,0
94.616175,28.256223,912.685,21.662,239.09,263.988,10,0.125,17.873,0.001,2454.678,5.464,0
95.433378,27.122363,257.323,3.858,9.058,514.456,10,0.119,0.999,0.001,1313.839,0.155,0
95.964273,27.275908,478.996,32.257,183.498,634.411,10,0.122,19.458,0.001,1380.646,3.276,0
93.944248,28.18084,1194.02,24.293,66.585,27.983,10,0.124,19.187,0.001,1592.271,3.776,0
94.879135,28.747036,593.265,43.503,53.604,55.965,10,0.119,24.144,0.001,2316.69,6.676,0
94.758955,28.944806,1620.201,47.902,94.909,319.052,10,0.131,26.616,0.001,2784.443,9.706,0
93.131203,27.542193,1115.632,29.298,162.587,118.721,10,0.128,20.443,0.001,2143.086,5.64,0
