lon,lat,elevation_m,slope_deg,aspect_deg,distance_to_stream_m,landcover_class,soil_erodibility_k,rusle_ls_factor,rusle_c_factor,rainfall_erosivity_r,soil_loss_tha_yr,label
93.628828,24.645275,463.438,38.39,163.184,121.697,30,0.123,28.466,0.05,912.151,159.448,1
93.07,24.53,133.346,13.816,0.072,443.72,10,0.132,4.013,0.001,1415.19,0.75,1
94.042989,25.437203,1284.954,41.132,309.887,212.842,10,0.129,23.249,0.001,881.96,2.634,1
93.676944,24.667778,1389.672,29.158,104.078,897.689,50,0.125,17.656,0.05,826.855,90.812,1
94.169247,25.335364,1666.397,11.601,189.373,401.459,10,0.122,3.21,0.001,890.26,0.349,1
94.140056,24.682778,896.968,25.725,353.099,147.579,10,0.126,13.542,0.001,775.903,1.329,1
94.592417,24.869917,778.159,25.573,111.806,319.263,10,0.128,8.664,0.001,1166.547,1.299,1
93.701856,24.733256,1295.277,22.824,207.943,336.532,10,0.124,19.063,0.001,887.513,2.105,1
94.1,24.2,1258.729,23.522,281.412,65.999,10,0.127,17.976,0.001,1028.533,2.358,1
94.186028,24.950583,894.506,29.361,204.001,29.516,50,0.125,13.492,0.01,663.951,11.194,1
94.077794,25.416419,1515.287,31.966,183.05,295.158,50,0.124,14.906,0.01,881.96,16.299,1
94.353028,24.834083,1497.002,35.315,349.04,542.642,10,0.129,32.021,0.001,1014.914,4.183,1
93.872,25.528,1627.988,39.652,226.82,602.007,10,0.124,25.074,0.001,1021.81,3.182,1
93.23716,24.805138,173.97,34.037,103.997,121.697,10,0.127,30.706,0.001,1447.73,5.63,1
93.11,24.52,486.43,33.893,15.724,383.706,10,0.129,12.086,0.001,1450.259,2.255,1
93.692953,24.62595,1341.62,22.048,300.694,633.732,10,0.127,18.267,0.001,739.499,1.703,1
94.550786,25.091858,1602.159,40.882,252.643,150.502,10,0.128,37.631,0.001,985.399,4.743,1
93.623222,24.64175,519.464,23.236,149.107,252.183,10,0.123,19.487,0.001,921.259,2.208,1
93.709739,24.548053,1207.057,33.89,77.329,885.475,10,0.127,15.946,0.001,725.885,1.472,1
94.551528,25.0565,1779.384,26.678,268.581,566.981,10,0.127,23.054,0.001,1027.882,3.016,1
94.525222,25.356306,1452.787,15.304,86.002,0.0,10,0.126,11.556,0.001,857.47,1.246,1
93.58,24.12,1003.926,25.362,144.375,608.485,30,0.127,11.318,0.05,777.609,55.858,1
93.898,25.523,2142.38,36.296,162.091,393.79,10,0.125,13.062,0.001,1021.81,1.665,1
93.18,24.27,761.727,27.498,287.614,147.579,10,0.131,12.477,0.001,1194.667,1.943,1
94.525639,25.289806,1127.493,28.216,202.716,250.45,30,0.13,24.657,0.05,857.47,137.354,1
94.537861,25.466611,815.133,28.037,241.44,131.999,30,0.126,21.079,0.001,1057.66,2.817,1
94.555333,25.373639,992.134,21.797,31.964,118.063,10,0.126,7.124,0.001,1057.66,0.953,1
94.07,24.13,1489.234,39.42,231.37,776.441,10,0.126,22.207,0.001,1079.142,3.059,1
94.510083,25.326722,1280.54,33.926,175.857,59.032,30,0.129,18.777,0.05,857.47,104.059,1
93.473028,24.888472,1410.974,43.144,64.059,919.266,60,0.119,32.265,0.45,1138.988,1963.56,1
93.706472,24.943778,1458.698,14.19,124.517,752.509,10,0.124,6.443,0.001,933.925,0.743,1
94.524861,25.181194,1313.277,30.498,44.85,29.516,10,0.13,14.11,0.001,942.246,1.732,1
93.639611,25.115889,1230.938,25.294,322.21,313.758,10,0.123,17.507,0.001,1076.239,2.34,1
93.58,24.17,953.291,12.032,296.477,0.0,10,0.13,8.503,0.001,756.041,0.836,1
94.330448,24.832817,1397.584,40.574,167.778,538.614,30,0.128,19.481,0.05,952.26,119.147,1
94.279306,25.381389,1690.33,29.503,165.713,177.095,10,0.127,17.903,0.001,871.86,1.983,1
94.1515,24.940611,1034.306,20.847,115.346,355.418,30,0.126,6.741,0.05,656.458,27.835,1
94.328686,24.898438,1361.715,28.941,277.492,630.977,10,0.126,24.205,0.001,818.587,2.505,1
94.235833,24.8745,1202.578,28.368,83.652,388.22,10,0.126,12.951,0.001,785.176,1.285,1
93.99,24.01,1237.443,34.492,141.007,567.749,30,0.13,16.27,0.05,1133.83,119.839,1
93.51,24.1,920.039,12.367,120.992,532.104,30,0.128,3.483,0.001,786.267,0.351,1
93.64775,25.118,1209.59,27.21,330.204,377.987,10,0.124,12.321,0.001,1054.116,1.609,1
94.2235,24.717889,1611.672,28.312,117.895,710.836,60,0.126,20.05,0.45,825.552,940.903,1
93.485833,24.729944,291.352,11.239,158.353,0.0,10,0.128,7.791,0.001,1211.453,1.213,1
93.603778,25.055139,962.799,20.201,89.418,59.032,10,0.124,10.059,0.05,1184.261,73.659,1
93.87,25.529,1600.209,37.811,201.568,435.796,30,0.123,23.802,0.05,1021.81,150.315,1
93.55,23.98,812.445,3.672,357.174,147.579,30,0.128,0.725,0.001,813.028,0.076,1
94.460091,24.934336,1947.164,29.926,99.157,561.577,10,0.126,13.799,0.001,957.831,1.67,1
94.155764,24.387708,1216.376,18.064,143.85,236.127,30,0.128,8.745,0.001,1031.054,1.153,1
93.676528,24.543806,1053.998,36.726,247.356,395.997,30,0.129,13.235,0.05,772.171,65.991,1
94.334833,24.831028,1379.537,39.608,130.376,475.929,30,0.127,18.98,0.05,970.258,117.599,1
93.613583,25.083083,1087.358,13.894,135.134,214.879,10,0.126,8.277,0.001,1179.232,1.23,1
94.335333,24.90725,1378.821,29.683,279.678,509.522,10,0.125,13.667,0.001,820.729,1.413,1
94.555444,25.492333,974.004,37.899,307.297,458.209,10,0.127,26.09,0.001,1057.66,3.503,1
94.304444,25.181583,1389.901,21.994,70.654,29.516,10,0.125,11.178,0.001,838.593,1.17,1
93.616397,24.862903,325.171,24.383,165.892,29.516,10,0.124,10.788,0.001,1047.053,1.403,1
94.259444,24.69325,1467.189,34.254,322.55,590.317,10,0.126,18.985,0.001,928.455,2.215,1
94.531722,25.103528,1545.373,12.467,206.565,0.0,10,0.125,8.899,0.001,957.598,1.069,1
93.492806,24.722472,176.826,31.772,208.033,65.999,10,0.129,28.361,0.001,1179.818,4.313,1
94.23361,24.3225,413.046,21.195,293.845,166.967,50,0.127,9.079,0.01,1309.243,15.123,1
94.297361,25.176639,1499.054,31.74,75.653,41.742,10,0.125,19.508,0.001,837.647,2.044,1
93.19,24.24,1039.536,33.792,194.077,566.981,10,0.125,12.045,0.001,1181.348,1.778,1
93.75,24.32,849.089,25.581,122.838,59.032,10,0.124,8.667,0.001,684.966,0.739,1
94.07,24.12,1332.933,28.286,236.935,319.263,10,0.13,12.906,0.001,1102.57,1.842,1
94.242028,24.913611,1403.765,24.057,115.313,384.84,10,0.127,8.043,0.001,771.445,0.789,1
93.56,24.02,788.643,24.97,47.4,147.579,10,0.129,14.654,0.001,798.589,1.509,1
94.316778,24.909542,977.495,36.056,157.853,88.548,10,0.128,17.107,0.001,780.841,1.711,1
94.543694,25.465167,1065.264,30.311,320.864,538.614,10,0.129,14.008,0.05,1057.66,95.674,1
93.394306,24.798278,334.814,19.166,288.771,41.742,30,0.127,10.569,0.05,1436.57,96.708,1
93.72275,25.15775,737.957,33.61,206.629,158.948,10,0.121,30.265,0.001,922.611,3.379,1
94.043697,25.430853,1461.77,33.905,276.052,560.024,50,0.128,30.57,0.01,881.96,33.975,1
93.08,24.23,754.7,42.169,353.725,395.997,10,0.132,26.783,0.001,1151.816,4.059,1
94.322472,24.824278,1380.773,17.417,122.416,563.899,50,0.128,5.383,0.01,952.61,6.58,1
93.721889,24.631861,1330.68,18.774,79.195,236.127,10,0.123,5.915,0.001,709.39,0.519,1
94.134506,25.200853,1308.703,38.113,245.136,208.709,10,0.123,31.683,0.001,861.58,3.361,1
94.138111,24.682167,863.618,34.285,320.172,150.502,50,0.126,19.004,0.001,774.663,1.858,1
94.602278,24.777333,693.609,19.942,323.087,597.65,10,0.126,8.417,0.001,1239.69,1.315,1
94.555417,25.27325,1585.325,28.294,285.249,723.59,10,0.133,24.738,0.05,1227.161,202.957,1
94.306125,24.889031,1228.623,28.777,13.987,523.022,10,0.132,13.174,0.001,793.154,1.369,1
94.551083,25.052833,1830.345,32.543,273.252,871.592,10,0.126,20.081,0.001,1031.853,2.607,1
93.91,24.09,1166.368,14.959,259.577,443.72,10,0.13,4.44,0.001,823.88,0.475,1
93.954583,24.346028,1233.163,11.714,64.476,563.899,10,0.127,3.25,0.01,658.871,2.712,1
94.509111,25.312667,1452.274,25.736,139.215,665.908,30,0.131,11.521,0.05,857.47,64.651,1
94.259028,24.431056,1208.077,33.113,144.332,684.615,10,0.125,18.261,0.001,1062.108,2.433,1
94.523556,25.182417,1367.131,36.459,182.29,59.032,30,0.13,20.372,0.05,939.265,124.931,1
93.633144,24.922861,1103.572,34.13,127.997,522.189,10,0.123,30.802,0.001,976.216,3.73,1
93.655719,24.804586,590.248,33.721,219.076,429.757,30,0.125,20.921,0.05,1032.152,134.777,1
93.48,24.13,713.434,1.522,320.168,0.0,10,0.13,0.584,0.001,753.666,0.057,1
94.28722,24.25806,317.79,28.794,203.695,65.999,10,0.129,13.183,0.001,1143.931,1.933,1
94.323778,24.846167,1327.714,31.308,88.834,859.514,10,0.128,14.55,0.001,911.52,1.708,1
93.502278,24.978389,1296.226,14.339,303.49,644.636,60,0.119,10.638,0.45,1151.658,655.09,1
93.88,24.83,781.937,0.132,165.687,29.516,40,0.128,0.024,0.15,709.9,0.344,1
94.308778,24.618583,1220.996,33.626,195.303,509.522,10,0.128,30.282,0.001,1096.416,4.25,1
94.544583,25.065056,1692.254,41.415,180.178,272.123,30,0.13,19.913,0.001,1002.46,2.575,1
94.551028,25.096611,1651.036,28.108,138.536,106.421,10,0.129,16.902,0.001,987.346,2.158,1
93.55,24.15,643.615,23.503,243.322,118.063,10,0.131,7.816,0.001,760.955,0.78,1
93.646406,24.653156,595.984,28.063,321.904,65.999,10,0.122,19.84,0.001,880.406,2.132,1
94.390222,25.098667,1735.519,18.798,39.498,206.611,10,0.127,14.978,0.001,855.303,1.633,1
94.135,25.508,1725.172,17.789,121.669,814.231,50,0.127,13.977,0.001,890.26,1.568,1
93.941722,25.146528,1283.843,15.634,179.4,29.516,30,0.127,10.789,0.001,913.092,1.247,1
93.736111,24.809917,1218.457,22.69,210.857,525.515,30,0.124,18.926,0.01,864.634,20.345,1
93.19,24.73,274.973,17.346,305.5,355.418,10,0.126,10.194,0.001,1537.182,1.982,1
94.523694,25.181528,1332.009,30.643,28.291,29.516,10,0.13,27.01,0.001,939.84,3.314,1
94.020444,24.997972,815.328,31.318,102.917,88.548,30,0.126,14.555,0.05,678.631,61.986,1
93.09,24.52,184.697,33.73,334.279,197.998,10,0.129,15.86,0.001,1427.004,2.919,1
94.549639,24.814778,1048.384,32.84,353.543,542.642,10,0.128,22.188,0.001,1210.925,3.442,1
93.654444,24.935611,471.154,31.465,111.691,106.421,10,0.125,25.481,0.001,970.951,3.084,1
94.578333,24.9155,1132.127,23.071,225.222,690.948,10,0.128,10.082,0.001,1010.346,1.307,1
93.712833,25.152389,820.617,17.358,208.15,237.964,10,0.121,5.36,0.001,929.886,0.602,1
93.612222,24.639722,790.049,34.612,130.672,413.222,30,0.128,23.566,0.001,945.994,2.834,1
93.97215,25.13109,1031.855,19.806,283.416,121.697,40,0.126,13.774,0.15,867.085,224.593,1
94.08,24.22,1410.618,31.437,28.092,449.572,10,0.128,11.08,0.001,974.761,1.385,1
94.520944,25.185889,1433.002,19.091,79.631,401.459,10,0.134,15.272,0.001,933.926,1.897,1
93.214998,24.797951,283.22,29.39,299.672,355.418,10,0.126,13.507,0.001,1477.022,2.537,1
94.044694,25.268942,1309.008,30.519,199.42,88.548,30,0.129,10.702,0.05,892.745,61.433,1
93.9,24.09,1007.331,13.64,142.846,278.452,10,0.131,6.127,0.001,807.014,0.646,1
93.736361,25.164222,746.531,24.378,105.721,188.994,10,0.121,15.56,0.05,913.417,86.26,1
93.22,24.2,1264.644,32.562,49.013,588.099,10,0.126,15.229,0.001,1020.938,1.961,1
94.483082,24.969479,1580.801,34.973,124.431,673.065,10,0.128,19.439,0.001,998.895,2.5,1
94.338583,25.127556,1663.312,20.074,167.093,438.785,10,0.123,8.486,0.001,793.051,0.833,1
93.245222,24.813889,138.575,35.763,336.201,83.483,10,0.126,12.847,0.001,1435.573,2.339,1
94.02,24.12,1276.373,23.602,56.818,188.994,10,0.126,19.864,0.001,991.802,2.481,1
93.685222,25.158667,1013.995,34.884,92.538,544.245,10,0.124,23.777,0.001,923.806,2.727,1
93.457417,24.772806,521.384,26.146,308.233,422.603,10,0.126,8.899,0.001,1358.706,1.528,1
93.928861,24.314194,1189.02,25.866,167.567,635.791,10,0.127,22.066,0.001,650.275,1.817,1
94.155694,24.956472,1151.516,29.357,142.313,443.72,30,0.124,15.864,0.05,654.186,64.621,1
93.66,24.34,1057.033,9.14,355.087,324.674,30,0.128,2.362,0.001,700.525,0.214,1
94.5775,25.419444,1497.448,19.184,281.893,393.79,30,0.13,9.431,0.001,1057.66,1.295,1
93.441889,24.788889,1026.185,40.936,104.667,938.028,10,0.131,14.905,0.001,1372.76,2.655,1
93.462694,24.759667,432.087,25.076,305.89,208.709,30,0.127,21.389,0.001,1325.898,3.595,1
94.534528,25.477056,928.694,30.967,89.551,532.104,10,0.128,22.292,0.001,857.47,2.445,1
93.69575,25.165222,971.849,35.891,219.272,369.832,10,0.125,20.016,0.001,914.802,2.266,1
94.04,24.09,1136.508,24.253,148.243,150.502,10,0.128,20.537,0.001,1094.906,2.883,1
94.06583,24.40639,1194.719,22.554,320.612,885.475,10,0.127,12.936,0.001,792.428,1.315,1
94.578222,25.42025,1503.963,17.03,16.743,354.19,10,0.13,5.233,0.001,1057.66,0.719,1
94.58,25.414028,1523.989,27.505,35.13,317.895,10,0.129,12.481,0.001,1057.66,1.707,1
93.435417,24.799333,927.476,32.175,286.234,714.503,10,0.127,11.383,0.001,1379.11,1.999,1
94.186181,24.495,1206.525,26.552,121.889,422.603,10,0.127,11.964,0.001,953.121,1.446,1
94.03,24.09,1256.932,34.511,223.253,308.154,10,0.127,25.265,0.001,1069.202,3.442,1
93.36,24.32,774.932,45.951,261.742,329.997,10,0.135,26.087,0.001,1067.829,3.74,1
94.228389,25.363278,1678.615,14.048,284.921,208.709,10,0.122,4.099,0.001,890.26,0.447,1
94.308972,25.185167,1314.93,26.602,150.879,29.516,30,0.125,9.087,0.05,839.31,48.073,1
93.712056,25.159,1041.693,8.916,98.876,573.094,10,0.121,2.288,0.001,921.553,0.254,1
94.283806,24.264333,394.945,21.697,192.77,252.183,10,0.129,7.083,0.001,1155.807,1.056,1
94.202556,24.940333,1021.675,25.827,261.162,41.742,10,0.128,15.266,0.001,697.482,1.36,1
94.549694,25.061472,1737.872,33.132,206.868,313.758,30,0.127,24.111,0.001,1016.271,3.13,1
94.523333,25.182306,1345.861,29.664,176.76,29.516,10,0.13,16.061,0.001,938.654,1.968,1
93.18,24.24,838.048,33.317,62.014,280.012,10,0.125,15.637,0.001,1168.673,2.285,1
93.89,24.08,1114.614,25.513,168.25,267.277,10,0.129,11.4,0.001,789.381,1.159,1
94.493465,24.954887,1564.96,35.843,111.415,774.756,10,0.126,16.994,0.001,960.774,2.057,1
93.514431,24.724406,337.354,49.196,142.253,125.225,10,0.128,36.819,0.001,1164.353,5.48,1
94.048914,25.427231,1454.201,35.331,144.363,754.244,30,0.125,16.72,0.05,881.96,91.969,1
94.541667,25.069806,1570.366,27.523,339.014,147.579,10,0.129,23.934,0.001,989.842,3.053,1
94.539417,25.289139,1389.154,36.045,71.415,435.796,30,0.134,32.555,0.05,1057.66,230.769,1
94.504611,25.180889,1769.802,29.997,297.932,531.285,30,0.129,16.274,0.001,899.992,1.884,1
93.293194,24.734233,305.574,31.004,286.929,83.483,10,0.129,16.918,0.001,1590.482,3.452,1
93.673667,25.152472,1040.638,27.282,330.689,303.884,10,0.123,12.36,0.001,949.061,1.447,1
94.02,24.1,1682.95,28.838,79.035,740.254,30,0.126,17.426,0.05,1030.644,113.191,1
94.128222,24.28575,1278.113,35.27,121.184,784.255,30,0.126,29.055,0.05,1037.591,190.2,1
94.375944,25.095972,1688.507,24.192,217.672,591.054,50,0.126,10.685,0.01,843.383,11.382,1
94.107603,25.218022,1245.838,25.015,329.318,567.749,10,0.127,14.686,0.001,872.451,1.62,1
93.72,24.37,819.84,16.918,250.823,324.674,50,0.127,9.035,0.05,709.835,40.604,1
94.267306,24.687667,1458.215,37.721,105.11,737.896,30,0.126,23.739,0.05,951.032,141.73,1
94.0,24.9179,838.906,18.014,206.892,383.706,10,0.127,14.199,0.001,667.279,1.201,1
93.18,24.72,251.542,26.642,88.712,131.999,10,0.126,15.85,0.001,1515.069,3.045,1
93.98,24.0,1504.641,32.849,160.508,473.175,10,0.128,18.093,0.001,1111.166,2.582,1
94.227111,24.931167,1302.651,24.128,243.75,118.063,10,0.125,8.072,0.001,740.534,0.745,1
94.098872,25.265492,1198.55,15.471,147.211,272.123,10,0.129,6.115,0.001,891.479,0.704,1
94.320139,25.14275,1646.383,36.311,250.743,292.192,10,0.125,13.068,0.001,812.966,1.325,1
94.519722,24.835611,1375.252,21.605,71.513,647.333,10,0.128,7.046,0.001,1144.741,1.036,1
93.57,24.03,820.361,20.265,300.688,443.72,10,0.128,16.453,0.001,800.589,1.691,1
94.078972,24.773472,895.088,28.908,315.277,718.151,10,0.125,13.245,0.001,672.642,1.116,1
93.92575,25.124639,1265.72,20.271,106.709,395.997,30,0.131,6.51,0.05,903.094,38.465,1
94.187361,24.704083,1256.035,32.297,340.527,395.997,10,0.128,19.906,0.001,802.128,2.033,1
94.563361,24.921167,1236.231,33.709,248.701,502.637,10,0.129,18.64,0.001,973.974,2.342,1
94.551528,25.467167,1242.488,39.038,6.638,794.738,10,0.13,18.683,0.001,1057.66,2.577,1
93.457389,24.768472,504.501,31.506,281.526,515.472,10,0.127,26.751,0.001,1356.604,4.607,1
94.630111,25.394917,2211.375,38.764,138.13,475.929,10,0.126,32.279,0.001,1340.66,5.456,1
93.79,24.32,935.377,31.54,155.948,500.9,10,0.126,17.26,0.05,671.602,72.777,1
93.632156,24.660825,544.59,33.484,161.965,106.421,30,0.124,15.727,0.05,932.614,91.553,1
94.170694,24.68625,915.784,25.993,77.846,59.032,30,0.128,11.66,0.05,803.24,59.745,1
93.59,24.17,1154.223,17.578,186.167,659.994,10,0.13,5.446,0.001,755.94,0.537,1
94.077222,25.417778,1524.137,38.132,287.519,326.013,50,0.123,13.799,0.01,881.96,15.014,1
94.528472,25.287361,1162.302,30.997,181.995,212.842,30,0.133,14.381,0.05,857.47,81.689,1
93.11,24.54,289.548,22.602,339.865,303.884,10,0.13,9.83,0.001,1445.365,1.851,1
94.198722,24.702722,1277.677,39.584,242.169,177.095,50,0.129,36.107,0.05,814.752,187.943,1
93.623694,24.641528,504.857,19.045,176.139,253.905,10,0.123,13.835,0.001,919.218,1.563,1
94.156667,24.528778,902.789,22.878,232.862,41.742,30,0.128,18.995,0.05,887.185,107.809,1
94.031956,25.448506,1738.569,26.701,188.683,696.599,10,0.121,18.691,0.001,1021.81,2.313,1
93.74,24.32,900.501,32.991,225.466,278.452,10,0.124,18.184,0.001,684.996,1.553,1
94.316806,25.027528,1202.017,24.192,76.88,83.483,10,0.13,20.473,0.001,792.014,2.105,1
94.556111,25.05125,1757.817,44.928,199.518,616.309,10,0.129,35.784,0.001,1022.204,4.704,1
94.017972,24.301528,1198.868,26.013,101.772,608.485,30,0.129,21.3,0.05,770.468,105.75,1
94.217917,24.71475,1566.624,37.706,130.114,527.995,30,0.127,21.149,0.05,819.563,109.729,1
94.552583,25.45475,1440.788,29.925,292.763,812.088,10,0.129,19.906,0.001,1057.66,2.729,1
93.47,24.14,867.46,37.347,30.682,480.483,10,0.131,17.793,0.001,743.387,1.725,1
94.338583,25.131917,1666.95,27.786,131.554,488.574,10,0.123,12.635,0.001,795.096,1.24,1
93.386806,24.768778,248.469,25.639,296.61,41.742,10,0.127,8.691,0.001,1455.181,1.611,1
93.319833,24.766556,195.615,20.01,182.789,147.579,10,0.127,16.091,0.001,1544.725,3.187,1
94.162444,24.957833,1086.952,27.793,248.363,236.127,10,0.128,14.864,0.001,653.962,1.235,1
94.457787,24.943258,1958.831,31.397,133.814,566.981,60,0.127,22.654,0.45,976.625,1267.966,1
94.505778,24.806417,1131.185,26.576,67.621,919.266,10,0.127,9.076,0.001,1179.909,1.355,1
93.459722,24.751222,455.328,36.66,188.315,208.709,10,0.127,27.047,0.001,1317.885,4.534,1
94.552028,24.81425,1033.0,31.672,15.281,561.577,10,0.128,14.747,0.001,1213.702,2.291,1
94.464944,24.91475,1879.043,28.748,39.044,532.104,10,0.124,17.362,0.001,917.234,1.98,1
94.552028,25.466528,1251.889,28.747,34.969,756.55,10,0.13,22.908,0.001,1057.66,3.171,1
93.724083,24.79825,853.457,36.39,31.279,83.483,10,0.124,13.1,0.001,880.644,1.434,1
94.522556,25.181806,1352.78,32.077,18.183,29.516,10,0.13,17.602,0.001,937.433,2.16,1
93.736222,25.163528,752.716,25.165,125.765,278.452,30,0.121,13.185,0.05,914.441,73.167,1
93.45875,24.764917,480.796,28.438,148.53,158.948,30,0.128,12.989,0.05,1346.346,111.48,1
93.680433,24.534017,1010.21,36.187,101.337,206.611,30,0.128,13.018,0.05,757.908,63.42,1
93.14,24.32,704.623,30.392,32.413,488.574,10,0.131,16.526,0.001,1208.069,2.607,1
94.4095,25.020361,1791.62,13.731,215.894,649.349,10,0.126,3.982,0.001,893.082,0.449,1
93.739886,25.168928,774.622,33.067,174.305,280.012,30,0.122,22.366,0.05,907.174,123.345,1
94.398786,24.796417,1371.772,20.822,110.933,630.977,10,0.129,6.731,0.001,1196.899,1.042,1
94.07,23.95,1013.773,14.765,9.986,186.675,10,0.126,11.042,0.05,1468.653,102.109,1
93.703972,25.162583,875.575,17.587,124.335,29.516,30,0.122,9.488,0.001,917.674,1.066,1
94.162639,24.982917,1234.841,19.268,14.032,690.948,10,0.126,6.11,0.001,650.335,0.499,1
94.224944,24.839722,1188.967,34.714,207.275,125.225,10,0.128,12.421,0.001,803.228,1.271,1
93.647528,25.117806,1217.849,28.11,336.989,384.84,10,0.124,24.546,0.001,1055.149,3.209,1
94.551028,25.049,1787.516,13.43,136.248,752.509,10,0.127,3.871,0.001,1026.316,0.505,1
93.457139,24.775972,535.708,28.975,254.829,475.929,10,0.125,17.525,0.001,1359.37,2.988,1
93.731514,24.965053,1823.9,34.164,249.876,784.255,10,0.123,12.197,0.001,963.624,1.454,1
93.13,24.73,24.706,0.136,196.599,29.516,40,0.128,0.025,0.05,1456.404,0.236,1
94.2,24.2,709.041,17.259,132.596,491.242,10,0.129,12.226,0.001,1343.58,2.11,1
94.460722,25.099194,2277.035,28.791,159.531,319.263,10,0.126,9.989,0.001,883.689,1.101,1
94.220711,25.350061,1722.17,26.894,14.532,411.108,10,0.123,9.207,0.001,890.26,1.006,1
94.457028,25.389639,1554.765,16.286,334.312,622.637,10,0.127,12.504,0.001,857.47,1.36,1
93.731306,25.161694,724.098,32.386,182.494,93.337,10,0.122,27.621,0.001,917.064,3.1,1
93.29,24.13,1030.88,20.841,340.379,388.22,10,0.129,16.228,0.001,959.589,2.011,1
93.67,24.35,1084.678,30.787,124.991,694.72,30,0.128,14.267,0.05,705.405,64.701,1
94.503639,25.08325,1682.747,27.444,182.386,665.908,10,0.127,20.546,0.001,906.219,2.388,1
93.524917,24.984722,1148.826,21.358,285.324,290.697,10,0.121,17.563,0.001,1161.411,2.461,1
94.368466,24.808874,1567.341,36.185,54.52,619.833,10,0.127,22.664,0.001,1124.003,3.242,1
93.51,24.35,936.903,22.461,273.831,476.843,10,0.133,7.393,0.001,974.953,0.957,1
94.522944,25.095611,1534.235,33.754,112.375,401.459,30,0.129,12.029,0.05,941.382,73.051,1
94.555139,25.050694,1711.567,36.41,143.6,593.995,10,0.129,33.14,0.001,1022.767,4.353,1
93.703222,25.156833,900.201,27.675,182.708,295.158,30,0.121,14.788,0.05,924.752,82.381,1
93.91,24.11,1212.321,20.568,143.865,177.095,10,0.129,11.542,0.05,787.106,58.78,1
94.253445,24.677303,968.673,29.178,71.724,236.127,10,0.129,25.66,0.001,922.625,3.045,1
94.544528,25.485861,913.684,29.166,208.514,397.095,30,0.127,13.385,0.05,1057.66,89.8,1
93.66,24.35,1176.768,7.936,291.928,560.801,10,0.131,1.969,0.001,713.106,0.184,1
94.2605,24.686833,1363.941,25.617,232.497,755.974,10,0.126,21.951,0.001,934.812,2.602,1
93.4975,24.99306,1196.854,16.391,299.791,1002.236,50,0.135,4.986,0.01,1177.67,8.15,1
94.264253,24.684625,1410.99,37.255,202.505,926.346,10,0.128,33.999,0.001,945.378,4.116,1
94.440417,25.128194,1842.414,20.188,304.234,383.706,10,0.128,16.375,0.001,873.107,1.836,1
94.01,24.14,1140.815,23.771,13.065,333.934,10,0.13,7.926,0.001,931.885,0.956,1
94.096483,24.2504,1051.155,25.155,146.328,802.918,10,0.127,8.492,0.001,983.196,1.064,1
94.084694,25.417653,1531.716,29.434,225.178,355.418,10,0.124,19.521,0.001,881.96,2.137,1
93.730361,25.161667,726.651,19.842,161.964,29.516,10,0.122,16.026,0.001,917.132,1.803,1
94.176806,24.417667,1341.849,34.331,334.842,620.535,10,0.127,16.183,0.001,1024.846,2.103,1
94.473616,24.957209,1897.388,23.888,300.164,597.65,10,0.127,10.521,0.001,986.184,1.317,1
94.11,24.19,1351.984,30.32,201.743,801.832,30,0.129,23.129,0.001,1055.723,3.163,1
94.526639,25.332083,1155.104,24.683,44.926,236.127,30,0.131,14.449,0.001,857.47,1.63,1
94.522528,25.094333,1540.835,36.381,124.266,417.417,30,0.129,22.802,0.05,940.024,138.534,1
94.354611,25.16525,1704.621,17.232,52.974,532.104,10,0.128,13.34,0.001,800.37,1.36,1
94.610194,24.887722,713.637,22.615,240.201,581.395,10,0.128,18.848,0.001,1218.054,2.932,1
94.550611,25.059556,1762.559,37.541,285.196,354.19,10,0.129,13.562,0.001,1021.231,1.777,1
94.188889,24.9475,919.344,35.825,19.744,83.483,10,0.125,32.543,0.001,671.367,2.73,1
94.632139,25.065889,1298.06,33.366,184.753,290.697,10,0.128,18.422,0.001,1150.484,2.721,1
94.155,24.9755,1170.076,27.328,108.796,295.158,10,0.126,9.386,0.001,651.407,0.767,1
93.594472,24.641194,1089.572,32.234,56.239,413.222,50,0.128,28.84,0.001,997.469,3.632,1
93.62275,25.110667,1168.073,20.285,85.82,0.0,10,0.124,16.473,0.001,1122.534,2.286,1
94.1254,25.255931,1395.131,28.43,183.286,981.152,30,0.129,20.15,0.05,887.713,115.489,1
93.99,24.0,1107.622,20.563,89.376,208.709,10,0.13,16.755,0.001,1156.111,2.513,1
94.532861,25.480722,964.159,32.789,48.666,704.063,30,0.129,29.416,0.05,857.47,162.913,1
93.69,24.3,813.943,0.315,107.805,206.611,40,0.126,0.061,0.15,672.421,0.775,1
93.471667,24.804167,537.575,13.018,257.745,237.964,10,0.127,9.404,0.001,1352.076,1.613,1
94.198278,24.708417,1321.197,33.103,286.461,461.052,50,0.129,24.088,0.01,808.521,25.01,1
94.325861,24.847436,1202.06,30.765,111.246,740.254,10,0.128,27.313,0.001,913.2,3.205,1
93.737583,24.796944,1145.112,26.81,313.23,29.516,60,0.124,23.191,0.001,854.57,2.467,1
94.614389,25.063167,986.278,24.316,52.17,29.516,10,0.127,18.72,0.001,1096.736,2.613,1
94.1,24.15,1053.194,22.222,70.701,83.483,10,0.13,7.295,0.001,1108.453,1.05,1
94.191194,24.946944,907.765,35.478,17.744,41.742,10,0.125,30.659,0.001,674.893,2.58,1
93.663583,25.130722,1187.906,30.891,15.898,567.749,10,0.125,22.228,0.001,1000.415,2.781,1
94.354848,24.836588,1522.912,34.258,274.097,567.749,10,0.125,18.987,0.001,1012.633,2.441,1
93.43875,24.846028,785.631,38.364,327.428,450.54,10,0.128,24.185,0.001,1283.891,3.97,1
93.672828,24.647011,971.322,24.661,151.234,561.577,10,0.127,20.959,0.05,799.381,106.145,1
94.52725,25.178417,1283.453,25.96,63.145,29.516,10,0.13,20.27,0.001,947.003,2.488,1
93.603944,24.628,921.923,25.11,102.116,0.0,10,0.128,21.424,0.001,958.072,2.637,1
93.508903,24.719214,312.308,40.751,142.477,147.579,10,0.129,28.237,0.001,1155.915,4.205,1
93.606694,24.636444,947.383,38.539,63.389,505.23,10,0.126,21.665,0.001,954.818,2.61,1
94.535111,25.478194,932.894,29.823,113.518,502.637,30,0.128,10.415,0.05,857.47,57.209,1
93.97,24.01,1318.004,24.212,52.979,236.127,10,0.13,10.696,0.001,1042.271,1.446,1
94.532083,25.103111,1561.597,37.202,260.692,59.032,10,0.125,23.377,0.001,958.383,2.811,1
94.03,24.07,1029.7,33.117,54.09,484.096,10,0.128,15.529,0.001,1116.354,2.221,1
93.688167,25.160389,1020.554,43.882,183.295,573.094,10,0.124,32.839,0.001,921.286,3.761,1
93.671856,24.646197,969.864,26.428,149.044,475.929,30,0.127,9.015,0.05,800.232,45.697,1
93.55,24.33,1029.823,20.475,252.146,252.183,10,0.13,15.874,0.001,836.964,1.722,1
93.459083,24.834917,847.662,29.441,234.533,631.667,60,0.127,13.535,0.05,1291.286,110.755,1
94.03,23.98,1465.224,19.43,100.309,605.614,10,0.125,15.611,0.001,1336.495,2.613,1
94.18495,24.437169,1425.716,36.421,247.394,714.503,10,0.126,24.962,0.001,1012.42,3.195,1
93.62825,24.662664,590.784,26.588,157.678,516.316,10,0.126,9.081,0.001,946.408,1.079,1
93.1,24.26,684.177,27.386,99.657,88.548,10,0.13,23.792,0.001,1172.269,3.622,1
94.26374,24.672316,1099.925,31.928,302.415,263.998,10,0.127,19.642,0.001,951.454,2.379,1
94.615,25.063778,1006.242,28.338,209.523,29.516,10,0.127,12.935,0.001,1099.198,1.806,1
93.509861,24.984528,1247.138,17.958,345.571,422.603,10,0.121,14.143,0.001,1161.084,1.988,1
93.18,24.73,227.875,34.994,267.759,265.643,10,0.13,19.452,0.001,1521.352,3.836,1
94.276139,24.291139,594.143,24.431,284.497,377.987,10,0.128,12.719,0.001,1213.286,1.97,1
93.96,24.1,1583.583,21.015,152.28,355.418,10,0.126,17.213,0.05,900.248,97.772,1
94.06,23.96,1127.959,32.011,7.838,319.263,30,0.129,28.608,0.001,1440.862,5.294,1
93.53,24.35,1123.502,18.466,224.314,29.516,10,0.127,8.991,0.001,924.469,1.058,1
93.899,25.523,2107.968,47.648,163.546,383.706,10,0.125,44.067,0.001,1021.81,5.617,1
93.736,24.798,1161.565,25.633,238.414,131.999,50,0.124,13.484,0.01,857.92,14.321,1
93.654972,25.121417,1216.638,30.977,307.904,397.095,10,0.125,14.37,0.001,1032.379,1.85,1
93.11,24.28,746.331,35.052,356.749,737.896,10,0.132,21.865,0.001,1183.381,3.401,1
93.14,24.72,104.18,20.442,352.178,336.532,10,0.128,10.209,0.001,1454.245,1.895,1
93.58,24.15,1006.116,31.217,38.649,501.769,30,0.126,25.247,0.05,764.691,122.211,1
93.246,24.8145,123.469,28.439,288.611,83.483,10,0.128,24.889,0.001,1434.366,4.54,1
93.749083,25.167917,698.661,33.867,234.49,186.675,30,0.121,21.025,0.05,907.982,115.494,1
94.309379,24.618157,1230.011,36.831,224.906,494.776,50,0.128,20.604,0.01,1097.115,28.924,1
94.600389,25.410278,1683.934,25.905,67.528,699.718,10,0.13,8.801,0.001,1057.66,1.207,1
93.695278,24.629861,1362.287,28.036,302.628,551.401,10,0.127,12.77,0.01,736.892,11.906,1
94.614972,25.063861,1006.242,28.338,209.523,29.516,10,0.127,12.935,0.001,1099.198,1.806,1
94.015522,25.028456,813.12,7.358,87.793,125.225,10,0.124,1.785,0.01,700.486,1.551,1
93.15,24.33,526.311,29.059,21.035,106.421,10,0.131,10.1,0.001,1211.036,1.595,1
94.523722,25.182472,1368.455,34.95,176.514,65.999,30,0.13,16.516,0.05,939.868,101.274,1
94.155111,24.946889,1046.001,25.283,109.851,186.675,30,0.127,21.604,0.001,655.575,1.789,1
93.50361,24.98722,1284.717,9.395,139.78,579.894,10,0.0,4.659,0.001,1165.236,0.321,1
93.45725,24.768694,498.601,33.374,277.988,515.472,10,0.127,28.596,0.001,1357.109,4.924,1
94.006631,25.444333,1674.406,35.788,234.328,709.609,50,0.124,32.505,0.05,1021.81,204.396,1
94.342667,25.181639,1679.06,32.054,295.527,295.158,10,0.123,11.333,0.001,813.424,1.136,1
93.45917,24.84833,1003.103,31.27,172.82,438.785,50,0.126,11.011,0.05,1246.576,86.186,1
93.606139,24.630083,883.687,25.994,71.437,263.998,10,0.127,22.342,0.001,951.466,2.715,1
93.740194,24.815833,1245.157,29.654,305.779,417.417,10,0.122,18.012,0.001,859.505,1.895,1
93.748972,25.168028,698.661,33.867,234.49,186.675,10,0.121,21.025,0.05,907.982,115.494,1
94.13,24.13,571.642,16.024,177.029,29.516,10,0.128,8.436,0.001,1334.216,1.448,1
93.789333,24.927139,1636.249,22.275,20.34,345.474,10,0.122,18.5,0.001,835.291,1.885,1
94.046367,25.269014,1322.905,28.156,162.714,88.548,10,0.129,12.836,0.001,892.862,1.473,1
94.163786,24.491669,1500.505,35.21,162.501,772.504,30,0.127,19.588,0.05,923.342,115.027,1
94.02,24.11,1479.016,15.023,120.926,336.532,10,0.124,5.891,0.001,1011.795,0.745,1
93.705833,24.618889,1451.282,24.926,110.531,549.026,10,0.124,13.033,0.001,726.639,1.172,1
93.691556,24.624944,1342.955,35.897,329.787,648.005,10,0.125,20.02,0.001,741.06,1.87,1
93.53,24.33,1363.285,12.549,138.105,659.994,10,0.126,4.683,0.001,887.448,0.525,1
94.552528,25.466278,1253.625,34.126,22.097,713.283,10,0.132,21.209,0.001,1057.66,2.94,1
93.627392,24.640072,447.804,39.801,287.532,59.032,10,0.122,14.46,0.001,906.69,1.595,1
94.347306,25.174667,1722.462,30.906,295.791,355.418,10,0.125,20.676,0.001,809.262,2.096,1
94.255917,24.691389,1475.475,36.686,332.035,678.864,10,0.126,28.79,0.001,920.776,3.338,1
94.5065,25.314972,1393.986,26.809,43.496,414.275,10,0.129,18.782,0.001,857.47,2.089,1
93.37,25.11,970.932,39.157,243.225,544.245,10,0.122,35.917,0.001,1208.319,5.303,1
94.50075,24.957333,1498.341,31.252,136.295,501.769,10,0.13,14.519,0.001,953.799,1.796,1
94.16515,24.490983,1424.915,34.07,130.944,627.515,30,0.127,18.868,0.001,925.845,2.224,1
94.26,24.22,353.493,15.411,86.78,147.579,10,0.128,6.085,0.001,1258.944,0.982,1
93.656306,25.123361,1211.996,36.297,308.396,356.641,10,0.125,20.271,0.001,1027.234,2.602,1
94.56436,25.055278,1703.978,29.249,196.541,383.706,10,0.128,10.178,0.001,1015.501,1.323,1
94.525111,25.289944,1113.115,33.297,196.213,212.842,30,0.13,20.619,0.05,857.47,114.776,1
93.21,24.21,851.866,30.211,277.721,118.063,10,0.126,16.411,0.001,1070.305,2.215,1
93.6845,25.157667,1021.368,32.934,147.306,527.995,10,0.124,20.361,0.001,925.182,2.335,1
94.548444,25.39625,936.999,19.139,309.177,177.095,30,0.125,13.196,0.05,1057.66,87.537,1
94.643917,25.064833,1443.449,35.211,217.511,834.834,10,0.129,16.656,0.001,1181.665,2.542,1
94.352889,24.820222,1597.969,31.81,198.907,516.316,10,0.125,19.558,0.01,1053.758,25.798,1
93.07,24.52,195.027,7.688,122.214,329.997,10,0.131,1.889,0.001,1414.135,0.349,1
94.250611,24.433611,1287.604,29.295,2.688,864.063,10,0.125,17.755,0.001,1064.421,2.364,1
93.713083,25.152167,809.391,20.258,146.064,252.183,10,0.121,6.505,0.001,930.204,0.732,1
94.08,24.15,1713.034,20.009,195.448,950.483,10,0.127,6.405,0.001,1061.145,0.861,1
93.15,24.74,82.262,10.187,40.437,147.579,10,0.126,3.584,0.001,1484.191,0.672,1
94.580417,24.871889,919.205,35.171,150.086,740.254,10,0.128,23.999,0.001,1103.136,3.383,1
94.342873,24.607745,1118.044,29.53,342.512,509.522,10,0.128,26.027,0.001,1135.948,3.775,1
94.080258,25.332489,1083.926,33.913,315.551,125.225,10,0.127,24.766,0.001,881.96,2.772,1
93.619972,25.09225,1161.582,34.735,67.449,461.996,10,0.128,16.4,0.001,1152.151,2.399,1
94.541333,25.413,894.361,18.654,81.117,118.063,30,0.125,14.835,0.05,1057.66,98.247,1
93.682686,25.157092,1026.869,43.081,139.461,665.908,10,0.123,20.76,0.001,925.956,2.372,1
94.340419,24.835145,1263.833,38.797,315.157,356.641,10,0.128,30.628,0.001,974.738,3.809,1
94.406137,24.798077,1309.379,28.885,158.025,826.444,10,0.128,10.028,0.001,1198.329,1.545,1
94.222514,25.351311,1704.862,18.446,261.203,401.459,10,0.123,11.014,0.001,890.26,1.211,1
93.725528,24.600083,1024.014,36.66,124.202,206.611,10,0.126,17.429,0.001,707.166,1.552,1
94.332389,25.048417,1448.814,21.603,311.316,118.063,10,0.127,13.412,0.001,810.288,1.373,1
94.043861,25.428889,1456.4,39.316,229.412,560.801,50,0.126,36.076,0.01,881.96,39.951,1
93.620333,25.101083,1067.604,29.56,100.327,188.994,10,0.127,13.599,0.001,1140.277,1.966,1
93.663889,24.779889,467.496,23.174,88.961,0.0,10,0.124,19.423,0.001,1003.333,2.423,1
94.545083,25.468,1023.904,27.988,311.966,765.707,10,0.129,24.419,0.001,1057.66,3.327,1
93.57,24.02,713.962,3.593,248.791,0.0,40,0.132,1.782,0.15,804.368,28.368,1
93.29,24.21,989.034,34.967,195.139,59.032,10,0.129,16.525,0.001,1014.881,2.162,1
94.500056,25.410694,1810.42,15.694,134.522,941.273,10,0.129,9.663,0.001,857.47,1.064,1
93.84,24.3,835.323,21.3,198.777,395.997,10,0.127,10.744,0.001,637.728,0.871,1
93.611556,24.639,806.902,21.583,114.777,326.013,10,0.128,10.921,0.001,946.844,1.33,1
93.670775,24.612372,617.998,24.43,201.663,177.095,30,0.122,20.72,0.05,789.918,99.563,1
93.7745,24.866972,1296.058,34.391,124.672,230.526,60,0.122,31.071,0.45,812.048,1384.535,1
94.04,23.97,1170.495,21.443,20.458,0.0,10,0.126,17.649,0.001,1380.491,3.067,1
94.312167,25.151917,1389.391,20.547,314.246,743.19,10,0.128,16.738,0.001,822.924,1.769,1
93.61925,25.096333,1137.186,37.186,153.562,554.552,10,0.124,25.547,0.001,1149.149,3.682,1
93.612278,25.08025,1069.82,17.986,156.315,188.994,10,0.125,5.605,0.001,1180.307,0.829,1
93.525333,24.987361,1131.016,23.63,308.255,236.127,10,0.122,13.699,0.001,1165.525,1.939,1
94.258667,24.686651,1363.346,45.931,161.918,633.732,30,0.126,26.076,0.05,930.612,154.471,1
94.528333,25.287333,1162.302,30.997,181.995,212.842,30,0.133,14.381,0.05,857.47,81.689,1
94.070472,25.421028,1435.781,29.046,245.272,480.483,10,0.127,25.522,0.001,881.96,2.832,1
94.511861,25.325194,1268.576,34.048,215.017,83.483,30,0.13,21.154,0.05,857.47,118.246,1
94.184525,25.337428,1676.883,36.373,290.922,65.999,10,0.123,13.093,0.001,890.26,1.438,1
93.433917,24.812083,457.841,24.803,39.542,41.742,10,0.127,12.955,0.001,1382.212,2.275,1
94.03,24.08,1002.232,14.925,103.913,401.459,10,0.129,9.066,0.001,1083.072,1.265,1
93.18,24.28,748.803,28.641,210.156,147.579,10,0.132,9.928,0.001,1190.177,1.557,1
93.777611,24.782139,987.852,28.411,10.099,59.032,50,0.125,9.833,0.01,782.562,9.65,1
94.156667,24.404167,1261.75,21.287,68.23,593.995,30,0.126,6.918,0.01,1012.235,8.845,1
94.550694,25.082778,1532.884,39.164,157.741,65.999,10,0.128,34.218,0.001,982.981,4.292,1
93.491833,24.723056,188.697,38.047,201.293,93.337,10,0.129,34.802,0.001,1182.8,5.304,1
93.772167,24.788639,1093.816,29.262,3.183,118.063,50,0.124,17.731,0.01,790.361,17.429,1
94.16536,25.53128,1693.219,11.097,157.167,509.522,10,0.126,3.032,0.001,890.26,0.338,1
93.699611,25.165833,950.318,26.585,197.698,383.706,10,0.123,22.957,0.001,913.907,2.577,1
94.357083,24.8385,1534.409,36.295,280.588,699.718,10,0.125,24.865,0.001,1014.323,3.18,1
93.459806,24.789917,518.226,25.915,209.206,29.516,10,0.128,8.804,0.001,1359.264,1.528,1
94.502278,25.083694,1692.356,31.911,200.85,544.245,10,0.127,11.275,0.001,904.403,1.299,1
93.604917,24.628361,892.507,28.725,146.935,29.516,10,0.128,25.188,0.001,955.606,3.093,1
93.496944,24.720167,173.859,27.007,213.725,65.999,50,0.13,23.397,0.001,1166.158,3.551,1
94.347694,25.172806,1717.4,37.631,219.302,158.948,50,0.125,23.676,0.05,808.759,119.759,1
93.500417,24.983194,1221.07,7.828,307.34,673.712,10,0.141,4.657,0.001,1160.685,0.696,1
94.067142,25.321019,1076.559,32.044,260.43,118.063,10,0.128,17.581,0.001,947.419,2.114,1
94.230444,24.313111,517.459,13.901,273.456,443.72,10,0.128,5.337,0.001,1326.697,0.91,1
93.97,24.16,1282.447,23.883,45.878,236.127,10,0.127,10.518,0.001,793.238,1.06,1
93.693944,25.164472,977.327,30.569,103.271,417.417,10,0.123,10.722,0.001,915.911,1.217,1
94.579361,25.410389,1547.162,40.637,315.286,714.503,10,0.129,19.513,0.001,1057.66,2.668,1
93.479194,24.732139,372.656,16.17,168.374,224.786,10,0.129,12.391,0.001,1232.501,1.972,1
94.137,25.514,1734.262,8.894,19.631,625.43,50,0.125,2.281,0.01,890.26,2.731,1
94.044722,25.297797,1152.798,37.829,219.508,147.579,30,0.124,21.226,0.05,941.015,124.835,1
94.166631,25.340433,1630.305,28.782,200.603,638.525,30,0.122,25.083,0.001,890.26,2.71,1
93.667681,24.549256,1071.591,34.441,317.459,681.426,10,0.129,19.103,0.001,803.743,1.981,1
93.778667,24.871361,1157.578,26.341,44.125,590.317,10,0.123,18.387,0.001,805.612,1.827,1
94.575444,25.432833,1527.019,2.226,282.015,737.896,10,0.13,0.379,0.001,1057.66,0.052,1
93.495333,24.942778,1246.163,23.682,226.758,691.578,50,0.12,13.736,0.01,1115.167,18.312,1
93.528278,24.978611,1207.047,10.403,222.133,516.316,10,0.12,2.79,0.001,1151.922,0.385,1
94.527667,25.28775,1151.539,24.862,286.876,188.994,10,0.133,8.372,0.001,857.47,0.951,1
94.141878,24.496792,1473.896,30.02,177.898,596.921,30,0.125,26.537,0.05,896.04,148.928,1
94.337593,24.837576,1173.71,33.103,65.632,158.948,10,0.129,11.764,0.001,959.366,1.449,1
93.720417,25.159386,771.987,31.579,122.59,29.516,10,0.122,14.697,0.001,920.736,1.642,1
94.079214,25.416483,1515.016,36.131,165.706,224.786,50,0.125,22.626,0.01,881.96,24.817,1
93.440722,24.775167,575.427,26.241,156.059,488.574,10,0.128,22.599,0.001,1371.784,3.977,1
93.672833,25.151417,1051.076,19.957,295.865,388.22,10,0.125,13.905,0.001,952.496,1.649,1
94.238389,24.892028,1234.82,19.098,180.719,208.709,10,0.127,15.279,0.001,775.956,1.512,1
94.614861,24.978139,1496.566,31.629,259.359,751.351,10,0.13,17.316,0.001,1142.336,2.571,1
94.592139,25.409139,1669.068,28.546,191.391,534.555,30,0.129,13.048,0.05,1057.66,88.918,1
93.37,25.12,750.334,28.641,246.535,147.579,10,0.123,25.1,0.001,1210.012,3.726,1
94.241111,25.042333,1506.552,25.182,261.793,522.189,10,0.125,8.503,0.001,730.471,0.773,1
93.97,24.19,873.179,36.605,4.288,93.337,10,0.13,22.959,0.001,733.599,2.189,1
94.354889,25.166833,1714.044,30.865,136.095,461.052,10,0.128,18.881,0.001,800.936,1.926,1
94.577472,25.416778,1499.604,30.816,232.028,383.706,30,0.129,14.283,0.05,1057.66,97.778,1
94.270702,24.6735,1326.504,22.738,285.062,752.509,10,0.128,7.505,0.001,968.55,0.929,1
93.94,23.99,1601.221,30.579,69.936,473.175,10,0.128,21.965,0.001,970.114,2.745,1
94.154139,24.379417,1353.33,8.56,294.548,563.899,30,0.127,2.171,0.01,1046.392,2.881,1
94.151528,24.940972,1028.162,17.021,103.114,355.418,30,0.126,8.115,0.001,656.419,0.67,1
94.12,24.13,868.322,27.648,71.818,480.483,10,0.129,12.559,0.001,1287.342,2.083,1
93.19944,24.7825,174.253,28.185,86.02,59.032,10,0.128,23.455,0.001,1523.994,4.58,1
94.576556,24.917611,1130.264,37.583,215.276,650.019,10,0.128,17.918,0.001,1003.914,2.307,1
93.732333,25.161361,715.944,28.405,179.606,106.421,30,0.122,20.129,0.05,917.347,112.661,1
94.124056,24.291028,1332.238,25.039,87.636,491.242,10,0.127,16.076,0.001,1024.707,2.088,1
94.184944,24.934833,959.863,23.656,43.025,83.483,10,0.126,12.226,0.001,683.776,1.054,1
94.5255,24.826361,1250.465,31.535,230.006,868.087,10,0.129,28.115,0.05,1168.903,210.622,1
94.157778,24.955167,1050.314,16.331,78.041,272.123,30,0.124,10.162,0.05,654.343,41.335,1
93.15,24.73,44.811,12.726,319.697,292.192,10,0.125,9.135,0.001,1475.219,1.687,1
93.57,24.1,790.987,17.695,209.861,208.709,10,0.13,13.224,0.001,786.244,1.346,1
93.574044,24.863272,506.11,26.717,139.639,131.999,30,0.126,12.053,0.45,1109.795,755.779,1
93.699833,25.159028,913.832,31.827,241.729,383.706,10,0.122,11.24,0.001,922.275,1.261,1
94.070336,25.317628,1049.144,23.776,340.1,29.516,10,0.127,17.266,0.001,931.726,2.04,1
93.735972,24.798028,1161.565,25.633,238.414,131.999,50,0.124,13.484,0.01,857.92,14.321,1
93.52,24.982611,1231.515,27.414,45.591,224.786,50,0.121,9.422,0.01,1158.144,13.169,1
94.409028,24.797,1290.825,36.026,226.201,767.412,10,0.128,17.092,0.001,1196.014,2.623,1
94.243944,24.895806,1214.173,24.863,136.184,665.908,10,0.127,21.168,0.001,774.213,2.084,1
93.647222,25.11775,1212.339,23.96,342.559,369.832,10,0.124,20.234,0.001,1055.842,2.648,1
93.669028,25.138306,1138.156,36.682,326.176,417.417,10,0.124,23.013,0.001,978.449,2.795,1
94.482917,24.906333,1633.651,20.062,64.41,336.532,30,0.125,6.426,0.05,883.853,35.393,1
94.3485,25.172194,1724.422,39.055,206.326,147.579,30,0.126,24.664,0.05,807.902,124.938,1
93.96,24.16,1495.382,32.286,344.984,626.126,10,0.127,15.08,0.001,768.885,1.465,1
94.160028,24.936361,941.613,27.53,194.221,59.032,60,0.124,16.487,0.01,657.085,13.457,1
93.537028,25.025472,1145.527,24.078,295.264,250.45,10,0.121,15.327,0.001,1195.38,2.227,1
93.742111,25.168806,744.516,36.865,185.195,208.709,30,0.121,20.626,0.001,907.389,2.265,1
94.577722,25.062833,1543.047,36.067,182.884,186.675,10,0.129,20.127,0.001,1006.663,2.621,1
94.049444,25.447378,1353.087,24.603,309.969,83.483,10,0.125,20.899,0.001,881.96,2.303,1
94.06,24.13,1420.49,26.487,149.127,614.185,10,0.127,11.928,0.05,1058.409,80.54,1
94.525583,25.323556,1212.703,18.715,29.872,417.417,30,0.133,11.216,0.001,857.47,1.272,1
93.573444,24.854806,407.272,25.699,181.588,295.158,50,0.125,16.591,0.001,1129.099,2.333,1
93.871,25.528,1559.657,37.124,226.33,509.522,30,0.124,27.429,0.001,1021.81,3.476,1
94.356833,25.116333,1701.035,26.656,241.755,263.998,10,0.125,18.653,0.001,796.879,1.863,1
93.692861,25.164056,973.06,38.761,174.689,466.686,10,0.124,24.461,0.001,916.651,2.781,1
93.696844,24.615083,1469.224,26.935,173.151,816.368,30,0.124,20.089,0.05,736.168,91.46,1
93.483139,24.732417,347.583,19.488,177.313,88.548,10,0.128,11.799,0.001,1222.651,1.846,1
94.551167,25.050417,1804.902,31.453,264.065,826.97,10,0.127,14.628,0.001,1028.293,1.91,1
93.695917,24.615033,1457.223,29.06,204.213,751.351,50,0.124,21.998,0.001,737.071,2.007,1
94.547417,25.259222,1198.801,31.056,47.404,65.999,30,0.129,14.413,0.05,983.451,91.606,1
93.57,24.14,776.58,32.203,295.549,237.964,10,0.128,15.035,0.001,768.943,1.478,1
94.158806,25.338556,1531.227,17.431,281.216,459.159,10,0.126,5.388,0.001,890.26,0.602,1
93.636917,25.113472,1221.592,35.059,334.874,473.175,10,0.123,23.912,0.001,1085.528,3.198,1
94.146,25.525,1560.86,17.168,286.239,828.549,30,0.126,13.365,0.05,890.26,74.674,1
94.555889,25.276222,1611.104,27.124,210.039,758.85,30,0.134,22.402,0.05,1302.104,194.619,1
93.423,24.812167,408.394,26.746,280.58,237.964,10,0.126,12.069,0.001,1390.524,2.116,1
93.460889,24.765361,458.236,28.388,161.792,29.516,30,0.127,9.823,0.05,1341.673,83.715,1
94.516611,25.093167,1533.37,35.719,271.127,263.998,10,0.129,16.928,0.001,930.207,2.029,1
93.28,24.06,648.965,34.924,25.221,608.485,10,0.13,31.619,0.001,915.804,3.773,1
94.526861,25.28925,1135.837,33.655,239.214,280.012,30,0.13,20.874,0.05,857.47,116.759,1
93.7065,25.159778,871.136,36.914,229.393,106.421,10,0.121,30.58,0.001,920.873,3.41,1
94.384778,25.095611,1716.708,17.946,292.626,673.712,10,0.127,14.132,0.001,853.593,1.537,1
93.23789,24.80592,185.816,40.136,138.687,125.225,10,0.127,19.254,0.001,1446.535,3.526,1
94.552992,25.499542,891.35,23.434,278.394,267.277,10,0.127,10.277,0.05,1057.66,69.058,1
93.466667,24.890333,1440.637,18.892,38.531,567.749,10,0.118,5.962,0.001,1158.933,0.815,1
94.544833,25.263722,1256.114,27.211,195.605,252.183,30,0.13,23.609,0.05,991.138,153.044,1
94.123583,24.298028,1292.366,33.993,108.74,669.17,10,0.126,16.002,0.001,1022.376,2.054,1
94.549667,25.079361,1531.39,34.74,334.849,186.675,10,0.129,31.226,0.001,987.183,3.98,1
93.625583,25.110389,1165.734,48.795,198.734,125.225,10,0.124,31.06,0.001,1116.633,4.299,1
93.18,24.31,688.406,22.272,232.967,93.337,10,0.129,7.316,0.001,1159.023,1.099,1
94.191686,24.489728,1240.906,36.944,356.486,549.026,10,0.126,32.085,0.001,966.508,3.923,1
93.927,25.532,1808.648,22.093,74.258,267.277,10,0.126,18.313,0.001,1021.81,2.358,1
93.8,24.52,768.475,5.575,217.245,0.0,30,0.15,3.152,0.15,686.666,40.255,1
94.596417,25.409306,1683.203,19.05,302.16,659.994,10,0.129,7.949,0.05,1057.66,54.261,1
94.125139,24.270806,1135.184,43.519,181.366,556.904,10,0.126,30.267,0.001,1035.29,3.937,1
94.321092,24.910619,1061.073,32.962,156.963,177.095,10,0.129,11.705,0.001,788.523,1.19,1
93.674917,24.544361,1043.146,41.625,163.281,360.287,10,0.128,15.173,0.001,778.525,1.521,1
93.625389,25.110472,1165.734,48.795,198.734,125.225,10,0.124,31.06,0.001,1116.633,4.299,1
93.3,24.17,1159.579,28.875,41.037,659.994,10,0.126,13.227,0.001,998.768,1.668,1
94.369875,24.853139,1447.916,15.025,338.504,476.843,10,0.128,4.465,0.001,1009.679,0.579,1
93.28,24.35,598.841,29.664,285.899,425.684,10,0.131,21.192,0.001,1183.496,3.29,1
93.481556,24.916444,1013.394,12.202,39.17,147.579,10,0.124,8.246,0.001,1120.427,1.14,1
94.510806,25.10125,1537.059,31.514,125.724,88.548,10,0.128,17.243,0.001,923.17,2.041,1
93.623861,24.872153,566.299,32.009,143.915,411.108,10,0.126,14.93,0.001,1015.818,1.903,1
93.67325,25.152361,1043.889,24.353,336.267,308.154,10,0.123,16.716,0.001,950.786,1.965,1
94.581278,24.812611,790.514,23.756,231.68,475.929,10,0.127,12.29,0.001,1235.349,1.935,1
93.622361,25.110917,1189.124,24.919,73.082,29.516,10,0.124,21.227,0.001,1123.581,2.939,1
94.198264,25.346964,1744.247,32.407,263.033,333.934,10,0.121,23.504,0.001,890.26,2.54,1
93.91,24.84,802.928,20.555,253.092,292.192,10,0.129,8.74,0.001,694.565,0.79,1
94.11,24.22,1168.793,23.068,359.561,450.54,10,0.129,7.639,0.001,1037.13,1.021,1
93.462278,24.784611,628.308,27.788,339.331,319.263,10,0.127,9.576,0.001,1356.555,1.648,1
93.499333,24.842444,307.858,17.981,132.662,93.337,10,0.127,5.603,0.01,1235.421,8.773,1
94.088994,25.322822,1161.41,34.316,126.389,236.127,10,0.126,25.102,0.001,997.3,3.162,1
93.509003,24.719397,295.092,44.958,140.189,125.225,10,0.129,28.626,0.001,1156.016,4.263,1
94.100258,24.253611,1035.283,37.141,46.32,354.19,10,0.126,17.684,0.001,989.539,2.212,1
94.547461,25.0948,1671.442,27.323,122.402,280.012,10,0.13,23.726,0.001,980.604,3.03,1
93.712444,25.153472,823.603,30.937,241.384,237.964,10,0.121,20.7,0.001,928.579,2.316,1
93.603028,25.057194,971.762,17.042,123.418,147.579,30,0.124,6.911,0.05,1187.714,51.082,1
93.15,24.32,724.653,6.243,144.025,344.211,10,0.13,3.649,0.001,1198.052,0.567,1
93.11,24.27,753.278,36.437,229.338,296.631,10,0.128,20.358,0.001,1171.959,3.056,1
93.604639,25.059861,970.57,22.434,128.327,88.548,10,0.124,9.74,0.001,1185.248,1.433,1
94.045883,25.268703,1310.372,28.119,182.627,59.032,10,0.129,16.91,0.001,892.376,1.94,1
94.578528,25.418361,1516.529,13.135,78.941,295.158,10,0.13,5.839,0.05,1057.66,40.074,1
93.497583,24.85,246.341,20.201,96.536,29.516,50,0.127,8.553,0.01,1212.198,13.187,1
94.07,24.14,1453.407,33.784,67.381,29.516,10,0.127,12.042,0.001,1059.777,1.622,1
94.338306,24.901444,1381.262,30.737,1.6,544.245,10,0.127,27.284,0.001,832.536,2.884,1
94.322722,24.823283,1379.797,25.527,58.086,561.577,10,0.128,8.645,0.001,955.598,1.059,1
93.54,24.35,1102.413,9.628,141.263,473.175,30,0.131,2.526,0.05,899.593,14.897,1
93.2449,24.85325,365.972,18.963,241.394,669.17,10,0.124,5.99,0.001,1382.471,1.026,1
94.348861,24.825889,1510.665,33.23,204.972,303.884,10,0.127,11.815,0.001,1025.216,1.538,1
93.52,24.37,998.745,4.777,32.051,324.674,10,0.129,1.02,0.001,996.915,0.132,1
94.54755,25.467169,1207.77,45.061,284.046,752.509,10,0.129,21.746,0.001,1057.66,2.982,1
94.2345,24.991444,1126.474,34.401,317.69,360.287,30,0.128,19.078,0.001,671.254,1.642,1
93.604028,25.058833,966.986,15.267,125.385,88.548,10,0.124,4.557,0.001,1185.956,0.671,1
93.464944,24.75075,500.731,35.621,189.623,65.999,10,0.128,32.334,0.001,1304.067,5.431,1
94.05,24.12,1297.478,16.602,152.767,751.351,10,0.127,11.641,0.001,1057.041,1.557,1
93.85,24.43,767.589,0.571,340.571,29.516,40,0.127,0.085,0.15,683.069,1.259,1
93.63925,25.115417,1247.197,32.309,328.184,336.532,10,0.123,24.911,0.001,1077.61,3.319,1
93.653778,25.120444,1224.612,35.792,311.975,401.459,10,0.125,16.967,0.001,1036.508,2.199,1
94.03,24.1,1425.583,33.276,126.674,41.742,10,0.125,11.834,0.001,1052.229,1.551,1
93.471167,24.917278,998.222,31.382,82.84,369.832,10,0.124,17.159,0.001,1155.657,2.467,1
93.51722,24.81722,438.36,37.54,45.267,354.19,10,0.127,27.771,0.001,1296.693,4.574,1
94.52025,25.186389,1447.491,16.887,110.586,411.108,30,0.134,13.089,0.001,932.726,1.62,1
94.357583,24.842778,1511.667,33.987,215.046,665.908,10,0.128,21.11,0.001,1003.236,2.707,1
94.486889,24.916083,1745.623,35.196,9.802,802.918,10,0.125,21.967,0.001,897.86,2.46,1
93.55,24.0,905.413,33.634,114.513,422.603,10,0.134,20.859,0.001,801.111,2.238,1
93.507075,24.989697,1231.531,40.565,101.762,263.998,10,0.121,19.476,0.001,1168.923,2.752,1
93.508378,24.718914,306.479,43.694,143.682,131.999,10,0.129,27.798,0.001,1155.351,4.146,1
93.478472,24.827,469.137,22.825,113.748,106.421,10,0.127,7.54,0.001,1301.93,1.246,1
94.549556,24.938361,1525.011,39.002,241.762,709.609,30,0.126,21.95,0.05,922.512,127.84,1
93.95,24.1,1503.54,23.99,194.063,442.738,10,0.126,8.015,0.001,877.145,0.884,1
93.684944,25.158083,1030.587,32.532,111.26,532.104,10,0.124,11.529,0.001,924.494,1.323,1
94.417417,24.932631,1292.352,37.007,213.182,523.022,30,0.131,33.748,0.45,963.855,1910.617,1
93.650047,24.699761,858.339,17.348,226.709,236.127,10,0.126,9.326,0.001,960.859,1.13,1
94.309472,25.289444,1162.156,9.465,42.007,0.0,10,0.13,6.247,0.15,910.495,110.462,1
94.613222,24.884889,768.388,23.833,238.152,608.485,10,0.128,17.316,0.001,1240.39,2.755,1
94.176944,24.4165,1340.266,11.444,140.567,596.921,30,0.129,3.154,0.05,1026.495,20.69,1
93.677306,25.155861,1026.8,29.911,155.173,295.158,30,0.123,16.219,0.001,936.675,1.87,1
93.620778,25.098639,1103.929,22.084,70.367,401.459,10,0.127,18.304,0.001,1142.633,2.646,1
93.494361,24.986333,1073.278,16.895,268.933,278.452,10,0.123,13.097,0.001,1185.949,1.925,1
94.603306,24.991833,1515.512,24.96,181.219,761.715,10,0.131,8.412,0.001,1045.488,1.154,1
94.567111,24.919917,1175.801,32.522,164.813,787.581,10,0.128,29.14,0.001,982.966,3.643,1
94.632972,25.067194,1321.005,34.344,157.291,292.192,10,0.129,12.27,0.001,1154.997,1.821,1
93.456889,24.758778,427.456,30.212,359.179,263.998,10,0.128,25.467,0.001,1339.176,4.355,1
94.598361,25.410667,1678.416,26.643,331.003,647.333,10,0.13,14.128,0.001,1057.66,1.935,1
93.652939,24.975175,919.074,36.299,175.984,438.785,10,0.124,24.867,0.001,1052.614,3.252,1
93.68,24.29,820.134,1.046,119.939,172.105,40,0.126,0.187,0.15,666.217,2.364,1
93.6973,24.672569,942.375,20.919,190.005,41.742,10,0.129,8.933,0.001,797.686,0.916,1
93.46125,24.764917,453.193,28.729,283.914,29.516,10,0.127,20.403,0.001,1339.689,3.465,1
94.245139,24.408672,729.849,30.187,217.21,301.004,30,0.126,13.94,0.05,1130.232,99.685,1
94.277139,24.289333,619.837,19.828,207.28,410.047,10,0.128,8.357,0.001,1205.849,1.286,1
94.08,24.04,979.999,30.238,248.389,355.418,10,0.13,10.586,0.001,1441.283,1.977,1
93.93,24.14,945.996,12.846,227.378,41.742,10,0.13,9.246,0.001,755.052,0.903,1
93.774694,24.783194,994.39,15.568,76.619,106.421,30,0.126,11.81,0.05,785.827,58.27,1
94.223469,24.4588,1467.846,33.748,296.072,796.928,10,0.127,18.664,0.001,1046.498,2.474,1
94.267283,24.683238,1433.807,34.703,166.261,986.465,30,0.127,16.383,0.001,953.339,1.993,1
94.3371,24.9252,1484.6,34.24,174.807,667.867,10,0.126,29.448,0.001,811.339,3.009,1
94.180147,24.506317,1501.287,20.923,140.381,673.712,30,0.128,11.79,0.05,932.717,70.371,1
94.601694,24.888528,424.251,25.197,82.596,0.0,10,0.127,21.514,0.001,1172.685,3.203,1
93.666128,24.974128,789.767,40.694,133.997,83.483,10,0.124,28.194,0.001,1031.714,3.615,1
93.458139,24.767,490.098,38.663,277.455,333.934,10,0.127,28.688,0.001,1351.357,4.937,1
93.481917,24.950278,893.07,33.021,169.698,179.538,10,0.125,29.657,0.001,1171.287,4.345,1
94.165472,24.689139,885.553,16.26,350.604,88.548,10,0.127,7.659,0.001,794.955,0.772,1
94.064836,25.265578,1356.72,28.734,219.772,272.123,30,0.128,13.15,0.001,888.777,1.497,1
93.654678,24.981031,1094.586,52.649,119.542,336.532,10,0.124,29.738,0.001,1061.594,3.925,1
93.736408,24.801681,1298.012,36.289,213.335,494.776,30,0.125,30.002,0.05,859.458,161.369,1
94.077164,24.279575,1335.642,14.431,81.987,438.785,30,0.126,9.746,0.05,902.636,55.291,1
94.233139,24.858778,1213.724,37.186,142.58,395.997,10,0.128,25.547,0.001,793.394,2.605,1
93.640417,25.116111,1230.771,35.074,350.564,336.532,10,0.123,21.88,0.001,1073.821,2.917,1
93.735472,25.167444,763.761,30.476,179.729,65.999,10,0.122,18.602,0.001,909.444,2.071,1
93.6675,25.135861,1150.928,27.523,311.099,500.9,10,0.124,20.617,0.001,984.965,2.526,1
94.018919,25.452417,1550.869,35.289,95.923,206.611,50,0.123,22.033,0.05,1021.81,138.475,1
94.555833,25.493694,974.247,34.14,278.447,573.094,10,0.126,30.812,0.001,1057.66,4.122,1
93.45389,24.90139,969.734,27.358,311.853,744.946,10,0.127,16.364,0.001,1192.312,2.478,1
94.31281,24.883132,1290.259,8.845,124.298,864.063,10,0.13,2.264,0.001,815.75,0.239,1
94.461278,25.155194,1909.727,25.104,241.385,186.675,30,0.127,8.471,0.05,861.843,46.748,1
93.32,24.11,628.48,31.236,231.009,267.277,10,0.128,14.511,0.05,922.964,86.448,1
93.31,24.16,1061.716,29.038,198.963,582.143,10,0.126,10.091,0.001,991.245,1.272,1
93.625244,24.864739,351.673,26.545,173.043,65.999,10,0.126,14.065,0.001,1029.781,1.821,1
94.6175,24.964694,1327.121,22.95,245.076,738.486,10,0.129,7.591,0.001,1181.263,1.159,1
94.551111,25.051944,1827.543,31.177,268.819,868.087,10,0.126,14.478,0.001,1030.666,1.882,1
94.400917,24.683139,915.153,33.606,256.077,515.472,10,0.127,15.793,0.001,1154.848,2.312,1
93.626528,25.109944,1155.4,32.166,203.427,166.967,10,0.124,11.379,0.001,1114.537,1.566,1
93.772583,24.864833,1351.987,37.875,155.802,147.579,30,0.123,21.254,0.05,814.522,105.943,1
93.507056,24.829333,375.078,25.232,262.95,413.222,50,0.126,11.247,0.001,1274.604,1.805,1
94.092053,25.318628,1217.18,31.888,260.299,131.999,30,0.126,21.445,0.05,948.113,128.316,1
94.143556,24.323361,1266.018,24.424,39.164,630.977,30,0.126,8.193,0.001,1067.332,1.098,1
94.296361,25.079667,1128.996,35.021,172.178,59.032,30,0.128,21.843,0.05,786.459,109.822,1
94.509861,25.324861,1294.61,34.738,57.696,106.421,10,0.13,16.402,0.001,857.47,1.835,1
94.319308,24.890806,1306.468,33.307,254.126,584.384,10,0.128,18.384,0.001,814.108,1.912,1
93.722439,24.798042,955.796,38.446,56.22,208.709,10,0.125,18.372,0.001,883.248,2.021,1
94.163389,24.366806,1207.209,30.592,4.665,345.474,50,0.127,27.133,0.01,1097.963,37.804,1
94.129017,25.450353,1415.806,30.403,260.488,147.579,10,0.125,14.058,0.001,890.26,1.563,1
94.532194,25.057167,1559.387,38.914,168.647,659.994,10,0.124,26.86,0.001,995.308,3.317,1
94.136078,25.198756,1285.287,30.469,229.278,0.0,30,0.124,27.005,0.05,860.588,144.02,1
93.43,25.07,963.054,43.585,313.322,590.317,10,0.123,24.712,0.001,1190.652,3.634,1
94.230583,24.445222,1355.545,32.336,43.968,531.285,10,0.125,15.107,0.001,1055.62,1.996,1
94.539833,25.287306,1424.814,26.692,47.097,607.768,30,0.133,14.159,0.05,1057.66,99.882,1
93.500017,24.718567,187.768,16.275,190.189,158.948,10,0.13,7.668,0.001,1154.604,1.153,1
93.671194,25.14625,1103.367,34.31,258.426,326.013,10,0.124,16.173,0.001,962.738,1.934,1
94.032194,25.279389,1048.936,30.017,295.49,118.063,50,0.124,26.534,0.01,909.786,31.65,1
94.075083,24.272667,1456.456,15.004,292.549,884.491,10,0.128,4.457,0.001,898.987,0.513,1
94.15433,25.47217,1491.057,18.261,19.501,365.091,40,0.127,8.866,0.15,890.26,150.88,1
94.628222,25.394361,2186.343,36.087,192.297,345.474,10,0.127,26.574,0.001,1340.66,4.523,1
93.572383,24.860347,455.277,25.144,113.398,186.675,30,0.126,21.46,0.05,1118.373,150.528,1
94.577722,25.420722,1490.953,6.406,27.032,413.222,30,0.13,1.492,0.05,1057.66,10.251,1
93.472222,24.8,649.899,43.18,359.711,59.032,10,0.127,24.474,0.001,1351.042,4.185,1
93.715025,24.834386,806.432,35.426,102.092,250.45,10,0.124,22.129,0.001,913.153,2.501,1
93.627742,24.861264,379.661,36.435,209.006,93.337,10,0.124,13.118,0.001,1033.838,1.688,1
94.073833,24.280472,1423.722,15.029,263.056,769.679,30,0.127,4.467,0.05,893.105,25.329,1
93.50222,24.99694,1178.298,19.592,96.877,596.921,10,0.121,11.877,0.001,1174.326,1.693,1
93.619583,24.644889,725.453,27.328,142.76,501.769,30,0.126,12.385,0.05,936.451,72.955,1
93.774222,24.7895,1075.946,30.744,310.185,106.421,10,0.124,18.794,0.001,788.738,1.843,1
93.691111,24.639311,1275.617,33.436,310.395,212.842,10,0.125,15.702,0.001,748.875,1.468,1
93.09,24.23,917.525,21.912,283.849,515.472,10,0.131,18.128,0.001,1151.973,2.739,1
94.225406,24.454953,1456.425,23.787,135.347,527.995,10,0.126,12.31,0.001,1050.127,1.62,1
94.071111,25.4351,1387.358,19.434,160.671,41.742,50,0.123,11.757,0.01,881.96,12.71,1
94.168736,25.339872,1657.899,36.596,255.573,733.158,10,0.121,26.995,0.001,890.26,2.91,1
94.525278,25.180611,1308.254,26.034,87.655,88.548,10,0.13,15.415,0.001,942.836,1.893,1
93.296,24.734861,376.562,32.211,343.277,278.452,10,0.127,17.688,0.001,1590.307,3.587,1
93.670047,24.536556,1120.926,44.181,1.351,532.104,10,0.128,33.07,0.001,796.085,3.371,1
93.492889,24.94775,1232.662,22.263,252.72,532.104,10,0.12,9.649,0.001,1131.666,1.311,1
94.601306,24.884389,557.903,38.238,91.759,236.127,10,0.126,21.479,0.05,1180.439,160.537,1
94.341944,24.901861,1394.118,28.0,55.249,329.997,10,0.128,12.751,0.001,839.36,1.367,1
94.454333,25.392389,1548.905,25.681,76.545,442.738,10,0.126,22.017,0.001,857.47,2.387,1
94.6325,25.066861,1320.136,28.9,93.963,303.884,10,0.129,13.24,0.001,1152.535,1.961,1
94.352722,25.113278,1649.522,26.13,346.158,206.611,10,0.127,16.929,0.001,796.442,1.711,1
93.12,24.31,617.235,28.053,291.327,250.45,10,0.13,12.78,0.001,1213.226,2.029,1
94.449361,25.023111,1905.296,33.225,125.041,531.285,10,0.127,15.588,0.001,920.533,1.824,1
93.459361,24.751111,452.389,34.207,179.872,214.879,10,0.127,25.011,0.001,1318.625,4.198,1
93.11,24.29,580.436,31.961,221.572,336.532,10,0.132,17.528,0.001,1196.368,2.762,1
93.460583,24.877417,1391.749,25.284,155.419,591.054,30,0.118,11.275,0.05,1187.823,79.186,1
94.152236,25.038753,863.642,10.132,152.918,438.785,30,0.125,6.197,0.01,702.233,5.466,1
94.365306,24.849667,1535.269,27.409,110.076,650.019,10,0.129,9.42,0.001,1006.299,1.221,1
94.093111,24.256583,1282.188,30.693,102.719,713.893,10,0.127,18.758,0.001,966.507,2.296,1
93.523861,24.82375,403.515,32.428,261.044,230.526,50,0.131,23.521,0.01,1272.528,39.044,1
93.474139,24.824111,503.89,15.102,46.566,272.123,10,0.127,11.363,0.001,1314.882,1.896,1
93.658222,24.792333,440.285,35.055,32.781,65.999,50,0.125,23.908,0.01,1025.83,30.56,1
94.198528,24.709111,1324.385,34.53,283.248,549.026,10,0.128,31.215,0.05,808.011,161.507,1
94.460722,25.134611,1907.703,18.555,280.14,29.516,50,0.128,11.096,0.001,878.375,1.26,1
93.537222,25.025639,1152.211,26.458,283.04,208.709,10,0.121,20.74,0.001,1195.553,3.011,1
93.711278,25.154917,833.498,34.183,213.84,250.45,10,0.12,21.25,0.001,926.971,2.366,1
94.601889,24.777306,685.707,20.1,357.19,567.749,10,0.126,9.996,0.001,1239.151,1.563,1
93.749222,25.167806,719.217,38.635,238.561,197.998,30,0.121,21.724,0.001,907.965,2.387,1
94.366303,24.852,1482.955,30.673,359.768,607.768,10,0.13,10.765,0.001,1003.036,1.397,1
93.695483,24.600231,1101.796,30.661,147.601,208.709,30,0.127,10.76,0.05,738.167,50.437,1
94.214606,25.379878,1698.083,12.745,165.82,150.502,10,0.122,7.884,0.001,890.26,0.859,1
93.671667,24.5465,1048.542,42.002,204.6,501.769,30,0.129,38.729,0.05,790.096,198.065,1
93.604861,25.067306,978.933,14.583,87.052,118.063,10,0.125,10.869,0.001,1190.029,1.613,1
94.184347,24.439842,1465.647,32.745,217.792,796.928,10,0.126,15.328,0.001,1008.26,1.95,1
94.01,24.19,1256.99,26.877,255.986,567.749,10,0.128,9.2,0.001,831.864,0.98,1
94.5295,25.287611,1171.63,36.372,174.532,329.997,30,0.131,20.317,0.05,857.47,114.95,1
94.599722,25.409417,1677.355,33.912,150.35,630.977,10,0.13,18.768,0.001,1057.66,2.572,1
93.494,24.986444,1065.933,9.16,271.084,263.998,10,0.125,5.989,0.001,1186.249,0.882,1
93.256389,24.728917,912.051,23.382,268.416,532.104,10,0.128,19.51,0.001,1590.45,3.963,1
93.672364,24.646969,982.87,28.622,128.696,560.801,10,0.127,13.089,0.001,800.156,1.327,1
94.173489,24.444011,1501.543,33.937,194.588,663.286,30,0.126,23.042,0.001,987.358,2.867,1
94.124572,25.454017,1387.208,7.367,100.532,0.0,30,0.125,4.521,0.001,890.26,0.503,1
93.585331,24.854044,358.059,24.54,84.63,106.421,10,0.124,8.24,0.001,1111.777,1.133,1
93.713778,24.607528,1187.331,37.963,185.204,59.032,10,0.126,34.716,0.001,718.808,3.146,1
93.530472,25.013472,1060.054,19.861,291.923,0.0,10,0.121,16.045,0.001,1187.575,2.301,1
94.067894,25.416389,1261.505,7.443,341.077,384.84,40,0.129,3.71,0.15,881.96,63.405,1
93.9,24.84,930.726,27.098,143.209,774.756,10,0.129,19.026,0.001,701.884,1.72,1
94.127278,24.277639,1242.975,20.031,131.098,272.123,10,0.126,8.463,0.001,1037.043,1.109,1
93.657333,25.124917,1215.625,32.361,313.912,417.417,10,0.125,21.814,0.001,1022.428,2.794,1
94.322356,24.805342,1146.379,39.825,98.485,466.686,30,0.128,29.629,0.05,991.695,187.624,1
93.596611,24.641417,1079.05,34.05,357.863,383.706,10,0.129,21.155,0.001,991.854,2.676,1
94.361167,24.8415,1675.09,24.666,282.036,831.174,10,0.126,8.292,0.001,1016.602,1.054,1
93.255556,24.762667,624.595,31.125,284.056,206.611,10,0.128,26.373,0.001,1533.09,5.145,1
93.624056,25.110389,1129.151,34.193,168.466,41.742,10,0.124,30.867,0.001,1120.099,4.292,1
94.257477,24.692373,1456.078,34.965,343.404,588.099,10,0.126,31.662,0.001,924.543,3.683,1
94.325233,24.842538,1315.91,23.508,115.998,823.275,30,0.129,7.818,0.05,921.874,46.312,1
93.466972,24.83025,814.717,28.531,98.991,383.706,10,0.125,13.04,0.001,1300.233,2.119,1
94.253976,24.676323,969.034,28.451,76.743,212.842,30,0.128,24.901,0.05,924.65,147.876,1
94.128022,25.452369,1411.253,32.907,247.374,93.337,50,0.125,28.136,0.01,890.26,31.389,1
93.598194,24.862444,408.343,26.711,92.669,147.579,10,0.122,12.05,0.001,1074.697,1.576,1
93.5,24.37,837.552,18.098,20.304,118.063,10,0.129,5.649,0.001,1026.768,0.746,1
94.522278,24.956083,1483.552,36.764,190.65,816.368,10,0.129,23.07,0.001,918.862,2.738,1
94.513778,25.09825,1542.677,30.172,256.046,237.964,10,0.128,18.384,0.001,926.934,2.186,1
94.06,23.95,1249.566,30.51,77.527,728.988,10,0.128,14.116,0.001,1439.615,2.596,1
94.201889,24.940944,1009.145,23.557,240.407,41.742,10,0.127,10.343,0.001,695.715,0.915,1
93.679522,24.649492,1047.975,22.579,192.458,296.631,30,0.126,16.205,0.05,786.475,80.29,1
93.462806,24.751139,480.886,35.863,188.721,147.579,10,0.128,17.004,0.001,1309.749,2.85,1
94.456278,25.126222,1877.705,29.208,250.961,29.516,50,0.129,20.807,0.01,879.709,23.388,1
94.504278,25.316639,1354.715,24.805,84.022,313.758,10,0.129,21.108,0.001,857.47,2.347,1
94.551722,25.082306,1536.56,25.729,306.591,29.516,10,0.127,8.728,0.001,985.771,1.095,1
93.644183,24.698392,866.671,23.71,175.675,303.884,30,0.129,12.261,0.05,975.632,77.063,1
93.404806,24.806806,300.588,23.31,324.205,166.967,30,0.127,13.472,0.05,1414.394,121.308,1
94.504917,25.181722,1775.178,29.956,272.337,567.749,30,0.128,26.299,0.05,900.617,152.476,1
94.346417,24.833889,1481.506,35.788,340.878,507.81,10,0.128,29.537,0.001,995.77,3.762,1
94.473427,24.949274,1842.446,28.858,186.015,461.996,10,0.125,13.218,0.001,971.994,1.615,1
94.535556,24.948083,1511.395,43.799,336.112,839.517,10,0.129,21.12,0.001,884.105,2.405,1
94.046264,25.440961,1437.956,51.1,281.768,265.643,60,0.127,28.928,0.45,881.96,1452.184,1
93.38,24.14,1186.511,14.706,320.584,131.999,10,0.128,9.982,0.001,796.101,1.014,1
94.062167,25.264639,1378.144,29.401,240.455,179.538,30,0.128,13.513,0.05,886.717,76.628,1
94.179278,24.951444,924.666,24.242,170.388,150.502,50,0.125,12.598,0.01,654.907,10.313,1
93.506167,24.987583,1259.833,23.727,123.433,336.532,10,0.121,7.908,0.001,1166.046,1.212,1
94.021711,25.016375,819.06,30.971,107.159,59.032,30,0.126,14.367,0.001,684.608,1.241,1
93.7055,25.160583,860.536,27.37,242.719,41.742,10,0.122,12.408,0.001,919.936,1.389,1
94.101983,25.236142,1103.241,19.879,215.192,344.211,30,0.126,8.383,0.05,881.121,46.621,1
93.523119,24.816242,318.808,16.731,106.655,188.994,10,0.128,6.752,0.001,1289.532,1.115,1
94.15,24.09,861.307,30.96,79.606,857.993,10,0.128,10.883,0.001,1472.311,2.044,1
94.009189,25.238611,1101.245,5.709,39.504,83.483,40,0.124,1.696,0.15,915.569,28.938,1
94.184122,24.440033,1469.074,29.381,219.189,767.979,10,0.126,10.233,0.001,1007.499,1.301,1
94.136261,25.173056,1224.448,26.448,220.011,486.788,10,0.122,22.815,0.001,848.561,2.354,1
93.602083,24.642722,1042.571,40.094,2.646,384.84,10,0.128,29.845,0.001,978.513,3.737,1
93.710756,24.822953,633.474,32.999,141.111,230.526,30,0.121,28.226,0.05,917.258,157.191,1
94.366083,24.851806,1492.265,33.147,331.928,620.535,10,0.13,11.781,0.001,1002.918,1.53,1
94.32757,24.831526,1391.964,39.165,134.903,542.642,10,0.128,22.05,0.05,948.744,134.324,1
93.49425,24.986472,1073.278,16.895,268.933,278.452,10,0.123,13.097,0.001,1185.949,1.925,1
94.096472,24.264317,1337.995,27.663,142.403,679.506,10,0.125,9.524,0.001,965.883,1.151,1
94.14089,25.51378,1722.696,10.833,213.766,713.893,50,0.132,3.879,0.01,890.26,6.032,1
94.199722,25.344389,1751.239,17.435,279.134,290.697,10,0.12,13.627,0.001,890.26,1.462,1
93.463222,24.860889,1269.019,30.157,276.683,673.712,10,0.123,26.68,0.01,1202.284,39.337,1
94.253133,24.676078,1019.543,29.476,95.428,303.884,10,0.128,24.737,0.001,922.622,2.931,1
94.059917,24.301806,1313.759,33.353,170.919,845.205,30,0.128,20.659,0.05,852.164,112.803,1
93.695528,25.165472,975.873,36.108,204.281,410.047,10,0.125,32.832,0.05,914.483,186.236,1
93.58,24.11,841.226,9.45,222.249,29.516,10,0.127,2.466,0.001,781.992,0.245,1
94.523839,25.321861,1243.076,32.653,152.058,413.222,30,0.132,15.279,0.05,857.47,86.67,1
93.67,24.33,938.547,6.695,23.17,121.697,50,0.125,1.58,0.05,692.863,6.894,1
93.95,24.16,1520.241,16.05,193.01,776.441,10,0.127,11.154,0.001,744.625,1.052,1
94.539528,25.288417,1411.041,36.893,73.673,515.472,30,0.134,20.643,0.05,1057.66,146.045,1
94.009083,24.940611,817.44,8.136,25.414,563.899,30,0.127,2.033,0.01,662.07,1.714,1
94.534528,24.817028,1125.387,30.615,183.553,755.974,10,0.127,16.669,0.001,1195.844,2.535,1
93.735417,24.791389,1114.396,21.757,314.698,147.579,50,0.125,7.108,0.01,855.292,7.609,1
94.011444,25.304917,1369.901,28.274,201.306,480.483,30,0.13,9.776,0.05,951.494,60.192,1
93.529758,25.013161,1056.204,21.782,353.094,41.742,10,0.121,11.045,0.001,1187.402,1.584,1
93.3,24.22,934.013,28.953,150.086,83.483,10,0.129,15.605,0.001,1031.087,2.067,1
94.332472,25.019139,1423.844,22.381,249.952,29.516,10,0.126,7.36,0.001,808.276,0.751,1
94.153333,24.686417,866.173,31.464,314.254,83.483,50,0.126,17.211,0.01,785.766,17.078,1
93.777972,24.784556,1011.391,20.68,137.713,206.611,50,0.126,16.873,0.01,783.151,16.682,1
94.025864,25.439367,1403.421,16.384,263.659,267.277,10,0.125,12.599,0.001,1021.81,1.607,1
93.67,24.27,837.0,0.0,270.0,41.742,80,0.125,0.0,0.0,659.757,0.0,1
94.515694,25.325778,1275.962,16.996,153.979,422.603,30,0.131,13.196,0.05,857.47,73.904,1
94.572222,24.8155,922.105,26.311,3.079,573.094,10,0.127,11.832,0.001,1223.849,1.845,1
94.357889,24.847611,1486.235,27.334,254.677,737.896,10,0.129,9.389,0.001,990.654,1.198,1
94.547722,25.095056,1665.384,32.042,121.198,263.998,10,0.13,17.579,0.001,981.161,2.249,1
93.98,24.01,1185.549,33.894,90.943,329.997,10,0.13,30.558,0.001,1087.387,4.298,1
93.57,24.06,789.816,19.97,259.032,377.987,10,0.125,8.431,0.001,789.551,0.832,1
93.462667,24.747694,512.34,39.878,312.285,224.786,10,0.127,19.12,0.001,1303.189,3.172,1
94.334111,24.831167,1395.741,27.818,247.614,442.738,10,0.128,14.88,0.001,966.916,1.841,1
93.462778,24.747833,489.32,41.481,326.445,197.998,10,0.127,23.459,0.001,1303.694,3.895,1
94.08,24.25,1173.759,26.234,120.509,446.656,10,0.128,22.445,0.001,939.294,2.689,1
94.228917,24.931333,1328.593,27.981,172.427,121.697,10,0.124,19.771,0.05,743.607,91.515,1
94.294111,25.079806,1129.595,34.122,174.503,29.516,30,0.128,21.206,0.05,786.836,106.564,1
94.233778,25.044111,1481.748,37.284,141.431,29.516,10,0.123,20.887,0.001,734.844,1.891,1
93.653111,24.801111,414.526,13.727,258.45,59.032,40,0.125,6.177,0.15,1038.657,119.986,1
93.696694,24.78725,787.072,31.815,28.468,65.999,10,0.122,28.406,0.001,925.585,3.242,1
94.02,24.09,1461.776,35.426,142.57,41.742,30,0.127,16.771,0.05,1047.047,110.791,1
94.550083,25.388056,936.203,27.289,233.167,41.742,30,0.125,23.69,0.05,1057.66,156.835,1
93.88,24.22,820.659,16.407,286.486,295.158,10,0.128,10.222,0.001,625.106,0.815,1
94.13652778,25.51591667,1696.967,15.49,22.51,438.785,10,0.126,6.124,0.001,890.26,0.686,1
93.482111,24.836222,403.945,27.945,128.536,93.337,50,0.126,18.352,0.01,1269.476,29.331,1
94.567861,25.055278,1689.246,33.171,197.594,410.047,10,0.127,24.144,0.001,1010.086,3.107,1
94.157889,24.955972,1038.539,22.583,98.061,214.879,30,0.124,17.098,0.05,654.227,69.558,1
93.605361,25.061861,979.16,15.429,114.696,83.483,10,0.123,4.618,0.001,1185.222,0.676,1
94.50425,25.319389,1336.521,34.478,29.665,83.483,10,0.13,23.462,0.001,857.47,2.621,1
93.3,24.15,1370.404,20.789,227.681,992.189,10,0.126,10.424,0.001,981.865,1.285,1
93.455556,24.783806,557.674,19.805,281.598,83.483,10,0.127,6.324,0.001,1361.552,1.096,1
93.530111,25.013083,1058.139,22.861,339.013,29.516,10,0.121,17.357,0.001,1187.401,2.489,1
94.160889,24.491667,1542.348,33.42,149.445,752.509,30,0.127,15.693,0.05,919.035,91.517,1
93.696858,24.672406,927.381,21.055,163.881,29.516,10,0.129,17.254,0.001,798.181,1.765,1
93.604611,24.62775,894.495,29.676,87.428,29.516,10,0.128,26.179,0.001,956.679,3.22,1
94.290345,24.664737,1247.584,35.661,270.527,650.019,10,0.128,24.376,0.001,1023.06,3.197,1
94.24,24.22,596.11,19.851,50.588,329.997,10,0.129,6.342,0.001,1337.469,1.09,1
94.143361,24.492333,1288.362,27.972,160.815,290.697,30,0.125,23.243,0.05,899.269,130.172,1
93.99,24.18,913.259,18.538,259.768,177.095,10,0.129,14.72,0.001,797.63,1.529,1
94.599525,25.055186,1534.817,27.536,200.642,860.527,10,0.13,12.498,0.001,1042.167,1.679,1
94.550056,25.091667,1529.209,32.798,260.348,83.483,10,0.127,23.832,0.001,983.893,2.997,1
93.45,24.818,595.51,37.145,159.105,383.706,10,0.127,17.686,0.001,1353.354,3.042,1
93.1,24.24,800.501,5.868,144.881,303.884,10,0.131,1.332,0.001,1154.807,0.202,1
93.498778,24.845611,257.42,25.631,211.363,65.999,10,0.126,8.688,0.001,1225.343,1.343,1
94.559833,24.924528,1271.249,21.383,140.181,466.686,10,0.129,10.796,0.001,962.712,1.343,1
94.151639,24.930944,1002.807,17.438,287.897,435.796,10,0.124,13.63,0.001,657.847,1.114,1
93.27,24.36,450.18,32.916,36.724,290.697,10,0.134,22.247,0.001,1173.376,3.495,1
94.504139,25.315861,1374.794,29.569,100.755,397.095,10,0.129,13.605,0.001,857.47,1.506,1
94.1725,24.637278,1475.628,26.568,64.084,608.485,10,0.128,22.94,0.001,838.144,2.449,1
93.797167,24.930056,1390.241,20.075,27.043,41.742,10,0.12,8.487,0.001,824.183,0.844,1
94.337056,24.925194,1484.6,34.24,174.807,667.867,10,0.126,29.448,0.001,811.339,3.009,1
94.07,24.05,1127.126,30.844,244.889,669.17,10,0.128,27.395,0.001,1365.283,4.8,1
94.440639,25.128417,1850.813,26.392,268.164,369.832,10,0.128,18.431,0.001,873.099,2.069,1
93.575906,24.820728,391.173,31.436,196.364,411.108,10,0.127,26.682,0.001,1198.083,4.056,1
93.9,24.18,804.684,3.305,21.553,29.516,10,0.129,0.834,0.001,650.018,0.07,1
94.160528,25.340833,1505.934,27.545,311.798,616.309,10,0.123,16.498,0.001,890.26,1.821,1
93.736861,24.785889,1110.067,15.691,325.643,0.0,50,0.125,11.928,0.01,849.405,12.63,1
94.456278,25.126167,1877.705,29.208,250.961,29.516,50,0.129,20.807,0.01,879.709,23.388,1
93.661806,25.129639,1197.758,31.136,328.537,466.686,10,0.125,14.456,0.001,1005.93,1.823,1
94.234611,24.869028,1192.59,28.363,66.735,197.998,30,0.127,12.948,0.05,787.95,64.739,1
94.527806,25.3375,1128.427,27.172,134.465,303.884,30,0.131,21.416,0.05,857.47,120.184,1
94.128222,24.285722,1278.113,35.27,121.184,784.255,30,0.126,29.055,0.05,1037.591,190.2,1
94.058922,25.311458,1052.497,17.665,335.918,0.0,30,0.127,13.854,0.05,954.566,84.039,1
93.50583,24.99083,1198.503,13.044,47.714,442.738,10,0.12,9.428,0.001,1170.988,1.331,1
94.091564,25.257919,1000.089,21.728,188.701,106.421,30,0.127,11.011,0.05,885.431,61.967,1
94.40925,24.796722,1286.145,41.09,215.0,752.509,30,0.128,19.746,0.05,1195.629,151.676,1
93.958,25.52,1876.525,32.937,174.442,860.527,10,0.127,23.948,0.001,1021.81,3.108,1
93.4,24.19,1044.991,23.57,9.352,326.013,10,0.125,7.844,0.001,776.193,0.76,1
94.339194,24.83125,1420.629,26.471,194.887,704.063,10,0.127,9.033,0.001,982.483,1.129,1
93.273111,24.724333,829.046,28.737,102.807,718.151,10,0.126,25.2,0.001,1601.656,5.108,1
93.642361,25.115111,1235.236,32.86,60.551,443.72,10,0.123,29.49,0.001,1070.323,3.891,1
94.529917,25.360389,1475.401,28.338,175.905,369.832,30,0.128,17.067,0.05,857.47,93.542,1
93.16,24.33,832.663,30.814,277.679,791.993,10,0.128,20.604,0.001,1200.589,3.153,1
93.791806,25.110417,759.09,39.101,64.885,59.032,10,0.122,29.044,0.001,996.303,3.533,1
93.57,24.05,729.414,15.699,268.678,208.709,10,0.129,8.22,0.001,793.263,0.838,1
94.591111,24.870806,803.197,27.232,154.571,355.418,10,0.129,9.347,0.001,1157.288,1.392,1
93.977472,24.340028,933.859,22.039,62.883,59.032,10,0.128,13.748,0.001,698.911,1.232,1
93.618333,25.087417,1159.307,30.853,169.204,125.225,10,0.127,14.302,0.001,1162.41,2.121,1
94.389194,24.652556,693.827,31.687,129.949,625.43,30,0.129,21.287,0.05,1163.379,159.203,1
94.526333,25.179306,1290.881,36.266,42.352,59.032,10,0.13,20.251,0.001,945.214,2.487,1
94.179211,24.441683,1463.729,26.796,180.909,663.286,10,0.126,9.167,0.001,998.19,1.15,1
94.155389,24.949167,1050.173,27.157,145.051,59.032,30,0.125,14.456,0.05,655.227,59.3,1
94.589944,24.8705,817.435,36.566,123.126,336.532,30,0.129,17.379,0.001,1151.849,2.575,1
94.566889,24.867139,1004.177,31.734,259.982,605.614,60,0.128,14.781,0.45,1105.279,943.718,1
94.199417,24.7135,1395.406,39.036,340.402,544.245,30,0.128,35.795,0.01,804.603,36.746,1
93.671258,24.987986,1180.7,39.07,169.336,652.026,10,0.124,29.019,0.001,1052.166,3.781,1
93.598917,24.86375,415.082,33.578,98.205,88.548,50,0.121,18.556,0.001,1070.967,2.423,1
94.560861,25.431361,1286.033,6.931,232.26,532.104,10,0.128,4.178,0.001,1057.66,0.569,1
94.138083,24.316528,1264.958,30.336,126.972,566.981,10,0.127,14.022,0.001,1055.093,1.875,1
94.014442,25.245869,1088.171,20.462,258.028,41.742,30,0.124,8.691,0.05,916.019,49.433,1
93.43725,24.815528,441.96,32.2,23.211,354.19,10,0.127,26.175,0.001,1371.606,4.57,1
93.487611,24.952611,1194.259,32.269,220.823,563.899,50,0.12,17.724,0.05,1156.5,123.663,1
94.584889,25.059861,1535.056,37.693,214.426,458.209,10,0.127,27.896,0.001,1008.114,3.572,1
94.504472,24.817944,1243.707,28.402,78.638,689.054,50,0.129,15.253,0.01,1174.192,23.024,1
93.598719,24.863414,410.06,34.684,111.419,88.548,30,0.122,16.373,0.05,1071.542,106.763,1
93.66,24.25,861.18,11.806,196.663,236.127,10,0.125,3.283,0.001,678.138,0.28,1
93.89,24.82,775.86,0.387,59.813,93.337,40,0.128,0.098,0.15,695.71,1.309,1
93.667,25.135333,1148.53,20.36,312.335,500.9,10,0.124,14.256,0.001,987.029,1.753,1
93.9,24.83,853.224,23.786,55.738,709.609,10,0.127,7.932,0.001,695.048,0.704,1
94.114939,25.080161,819.282,13.74,173.531,118.063,50,0.122,5.258,0.01,704.126,4.549,1
94.182722,24.419611,1309.025,34.26,194.792,694.72,10,0.127,25.055,0.001,1031.163,3.287,1
94.464833,25.012111,1779.301,38.494,139.657,740.254,30,0.13,28.55,0.05,962.383,178.126,1
93.639889,25.116083,1225.098,24.1,342.952,313.758,10,0.123,16.504,0.001,1075.207,2.207,1
94.19,24.19,920.257,32.049,156.523,560.024,10,0.128,28.648,0.001,1309.796,4.793,1
94.511306,25.325889,1271.286,27.032,229.654,83.483,30,0.13,17.636,0.05,857.47,98.268,1
94.526528,25.179194,1290.881,36.266,42.352,59.032,10,0.13,20.251,0.001,945.214,2.487,1
94.336,25.063972,1566.186,31.277,281.353,345.474,50,0.125,27.846,0.01,815.46,28.514,1
93.644,24.834028,455.586,10.248,114.156,29.516,10,0.125,6.92,0.001,1036.942,0.9,1
94.335718,24.831859,1414.577,35.967,154.499,622.637,10,0.127,24.613,0.001,969.864,3.04,1
94.640664,25.092033,1095.995,31.857,217.672,250.45,10,0.127,14.847,0.001,1204.603,2.265,1
93.85,24.24,775.04,4.923,170.973,206.611,50,0.129,1.4,0.01,634.564,1.149,1
94.536528,25.069306,1563.617,38.306,318.322,466.686,10,0.129,18.299,0.001,982.063,2.323,1
94.048439,25.268825,1336.266,31.829,198.36,29.516,10,0.128,25.824,0.001,892.562,2.955,1
94.353917,25.116778,1700.031,27.518,198.341,147.579,50,0.124,9.464,0.01,793.358,9.328,1
94.320444,25.145583,1622.454,36.672,270.469,476.843,10,0.126,33.408,0.001,814.043,3.401,1
93.507,24.982694,1309.655,21.808,341.152,690.948,10,0.12,18.022,0.001,1158.218,3.269,1
94.179533,24.493294,1392.346,34.059,177.226,486.788,30,0.127,30.729,0.05,945.037,184.167,1
94.13,24.11,952.367,11.53,217.732,648.005,10,0.127,3.184,0.001,1421.866,0.578,1
93.68,24.28,845.022,15.476,148.272,106.421,10,0.126,10.651,0.001,660.03,0.885,1
93.32,24.34,316.487,18.549,16.165,186.675,10,0.132,11.091,0.001,1152.006,1.688,1
93.696828,25.164847,955.484,35.74,179.532,263.998,10,0.122,22.351,0.001,915.404,2.512,1
93.68425,25.157528,1030.169,32.343,155.332,554.552,10,0.124,21.8,0.001,925.199,2.499,1
93.655056,24.798333,431.3,19.362,228.65,106.421,10,0.124,8.112,0.001,1033.66,1.043,1
94.553306,25.489611,1002.784,35.799,337.866,333.934,10,0.128,16.97,0.001,1057.66,2.287,1
94.22444,24.34,672.403,26.73,303.484,591.054,10,0.126,14.184,0.001,1286.049,2.285,1
93.84,24.42,767.278,1.082,254.14,188.994,40,0.125,0.375,0.15,686.062,4.8,1
94.321722,25.128222,1811.46,24.236,299.483,383.706,10,0.124,8.116,0.001,804.735,0.809,1
93.514025,24.831719,408.645,36.059,85.712,59.032,10,0.127,20.122,0.001,1264.008,3.233,1
93.625503,24.658206,383.596,23.172,214.031,65.999,10,0.123,10.136,0.001,945.52,1.179,1
93.74075,25.169,766.14,34.456,169.094,265.643,30,0.121,23.445,0.001,907.122,2.58,1
94.02,24.19,1315.424,19.501,228.85,608.485,10,0.131,13.51,0.001,856.152,1.516,1
94.322667,25.131889,1722.568,10.635,53.479,188.994,10,0.124,2.871,0.001,805.922,0.287,1
94.38249,24.645686,656.234,38.986,138.414,563.899,30,0.128,18.655,0.05,1160.955,138.101,1
93.691361,25.164278,1005.563,39.547,131.63,607.768,10,0.124,36.306,0.001,916.401,4.145,1
93.1,24.52,407.718,30.071,225.575,354.19,10,0.129,18.311,0.001,1438.8,3.401,1
94.144667,24.317833,1270.768,19.976,167.303,515.472,30,0.128,6.392,0.05,1071.5,43.683,1
94.0,24.0,1134.935,38.434,27.104,563.899,10,0.13,21.6,0.001,1202.325,3.376,1
93.457722,24.766389,466.026,32.118,272.384,336.532,10,0.128,21.624,0.001,1351.827,3.729,1
94.596917,25.407972,1661.004,32.456,154.022,544.245,10,0.13,17.843,0.001,1057.66,2.441,1
94.138139,24.316639,1264.958,30.336,126.972,566.981,10,0.127,14.022,0.001,1055.093,1.875,1
94.530194,25.483694,1003.594,33.361,38.328,699.718,10,0.13,25.849,0.001,857.47,2.879,1
94.549483,25.467772,1227.819,38.651,35.76,860.527,10,0.129,21.734,0.05,1057.66,148.74,1
93.735478,24.806064,1193.747,28.623,247.002,267.277,60,0.124,9.92,0.45,863.497,477.185,1
94.515806,25.096083,1534.286,34.92,246.25,290.697,10,0.128,28.728,0.001,929.601,3.427,1
93.497528,24.983806,1157.297,17.942,273.196,475.929,10,0.121,8.671,0.001,1171.217,1.232,1
94.527806,25.359278,1482.913,28.504,129.255,324.674,30,0.128,24.957,0.05,857.47,136.922,1
94.242111,24.911194,1383.58,21.306,18.62,450.54,10,0.126,17.509,0.001,771.175,1.707,1
94.243889,24.304417,704.731,21.427,139.865,659.994,10,0.126,9.202,0.001,1332.116,1.546,1
93.737778,24.797278,1148.125,19.934,290.227,29.516,60,0.124,14.647,0.45,854.169,701.08,1
94.50975,25.313,1442.296,27.432,135.953,653.361,30,0.131,12.442,0.05,857.47,69.973,1
93.46333,24.83278,773.331,31.04,81.831,290.697,10,0.125,14.404,0.001,1294.99,2.339,1
94.600667,25.056,1507.594,37.747,17.66,737.896,10,0.128,18.004,0.001,1046.68,2.424,1
94.578556,25.417167,1533.896,13.543,88.888,295.158,30,0.13,3.912,0.05,1057.66,26.798,1
94.014617,25.302639,1404.282,18.292,221.708,776.441,30,0.131,7.554,0.05,947.963,46.837,1
94.158333,24.983528,1112.266,14.541,311.669,272.123,10,0.125,7.457,0.001,650.253,0.608,1
93.50583,24.98611,1234.399,21.949,119.386,442.738,10,0.169,7.185,0.001,1163.577,1.344,1
94.55125,25.058833,1778.246,24.987,210.396,422.603,10,0.129,14.666,0.001,1023.494,1.927,1
94.504417,25.315444,1373.816,24.908,338.807,425.684,10,0.129,21.215,0.001,857.47,2.347,1
94.61475,25.062222,1014.182,32.475,67.013,65.999,10,0.127,17.855,0.001,1095.915,2.49,1
94.620639,25.400639,2033.566,37.072,210.601,377.987,30,0.13,25.46,0.05,1057.66,174.42,1
93.567983,24.975961,907.18,50.162,323.494,857.993,10,0.125,28.428,0.001,1147.991,4.088,1
93.621136,25.105108,1083.46,32.035,151.664,319.263,10,0.127,28.634,0.001,1133.808,4.111,1
93.873,25.523,1622.456,40.279,237.96,413.222,10,0.125,29.994,0.001,1021.81,3.816,1
93.676767,24.538817,868.138,45.355,351.479,93.337,10,0.13,31.581,0.001,771.429,3.16,1
93.494528,24.83725,334.619,28.516,145.641,177.095,10,0.127,18.801,0.001,1256.484,3.003,1
93.706336,24.799689,907.763,36.735,40.136,147.579,10,0.125,28.833,0.001,914.978,3.278,1
93.604222,25.059167,973.387,23.842,126.31,93.337,10,0.124,10.496,0.001,1186.127,1.547,1
93.691639,24.641444,1260.671,29.406,274.701,263.998,10,0.125,25.898,0.001,750.827,2.427,1
93.638778,25.115444,1224.855,33.847,323.624,303.884,10,0.123,24.71,0.001,1078.997,3.299,1
94.067492,25.322717,1097.903,40.365,250.247,177.095,30,0.127,33.73,0.001,959.631,4.096,1
93.449639,24.85225,1118.045,29.793,309.155,648.005,10,0.126,18.112,0.001,1242.497,2.842,1
94.52825,25.3375,1119.015,26.563,140.552,278.452,30,0.131,19.756,0.05,857.47,110.867,1
93.700025,24.800125,694.821,42.956,289.006,93.337,10,0.126,39.656,0.001,926.69,4.633,1
93.62,24.34,1182.54,34.539,182.684,118.063,10,0.128,16.296,0.001,736.459,1.533,1
93.3,24.16,1056.253,25.051,335.043,237.964,10,0.128,8.45,0.001,994.999,1.065,1
93.681583,25.155917,1025.117,34.249,133.945,532.104,10,0.122,16.14,0.001,927.366,1.842,1
93.2,24.22,845.679,45.439,304.991,414.275,10,0.126,21.931,0.001,1118.342,3.098,1
93.49275,24.985389,1051.544,11.444,282.472,118.063,10,0.125,7.974,0.001,1188.548,1.18,1
94.13,24.12,848.213,21.517,36.651,614.185,10,0.128,12.206,0.001,1378.625,2.163,1
93.709444,24.626833,1457.969,23.295,81.964,324.674,10,0.124,11.998,0.001,722.602,1.079,1
94.43625,25.033778,1995.65,34.117,266.267,810.477,10,0.126,18.898,0.001,891.346,2.132,1
94.036647,25.289833,1024.551,27.887,310.23,131.999,50,0.124,23.159,0.05,928.154,133.367,1
93.45,24.14,1285.834,22.731,14.157,885.475,10,0.128,9.899,0.001,744.304,0.943,1
94.0,24.13,1033.173,18.817,99.514,88.548,10,0.127,11.293,0.001,929.149,1.343,1
94.587083,25.408417,1682.294,34.239,88.032,714.503,30,0.128,26.63,0.05,1057.66,181.285,1
94.169767,24.444067,1480.743,36.677,194.823,561.577,10,0.126,27.061,0.001,981.751,3.36,1
94.449306,25.023056,1905.296,33.225,125.041,531.285,10,0.127,15.588,0.001,920.533,1.824,1
93.12,24.69,169.956,19.803,204.051,509.522,10,0.129,8.343,0.001,1446.401,1.56,1
94.22,24.21,575.471,15.039,13.498,230.526,10,0.129,11.302,0.001,1411.17,2.059,1
93.19,24.23,938.527,24.555,29.551,684.615,10,0.125,12.797,0.001,1167.709,1.866,1
93.643278,25.116,1187.487,29.083,73.443,373.349,10,0.123,13.34,0.001,1067.226,1.761,1
93.314358,24.768556,269.836,27.832,99.759,147.579,10,0.128,20.895,0.001,1539.987,4.125,1
93.669444,25.139167,1127.973,33.484,295.101,384.84,10,0.124,20.753,0.001,975.707,2.512,1
93.666667,25.134944,1150.315,17.738,310.82,500.9,10,0.124,8.547,0.001,988.061,1.053,1
93.782778,24.778778,909.464,20.924,66.492,118.063,50,0.125,6.772,0.01,776.219,6.586,1
94.550444,25.091742,1568.341,37.681,257.877,131.999,10,0.128,23.711,0.001,984.842,2.984,1
93.3,24.21,885.491,25.396,249.945,147.579,10,0.13,21.721,0.001,1022.787,2.901,1
93.702611,24.800778,871.184,40.518,282.243,326.013,10,0.125,22.877,0.001,922.182,2.643,1
93.670236,24.612992,649.332,24.269,208.142,265.643,30,0.122,10.727,0.05,791.158,51.652,1
94.158306,24.983722,1107.198,14.563,315.12,253.905,10,0.125,5.663,0.001,650.214,0.462,1
94.589389,25.409222,1657.441,28.512,164.236,622.637,30,0.129,15.324,0.05,1057.66,104.404,1
94.07,24.22,1616.827,30.54,27.694,652.026,10,0.126,14.132,0.001,949.434,1.688,1
94.292756,24.655226,1109.032,32.728,161.493,336.532,30,0.129,23.773,0.45,1035.364,1427.473,1
94.242583,24.914778,1421.4,29.359,128.128,369.832,10,0.127,13.49,0.001,771.617,1.325,1
93.230263,24.795814,264.454,41.308,139.771,659.994,10,0.126,19.858,0.001,1462.833,3.651,1
93.697722,25.165222,954.947,32.199,105.629,296.631,10,0.124,15.033,0.001,914.681,1.689,1
93.97,24.0,1598.816,36.688,153.037,679.506,10,0.129,33.424,0.001,1064.952,4.585,1
94.249544,24.433611,1326.423,33.116,29.892,887.932,10,0.125,15.529,0.001,1065.767,2.068,1
94.079422,25.261617,1177.004,36.441,148.84,354.19,30,0.128,24.977,0.05,885.152,140.451,1
93.679056,24.663889,1374.412,37.164,58.116,915.467,10,0.124,17.696,0.001,814.554,1.794,1
94.022917,24.287361,1200.041,8.456,91.325,851.879,10,0.128,2.136,0.001,779.527,0.214,1
94.039708,25.337239,1118.5,10.146,75.601,121.697,30,0.129,6.831,0.05,881.96,38.929,1
94.2,24.19,787.366,24.696,113.977,446.656,10,0.127,8.304,0.001,1345.65,1.422,1
94.258094,24.354814,834.01,25.608,292.805,637.159,10,0.128,20.899,0.001,1239.201,3.31,1
93.719194,24.635389,1366.33,26.044,90.808,326.013,10,0.123,15.422,0.001,715.033,1.357,1
94.60825,24.985833,1540.812,28.526,63.021,857.993,10,0.131,13.037,0.001,1087.158,1.856,1
93.62675,24.860639,326.496,3.28,282.288,29.516,10,0.124,1.583,0.001,1036.27,0.204,1
94.525306,25.356583,1446.78,18.335,122.797,0.0,30,0.126,14.517,0.05,857.47,78.341,1
93.459139,24.7585,456.401,35.988,67.209,206.611,10,0.126,12.938,0.001,1333.495,2.191,1
94.330278,25.002611,1620.738,26.424,252.957,860.527,10,0.126,21.707,0.001,806.311,2.198,1
94.154361,24.391361,1312.257,21.526,112.874,608.485,10,0.126,9.256,0.01,1025.043,12.049,1
93.53,24.11,649.407,18.108,329.604,308.154,10,0.13,14.292,0.001,781.915,1.458,1
94.172778,24.683944,914.216,28.786,254.93,29.516,10,0.129,15.499,0.001,807.729,1.617,1
93.742306,25.16875,747.716,33.039,181.807,206.611,30,0.121,15.487,0.05,907.372,84.995,1
93.625858,24.867694,404.716,37.424,78.641,186.675,10,0.125,20.974,0.001,1022.602,2.691,1
94.355581,24.811301,1589.42,25.169,288.388,751.351,10,0.128,21.486,0.001,1083.015,2.972,1
94.37622,24.83636,1438.647,35.693,214.981,851.367,10,0.128,19.892,0.001,1075.766,2.718,1
93.691333,24.639806,1273.902,30.028,284.39,214.879,30,0.125,26.546,0.05,749.211,124.114,1
94.548917,25.394667,988.276,23.295,290.453,236.127,10,0.124,7.731,0.001,1057.66,1.018,1
94.522694,25.184194,1411.815,28.247,62.504,236.127,30,0.132,9.765,0.05,937.497,60.461,1
93.28,24.1,1185.957,21.875,1.453,319.263,10,0.128,7.155,0.001,924.524,0.849,1
93.31,24.34,398.63,15.448,270.148,147.579,10,0.132,4.625,0.001,1170.897,0.715,1
93.5,24.978444,1243.877,8.715,321.124,422.603,10,0.119,2.221,0.001,1155.282,0.306,1
93.620311,24.640639,570.93,36.191,178.652,41.742,10,0.124,22.668,0.05,927.041,130.266,1
93.688528,25.160333,997.74,40.675,184.821,534.555,10,0.124,32.239,0.001,921.587,3.688,1
93.427528,24.75,730.566,43.713,150.672,752.509,10,0.127,24.788,0.001,1378.363,4.332,1
94.317306,25.010139,1461.582,23.403,247.916,648.005,10,0.127,18.725,0.001,791.083,1.881,1
94.061928,25.435444,1434.831,10.309,250.49,0.0,50,0.123,6.973,0.001,881.96,0.757,1
94.08275,25.334333,1074.155,41.836,327.436,125.225,10,0.128,23.672,0.001,881.96,2.67,1
94.587222,25.407667,1707.916,41.726,65.132,663.286,10,0.129,20.072,0.001,1057.66,2.733,1
93.481278,24.950139,900.606,35.157,186.723,197.998,10,0.126,19.554,0.001,1173.23,2.877,1
93.955,25.523,1759.536,35.476,281.542,710.836,10,0.126,30.657,0.001,1021.81,3.955,1
94.452972,25.007917,1804.29,30.041,82.219,504.367,10,0.129,25.298,0.001,951.192,3.088,1
93.51583,24.81778,444.831,25.368,52.519,301.004,10,0.126,21.692,0.001,1297.344,3.565,1
94.354694,25.114444,1667.09,26.239,336.287,121.697,10,0.127,8.938,0.001,797.331,0.904,1
93.482333,24.950361,910.082,33.782,186.556,197.998,10,0.125,30.443,0.001,1170.724,4.461,1
94.08,24.24,832.311,3.714,82.802,0.0,10,0.129,1.861,0.001,951.375,0.229,1
94.220167,24.833889,1212.301,18.03,11.497,29.516,10,0.127,7.418,0.001,805.484,0.76,1
93.432611,24.775917,860.096,27.839,289.162,725.994,10,0.129,16.709,0.001,1378.156,2.966,1
93.485389,24.730139,296.379,10.075,96.675,0.0,10,0.128,6.77,0.001,1212.192,1.054,1
93.735722,24.808639,1206.419,25.984,264.022,397.095,50,0.124,22.332,0.01,864.439,23.897,1
94.249278,24.433972,1316.036,32.222,27.108,868.087,10,0.125,21.706,0.001,1065.359,2.891,1
94.558778,25.415583,1176.327,26.11,333.953,502.637,10,0.127,11.723,0.001,1057.66,1.584,1
94.245056,24.303083,698.345,22.515,263.867,627.515,10,0.126,11.506,0.001,1333.572,1.932,1
93.444833,24.930806,570.422,26.435,194.367,290.697,10,0.128,11.9,0.001,1264.885,1.932,1
93.506244,24.987464,1236.254,27.267,115.909,317.895,10,0.121,23.667,0.001,1165.632,3.657,1
93.12,24.5,566.529,36.93,100.278,356.641,10,0.127,17.572,0.001,1466.611,3.273,1
93.28,24.32,738.01,26.939,210.225,336.532,10,0.135,12.174,0.001,1210.529,1.981,1
93.576653,24.819975,374.827,22.723,232.554,303.884,10,0.127,11.637,0.001,1198.457,1.764,1
94.357821,24.830202,1660.663,24.188,74.976,560.024,10,0.124,8.096,0.001,1039.209,1.04,1
94.369333,24.852222,1454.319,12.841,143.978,401.459,10,0.128,3.655,0.001,1010.937,0.475,1
94.527444,25.178194,1291.661,29.76,63.329,41.742,10,0.129,13.708,0.001,946.996,1.682,1
94.03,24.06,1301.921,20.473,76.463,746.698,10,0.13,6.591,0.001,1148.76,0.981,1
94.473862,24.958261,1880.528,25.144,289.012,596.921,30,0.127,8.488,0.001,987.818,1.071,1
94.07,24.18,1140.731,30.501,136.825,230.526,10,0.128,18.62,0.001,982.727,2.349,1
94.159475,25.346653,1425.862,23.557,217.575,263.998,30,0.122,7.838,0.05,890.26,42.552,1
93.611028,25.077361,1048.484,18.451,166.474,188.994,10,0.124,7.637,0.001,1181.908,1.121,1
93.586167,25.029333,802.842,26.741,123.839,29.516,10,0.124,23.119,0.001,1197.869,3.427,1
94.599278,25.409167,1676.943,36.739,163.613,616.309,30,0.13,17.471,0.05,1057.66,119.642,1
94.389,25.5,1778.552,21.246,145.147,713.893,10,0.129,10.71,0.001,783.36,1.073,1
94.504306,25.316056,1362.193,14.555,69.882,377.987,10,0.129,8.781,0.001,857.47,0.974,1
93.559056,24.971389,710.961,24.148,317.02,593.995,10,0.125,19.458,0.001,1141.043,2.785,1
94.233667,24.462958,1305.481,39.412,107.768,544.245,10,0.127,32.868,0.001,1056.909,4.402,1
94.180389,24.506528,1502.424,24.629,130.425,663.286,30,0.128,15.756,0.05,932.888,94.007,1
94.525306,25.289889,1113.115,33.297,196.213,212.842,30,0.13,20.619,0.05,857.47,114.776,1
93.66,24.33,1053.186,14.271,94.868,532.104,10,0.128,10.506,0.001,694.338,0.934,1
94.542028,25.410333,893.503,20.054,118.651,29.516,30,0.126,16.24,0.05,1057.66,107.811,1
93.12,24.51,726.667,35.53,39.951,859.514,10,0.127,19.79,0.001,1464.131,3.663,1
94.053333,25.42955,1467.155,39.563,155.948,665.908,50,0.124,18.956,0.05,881.96,103.397,1
94.04,24.06,1128.781,32.11,176.276,375.675,10,0.129,17.623,0.001,1195.204,2.721,1
93.602389,25.049861,943.367,20.58,144.609,106.421,10,0.123,14.447,0.001,1184.495,2.098,1
94.046858,25.444322,1417.321,21.646,268.435,308.154,30,0.125,9.319,0.05,881.96,51.528,1
93.12,24.29,737.675,21.723,30.168,147.579,10,0.129,11.008,0.001,1187.596,1.687,1
93.779444,24.869889,1166.286,24.933,62.364,413.222,30,0.125,20.232,0.05,804.06,101.144,1
93.737025,24.796319,1167.128,38.219,329.323,65.999,10,0.125,28.326,0.001,854.823,3.017,1
93.54819,24.81867,402.524,19.08,73.015,118.063,10,0.128,15.26,0.001,1245.609,2.441,1
94.461917,25.153722,1926.006,27.613,228.652,131.999,10,0.128,12.54,0.001,864.502,1.387,1
93.721889,24.595972,934.819,15.98,53.014,0.0,10,0.127,12.207,0.001,710.991,1.103,1
93.666667,24.787667,665.711,19.308,263.005,542.642,10,0.124,10.666,0.001,998.763,1.329,1
94.02,23.98,1093.066,20.913,276.469,0.0,10,0.129,17.11,0.001,1289.711,2.85,1
93.629972,25.111556,1190.303,33.511,146.115,532.104,10,0.122,30.163,0.001,1104.878,4.082,1
94.221333,24.742139,1683.635,38.64,148.816,673.065,10,0.127,21.727,0.001,817.215,2.239,1
94.111556,24.267944,1222.168,18.029,182.359,614.185,50,0.126,14.214,0.01,1002.063,17.976,1
94.0,23.99,1309.298,34.276,199.382,523.022,10,0.127,30.952,0.001,1200.385,4.717,1
94.29875,25.392444,1588.018,20.625,94.98,41.742,10,0.128,10.323,0.001,871.86,1.153,1
94.504472,25.320194,1329.553,26.449,159.602,41.742,30,0.13,22.815,0.05,857.47,127.667,1
94.215264,25.346747,1723.688,24.562,359.609,449.572,10,0.122,12.801,0.001,890.26,1.384,1
93.479167,24.827778,443.889,22.968,60.01,59.032,10,0.126,7.598,0.001,1298.858,1.251,1
94.514361,25.587167,1433.003,33.242,88.174,369.832,10,0.128,29.885,0.001,857.47,3.275,1
94.4835,24.948667,1760.352,38.025,237.56,549.026,30,0.125,21.347,0.05,960.634,128.399,1
94.047614,25.268519,1323.593,20.114,214.796,29.516,10,0.128,6.447,0.001,892.03,0.738,1
94.50425,24.821028,1288.745,23.921,100.742,627.515,10,0.13,16.355,0.001,1166.869,2.472,1
93.42,24.14,680.571,25.28,262.425,147.579,10,0.128,21.6,0.001,752.258,2.088,1
93.12,24.74,33.012,3.701,27.912,252.183,10,0.127,0.733,0.15,1461.617,20.389,1
93.449036,24.8545,968.261,29.136,351.505,480.483,10,0.126,17.64,0.001,1242.655,2.759,1
94.357139,24.838167,1541.316,37.508,292.731,713.893,10,0.125,34.257,0.001,1015.07,4.386,1
94.269306,24.682833,1405.954,6.111,208.716,966.841,50,0.127,1.404,0.001,958.696,0.171,1
94.527806,25.288056,1143.912,26.31,278.263,208.709,10,0.133,15.612,0.001,857.47,1.77,1
94.16989,25.54039,1600.931,19.602,126.861,505.23,10,0.126,6.243,0.001,890.26,0.699,1
94.563833,25.442278,1499.749,24.458,258.479,772.504,50,0.13,10.829,0.001,1057.66,1.491,1
93.688939,24.818936,637.357,29.562,134.545,118.063,30,0.123,15.995,0.05,957.272,94.554,1
93.99,24.13,1292.0,17.09,348.765,501.769,10,0.126,5.256,0.001,908.073,0.607,1
93.733306,25.162028,741.63,36.395,141.235,230.526,30,0.122,24.941,0.001,916.29,2.788,1
93.54,24.36,1219.452,4.954,204.31,317.895,10,0.129,1.07,0.001,918.35,0.127,1
94.049944,25.451814,1386.05,42.809,298.213,121.697,10,0.126,20.622,0.001,881.96,2.291,1
94.07,24.25,1484.201,30.832,106.671,696.599,10,0.127,10.831,0.001,912.727,1.255,1
93.655778,24.794722,411.164,2.789,55.265,29.516,40,0.124,0.507,0.15,1032.267,9.748,1
93.623556,25.107694,1112.335,40.666,97.546,186.675,30,0.126,32.232,0.01,1124.181,45.723,1
93.498556,24.841611,310.385,33.101,155.288,59.032,10,0.127,18.254,0.001,1238.713,2.87,1
94.250333,24.691944,1490.084,13.486,44.604,755.974,10,0.126,3.891,0.001,906.73,0.451,1
94.199306,24.700417,1272.428,43.273,311.754,88.548,10,0.126,20.856,0.001,817.334,2.157,1
93.676639,25.155611,1029.5,25.227,134.102,272.123,50,0.123,8.522,0.01,938.401,9.836,1
94.151683,24.387658,1305.255,31.344,142.68,355.418,30,0.126,27.915,0.05,1025.346,181.067,1
93.653333,25.119917,1218.721,33.582,312.75,419.499,10,0.125,15.78,0.001,1038.572,2.053,1
93.461667,24.751667,474.192,32.148,176.895,214.879,10,0.128,28.751,0.001,1313.717,4.816,1
93.610639,24.862444,369.175,14.416,135.094,313.758,10,0.123,10.711,0.001,1055.747,1.393,1
94.552278,25.081361,1523.715,23.992,258.247,0.0,10,0.127,20.267,0.001,987.553,2.548,1
94.613972,24.98025,1523.115,22.133,242.503,885.967,10,0.13,13.82,0.001,1133.467,2.043,1
94.530583,25.287722,1183.978,30.616,220.748,397.095,30,0.131,21.996,0.05,857.47,124.956,1
94.11,24.13,932.857,24.264,217.404,290.697,10,0.129,10.724,0.001,1242.976,1.717,1
93.649472,25.118083,1214.35,20.175,9.028,458.209,10,0.125,13.252,0.001,1049.957,1.734,1
94.230583,24.992889,966.161,32.209,255.328,59.032,10,0.128,28.627,0.001,663.342,2.426,1
93.508306,24.985167,1222.034,19.552,40.384,365.091,50,0.121,13.554,0.001,1162.327,1.909,1
94.618917,24.958833,1327.927,16.168,245.284,970.887,10,0.131,7.604,0.001,1199.38,1.199,1
94.114492,25.240539,1003.201,26.723,134.885,65.999,10,0.126,23.101,0.05,881.993,129.405,1
94.174139,24.364861,1149.036,24.616,302.427,507.81,30,0.127,14.401,0.05,1129.206,103.032,1
94.075111,24.272722,1456.456,15.004,292.549,884.491,10,0.128,4.457,0.001,898.987,0.513,1
93.13,24.72,56.66,15.693,153.956,93.337,10,0.128,11.93,0.001,1449.985,2.204,1
94.449417,25.127722,1873.35,16.377,286.736,206.611,10,0.128,9.481,0.001,879.56,1.071,1
93.651094,24.808619,414.295,19.85,265.677,59.032,10,0.124,16.035,0.001,1043.598,2.069,1
94.620278,25.064444,1099.507,14.985,165.827,212.842,10,0.127,11.251,0.001,1115.199,1.596,1
94.549278,24.938806,1528.519,35.433,234.727,701.584,10,0.126,27.688,0.001,921.172,3.216,1
94.546944,25.261806,1224.288,27.63,220.562,121.697,30,0.132,24.045,0.05,981.819,154.588,1
93.11,24.68,45.594,3.507,346.865,125.225,10,0.128,0.683,0.001,1442.269,0.126,1
93.6,24.18,1090.95,19.286,214.072,214.879,30,0.13,6.118,0.05,745.278,29.595,1
93.458111,24.766667,496.001,36.695,286.457,313.758,10,0.127,23.022,0.001,1350.853,3.963,1
94.461472,25.158361,1908.222,24.91,294.374,147.579,10,0.126,8.392,0.001,858.148,0.911,1
93.611278,24.63875,802.998,20.802,107.731,296.631,10,0.129,16.997,0.001,946.353,2.071,1
94.550972,25.054,1800.688,38.672,300.523,728.988,10,0.127,18.491,0.001,1030.828,2.417,1
93.97,24.02,1151.615,25.988,103.928,208.709,10,0.129,16.818,0.001,1009.864,2.183,1
93.522583,24.689806,755.781,25.418,238.579,186.675,10,0.126,11.348,0.001,1109.877,1.585,1
94.021444,24.996444,800.05,20.266,49.24,41.742,50,0.125,10.1,0.001,676.016,0.857,1
93.94,24.23,987.885,19.662,172.705,172.105,10,0.128,15.845,0.001,675.701,1.368,1
93.296306,24.734806,380.337,28.384,329.273,303.884,10,0.127,24.832,0.001,1590.375,5.03,1
93.619722,25.088639,1150.41,17.447,123.194,214.879,10,0.128,11.046,0.001,1157.588,1.634,1
93.42275,24.811333,420.822,33.086,318.535,356.641,10,0.126,25.604,0.001,1390.601,4.503,1
94.553583,25.497078,921.004,20.138,243.615,401.459,30,0.127,13.222,0.05,1057.66,88.569,1
93.729078,24.808611,1096.116,18.429,146.114,377.987,30,0.125,7.625,0.05,877.103,41.956,1
94.323111,24.894944,1331.333,34.408,333.182,505.23,10,0.127,28.249,0.001,813.73,2.912,1
94.358694,24.599639,1101.165,33.65,175.313,860.527,10,0.127,20.871,0.001,1155.326,3.069,1
94.2805,24.284222,530.258,20.045,239.994,313.758,10,0.127,8.471,0.001,1184.36,1.276,1
93.654694,25.121111,1215.161,31.883,317.841,397.095,10,0.125,14.862,0.001,1033.411,1.917,1
94.578639,25.419,1494.232,26.473,78.7,272.123,30,0.13,15.729,0.001,1057.66,2.159,1
93.424528,24.747778,768.172,29.875,50.611,451.506,10,0.126,13.771,0.001,1380.306,2.403,1
94.108439,25.429097,1345.902,24.65,85.822,263.998,10,0.13,10.933,0.01,890.26,12.599,1
93.16,24.32,721.191,35.241,357.109,121.697,10,0.128,21.999,0.001,1187.605,3.338,1
94.526303,25.413086,1148.476,24.262,113.233,197.998,10,0.13,20.546,0.001,857.47,2.3,1
94.003678,24.317619,1094.186,35.358,278.753,730.778,30,0.128,24.143,0.001,748.313,2.306,1
94.522333,25.182222,1355.062,23.349,151.137,29.516,10,0.131,16.887,0.001,936.844,2.072,1
94.377056,24.806278,1492.447,38.122,23.491,767.412,10,0.13,26.26,0.001,1151.232,3.918,1
94.079353,25.262947,1281.69,36.638,137.848,501.769,30,0.128,17.417,0.05,885.473,98.688,1
94.578222,24.915806,1127.607,31.118,240.108,674.358,10,0.128,14.446,0.001,1009.408,1.871,1
93.700556,25.163722,960.741,35.907,251.87,290.697,10,0.122,12.905,0.05,916.522,72.058,1
94.137,24.82058,870.893,28.402,82.791,208.709,10,0.128,15.253,0.05,741.846,72.533,1
94.29025,24.664707,1247.584,35.661,270.527,650.019,10,0.128,24.376,0.001,1023.06,3.197,1
94.548889,24.939167,1527.451,38.972,208.59,686.521,10,0.126,35.731,0.001,920.234,4.144,1
93.666417,25.1345,1153.729,21.298,299.434,522.189,10,0.124,14.174,0.001,989.432,1.752,1
94.599472,24.776694,680.519,23.906,329.666,591.054,10,0.127,7.981,0.001,1236.639,1.246,1
94.073861,24.250722,1331.121,29.798,151.814,502.637,30,0.126,16.147,0.05,922.249,94.3,1
93.623008,24.641369,515.932,17.794,94.62,197.998,10,0.123,7.297,0.001,920.276,0.826,1
93.645889,25.116833,1224.349,22.038,272.146,410.047,10,0.124,11.206,0.05,1059.97,73.558,1
94.270534,24.673582,1307.165,27.199,292.762,718.151,10,0.128,21.442,0.001,967.654,2.649,1
94.520917,25.188611,1477.378,26.117,86.587,475.929,30,0.134,16.919,0.001,933.997,2.112,1
94.534,25.064639,1586.384,32.15,316.502,694.72,10,0.128,23.288,0.001,986.035,2.949,1
94.578556,25.419639,1504.645,18.991,83.758,317.895,10,0.13,9.312,0.001,1057.66,1.279,1
94.05,24.06,1140.936,33.558,183.596,451.506,10,0.13,20.805,0.001,1240.628,3.357,1
93.648556,25.118056,1216.391,26.129,8.708,422.603,10,0.124,15.483,0.001,1052.036,2.023,1
93.484361,24.911722,1183.871,22.757,5.184,534.555,10,0.121,13.08,0.001,1103.773,1.745,1
93.952,25.529,1691.731,24.117,233.844,805.626,10,0.126,17.569,0.001,1021.81,2.261,1
94.294667,25.079944,1147.061,44.067,178.779,59.032,30,0.128,28.044,0.05,787.198,140.834,1
94.285472,24.668389,1241.664,34.654,238.754,871.592,10,0.13,28.479,0.001,1008.305,3.712,1
93.453139,24.775917,535.628,25.265,174.124,326.013,10,0.126,14.864,0.001,1362.277,2.556,1
93.623472,25.106472,1108.6,29.263,146.459,290.697,10,0.127,10.184,0.001,1126.568,1.457,1
93.719639,24.634278,1360.299,30.088,98.523,186.675,10,0.123,13.887,0.001,713.132,1.218,1
93.580806,24.656306,1086.427,38.436,3.11,303.884,10,0.128,21.601,0.001,1043.77,2.881,1
93.689306,25.160306,1000.109,38.886,180.321,531.285,10,0.124,24.547,0.001,921.553,2.805,1
93.17,24.62,352.338,32.163,294.193,118.063,10,0.129,27.401,0.001,1492.97,5.278,1
94.222161,25.350764,1700.677,16.476,315.437,417.417,10,0.123,10.276,0.001,890.26,1.126,1
93.659444,24.639361,796.261,27.93,165.689,655.358,30,0.124,22.134,0.001,819.997,2.241,1
94.365211,24.834921,1569.202,32.557,156.647,649.349,10,0.124,11.54,0.001,1048.249,1.51,1
94.486778,24.909889,1657.781,31.88,54.711,473.175,10,0.124,17.477,0.001,886.753,1.917,1
93.55,24.01,796.8,33.142,12.757,59.032,10,0.128,24.12,0.001,796.687,2.465,1
94.529028,24.952,1503.885,44.685,23.637,709.609,10,0.13,21.56,0.001,901.243,2.519,1
93.659528,24.784611,521.232,17.553,59.54,230.526,10,0.125,5.436,0.001,1019.113,0.693,1
94.524611,25.181222,1324.889,35.1,34.435,41.742,30,0.13,19.519,0.05,941.643,119.778,1
94.195769,24.499972,1072.295,35.045,186.688,224.786,30,0.129,30.236,0.05,961.958,187.077,1
94.073331,24.289019,1372.718,18.595,130.275,560.801,30,0.127,7.712,0.05,889.637,43.369,1
94.086558,25.324731,1199.684,30.249,133.267,504.367,10,0.128,16.435,0.001,1024.438,2.148,1
93.622039,24.756089,906.881,28.213,207.291,486.788,30,0.125,15.132,0.05,1115.32,105.011,1
94.070089,24.27705,1171.951,17.439,222.677,280.012,10,0.129,13.631,0.001,883.749,1.549,1
94.242972,24.895,1214.322,34.242,122.109,608.485,10,0.127,29.449,0.001,774.6,2.897,1
93.532361,24.664694,724.049,32.272,183.28,336.532,30,0.126,19.888,0.05,1069.825,133.613,1
93.13,24.31,801.033,17.959,327.689,531.285,10,0.13,7.382,0.001,1204.454,1.154,1
93.901333,25.126361,1722.084,26.246,157.128,121.697,10,0.126,22.604,0.001,929.137,2.647,1
94.543611,25.264278,1264.629,28.57,156.217,292.192,30,0.13,25.026,0.05,997.864,162.34,1
94.431806,25.033278,1980.076,18.898,173.889,619.833,10,0.126,5.964,0.001,891.458,0.671,1
93.467944,24.826694,753.125,23.133,67.206,758.85,10,0.126,7.666,0.001,1310.747,1.263,1
93.5,24.1,848.622,26.199,294.149,147.579,10,0.125,8.921,0.001,782.833,0.878,1
94.049511,25.446611,1403.225,38.649,341.095,172.105,10,0.125,35.407,0.001,881.96,3.88,1
94.03715,25.259722,1456.878,21.728,253.5,752.509,10,0.127,11.011,0.001,885.43,1.244,1
94.335056,24.908389,1384.034,29.24,231.946,527.995,10,0.125,13.425,0.001,819.206,1.388,1
93.640183,24.641747,516.905,17.476,194.914,476.843,10,0.123,8.389,0.05,875.55,45.285,1
94.349639,24.833278,1501.947,34.839,45.07,473.175,10,0.128,19.354,0.001,1006.777,2.499,1
94.003139,25.448389,1696.42,38.413,210.968,429.757,50,0.122,35.169,0.05,1021.81,220.626,1
94.180403,24.497622,1390.354,32.375,32.424,608.485,10,0.127,28.987,0.001,941.905,3.482,1
93.696186,24.614883,1447.721,29.018,203.78,752.509,30,0.124,10.083,0.01,736.784,9.192,1
94.352444,25.077417,1775.079,8.931,249.46,794.738,50,0.126,2.293,0.01,834.321,2.395,1
94.512972,24.841944,1543.394,33.54,96.06,856.468,10,0.125,18.532,0.05,1117.456,129.575,1
93.28,24.21,1270.145,10.302,263.374,650.019,10,0.126,6.967,0.001,1007.201,0.884,1
93.29,24.1,1245.569,30.149,134.164,766.276,10,0.128,18.367,0.001,920.877,2.171,1
94.607056,24.8905,677.123,26.539,262.312,532.104,10,0.127,14.061,0.001,1195.139,2.138,1
93.604389,24.626389,903.267,25.055,143.012,166.967,10,0.129,14.714,0.001,958.203,1.815,1
94.522667,25.18425,1403.719,30.726,69.498,252.183,30,0.132,24.782,0.05,937.504,153.661,1
94.229722,24.4455,1363.626,33.791,12.764,505.23,10,0.125,15.893,0.001,1055.885,2.101,1
94.04,24.1,1275.194,31.406,341.081,59.032,10,0.124,14.603,0.001,1074.448,1.977,1
94.554722,25.49625,943.817,30.888,253.138,466.686,30,0.127,22.225,0.05,1057.66,148.644,1
94.504167,24.820833,1284.276,29.705,110.29,647.333,30,0.13,10.367,0.05,1167.462,78.321,1
93.691111,25.162306,998.517,36.746,70.523,541.839,10,0.124,33.482,0.001,918.766,3.823,1
93.720131,25.158828,764.95,24.931,135.026,29.516,30,0.122,8.401,0.001,921.424,0.939,1
94.579028,25.416,1513.048,22.667,81.182,252.183,30,0.129,9.865,0.05,1057.66,67.42,1
93.668361,24.549944,1101.151,40.878,269.129,733.158,10,0.129,23.095,0.001,801.577,2.392,1
94.149361,24.930278,981.356,20.184,282.641,313.758,10,0.124,13.259,0.001,657.96,1.083,1
94.04,23.99,1234.011,23.228,53.234,631.667,30,0.129,10.166,0.05,1383.285,90.376,1
94.117978,24.267872,1221.513,32.938,140.528,619.833,10,0.126,25.472,0.001,1019.253,3.279,1
94.220861,24.94125,1183.792,20.877,209.644,118.063,10,0.128,8.91,0.001,718.261,0.814,1
94.091167,24.553917,996.115,27.347,229.233,644.636,30,0.129,21.582,0.05,730.409,101.372,1
93.62405556,24.86269444,333.443,6.907,100.996,41.742,50,0.126,1.645,0.01,1035.516,2.142,1
93.492972,24.985806,1059.695,7.681,246.775,177.095,10,0.125,4.771,0.001,1187.847,0.706,1
93.667639,25.136222,1151.538,23.409,281.647,480.483,10,0.124,16.94,0.001,983.594,2.07,1
93.434167,24.766472,692.102,25.847,243.109,635.791,10,0.129,16.707,0.001,1375.494,2.955,1
94.520278,25.324194,1271.049,24.477,186.746,509.522,30,0.131,18.871,0.05,857.47,106.237,1
94.538667,24.944083,1531.397,30.521,57.979,774.756,10,0.126,16.609,0.001,894.202,1.869,1
93.669639,25.139639,1120.105,32.709,292.88,369.832,10,0.124,29.334,0.001,975.369,3.549,1
94.535472,25.060389,1586.625,33.582,86.802,566.981,10,0.125,15.78,0.001,995.383,1.963,1
94.041483,25.447664,1388.41,40.447,113.814,272.123,30,0.121,37.201,0.05,881.96,199.696,1
93.93,24.17,1505.807,27.915,351.982,859.514,10,0.125,12.704,0.001,694.319,1.106,1
94.107222,25.085833,819.502,19.818,189.978,106.421,30,0.124,9.822,0.05,706.938,43.289,1
94.358767,24.823296,1688.358,26.554,53.097,720.574,10,0.124,11.965,0.001,1062.091,1.579,1
93.65,24.36,1169.392,20.625,191.814,0.0,10,0.127,16.818,0.001,736.534,1.58,1
94.551083,25.397944,976.029,18.286,247.5,29.516,10,0.125,14.469,0.001,1057.66,1.911,1
93.645,25.115194,1237.877,28.275,315.579,515.472,10,0.123,20.019,0.001,1064.083,2.628,1
93.495917,24.841472,318.399,20.664,67.74,0.0,10,0.127,16.857,0.001,1241.575,2.664,1
94.334444,25.34725,1446.802,37.299,89.818,561.577,10,0.127,20.896,0.001,871.86,2.31,1
93.417,24.811139,455.013,38.448,42.436,597.65,10,0.127,21.609,0.001,1395.073,3.808,1
93.488917,24.943833,1043.967,20.151,258.12,147.579,10,0.125,12.301,0.001,1138.174,1.739,1
93.53,24.2,1028.755,16.478,64.988,688.422,10,0.132,5.019,0.001,706.431,0.468,1
93.611583,25.077778,1045.859,18.592,107.829,150.502,10,0.124,5.843,0.001,1180.687,0.856,1
93.24264,24.80831,151.949,30.515,282.515,106.421,10,0.127,16.605,0.001,1444.225,3.036,1
94.361722,24.851194,1464.109,30.419,322.909,633.732,10,0.13,20.294,0.001,991.439,2.623,1
94.544917,25.468389,1032.744,34.262,243.215,737.896,30,0.129,18.989,0.05,1057.66,129.139,1
93.725225,24.599858,1031.907,37.164,122.956,236.127,10,0.126,17.696,0.001,707.481,1.577,1
94.181861,24.93875,942.103,29.001,76.198,59.032,30,0.124,15.636,0.001,674.592,1.317,1
93.6075,25.072528,1011.083,15.836,133.91,147.579,10,0.125,6.298,0.001,1187.182,0.938,1
93.502639,24.97775,1315.63,14.99,285.126,659.994,10,0.119,4.452,0.001,1150.833,0.609,1
93.657044,24.790386,605.074,36.279,29.929,303.884,30,0.125,17.226,0.05,1028.725,110.592,1
93.732861,24.80425,1181.357,31.74,291.242,236.127,10,0.124,11.204,0.001,867.408,1.207,1
94.08125,24.833944,826.562,4.262,101.714,252.183,40,0.125,0.88,0.05,663.59,3.662,1
94.022569,25.269097,1066.293,23.833,114.949,65.999,50,0.0,7.951,0.01,907.24,4.01,1
94.342444,24.901194,1386.402,28.113,11.552,383.706,10,0.127,19.882,0.001,841.626,2.135,1
94.07,24.1,920.421,38.103,166.897,541.839,10,0.131,24.004,0.001,1191.559,3.733,1
93.476528,24.824611,460.977,11.553,146.935,29.516,10,0.127,8.072,0.001,1311.364,1.342,1
94.069389,25.317878,1054.064,26.529,27.835,29.516,10,0.126,9.057,0.001,931.983,1.064,1
94.387389,25.090556,1739.127,38.244,332.552,822.216,10,0.128,18.266,0.001,862.83,2.011,1
93.506028,24.986861,1243.507,21.368,115.749,369.832,50,0.169,6.95,0.01,1164.811,11.536,1
94.205917,24.994278,1553.601,30.925,111.385,673.712,10,0.124,23.671,0.001,651.167,1.903,1
93.707572,24.890167,861.462,28.895,332.991,41.742,10,0.126,17.468,0.001,869.903,1.909,1
94.070389,24.246228,1302.238,35.441,145.739,566.981,30,0.127,26.038,0.05,918.278,151.811,1
93.779167,24.872917,1214.649,24.131,165.927,534.555,30,0.124,10.652,0.05,805.59,53.196,1
94.171278,24.685,936.239,44.831,49.832,65.999,50,0.128,21.632,0.45,805.174,1007.914,1
93.653722,24.769333,902.488,27.798,178.302,413.222,30,0.124,18.237,0.05,1027.516,116.075,1
93.6625,25.130361,1189.089,25.714,291.712,475.929,10,0.125,16.603,0.001,1003.527,2.087,1
93.459167,24.834694,842.279,26.897,249.789,655.358,60,0.127,17.53,0.001,1292.162,2.871,1
94.328472,24.897722,1367.721,38.938,298.641,625.43,10,0.126,24.583,0.001,819.538,2.546,1
93.96,24.01,1625.502,28.91,72.797,388.22,10,0.13,13.246,0.001,998.03,1.717,1
94.213136,24.381906,923.735,27.664,338.366,752.509,10,0.128,24.081,0.001,1188.188,3.677,1
94.048881,25.453942,1312.193,25.921,139.142,59.032,50,0.127,13.667,0.05,881.96,76.35,1
94.294861,25.167528,1524.313,31.093,135.001,383.706,10,0.124,19.044,0.001,833.784,1.977,1
94.1555,24.948444,1027.645,19.502,59.472,29.516,10,0.125,15.582,0.001,655.343,1.283,1
93.645944,25.116556,1224.402,23.499,273.785,435.796,10,0.124,18.82,0.001,1060.309,2.47,1
93.931361,24.314333,1205.442,21.671,194.841,755.974,10,0.127,17.033,0.001,651.726,1.413,1
94.543,25.471806,966.74,28.663,328.947,384.84,10,0.126,13.111,0.001,1057.66,1.756,1
93.93,24.23,902.53,26.429,296.006,166.967,10,0.13,9.016,0.001,665.956,0.776,1
93.776861,24.871694,1252.104,29.917,99.019,582.143,30,0.121,25.175,0.05,809.364,123.835,1
93.235711,24.804448,187.979,35.438,160.003,267.277,10,0.126,12.715,0.001,1448.542,2.329,1
94.154514,24.499014,1422.142,28.179,90.974,395.997,30,0.125,19.938,0.05,902.535,112.159,1
94.09,24.22,1611.689,34.253,31.28,659.994,10,0.127,16.142,0.001,995.241,2.036,1
93.52,24.11,829.386,31.32,99.652,360.287,10,0.129,14.556,0.001,781.899,1.459,1
94.071,25.421656,1482.391,31.725,226.739,484.096,50,0.125,24.388,0.01,881.96,26.838,1
93.456056,24.776583,519.051,32.59,187.929,438.785,30,0.125,23.657,0.001,1360.114,4.026,1
93.735556,25.163167,746.494,31.132,171.062,336.532,30,0.121,19.072,0.05,914.81,106.005,1
93.729917,25.161861,741.823,20.844,165.04,29.516,10,0.123,17.04,0.001,916.814,1.919,1
93.3,24.33,474.366,15.423,298.336,106.421,10,0.137,11.671,0.001,1181.107,1.895,1
94.139278,25.188578,1290.721,35.882,289.147,131.999,10,0.125,20.011,0.001,855.898,2.141,1
93.741083,25.169028,764.159,36.766,175.458,263.998,10,0.121,28.86,0.001,907.105,3.174,1
93.688678,24.817939,619.333,33.617,71.808,121.697,10,0.123,18.581,0.001,956.937,2.187,1
94.078197,25.086525,820.161,14.155,182.753,88.548,30,0.126,5.462,0.05,698.275,23.902,1
93.953,25.527,1707.315,28.047,247.621,709.609,10,0.126,15.026,0.05,1021.81,96.638,1
94.348327,24.745805,1351.608,28.567,138.308,860.527,10,0.131,15.359,0.001,1098.227,2.199,1
94.226856,24.456464,1447.439,35.088,109.884,659.994,10,0.126,21.891,0.001,1050.979,2.901,1
94.187972,24.947972,933.766,35.757,25.611,83.483,10,0.125,12.844,0.001,669.956,1.076,1
93.723889,25.156722,724.97,25.849,223.268,158.948,30,0.121,13.621,0.001,923.883,1.525,1
93.5472,24.8133,423.957,30.886,184.97,272.123,10,0.129,20.66,0.001,1258.914,3.314,1
94.32344,24.814386,1232.187,34.823,40.238,796.928,10,0.126,30.019,0.05,982.843,186.311,1
94.113889,25.2375,1015.569,37.126,304.236,83.483,10,0.126,33.869,0.001,880.72,3.758,1
94.221778,24.449306,1461.057,25.968,75.622,637.159,10,0.122,22.171,0.001,1053.417,2.855,1
94.038094,24.290714,1101.213,18.8,317.142,542.642,30,0.127,13.613,0.05,800.829,68.985,1
94.233611,24.989944,1112.136,26.157,226.938,208.709,30,0.128,13.818,0.05,672.056,59.512,1
93.26,24.37,356.85,25.854,42.341,296.631,30,0.133,11.585,0.05,1181.831,90.542,1
94.103861,24.268528,1263.004,33.59,106.221,696.599,30,0.126,22.773,0.05,981.111,140.921,1
93.578039,24.834069,310.548,34.839,316.338,121.697,10,0.125,27.163,0.001,1166.174,3.951,1
94.530528,25.054944,1544.475,34.294,171.044,638.525,30,0.125,19.01,0.001,995.899,2.358,1
94.586361,25.059361,1546.639,38.025,219.206,542.642,10,0.127,26.186,0.001,1011.396,3.355,1
94.111889,24.267194,1204.506,15.801,192.453,563.899,10,0.126,4.76,0.001,1003.798,0.604,1
94.524639,25.329306,1195.808,20.639,66.601,532.104,10,0.132,16.832,0.001,857.47,1.899,1
93.689722,24.599333,956.717,30.58,187.214,644.636,30,0.127,14.154,0.05,744.229,67.008,1
94.008889,24.940583,817.44,8.136,25.414,563.899,30,0.127,2.033,0.01,662.07,1.714,1
93.497389,24.98575,1156.057,12.284,275.691,476.843,10,0.122,8.732,0.001,1175.454,1.253,1
94.192292,24.501367,1142.423,25.305,205.167,131.999,30,0.129,8.554,0.05,955.489,52.873,1
94.234056,24.871528,1190.148,39.3,154.565,59.032,10,0.125,27.151,0.001,786.655,2.689,1
93.08,24.53,89.387,14.414,333.18,106.421,10,0.133,4.236,0.001,1419.721,0.797,1
93.964,25.521,1724.881,44.016,103.883,336.532,10,0.128,28.011,0.001,1021.81,3.646,1
93.699175,24.802417,621.337,35.322,60.029,29.516,10,0.126,16.715,0.001,929.684,1.958,1
93.781,24.77925,921.557,26.976,323.562,29.516,10,0.125,14.341,0.001,778.329,1.396,1
94.107397,24.269144,1244.013,32.682,149.67,608.485,10,0.127,17.987,0.001,989.852,2.251,1
94.320541,24.894359,1309.907,24.791,296.852,597.65,50,0.127,8.343,0.05,809.263,42.791,1
94.125667,24.271528,1207.832,20.621,144.589,522.189,10,0.126,6.65,0.001,1035.899,0.866,1
93.443917,24.816111,351.505,42.618,4.585,59.032,10,0.128,27.084,0.001,1363.902,4.704,1
93.459972,24.819722,693.183,15.9,151.132,560.024,10,0.127,4.797,0.001,1340.594,0.815,1
93.457083,24.776028,535.708,28.975,254.829,475.929,10,0.125,17.525,0.001,1359.37,2.988,1
93.603694,25.054083,949.13,26.881,125.967,41.742,10,0.124,14.28,0.001,1183.578,2.09,1
93.54908,24.8175,403.88,34.088,102.505,65.999,10,0.128,18.88,0.001,1246.558,3.017,1
93.494361,24.987667,1112.629,16.143,215.822,411.108,10,0.122,6.453,0.001,1184.946,0.946,1
94.197611,24.700278,1229.335,25.126,7.59,106.421,10,0.127,21.441,0.001,816.253,2.215,1
94.531778,25.096417,1616.849,36.878,292.377,383.706,10,0.128,13.296,0.001,955.864,1.627,1
94.120806,24.268022,1218.313,31.095,147.803,713.283,10,0.126,14.434,0.001,1026.749,1.872,1
93.610222,24.633083,845.787,21.928,114.419,356.641,30,0.129,7.177,0.05,939.135,43.351,1
93.711317,24.553572,1092.139,20.562,74.384,505.23,10,0.128,6.627,0.05,724.097,30.605,1
93.457306,24.768917,498.184,33.182,269.667,509.522,10,0.127,29.63,0.001,1357.613,5.1,1
93.585333,24.862778,410.94,32.462,196.361,166.967,10,0.122,25.047,0.001,1093.374,3.34,1
93.73625,25.163917,762.71,31.866,100.162,230.526,10,0.121,14.852,0.001,913.77,1.648,1
93.82,24.0,1189.682,25.722,254.388,473.175,10,0.127,16.61,0.001,751.878,1.595,1
94.333417,24.908778,1358.556,27.827,193.347,397.095,10,0.126,9.592,0.001,815.37,0.99,1
94.070986,25.433231,1406.964,38.072,304.675,83.483,10,0.123,34.827,0.001,881.96,3.778,1
93.696258,24.683139,1075.908,24.572,219.604,563.899,10,0.127,18.961,0.001,818.876,1.969,1
94.541472,25.265389,1272.182,32.938,204.665,292.192,30,0.129,29.378,0.05,1011.915,192.098,1
93.62402778,24.85536111,374.133,20.727,133.291,150.502,10,0.125,8.831,0.01,1051.616,11.655,1
94.526556,25.100889,1531.637,30.157,218.498,147.579,10,0.125,13.924,0.001,948.713,1.669,1
94.588778,24.870028,815.226,31.001,161.45,336.532,10,0.129,10.9,0.001,1146.988,1.608,1
94.534806,25.476722,913.357,30.995,72.554,494.776,10,0.128,27.553,0.001,857.47,3.018,1
94.556472,25.429639,1223.267,7.614,243.585,272.123,10,0.13,2.896,0.001,1057.66,0.398,1
94.541056,24.94225,1523.24,25.929,181.674,644.636,10,0.125,8.81,0.001,901.309,0.997,1
93.957,25.517,1789.451,47.109,111.885,737.896,10,0.127,17.234,0.05,1021.81,111.379,1
93.481992,24.836194,403.945,27.945,128.536,93.337,30,0.126,18.352,0.01,1269.476,29.331,1
93.676,24.6525,1282.297,26.961,144.732,739.665,10,0.122,12.185,0.001,801.176,1.204,1
93.56,24.0,720.814,6.047,118.092,41.742,30,0.134,1.827,0.014,806.733,2.763,1
93.464667,24.798806,522.818,29.612,349.45,147.579,10,0.128,13.628,0.001,1356.71,2.367,1
94.313301,24.8852,1306.292,35.255,122.581,839.517,30,0.13,16.68,0.05,812.806,87.743,1
94.370444,25.092111,1731.548,9.947,205.659,147.579,40,0.125,2.634,0.15,842.678,41.597,1
93.611889,25.080389,1078.893,17.185,119.876,230.526,10,0.125,9.215,0.001,1181.699,1.365,1
94.342889,25.186167,1654.376,30.488,270.026,121.697,10,0.124,25.741,0.001,813.729,2.591,1
93.81,24.03,1268.543,9.932,137.731,411.108,10,0.128,4.577,0.001,759.957,0.444,1
93.487722,24.898,1262.66,29.35,314.021,525.515,10,0.12,15.859,0.001,1083.386,2.06,1
94.356051,24.812017,1614.338,23.033,266.099,737.896,50,0.128,18.363,0.01,1083.971,25.262,1
94.423583,25.027333,1934.436,26.869,131.677,713.893,10,0.125,16.013,0.001,892.177,1.786,1
94.526528,25.054722,1475.21,32.915,309.086,663.286,10,0.129,15.42,0.001,990.088,1.963,1
93.76,24.32,882.894,20.718,195.715,429.757,10,0.128,16.912,0.001,684.936,1.477,1
93.469444,24.801389,545.535,28.619,208.095,59.032,10,0.127,13.087,0.001,1353.498,2.253,1
94.288333,25.168528,1638.188,27.888,146.073,355.418,10,0.126,18.308,0.001,835.325,1.926,1
93.69075,24.637806,1291.404,39.567,237.72,329.997,60,0.125,18.959,0.45,747.259,795.645,1
94.0392,25.443264,1491.871,33.733,153.975,422.603,10,0.125,12.021,0.001,881.96,1.312,1
93.56,24.18,703.187,21.076,257.901,147.579,10,0.131,6.833,0.001,738.53,0.662,1
94.473342,24.957303,1881.241,30.812,290.805,570.046,10,0.127,16.795,0.001,986.481,2.103,1
94.358028,24.847417,1486.235,27.334,254.677,737.896,10,0.129,9.389,0.001,990.654,1.198,1
93.9,24.1,991.727,26.401,198.619,158.948,10,0.129,9.004,0.001,791.735,0.921,1
93.21583,24.79847,278.95,23.917,28.69,272.123,10,0.128,7.985,0.001,1475.496,1.5,1
93.523444,25.006694,1028.03,23.362,229.078,236.127,10,0.124,19.617,0.001,1183.073,2.86,1
94.151,24.322917,1206.933,25.162,118.68,442.738,30,0.126,13.183,0.001,1085.613,1.807,1
93.691194,25.163333,1001.034,44.835,99.583,570.046,10,0.124,21.634,0.001,917.407,2.468,1
93.55,23.99,794.75,27.747,72.463,450.54,10,0.131,12.613,0.001,806.99,1.331,1
94.352611,24.819694,1554.21,33.712,201.139,450.54,50,0.125,12.012,0.01,1054.387,15.959,1
93.466667,24.874222,1336.775,26.418,229.014,295.158,10,0.119,13.984,0.01,1169.837,19.495,1
94.543806,25.259972,1237.199,30.367,25.653,158.948,10,0.129,14.038,0.001,975.551,1.766,1
93.641472,24.888556,401.906,22.964,12.238,41.742,10,0.125,7.597,0.001,954.528,0.907,1
94.450472,25.396222,1549.191,19.604,88.315,65.999,10,0.126,8.239,0.001,857.47,0.891,1
94.252632,24.67916,1062.486,35.396,103.151,295.158,10,0.129,12.698,0.05,919.443,75.28,1
93.428306,24.814333,408.62,13.641,28.968,263.998,10,0.126,3.948,0.001,1381.951,0.686,1
93.465667,24.883194,1396.591,32.835,285.831,573.094,50,0.118,29.464,0.01,1167.185,40.644,1
93.449389,24.851722,1131.593,34.472,311.478,713.893,10,0.126,16.259,0.001,1243.862,2.554,1
94.22575,24.839306,1213.583,39.789,246.919,172.105,10,0.128,29.6,0.001,803.406,3.036,1
93.782806,24.777667,916.386,11.411,326.477,236.127,50,0.125,7.944,0.01,775.83,7.722,1
93.645833,25.115833,1231.949,25.374,308.75,484.096,10,0.123,17.573,0.001,1060.987,2.306,1
94.085806,24.391583,1396.175,13.29,52.125,443.72,50,0.128,6.65,0.01,874.913,7.433,1
94.161667,25.342472,1475.906,30.797,335.171,566.981,10,0.124,14.272,0.001,890.26,1.568,1
93.697303,25.16485,977.289,34.156,164.072,280.012,10,0.122,12.193,0.001,915.051,1.37,1
93.604889,25.061417,971.529,22.355,117.1,65.999,10,0.123,7.35,0.001,1185.576,1.077,1
93.17,24.73,99.018,29.206,160.795,121.697,10,0.13,17.691,0.001,1505.975,3.455,1
93.736056,24.7955,1140.628,50.714,268.597,106.421,10,0.125,28.724,0.001,856.577,3.063,1
94.357083,24.839028,1536.975,35.72,266.254,674.358,10,0.125,22.337,0.001,1012.829,2.85,1
94.31925,25.034611,1234.614,13.97,224.986,166.967,50,0.128,4.07,0.01,795.182,4.152,1
94.33124,24.613545,1214.354,28.632,60.046,704.063,10,0.128,13.094,0.001,1121.911,1.881,1
94.520083,24.95625,1513.726,34.37,209.428,725.994,10,0.13,16.204,0.001,922.509,1.935,1
93.243417,24.813306,107.009,24.976,114.654,29.516,10,0.128,21.286,0.001,1435.867,3.904,1
93.439972,24.842944,845.169,38.253,212.204,740.254,10,0.127,18.271,0.001,1281.418,2.97,1
93.525444,24.820667,398.217,19.989,158.083,280.012,50,0.13,9.928,0.05,1276.151,81.895,1
93.678917,25.156306,1023.461,38.924,188.328,422.603,30,0.123,33.989,0.05,931.838,195.156,1
94.505167,25.182861,1785.776,23.614,274.082,635.791,30,0.128,18.061,0.05,901.255,104.909,1
94.568778,24.920056,1172.261,34.627,150.193,740.254,10,0.127,21.565,0.001,985.791,2.702,1
93.669667,24.679639,1328.725,21.568,93.912,689.054,10,0.124,7.031,0.001,868.33,0.755,1
93.720472,24.829225,577.737,16.683,282.522,29.516,30,0.124,11.104,0.05,901.108,62.143,1
93.504944,24.985944,1256.548,26.02,117.808,532.104,30,0.169,22.369,0.01,1163.17,41.599,1
94.258355,24.692906,1456.162,30.382,328.38,567.749,10,0.126,18.534,0.001,926.427,2.16,1
93.59,24.18,1131.309,20.3,26.622,458.209,30,0.13,16.488,0.05,751.673,80.377,1
94.506333,25.081611,1644.235,33.458,240.397,691.578,10,0.13,18.48,0.001,912.567,2.193,1
93.255167,24.761056,642.268,35.043,285.216,29.516,10,0.127,25.707,0.001,1535.862,5.016,1
94.0414,25.444722,1366.49,42.803,51.928,179.538,10,0.123,27.207,0.001,881.96,2.975,1
94.116778,24.769556,815.377,20.345,75.881,93.337,30,0.128,16.534,0.05,716.977,75.67,1
94.531361,25.286944,1178.662,32.678,230.303,354.19,30,0.134,26.625,0.05,857.47,151.406,1
94.559361,25.415639,1190.371,25.148,330.159,501.769,10,0.127,11.202,0.001,1057.66,1.519,1
94.360864,24.714343,1209.574,30.484,277.536,746.698,10,0.128,20.345,0.001,1093.842,2.852,1
94.5125,25.101972,1539.089,23.06,298.107,59.032,10,0.128,7.636,0.001,926.181,0.905,1
93.95,23.97,1569.268,22.815,86.402,857.993,10,0.127,19.054,0.001,973.435,2.357,1
94.240544,24.407989,775.479,33.402,139.876,570.046,10,0.128,25.886,0.001,1135.089,3.746,1
93.16,24.74,29.935,0.471,336.397,41.742,10,0.128,0.096,0.001,1500.021,0.018,1
94.534778,24.948056,1505.428,40.003,20.391,926.816,10,0.129,29.773,0.001,885.461,3.4,1
94.552889,25.466083,1264.259,30.188,31.187,699.718,10,0.132,13.941,0.001,1057.66,1.935,1
94.117506,24.267658,1214.462,32.403,159.282,591.054,30,0.126,15.143,0.05,1018.789,97.368,1
94.522306,25.181917,1344.794,8.288,84.081,0.0,10,0.131,5.264,0.001,936.837,0.646,1
94.461919,24.919751,1920.053,36.974,9.1,605.614,10,0.125,23.218,0.001,929.676,2.694,1
93.669,24.685056,1285.851,33.631,119.038,573.094,10,0.123,15.807,0.001,879.705,1.721,1
93.612292,24.637769,764.13,39.757,51.105,206.611,10,0.129,19.057,0.001,942.555,2.312,1
93.441528,24.815361,346.092,28.236,97.444,29.516,10,0.128,21.258,0.001,1368.517,3.72,1
93.08,24.52,253.958,13.598,118.3,501.769,10,0.129,3.932,0.001,1418.665,0.719,1
93.674222,24.800556,443.514,18.415,227.375,41.742,10,0.123,8.959,0.001,983.724,1.084,1
94.147306,24.321889,1275.63,28.326,357.482,737.896,30,0.126,17.059,0.001,1076.41,2.305,1
94.173528,24.969056,986.951,25.565,242.07,93.337,10,0.128,21.897,0.001,652.354,1.822,1
94.234639,24.309861,534.803,24.923,283.72,438.785,10,0.128,11.08,0.001,1329.35,1.888,1
94.176167,24.416167,1336.309,17.351,303.055,534.555,10,0.128,5.357,0.001,1025.962,0.703,1
94.077,25.421111,1507.454,32.536,218.699,461.052,50,0.123,28.964,0.01,881.96,31.273,1
94.02,24.06,1065.047,22.735,222.306,608.485,10,0.129,18.972,0.001,1104.52,2.702,1
94.1665,24.365611,1191.548,31.932,0.39,488.574,50,0.126,25.921,0.01,1108.402,36.058,1
94.618,24.970167,1379.585,20.594,251.019,801.832,10,0.129,6.639,0.001,1175.115,1.007,1
94.091428,25.318206,1205.5,32.597,1.885,93.337,10,0.126,25.168,0.001,945.455,3.003,1
93.29,24.12,1138.929,20.665,321.413,265.643,10,0.127,13.653,0.001,946.8,1.639,1
94.146667,25.379611,1249.969,26.861,241.547,263.998,30,0.128,9.194,0.05,890.26,52.234,1
93.778111,24.871861,1180.588,30.364,135.868,647.333,10,0.123,21.783,0.05,806.827,108.155,1
94.551306,25.054917,1794.673,34.608,276.514,673.065,10,0.127,16.332,0.001,1030.006,2.143,1
94.177778,24.950583,927.42,34.048,147.4,88.548,60,0.125,16.031,0.45,655.022,590.606,1
94.046667,25.450653,1324.547,44.424,119.563,88.548,30,0.125,35.373,0.05,881.96,195.11,1
94.355182,24.818713,1618.68,28.361,250.292,582.143,10,0.126,15.227,0.001,1064.412,2.041,1
94.145444,24.686028,868.294,23.756,7.854,59.032,10,0.127,7.92,0.001,778.307,0.781,1
93.686672,24.815617,598.967,26.811,134.28,125.225,10,0.124,15.971,0.001,960.036,1.896,1
94.0873,24.251011,1000.367,34.534,142.761,236.127,30,0.129,31.218,0.05,957.556,192.083,1
94.533083,25.057361,1564.137,37.94,159.779,597.65,10,0.124,26.122,0.001,996.315,3.235,1
93.99,23.98,1361.296,37.026,71.497,590.317,10,0.128,20.726,0.001,1153.603,3.047,1
94.224861,24.728611,1627.656,40.681,72.039,681.426,30,0.126,28.184,0.05,822.568,145.934,1
94.036492,25.286369,1046.27,33.363,254.571,88.548,30,0.122,30.01,0.05,922.14,169.114,1
94.175523,24.26133,667.068,17.823,295.089,237.964,10,0.126,5.541,0.001,1228.911,0.859,0
93.74568,24.947475,1200.718,11.101,131.65,0.0,10,0.124,7.669,0.001,923.103,0.881,0
94.052058,25.551704,2689.054,23.182,120.908,812.088,10,0.122,7.686,0.001,1021.81,0.959,0
93.2505,24.80078,247.207,23.143,296.334,125.225,10,0.127,7.67,0.001,1461.682,1.417,0
94.377766,24.918533,822.264,30.998,123.294,413.222,10,0.128,14.381,0.001,900.344,1.661,0
94.104203,24.946446,1207.572,25.937,170.258,582.143,10,0.126,8.814,0.001,646.362,0.715,0
94.267333,25.001873,1414.72,18.155,268.965,818.499,50,0.126,9.874,0.001,718.81,0.898,0
93.945817,24.822835,785.663,2.091,228.796,397.095,40,0.341,0.349,0.001,656.755,0.036,0
93.115581,24.812627,31.134,1.394,255.405,981.152,10,0.126,0.521,0.001,1527.0,0.1,0
93.8642,24.299992,768.568,0.969,63.292,267.277,40,0.128,0.309,0.15,629.933,3.736,0
94.031527,25.064247,919.005,25.974,8.794,516.316,10,0.124,8.829,0.001,688.776,0.753,0
93.996839,25.339483,1370.436,18.468,177.913,538.614,30,0.128,14.65,0.05,1127.679,105.553,0
93.713269,24.781186,1310.257,32.356,213.237,425.684,10,0.125,21.81,0.001,891.319,2.402,0
93.467957,24.972716,717.822,21.583,249.784,713.893,10,0.127,7.037,0.001,1223.326,1.092,0
93.498545,24.420282,1267.094,37.419,7.516,475.929,10,0.128,17.831,0.001,1064.571,2.428,0
93.950704,24.789925,777.588,1.266,243.361,65.999,40,0.13,0.24,0.15,648.482,3.074,0
93.895662,25.489491,783.044,29.98,203.244,345.474,10,0.124,26.495,0.001,1021.81,3.361,0
94.258386,24.93606,1459.252,13.889,69.133,868.087,10,0.125,6.27,0.001,774.59,0.607,0
93.88784,24.735818,773.171,2.721,228.031,344.211,10,0.145,1.006,0.001,712.82,0.099,0
93.298448,24.07698,852.841,25.408,91.2,360.287,10,0.128,16.364,0.05,908.86,95.572,0
93.854117,24.327848,764.0,0.985,280.507,0.0,80,0.127,0.332,0.0,640.646,0.0,0
93.730318,24.489853,811.724,2.458,115.851,324.674,40,0.124,0.431,0.15,713.305,5.716,0
93.910562,24.803615,776.483,0.526,212.979,267.277,30,0.125,0.077,0.05,678.564,0.332,0
93.950639,24.727916,777.618,1.362,79.341,88.548,40,0.124,0.348,0.15,653.369,4.224,0
93.545355,24.265772,1172.961,11.503,124.968,383.706,10,0.128,4.189,0.001,750.758,0.403,0
93.191884,24.791074,106.474,22.24,318.583,186.675,10,0.125,11.333,0.001,1517.049,2.142,0
93.869065,24.278079,797.737,11.256,195.008,166.967,30,0.128,3.088,0.05,625.422,12.336,0
93.993452,24.675567,773.153,0.058,184.092,188.994,80,0.224,0.008,0.0,619.014,0.0,0
93.791652,24.505301,767.0,0.0,270.0,442.738,80,0.181,0.0,0.0,685.413,0.0,0
93.786919,25.163499,676.473,3.934,301.325,0.0,30,0.121,2.005,0.001,927.365,0.225,0
93.779414,24.369184,970.922,33.844,175.752,616.309,30,0.127,18.725,0.05,708.451,83.891,0
94.039941,24.978879,827.851,7.653,300.349,329.997,40,0.125,2.479,0.15,639.727,29.674,0
94.043522,24.756474,819.46,15.175,84.268,208.709,10,0.128,10.89,0.001,627.646,0.876,0
93.194157,24.486505,318.183,30.475,312.328,118.063,10,0.132,24.545,0.001,1449.307,4.695,0
94.030275,25.054511,810.272,0.984,135.126,88.548,10,0.123,0.131,0.001,686.694,0.011,0
93.08641,24.186182,595.269,8.35,116.94,313.758,10,0.131,5.315,0.001,1076.495,0.75,0
93.978548,24.807947,782.495,0.374,287.743,250.45,50,0.0,0.081,0.01,643.047,0.011,0
93.906168,24.677292,774.321,0.614,94.106,106.421,40,0.124,0.071,0.15,673.896,0.891,0
93.762483,24.74347,1024.019,18.316,257.386,177.095,10,0.125,9.984,0.001,789.035,0.983,0
93.824901,24.619914,768.5,0.818,346.292,250.45,40,0.124,0.103,0.15,682.365,1.306,0
93.833743,24.664668,769.21,1.136,345.177,570.046,40,0.249,0.208,0.15,699.748,4.296,0
94.051427,24.613608,780.002,2.66,206.896,523.022,40,0.127,0.831,0.15,613.047,9.702,0
93.995721,24.932828,786.873,0.34,275.59,166.967,40,0.125,0.051,0.15,672.477,0.649,0
94.207547,24.803432,1397.735,27.612,5.881,620.535,10,0.126,14.748,0.001,804.286,1.496,0
93.645976,24.383981,1428.438,34.682,289.527,208.709,30,0.127,12.408,0.05,755.759,59.97,0
93.565909,25.178243,919.347,35.796,117.461,885.967,10,0.124,32.513,0.001,887.799,3.581,0
94.569145,25.434908,1471.141,11.344,273.037,627.515,10,0.13,5.937,0.001,1057.66,0.815,0
93.705259,24.445073,841.163,3.483,64.847,118.063,50,0.123,1.289,0.01,735.583,1.168,0
93.785828,24.942319,1924.111,48.732,203.125,515.472,10,0.125,40.933,0.001,871.695,4.443,0
94.035395,24.668997,785.994,2.689,287.295,83.483,50,0.159,0.639,0.01,598.649,0.611,0
93.709919,24.279989,953.451,5.914,156.251,523.022,40,0.129,1.346,0.15,659.803,17.129,0
93.438876,24.992076,182.613,4.725,328.722,106.421,10,0.126,1.915,0.001,1238.624,0.3,0
93.936862,24.864273,785.55,0.865,268.525,83.483,50,0.131,0.111,0.01,691.527,0.107,0
93.923999,24.856115,786.2,0.411,325.851,401.459,30,0.128,0.042,0.05,695.422,0.199,0
94.002715,24.86297,784.822,0.404,331.965,336.532,30,0.125,0.104,0.01,637.472,0.083,0
93.870633,25.412618,1892.824,21.195,54.848,710.836,10,0.126,10.678,0.001,1021.81,1.375,0
93.817195,24.746968,778.16,2.878,276.437,466.686,10,0.127,0.528,0.001,745.668,0.05,0
94.280901,25.253231,1339.163,17.716,128.859,622.637,10,0.125,7.257,0.001,873.524,0.795,0
93.706205,24.474243,943.058,20.107,147.539,525.515,40,0.124,6.445,0.05,735.937,29.397,0
93.348821,24.346084,340.516,18.242,51.506,172.105,10,0.133,14.425,0.001,1109.402,2.125,0
93.330862,24.131312,545.391,27.344,333.167,365.091,10,0.138,17.881,0.45,918.545,1019.131,0
94.023511,24.873088,788.771,1.646,297.054,158.948,40,0.126,0.256,0.15,634.393,3.067,0
93.922724,24.612952,770.675,0.112,253.962,106.421,40,0.375,0.019,0.15,641.767,0.446,0
94.430642,24.61422,404.308,31.294,310.8,188.994,10,0.13,17.102,0.001,1207.651,2.68,0
93.610056,24.91766,656.198,21.477,2.819,272.123,10,0.124,14.322,0.001,999.603,1.781,0
94.285224,24.23296,219.701,7.118,172.087,118.063,10,0.125,1.71,0.001,1148.903,0.247,0
94.200987,24.776432,1479.538,14.831,87.436,597.65,10,0.126,6.816,0.001,796.753,0.684,0
94.146346,25.043149,834.278,9.401,292.391,147.579,40,0.126,2.45,0.15,699.238,32.291,0
93.476376,24.826265,514.616,10.426,194.351,179.538,10,0.127,2.798,0.001,1306.104,0.464,0
94.060521,25.157929,1076.614,18.385,140.68,475.929,10,0.125,5.762,0.001,827.866,0.599,0
93.31965,25.046328,670.992,15.218,138.064,622.637,10,0.127,11.474,0.001,1248.095,1.817,0
93.751888,24.697801,1025.248,10.701,176.58,59.032,10,0.126,6.302,0.001,756.543,0.598,0
93.88296,25.423628,1476.107,33.951,346.406,59.032,10,0.124,21.084,0.001,1021.81,2.676,0
93.043438,24.343704,161.328,33.25,322.174,344.211,10,0.128,15.601,0.001,1248.672,2.516,0
94.115822,24.470422,1209.808,32.475,307.818,713.283,10,0.129,15.182,0.001,854.824,1.677,0
94.499986,25.199626,1895.198,5.755,38.682,926.346,50,0.129,1.299,0.01,887.948,1.484,0
93.105625,24.677241,32.703,18.673,23.97,29.516,10,0.128,7.752,0.001,1440.388,1.427,0
94.018978,24.731655,996.262,31.548,276.452,851.879,10,0.129,17.265,0.001,628.913,1.401,0
93.972012,25.173614,1159.376,14.006,105.935,295.158,30,0.127,6.337,0.05,917.923,36.997,0
93.196941,24.191942,1423.057,24.052,117.502,608.485,10,0.127,13.999,0.001,1024.661,1.819,0
93.808937,24.904685,1025.44,18.013,199.056,208.709,30,0.127,14.106,0.05,764.845,68.478,0
93.324681,24.341787,292.098,15.551,1.433,410.047,10,0.131,6.155,0.001,1145.656,0.926,0
94.006835,24.555347,776.971,0.862,176.598,355.418,50,0.129,0.146,0.01,597.288,0.112,0
93.623208,24.514699,692.153,10.344,353.305,0.0,10,0.126,7.003,0.001,967.971,0.852,0
93.828559,24.704429,771.869,1.02,8.008,29.516,50,0.124,0.137,0.01,727.081,0.129,0
94.262588,25.257249,1229.748,15.525,249.598,29.516,10,0.128,4.654,0.001,879.088,0.521,0
94.061409,24.301673,1304.314,21.825,159.658,797.474,10,0.128,18.039,0.001,855.902,1.972,0
94.118384,25.193368,1154.002,15.741,108.219,265.643,10,0.125,4.737,0.001,859.711,0.509,0
93.763434,24.615874,794.399,0.789,172.951,278.452,40,0.125,0.098,0.15,667.402,1.228,0
93.855092,24.193496,855.195,14.455,162.874,295.158,10,0.126,8.092,0.001,618.355,0.635,0
93.083809,24.700508,34.851,0.827,217.825,355.418,10,0.128,0.104,0.001,1430.614,0.019,0
94.146336,24.534502,912.564,31.101,217.848,125.225,30,0.127,20.829,0.05,878.521,115.66,0
93.629118,24.365135,1319.674,34.985,302.336,118.063,10,0.126,12.531,0.001,761.471,1.202,0
93.345468,24.13965,572.432,27.605,187.604,29.516,10,0.13,24.02,0.001,883.136,2.769,0
93.597843,24.104363,1069.903,6.669,233.433,212.842,10,0.128,1.572,0.001,779.42,0.157,0
93.072732,24.209399,764.547,18.457,265.611,665.908,10,0.134,11.856,0.001,1116.765,1.794,0
94.013119,24.963333,798.951,3.517,105.933,206.611,40,0.126,0.905,0.15,661.064,11.278,0
93.152728,24.775589,80.47,2.201,221.488,699.718,10,0.127,0.373,0.001,1521.696,0.072,0
93.897526,24.615214,771.195,0.327,160.298,336.532,40,0.125,0.041,0.15,663.12,0.502,0
93.758494,25.164114,671.25,6.739,162.69,59.032,10,0.121,1.594,0.001,912.128,0.175,0
94.062988,24.938409,905.368,20.486,273.581,725.994,10,0.126,6.596,0.001,636.722,0.531,0
93.162792,24.692241,332.989,21.541,313.935,793.092,10,0.129,16.128,0.001,1489.904,3.075,0
94.036466,24.318907,927.039,21.513,176.707,41.742,10,0.13,9.248,0.001,794.858,0.955,0
93.91327,24.582517,770.579,0.884,99.24,186.675,30,0.123,0.234,0.05,648.03,0.93,0
94.289073,24.782294,659.795,15.681,154.482,0.0,10,0.127,11.918,0.001,927.004,1.408,0
93.076299,24.524196,157.039,22.115,128.846,317.895,10,0.131,15.795,0.001,1417.377,2.923,0
94.369027,25.106112,1771.695,17.657,96.651,590.317,10,0.18,7.226,0.01,822.998,9.402,0
93.482213,24.792205,918.918,34.45,125.613,688.422,10,0.13,30.93,0.001,1338.65,5.375,0
93.870473,24.784773,779.48,3.81,96.043,354.19,50,0.136,1.004,0.01,713.706,0.977,0
93.268263,24.051452,746.763,38.077,303.672,897.689,10,0.13,21.379,0.001,920.181,2.561,0
94.107254,24.527839,1245.947,25.054,114.123,752.509,10,0.128,19.415,0.001,796.54,1.977,0
93.593114,24.152876,1099.46,5.503,101.728,608.485,50,0.128,2.51,0.01,761.93,2.457,0
94.045161,25.554453,2557.067,33.157,287.33,413.222,10,0.124,15.551,0.001,1021.81,1.966,0
93.656496,24.584504,795.29,30.742,131.035,414.275,30,0.125,18.793,0.05,842.755,99.398,0
93.714332,24.359998,798.302,2.228,351.482,125.225,40,0.126,0.379,0.15,710.021,5.088,0
93.921183,24.764567,777.237,1.237,17.261,313.758,50,0.129,0.233,0.01,678.562,0.205,0
94.357186,24.769105,1732.714,11.767,280.709,1005.273,10,0.128,3.268,0.001,1129.248,0.474,0
94.324166,25.309443,1192.058,16.298,76.667,515.472,10,0.129,6.532,0.001,871.86,0.737,0
93.28408,24.798506,1058.411,10.521,282.121,570.046,10,0.123,7.158,0.001,1480.208,1.309,0
93.683152,24.308239,835.73,11.222,189.165,237.964,40,0.127,4.773,0.001,677.632,0.409,0
94.291453,24.774799,704.915,31.279,313.682,208.709,10,0.128,17.093,0.001,939.968,2.052,0
93.453686,24.924484,719.423,16.993,284.052,384.84,10,0.128,13.193,0.001,1224.971,2.06,0
94.11892,24.893932,852.918,12.524,223.803,563.899,10,0.126,5.494,0.001,658.068,0.456,0
93.936138,24.756109,777.616,0.847,236.11,413.222,50,0.0,0.108,0.01,665.097,0.038,0
93.507524,24.367099,789.127,19.865,89.434,375.675,10,0.128,8.376,0.001,1018.176,1.1,0
94.142113,24.983846,1048.181,22.091,240.358,451.506,10,0.127,7.242,0.001,650.196,0.6,0
94.055121,24.593035,781.271,0.242,313.154,230.526,40,0.125,0.037,0.15,627.018,0.434,0
94.074303,24.797369,830.511,14.749,316.69,93.337,10,0.126,5.755,0.001,671.423,0.488,0
93.969972,24.583215,772.413,0.19,46.644,230.526,40,0.123,0.015,0.15,610.816,0.175,0
93.567466,24.06901,817.203,3.49,44.901,443.72,40,0.128,0.679,0.15,784.842,10.199,0
94.169437,24.40906,1290.827,25.649,125.313,644.636,30,0.128,11.474,0.05,1024.945,75.388,0
94.082767,24.926789,835.031,4.453,330.867,131.999,40,0.127,0.931,0.05,641.886,3.785,0
93.190739,24.612279,213.877,7.789,175.893,263.998,10,0.129,4.858,0.001,1517.241,0.954,0
93.948801,24.530769,773.3,1.453,340.522,523.022,10,0.125,0.445,0.15,620.189,5.174,0
94.366759,25.098219,1868.27,4.982,104.157,774.756,50,0.138,1.077,0.01,830.826,1.161,0
93.400325,24.165918,1085.659,31.599,146.601,324.674,10,0.126,14.707,0.001,755.492,1.402,0
93.967283,24.845431,779.409,0.33,116.241,118.063,40,0.126,0.042,0.15,654.397,0.518,0
94.21956,25.262716,1275.813,29.794,321.317,500.9,10,0.126,13.727,0.001,890.08,1.544,0
93.974411,24.345673,947.167,18.178,212.426,83.483,10,0.128,8.815,0.15,691.759,116.534,0
93.55776,24.331632,1114.278,24.785,83.591,388.22,10,0.131,11.005,0.001,820.171,1.172,0
93.877329,24.818631,783.821,1.69,72.848,449.572,50,0.126,0.411,0.001,704.102,0.036,0
94.534129,25.520861,1144.365,14.557,101.367,551.401,30,0.129,8.783,0.05,857.47,48.708,0
93.421958,24.934854,440.849,8.977,293.359,336.532,10,0.127,2.308,0.001,1298.816,0.382,0
93.96194,25.086651,1120.538,19.47,231.649,581.395,10,0.129,8.169,0.001,816.319,0.861,0
93.786086,24.929522,1705.733,12.265,2.969,230.526,30,0.122,7.507,0.05,846.687,38.902,0
93.812664,25.418188,1213.98,32.72,40.838,83.483,10,0.126,15.315,0.001,905.89,1.752,0
94.239132,25.08261,1619.243,15.758,126.078,669.17,30,0.121,9.03,0.05,799.794,43.903,0
94.089406,24.03956,1023.216,8.493,48.946,597.65,10,0.13,2.149,0.001,1470.031,0.411,0
94.094571,24.653474,810.305,1.17,240.348,373.349,10,0.146,0.217,0.001,700.722,0.022,0
93.209453,24.616273,92.875,4.885,35.346,147.579,10,0.133,1.05,0.001,1536.434,0.214,0
93.680976,24.906112,696.603,29.02,1.373,88.548,10,0.123,15.649,0.001,871.964,1.679,0
93.089651,24.706922,28.78,12.213,82.343,29.516,10,0.127,5.968,0.001,1433.038,1.09,0
93.441253,24.388871,1283.915,35.118,243.584,505.23,10,0.132,12.585,0.001,1040.976,1.711,0
94.127364,24.467613,1225.187,32.401,195.502,582.143,10,0.13,11.476,0.001,893.202,1.329,0
93.58939,24.313028,784.433,25.167,272.142,172.105,30,0.13,11.212,0.001,728.232,1.062,0
94.049269,24.769561,866.285,10.459,163.414,206.611,10,0.127,7.104,0.001,636.938,0.574,0
93.480938,24.146727,861.097,2.74,98.755,377.987,10,0.131,0.496,0.001,738.642,0.048,0
93.676452,24.309374,874.506,2.709,97.687,208.709,40,0.127,0.488,0.15,678.989,6.305,0
93.46918,24.387272,868.393,31.105,166.342,93.337,10,0.13,14.439,0.001,1039.707,1.946,0
93.990561,24.843601,781.058,0.291,269.953,413.222,40,0.125,0.065,0.15,639.821,0.777,0
94.066386,24.968463,823.419,6.061,143.908,253.905,30,0.125,1.389,0.05,640.195,5.559,0
93.672416,25.26484,1010.273,26.738,160.597,313.758,10,0.121,22.966,0.001,736.957,2.054,0
93.96854,25.337281,1761.108,25.708,98.148,616.309,10,0.126,20.998,0.001,989.275,2.608,0
93.643825,24.965347,882.95,29.757,211.295,263.998,10,0.125,13.707,0.001,1046.125,1.788,0
93.585871,24.652796,1055.521,22.618,13.043,237.964,10,0.128,18.851,0.001,1035.227,2.495,0
94.11304,24.644172,837.065,9.148,280.74,197.998,40,0.127,3.67,0.15,758.872,53.048,0
93.773318,24.708865,801.92,2.513,86.847,147.579,40,0.126,0.443,0.15,749.31,6.267,0
94.068166,25.515374,2239.374,28.054,156.732,476.843,10,0.124,9.685,0.001,1021.81,1.231,0
93.992605,24.880872,784.428,0.288,167.65,476.843,40,0.127,0.067,0.15,656.804,0.836,0
93.894431,24.616867,774.893,7.355,333.172,59.032,50,0.123,2.355,0.01,665.938,1.94,0
93.150158,24.778297,63.857,14.025,296.999,673.065,10,0.127,5.398,0.001,1520.106,1.04,0
93.703622,24.359963,821.466,0.44,90.771,206.611,50,0.0,0.046,0.01,710.054,0.027,0
94.007461,24.82536,783.94,8.501,176.217,622.637,30,0.128,3.338,0.05,638.363,13.662,0
93.71916,24.955767,1385.036,26.374,173.434,301.004,10,0.124,22.738,0.001,951.124,2.673,0
93.641818,24.522716,710.048,16.836,252.997,59.032,10,0.126,13.039,0.001,900.321,1.48,0
94.292519,25.244134,1188.411,24.798,356.712,252.183,10,0.127,21.1,0.001,866.93,2.323,0
94.101847,24.145387,1255.839,15.405,138.71,429.757,10,0.129,4.609,0.001,1136.356,0.673,0
94.151208,25.518388,1799.212,2.849,154.799,977.148,10,0.164,0.522,0.001,890.26,0.072,0
93.69686,24.860258,1677.915,15.442,55.688,944.968,10,0.122,6.1,0.001,908.753,0.675,0
93.55273,24.395379,1567.82,20.752,171.643,653.361,10,0.128,15.399,0.001,997.978,1.967,0
94.044986,24.596757,783.289,1.224,40.139,538.614,10,0.126,0.174,0.001,599.468,0.011,0
93.622495,24.334529,1323.88,23.766,149.02,516.316,10,0.128,10.456,0.001,726.124,0.969,0
93.551084,23.989941,754.148,6.316,133.932,384.84,10,0.131,3.704,0.15,807.651,58.833,0
94.110001,23.908425,586.989,36.73,40.08,59.032,10,0.129,17.466,0.001,1477.788,3.334,0
94.524518,25.325806,1185.504,19.259,11.932,451.506,10,0.132,12.505,0.001,857.47,1.411,0
94.010102,24.714834,935.394,23.528,284.065,801.832,10,0.128,12.145,0.001,627.718,0.977,0
94.249322,24.144399,301.699,2.263,209.484,411.108,40,0.127,0.387,0.15,1256.427,9.223,0
93.848276,24.143435,847.232,5.486,260.47,179.538,30,0.126,1.221,0.05,677.916,5.196,0
94.510557,24.653071,849.926,13.173,120.736,973.576,10,0.127,3.776,0.001,1142.644,0.546,0
94.435378,25.087617,2292.048,15.681,122.498,647.333,10,0.126,4.714,0.001,885.777,0.527,0
94.378026,25.072917,1431.952,15.524,79.443,59.032,10,0.126,4.654,0.05,861.336,25.286,0
94.279241,24.326519,480.329,12.833,333.582,620.535,10,0.128,6.953,0.001,1256.469,1.117,0
93.958023,24.648813,778.183,2.077,2.325,93.337,50,0.155,0.537,0.01,622.385,0.51,0
93.544342,24.537244,1013.64,20.438,172.142,663.286,30,0.129,8.678,0.05,1042.75,58.256,0
93.90486,24.754093,772.886,0.13,133.992,345.474,40,0.124,0.009,0.15,695.061,0.122,0
94.066808,23.965503,857.792,22.284,5.598,208.709,10,0.129,11.361,0.001,1461.213,2.144,0
93.665636,24.38308,1193.036,19.415,265.004,83.483,10,0.127,10.74,0.001,736.872,1.01,0
94.116347,24.994818,1223.944,19.886,182.386,336.532,10,0.124,9.864,0.001,648.703,0.795,0
93.831326,24.750556,773.051,0.937,99.95,125.225,40,0.129,0.191,0.15,740.136,2.728,0
94.137267,24.614459,1037.934,30.202,186.961,472.253,10,0.129,23.023,0.001,830.79,2.459,0
93.485108,24.673993,925.362,31.579,88.37,419.499,10,0.127,28.16,0.001,1120.738,4.002,0
93.914293,24.868374,785.683,0.396,250.658,29.516,40,0.127,0.097,0.15,708.355,1.308,0
94.098794,24.581584,883.8,14.772,305.293,531.285,10,0.128,4.37,0.001,744.153,0.417,0
93.85828,24.769215,774.895,0.38,196.793,88.548,60,0.126,0.038,0.45,726.296,1.561,0
93.465073,24.601696,845.949,23.258,288.618,354.19,10,0.127,19.51,0.001,1070.977,2.664,0
93.613375,24.657652,699.373,40.119,28.857,290.697,10,0.126,27.765,0.001,977.463,3.414,0
94.129958,24.956468,842.837,0.955,237.111,29.516,40,0.125,0.275,0.15,653.775,3.355,0
93.876421,24.414387,858.623,10.146,325.97,442.738,10,0.126,2.702,0.001,657.704,0.224,0
93.255864,24.792472,336.758,8.682,242.513,0.0,10,0.125,5.589,0.001,1479.087,1.035,0
94.188004,24.43518,1362.732,28.115,68.123,723.59,10,0.126,15.069,0.001,1019.472,1.938,0
93.7449,24.678238,1147.104,25.507,237.125,121.697,30,0.126,8.637,0.05,740.167,40.383,0
93.98563,24.898151,779.802,0.318,164.845,29.516,40,0.128,0.076,0.15,674.727,0.986,0
93.746629,24.627608,853.31,6.965,70.26,166.967,50,0.125,3.166,0.01,684.02,2.7,0
94.090519,24.536602,1176.284,18.618,47.547,746.698,30,0.127,5.853,0.05,737.168,27.282,0
93.636377,24.560311,871.464,28.18,254.086,118.063,10,0.129,24.619,0.001,909.696,2.869,0
94.108767,25.414439,1380.638,11.555,191.883,354.19,30,0.128,3.193,0.15,890.26,55.054,0
93.598787,24.640693,1189.724,42.076,347.107,480.483,10,0.124,20.25,0.001,983.105,2.496,0
93.867165,24.827777,782.681,0.412,285.715,83.483,40,0.128,0.08,0.15,707.659,1.088,0
93.96969,24.829665,781.451,1.483,139.228,388.22,50,0.0,0.295,0.01,643.118,0.023,0
93.5198,24.780325,997.435,35.72,214.785,714.503,10,0.127,26.27,0.001,1239.415,4.12,0
94.426337,24.885127,1027.458,25.557,151.085,88.548,10,0.13,8.657,0.001,984.78,1.107,0
93.657639,24.781712,629.878,30.329,34.727,459.159,10,0.126,21.753,0.001,1022.799,2.798,0
93.746817,25.369549,1140.966,21.878,49.592,647.333,30,0.126,9.443,0.05,905.89,53.865,0
94.534194,25.252564,1109.153,4.907,29.638,59.032,40,0.128,1.639,0.15,955.043,30.103,0
93.956175,24.652291,777.868,1.46,95.827,106.421,10,0.126,0.219,0.001,624.377,0.024,0
93.843008,24.367742,766.569,0.199,279.701,41.742,40,0.127,0.016,0.15,663.028,0.208,0
93.760522,24.155053,823.133,8.238,235.906,29.516,10,0.13,2.066,0.001,773.561,0.208,0
93.747958,24.549898,780.021,1.171,183.904,59.032,40,0.123,0.377,0.15,689.954,4.79,0
93.379611,24.169656,1260.083,34.267,33.52,345.474,10,0.125,16.149,0.001,814.186,1.648,0
94.042437,24.982883,839.487,23.225,335.506,188.994,10,0.124,7.703,0.001,639.455,0.612,0
94.019004,24.736254,1043.965,8.427,152.273,989.991,10,0.129,2.127,0.001,629.677,0.172,0
94.032987,25.156317,1253.249,20.174,247.881,29.516,10,0.126,10.042,0.001,839.993,1.059,0
94.33243,25.109421,1657.471,13.643,182.975,648.005,10,0.125,7.518,0.05,788.372,37.058,0
94.448894,25.355545,1488.086,4.316,41.248,442.738,50,0.13,1.557,0.15,857.47,26.037,0
94.084432,24.848593,793.929,1.116,170.111,29.516,40,0.127,0.39,0.15,654.664,4.851,0
93.090031,24.642494,30.802,11.259,89.083,106.421,40,0.127,7.81,0.001,1434.594,1.429,0
94.538912,25.198112,1372.154,25.763,359.808,236.127,10,0.131,22.102,0.001,971.062,2.809,0
93.521855,24.351304,1286.794,18.889,74.593,581.395,10,0.125,11.347,0.001,947.423,1.349,0
93.784169,25.524574,1368.505,30.117,134.113,1080.86,10,0.128,25.373,0.001,905.89,2.928,0
93.728933,24.412188,805.114,18.154,16.246,230.526,30,0.125,10.796,0.001,698.058,0.943,0
93.930556,24.419836,785.325,2.426,264.42,236.127,50,0.126,0.922,0.01,629.293,0.733,0
94.078435,24.156065,1529.065,24.121,59.474,384.84,10,0.126,12.522,0.001,1046.275,1.654,0
94.293134,25.227839,1532.943,18.396,66.589,243.394,10,0.125,7.608,0.001,859.948,0.815,0
93.908054,24.837846,778.529,1.447,137.822,29.516,40,0.128,0.216,0.01,694.633,0.202,0
93.06266,24.164336,996.81,27.107,292.108,501.769,10,0.134,9.295,0.001,1063.401,1.319,0
93.788644,25.124339,806.555,6.11,223.228,459.159,40,0.122,3.549,0.15,976.446,63.347,0
93.750557,24.865983,1357.724,25.828,175.27,369.832,10,0.122,22.17,0.001,856.531,2.354,0
93.106788,24.671992,70.71,3.086,243.767,596.921,10,0.128,0.579,0.001,1441.126,0.107,0
93.878599,24.370109,770.778,1.124,23.025,329.997,40,0.126,0.339,0.15,645.794,4.129,0
93.885019,24.272729,776.051,2.563,9.975,118.063,30,0.127,0.792,0.05,637.011,3.217,0
94.087826,24.040216,1037.644,4.317,53.425,466.686,10,0.131,0.895,0.01,1464.0,1.705,0
94.366614,24.706646,1126.069,9.519,162.834,826.444,10,0.128,3.863,0.001,1104.126,0.547,0
93.715195,24.312292,810.037,0.516,25.019,150.502,40,0.127,0.075,0.15,680.048,0.967,0
94.353991,24.473641,563.541,11.644,132.913,776.441,10,0.127,3.225,0.001,1155.186,0.473,0
93.788704,24.803409,833.885,1.518,76.149,172.105,40,0.125,0.582,0.15,779.714,8.485,0
94.019672,24.577065,773.843,0.021,359.434,303.884,40,0.128,0.002,0.15,592.814,0.022,0
93.712779,24.32398,811.504,0.5,87.973,158.948,40,0.128,0.054,0.15,687.422,0.718,0
94.140812,24.331999,1250.195,20.686,60.36,690.948,10,0.127,8.809,0.001,1058.145,1.185,0
93.438054,25.058431,838.381,24.407,101.868,356.641,10,0.122,8.186,0.001,1197.241,1.191,0
93.895705,24.795071,780.217,2.03,230.055,582.143,50,0.324,0.443,0.01,692.153,0.917,0
93.713397,24.328996,809.607,0.514,79.136,384.84,40,0.128,0.056,0.15,690.601,0.744,0
93.960302,24.461596,773.558,2.561,294.926,272.123,40,0.126,0.454,0.15,616.682,5.273,0
93.860702,24.80065,777.661,0.763,163.998,29.516,40,0.128,0.094,0.15,716.016,1.298,0
94.261947,25.113525,1523.604,17.346,130.942,377.987,10,0.126,10.194,0.001,812.092,1.037,0
94.11143,24.19589,1265.206,26.231,37.107,669.17,10,0.13,17.008,0.001,1055.225,2.324,0
93.752486,24.563345,777.175,0.561,98.446,236.127,40,0.123,0.11,0.15,684.264,1.386,0
93.891416,24.039906,1438.246,22.456,341.937,876.576,10,0.128,7.391,0.001,789.329,0.744,0
93.828104,24.344606,980.229,30.737,165.885,659.994,30,0.126,23.503,0.05,659.979,97.432,0
93.621147,24.833254,708.224,10.693,73.424,263.998,10,0.128,2.891,0.001,1093.795,0.403,0
93.81838,24.851898,809.714,0.55,164.767,267.277,50,0.124,0.156,0.01,735.153,0.142,0
93.700867,24.128977,1268.694,35.825,172.952,106.421,10,0.127,19.975,0.001,771.537,1.967,0
94.552374,25.101328,1962.885,30.702,153.444,214.879,10,0.129,10.777,0.001,990.716,1.373,0
94.291879,24.531637,1139.348,14.413,152.482,689.054,10,0.129,4.235,0.001,1101.287,0.6,0
93.65383,24.934253,467.322,7.684,62.29,118.063,40,0.125,1.888,0.05,969.12,11.411,0
93.989537,24.822653,784.188,0.762,88.401,172.105,50,0.168,0.094,0.01,640.785,0.096,0
94.363731,25.507921,1461.814,21.172,27.771,345.474,10,0.127,6.872,0.001,783.36,0.684,0
93.73457,24.204102,1417.382,33.734,260.183,630.977,10,0.126,20.931,0.001,702.776,1.849,0
94.058569,24.458836,857.889,21.001,106.953,224.786,10,0.129,10.557,0.001,673.782,0.918,0
94.119417,25.080344,816.987,0.438,120.601,106.421,40,0.124,0.046,0.15,705.716,0.6,0
93.171332,24.108649,1321.328,27.035,105.629,593.995,10,0.126,14.378,0.001,997.705,1.802,0
94.379113,25.149822,1533.698,14.82,310.524,794.19,50,0.129,5.79,0.01,778.525,5.807,0
93.947455,24.788645,780.728,0.543,38.856,397.095,50,0.0,0.06,0.01,651.66,0.004,0
94.358696,25.096554,1823.57,19.659,259.373,637.159,50,0.147,15.842,0.01,824.254,17.89,0
93.884442,24.818527,782.646,7.986,258.435,147.579,30,0.128,3.778,0.05,698.721,16.837,0
93.491404,24.648271,620.633,26.292,308.091,166.967,10,0.127,18.347,0.001,1057.721,2.472,0
93.817623,24.674377,769.34,0.574,117.956,65.999,40,0.136,0.065,0.15,697.887,0.591,0
93.955985,24.69852,773.926,1.367,150.033,186.675,40,0.126,0.312,0.15,642.139,3.786,0
93.959583,24.729935,778.05,0.148,181.909,214.879,10,0.124,0.011,0.001,651.413,0.001,0
94.083042,24.134835,1069.764,23.87,87.326,29.516,10,0.127,13.87,0.001,1097.391,1.937,0
94.253177,24.327686,782.938,29.583,71.157,602.007,10,0.128,13.612,0.001,1287.556,2.248,0
94.239564,25.190017,1320.163,12.098,305.456,230.526,10,0.127,3.387,0.001,852.782,0.367,0
93.881446,24.173223,902.859,12.635,257.498,250.45,10,0.126,9.052,0.001,641.758,0.736,0
94.313813,24.310656,217.676,4.968,214.418,29.516,10,0.128,1.417,0.001,1103.935,0.2,0
93.925409,24.608555,771.081,0.159,328.319,438.785,40,0.126,0.031,0.15,639.3,0.539,0
94.145342,24.914142,924.914,21.724,296.574,584.384,30,0.125,14.527,0.05,664.177,60.264,0
94.090115,25.386025,1252.684,19.261,208.765,516.316,50,0.127,8.059,0.01,890.26,9.116,0
93.975359,24.875227,780.292,0.628,214.142,560.801,40,0.125,0.073,0.15,667.772,0.921,0
94.026964,24.567247,776.547,0.34,84.064,106.421,40,0.128,0.057,0.15,595.046,0.654,0
93.539885,24.374735,1508.224,25.111,154.277,851.879,30,0.124,8.474,0.05,961.925,50.823,0
94.189018,24.544241,1365.342,29.781,239.835,622.637,10,0.129,26.288,0.001,908.428,3.077,0
94.013771,24.614397,777.786,0.753,40.501,147.579,50,0.122,0.093,0.01,592.517,0.067,0
94.028802,24.860948,790.211,6.797,317.752,88.548,30,0.123,1.611,0.05,634.162,6.28,0
93.738384,24.602586,831.028,1.524,53.505,131.999,10,0.124,0.359,0.001,693.781,0.031,0
94.237088,24.867256,1194.794,29.273,20.595,359.076,10,0.128,25.759,0.001,789.049,2.6,0
93.902255,24.193123,811.441,12.819,274.206,158.948,40,0.127,9.221,0.15,645.747,113.845,0
94.165857,24.724614,1432.147,31.748,117.468,684.615,30,0.127,17.392,0.05,760.937,83.785,0
93.878184,24.819257,781.203,0.265,219.328,397.095,10,0.127,0.06,0.01,703.996,0.054,0
93.708163,24.625977,1457.554,27.347,179.449,236.127,10,0.124,16.356,0.001,723.848,1.474,0
94.275504,25.292239,1722.76,12.655,255.076,295.158,10,0.125,5.568,0.001,899.823,0.624,0
93.301697,24.231323,892.712,40.066,1.106,425.684,10,0.131,19.218,0.001,1041.389,2.628,0
93.852667,24.472346,768.378,0.088,249.519,59.032,30,0.126,0.014,0.05,685.678,0.062,0
94.552888,24.930289,1426.695,41.921,72.582,673.065,10,0.127,36.815,0.001,940.99,4.413,0
94.506896,24.658846,858.987,23.007,359.852,551.401,10,0.127,14.495,0.001,1136.342,2.1,0
93.823363,24.749952,773.464,0.479,16.393,355.418,40,0.127,0.098,0.15,742.892,1.383,0
93.978855,24.880628,781.617,0.509,0.761,522.189,40,0.128,0.114,0.01,668.617,0.107,0
93.184863,24.298287,772.008,27.501,322.862,59.032,10,0.127,14.676,0.001,1177.357,2.198,0
93.760801,24.627948,806.363,0.787,154.001,446.656,50,0.0,0.248,0.01,669.559,0.0,0
93.93501,25.405084,1352.336,23.12,72.456,214.879,10,0.125,19.242,0.001,1021.81,2.455,0
93.51331,24.967842,1441.682,22.295,103.449,422.603,10,0.119,12.754,0.001,1135.538,1.725,0
93.937858,24.839241,783.293,1.817,71.343,356.641,10,0.129,0.735,0.001,673.756,0.064,0
93.986527,25.035515,971.683,26.854,200.478,582.143,10,0.125,23.238,0.001,753.586,2.199,0
94.291756,24.25542,290.617,7.601,54.438,188.994,10,0.127,1.862,0.001,1127.617,0.267,0
93.885361,25.381685,2528.248,22.419,275.178,689.054,10,0.125,18.648,0.001,1021.81,2.373,0
94.127273,24.91091,815.664,4.981,276.271,147.579,10,0.126,1.671,0.001,659.422,0.139,0
94.48533,25.316079,1536.008,23.551,77.975,106.421,30,0.127,16.046,0.05,857.47,87.566,0
94.206,24.946616,953.864,12.68,229.994,214.879,30,0.126,4.746,0.05,693.215,20.708,0
93.829131,24.180381,758.576,1.066,304.591,65.999,40,0.128,0.192,0.15,660.783,2.442,0
93.89371,24.871275,789.741,3.687,83.278,106.421,40,0.127,0.962,0.15,698.068,12.823,0
93.635272,24.714185,1231.89,9.965,281.781,845.205,10,0.125,6.359,0.001,1038.101,0.825,0
93.904412,24.509699,769.394,0.396,120.928,188.994,40,0.124,0.053,0.15,652.76,0.64,0
94.112595,24.564782,854.254,5.647,343.724,65.999,40,0.126,3.205,0.15,794.036,48.252,0
93.625876,24.402912,1289.981,29.378,129.149,212.842,10,0.128,15.878,0.001,797.974,1.609,0
93.660336,24.78895,441.536,30.556,110.765,65.999,50,0.125,27.096,0.05,1018.967,172.191,0
94.619151,24.949215,1346.703,22.788,72.081,973.576,10,0.131,7.525,0.001,1215.16,1.197,0
93.881541,24.618413,772.224,1.247,98.524,655.358,50,0.146,0.448,0.01,676.883,0.427,0
94.337177,24.941441,1527.861,22.404,221.731,588.099,10,0.127,11.436,0.001,810.193,1.173,0
94.127212,24.777706,825.01,4.331,160.623,344.211,40,0.128,1.564,0.15,730.587,21.861,0
94.366755,25.174594,1637.785,27.745,319.299,243.394,10,0.125,14.833,0.001,796.124,1.473,0
93.713966,24.792865,1233.161,31.244,275.642,237.964,10,0.123,20.941,0.001,896.232,2.301,0
94.361193,25.079203,1751.921,14.785,104.659,484.096,30,0.125,4.375,0.05,843.938,23.112,0
93.79118,25.118747,759.994,11.411,248.269,0.0,10,0.122,7.945,0.001,985.799,0.965,0
93.84876,24.750822,772.555,1.49,81.228,324.674,40,0.127,0.568,0.15,734.759,7.952,0
93.827616,25.543699,1126.592,11.308,357.221,263.998,10,0.125,3.106,0.001,1021.81,0.395,0
93.810121,24.688597,772.247,1.322,46.43,522.189,50,0.182,0.366,0.01,713.633,0.419,0
94.007005,24.817146,778.954,1.66,325.41,230.526,40,0.127,0.259,0.15,638.728,3.152,0
94.142293,24.90764,999.973,21.311,122.486,797.474,30,0.125,12.061,0.05,669.148,50.272,0
93.846971,24.713037,774.143,1.795,239.322,369.832,50,0.123,0.286,0.01,731.544,0.258,0
93.487306,25.08547,520.626,31.855,290.023,236.127,10,0.127,19.59,0.001,1155.482,2.87,0
94.428067,24.601684,650.877,4.435,322.088,740.254,10,0.13,0.926,0.001,1227.767,0.148,0
93.342628,24.833554,1030.116,11.078,86.505,383.706,10,0.128,3.025,0.001,1437.931,0.558,0
93.936706,24.722299,776.463,1.071,125.02,388.22,10,0.123,0.37,0.01,666.824,0.525,0
94.150657,24.460743,954.487,39.514,338.959,59.032,10,0.129,24.98,0.001,934.837,3.016,0
94.393735,24.628531,823.44,21.998,239.823,395.997,10,0.128,11.181,0.001,1182.771,1.695,0
93.788717,25.339604,1124.962,9.375,77.986,83.483,40,0.127,6.171,0.05,948.531,37.242,0
94.101817,25.235056,1045.494,24.855,205.861,230.526,10,0.126,11.044,0.001,880.837,1.221,0
94.296965,24.238054,195.785,13.374,157.448,313.758,10,0.127,9.734,0.001,1097.961,1.353,0
93.698493,24.39724,833.413,6.361,91.293,236.127,40,0.127,3.22,0.15,715.659,43.624,0
94.207414,24.740354,1319.261,25.76,293.283,29.516,10,0.123,16.639,0.001,802.92,1.636,0
93.996403,24.58335,775.323,2.397,125.579,237.964,10,0.125,0.417,0.001,599.638,0.031,0
94.534019,25.380495,1510.315,14.827,92.654,1148.087,10,0.13,6.813,0.001,857.47,0.76,0
93.332306,24.357839,264.834,2.433,247.753,166.967,10,0.131,0.425,0.001,1146.728,0.064,0
93.872372,25.39688,2015.446,16.239,320.938,214.879,10,0.126,7.647,0.001,1021.81,0.984,0
94.202197,24.694995,1517.774,30.447,330.633,573.094,30,0.126,20.316,0.05,821.95,105.362,0
94.520772,24.703834,531.311,18.713,146.099,659.994,10,0.128,7.773,0.01,1135.371,11.322,0
94.129988,24.903051,881.59,6.075,118.199,250.45,30,0.127,1.838,0.05,661.562,7.677,0
93.192425,24.061195,605.358,13.722,286.846,29.516,10,0.133,10.059,0.001,947.53,1.265,0
93.855331,24.705059,769.5,0.0,270.0,106.421,80,0.223,0.0,0.0,728.315,0.0,0
94.421543,24.62786,806.458,26.094,15.957,769.679,10,0.127,13.777,0.001,1185.692,2.074,0
94.029895,24.903334,790.066,1.395,106.554,0.0,40,0.126,0.521,0.15,640.521,6.35,0
93.922287,24.478961,769.286,0.531,87.693,243.394,40,0.123,0.059,0.15,639.563,0.694,0
94.193048,24.547658,1373.484,21.057,356.021,659.994,10,0.128,17.256,0.001,910.644,2.02,0
94.00272,24.822803,779.721,5.274,143.315,459.159,40,0.128,2.208,0.15,639.068,27.163,0
93.71818,24.505092,914.084,18.321,23.997,253.905,30,0.128,11.747,0.001,721.312,1.079,0
93.414911,24.855319,375.222,30.273,339.236,172.105,10,0.127,16.45,0.001,1355.696,2.827,0
93.98891,24.641271,779.308,0.351,200.35,272.123,50,0.0,0.087,0.01,606.497,0.0,0
93.64529,24.350111,1295.548,38.548,176.16,65.999,10,0.128,21.67,0.001,727.008,2.011,0
94.026066,24.5215,772.682,1.384,339.974,480.483,40,0.126,0.204,0.15,604.975,2.345,0
93.843985,25.517926,1552.786,23.119,171.291,538.614,10,0.127,11.887,0.001,1021.81,1.541,0
93.372444,25.148789,1109.973,27.956,62.906,659.994,10,0.122,12.727,0.001,1174.705,1.821,0
94.119879,23.856222,477.575,24.775,284.411,383.706,10,0.13,8.336,0.001,1425.716,1.55,0
93.903671,24.676498,777.325,1.098,348.106,88.548,50,0.125,0.151,0.01,675.93,0.13,0
93.624477,24.518703,742.353,26.219,191.549,106.421,10,0.128,16.999,0.001,963.442,2.084,0
94.320538,25.268005,1225.068,14.14,272.653,410.047,10,0.128,4.133,0.001,845.873,0.448,0
93.637185,24.89307,442.483,17.59,37.28,29.516,10,0.125,7.192,0.001,951.163,0.858,0
93.87345,24.758192,773.904,0.589,119.628,59.032,40,0.124,0.067,0.15,719.539,0.899,0
93.830021,24.053165,979.07,25.521,238.074,166.967,10,0.132,11.404,0.001,752.17,1.129,0
93.963485,24.765544,777.589,2.481,208.763,733.158,40,0.125,0.676,0.15,648.404,8.254,0
94.481446,25.406739,1190.755,21.649,265.986,65.999,10,0.129,17.859,0.001,857.47,1.979,0
93.721642,24.432098,789.967,0.742,119.257,83.483,40,0.125,0.186,0.15,714.804,2.493,0
93.74664,24.641247,894.748,3.54,118.629,29.516,10,0.125,1.748,0.05,693.609,7.56,0
93.984005,24.898119,780.241,0.6,85.803,177.095,40,0.127,0.173,0.15,675.976,2.239,0
94.128465,25.33251,1195.135,10.048,290.74,365.091,30,0.126,2.669,0.001,890.26,0.301,0
94.145883,25.472782,1498.6,12.711,201.379,272.123,10,0.128,7.388,0.001,890.26,0.841,0
94.35929,25.082935,1846.667,3.932,101.627,794.738,30,0.138,0.793,0.05,842.069,4.338,0
93.985806,24.931306,791.069,4.119,122.286,345.474,40,0.128,0.842,0.15,680.776,10.947,0
94.283135,24.806242,585.103,27.465,1.746,29.516,10,0.127,22.74,0.001,909.158,2.625,0
93.721351,24.505384,885.141,23.021,70.18,59.032,30,0.127,7.62,0.001,718.583,0.698,0
94.595312,25.162827,2524.143,37.63,349.494,655.358,10,0.123,21.102,0.001,1098.124,2.853,0
93.666731,24.56147,922.104,27.792,105.408,532.104,30,0.125,19.612,0.05,807.194,99.168,0
94.034262,24.838032,786.489,9.331,335.951,491.242,30,0.128,3.765,0.15,634.379,45.8,0
94.214821,25.181971,1131.442,21.234,148.886,290.697,30,0.129,9.1,0.05,852.788,49.61,0
94.092835,24.570467,803.573,1.571,200.131,93.337,40,0.128,0.317,0.15,731.013,4.444,0
94.123263,24.759736,826.925,7.64,57.791,118.063,50,0.128,1.874,0.01,722.823,1.726,0
94.190851,24.483545,1301.432,23.779,43.263,573.094,10,0.127,20.047,0.001,971.2,2.461,0
93.929955,24.832181,775.663,0.085,264.0,65.999,40,0.13,0.014,0.15,674.711,0.179,0
93.953315,24.840853,780.117,0.093,201.389,250.45,40,0.0,0.015,0.15,663.156,0.019,0
93.991069,24.692516,779.654,10.177,228.767,446.656,40,0.126,4.723,0.15,626.514,56.078,0
93.109538,24.626519,28.657,0.973,342.848,150.502,40,0.127,0.327,0.15,1443.234,8.953,0
93.967859,24.782049,776.633,0.089,343.922,88.548,40,0.124,0.008,0.15,646.523,0.092,0
94.164079,24.933838,900.931,11.374,53.064,214.879,30,0.124,3.129,0.05,660.179,12.777,0
93.978348,24.876532,783.703,0.301,175.787,684.615,50,0.13,0.028,0.01,666.172,0.024,0
93.686058,25.254063,1111.868,12.698,299.955,625.43,10,0.123,7.848,0.001,770.079,0.74,0
93.247092,24.802039,200.582,16.074,262.498,93.337,10,0.126,4.864,0.001,1457.864,0.897,0
93.97499,24.499092,778.85,0.387,236.463,252.183,40,0.126,0.039,0.01,608.829,0.03,0
93.865018,24.418724,796.124,13.619,60.636,769.679,10,0.128,9.962,0.001,667.77,0.852,0
94.316027,24.278727,328.117,28.249,56.963,83.483,10,0.127,12.886,0.001,1051.069,1.728,0
94.126196,25.061579,821.655,8.08,200.147,29.516,10,0.124,2.659,0.001,695.671,0.23,0
93.421484,24.936921,452.146,11.758,220.23,303.884,10,0.127,3.265,0.001,1297.81,0.538,0
94.298516,24.975661,1033.564,17.131,39.929,438.785,10,0.131,6.956,0.001,780.555,0.708,0
93.78471,25.29019,1498.476,11.675,312.477,265.643,10,0.125,6.626,0.001,1016.201,0.845,0
93.97029,24.774781,777.354,0.887,337.734,206.611,50,0.125,0.114,0.01,646.771,0.094,0
93.752889,24.421971,780.356,0.722,22.621,265.643,40,0.126,0.221,0.15,693.948,2.894,0
94.351373,25.09592,1588.518,23.464,243.042,29.516,10,0.126,10.293,0.001,816.961,1.064,0
94.260119,24.270163,429.267,19.368,119.761,253.905,10,0.129,15.549,0.001,1247.457,2.498,0
94.107366,24.275938,1223.984,23.569,98.102,186.675,10,0.126,14.931,0.001,984.465,1.852,0
94.056696,25.535408,2622.556,18.946,138.718,236.127,10,0.122,5.983,0.001,1021.81,0.747,0
93.631737,24.781584,1234.219,15.244,144.528,630.977,10,0.124,7.919,0.001,1091.318,1.075,0
94.398187,24.914126,1041.653,32.739,299.345,602.007,10,0.13,11.614,0.001,945.882,1.428,0
93.279613,24.938574,379.355,24.962,212.155,710.836,10,0.126,16.016,0.001,1309.493,2.639,0
93.255347,24.221843,995.442,35.133,108.81,383.706,30,0.127,16.614,0.05,1037.011,109.108,0
93.888215,24.821635,776.537,0.603,191.993,336.532,40,0.127,0.175,0.15,698.081,2.327,0
94.501788,25.314075,1478.784,26.009,63.432,709.609,30,0.127,22.358,0.001,857.47,2.44,0
94.172402,24.933518,939.762,23.486,261.613,355.418,30,0.125,19.745,0.05,670.397,82.711,0
93.305394,24.748964,487.582,11.418,202.517,544.245,10,0.127,4.149,0.001,1569.727,0.828,0
93.793242,24.731246,795.663,0.927,90.771,324.674,40,0.124,0.16,0.15,757.809,2.258,0
93.982687,25.51972,1517.882,29.43,242.918,252.183,10,0.123,10.253,0.001,1021.81,1.287,0
93.809825,24.910394,1107.967,11.082,256.708,442.738,40,0.127,3.994,0.15,771.664,58.498,0
94.112108,24.023108,781.223,29.889,206.839,567.749,10,0.129,21.383,0.001,1564.364,4.316,0
93.99484,24.573205,772.776,0.714,336.947,83.483,40,0.127,0.218,0.15,600.251,2.49,0
93.956979,24.779383,779.608,1.006,58.442,265.643,50,0.152,0.135,0.01,648.141,0.124,0
93.31736,24.643796,853.054,32.231,103.914,791.993,10,0.127,28.837,0.001,1361.186,4.988,0
93.735223,24.322334,828.4,5.243,239.792,442.738,40,0.125,1.151,0.15,686.35,14.868,0
94.457406,25.235235,1503.673,19.948,129.262,395.997,10,0.128,16.133,0.001,826.493,1.699,0
93.524662,24.979714,1187.34,9.52,249.414,197.998,10,0.12,2.489,0.001,1153.589,0.345,0
93.92417,24.668235,776.052,1.584,15.212,265.643,10,0.128,0.243,0.001,655.124,0.02,0
94.617063,25.168649,2195.152,28.147,274.378,29.516,10,0.127,24.585,0.001,1165.604,3.648,0
94.296759,25.174873,1581.245,21.648,101.105,230.526,10,0.125,7.064,0.001,836.961,0.739,0
93.831733,24.321568,864.75,20.451,0.297,265.643,40,0.128,16.641,0.15,647.014,206.096,0
94.232653,24.066208,225.445,20.873,158.624,443.72,10,0.13,6.751,0.001,1309.621,1.149,0
93.772573,25.507025,856.422,9.087,170.02,263.998,10,0.126,5.928,0.001,905.89,0.675,0
94.341289,24.831034,1440.575,29.391,258.558,767.412,10,0.127,17.824,0.001,988.537,2.241,0
94.011613,24.618136,773.533,0.164,73.259,501.769,40,0.123,0.022,0.15,593.377,0.254,0
94.007092,25.095249,835.178,19.957,118.625,29.516,30,0.127,9.908,0.05,759.977,47.9,0
93.894743,24.297718,802.964,1.695,273.75,237.964,40,0.127,0.35,0.15,634.723,4.228,0
93.947752,25.172134,1612.165,11.802,133.421,236.127,30,0.126,7.538,0.05,936.579,44.414,0
93.78832,24.209138,949.745,25.876,130.902,326.013,30,0.13,8.789,0.001,718.046,0.818,0
93.831972,25.520544,1283.638,25.506,251.93,295.158,30,0.127,21.835,0.001,1021.81,2.842,0
94.016541,24.674488,804.691,7.516,341.648,422.603,30,0.129,4.639,0.05,608.914,18.139,0
93.410931,24.749307,775.178,29.218,32.08,345.474,10,0.127,13.414,0.001,1391.325,2.363,0
93.451546,24.778808,539.402,23.886,69.219,313.758,10,0.128,13.882,0.001,1364.023,2.415,0
93.945257,24.788692,780.375,0.461,217.403,567.749,50,0.0,0.065,0.01,653.608,0.0,0
93.94477,24.708498,777.742,3.238,214.981,125.225,50,0.137,1.072,0.01,653.299,0.922,0
93.936093,25.101686,1034.76,5.655,111.004,237.964,40,0.127,3.21,0.15,864.588,52.944,0
93.899942,24.581621,769.0,0.0,270.0,188.994,40,0.0,0.0,0.15,659.093,0.0,0
93.513378,24.355909,878.451,15.985,19.834,93.337,10,0.13,12.212,0.001,977.033,1.557,0
94.249079,24.88414,862.406,15.099,211.745,88.548,30,0.129,11.36,0.05,780.505,57.081,0
93.949148,24.674555,772.537,0.462,270.138,442.738,40,0.122,0.076,0.15,636.481,0.89,0
93.641386,24.33507,1214.619,31.913,65.104,166.967,10,0.127,11.275,0.001,709.533,1.022,0
93.876707,24.710465,772.088,1.921,325.819,212.842,10,0.125,0.485,0.001,718.147,0.043,0
93.916402,24.487818,769.668,0.173,7.059,253.905,40,0.123,0.014,0.15,643.823,0.162,0
93.876849,24.502404,769.685,3.408,303.917,329.997,10,0.191,1.664,0.0,674.121,0.0,0
93.492228,24.13547,962.935,28.697,239.774,263.998,10,0.127,25.159,0.001,750.014,2.401,0
93.707804,24.400563,784.632,5.476,104.372,29.516,40,0.128,1.89,0.15,709.504,25.682,0
93.777594,24.321244,820.599,14.301,184.359,29.516,10,0.126,7.301,0.01,680.952,6.228,0
94.01166,24.669582,928.278,24.119,173.72,737.896,10,0.128,14.047,0.001,608.775,1.097,0
93.397986,24.93511,183.812,1.447,297.742,83.483,10,0.126,0.216,0.001,1303.814,0.035,0
93.871761,24.37241,767.244,1.605,68.473,290.697,40,0.126,0.326,0.15,645.177,3.973,0
94.205176,24.684244,1500.606,27.87,150.82,451.506,10,0.127,9.61,0.001,829.712,1.014,0
94.602092,25.174644,2529.396,19.874,139.493,355.418,10,0.124,11.059,0.001,1122.089,1.537,0
93.95978,24.694222,775.512,1.777,250.23,158.948,40,0.126,0.283,0.15,639.055,3.509,0
94.033339,25.338394,1294.46,21.998,91.848,446.656,10,0.128,11.181,0.001,881.96,1.273,0
93.946039,24.489006,770.221,0.258,274.201,214.879,40,0.125,0.03,0.15,622.209,0.353,0
94.640068,25.042193,1113.841,19.768,222.214,206.611,10,0.129,15.952,0.001,1174.039,2.42,0
94.187174,23.937013,200.01,2.349,208.798,121.697,50,0.125,0.536,0.01,1343.217,0.899,0
93.906888,24.197541,918.311,15.241,243.51,560.024,10,0.127,4.547,0.001,649.475,0.374,0
93.406731,24.425407,604.077,12.781,62.216,336.532,10,0.132,3.633,0.001,1054.022,0.508,0
94.041478,24.562471,779.857,0.479,206.042,59.032,40,0.128,0.08,0.15,597.754,0.912,0
94.058192,24.69871,792.585,13.065,58.786,313.758,30,0.129,8.999,0.05,629.153,36.364,0
93.956911,24.662586,780.814,9.049,343.024,451.506,10,0.127,3.077,0.001,628.106,0.246,0
94.08646,24.219176,1594.186,18.323,165.173,581.395,10,0.128,9.989,0.001,988.599,1.257,0
93.592007,24.382326,931.135,24.942,244.179,272.123,10,0.13,14.634,0.001,854.515,1.621,0
94.157934,24.641552,1473.689,27.569,271.094,747.281,10,0.128,22.843,0.001,827.595,2.411,0
94.089206,25.476636,1648.732,15.043,148.095,106.421,10,0.124,4.472,0.001,890.26,0.493,0
93.814415,24.583076,767.0,0.0,270.0,446.656,80,0.0,0.0,0.0,683.443,0.0,0
93.50813,24.436387,951.526,35.086,69.445,278.452,10,0.129,31.579,0.001,1076.81,4.402,0
94.047019,25.030664,853.395,4.127,208.301,59.032,40,0.126,2.134,0.15,659.169,26.515,0
93.482477,24.57966,859.137,20.438,346.438,435.796,10,0.127,6.577,0.001,1022.697,0.858,0
94.508488,25.466711,1147.882,21.704,335.77,686.521,10,0.129,7.086,0.001,857.47,0.78,0
93.691567,24.315299,828.28,13.731,131.972,106.421,40,0.127,5.254,0.15,681.96,68.251,0
94.172045,24.569209,1373.023,30.792,338.877,413.222,10,0.127,10.814,0.001,874.297,1.197,0
93.956159,24.662131,783.949,17.246,298.295,384.84,50,0.128,5.316,0.01,628.128,4.281,0
94.041903,25.014679,809.519,14.002,75.574,29.516,40,0.124,5.386,0.15,650.346,65.038,0
93.526066,23.971439,959.452,12.763,58.609,360.287,10,0.129,3.627,0.001,804.554,0.376,0
93.349858,25.07291,830.738,16.928,166.388,725.994,10,0.124,5.193,0.001,1218.301,0.783,0
93.371277,25.02105,288.757,1.999,197.058,313.758,10,0.127,0.329,0.001,1248.501,0.052,0
94.052751,24.872588,789.021,1.579,58.557,504.367,50,0.127,0.242,0.01,636.208,0.196,0
93.209062,24.203247,1060.394,27.437,317.914,329.997,10,0.125,9.431,0.001,1048.151,1.238,0
93.6911,24.900149,1094.266,14.386,318.781,488.574,10,0.124,8.652,0.001,864.907,0.926,0
93.814605,24.925087,1079.431,10.673,65.11,295.158,10,0.126,7.291,0.001,785.24,0.722,0
93.201035,24.226879,622.343,29.253,45.202,186.675,10,0.126,15.798,0.001,1141.429,2.318,0
94.12459,24.608491,1108.262,24.158,68.097,329.997,10,0.129,8.084,0.001,810.019,0.847,0
94.032756,24.826652,797.716,19.828,34.691,369.832,30,0.128,11.027,0.001,635.037,0.897,0
93.956816,24.794438,780.752,0.424,57.1,329.997,50,0.0,0.044,0.01,646.959,0.0,0
94.097517,24.646,810.743,0.573,261.161,355.418,40,0.127,0.101,0.15,716.58,1.376,0
94.135933,25.400171,1111.831,5.949,66.668,59.032,40,0.124,3.428,0.15,890.26,56.809,0
94.09147,24.457622,843.945,23.606,6.717,88.548,10,0.129,13.682,0.05,781.628,68.891,0
94.394476,25.518499,1615.579,32.49,249.084,458.209,10,0.127,11.512,0.001,783.36,1.147,0
93.962692,24.768124,777.948,2.1,121.604,459.159,10,0.125,0.351,0.001,648.3,0.028,0
94.056935,24.638049,778.825,0.204,201.791,313.758,40,0.127,0.017,0.15,618.032,0.2,0
93.484257,24.322372,727.211,12.409,121.838,329.997,10,0.134,6.091,0.001,945.881,0.772,0
94.506992,25.307885,1415.853,10.649,102.585,754.244,10,0.133,2.876,0.001,857.47,0.327,0
93.472809,24.571635,764.548,28.721,149.869,443.72,10,0.127,25.183,0.001,1023.21,3.285,0
93.85099,24.342604,767.02,0.402,238.153,41.742,40,0.127,0.041,0.01,646.141,0.034,0
93.851663,24.522289,767.0,0.0,270.0,208.709,80,0.0,0.0,0.0,688.641,0.0,0
94.051219,25.184453,1490.388,18.706,208.553,630.977,30,0.125,9.138,0.05,864.042,49.216,0
94.200486,24.542418,1370.973,32.951,182.572,313.758,10,0.128,23.96,0.001,927.045,2.842,0
93.558283,24.203098,628.726,4.237,108.776,29.516,10,0.132,0.873,0.001,716.822,0.083,0
93.8842,24.255087,773.034,0.174,39.476,336.532,50,0.128,0.03,0.01,633.644,0.024,0
93.511132,24.478525,1277.061,17.955,97.016,488.574,10,0.13,7.38,0.001,1075.613,1.025,0
94.22762,24.721472,1613.67,29.467,46.898,655.358,10,0.127,13.549,0.001,833.67,1.432,0
94.095403,24.895681,800.284,0.685,175.511,265.643,40,0.126,0.082,0.15,649.95,1.008,0
94.160167,24.364596,1279.891,35.461,292.287,272.123,10,0.128,32.17,0.001,1094.718,4.504,0
93.791515,25.076115,838.763,18.787,140.346,65.999,10,0.125,14.257,0.001,987.728,1.763,0
93.910759,25.242457,1409.884,13.823,308.824,278.452,10,0.126,4.016,0.001,1068.274,0.542,0
94.047453,24.614577,780.91,1.258,265.047,461.996,50,0.128,0.28,0.01,602.111,0.214,0
93.784468,24.924494,1847.174,25.958,72.852,708.995,10,0.124,8.822,0.001,841.076,0.92,0
93.944821,24.825874,786.015,0.855,286.068,303.884,50,0.0,0.109,0.01,659.595,0.0,0
93.917609,24.573091,773.787,0.846,58.444,542.642,50,0.127,0.108,0.01,643.576,0.093,0
93.933965,24.459756,768.733,0.113,343.762,295.158,40,0.125,0.019,0.15,630.834,0.223,0
93.913873,24.731294,801.271,29.593,297.758,308.154,10,0.125,16.016,0.001,688.174,1.393,0
93.708938,24.179859,1218.906,23.749,102.94,527.995,10,0.131,10.446,0.001,710.734,0.974,0
94.219935,24.741076,1684.219,20.79,132.288,740.254,10,0.127,16.875,0.001,815.567,1.747,0
93.857115,24.172193,821.858,14.116,210.977,329.997,10,0.127,4.125,0.001,626.879,0.328,0
93.885471,25.509309,1735.37,11.579,248.353,296.631,10,0.124,3.202,0.001,1021.81,0.405,0
94.518208,25.104534,1761.373,22.922,238.068,466.686,10,0.128,19.164,0.001,936.015,2.294,0
93.283266,24.207909,1151.311,32.762,116.772,585.873,10,0.127,25.315,0.001,1008.157,3.239,0
93.985533,24.710699,932.598,15.065,53.313,689.054,10,0.128,4.48,0.001,635.544,0.364,0
93.514129,24.50914,977.652,14.517,81.3,593.995,10,0.128,8.137,0.001,1060.557,1.11,0
94.379485,24.910806,723.586,21.224,111.176,147.579,10,0.127,17.426,0.001,909.299,2.008,0
93.954168,24.873807,784.536,8.868,257.12,419.499,40,0.126,5.744,0.15,684.933,74.624,0
93.621154,25.210132,520.383,27.642,321.119,531.285,10,0.128,14.767,0.001,762.488,1.447,0
94.106779,25.413845,1324.463,23.867,203.64,147.579,30,0.128,20.137,0.05,890.26,124.779,0
94.070193,25.169464,960.45,20.658,274.587,147.579,10,0.126,16.051,0.001,849.413,1.711,0
93.083388,24.362942,344.216,26.808,153.844,29.516,10,0.132,14.234,0.001,1263.453,2.355,0
94.005619,25.353782,1356.541,11.448,129.506,166.967,10,0.128,7.978,0.001,881.96,0.903,0
93.794832,24.137765,1060.086,17.254,55.538,329.997,10,0.128,7.019,0.001,752.26,0.674,0
93.709248,24.428197,817.105,1.2,97.173,158.948,40,0.125,0.17,0.15,722.989,2.297,0
94.419805,24.644605,776.063,28.71,71.673,531.285,10,0.128,9.956,0.001,1171.796,1.497,0
93.505082,24.528637,815.628,16.353,307.266,0.0,10,0.129,12.569,0.001,1052.627,1.698,0
93.400538,24.705537,943.696,8.542,260.712,831.174,10,0.128,2.165,0.001,1369.112,0.379,0
93.966619,25.293505,1983.982,21.347,164.299,303.884,10,0.123,13.215,0.001,964.052,1.571,0
93.527198,24.485078,1072.585,16.231,62.39,674.358,10,0.126,4.924,0.001,1071.553,0.666,0
93.921427,24.882012,790.858,1.023,309.559,397.095,50,0.143,0.138,0.01,704.867,0.136,0
93.692821,24.31931,829.983,4.853,304.893,166.967,10,0.128,1.041,0.001,684.468,0.091,0
93.828952,24.827187,786.067,0.554,274.43,65.999,40,0.127,0.062,0.15,736.721,0.874,0
94.2248,24.934839,1295.179,30.25,210.707,272.123,10,0.125,13.975,0.001,732.43,1.28,0
94.188925,24.916531,1237.175,25.048,47.79,551.401,30,0.124,11.148,0.05,712.777,49.88,0
94.122825,24.689672,806.343,1.933,328.571,106.421,50,0.0,0.797,0.001,738.458,0.034,0
93.984627,24.792788,781.115,1.638,86.618,166.967,40,0.125,0.394,0.15,643.435,4.774,0
93.938958,24.811946,778.02,0.853,111.489,29.516,30,0.129,0.109,0.0,655.316,0.0,0
93.669199,25.149006,958.573,22.843,296.382,236.127,10,0.126,7.547,0.001,963.865,0.915,0
93.953559,24.879502,983.377,8.023,300.602,845.72,10,0.127,1.997,0.001,689.205,0.175,0
93.694856,24.550309,927.477,36.64,9.58,65.999,10,0.127,13.2,0.001,741.122,1.237,0
93.785066,24.760303,824.145,5.1,96.838,197.998,10,0.126,1.466,0.01,767.104,1.415,0
93.534547,24.347952,1147.209,32.866,192.997,106.421,10,0.128,20.312,0.001,908.814,2.357,0
94.350603,25.07111,1806.599,17.613,285.947,718.151,10,0.128,5.459,0.001,831.88,0.58,0
93.979326,24.744355,781.55,1.34,256.607,125.225,10,0.0,0.196,0.001,646.267,0.011,0
93.445737,25.224249,826.337,29.056,259.173,324.674,10,0.123,17.583,0.001,1015.303,2.188,0
93.577207,24.461724,826.213,29.905,358.996,296.631,10,0.125,16.215,0.001,1084.453,2.21,0
94.584287,25.405461,1630.21,18.63,252.397,834.834,30,0.13,14.811,0.05,1057.66,101.258,0
93.502817,24.502501,525.544,14.688,259.705,41.742,10,0.128,4.338,0.001,1065.435,0.593,0
93.736045,24.786571,1084.148,17.021,14.635,29.516,10,0.125,10.707,0.001,851.505,1.139,0
94.028435,25.048636,806.942,0.4,268.705,106.421,30,0.124,0.041,0.05,687.237,0.174,0
93.196255,24.593909,94.46,13.889,112.711,29.516,10,0.133,8.273,0.001,1527.733,1.687,0
93.956738,24.18921,853.074,35.198,11.446,41.742,10,0.131,30.386,0.001,702.896,2.804,0
94.218718,24.314113,544.636,21.021,21.721,417.417,10,0.128,6.811,0.001,1322.479,1.156,0
93.532071,24.980607,1198.444,46.331,148.134,678.864,10,0.12,42.855,0.001,1155.194,5.927,0
93.694803,24.334916,837.273,1.71,53.093,106.421,50,0.0,0.417,0.01,694.341,0.0,0
93.570976,23.98894,898.603,22.354,39.173,278.452,10,0.129,9.697,0.001,819.53,1.021,0
93.151124,24.74424,82.126,23.067,98.063,230.526,10,0.126,10.079,0.001,1489.968,1.895,0
93.702783,24.444124,900.311,9.29,75.915,177.095,10,0.123,3.743,0.001,737.122,0.339,0
94.462744,25.430903,1494.492,21.318,170.284,659.994,10,0.128,15.922,0.001,857.47,1.75,0
94.057759,24.543347,793.932,0.641,314.742,147.579,40,0.128,0.131,0.15,644.364,1.613,0
94.462762,24.873679,1077.475,19.423,45.473,236.127,10,0.128,8.144,0.001,981.798,1.035,0
93.723223,24.725906,1667.15,20.2,258.539,534.555,10,0.124,16.387,0.001,848.511,1.721,0
93.688468,24.596076,863.4,16.319,197.849,355.418,30,0.126,4.958,0.05,745.603,23.049,0
93.941155,24.704183,775.747,0.753,270.847,212.842,40,0.123,0.092,0.15,654.564,1.123,0
94.469922,25.281506,1759.791,13.101,228.326,826.97,10,0.126,3.75,0.001,1155.403,0.548,0
94.381487,25.048996,1623.359,12.084,72.359,411.108,10,0.125,3.382,0.001,865.85,0.367,0
93.663809,25.186369,706.968,39.67,188.319,106.421,10,0.125,25.087,0.001,856.828,2.671,0
94.019889,24.818806,796.226,0.475,43.426,83.483,30,0.127,0.051,0.05,636.994,0.207,0
93.665556,24.832195,909.149,11.648,339.514,65.999,10,0.124,8.157,0.001,985.775,0.993,0
94.039686,24.602412,775.865,1.13,345.296,177.095,50,0.126,0.207,0.01,587.677,0.154,0
94.075504,24.809439,816.508,3.704,26.257,59.032,40,0.127,0.733,0.15,674.691,9.436,0
93.846526,24.399412,770.73,1.51,32.467,93.337,50,0.127,0.229,0.15,673.157,2.938,0
93.945832,24.636658,776.525,4.187,40.31,29.516,10,0.123,0.86,0.001,624.697,0.066,0
93.608695,25.070239,1011.097,18.283,302.851,125.225,10,0.125,9.962,0.001,1182.863,1.476,0
93.480952,25.089964,373.516,27.747,178.528,356.641,10,0.127,18.197,0.001,1159.449,2.67,0
93.880405,24.644829,770.178,2.274,206.52,375.675,10,0.127,0.513,0.001,683.34,0.044,0
94.142571,25.029155,856.476,18.627,31.455,296.631,30,0.125,9.089,0.05,685.68,39.064,0
94.051944,25.324855,1125.042,28.963,236.005,313.758,30,0.126,13.275,0.05,963.972,80.99,0
93.610911,24.510514,681.485,35.674,268.737,177.095,10,0.127,22.304,0.001,1005.121,2.853,0
93.902418,25.14691,1994.71,39.93,92.82,65.999,10,0.124,19.147,0.001,944.353,2.241,0
94.296376,24.981563,929.313,5.66,152.374,29.516,10,0.129,1.677,0.001,776.681,0.168,0
94.35076,24.605122,1074.756,8.25,357.661,504.367,10,0.126,2.07,0.001,1145.454,0.301,0
94.019957,25.063639,818.431,21.345,45.239,230.526,10,0.123,9.159,0.05,708.259,39.931,0
93.869374,24.976304,902.95,4.88,215.719,29.516,40,0.125,1.384,0.15,779.032,20.228,0
93.933809,24.739326,777.638,0.433,56.014,208.709,50,0.125,0.092,0.01,668.524,0.077,0
93.868664,24.811613,780.169,0.857,2.964,29.516,40,0.127,0.109,0.15,706.938,1.474,0
93.959524,24.868919,781.604,8.756,211.648,563.899,40,0.125,3.891,0.15,676.952,49.69,0
93.469254,25.052965,245.242,18.86,297.229,197.998,10,0.125,15.041,0.001,1188.907,2.229,0
94.053068,24.814422,806.579,0.991,328.519,106.421,40,0.127,0.132,0.15,647.337,1.637,0
94.581143,25.419896,1387.797,21.973,95.282,59.032,10,0.13,18.19,0.001,1057.66,2.494,0
93.94573,24.649662,774.575,2.498,319.376,106.421,40,0.122,0.58,0.15,629.865,6.7,0
93.368722,24.169356,1140.736,12.627,299.673,292.192,10,0.126,3.577,0.001,847.932,0.384,0
93.576616,24.13477,810.781,26.99,268.44,93.337,10,0.127,12.202,0.001,771.26,1.196,0
93.279013,24.654224,619.574,13.912,43.452,383.706,10,0.13,4.049,0.001,1498.496,0.786,0
93.429102,24.14309,854.296,28.136,52.983,212.842,10,0.129,12.825,0.001,748.129,1.243,0
93.591383,24.149059,1069.162,7.743,139.253,649.349,50,0.129,3.905,0.01,764.808,3.863,0
93.714652,24.345255,859.387,10.476,161.471,475.929,50,0.128,3.715,0.01,700.811,3.342,0
93.208478,24.104218,712.584,44.368,191.101,158.948,10,0.13,30.878,0.001,960.822,3.88,0
93.561146,23.99867,749.028,17.185,291.172,106.421,10,0.134,5.292,0.001,808.03,0.573,0
93.936193,25.475534,901.215,23.188,285.233,560.801,30,0.121,14.636,0.05,1021.81,90.915,0
93.901744,24.686334,772.757,0.72,291.342,177.095,50,0.224,0.087,0.01,682.526,0.111,0
94.565674,25.674965,733.848,27.063,287.924,59.032,10,0.127,23.455,0.001,1057.66,3.141,0
94.083545,24.643563,803.822,0.973,311.411,475.929,40,0.127,0.129,0.15,682.362,1.677,0
93.877962,24.25596,771.479,0.726,89.564,147.579,40,0.128,0.181,0.15,629.81,2.182,0
94.381429,25.194662,1540.153,20.139,199.642,461.052,30,0.127,16.325,0.05,788.573,81.726,0
94.655323,24.924613,399.191,24.823,100.669,88.548,10,0.125,11.026,0.001,1413.898,1.944,0
93.902241,24.608392,773.201,1.08,49.661,83.483,50,0.125,0.148,0.15,658.808,1.822,0
94.299856,24.249498,203.764,5.885,130.65,29.516,50,0.132,3.381,0.001,1089.886,0.48,0
94.038255,24.413015,835.949,12.531,333.737,29.516,40,0.13,6.168,0.15,693.987,83.592,0
93.684682,24.910808,760.151,31.615,330.785,59.032,10,0.125,17.308,0.001,879.164,1.895,0
94.509748,24.7706,1011.406,27.4,99.224,926.816,10,0.127,17.925,0.001,1150.052,2.622,0
94.035046,24.595383,778.864,0.799,192.843,475.929,50,0.0,0.229,0.01,589.141,0.0,0
93.719097,25.263658,815.941,4.613,264.542,438.785,10,0.124,0.975,0.001,863.414,0.104,0
93.687374,24.315385,846.037,8.614,165.953,413.222,40,0.127,2.188,0.15,682.141,28.486,0
93.432954,24.76265,674.023,25.978,231.043,504.367,10,0.129,11.652,0.001,1375.875,2.069,0
93.352883,25.110522,824.248,17.689,192.043,522.189,30,0.124,7.242,0.05,1215.161,54.642,0
94.396338,25.293506,1607.507,19.751,309.687,926.816,10,0.129,8.316,0.001,1220.755,1.316,0
93.098522,24.364101,205.994,24.767,72.13,393.79,10,0.133,8.333,0.001,1266.468,1.407,0
93.842589,24.772925,775.042,0.182,254.708,88.548,40,0.128,0.037,0.15,729.918,0.516,0
94.064114,25.434372,1424.799,18.653,196.721,263.998,30,0.123,14.834,0.01,881.96,16.097,0
93.87654,24.426828,766.547,0.194,305.817,397.095,40,0.0,0.016,0.15,662.575,0.067,0
94.090604,23.933794,978.035,20.835,205.753,502.637,10,0.127,8.888,0.001,1482.569,1.67,0
93.564712,23.990101,760.847,11.542,35.321,324.674,10,0.129,7.326,0.001,815.423,0.772,0
93.694521,24.627692,1352.277,14.141,285.923,585.873,60,0.127,4.134,0.05,737.909,19.247,0
93.70991,24.334106,812.758,0.771,42.774,397.095,40,0.127,0.148,0.15,693.793,1.973,0
94.137907,25.192507,1367.642,18.824,173.977,303.884,10,0.125,7.831,0.001,857.75,0.837,0
93.892729,25.169979,1945.888,26.984,249.739,29.516,10,0.123,12.198,0.001,968.022,1.456,0
93.755501,24.463267,781.454,0.469,104.637,197.998,40,0.123,0.05,0.15,695.965,0.639,0
94.100244,24.783161,936.768,23.942,60.164,272.123,30,0.124,20.215,0.05,699.681,88.048,0
94.198084,25.135013,1274.241,25.08,95.184,793.092,10,0.126,13.131,0.001,805.943,1.348,0
93.174188,24.093396,1085.136,32.013,148.841,324.674,30,0.127,28.611,0.05,985.878,179.039,0
93.978769,25.508985,1475.676,25.056,343.836,560.024,30,0.124,20.353,0.05,1021.81,128.776,0
94.509869,24.62475,533.481,23.717,146.558,851.367,10,0.128,15.046,0.001,1169.043,2.246,0
93.131622,24.098257,959.085,22.405,126.778,461.996,10,0.13,9.725,0.001,1020.775,1.292,0
93.579815,24.624554,1494.738,19.322,109.095,769.679,10,0.124,11.673,0.001,995.615,1.448,0
94.132859,25.05881,943.591,29.483,86.255,383.706,10,0.125,10.275,0.001,696.18,0.891,0
93.798654,24.731267,787.234,1.296,100.815,303.884,40,0.125,0.247,0.15,756.104,3.506,0
93.12522,24.369463,217.033,32.092,342.961,541.839,10,0.13,28.693,0.001,1280.175,4.778,0
93.898633,24.207956,792.323,1.65,10.936,59.032,50,0.126,0.256,0.01,639.193,0.207,0
93.790401,25.216828,1487.385,20.619,127.408,106.421,10,0.126,6.649,0.001,967.39,0.812,0
93.880254,24.280314,766.609,0.076,332.69,106.421,40,0.128,0.005,0.15,631.504,0.057,0
93.519504,24.579386,929.247,37.188,346.38,252.183,10,0.126,17.709,0.001,1026.335,2.296,0
93.477209,24.520564,512.111,24.644,308.493,147.579,10,0.127,10.929,0.001,1049.013,1.463,0
93.997093,24.740514,778.434,0.72,129.42,208.709,80,0.128,0.136,0.0,638.802,0.0,0
94.12272,24.725947,801.459,4.363,117.008,83.483,40,0.125,1.408,0.15,716.779,18.931,0
93.937149,24.778501,779.979,0.651,179.049,501.769,30,0.0,0.077,0.01,662.291,0.0,0
94.326168,25.27491,1167.126,15.243,257.632,188.994,30,0.126,4.548,0.05,818.197,23.632,0
94.160494,25.517689,1560.484,16.178,84.9,355.418,40,0.126,8.539,0.15,890.26,143.477,0
93.842653,24.423477,783.323,20.453,157.458,253.905,30,0.124,13.479,0.05,685.581,57.471,0
94.158792,24.39677,1322.546,7.313,76.234,622.637,10,0.128,1.771,0.001,1024.587,0.231,0
93.714608,24.373743,792.211,0.459,333.029,0.0,40,0.125,0.123,0.15,708.689,1.64,0
93.947015,24.656567,773.243,1.265,330.696,313.758,10,0.122,0.282,0.001,631.486,0.022,0
93.957565,24.773004,778.979,1.21,143.875,206.611,50,0.125,0.226,0.01,648.589,0.184,0
93.645433,24.623016,626.489,35.303,57.745,354.19,10,0.124,16.705,0.001,851.191,1.761,0
93.487421,24.770676,689.793,19.029,108.277,515.472,10,0.127,15.21,0.001,1284.966,2.472,0
93.246644,24.760029,287.22,18.349,291.492,41.742,10,0.127,14.532,0.001,1533.971,2.849,0
93.903261,24.296314,901.559,16.82,260.886,237.964,10,0.129,5.151,0.001,640.433,0.424,0
93.661031,24.85546,1168.777,38.31,6.744,472.253,10,0.125,21.523,0.001,969.986,2.608,0
93.800284,25.436892,1331.62,41.953,318.33,885.475,10,0.122,38.682,0.001,905.89,4.325,0
93.528533,24.604407,1157.213,22.704,210.373,252.183,10,0.125,15.34,0.001,1013.077,1.948,0
94.311839,25.483772,2026.659,21.319,57.994,373.349,10,0.125,6.931,0.001,871.86,0.755,0
93.932606,24.800013,780.622,0.339,334.989,243.394,50,0.0,0.033,0.01,663.614,0.0,0
93.997261,24.299002,956.873,22.863,329.844,83.483,10,0.128,9.97,0.001,741.159,0.951,0
93.889258,24.716455,771.569,0.266,334.044,147.579,40,0.124,0.024,0.15,709.103,0.314,0
93.136938,24.200895,386.549,24.597,195.823,336.532,10,0.134,8.264,0.001,1088.332,1.209,0
93.959938,24.158257,1537.364,30.152,179.501,794.738,30,0.126,13.922,0.05,772.383,67.443,0
93.188143,24.559802,107.678,27.715,169.85,59.032,10,0.134,9.546,0.001,1527.263,1.954,0
94.486689,25.165229,1794.7,29.213,80.376,417.417,30,0.127,25.696,0.05,873.399,142.5,0
93.867753,24.531852,775.424,3.031,80.298,59.032,10,0.122,0.565,0.01,683.602,0.475,0
94.44587,25.180119,1722.554,21.896,319.209,442.738,10,0.128,14.669,0.05,821.155,77.159,0
93.936094,24.795196,780.411,0.772,22.957,41.742,50,0.0,0.096,0.01,661.926,0.0,0
93.953973,24.608495,770.5,0.31,158.972,59.032,10,0.125,0.074,0.001,617.697,0.006,0
93.86765,24.670506,769.047,0.167,359.883,166.967,80,0.0,0.033,0.0,707.188,0.0,0
93.875769,24.743526,775.85,1.829,304.829,319.263,50,0.127,0.293,0.001,722.33,0.027,0
93.966332,24.648869,775.858,0.756,91.332,224.786,40,0.132,0.144,0.001,619.123,0.011,0
94.098711,24.642941,814.206,0.532,142.467,435.796,10,0.127,0.059,0.001,722.828,0.005,0
93.406243,24.719287,948.751,7.839,26.203,384.84,10,0.127,1.937,0.001,1386.689,0.342,0
93.941033,24.649716,776.924,1.424,139.436,214.879,50,0.121,0.212,0.01,633.829,0.163,0
93.813152,24.420722,770.522,0.45,206.729,608.485,40,0.126,0.047,0.15,694.369,0.623,0
93.723806,24.961168,1681.383,9.87,111.068,582.143,10,0.124,2.608,0.001,959.823,0.31,0
93.051571,24.185321,459.293,20.478,63.496,360.287,30,0.136,6.593,0.05,1076.186,47.982,0
93.847858,24.318389,780.619,8.253,284.79,106.421,40,0.127,5.236,0.15,640.224,63.559,0
93.791113,24.714249,791.41,0.69,174.787,429.757,40,0.123,0.128,0.15,750.428,1.784,0
94.197618,24.765975,1488.451,33.159,64.772,794.19,10,0.124,29.799,0.001,793.35,2.928,0
93.707406,25.25361,755.643,19.721,74.162,29.516,10,0.125,13.7,0.001,842.547,1.448,0
94.037496,24.597458,780.596,1.181,143.018,649.349,50,0.0,0.258,0.01,588.727,0.0,0
94.447873,25.127169,1873.597,26.843,290.907,59.032,10,0.127,14.256,0.01,879.659,15.991,0
94.176463,25.52867,1523.72,21.058,86.966,810.477,10,0.128,9.007,0.001,890.26,1.026,0
94.371119,25.098689,1763.575,12.068,97.203,438.785,30,0.124,6.427,0.05,834.934,33.317,0
93.987396,24.644046,775.307,3.347,13.642,0.0,10,0.367,1.626,0.001,608.341,0.277,0
94.263924,25.374723,1827.866,21.461,226.254,236.127,30,0.124,10.844,0.05,890.26,60.074,0
93.957836,24.710315,776.291,2.488,352.686,206.611,40,0.134,0.577,0.15,646.026,6.688,0
93.521095,24.382012,772.134,21.444,203.405,29.516,10,0.126,17.65,0.001,1032.97,2.318,0
93.512692,25.122089,873.596,30.234,280.53,177.095,10,0.124,26.76,0.001,1108.904,3.693,0
93.962957,25.143161,1094.628,8.937,8.044,59.032,10,0.128,2.295,0.001,889.361,0.26,0
93.989496,24.911796,782.336,1.954,75.004,0.0,50,0.127,0.808,0.01,675.631,0.712,0
93.38874,24.437496,358.26,36.616,171.565,65.999,10,0.132,20.47,0.001,1097.373,2.963,0
94.212483,24.026043,203.483,2.233,358.858,206.611,40,0.129,0.961,0.15,1333.519,24.785,0
93.696282,24.518793,1233.139,20.353,202.561,395.997,10,0.129,6.543,0.001,741.291,0.623,0
93.982104,24.640225,778.042,1.572,332.483,686.521,50,0.127,0.241,0.01,608.895,0.186,0
93.859391,24.798559,777.796,0.588,115.708,147.579,40,0.129,0.154,0.15,717.023,2.131,0
93.99363,24.64499,781.559,1.095,91.538,236.127,50,0.307,0.199,0.01,606.078,0.302,0
94.424289,25.209595,1299.953,9.979,328.284,65.999,40,0.13,6.687,0.15,796.184,103.593,0
93.952098,24.495313,774.66,1.173,354.575,649.349,40,0.125,0.256,0.15,618.054,2.955,0
93.723657,24.409449,972.427,28.099,0.952,714.503,10,0.127,9.704,0.001,701.061,0.864,0
94.093159,25.397785,1317.578,12.581,281.998,459.159,10,0.128,5.526,0.001,890.26,0.63,0
93.890359,24.202886,808.586,12.228,120.614,29.516,30,0.128,5.978,0.001,632.178,0.482,0
93.92066,24.682274,772.022,0.272,251.376,224.786,40,0.125,0.062,0.15,663.667,0.829,0
93.677827,25.039678,1493.946,28.618,301.769,118.063,10,0.123,25.076,0.001,1037.681,3.211,0
93.601014,24.145702,975.13,16.493,45.0,317.895,30,0.128,6.63,0.05,759.32,32.042,0
93.630807,25.196796,440.137,22.812,311.567,93.337,10,0.125,11.693,0.001,791.351,1.158,0
94.030787,25.025299,848.775,27.703,332.579,158.948,10,0.126,12.589,0.001,672.561,1.065,0
94.210484,24.819859,1150.3,24.903,141.876,158.948,10,0.128,21.21,0.001,804.678,2.18,0
94.0958,24.651539,811.032,0.691,174.729,147.579,50,0.13,0.18,0.15,706.414,2.02,0
94.058548,24.23006,1518.467,28.124,246.245,295.158,10,0.127,9.715,0.001,906.416,1.115,0
94.203779,24.794691,1429.795,27.476,81.708,570.046,10,0.126,22.751,0.001,799.698,2.292,0
94.080517,25.477641,1941.37,23.832,212.958,466.686,10,0.124,10.491,0.001,881.96,1.138,0
93.910511,24.267054,954.668,20.523,193.148,224.786,10,0.129,10.259,0.001,651.985,0.861,0
93.98033,24.898449,783.331,1.251,187.305,384.84,50,0.128,0.236,0.01,679.404,0.205,0
93.950374,24.775113,779.333,1.845,33.959,212.842,50,0.129,0.46,0.01,649.772,0.308,0
93.958753,24.702509,847.948,20.571,216.61,401.459,30,0.127,8.749,0.05,642.647,35.732,0
93.071345,24.563204,41.2,3.857,247.001,710.836,10,0.128,0.773,0.001,1419.167,0.141,0
93.995514,24.873028,780.538,0.254,256.799,59.032,40,0.124,0.057,0.15,649.095,0.693,0
93.714537,24.843343,876.293,36.383,201.667,83.483,10,0.124,13.097,0.001,916.549,1.485,0
94.509003,24.639694,722.984,33.499,76.479,647.333,10,0.129,24.419,0.001,1147.445,3.617,0
94.424078,24.875481,822.306,31.297,296.185,65.999,10,0.129,14.544,0.001,1015.126,1.897,0
94.068088,25.429676,1421.729,25.88,327.802,65.999,10,0.128,8.79,0.01,881.96,9.905,0
94.442354,25.301242,1615.135,13.13,4.702,627.515,50,0.129,4.962,0.001,783.36,0.501,0
93.634055,25.248841,326.17,21.03,275.969,355.418,10,0.124,15.656,0.001,744.355,1.445,0
93.871322,24.814459,782.56,1.658,109.421,177.095,10,0.13,0.401,0.001,705.529,0.037,0
93.836387,24.134403,807.006,2.31,103.264,147.579,40,0.128,0.692,0.15,703.374,9.32,0
93.489453,24.670275,700.376,25.011,57.577,29.516,30,0.125,8.433,0.05,1101.714,58.199,0
93.652228,25.201338,1135.482,22.997,75.724,395.997,10,0.123,11.81,0.001,812.385,1.178,0
93.983724,24.823624,783.837,0.752,81.278,230.526,50,0.246,0.234,0.01,641.51,0.338,0
93.917065,24.791253,781.0,0.653,88.449,674.358,50,0.0,0.077,0.01,677.712,0.0,0
93.69802,24.342928,834.221,0.668,168.686,384.84,50,0.0,0.079,0.01,699.354,0.0,0
93.904862,24.541199,770.933,0.286,228.952,158.948,10,0.124,0.026,0.001,652.485,0.002,0
93.975423,24.866283,780.351,0.313,335.067,208.709,40,0.125,0.03,0.15,661.664,0.365,0
93.915486,24.771907,773.73,0.228,68.386,106.421,30,0.127,0.045,0.05,683.47,0.196,0
93.873034,24.820659,787.084,3.152,25.071,538.614,10,0.126,0.595,0.001,708.555,0.055,0
94.335947,25.199725,1642.642,29.74,49.613,197.998,10,0.122,23.849,0.001,820.561,2.399,0
93.980807,24.739078,781.48,3.883,129.057,41.742,50,0.167,0.78,0.01,644.807,0.833,0
94.622147,24.970992,1199.479,13.049,122.213,422.603,10,0.129,9.433,0.001,1200.991,1.466,0
93.884558,24.758002,773.625,1.253,212.587,212.842,40,0.125,0.453,0.15,711.425,7.366,0
94.348099,24.506978,660.904,20.595,324.635,208.709,10,0.128,15.99,0.001,1168.629,2.38,0
93.685107,24.309778,824.995,5.084,138.215,208.709,10,0.126,1.926,0.15,678.463,24.816,0
94.353503,24.898856,1200.8,36.029,12.07,208.709,10,0.127,20.103,0.001,869.055,2.223,0
93.446038,24.936403,515.901,11.842,329.322,579.894,10,0.128,3.295,0.001,1269.569,0.536,0
93.450662,24.784141,549.44,13.085,35.489,93.337,10,0.127,9.467,0.001,1365.427,1.65,0
93.913874,24.736515,778.107,4.729,284.018,582.143,40,0.125,2.546,0.15,687.704,32.681,0
94.371651,25.10242,1746.38,15.053,79.443,317.895,50,0.126,4.476,0.05,830.558,23.42,0
93.854728,24.809047,781.01,0.563,243.834,118.063,40,0.129,0.063,0.15,716.98,0.879,0
93.917234,25.363109,1849.613,26.525,82.867,166.967,10,0.125,9.056,0.001,1021.81,1.159,0
94.290806,24.633763,938.038,25.918,271.262,118.063,10,0.129,22.263,0.001,1043.505,3.005,0
93.600768,24.185073,1172.544,6.615,207.981,563.899,10,0.128,3.574,0.001,742.637,0.342,0
94.219706,24.061119,221.538,9.377,55.159,0.0,10,0.129,6.172,0.001,1323.179,1.053,0
93.345415,24.838739,968.996,10.936,106.362,635.791,10,0.127,7.165,0.001,1430.664,1.305,0
93.460424,24.842769,941.218,26.776,285.613,360.287,10,0.125,17.435,0.001,1263.883,2.752,0
93.744751,24.669547,1064.725,26.799,91.028,147.579,10,0.125,15.963,0.001,729.617,1.456,0
93.157917,24.757111,113.885,6.517,283.4,224.786,10,0.127,1.526,0.001,1512.726,0.293,0
93.974929,24.732703,779.364,0.309,234.049,177.095,50,0.133,0.029,0.01,645.969,0.024,0
94.061118,24.688027,787.533,0.846,299.217,360.287,50,0.128,0.108,0.01,628.358,0.094,0
93.755498,24.738684,1029.827,7.075,90.618,88.548,40,0.127,4.291,0.15,799.111,65.55,0
94.336158,24.393397,386.969,13.514,339.837,253.905,10,0.128,5.148,0.001,1076.102,0.705,0
93.522629,24.366375,944.398,30.513,262.243,214.879,10,0.129,14.118,0.001,978.188,1.775,0
93.479911,25.020719,891.934,36.287,276.93,584.384,10,0.123,22.736,0.001,1187.989,3.348,0
94.026441,24.800599,852.783,10.405,74.938,65.999,50,0.127,2.791,0.01,637.371,2.264,0
93.920519,24.65226,771.211,0.833,313.152,295.158,40,0.122,0.139,0.15,652.071,1.724,0
93.292074,24.744256,571.987,3.753,119.994,602.007,10,0.129,0.746,0.001,1573.882,0.151,0
94.218503,24.961869,940.755,17.075,252.722,147.579,30,0.127,12.061,0.05,687.483,52.321,0
93.933785,24.475676,771.171,2.351,337.381,360.287,80,0.124,0.708,0.0,631.012,0.0,0
93.605862,24.072235,1087.359,28.633,265.746,237.964,10,0.13,15.401,0.001,799.372,1.601,0
93.340604,24.645806,689.495,7.506,109.948,166.967,10,0.128,1.832,0.001,1322.057,0.309,0
94.556356,25.375959,973.27,22.576,278.82,150.502,30,0.127,17.091,0.05,1057.66,114.554,0
93.409495,24.807639,378.975,16.743,234.306,147.579,10,0.126,11.154,0.001,1402.678,1.968,0
94.089981,24.764643,908.274,17.58,205.511,150.502,10,0.127,9.482,0.001,684.198,0.828,0
93.932171,24.562918,770.897,0.225,241.938,41.742,30,0.123,0.03,0.15,632.527,0.348,0
94.22661,24.968833,923.112,7.898,344.437,29.516,40,0.127,2.581,0.15,689.42,33.803,0
94.506818,24.691927,485.696,21.475,93.167,41.742,10,0.131,14.321,0.001,1123.774,2.102,0
93.590537,24.14035,981.277,9.349,97.881,197.998,30,0.129,6.148,0.001,768.859,0.606,0
93.966283,24.645228,775.256,0.392,324.962,125.225,50,0.125,0.04,0.01,617.688,0.031,0
94.135487,24.89713,880.852,16.911,291.332,450.54,30,0.127,10.62,0.05,672.489,45.056,0
94.463202,25.395437,1375.462,21.932,69.367,29.516,10,0.128,9.472,0.001,857.47,1.041,0
93.816681,24.58229,767.0,0.0,270.0,253.905,80,0.0,0.0,0.0,684.505,0.0,0
93.956346,24.77601,776.32,0.313,216.075,106.421,40,0.126,0.046,0.15,648.5,0.561,0
93.885678,24.772165,776.478,2.062,145.465,701.584,40,0.125,0.532,0.15,706.448,7.027,0
93.517878,24.551027,1041.217,21.324,269.009,417.417,10,0.127,15.927,0.001,1040.03,2.112,0
93.832268,24.226182,1146.748,36.062,75.892,401.459,30,0.129,29.791,0.05,660.643,126.649,0
93.818007,24.770125,781.563,0.434,94.45,375.675,10,0.164,0.045,0.001,738.605,0.005,0
93.51984,24.381735,763.675,3.159,223.7,0.0,10,0.128,1.508,0.001,1035.036,0.199,0
93.365863,24.168549,1099.972,15.057,290.662,59.032,30,0.127,6.948,0.05,856.114,37.767,0
93.999753,24.647383,783.357,5.146,219.551,41.742,50,0.0,1.124,0.01,604.596,0.286,0
93.255646,24.028502,427.36,14.489,270.698,1252.251,10,0.136,9.795,0.001,925.182,1.226,0
93.71884,25.209594,1294.79,23.264,187.149,65.999,10,0.127,10.185,0.001,959.865,1.244,0
93.917838,24.839201,778.351,1.333,212.289,131.999,50,0.129,0.257,0.01,688.214,0.227,0
93.318378,25.029694,623.84,39.418,123.36,689.054,10,0.126,18.881,0.001,1259.775,2.994,0
94.348874,24.941687,1562.398,22.268,26.367,608.485,10,0.127,7.314,0.001,824.892,0.766,0
93.962275,24.580665,771.039,0.142,143.839,29.516,30,0.124,0.022,0.05,614.009,0.083,0
93.891411,24.665179,769.243,0.273,51.354,267.277,80,0.126,0.043,0.0,682.117,0.0,0
93.788455,25.131248,819.141,5.779,303.93,206.611,10,0.123,2.486,0.001,967.835,0.296,0
93.863029,24.894512,796.365,0.49,141.591,507.81,40,0.128,0.082,0.15,673.606,1.066,0
93.899118,24.73981,774.234,3.757,80.961,166.967,50,0.139,0.986,0.01,701.615,0.905,0
93.861184,24.736724,774.471,0.531,147.332,373.349,50,0.125,0.059,0.01,735.051,0.054,0
94.440905,24.867716,1174.034,30.938,108.86,206.611,10,0.13,10.874,0.001,1019.915,1.446,0
93.978911,24.838674,781.522,0.99,211.329,313.758,50,0.125,0.132,0.01,641.534,0.106,0
94.236467,25.079213,1591.274,18.742,132.944,756.55,10,0.121,7.788,0.001,794.282,0.751,0
94.106602,24.464351,1158.04,7.686,328.271,690.948,10,0.128,1.889,0.001,827.521,0.201,0
94.053988,24.811197,807.176,1.492,43.098,150.502,40,0.126,0.569,0.15,649.737,6.988,0
93.996623,24.737529,776.403,0.191,100.139,480.483,40,0.128,0.039,0.15,638.531,0.482,0
94.532921,24.709426,334.952,22.054,218.848,65.999,10,0.13,14.8,0.001,1146.938,2.203,0
93.443202,25.242602,1031.647,17.768,113.291,301.004,10,0.126,5.52,0.001,938.182,0.65,0
93.64972,24.75658,974.823,14.84,23.525,359.076,10,0.126,11.113,0.001,1032.821,1.449,0
94.041949,25.564209,2495.181,36.177,119.967,106.421,10,0.123,17.172,0.001,1021.81,2.155,0
94.332396,25.450556,1504.199,21.15,120.887,567.749,10,0.129,10.65,0.001,871.86,1.194,0
93.787475,25.145524,1054.181,29.214,349.546,544.245,30,0.123,25.697,0.05,949.679,149.82,0
94.297512,24.544056,1047.235,17.98,338.012,480.483,10,0.127,5.603,0.001,1104.142,0.786,0
92.996321,24.130728,308.051,17.704,286.708,206.611,10,0.133,7.25,0.001,1034.106,0.994,0
93.558672,24.010027,768.047,6.86,108.047,224.786,30,0.131,3.746,0.05,801.64,19.766,0
94.228901,24.115063,283.327,16.849,285.603,206.611,10,0.129,13.052,0.001,1320.7,2.22,0
93.919604,24.748293,778.098,1.356,321.099,522.189,10,0.161,0.199,0.01,681.385,0.215,0
93.940981,24.794962,779.648,0.485,46.736,442.738,50,0.168,0.132,0.01,657.219,0.097,0
93.260996,24.661906,503.112,28.468,263.305,336.532,10,0.129,15.295,0.001,1571.556,3.089,0
94.002119,24.861181,785.177,0.211,307.606,212.842,40,0.125,0.034,0.15,637.613,0.403,0
94.510598,24.859766,1614.079,14.391,85.601,728.988,30,0.126,5.578,0.01,1053.097,7.393,0
93.104604,24.657699,25.947,2.775,24.409,375.675,40,0.127,1.032,0.15,1440.643,28.15,0
94.19603,25.386292,1686.888,15.122,221.167,597.65,10,0.123,5.94,0.001,890.26,0.65,0
93.495117,24.92584,1176.579,28.378,298.418,179.538,10,0.119,12.956,0.001,1090.427,1.678,0
94.040764,24.934154,793.012,0.684,18.056,0.0,40,0.126,0.207,0.15,634.357,2.476,0
93.133179,24.104023,1029.064,22.256,151.668,714.503,10,0.127,18.48,0.001,1024.0,2.394,0
93.978043,24.799624,784.617,3.055,350.927,65.999,50,0.126,0.753,0.001,643.761,0.064,0
94.009546,24.851628,796.071,15.356,19.553,573.094,40,0.127,11.055,0.15,637.057,134.293,0
94.026325,24.595222,777.722,1.96,72.171,709.609,50,0.185,0.423,0.001,588.96,0.043,0
94.509231,24.873776,1536.466,7.013,24.957,570.046,50,0.125,1.678,0.01,1002.624,2.11,0
93.974499,24.584937,771.823,0.271,290.025,166.967,40,0.124,0.032,0.15,608.973,0.368,0
93.817179,24.491308,771.919,1.758,44.814,375.675,50,0.124,0.279,0.01,686.798,0.237,0
94.163645,24.642052,1493.147,19.652,53.081,605.614,10,0.128,6.263,0.001,830.562,0.664,0
94.131492,24.994429,1209.759,31.721,300.096,794.738,10,0.126,17.375,0.001,650.254,1.424,0
94.315462,24.265431,282.614,20.271,198.567,265.643,10,0.126,8.59,0.001,1048.599,1.143,0
93.870307,24.17146,823.779,16.962,293.072,59.032,30,0.127,5.206,0.05,633.535,20.992,0
93.330692,24.665843,666.535,35.317,249.453,186.675,10,0.13,12.666,0.001,1400.81,2.299,0
93.730884,24.489759,809.97,1.329,110.142,265.643,30,0.124,0.194,0.05,712.856,0.856,0
93.781969,24.345713,1045.758,19.562,178.236,597.65,10,0.128,9.664,0.001,693.356,0.857,0
94.033208,25.546891,2550.052,31.312,259.35,88.548,10,0.125,27.701,0.001,1021.81,3.544,0
93.817186,24.817994,788.806,0.742,133.278,208.709,40,0.127,0.091,0.15,752.74,1.301,0
94.428944,24.505672,248.793,0.988,17.793,0.0,40,0.131,0.333,0.15,1236.279,8.062,0
93.840205,25.280106,2241.466,31.469,41.044,649.349,10,0.124,14.637,0.001,1035.274,1.876,0
93.607009,24.127524,925.539,13.237,218.489,272.123,10,0.129,5.014,0.001,762.843,0.494,0
93.764189,24.803066,1081.572,14.578,82.062,83.483,10,0.123,10.864,0.001,808.522,1.091,0
94.179561,24.592471,1396.377,12.826,348.242,673.065,10,0.128,3.65,0.001,866.143,0.403,0
94.011602,24.658245,787.441,7.889,55.487,197.998,40,0.13,1.953,0.15,604.095,22.981,0
93.894079,24.597669,768.805,0.05,0.496,0.0,40,0.0,0.007,0.0,665.155,0.0,0
93.898135,25.166193,2103.315,40.563,198.069,41.742,10,0.125,22.904,0.001,961.954,2.752,0
93.340622,24.150322,780.256,22.908,334.072,730.182,10,0.136,13.187,0.001,912.549,1.64,0
93.136255,24.32959,601.194,27.745,15.486,422.603,10,0.13,14.833,0.001,1223.725,2.356,0
93.487467,24.338543,715.791,14.4,103.678,308.154,10,0.133,7.365,0.001,975.638,0.959,0
93.785458,24.466142,771.297,0.161,138.718,449.572,40,0.126,0.031,0.15,685.303,0.406,0
93.090862,24.4019,876.446,9.117,59.577,709.609,10,0.13,2.355,0.001,1366.899,0.419,0
94.498531,24.620867,448.074,21.137,267.968,59.032,10,0.129,10.641,0.001,1162.402,1.589,0
93.197517,24.141194,1243.145,34.069,305.076,319.263,10,0.127,16.043,0.001,986.452,2.004,0
93.856377,24.786966,779.532,0.701,177.718,397.095,50,0.209,0.084,0.45,721.495,4.739,0
93.675488,24.327886,899.922,5.781,1.808,317.895,50,0.127,2.487,0.01,690.701,2.181,0
93.670949,24.424003,1175.089,34.612,101.319,212.842,10,0.129,21.553,0.05,754.023,104.184,0
94.365524,25.103135,1859.508,6.831,49.919,931.972,50,0.134,1.622,0.01,823.198,1.549,0
93.916112,24.705786,778.566,3.76,173.649,527.995,40,0.243,0.748,0.001,678.381,0.094,0
93.895045,24.703656,770.852,0.264,322.542,172.105,40,0.124,0.06,0.15,697.33,0.776,0
93.810943,24.862686,830.491,0.979,100.317,59.032,40,0.125,0.13,0.15,745.276,1.825,0
94.185863,24.604942,1481.981,24.41,119.144,573.094,10,0.126,12.705,0.001,862.961,1.382,0
94.192124,24.428601,1272.296,35.33,111.142,491.242,10,0.125,12.671,0.001,1033.753,1.645,0
93.960868,24.786271,780.097,1.775,152.255,295.158,50,0.0,0.282,0.01,647.083,0.0,0
94.394411,24.911616,1003.052,31.7,227.13,383.706,10,0.127,14.762,0.001,940.223,1.769,0
93.619003,24.679107,424.685,27.513,296.623,131.999,10,0.127,9.462,0.001,1008.629,1.214,0
94.156525,24.99182,1042.694,20.766,304.406,313.758,10,0.127,16.96,0.001,649.055,1.4,0
94.102488,25.480561,1926.566,30.673,278.339,673.712,30,0.122,16.706,0.05,890.26,90.967,0
93.633908,25.115859,1289.572,35.536,87.167,384.84,10,0.123,22.207,0.001,1089.412,3.0,0
93.18259,24.693932,459.641,17.656,209.49,673.065,10,0.127,5.476,0.001,1520.168,1.055,0
94.421136,24.647115,710.697,28.881,129.566,491.242,10,0.128,17.457,0.001,1170.101,2.617,0
94.034559,24.446106,858.234,20.835,323.769,527.995,10,0.129,6.736,0.001,622.956,0.541,0
93.652665,24.921249,464.706,30.559,132.047,83.483,10,0.124,18.661,0.001,944.434,2.194,0
93.915803,24.531293,774.092,0.934,246.538,647.333,10,0.123,0.161,0.001,644.58,0.013,0
93.796772,24.774855,795.691,5.477,123.888,319.263,50,0.127,2.319,0.01,760.959,2.241,0
94.054809,24.821472,809.599,11.171,304.484,301.004,40,0.128,4.745,0.15,643.396,58.59,0
94.335106,25.126216,1761.748,24.308,108.792,644.636,10,0.125,8.145,0.001,794.618,0.807,0
93.699922,24.279644,929.01,22.784,53.347,442.738,30,0.129,7.524,0.05,659.666,31.84,0
93.631143,24.513941,948.266,14.302,320.6,679.506,10,0.126,10.603,0.001,939.271,1.253,0
93.572371,24.851626,432.586,38.095,48.112,197.998,10,0.125,18.188,0.001,1137.352,2.593,0
94.376542,25.097297,1713.452,14.715,21.474,466.686,30,0.126,4.349,0.05,842.344,23.136,0
93.142031,24.32218,726.506,21.735,51.94,461.996,10,0.131,9.367,0.001,1208.845,1.482,0
93.934669,24.836978,797.199,13.961,239.364,659.994,10,0.128,10.282,0.01,674.505,8.898,0
94.641121,24.942746,756.272,29.262,50.142,425.684,10,0.128,25.747,0.001,1339.067,4.406,0
94.143561,24.810696,846.379,15.642,299.17,355.418,40,0.124,9.622,0.15,751.311,135.174,0
93.923184,24.648883,772.698,4.775,300.083,29.516,60,0.122,1.583,0.001,648.536,0.125,0
93.852028,24.791329,777.925,0.393,156.278,41.742,40,0.128,0.04,0.15,721.544,0.548,0
94.397027,25.246384,1725.297,6.667,10.103,674.358,10,0.123,1.572,0.001,783.983,0.152,0
94.191683,24.116298,416.642,28.36,68.248,150.502,10,0.128,12.947,0.001,1411.782,2.336,0
93.946844,24.856881,784.514,0.261,293.252,147.579,50,0.0,0.023,0.01,678.956,0.01,0
93.748265,24.518726,777.7,1.449,81.835,131.999,40,0.122,0.336,0.15,694.108,4.274,0
94.11014,25.424948,1372.53,11.79,18.365,329.997,50,0.13,3.277,0.01,890.26,3.755,0
93.766396,24.421159,775.71,0.169,293.787,41.742,40,0.126,0.013,0.15,694.211,0.174,0
94.068304,24.650364,784.539,0.486,252.542,417.417,50,0.135,0.052,0.01,634.777,0.044,0
93.177451,24.794206,46.371,19.82,309.602,106.421,10,0.126,6.33,0.001,1529.091,1.213,0
94.422873,24.673572,626.502,22.673,213.68,419.499,10,0.13,13.021,0.001,1153.238,1.95,0
93.955458,24.830427,782.177,0.649,267.249,147.579,50,0.0,0.145,0.01,654.15,0.0,0
94.551216,25.593059,802.991,38.782,56.949,41.742,10,0.129,24.475,0.001,1057.66,3.357,0
93.513517,24.38698,764.202,22.263,201.861,59.032,10,0.128,18.368,0.001,1039.6,2.45,0
94.07914,24.662532,823.951,8.278,56.966,737.896,10,0.128,5.256,0.001,651.284,0.441,0
93.871025,24.23809,772.273,15.257,265.467,451.506,40,0.127,7.065,0.15,622.607,84.061,0
94.370629,25.327292,1296.083,27.427,111.043,472.253,10,0.129,9.427,0.05,783.36,47.748,0
94.041651,24.562764,780.122,1.508,238.885,88.548,40,0.127,0.228,0.15,597.702,2.607,0
94.048194,25.08861,865.616,23.172,157.125,177.095,10,0.127,7.682,0.001,691.37,0.673,0
94.396762,25.352023,1038.623,33.05,218.364,619.833,30,0.129,15.493,0.05,783.36,78.712,0
94.18746,24.432981,1361.844,12.195,144.835,713.893,10,0.127,5.957,0.001,1021.577,0.771,0
94.377878,25.118649,1577.605,20.806,103.736,375.675,30,0.127,6.724,0.05,816.796,34.867,0
93.68467,25.165497,1202.332,18.028,78.417,620.535,10,0.125,7.418,0.001,915.12,0.85,0
94.146832,25.133562,845.427,17.805,142.317,29.516,10,0.126,5.534,0.001,788.443,0.55,0
94.537479,24.87557,1116.907,17.922,157.148,544.245,10,0.128,8.659,0.001,1048.107,1.161,0
93.965363,24.264075,1187.646,4.866,311.198,714.503,10,0.128,1.045,0.001,700.214,0.093,0
93.637077,24.811231,650.334,12.482,70.853,354.19,10,0.124,3.525,0.001,1078.045,0.472,0
93.745097,24.648232,1030.271,29.642,39.316,354.19,10,0.127,18.003,0.001,703.738,1.609,0
94.044092,24.073624,717.171,10.764,15.585,29.516,10,0.128,2.915,0.001,1169.224,0.439,0
94.016885,24.105017,1643.178,35.412,80.128,708.38,30,0.125,19.715,0.05,1014.491,125.002,0
93.785339,24.729082,809.086,0.951,103.709,388.22,40,0.125,0.317,0.15,760.962,4.513,0
94.057202,25.072192,808.862,1.843,221.875,29.516,40,0.123,0.391,0.15,681.105,4.916,0
93.102279,24.159351,294.344,12.658,115.106,179.538,10,0.135,3.589,0.001,1060.063,0.511,0
93.886402,24.766678,777.042,1.617,5.705,737.896,50,0.125,0.25,0.01,707.526,0.172,0
93.813208,24.578658,767.0,0.0,270.0,772.504,80,0.0,0.0,0.0,683.57,0.0,0
94.375183,25.064177,1419.321,19.353,298.849,65.999,30,0.129,6.144,0.05,857.734,33.973,0
94.102172,24.567623,819.293,1.362,259.642,147.579,40,0.127,0.264,0.15,758.507,3.813,0
93.549015,24.967989,550.563,16.647,279.763,106.421,10,0.126,5.084,0.001,1135.748,0.728,0
94.16103,25.517879,1550.083,15.431,356.36,326.013,30,0.126,11.678,0.15,890.26,196.103,0
93.620639,24.393188,1131.504,27.583,111.304,186.675,10,0.127,9.491,0.001,785.213,0.952,0
93.491305,24.670017,681.151,2.21,132.269,125.225,40,0.125,0.948,0.15,1095.377,19.49,0
94.009341,24.829251,871.474,30.115,228.527,708.38,10,0.128,18.343,0.001,637.972,1.497,0
93.775153,24.619562,784.838,0.826,90.028,243.394,40,0.129,0.162,0.15,662.296,2.142,0
93.968964,25.17246,1206.837,12.556,141.888,172.105,40,0.128,3.552,0.15,919.642,62.764,0
93.368652,24.955109,850.055,14.39,274.786,1038.102,10,0.126,7.359,0.001,1277.6,1.19,0
93.946493,24.160536,1602.161,22.257,249.891,859.514,10,0.127,7.31,0.001,737.456,0.684,0
93.773401,24.374906,813.594,5.636,342.797,29.516,40,0.126,3.196,0.15,708.369,42.884,0
94.176146,24.615687,1134.423,31.044,244.338,106.421,10,0.128,20.784,0.001,851.789,2.266,0
93.614518,24.351677,1024.718,27.987,25.382,158.948,10,0.128,9.658,0.001,757.778,0.939,0
93.898659,24.539959,770.0,0.021,31.86,0.0,40,0.216,0.002,0.15,657.851,0.047,0
93.884691,24.783113,776.681,2.927,84.311,336.532,50,0.126,0.941,0.01,703.735,0.851,0
93.983404,24.578246,772.035,0.29,27.928,83.483,40,0.226,0.067,0.0,605.165,0.0,0
93.473913,24.969784,857.742,22.763,285.879,608.485,10,0.125,7.515,0.001,1219.545,1.146,0
93.143749,24.793688,36.077,0.432,94.02,356.641,50,0.125,0.114,0.01,1524.539,0.217,0
93.891418,24.559685,768.5,0.172,107.433,383.706,80,0.0,0.021,0.0,665.087,0.0,0
94.064261,24.793463,877.435,17.187,118.981,267.277,10,0.124,5.293,0.001,658.592,0.434,0
94.167296,25.514149,1490.84,25.038,338.964,373.349,10,0.127,8.444,0.001,890.26,0.958,0
94.449826,24.708446,628.996,28.36,198.473,177.095,10,0.129,9.812,0.001,1119.75,1.421,0
93.721998,25.195862,1339.612,22.107,291.965,212.842,10,0.127,7.249,0.001,938.343,0.862,0
93.915712,24.704899,776.43,9.039,317.481,410.047,80,0.243,3.073,0.15,678.145,45.848,0
93.690269,24.435913,984.243,7.085,148.832,263.998,40,0.125,1.7,0.15,743.289,23.729,0
94.15389,24.919285,932.443,12.303,288.254,272.123,10,0.127,3.46,0.001,667.315,0.293,0
93.409153,25.245265,1368.682,33.463,333.173,991.75,10,0.124,30.114,0.001,902.581,3.347,0
94.01815,24.829248,808.432,19.259,352.292,354.19,10,0.129,8.058,0.001,636.834,0.661,0
94.314069,24.297983,332.323,28.293,162.94,355.418,10,0.129,12.91,0.001,1083.596,1.798,0
93.304544,24.282639,539.301,13.498,139.131,438.785,10,0.138,3.896,0.001,1130.456,0.6,0
93.540274,24.984769,1052.123,38.944,110.283,622.637,10,0.121,35.703,0.001,1161.323,5.038,0
94.360791,25.113849,1848.922,3.722,29.622,673.065,50,0.126,0.738,0.01,804.691,0.45,0
94.178531,24.558552,1193.876,26.823,289.974,373.349,10,0.13,23.205,0.001,883.511,2.661,0
94.076781,24.607642,788.715,1.088,267.769,388.22,50,0.309,0.149,0.01,680.863,0.295,0
94.479696,25.287858,1610.66,24.094,127.35,532.104,30,0.128,10.632,0.05,1407.899,95.506,0
93.861485,24.70075,772.069,1.132,163.936,579.894,40,0.125,0.157,0.01,728.029,0.142,0
93.930543,24.658843,771.611,0.14,258.983,401.459,40,0.122,0.01,0.15,646.16,0.123,0
93.825571,24.707385,773.393,0.754,5.697,147.579,50,0.128,0.093,0.01,731.532,0.089,0
94.10407,24.996981,990.793,31.537,102.533,106.421,10,0.126,11.121,0.001,649.078,0.91,0
94.04657,24.677033,788.154,1.932,150.564,131.999,50,0.0,0.315,0.01,606.236,0.226,0
94.041606,24.875096,790.327,0.75,161.904,243.394,50,0.279,0.2,0.01,632.191,0.23,0
93.524715,24.706938,551.24,28.818,274.691,158.948,10,0.128,20.478,0.001,1140.194,2.983,0
93.931137,24.745796,775.618,0.926,303.773,106.421,50,0.145,0.306,0.01,670.465,0.292,0
93.593669,24.525235,1306.657,21.145,261.418,739.665,10,0.13,6.861,0.001,1042.38,0.929,0
93.809177,24.76377,776.637,0.187,53.574,83.483,40,0.127,0.015,0.15,744.893,0.215,0
93.762888,24.278554,991.703,10.899,124.598,295.158,10,0.127,7.49,0.001,658.975,0.627,0
93.975865,24.878844,784.066,1.052,347.282,461.052,50,0.126,0.143,0.01,669.858,0.121,0
94.247709,24.650632,928.394,27.589,15.564,41.742,10,0.129,16.53,0.001,923.722,1.972,0
93.519008,24.357056,1038.62,42.741,262.118,531.285,10,0.13,31.949,0.001,965.106,4.009,0
94.0446,24.601678,776.688,0.518,330.017,188.994,40,0.127,0.099,0.15,596.998,1.139,0
93.841565,24.886298,798.897,0.869,343.471,59.032,40,0.128,0.147,0.15,698.23,1.962,0
93.988308,24.580081,772.5,0.16,159.846,125.225,80,0.125,0.031,0.0,603.077,0.0,0
94.033999,24.869954,789.779,1.085,142.316,131.999,50,0.131,0.149,0.01,633.158,0.123,0
94.277971,24.265178,387.956,9.599,214.386,147.579,10,0.128,4.381,0.001,1178.316,0.66,0
93.982337,24.744097,781.896,2.612,214.01,65.999,50,0.126,0.466,0.01,645.102,0.395,0
94.092927,24.691492,786.982,0.695,4.405,131.999,30,0.124,0.083,0.001,667.552,0.007,0
94.088183,24.640829,805.017,1.02,236.776,502.637,50,0.126,0.299,0.01,697.297,0.265,0
93.857441,24.803029,779.601,1.704,221.945,125.225,10,0.128,0.415,0.001,716.274,0.038,0
94.013515,24.703353,793.07,3.569,171.128,65.999,40,0.126,1.683,0.15,622.009,19.862,0
93.52064,25.017949,986.497,28.632,224.161,494.776,10,0.124,13.095,0.001,1185.431,1.921,0
93.596451,24.20064,1191.395,13.744,301.764,581.395,30,0.129,5.26,0.001,733.448,0.497,0
93.602468,24.630227,1055.091,29.242,130.05,237.964,10,0.128,19.37,0.001,961.499,2.388,0
93.949658,24.9366,831.79,17.85,33.061,29.516,30,0.125,13.37,0.05,740.287,62.29,0
93.716575,24.358708,797.172,2.283,223.208,65.999,40,0.126,0.942,0.15,709.345,12.659,0
94.037995,24.919056,788.861,0.184,267.318,375.675,40,0.125,0.015,0.15,635.102,0.177,0
94.05519,24.695561,800.875,19.584,211.017,354.19,30,0.128,6.236,0.05,624.315,24.927,0
94.448019,24.901006,1928.35,38.265,188.353,522.189,30,0.124,34.793,0.05,918.537,197.84,0
93.82395,24.907855,941.356,19.717,31.893,206.611,10,0.123,9.759,0.001,742.291,0.898,0
93.578318,24.766568,570.8,2.849,316.477,224.786,10,0.127,0.522,0.001,1186.867,0.079,0
93.964134,24.667278,773.076,0.202,325.689,41.742,30,0.126,0.026,0.05,627.017,0.103,0
93.665641,24.881375,672.204,30.813,168.602,59.032,10,0.124,22.162,0.001,928.125,2.546,0
93.911385,25.455846,1635.544,42.342,37.873,313.758,10,0.126,38.807,0.001,1021.81,4.993,0
93.912521,24.562956,771.498,0.364,312.244,584.384,10,0.0,0.036,0.15,647.48,0.206,0
93.978389,24.795461,779.998,0.27,31.994,292.192,40,0.127,0.024,0.15,644.05,0.317,0
93.807826,24.162318,772.796,21.188,114.127,121.697,10,0.13,13.093,0.001,710.481,1.209,0
93.863582,24.617911,771.074,0.772,167.206,438.785,40,0.124,0.096,0.15,692.176,1.421,0
93.867905,24.418504,773.365,4.582,23.174,473.175,50,0.133,0.967,0.01,665.518,0.84,0
93.471004,24.13031,809.365,39.091,174.574,29.516,30,0.128,24.688,0.05,752.401,119.405,0
93.274004,24.288307,836.348,1.519,15.164,918.318,10,0.136,0.23,0.001,1193.723,0.037,0
93.924699,24.193669,827.662,16.374,329.254,125.225,10,0.129,4.979,0.001,667.665,0.428,0
94.399541,24.593258,841.165,20.413,215.959,816.368,10,0.127,13.447,0.001,1200.716,2.05,0
94.187084,24.360433,950.137,25.629,129.225,461.996,10,0.126,11.462,0.001,1166.428,1.688,0
93.904746,24.773564,775.053,2.269,338.763,41.742,10,0.129,0.676,0.001,692.079,0.059,0
94.249827,25.124237,1760.947,13.623,69.895,329.997,10,0.121,3.942,0.001,819.346,0.391,0
93.893227,24.763082,776.926,0.113,265.518,438.785,30,0.132,0.008,0.05,703.679,0.036,0
93.305156,24.615011,667.405,20.37,134.824,121.697,10,0.128,6.549,0.001,1337.149,1.121,0
93.9923,24.841485,782.924,1.542,282.616,278.452,40,0.125,0.31,0.15,639.67,3.714,0
93.335909,24.889273,733.488,18.907,97.127,451.506,10,0.127,15.088,0.001,1325.335,2.539,0
93.997417,24.489875,778.136,0.18,107.268,208.709,40,0.128,0.027,0.15,611.266,0.322,0
93.500241,24.419353,1222.811,23.292,78.092,570.046,10,0.128,7.731,0.001,1063.964,1.051,0
93.732435,24.5255,815.041,2.894,116.843,147.579,40,0.122,0.702,0.15,706.522,9.068,0
93.847774,24.395555,768.841,4.072,115.28,118.063,50,0.126,1.698,0.01,670.742,1.767,0
94.223709,24.044921,240.52,6.545,99.967,186.675,10,0.13,1.534,0.001,1306.531,0.26,0
93.981711,23.96231,1128.799,32.495,346.115,480.483,10,0.128,11.514,0.001,1113.211,1.639,0
93.916957,24.530934,774.473,0.084,301.131,709.609,10,0.123,0.005,0.001,643.725,0.0,0
93.428364,24.750606,749.544,40.503,123.98,820.094,10,0.127,19.444,0.001,1377.802,3.401,0
93.334287,24.135817,588.192,22.151,312.565,324.674,10,0.135,11.277,0.45,913.911,630.545,0
94.17895,24.392282,735.163,24.45,61.582,88.548,10,0.128,8.203,0.001,1079.148,1.134,0
94.286191,25.081757,1085.12,0.514,251.883,29.516,40,0.126,0.056,0.15,791.759,0.843,0
93.872109,25.345559,2412.791,21.554,243.811,324.674,10,0.126,7.025,0.001,1019.833,0.905,0
94.344279,25.289161,1354.99,32.822,311.508,673.712,10,0.128,22.175,0.001,981.853,2.791,0
93.537513,24.665914,735.535,22.627,244.785,570.046,10,0.125,18.86,0.05,1071.569,126.621,0
93.978874,24.808423,783.146,0.862,311.754,272.123,50,0.0,0.11,0.01,642.966,0.046,0
93.927257,24.891349,789.052,0.725,284.951,186.675,50,0.127,0.088,0.01,702.92,0.079,0
94.364124,25.094405,1837.571,9.922,116.175,597.65,50,0.157,2.625,0.01,832.653,3.189,0
93.919518,24.818067,777.224,1.371,94.367,438.785,50,0.125,0.313,0.01,672.71,0.264,0
94.044364,24.90286,789.658,6.921,109.123,29.516,40,0.128,2.176,0.15,632.075,26.327,0
94.203099,24.636364,1649.199,31.227,110.867,776.441,10,0.125,10.993,0.001,855.583,1.174,0
93.732395,24.408388,802.842,5.187,117.075,252.183,50,0.127,1.135,0.01,698.145,1.004,0
93.662965,24.432169,1526.646,31.171,114.32,301.004,30,0.123,20.883,0.05,765.865,98.486,0
93.765973,24.562077,767.874,0.164,162.246,0.0,30,0.122,0.032,0.05,672.972,0.133,0
93.974182,24.691497,890.133,26.517,177.999,710.836,30,0.13,15.761,0.05,632.418,64.683,0
94.428486,24.608442,503.658,21.149,257.913,329.997,10,0.13,11.948,0.001,1221.116,1.896,0
93.664463,24.880108,633.492,25.861,163.826,59.032,10,0.125,22.204,0.001,932.962,2.581,0
93.463685,24.366622,1367.088,17.161,123.88,730.182,10,0.128,10.819,0.001,1024.237,1.414,0
93.9634,24.802561,779.704,0.793,277.26,125.225,50,0.0,0.238,0.01,645.413,0.055,0
93.237976,24.843606,408.455,16.54,234.097,681.426,10,0.125,6.654,0.001,1396.012,1.161,0
94.225988,24.673338,1124.317,32.313,121.884,125.225,10,0.131,23.424,0.001,856.87,2.626,0
93.501793,24.681284,692.435,14.886,228.706,212.842,30,0.125,11.157,0.05,1087.43,75.863,0
94.035,24.883755,790.39,1.744,239.401,131.999,40,0.126,0.276,0.15,632.44,3.297,0
93.937893,25.116075,1128.037,12.439,167.322,250.45,10,0.128,4.631,0.001,880.01,0.522,0
93.973454,24.503399,779.848,1.355,261.979,208.709,50,0.127,0.346,0.01,609.088,0.266,0
93.190403,24.681424,484.642,37.825,42.351,566.981,10,0.127,18.046,0.001,1532.405,3.513,0
94.501311,25.222063,1882.237,19.127,81.043,669.17,10,0.126,6.054,0.001,886.818,0.679,0
94.04052,24.870894,790.253,0.836,123.687,208.709,50,0.155,0.106,0.01,632.243,0.095,0
94.244216,24.711883,1361.7,21.404,154.039,290.697,10,0.128,17.609,0.001,880.132,1.98,0
93.912596,25.243231,1423.955,5.73,324.214,121.697,40,0.127,3.265,0.15,1070.399,66.466,0
94.042669,24.675101,787.628,0.297,349.566,172.105,10,0.0,0.028,0.01,600.935,0.009,0
94.063782,24.686873,788.713,1.206,207.844,150.502,50,0.146,0.171,0.01,630.896,0.153,0
94.004818,24.416847,830.627,13.374,156.377,88.548,10,0.128,9.734,0.001,631.021,0.789,0
93.91946,24.699922,776.746,0.567,125.484,515.472,10,0.134,0.064,0.01,672.194,0.056,0
94.02088,24.979818,799.657,1.183,285.426,118.063,40,0.126,0.166,0.15,662.456,2.113,0
94.013481,24.482016,780.783,0.26,331.246,208.709,40,0.126,0.023,0.15,613.275,0.27,0
93.754976,24.159229,845.248,21.478,281.551,121.697,30,0.133,12.179,0.05,768.43,62.136,0
94.398534,25.382949,1583.331,8.321,318.961,797.474,50,0.127,2.093,0.01,783.36,2.096,0
94.361647,25.476236,1859.508,21.516,138.992,593.261,10,0.126,17.723,0.001,783.36,1.756,0
94.140747,24.46018,893.8,18.227,77.824,29.516,10,0.132,14.41,0.001,920.715,1.742,0
94.073801,24.688614,784.815,4.516,219.739,250.45,40,0.128,0.949,0.15,643.46,11.651,0
94.372735,24.921099,1021.439,24.336,71.929,723.59,10,0.129,19.643,0.001,888.166,2.244,0
93.948945,24.160839,1549.087,26.082,133.102,856.468,10,0.127,16.891,0.001,741.371,1.589,0
93.972074,25.148248,1043.813,3.518,157.518,29.516,50,0.145,0.686,0.01,887.813,0.864,0
94.42562,25.118286,1797.443,26.985,170.502,214.879,10,0.127,18.931,0.001,869.469,2.1,0
93.859581,24.897612,799.809,0.409,132.758,472.253,40,0.128,0.106,0.15,672.615,1.371,0
93.978867,24.500744,778.587,0.972,338.528,0.0,10,0.0,0.326,0.001,608.567,0.013,0
94.29366,24.786392,1040.609,22.414,265.883,438.785,10,0.128,9.73,0.001,933.788,1.16,0
93.424195,24.207568,545.125,6.926,131.142,41.742,10,0.133,2.562,0.001,765.132,0.261,0
93.865505,24.540929,768.786,0.722,194.664,383.706,40,0.122,0.116,0.15,685.818,1.454,0
94.598499,24.88194,692.537,31.265,133.813,523.022,10,0.127,19.168,0.001,1170.601,2.849,0
93.356083,25.112303,877.842,30.548,107.324,542.642,10,0.124,18.653,0.001,1214.192,2.815,0
94.245154,24.438677,1349.06,18.067,49.248,752.509,10,0.126,5.637,0.001,1057.411,0.748,0
94.240698,24.260717,550.236,19.426,21.991,758.85,10,0.128,6.173,0.001,1325.106,1.048,0
94.225328,25.198947,1092.905,22.137,291.695,419.499,10,0.128,18.358,0.001,859.756,2.022,0
94.099615,24.609111,851.116,18.075,303.515,214.879,10,0.129,9.82,0.001,740.271,0.936,0
94.397519,24.624994,845.202,29.206,296.041,563.899,10,0.128,13.407,0.001,1187.953,2.034,0
93.908273,24.731635,774.363,1.096,168.01,147.579,10,0.124,0.151,0.01,693.438,0.131,0
94.23345,24.898944,1444.159,23.373,256.452,272.123,10,0.125,14.779,0.001,772.077,1.426,0
93.427699,24.785093,793.685,21.823,44.308,166.967,10,0.128,9.413,0.001,1383.204,1.675,0
94.166939,24.985687,1241.199,28.402,108.899,538.614,30,0.126,9.829,0.05,649.954,40.101,0
93.586337,25.013831,944.975,26.824,262.703,1048.124,10,0.123,21.086,0.001,1187.788,3.086,0
93.275781,24.097011,1168.054,36.302,231.958,710.836,30,0.129,20.274,0.05,921.985,120.703,0
93.749784,25.376687,995.555,6.369,14.269,620.535,10,0.122,1.481,0.001,905.89,0.166,0
93.782354,24.421244,776.641,1.286,229.547,88.548,40,0.126,0.186,0.15,694.237,2.444,0
93.393722,24.396344,408.585,18.43,351.182,480.483,10,0.134,7.626,0.001,1063.832,1.083,0
93.673903,24.575362,699.537,32.139,353.325,280.012,10,0.123,15.0,0.001,780.683,1.446,0
94.252697,25.250008,1115.195,15.925,347.828,208.709,10,0.127,9.151,0.001,877.794,1.017,0
93.876264,24.608494,768.855,1.524,307.956,397.095,60,0.0,0.403,0.45,680.802,0.0,0
93.883994,24.202383,818.369,9.622,225.468,532.104,10,0.128,6.381,0.001,625.974,0.509,0
93.168643,24.136471,934.317,22.627,307.222,263.998,10,0.131,9.843,0.001,1016.526,1.316,0
94.060706,24.6204,802.793,22.04,337.198,584.384,10,0.127,7.222,0.001,635.45,0.581,0
93.889762,24.424475,776.024,5.89,84.119,292.192,10,0.128,1.339,0.001,651.854,0.111,0
94.057711,25.038823,881.551,12.295,38.772,0.0,10,0.125,8.742,0.001,666.494,0.728,0
94.07691,25.160822,1083.087,29.044,299.537,885.475,10,0.126,13.319,0.001,831.357,1.394,0
93.945789,24.966256,1140.507,28.538,73.486,509.522,10,0.126,9.885,0.001,768.438,0.956,0
94.329094,24.525345,429.619,12.456,111.27,93.337,10,0.128,3.516,0.001,1143.196,0.514,0
93.239066,24.906508,53.287,6.815,151.492,532.104,10,0.124,4.088,0.001,1334.427,0.678,0
93.87537,24.513969,770.968,1.491,293.017,29.516,10,0.124,0.225,0.001,675.972,0.023,0
94.044205,25.439854,1286.415,39.483,281.657,106.421,10,0.127,34.521,0.001,881.96,3.886,0
94.358172,25.094788,1831.804,13.548,342.025,591.054,50,0.143,3.914,0.01,825.947,4.607,0
94.568761,25.631701,883.405,24.793,333.449,516.316,10,0.13,8.344,0.001,1057.66,1.152,0
94.108015,24.515113,1261.325,29.767,246.24,542.642,10,0.126,16.127,0.001,805.829,1.629,0
94.340933,24.487441,696.81,39.278,61.535,413.222,10,0.125,18.808,0.001,1159.224,2.741,0
94.106383,24.235594,881.285,32.074,359.373,544.245,10,0.129,19.747,0.001,1019.924,2.595,0
93.781969,25.178733,781.761,34.051,223.617,118.063,10,0.12,24.881,0.001,914.103,2.749,0
93.937738,24.502159,773.111,0.556,282.663,417.417,10,0.123,0.15,0.001,628.385,0.012,0
94.240118,24.420326,1021.475,20.206,172.116,560.801,10,0.126,16.393,0.001,1107.516,2.292,0
93.483686,24.557092,877.09,43.466,343.192,393.79,10,0.128,30.229,0.001,1033.857,3.991,0
94.352767,25.094022,1651.711,25.565,18.062,121.697,30,0.126,11.428,0.05,820.9,59.323,0
94.112208,25.25244,1147.012,30.254,292.511,121.697,10,0.128,10.592,0.001,886.003,1.195,0
93.171527,24.623617,430.056,32.987,218.915,384.84,10,0.129,15.459,0.001,1493.698,2.965,0
93.850541,24.845083,792.022,2.029,80.087,397.095,10,0.126,0.336,0.001,706.946,0.03,0
93.945642,24.162342,1577.183,37.363,261.131,839.517,10,0.128,23.489,0.001,731.865,2.193,0
93.607342,24.116839,975.16,16.819,292.643,429.757,10,0.131,13.023,0.001,767.191,1.305,0
93.77546,24.974133,1885.41,47.21,224.728,252.183,10,0.124,43.666,0.001,953.288,5.174,0
93.302346,24.280634,578.101,8.0,297.102,538.614,10,0.138,1.989,0.001,1133.024,0.312,0
93.552678,24.624549,1223.162,34.872,17.181,106.421,10,0.128,31.566,0.001,999.796,4.04,0
94.052446,24.551436,786.732,1.685,59.257,106.421,30,0.127,0.666,0.05,629.008,2.67,0
93.805399,24.157486,764.125,23.092,114.942,186.675,10,0.129,7.649,0.001,718.553,0.71,0
94.285916,25.350824,1664.48,24.869,217.578,147.579,10,0.123,21.174,0.001,871.86,2.289,0
93.246636,24.858458,327.561,20.485,282.566,579.894,10,0.124,6.596,0.001,1376.093,1.126,0
93.919488,24.302174,1039.987,9.248,282.747,375.675,10,0.128,2.398,0.001,648.521,0.199,0
94.413589,25.452708,963.451,10.547,327.625,125.225,10,0.129,2.84,0.001,783.36,0.287,0
94.354943,25.099811,1714.315,25.082,252.353,237.964,10,0.125,8.463,0.05,815.754,43.095,0
93.547595,25.221924,1381.652,8.213,163.744,689.054,10,0.127,2.058,0.001,943.26,0.245,0
93.849214,24.78522,779.768,4.63,170.299,461.996,10,0.129,0.98,0.15,724.216,13.675,0
93.990635,24.693345,781.045,13.866,268.254,438.785,40,0.126,6.256,0.15,626.93,74.34,0
93.7911,25.519348,1074.182,15.114,146.833,301.004,30,0.128,4.499,0.05,905.89,26.224,0
93.862519,24.299972,776.252,1.836,67.277,93.337,50,0.128,0.295,0.01,629.956,0.238,0
93.858431,24.577111,768.66,0.295,324.444,384.84,40,0.124,0.056,0.15,691.903,0.734,0
93.875645,24.825976,796.207,15.408,335.344,59.032,10,0.128,4.61,0.001,710.215,0.418,0
93.388753,25.205806,1438.977,16.518,60.239,901.08,10,0.122,5.035,0.001,1016.396,0.625,0
94.041713,24.755732,857.462,11.695,144.646,360.287,10,0.129,6.173,0.001,625.426,0.498,0
94.572765,25.296089,1747.989,26.535,259.737,737.896,10,0.131,14.059,0.001,1057.66,1.94,0
93.785298,24.686921,775.412,1.154,130.638,83.483,40,0.127,0.213,0.15,719.219,2.914,0
93.193409,24.53397,166.765,11.915,307.318,236.127,10,0.133,3.321,0.001,1505.789,0.664,0
93.731549,24.845245,980.334,30.102,182.709,422.603,30,0.124,13.894,0.001,885.219,1.526,0
94.076204,24.864147,789.884,0.76,248.978,150.502,40,0.126,0.094,0.15,644.572,1.139,0
93.77401,24.927236,1942.208,16.446,320.228,627.515,10,0.125,12.659,0.001,868.749,1.378,0
93.43625,25.097768,683.878,35.229,8.402,177.095,10,0.121,25.863,0.001,1181.146,3.709,0
93.646633,24.808895,461.527,19.949,45.9,83.483,10,0.125,8.42,0.001,1054.369,1.109,0
93.483218,24.090957,946.652,22.422,133.899,476.843,30,0.127,11.448,0.05,788.298,57.624,0
93.874312,24.551992,772.554,5.817,302.543,41.742,10,0.0,1.738,0.001,679.005,0.0,0
94.417858,24.673407,582.042,22.826,263.936,106.421,10,0.13,11.702,0.001,1155.227,1.75,0
94.299654,25.296887,1609.776,14.166,104.918,635.791,10,0.126,4.143,0.001,1013.286,0.532,0
94.038813,24.31458,912.362,8.528,347.426,0.0,10,0.13,5.461,0.001,799.07,0.567,0
93.40521,24.467744,360.329,40.601,342.734,118.063,10,0.129,22.927,0.001,1091.981,3.235,0
93.852714,24.441253,770.111,1.88,149.553,230.526,10,0.0,0.304,0.001,685.661,0.009,0
93.690425,24.337505,847.508,1.992,68.068,88.548,50,0.0,0.328,0.01,696.028,0.0,0
93.894937,24.947492,995.215,25.262,270.652,596.921,10,0.124,8.536,0.001,733.091,0.773,0
94.482062,24.74171,885.523,5.69,83.608,591.054,10,0.126,1.28,0.001,1114.736,0.18,0
93.602848,24.622384,918.163,19.047,138.945,607.768,10,0.13,15.228,0.001,964.318,1.895,0
93.771989,25.17139,1146.379,28.905,239.011,946.35,10,0.124,23.057,0.001,903.159,2.6,0
93.945823,24.744908,779.501,2.579,253.568,65.999,10,0.124,0.458,0.001,656.621,0.038,0
94.122946,24.631442,918.051,26.511,296.77,296.631,10,0.126,9.05,0.001,796.438,0.915,0
94.040129,24.065316,992.133,28.925,68.993,344.211,10,0.127,20.568,0.001,1177.687,3.089,0
94.038721,23.963,1465.329,25.76,330.144,549.026,10,0.126,8.741,0.001,1374.18,1.512,0
93.977137,24.808005,783.278,0.79,283.28,272.123,50,0.0,0.099,0.01,643.177,0.024,0
94.445077,25.418835,1597.88,18.302,231.811,384.84,10,0.128,8.891,0.001,783.36,0.888,0
94.016074,24.862884,782.59,0.144,120.248,118.063,40,0.124,0.026,0.15,635.765,0.307,0
93.831583,24.856054,798.804,1.782,328.677,188.994,10,0.126,0.374,0.001,720.186,0.034,0
94.432195,25.543175,1324.814,0.886,297.333,679.506,40,0.129,0.114,0.15,783.36,1.733,0
93.640557,24.311137,1064.434,13.616,270.567,230.526,30,0.129,8.066,0.05,685.328,35.817,0
94.192565,24.686212,1243.471,32.523,150.714,59.032,10,0.129,25.102,0.001,821.485,2.645,0
94.53862,25.230123,1315.122,14.293,230.753,65.999,30,0.131,10.595,0.05,968.53,66.758,0
93.464349,25.230902,1017.627,24.877,307.208,243.394,10,0.124,15.949,0.001,1000.453,1.975,0
93.659972,24.45851,2010.422,28.134,201.507,924.463,30,0.126,15.081,0.05,836.493,79.354,0
93.958852,24.646527,777.254,0.386,137.202,272.123,50,0.126,0.039,0.01,621.135,0.03,0
93.98995,24.495265,781.012,1.009,69.465,486.788,50,0.135,0.21,0.01,609.953,0.111,0
93.843603,24.360473,766.704,0.041,28.584,0.0,40,0.127,0.005,0.15,658.998,0.066,0
93.876719,24.790115,779.935,1.884,255.987,401.459,50,0.127,0.531,0.01,707.586,0.478,0
93.952376,24.706783,778.724,3.177,102.619,166.967,50,0.125,0.793,0.01,646.743,0.652,0
94.488534,25.456138,1125.465,22.474,90.746,410.047,10,0.13,17.815,0.001,857.47,1.991,0
93.695033,24.335248,837.233,2.18,50.956,83.483,50,0.0,0.368,0.01,694.508,0.0,0
94.174134,23.930094,212.009,12.623,338.109,212.842,10,0.127,4.719,0.001,1379.292,0.824,0
94.336897,24.502914,805.987,8.8,233.289,501.769,10,0.126,2.249,0.001,1157.743,0.327,0
93.866455,24.272065,846.386,14.295,264.681,177.095,10,0.128,4.191,0.001,625.322,0.336,0
93.978831,24.663286,778.204,1.637,189.479,333.934,10,0.128,0.335,0.01,619.974,0.263,0
93.920747,24.883261,790.715,1.4,354.539,253.905,50,0.159,0.207,0.01,703.973,0.223,0
94.22629,24.965125,977.414,8.024,306.438,237.964,10,0.127,5.049,0.001,693.926,0.445,0
94.496637,24.895987,1551.01,26.112,168.492,653.361,10,0.126,8.886,0.001,903.934,1.014,0
93.899055,24.768915,777.991,2.021,345.447,459.159,50,0.148,0.334,0.01,697.608,0.31,0
93.889774,24.78353,780.074,1.624,43.1,563.899,50,0.125,0.251,0.01,699.941,0.219,0
94.162065,25.20779,1779.114,26.684,68.344,488.574,10,0.121,9.121,0.001,864.802,0.952,0
93.960599,24.649072,777.314,0.649,341.106,243.394,50,0.128,0.076,0.01,621.474,0.065,0
93.891078,24.758635,774.986,0.477,262.119,425.684,50,0.139,0.129,0.01,706.564,0.121,0
93.441227,25.000116,254.886,21.145,267.72,413.222,10,0.127,10.647,0.001,1233.543,1.661,0
93.763051,24.836654,1355.891,19.966,82.555,659.994,10,0.123,16.152,0.001,823.113,1.628,0
94.096734,24.354372,1212.854,7.856,60.604,375.675,40,0.128,3.015,0.15,939.746,54.512,0
93.380488,24.754625,365.676,13.655,24.551,106.421,50,0.128,9.996,0.01,1468.836,18.714,0
93.57295,24.445361,1235.066,25.857,105.885,810.477,10,0.128,8.781,0.001,1083.47,1.223,0
93.87146,24.923014,803.727,1.641,59.107,41.742,40,0.127,0.255,0.15,698.184,3.387,0
93.11168,24.67031,77.329,7.494,179.763,480.483,10,0.129,1.828,0.001,1443.334,0.339,0
93.401092,25.002818,789.722,8.815,249.942,686.521,30,0.123,2.254,0.05,1259.485,17.451,0
94.500145,25.195697,1907.789,7.637,99.24,818.499,50,0.128,1.873,0.01,889.109,2.129,0
93.488619,25.079929,627.316,9.386,265.594,373.349,10,0.127,2.444,0.001,1156.708,0.36,0
94.555729,25.385434,1015.53,10.387,261.322,83.483,10,0.128,2.785,0.001,1057.66,0.375,0
94.229605,24.855914,1127.261,17.799,42.25,59.032,10,0.129,10.531,0.001,794.8,1.075,0
94.412073,24.517982,783.096,14.075,149.5,709.609,10,0.127,4.109,0.001,1234.723,0.646,0
93.034854,24.217275,241.698,12.95,211.649,451.506,10,0.134,3.695,0.001,1111.167,0.548,0
93.384741,24.62302,455.202,21.102,30.21,502.637,10,0.132,6.843,0.001,1278.1,1.149,0
93.783572,24.294006,907.483,27.955,47.589,344.211,10,0.126,23.226,0.001,659.648,1.941,0
94.077414,25.149117,914.833,27.339,328.692,29.516,10,0.125,14.573,0.001,807.84,1.467,0
94.291484,25.09334,1435.222,13.408,305.308,243.394,10,0.124,5.097,0.001,797.906,0.51,0
94.14384,24.683101,866.983,33.423,35.54,83.483,50,0.127,15.695,0.05,779.484,77.53,0
93.950995,24.820853,783.492,0.688,316.881,118.063,50,0.126,0.082,0.01,651.431,0.051,0
94.020634,24.488472,813.189,13.191,333.051,336.532,30,0.128,3.783,0.05,612.033,14.781,0
93.834345,24.906003,834.112,4.212,53.685,41.742,10,0.127,0.867,0.001,721.081,0.079,0
94.037395,25.024129,954.995,23.383,146.939,690.948,10,0.124,17.845,0.001,660.359,1.468,0
94.164685,24.731394,1429.055,26.871,293.006,659.994,10,0.125,12.137,0.001,759.871,1.15,0
94.283746,24.271608,387.072,18.268,154.267,451.506,10,0.128,7.542,0.001,1154.962,1.118,0
94.027722,25.279787,1062.509,11.907,145.728,230.526,10,0.126,4.379,0.001,909.876,0.511,0
94.35948,25.164479,1717.721,17.567,292.574,417.417,10,0.126,9.474,0.001,796.778,0.947,0
93.856332,25.325718,2196.836,27.83,343.594,355.418,10,0.126,9.593,0.001,1026.864,1.243,0
94.482958,25.519152,1130.913,12.084,358.057,0.0,10,0.129,8.55,0.001,857.47,0.945,0
94.26216,25.268966,1241.421,24.199,172.715,106.421,10,0.128,10.689,0.001,885.659,1.213,0
93.386728,24.741099,558.141,11.508,319.608,527.995,10,0.127,4.192,0.001,1451.563,0.773,0
93.955825,24.843324,783.001,1.078,261.991,147.579,10,0.0,0.302,0.001,662.704,0.0,0
93.560834,25.234569,1041.267,16.059,251.671,59.032,10,0.125,7.54,0.001,880.456,0.828,0
94.333637,25.463475,1633.326,30.326,166.479,466.686,10,0.126,20.221,0.001,871.86,2.217,0
93.185528,24.630153,437.6,18.992,320.733,301.004,10,0.129,13.787,0.001,1507.195,2.671,0
93.965944,25.158497,1168.948,10.937,80.783,344.211,10,0.13,6.093,0.001,905.141,0.716,0
93.888518,24.99452,938.987,7.612,210.696,125.225,50,0.127,3.82,0.01,802.97,3.909,0
93.977853,25.531112,1842.716,34.025,164.374,579.894,10,0.124,23.111,0.001,1021.81,2.925,0
93.221383,24.192149,969.565,17.166,87.58,41.742,10,0.126,6.974,0.001,992.273,0.875,0
94.19376,24.912299,1435.476,22.74,327.64,985.14,30,0.124,14.289,0.05,724.429,64.27,0
93.865901,24.312545,766.027,3.405,230.395,0.0,40,0.128,1.663,0.15,633.558,20.183,0
93.944255,25.095982,974.173,2.17,123.304,59.032,40,0.128,0.483,0.15,849.306,7.902,0
93.538971,25.027237,1143.904,21.49,281.466,41.742,10,0.121,9.236,0.001,1196.591,1.338,0
93.962242,24.649466,777.371,1.238,179.834,208.709,50,0.319,0.307,0.01,620.9,0.511,0
93.524711,24.108847,644.905,24.024,85.827,212.842,10,0.127,10.594,0.001,782.483,1.064,0
93.899849,24.743937,772.271,0.063,71.18,265.643,40,0.124,0.008,0.15,700.706,0.111,0
94.429184,24.503464,253.222,2.554,200.74,177.095,40,0.131,0.986,0.15,1234.463,23.844,0
94.411744,25.118019,1797.103,13.86,101.9,446.656,10,0.13,6.253,0.001,854.412,0.69,0
94.224382,24.209257,629.251,17.882,142.275,590.317,10,0.128,7.342,0.001,1401.847,1.318,0
94.043416,24.548918,786.661,0.366,252.519,272.123,10,0.218,0.036,0.01,605.773,0.038,0
94.026037,24.691802,784.344,0.825,126.219,118.063,40,0.127,0.104,0.01,612.2,0.081,0
93.864134,24.298087,772.801,2.86,77.579,355.418,50,0.128,0.813,0.45,629.39,29.501,0
94.039594,24.978591,826.012,4.45,358.88,360.287,40,0.125,2.353,0.15,639.949,28.225,0
93.304325,24.282597,547.759,20.303,83.482,459.159,10,0.138,6.523,0.001,1131.012,1.006,0
93.058101,24.35165,472.946,30.816,216.98,356.641,10,0.128,20.606,0.001,1259.269,3.348,0
93.62462,24.526577,749.289,22.954,317.759,212.842,10,0.125,7.593,0.001,959.672,0.916,0
94.303661,25.415697,1960.505,14.783,162.456,689.054,10,0.125,4.374,0.001,871.86,0.479,0
94.150477,25.195285,1702.117,22.566,23.891,669.17,10,0.124,18.676,0.001,858.935,1.986,0
93.851106,24.911393,813.221,3.003,246.176,118.063,40,0.129,1.144,0.001,698.969,0.103,0
94.314439,25.147027,1548.697,35.568,198.534,265.643,10,0.127,16.847,0.001,818.893,1.755,0
94.193587,25.022888,1249.664,18.977,234.915,88.548,30,0.125,7.911,0.001,700.235,0.689,0
94.071179,24.690947,788.661,0.795,24.967,567.749,50,0.0,0.251,0.01,641.383,0.073,0
93.628139,24.648213,463.625,7.07,64.919,458.209,10,0.123,1.696,0.001,919.879,0.192,0
94.045407,24.754291,810.192,1.366,70.775,290.697,10,0.13,0.411,0.001,629.679,0.033,0
94.027822,24.641502,778.47,2.285,209.299,317.895,40,0.384,0.608,0.15,590.152,13.044,0
93.857074,25.243504,949.732,30.856,244.043,147.579,10,0.126,16.823,0.001,1023.979,2.163,0
94.478745,24.788017,1068.887,23.844,177.99,704.063,10,0.128,16.291,0.001,1158.062,2.401,0
93.594284,24.386767,1141.119,9.926,133.863,544.245,10,0.13,2.627,0.001,861.736,0.295,0
93.363266,24.483752,511.603,25.115,182.545,694.72,10,0.132,11.184,0.001,1232.198,1.814,0
93.707793,24.367051,806.94,1.729,97.289,186.675,50,0.138,0.36,0.01,710.712,0.371,0
94.067736,24.664282,792.392,18.817,259.377,355.418,10,0.13,10.328,0.001,626.079,0.839,0
93.926609,24.517118,770.854,1.26,157.789,345.474,40,0.125,0.181,0.15,636.482,2.152,0
93.876385,24.725829,780.202,1.079,107.321,355.418,10,0.14,0.148,0.001,724.564,0.014,0
94.012601,24.007579,662.714,38.825,176.577,59.032,10,0.13,28.819,0.001,1244.339,4.657,0
94.187226,24.422672,1318.288,31.886,139.926,590.317,10,0.126,14.863,0.001,1033.675,1.938,0
93.941734,24.719427,779.317,2.438,20.789,106.421,50,0.0,0.661,0.01,660.379,0.197,0
93.301001,24.332345,477.867,28.595,226.119,118.063,10,0.137,13.075,0.001,1181.317,2.114,0
93.655927,24.344055,998.008,3.494,20.684,0.0,20,0.13,1.719,0.001,708.665,0.158,0
93.92637,24.532543,771.098,0.571,244.003,125.225,40,0.133,0.085,0.15,636.661,1.063,0
93.135799,24.805512,33.94,1.987,64.881,522.189,10,0.126,0.327,0.001,1529.204,0.063,0
93.476854,24.838517,634.393,18.135,92.689,272.123,10,0.126,5.664,0.001,1265.557,0.904,0
93.489785,24.37017,921.593,33.137,90.9,373.349,10,0.129,15.54,0.001,1026.792,2.066,0
94.109118,24.693996,798.233,4.052,235.367,147.579,40,0.128,1.985,0.15,698.127,26.584,0
93.843417,24.790779,779.25,3.486,84.571,411.108,50,0.128,1.714,0.01,724.31,1.624,0
93.776663,24.593975,772.742,1.367,120.69,206.611,10,0.165,0.201,0.001,666.622,0.019,0
94.52769,25.401884,1164.47,9.347,6.881,0.0,10,0.132,6.147,0.001,857.47,0.697,0
93.947219,24.732468,776.36,0.733,33.136,177.095,50,0.124,0.226,0.15,656.31,2.791,0
93.940133,24.68017,773.985,0.774,42.669,29.516,40,0.123,0.243,0.15,646.268,2.894,0
93.984588,24.73322,779.223,1.949,47.907,41.742,40,0.134,0.805,0.15,642.361,10.872,0
93.915479,24.530728,772.993,1.442,204.007,590.317,50,0.123,0.334,0.01,644.795,0.266,0
93.17697,24.290905,626.582,22.554,338.718,93.337,10,0.13,7.43,0.001,1174.901,1.134,0
94.155951,25.522182,1737.0,29.838,109.914,494.776,10,0.131,10.421,0.001,890.26,1.384,0
93.920548,24.893021,787.192,0.058,181.697,166.967,40,0.126,0.003,0.15,699.235,0.047,0
93.981574,24.662495,778.769,2.212,282.407,208.709,50,0.127,0.495,0.01,618.502,0.389,0
94.29022,25.177724,1741.281,29.989,154.046,250.45,10,0.125,10.483,0.001,839.327,1.097,0
93.259558,25.01949,219.803,12.023,15.051,301.004,10,0.128,3.36,0.001,1311.823,0.565,0
94.391336,25.347908,906.216,3.135,171.795,29.516,40,0.128,1.493,0.15,783.36,22.656,0
93.163518,24.197713,564.978,29.456,184.525,59.032,10,0.133,10.264,0.001,1090.823,1.489,0
93.984474,24.803646,779.974,0.079,86.666,375.675,40,0.127,0.013,0.15,642.601,0.153,0
93.884598,24.753457,777.751,1.21,186.479,582.143,50,0.0,0.266,0.01,712.816,0.064,0
93.704219,24.881213,1181.207,18.799,110.729,473.175,30,0.125,12.132,0.05,881.394,66.886,0
94.485803,25.45485,1168.328,21.036,194.08,422.603,10,0.13,14.846,0.001,857.47,1.653,0
93.803682,24.615796,768.069,0.416,159.299,354.19,40,0.0,0.108,0.15,674.419,0.0,0
93.520988,24.561771,1073.481,39.504,226.438,475.929,10,0.128,22.258,0.001,1034.508,2.949,0
93.669306,24.884663,867.103,10.965,190.532,272.123,30,0.123,2.986,0.15,915.45,50.485,0
93.975767,24.501641,778.997,1.063,239.22,214.879,40,0.163,0.333,0.15,608.327,4.56,0
93.150165,24.55348,333.231,18.852,239.785,265.643,10,0.129,5.946,0.001,1487.855,1.144,0
93.905103,24.404774,778.428,2.454,30.583,41.742,40,0.132,0.667,0.15,634.416,8.235,0
93.814956,24.414439,770.303,1.884,81.76,532.104,40,0.126,0.771,0.15,696.323,10.164,0
94.262911,25.154635,1962.985,11.518,188.204,446.656,10,0.121,8.041,0.001,832.468,0.81,0
93.634833,24.449443,1335.498,14.856,181.151,442.738,10,0.126,4.401,0.001,917.268,0.508,0
93.887064,24.764062,776.283,1.354,281.893,696.599,50,0.356,0.262,0.01,707.835,0.372,0
94.037671,24.093679,1391.229,35.272,184.685,473.175,10,0.128,16.688,0.001,1081.596,2.32,0
93.723868,24.710147,1694.786,20.707,166.722,354.19,30,0.125,10.373,0.05,822.687,53.13,0
94.506917,25.169641,1959.499,35.264,243.531,915.467,30,0.129,19.622,0.05,905.639,114.125,0
94.249671,25.059123,1674.311,24.124,42.814,826.97,10,0.122,10.648,0.001,757.872,0.985,0
93.954392,25.112357,999.039,1.017,143.516,356.641,50,0.126,0.137,0.01,859.127,0.149,0
93.196562,24.62121,290.041,35.225,237.006,365.091,10,0.13,16.663,0.001,1521.391,3.308,0
93.766128,24.565985,769.053,0.467,198.603,336.532,40,0.123,0.05,0.15,672.377,0.752,0
94.159706,25.523232,1602.443,31.148,132.718,263.998,10,0.126,25.181,0.001,890.26,2.814,0
93.822611,24.847663,801.591,2.355,109.273,29.516,40,0.125,0.537,0.15,733.238,7.4,0
93.794353,24.707096,781.959,0.429,71.739,236.127,40,0.124,0.069,0.15,740.75,0.953,0
94.543565,25.463265,1077.836,22.529,268.682,397.095,10,0.13,12.919,0.001,1057.66,1.769,0
94.057216,24.598292,784.531,1.38,253.286,237.964,50,0.125,0.203,0.01,631.341,0.166,0
93.440599,24.142353,988.592,13.761,270.411,237.964,40,0.129,10.095,0.15,745.567,145.686,0
94.042529,25.064938,808.32,1.16,291.41,292.192,40,0.124,0.41,0.15,672.862,5.145,0
93.790217,24.634184,769.463,0.818,95.931,158.948,40,0.125,0.16,0.15,666.965,2.099,0
93.174063,24.324811,802.091,10.289,229.49,65.999,10,0.129,2.751,0.001,1179.428,0.417,0
93.867268,24.716669,772.933,1.794,46.827,669.17,40,0.128,0.545,0.001,730.329,0.05,0
93.783728,24.297118,815.799,13.499,17.747,121.697,30,0.127,9.851,0.05,661.644,41.337,0
94.049823,23.955108,1472.427,24.206,35.469,500.9,10,0.127,10.693,0.001,1410.364,1.914,0
93.986269,24.870509,780.788,0.432,216.214,740.254,40,0.129,0.045,0.15,655.294,0.565,0
94.018777,25.295331,1359.821,26.141,131.737,395.997,10,0.128,16.938,0.05,935.986,101.821,0
94.35927,25.186805,1807.918,33.949,137.78,365.091,10,0.122,24.795,0.001,802.646,2.423,0
94.049781,24.592718,784.64,1.848,235.877,93.337,50,0.125,0.297,0.001,612.51,0.023,0
93.937293,24.741615,775.555,1.861,224.241,88.548,40,0.125,0.396,0.15,664.973,5.693,0
93.452218,25.199347,949.387,22.536,160.054,106.421,10,0.122,7.423,0.001,1108.095,1.009,0
93.847824,24.71723,773.715,1.568,259.389,296.631,50,0.129,0.317,0.01,736.401,0.296,0
94.42425,25.575104,894.005,37.902,231.256,59.032,30,0.129,18.086,0.05,783.36,91.131,0
94.375801,24.915395,823.009,31.275,79.333,590.317,10,0.128,27.844,0.001,898.885,3.191,0
93.177772,24.603671,569.299,43.812,139.994,278.452,10,0.129,21.126,0.001,1505.146,4.111,0
94.007071,24.332192,918.55,22.687,216.545,435.796,50,0.13,11.614,0.01,750.661,11.322,0
94.233328,24.1093,312.904,8.625,228.885,438.785,10,0.13,2.892,0.001,1295.639,0.486,0
94.548355,25.263249,1330.926,25.948,225.933,292.192,10,0.132,15.353,0.001,989.21,2.011,0
93.780526,24.87889,1125.806,15.201,246.22,83.483,10,0.126,5.98,0.001,804.814,0.608,0
94.276101,24.320815,387.922,15.355,99.923,212.842,10,0.128,6.057,0.001,1259.989,0.98,0
94.113748,24.21112,1055.979,30.89,193.46,188.994,10,0.129,27.444,0.001,1050.322,3.725,0
94.030975,24.668683,786.119,0.913,40.503,83.483,50,0.152,0.119,0.01,600.281,0.104,0
93.404152,24.159328,1007.268,41.309,58.086,458.209,10,0.127,19.859,0.001,753.556,1.9,0
93.903749,24.864772,811.361,16.803,110.968,532.104,10,0.126,13.007,0.001,705.582,1.163,0
94.496136,24.782504,1103.174,26.077,214.41,1024.587,50,0.128,22.429,0.01,1151.893,32.981,0
93.88212,24.749642,777.925,1.662,116.976,541.839,50,0.125,0.259,0.01,715.751,0.238,0
94.429399,25.079244,1876.169,23.101,213.948,317.895,10,0.128,11.876,0.001,886.942,1.352,0
93.894802,24.15573,1069.853,21.032,61.606,410.047,10,0.126,6.815,0.001,680.607,0.586,0
93.641979,25.126153,1336.506,30.107,111.483,659.994,10,0.126,26.628,0.001,1057.818,3.548,0
94.047294,24.918228,791.627,1.007,105.481,214.879,40,0.127,0.277,0.15,633.122,3.317,0
93.157369,24.327005,687.175,20.888,317.366,373.349,10,0.128,10.486,0.001,1199.816,1.609,0
93.844392,24.132015,856.463,11.017,8.815,608.485,10,0.127,3.004,0.001,698.929,0.267,0
94.183696,24.427605,1236.742,28.924,206.575,41.742,10,0.127,21.875,0.001,1022.565,2.837,0
93.596292,25.197863,323.334,16.957,68.869,523.022,10,0.124,9.061,0.001,768.778,0.865,0
93.901944,24.492692,769.322,0.167,26.062,605.614,40,0.124,0.013,0.15,654.51,0.159,0
93.671817,25.143487,1108.42,29.056,259.912,435.796,10,0.124,19.224,0.001,964.74,2.308,0
93.969253,24.899353,785.769,13.55,290.437,41.742,30,0.129,5.166,0.05,689.437,22.93,0
93.165139,24.745846,39.167,21.395,291.024,29.516,10,0.128,17.6,0.001,1513.165,3.401,0
93.53743,24.381016,1132.892,30.244,296.954,395.997,10,0.128,24.326,0.001,988.449,3.059,0
93.827459,24.892379,836.057,9.36,125.916,419.499,10,0.125,3.214,0.001,725.316,0.29,0
94.074771,25.070892,1141.976,26.197,280.907,728.988,10,0.124,11.771,0.001,686.395,1.0,0
93.899108,24.743821,772.102,0.394,18.42,324.674,40,0.124,0.04,0.15,701.263,0.529,0
94.276131,24.527313,1125.418,27.906,73.08,710.836,10,0.127,12.7,0.001,1085.426,1.755,0
93.686618,24.134755,1112.286,18.719,131.972,158.948,10,0.129,5.893,0.001,753.129,0.571,0
94.025285,24.95023,808.615,19.644,72.536,59.032,30,0.126,10.899,0.05,649.334,44.525,0
93.910414,24.129261,1183.172,22.455,344.514,397.095,10,0.127,17.797,0.001,744.935,1.687,0
93.756359,24.440264,781.392,1.546,202.668,308.154,10,0.123,0.236,0.15,689.984,2.997,0
94.597617,24.998245,1497.307,31.649,29.252,794.738,10,0.13,14.735,0.001,993.724,1.906,0
94.144124,23.911066,434.537,21.531,141.996,449.572,10,0.129,9.258,0.001,1458.316,1.749,0
93.80933,24.717994,778.908,2.254,110.147,388.22,50,0.123,0.508,0.01,749.207,0.471,0
93.896523,24.807885,782.25,1.211,329.467,375.675,50,0.0,0.172,0.01,687.799,0.022,0
94.057568,24.234781,1668.25,18.363,55.953,542.642,10,0.126,10.952,0.001,897.568,1.242,0
93.955231,24.648026,778.302,0.703,65.521,172.105,50,0.125,0.085,0.01,623.093,0.101,0
94.035302,24.668327,786.713,1.585,194.79,158.948,10,0.159,0.244,0.001,598.315,0.023,0
93.308348,24.098821,704.901,26.865,323.321,106.421,10,0.128,12.133,0.001,912.738,1.436,0
94.349925,25.295682,1335.64,10.373,308.86,816.368,10,0.129,2.78,0.001,1126.297,0.403,0
93.969228,25.519719,1656.232,44.018,204.167,263.998,30,0.126,38.745,0.05,1021.81,250.38,0
94.163584,25.08686,1042.775,21.438,276.048,534.555,10,0.128,10.83,0.001,746.252,1.037,0
94.061092,24.253636,1304.479,28.666,294.114,395.997,10,0.127,25.125,0.001,884.372,2.819,0
93.491598,24.133127,872.15,30.008,333.929,65.999,10,0.127,10.491,0.001,752.109,1.007,0
93.921659,24.788605,777.277,0.784,313.199,410.047,50,0.0,0.246,0.01,675.032,0.0,0
94.037527,24.761942,857.974,5.757,90.494,41.742,10,0.125,2.263,0.001,626.982,0.178,0
93.787054,25.218536,1568.571,18.511,155.896,208.709,30,0.126,11.063,0.05,970.284,67.8,0
93.458356,24.178438,1102.07,16.163,180.854,793.092,10,0.129,10.03,0.001,721.84,0.937,0
94.578955,24.807051,613.386,12.082,124.983,29.516,10,0.127,8.548,0.001,1230.573,1.336,0
93.918989,24.702189,776.734,0.337,145.97,534.555,50,0.23,0.033,0.01,673.784,0.04,0
93.467858,24.79761,591.956,19.609,355.688,230.526,10,0.127,8.242,0.001,1354.066,1.422,0
93.946746,24.860631,783.816,1.115,96.494,237.964,50,0.131,0.154,0.01,681.69,0.099,0
94.280561,24.291704,509.871,25.841,333.296,608.485,10,0.128,16.703,0.001,1195.853,2.549,0
94.63857,25.052071,1233.518,14.316,243.645,308.154,10,0.131,4.199,0.001,1148.02,0.629,0
93.973174,25.518802,1595.684,21.104,55.09,593.261,10,0.124,9.031,0.001,1021.81,1.142,0
94.482335,25.492744,1375.68,35.815,26.05,614.185,10,0.128,26.348,0.001,857.47,2.906,0
93.644534,24.647939,655.649,20.982,256.913,626.126,10,0.122,17.18,0.05,876.003,91.964,0
93.914071,24.771759,773.272,0.489,253.898,0.0,40,0.127,0.133,0.15,684.885,1.739,0
94.066441,24.567256,788.936,0.475,237.114,118.063,40,0.127,0.051,0.15,661.902,0.639,0
94.326359,25.276584,1140.271,18.416,293.411,290.697,10,0.126,7.619,0.001,824.14,0.793,0
94.051065,24.739118,783.396,0.235,175.533,59.032,40,0.127,0.039,0.15,633.833,0.469,0
94.056219,25.015991,836.57,1.389,348.954,83.483,40,0.123,0.205,0.15,655.749,2.481,0
93.943144,24.446073,774.088,8.348,250.86,118.063,40,0.126,4.303,0.15,621.468,50.339,0
94.46019,24.96453,1683.662,33.217,79.899,425.684,10,0.127,22.482,0.001,1007.179,2.88,0
94.010645,24.620015,776.242,1.58,104.399,486.788,50,0.155,0.243,0.01,593.869,0.129,0
94.059915,24.239199,1455.219,12.642,8.277,607.768,10,0.127,9.059,0.001,898.414,1.029,0
93.51869,24.763444,481.94,18.258,230.861,0.0,10,0.128,14.441,0.001,1209.376,2.239,0
94.110636,23.911531,688.476,10.199,157.031,278.452,10,0.13,2.72,0.001,1476.254,0.521,0
94.361394,25.381658,1169.599,14.047,168.812,960.966,40,0.131,4.099,0.01,783.36,4.214,0
94.122878,24.438469,1070.488,23.806,228.682,480.483,10,0.129,20.074,0.001,910.847,2.364,0
