lon,lat,elevation_m,slope_deg,aspect_deg,distance_to_stream_m,landcover_class,soil_erodibility_k,rusle_ls_factor,rusle_c_factor,rainfall_erosivity_r,soil_loss_tha_yr,label
88.14222200000006,27.121500000000026,1253.57,38.62,164.42,415.61,10,0.13,18.43,0.0,2564.11,6.16,1
88.55838900000003,27.264361000000065,610.47,22.67,142.73,41.56,10,0.13,18.91,0.0,2808.7,6.7,1
88.29830556000007,27.237583330000064,507.62,51.25,48.16,41.56,10,0.13,32.49,0.0,2277.43,9.26,1
88.54244400000005,27.254778000000044,642.99,36.24,162.81,188.17,10,0.12,24.78,0.0,2830.58,8.68,1
88.34838900000005,27.233667000000025,1915.42,33.12,306.69,812.83,10,0.13,20.46,0.0,2538.85,6.55,1
88.63402778000005,27.195638890000055,549.16,31.78,337.21,65.71,10,0.12,17.38,0.0,2319.18,5.02,1
88.69158300000004,27.36930600000005,2814.46,36.26,111.21,664.97,10,0.12,13.02,0.0,2451.57,3.94,1
88.19683300000008,27.347278000000074,1846.67,35.77,81.88,408.27,10,0.13,24.42,0.0,2151.52,6.7,1
88.38847200000004,27.297139000000072,1515.36,25.56,239.91,251.09,10,0.13,15.05,0.0,2752.55,5.33,1
88.42711100000008,27.158944000000076,1588.31,39.49,240.21,395.37,10,0.13,24.92,0.0,2413.47,7.65,1
88.07994400000007,27.29488900000007,2087.43,24.67,7.45,166.24,10,0.13,10.92,0.0,1894.7,2.61,1
88.30002799900006,27.15947200000005,646.81,25.95,294.63,29.39,10,0.13,11.61,0.0,2229.26,3.29,1
88.44383300000004,27.084722000000056,283.37,19.16,189.37,0.0,10,0.13,15.34,0.0,2173.41,4.22,1
88.60277778000005,27.193083330000036,499.25,36.71,169.95,117.55,10,0.12,17.42,0.0,2293.22,4.98,1
88.30688900000007,27.395500000000027,1622.59,38.23,240.06,409.33,10,0.13,13.81,0.0,2762.6,4.87,1
88.39027800000008,27.155306000000053,1203.94,35.21,317.64,65.71,10,0.13,19.56,0.0,2575.36,6.41,1
88.70972200000006,27.37147200000004,3141.48,37.54,244.93,270.94,30,0.13,34.29,0.05,2406.77,531.02,1
88.50250000000005,27.23166667000004,392.65,28.62,343.33,0.0,10,0.13,25.08,0.0,2731.06,8.6,1
88.49050000000005,27.19741700000003,364.89,47.06,233.49,213.95,10,0.13,43.53,0.0,2517.37,14.19,1
88.59813900000006,27.52963900000003,1477.45,31.51,3.87,456.22,10,0.13,22.71,0.0,2700.9,7.87,1
88.30988900000006,27.151028000000053,1203.47,22.77,332.1,893.8,10,0.13,7.51,0.0,2303.38,2.21,1
88.59719400000006,27.67672200000004,2208.6,37.12,240.54,146.94,10,0.13,33.58,0.0,1133.67,5.1,1
88.14136100000007,27.163861000000054,2155.05,34.28,101.78,251.09,10,0.13,25.03,0.0,2661.04,8.4,1
88.30475000000007,27.23791700000004,843.12,34.11,286.81,457.17,10,0.13,12.15,0.0,2311.3,3.54,1
88.83650000000006,27.314500000000066,4095.19,31.32,184.03,635.76,30,0.13,22.55,0.45,2106.51,2810.56,1
88.53066700000005,27.48108300000007,1025.2,29.94,251.29,444.72,10,0.13,16.21,0.0,3287.92,6.79,1
88.62055556000007,27.339722220000056,1863.95,26.09,194.71,436.88,30,0.13,22.44,0.05,2649.36,381.19,1
88.51452800000004,27.433083000000067,716.26,39.16,260.5,176.33,50,0.13,27.0,0.0,2733.32,9.28,1
88.62527800000004,27.37580600000007,1866.26,37.64,0.58,423.84,10,0.13,34.39,0.0,2657.63,11.49,1
88.64205600000008,27.293556000000024,1446.61,31.1,187.05,427.89,10,0.13,22.36,0.0,2654.5,7.58,1
88.18783300000007,27.28144400000008,1741.43,31.44,97.29,409.33,10,0.13,19.26,0.0,2483.71,6.04,1
88.38330600000006,27.162750000000074,1553.58,33.43,317.52,457.17,10,0.13,22.6,0.0,2660.21,7.68,1
88.81236100000007,27.38086100000004,3983.75,44.38,227.92,236.93,100,0.13,33.17,0.05,2102.56,467.55,1
88.14861100000007,27.256750000000068,1554.44,27.73,39.82,503.04,10,0.13,14.79,0.0,2365.69,4.51,1
88.53750000000008,27.502000000000066,1232.88,31.03,330.38,124.68,10,0.13,16.9,0.0,3529.48,7.72,1
88.52438900000004,27.245028000000048,483.55,37.21,111.18,65.71,10,0.12,33.96,0.0,2813.76,11.88,1
88.48930556000005,27.20683333000005,351.91,25.93,299.89,65.71,10,0.13,22.27,0.0,2576.84,7.43,1
88.30341700000008,27.273250000000075,1290.61,43.67,149.78,295.34,10,0.13,21.02,0.0,2220.64,6.03,1
88.61755600000004,27.372333000000026,1884.51,33.48,324.12,842.05,10,0.13,20.72,0.0,2658.8,6.96,1
88.53455600000007,27.265944000000047,1165.92,47.06,191.57,675.92,10,0.13,43.53,0.0,2809.7,15.63,1
88.58866700000004,27.203167000000064,1292.03,36.97,170.21,670.15,10,0.13,17.56,0.0,2360.36,5.3,1
88.48633300000006,27.169028000000026,1247.32,34.03,352.71,546.65,10,0.13,23.07,0.0,2278.79,6.73,1
88.21002800000008,27.253889000000072,1412.96,40.96,22.58,235.1,10,0.13,23.11,0.0,2521.84,7.56,1
88.34044400000005,27.12644400000005,1044.88,31.01,255.66,884.08,10,0.13,22.29,0.0,2471.4,7.13,1
88.83930600000008,27.361583000000053,3826.14,34.43,269.58,251.09,30,0.13,31.11,0.05,1899.41,390.63,1
88.41752800000006,27.166611000000046,1806.12,29.75,109.07,499.59,10,0.12,24.97,0.0,2510.12,7.81,1
88.32327800000007,27.206917000000033,473.28,29.7,105.04,41.56,10,0.13,26.2,0.0,2364.08,7.87,1
88.70261100000005,27.383361000000036,3170.58,40.18,214.1,207.8,30,0.13,36.94,0.05,2395.97,571.8,1
88.63527800000008,27.39305600000006,1576.07,35.04,181.15,249.36,30,0.13,28.79,0.05,2651.07,480.27,1
88.22736100000003,27.339806000000067,1185.31,37.65,99.2,302.57,10,0.13,27.81,0.0,2153.1,7.92,1
88.63420000000008,27.195511000000067,583.87,39.98,334.52,88.16,10,0.12,14.51,0.0,2317.28,4.18,1
88.60797200000007,27.52772200000004,1517.56,46.19,271.56,117.55,10,0.13,40.63,0.0,2497.02,13.07,1
88.36822200000006,27.140889000000072,1230.79,30.15,237.17,771.4,10,0.13,18.34,0.0,2582.6,6.12,1
88.50033300000007,27.154250000000047,995.73,37.77,88.96,242.34,10,0.13,17.99,0.0,2148.23,5.02,1
88.30805600000008,27.27550000000008,1574.81,44.04,211.26,693.58,10,0.13,40.36,0.0,2234.14,11.61,1
88.10619400000007,27.28475000000003,1617.21,26.95,262.75,41.56,30,0.13,21.17,0.0,1948.94,5.41,1
88.55166700000007,27.728472000000068,2691.01,38.83,134.41,83.12,10,0.13,18.54,0.0,1527.37,3.74,1
88.65652800000004,27.613444000000072,1774.49,36.95,152.91,229.53,10,0.13,13.3,0.0,2161.91,3.74,1
88.41791700000005,27.31469400000003,1211.54,31.28,137.47,29.39,10,0.13,25.26,0.0,3050.28,9.97,1
88.67925000000008,27.37008300000008,2583.19,38.65,246.89,323.27,50,0.13,18.45,0.05,2476.87,287.71,1
88.40333300000003,27.10111100000006,811.51,29.43,175.19,599.4,30,0.13,20.96,0.05,2164.08,288.46,1
88.39694400000008,27.25516700000003,1587.79,23.43,128.05,855.79,10,0.13,19.69,0.0,2751.35,6.92,1
88.08438900000004,27.28986100000003,2086.69,33.18,54.08,270.94,10,0.13,20.5,0.0,1898.09,4.92,1
88.62838900000008,27.340917000000047,1995.63,25.0,158.92,605.85,50,0.13,8.41,0.01,2647.65,28.5,1
88.69755600000008,27.257139000000052,1398.6,23.21,156.61,88.16,10,0.13,19.46,0.0,2677.96,6.59,1
88.70477800000003,27.258222000000046,1225.33,21.83,102.22,411.43,10,0.13,18.04,0.0,2674.49,6.15,1
88.71100000000007,27.254750000000058,1029.19,39.82,231.39,65.71,10,0.13,27.49,0.0,2684.35,9.34,1
88.56208300000009,27.188150000000064,453.45,28.59,181.52,249.36,10,0.13,21.54,0.0,2265.05,6.21,1
88.54372200000006,27.40966700000007,1539.2,43.68,195.57,383.17,10,0.13,21.02,0.0,2745.91,7.47,1
88.19086100000004,27.28066700000005,1568.32,33.66,134.66,105.96,30,0.13,27.5,0.05,2489.38,436.74,1
88.60666667000004,27.247222220000026,1282.65,27.66,271.75,464.66,50,0.13,14.75,0.0,2722.85,5.05,1
88.42302800000004,27.160056000000054,1579.64,41.37,166.37,399.72,50,0.13,38.11,0.01,2441.83,117.65,1
88.63961100100005,27.38444400000003,1652.44,32.24,311.21,171.36,10,0.13,19.83,0.0,2628.51,6.61,1
88.36961100000008,27.177167000000054,1570.69,40.47,303.34,278.8,10,0.13,19.39,0.0,2734.57,6.79,1
88.46236100000004,27.169583000000046,1648.37,24.05,115.07,973.35,10,0.13,20.33,0.0,2344.34,5.98,1
88.54925000000009,27.73527800000005,2731.07,40.09,73.14,236.93,30,0.13,19.2,0.05,1514.47,192.7,1
88.39413900000005,27.272056000000077,1037.03,29.04,132.11,242.34,10,0.13,20.63,0.0,2850.41,7.69,1
88.32375000000008,27.204694000000075,456.09,39.53,98.12,92.93,50,0.13,32.92,0.0,2371.24,9.92,1
88.62230600100008,27.552861000000064,1756.33,34.63,203.76,223.81,10,0.13,31.32,0.0,2339.73,9.43,1
88.54166700000007,27.37844400000006,1764.81,31.51,330.45,678.47,10,0.13,14.63,0.0,2727.53,5.15,1
88.65711100000004,27.22086100000007,1156.54,35.01,348.47,489.11,10,0.12,23.83,0.0,2497.76,7.4,1
88.64891700000004,27.329472000000067,1403.07,18.41,29.21,29.39,10,0.13,8.94,0.0,2617.53,3.01,1
88.31108300000005,27.14416700000004,1160.21,33.21,195.32,827.57,10,0.13,29.85,0.0,2308.81,8.95,1
88.31675000000007,27.126472000000035,353.11,33.63,210.54,251.09,10,0.13,30.28,0.0,2346.0,9.09,1
88.58952778000008,27.281194440000036,979.06,34.4,59.01,408.27,10,0.13,16.19,0.0,2749.69,5.59,1
88.44508300000007,27.12477800000005,624.74,33.66,14.56,88.16,10,0.13,26.07,0.0,2228.23,7.52,1
88.34338900000006,27.122611000000063,912.76,32.76,195.08,706.53,10,0.13,11.6,0.0,2448.34,3.68,1
88.59648300000003,27.190067000000056,451.83,36.3,130.03,65.71,30,0.12,20.24,0.05,2269.56,287.04,1
88.60266700000005,27.54711100000003,1734.55,31.41,94.93,213.95,10,0.13,27.99,0.0,2701.02,9.6,1
88.65444400000007,27.55488900000006,1453.71,37.28,113.71,131.43,10,0.13,13.44,0.0,1947.66,3.33,1
88.18297200000006,27.25172200000003,1429.52,26.01,316.54,440.82,10,0.13,18.07,0.0,2654.33,6.09,1
88.26211100000006,27.128972000000033,420.11,38.14,148.38,105.96,10,0.13,30.01,0.05,2004.6,384.73,1
88.63527778000008,27.39305556000005,1576.07,35.04,181.15,249.36,30,0.13,28.79,0.05,2651.07,480.27,1
88.64605600000004,27.550917000000027,1355.88,36.4,182.16,117.55,10,0.13,31.51,0.0,1999.02,8.09,1
88.39330600000005,27.21505600000006,1549.5,34.21,321.09,29.39,10,0.12,30.89,0.0,2745.92,10.54,1
88.21633300000008,27.330750000000023,1460.71,29.89,42.95,520.75,10,0.13,25.1,0.0,2200.49,7.13,1
88.23436100000004,27.219444000000067,1294.33,32.91,134.56,289.44,10,0.13,15.39,0.0,2514.35,5.08,1
88.10175000000004,27.296028000000035,1999.94,26.88,84.47,343.98,10,0.13,9.18,0.0,1896.78,2.25,1
88.28850000000006,27.191917000000046,1269.96,38.69,190.09,541.89,10,0.13,18.47,0.0,2147.78,5.12,1
88.43337500000007,27.096444000000076,883.66,31.8,149.73,725.83,10,0.13,28.39,0.0,2180.82,7.92,1
88.26488900000004,27.28413900000004,1058.81,32.44,136.52,223.81,10,0.13,24.98,0.0,2214.6,7.22,1
88.51661100000007,27.411306000000025,592.53,40.6,237.9,58.78,80,0.13,37.05,0.0,2870.24,0.0,1
88.60633300000006,27.531667000000027,1446.61,40.74,252.62,188.17,10,0.13,28.18,0.0,2551.33,9.23,1
88.58302800000007,27.426361000000043,1656.74,25.5,171.43,29.39,10,0.13,13.37,0.0,2721.27,4.62,1
88.78666700000008,27.26327800000007,3378.14,39.97,253.5,570.61,50,0.12,14.5,0.01,2483.72,44.61,1
88.61886100000004,27.619722000000024,1803.1,46.42,69.41,124.68,30,0.13,42.94,0.05,2036.59,570.86,1
88.67604700000004,27.207606000000055,722.64,32.14,5.01,58.78,10,0.13,17.61,0.0,2404.0,5.34,1
88.28750000000008,27.268944000000033,589.99,48.67,55.76,124.68,50,0.13,44.99,0.01,2178.53,123.78,1
88.54361100000006,27.255278000000033,631.61,42.3,139.14,131.43,10,0.12,38.7,0.0,2830.1,13.59,1
88.09458300000006,27.295444000000032,2086.12,39.95,177.31,441.8,10,0.13,29.68,0.0,1864.45,7.08,1
88.77602800000005,27.367111000000023,3901.22,28.07,139.36,484.68,30,0.13,12.77,0.05,2244.79,190.1,1
88.34888900000004,27.16761100000008,1094.7,38.6,237.6,335.07,10,0.13,35.36,0.0,2613.9,11.95,1
88.18691700000005,27.279972000000043,1736.64,34.92,142.34,470.21,50,0.13,16.47,0.0,2492.8,5.2,1
88.22844400000008,27.164500000000032,1422.5,35.3,75.04,1028.99,10,0.13,16.67,0.0,2546.32,5.42,1
88.34277800000007,27.13380600000005,1192.6,30.01,101.37,457.17,30,0.13,26.53,0.05,2528.22,432.99,1
88.37866700000006,27.126306000000056,1123.55,41.74,222.66,587.76,30,0.13,26.45,0.05,2424.76,414.74,1
88.32366667000008,27.117555560000028,391.55,51.08,251.77,105.96,10,0.13,18.6,0.0,2384.72,5.67,1
88.45861111000005,27.316638890000036,529.47,11.65,91.7,105.96,10,0.13,6.13,0.0,3215.78,2.49,1
88.39111100000008,27.219444000000067,1570.1,28.26,292.79,146.94,10,0.13,24.7,0.0,2736.15,8.59,1
88.39083300000004,27.133722000000034,1652.37,35.26,189.61,881.64,10,0.13,27.49,0.0,2415.0,8.41,1
88.38952800000004,27.273083000000042,1213.51,42.77,148.72,436.88,10,0.13,33.95,0.0,2847.47,12.57,1
88.55813900000004,27.31502800000004,1235.12,35.03,176.6,29.39,10,0.13,21.81,0.0,2712.36,7.58,1
88.65516700000006,27.36505600000004,2341.33,31.84,215.13,185.87,50,0.13,28.43,0.01,2550.84,92.2,1
88.44980600000008,27.366944000000046,1681.51,28.74,117.44,744.04,10,0.13,25.2,0.0,3087.35,9.94,1
88.09094400000004,27.158972000000063,2194.84,32.91,316.77,211.92,10,0.12,15.39,0.0,2259.11,4.33,1
88.62166700000006,27.395639000000074,1598.38,35.49,178.41,710.8,10,0.13,19.73,0.0,2663.84,6.69,1
88.54288900000006,27.517306000000076,1316.4,36.37,37.03,705.31,50,0.13,17.25,0.0,3708.17,8.27,1
88.62236100000007,27.417306000000053,1396.59,32.63,212.81,242.34,10,0.13,15.24,0.0,2669.42,5.1,1
88.49325000000005,27.225750000000062,383.69,46.89,284.2,88.16,10,0.13,43.37,0.0,2693.73,14.94,1
88.20263900000003,27.258778000000063,1261.15,31.31,87.64,83.12,10,0.13,27.88,0.0,2563.23,9.28,1
88.73913900000008,27.372806000000026,3483.29,30.34,206.06,117.55,30,0.13,24.37,0.01,2352.42,74.75,1
88.23327800000004,27.260861000000034,1167.53,32.3,16.92,312.4,10,0.13,28.67,0.0,2391.26,8.84,1
88.32183300000008,27.21355600000004,485.5,23.73,91.66,105.96,50,0.13,20.0,0.01,2361.8,60.29,1
88.51594400000005,27.42002800000006,662.13,49.9,274.55,29.39,10,0.13,46.09,0.0,2787.67,16.21,1
88.18955600000004,27.282917000000054,1743.23,28.09,119.86,383.17,10,0.13,15.03,0.0,2474.91,4.68,1
88.39475000000004,27.133556000000056,1674.72,28.27,173.41,499.59,10,0.13,15.14,0.0,2395.04,4.61,1
88.55350000000004,27.285777780000046,1641.09,50.54,223.11,457.17,50,0.13,32.07,0.0,2769.1,11.46,1
88.16086099900008,27.17183300000005,1348.3,28.04,120.18,124.68,30,0.13,16.82,0.05,2802.72,307.04,1
88.30241700000005,27.26019400000007,567.36,39.11,252.55,229.53,10,0.13,35.58,0.0,2271.9,10.11,1
88.14427800000004,27.26977800000003,1480.65,35.63,166.19,205.72,10,0.13,16.85,0.0,2256.33,4.96,1
88.41055600100003,27.161444000000074,1576.54,31.78,111.91,229.53,10,0.13,28.36,0.0,2512.71,8.93,1
88.55347222000006,27.286666670000045,1693.65,52.94,230.27,523.24,10,0.13,39.37,0.0,2767.58,14.07,1
88.25427800000006,27.27591700000005,1102.44,21.41,187.56,513.24,10,0.13,9.18,0.0,2273.52,2.71,1
88.22766700000005,27.28102800000005,1296.44,28.71,172.17,363.51,10,0.13,25.17,0.0,2423.33,8.0,1
88.72600000000006,27.380806000000064,3606.0,37.86,149.96,409.33,10,0.13,21.21,0.05,2352.35,327.02,1
88.62363900000008,27.617750000000058,1753.17,30.3,33.59,65.71,60,0.13,24.34,0.01,2135.69,67.93,1
88.34852800000004,27.165278000000058,1077.78,32.26,289.35,328.57,10,0.13,15.04,0.0,2613.6,5.06,1
88.38358056000004,27.170541670000034,1548.83,38.16,256.51,65.71,10,0.13,13.79,0.0,2707.65,4.79,1
88.17891700000007,27.316583000000037,1545.56,28.56,126.14,353.88,10,0.13,17.2,0.0,2241.78,5.01,1
88.34325000000007,27.158222000000023,1349.33,42.17,21.51,474.78,10,0.13,38.89,0.0,2575.75,12.69,1
88.56659722000006,27.699202780000064,2443.43,37.56,30.41,252.8,10,0.13,13.55,0.0,1505.35,2.67,1
88.49083333000004,27.23444444000006,392.52,41.16,236.06,146.94,10,0.13,19.75,0.0,2748.33,6.82,1
88.62830600000007,27.54350000000005,1305.96,41.79,46.59,58.78,10,0.13,23.61,0.0,2171.63,6.53,1
88.43055600000008,27.178111000000058,1613.57,25.32,5.32,587.76,10,0.13,21.64,0.0,2514.51,6.89,1
88.62525000000005,27.394000000000062,1583.02,47.39,181.02,650.53,10,0.13,30.13,0.0,2662.47,10.16,1
88.50797200000005,27.235750000000053,385.48,17.11,170.95,29.39,50,0.13,12.65,0.05,2755.45,217.25,1
88.78288900000007,27.374750000000063,3896.36,34.91,102.65,299.7,60,0.13,16.47,0.45,2221.65,2215.89,1
88.27250000000004,27.243806000000063,1627.09,30.99,93.61,1077.78,10,0.13,18.94,0.0,2166.28,5.26,1
88.60927800000007,27.53372200000007,1443.6,57.25,307.93,561.45,10,0.13,35.84,0.0,2502.26,11.49,1
88.38441700000004,27.13152800000006,1613.78,23.38,190.69,778.08,10,0.12,7.75,0.0,2433.58,2.34,1
88.23402800000008,27.24038900000005,1649.51,33.27,90.75,505.61,10,0.13,20.57,0.0,2426.13,6.35,1
88.54372200000006,27.409861000000035,1539.2,43.68,195.57,383.17,10,0.13,21.02,0.0,2745.91,7.47,1
88.27277800000007,27.252167000000043,1481.25,14.29,313.18,734.7,10,0.13,10.59,0.0,2169.95,2.94,1
88.59172200000006,27.20500000000004,1217.8,39.29,137.62,353.88,10,0.13,31.0,0.0,2374.04,9.36,1
88.41505600000005,27.160194000000047,1546.21,30.79,200.55,251.09,10,0.13,18.8,0.0,2483.2,5.9,1
88.09283300000004,27.15769400000005,2247.12,24.09,18.92,392.08,10,0.12,15.31,0.0,2249.93,4.3,1
88.54141667000005,27.25350000000003,602.58,24.91,142.61,166.24,10,0.12,18.25,0.0,2833.08,6.42,1
88.60833333000005,27.21391667000006,812.23,22.72,62.12,146.94,50,0.13,18.02,0.0,2440.89,5.69,1
88.53383333000005,27.260666670000035,952.02,36.17,305.91,352.65,10,0.13,17.14,0.0,2819.79,6.11,1
88.40133300000008,27.166528000000028,1523.1,29.59,250.49,197.14,10,0.13,26.09,0.0,2591.23,8.6,1
88.37713900000006,27.263194000000055,1578.31,31.15,34.2,312.4,10,0.13,14.44,0.0,2755.07,5.07,1
88.19966700000003,27.216361000000063,1938.03,38.93,145.03,121.17,10,0.12,35.69,0.0,2723.28,12.15,1
88.35686100000004,27.40027800000007,1559.12,26.1,286.49,58.78,10,0.13,8.86,0.0,3240.95,3.7,1
88.14275000000004,27.125861000000043,1516.15,26.53,258.07,791.29,10,0.13,11.93,0.0,2581.2,4.02,1
88.24830556000006,27.298333330000048,1814.02,33.39,242.45,587.76,10,0.13,22.58,0.0,2307.11,6.58,1
88.44666700000005,27.207039000000066,1331.6,46.16,188.96,223.81,30,0.13,34.52,0.05,2612.84,588.58,1
88.52219400000007,27.15769400000005,606.05,32.68,73.05,441.8,10,0.13,15.27,0.0,2093.59,4.12,1
88.37005600000003,27.284250000000043,1935.9,33.4,90.65,646.53,10,0.13,24.29,0.0,2575.39,7.86,1
88.39088900000007,27.254917000000034,1803.39,27.87,65.9,999.62,10,0.13,9.59,0.0,2736.99,3.32,1
88.22533300000003,27.123833000000047,468.44,34.29,228.86,262.85,10,0.13,25.04,0.0,2160.12,6.95,1
88.42302800000004,27.259306000000038,823.08,41.87,159.65,358.72,10,0.13,35.02,0.0,2835.29,12.43,1
88.51247200000006,27.16044400000004,909.22,22.5,158.05,750.97,10,0.13,7.4,0.0,2132.07,2.03,1
88.23694400000005,27.21727800000008,1178.22,22.7,165.79,29.39,10,0.13,11.6,0.0,2508.71,3.82,1
88.44281400000006,27.206611000000066,1317.88,36.26,90.38,121.17,50,0.13,22.68,0.01,2629.49,76.02,1
88.56929167000004,27.540100000000052,1943.61,48.57,204.97,856.8,30,0.13,44.9,0.05,3327.98,945.16,1
88.45866700000005,27.102000000000032,427.94,31.16,120.35,459.05,10,0.13,19.06,0.0,2189.91,5.41,1
88.79266700000005,27.264694000000077,3593.6,36.51,161.35,449.55,30,0.13,30.15,0.05,2463.7,465.0,1
88.60990556000007,27.33941667000005,1642.42,19.53,255.7,634.4,50,0.13,9.63,0.01,2652.34,32.77,1
88.60700000000008,27.65286100000003,1958.9,39.38,258.4,58.78,10,0.13,29.22,0.0,1353.6,5.24,1
88.19263900000004,27.28344400000003,1695.35,26.75,167.18,392.08,10,0.13,12.05,0.0,2472.76,3.75,1
88.29219400000005,27.128250000000037,361.11,38.57,187.23,457.17,30,0.13,35.04,0.05,2148.4,480.07,1
88.64488900000003,27.54930600000006,1323.38,25.79,355.94,58.78,60,0.13,22.13,0.0,2001.53,5.67,1
88.55758300000008,27.31391700000006,1284.5,31.54,43.59,88.16,10,0.13,11.1,0.0,2714.53,3.86,1
88.19097200000004,27.179278000000068,1970.51,29.42,131.47,482.0,10,0.13,13.5,0.0,2931.9,4.98,1
88.78733300000005,27.36458300000004,3888.48,31.5,179.91,634.4,50,0.13,17.2,0.05,2196.75,248.44,1
88.57025000000004,27.69713900000005,2347.7,16.52,18.08,29.39,30,0.13,5.03,0.05,1464.82,48.19,1
88.38250000000005,27.09725000000003,281.06,49.67,196.41,58.78,60,0.13,45.88,0.45,2194.33,5699.27,1
88.09686100000005,27.14988900000003,2291.81,26.02,182.38,317.88,10,0.12,15.37,0.0,2250.21,4.3,1
88.69658300000003,27.257083000000023,1422.52,25.85,151.78,0.0,10,0.13,22.19,0.0,2677.93,7.49,1
88.37308300000007,27.143556000000046,1279.34,28.54,300.58,578.87,10,0.13,21.49,0.0,2577.39,6.98,1
88.40227800000008,27.215250000000026,2035.35,29.96,271.19,371.73,10,0.12,26.47,0.0,2765.36,9.12,1
88.55988900000006,27.31600000000003,1269.27,15.28,126.28,124.68,10,0.13,9.32,0.0,2709.97,3.23,1
88.54297200000008,27.749111000000028,2837.39,35.21,71.41,251.09,30,0.13,31.92,0.05,1491.55,319.89,1
88.43072200000006,27.156250000000057,1453.38,43.36,217.22,399.72,10,0.13,30.1,0.0,2376.06,9.04,1
88.59891700000009,27.282444000000055,839.5,12.34,264.92,88.16,10,0.13,8.78,0.0,2734.0,3.02,1
88.65547222000004,27.20258333000004,721.44,39.86,350.25,117.55,10,0.13,29.61,0.0,2368.14,8.82,1
88.44608300000004,27.084222000000068,288.32,40.04,175.23,205.72,50,0.13,34.98,0.01,2174.26,96.8,1
88.66727800100006,27.20187500000003,998.54,41.5,350.17,541.89,10,0.13,38.23,0.0,2363.37,11.48,1
88.72827800000005,27.375028000000043,3371.35,33.52,273.74,105.96,30,0.13,15.72,0.01,2362.27,47.58,1
88.39463900000004,27.102639000000067,628.24,28.75,233.1,449.55,30,0.13,15.45,0.05,2171.27,212.64,1
88.51916700000004,27.397083000000066,764.7,31.46,324.16,270.94,10,0.13,28.03,0.0,2928.17,10.49,1
88.30680600000005,27.15769400000005,856.21,31.92,277.71,131.43,10,0.13,28.51,0.0,2283.43,8.25,1
88.21900000000005,27.326444000000038,1293.6,38.03,74.01,242.34,10,0.13,34.79,0.0,2226.39,10.2,1
88.22027800000006,27.227500000000077,1778.25,27.02,157.5,302.57,10,0.13,16.09,0.0,2559.12,5.18,1
88.29266667000007,27.263388890000044,608.28,44.47,39.3,146.94,10,0.13,41.11,0.01,2207.01,114.94,1
88.64755600000007,27.555250000000058,1750.16,45.91,210.27,617.84,10,0.13,22.12,0.0,2008.24,5.78,1
88.71202800000003,27.637167000000034,2264.52,31.52,133.51,88.16,10,0.13,14.64,0.0,1444.56,2.77,1
88.60083300000008,27.528722000000073,1481.61,45.92,40.98,353.88,10,0.13,42.48,0.0,2643.92,14.42,1
88.60055600000004,27.348722000000066,1252.05,31.66,334.2,88.16,10,0.13,21.23,0.0,2657.03,7.16,1
88.55286100000006,27.724222000000054,2672.26,29.84,125.34,92.93,30,0.13,10.4,0.0,1535.84,2.11,1
88.29838889000007,27.240694440000027,525.38,38.58,127.88,41.56,50,0.13,18.41,0.45,2282.98,2365.79,1
88.50961100000006,27.236583000000053,436.11,35.71,159.56,117.55,10,0.13,32.42,0.0,2761.93,11.21,1
88.18422200000003,27.149972000000048,1075.92,29.92,164.98,363.51,10,0.13,26.44,0.05,2942.02,504.89,1
88.70802800000007,27.375139000000047,3152.89,40.45,284.04,58.78,30,0.13,37.21,0.05,2402.28,566.93,1
88.09430600000007,27.161000000000058,2149.05,29.1,282.91,105.96,10,0.12,13.32,0.0,2253.38,3.74,1
88.34805600000004,27.244056000000057,1578.62,41.66,208.26,171.36,10,0.13,23.53,0.0,2551.85,7.74,1
88.38525000000004,27.173917000000074,1730.51,49.95,248.97,88.16,10,0.13,18.21,0.0,2721.2,6.32,1
88.61666667000009,27.353333330000055,1725.34,26.46,270.67,363.51,50,0.13,17.16,0.01,2653.99,57.5,1
88.37394400000005,27.302861000000064,1778.65,35.7,60.48,264.49,10,0.12,19.86,0.0,2542.7,6.26,1
88.52444400000007,27.24513900000005,483.55,37.21,111.18,65.71,10,0.12,33.96,0.0,2813.76,11.88,1
88.62179722000008,27.55314167000006,1760.03,33.9,189.56,236.93,10,0.13,30.56,0.05,2352.81,463.83,1
88.19558300000006,27.284528000000023,1720.22,28.75,198.71,628.93,10,0.12,25.22,0.0,2467.48,7.8,1
88.56608300000005,27.70044400000006,2396.6,30.51,56.31,207.8,10,0.13,27.05,0.0,1508.98,5.4,1
88.77008300000006,27.378306000000066,3821.93,17.8,164.24,235.1,30,0.13,13.98,0.05,2276.41,210.76,1
88.71544400000005,27.25088900000003,1222.85,31.94,277.08,211.92,10,0.13,17.49,0.0,2695.64,6.1,1
88.39577800000006,27.18175000000008,1873.63,28.95,212.53,411.43,10,0.13,25.42,0.0,2713.37,8.66,1
88.40641700000003,27.16375000000005,1560.47,21.64,286.47,399.72,10,0.12,17.85,0.0,2548.86,5.69,1
88.38894400000004,27.255389000000037,1872.31,26.34,72.08,788.56,10,0.13,18.35,0.0,2735.84,6.32,1
88.57932222000005,27.557044440000027,1923.71,27.49,193.0,105.96,10,0.13,23.9,0.0,3147.33,9.91,1
88.61019400000004,27.535056000000054,1430.8,37.78,283.5,457.17,10,0.13,21.16,0.0,2490.8,6.72,1
88.17894400000006,27.315778000000023,1516.8,30.94,133.95,355.09,10,0.13,18.91,0.0,2246.41,5.53,1
88.51861100000008,27.180528000000038,347.36,39.33,224.21,249.36,10,0.13,29.18,0.01,2294.51,85.99,1
88.72002800000007,27.373083000000065,3266.51,28.0,125.29,166.24,10,0.13,14.97,0.01,2380.56,45.88,1
88.24483889000004,27.123441670000034,450.4,35.78,157.5,264.49,10,0.13,32.5,0.0,2010.48,8.33,1
88.62958300000008,27.376306000000056,1830.73,40.49,319.09,342.72,10,0.13,19.4,0.0,2656.66,6.45,1
88.50119400000005,27.188528000000076,388.17,16.47,161.96,357.52,50,0.13,12.68,0.01,2411.67,39.32,1
88.31955600000003,27.155028000000073,1416.57,38.21,300.12,810.7,10,0.13,18.21,0.0,2384.7,5.48,1
88.60811111000004,27.25225000000006,1132.15,35.6,15.85,158.26,10,0.12,26.13,0.0,2737.64,8.95,1
88.79966700000006,27.37622200000004,3939.46,36.03,116.59,277.24,30,0.13,32.76,0.05,2152.03,468.98,1
88.40041700000006,27.101083000000074,788.99,25.44,224.73,701.01,10,0.13,17.6,0.0,2162.06,4.84,1
88.32275000100003,27.119555560000038,363.9,27.9,207.0,178.76,50,0.13,12.67,0.0,2392.1,3.86,1
88.67716700000005,27.37180600000005,2564.44,28.94,205.6,146.94,50,0.12,25.41,0.0,2477.21,7.8,1
88.61671944000005,27.37211111000005,1885.46,25.39,332.85,782.51,10,0.13,8.57,0.0,2658.97,2.88,1
88.48647200000005,27.240028000000052,398.17,36.99,212.06,166.24,50,0.13,27.27,0.0,2783.27,9.67,1
88.41277778000006,27.089916670000036,288.17,32.54,158.57,29.39,10,0.13,29.15,0.0,2156.35,7.89,1
88.61458300000004,27.398083000000042,1631.56,38.92,161.93,883.59,10,0.13,28.84,0.0,2666.36,9.75,1
88.58208333000005,27.552369440000064,1860.14,37.67,252.12,242.34,10,0.13,34.42,0.0,3132.8,13.81,1
88.18527800000004,27.24597200000005,1726.44,20.22,325.72,83.12,10,0.13,6.48,0.0,2675.84,2.19,1
88.26819400100004,27.20175000000006,1138.9,33.58,33.96,171.36,10,0.13,11.94,0.0,2145.74,3.3,1
88.38888900000006,27.19433300000003,1752.04,29.38,252.38,353.88,10,0.13,25.87,0.0,2758.7,9.16,1
88.09180600000008,27.160056000000054,2161.52,37.07,326.17,117.55,10,0.12,27.34,0.0,2254.54,7.66,1
88.58647200000007,27.54633300000006,1758.16,39.66,227.5,352.65,10,0.13,36.12,0.0,3016.49,14.03,1
88.79461100000003,27.368917000000067,3906.82,31.48,117.85,581.85,50,0.13,17.19,0.01,2169.25,49.62,1
88.75722222000007,27.236000000000047,1659.03,13.25,158.07,0.0,10,0.12,9.62,0.0,2616.34,3.14,1
88.28000000000009,27.27277778000007,539.11,19.59,208.35,29.39,10,0.13,6.23,0.0,2171.69,1.72,1
88.69722200000007,27.37841700000007,3073.23,42.84,199.43,358.72,30,0.12,37.6,0.05,2418.96,558.55,1
88.52861111000004,27.478888890000064,892.42,26.55,257.45,178.76,10,0.13,9.05,0.0,3260.7,3.74,1
88.50875000000008,27.236361000000045,430.32,45.27,167.73,88.16,10,0.13,28.78,0.0,2760.34,9.95,1
88.62333300000006,27.418000000000063,1395.93,32.16,82.08,242.34,10,0.12,17.62,0.0,2669.32,5.89,1
88.39158300000008,27.202417000000025,1652.61,28.41,274.69,149.85,10,0.13,24.86,0.0,2756.16,8.78,1
88.59750000000008,27.247777780000035,1265.44,13.93,68.25,423.84,50,0.13,6.28,0.0,2740.62,2.2,1
88.34022200000004,27.130444000000068,1166.1,38.48,227.26,905.32,50,0.13,18.36,0.01,2499.82,59.51,1
88.24902778000006,27.285361110000053,1208.06,20.69,196.64,0.0,10,0.13,16.89,0.0,2302.94,5.09,1
88.30738900000006,27.395028000000025,1617.66,40.53,206.62,415.61,10,0.13,14.72,0.0,2771.75,5.2,1
88.14152800000005,27.158056000000045,2025.89,38.79,127.67,223.81,10,0.13,18.52,0.0,2677.07,6.26,1
88.68905300000006,27.205047000000036,747.99,7.6,264.97,29.39,10,0.12,4.7,0.0,2453.64,1.44,1
88.44938900000005,27.10669400000006,798.63,28.42,190.92,644.53,10,0.13,18.69,0.0,2207.34,5.29,1
88.51025000000004,27.180417000000034,400.3,41.0,149.07,124.68,10,0.13,19.67,0.0,2316.17,5.83,1
88.58355600000004,27.549194000000057,1806.42,47.08,233.96,185.87,10,0.13,22.69,0.0,3088.17,8.99,1
88.34833300000008,27.149722000000054,1406.86,44.47,93.38,788.56,50,0.13,39.09,0.01,2613.72,129.66,1
88.64194400000008,27.54841700000003,1341.81,40.5,318.37,83.12,10,0.13,22.83,0.0,2023.4,5.91,1
88.34025000000008,27.12319400000007,929.28,29.59,159.28,739.97,30,0.13,21.09,0.05,2448.36,334.21,1
88.14883300000008,27.128333000000055,1545.15,40.84,45.65,683.54,10,0.13,23.03,0.0,2645.94,7.94,1
88.65670800000004,27.202433000000042,757.66,44.05,329.53,236.93,10,0.13,40.7,0.0,2366.16,12.12,1
88.55861100000004,27.31502800000004,1234.27,33.22,173.19,41.56,10,0.13,18.3,0.0,2712.29,6.36,1
88.51977800000003,27.179639000000066,335.43,39.4,238.96,249.36,10,0.13,14.28,0.01,2281.78,41.88,1
88.52952800000008,27.482583000000034,971.48,29.66,313.7,251.09,10,0.13,16.03,0.0,3302.85,6.76,1
88.58475000000004,27.543750000000045,1557.9,46.86,281.01,235.1,10,0.13,42.99,0.0,3039.4,16.79,1
88.62544400000007,27.195703000000037,574.98,33.86,312.88,117.55,10,0.12,26.25,0.0,2315.94,7.58,1
88.54244400000005,27.37458300000003,1826.8,36.03,109.04,498.73,10,0.13,32.75,0.0,2716.43,11.4,1
88.60722222000004,27.342222220000053,1580.37,22.59,236.05,617.84,50,0.13,11.54,0.01,2653.55,38.73,1
88.83491700000008,27.36472200000003,3859.34,30.44,136.29,205.72,50,0.13,16.53,0.05,1920.0,213.32,1
88.64163300000007,27.199722000000065,623.41,39.97,304.75,131.43,10,0.12,36.72,0.05,2346.76,537.93,1
88.43038900000005,27.271583000000078,490.86,45.02,152.76,65.71,10,0.13,21.69,0.0,2926.32,7.98,1
88.16533300000003,27.25736100000006,1493.69,26.74,326.43,185.87,10,0.13,20.97,0.0,2486.99,6.69,1
88.41652800000008,27.087667000000067,268.32,38.08,204.17,83.12,60,0.13,34.83,0.45,2156.16,4243.99,1
88.50800000000004,27.182111000000077,403.0,52.17,254.96,105.96,10,0.13,25.03,0.0,2336.1,7.52,1
88.61611111000008,27.37055556000007,1900.27,12.49,269.47,823.38,50,0.13,3.52,0.0,2658.71,1.19,1
88.60152800000003,27.23811100000006,1216.95,15.48,223.09,149.85,10,0.13,11.72,0.0,2648.72,3.98,1
88.23397200000005,27.241333000000054,1646.68,42.75,86.63,436.88,10,0.13,24.18,0.0,2422.65,7.43,1
88.49172200000004,27.158111000000076,1117.78,42.47,219.82,409.33,10,0.13,26.94,0.0,2176.42,7.6,1
88.17855600000007,27.317083000000025,1589.93,31.03,138.61,353.88,10,0.13,14.37,0.0,2234.2,4.15,1
88.65052800000007,27.193794000000025,1156.84,21.43,285.38,433.91,10,0.13,6.96,0.0,2304.61,2.04,1
88.36313900000005,27.107417000000055,513.4,32.51,297.39,293.88,10,0.13,15.17,0.0,2364.86,4.59,1
88.60225000000008,27.52791700000006,1482.17,43.08,34.61,355.09,10,0.13,20.72,0.0,2610.6,6.97,1
88.53136100000006,27.25163900000007,534.02,25.0,119.5,58.78,10,0.12,11.1,0.0,2836.92,3.89,1
88.60308300000008,27.19298900000007,479.48,26.36,162.34,83.12,10,0.12,22.54,0.0,2291.39,6.42,1
88.37208300000003,27.22477800000007,2038.18,47.52,148.42,670.15,10,0.13,26.93,0.0,2688.44,9.1,1
88.61608300100005,27.418472000000065,1400.43,17.83,190.95,474.78,10,0.13,14.01,0.0,2676.67,4.78,1
88.40272200000004,27.10311100000007,908.63,29.35,202.86,812.83,10,0.13,23.43,0.0,2166.15,6.45,1
88.53966700000007,27.517278000000033,1297.07,37.31,295.59,676.56,10,0.13,20.87,0.0,3699.27,9.94,1
88.43050000000005,27.26205600000003,643.44,28.92,112.88,353.88,10,0.12,17.46,0.0,2867.66,6.2,1
88.65983300000005,27.250972000000047,1426.93,31.77,229.79,105.96,10,0.13,14.77,0.0,2695.25,5.1,1
88.32041700000008,27.186361000000034,456.76,31.4,175.39,235.1,50,0.13,25.37,0.01,2363.02,76.14,1
88.42955600000005,27.176000000000045,1630.75,33.08,259.41,529.8,10,0.13,26.96,0.0,2506.05,8.56,1
88.38455600000003,27.16816700000004,1544.59,35.1,251.96,236.93,50,0.13,19.49,0.01,2688.36,67.24,1
88.65522200000004,27.61133300000006,1673.01,34.96,150.33,146.94,10,0.13,31.65,0.0,2193.79,9.02,1
88.28472222000005,27.269055560000027,673.81,34.02,2.78,235.1,10,0.13,30.69,0.0,2176.06,8.37,1
88.55359000000004,27.256770000000074,690.34,32.91,335.41,249.36,10,0.12,11.66,0.0,2820.72,4.06,1
88.24636100000004,27.233194000000026,1532.52,24.92,0.28,739.97,10,0.13,15.95,0.0,2387.82,4.89,1
88.27302800000007,27.351500000000044,1543.08,24.05,164.51,105.96,10,0.13,18.44,0.0,2176.67,5.25,1
88.51516700000008,27.435944000000063,745.4,41.87,276.37,205.72,10,0.13,38.6,0.0,2763.32,13.4,1
88.59077800000006,27.527333000000056,1504.41,41.17,249.68,583.33,10,0.13,30.66,0.0,2837.39,11.24,1
88.49797200000006,27.535333000000037,918.21,42.46,3.84,117.55,10,0.13,31.67,0.0,3142.44,12.8,1
88.61677800000007,27.418667000000028,1424.13,33.33,206.61,484.68,10,0.13,29.98,0.0,2676.3,10.22,1
88.16202800000008,27.165333000000032,1212.32,27.41,263.58,29.39,10,0.13,14.59,0.0,2840.23,5.37,1
88.43375000000003,27.106944000000055,861.98,37.42,168.6,58.78,30,0.13,23.49,0.05,2195.45,333.18,1
88.60169400000007,27.43788900000004,1791.9,26.64,71.57,583.33,10,0.13,17.3,0.0,2637.27,5.76,1
88.27566700000006,27.15450000000004,761.4,28.01,206.5,394.28,10,0.13,24.45,0.0,2030.02,6.43,1
88.54427800000008,27.745194000000026,2799.56,37.31,53.71,29.39,50,0.13,20.87,0.45,1504.31,1875.28,1
88.80869400000006,27.383750000000077,3933.89,29.57,68.05,83.12,60,0.13,19.59,0.05,2118.87,279.39,1
88.50150000000008,27.233389000000045,397.49,25.13,180.18,88.16,10,0.13,21.45,0.0,2741.02,7.36,1
88.11744400000003,27.248583000000053,2002.88,32.24,83.22,499.59,10,0.13,17.68,0.0,2176.48,4.92,1
88.09563900000006,27.153444000000036,2289.4,31.55,220.96,605.85,10,0.13,28.14,0.0,2252.22,8.01,1
88.37519400000008,27.30680600000005,1610.08,36.53,73.46,65.71,10,0.13,22.87,0.0,2541.13,7.28,1
88.44305600000007,27.15472200000005,1368.91,35.96,164.95,634.4,10,0.13,22.47,0.0,2300.18,6.55,1
88.39241700000008,27.214639000000034,1543.36,30.27,300.44,88.16,10,0.12,10.58,0.0,2744.51,3.6,1
88.66095000000007,27.198928000000024,1054.93,43.29,354.67,478.4,10,0.13,34.38,0.0,2341.33,10.23,1
88.73172200000005,27.37347200000005,3404.24,27.22,205.51,29.39,50,0.13,9.33,0.01,2361.1,28.03,1
88.52000000000004,27.163861000000054,576.19,31.57,140.09,171.36,10,0.13,22.76,0.0,2141.99,6.2,1
88.62111111000007,27.358055560000025,1748.71,28.0,301.63,121.17,10,0.12,9.65,0.0,2654.04,3.2,1
88.39160000000004,27.301408330000072,1797.38,35.86,214.46,652.52,10,0.13,32.58,0.0,2772.68,11.54,1
88.39933300000007,27.212583000000052,2001.88,35.32,326.56,415.61,10,0.12,32.03,0.0,2761.6,10.94,1
88.69277800000003,27.629500000000064,2086.86,48.49,193.71,146.94,10,0.13,44.83,0.0,1687.75,9.95,1
88.32586100000003,27.191639000000066,476.71,30.52,101.74,0.0,50,0.13,27.06,0.0,2400.9,8.29,1
88.51277800000008,27.15705600000007,745.82,29.91,160.04,489.11,10,0.13,26.21,0.0,2118.28,7.19,1
88.35041700000005,27.199028000000055,1157.17,36.54,188.62,769.15,10,0.13,25.01,0.0,2592.2,8.17,1
88.60430000000008,27.253600000000063,1071.6,17.13,299.81,146.94,50,0.13,5.26,0.01,2742.86,18.26,1
88.47044420000003,27.325009100000045,501.12,31.73,132.77,105.96,10,0.13,25.68,0.0,3170.5,10.32,1
88.58788900000008,27.212222000000054,1426.41,41.29,267.91,599.4,10,0.13,38.03,0.0,2439.37,11.66,1
88.69961100000006,27.378667000000064,3070.48,27.56,165.06,270.94,50,0.12,16.48,0.01,2413.2,49.38,1
88.27630600000003,27.219917000000066,1539.89,37.92,153.36,681.65,10,0.13,29.82,0.0,2130.41,8.22,1
88.22955600000006,27.281611000000055,1284.31,39.61,129.54,235.1,10,0.13,22.29,0.0,2413.29,7.08,1
88.35613900000004,27.397389000000032,1596.66,37.25,102.61,166.24,10,0.13,27.48,0.0,3192.66,11.32,1
88.35441700000007,27.242917000000034,1568.96,21.12,250.37,0.0,10,0.13,17.32,0.0,2584.05,5.75,1
88.64063300000004,27.38107800000006,1711.63,38.09,303.11,29.39,10,0.13,18.15,0.0,2623.65,6.08,1
88.21563900000007,27.33050000000003,1509.69,44.5,38.9,567.57,10,0.13,21.43,0.0,2201.86,6.08,1
88.32738900000004,27.242139000000066,1311.16,27.79,33.25,464.66,10,0.13,12.61,0.0,2439.93,3.95,1
88.62694400000004,27.41211100000004,1416.75,27.02,315.02,83.12,10,0.12,12.2,0.0,2666.77,4.05,1
88.37200000000007,27.172228000000075,1667.31,24.14,161.37,868.31,10,0.13,15.35,0.0,2745.56,5.38,1
88.51061100000004,27.162194000000056,1000.93,29.18,127.75,848.18,30,0.13,15.72,0.01,2151.17,43.18,1
88.65055556000004,27.193750000000023,1156.84,21.43,285.38,433.91,10,0.13,6.96,0.0,2304.61,2.04,1
88.19202800000005,27.181167000000073,1934.61,22.31,95.17,249.36,10,0.13,18.54,0.0,2917.16,6.81,1
88.27241700000008,27.351194000000078,1533.92,26.25,168.94,131.43,30,0.13,22.6,0.01,2176.26,64.43,1
88.60911100000004,27.338250000000073,1582.48,25.92,245.04,503.04,10,0.13,11.6,0.0,2654.58,3.94,1
88.43850000000003,27.15077800000006,1197.29,38.05,120.77,482.0,10,0.13,13.74,0.0,2294.72,4.03,1
88.19719400000008,27.26177800000005,1361.85,38.49,355.3,681.65,10,0.13,28.5,0.0,2594.74,9.62,1
88.53144444000009,27.250666670000044,508.56,26.64,133.74,58.78,50,0.12,11.99,0.0,2838.44,4.21,1
88.27659800000004,27.13689000000005,375.84,45.53,89.65,88.16,10,0.13,36.21,0.0,2026.7,9.43,1
88.52183300000007,27.15836100000007,607.41,37.22,68.78,386.54,30,0.13,33.96,0.05,2095.09,458.7,1
88.65141700000004,27.57544400000006,1610.87,43.43,127.78,176.33,10,0.13,24.58,0.0,2076.11,6.55,1
88.09211100000005,27.173861000000045,2342.1,25.77,101.95,197.14,30,0.12,8.73,0.05,2214.58,120.36,1
88.46166667000006,27.25858333000008,577.13,30.24,252.12,29.39,10,0.13,26.77,0.01,2832.97,95.33,1
88.26736111000008,27.281027780000045,938.06,28.09,78.07,171.36,10,0.13,24.52,0.0,2199.79,7.04,1
88.72194400000006,27.37347200000005,3279.94,33.54,158.79,92.93,50,0.13,18.5,0.05,2375.49,282.96,1
88.12736100000006,27.144056000000035,2304.4,29.6,176.17,806.96,10,0.12,26.1,0.0,2504.56,8.07,1
88.54536100000007,27.74094400000007,2753.62,26.9,112.77,65.71,30,0.14,9.19,0.05,1514.51,93.72,1
88.58775000000009,27.211500000000058,1415.64,39.31,286.66,595.06,10,0.13,24.79,0.0,2432.79,7.6,1
88.73875000000004,27.686389000000077,2646.4,37.38,101.16,29.39,30,0.13,20.91,0.0,842.74,2.34,1
88.48416000000003,27.239240000000052,372.14,31.91,29.38,65.71,10,0.13,28.5,0.0,2778.48,9.96,1
88.18022200000007,27.141944000000024,825.79,32.52,238.8,394.28,10,0.13,11.5,0.0,2854.46,4.33,1
88.14308300000005,27.16347200000007,2073.33,19.16,95.22,171.36,10,0.13,15.34,0.0,2678.19,5.22,1
88.21961100000004,27.320611000000042,1203.01,44.19,165.62,188.17,10,0.13,28.07,0.0,2261.08,8.32,1
88.13947200000007,27.121917000000053,1262.17,38.26,254.33,645.2,10,0.13,24.07,0.0,2541.13,7.98,1
88.40016700000007,27.09841700000004,681.46,23.6,222.47,489.11,10,0.13,13.65,0.0,2157.87,3.75,1
88.30050000000006,27.254222000000027,569.8,30.14,12.02,29.39,50,0.13,16.34,0.01,2287.1,46.89,1
88.67944400000005,27.370750000000044,2624.69,35.62,221.19,323.27,50,0.12,32.34,0.01,2475.08,99.78,1
88.63600000000008,27.545694000000026,1373.78,35.84,340.94,146.94,10,0.13,19.95,0.0,2060.65,5.23,1
88.49388900000008,27.228556000000026,361.44,31.21,295.66,41.56,50,0.13,27.77,0.01,2711.84,95.65,1
88.41861100000006,27.311667000000057,1236.56,26.24,66.64,176.33,10,0.13,22.59,0.0,3074.0,8.97,1
88.17188900000008,27.260167000000024,1339.26,38.32,39.57,520.75,10,0.13,35.08,0.0,2521.03,11.51,1
88.69419400000004,27.25266700000003,1487.59,29.52,42.77,58.78,10,0.13,13.55,0.0,2690.47,4.58,1
88.52702800000009,27.438139000000035,1281.46,26.61,297.37,473.86,10,0.13,22.79,0.0,2818.27,8.31,1
88.16222000000005,27.31892000000005,1422.92,16.4,173.66,29.39,10,0.13,10.2,0.0,2103.54,2.72,1
88.51966700000008,27.44830600000006,852.18,38.39,299.39,41.56,10,0.13,35.15,0.0,2908.43,13.0,1
88.69983300000007,27.220750000000066,1141.98,42.69,308.59,368.23,10,0.13,29.61,0.0,2531.79,9.47,1
88.64033300000006,27.381917000000044,1670.59,30.94,270.45,29.39,10,0.13,16.85,0.0,2625.2,5.63,1
88.37052800000004,27.134306000000038,1117.84,30.61,163.6,436.88,10,0.13,25.82,0.0,2524.73,8.38,1
88.66538100000008,27.20127800000006,1013.97,31.93,301.31,383.17,10,0.13,17.48,0.0,2357.9,5.24,1
88.55736100000007,27.713944000000026,2600.88,40.6,121.12,117.55,30,0.13,37.05,0.05,1551.61,379.63,1
88.26622200000008,27.129861000000062,392.64,40.29,135.93,105.96,10,0.13,22.7,0.0,2002.88,5.8,1
88.53325000000007,27.250556000000074,496.04,36.58,189.23,29.39,10,0.12,20.41,0.0,2838.98,7.16,1
88.30194444000006,27.25022222000007,539.45,50.15,129.46,146.94,10,0.13,28.37,0.0,2313.76,8.27,1
88.38136100000008,27.260000000000048,1542.07,39.07,3.92,29.39,10,0.13,32.5,0.0,2747.95,11.4,1
88.62802778000008,27.195588890000067,589.31,41.29,14.32,185.87,10,0.12,19.82,0.0,2316.41,5.73,1
88.53311111000005,27.17905556000005,381.63,50.47,130.73,105.96,30,0.13,24.27,0.05,2242.16,349.51,1
88.54233300000004,27.37458300000003,1826.8,36.03,109.04,498.73,10,0.13,32.75,0.0,2716.43,11.4,1
88.69180600000004,27.381556000000046,3082.01,33.39,197.4,264.49,50,0.13,30.04,0.45,2424.07,4183.28,1
88.31350000000003,27.153306000000043,1214.36,36.6,303.09,946.36,10,0.13,33.33,0.0,2333.35,9.92,1
88.59688900000003,27.190833000000055,489.73,51.08,133.22,83.12,10,0.13,32.39,0.0,2275.26,9.22,1
88.63108300000005,27.378611000000035,1813.82,47.45,263.42,324.6,10,0.12,43.88,0.0,2656.89,14.58,1
88.10277800000006,27.288167000000044,1765.37,39.86,239.67,131.43,10,0.12,22.44,0.0,1922.84,5.37,1
88.09225000000004,27.159361000000047,2224.01,29.99,306.8,207.8,10,0.12,13.81,0.0,2255.79,3.88,1
88.38600000000008,27.131444000000045,1542.37,33.19,138.75,929.33,10,0.12,22.42,0.0,2422.47,6.76,1
88.37850000000003,27.097833000000037,278.06,24.15,170.38,149.85,10,0.13,20.43,0.0,2218.09,5.7,1
88.31977800000004,27.123889000000077,402.37,40.84,324.69,92.93,10,0.13,23.03,0.0,2370.88,6.98,1
88.62569400000007,27.24619400000006,1475.11,26.0,201.06,427.89,10,0.13,19.22,0.0,2683.97,6.57,1
88.60836100000006,27.214222000000063,805.48,23.31,60.12,124.68,50,0.13,10.19,0.01,2442.77,32.19,1
88.16741700000006,27.270750000000078,1366.89,26.61,223.33,205.72,10,0.13,19.76,0.0,2425.57,6.27,1
88.36150000000004,27.101083000000074,374.49,49.55,287.4,117.55,10,0.13,23.85,0.0,2316.49,6.95,1
88.64516700000007,27.23591700000003,1454.55,34.25,146.73,392.08,10,0.12,30.92,0.0,2604.09,10.06,1
88.37066700000008,27.22150000000005,1780.49,29.61,125.35,577.38,10,0.12,26.11,0.0,2688.82,8.72,1
88.59544444000005,27.326333330000068,1021.43,20.4,317.66,29.39,50,0.13,16.59,0.0,2680.59,5.73,1
88.21358300000009,27.333250000000078,1407.07,33.62,18.13,352.65,10,0.13,18.55,0.05,2185.53,262.14,1
88.62575000000004,27.246056000000067,1471.69,30.2,224.72,409.33,10,0.13,18.37,0.0,2681.11,6.27,1
88.40466700000007,27.102944000000036,923.7,27.23,176.95,735.28,10,0.13,19.11,0.0,2167.72,5.24,1
88.39105600000005,27.18922200000003,1875.5,25.41,276.38,289.44,50,0.13,21.73,0.0,2768.94,7.64,1
88.27991700000007,27.220778000000053,1511.34,37.73,145.53,907.7,10,0.13,21.13,0.0,2150.62,5.87,1
88.66131389000003,27.619361110000057,1853.49,39.53,130.58,178.76,10,0.13,32.92,0.0,2061.6,8.96,1
88.65202800000009,27.609056000000066,1665.46,39.49,142.64,105.96,10,0.13,22.21,0.0,2241.2,6.5,1
88.37841700000007,27.232639000000063,2131.31,24.69,42.33,698.54,10,0.13,14.43,0.0,2693.79,5.03,1
88.17783300000008,27.320111000000054,1688.71,18.39,93.3,262.85,10,0.13,11.78,0.0,2212.72,3.3,1
88.78877800000004,27.26150000000007,3362.16,35.65,239.05,289.44,10,0.12,22.25,0.05,2487.35,341.81,1
88.53119400000008,27.480472000000077,1006.96,40.99,183.78,399.72,10,0.13,23.12,0.0,3283.68,9.66,1
88.30605600000007,27.240639000000044,972.93,41.08,277.79,565.29,10,0.13,37.82,0.0,2323.76,11.08,1
88.52347200000008,27.461694000000023,934.34,34.81,260.19,332.49,10,0.13,28.58,0.0,3062.76,11.17,1
88.13786100000004,27.269556000000023,1528.82,29.9,152.8,213.95,10,0.13,26.41,0.0,2208.4,7.57,1
88.54275000000007,27.37519400000008,1852.67,48.97,125.77,540.29,10,0.13,23.58,0.0,2714.8,8.21,1
88.14163900000005,27.128694000000053,1570.19,33.95,219.62,847.68,10,0.13,24.75,0.0,2583.16,8.29,1
88.22477800000007,27.167972000000077,1459.14,29.45,41.37,956.8,10,0.13,25.94,0.0,2592.63,8.73,1
88.49225000000007,27.330778000000066,871.19,24.91,278.81,242.34,10,0.13,20.18,0.0,3030.82,7.86,1
88.54371000000003,27.409700000000043,1539.2,43.68,195.57,383.17,10,0.13,21.02,0.0,2745.91,7.47,1
88.58941700000008,27.292944000000034,860.62,22.05,40.09,41.56,50,0.13,18.27,0.01,2742.95,63.61,1
88.39461100000005,27.101194000000078,620.43,34.63,273.58,492.63,10,0.13,19.19,0.0,2161.77,5.26,1
88.39763900000008,27.220972000000074,2022.55,31.33,247.58,500.46,10,0.12,11.02,0.0,2748.92,3.8,1
88.36377800000008,27.16947200000004,1532.54,38.72,300.21,915.28,50,0.13,21.74,0.01,2730.25,75.17,1
88.44436100000007,27.15919400000007,1315.31,42.8,17.2,121.17,10,0.13,20.58,0.0,2326.33,6.04,1
88.26519444000007,27.284277780000025,1047.98,34.09,138.12,197.14,10,0.13,27.91,0.05,2212.93,402.5,1
88.39872200000008,27.273861000000068,959.13,36.93,98.91,236.93,10,0.13,20.63,0.0,2872.12,7.77,1
88.40077800000006,27.102500000000077,849.16,27.22,205.55,814.95,10,0.13,23.62,0.0,2164.08,6.5,1
88.54283300000003,27.375139000000047,1829.87,47.57,126.85,519.92,10,0.13,26.96,0.0,2714.55,9.39,1
88.46280278000006,27.250613890000068,559.43,37.92,178.46,374.05,50,0.13,18.06,0.0,2838.55,6.47,1
88.15613900000005,27.25586100000004,1523.5,31.82,2.86,29.39,10,0.13,25.77,0.0,2426.54,8.06,1
88.19083300000005,27.15272200000004,1050.87,20.59,109.31,88.16,30,0.13,6.63,0.05,2895.65,124.13,1
88.20672200000007,27.335000000000036,1460.74,34.58,70.55,92.93,10,0.13,12.35,0.0,2172.34,3.49,1
88.61273333000008,27.34027222000003,1738.49,24.7,248.25,675.92,10,0.13,16.98,0.0,2651.64,5.79,1
88.34086100000007,27.20086100000003,1006.47,28.07,201.26,623.41,10,0.13,9.67,0.0,2513.93,3.08,1
88.24897200000004,27.259722000000068,1129.79,16.39,69.87,683.54,10,0.13,4.98,0.0,2302.92,1.48,1
88.44212200000004,27.20500000000004,1303.54,36.46,145.73,251.09,50,0.13,33.19,0.01,2622.77,110.52,1
88.70616700000005,27.25600000000003,1173.61,29.92,75.87,266.12,10,0.13,10.44,0.0,2681.22,3.55,1
88.52777778000006,27.252527780000037,689.08,38.46,125.62,386.54,10,0.12,21.58,0.0,2835.33,7.57,1
88.43013900000005,27.270056000000068,478.75,28.84,341.6,41.56,10,0.13,25.31,0.0,2918.09,9.26,1
88.51752800000008,27.395556000000056,726.93,34.38,283.91,270.94,10,0.13,25.11,0.0,2941.04,9.38,1
88.24541700000003,27.171083000000067,1119.49,30.78,266.02,499.59,10,0.13,18.79,0.0,2360.08,5.82,1
88.60666700000007,27.315833000000055,1466.42,33.38,74.09,886.03,50,0.13,15.64,0.05,2698.1,268.05,1
88.48812389000005,27.238515000000064,391.91,36.02,223.73,92.93,10,0.13,20.06,0.0,2773.28,7.05,1
88.60986944000007,27.323208330000057,1552.53,38.94,278.34,884.08,50,0.13,30.7,0.05,2683.21,523.12,1
88.41502800000006,27.28200000000004,1393.91,42.97,183.99,793.47,10,0.13,29.82,0.0,2957.51,11.55,1
88.56230600000004,27.703917000000047,2413.78,22.6,64.33,29.39,10,0.13,18.84,0.0,1532.66,3.84,1
88.50588900000008,27.160722000000078,1035.98,31.8,144.28,698.54,30,0.13,17.4,0.0,2150.29,4.83,1
88.36844400000007,27.306861000000026,1953.35,28.84,96.0,557.6,10,0.13,13.18,0.0,2453.66,4.06,1
88.62708300000008,27.41211100000004,1416.75,27.02,315.02,83.12,10,0.12,12.2,0.0,2666.77,4.05,1
88.53269000000006,27.486030000000028,1051.69,25.16,246.83,41.56,50,0.13,8.48,0.01,3347.27,35.98,1
88.35047200000008,27.24447200000003,1597.78,50.22,196.48,176.33,10,0.13,44.09,0.0,2564.86,14.54,1
88.40261100000004,27.17705600000005,1983.39,45.17,246.05,675.92,10,0.13,35.92,0.0,2650.38,12.32,1
88.53194444000007,27.253333330000032,553.12,32.14,231.99,29.39,10,0.12,11.35,0.0,2833.39,3.97,1
88.68316700000008,27.370861000000048,2716.31,39.87,143.36,657.13,10,0.12,22.44,0.0,2466.68,6.86,1
88.14530600000006,27.25438900000006,1484.04,25.97,264.69,185.87,10,0.13,15.34,0.0,2354.84,4.71,1
88.41294400000004,27.130056000000025,1726.53,27.17,81.44,753.27,50,0.12,17.71,0.01,2275.16,50.03,1
88.68641700000006,27.370472000000063,2738.78,43.67,232.93,650.53,30,0.12,40.34,0.05,2460.17,609.44,1
88.58808300000004,27.214806000000067,1454.56,32.51,229.96,613.64,10,0.13,17.85,0.0,2462.97,5.54,1
88.17444400000005,27.270056000000068,1337.68,31.23,183.12,386.54,10,0.13,25.21,0.0,2480.38,8.17,1
88.43316700000008,27.235861000000057,1200.27,23.67,95.83,500.46,10,0.13,19.93,0.0,2810.81,7.2,1
88.69044400000007,27.381306000000052,3087.23,29.04,134.03,262.85,30,0.13,25.31,0.45,2427.25,3501.58,1
88.62083332900005,27.363888890000055,1700.9,27.95,227.35,146.94,10,0.13,18.32,0.0,2655.72,6.16,1
88.50605600000006,27.315083000000072,1486.66,31.42,92.3,58.78,10,0.13,14.58,0.0,2821.94,5.34,1
88.30188900000007,27.250000000000057,545.44,50.54,122.15,158.26,30,0.13,32.06,0.0,2313.32,9.35,1
88.42013900000006,27.158417000000043,1600.25,34.18,224.18,353.88,10,0.13,16.08,0.0,2443.09,5.02,1
88.32550700000007,27.190191000000027,518.43,49.58,82.37,146.94,10,0.13,28.06,0.0,2399.82,8.54,1
88.58122200000008,27.55355600000007,1858.53,23.84,253.27,178.76,10,0.13,7.94,0.0,3156.82,3.23,1
88.60777778000005,27.32888889000003,1446.39,37.86,209.21,528.98,10,0.13,34.61,0.01,2672.58,118.67,1
88.10266700000005,27.288444000000027,1777.49,36.03,238.18,146.94,10,0.12,20.07,0.0,1922.08,4.8,1
88.84019400000005,27.358583000000067,3818.4,31.14,237.31,41.56,30,0.13,27.71,0.05,1908.51,350.55,1
88.60238900000007,27.235750000000053,1214.39,32.5,210.99,223.81,10,0.13,21.88,0.0,2626.0,7.29,1
88.30544400000008,27.257194000000027,646.04,31.41,302.62,158.26,10,0.13,17.15,0.0,2300.33,4.94,1
88.18994400000008,27.28363900000005,1752.94,31.42,142.63,420.77,10,0.13,27.99,0.0,2471.88,8.69,1
88.22372200000007,27.34200000000004,1233.2,36.16,23.78,502.18,10,0.13,32.88,0.0,2154.11,9.3,1
88.54525000000007,27.740750000000048,2765.57,27.26,107.55,83.12,60,0.14,23.66,0.05,1516.25,241.49,1
88.61833333000004,27.356944440000063,1715.58,25.71,298.77,374.05,50,0.13,21.86,0.05,2654.56,363.35,1
88.61983300000009,27.629944000000023,1878.34,43.31,254.1,166.24,10,0.13,40.0,0.0,1891.42,9.92,1
88.56447200000008,27.190000000000055,570.38,35.48,192.72,561.45,10,0.13,32.19,0.0,2277.59,9.36,1
88.48627800000008,27.240861000000052,430.18,33.54,236.53,207.8,10,0.13,30.19,0.0,2788.24,10.7,1
88.61200000000008,27.641139000000067,1893.58,34.22,251.16,65.71,50,0.13,12.2,0.01,1606.05,26.0,1
88.73547500000006,27.22122778000005,1286.4,30.1,137.58,146.94,10,0.13,26.62,0.0,2666.12,8.95,1
88.45683300000007,27.369778000000053,1533.93,23.47,134.33,687.95,10,0.13,7.79,0.0,3114.08,3.1,1
88.32455556000008,27.11236111000005,380.66,37.55,277.55,149.85,30,0.13,23.58,0.05,2347.46,354.91,1
88.71172200000007,27.25983300000007,1151.94,36.01,244.78,58.78,10,0.13,12.92,0.0,2670.28,4.36,1
88.34644400000008,27.237889000000052,1583.15,25.99,316.52,355.09,10,0.13,21.24,0.0,2532.92,6.91,1
88.37077800000003,27.145056000000068,1266.78,37.04,348.68,382.04,10,0.13,17.6,0.0,2599.17,5.79,1
88.48851100000007,27.165586000000076,1243.81,25.1,190.58,827.57,10,0.13,17.32,0.0,2241.54,4.96,1
88.13977800000004,27.12455600000004,1368.59,36.82,213.5,617.15,10,0.13,23.07,0.0,2550.15,7.67,1
88.63883333000007,27.381555560000038,1710.55,21.26,4.12,121.17,10,0.13,10.7,0.0,2632.12,3.57,1
88.51400000000007,27.426000000000045,672.78,28.53,242.11,166.24,10,0.13,9.87,0.0,2723.9,3.4,1
88.37748333000008,27.289555560000053,1523.67,22.91,122.83,41.56,10,0.13,9.98,0.0,2644.29,3.31,1
88.56547200000006,27.514972000000057,1406.08,31.82,333.05,58.78,10,0.13,28.41,0.0,3247.73,11.56,1
88.64927800000004,27.329361000000063,1401.47,9.04,44.1,0.0,10,0.13,5.89,0.0,2617.05,1.98,1
88.54975000000007,27.726083000000074,2691.01,17.24,338.58,29.39,60,0.13,12.78,0.45,1547.42,1176.97,1
88.56508300000007,27.701333000000034,2396.22,36.68,44.27,207.8,10,0.13,22.97,0.0,1514.44,4.64,1
88.45202800000004,27.174389000000076,1548.28,32.61,26.97,564.52,10,0.12,15.23,0.0,2382.97,4.55,1
88.08952800000003,27.17244400000004,2334.49,23.06,191.84,353.88,30,0.12,16.61,0.0,2228.07,4.6,1
88.62183300000004,27.337194000000068,1783.67,15.51,122.06,185.87,50,0.13,4.64,0.01,2653.0,15.8,1
88.29491700000005,27.293417000000034,731.59,44.14,357.58,146.94,10,0.13,24.99,0.0,2185.4,6.94,1
88.49144400000006,27.16211100000004,1140.01,34.3,262.46,685.44,10,0.13,30.72,0.0,2202.64,8.71,1
88.17166700000007,27.157361000000037,1469.89,28.53,241.47,969.8,10,0.13,23.76,0.0,2946.82,8.95,1
88.43477800000005,27.082750000000033,343.4,30.07,134.51,415.61,30,0.13,13.85,0.45,2163.58,1689.42,1
88.63261100000005,27.381278000000066,1778.14,44.23,287.14,499.59,10,0.13,40.88,0.0,2657.18,13.67,1
88.19758300000007,27.285000000000025,1771.92,32.14,167.32,693.58,10,0.13,23.24,0.0,2465.04,7.16,1
88.71127800000005,27.368278000000032,3178.13,31.28,236.97,382.04,50,0.13,17.06,0.05,2410.07,260.25,1
88.34797200000008,27.158000000000072,1382.95,36.3,306.99,554.49,10,0.13,26.7,0.0,2613.87,8.94,1
88.46230600000007,27.163861000000054,1503.54,29.37,103.63,525.71,10,0.13,15.85,0.0,2297.93,4.61,1
88.11719400000004,27.248833000000047,2020.44,34.66,75.85,459.99,10,0.13,16.33,0.0,2173.5,4.54,1
88.56175000000007,27.70402800000005,2448.76,34.3,85.78,65.71,10,0.13,30.97,0.0,1537.36,6.33,1
88.39086100000009,27.22177800000003,1576.39,27.78,245.68,0.0,10,0.13,24.2,0.0,2732.96,8.33,1
88.24661100000003,27.25838900000008,1142.48,32.2,347.56,686.07,10,0.13,15.01,0.0,2316.35,4.48,1
88.14561100000003,27.258889000000067,1537.97,28.75,253.67,235.1,10,0.13,9.95,0.0,2330.85,2.98,1
88.22761100000008,27.122472000000073,466.39,23.0,188.33,0.0,10,0.13,19.25,0.0,2117.1,5.24,1
88.41322200000008,27.16277800000006,1564.33,33.15,149.29,335.07,10,0.13,29.79,0.0,2508.72,9.38,1
88.61936100000008,27.229750000000024,1203.96,33.13,239.24,646.53,10,0.13,29.77,0.0,2555.63,9.62,1
88.64722200000006,27.204556000000025,661.88,46.04,306.09,353.88,10,0.13,26.1,0.0,2382.01,7.81,1
88.60169400000007,27.43788900000004,1791.9,26.64,71.57,583.33,10,0.13,17.3,0.0,2637.27,5.76,1
88.49655600000006,27.16552800000005,1267.6,28.83,54.69,611.52,10,0.13,13.18,0.0,2219.18,3.72,1
88.44455600000003,27.105972000000065,797.54,31.87,209.42,368.23,10,0.13,17.44,0.0,2202.44,4.91,1
88.60191667000004,27.248833330000025,1159.57,17.4,14.78,124.68,10,0.13,5.37,0.0,2744.96,1.85,1
88.22686100000004,27.245028000000048,1745.16,21.09,3.2,242.34,10,0.13,9.01,0.0,2446.19,2.81,1
88.62336100000005,27.417972000000077,1395.93,32.16,82.08,242.34,50,0.12,17.62,0.0,2669.32,5.89,1
88.61016667000007,27.326638890000027,1587.38,30.94,276.64,812.83,50,0.13,14.32,0.01,2676.56,48.89,1
88.19908300000003,27.30675000000008,1635.94,35.27,27.86,105.96,10,0.13,25.85,0.0,2337.21,7.66,1
88.08497200000005,27.275750000000073,2041.31,47.96,142.14,395.37,10,0.13,35.86,0.0,1937.9,8.92,1
88.25002778000004,27.295194440000046,1577.49,31.9,190.63,427.89,10,0.13,27.09,0.0,2297.3,7.96,1
88.58736100000004,27.516444000000035,1461.23,17.04,298.66,0.0,10,0.13,13.24,0.0,2834.15,4.71,1
88.48627800000008,27.24019400000003,386.18,36.26,215.74,146.94,50,0.13,24.79,0.01,2783.29,87.78,1
88.46630600000003,27.15858300000008,1207.79,39.06,101.8,88.16,30,0.13,35.82,0.45,2245.93,4614.18,1
88.57719400000008,27.55358300000006,1896.42,43.25,103.24,29.39,10,0.13,30.02,0.0,3223.1,12.6,1
88.60681000000005,27.24144000000007,1387.6,20.27,143.31,791.29,10,0.13,13.3,0.0,2670.45,4.5,1
88.15933300000006,27.171639000000027,1397.93,20.22,133.52,223.81,10,0.13,16.41,0.0,2790.48,5.94,1
88.28128889000004,27.148719440000036,397.1,30.61,154.44,124.68,50,0.13,23.35,0.01,2072.13,62.27,1
88.61166700000007,27.429556000000048,1510.58,30.79,267.81,489.11,10,0.13,16.75,0.0,2693.12,5.78,1
88.40683300000006,27.090944000000036,308.93,23.42,164.1,176.33,10,0.13,19.68,0.0,2153.31,5.32,1
88.21877800000004,27.301972000000035,1825.95,36.18,16.45,587.76,10,0.13,12.99,0.0,2371.81,3.94,1
88.40458300000006,27.133583000000044,1829.13,45.44,259.45,420.77,10,0.13,25.75,0.0,2344.37,7.66,1
88.31683333000007,27.18480556000003,476.53,45.05,154.72,146.94,30,0.13,35.82,0.05,2335.84,534.84,1
88.51369400000004,27.44105600000006,794.41,41.47,281.02,207.8,10,0.13,19.91,0.0,2816.74,7.05,1
88.58652778000004,27.191333330000077,459.14,48.67,173.59,399.72,10,0.13,44.99,0.0,2275.34,13.02,1
88.18286100000006,27.317417000000034,1380.88,15.8,152.59,0.0,10,0.13,12.03,0.0,2266.39,3.54,1
88.41313900000006,27.09008300000005,303.37,31.02,169.96,29.39,10,0.13,16.9,0.0,2156.94,4.57,1
88.51294400000006,27.161306000000025,923.34,31.87,78.99,806.96,10,0.13,11.24,0.0,2138.31,3.08,1
88.41977800000006,27.299750000000074,1341.77,26.64,120.3,436.88,10,0.13,14.1,0.0,3077.4,5.59,1
88.64336111000006,27.20644444000004,553.79,33.0,146.86,65.71,10,0.13,18.16,0.0,2395.5,5.46,1
88.13988900000004,27.12200000000007,1292.53,39.18,251.2,635.76,10,0.13,24.71,0.0,2544.69,8.2,1
88.23030600000004,27.15780600000005,1501.66,19.28,218.03,1088.94,10,0.13,6.11,0.0,2494.64,1.99,1
88.19047222000006,27.26352778000006,1045.02,34.8,358.08,223.81,10,0.13,27.08,0.0,2589.35,9.31,1
88.38450000000006,27.25141700000006,2045.9,26.89,49.58,846.15,10,0.12,12.13,0.0,2702.23,4.07,1
88.51461100000006,27.158972000000063,824.15,28.74,160.71,741.72,10,0.13,20.38,0.0,2115.89,5.6,1
88.47055556000004,27.24297222000007,510.01,33.38,46.78,374.05,10,0.13,24.28,0.0,2800.84,8.62,1
88.65227800000008,27.220889000000057,1015.19,30.69,213.26,591.42,10,0.12,23.42,0.0,2498.19,7.3,1
88.41888900000004,27.257417000000032,868.01,36.11,136.61,332.49,10,0.13,26.55,0.0,2814.86,9.47,1
88.40205600000007,27.17694400000005,1932.02,39.74,242.56,617.15,10,0.13,36.49,0.0,2653.45,12.5,1
88.62122200000005,27.41738900000007,1385.45,46.59,171.38,266.12,10,0.13,32.39,0.0,2669.97,10.84,1
88.32696111000007,27.199505560000034,502.93,43.61,15.87,124.68,10,0.13,20.99,0.0,2402.6,6.46,1
88.56069400000007,27.70430600000003,2521.74,39.94,85.51,146.94,30,0.13,36.7,0.05,1543.89,375.86,1
88.36944400000004,27.287194000000056,1961.7,29.73,83.9,795.65,10,0.13,26.02,0.0,2551.67,8.39,1
88.59880600000008,27.237694000000033,1223.11,15.25,101.24,83.12,10,0.13,5.99,0.0,2650.84,2.05,1
88.78827800000005,27.265389000000027,3538.03,25.44,171.93,635.76,50,0.13,16.36,0.05,2470.51,254.31,1
88.44444400000003,27.165000000000077,1388.48,28.15,61.31,251.09,10,0.13,15.07,0.0,2362.52,4.5,1
88.65875000000005,27.179250000000025,1265.16,27.19,195.41,392.08,50,0.13,23.59,0.01,2239.2,66.25,1
88.48486400000007,27.162781000000052,1159.38,25.93,157.18,539.49,10,0.13,20.21,0.0,2225.57,5.79,1
88.26186100000007,27.22030600000005,1618.74,37.09,139.18,675.92,10,0.13,17.63,0.0,2250.36,5.2,1
88.31536100000005,27.379639000000054,1530.55,37.35,37.43,415.61,10,0.13,23.44,0.0,2861.46,8.64,1
88.52236944000003,27.393366670000034,1047.93,36.88,316.64,744.04,10,0.13,27.18,0.0,2898.09,9.98,1
88.78611100000006,27.253528000000074,3138.53,31.16,228.2,411.43,50,0.13,14.45,0.05,2529.39,234.06,1
88.17213900000007,27.14202800000004,781.39,28.17,192.7,83.12,10,0.13,12.82,0.0,2849.81,4.76,1
88.23369400000007,27.218750000000057,1263.29,37.72,170.38,185.87,10,0.13,25.91,0.0,2521.14,8.57,1
88.22522200000003,27.247111000000075,1682.69,33.66,56.38,117.55,10,0.13,15.8,0.0,2446.86,4.95,1
88.38747200000006,27.195722000000046,1698.05,28.25,261.69,328.57,10,0.13,24.69,0.0,2754.0,8.72,1
88.60027800000006,27.203194000000053,1000.64,33.95,144.57,382.04,10,0.13,15.95,0.0,2364.25,4.75,1
88.51481944000005,27.169938890000026,473.5,27.71,38.95,464.66,10,0.13,24.13,0.0,2211.06,6.7,1
88.63872500000008,27.198856000000035,607.48,23.5,302.15,131.43,10,0.12,10.29,0.0,2341.35,3.0,1
88.07711100000006,27.269917000000078,2021.69,39.96,132.71,185.87,10,0.13,22.49,0.0,1974.03,5.7,1
88.39144399900005,27.212750000000028,1553.76,39.99,339.78,270.94,10,0.12,36.74,0.0,2744.51,12.53,1
88.60807778000003,27.548108330000048,1770.62,46.45,194.94,197.14,10,0.13,16.96,0.0,2599.64,5.56,1
88.35461100000003,27.17113900000004,1232.69,30.58,196.1,185.87,10,0.13,21.93,0.0,2655.75,7.46,1
88.32913900000005,27.39980600000007,1935.32,27.28,268.43,473.86,60,0.13,14.51,0.45,3132.68,2609.62,1
88.38502800000003,27.175000000000068,1747.62,22.37,167.78,146.94,50,0.13,15.99,0.0,2727.73,5.59,1
88.45052800000008,27.330917000000056,1107.45,33.24,124.8,124.68,10,0.13,29.89,0.0,3338.89,12.87,1
88.62361111000007,27.394722220000062,1587.2,17.97,242.43,686.07,10,0.13,14.15,0.0,2663.16,4.8,1
88.49319400000007,27.154889000000026,1113.47,36.74,243.2,503.04,10,0.13,28.78,0.0,2168.22,8.13,1
88.30605600000007,27.230583000000024,715.0,36.67,155.64,124.68,10,0.13,17.4,0.0,2306.2,5.06,1
88.25511111000003,27.276305560000026,1123.25,40.46,174.87,590.69,10,0.13,19.39,0.0,2268.49,5.72,1
88.44277800000003,27.128694000000053,651.52,29.96,199.66,83.12,10,0.13,18.2,0.0,2231.48,5.26,1
88.62338900000003,27.417778000000055,1400.17,29.01,91.18,251.09,10,0.12,13.27,0.0,2669.25,4.44,1
88.50630600100004,27.23577800000004,413.42,39.71,152.67,58.78,10,0.12,14.4,0.0,2755.55,4.9,1
88.53848000000005,27.509100000000046,1236.57,29.43,294.52,229.53,10,0.13,10.24,0.0,3608.73,4.8,1
88.08433300000007,27.28088900000006,2396.89,25.19,134.35,846.15,10,0.13,21.51,0.0,1924.49,5.3,1
88.17813900000004,27.26986100000005,1314.76,38.17,129.88,41.56,10,0.13,26.25,0.0,2511.15,8.62,1
88.73790000000008,27.684452780000072,2683.35,52.56,104.62,121.17,30,0.13,19.1,0.05,861.82,109.09,1
88.52663900000005,27.436556000000053,1279.16,24.6,286.02,448.59,10,0.13,20.9,0.0,2800.42,7.59,1
88.71116700000005,27.368194000000074,3160.54,34.98,250.94,355.09,50,0.13,21.78,0.01,2410.71,66.49,1
88.14433300000007,27.166278000000034,2046.67,40.65,155.72,83.12,10,0.13,37.4,0.0,2676.58,12.8,1
88.38766700000008,27.208250000000078,1600.5,28.33,303.86,567.57,10,0.13,9.78,0.0,2740.76,3.41,1
88.08636100000007,27.170833000000073,2369.04,16.28,212.59,473.86,10,0.12,7.66,0.0,2242.54,2.14,1
88.56456000000009,27.51520000000005,1388.47,31.03,47.7,29.39,10,0.13,16.9,0.0,3268.3,6.93,1
88.17994400000003,27.27000000000004,1332.36,45.39,196.12,105.96,10,0.13,21.87,0.0,2523.1,7.2,1
88.68530600000008,27.62808300000006,2047.23,33.88,175.02,185.87,10,0.13,18.72,0.0,1767.16,4.35,1
88.14205600000008,27.27066700000006,1475.09,40.05,152.94,29.39,10,0.13,36.8,0.0,2233.71,10.69,1
88.78955600000006,27.265250000000037,3576.15,30.06,199.97,540.29,50,0.13,10.49,0.01,2468.24,32.48,1
88.69519400000007,27.629361000000074,2068.34,39.95,180.26,88.16,10,0.13,36.71,0.0,1670.29,8.06,1
88.21388900000005,27.164472000000046,1423.25,38.45,130.3,691.71,10,0.13,26.46,0.0,2714.84,9.38,1
88.24033300000008,27.22555600000004,1572.33,27.85,171.06,791.29,10,0.13,20.88,0.0,2454.56,6.64,1
88.71011100000004,27.37097200000005,3148.94,39.75,257.17,252.8,50,0.13,25.1,0.05,2407.32,388.54,1
88.62108300000006,27.417444000000046,1385.45,46.59,171.38,266.12,10,0.13,32.39,0.0,2669.97,10.84,1
88.14872200000008,27.256556000000046,1569.28,30.2,30.97,500.46,10,0.13,13.92,0.0,2367.23,4.25,1
88.30569400000007,27.145444000000055,1142.86,12.6,214.94,889.44,10,0.13,3.56,0.05,2266.39,51.96,1
88.43316700000008,27.303083000000072,897.7,31.59,116.38,270.94,10,0.13,11.12,0.0,3127.42,4.48,1
88.37844400000006,27.22941700000007,2040.01,36.31,108.85,374.05,10,0.13,13.05,0.0,2697.46,4.54,1
88.21386100000007,27.324944000000073,1624.29,39.16,89.28,771.4,10,0.13,24.7,0.0,2234.11,7.28,1
88.45744400000007,27.093278000000055,306.92,32.97,122.14,176.33,10,0.13,15.42,0.0,2181.63,4.34,1
88.21297200000004,27.33333300000004,1419.05,40.23,10.71,352.65,10,0.13,36.98,0.0,2185.34,10.46,1
88.62358300000005,27.395444000000055,1603.91,31.55,205.87,744.04,10,0.13,28.13,0.0,2663.29,9.54,1
88.10827800000004,27.28266700000006,1612.3,17.66,235.0,0.0,10,0.13,13.85,0.0,1964.49,3.57,1
88.65875000000005,27.179250000000025,1265.16,27.19,195.41,392.08,50,0.13,23.59,0.01,2239.2,66.25,1
88.28102800000005,27.22047200000003,1432.38,35.71,130.57,829.65,10,0.13,29.42,0.0,2156.43,8.19,1
88.50963900000005,27.161917000000074,1024.44,29.44,148.08,798.36,10,0.13,25.94,0.0,2152.13,7.17,1
88.30952800000006,27.181222000000048,453.16,41.87,123.5,223.81,10,0.13,26.53,0.0,2282.0,7.74,1
88.21022200000004,27.21950000000004,1808.99,23.84,58.88,328.57,10,0.13,7.94,0.0,2649.72,2.67,1
88.18991700000004,27.31372200000004,1280.47,40.59,22.06,88.16,10,0.13,19.46,0.0,2293.52,5.79,1
88.68894400000005,27.37227800000005,2999.0,34.98,228.8,670.15,30,0.12,16.5,0.05,2450.81,244.14,1
88.19794400000006,27.185944000000063,1739.5,32.97,153.93,29.39,10,0.13,20.35,0.0,2864.82,7.42,1
88.39111100000008,27.135833000000048,1803.19,31.83,144.63,870.3,10,0.13,14.81,0.0,2428.66,4.52,1
88.49438900000007,27.15352800000005,1093.78,30.3,204.08,650.53,10,0.13,21.69,0.0,2163.26,6.14,1
88.23736100000008,27.22080600000004,1296.42,22.03,196.09,205.72,10,0.13,18.25,0.0,2491.99,5.95,1
88.23077800000004,27.156944000000067,1483.85,32.24,237.41,1068.12,10,0.13,15.03,0.0,2482.02,4.86,1
88.56238900000005,27.262583000000063,645.56,37.39,254.98,65.71,10,0.13,20.91,0.01,2803.64,73.79,1
88.17880600000007,27.304028000000073,1621.66,31.57,61.53,105.96,10,0.13,17.25,0.0,2314.32,5.05,1
88.71169400000008,27.638694000000044,2291.77,21.05,114.9,0.0,10,0.13,17.25,0.0,1433.46,3.24,1
88.67281700000007,27.207264000000066,749.5,33.7,355.18,121.17,10,0.13,18.6,0.0,2400.52,5.65,1
88.62027778000004,27.358611110000027,1694.46,26.4,335.73,105.96,10,0.12,15.65,0.0,2654.42,5.19,1
88.60250000000008,27.235694000000024,1227.52,42.03,218.72,251.09,10,0.13,23.75,0.0,2625.5,7.89,1
88.14552800000007,27.12161100000003,1116.74,34.26,199.54,264.49,10,0.13,30.93,0.0,2593.3,10.47,1
88.38508300000007,27.220917000000043,1587.57,38.83,227.79,399.72,10,0.13,30.6,0.0,2721.31,10.59,1
88.10666700000007,27.283194000000037,1598.48,35.26,230.68,92.93,10,0.13,21.98,0.0,1956.2,5.64,1
88.63480600000008,27.23341700000003,1498.06,32.13,140.64,459.05,10,0.13,28.74,0.0,2586.17,9.47,1
88.21119400000003,27.141000000000076,683.47,36.64,208.86,278.8,10,0.13,17.39,0.0,2521.89,5.61,1
88.67361100000005,27.37027800000004,2512.38,20.16,170.97,223.81,50,0.13,16.35,0.01,2488.55,51.85,1
88.80427800000007,27.279972000000043,3685.2,37.18,149.7,681.65,50,0.13,20.79,0.01,2366.71,63.9,1
88.17694400000005,27.252139000000057,1301.1,34.7,101.91,88.16,10,0.13,23.59,0.0,2605.56,7.83,1
88.24663900000007,27.34502800000007,1684.97,37.62,212.95,587.76,10,0.13,23.63,0.0,2163.47,6.63,1
88.35450000000003,27.20038900000003,1109.64,45.21,167.11,602.99,10,0.13,28.74,0.0,2624.44,9.58,1
88.65352800000005,27.552528000000052,1405.43,41.31,136.28,124.68,10,0.13,30.77,0.0,1943.69,7.7,1
88.31013900000005,27.393139000000076,1522.7,35.33,269.79,392.08,10,0.13,27.55,0.0,2813.48,9.86,1
88.43647200000004,27.279889000000026,599.85,38.23,120.32,317.88,10,0.13,13.81,0.0,2991.74,5.23,1
88.51384000000007,27.237720000000024,438.43,32.68,137.86,65.71,10,0.12,29.3,0.0,2768.26,10.11,1
88.48592790000004,27.36993350000006,822.38,37.56,277.6,567.57,10,0.13,34.31,0.0,3168.2,13.75,1
88.10036100000008,27.158222000000023,2423.78,30.07,302.34,464.66,10,0.13,18.28,0.0,2308.26,5.31,1
88.20583300000004,27.18597200000005,1700.48,34.78,90.18,278.8,10,0.13,23.66,0.0,2818.92,8.5,1
88.61397200000005,27.437444000000028,1571.63,29.37,231.4,121.17,10,0.13,25.86,0.0,2626.95,8.64,1
88.10269400000004,27.295250000000067,1924.79,37.42,94.58,236.93,10,0.13,34.17,0.0,1903.12,8.37,1
88.31097200000005,27.389222000000075,1428.76,46.32,219.25,207.8,30,0.13,29.45,0.05,2823.65,533.95,1
88.54611000000006,27.284080000000074,1517.3,31.0,106.23,399.72,10,0.13,22.28,0.0,2774.37,7.83,1
88.57758889000007,27.514738890000046,1434.41,18.77,326.35,58.78,10,0.12,5.9,0.0,3004.55,2.21,1
88.37908300000004,27.15997200000004,1246.44,32.47,304.97,323.27,10,0.13,15.15,0.0,2665.34,5.18,1
88.40155600000008,27.137694000000067,1841.74,33.34,221.95,447.62,10,0.13,29.98,0.0,2390.12,9.0,1
88.49183300000004,27.22383300000007,335.56,23.64,284.55,29.39,10,0.13,7.86,0.0,2682.28,2.71,1
88.31888900000007,27.159639000000027,1339.57,30.36,299.21,1193.38,10,0.13,26.67,0.0,2379.99,8.0,1
88.52744400000006,27.43877800000007,1293.07,23.59,292.62,529.8,10,0.13,7.84,0.0,2828.3,2.85,1
88.44136100000009,27.129000000000076,652.31,23.29,133.53,58.78,30,0.13,11.97,0.01,2230.72,34.62,1
88.57116700000006,27.408250000000066,1675.09,23.3,89.08,499.59,10,0.13,10.19,0.0,2714.39,3.56,1
88.31808333000004,27.217944440000053,414.76,7.64,20.99,41.56,10,0.13,2.47,0.0,2348.8,0.75,1
88.40425000000005,27.134389000000056,1817.49,36.28,248.22,440.82,10,0.13,22.69,0.0,2351.61,6.76,1
88.66050000000007,27.198861110000053,1044.7,35.02,341.46,492.63,10,0.13,31.72,0.0,2341.38,9.46,1
88.14702800000003,27.258556000000056,1573.98,17.07,47.91,352.65,10,0.13,5.24,0.0,2342.93,1.58,1
88.60377778000003,27.25352778000007,1057.92,20.32,291.28,88.16,30,0.13,6.52,0.05,2743.96,113.19,1
88.30830600000007,27.12719400000003,351.95,41.97,232.59,146.94,10,0.13,33.28,0.0,2279.49,9.72,1
88.51438900000005,27.43838900000003,771.5,24.55,258.56,29.39,10,0.13,20.84,0.0,2790.4,7.3,1
88.61869400000006,27.62180600000005,1829.44,46.14,83.53,83.12,10,0.13,36.7,0.0,2003.45,9.62,1
88.30886100000004,27.226556000000073,666.74,48.84,249.06,376.35,10,0.13,33.93,0.0,2314.96,9.95,1
88.41205600000006,27.153083000000038,1571.35,39.01,122.05,513.24,10,0.13,21.92,0.0,2446.55,6.76,1
88.62619400000005,27.341444000000024,1981.37,30.99,175.54,578.87,50,0.13,16.88,0.0,2648.42,5.7,1
88.55002778000005,27.27458333000004,1163.17,30.02,54.84,440.82,10,0.13,22.82,0.0,2791.15,8.09,1
88.57530833000004,27.54975833000003,1893.22,34.73,115.56,412.48,10,0.13,12.4,0.0,3256.21,5.27,1
88.09019400000005,27.157861000000025,2173.94,27.85,287.41,229.53,10,0.12,16.69,0.0,2260.77,4.69,1
88.39036100000004,27.15286100000003,1228.49,27.49,216.09,58.78,10,0.13,9.44,0.0,2556.36,3.07,1
88.50647200000003,27.235750000000053,413.42,39.71,152.67,58.78,10,0.12,14.4,0.0,2755.55,4.9,1
88.65833300000008,27.203869000000054,731.89,23.36,39.37,211.92,10,0.13,7.75,0.0,2377.29,2.33,1
88.23463900000007,27.217667000000063,1189.35,27.35,177.19,105.96,10,0.13,14.55,0.0,2520.81,4.82,1
88.15272200000004,27.12050000000005,1225.15,26.25,250.59,720.45,10,0.13,22.61,0.0,2585.88,7.71,1
88.45883300000008,27.16355600000003,1471.13,33.13,183.03,641.84,10,0.13,29.77,0.0,2303.16,8.67,1
88.15341700000005,27.121444000000054,1298.68,23.47,201.45,836.39,30,0.13,7.79,0.05,2598.72,132.83,1
88.62355600000006,27.395500000000027,1625.14,33.63,201.12,773.07,10,0.13,30.29,0.0,2663.36,10.27,1
88.72672200000005,27.375833000000057,3334.24,32.81,145.56,58.78,50,0.13,18.04,0.01,2362.46,54.66,1
88.48025000000007,27.240556000000026,372.17,32.41,358.38,88.16,10,0.13,29.02,0.0,2785.34,10.11,1
88.52847200000008,27.47950000000003,892.35,28.63,215.16,223.81,10,0.13,13.07,0.0,3265.68,5.42,1
88.55047200000007,27.723611000000062,2709.91,27.04,133.78,58.78,30,0.13,14.36,0.0,1552.93,2.94,1
88.23347200000006,27.217667000000063,1191.53,29.31,179.46,65.71,30,0.13,22.18,0.05,2527.44,368.09,1
88.56005600000003,27.316944000000035,1285.53,26.03,183.92,197.14,10,0.13,22.38,0.0,2707.88,7.76,1
88.20872200000008,27.197111000000064,1857.12,36.97,149.19,427.89,10,0.13,33.71,0.0,2755.34,11.78,1
88.60255600000005,27.66244400000005,2072.79,28.33,171.32,41.56,30,0.13,21.3,0.05,1138.43,160.64,1
88.27463900000004,27.21672200000006,1272.95,33.99,167.37,532.24,10,0.13,30.66,0.0,2117.02,8.45,1
88.53309700000005,27.178889000000026,355.94,47.37,130.58,83.12,60,0.13,26.85,0.05,2239.8,386.19,1
88.60322200000007,27.527194000000065,1504.94,49.1,18.46,316.52,10,0.13,45.38,0.0,2589.09,15.13,1
88.63527800000008,27.39305600000006,1576.07,35.04,181.15,249.36,30,0.13,28.79,0.05,2651.07,480.27,1
88.37616700000007,27.221444000000076,1613.97,37.79,150.38,131.43,10,0.13,34.54,0.0,2701.31,11.99,1
88.52250000000004,27.156806000000074,620.97,40.46,49.57,557.6,10,0.13,19.39,0.0,2091.4,5.23,1
88.40241700000007,27.175778000000037,1920.44,36.74,210.04,657.13,10,0.13,30.37,0.0,2643.76,10.36,1
88.38697200000007,27.17244400000004,1772.0,40.8,244.32,264.49,10,0.13,35.71,0.0,2702.22,12.25,1
88.63199200000008,27.195083000000068,589.86,30.06,4.99,146.94,10,0.12,16.28,0.0,2313.31,4.68,1
88.58519400000006,27.54586100000006,1659.36,35.53,231.92,235.1,10,0.13,32.24,0.0,3037.63,12.62,1
88.38455600000003,27.12552800000003,1336.3,16.96,138.75,686.07,10,0.13,6.85,0.0,2388.36,2.07,1
88.20627800000005,27.186611000000028,1672.15,27.16,87.45,252.8,10,0.13,14.43,0.0,2813.29,5.18,1
88.33277800000008,27.239972000000023,1294.49,22.12,341.32,197.14,10,0.13,18.35,0.0,2464.46,5.83,1
88.54886100000004,27.257972000000052,651.88,40.58,154.03,92.93,10,0.12,32.1,0.0,2823.24,11.18,1
88.23591700000009,27.236889000000076,1567.45,42.04,73.25,685.44,10,0.13,38.76,0.0,2429.59,11.99,1
88.28197200000005,27.222917000000052,1515.21,29.18,147.43,646.53,10,0.13,13.37,0.0,2165.76,3.74,1
88.23247200000009,27.218278000000055,1221.91,34.76,186.18,117.55,10,0.13,31.2,0.0,2530.09,10.37,1
88.39872200000008,27.276167000000044,913.19,36.09,66.27,171.36,10,0.13,32.55,0.0,2884.66,12.38,1
88.52875000000006,27.482583000000034,919.08,34.99,285.25,235.1,10,0.13,19.42,0.0,3300.66,8.16,1
88.51247200000006,27.158111000000076,814.21,27.16,170.54,540.29,10,0.13,19.04,0.0,2120.48,5.23,1
88.24530600000008,27.25830600000006,1135.57,29.55,8.89,541.89,10,0.13,21.06,0.0,2324.69,6.31,1
88.30580600000008,27.38361100000003,1639.02,43.52,22.27,207.8,10,0.13,20.94,0.0,2734.7,7.34,1
88.39236100000005,27.216639000000043,1566.25,35.58,224.59,117.55,10,0.12,32.03,0.0,2742.26,10.95,1
88.10261100000008,27.287361000000033,1734.8,41.24,251.44,117.55,10,0.12,26.11,0.0,1925.11,6.29,1
88.09033300000004,27.172083000000043,2331.65,17.56,165.65,277.24,10,0.12,5.43,0.05,2225.88,75.14,1
88.37333300000006,27.22508300000004,2024.24,34.67,153.42,630.98,10,0.13,12.38,0.0,2690.79,4.2,1
88.30139000000008,27.288470000000075,1132.88,35.63,20.57,312.4,10,0.13,32.34,0.0,2191.39,9.09,1
88.55041700000004,27.259694000000025,659.6,38.13,138.84,188.17,50,0.12,23.98,0.0,2819.85,8.37,1
88.34480600000006,27.158139000000062,1352.61,36.16,16.37,440.82,10,0.13,17.13,0.0,2590.11,5.65,1
88.36816700000008,27.13994400000007,1185.79,29.97,208.13,749.25,30,0.13,22.78,0.05,2576.9,379.56,1
88.21963900000009,27.227528000000063,1785.85,26.67,147.32,335.07,10,0.13,23.05,0.0,2562.44,7.44,1
88.81611100000003,27.288667000000032,3778.42,24.84,127.2,870.3,60,0.13,11.01,0.45,2294.56,1435.2,1
88.67995300000007,27.206653000000074,760.95,35.71,354.91,88.16,10,0.12,19.87,0.0,2396.15,5.95,1
88.38144400000004,27.172333000000037,1603.03,29.46,177.57,188.17,10,0.13,19.5,0.0,2728.16,6.8,1
88.73341700000003,27.675778000000037,2602.47,37.01,132.01,188.17,30,0.13,23.2,0.05,951.76,146.55,1
88.63308300000006,27.38380600000005,1761.04,23.6,302.44,408.27,10,0.13,7.84,0.0,2657.71,2.64,1
88.34847200000007,27.164528000000075,1102.3,32.58,304.24,376.35,10,0.13,29.2,0.0,2614.39,9.84,1
88.18483300000008,27.246944000000042,1633.78,34.59,343.59,124.68,10,0.13,23.51,0.0,2674.52,7.97,1
88.23700000000008,27.12161100000003,459.85,40.42,165.36,528.98,10,0.13,33.72,0.0,2013.65,8.69,1
88.43666700000006,27.165833000000077,1536.46,36.14,176.53,146.94,10,0.13,32.87,0.0,2407.25,9.98,1
88.76616700000005,27.376861000000076,3779.53,28.72,180.18,117.55,30,0.13,23.95,0.05,2291.8,365.18,1
88.58302800000007,27.426361000000043,1656.74,25.5,171.43,29.39,10,0.13,13.37,0.0,2721.27,4.62,1
88.65975000000003,27.257083000000023,1644.41,25.9,154.79,383.17,10,0.12,22.24,0.0,2678.18,7.47,1
88.71491700000007,27.36933300000004,3201.77,17.55,128.13,158.26,50,0.13,5.42,0.01,2399.92,16.46,1
88.29450000000008,27.261750000000063,610.59,33.49,40.26,207.8,10,0.12,20.72,0.0,2223.38,5.76,1
88.82041700000008,27.292583000000036,3799.58,17.32,129.84,412.48,30,0.13,5.34,0.05,2261.95,76.51,1
88.54895040000008,27.25338460000006,674.83,38.56,300.28,58.78,10,0.12,13.94,0.0,2829.83,4.9,1
88.34269400000005,27.13766700000008,1226.46,35.51,123.66,302.57,10,0.13,29.22,0.0,2554.73,9.51,1
88.30444,27.134874,700.97,29.87,226.43,251.09,10,0.13,26.17,0.0,2250.46,7.57,0
88.554003,27.23197,1694.81,21.72,259.28,739.97,10,0.13,17.94,0.0,2668.76,6.14,0
88.187334,27.242819,1796.0,12.03,258.62,41.56,10,0.13,3.36,0.0,2678.15,1.13,0
88.239471,27.34554,1431.03,25.62,298.1,352.65,10,0.13,8.67,0.0,2161.72,2.43,0
88.286042,27.28313,889.8,21.42,305.36,666.27,10,0.13,15.99,0.0,2177.31,4.42,0
88.408262,27.300158,1688.08,11.34,76.77,1175.51,30,0.13,3.11,0.0,2993.93,1.19,0
88.856981,27.294336,3966.17,24.96,149.96,893.8,100,0.13,17.2,0.0,2126.45,4.84,0
88.456954,27.112593,610.75,46.98,127.35,117.55,10,0.13,29.88,0.0,2208.66,8.46,0
88.436299,27.19847,1497.34,28.09,163.43,412.48,10,0.13,15.03,0.0,2612.61,5.06,0
88.316052,27.403555,2097.32,25.02,165.64,758.41,30,0.13,11.12,0.05,2922.65,213.09,0
88.247243,27.242139,1187.57,20.47,321.94,205.72,10,0.13,8.68,0.0,2343.45,2.66,0
88.526773,27.284974,1619.06,15.0,116.27,663.02,10,0.13,4.45,0.0,2773.18,1.57,0
88.677186,27.204342,957.19,33.52,39.91,382.04,10,0.13,18.49,0.0,2379.46,5.54,0
88.532003,27.421928,1455.66,21.56,314.86,293.88,10,0.13,15.28,0.05,2810.44,271.22,0
88.612181,27.287363,1027.98,21.73,321.34,316.52,10,0.13,17.94,0.0,2710.43,6.2,0
88.345267,27.128364,1053.43,23.65,102.92,686.07,30,0.13,19.91,0.05,2490.96,321.27,0
88.459347,27.993062,4854.95,12.97,212.97,251.09,100,0.14,7.57,0.05,359.46,18.4,0
88.754606,27.232068,1706.71,28.4,111.45,251.09,10,0.13,20.09,0.0,2621.6,6.65,0
88.611178,27.341119,1684.56,24.57,277.76,605.85,10,0.13,16.86,0.0,2652.24,5.75,0
88.55376,27.51976,1246.22,11.94,5.93,352.65,10,0.13,5.16,0.0,3532.77,2.34,0
88.252079,27.201871,1519.24,36.77,78.45,758.41,10,0.13,20.53,0.0,2335.36,6.16,0
88.762055,27.376548,3752.01,7.81,189.7,149.85,30,0.13,3.35,0.05,2308.82,51.45,0
88.468423,27.243166,578.13,29.57,33.79,447.62,10,0.13,13.58,0.0,2802.62,4.85,0
88.21017,27.323591,1665.5,26.43,166.17,884.08,10,0.13,19.61,0.05,2240.75,288.67,0
88.687719,27.203139,829.99,24.83,34.25,105.96,10,0.12,21.13,0.0,2444.93,6.44,0
88.263379,27.242439,1405.57,17.49,289.16,368.23,10,0.13,5.4,0.0,2252.82,1.56,0
88.322422,27.1468,1224.31,27.13,162.87,352.65,30,0.13,9.29,0.05,2403.7,144.14,0
88.145814,27.125697,1490.58,36.77,178.88,735.28,10,0.13,33.23,0.0,2610.38,11.31,0
88.453244,27.233844,939.51,25.92,312.85,146.94,10,0.13,21.17,0.0,2745.51,7.58,0
88.28371,27.147033,339.59,13.96,304.6,29.39,10,0.13,9.33,0.0,2090.32,2.49,0
88.50318,27.346274,1520.14,30.55,219.62,185.87,10,0.13,26.86,0.0,3003.53,10.23,0
88.432838,27.17694,1717.33,28.06,7.75,824.96,10,0.13,21.06,0.0,2495.72,6.6,0
88.807815,28.008703,5430.56,10.55,10.7,185.87,100,0.13,3.74,0.05,182.11,4.57,0
88.786958,27.422763,4085.45,19.13,289.8,0.0,30,0.14,15.32,0.05,2176.51,225.28,0
88.841222,27.313817,4113.71,18.01,226.65,764.08,30,0.13,9.76,0.05,2092.6,133.8,0
88.482014,28.018565,5213.17,13.44,109.72,328.57,100,0.13,9.79,0.05,359.46,22.79,0
88.413861,27.171988,1777.82,17.29,48.57,602.99,10,0.13,11.59,0.0,2561.15,3.71,0
88.885793,27.320287,4221.75,10.55,352.59,166.24,30,0.13,3.74,0.05,1909.9,48.03,0
88.652021,27.368645,2518.75,25.64,152.82,492.63,30,0.13,15.11,0.05,2566.9,248.98,0
88.608055,27.325616,1436.62,24.75,260.76,676.56,50,0.13,20.88,0.01,2679.08,71.28,0
88.751574,27.688522,2830.67,18.77,256.6,567.57,30,0.13,14.95,0.05,814.99,81.3,0
88.594208,27.269941,837.87,27.87,356.43,249.36,10,0.13,16.7,0.01,2749.14,57.58,0
88.347393,27.391125,1979.86,39.87,214.53,872.28,10,0.13,19.08,0.0,3081.66,7.56,0
88.473517,28.00231,5105.69,18.4,150.6,664.97,100,0.13,14.58,0.05,359.46,34.3,0
88.483683,27.171893,1177.21,30.18,337.4,457.17,10,0.13,10.55,0.0,2312.15,3.13,0
88.280287,27.312947,739.15,36.75,119.68,58.78,30,0.13,20.52,0.0,2171.84,5.77,0
88.350958,27.156151,1432.84,31.61,120.31,587.76,10,0.13,11.13,0.0,2636.68,3.72,0
88.444766,27.32953,1154.36,27.42,128.46,117.55,10,0.13,23.82,0.0,3316.29,10.12,0
88.745878,27.681841,2697.87,33.07,321.25,278.8,10,0.13,18.2,0.0,883.82,2.15,0
88.817422,27.380791,4000.09,19.95,160.29,58.78,30,0.13,14.63,0.01,2067.2,40.39,0
88.831523,27.295943,3873.57,22.0,299.67,444.72,30,0.13,11.16,0.05,2208.27,162.27,0
88.341812,27.251385,1469.87,31.33,211.13,270.94,10,0.13,17.1,0.0,2519.35,5.51,0
88.1799,27.322618,1673.91,26.19,171.69,178.76,10,0.13,22.55,0.0,2213.03,6.27,0
88.329495,27.30822,1261.37,23.01,298.76,554.49,30,0.13,16.56,0.05,2217.47,241.12,0
88.213019,27.260931,1165.1,27.06,14.58,235.1,10,0.13,9.26,0.0,2504.7,3.02,0
88.711571,27.35245,3215.78,22.55,132.63,540.29,30,0.12,7.42,0.05,2445.3,112.83,0
88.620689,27.327074,1558.4,23.74,132.54,459.05,10,0.13,7.9,0.0,2672.95,2.71,0
88.256467,27.255501,838.28,32.7,283.41,121.17,10,0.13,15.28,0.0,2261.49,4.44,0
88.216308,27.368321,1753.25,14.19,167.09,561.45,10,0.13,10.5,0.0,2176.44,2.91,0
88.363852,27.165411,1442.28,6.13,126.11,715.04,50,0.13,1.41,0.01,2735.13,4.86,0
88.692596,27.867617,4273.0,23.32,100.54,121.17,30,0.14,17.76,0.05,433.02,51.98,0
88.821498,27.382999,4206.7,14.93,295.12,324.6,60,0.13,4.42,0.45,2035.59,540.74,0
88.329052,27.188061,378.69,2.98,7.62,0.0,80,0.13,1.4,0.0,2430.68,0.43,0
88.605118,27.416506,1351.22,27.7,209.0,447.62,10,0.13,12.57,0.0,2686.49,4.29,0
88.619933,28.058267,4966.14,12.69,96.3,459.99,30,0.13,9.1,0.05,358.22,21.34,0
88.396364,27.226207,2054.73,44.22,220.49,660.41,10,0.13,37.08,0.0,2740.66,12.88,0
88.103642,27.271982,1734.57,33.7,60.62,478.4,10,0.13,18.6,0.0,1974.52,4.73,0
88.522165,27.414375,1042.08,26.26,274.68,617.15,10,0.13,18.29,0.0,2857.54,6.54,0
88.472108,27.332415,803.57,17.74,116.16,707.75,10,0.13,11.97,0.0,3203.52,4.93,0
88.842501,27.310901,4099.37,27.35,227.55,561.45,60,0.13,12.37,0.05,2101.93,170.25,0
88.719304,28.038155,5183.47,8.05,33.65,0.0,30,0.13,5.07,0.05,216.92,7.17,0
88.286377,27.340092,1827.47,44.89,160.08,707.75,30,0.13,28.53,0.05,2187.2,401.58,0
88.427155,27.10199,994.67,21.53,226.58,698.54,10,0.13,17.74,0.0,2183.68,4.93,0
88.19461,27.266721,1037.25,35.19,320.89,188.17,10,0.13,16.61,0.0,2571.96,5.65,0
88.408565,27.259208,1232.28,30.3,345.07,371.73,10,0.13,16.44,0.0,2802.5,5.96,0
88.258943,27.242664,1300.22,19.81,303.28,188.17,10,0.13,8.33,0.0,2276.52,2.44,0
88.268197,27.306128,1341.89,20.68,37.18,223.81,10,0.13,16.74,0.05,2194.83,236.5,0
88.191207,27.14941,1018.33,27.75,177.65,399.72,10,0.13,14.81,0.05,2852.56,273.6,0
88.486016,27.200537,319.01,10.22,58.86,121.17,10,0.13,6.9,0.0,2537.47,2.26,0
88.428334,27.29538,962.14,12.84,71.98,58.78,30,0.13,9.17,0.05,3069.48,181.0,0
88.279106,27.268456,766.1,24.04,45.24,29.39,30,0.13,19.32,0.05,2170.82,263.77,0
88.601042,27.372867,1926.75,10.3,30.47,836.39,50,0.13,3.63,0.01,2663.31,12.23,0
88.360052,27.327425,2265.86,26.37,212.07,392.08,10,0.13,11.84,0.0,2283.21,3.43,0
88.432696,27.140315,1039.46,24.76,173.37,302.57,10,0.13,14.48,0.0,2249.81,4.28,0
88.309137,27.143615,1141.97,23.96,201.81,743.46,10,0.13,7.99,0.0,2294.14,2.38,0
88.467341,27.27221,1565.16,23.87,270.79,1039.02,10,0.13,10.49,0.0,2869.16,3.9,0
88.437169,27.212597,1764.73,17.99,100.27,771.4,10,0.12,14.18,0.0,2694.51,4.79,0
88.746315,27.37316,3597.91,34.89,189.73,205.72,30,0.13,27.16,0.05,2341.76,419.13,0
88.45419,27.962356,4635.16,4.77,164.63,166.24,30,0.13,2.45,0.05,367.8,6.06,0
88.393858,27.173359,1551.49,21.51,131.69,171.36,10,0.13,17.71,0.0,2673.5,5.97,0
88.434362,27.117078,1197.35,29.22,23.32,456.22,10,0.13,25.71,0.0,2209.36,7.25,0
88.438292,27.35416,1819.64,25.48,132.61,41.56,10,0.13,8.61,0.0,3060.68,3.36,0
88.770678,27.682712,3147.21,20.31,180.78,211.92,30,0.14,16.5,0.05,866.16,97.09,0
88.582597,27.370792,1941.93,17.2,342.27,335.07,10,0.13,5.29,0.0,2667.67,1.78,0
88.378012,27.184409,2002.33,26.98,302.91,810.7,10,0.13,9.23,0.0,2745.74,3.22,0
88.347408,27.244891,1606.6,29.25,221.12,236.93,10,0.13,13.41,0.0,2550.1,4.4,0
88.316012,27.279515,1617.69,6.34,350.38,802.13,50,0.13,1.47,0.01,2259.8,4.37,0
88.115789,27.172901,2389.27,9.78,163.38,0.0,30,0.12,6.52,0.05,2393.27,95.59,0
88.670596,27.234921,1357.58,17.31,129.53,383.17,10,0.13,7.04,0.0,2596.31,2.31,0
88.509297,27.430874,861.83,24.25,96.7,328.57,10,0.13,20.37,0.0,2695.2,6.97,0
88.615061,27.257484,1353.53,37.42,193.22,83.12,10,0.13,17.8,0.0,2723.67,6.19,0
88.903496,27.291661,3847.75,30.14,228.29,166.24,50,0.13,18.33,0.01,2045.83,48.66,0
88.473733,27.160323,1351.19,22.22,237.21,646.53,10,0.13,7.28,0.0,2235.84,2.08,0
88.724926,28.024904,5339.28,17.67,207.91,312.4,60,0.13,5.47,0.45,216.92,69.55,0
88.50332,27.246319,1180.72,12.48,193.33,471.12,10,0.13,3.52,0.0,2821.76,1.25,0
88.666652,27.213531,776.31,30.16,179.84,249.36,10,0.13,16.35,0.0,2444.3,5.01,0
88.203859,27.364796,1319.14,21.95,54.87,29.39,10,0.13,18.02,0.0,2161.85,4.97,0
88.500532,27.22886,571.01,35.68,336.39,312.4,10,0.13,29.39,0.0,2713.04,9.99,0
88.197218,27.170836,1656.13,25.4,158.79,146.94,10,0.12,13.31,0.0,2917.36,4.83,0
88.434762,27.102017,902.85,22.59,54.02,489.11,10,0.13,18.82,0.0,2189.28,5.22,0
88.794876,28.01815,5326.15,3.85,276.76,0.0,100,0.13,1.95,0.05,182.11,2.35,0
88.787474,27.257538,3238.29,11.1,144.13,223.81,30,0.12,3.03,0.05,2508.37,47.13,0
88.3605,27.306803,1970.35,18.96,244.35,392.08,10,0.13,15.14,0.0,2374.4,4.51,0
88.60495,27.665051,2340.37,43.18,232.22,383.17,10,0.13,20.77,0.0,1129.94,3.13,0
88.235147,27.184209,1122.52,31.67,231.03,83.12,10,0.13,11.16,0.0,2500.89,3.59,0
88.096938,27.295293,2076.53,42.03,237.5,489.11,10,0.13,26.64,0.0,1876.04,6.4,0
88.29862,27.289429,1068.11,33.24,323.04,415.61,10,0.13,22.46,0.0,2188.93,6.29,0
88.15441,27.165641,1595.21,38.71,84.82,146.94,10,0.13,35.46,0.0,2770.77,12.53,0
88.615003,27.28045,1378.88,25.57,334.9,503.04,10,0.13,8.65,0.0,2710.04,2.97,0
88.287213,27.141539,439.82,39.34,314.5,335.07,10,0.13,36.1,0.0,2115.68,9.79,0
88.416848,27.272034,720.42,29.11,201.51,229.53,10,0.12,10.1,0.0,2901.01,3.68,0
88.449291,27.182815,1261.25,30.51,342.31,613.64,10,0.13,27.05,0.0,2448.99,8.37,0
88.492502,27.224583,383.71,49.79,286.83,58.78,10,0.13,28.18,0.0,2687.17,9.72,0
88.70113,27.244605,1355.95,36.17,84.36,185.87,10,0.13,20.15,0.0,2665.16,6.81,0
88.623238,27.193783,544.41,18.29,330.78,323.27,50,0.12,14.47,0.01,2302.41,41.49,0
88.545975,27.856647,3664.66,34.6,241.75,251.09,30,0.13,16.3,0.05,1269.56,137.89,0
88.493392,27.483477,1317.61,31.62,49.06,332.49,10,0.13,19.39,0.0,3212.13,7.94,0
88.416398,27.283235,1413.83,39.11,127.66,646.53,10,0.13,26.96,0.0,2968.92,10.42,0
88.317394,27.122421,316.4,26.53,248.43,178.76,10,0.13,9.04,0.0,2350.79,2.72,0
88.568745,27.331135,1286.8,35.81,224.72,0.0,10,0.13,32.53,0.0,2678.46,11.21,0
88.447114,27.241392,756.06,24.98,115.64,312.4,10,0.13,8.41,0.0,2823.39,3.02,0
88.198945,27.177454,1699.13,22.18,112.02,290.92,10,0.12,7.26,0.0,2895.27,2.62,0
88.213644,27.227411,2036.67,18.29,99.55,822.86,30,0.13,8.87,0.05,2596.73,147.4,0
88.331088,27.112164,451.66,13.42,189.31,171.36,10,0.13,9.78,0.0,2355.87,2.99,0
88.367343,27.149262,840.98,39.41,329.18,29.39,10,0.13,27.19,0.0,2647.99,9.22,0
88.390635,27.274625,1269.06,29.71,134.06,540.29,10,0.13,26.22,0.0,2857.61,9.79,0
88.538625,27.757607,2724.22,16.73,179.41,29.39,10,0.13,12.93,0.0,1443.13,2.5,0
88.813232,27.294774,3742.76,18.65,305.83,353.88,30,0.13,11.99,0.05,2276.51,173.88,0
88.455717,27.224662,1481.5,24.12,17.64,707.75,10,0.13,20.4,0.0,2687.97,6.97,0
88.631942,27.301222,1754.05,9.88,313.43,959.5,10,0.13,2.61,0.0,2671.06,0.9,0
88.661285,27.221448,1056.48,21.56,63.51,293.88,10,0.13,17.62,0.0,2501.16,5.51,0
88.529515,27.514638,771.61,43.16,103.51,92.93,10,0.13,39.85,0.0,3642.03,18.57,0
88.455172,27.274222,1168.36,22.01,307.48,235.1,10,0.13,9.5,0.0,2979.71,3.64,0
88.521879,27.372156,1684.59,28.42,325.52,131.43,10,0.13,12.95,0.0,2879.79,4.83,0
88.893094,27.291848,3487.95,22.35,328.19,117.55,10,0.13,18.58,0.0,2064.56,4.89,0
88.427321,27.247021,1299.6,21.77,118.03,617.84,10,0.13,9.37,0.0,2785.82,3.31,0
88.851216,27.301453,4120.9,36.77,67.8,605.85,60,0.13,25.18,0.45,2113.96,3152.6,0
88.568554,27.27189,918.11,33.6,200.81,352.65,10,0.13,20.8,0.0,2788.14,7.4,0
88.528446,27.447354,1286.46,24.44,242.54,278.8,10,0.13,20.73,0.0,2921.82,7.71,0
88.537027,27.500505,1240.86,29.49,295.65,262.85,30,0.13,23.57,0.05,3514.47,535.34,0
88.28101,27.224598,1573.94,26.11,90.0,471.12,10,0.13,11.71,0.0,2163.82,3.26,0
88.534893,27.179527,313.31,1.05,338.05,41.56,50,0.13,0.14,0.0,2241.9,0.04,0
88.537996,27.886251,3903.3,29.97,273.37,146.94,100,0.13,26.48,0.05,1153.67,205.75,0
88.605597,27.294229,969.35,30.09,296.07,178.76,10,0.13,26.61,0.0,2716.86,9.33,0
88.287394,27.129854,371.89,32.19,266.11,392.08,10,0.13,17.64,0.0,2111.08,4.84,0
88.155848,27.271525,1606.31,37.92,169.1,343.98,10,0.13,18.06,0.0,2333.23,5.43,0
88.525547,27.524229,784.75,33.81,40.06,65.71,30,0.13,24.64,0.05,3537.4,561.57,0
88.433632,27.246509,1050.74,22.21,96.65,278.8,30,0.13,18.43,0.0,2800.19,6.54,0
88.337474,27.117406,689.92,20.3,173.65,363.51,10,0.13,10.1,0.0,2402.68,3.16,0
88.413046,27.307077,1535.21,22.13,72.07,302.57,10,0.13,11.24,0.0,3020.77,4.33,0
88.443715,27.948012,4586.55,4.19,273.1,65.71,30,0.13,1.33,0.05,381.8,3.43,0
88.429158,27.265767,723.79,15.46,110.86,447.62,10,0.12,11.61,0.0,2887.54,4.18,0
88.152133,27.268584,1449.9,34.14,80.7,105.96,10,0.13,12.17,0.0,2322.52,3.68,0
88.611629,27.193468,509.58,27.61,1.1,83.12,10,0.12,19.43,0.01,2296.64,55.74,0
88.321399,27.385578,1478.01,39.04,189.82,312.4,10,0.13,28.94,0.0,2966.05,11.07,0
88.218612,27.254918,1403.98,19.28,344.64,29.39,10,0.13,10.63,0.0,2473.39,3.42,0
88.531381,27.444308,1439.02,34.48,270.3,587.76,10,0.13,29.63,0.0,2897.74,10.93,0
88.570645,27.412377,1874.97,24.14,192.65,802.13,10,0.13,8.06,0.0,2719.6,2.85,0
88.218066,27.288904,1383.77,54.19,160.37,289.44,30,0.13,49.72,0.05,2448.33,796.19,0
88.777495,27.424032,3834.49,27.72,338.83,146.94,30,0.13,9.53,0.05,2186.76,139.34,0
88.441495,27.152098,1205.3,32.63,173.9,449.55,10,0.13,29.26,0.0,2288.86,8.54,0
88.360524,27.306719,1979.46,23.83,252.45,415.61,10,0.13,10.47,0.0,2377.13,3.12,0
88.721335,28.024703,5256.23,2.55,336.44,0.0,30,0.13,1.14,0.05,216.92,1.63,0
88.26404,27.309358,1476.95,20.07,85.1,205.72,10,0.13,8.47,0.0,2217.98,2.43,0
88.272473,27.356627,1913.5,38.47,118.77,634.4,10,0.13,30.29,0.0,2181.19,8.38,0
88.326157,27.239728,1467.17,22.26,6.68,644.53,10,0.13,12.7,0.0,2429.03,3.93,0
88.436532,27.156066,1569.39,27.37,149.59,748.09,30,0.13,14.56,0.05,2343.45,213.99,0
88.431662,27.191493,1101.34,21.08,147.31,235.1,10,0.13,17.28,0.0,2593.15,5.82,0
88.435708,27.235163,1122.96,20.17,105.72,270.94,10,0.13,16.22,0.0,2817.57,5.89,0
88.203181,27.191176,1792.97,43.4,164.12,58.78,10,0.13,24.56,0.0,2811.82,8.81,0
88.15016,27.125653,1515.39,29.22,124.02,856.8,10,0.13,10.15,0.0,2645.97,3.5,0
88.474088,27.360072,634.41,36.35,92.14,235.1,10,0.13,33.08,0.0,3252.17,13.57,0
88.562324,27.216383,1364.49,24.17,172.71,249.36,10,0.13,18.56,0.0,2518.0,6.05,0
88.287284,27.318125,1035.17,25.22,241.16,619.94,10,0.13,21.54,0.0,2178.23,6.11,0
88.096627,27.151217,2306.75,32.69,288.83,399.72,10,0.13,11.57,0.0,2252.06,3.25,0
88.87134,27.297954,3771.99,31.82,146.68,769.15,100,0.13,24.44,0.01,2073.98,65.67,0
88.472272,27.16964,1421.15,21.54,84.44,711.4,10,0.13,17.75,0.0,2322.42,5.22,0
88.309993,27.212123,932.85,33.42,33.86,893.8,10,0.13,24.31,0.0,2296.28,7.19,0
88.508752,27.256804,1335.4,11.2,136.61,478.4,10,0.13,6.27,0.0,2826.86,2.29,0
88.673845,28.037029,5054.99,1.01,156.54,205.72,60,0.13,0.13,0.45,358.22,2.86,0
88.235993,27.187616,1236.53,36.3,245.43,105.96,10,0.13,24.83,0.0,2495.89,7.97,0
88.734695,27.74686,3336.36,9.67,83.88,149.85,30,0.13,5.52,0.05,752.32,27.72,0
88.483572,27.168242,1291.05,18.89,8.15,729.98,10,0.13,14.94,0.0,2279.17,4.36,0
88.52417,27.45882,995.02,30.86,279.26,207.8,10,0.13,27.41,0.0,3033.56,10.48,0
88.231991,27.13975,1161.94,34.41,335.77,448.59,10,0.13,12.28,0.0,2266.56,3.6,0
88.255205,27.296944,1784.14,23.02,226.61,725.83,10,0.13,15.58,0.0,2268.83,4.48,0
88.586896,27.392796,1168.1,20.57,21.92,436.88,10,0.13,13.55,0.0,2680.51,4.68,0
88.466496,27.25091,527.97,42.84,164.79,383.17,10,0.13,24.23,0.0,2838.12,8.67,0
88.307736,27.306802,869.64,41.23,83.26,242.34,10,0.13,37.97,0.0,2197.37,10.62,0
88.838812,27.328846,4057.24,6.92,117.78,652.52,50,0.13,1.65,0.05,2033.48,22.03,0
88.615725,27.268164,1306.64,15.09,24.13,735.28,10,0.13,11.35,0.0,2716.18,3.9,0
88.413924,27.149419,1445.02,39.36,139.15,335.07,10,0.13,31.06,0.0,2410.75,9.42,0
88.63418,27.421498,1389.49,27.55,146.25,117.55,10,0.13,9.46,0.0,2664.97,3.16,0
88.30727,27.406594,1867.55,17.49,252.93,266.12,10,0.13,13.68,0.0,2779.88,4.83,0
88.247813,27.288997,1351.15,18.84,151.9,270.94,30,0.13,10.33,0.05,2309.39,155.67,0
88.596124,27.543039,1717.47,53.18,148.53,647.2,10,0.13,48.89,0.0,2806.33,17.41,0
88.310745,27.17133,632.57,30.7,320.84,251.09,10,0.13,14.2,0.0,2301.31,4.1,0
88.135642,27.256535,1591.63,4.58,335.34,409.33,30,0.13,1.98,0.05,2269.83,29.28,0
88.490149,27.343758,943.67,24.69,212.21,188.17,10,0.13,20.99,0.0,3106.75,8.2,0
88.41574,27.138055,1542.05,37.07,36.91,176.33,10,0.12,33.81,0.0,2318.32,9.78,0
88.654893,27.216659,980.39,32.37,248.08,644.53,10,0.12,17.76,0.0,2467.87,5.46,0
88.464289,27.181817,1170.62,28.85,295.1,409.33,10,0.13,25.31,0.0,2420.13,7.71,0
88.431598,27.280754,816.04,21.19,95.8,382.04,10,0.13,9.06,0.0,2986.52,3.47,0
88.718879,27.204027,1128.11,44.28,310.71,324.6,10,0.13,21.32,0.0,2661.22,7.07,0
88.433433,27.300014,790.01,26.86,94.13,0.0,10,0.13,23.24,0.0,3109.94,9.29,0
88.457516,27.335398,1298.23,16.89,89.6,831.21,10,0.13,10.59,0.0,3339.89,4.58,0
88.33491,27.382889,1268.06,14.15,269.17,88.16,10,0.13,10.46,0.0,2932.88,4.01,0
88.363506,27.376227,1678.17,25.89,256.08,317.88,10,0.13,13.62,0.0,2849.54,4.89,0
88.136949,27.238429,1940.34,37.07,86.17,302.57,10,0.12,29.08,0.0,2352.55,8.52,0
88.733857,27.225636,1547.15,29.91,145.08,440.82,10,0.13,16.19,0.0,2670.9,5.47,0
88.201844,27.168855,1597.29,18.79,250.56,500.46,50,0.13,9.17,0.01,2862.77,32.86,0
88.691424,27.625608,2036.35,25.13,354.92,88.16,10,0.13,21.45,0.0,1738.71,4.89,0
88.415441,27.30705,1460.68,14.11,57.74,149.85,10,0.13,10.42,0.0,3051.19,4.05,0
88.161572,27.11673,839.2,27.32,74.62,440.82,10,0.13,9.37,0.0,2547.91,3.15,0
88.310764,27.147633,1317.22,18.05,249.13,973.35,10,0.13,12.91,0.0,2308.48,3.8,0
88.246761,27.230597,1585.88,31.86,202.7,505.61,10,0.13,14.82,0.0,2397.75,4.52,0
88.613901,27.246724,1440.67,19.97,181.82,591.42,30,0.13,9.9,0.05,2705.71,169.85,0
88.635674,27.183706,930.77,23.11,245.48,687.95,10,0.13,7.64,0.0,2234.42,2.14,0
88.297097,27.167651,419.67,40.64,112.3,223.81,10,0.13,25.71,0.0,2194.75,7.2,0
88.836128,27.324949,4080.41,16.97,276.57,605.13,100,0.13,11.33,0.05,2060.98,155.73,0
88.435307,27.155254,1557.62,18.96,144.07,734.7,10,0.13,7.89,0.01,2343.89,23.21,0
88.474756,27.359105,594.23,41.93,79.44,117.55,10,0.13,23.69,0.0,3246.57,9.69,0
88.388992,27.199171,1682.54,39.57,352.25,335.07,10,0.13,24.98,0.0,2753.63,8.84,0
88.498314,27.23009,412.65,20.87,334.87,146.94,10,0.13,16.93,0.0,2721.44,5.82,0
88.6133,27.326332,1677.86,27.28,268.47,962.65,50,0.13,17.8,0.01,2676.27,60.75,0
88.346865,27.121456,879.13,8.59,104.85,725.83,10,0.13,2.18,0.0,2443.32,0.68,0
88.142887,27.124667,1478.49,36.82,158.02,671.43,10,0.13,17.48,0.0,2580.24,5.88,0
88.591776,27.289493,890.8,34.88,121.46,171.36,10,0.13,16.45,0.0,2741.36,5.69,0
88.618245,28.037193,4851.51,6.16,312.17,277.24,30,0.13,2.2,0.05,358.22,5.24,0
88.147832,27.142618,1501.96,28.69,98.54,539.49,10,0.13,18.9,0.0,2683.13,6.55,0
88.14131,27.126812,1478.0,22.97,254.06,827.57,10,0.13,10.01,0.0,2574.19,3.38,0
88.298501,27.174611,515.54,30.99,150.24,290.92,10,0.13,18.94,0.0,2199.9,5.32,0
88.430958,27.095307,896.79,18.69,149.15,892.35,10,0.13,10.23,0.0,2177.59,2.84,0
88.283651,27.222964,1453.64,24.14,82.49,670.15,10,0.13,8.06,0.0,2175.17,2.28,0
88.537146,27.229725,1017.32,54.54,18.33,92.93,10,0.13,30.64,0.0,2682.9,10.59,0
88.276153,27.162811,1001.2,16.05,308.24,808.57,10,0.13,6.39,0.0,2034.22,1.69,0
88.54276,27.392448,955.72,26.69,22.82,249.36,30,0.13,23.06,0.0,2734.03,8.01,0
88.288089,27.286074,856.26,30.83,307.48,519.92,10,0.13,22.14,0.0,2178.99,6.11,0
88.553584,27.519538,1252.23,17.28,2.73,352.65,10,0.13,7.02,0.0,3531.51,3.19,0
88.439118,27.326899,1117.47,40.0,186.95,124.68,10,0.13,36.76,0.0,3267.71,15.37,0
88.20334,27.157255,976.18,28.78,174.45,242.34,10,0.13,25.24,0.0,2801.58,9.27,0
88.567971,28.071105,5557.57,19.98,101.41,88.16,60,0.13,12.15,0.45,253.89,174.68,0
88.536875,27.249359,502.99,11.56,67.66,0.0,10,0.12,8.08,0.0,2840.97,2.83,0
88.7435,27.216132,1416.77,32.62,357.35,83.12,10,0.13,20.1,0.0,2646.24,6.81,0
88.22276,27.370274,1745.0,9.92,167.94,149.85,10,0.13,3.46,0.0,2180.09,0.96,0
88.608938,27.297248,1046.6,19.42,288.46,328.57,10,0.13,6.16,0.0,2709.48,2.16,0
88.634237,27.181989,841.18,24.38,262.37,500.46,50,0.13,20.66,0.0,2221.38,5.75,0
88.690625,27.852226,4025.1,24.64,108.31,328.57,30,0.13,12.83,0.05,510.27,43.81,0
88.594385,27.307497,1283.45,20.91,302.61,823.38,50,0.13,6.75,0.0,2717.24,2.33,0
88.297101,27.345144,1715.21,25.2,56.4,29.39,10,0.13,17.4,0.0,2282.19,5.08,0
88.326885,27.261473,1422.11,19.27,256.12,513.24,30,0.13,6.1,0.05,2396.19,94.96,0
88.429276,27.195114,1310.24,24.31,130.07,383.17,30,0.13,20.59,0.05,2626.63,346.72,0
88.76386,28.049152,5272.99,2.36,312.47,417.68,60,0.13,1.03,0.05,216.92,1.46,0
88.342205,27.202325,1066.04,30.09,296.52,644.53,10,0.13,13.86,0.0,2521.94,4.45,0
88.474052,27.24302,368.33,39.33,38.06,124.68,10,0.13,36.09,0.0,2800.6,12.69,0
88.342254,27.344979,1710.22,19.18,272.93,176.33,30,0.13,9.41,0.0,2321.37,2.74,0
88.503951,27.409793,1132.27,19.13,359.2,105.96,10,0.13,12.38,0.0,2854.5,4.47,0
88.683827,28.043522,5047.3,2.94,354.3,131.43,60,0.13,1.03,0.45,216.92,13.35,0
88.223645,27.229191,1753.05,23.29,144.44,124.68,10,0.12,15.8,0.0,2533.94,4.97,0
88.430568,27.144204,1105.11,22.94,229.15,264.49,10,0.13,17.4,0.0,2288.68,5.23,0
88.718291,27.768304,3429.31,11.61,105.53,58.78,10,0.13,8.13,0.0,800.41,0.87,0
88.474933,27.34209,674.49,28.67,64.07,229.53,10,0.13,25.13,0.0,3227.59,10.31,0
88.6964,27.629516,2090.62,32.86,174.6,92.93,30,0.13,26.75,0.05,1657.48,291.66,0
88.157402,27.192116,1887.44,26.09,232.04,549.01,10,0.13,13.75,0.0,2685.7,4.71,0
88.366294,27.366388,1836.39,31.0,293.41,188.17,10,0.12,10.88,0.0,2650.64,3.58,0
88.468865,27.190457,933.23,27.32,353.52,737.04,10,0.13,23.73,0.0,2474.25,7.53,0
88.368206,27.184262,1586.5,29.09,288.72,447.62,10,0.13,17.58,0.0,2723.67,6.08,0
88.524282,27.203781,1024.87,26.82,146.4,409.33,10,0.13,19.95,0.0,2486.87,6.38,0
88.618202,27.242851,1183.65,42.56,175.54,58.78,10,0.13,38.95,0.0,2665.72,13.09,0
88.475524,27.368464,705.64,33.11,103.03,353.88,10,0.13,25.58,0.0,3176.91,10.24,0
88.341777,27.155671,1543.25,35.55,6.23,791.29,10,0.13,26.08,0.0,2564.6,8.42,0
88.608172,27.20639,776.11,21.59,114.13,353.88,10,0.13,9.27,0.0,2388.16,2.82,0
88.286476,27.225806,1277.53,35.76,100.62,449.55,10,0.13,32.48,0.0,2194.37,9.32,0
88.44882,27.230522,1084.84,17.84,10.88,146.94,10,0.13,5.54,0.0,2747.28,1.98,0
88.590836,27.254055,1301.95,27.68,15.91,827.57,10,0.13,19.48,0.0,2763.62,6.87,0
88.526937,27.250799,639.18,32.16,159.46,353.88,10,0.12,14.98,0.0,2838.35,5.27,0
88.766158,28.047821,5283.87,4.29,237.66,541.89,30,0.13,2.25,0.05,216.92,3.14,0
88.819281,27.844823,4311.24,17.02,156.45,41.56,30,0.14,13.22,0.05,506.16,45.21,0
88.226806,27.177932,1068.51,34.19,158.39,88.16,10,0.13,30.87,0.0,2587.56,10.34,0
88.719665,28.032284,5217.06,9.73,273.17,0.0,100,0.13,6.47,0.05,216.92,9.26,0
88.468654,27.340663,926.0,18.32,78.31,299.7,10,0.13,5.72,0.0,3276.55,2.39,0
88.816072,27.829933,4220.53,12.9,149.34,205.72,60,0.14,9.3,0.45,564.39,319.59,0
88.61818,27.332625,1687.7,32.89,119.96,499.59,10,0.13,11.65,0.0,2662.97,3.98,0
88.217854,27.158478,1166.45,17.63,251.85,92.93,10,0.13,13.82,0.0,2646.62,4.72,0
88.623276,28.062077,4928.76,10.76,119.28,499.59,60,0.13,7.01,0.45,358.22,147.59,0
88.239623,27.312329,1656.28,14.45,335.6,332.49,10,0.13,10.75,0.0,2316.1,3.18,0
88.335293,27.23375,1612.14,37.18,356.34,798.36,10,0.13,33.92,0.0,2467.49,10.67,0
88.69427,28.050518,5046.5,2.99,146.64,41.56,30,0.13,0.56,0.05,216.92,0.81,0
88.144064,27.136121,1595.05,36.72,90.17,262.85,10,0.13,20.5,0.0,2629.64,6.84,0
88.610871,27.368421,1853.61,26.42,134.23,762.95,50,0.13,11.87,0.01,2659.51,40.27,0
88.2808,27.268763,734.26,29.05,328.7,83.12,10,0.13,21.95,0.0,2172.48,5.97,0
88.642408,27.432411,1552.01,10.07,257.62,105.96,30,0.12,2.67,0.0,2621.56,0.87,0
88.569229,27.383255,1424.32,24.9,347.89,470.21,10,0.13,11.05,0.0,2689.28,3.84,0
88.775439,27.396284,4086.49,17.84,136.2,705.92,30,0.13,13.34,0.05,2251.15,201.91,0
88.575043,27.28619,1326.74,24.05,25.59,623.41,10,0.13,20.32,0.0,2762.83,7.14,0
88.532535,27.496557,1163.76,20.28,324.6,65.71,10,0.13,8.58,0.0,3460.69,3.82,0
88.090475,27.175455,2392.66,28.28,113.71,335.07,10,0.12,9.76,0.0,2214.9,2.67,0
88.090406,27.156428,2173.04,31.47,245.43,353.88,10,0.12,28.05,0.0,2258.11,7.91,0
88.481942,27.324011,776.98,38.83,327.17,213.95,10,0.13,18.54,0.0,3071.24,7.33,0
88.768079,28.002761,5204.92,5.44,240.34,290.92,100,0.13,2.1,0.05,216.92,3.02,0
88.504339,27.159639,1001.67,23.77,155.51,549.01,10,0.13,20.04,0.0,2145.01,5.55,0
88.721679,27.756307,3398.41,17.44,32.36,236.93,10,0.13,13.64,0.0,778.5,1.41,0
88.279466,27.135652,409.16,34.44,263.44,146.94,10,0.13,19.07,0.0,2049.99,5.01,0
88.733501,28.027289,5513.81,20.4,98.0,784.17,60,0.13,14.27,0.45,216.92,177.04,0
88.385824,27.262154,1544.35,32.29,311.98,270.94,10,0.13,24.85,0.0,2770.66,8.86,0
88.604611,27.66447,2289.65,39.17,221.58,317.88,10,0.13,24.7,0.0,1134.11,3.73,0
88.802655,27.66818,4088.38,21.11,318.59,780.85,30,0.13,17.31,0.05,816.41,95.23,0
88.197016,27.348946,1807.78,26.04,38.76,352.65,10,0.13,8.84,0.0,2153.25,2.42,0
88.803275,27.387535,4047.3,14.69,247.37,158.26,30,0.14,9.95,0.05,2144.24,144.3,0
88.617728,28.025764,4905.39,16.09,242.18,270.94,100,0.13,4.86,0.05,358.22,11.53,0
88.341186,27.166911,954.93,36.19,41.69,205.72,10,0.13,20.17,0.0,2552.11,6.63,0
88.444216,27.253313,645.18,16.6,49.46,557.6,10,0.13,6.67,0.0,2844.83,2.38,0
88.415138,27.903449,4535.43,2.68,101.93,146.94,30,0.14,1.22,0.05,424.38,3.54,0
88.533839,27.436131,1499.4,17.36,221.49,41.56,10,0.13,12.88,0.0,2815.12,4.64,0
88.596876,27.316589,1199.9,19.85,307.65,290.92,10,0.13,9.83,0.0,2698.95,3.41,0
88.093267,27.28322,2071.44,42.6,127.45,611.52,30,0.12,35.66,0.05,1896.34,418.99,0
88.54466,27.857191,3657.48,16.56,185.99,178.76,30,0.13,5.04,0.05,1281.4,43.01,0
88.739537,27.731848,3210.87,5.7,128.37,29.39,60,0.13,1.28,0.45,732.41,55.93,0
88.197688,27.169623,1584.76,28.54,169.25,264.49,50,0.12,24.99,0.01,2912.27,90.45,0
88.606294,27.245134,1317.39,19.37,319.74,611.52,10,0.13,8.1,0.0,2704.48,2.78,0
88.447575,27.19322,877.97,43.64,140.64,323.27,10,0.13,38.33,0.0,2521.84,12.62,0
88.233046,27.36906,1945.78,42.83,170.59,146.94,10,0.12,31.97,0.0,2181.9,8.68,0
88.437657,27.235991,1058.33,23.49,94.73,251.09,10,0.13,16.98,0.0,2820.39,6.19,0
88.843277,27.316847,4099.19,19.82,111.82,705.31,30,0.13,16.0,0.05,2072.02,217.48,0
88.334689,27.242378,1186.86,18.69,314.51,29.39,10,0.13,9.11,0.0,2478.03,2.91,0
88.337236,27.230378,1815.47,35.2,337.65,966.68,10,0.13,27.43,0.0,2471.36,8.63,0
88.472165,27.341494,779.9,29.3,59.93,176.33,10,0.13,20.85,0.0,3248.72,8.62,0
88.387529,27.198352,1681.5,34.22,290.56,411.43,10,0.13,12.2,0.0,2751.18,4.32,0
88.729227,27.664499,2538.46,13.9,201.89,58.78,60,0.13,4.04,0.05,1068.61,29.11,0
88.150467,27.120798,1171.76,21.09,232.48,529.8,10,0.13,10.59,0.0,2587.75,3.61,0
88.160119,27.127528,1021.45,19.35,90.62,473.86,10,0.13,12.56,0.0,2673.4,4.39,0
88.349179,27.353238,1958.92,21.24,280.96,647.2,10,0.12,15.0,0.0,2461.44,4.62,0
88.599026,27.215696,1221.04,22.95,44.23,558.37,10,0.13,7.58,0.0,2454.02,2.38,0
88.432406,27.127084,1029.67,19.44,69.62,58.78,10,0.13,15.62,0.0,2221.47,4.48,0
88.530852,27.462532,1162.87,14.56,324.22,489.11,10,0.13,5.65,0.0,3089.61,2.24,0
88.68436,27.223302,850.1,42.36,168.39,131.43,10,0.13,20.36,0.0,2514.26,6.42,0
88.504576,27.4054,1244.27,17.83,63.8,408.27,10,0.13,14.02,0.0,2896.58,5.17,0
88.365257,27.298617,2102.59,9.86,293.58,1103.12,50,0.13,2.6,0.01,2450.31,8.04,0
88.246281,27.240952,1217.23,20.4,354.75,83.12,10,0.13,16.46,0.0,2355.87,5.06,0
88.487837,27.534362,1008.63,35.1,57.28,197.14,10,0.13,27.35,0.0,3138.34,11.0,0
88.17802,27.321324,1707.3,32.96,110.66,236.93,10,0.13,25.45,0.0,2205.01,7.06,0
88.549366,27.733089,2720.51,29.32,129.26,312.4,30,0.13,13.44,0.05,1523.04,135.53,0
88.468386,27.286462,1666.23,17.55,259.26,264.49,10,0.13,13.74,0.0,2948.93,5.22,0
88.171031,27.167455,1589.15,15.22,279.03,822.86,10,0.13,11.47,0.0,2911.44,4.25,0
88.518492,27.439172,942.82,24.22,227.8,58.78,10,0.13,15.41,0.0,2808.47,5.5,0
88.282917,27.226054,1471.91,24.44,93.57,335.07,10,0.13,16.76,0.0,2175.54,4.7,0
88.410151,27.303894,1650.57,20.9,87.54,748.09,10,0.13,13.82,0.0,3001.08,5.25,0
88.393307,27.146009,1594.43,30.19,351.36,623.41,10,0.13,26.71,0.0,2491.99,8.41,0
88.42669,27.272614,663.71,24.89,188.52,229.53,10,0.13,21.2,0.0,2925.28,7.82,0
88.394849,27.146808,1637.95,28.21,289.96,457.17,10,0.13,9.73,0.0,2490.01,3.08,0
88.599996,27.295605,1064.33,17.8,108.4,328.57,50,0.13,13.99,0.01,2724.41,48.14,0
88.500358,27.227403,639.18,27.39,335.56,448.59,10,0.13,23.8,0.0,2704.81,8.12,0
88.804381,27.384571,4052.41,16.72,260.44,312.4,100,0.13,8.89,0.05,2137.81,128.13,0
88.418753,27.227129,1766.66,18.86,70.56,436.88,10,0.13,15.04,0.0,2788.84,5.26,0
88.621209,27.269774,1340.04,26.68,324.64,355.09,50,0.13,12.01,0.01,2706.83,40.96,0
88.614628,27.368246,1801.08,24.71,150.36,585.55,10,0.13,10.95,0.01,2658.49,37.09,0
88.461266,27.164932,1575.09,23.05,119.69,685.44,10,0.13,10.05,0.0,2310.66,2.94,0
88.465838,27.295715,1431.79,28.34,330.03,758.41,10,0.13,24.79,0.0,3027.12,9.71,0
88.267647,27.256584,1202.02,23.88,284.3,358.72,10,0.13,20.15,0.0,2198.01,5.69,0
88.455529,27.902094,4910.05,10.17,23.17,105.96,60,0.13,6.85,0.45,443.5,182.53,0
88.893047,27.273994,3940.38,23.36,348.0,698.54,100,0.13,10.22,0.05,2172.9,146.64,0
88.199534,27.329008,1935.28,27.8,15.61,929.33,10,0.13,24.22,0.0,2205.96,6.79,0
88.615263,27.247543,1443.29,10.11,347.44,528.98,30,0.13,2.68,0.05,2710.8,46.18,0
88.384306,27.206248,1350.2,37.02,310.31,415.61,10,0.13,33.76,0.0,2735.78,11.87,0
88.441419,27.226198,1318.87,16.19,345.36,299.7,10,0.13,8.53,0.0,2759.47,3.05,0
88.745756,28.023583,5202.06,19.07,85.39,121.17,60,0.13,12.33,0.45,216.92,156.03,0
88.346188,27.189352,701.03,12.17,330.16,229.53,10,0.13,8.56,0.0,2568.37,2.76,0
88.609636,27.247061,1381.25,25.01,359.94,691.71,10,0.13,11.11,0.0,2715.52,3.81,0
88.240314,27.19371,1562.74,33.14,271.94,456.22,10,0.13,29.77,0.0,2457.08,9.18,0
88.230526,27.281152,1187.03,30.9,128.03,121.17,10,0.13,22.19,0.0,2406.65,7.07,0
88.906374,27.293646,3966.08,24.89,317.58,383.17,50,0.13,11.04,0.01,2041.34,29.93,0
88.279495,27.179354,895.55,23.28,169.34,457.17,30,0.13,10.18,0.05,2080.11,137.11,0
88.490433,27.352459,1121.02,32.61,245.28,578.87,10,0.12,20.1,0.0,3112.89,7.8,0
88.73504,28.033377,5314.83,28.86,61.63,92.93,60,0.13,19.04,0.45,216.92,240.33,0
88.452145,27.252787,421.2,4.83,318.01,29.39,30,0.13,1.36,0.0,2858.06,0.49,0
88.286642,27.198033,1031.44,26.23,284.92,295.34,10,0.13,22.59,0.0,2148.99,6.33,0
88.391098,27.28923,1191.57,38.71,212.09,229.53,10,0.13,18.48,0.0,2820.35,6.77,0
88.445512,27.176472,1689.51,36.92,128.99,635.76,10,0.13,20.62,0.0,2428.1,6.3,0
88.453964,27.271231,1165.03,32.02,238.39,570.61,10,0.13,17.53,0.0,2971.67,6.76,0
88.26803,27.34879,1566.49,35.05,176.94,368.23,10,0.13,28.8,0.0,2172.84,8.15,0
88.483248,27.229021,725.46,14.66,63.04,602.99,10,0.13,6.71,0.0,2714.2,2.34,0
88.289647,27.32135,1176.84,34.18,39.56,591.42,10,0.13,16.07,0.0,2180.46,4.54,0
88.593723,27.342,1107.49,5.41,144.34,29.39,30,0.13,3.03,0.05,2657.13,51.83,0
88.355513,27.296012,1906.38,17.55,279.01,433.91,10,0.13,11.82,0.0,2395.91,3.57,0
88.687249,28.056701,5231.49,11.18,119.5,663.02,60,0.13,3.06,0.45,216.92,39.44,0
88.584464,27.267085,796.11,27.37,221.39,185.87,10,0.12,14.57,0.0,2765.82,5.03,0
88.42539,27.091754,679.66,20.31,200.53,513.24,10,0.13,6.51,0.0,2168.29,1.78,0
88.049983,27.274107,2659.0,22.2,131.64,371.73,30,0.13,9.6,0.05,2026.59,121.76,0
88.699108,27.242407,1448.22,22.03,51.56,29.39,10,0.13,16.56,0.0,2650.3,5.56,0
88.65012,27.345652,1706.22,14.42,132.3,299.7,10,0.13,7.37,0.0,2595.16,2.39,0
88.322906,27.321856,1591.55,27.73,210.37,539.49,10,0.13,19.53,0.0,2211.28,5.48,0
88.473091,27.189239,853.98,28.12,58.72,383.17,10,0.13,16.88,0.0,2467.38,5.36,0
88.524919,27.183429,643.6,15.85,144.29,670.79,10,0.13,9.77,0.0,2303.03,2.86,0
88.523109,27.206789,1137.08,27.17,155.97,519.92,10,0.13,9.3,0.0,2516.09,3.02,0
88.458477,27.311205,677.81,30.94,309.15,185.87,10,0.13,27.5,0.0,3183.55,11.1,0
88.129706,27.24953,1773.41,26.11,349.75,188.17,10,0.13,13.77,0.0,2264.97,4.07,0
88.788421,27.263317,3427.06,28.02,185.03,436.88,30,0.12,24.45,0.01,2479.54,75.39,0
88.539247,27.265553,1318.61,17.23,205.3,791.29,10,0.13,5.3,0.0,2810.31,1.91,0
88.293958,27.222682,967.26,23.32,33.23,343.98,10,0.13,7.73,0.0,2229.6,2.22,0
88.815101,27.677314,4356.44,33.4,212.12,353.88,100,0.14,20.66,0.05,706.25,98.6,0
88.309836,27.378195,1702.63,33.23,156.59,427.89,10,0.13,29.87,0.0,2796.94,10.64,0
88.426221,27.179426,1428.8,38.42,287.35,188.17,10,0.13,13.89,0.0,2545.66,4.54,0
88.220487,27.257737,1295.26,26.17,6.39,312.4,10,0.13,8.89,0.0,2463.2,2.84,0
88.090604,27.173842,2399.25,21.95,132.34,316.52,30,0.12,9.47,0.05,2220.28,130.71,0
88.158777,27.123249,1030.36,19.37,105.68,775.86,10,0.13,6.14,0.0,2623.4,2.1,0
88.611981,27.365566,1770.13,16.72,158.07,514.08,50,0.13,7.92,0.01,2658.51,26.8,0
88.415587,27.283829,1493.32,23.59,122.34,587.76,10,0.13,17.07,0.0,2970.31,6.61,0
88.619242,28.037773,4852.0,5.57,351.57,252.8,30,0.13,2.99,0.05,358.22,7.14,0
88.213342,27.150429,845.18,15.66,159.68,65.71,10,0.13,11.9,0.0,2607.29,4.05,0
88.270823,27.137416,735.48,24.52,91.65,395.37,10,0.13,8.22,0.0,2004.46,2.15,0
88.420747,27.275842,890.0,18.83,133.49,670.15,10,0.13,7.82,0.0,2932.33,2.96,0
88.435556,27.93994,4584.57,19.37,105.9,185.87,30,0.14,9.53,0.05,388.06,24.99,0
88.159674,27.258098,1450.48,32.08,331.99,353.88,10,0.13,11.32,0.0,2441.18,3.55,0
88.294787,27.16826,546.91,30.23,169.08,335.07,30,0.13,16.4,0.05,2177.45,229.19,0
88.431221,27.246399,1166.5,9.74,86.04,383.17,30,0.13,3.97,0.0,2794.93,1.41,0
88.447419,27.555995,1012.01,7.19,21.11,0.0,60,0.13,4.38,0.45,3010.58,764.69,0
88.57307,27.404925,1593.46,29.74,75.83,262.85,10,0.13,10.36,0.0,2708.69,3.59,0
88.209879,27.281015,1385.75,20.42,148.6,324.6,10,0.13,13.43,0.0,2492.5,4.3,0
88.468712,27.281683,1611.76,17.64,267.83,264.49,10,0.13,13.71,0.0,2917.5,5.16,0
88.406387,27.161162,1574.86,42.42,226.83,420.77,10,0.13,23.98,0.0,2532.53,7.59,0
88.707442,27.902109,4546.66,12.77,232.78,58.78,30,0.13,3.62,0.05,337.17,8.19,0
88.444597,27.228621,1189.57,27.95,4.04,363.51,10,0.13,16.76,0.0,2757.3,6.0,0
88.720481,27.250873,1491.9,36.21,234.24,433.91,10,0.13,28.32,0.0,2695.06,9.93,0
88.311737,27.32562,1413.03,15.59,334.01,852.25,10,0.13,11.25,0.0,2201.14,3.2,0
88.199151,27.254608,1575.45,22.88,35.4,415.61,10,0.13,19.12,0.0,2583.52,6.38,0
88.364608,27.296475,2113.95,7.94,66.29,1200.59,50,0.13,1.97,0.05,2451.66,30.32,0
88.637879,27.233793,1517.08,51.34,180.22,357.52,10,0.13,40.71,0.0,2589.68,13.43,0
88.61993,27.533335,1687.09,22.27,312.48,88.16,10,0.13,18.34,0.0,2288.18,5.38,0
88.099389,27.276939,1857.85,4.59,320.86,188.17,10,0.13,0.97,0.0,1940.55,0.24,0
88.285219,27.281384,923.67,17.68,290.19,749.25,10,0.13,7.23,0.0,2176.46,2.0,0
88.479865,27.228104,774.57,17.76,86.0,505.61,10,0.13,13.95,0.0,2707.82,4.86,0
88.5743,27.270368,802.61,20.35,192.16,105.96,50,0.13,14.22,0.01,2780.12,50.07,0
88.199067,27.179077,1717.78,15.61,116.46,207.8,10,0.12,4.68,0.0,2887.16,1.68,0
88.653709,27.234835,1327.74,21.65,70.93,671.43,10,0.12,15.36,0.0,2595.86,4.96,0
88.442562,27.250824,797.33,20.79,113.89,459.99,30,0.13,8.85,0.05,2826.19,157.82,0
88.496391,27.419996,1388.17,13.81,84.97,409.33,10,0.13,10.14,0.0,2735.1,3.52,0
88.751632,27.237446,2040.09,10.16,172.07,532.24,10,0.12,2.7,0.0,2630.08,0.89,0
88.464164,27.181151,1193.27,29.11,325.52,411.43,10,0.13,25.59,0.0,2416.83,7.77,0
88.687195,27.225817,924.71,19.3,189.09,436.88,10,0.13,15.48,0.0,2532.82,4.92,0
88.890464,27.277995,3801.61,28.11,10.8,205.72,10,0.13,9.69,0.0,2154.11,2.78,0
88.503135,27.401631,1441.85,30.65,48.45,650.53,10,0.13,24.67,0.0,2928.03,9.23,0
88.286325,27.325357,1261.6,37.89,209.39,652.52,10,0.13,13.68,0.0,2177.48,3.83,0
88.837491,27.842449,4654.88,33.99,166.88,83.12,60,0.13,30.66,0.45,500.3,929.99,0
88.35524,27.262576,2202.48,15.56,94.88,771.4,10,0.13,8.11,0.01,2541.54,26.51,0
88.33457,27.254498,1105.59,23.63,313.5,146.94,10,0.13,10.36,0.0,2467.14,3.34,0
88.43194,27.390093,1647.51,19.59,126.23,328.57,10,0.13,8.22,0.0,2636.0,2.77,0
88.459477,27.984352,4750.58,3.12,260.51,166.24,100,0.13,1.48,0.05,359.46,3.56,0
88.612682,27.296894,1181.55,19.87,276.13,670.15,10,0.13,12.98,0.0,2704.06,4.49,0
88.438787,27.354417,1802.92,22.67,113.73,0.0,10,0.13,18.91,0.0,3065.83,7.39,0
88.495196,27.182032,383.41,24.15,17.47,131.43,10,0.13,20.43,0.0,2369.35,6.21,0
88.524071,27.394382,1064.07,36.13,314.75,587.76,10,0.13,24.7,0.0,2887.1,9.04,0
88.528936,27.505527,840.09,34.6,284.3,197.14,10,0.13,21.51,0.0,3544.98,9.79,0
88.606612,27.209352,882.01,27.39,107.57,520.75,10,0.13,9.39,0.01,2408.6,28.75,0
88.65348,27.346743,1619.17,40.57,56.9,83.12,10,0.13,19.45,0.0,2585.66,6.29,0
88.601485,27.301602,1215.18,28.35,101.81,529.8,10,0.13,12.92,0.0,2718.78,4.52,0
88.52813,27.410041,1295.53,32.05,252.07,835.88,10,0.13,25.99,0.0,2871.11,9.53,0
88.607972,27.345557,1541.76,16.78,30.05,270.94,50,0.13,11.16,0.01,2654.29,37.62,0
88.261449,27.143606,1207.35,26.18,110.24,698.54,10,0.13,8.9,0.0,2012.39,2.3,0
88.300899,27.16134,633.29,28.34,303.59,176.33,10,0.13,18.63,0.0,2232.22,5.32,0
88.25646,27.182243,1375.13,25.05,132.1,399.72,10,0.13,21.36,0.0,2249.79,6.13,0
88.365524,27.372152,1626.66,29.4,299.25,121.17,10,0.13,25.89,0.0,2757.2,8.99,0
88.359005,27.153491,1233.34,25.16,189.38,342.72,10,0.13,8.48,0.0,2692.87,2.92,0
88.395804,27.226359,2043.97,43.24,226.68,628.93,10,0.13,37.97,0.0,2739.06,13.21,0
88.37612,27.174913,1753.45,21.87,187.65,749.25,10,0.13,17.19,0.0,2751.94,6.06,0
88.549354,27.386689,1253.66,47.11,82.92,399.72,10,0.13,35.23,0.0,2714.61,12.43,0
88.524928,27.40227,623.6,30.18,338.03,29.39,10,0.13,18.36,0.0,2887.65,6.68,0
88.30654,27.187985,1047.25,26.27,163.53,395.37,10,0.13,8.93,0.0,2248.8,2.59,0
88.774788,27.380532,3961.93,18.68,192.39,514.08,30,0.13,7.74,0.45,2257.85,1039.25,0
88.445915,27.26972,725.61,24.84,296.01,570.61,10,0.13,11.02,0.0,2950.13,4.1,0
88.465512,27.375665,1061.34,29.57,14.08,332.49,10,0.13,17.92,0.0,3081.51,6.97,0
88.416421,27.316338,1344.26,23.51,121.85,207.8,10,0.13,12.11,0.0,3023.43,4.75,0
88.281722,27.274899,719.12,38.23,248.54,252.8,10,0.13,13.82,0.0,2173.09,3.83,0
88.424265,27.274305,755.27,23.99,162.41,363.51,10,0.13,13.93,0.0,2930.08,5.15,0
88.617161,28.036104,4858.11,11.1,324.25,328.57,30,0.13,4.7,0.05,358.22,11.19,0
88.310501,27.164259,874.82,17.83,306.87,605.85,10,0.13,14.02,0.0,2308.41,4.1,0
88.360944,27.28944,2116.77,16.34,304.52,841.54,10,0.13,9.44,0.0,2454.61,2.97,0
88.221188,27.248402,1647.76,21.58,343.66,353.88,10,0.13,9.27,0.0,2462.61,2.93,0
88.291309,27.219132,937.06,29.24,133.84,484.68,10,0.13,13.4,0.0,2209.48,3.79,0
88.652425,27.218807,990.51,23.49,281.42,540.29,10,0.12,12.1,0.0,2483.12,3.74,0
88.451336,27.363809,1571.74,18.31,110.64,383.17,10,0.13,14.49,0.0,3136.38,5.83,0
88.907052,27.290044,3884.22,13.0,226.53,185.87,60,0.13,4.89,0.01,2065.1,13.3,0
88.345397,27.129089,1055.44,13.91,110.74,602.99,30,0.13,4.04,0.05,2497.1,65.46,0
88.609492,27.343336,1625.95,19.53,1.11,444.72,10,0.13,8.19,0.0,2653.27,2.77,0
88.584232,27.215028,1247.55,27.39,245.28,270.94,10,0.13,9.4,0.0,2469.43,2.94,0
88.594112,27.210601,1330.19,14.13,95.35,657.13,10,0.13,10.44,0.0,2414.78,3.19,0
88.300701,27.148681,846.02,17.91,279.83,567.57,10,0.13,9.69,0.0,2227.63,2.77,0
88.714678,28.043721,5068.3,3.03,286.98,124.68,60,0.13,0.74,0.45,216.92,9.74,0
88.449138,27.243613,682.89,36.24,45.8,205.72,10,0.13,22.67,0.0,2827.35,8.14,0
88.120278,27.132052,1602.86,30.27,211.09,146.94,10,0.12,18.42,0.0,2400.29,5.48,0
88.744883,28.042107,5086.2,1.95,38.0,519.92,60,0.13,0.81,0.45,216.92,10.29,0
88.524833,27.183316,635.15,16.19,153.59,696.68,10,0.13,12.41,0.0,2300.67,3.63,0
88.779396,27.252575,2794.64,23.55,316.29,498.73,50,0.13,10.32,0.0,2550.29,3.34,0
88.534864,27.421505,1543.29,19.9,308.64,382.04,10,0.13,9.85,0.0,2820.14,3.53,0
88.603049,28.070289,5329.18,32.19,177.16,755.56,60,0.13,28.79,0.45,358.22,600.66,0
88.649772,27.341167,1655.77,34.67,128.84,395.37,10,0.13,16.34,0.0,2605.97,5.37,0
88.742861,27.225493,1442.44,38.51,186.83,223.81,10,0.13,30.33,0.0,2649.45,10.22,0
88.514735,27.193321,914.73,26.77,147.3,657.13,10,0.13,9.14,0.0,2419.16,2.84,0
88.64902,27.365508,2434.36,39.65,240.95,456.22,30,0.13,27.36,0.05,2580.22,454.84,0
88.160705,27.27284,1624.7,37.94,162.62,441.8,10,0.13,21.26,0.0,2361.5,6.45,0
88.676717,27.228422,1080.91,19.18,137.03,117.55,10,0.12,15.36,0.0,2550.65,4.91,0
88.79474,28.019409,5328.93,8.08,265.79,83.12,100,0.13,5.1,0.05,182.11,6.13,0
88.603173,27.244052,1334.97,34.75,349.02,619.94,10,0.13,19.27,0.0,2700.01,6.62,0
88.274733,27.148219,624.72,31.19,66.2,207.8,10,0.13,19.08,0.05,2019.19,249.73,0
88.283045,27.285393,695.4,28.15,313.1,270.94,10,0.13,24.59,0.0,2174.3,6.78,0
88.85314,27.329309,4028.29,29.07,251.79,376.35,30,0.13,10.09,0.05,1980.75,133.38,0
88.766863,27.736873,3053.54,28.64,136.53,41.56,10,0.13,13.08,0.0,713.28,1.26,0
88.395627,27.274874,1133.72,22.22,74.33,478.4,10,0.13,7.28,0.0,2870.06,2.75,0
88.162283,27.270638,1386.0,33.42,130.19,278.8,10,0.13,30.07,0.0,2386.63,9.38,0
88.46755,27.21866,1098.92,23.31,108.72,293.88,10,0.13,10.19,0.0,2649.24,3.5,0
88.631944,27.327832,1229.91,41.53,144.04,207.8,10,0.13,30.94,0.0,2654.97,10.55,0
88.262164,27.236225,1519.0,15.87,302.64,374.05,10,0.13,4.78,0.0,2275.02,1.4,0
88.29766,27.278322,1466.04,20.46,245.1,827.57,10,0.13,8.68,0.0,2187.99,2.45,0
88.423432,27.29916,1157.82,30.72,110.87,264.49,10,0.13,27.27,0.0,3082.37,10.8,0
88.902952,27.305955,3873.31,35.17,295.43,532.24,100,0.13,12.59,0.05,1961.05,160.86,0
88.792811,27.677321,3692.02,50.81,213.9,166.24,30,0.13,46.88,0.05,899.25,283.22,0
88.183358,27.152773,1232.4,25.01,137.8,675.92,10,0.13,20.28,0.0,2982.55,7.9,0
88.262568,27.297859,1636.07,29.07,112.14,602.99,10,0.13,19.2,0.0,2227.07,5.5,0
88.826157,27.294745,3787.79,6.8,302.79,88.16,30,0.13,2.12,0.05,2232.77,30.78,0
88.570261,27.411933,1842.22,20.45,203.98,766.34,10,0.13,6.57,0.0,2719.36,2.32,0
88.463026,27.155788,1344.91,10.58,95.62,502.18,10,0.13,2.85,0.0,2250.94,0.82,0
88.239094,27.306755,1761.95,15.15,310.16,549.01,10,0.13,6.99,0.0,2348.84,2.08,0
88.590286,27.294043,882.82,10.22,232.11,124.68,50,0.13,5.18,0.01,2740.73,17.96,0
88.626662,27.189263,797.6,17.04,326.56,823.38,10,0.12,11.38,0.0,2271.05,3.23,0
88.78658,27.259494,3247.66,33.59,239.28,415.61,50,0.12,15.76,0.01,2501.95,48.57,0
88.305119,27.307345,1057.19,33.03,125.51,498.73,10,0.13,15.46,0.0,2194.9,4.4,0
88.665219,27.206478,681.38,28.68,13.33,236.93,10,0.13,22.81,0.0,2395.51,6.89,0
88.752949,27.686609,2912.71,31.51,265.41,433.91,10,0.14,17.21,0.0,833.42,1.94,0
88.28506,27.287846,684.97,17.65,309.11,197.14,10,0.13,5.46,0.0,2176.25,1.51,0
88.748607,27.227529,1556.74,27.02,200.35,264.49,10,0.13,9.24,0.0,2635.39,3.11,0
88.702555,27.202675,833.15,18.69,184.81,29.39,50,0.13,14.87,0.01,2547.69,47.9,0
88.503802,27.345839,1517.61,24.37,248.5,117.55,10,0.13,20.65,0.0,2998.2,7.85,0
88.431897,27.081885,307.81,37.2,236.19,146.94,30,0.13,27.44,0.05,2160.12,371.45,0
88.323003,27.265532,1194.61,23.61,234.06,0.0,10,0.13,19.87,0.0,2357.29,6.08,0
88.368314,27.223459,1986.32,10.28,232.44,513.24,50,0.12,2.74,0.01,2681.3,9.18,0
88.336169,27.327881,1968.77,20.46,323.87,953.63,30,0.13,11.45,0.0,2223.73,3.21,0
88.197669,27.15957,1256.36,18.32,256.93,449.55,10,0.13,9.97,0.0,2896.65,3.74,0
88.587452,27.274806,860.74,25.14,117.1,290.92,10,0.13,21.46,0.0,2756.88,7.4,0
88.353124,27.172248,1228.62,22.13,253.95,171.36,30,0.13,15.78,0.05,2642.72,267.92,0
88.316927,27.27624,1715.41,20.22,212.08,780.85,10,0.13,6.48,0.0,2278.27,1.93,0
88.606368,27.408772,1250.45,24.64,329.14,235.1,10,0.13,20.93,0.0,2676.93,7.03,0
88.561326,27.221178,1584.73,18.01,123.51,564.52,10,0.13,8.7,0.0,2561.96,2.84,0
88.425498,27.274869,769.88,20.36,163.67,441.8,10,0.13,6.53,0.0,2937.56,2.42,0
88.453856,27.330608,1123.11,42.67,230.54,223.81,10,0.13,39.38,0.0,3339.94,17.11,0
88.526696,27.443774,1289.27,25.83,312.04,335.07,10,0.13,20.11,0.0,2877.47,7.45,0
88.801264,27.660817,4370.96,42.21,336.52,976.9,60,0.13,23.85,0.45,840.16,1206.17,0
88.638122,27.545568,1362.13,37.46,354.39,0.0,10,0.13,34.21,0.0,2040.03,8.93,0
88.467923,27.337832,964.0,17.31,103.25,599.4,10,0.13,7.03,0.0,3271.26,2.91,0
88.51847,27.16113,607.88,23.41,57.62,277.24,10,0.13,19.67,0.0,2122.57,5.34,0
88.358181,27.169989,1316.95,16.25,292.65,532.24,10,0.13,12.47,0.0,2685.56,4.26,0
88.496375,27.253774,1234.85,38.01,265.41,884.08,10,0.13,34.77,0.0,2832.67,12.76,0
88.096095,27.151955,2272.49,29.77,278.12,447.62,10,0.13,13.69,0.0,2249.46,3.85,0
88.238499,27.276562,945.51,30.34,196.32,565.29,10,0.13,21.72,0.0,2361.9,6.67,0
88.279937,27.285112,629.2,28.4,344.63,121.17,10,0.13,12.95,0.0,2171.55,3.57,0
88.615243,27.344069,1745.91,14.03,290.51,374.05,50,0.13,5.39,0.01,2651.89,18.24,0
88.690482,27.372132,2981.03,25.4,106.91,570.61,30,0.12,8.58,0.05,2448.18,126.94,0
88.241045,27.154735,1275.81,24.85,3.09,383.17,10,0.13,19.19,0.0,2336.07,5.77,0
88.58999,27.412384,1540.22,29.7,70.47,570.61,10,0.12,18.02,0.0,2698.62,6.03,0
88.580186,27.381705,1611.07,28.67,80.23,353.88,10,0.13,13.09,0.0,2675.75,4.47,0
88.44601,27.335209,1367.74,21.73,153.46,382.04,10,0.13,13.48,0.05,3319.37,283.73,0
88.113704,27.171747,2366.21,20.66,188.33,58.78,30,0.12,10.33,0.0,2380.16,3.04,0
88.644458,27.188848,1227.47,36.24,308.97,744.04,10,0.13,22.67,0.0,2269.39,6.51,0
88.576336,27.228196,1664.69,40.37,169.11,832.25,10,0.13,27.9,0.0,2600.81,9.19,0
88.639542,27.554899,1761.51,31.98,161.26,440.82,10,0.13,14.89,0.0,2075.22,3.99,0
88.28282,27.271109,567.17,40.48,31.5,58.78,10,0.13,32.02,0.0,2174.15,8.75,0
88.267498,27.327113,869.57,28.29,6.12,146.94,10,0.13,9.77,0.0,2198.5,2.79,0
88.573849,27.951494,4397.9,7.21,142.41,88.16,30,0.13,4.4,0.05,495.07,14.55,0
88.473678,27.314989,1010.39,18.01,332.73,121.17,10,0.13,12.2,0.0,3084.24,4.93,0
88.622048,27.628202,1870.58,15.78,228.9,29.39,10,0.13,11.42,0.0,1945.14,2.93,0
88.422354,27.193809,1404.4,19.11,66.37,131.43,10,0.13,6.04,0.0,2653.71,2.05,0
88.357888,27.153466,1182.72,23.48,217.23,223.81,10,0.13,14.84,0.0,2689.42,5.1,0
88.740799,27.226279,1421.3,29.86,278.01,105.96,10,0.13,19.82,0.0,2654.54,6.68,0
88.344901,27.212113,969.2,39.38,333.6,427.89,10,0.13,27.16,0.0,2533.78,8.88,0
88.466484,27.253518,719.24,4.6,165.06,650.53,10,0.13,0.97,0.0,2833.07,0.35,0
88.64836,27.234782,1445.76,21.29,185.03,335.07,10,0.12,6.91,0.0,2596.32,2.22,0
88.267356,27.127648,391.41,18.53,341.57,146.94,10,0.13,5.81,0.0,2001.2,1.48,0
88.604613,27.293566,959.27,28.44,314.3,131.43,10,0.13,24.89,0.0,2718.75,8.7,0
88.499477,27.157695,1051.73,21.9,122.42,457.17,10,0.13,11.1,0.0,2155.17,3.1,0
88.473058,27.977444,5071.05,20.26,181.69,500.46,30,0.13,12.36,0.05,359.46,29.38,0
88.553024,27.488278,1879.9,26.84,303.24,706.53,10,0.13,12.1,0.0,3211.03,5.05,0
88.478745,27.343621,507.75,14.86,69.69,58.78,10,0.13,4.39,0.0,3197.88,1.77,0
88.548999,27.851622,3604.68,10.93,222.5,124.68,30,0.13,7.52,0.05,1239.59,62.31,0
88.341067,27.384839,1552.9,32.18,242.37,252.8,10,0.13,15.0,0.0,2972.48,5.69,0
88.338219,27.190414,633.28,22.89,328.6,323.27,10,0.13,17.36,0.0,2502.61,5.49,0
88.433716,27.105781,858.09,25.4,29.37,58.78,10,0.13,20.66,0.0,2194.01,5.83,0
88.42288,27.1559,1372.81,36.52,113.83,146.94,10,0.13,28.59,0.0,2412.17,8.85,0
88.375501,27.178406,1839.75,35.56,280.85,605.85,10,0.13,26.09,0.0,2746.31,9.18,0
88.299666,27.380786,1889.32,29.89,34.45,436.88,10,0.13,22.7,0.0,2634.11,7.64,0
88.378253,27.250046,2197.52,11.11,17.87,948.64,10,0.13,7.68,0.0,2679.0,2.63,0
88.502014,27.352411,1653.01,29.26,231.23,749.25,10,0.13,13.41,0.0,3019.1,5.12,0
88.393664,27.176179,1659.51,23.42,145.6,131.43,10,0.13,19.67,0.0,2689.82,6.62,0
88.801349,27.41941,4440.6,12.81,305.45,146.94,30,0.13,9.21,0.05,2164.29,133.5,0
88.38879,27.20493,1633.55,21.63,267.95,293.88,10,0.13,10.93,0.0,2746.77,3.81,0
88.490779,27.231461,346.41,23.07,71.59,29.39,50,0.13,7.63,0.01,2730.19,26.32,0
88.466023,27.200895,508.95,26.31,75.67,92.93,10,0.13,13.89,0.0,2538.81,4.53,0
88.169602,27.158249,1409.03,22.4,250.19,764.08,10,0.13,18.63,0.0,2930.95,6.95,0
88.481411,27.187887,780.1,12.64,86.13,486.46,30,0.13,3.58,0.05,2458.58,55.91,0
88.263003,27.320456,1269.24,23.35,20.32,939.03,10,0.13,7.74,0.0,2223.94,2.21,0
88.603796,27.378107,1733.14,23.35,2.86,441.8,10,0.13,14.73,0.0,2663.97,4.96,0
88.87645,27.295874,3505.45,34.0,139.78,528.98,60,0.13,23.05,0.45,2074.72,2775.6,0
88.604129,27.194439,512.33,33.02,114.39,117.55,10,0.12,11.71,0.0,2302.83,3.36,0
88.278501,27.227879,1564.69,25.03,99.51,316.52,30,0.13,17.26,0.05,2155.25,238.92,0
88.173279,27.144155,903.45,19.11,229.52,293.88,10,0.13,6.04,0.0,2875.15,2.26,0
88.537202,27.262921,1217.02,29.78,237.79,753.27,10,0.13,13.69,0.0,2815.32,4.93,0
88.262678,27.321692,1221.82,35.38,348.73,846.15,10,0.13,22.06,0.0,2227.21,6.33,0
88.272633,27.320421,1010.3,28.65,64.12,489.11,30,0.13,25.11,0.05,2170.56,352.01,0
88.229248,27.219189,1392.56,35.82,192.05,207.8,10,0.13,12.85,0.0,2543.68,4.23,0
88.332781,27.113701,524.97,15.49,204.01,335.07,10,0.13,4.63,0.0,2369.68,1.43,0
88.322607,27.317412,1372.5,33.24,190.37,499.59,10,0.13,27.11,0.0,2210.96,7.78,0
88.459474,27.356676,1217.55,14.72,188.86,188.17,10,0.13,4.34,0.0,3248.57,1.82,0
88.33512,27.165626,1090.39,24.11,255.6,353.88,10,0.13,18.49,0.0,2505.75,5.98,0
88.54883,27.236601,1502.36,29.74,267.06,459.99,10,0.13,26.25,0.0,2717.81,9.16,0
88.427683,27.262233,784.29,24.03,126.9,528.98,10,0.12,17.46,0.05,2863.58,310.44,0
88.455678,27.979603,4729.24,6.5,103.42,65.71,100,0.13,2.36,0.05,359.46,5.69,0
88.291477,27.231688,1060.95,35.96,38.03,146.94,10,0.13,17.03,0.0,2231.19,4.82,0
88.341408,27.227419,1914.72,37.32,189.11,940.87,10,0.13,23.42,0.0,2488.24,7.46,0
88.19789,27.273857,1097.19,40.79,168.22,29.39,10,0.13,19.56,0.0,2530.81,6.42,0
88.330365,27.213077,676.9,27.2,291.6,249.36,10,0.13,9.32,0.0,2415.56,2.85,0
88.292399,27.159153,347.19,11.39,280.22,41.56,50,0.13,5.45,0.01,2167.01,15.04,0
88.762884,27.376663,3766.37,31.01,192.69,205.72,50,0.13,27.57,0.01,2305.25,84.59,0
88.438733,27.088489,555.56,35.83,175.06,249.36,10,0.13,16.96,0.0,2174.42,4.67,0
88.223324,27.260737,1221.7,23.95,352.29,459.99,10,0.13,10.53,0.0,2448.0,3.33,0
88.348926,27.292283,1733.72,13.37,318.16,121.17,10,0.13,9.73,0.0,2378.18,2.95,0
88.431256,27.143254,1104.85,33.95,207.46,342.72,10,0.13,12.09,0.0,2278.38,3.62,0
88.52985,27.51027,783.04,27.11,309.12,105.96,10,0.13,16.16,0.0,3596.63,7.44,0
88.135303,27.25075,1714.07,29.36,62.21,578.87,10,0.13,20.9,0.0,2299.99,6.31,0
88.82709,27.678459,4624.62,22.21,193.09,205.72,60,0.13,11.29,0.45,714.05,488.28,0
88.397101,27.231988,2077.11,33.32,330.87,664.97,10,0.13,18.36,0.0,2735.77,6.48,0
88.873734,27.297221,3664.21,33.43,131.47,727.61,50,0.13,28.6,0.45,2072.53,3454.37,0
88.532457,27.279259,1422.36,15.71,105.42,83.12,10,0.13,4.72,0.0,2784.41,1.69,0
88.127385,27.253989,1627.22,28.78,317.15,117.55,10,0.13,15.47,0.0,2220.75,4.5,0
88.593036,27.266929,801.95,36.45,347.9,58.78,10,0.13,20.33,0.0,2752.96,7.04,0
88.411388,27.300333,1599.3,16.62,111.26,999.62,10,0.13,5.07,0.0,3030.84,1.97,0
88.437522,27.15626,1557.57,24.03,137.15,666.27,10,0.12,10.58,0.0,2340.74,3.1,0
88.519806,27.248753,748.96,17.2,115.8,188.17,10,0.13,13.4,0.01,2837.15,48.14,0
88.318532,27.207926,725.22,33.34,99.83,492.63,10,0.13,29.98,0.0,2334.38,8.9,0
88.234511,27.211591,1380.21,19.32,32.31,399.72,10,0.13,6.12,0.0,2547.46,2.01,0
88.517017,27.445144,832.18,39.76,295.38,289.44,10,0.13,19.03,0.0,2867.6,6.9,0
88.193822,27.352766,1762.28,10.65,332.01,92.93,10,0.13,2.87,0.0,2151.33,0.78,0
88.62675,27.325809,1265.87,18.92,87.5,188.17,10,0.13,15.11,0.0,2664.65,5.21,0
88.466805,27.343859,937.87,9.04,95.08,242.34,10,0.13,5.88,0.05,3294.08,124.49,0
88.63493,27.55542,1809.67,28.96,189.87,105.96,10,0.13,25.43,0.0,2119.05,6.91,0
88.279755,27.231665,1549.47,16.94,125.52,342.72,30,0.13,5.19,0.05,2167.99,71.77,0
88.451063,27.268156,907.02,25.44,226.1,883.59,10,0.13,21.76,0.0,2951.05,8.34,0
88.560542,27.935936,4530.41,33.96,336.77,293.88,30,0.13,12.09,0.05,656.44,53.44,0
88.195748,27.308664,1618.96,19.71,357.8,289.44,10,0.13,8.28,0.0,2325.19,2.46,0
88.497677,27.187243,370.88,35.25,286.13,124.68,10,0.13,12.62,0.0,2409.83,3.92,0
88.268549,27.314377,1397.25,14.33,102.26,368.23,30,0.13,7.99,0.01,2192.64,22.74,0
88.459162,27.11003,527.7,17.53,28.07,197.14,10,0.13,5.42,0.0,2199.9,1.53,0
88.480048,27.231214,773.48,22.42,17.91,207.8,10,0.13,7.36,0.0,2727.62,2.56,0
88.440826,27.14541,1034.12,30.93,132.46,299.7,10,0.13,16.84,0.0,2252.6,4.92,0
88.453917,27.313114,628.17,18.22,312.19,289.44,10,0.13,9.9,0.0,3231.15,4.06,0
88.281796,27.30011,1011.08,31.42,343.28,492.63,10,0.13,27.99,0.0,2173.36,7.88,0
88.903277,27.322212,4260.57,23.53,131.82,229.53,60,0.13,14.87,0.01,1861.74,37.2,0
88.500412,27.2158,821.04,44.04,186.6,178.76,10,0.13,30.59,0.0,2632.2,10.33,0
88.357427,27.099243,249.8,9.81,257.63,0.0,10,0.13,6.54,0.0,2298.08,1.9,0
88.497549,27.189378,358.96,44.96,251.55,158.26,10,0.13,41.57,0.0,2429.5,13.03,0
88.309458,27.31032,832.62,48.4,52.86,105.96,10,0.13,23.32,0.0,2198.78,6.65,0
88.155123,27.310857,1685.48,24.91,290.08,131.43,10,0.13,11.05,0.0,2095.83,2.91,0
88.306964,27.150846,1067.67,25.49,291.43,831.21,10,0.13,11.37,0.0,2279.29,3.32,0
88.526259,27.879977,4112.95,9.44,109.77,29.39,30,0.14,6.22,0.05,1119.78,47.47,0
88.168165,27.256146,1629.82,27.77,349.82,478.4,10,0.13,20.81,0.0,2517.2,6.73,0
88.825668,28.001325,5523.48,5.6,236.99,105.96,100,0.13,2.73,0.05,182.11,3.01,0
88.368022,27.876049,4550.42,9.48,337.61,328.57,30,0.14,5.38,0.05,441.06,16.17,0
88.297188,27.377011,2110.12,23.59,145.2,824.96,30,0.13,12.16,0.05,2591.03,202.04,0
88.659541,27.24843,1406.93,15.43,202.77,223.81,10,0.13,6.08,0.0,2693.16,2.11,0
88.463673,27.236635,977.25,10.07,25.22,1053.46,30,0.13,6.77,0.05,2761.7,121.38,0
88.53798,27.511761,1134.22,21.72,280.32,58.78,10,0.13,17.93,0.0,3636.53,8.47,0
88.27232,27.296611,1571.21,23.21,168.89,559.14,50,0.13,7.69,0.01,2172.09,21.44,0
88.428956,27.260946,687.81,37.58,121.19,355.09,10,0.12,27.75,0.0,2857.89,9.82,0
88.445755,27.256726,423.48,30.48,55.25,149.85,10,0.13,27.01,0.0,2869.42,9.74,0
88.290406,27.316154,1200.33,29.63,278.55,905.32,10,0.13,22.47,0.0,2181.23,6.4,0
88.787403,27.260814,3326.27,33.65,162.4,383.17,50,0.12,11.97,0.01,2493.78,36.69,0
88.402843,27.262248,1196.49,33.62,83.63,295.34,10,0.13,24.48,0.0,2808.54,8.77,0
88.561481,27.365391,1937.68,4.67,296.89,65.71,10,0.13,0.99,0.0,2678.1,0.34,0
88.537135,27.448303,1628.75,10.33,345.75,105.96,10,0.13,2.76,0.0,2954.45,1.02,0
88.740671,28.042406,5097.92,4.07,31.9,782.51,60,0.13,0.83,0.05,216.92,1.15,0
88.363347,27.152444,1067.8,26.58,150.03,197.14,10,0.13,9.06,0.0,2690.54,3.14,0
88.615185,27.268108,1324.31,22.46,44.09,739.97,10,0.13,7.38,0.0,2717.11,2.54,0
88.213926,27.199513,1915.64,34.02,150.71,647.2,10,0.13,21.1,0.0,2715.09,7.17,0
88.342438,27.385924,1615.32,25.2,273.72,262.85,10,0.13,21.52,0.0,2990.79,8.23,0
88.435025,27.934273,4569.62,4.97,108.6,29.39,100,0.13,2.33,0.05,395.0,6.18,0
88.24736,27.195931,1726.68,20.61,77.26,727.02,10,0.13,15.98,0.0,2378.03,4.79,0
88.569055,27.306912,1273.76,21.74,101.83,124.68,10,0.13,11.0,0.0,2724.88,3.84,0
88.487076,27.163127,1159.19,21.33,143.73,671.43,10,0.13,10.74,0.0,2224.49,3.07,0
88.537331,27.522921,870.89,37.84,302.03,146.94,10,0.13,21.2,0.0,3615.34,9.8,0
88.355263,27.162195,1528.88,25.1,59.27,802.67,10,0.13,16.1,0.0,2671.88,5.5,0
88.740531,27.228172,1405.03,10.74,163.09,29.39,50,0.13,2.9,0.01,2655.47,9.82,0
88.586621,27.314331,952.43,24.13,294.56,29.39,10,0.13,14.03,0.0,2705.95,4.86,0
88.456664,27.555362,1144.72,45.2,189.23,236.93,10,0.13,33.79,0.0,3069.86,13.36,0
88.716145,27.229724,1286.8,24.62,337.41,117.55,10,0.13,20.91,0.0,2645.24,7.01,0
88.429599,27.322437,1421.73,32.85,84.91,611.52,10,0.13,15.36,0.0,3165.03,6.25,0
88.835406,27.718338,4902.91,21.37,248.02,727.61,60,0.13,6.94,0.45,659.19,274.15,0
88.600506,27.218728,1113.19,14.97,73.62,235.1,50,0.13,8.45,0.01,2477.49,26.82,0
88.286265,27.130738,352.78,4.3,199.92,264.49,50,0.13,0.89,0.01,2101.99,2.48,0
88.099494,27.149209,2387.8,26.66,268.51,541.89,10,0.12,18.63,0.0,2272.28,5.27,0
88.302069,27.21204,836.58,35.96,354.54,456.22,10,0.13,20.03,0.0,2253.47,5.81,0
88.46121,27.37677,1156.95,21.54,50.59,29.39,10,0.13,16.1,0.0,3060.24,6.26,0
88.448889,27.176521,1525.69,19.7,41.76,678.47,10,0.13,10.92,0.0,2411.35,3.32,0
88.341119,27.137215,1324.08,42.46,123.78,447.62,10,0.13,26.93,0.0,2548.84,8.76,0
88.906541,27.296972,4011.68,20.89,209.07,519.92,30,0.13,17.08,0.05,2020.8,228.22,0
88.617579,27.241361,1165.0,30.18,310.07,65.71,10,0.13,10.55,0.0,2652.56,3.54,0
88.369271,27.877713,4537.59,5.36,351.84,312.4,30,0.14,2.99,0.05,436.89,8.87,0
88.235804,27.189067,1245.05,19.43,242.59,92.93,10,0.13,15.61,0.0,2501.39,5.01,0
88.560485,27.364924,1936.96,15.34,8.04,41.56,10,0.13,4.58,0.0,2679.13,1.56,0
88.647643,28.082991,5331.48,15.11,6.38,681.65,30,0.13,11.37,0.05,358.22,26.39,0
88.336262,27.204342,787.82,27.52,1.41,242.34,10,0.13,16.45,0.0,2472.16,5.17,0
88.363065,27.133863,1019.94,44.65,280.51,528.98,10,0.13,31.03,0.05,2556.12,511.22,0
88.441748,27.318414,902.02,23.59,63.03,411.43,10,0.13,10.34,0.0,3241.39,4.31,0
88.298975,27.141001,939.95,20.47,196.48,771.4,10,0.13,12.52,0.0,2211.05,3.55,0
88.490827,27.385794,842.92,16.13,128.36,207.8,10,0.13,12.35,0.0,3050.53,4.82,0
88.499815,27.250071,1170.59,26.72,220.94,456.22,10,0.13,14.15,0.0,2839.81,5.17,0
88.488506,27.166808,1325.2,29.02,200.0,681.65,10,0.13,10.07,0.0,2253.32,2.9,0
88.36379,27.306827,2078.79,22.76,164.42,739.97,30,0.13,7.5,0.05,2396.61,112.73,0
88.091297,27.264525,2125.02,16.17,340.85,514.08,10,0.13,12.39,0.0,1955.7,3.08,0
88.526633,27.217343,1564.88,32.08,175.3,500.46,10,0.13,17.57,0.0,2601.19,5.82,0
88.137281,27.264078,1274.32,23.86,27.98,65.71,10,0.13,20.13,0.0,2236.31,5.86,0
88.545335,27.236242,1298.07,34.69,249.26,399.72,10,0.13,31.38,0.0,2721.41,10.94,0
88.658336,27.229375,1206.08,19.97,96.59,317.88,10,0.12,6.38,0.0,2557.85,2.02,0
88.463089,27.239006,866.62,29.54,22.43,793.47,10,0.13,13.57,0.0,2776.58,4.84,0
88.71527,27.254675,1320.54,37.2,193.12,471.12,10,0.13,13.4,0.0,2684.5,4.59,0
88.59762,28.076444,5478.54,27.09,121.56,823.38,60,0.13,20.19,0.45,358.22,420.2,0
88.402362,27.28444,1317.24,36.29,205.41,729.98,10,0.13,13.04,0.0,2945.0,5.02,0
88.295891,27.176625,570.72,32.21,243.07,83.12,10,0.13,23.3,0.0,2176.22,6.51,0
88.420243,27.150847,1247.22,35.48,185.34,166.24,10,0.13,16.77,0.0,2389.9,5.19,0
88.340298,27.285406,1713.16,22.81,301.81,213.95,10,0.13,15.4,0.0,2361.92,4.66,0
88.564373,27.213674,1183.73,29.32,143.69,382.04,10,0.13,13.45,0.0,2490.93,4.3,0
88.187194,27.24626,1736.53,29.63,340.78,229.53,10,0.13,10.32,0.0,2664.74,3.47,0
88.515669,27.207533,1069.45,18.13,251.46,415.61,50,0.13,14.31,0.0,2541.5,4.68,0
88.363576,27.354627,2315.97,33.81,289.4,343.98,10,0.13,20.95,0.0,2497.08,6.6,0
88.297014,27.266006,671.05,39.41,163.95,158.26,10,0.13,22.16,0.0,2217.77,6.37,0
88.773273,27.249613,2741.69,25.8,299.18,529.8,30,0.13,11.53,0.05,2578.82,187.03,0
88.258862,27.241203,1324.9,20.48,278.55,185.87,10,0.13,8.69,0.0,2282.31,2.55,0
88.507346,27.435068,845.74,32.16,44.06,528.98,10,0.13,21.62,0.0,2735.74,7.52,0
88.131305,27.274434,1734.81,32.26,262.5,242.34,10,0.13,17.69,0.0,2131.15,4.87,0
88.497192,27.221499,777.61,45.16,212.94,630.98,10,0.13,21.76,0.0,2667.06,7.42,0
88.628375,27.203326,809.16,23.75,89.83,411.43,10,0.13,7.9,0.0,2371.02,2.35,0
88.352407,27.394923,1814.16,34.2,101.13,436.88,10,0.13,18.92,0.0,3146.43,7.67,0
88.276871,27.211512,1165.58,32.72,103.44,478.4,10,0.13,20.18,0.0,2120.33,5.55,0
88.393224,27.292982,1490.55,17.45,240.57,503.04,10,0.13,5.38,0.0,2830.19,1.99,0
88.593932,27.262373,988.48,31.38,43.79,423.84,10,0.13,21.01,0.0,2753.89,7.32,0
88.240196,27.291218,1438.49,26.88,171.72,236.93,10,0.13,9.19,0.0,2352.61,2.84,0
88.32831,27.186364,381.09,8.95,169.53,92.93,30,0.13,5.76,0.05,2427.73,89.75,0
88.481589,27.149075,1046.89,32.86,81.87,635.76,10,0.13,20.27,0.0,2191.92,5.83,0
88.395433,27.13001,1434.47,27.62,126.36,408.27,10,0.13,18.07,0.0,2363.84,5.45,0
88.329025,27.236367,1574.64,25.7,356.22,749.25,10,0.13,11.48,0.0,2437.61,3.53,0
88.466359,27.897447,4787.61,18.5,80.56,251.09,60,0.14,14.69,0.45,436.54,392.5,0
88.747225,27.686354,2689.67,8.56,288.13,223.81,50,0.13,5.49,0.01,837.67,6.13,0
88.312907,27.160986,1015.05,31.74,298.2,764.08,10,0.13,28.32,0.0,2330.74,8.35,0
88.104364,27.287273,1773.13,39.12,74.09,131.43,10,0.12,18.69,0.0,1934.0,4.6,0
88.112136,27.258836,1750.26,28.1,338.72,29.39,10,0.13,9.69,0.0,2079.82,2.62,0
88.247589,27.139359,1316.76,21.22,250.45,353.88,10,0.13,17.42,0.0,2079.43,4.72,0
88.834905,27.320153,4037.75,9.95,215.15,473.86,30,0.13,3.47,0.05,2087.03,48.26,0
88.7164,27.247901,1233.48,37.8,323.76,105.96,10,0.13,21.17,0.0,2688.32,7.41,0
88.407842,27.158901,1575.83,15.46,334.33,449.55,10,0.13,11.71,0.0,2511.37,3.68,0
88.655739,27.239193,1287.04,19.64,77.65,323.27,10,0.13,15.04,0.0,2627.65,4.97,0
