latitude,longitude,district,label,elevation,slope,aspect,curvature,distance_to_drainage
27.08275,88.434778,South Sikkim,1,329.6823425292969,27.864383697509766,128.2912139892578,-1.0913193225860596,170.02041587784976
27.084222,88.446083,South Sikkim,1,277.4830322265625,37.61212158203125,177.53158569335938,-1.258084774017334,116.63304307356871
27.084722,88.443833,South Sikkim,1,284.3030090332031,21.868831634521484,153.8515625,-1.4303420782089233,0.0
27.087667,88.416528,South Sikkim,1,262.4183349609375,35.98299026489258,205.31472778320312,-0.7698633074760437,82.47201566774314
27.090083,88.413139,South Sikkim,1,292.1522216796875,28.953290939331055,185.54135131835938,-2.1050922870635986,0.0
27.090944,88.406833,South Sikkim,1,304.0851745605469,24.47087287902832,169.12464904785156,0.01758108288049698,145.79130384196088
27.093278,88.457444,South Sikkim,1,307.5528259277344,33.31928253173828,120.58714294433594,-1.537027359008789,174.94956461035306
27.096444,88.433375,South Sikkim,1,891.6354370117188,30.2232723236084,151.0956268310547,0.31638771295547485,720.1559166825685
27.097833,88.3785,South Sikkim,1,278.81304931640625,26.804054260253906,168.99835205078125,-3.4053242206573486,170.02041587784976
27.098417,88.400167,South Sikkim,1,680.3797607421875,21.849937438964844,223.94638061523438,0.30404001474380493,519.1480735001394
27.101083,88.3615,South Sikkim,1,392.2332763671875,45.70571517944336,290.46380615234375,2.217355728149414,130.39970636758034
27.101083,88.400417,South Sikkim,1,777.473876953125,23.763038635253906,228.5001983642578,-0.43996497988700867,711.8438634548904
27.101111,88.403333,South Sikkim,1,814.518310546875,31.12976837158203,182.131591796875,-1.1311907768249512,623.3324202736162
27.101194,88.394611,South Sikkim,1,614.0927124023438,33.98731994628906,277.2759094238281,-0.11698706448078156,480.8903560295381
27.102,88.458667,South Sikkim,1,429.162109375,31.51357078552246,120.91427612304688,-1.9734172821044922,455.46659343267345
27.1025,88.400778,South Sikkim,1,848.2198486328125,28.09481430053711,202.76516723632812,-0.3216426372528076,847.5980913892722
27.102639,88.394639,South Sikkim,1,626.57421875,28.8514461517334,232.5475616455078,-0.7950181365013123,441.2445525642225
27.102944,88.404667,South Sikkim,1,926.3048095703125,27.023792266845703,176.3937225341797,0.5863423943519592,816.431301514981
27.103111,88.402722,South Sikkim,1,914.9527587890625,33.21047592163086,204.92259216308594,-0.27386000752449036,834.9655203963802
27.105972,88.444556,South Sikkim,1,800.7191162109375,32.33930587768555,208.1937713623047,0.0725928544998169,371.12407050484404
27.106694,88.449389,South Sikkim,1,796.3739624023438,33.15485382080078,180.08236694335938,-0.04957735911011696,639.4905834092208
27.106944,88.43375,South Sikkim,1,862.6183471679688,37.11265182495117,169.7207794189453,0.31618669629096985,58.31652153678436
27.107417,88.363139,South Sikkim,1,507.89697265625,30.9478816986084,298.03179931640625,0.05331037938594818,287.1755640555846
27.110583,88.340472,West Sikkim,1,323.3664855957031,47.42115783691406,187.3256072998047,0.10043255984783173,82.47201566774314
27.1205,88.152722,West Sikkim,1,1232.5341796875,27.234594345092773,245.3142547607422,0.30587780475616455,738.2281988891206
27.121444,88.153417,West Sikkim,1,1286.0810546875,29.97336769104004,216.30618286132812,-0.03790449723601341,813.3012019339578
27.1215,88.142222,West Sikkim,1,1248.2686767578125,38.46382141113281,167.1684112548828,-0.06986488401889801,380.1772074656567
27.121611,88.237,West Sikkim,1,467.5709533691406,41.17407989501953,162.78005981445312,-0.3455052375793457,210.26320860757602
27.121611,88.145528,West Sikkim,1,1133.0850830078125,36.79145431518555,205.33807373046875,-0.616005539894104,235.08141380687945
27.121917,88.139472,West Sikkim,1,1254.0062255859375,39.13005447387695,253.03387451171875,-0.736065149307251,405.07950455465993
27.122,88.139889,West Sikkim,1,1279.7237548828125,39.80435562133789,252.3325653076172,0.6892014145851135,430.5165609894557
27.122472,88.227611,West Sikkim,1,461.732177734375,26.254844665527344,186.1527862548828,0.7638474106788635,29.15826076839218
27.122611,88.343389,South Sikkim,1,902.6658935546875,36.305328369140625,193.8840789794922,0.4486801326274872,701.0121331758165
27.123833,88.225333,West Sikkim,1,479.13037109375,37.084716796875,225.45437622070312,0.5554732084274292,105.13160430378801
27.123889,88.319778,West Sikkim,1,409.65667724609375,39.1419677734375,328.8717041015625,0.05114953592419624,92.20651663725067
27.124556,88.139778,West Sikkim,1,1388.8900146484375,36.87858200073242,215.81175231933594,1.3012728691101074,396.5952239273039
27.124778,88.445083,South Sikkim,1,634.5696411132812,36.58147048950195,10.439967155456543,-0.27719101309776306,174.94956461035306
27.125528,88.384556,South Sikkim,1,1339.3319091796875,16.53167724609375,132.59324645996094,0.8671515583992004,651.9985318379016
27.125861,88.14275,West Sikkim,1,1524.3992919921875,28.60138511657715,263.1631164550781,0.3905886113643646,671.2735736269572
27.126306,88.378667,South Sikkim,1,1116.0728759765625,40.65609359741211,222.9283447265625,-0.6035717129707336,578.7749505540111
27.126444,88.340444,South Sikkim,1,1046.5281982421875,28.50652503967285,260.7803039550781,-0.4894561767578125,877.1743126591148
27.126472,88.31675,West Sikkim,1,360.02691650390625,36.475772857666016,205.4334716796875,-1.1300780773162842,227.73329671633672
27.127194,88.308306,West Sikkim,1,341.22882080078125,42.703338623046875,234.5505828857422,0.8201011419296265,82.47201566774314
27.12825,88.292194,West Sikkim,1,369.5931396484375,38.76911163330078,191.25460815429688,-1.6536985635757446,130.39970636758034
27.128333,88.148833,West Sikkim,1,1548.4952392578125,39.53002166748047,50.03032684326172,-0.9382511973381042,693.0839463125809
27.128694,88.442778,South Sikkim,1,659.2944946289062,31.65595817565918,201.2647705078125,-0.10337590426206589,87.47478230517653
27.128694,88.141639,West Sikkim,1,1555.7525634765625,28.341930389404297,228.25364685058594,-0.7458571195602417,628.088158908785
27.128972,88.262111,West Sikkim,1,406.302490234375,35.69336700439453,148.6759490966797,-0.34559139609336853,105.13160430378801
27.129,88.441361,South Sikkim,1,651.5825805664062,20.753555297851562,114.58490753173828,1.7114311456680298,41.23600783387157
27.129861,88.266222,West Sikkim,1,395.4381408691406,40.3336296081543,135.87037658691406,-1.4268603324890137,105.13160430378801
27.130056,88.412944,South Sikkim,1,1738.9910888671875,29.078914642333984,83.01103973388672,0.006432278547435999,802.2496852448318
27.130444,88.340222,South Sikkim,1,1174.6260986328125,36.962467193603516,224.0311737060547,1.063249945640564,898.2448209228055
27.131444,88.386,South Sikkim,1,1546.6951904296875,32.92661666870117,138.0147705078125,0.45485398173332214,866.9374182703165
27.131528,88.384417,South Sikkim,1,1603.8775634765625,28.531558990478516,180.3064727783203,1.1543068885803223,704.6412107490834
27.133556,88.39475,South Sikkim,1,1678.3330078125,27.50415802001953,179.8849334716797,1.0038374662399292,528.0785624320677
27.133583,88.404583,South Sikkim,1,1844.027587890625,45.90334701538086,260.9860534667969,0.36106905341148376,433.46870913515824
27.133722,88.390833,South Sikkim,1,1657.233154296875,35.71683120727539,189.2650146484375,0.04166623204946518,905.7853084761554
27.133806,88.342778,South Sikkim,1,1192.375732421875,32.034664154052734,103.84264373779297,-1.9038395881652832,453.59608617258715
27.134306,88.370528,South Sikkim,1,1101.616943359375,32.515010833740234,159.28424072265625,-0.18957991898059845,365.35196024230754
27.134389,88.40425,South Sikkim,1,1828.79736328125,41.513607025146484,253.13333129882812,-1.6192973852157593,445.08153393704293
27.135833,88.391111,South Sikkim,1,1807.3363037109375,32.20896530151367,146.00030517578125,-0.6088840961456299,922.0651663725067
27.137667,88.342694,South Sikkim,1,1225.93408203125,35.79827880859375,123.20548248291016,-0.7989234328269958,287.1755640555846
27.137694,88.401556,South Sikkim,1,1826.3524169921875,31.124290466308594,212.61944580078125,0.6378580331802368,516.6856972142671
27.139944,88.368167,South Sikkim,1,1188.2281494140625,30.716575622558594,211.8979034423828,-1.8270255327224731,749.6565594029216
27.140889,88.368222,South Sikkim,1,1237.5789794921875,30.46527671813965,234.46153259277344,0.5373824238777161,774.7542479731985
27.141,88.211194,West Sikkim,1,681.1010131835938,34.84752655029297,211.96246337890625,0.9247261881828308,276.619549911752
27.141944,88.180222,West Sikkim,1,835.3484497070312,33.406490325927734,242.5525665283203,1.516452670097351,405.07950455465993
27.142028,88.172139,West Sikkim,1,782.2717895507812,29.143659591674805,190.02230834960938,0.059096559882164,82.47201566774314
27.143556,88.373083,South Sikkim,1,1268.2825927734375,21.652616500854492,326.87255859375,-3.216024398803711,563.1395526838879
27.144056,88.127361,West Sikkim,1,2304.47900390625,29.497461318969727,175.49195861816406,-0.34579241275787354,800.6584446331152
27.144167,88.311083,West Sikkim,1,1166.03662109375,35.02702331542969,192.91299438476562,0.29315683245658875,785.1101986359812
27.145056,88.370778,South Sikkim,1,1262.7490234375,38.85917663574219,339.9814453125,-0.45028820633888245,380.1772074656567
27.145444,88.305694,West Sikkim,1,1142.4012451171875,15.263203620910645,200.9647674560547,1.589548110961914,882.489105128445
27.149722,88.348333,South Sikkim,1,1409.87548828125,45.18171691894531,88.46347045898438,-1.2327576875686646,782.398238205482
27.149889,88.096861,West Sikkim,1,2300.789306640625,24.58185386657715,197.59588623046875,-0.3560725450515747,309.95656361374915
27.149972,88.184222,West Sikkim,1,1088.6328125,31.541894912719727,170.24949645996094,-0.37014317512512207,396.5952239273039
27.150778,88.4385,South Sikkim,1,1216.32275390625,41.139442443847656,117.48033142089844,0.8401302099227905,601.1129450369226
27.151028,88.309889,West Sikkim,1,1206.5157470703125,22.203622817993164,327.6828308105469,0.9485026597976685,758.1147799781967
27.152722,88.190833,West Sikkim,1,1047.4512939453125,20.505355834960938,112.83782958984375,0.46163085103034973,92.20651663725067
27.152861,88.390361,South Sikkim,1,1244.6611328125,33.363128662109375,215.26852416992188,-0.2825033664703369,87.47478230517653
27.153083,88.412056,South Sikkim,1,1579.8333740234375,38.25947952270508,124.45042419433594,-0.3840414881706238,535.2745142818376
27.153306,88.3135,West Sikkim,1,1205.0164794921875,36.14076232910156,300.392578125,-1.1182975769042969,776.3985814423086
27.153444,88.095639,West Sikkim,1,2281.0029296875,29.836000442504883,220.53146362304688,-1.791963815689087,594.7141625618347
27.153528,88.494389,South Sikkim,1,1088.8626708984375,29.234010696411133,206.1633758544922,-0.7883273959159851,645.4456164607546
27.15425,88.500333,South Sikkim,1,997.6357421875,37.77904510498047,93.51738739013672,1.7569739818572998,240.44517801476906
27.1545,88.275667,West Sikkim,1,771.0739135742188,30.483951568603516,199.63705444335938,-0.1941169798374176,405.07950455465993
27.154722,88.443056,South Sikkim,1,1377.98583984375,36.81089401245117,165.15020751953125,-0.22217205166816711,618.5401175080734
27.154889,88.493194,South Sikkim,1,1111.88720703125,33.876434326171875,248.5480194091797,-0.8307976722717285,488.7815177168158
27.155028,88.319556,West Sikkim,1,1416.326171875,37.420623779296875,302.4050598144531,0.19311192631721497,824.7201566774313
27.155306,88.390278,South Sikkim,1,1209.06005859375,36.51925277709961,317.2321472167969,-0.8907557129859924,82.47201566774314
27.15625,88.430722,South Sikkim,1,1453.60302734375,44.65483856201172,217.24290466308594,-1.0082021951675415,373.40793249495863
27.156806,88.5225,East Sikkim,1,604.4925537109375,40.316139221191406,51.380496978759766,-1.839114785194397,535.2745142818376
27.156944,88.230778,West Sikkim,1,1492.3721923828125,31.325519561767578,234.70159912109375,0.5527739524841309,922.0651663725067
27.157056,88.512778,East Sikkim,1,740.404052734375,27.216930389404297,151.12132263183594,-0.39123472571372986,478.2310341342386
27.157361,88.171667,West Sikkim,1,1461.43505859375,27.357988357543945,242.2611541748047,0.09441665560007095,962.2226053569419
27.157694,88.306806,West Sikkim,1,845.4036865234375,24.794092178344727,296.93780517578125,-0.3250023424625397,0.0
27.157694,88.522194,East Sikkim,1,622.3045654296875,34.06841278076172,77.67918395996094,0.06123586371541023,467.4424798375224
27.157694,88.092833,West Sikkim,1,2256.253662109375,26.698476791381836,16.8670654296875,-0.6147420406341553,389.01971986608265
27.157806,88.230306,West Sikkim,1,1502.8408203125,22.340877532958984,175.5797882080078,-0.5763493776321411,965.7504727558779
27.157861,88.090194,West Sikkim,1,2168.6416015625,27.748432159423828,288.6762390136719,0.07971430569887161,227.73329671633672
27.158,88.347972,South Sikkim,1,1376.1966552734375,35.85755920410156,302.832763671875,-1.2860536575317383,550.1569638651962
27.158056,88.141528,West Sikkim,1,2027.190673828125,35.631935119628906,124.39171600341797,0.19635678827762604,195.5995595513705
27.158111,88.491722,South Sikkim,1,1131.7808837890625,44.898353576660156,224.0355987548828,-0.18906304240226746,380.1772074656567
27.158111,88.512472,East Sikkim,1,807.0310668945312,28.235309600830078,171.24539184570312,0.6893450021743774,537.6517629030615
27.158139,88.344806,West Sikkim,1,1362.6005859375,33.69786834716797,20.99396514892578,0.9174611568450928,466.53217229427486
27.158222,88.34325,West Sikkim,1,1362.9488525390625,42.7962646484375,18.40342903137207,-0.6431991457939148,498.256578424176
27.158222,88.100361,West Sikkim,1,2437.343017578125,30.027551651000977,304.77288818359375,0.49603205919265747,509.2271321978585
27.158361,88.521833,East Sikkim,1,617.760009765625,35.56175231933594,73.97540283203125,-0.21275335550308228,383.5170421109049
27.158417,88.420139,South Sikkim,1,1607.602783203125,31.211063385009766,229.37770080566406,0.9722216725349426,368.8260665490027
27.158583,88.466306,South Sikkim,1,1209.377685546875,38.86501693725586,98.41495513916016,-0.4278900921344757,92.20651663725067
27.158944,88.427111,South Sikkim,1,1578.1871337890625,41.22212219238281,237.29449462890625,-0.3407384753227234,365.35196024230754
27.158972,88.514611,East Sikkim,1,828.2705078125,30.161636352539062,162.7007598876953,-0.4408695101737976,664.9106473350614
27.158972,88.090944,West Sikkim,1,2184.7255859375,32.927249908447266,320.6374816894531,0.14438168704509735,195.5995595513705
27.159194,88.444361,South Sikkim,1,1300.4051513671875,41.826560974121094,15.542704582214355,-1.0855618715286255,116.63304307356871
27.159361,88.09225,West Sikkim,1,2226.056640625,30.259563446044922,309.8800354003906,0.8100650906562805,206.18003916935783
27.159472,88.300028,West Sikkim,1,634.67138671875,22.645427703857422,282.5378112792969,-0.6135216355323792,41.23600783387157
27.159639,88.318889,West Sikkim,1,1333.076416015625,31.251243591308594,294.80670166015625,-0.05039575323462486,1195.4886915040793
27.159972,88.379083,South Sikkim,1,1255.0106201171875,33.78757095336914,301.7092590332031,0.484775573015213,349.89912922070613
27.160056,88.423028,South Sikkim,1,1564.0191650390625,39.83756637573242,164.47433471679688,-1.2395057678222656,304.421179688756
27.160056,88.091806,West Sikkim,1,2169.660888671875,35.322139739990234,320.11846923828125,0.19859659671783447,116.63304307356871
27.160194,88.415056,South Sikkim,1,1537.8189697265625,30.142772674560547,202.19793701171875,-0.18731139600276947,250.82884335095778
27.160444,88.512472,South Sikkim,1,902.9232788085938,23.3395938873291,166.62986755371094,0.13852371275424957,756.4307021190222
27.160722,88.505889,South Sikkim,1,1044.3411865234375,31.482542037963867,142.45840454101562,0.3772071897983551,731.2854597095612
27.161,88.094306,West Sikkim,1,2145.73046875,25.823225021362305,290.36822509765625,1.3800108432769775,82.47201566774314
27.161306,88.512944,South Sikkim,1,907.0751342773438,33.357574462890625,65.50780487060547,-0.4769362211227417,714.8235494117221
27.161444,88.410556,South Sikkim,1,1573.1766357421875,32.24653625488281,115.24027252197266,-0.13519270718097687,247.41604700322935
27.161917,88.509639,South Sikkim,1,1023.3541259765625,30.729982376098633,151.37701416015625,-0.7732230424880981,850.1020793892488
27.162111,88.491444,South Sikkim,1,1143.2681884765625,33.614070892333984,262.9780578613281,-1.0957272052764893,704.6412107490834
27.162194,88.510611,South Sikkim,1,1008.968994140625,31.111621856689453,128.83163452148438,0.09582372009754181,892.0712438427521
27.16275,88.383306,South Sikkim,1,1549.8157958984375,32.594146728515625,325.793212890625,1.7855029106140137,433.46870913515824
27.162778,88.413222,South Sikkim,1,1550.134033203125,28.25980567932129,163.1194305419922,-2.664973497390747,332.4553236675307
27.162781,88.484864,South Sikkim,1,1168.08056640625,25.698570251464844,156.5537872314453,0.0980348140001297,544.7212642187818
27.163472,88.143083,West Sikkim,1,2068.715087890625,20.638452529907227,80.30265808105469,0.36635270714759827,120.22258900738453
27.163556,88.458833,South Sikkim,1,1476.955810546875,34.90214538574219,182.5831298828125,-0.7536965012550354,636.8260277225762
27.16375,88.406417,South Sikkim,1,1562.3043212890625,19.773475646972656,274.3289794921875,-2.858745813369751,368.8260665490027
27.163861,88.462306,South Sikkim,1,1501.462890625,28.900867462158203,102.38634490966797,-1.0165010690689087,509.2271321978585
27.163861,88.52,East Sikkim,1,572.5986328125,31.05455207824707,128.6707763671875,1.1879470348358154,145.79130384196088
27.163861,88.141361,West Sikkim,1,2141.93701171875,31.72754669189453,109.39886474609375,-3.4900853633880615,250.82884335095778
27.164472,88.213889,West Sikkim,1,1438.9901123046875,39.948341369628906,128.19969177246094,-0.1703692376613617,547.8339824949326
27.1645,88.228444,West Sikkim,1,1422.065673828125,34.49803161621094,76.81776428222656,0.012519970536231995,1020.5391268937262
27.164528,88.348472,South Sikkim,1,1109.9405517578125,31.70598602294922,303.01629638671875,0.25677424669265747,351.11195479568335
27.165,88.444444,South Sikkim,1,1380.4769287109375,25.256200790405273,61.965965270996094,-0.5673040151596069,249.128289212088
27.165278,88.348528,South Sikkim,1,1081.88330078125,32.21998977661133,288.6318664550781,-0.177289679646492,300.2026684258173
27.165333,88.162028,West Sikkim,1,1206.6907958984375,29.111103057861328,256.1314392089844,-1.7467656135559082,29.15826076839218
27.165528,88.496556,South Sikkim,1,1263.9530029296875,30.59040069580078,50.914772033691406,-0.17984536290168762,606.7441026159734
27.165586,88.488511,South Sikkim,1,1247.9454345703125,24.28225326538086,187.8135986328125,0.12743951380252838,824.7201566774313
27.165833,88.436667,South Sikkim,1,1544.2391357421875,36.418617248535156,170.11224365234375,-1.6929527521133423,145.79130384196088
27.166278,88.144333,West Sikkim,1,2025.3507080078125,42.333587646484375,153.16763305664062,-0.46516284346580505,82.47201566774314
27.166528,88.401333,South Sikkim,1,1519.4647216796875,27.538902282714844,252.81784057617188,-0.37292855978012085,170.02041587784976
27.166611,88.417528,South Sikkim,1,1805.46923828125,30.59453773498535,115.03451538085938,-1.0021145343780518,495.690433062667
27.167611,88.348889,South Sikkim,1,1098.424560546875,38.060874938964844,233.3445281982422,-1.9395617246627808,314.0440794543925
27.167972,88.224778,West Sikkim,1,1467.5540771484375,34.677284240722656,55.66181945800781,0.33040088415145874,949.3241918858973
27.168167,88.384556,South Sikkim,1,1545.4468994140625,34.785377502441406,253.79367065429688,-0.1682155728340149,235.08141380687945
27.169028,88.486333,South Sikkim,1,1244.73388671875,33.8629035949707,0.4353010356426239,0.5591200590133667,560.1118987424379
27.169472,88.363778,South Sikkim,1,1542.73046875,35.584327697753906,308.187744140625,1.4201551675796509,905.7853084761554
27.169583,88.462361,South Sikkim,1,1649.2506103515625,24.090879440307617,116.23316192626953,-1.4252952337265015,965.7504727558779
27.170833,88.086361,West Sikkim,1,2370.092041015625,17.01016616821289,215.60736083984375,-0.49517059326171875,470.1628276137589
27.171083,88.245417,West Sikkim,1,1114.8736572265625,30.55726432800293,264.5241394042969,-0.5729896426200867,495.690433062667
27.171139,88.354611,South Sikkim,1,1233.78662109375,30.306154251098633,193.84349060058594,-0.7682552337646484,157.02203972719624
27.171639,88.159333,West Sikkim,1,1399.0460205078125,20.991323471069336,139.64743041992188,-1.0583969354629517,227.73329671633672
27.171833,88.160861,West Sikkim,1,1351.000732421875,28.5985050201416,119.87521362304688,-0.23492173850536346,123.70802350161468
27.172083,88.090333,West Sikkim,1,2332.73388671875,17.43037986755371,170.360107421875,0.02710745856165886,275.0784819325981
27.172228,88.372,South Sikkim,1,1671.4931640625,23.210739135742188,163.57608032226562,0.19563889503479004,747.3848676362641
27.172333,88.381444,South Sikkim,1,1603.99755859375,28.563077926635742,176.6787567138672,-0.6588777899742126,210.26320860757602
27.172444,88.386972,South Sikkim,1,1772.3463134765625,41.630558013916016,242.52708435058594,-1.3635281324386597,262.4243469155296
27.172444,88.089528,West Sikkim,1,2339.959716796875,24.80614471435547,197.32350158691406,-0.4530161917209625,332.4553236675307
27.173861,88.092111,West Sikkim,1,2339.671630859375,28.298181533813477,117.18081665039062,0.6278363466262817,184.41303327450134
27.173917,88.38525,South Sikkim,1,1731.368408203125,50.01042556762695,249.6973114013672,0.35107606649398804,87.47478230517653
27.174389,88.452028,South Sikkim,1,1546.906982421875,33.551700592041016,27.822052001953125,0.3366321325302124,536.0681018403303
27.175,88.385028,South Sikkim,1,1747.6502685546875,22.35157012939453,167.55279541015625,-2.4080841541290283,145.79130384196088
27.175778,88.402417,South Sikkim,1,1924.906982421875,38.083194732666016,214.97515869140625,-1.045331358909607,680.7064515747367
27.176,88.429556,South Sikkim,1,1627.3157958984375,32.782230377197266,260.3764953613281,-1.3999968767166138,525.6580215189401
27.176944,88.402056,South Sikkim,1,1921.9927978515625,37.64236831665039,244.02230834960938,-1.228306770324707,612.3234761362357
27.177056,88.402611,South Sikkim,1,1968.56640625,45.27042007446289,245.67396545410156,-1.5057275295257568,670.6399976730202
27.177167,88.369611,South Sikkim,1,1576.4290771484375,37.7930908203125,308.11383056640625,1.946568250656128,276.619549911752
27.178111,88.430556,South Sikkim,1,1615.98974609375,25.664608001708984,13.376790046691895,-1.6607052087783813,583.1652153678435
27.178889,88.533097,East Sikkim,1,350.94635009765625,46.59062957763672,129.061767578125,-0.7406309247016907,65.19985318379017
27.179278,88.190972,West Sikkim,1,1967.614990234375,29.368064880371094,133.11776733398438,-0.5459970831871033,496.54728838338445
27.179639,88.519778,East Sikkim,1,333.5940856933594,38.83970642089844,226.51747131347656,-2.0542585849761963,145.79130384196088
27.180417,88.51025,East Sikkim,1,386.67901611328125,38.2806510925293,146.63522338867188,-0.18890510499477386,260.7994127351607
27.180528,88.518611,East Sikkim,1,333.7469177246094,36.83911895751953,224.640625,-1.2184429168701172,174.94956461035306
27.181167,88.192028,West Sikkim,1,1933.942138671875,21.15389060974121,92.07267761230469,-1.0368890762329102,268.82588145153073
27.181222,88.309528,West Sikkim,1,449.8641052246094,42.00428771972656,124.59981536865234,0.34082460403442383,210.26320860757602
27.18175,88.395778,South Sikkim,1,1882.008056640625,32.75577926635742,196.10020446777344,-2.5823299884796143,466.53217229427486
27.182111,88.508,East Sikkim,1,393.0988464355469,50.69029998779297,254.2133331298828,-0.3500710129737854,164.94403133548627
27.185944,88.197944,West Sikkim,1,1758.6104736328125,46.90125274658203,159.9907684326172,-2.081416368484497,29.15826076839218
27.185972,88.205833,West Sikkim,1,1705.4884033203125,34.00871658325195,84.5530776977539,-0.7206448912620544,276.619549911752
27.186361,88.320417,West Sikkim,1,449.9397277832031,32.167659759521484,172.83644104003906,0.029182156547904015,184.41303327450134
27.186611,88.206278,West Sikkim,1,1676.988525390625,26.760448455810547,93.25010681152344,0.9088464975357056,250.82884335095778
27.18815,88.562083,East Sikkim,1,461.60711669921875,28.305299758911133,182.57034301757812,-0.26478588581085205,235.08141380687945
27.188528,88.501194,East Sikkim,1,391.7983703613281,22.650224685668945,157.7158203125,-1.7577564716339111,351.11195479568335
27.189222,88.391056,South Sikkim,1,1874.275634765625,26.714845657348633,262.1859436035156,-0.738534688949585,287.1755640555846
27.189261,88.595686,East Sikkim,1,443.07867431640625,31.678468704223633,135.05259704589844,-0.2953033149242401,41.23600783387157
27.19,88.564472,East Sikkim,1,581.100341796875,35.91328811645508,191.96356201171875,-0.19818022847175598,509.2271321978585
27.190067,88.596483,East Sikkim,1,453.7342224121094,38.16004943847656,133.75616455078125,-0.7239400148391724,65.19985318379017
27.190833,88.596889,East Sikkim,1,466.0135192871094,46.20623779296875,132.4928436279297,-0.9470453262329102,58.31652153678436
27.191639,88.325861,West Sikkim,1,469.81207275390625,31.61554718017578,128.26101684570312,-1.3858903646469116,29.15826076839218
27.191917,88.2885,West Sikkim,1,1259.8023681640625,40.08504104614258,185.3944854736328,0.5552147626876831,509.2271321978585
27.192989,88.603083,East Sikkim,1,480.8922424316406,27.42141342163086,159.27256774902344,-1.5271779298782349,87.47478230517653
27.193794,88.650528,East Sikkim,1,1155.8505859375,22.665191650390625,284.52716064453125,1.6460314989089966,405.07950455465993
27.194333,88.388889,South Sikkim,1,1746.8590087890625,28.720457077026367,252.87741088867188,-0.2783683240413666,351.11195479568335
27.195083,88.631992,East Sikkim,1,582.5358276367188,30.367984771728516,6.635864734649658,-0.2321363389492035,120.22258900738453
27.195511,88.6342,East Sikkim,1,569.81982421875,40.56161117553711,334.1280822753906,0.7135378122329712,82.47201566774314
27.195703,88.625444,East Sikkim,1,567.43115234375,35.75152587890625,319.2183837890625,1.8113181591033936,116.63304307356871
27.195722,88.387472,South Sikkim,1,1696.2164306640625,26.0355281829834,257.3301696777344,0.3073997497558594,314.0440794543925
27.197111,88.208722,West Sikkim,1,1839.447509765625,38.16564178466797,148.75282287597656,0.009476124309003353,433.46870913515824
27.197417,88.4905,South Sikkim,1,377.82794189453125,49.35414123535156,233.47479248046875,-0.6757051348686218,157.02203972719624
27.198856,88.638725,East Sikkim,1,598.609619140625,30.87312889099121,296.2998046875,1.9009249210357666,157.02203972719624
27.198928,88.66095,East Sikkim,1,1049.6895751953125,42.18124008178711,354.9273986816406,0.42309460043907166,528.0785624320677
27.199028,88.350417,South Sikkim,1,1162.6044921875,36.521514892578125,191.85984802246094,0.3254043757915497,763.1447157392414
27.199722,88.641633,East Sikkim,1,624.1505126953125,41.53871536254883,304.64715576171875,-0.9786826372146606,130.39970636758034
27.200389,88.3545,South Sikkim,1,1117.830810546875,45.47728729248047,166.91647338867188,-0.640040397644043,618.5401175080734
27.200861,88.340861,West Sikkim,1,999.85107421875,28.04620361328125,244.7570037841797,1.9037965536117554,651.9985318379016
27.201278,88.665381,East Sikkim,1,1020.6763305664062,27.688608169555664,306.2406921386719,0.7705668807029724,461.03258318625336
27.20175,88.268194,West Sikkim,1,1133.0106201171875,36.0561408996582,38.49507522583008,0.6605145931243896,170.02041587784976
27.201875,88.667278,East Sikkim,1,1018.691162109375,33.68137741088867,344.35760498046875,1.7325084209442139,590.4097815292349
27.202417,88.391583,South Sikkim,1,1649.1700439453125,27.61009979248047,272.4646911621094,-1.1798062324523926,123.70802350161468
27.202433,88.656708,East Sikkim,1,753.1123657226562,43.371673583984375,332.125732421875,-0.7459433078765869,235.08141380687945
27.203167,88.588667,East Sikkim,1,1295.6307373046875,39.31760025024414,173.5289764404297,0.08950630575418472,645.4456164607546
27.203194,88.600278,East Sikkim,1,977.0579223632812,37.19082260131836,148.78395080566406,-1.3883814811706543,379.05738998909834
27.203869,88.658333,East Sikkim,1,733.9765014648438,21.42082977294922,30.777320861816406,1.7112444639205933,206.18003916935783
27.204556,88.647222,East Sikkim,1,663.2024536132812,46.37940979003906,305.4974060058594,-1.3097152709960938,354.72555210128104
27.204694,88.32375,West Sikkim,1,464.98748779296875,42.175411224365234,99.56230163574219,-0.7089720368385315,105.13160430378801
27.205,88.591722,East Sikkim,1,1226.6893310546875,39.13588333129883,138.30050659179688,1.25641930103302,320.740868452314
27.205,88.442122,South Sikkim,1,1313.0008544921875,36.50568771362305,141.40072631835938,-1.2449904680252075,260.7994127351607
27.205047,88.689053,East Sikkim,1,747.6618041992188,7.711021423339844,265.1465148925781,0.055621977895498276,29.15826076839218
27.206611,88.442814,South Sikkim,1,1308.3629150390625,37.171958923339844,91.91172790527344,-0.07029561698436737,105.13160430378801
27.206653,88.679953,East Sikkim,1,762.88818359375,34.572654724121094,357.2529602050781,0.6696892380714417,87.47478230517653
27.206917,88.323278,West Sikkim,1,479.7151184082031,30.092344284057617,105.0939712524414,0.09797738492488861,145.79130384196088
27.207039,88.446667,South Sikkim,1,1332.3111572265625,45.17543411254883,186.7888641357422,0.46300917863845825,222.06269817368786
27.207264,88.672817,East Sikkim,1,751.7492065429688,32.974464416503906,357.6252746582031,0.4464690387248993,120.22258900738453
27.207606,88.676047,East Sikkim,1,724.0015869140625,34.25745391845703,8.526973724365234,1.0959712266921997,58.31652153678436
27.20825,88.387667,South Sikkim,1,1599.6475830078125,28.445043563842773,304.36590576171875,0.9782519340515137,563.1395526838879
27.2115,88.58775,East Sikkim,1,1432.5408935546875,42.86648178100586,284.0919189453125,-0.6954039931297302,590.4097815292349
27.212222,88.587889,East Sikkim,1,1416.450927734375,41.17147445678711,269.86566162109375,-0.7777600884437561,566.1510156143496
27.212583,88.399333,South Sikkim,1,2009.103515625,35.70126724243164,332.6414794921875,-0.010998047888278961,412.36007833871565
27.21275,88.391444,South Sikkim,1,1555.35546875,40.18046569824219,341.3306884765625,-0.9354370832443237,291.58260768392176
27.213556,88.321833,West Sikkim,1,487.7979736328125,25.356735229492188,91.22675323486328,0.021457679569721222,120.22258900738453
27.214222,88.608361,East Sikkim,1,799.4005737304688,23.209810256958008,65.30513000488281,-0.5627526044845581,41.23600783387157
27.214639,88.392417,South Sikkim,1,1542.7169189453125,30.019838333129883,293.6445617675781,1.290045142173767,87.47478230517653
27.214806,88.588083,East Sikkim,1,1460.9405517578125,33.5477409362793,242.89102172851562,-1.265751838684082,608.842359377512
27.215056,88.393306,South Sikkim,1,1548.44140625,36.7383918762207,323.31121826171875,-2.1078059673309326,29.15826076839218
27.21525,88.402278,South Sikkim,1,2028.864501953125,30.179719924926758,284.26702880859375,-1.1866405010223389,341.2886922125395
27.216361,88.199667,West Sikkim,1,1936.8399658203125,37.63227462768555,141.11033630371094,-1.9225046634674072,116.63304307356871
27.216639,88.392361,South Sikkim,1,1560.8748779296875,35.02391815185547,223.13560485839844,-0.22076497972011566,116.63304307356871
27.216722,88.274639,West Sikkim,1,1269.8016357421875,33.59552001953125,168.8370819091797,1.4421513080596924,528.0785624320677
27.217278,88.236944,West Sikkim,1,1175.4246826171875,23.414690017700195,167.8350067138672,-0.2161705046892166,29.15826076839218
27.217667,88.233472,West Sikkim,1,1187.146240234375,28.0279598236084,180.59242248535156,-1.0199469327926636,65.19985318379017
27.217667,88.234639,West Sikkim,1,1185.4114990234375,24.818819046020508,179.07237243652344,-1.2201802730560303,105.13160430378801
27.218278,88.232472,West Sikkim,1,1237.36474609375,40.15241241455078,182.5308074951172,-1.6775898933410645,145.79130384196088
27.21875,88.233694,West Sikkim,1,1256.3515625,36.57839584350586,171.63653564453125,-1.1574655771255493,184.41303327450134
27.219444,88.391111,South Sikkim,1,1564.298828125,27.17276954650879,284.9794921875,-1.1398341655731201,130.39970636758034
27.219444,88.234361,West Sikkim,1,1289.458740234375,33.76005554199219,133.07936096191406,-1.0037225484848022,287.1755640555846
27.2195,88.210222,West Sikkim,1,1801.517333984375,29.583314895629883,50.41818618774414,-0.3858218491077423,105.13160430378801
27.219917,88.276306,West Sikkim,1,1534.648681640625,37.54267120361328,151.17889404296875,-0.08430879563093185,676.3208144203506
27.220306,88.261861,West Sikkim,1,1623.5267333984375,34.88930892944336,152.50509643554688,2.570039749145508,676.3208144203506
27.220472,88.281028,West Sikkim,1,1445.7137451171875,36.034339904785156,131.95944213867188,-0.16497071087360382,823.1723539556792
27.22075,88.699833,East Sikkim,1,1125.2467041015625,43.63095474243164,307.74688720703125,-1.4963375329971313,380.1772074656567
27.220778,88.279917,West Sikkim,1,1512.9967041015625,40.35783386230469,138.3821258544922,0.1821713149547577,886.8138802532027
27.220806,88.237361,West Sikkim,1,1293.095947265625,20.21791648864746,193.58682250976562,-0.7319014072418213,204.10782537874525
27.220861,88.657111,East Sikkim,1,1164.9588623046875,40.056373596191406,346.9178466796875,-0.529715359210968,495.690433062667
27.220889,88.652278,East Sikkim,1,1008.6236572265625,26.256105422973633,215.64898681640625,-1.3740668296813965,574.3511281111691
27.220917,88.385083,South Sikkim,1,1582.211181640625,38.801265716552734,227.16021728515625,0.2537878453731537,396.5952239273039
27.220972,88.397639,South Sikkim,1,2019.6463623046875,31.533273696899414,258.0965270996094,0.534654438495636,524.8486938310592
27.221444,88.376167,South Sikkim,1,1628.798095703125,42.721248626708984,159.73031616210938,-1.12251877784729,157.02203972719624
27.2215,88.370667,South Sikkim,1,1786.1947021484375,29.32590103149414,149.63571166992188,-1.994580626487732,580.9742299809095
27.221778,88.390861,South Sikkim,1,1581.2796630859375,32.65721130371094,214.18292236328125,-2.7897424697875977,0.0
27.222917,88.281972,West Sikkim,1,1502.310302734375,27.614500045776367,150.40740966796875,0.12428081035614014,671.2735736269572
27.223833,88.491833,South Sikkim,1,340.91180419921875,30.642166137695312,285.5232238769531,-2.316697120666504,58.31652153678436
27.224778,88.372083,South Sikkim,1,2034.0028076171875,47.52901077270508,147.50177001953125,-2.0063540935516357,683.1998901490101
27.225083,88.373333,South Sikkim,1,2013.1031494140625,35.785125732421875,155.98439025878906,1.3204262256622314,626.0544088562227
27.225556,88.240333,West Sikkim,1,1579.936279296875,28.37887954711914,173.3080596923828,-0.9600462913513184,812.2551549391025
27.22575,88.49325,South Sikkim,1,385.9217529296875,45.81136703491211,274.3157043457031,-0.366582453250885,87.47478230517653
27.226556,88.308861,West Sikkim,1,673.19873046875,49.96186065673828,247.80458068847656,-0.3091801106929779,371.12407050484404
27.2275,88.220278,West Sikkim,1,1768.7098388671875,30.234840393066406,150.90377807617188,0.6474490165710449,145.79130384196088
27.227528,88.219639,West Sikkim,1,1777.6600341796875,21.54217529296875,153.04917907714844,-1.192642092704773,148.67854064045866
27.228556,88.493889,South Sikkim,1,371.2895202636719,39.485225677490234,300.8825378417969,-1.610424280166626,174.94956461035306
27.229417,88.378444,South Sikkim,1,2037.811279296875,36.463863372802734,102.53213500976562,-0.20979565382003784,392.284278244487
27.22975,88.619361,East Sikkim,1,1205.63720703125,31.771059036254883,238.30177307128906,0.9781658053398132,645.4456164607546
27.230583,88.306056,West Sikkim,1,721.3181762695312,37.488468170166016,157.5569610595703,0.7344139814376831,123.70802350161468
27.232639,88.378417,South Sikkim,1,2135.71923828125,23.063507080078125,52.33013916015625,0.3099554181098938,693.0839463125809
27.233194,88.246361,West Sikkim,1,1527.5302734375,27.94166374206543,355.52374267578125,0.17255161702632904,644.1270336403593
27.233389,88.5015,East Sikkim,1,401.0573425292969,24.564664840698242,179.13763427734375,-0.27039259672164917,87.47478230517653
27.233417,88.634806,East Sikkim,1,1506.9925537109375,30.257558822631836,139.818603515625,-1.6145305633544922,537.6517629030615
27.233667,88.348389,South Sikkim,1,1912.647705078125,32.446311950683594,307.4577941894531,0.26734158396720886,829.858649735256
27.235694,88.6025,East Sikkim,1,1235.90087890625,43.35992431640625,220.06690979003906,-0.9756675362586975,260.7994127351607
27.23575,88.602389,East Sikkim,1,1219.6121826171875,36.406070709228516,213.64605712890625,-1.766809105873108,233.26608614713743
27.23575,88.506472,South Sikkim,1,420.41912841796875,40.3860969543457,154.25985717773438,0.5805849432945251,58.31652153678436
27.23575,88.507972,South Sikkim,1,386.14886474609375,17.02849578857422,170.5206756591797,-1.212671160697937,29.15826076839218
27.235778,88.506306,East Sikkim,1,420.41912841796875,40.3860969543457,154.25985717773438,0.5805849432945251,58.31652153678436
27.235861,88.433167,South Sikkim,1,1205.3419189453125,24.7410888671875,103.58538055419922,-1.2835841178894043,495.690433062667
27.235917,88.645167,East Sikkim,1,1471.4202880859375,39.145751953125,134.60055541992188,0.06814195215702057,332.4553236675307
27.236361,88.50875,East Sikkim,1,438.2467346191406,45.60768127441406,166.78775024414062,-0.5667368769645691,92.20651663725067
27.236583,88.509611,East Sikkim,1,420.9788818359375,30.93370819091797,165.55043029785156,-0.8247530460357666,87.47478230517653
27.236889,88.235917,West Sikkim,1,1575.7510986328125,45.05559158325195,64.8431396484375,-3.204050064086914,615.0941847487371
27.237694,88.598806,East Sikkim,1,1217.223388671875,18.983539581298828,111.7892074584961,0.5508787035942078,105.13160430378801
27.23772,88.51384,East Sikkim,1,443.3121032714844,30.800195693969727,138.5362091064453,0.3223605155944824,82.47201566774314
27.237889,88.346444,South Sikkim,1,1582.7520751953125,25.95899200439453,313.7283630371094,-0.8880564570426941,391.199119102741
27.237917,88.30475,West Sikkim,1,845.857177734375,33.45319747924805,294.2502136230469,2.0653932094573975,456.39897228653115
27.238111,88.601528,East Sikkim,1,1218.5587158203125,14.813758850097656,229.7826690673828,-1.1430503129959106,148.67854064045866
27.23924,88.48416,East Sikkim,1,367.3415222167969,31.57573127746582,27.066978454589844,-0.5126152634620667,0.0
27.239972,88.332778,West Sikkim,1,1292.91357421875,22.42352867126465,357.40789794921875,-0.49896103143692017,186.70396624747931
27.240028,88.486472,East Sikkim,1,391.7886962890625,36.866127014160156,214.8916473388672,0.0076096151024103165,105.13160430378801
27.240194,88.486278,East Sikkim,1,391.7886962890625,36.866127014160156,214.8916473388672,0.0076096151024103165,105.13160430378801
27.240389,88.234028,West Sikkim,1,1649.2891845703125,33.4704475402832,91.0184097290039,-0.5163052082061768,516.6856972142671
27.240556,88.48025,East Sikkim,1,372.2284240722656,30.913585662841797,1.8254843950271606,-1.1520311832427979,92.20651663725067
27.240639,88.306056,West Sikkim,1,974.2177734375,39.90709686279297,279.0521240234375,1.428080677986145,566.1510156143496
27.240861,88.486278,East Sikkim,1,436.4023742675781,34.226993560791016,237.53407287597656,-0.03858649358153343,164.94403133548627
27.241333,88.233972,West Sikkim,1,1645.74462890625,42.84728240966797,86.41116333007812,-0.5086668729782104,474.66209594294867
27.24144,88.60681,East Sikkim,1,1386.5513916015625,20.10824966430664,140.85130310058594,-0.008499796502292156,785.1101986359812
27.242139,88.327389,West Sikkim,1,1315.1702880859375,28.867374420166016,31.93119239807129,-0.0007466037641279399,452.6579340076252
27.242917,88.354417,South Sikkim,1,1585.861328125,43.75544357299805,202.7255096435547,-1.6736845970153809,29.15826076839218
27.243806,88.2725,West Sikkim,1,1626.9027099609375,31.18596649169922,93.30443572998047,-0.28905051946640015,1022.2039552873778
27.244056,88.348056,South Sikkim,1,1577.192626953125,42.151180267333984,208.1182861328125,1.041741967201233,170.02041587784976
27.244472,88.350472,South Sikkim,1,1594.14794921875,49.924041748046875,195.9770965576172,-0.011084194295108318,174.94956461035306
27.245028,88.524389,East Sikkim,1,474.6857604980469,38.513893127441406,112.00420379638672,0.22907094657421112,41.23600783387157
27.245028,88.226861,West Sikkim,1,1745.7008056640625,20.896793365478516,5.6530256271362305,-0.017143171280622482,360.66776702215355
27.245139,88.524444,East Sikkim,1,484.2459716796875,37.07708740234375,111.0131607055664,1.223496913909912,29.15826076839218
27.245972,88.185278,West Sikkim,1,1721.74462890625,22.575647354125977,301.1952209472656,1.6007758378982544,65.19985318379017
27.246056,88.62575,East Sikkim,1,1465.5238037109375,29.036962509155273,217.4972381591797,-0.6419643759727478,320.740868452314
27.246194,88.625694,East Sikkim,1,1477.582275390625,25.46895980834961,213.86483764648438,-0.6185324788093567,349.89912922070613
27.246944,88.184833,West Sikkim,1,1636.5013427734375,35.76126480102539,343.2215270996094,-1.1902012825012207,123.70802350161468
27.247111,88.225222,West Sikkim,1,1679.5389404296875,39.102516174316406,64.30303955078125,2.1103615760803223,145.79130384196088
27.248583,88.117444,West Sikkim,1,1999.3267822265625,31.577407836914062,81.90520477294922,-0.5853373408317566,510.06124763354927
27.248833,88.117194,West Sikkim,1,2017.3922119140625,36.30155944824219,78.135986328125,0.2536729872226715,470.1628276137589
27.25,88.301889,West Sikkim,1,556.3663940429688,51.72140884399414,127.4036636352539,-0.44639724493026733,123.70802350161468
27.250556,88.53325,East Sikkim,1,515.9835205078125,42.075584411621094,188.9560089111328,-0.17090046405792236,58.31652153678436
27.250889,88.715444,East Sikkim,1,1208.3355712890625,38.84246063232422,293.0611877441406,1.643619418144226,227.73329671633672
27.250972,88.659833,East Sikkim,1,1450.474609375,37.0416145324707,227.22366333007812,0.35839852690696716,105.13160430378801
27.251417,88.3845,South Sikkim,1,2048.388671875,27.58935546875,56.66333770751953,1.7290194034576416,866.9374182703165
27.251639,88.531361,East Sikkim,1,538.26123046875,25.00510597229004,117.69300079345703,0.6093291640281677,58.31652153678436
27.251722,88.182972,West Sikkim,1,1426.026611328125,25.353343963623047,319.28448486328125,-0.4866707921028137,461.03258318625336
27.252139,88.176944,West Sikkim,1,1287.86669921875,30.531152725219727,99.86811828613281,-1.4716708660125732,58.31652153678436
27.252167,88.272778,West Sikkim,1,1478.8511962890625,16.379375457763672,313.4590759277344,1.2820048332214355,721.3355340443071
27.252667,88.694194,East Sikkim,1,1482.1468505859375,35.24674987792969,29.896305084228516,1.455819845199585,58.31652153678436
27.253528,88.786111,East Sikkim,1,3123.2822265625,35.7557487487793,235.12367248535156,0.8240782618522644,437.3739115258827
27.253889,88.210028,West Sikkim,1,1423.322998046875,41.256927490234375,21.22887420654297,-0.04582998529076576,233.26608614713743
27.254222,88.3005,West Sikkim,1,562.3785400390625,18.88257598876953,46.12424850463867,-3.1167547702789307,0.0
27.254389,88.145306,West Sikkim,1,1474.7611083984375,22.805160522460938,272.5802307128906,-1.443328619003296,130.39970636758034
27.25475,88.711,East Sikkim,1,1028.814697265625,40.72474670410156,233.88131713867188,-1.4444198608398438,87.47478230517653
27.254778,88.542444,East Sikkim,1,635.6436767578125,34.341644287109375,163.3738250732422,0.23897063732147217,186.70396624747931
27.254917,88.390889,South Sikkim,1,1807.6759033203125,29.632186889648438,68.06375885009766,-0.2568604052066803,970.5803529381866
27.255167,88.396944,South Sikkim,1,1591.6207275390625,26.67438316345215,136.45492553710938,1.4373270273208618,760.3544149313134
27.255278,88.543611,East Sikkim,1,625.1466674804688,41.803932189941406,134.19625854492188,0.027495119720697403,123.70802350161468
27.255389,88.388944,South Sikkim,1,1875.097412109375,27.241966247558594,72.2085952758789,0.011572358198463917,795.8656340256068
27.255861,88.156139,West Sikkim,1,1530.1982421875,31.268756866455078,0.3213321268558502,0.12735337018966675,29.15826076839218
27.256,88.706167,East Sikkim,1,1162.0875244140625,32.39718246459961,67.69182586669922,0.947210431098938,262.4243469155296
27.256556,88.148722,West Sikkim,1,1572.219482421875,30.34598731994629,26.71894645690918,-0.6983042359352112,498.256578424176
27.25675,88.148611,West Sikkim,1,1567.5880126953125,31.749513626098633,47.600955963134766,-1.3155157566070557,482.65509721155024
27.25677,88.55359,East Sikkim,1,695.8409423828125,32.06525802612305,325.69268798828125,1.065719485282898,249.128289212088
27.257083,88.65975,East Sikkim,1,1654.347412109375,32.06694030761719,147.19497680664062,-1.2752853631973267,268.82588145153073
27.257083,88.696583,East Sikkim,1,1429.7049560546875,28.31252670288086,153.72213745117188,0.4710782468318939,29.15826076839218
27.257139,88.697556,East Sikkim,1,1403.210693359375,27.563642501831055,159.64512634277344,-2.0843453407287598,92.20651663725067
27.257194,88.305444,West Sikkim,1,652.902587890625,33.56620407104492,302.438720703125,-0.6228972673416138,164.94403133548627
27.257361,88.165333,West Sikkim,1,1495.03369140625,25.627588272094727,327.6187744140625,-0.8554643392562866,177.36277605064052
27.257417,88.418889,South Sikkim,1,858.4930419921875,34.96015548706055,134.88795471191406,-0.34625184535980225,329.88806267097254
27.257972,88.548861,East Sikkim,1,641.9006958007812,44.71114730834961,155.3727569580078,1.6234180927276611,87.47478230517653
27.258222,88.704778,East Sikkim,1,1217.5880126953125,22.721603393554688,101.30546569824219,-0.49511316418647766,379.05738998909834
27.258306,88.245306,West Sikkim,1,1141.5635986328125,30.894039154052734,5.201542377471924,-1.6640936136245728,572.868929180574
27.258389,88.246611,West Sikkim,1,1149.2423095703125,30.921262741088867,350.5999755859375,0.06598828732967377,686.3039492490243
27.258556,88.147028,West Sikkim,1,1563.366455078125,26.311481475830078,52.21273422241211,1.3501754999160767,368.8260665490027
27.258778,88.202639,West Sikkim,1,1261.7286376953125,32.33086395263672,93.48611450195312,-0.5620490312576294,82.47201566774314
27.258889,88.145611,West Sikkim,1,1524.0550537109375,35.242488861083984,244.35911560058594,0.824824869632721,233.26608614713743
27.259306,88.423028,South Sikkim,1,808.0701904296875,40.98670196533203,164.2755126953125,-0.8232885599136353,351.11195479568335
27.259694,88.550417,East Sikkim,1,658.5477294921875,37.58339309692383,136.71408081054688,1.4775432348251343,164.94403133548627
27.259722,88.248972,West Sikkim,1,1130.8265380859375,19.804452896118164,47.75959777832031,1.68809974193573,717.1983850216918
27.259833,88.711722,East Sikkim,1,1142.754638671875,33.143035888671875,256.7115173339844,0.8274953961372375,87.47478230517653
27.26,88.381361,South Sikkim,1,1553.8486328125,39.76974105834961,359.6090087890625,-1.6451126337051392,29.15826076839218
27.260167,88.171889,West Sikkim,1,1334.0968017578125,41.3872184753418,40.25704574584961,0.28299152851104736,498.256578424176
27.260194,88.302417,West Sikkim,1,547.4895629882812,35.74806594848633,250.00233459472656,-0.519851565361023,210.26320860757602
27.260861,88.233278,West Sikkim,1,1178.6544189453125,36.09928512573242,11.322867393493652,-1.5055264234542847,332.4553236675307
27.2615,88.788778,East Sikkim,1,3371.551513671875,37.340545654296875,239.00083923339844,-0.6430555582046509,287.1755640555846
27.26175,88.2945,West Sikkim,1,600.5986938476562,33.026573181152344,39.91999816894531,0.4638993740081787,186.70396624747931
27.261778,88.197194,West Sikkim,1,1347.9833984375,43.08675003051758,354.768798828125,1.0247998237609863,676.3208144203506
27.262056,88.4305,South Sikkim,1,648.6103515625,30.420299530029297,112.822509765625,-0.30131205916404724,351.11195479568335
27.262583,88.562389,East Sikkim,1,649.8040771484375,33.51200485229492,259.86328125,-0.7739983797073364,87.47478230517653
27.263194,88.377139,South Sikkim,1,1583.699462890625,32.35061264038086,36.99474334716797,0.05513381585478783,315.39481291136406
27.263278,88.786667,East Sikkim,1,3378.268310546875,39.30260467529297,246.4974365234375,0.26309168338775635,550.1569638651962
27.264361,88.558389,East Sikkim,1,619.7042846679688,32.59605026245117,145.30795288085938,-1.5214636325836182,41.23600783387157
27.264694,88.792667,East Sikkim,1,3594.102783203125,36.55134582519531,160.51747131347656,-0.7393674254417419,480.8903560295381
27.26525,88.789556,East Sikkim,1,3572.8349609375,32.18991470336914,217.9562530517578,0.6964089870452881,563.1395526838879
27.265389,88.788278,East Sikkim,1,3523.58154296875,25.772554397583008,172.91465759277344,-0.9261332154273987,615.0941847487371
27.265944,88.534556,East Sikkim,1,1175.875244140625,47.9399299621582,192.69976806640625,-1.4335079193115234,670.6399976730202
27.268944,88.2875,West Sikkim,1,596.2590942382812,48.633174896240234,58.73552322387695,-0.9109427332878113,130.39970636758034
27.269556,88.137861,West Sikkim,1,1523.6893310546875,27.592632293701172,153.45326232910156,0.9562558531761169,184.41303327450134
27.269778,88.144278,West Sikkim,1,1466.6982421875,33.604068756103516,166.1763458251953,-0.7855707406997681,204.10782537874525
27.269861,88.178139,West Sikkim,1,1328.11376953125,39.96383285522461,129.21859741210938,0.6407008767127991,58.31652153678436
27.269917,88.077111,West Sikkim,1,2022.2369384765625,39.2767448425293,139.04849243164062,-2.1089258193969727,184.41303327450134
27.27,88.179944,West Sikkim,1,1305.4749755859375,42.746925354003906,200.15965270996094,-0.5217037200927734,82.47201566774314
27.270056,88.430139,South Sikkim,1,493.23468017578125,32.29461669921875,342.30511474609375,-0.1250704824924469,65.19985318379017
27.270056,88.174444,West Sikkim,1,1324.0096435546875,28.6697940826416,188.8314208984375,-1.2648903131484985,379.05738998909834
27.270667,88.142056,West Sikkim,1,1476.8992919921875,36.21314239501953,167.5996551513672,-1.6614230871200562,0.0
27.27075,88.167417,West Sikkim,1,1366.441162109375,27.960987091064453,224.3406524658203,-0.6394948363304138,204.10782537874525
27.271583,88.430389,South Sikkim,1,496.91009521484375,45.89006423950195,154.30682373046875,-0.2767602801322937,65.19985318379017
27.272056,88.394139,South Sikkim,1,1040.7154541015625,27.65972328186035,133.48085021972656,0.900432825088501,240.44517801476906
27.273083,88.389528,South Sikkim,1,1194.23095703125,37.692222595214844,144.72486877441406,-1.9463098049163818,417.4827601981901
27.27325,88.303417,West Sikkim,1,1305.277099609375,43.10447311401367,152.6999969482422,0.8477111458778381,268.82588145153073
27.273861,88.398722,South Sikkim,1,965.059814453125,35.135841369628906,97.58786010742188,1.3647198677062988,250.82884335095778
27.2755,88.308056,West Sikkim,1,1576.989501953125,43.88562774658203,212.1278839111328,-0.5366070866584778,664.9106473350614
27.27575,88.084972,West Sikkim,1,2044.2171630859375,48.12672805786133,142.4298095703125,0.09143024682998657,392.284278244487
27.275917,88.254278,West Sikkim,1,1101.3360595703125,22.591033935546875,207.59402465820312,0.31521037220954895,488.7815177168158
27.276167,88.398722,South Sikkim,1,899.3802490234375,36.18597412109375,65.31385040283203,-1.1288361549377441,164.94403133548627
27.279889,88.436472,South Sikkim,1,580.0789794921875,41.56715774536133,126.21939086914062,1.0764877796173096,287.1755640555846
27.279972,88.804278,East Sikkim,1,3698.59375,35.96497344970703,146.3991241455078,-0.22788643836975098,714.8235494117221
27.279972,88.186917,West Sikkim,1,1743.162353515625,28.38545036315918,131.16102600097656,1.1694399118423462,466.53217229427486
27.280667,88.190861,West Sikkim,1,1563.28125,33.566951751708984,135.1573944091797,-1.2358589172363281,87.47478230517653
27.280889,88.084333,West Sikkim,1,2396.369140625,26.15301513671875,135.1264190673828,1.420959234237671,839.5351438684005
27.281028,88.227667,West Sikkim,1,1293.1136474609375,30.17612648010254,172.83697509765625,0.6913550496101379,383.5170421109049
27.281444,88.187833,West Sikkim,1,1736.8154296875,29.376676559448242,97.18880462646484,-0.6995102763175964,389.01971986608265
27.281611,88.229556,West Sikkim,1,1278.1927490234375,39.33881759643555,128.78524780273438,-0.6947147846221924,204.10782537874525
27.282,88.415028,South Sikkim,1,1388.6376953125,43.07154846191406,180.4123992919922,1.0473127365112305,904.376256067203
27.282444,88.598917,East Sikkim,1,833.519775390625,17.005386352539062,279.2727966308594,-0.77694171667099,65.19985318379017
27.282667,88.108278,West Sikkim,1,1616.4605712890625,19.080215454101562,255.34486389160156,-0.26151230931282043,29.15826076839218
27.282917,88.189556,West Sikkim,1,1753.6724853515625,32.607749938964844,120.3746337890625,-0.05329602211713791,351.11195479568335
27.283194,88.106667,West Sikkim,1,1587.1317138671875,26.843591690063477,225.9495849609375,-2.608116626739502,82.47201566774314
27.283444,88.192639,West Sikkim,1,1691.9971923828125,26.707792282104492,166.18797302246094,0.47311705350875854,332.4553236675307
27.283639,88.189944,West Sikkim,1,1764.9468994140625,33.54063415527344,145.06851196289062,1.286628007888794,391.199119102741
27.28408,88.54611,East Sikkim,1,1521.53125,31.27631187438965,100.80175018310547,-0.14751167595386505,396.5952239273039
27.284139,88.264889,West Sikkim,1,1053.6883544921875,32.68008041381836,135.66563415527344,-0.4441143572330475,195.5995595513705
27.28425,88.370056,South Sikkim,1,1947.1580810546875,33.756935119628906,93.28193664550781,0.6987062692642212,700.4054587798921
27.284528,88.195583,West Sikkim,1,1716.786376953125,28.490009307861328,200.4646759033203,-1.2023191452026367,578.7749505540111
27.28475,88.106194,West Sikkim,1,1609.4345703125,18.142356872558594,254.3664093017578,-1.037061333656311,29.15826076839218
27.285,88.197583,West Sikkim,1,1767.0904541015625,32.73263931274414,166.4371795654297,-0.7352898120880127,688.1596640808876
27.287194,88.369444,South Sikkim,1,1955.3680419921875,29.575576782226562,78.54940032958984,-0.45551443099975586,665.5496774175223
27.287361,88.102611,West Sikkim,1,1721.293212890625,41.018672943115234,252.9817352294922,0.04258513078093529,87.47478230517653
27.288167,88.102778,West Sikkim,1,1773.138916015625,38.75843048095703,242.6664581298828,0.23302651941776276,145.79130384196088
27.288444,88.102667,West Sikkim,1,1765.3677978515625,39.290435791015625,236.99618530273438,0.5776990056037903,130.39970636758034
27.288667,88.816111,East Sikkim,1,3779.75,21.037473678588867,133.10714721679688,1.5057275295257568,785.1101986359812
27.289861,88.084389,West Sikkim,1,2089.6357421875,33.448055267333984,61.59962844848633,0.42745935916900635,157.02203972719624
27.292583,88.820417,East Sikkim,1,3792.6650390625,17.044517517089844,168.57659912109375,0.3992607295513153,437.3739115258827
27.292944,88.589417,East Sikkim,1,859.4440307617188,22.5266170501709,38.51059341430664,-0.2829340994358063,41.23600783387157
27.293417,88.294917,West Sikkim,1,747.5988159179688,47.040340423583984,358.9212646484375,0.10597465932369232,157.02203972719624
27.293556,88.642056,East Sikkim,1,1454.752197265625,31.313961029052734,182.73257446289062,-0.37456536293029785,444.1253963473757
27.294889,88.079944,West Sikkim,1,2078.677490234375,25.999914169311523,12.080063819885254,0.37881526350975037,145.79130384196088
27.29525,88.102694,West Sikkim,1,1937.146240234375,36.868408203125,105.96995544433594,-0.6902064681053162,264.0392812160338
27.295444,88.094583,West Sikkim,1,2070.38818359375,41.33567428588867,168.72157287597656,0.38369688391685486,441.2445525642225
27.296028,88.10175,West Sikkim,1,2002.8172607421875,26.4143009185791,72.2317123413086,1.269456148147583,368.8260665490027
27.297139,88.388472,South Sikkim,1,1517.5169677734375,26.382266998291016,241.20814514160156,0.4093111455440521,249.128289212088
27.29975,88.419778,South Sikkim,1,1341.3924560546875,26.363250732421875,120.56004333496094,-0.053267307579517365,249.128289212088
27.301972,88.218778,West Sikkim,1,1815.2193603515625,40.46034240722656,25.95968246459961,1.4959641695022583,566.1510156143496
27.302861,88.373944,South Sikkim,1,1770.3673095703125,36.545291900634766,60.47407913208008,-0.22831717133522034,233.26608614713743
27.303083,88.433167,South Sikkim,1,884.2359008789062,34.208824157714844,108.08740997314453,0.7885858416557312,206.18003916935783
27.304028,88.178806,West Sikkim,1,1626.61279296875,25.972810745239258,44.407657623291016,0.7448521256446838,82.47201566774314
27.30675,88.199083,West Sikkim,1,1632.9061279296875,35.105159759521484,27.36195182800293,-0.2267952412366867,105.13160430378801
27.306806,88.375194,South Sikkim,1,1601.9764404296875,34.964603424072266,75.21378326416016,-0.7643212080001831,58.31652153678436
27.306861,88.368444,South Sikkim,1,1944.96337890625,29.737201690673828,99.55210876464844,0.1876559853553772,536.0681018403303
27.311667,88.418611,South Sikkim,1,1235.451171875,25.731407165527344,65.16670989990234,-0.22538818418979645,174.94956461035306
27.313722,88.189917,West Sikkim,1,1279.673095703125,40.943572998046875,21.866992950439453,-1.5553191900253296,29.15826076839218
27.313917,88.557583,East Sikkim,1,1292.3685302734375,29.078296661376953,46.31864929199219,1.4729056358337402,92.20651663725067
27.3145,88.8365,East Sikkim,1,4089.58837890625,31.77709197998047,185.6389617919922,0.03422890976071358,525.6580215189401
27.314694,88.417917,South Sikkim,1,1220.920654296875,32.820953369140625,134.9457550048828,-0.3179096281528473,58.31652153678436
27.315028,88.558139,East Sikkim,1,1255.2562255859375,40.559017181396484,181.1217498779297,0.2337731271982193,58.31652153678436
27.315028,88.558611,East Sikkim,1,1249.1575927734375,37.276702880859375,163.7783660888672,0.025528104975819588,65.19985318379017
27.315083,88.506056,East Sikkim,1,1489.2034912109375,33.02082061767578,90.87482452392578,-0.5940381288528442,58.31652153678436
27.315778,88.178944,West Sikkim,1,1520.9368896484375,31.091262817382812,138.98587036132812,0.20497144758701324,352.3206053745417
27.316,88.559889,East Sikkim,1,1265.2401123046875,24.305767059326172,132.55923461914062,1.9092093706130981,123.70802350161468
27.316583,88.178917,West Sikkim,1,1549.937744140625,29.38013458251953,116.56731414794922,-1.464463233947754,371.12407050484404
27.316944,88.560056,East Sikkim,1,1281.40966796875,30.37700080871582,182.6741485595703,-0.5124860405921936,186.70396624747931
27.317083,88.178556,West Sikkim,1,1581.983154296875,29.976980209350586,139.19932556152344,-0.8966423869132996,351.11195479568335
27.317417,88.182861,West Sikkim,1,1387.510009765625,14.987472534179688,199.0775604248047,-0.28396785259246826,29.15826076839218
27.31892,88.16222,West Sikkim,1,1430.286865234375,19.471765518188477,177.36534118652344,-0.17398738861083984,58.31652153678436
27.320111,88.177833,West Sikkim,1,1694.09326171875,20.137845993041992,102.49713897705078,-0.027452046051621437,276.619549911752
27.320611,88.219611,West Sikkim,1,1199.1063232421875,42.062747955322266,153.68276977539062,-2.307177782058716,186.70396624747931
27.324944,88.213861,West Sikkim,1,1631.84521484375,37.709014892578125,92.0589599609375,-0.2078142762184143,793.1904478546078
27.326444,88.219,West Sikkim,1,1286.0400390625,39.35862350463867,74.90766906738281,0.20666566491127014,240.44517801476906
27.329361,88.649278,East Sikkim,1,1401.40869140625,1.770596981048584,18.45948600769043,-1.9068260192871094,0.0
27.329472,88.648917,East Sikkim,1,1409.15234375,21.95612335205078,46.40443801879883,-0.04496851935982704,29.15826076839218
27.3305,88.215639,West Sikkim,1,1533.677001953125,41.75218963623047,43.93312072753906,1.5754774808883667,590.4097815292349
27.33075,88.216333,West Sikkim,1,1463.4071044921875,37.24656295776367,28.86570930480957,-1.7190264463424683,536.0681018403303
27.330778,88.49225,East Sikkim,1,872.4625244140625,23.449331283569336,283.3380126953125,-0.1906280368566513,276.619549911752
27.330917,88.450528,South Sikkim,1,1123.2596435546875,33.636985778808594,124.755859375,0.3544357717037201,105.13160430378801
27.33325,88.213583,West Sikkim,1,1401.3614501953125,34.08107376098633,12.194476127624512,-1.4928629398345947,349.89912922070613
27.333333,88.212972,West Sikkim,1,1411.9613037109375,38.6497917175293,8.96261978149414,-0.3571063280105591,349.89912922070613
27.335,88.206722,West Sikkim,1,1469.9405517578125,33.57688522338867,75.20689392089844,1.1197333335876465,92.20651663725067
27.337194,88.621833,East Sikkim,1,1785.339111328125,16.4050235748291,122.19161987304688,-0.029778003692626953,184.41303327450134
27.339806,88.227361,West Sikkim,1,1180.8056640625,37.965003967285156,99.74817657470703,0.06380590796470642,300.2026684258173
27.340917,88.628389,East Sikkim,1,1997.3956298828125,23.035152435302734,168.3831329345703,0.48727381229400635,601.1129450369226
27.341444,88.626194,East Sikkim,1,1981.05859375,30.81438636779785,181.00648498535156,-1.3950865268707275,586.7986786541115
27.342,88.223722,West Sikkim,1,1236.2164306640625,34.24553298950195,28.93504524230957,-0.2328542172908783,503.34962299498386
27.345028,88.246639,West Sikkim,1,1681.5914306640625,37.863258361816406,212.53201293945312,0.12324704974889755,583.1652153678435
27.347278,88.196833,West Sikkim,1,1839.8372802734375,36.302528381347656,74.92535400390625,0.11862385272979736,405.07950455465993
27.348722,88.600556,East Sikkim,1,1251.644775390625,27.93295669555664,331.6342468261719,-0.7460007071495056,87.47478230517653
27.351194,88.272417,South Sikkim,1,1531.145751953125,25.29947280883789,168.9351043701172,-0.5548988580703735,123.70802350161468
27.3515,88.273028,West Sikkim,1,1540.5379638671875,23.209510803222656,166.82244873046875,-0.07667046040296555,105.13160430378801
27.358583,88.840194,East Sikkim,1,3823.16357421875,34.943939208984375,228.21331787109375,-1.132023572921753,41.23600783387157
27.361583,88.839306,East Sikkim,1,3827.5732421875,34.992740631103516,271.7735290527344,-0.33574196696281433,260.7994127351607
27.364583,88.787333,East Sikkim,1,3872.876953125,32.10441207885742,181.1661376953125,0.003445863490924239,623.3324202736162
27.364722,88.834917,East Sikkim,1,3859.67431640625,30.955936431884766,137.63058471679688,-0.20680923759937286,204.10782537874525
27.365056,88.655167,East Sikkim,1,2345.29345703125,31.45199203491211,214.5657501220703,-1.073271632194519,184.41303327450134
27.366944,88.449806,South Sikkim,1,1687.55810546875,27.406997680664062,98.85620880126953,-0.9547626376152039,743.3927032022933
27.367111,88.776028,East Sikkim,1,3906.778564453125,24.94818115234375,148.064208984375,0.5606420040130615,495.690433062667
27.368194,88.711167,East Sikkim,1,3161.26416015625,28.829410552978516,248.0822296142578,0.0845385193824768,379.05738998909834
27.368278,88.711278,East Sikkim,1,3168.75341796875,33.10063171386719,245.92880249023438,0.461803138256073,365.35196024230754
27.368917,88.794611,East Sikkim,1,3904.16796875,30.998069763183594,117.16751098632812,0.019067110493779182,577.3041096742019
27.369306,88.691583,East Sikkim,1,2816.33544921875,36.43004608154297,110.56007385253906,0.8295341730117798,661.0634946155362
27.369333,88.714917,East Sikkim,1,3205.71484375,21.459348678588867,127.33561706542969,-0.7703227996826172,157.02203972719624
27.369778,88.456833,South Sikkim,1,1518.9310302734375,33.03590774536133,139.9822235107422,-0.7885858416557312,553.239099823504
27.370083,88.67925,East Sikkim,1,2570.664306640625,32.410301208496094,237.9373016357422,-1.1153111457824707,291.58260768392176
27.370472,88.686417,East Sikkim,1,2741.134521484375,43.38111877441406,233.18182373046875,0.0663328692317009,309.95656361374915
27.37075,88.679444,East Sikkim,1,2629.28515625,35.364837646484375,222.71046447753906,-0.010280159302055836,320.740868452314
27.370861,88.683167,East Sikkim,1,2713.987548828125,40.888675689697266,145.45901489257812,-1.4984911680221558,287.1755640555846
27.370972,88.710111,East Sikkim,1,3161.421142578125,41.059993743896484,257.19189453125,-0.17998893558979034,145.79130384196088
27.371472,88.709722,East Sikkim,1,3151.769287109375,39.39777374267578,246.8269805908203,-0.6332348585128784,116.63304307356871
27.371806,88.677167,East Sikkim,1,2562.019287109375,32.192718505859375,193.88925170898438,-1.140236258506775,116.63304307356871
27.372278,88.688944,East Sikkim,1,2999.385498046875,34.177486419677734,227.0041961669922,1.6608487367630005,618.5401175080734
27.372333,88.617556,East Sikkim,1,1881.576171875,32.974853515625,323.931884765625,-1.2826365232467651,824.7201566774313
27.372806,88.739139,East Sikkim,1,3481.74853515625,29.861255645751953,203.42005920410156,-1.3119550943374634,116.63304307356871
27.373083,88.720028,East Sikkim,1,3264.080322265625,25.21800994873047,128.3951873779297,-1.297023057937622,164.94403133548627
27.373472,88.721944,East Sikkim,1,3278.414306640625,33.35771179199219,157.93734741210938,-0.3886359632015228,92.20651663725067
27.373472,88.731722,East Sikkim,1,3403.360595703125,27.286897659301758,206.4833221435547,0.22214333713054657,29.15826076839218
27.374583,88.542444,North Sikkim,1,1828.233154296875,35.887664794921875,109.16287994384766,-0.34286341071128845,515.8622931895253
27.374583,88.542333,North Sikkim,1,1828.233154296875,35.887664794921875,109.16287994384766,-0.34286341071128845,515.8622931895253
27.37475,88.782889,East Sikkim,1,3885.086181640625,29.63971710205078,104.2432861328125,-1.2555577754974365,293.03689405055025
27.375028,88.728278,East Sikkim,1,3370.69970703125,33.164615631103516,273.86724853515625,0.4179832339286804,105.13160430378801
27.375139,88.542833,North Sikkim,1,1831.933837890625,47.705265045166016,127.1582260131836,-1.0502991676330566,525.6580215189401
27.375139,88.708028,East Sikkim,1,3166.7802734375,42.22731018066406,282.5434875488281,-1.1672862768173218,164.94403133548627
27.375194,88.54275,North Sikkim,1,1854.52001953125,48.939884185791016,126.18299865722656,0.44649776816368103,536.0681018403303
27.375806,88.625278,East Sikkim,1,1866.00439453125,37.43486785888672,2.954167127609253,0.3545219302177429,519.1480735001394
27.375833,88.726722,East Sikkim,1,3333.164794921875,32.265533447265625,146.95529174804688,-0.9612810611724854,58.31652153678436
27.376222,88.799667,East Sikkim,1,3937.24951171875,36.07734298706055,116.56806945800781,-0.30828991532325745,275.0784819325981
27.376306,88.629583,East Sikkim,1,1843.415771484375,43.10120391845703,321.0715026855469,1.1109464168548584,368.8260665490027
27.376861,88.766167,East Sikkim,1,3777.991455078125,28.107839584350586,180.0005645751953,-0.5014879703521729,116.63304307356871
27.378306,88.770083,East Sikkim,1,3829.02001953125,19.66923713684082,157.92877197265625,-0.8900665640830994,260.7994127351607
27.378417,88.697222,East Sikkim,1,3089.291259765625,39.15385055541992,201.13771057128906,0.28428372740745544,373.40793249495863
27.378444,88.541667,North Sikkim,1,1765.973876953125,31.45637321472168,331.0696105957031,-0.370085746049881,644.1270336403593
27.378611,88.631083,East Sikkim,1,1832.547119140625,47.05588912963867,261.6111145019531,0.14340534806251526,276.619549911752
27.378667,88.699611,East Sikkim,1,3083.900634765625,29.387895584106445,149.68246459960938,0.7568264603614807,287.1755640555846
27.379639,88.315361,West Sikkim,1,1514.8892822265625,36.698890686035156,32.260250091552734,0.661979079246521,408.2156507574905
27.380806,88.726,East Sikkim,1,3601.530029296875,37.61384963989258,151.6674041748047,-0.04858667403459549,412.36007833871565
27.380861,88.812361,East Sikkim,1,3971.9599609375,45.02852249145508,226.29135131835938,0.32655298709869385,222.06269817368786
27.381278,88.632611,East Sikkim,1,1788.73828125,47.23851776123047,271.3352355957031,-1.677532434463501,444.1253963473757
27.381306,88.690444,East Sikkim,1,3084.82763671875,28.952869415283203,129.67019653320312,-0.018033351749181747,260.7994127351607
27.381556,88.691806,East Sikkim,1,3076.4296875,33.382469177246094,195.77354431152344,-1.1015851497650146,262.4243469155296
27.381917,88.640333,East Sikkim,1,1677.8524169921875,34.36673355102539,269.00421142578125,-1.9292241334915161,29.15826076839218
27.383361,88.702611,East Sikkim,1,3179.718017578125,37.2552375793457,203.40821838378906,-2.143097400665283,233.26608614713743
27.383611,88.305806,West Sikkim,1,1642.5755615234375,44.21782302856445,22.46727180480957,-0.6550873517990112,227.73329671633672
27.38375,88.808694,East Sikkim,1,3938.84375,35.11517333984375,69.97769927978516,-1.145864486694336,87.47478230517653
27.383806,88.633083,East Sikkim,1,1755.8348388671875,29.40036392211914,290.5993957519531,0.68681800365448,430.5165609894557
27.384444,88.639611,East Sikkim,1,1645.6697998046875,27.69568634033203,318.5920104980469,-1.9321818351745605,157.02203972719624
27.389222,88.310972,West Sikkim,1,1444.2802734375,46.8448486328125,221.06199645996094,0.9357241988182068,227.73329671633672
27.393139,88.310139,West Sikkim,1,1524.75927734375,34.9384765625,264.61724853515625,-0.3277016282081604,389.01971986608265
27.394,88.62525,East Sikkim,1,1601.5771484375,50.01057052612305,177.75076293945312,0.3734167516231537,417.4827601981901
27.395028,88.307389,West Sikkim,1,1630.377685546875,41.46944046020508,208.57650756835938,0.7069188952445984,433.46870913515824
27.395444,88.623583,East Sikkim,1,1611.8441162109375,33.33613586425781,201.4118194580078,-0.8069638013839722,329.88806267097254
27.3955,88.623556,North Sikkim,1,1611.8441162109375,33.33613586425781,201.4118194580078,-0.8069638013839722,329.88806267097254
27.3955,88.306889,West Sikkim,1,1629.641845703125,37.076080322265625,245.52841186523438,1.0623596906661987,406.1275774695512
27.395556,88.517528,North Sikkim,1,737.323486328125,34.865474700927734,280.6458740234375,-0.15878251194953918,288.65205483710093
27.395639,88.621667,East Sikkim,1,1608.137451171875,32.67170715332031,178.97764587402344,0.773940920829773,268.82588145153073
27.397083,88.519167,North Sikkim,1,752.8716430664062,30.519514083862305,326.318115234375,-1.0934299230575562,268.82588145153073
27.397389,88.356139,West Sikkim,1,1596.17333984375,35.437625885009766,104.22372436523438,-0.20301878452301025,174.94956461035306
27.398083,88.614583,East Sikkim,1,1638.8177490234375,39.70035171508789,162.53993225097656,-0.13530756533145905,828.8334996839517
27.399806,88.329139,West Sikkim,1,1944.8853759765625,25.707242965698242,272.87408447265625,0.24356511235237122,482.65509721155024
27.400278,88.356861,West Sikkim,1,1569.6917724609375,22.40496826171875,266.9643249511719,0.9268798232078552,87.47478230517653
27.40825,88.571167,North Sikkim,1,1673.163818359375,24.553159713745117,88.17337036132812,1.634459137916565,495.690433062667
27.409667,88.543722,North Sikkim,1,1537.3817138671875,43.376182556152344,195.73394775390625,-1.4009157419204712,212.27534257419205
27.4097,88.54371,North Sikkim,1,1537.3817138671875,43.376182556152344,195.73394775390625,-1.4009157419204712,212.27534257419205
27.409861,88.543722,North Sikkim,1,1537.3817138671875,43.376182556152344,195.73394775390625,-1.4009157419204712,212.27534257419205
27.411306,88.516611,North Sikkim,1,605.3046875,50.790409088134766,238.58792114257812,-2.9682955741882324,82.47201566774314
27.412111,88.627083,North Sikkim,1,1413.9881591796875,26.669815063476562,309.40887451171875,0.6065294146537781,82.47201566774314
27.412111,88.626944,North Sikkim,1,1413.9881591796875,26.669815063476562,309.40887451171875,0.6065294146537781,82.47201566774314
27.417306,88.622361,North Sikkim,1,1391.2720947265625,32.152339935302734,214.61935424804688,-0.5853086113929749,233.26608614713743
27.417389,88.621222,North Sikkim,1,1379.72998046875,45.8118896484375,172.8852996826172,-0.808916449546814,260.7994127351607
27.417444,88.621083,North Sikkim,1,1379.72998046875,45.8118896484375,172.8852996826172,-0.808916449546814,260.7994127351607
27.417778,88.623389,North Sikkim,1,1384.263671875,30.317134857177734,81.71076965332031,0.31799575686454773,227.73329671633672
27.417972,88.623361,North Sikkim,1,1396.20556640625,34.29521179199219,87.1656723022461,-1.9821181297302246,227.73329671633672
27.418,88.623333,North Sikkim,1,1396.20556640625,34.29521179199219,87.1656723022461,-1.9821181297302246,227.73329671633672
27.418472,88.616083,North Sikkim,1,1399.034423828125,14.512153625488281,191.14486694335938,-0.34142765402793884,461.03258318625336
27.418667,88.616778,North Sikkim,1,1417.64306640625,31.819887161254883,204.44882202148438,-0.8700230717658997,474.66209594294867
27.420028,88.515944,North Sikkim,1,649.167724609375,46.889347076416016,265.5996398925781,-2.3928937911987305,29.15826076839218
27.426,88.514,North Sikkim,1,664.4560546875,27.06757354736328,239.82130432128906,-0.07511982321739197,164.94403133548627
27.426361,88.583028,North Sikkim,1,1663.51025390625,28.68531608581543,169.65863037109375,0.4376533627510071,29.15826076839218
27.426361,88.583028,North Sikkim,1,1663.51025390625,28.68531608581543,169.65863037109375,0.4376533627510071,29.15826076839218
27.429556,88.611667,North Sikkim,1,1515.6539306640625,33.56254577636719,259.465576171875,-2.5525808334350586,495.690433062667
27.433083,88.514528,North Sikkim,1,730.3544921875,43.918968200683594,258.1818542480469,-0.9208495616912842,174.94956461035306
27.435944,88.515167,North Sikkim,1,763.0799560546875,48.310482025146484,265.25274658203125,-2.6786563396453857,233.26608614713743
27.436556,88.526639,North Sikkim,1,1282.9775390625,21.87679672241211,276.0086975097656,-0.35707759857177734,396.5952239273039
27.437444,88.613972,North Sikkim,1,1574.0206298828125,31.215545654296875,226.2726287841797,-1.9054476022720337,29.15826076839218
27.437889,88.601694,North Sikkim,1,1785.728271484375,26.723535537719727,73.09720611572266,-0.14983762800693512,578.7749505540111
27.437889,88.601694,North Sikkim,1,1785.728271484375,26.723535537719727,73.09720611572266,-0.14983762800693512,578.7749505540111
27.438139,88.527028,North Sikkim,1,1283.1990966796875,26.057781219482422,300.605712890625,0.5611014366149902,354.72555210128104
27.438389,88.514389,North Sikkim,1,764.1902465820312,26.635929107666016,251.2813262939453,0.2779950499534607,58.31652153678436
27.438778,88.527444,North Sikkim,1,1284.1285400390625,26.200273513793945,276.7415771484375,0.5439582467079163,379.05738998909834
27.441056,88.513694,North Sikkim,1,810.4396362304688,39.120792388916016,284.3372497558594,1.6427867412567139,227.73329671633672
27.448306,88.519667,North Sikkim,1,844.635498046875,38.63431930541992,297.0178527832031,-1.4167237281799316,41.23600783387157
27.461694,88.523472,North Sikkim,1,941.664306640625,35.84309005737305,261.5271301269531,0.29889994859695435,309.95656361374915
27.4795,88.528472,North Sikkim,1,893.4410400390625,29.21290397644043,218.6096649169922,-0.3281610608100891,235.08141380687945
27.480472,88.531194,North Sikkim,1,1004.285400390625,40.51622009277344,182.31214904785156,0.03790449723601341,396.5952239273039
27.481083,88.530667,North Sikkim,1,1029.6619873046875,28.239078521728516,244.20472717285156,0.8408768177032471,441.2445525642225
27.482583,88.52875,North Sikkim,1,926.6114501953125,37.589656829833984,286.60626220703125,-0.46557924151420593,235.08141380687945
27.482583,88.529528,North Sikkim,1,965.2506103515625,32.6731071472168,309.6014099121094,0.32306405901908875,249.128289212088
27.48603,88.53269,North Sikkim,1,1052.663330078125,25.790111541748047,242.05599975585938,0.9377055764198303,65.19985318379017
27.502,88.5375,North Sikkim,1,1229.5751953125,31.43412971496582,331.7352600097656,-1.098541259765625,105.13160430378801
27.5091,88.53848,North Sikkim,1,1236.72216796875,29.18340301513672,295.4635314941406,1.4714411497116089,227.73329671633672
27.514972,88.565472,North Sikkim,1,1386.622802734375,31.103479385375977,327.74725341796875,-0.20669437944889069,29.15826076839218
27.5152,88.56456,North Sikkim,1,1400.8397216796875,31.841203689575195,47.55729293823242,0.5072885155677795,41.23600783387157
27.516444,88.587361,North Sikkim,1,1470.65673828125,22.060855865478516,296.8147888183594,-0.025843976065516472,0.0
27.517278,88.539667,North Sikkim,1,1300.143798828125,38.72850799560547,297.4858093261719,-1.020435094833374,671.2735736269572
27.517306,88.542889,North Sikkim,1,1321.380615234375,37.06950759887695,37.102046966552734,0.14412324130535126,756.4307021190222
27.527194,88.603222,North Sikkim,1,1485.3121337890625,46.6845703125,7.014779567718506,-3.751741409301758,300.2026684258173
27.527333,88.590778,North Sikkim,1,1526.308837890625,40.391387939453125,246.94137573242188,-0.06595957279205322,606.7441026159734
27.527722,88.607972,North Sikkim,1,1524.938720703125,48.20991516113281,265.4118347167969,-2.5875563621520996,120.22258900738453
27.527917,88.60225,North Sikkim,1,1504.4912109375,44.658206939697266,27.745868682861328,0.1927386373281479,379.05738998909834
27.528722,88.600833,North Sikkim,1,1487.985595703125,46.0901985168457,36.791526794433594,0.358283668756485,380.1772074656567
27.529639,88.598139,North Sikkim,1,1468.6416015625,29.06336212158203,355.8585510253906,-0.8443514108657837,380.1772074656567
27.531667,88.606333,North Sikkim,1,1455.2808837890625,37.730045318603516,255.25494384765625,0.9357241988182068,206.18003916935783
27.533722,88.609278,North Sikkim,1,1442.20361328125,57.30630874633789,309.2969055175781,-3.0936388969421387,577.3041096742019
27.535056,88.610194,North Sikkim,1,1433.727294921875,37.37087631225586,284.142822265625,1.3556888103485107,453.59608617258715
27.535333,88.497972,North Sikkim,1,909.6807861328125,41.609962463378906,6.974651336669922,-0.8381345272064209,116.63304307356871
27.5435,88.628306,North Sikkim,1,1312.7850341796875,42.808349609375,45.199684143066406,0.7035017609596252,65.19985318379017
27.54375,88.58475,North Sikkim,1,1554.7918701171875,46.45158004760742,280.3125,-0.8643374443054199,206.18003916935783
27.545694,88.636,North Sikkim,1,1376.8612060546875,37.71548080444336,342.2712097167969,-1.296391248703003,148.67854064045866
27.545861,88.585194,North Sikkim,1,1654.828125,35.40395736694336,230.31581115722656,0.6634722948074341,233.26608614713743
27.546333,88.586472,North Sikkim,1,1753.360595703125,39.388824462890625,226.88525390625,0.21025510132312775,349.89912922070613
27.547111,88.602667,North Sikkim,1,1728.902099609375,28.48137092590332,91.81875610351562,-0.7793681621551514,227.73329671633672
27.548417,88.641944,North Sikkim,1,1351.297607421875,41.91847229003906,317.6519470214844,-0.12135182321071625,92.20651663725067
27.549194,88.583556,North Sikkim,1,1799.215087890625,47.38959884643555,232.7975311279297,0.6089414954185486,184.41303327450134
27.549306,88.644889,North Sikkim,1,1312.2423095703125,18.875003814697266,353.0682067871094,-1.0676721334457397,58.31652153678436
27.550917,88.646056,North Sikkim,1,1374.0484619140625,39.915897369384766,182.80072021484375,-1.285823941230774,116.63304307356871
27.552528,88.653528,North Sikkim,1,1399.1993408203125,40.3548469543457,137.32691955566406,-0.21062840521335602,105.13160430378801
27.552861,88.622306,North Sikkim,1,1748.74462890625,35.12702560424805,205.3511505126953,-0.5959621071815491,304.421179688756
27.553556,88.581222,North Sikkim,1,1857.070556640625,25.640392303466797,246.06642150878906,2.266430616378784,184.41303327450134
27.553583,88.577194,North Sikkim,1,1898.6927490234375,41.83692169189453,107.07809448242188,-0.36106905341148376,0.0
27.554889,88.654444,North Sikkim,1,1450.708251953125,36.581642150878906,116.33821868896484,-0.28083786368370056,130.39970636758034
27.55525,88.647556,North Sikkim,1,1743.724365234375,45.598297119140625,207.92251586914062,0.14690864086151123,601.1129450369226
27.575444,88.651417,North Sikkim,1,1609.550048828125,43.95571517944336,126.14122772216797,1.8452024459838867,174.94956461035306
27.609056,88.652028,North Sikkim,1,1665.216552734375,39.545318603515625,142.30369567871094,-0.03422890976071358,105.13160430378801
27.611333,88.655222,North Sikkim,1,1672.445556640625,34.92966079711914,150.35226440429688,-0.8932826519012451,145.79130384196088
27.613444,88.656528,North Sikkim,1,1772.6732177734375,36.9402961730957,153.42713928222656,0.5174538493156433,227.73329671633672
27.61775,88.623639,North Sikkim,1,1744.2371826171875,21.345945358276367,39.51613998413086,-1.4383034706115723,41.23600783387157
27.619722,88.618861,North Sikkim,1,1806.0130615234375,46.88423538208008,66.87460327148438,-1.8541042804718018,123.70802350161468
27.621806,88.618694,North Sikkim,1,1825.08154296875,45.047786712646484,80.8755111694336,-1.0085755586624146,65.19985318379017
27.628083,88.685306,North Sikkim,1,2055.242919921875,33.89878463745117,167.6957550048828,1.1094532012939453,186.70396624747931
27.629361,88.695194,North Sikkim,1,2076.626708984375,41.87615966796875,176.7696990966797,-1.581076979637146,87.47478230517653
27.6295,88.692778,North Sikkim,1,2065.166748046875,49.33442687988281,192.05157470703125,0.17074254155158997,116.63304307356871
27.629944,88.619833,North Sikkim,1,1880.201171875,43.89175796508789,250.93234252929688,-0.22811615467071533,145.79130384196088
27.637167,88.712028,North Sikkim,1,2245.93359375,29.552122116088867,138.92601013183594,-0.08976474404335022,65.19985318379017
27.638694,88.711694,North Sikkim,1,2297.67138671875,25.822357177734375,107.8516616821289,-1.7513600587844849,0.0
27.641139,88.612,North Sikkim,1,1896.8441162109375,34.82085037231445,252.9976348876953,0.11348377168178558,65.19985318379017
27.652861,88.607,North Sikkim,1,1941.441650390625,30.917673110961914,259.6140441894531,-1.875210165977478,29.15826076839218
27.662444,88.602556,North Sikkim,1,2079.386962890625,29.70993995666504,177.25787353515625,-0.6634435653686523,41.23600783387157
27.675778,88.733417,North Sikkim,1,2603.45458984375,37.27693557739258,131.63282775878906,-0.2316194623708725,186.70396624747931
27.676722,88.597194,North Sikkim,1,2199.34130859375,36.2423210144043,239.4720458984375,-1.0324956178665161,184.41303327450134
27.686389,88.73875,North Sikkim,1,2651.275390625,30.586591720581055,100.29914093017578,-0.8959245085716248,0.0
27.697139,88.57025,North Sikkim,1,2343.763916015625,22.897977828979492,21.80691909790039,1.6402310132980347,29.15826076839218
27.700444,88.566083,North Sikkim,1,2397.578125,34.34925079345703,46.984371185302734,-1.4831570386886597,222.06269817368786
27.701333,88.565083,North Sikkim,1,2399.747314453125,35.719268798828125,44.873924255371094,-0.5578852891921997,227.73329671633672
27.703917,88.562306,North Sikkim,1,2418.8974609375,30.535585403442383,9.209659576416016,-2.9607434272766113,0.0
27.704028,88.56175,North Sikkim,1,2439.419921875,31.624637603759766,91.53860473632812,-1.0362285375595093,65.19985318379017
27.704306,88.560694,North Sikkim,1,2531.90771484375,38.714385986328125,84.85385131835938,0.12956446409225464,170.02041587784976
27.713944,88.557361,North Sikkim,1,2609.344482421875,40.51383972167969,118.66268920898438,-0.2969185709953308,116.63304307356871
27.723611,88.550472,North Sikkim,1,2717.74072265625,24.0219783782959,135.13681030273438,-0.16988107562065125,65.19985318379017
27.724222,88.552861,North Sikkim,1,2669.4384765625,33.23104476928711,131.7445526123047,-1.2691115140914917,82.47201566774314
27.726083,88.54975,North Sikkim,1,2694.344482421875,20.304555892944336,336.6197814941406,-1.7789844274520874,29.15826076839218
27.728472,88.551667,North Sikkim,1,2664.648193359375,40.090980529785156,138.6431884765625,-0.5748848915100098,58.31652153678436
27.735278,88.54925,North Sikkim,1,2732.848876953125,40.54103088378906,68.5676498413086,0.4873025119304657,249.128289212088
27.74075,88.54525,North Sikkim,1,2766.401123046875,27.227128982543945,108.31472778320312,-0.4801236391067505,82.47201566774314
27.740944,88.545361,North Sikkim,1,2755.079345703125,26.673330307006836,112.26937103271484,0.8683575987815857,65.19985318379017
27.745194,88.544278,North Sikkim,1,2799.266845703125,37.322731018066406,54.261756896972656,-1.3902910947799683,29.15826076839218
27.749111,88.542972,North Sikkim,1,2837.49072265625,35.304386138916016,72.10276794433594,0.30013471841812134,249.128289212088
27.18822222,88.56238889,East Sikkim,1,463.5299377441406,26.152870178222656,189.412109375,0.0016080696368589997,249.128289212088
27.179,88.53313889,East Sikkim,1,374.68017578125,50.25901794433594,129.93406677246094,0.43717238306999207,82.47201566774314
27.46166,88.52341,North Sikkim,1,919.9896240234375,35.43232727050781,258.42169189453125,-0.2984117865562439,288.65205483710093
27.33208,88.50902,East Sikkim,1,1544.098388671875,19.444684982299805,283.0966491699219,0.5467149615287781,408.2156507574905
27.53533333,88.49797222,North Sikkim,1,909.6807861328125,41.609962463378906,6.974651336669922,-0.8381345272064209,116.63304307356871
27.31583333,88.60666667,East Sikkim,1,1458.2808837890625,33.30426025390625,63.22213363647461,0.41766735911369324,1010.4925578232171
27.37027778,88.67361111,East Sikkim,1,2514.09814453125,18.825349807739258,167.0418243408203,-0.43417879939079285,235.08141380687945
27.39305556,88.63527778,North Sikkim,1,1564.765625,35.955440521240234,180.70608520507812,-0.15592531859874725,227.73329671633672
27.28081944,88.57090278,East Sikkim,1,1255.9942626953125,33.32384490966797,97.01789093017578,-1.2030084133148193,29.15826076839218
27.25941667,88.55038889,East Sikkim,1,655.9673461914062,37.806488037109375,140.72296142578125,1.2275457382202148,164.94403133548627
27.36473056,88.23727778,West District,1,2006.984619140625,35.37485885620117,229.83937072753906,-0.16112282872200012,408.2156507574905
27.33825,88.60911111,East Sikkim,1,1583.848876953125,26.482688903808594,245.78756713867188,-1.2297712564468384,553.239099823504
27.27352778,88.57783333,East Sikkim,1,933.8665771484375,33.72172546386719,131.2904052734375,-2.413956642150879,525.6580215189401
27.38107778,88.64063333,East Sikkim (Near Kaabi),1,1719.3310546875,38.327064514160156,301.00177001953125,-0.2767028510570526,58.31652153678436
27.39866667,88.62358333,North Sikkim,1,1734.2259521484375,35.45049285888672,182.9884033203125,-2.483778476715088,628.088158908785
27.39838889,88.62566667,North Sikkim,1,1755.5345458984375,29.097957611083984,191.5900421142578,-1.7076263427734375,705.8467569012479
27.39305556,88.63527778,North Sikkim,1,1564.765625,35.955440521240234,180.70608520507812,-0.15592531859874725,227.73329671633672
27.25352778,88.60377778,East Sikkim,1,1057.5361328125,22.03079605102539,297.3146667480469,0.962314784526825,87.47478230517653
27.5401,88.56929167,North Sikkim,1,1950.575927734375,50.27364730834961,209.41807556152344,-1.4867465496063232,850.1020793892488
27.55314167,88.62179722,North Sikkim,1,1753.1180419921875,33.645076751708984,187.08595275878906,-1.3698168992996216,260.7994127351607
27.54975833,88.57530833,North Sikkim,1,1888.9337158203125,33.83940505981445,115.39913177490234,-0.1864786446094513,412.36007833871565
27.54810833,88.60807778,North Sikkim,1,1766.3978271484375,46.16365051269531,190.52577209472656,1.5840059518814087,195.5995595513705
27.55236944,88.58208333,North Sikkim,1,1855.9710693359375,38.04613494873047,254.25210571289062,-1.870012640953064,235.08141380687945
27.36388889,88.62083333,East Sikkim,1,1714.2113037109375,28.053340911865234,221.210205078125,0.5823509097099304,123.70802350161468
27.23166667,88.5025,East Sikkim,1,387.99212646484375,27.26789665222168,348.8240966796875,-0.06391359120607376,0.0
27.27458333,88.55002778,East Sikkim,1,1156.135498046875,25.431129455566406,47.08903884887695,-0.9145034551620483,430.5165609894557
27.35694444,88.61833333,East Sikkim,1,1717.722900390625,27.21727752685547,299.9656677246094,-0.5525442361831665,380.1772074656567
27.25858333,88.46166667,East Sikkim,1,575.7620239257812,31.627971649169922,260.37640380859375,-0.13680078089237213,29.15826076839218
27.33941667,88.60990556,East Sikkim,1,1643.43603515625,19.14122772216797,254.46932983398438,-1.1357566118240356,693.0839463125809
27.3699335,88.4859279,East Sikkim,1,830.1738891601562,37.46702194213867,280.4720458984375,0.36236125230789185,574.3511281111691
27.28955556,88.37748333,South Sikkim,1,1524.660888671875,22.614477157592773,114.5133285522461,0.7270771861076355,65.19985318379017
27.25333333,88.53194444,East Sikkim,1,550.6656494140625,35.26576232910156,228.6924285888672,-1.1476304531097412,29.15826076839218
27.34222222,88.60722222,East Sikkim,1,1570.568115234375,22.2827091217041,238.0320281982422,0.12089237570762634,626.0544088562227
27.35861111,88.62027778,East Sikkim,1,1686.85205078125,27.663326263427734,347.0274658203125,0.37442177534103394,105.13160430378801
27.2533846,88.5489504,East Sikkim,1,672.544921875,36.435646057128906,296.4599304199219,-0.4557441473007202,41.23600783387157
27.28666667,88.55347222,East Sikkim,1,1731.8704833984375,53.85381317138672,224.6422576904297,-0.8589388728141785,474.66209594294867
27.24722222,88.60666667,East Sikkim,1,1285.3211669921875,26.689029693603516,270.4755554199219,-0.02983543463051319,430.5165609894557
27.17054167,88.38358056,South Sikkim,1,1549.9229736328125,36.96510696411133,258.8431396484375,1.4306076765060425,65.19985318379017
27.26066667,88.53383333,East Sikkim,1,948.4766235351562,33.89479446411133,302.07781982421875,-0.5993217825889587,349.89912922070613
27.31663889,88.45861111,East Sikkim,1,529.4849243164062,10.65865707397461,99.77086639404297,0.10459631681442261,123.70802350161468
27.23444444,88.49083333,East Sikkim,1,378.5586853027344,41.46726608276367,235.31838989257812,0.16367851197719574,65.19985318379017
27.32663889,88.61016667,East Sikkim,1,1587.1993408203125,31.076528549194336,279.7023010253906,0.36026501655578613,806.4776443545923
27.35333333,88.61666667,East Sikkim,1,1723.8536376953125,24.87813949584961,267.0484619140625,-0.885730504989624,396.5952239273039
27.33972222,88.62055556,East Sikkim,1,1864.091796875,25.46756935119629,195.03346252441406,-0.21588334441184998,433.46870913515824
27.37055556,88.61611111,East Sikkim,1,1901.079345703125,12.831135749816895,279.7398681640625,2.0494561195373535,816.9518188146002
27.39472222,88.62361111,North Sikkim,1,1583.4852294921875,18.653837203979492,249.0064697265625,-0.003043845994397998,275.0784819325981
27.3250091,88.4704442,South Sikkim,1,511.04888916015625,32.814151763916016,128.8953399658203,1.0815919637680054,92.20651663725067
27.25252778,88.52777778,East Sikkim,1,692.6614990234375,39.06586456298828,127.1561279296875,-0.6233997941017151,383.5170421109049
27.35805556,88.62111111,East Sikkim,1,1742.5784912109375,27.16952896118164,314.4051513671875,1.369874358177185,105.13160430378801
27.61936111,88.66131389,North Sikkim,1,1852.2064208984375,37.17243957519531,131.53607177734375,-0.8079975247383118,186.70396624747931
27.25061389,88.46280278,East Sikkim,1,551.2184448242188,39.25201416015625,172.56472778320312,1.6471514701843262,371.12407050484404
27.69920278,88.56659722,North Sikkim,1,2441.2802734375,36.45441436767578,32.860599517822266,-0.6771121621131897,268.82588145153073
27.32888889,88.60777778,East Sikkim,1,1435.9117431640625,31.452899932861328,212.4734344482422,-2.7557432651519775,528.0785624320677
27.68445278,88.7379,North Sikkim,1,2641.139404296875,53.88144302368164,104.54209899902344,-0.03847881034016609,105.13160430378801
27.22122778,88.735475,East Sikkim,1,1282.3101806640625,32.4703369140625,142.78744506835938,0.010337590239942074,145.79130384196088
27.38155556,88.63883333,East Sikkim,1,1711.9161376953125,23.717599868774414,7.273992538452148,-0.11779110133647919,116.63304307356871
27.32320833,88.60986944,East Sikkim,1,1551.623046875,39.119468688964844,276.4097900390625,-0.9866655468940735,785.1101986359812
27.12344167,88.24483889,South Sikkim,1,465.3302001953125,39.68999481201172,155.3751983642578,-1.5624622106552124,235.08141380687945
27.34027222,88.61273333,East Sikkim,1,1739.1439208984375,24.973705291748047,248.224609375,-0.4525567293167114,613.0173273232991
27.19558889,88.62802778,East Sikkim,1,583.621826171875,39.6225700378418,12.4533052444458,-0.4379118084907532,164.94403133548627
27.236,88.75722222,East Sikkim,1,1658.6297607421875,11.48721981048584,165.8392333984375,-1.129554033279419,0.0
27.20258333,88.65547222,East Sikkim,1,718.5645751953125,39.474910736083984,346.9888000488281,-0.4601663649082184,116.63304307356871
27.28577778,88.5535,East Sikkim,1,1645.5863037109375,52.32612991333008,219.99244689941406,1.6340858936309814,396.5952239273039
27.51473889,88.57758889,North Sikkim,1,1435.6478271484375,17.587125778198242,324.87109375,1.0361711978912354,58.31652153678436
27.55704444,88.57932222,North Sikkim,1,1918.717041015625,22.256006240844727,201.15347290039062,-1.9053902626037598,82.47201566774314
27.20683333,88.48930556,East Sikkim,1,343.2431945800781,26.31971549987793,304.85809326171875,-0.25144752860069275,82.47201566774314
27.16993889,88.51481944,South Sikkim,1,481.81561279296875,29.112041473388672,29.189563751220703,-0.849089503288269,478.2310341342386
27.25225,88.60811111,East Sikkim,1,1138.9931640625,39.05466079711914,16.016496658325195,-1.6745461225509644,184.41303327450134
27.24777778,88.5975,East Sikkim,1,1262.31640625,18.19167137145996,75.2001953125,1.2032954692840576,535.2745142818376
27.47888889,88.52861111,North Sikkim,1,879.298828125,30.079044342041016,261.21478271484375,0.16611933708190918,177.36277605064052
27.28847,88.30139,Namchi,1,1118.3214111328125,35.15262985229492,17.463699340820312,-0.8177608251571655,300.2026684258173
27.2535,88.54141667,Gangtok District,1,600.8095092773438,21.05652618408203,133.59262084960938,-1.042675256729126,145.79130384196088
27.30140833,88.3916,Namchi,1,1811.359130859375,36.269256591796875,210.95571899414062,0.07911128550767899,671.2735736269572
27.14871944,88.28128889,Soreng,1,396.110595703125,29.376995086669922,153.1967010498047,-0.7018218636512756,120.22258900738453
27.11955556,88.32275,Namchi,1,372.95135498046875,27.935928344726562,217.15325927734375,1.3567297458648682,164.94403133548627
27.190191,88.325507,Soreng,1,500.0603332519531,50.24835205078125,81.10781860351562,-1.04855477809906,148.67854064045866
27.32633333,88.59544444,Gangtok District,1,1023.0758666992188,19.104171752929688,320.99444580078125,-1.5817087888717651,0.0
27.11236111,88.32455556,Namchi,1,393.19024658203125,36.03751754760742,283.56646728515625,0.6247063279151917,174.94956461035306
27.37211111,88.61671944,East Sikkim,1,1883.92822265625,24.947467803955078,334.09539794921875,0.6402127146720886,776.3985814423086
27.28119444,88.58952778,East Sikkim,1,990.0178833007812,33.94741439819336,65.83538818359375,1.5581046342849731,417.4827601981901
27.24883333,88.60191667,Pakyong,1,1161.563720703125,15.478071212768555,20.842618942260742,1.8785985708236694,92.20651663725067
27.21391667,88.60833333,Pakyong,1,817.1165161132812,24.99694061279297,65.50474548339844,-0.2842550277709961,82.47201566774314
27.2536,88.6043,Pakyong,1,1074.1634521484375,15.639707565307617,295.18035888671875,0.6275779008865356,145.79130384196088
27.39336667,88.52236944,Gangtok District,1,1032.2481689453125,34.953392028808594,321.89324951171875,-0.9429031014442444,783.4841488435598
27.25066667,88.53144444,East Sikkim,1,502.7386779785156,25.647764205932617,138.5889892578125,-0.6432565450668335,58.31652153678436
27.26352778,88.19047222,Gyalshing,1,1057.434326171875,35.3582649230957,358.2892761230469,-0.40704262256622314,184.41303327450134
27.24297222,88.47055556,East Sikkim,1,515.0192260742188,32.68705749511719,46.902740478515625,0.035722117871046066,329.88806267097254
27.19950556,88.32696111,Geyzing,1,496.26690673828125,44.015174865722656,11.383085250854492,-0.11878178268671036,145.79130384196088
27.238515,88.48812389,East Sikkim,1,397.99700927734375,35.128196716308594,221.33290100097656,0.43442288041114807,105.13160430378801
27.13689,88.276598,Soreng,1,355.6557922363281,33.313804626464844,88.6479263305664,-1.2922778129577637,87.47478230517653
27.09725,88.3825,Namchi,1,292.30169677734375,50.97285842895508,196.89712524414062,-1.0259628295898438,82.47201566774314
27.17748333,88.52165833,Pakyong,1,312.4076843261719,32.99715805053711,194.55609130859375,-0.9141301512718201,164.94403133548627
27.10570556,88.35308056,Namchi,1,490.1937561035156,31.23682975769043,200.30441284179688,0.6566380262374878,509.2271321978585
27.36552778,88.61596667,Gangtok District,1,1687.868896484375,41.3974609375,187.5145263671875,1.3980729579925537,264.0392812160338
27.54308333,88.62675,Mangan,1,1368.166259765625,17.76784324645996,6.027332782745361,-0.3077443242073059,204.10782537874525
27.40251944,88.51868056,Mangan,1,600.852294921875,39.31101608276367,106.52180480957031,-0.25406065583229065,87.47478230517653
27.27872778,88.12502778,Namchi,1,1861.154541015625,37.03533172607422,208.3206787109375,-0.5624223351478577,405.07950455465993
27.2525,88.4606,Gangtok District,1,563.8579711914062,26.600332260131836,255.0007781982422,0.932536780834198,240.44517801476906
27.248882,88.476747,Gangtok District,1,468.0450439453125,27.87664222717285,241.35772705078125,0.11123678088188171,92.20651663725067
27.4432,88.6087,Mangan,1,1584.366455078125,24.737003326416016,203.06979370117188,-1.6315876245498657,0.0
27.327977,88.152281,Gyalshing,1,1575.4144287109375,21.699228286743164,78.0272216796875,0.914704442024231,82.47201566774314
27.372611,88.541022,Gangtok District,1,1874.287353515625,32.59012222290039,102.33429718017578,-0.4659668803215027,521.5988254703213
27.33787,88.609377,Gangtok District,1,1591.356689453125,27.389860153198242,233.2717742919922,-0.47202587127685547,536.0681018403303
27.29166667,88.22,West district,1,1685.776123046875,44.630130767822266,133.95989990234375,1.126108169555664,536.0681018403303
27.28777778,88.23277778,West district,1,1424.1551513671875,23.963077545166016,162.11502075195312,-0.9462915658950806,235.08141380687945
27.26063889,88.71438889,East Sikkim,1,1302.305908203125,23.60429573059082,266.2549133300781,2.4237630367279053,145.79130384196088
27.26616667,88.72697222,East Sikkim,1,1935.6602783203125,38.52773666381836,273.6123046875,0.9839088916778564,485.2901764690933
27.26544444,88.72252778,East Sikkim,1,1676.997314453125,30.400484085083008,279.385498046875,0.3172491788864136,560.8703444503877
27.37441667,88.54505556,East Sikkim,1,1631.2855224609375,30.25510025024414,123.59463500976562,-0.5177696943283081,287.1755640555846
27.36977778,88.54466667,East Sikkim,1,1747.9144287109375,40.9410514831543,48.99447250366211,0.088644839823246,58.31652153678436
27.59027778,88.65394444,North Sikkim,1,1691.6405029296875,33.24447250366211,75.12515258789062,1.3090261220932007,184.41303327450134
27.57502778,88.65402778,North Sikkim,1,1467.5126953125,32.89335632324219,285.3821105957031,-0.046978604048490524,58.31652153678436
27.56111111,88.65452778,North Sikkim,1,1413.2908935546875,36.41560363769531,265.7848205566406,-0.20887675881385803,87.47478230517653
27.52838889,88.59972222,North Sikkim,1,1562.112548828125,37.931392669677734,18.77070426940918,-0.6137657165527344,474.66209594294867
27.56941667,88.65272222,North Sikkim,1,1486.3074951171875,17.40555191040039,59.23265075683594,0.17576774954795837,29.15826076839218
27.51491667,88.56313889,North Sikkim,1,1423.8929443359375,27.837976455688477,342.00909423828125,-0.08554355800151825,145.79130384196088
27.51444444,88.56777778,North Sikkim,1,1459.2041015625,17.71323585510254,25.657981872558594,-0.6074482798576355,268.82588145153073
27.25102,88.460004,South Sikkim,1,432.84564208984375,52.60959243774414,235.89373779296875,-0.6877154111862183,170.02041587784976
27.243915497800945,88.76886419789132,East Sikkim,0,2439.4541015625,32.8644905090332,192.21763610839844,1.1732016801834106,618.5401175080734
27.223337680639926,88.62072069598003,East Sikkim,0,1032.0909423828125,22.717334747314453,245.92312622070312,0.16741153597831726,120.22258900738453
27.30686689693817,88.80722784499295,East Sikkim,0,3873.978271484375,24.86533546447754,326.31829833984375,-0.20008981227874756,655.250415012434
27.251682942677537,88.46902270749658,East Sikkim,0,579.3543701171875,55.47090530395508,186.803466796875,-1.2365193367004395,349.89912922070613
27.188593677490687,88.48316227800194,East Sikkim,0,742.862548828125,24.74764060974121,118.69812774658203,1.7453298568725586,392.284278244487
27.24048425055892,88.62604644382387,East Sikkim,0,1426.33154296875,18.858936309814453,303.12060546875,0.8761681914329529,235.08141380687945
27.245894952767152,88.59100722784463,East Sikkim,0,1493.4549560546875,29.084428787231445,70.39043426513672,0.9916046261787415,1049.6973876621184
27.22934220866328,88.62280873163363,East Sikkim,0,1228.3841552734375,38.61393737792969,179.06741333007812,-2.3791964054107666,717.1983850216918
27.20035937122783,88.67142186922328,East Sikkim,0,1260.720458984375,23.880434036254883,352.2173767089844,0.34926697611808777,494.8320940064587
27.388794088190686,88.70830054458088,East Sikkim,0,3735.48388671875,37.6124267578125,181.36798095703125,-2.2778306007385254,495.690433062667
27.189085753125006,88.58302380607269,East Sikkim,0,432.222900390625,22.185068130493164,185.47915649414062,1.2539210319519043,120.22258900738453
27.206856746583192,88.51274860994786,East Sikkim,0,925.6052856445312,27.59743881225586,252.93646240234375,-1.9866695404052734,105.13160430378801
27.27335164107459,88.44707403017713,East Sikkim,0,775.4992065429688,27.139196395874023,280.1184387207031,-0.11764752119779587,383.5170421109049
27.204145196918184,88.57057711635322,East Sikkim,0,834.7709350585938,25.4061222076416,291.97662353515625,-0.19181972742080688,247.41604700322935
27.216466805677232,88.5904396289686,East Sikkim,0,1467.2740478515625,9.03249454498291,355.18426513671875,0.6240458488464355,841.0528344303041
27.35521742166362,88.63618619578972,East Sikkim,0,2426.855712890625,3.7405242919921875,109.3770980834961,1.062015175819397,850.1020793892488
27.21761136202095,88.73594218519004,East Sikkim,0,1366.2008056640625,38.669212341308594,323.6859436035156,0.9197009801864624,222.06269817368786
27.293231676749773,88.56588772239652,East Sikkim,0,1519.0843505859375,17.360261917114258,118.35597229003906,-0.7079813480377197,145.79130384196088
27.37739757725569,88.78459224837623,East Sikkim,0,3959.65771484375,30.714885711669922,214.9763641357422,-0.2922666668891907,329.88806267097254
27.31177568637436,88.59931064221152,East Sikkim,0,1341.2076416015625,23.77252197265625,302.57293701171875,0.8301372528076172,542.3750023544552
27.290229155938903,88.55523432118062,East Sikkim,0,1895.2823486328125,20.316181182861328,140.49972534179688,2.0555436611175537,586.7986786541115
27.177461374483684,88.51467573711851,East Sikkim,0,291.378662109375,14.441363334655762,346.9043273925781,-1.077844500541687,29.15826076839218
27.215086065711457,88.73806458404435,East Sikkim,0,1561.3746337890625,42.17618179321289,339.6224060058594,0.6343834400177002,379.05738998909834
27.23695228411838,88.77174224974273,East Sikkim,0,2108.968505859375,26.43649673461914,166.2890167236328,1.2951852083206177,233.26608614713743
27.248632010610983,88.62992874570124,East Sikkim,0,1711.4364013671875,34.30342483520508,277.41033935546875,1.5666618347167969,735.9212301265161
27.353278579130674,88.67996445024141,East Sikkim,0,2268.321044921875,19.591632843017578,243.3111572265625,1.3339512348175049,521.5988254703213
27.359084966543517,88.49058847150137,East Sikkim,0,1187.641845703125,20.733657836914062,275.06536865234375,0.36029374599456787,291.58260768392176
27.19164098015746,88.47721159308526,East Sikkim,0,680.471923828125,17.685447692871094,74.51557922363281,-0.8359951972961426,0.0
27.20613802482664,88.70685331105271,East Sikkim,0,1199.4500732421875,32.50246047973633,161.53981018066406,1.8075276613235474,351.11195479568335
27.378974376410152,88.67365456710571,East Sikkim,0,2940.047119140625,15.0398530960083,175.83316040039062,1.1297837495803833,816.9518188146002
27.18134314120275,88.67317673017266,East Sikkim,0,1443.94482421875,20.806589126586914,175.72817993164062,1.5013914108276367,509.2271321978585
27.264038436810058,88.44122222690257,East Sikkim,0,420.4685363769531,32.82426834106445,234.1061553955078,-0.22443339228630066,145.79130384196088
27.201462121817922,88.61945096926374,East Sikkim,0,732.53076171875,23.54497718811035,234.3915557861328,0.30767253041267395,532.0883281519216
27.340327159299274,88.52336604510728,East Sikkim,0,2182.89990234375,19.073801040649414,275.8282775878906,-0.1734417974948883,525.6580215189401
27.381166885646945,88.60960728309664,East Sikkim,0,1479.9495849609375,20.44773292541504,47.44475555419922,-0.037129178643226624,105.13160430378801
27.38564626986494,88.80621205898225,East Sikkim,0,4027.671142578125,31.84254264831543,33.217262268066406,-0.4325707256793976,320.740868452314
27.203169511506154,88.55096102589997,East Sikkim,0,841.3304443359375,27.212907791137695,125.57984924316406,-0.2703997790813446,249.128289212088
27.202040269090034,88.55633092474838,East Sikkim,0,626.2700805664062,22.490951538085938,187.8357391357422,-2.055199146270752,0.0
27.390014057844322,88.77557624125757,East Sikkim,0,3864.21923828125,26.215166091918945,208.33424377441406,-1.022961974143982,195.5995595513705
27.282321219905516,88.60723457003314,East Sikkim,0,1149.3787841796875,11.211984634399414,283.51165771484375,-0.29355886578559875,743.3927032022933
27.259234679838283,88.46729954001691,East Sikkim,0,890.1390380859375,35.13216781616211,213.49130249023438,0.42941200733184814,332.4553236675307
27.293007736987356,88.62494392564935,East Sikkim,0,1190.150390625,38.5963134765625,173.2684326171875,1.5029995441436768,240.44517801476906
27.204486672974756,88.55985760060163,East Sikkim,0,804.7119750976562,20.77374839782715,223.5066680908203,0.36707061529159546,291.58260768392176
27.225615161835655,88.47919318080262,East Sikkim,0,805.7702026367188,18.541982650756836,99.34339141845703,-0.1036774143576622,589.6893300326549
27.306088663318416,88.8528173912655,East Sikkim,0,4052.1796875,29.63821029663086,28.066801071166992,1.1838264465332031,233.26608614713743
27.28723454791866,88.54527919042465,East Sikkim,0,1625.282470703125,31.435880661010742,215.91297912597656,-2.031221628189087,461.03258318625336
27.369745078976912,88.74565398200849,East Sikkim,0,3563.729736328125,24.579214096069336,321.75994873046875,-0.9330824017524719,145.79130384196088
27.348451609281796,88.62716794565945,East Sikkim,0,2173.792724609375,30.024202346801758,320.5413513183594,-0.3469984531402588,851.6009381717691
27.268500329154616,88.5478320525158,East Sikkim,0,1000.1736450195312,37.36713790893555,155.56031799316406,-1.1069692373275757,29.15826076839218
27.39901670381567,88.82816692574649,East Sikkim,0,4376.88330078125,20.114641189575195,150.857421875,1.3233264684677124,320.740868452314
27.229844584693975,88.62826993540878,East Sikkim,0,1330.54638671875,32.394996643066406,169.16680908203125,-0.5231682062149048,829.858649735256
27.144797156497223,88.51531738511805,East Sikkim,0,291.5433044433594,12.265110969543457,143.07235717773438,-0.2792297899723053,92.20651663725067
27.23089859114001,88.56218649878507,East Sikkim,0,1988.891357421875,21.297195434570312,105.30205535888672,-0.37594369053840637,563.1395526838879
27.402510303856193,88.62032876978176,East Sikkim,0,1702.4234619140625,33.70908737182617,311.5198669433594,-0.5055369138717651,717.1983850216918
27.21212676899668,88.61038150361135,East Sikkim,0,743.0748901367188,22.242908477783203,99.9389877319336,-0.7458428144454956,58.31652153678436
27.264273635273177,88.6456360002734,East Sikkim,0,1863.7098388671875,13.247235298156738,338.6747741699219,0.32178622484207153,360.66776702215355
27.16756255420541,88.57184432811664,East Sikkim,0,881.5018920898438,26.505210876464844,279.1158752441406,-0.08726648986339569,249.128289212088
27.17535704547332,88.49022400323803,East Sikkim,0,815.067626953125,23.6851806640625,48.44163513183594,0.7527488470077515,210.26320860757602
27.317754816088385,88.4739658634339,East Sikkim,0,844.0742797851562,33.54338073730469,359.07049560546875,1.3374401330947876,123.70802350161468
27.244425533826206,88.68666698779272,East Sikkim,0,1901.9232177734375,34.84714889526367,36.90739059448242,-0.8125059008598328,933.5198312373966
27.265862713739164,88.58073125974144,East Sikkim,0,702.3236083984375,27.971731185913086,10.724020957946777,-0.7520022988319397,41.23600783387157
27.308470207118134,88.43825765033256,East Sikkim,0,675.4625244140625,32.62982177734375,57.3658447265625,-0.4645741879940033,235.08141380687945
27.228486500383518,88.77249324270213,East Sikkim,0,1821.250732421875,36.12301254272461,13.723220825195312,0.5406559705734253,157.02203972719624
27.329439974051805,88.64335953268483,East Sikkim,0,1365.2392578125,17.70143699645996,308.2051696777344,-1.429057002067566,0.0
27.39302494299614,88.63848047650872,East Sikkim,0,1519.3028564453125,23.678565979003906,165.40411376953125,0.7406309247016907,82.47201566774314
27.351738309093793,88.54666193753499,East Sikkim,0,2384.9912109375,50.684818267822266,201.89529418945312,-0.9944761991500854,714.8235494117221
27.285806824399994,88.65773052238418,East Sikkim,0,1696.6646728515625,20.70588493347168,223.43431091308594,-1.0121936798095703,392.284278244487
27.324324445903095,88.62220128709673,East Sikkim,0,1416.2105712890625,32.851402282714844,114.29085540771484,0.5917696356773376,392.284278244487
27.407414334622224,88.79458661205953,East Sikkim,0,4490.6474609375,12.071006774902344,259.7376403808594,2.5995593070983887,249.128289212088
27.349055935687186,88.49065385665325,East Sikkim,0,1114.3348388671875,22.52362823486328,264.6387939453125,0.2037079632282257,577.3041096742019
27.247629053270675,88.67188578478951,East Sikkim,0,1645.936279296875,32.49545669555664,221.16677856445312,-2.3740851879119873,206.18003916935783
27.280359307466302,88.55196547634974,East Sikkim,0,1133.0816650390625,44.336448669433594,209.40174865722656,-1.746363639831543,41.23600783387157
27.231834479140034,88.47474641411837,East Sikkim,0,889.3346557617188,16.93680763244629,91.5312271118164,0.039225414395332336,105.13160430378801
27.260198262331315,88.52916980312466,East Sikkim,0,707.80908203125,16.3985538482666,200.17344665527344,-0.3251746594905853,29.15826076839218
27.32689004217236,88.59221684307518,East Sikkim,0,1133.8203125,22.456754684448242,98.36708068847656,0.28534621000289917,287.1755640555846
27.1881321126673,88.55495765398781,East Sikkim,0,425.1043395996094,36.00007247924805,183.04763793945312,-0.22744134068489075,240.44517801476906
27.358934918998237,88.65633829891712,East Sikkim,0,1994.5882568359375,32.92171096801758,102.31973266601562,-0.1556381732225418,58.31652153678436
27.384682166712807,88.5422555066154,East Sikkim,0,1431.52685546875,19.64453125,53.33366012573242,0.257520854473114,120.22258900738453
27.328004908313822,88.5011286240576,East Sikkim,0,1208.5439453125,19.668474197387695,266.2467956542969,-0.024063613265752792,320.740868452314
27.210326983810297,88.6188643955569,East Sikkim,0,966.9151611328125,34.47610855102539,278.56756591796875,0.3029201030731201,657.8403476970057
27.396022276088996,88.82289988561571,East Sikkim,0,4481.02783203125,29.72156524658203,125.0488510131836,0.9719632267951965,528.0785624320677
27.28897601616195,88.6569768497571,East Sikkim,0,1689.7357177734375,38.892669677734375,349.9938049316406,0.6854683756828308,405.07950455465993
27.337208659587667,88.56807866622849,East Sikkim,0,1505.0887451171875,24.471418380737305,174.86643981933594,-0.8664049506187439,87.47478230517653
27.31578023804371,88.46999403059039,East Sikkim,0,916.90234375,21.89544677734375,331.3090515136719,1.189483404159546,145.79130384196088
27.332846720129734,88.53491577864112,East Sikkim,0,2217.460205078125,30.26906394958496,351.9353942871094,0.9169442653656006,560.1118987424379
27.389465539327023,88.4969547913445,East Sikkim,0,798.281005859375,20.16010093688965,157.46676635742188,-0.2829197347164154,92.20651663725067
27.310862907031456,88.50737066228173,East Sikkim,0,1647.9393310546875,23.352108001708984,340.4319152832031,0.3828641474246979,276.619549911752
27.25947682238191,88.69207403406497,East Sikkim,0,1599.69677734375,23.279870986938477,118.072509765625,0.16571731865406036,116.63304307356871
27.40370249415417,88.81585459472613,East Sikkim,0,4481.54345703125,36.822669982910156,271.567138671875,0.41155096888542175,488.7815177168158
27.224895818674753,88.56402931951592,East Sikkim,0,1504.848876953125,21.681507110595703,108.31017303466797,-1.4785051345825195,268.82588145153073
27.22922087715552,88.49066409706,East Sikkim,0,410.47662353515625,29.15366554260254,82.2669906616211,-0.21940100193023682,116.63304307356871
27.37737137459885,88.7284431434588,East Sikkim,0,3356.555419921875,17.41702651977539,241.1539764404297,-1.4116554260253906,29.15826076839218
27.349156637419714,88.65233843699181,East Sikkim,0,1691.80029296875,40.873619079589844,127.24053192138672,1.027355432510376,87.47478230517653
27.272360906324433,88.51590195317316,East Sikkim,0,1174.5601806640625,24.535703659057617,46.09339904785156,-1.430923581123352,227.73329671633672
27.26206120736845,88.78246433516112,East Sikkim,0,3102.890380859375,42.693084716796875,178.9547882080078,2.1246044635772705,287.1755640555846
27.216009903643204,88.48482402089364,East Sikkim,0,404.2323303222656,21.75856590270996,66.86238098144531,-0.05193203315138817,164.94403133548627
27.20670738564039,88.48147887569557,East Sikkim,0,587.6484985351562,33.610435485839844,97.88609313964844,0.2690214216709137,396.5952239273039
27.299721884611586,88.83755518387734,East Sikkim,0,3995.779052734375,6.6314496994018555,262.34185791015625,0.5606420040130615,537.6517629030615
27.250463613876178,88.60288941094527,East Sikkim,0,1116.36083984375,29.08715057373047,287.2342224121094,0.9721355438232422,58.31652153678436
27.3703027944232,88.6448134816432,East Sikkim,0,2367.947509765625,36.375770568847656,327.1427001953125,1.831878423690796,471.06611918158865
27.37680174729103,88.67433691211805,East Sikkim,0,2817.6279296875,23.44215202331543,181.43731689453125,-0.7731369137763977,553.239099823504
27.359831530756487,88.47562458074033,East Sikkim,0,545.1135864257812,22.789905548095703,89.65089416503906,0.5645760297775269,145.79130384196088
27.244452832389243,88.61230587163405,East Sikkim,0,1392.67529296875,21.958698272705078,150.11526489257812,0.31429147720336914,515.8622931895253
27.185029051335096,88.68947602895476,East Sikkim,0,1450.993408203125,28.588481903076172,6.623610019683838,-0.8523343205451965,235.08141380687945
27.252090714489725,88.78240964113658,East Sikkim,0,2876.06689453125,26.22743797302246,228.15245056152344,-3.5796778202056885,742.2481410096881
27.312230434888022,88.63459506240841,East Sikkim,0,1524.7396240234375,29.886924743652344,10.760721206665039,-0.5557029247283936,164.94403133548627
27.40331387261097,88.7761711104858,East Sikkim,0,4125.48486328125,8.013633728027344,282.22186279296875,0.2547641694545746,433.46870913515824
27.3745777522565,88.6954671142159,East Sikkim,0,2701.56005859375,6.985655307769775,78.54821014404297,-2.2821953296661377,0.0
27.254584971805205,88.59262508125005,East Sikkim,0,1262.5469970703125,23.452455520629883,53.8475227355957,1.954666018486023,823.1723539556792
27.29245028194281,88.61598619345665,East Sikkim,0,1025.9395751953125,41.16353225708008,191.6490478515625,-0.3061506152153015,177.36277605064052
27.27602869253116,88.71551706797909,East Sikkim,0,1199.354248046875,8.716435432434082,145.70248413085938,-0.3715215027332306,29.15826076839218
27.34605934419741,88.47516850399539,East Sikkim,0,625.53271484375,16.989957809448242,106.37824249267578,-0.22263149917125702,145.79130384196088
27.222288145115986,88.68932826406386,East Sikkim,0,769.4544067382812,33.17578125,124.62930297851562,0.4525567293167114,41.23600783387157
27.266867632703836,88.4921704179846,East Sikkim,0,1170.1700439453125,19.144189834594727,196.6083221435547,0.3484342396259308,92.20651663725067
27.252561909075425,88.79137595324343,East Sikkim,0,2919.893798828125,40.441165924072266,244.49871826171875,0.8808775544166565,65.19985318379017
27.36344022297207,88.50201450110282,East Sikkim,0,1498.3076171875,20.277620315551758,244.68138122558594,0.5841313004493713,145.79130384196088
27.37609432325125,88.55483947996768,East Sikkim,0,1350.7388916015625,38.25825881958008,289.3945007324219,-1.9377813339233398,184.41303327450134
27.37350128699168,88.49688524442544,East Sikkim,0,1127.7978515625,29.885251998901367,313.5113830566406,-0.30771559476852417,210.26320860757602
27.253813813294673,88.47845588127316,East Sikkim,0,505.7233581542969,27.603254318237305,335.2546691894531,-2.7722976207733154,29.15826076839218
27.367522745052984,88.50609376594991,East Sikkim,0,1575.6627197265625,16.410236358642578,263.19384765625,-0.4458947479724884,496.54728838338445
27.276201472186237,88.4513386141542,East Sikkim,0,947.8856811523438,43.06497573852539,267.5590515136719,-0.7062153816223145,145.79130384196088
27.173935712577364,88.64895434594683,East Sikkim,0,1037.4127197265625,7.708876132965088,199.47251892089844,0.214849591255188,765.3696321679334
27.28458457383466,88.81410859364465,East Sikkim,0,3578.208984375,24.182971954345703,137.1781768798828,-0.6235864162445068,623.3324202736162
27.259060591299136,88.53203636789031,East Sikkim,0,807.6495361328125,44.91864776611328,214.24630737304688,0.9066210389137268,195.5995595513705
27.32214763492491,88.61216898928735,East Sikkim,0,1634.66943359375,31.087932586669922,186.17185974121094,2.1934070587158203,989.6641880129174
27.171862115506936,88.65740186252792,East Sikkim,0,1031.8719482421875,21.89935302734375,156.8927001953125,0.6511820554733276,92.20651663725067
27.370518527615964,88.79715654906381,East Sikkim,0,3855.7490234375,26.68012809753418,133.37071228027344,-0.3777815103530884,470.1628276137589
27.36883033958033,88.83749379171701,East Sikkim,0,3997.902587890625,45.36692428588867,146.5569610595703,-1.661595344543457,249.128289212088
27.349994803755465,88.71248289017231,East Sikkim,0,3187.878662109375,17.03852653503418,11.181685447692871,1.1997348070144653,619.9131272274983
27.193225417914256,88.66314900610266,East Sikkim,0,1482.68798828125,41.9045524597168,287.08087158203125,-0.7529498934745789,645.4456164607546
27.190136774930924,88.65346901991914,East Sikkim,0,1265.9906005859375,42.47428512573242,347.08160400390625,-0.4503743648529053,615.0941847487371
27.18159579914932,88.54408256065125,East Sikkim,0,333.69427490234375,2.5718319416046143,270.06524658203125,-0.39188799262046814,268.82588145153073
27.374122822289532,88.49077733152698,East Sikkim,0,921.7034912109375,19.835050582885742,347.0085754394531,-0.17270955443382263,222.06269817368786
27.42232085863796,88.61389870358686,East Sikkim,0,1672.318359375,28.965526580810547,200.34326171875,1.36128830909729,953.3458233186686
27.170460656063568,88.52898372760201,East Sikkim,0,385.0897216796875,1.930146336555481,245.46551513671875,0.11230643093585968,250.82884335095778
27.32277419177911,88.59065213992483,East Sikkim,0,1116.7918701171875,36.493247985839844,158.84756469726562,0.9357816576957703,247.41604700322935
27.26210024863454,88.58929364201364,East Sikkim,0,928.82958984375,39.13819122314453,5.76816463470459,-2.5935003757476807,412.36007833871565
27.24575855873599,88.57189810727517,East Sikkim,0,1604.41650390625,38.95821762084961,91.57005310058594,0.21470600366592407,164.94403133548627
27.388104198051565,88.56037834101204,East Sikkim,0,1215.4559326171875,40.800811767578125,338.4000549316406,1.0619577169418335,424.5506851483841
27.322946035910327,88.64072580485615,East Sikkim,0,1480.4219970703125,20.92536163330078,298.7480773925781,0.5426086187362671,235.08141380687945
27.214990448369413,88.57184783546818,East Sikkim,0,1010.3613891601562,32.248992919921875,70.38638305664062,-2.402700185775757,184.41303327450134
27.345962451767548,88.66514479607001,East Sikkim,0,1904.86181640625,32.748924255371094,198.5279998779297,-0.4941655397415161,615.0941847487371
27.37228955313344,88.78434572285752,East Sikkim,0,3819.36376953125,12.754478454589844,249.87222290039062,-0.7767550349235535,0.0
27.274002907023686,88.51708456977784,East Sikkim,0,1131.8404541015625,10.450675964355469,96.51909637451172,-1.349227786064148,29.15826076839218
27.204522547555914,88.73332801296398,East Sikkim,0,1592.3773193359375,33.14847946166992,255.34161376953125,0.714384913444519,206.18003916935783
27.354842082364065,88.48713319748664,East Sikkim,0,986.6432495117188,35.234619140625,238.4083709716797,0.3536604642868042,186.70396624747931
27.29673930296279,88.47002083672203,East Sikkim,0,1595.28271484375,25.37994384765625,302.939697265625,0.674183189868927,461.03258318625336
27.241439381125126,88.74754092598535,East Sikkim,0,1813.47705078125,34.98713302612305,269.9764404296875,-0.08924786746501923,157.02203972719624
27.210708110087506,88.46421300199762,East Sikkim,0,1198.22412109375,38.58913040161133,196.66287231445312,-0.838148832321167,430.5165609894557
27.223514674163837,88.48772508102856,East Sikkim,0,496.79827880859375,35.01372528076172,100.91848754882812,1.1362017393112183,276.619549911752
27.29306205706519,88.85126917006627,East Sikkim,0,3939.4296875,25.00417709350586,219.13677978515625,-1.3393497467041016,482.65509721155024
27.321190988347883,88.54023615339015,East Sikkim,0,1811.6134033203125,21.543704986572266,151.6879119873047,1.2291394472122192,380.1772074656567
27.17894869954653,88.68675329124524,East Sikkim,0,1700.01611328125,16.375553131103516,337.5773010253906,-1.4357190132141113,613.0173273232991
27.26709363647561,88.69959599091582,East Sikkim,0,1491.425537109375,45.77112579345703,168.70864868164062,0.7908831238746643,116.63304307356871
27.192400372913788,88.63222807976778,East Sikkim,0,713.8535766601562,30.986865997314453,357.0771789550781,-0.24943743646144867,260.7994127351607
27.19194379004629,88.64376232862782,East Sikkim,0,1047.72265625,39.51118087768555,334.25469970703125,-1.3329174518585205,417.4827601981901
27.255591914289393,88.48035206636114,East Sikkim,0,591.256591796875,26.063642501831055,256.17352294921875,-0.6027963757514954,116.63304307356871
27.18254019225081,88.47822663181282,East Sikkim,0,1001.455322265625,27.442829132080078,78.6131820678711,0.055550191551446915,682.577384425079
27.233879218909937,88.76886668653279,East Sikkim,0,1969.6134033203125,29.39249038696289,189.1529541015625,-0.15466183423995972,235.08141380687945
27.235195907195365,88.57445966838684,East Sikkim,0,1809.4501953125,17.751096725463867,76.74159240722656,-0.32224565744400024,969.2654997452979
27.190477472718413,88.54600061298572,East Sikkim,0,611.1066284179688,24.21585464477539,72.70491790771484,0.8616955876350403,349.89912922070613
27.392362486952987,88.59018023924642,East Sikkim,0,1116.4791259765625,21.340673446655273,358.74493408203125,0.49697965383529663,186.70396624747931
27.159741647201812,88.49578717326449,East Sikkim,0,1223.17431640625,27.27215003967285,126.66039276123047,-0.09622573852539062,821.6216354282678
27.312352611529754,88.6215823053436,East Sikkim,0,1217.9228515625,18.966238021850586,308.5411682128906,0.7525191307067871,29.15826076839218
27.351660544718055,88.67298476555453,East Sikkim,0,2229.83984375,35.497135162353516,313.1230773925781,1.7312017679214478,560.8703444503877
27.368944952846135,88.8424860951434,East Sikkim,0,3943.410400390625,12.62802505493164,232.94772338867188,-0.5400242209434509,41.23600783387157
27.223283594469443,88.74374794738138,East Sikkim,0,1316.8839111328125,23.24424171447754,336.8369445800781,-1.3817912340164185,29.15826076839218
27.24150884913626,88.62779625324245,East Sikkim,0,1491.400390625,26.562965393066406,289.3926696777344,2.386662483215332,268.82588145153073
27.30275325835727,88.55851287783813,East Sikkim,0,1653.63623046875,15.364627838134766,96.78262329101562,0.09611087292432785,329.88806267097254
27.223898793760497,88.62224450120875,East Sikkim,0,1076.73974609375,27.609813690185547,201.08023071289062,-1.8530704975128174,264.0392812160338
27.18671483798552,88.55979342417987,East Sikkim,0,351.3355407714844,4.98403263092041,172.1929931640625,-1.2108261585235596,0.0
27.383557566315055,88.77432265722501,East Sikkim,0,3929.87646484375,29.98930549621582,358.3232727050781,-0.41258472204208374,430.5165609894557
27.304995310558166,88.47696957673514,East Sikkim,0,1524.586669921875,13.835174560546875,312.8350524902344,0.8731530904769897,186.70396624747931
27.243581254735897,88.72108751724011,East Sikkim,0,1495.14794921875,31.078195571899414,271.913818359375,1.3510656356811523,396.5952239273039
27.264116737733946,88.46753702481101,East Sikkim,0,1075.9530029296875,35.515586853027344,207.7405548095703,-0.4244442284107208,515.8622931895253
27.294558066616744,88.82399430144129,East Sikkim,0,3785.04345703125,25.45769691467285,6.799651145935059,-0.7690593004226685,145.79130384196088
27.26758995948813,88.44046551076363,East Sikkim,0,438.54547119140625,38.23158645629883,279.163818359375,-0.9704197645187378,145.79130384196088
27.245939898590766,88.4501849417696,East Sikkim,0,572.173095703125,37.03867721557617,25.331832885742188,2.1876494884490967,116.63304307356871
27.19147885234328,88.69393167945374,East Sikkim,0,1172.9239501953125,31.47430419921875,290.3948974609375,-1.1723114252090454,145.79130384196088
27.353631019796794,88.53413438966118,East Sikkim,0,2529.846435546875,25.693262100219727,346.8822021484375,1.1898566484451294,955.1277796835877
27.40162404990242,88.78330209753085,East Sikkim,0,4232.5048828125,15.52772331237793,16.93052864074707,1.8539893627166748,445.08153393704293
27.303107412797072,88.83771375499242,East Sikkim,0,3915.381103515625,11.979965209960938,312.6692810058594,-0.23655852675437927,206.18003916935783
27.406750652479705,88.79974046903666,East Sikkim,0,4437.6455078125,33.000694274902344,325.9870910644531,-0.7485564351081848,184.41303327450134
27.246996247010728,88.4451211135872,East Sikkim,0,709.4769287109375,23.0180721282959,73.89141082763672,0.7277089357376099,120.22258900738453
27.27670210341486,88.54729122923618,East Sikkim,0,1358.41796875,26.384424209594727,88.20069885253906,0.7327054142951965,583.1652153678435
27.22862909999836,88.45121462764088,East Sikkim,0,1186.9117431640625,33.03255081176758,340.0906982421875,0.9965724349021912,145.79130384196088
27.241230971811447,88.44601703749375,East Sikkim,0,793.0810546875,22.48021125793457,102.44400787353516,-1.03143310546875,389.01971986608265
27.293786006580177,88.81829296328107,East Sikkim,0,3835.82861328125,29.83277702331543,31.783308029174805,1.198701024055481,373.40793249495863
27.177670282460753,88.50286869669331,East Sikkim,0,510.1397705078125,28.5396728515625,32.44596481323242,1.8878521919250488,105.13160430378801
27.360067048328915,88.46936577425856,East Sikkim,0,883.9514770507812,27.508026123046875,121.46176147460938,0.3853767514228821,314.0440794543925
27.27717385439478,88.50879816472654,East Sikkim,0,1488.9442138671875,46.04960632324219,170.8551483154297,-0.8151764273643494,227.73329671633672
27.41470806636521,88.63220315605663,East Sikkim,0,1481.83984375,32.527408599853516,262.1283874511719,-0.7583771347999573,340.0408317556995
27.381245456174383,88.71028027242885,East Sikkim,0,3441.72509765625,19.548355102539062,144.7461395263672,-1.152296781539917,29.15826076839218
27.183678372588282,88.67903531600614,East Sikkim,0,1584.1285400390625,13.10010814666748,176.56732177734375,-1.2246599197387695,516.6856972142671
27.386168790123406,88.8471381934449,East Sikkim,0,4431.50537109375,26.4824161529541,2.723494052886963,-1.4066014289855957,536.0681018403303
27.240420051211903,88.56028361822734,East Sikkim,0,1832.4014892578125,29.39524269104004,304.8141784667969,-0.5322423577308655,671.2735736269572
27.367663499351597,88.73806175804629,East Sikkim,0,3654.8994140625,29.338680267333984,338.0843811035156,0.38065305352211,417.4827601981901
27.27041368894383,88.71424017906665,East Sikkim,0,1202.1214599609375,41.94473648071289,317.1114196777344,2.2832865715026855,82.47201566774314
27.254874147282944,88.60580165465159,East Sikkim,0,1046.1578369140625,27.859228134155273,19.41240882873535,0.7055405378341675,65.19985318379017
27.238222475350135,88.63650684877231,East Sikkim,0,1857.9300537109375,41.39570236206055,195.62167358398438,-0.2507439851760864,905.3158680152504
27.25407888154265,88.480104295284,East Sikkim,0,605.1239013671875,39.870201110839844,301.3450622558594,-0.0030294882599264383,148.67854064045866
27.165353362119134,88.48549228099998,East Sikkim,0,1299.878173828125,21.57592010498047,137.7439727783203,-0.7099053263664246,841.5581230516916
27.365055374376766,88.55175012425497,East Sikkim,0,1821.54052734375,42.06248092651367,6.531818389892578,-2.161216974258423,116.63304307356871
27.377653857819226,88.56368994176106,East Sikkim,0,1579.538330078125,21.190919876098633,308.944580078125,0.2100253850221634,268.82588145153073
27.213102521775276,88.61573119636543,East Sikkim,0,876.7796020507812,16.918262481689453,235.12637329101562,-0.5135484933853149,461.03258318625336
27.217895316678987,88.69656430891771,East Sikkim,0,1138.3590087890625,27.993812561035156,318.9207458496094,0.011744651012122631,651.9985318379016
27.38679263672542,88.70957957168608,East Sikkim,0,3609.99072265625,42.575950622558594,202.9888153076172,-0.4492257237434387,351.11195479568335
27.283137410645363,88.60830400807714,East Sikkim,0,1156.550537109375,22.302349090576172,342.0624084472656,-0.24425429105758667,644.1270336403593
27.267258689688763,88.52371194211317,East Sikkim,0,999.1682739257812,18.79500961303711,210.9500732421875,-0.033281296491622925,130.39970636758034
27.3287459123525,88.4443730040124,East Sikkim,0,1149.7335205078125,25.49985122680664,135.9904022216797,-0.7407457828521729,174.94956461035306
27.240507589985604,88.61193384421077,East Sikkim,0,1196.81396484375,25.837261199951172,144.0935821533203,-2.0728018283843994,300.2026684258173
27.31191298614449,88.63757103593181,East Sikkim,0,1551.696533203125,18.508869171142578,303.1229553222656,-0.2222869098186493,29.15826076839218
27.23136279626667,88.56671854476488,East Sikkim,0,1835.2877197265625,25.265962600708008,177.61351013183594,0.20029081404209137,276.619549911752
27.248813956901543,88.61779792491835,East Sikkim,0,1424.742431640625,31.13459014892578,322.5855712890625,1.802473783493042,320.740868452314
27.38451889690543,88.82077201856781,East Sikkim,0,4188.4296875,34.70872116088867,229.66038513183594,-0.49390709400177,210.26320860757602
27.25556196575847,88.64976259371262,East Sikkim,0,1630.12158203125,23.478731155395508,110.3678207397461,-0.5196362137794495,120.22258900738453
27.25608262886342,88.65711415919534,East Sikkim,0,1593.6002197265625,23.135854721069336,198.5234832763672,-0.7593247294425964,351.11195479568335
27.2878002727358,88.56673146227556,East Sikkim,0,1549.998779296875,16.269729614257812,74.99160766601562,1.4625393152236938,268.82588145153073
27.339681487936776,88.46041339260617,East Sikkim,0,1233.1954345703125,12.691667556762695,71.06050109863281,-0.8121613264083862,776.3985814423086
27.360422674642525,88.63014916700205,East Sikkim (Near Kaabi),0,2048.375,27.120996475219727,279.2290344238281,-1.9998068809509277,488.7815177168158
27.344511748685253,88.60893096784129,Gangtok District,0,1575.1943359375,22.354597091674805,355.3274841308594,0.7047652006149292,314.0440794543925
27.358577231564375,88.59779917808443,Gangtok District,0,1575.107177734375,19.836307525634766,199.40907287597656,-0.6291285157203674,391.199119102741
27.356130255803343,88.62088055703876,Gangtok District,0,1827.8380126953125,27.285064697265625,329.1148681640625,0.5238860845565796,332.4553236675307
27.302084237334117,88.58376656032881,Gangtok District,0,939.5513916015625,18.82012367248535,51.10287094116211,0.6431704163551331,123.70802350161468
27.23854164761158,88.52600001632072,Gangtok District,0,518.5431518554688,19.55030632019043,263.1488037109375,-1.441548228263855,0.0
27.314413984781925,88.61167352281029,Gangtok District,0,1234.722412109375,28.523649215698242,56.782230377197266,-0.6770260334014893,516.6856972142671
27.34409544209638,88.57863647808432,Gangtok District,0,1558.79833984375,13.207112312316895,45.15177536010742,0.1417972892522812,360.66776702215355
27.255542145564107,88.43723008785186,Gangtok District,0,784.8880615234375,34.79314041137695,28.222387313842773,1.6923640966415405,578.7749505540111
27.199538183506245,88.32164678714864,Geyzing,0,674.4214477539062,31.81365394592285,70.03292846679688,0.9172027111053467,262.4243469155296
27.312303924764276,88.14849846001302,Gyalshing,0,2081.055419921875,53.6170539855957,123.47403717041016,-1.2504464387893677,433.46870913515824
27.26823723447283,88.21947949848841,Gyalshing,0,878.4871215820312,18.925527572631836,11.285579681396484,-0.5591487884521484,184.41303327450134
27.38816748153335,88.50939274263148,Mangan,0,619.0513305664062,29.85649871826172,357.5864562988281,-0.8672520518302917,29.15826076839218
27.38611076559939,88.51955938986154,Mangan,0,1197.78564453125,37.39888000488281,320.5444030761719,0.6979022026062012,368.8260665490027
27.410359047067054,88.50050199787681,Mangan,0,1278.076171875,27.901023864746094,71.53013610839844,0.624936044216156,174.94956461035306
27.283899372822823,88.31053533978319,Namchi,0,1407.254150390625,29.75628662109375,341.93682861328125,0.6415623426437378,626.0544088562227
27.310138356813354,88.40670469639737,Namchi,0,1785.0482177734375,16.298519134521484,71.86552429199219,-0.15842357277870178,405.07950455465993
27.29050432854312,88.30538946064131,Namchi,0,1016.9886474609375,29.963605880737305,289.6143493652344,-0.386482298374176,58.31652153678436
27.291991998348987,88.10876130816291,Namchi,0,1969.05810546875,19.438474655151367,238.84947204589844,-0.41068950295448303,360.66776702215355
27.108905211865615,88.40072645504307,Namchi,0,991.6701049804688,17.080944061279297,268.2215576171875,1.5872077941894531,332.4553236675307
27.093496376968893,88.33251454472526,Namchi,0,483.1454772949219,27.917802810668945,351.2782287597656,-0.7113052010536194,276.619549911752
27.100260585966712,88.36803464450047,Namchi,0,384.717041015625,26.751249313354492,176.96942138671875,-0.6849443316459656,276.619549911752
27.39025446758579,88.55129835507763,North Sikkim,0,1032.074951171875,40.706390380859375,79.85990905761719,2.2319719791412354,233.26608614713743
27.579969606744378,88.65205699473867,North Sikkim,0,1659.3743896484375,29.090669631958008,141.85678100585938,0.4039413332939148,82.47201566774314
27.5194243365379,88.59339279468026,North Sikkim,0,1620.671142578125,30.645130157470703,295.22418212890625,0.025212233886122704,268.82588145153073
27.385452262395347,88.55069772175915,North Sikkim,0,1176.3428955078125,34.91415786743164,85.02079010009766,0.9509434700012207,235.08141380687945
27.54264887117262,88.60080538062661,North Sikkim,0,1609.5582275390625,49.40339660644531,189.88449096679688,0.2865235507488251,417.4827601981901
27.40903630025857,88.56640905733629,North Sikkim,0,1677.521240234375,33.09189224243164,167.1316680908203,-0.10239957273006439,417.4827601981901
27.46414108187991,88.5057918483425,North Sikkim,0,1155.094970703125,43.28989028930664,161.71568298339844,-1.2064542770385742,349.89912922070613
27.444550505878063,88.61656614138742,North Sikkim,0,1876.005859375,23.731342315673828,212.1771240234375,-0.3933740258216858,186.70396624747931
27.55941778835886,88.62671654314131,North Sikkim,0,2237.28564453125,31.270998001098633,151.38844299316406,0.3561874330043793,92.20651663725067
27.531952423389406,88.47684485287657,North Sikkim,0,1172.78076171875,17.799814224243164,8.592435836791992,-0.31489449739456177,145.79130384196088
27.432791976042108,88.52042953603373,North Sikkim,0,979.243408203125,14.19398307800293,237.39071655273438,-0.5833415985107422,275.0784819325981
27.527317823133046,88.56998636210261,North Sikkim,0,1029.50830078125,47.056785583496094,191.58834838867188,-0.7315855026245117,174.94956461035306
27.744885054866412,88.54186916002477,North Sikkim,0,2932.236328125,43.05116653442383,104.97557830810547,-3.765984296798706,29.15826076839218
27.546572572171918,88.65117498841923,North Sikkim,0,1531.2161865234375,40.55207061767578,28.185043334960938,-0.04158008471131325,29.15826076839218
27.51835637180447,88.54650620972826,North Sikkim,0,1288.265380859375,32.33854675292969,348.1981506347656,-0.1780650019645691,396.5952239273039
27.550480224553816,88.47963302814962,North Sikkim,0,1416.8077392578125,22.98653793334961,177.9225311279297,-0.6508087515830994,222.06269817368786
27.494046821216205,88.52474530651483,North Sikkim,0,884.0678100585938,28.538936614990234,304.5009460449219,-0.20449763536453247,247.41604700322935
27.69024661546635,88.58308695098178,North Sikkim,0,2307.04736328125,49.28682327270508,165.68356323242188,-1.5701076984405518,145.79130384196088
27.41302843531765,88.56727873128679,North Sikkim,0,1813.7969970703125,5.090224266052246,249.58798217773438,-0.3262658417224884,606.7441026159734
27.4500419128519,88.52688149112863,North Sikkim,0,1219.505615234375,25.81267738342285,289.7600402832031,-0.40135693550109863,120.22258900738453
27.633543988360334,88.69545561820054,North Sikkim,0,2521.529052734375,60.34100341796875,196.05372619628906,1.1292668581008911,553.239099823504
27.548818522841174,88.49568057571162,North Sikkim,0,1890.12744140625,42.68172073364258,154.28805541992188,0.7968559265136719,1145.737858361148
27.40724103730763,88.54834733569707,North Sikkim,0,1699.3843994140625,33.88801193237305,258.09674072265625,-0.07652688771486282,528.0785624320677
27.522824529815075,88.5948449079842,North Sikkim,0,1799.46533203125,39.185035705566406,281.202880859375,2.836749792098999,665.5496774175223
27.683310950785224,88.59470601186344,North Sikkim,0,2387.78173828125,43.74271774291992,240.23577880859375,0.4359591603279114,351.11195479568335
27.406087069924606,88.5427880178165,North Sikkim,0,1305.809814453125,38.28885269165039,240.8392791748047,-0.35532596707344055,120.22258900738453
27.648369258894054,88.72008511092584,North Sikkim,0,2325.29345703125,15.90677547454834,137.07427978515625,-0.7633162140846252,29.15826076839218
27.38650641306633,88.62290506733353,North Sikkim,0,1374.7069091796875,28.955907821655273,29.008790969848633,-0.3896122872829437,186.70396624747931
27.502038122735893,88.54594156114443,North Sikkim,0,1455.4842529296875,22.59769630432129,264.50628662109375,0.03405661880970001,82.47201566774314
27.680626412239725,88.74798607819076,North Sikkim,0,2787.079833984375,20.528234481811523,287.5235290527344,-0.3061075508594513,365.35196024230754
27.436388163019824,88.50071186117778,North Sikkim,0,1175.003173828125,35.687644958496094,345.308837890625,1.1713351011276245,441.2445525642225
27.42647411283408,88.6346668811987,North Sikkim,0,1557.965087890625,37.963661193847656,108.42534637451172,0.777214527130127,170.02041587784976
27.381273456440784,88.61858161310396,North Sikkim,0,1480.1551513671875,7.24491548538208,353.20794677734375,-0.5422927737236023,0.0
27.725585394994546,88.54761804797383,North Sikkim,0,2748.71240234375,32.02776336669922,151.17031860351562,-2.200413465499878,29.15826076839218
27.378895602841766,88.51221463775957,North Sikkim,0,1345.32861328125,24.550588607788086,1.8680874109268188,0.3003644347190857,288.65205483710093
27.63630661036745,88.60528477556412,North Sikkim,0,2214.577880859375,34.11205291748047,32.12799835205078,0.9959119558334351,105.13160430378801
27.40569009384758,88.52266504737834,North Sikkim,0,848.9093017578125,57.492401123046875,260.95574951171875,1.894004464149475,349.89912922070613
27.391809620322302,88.54137537823644,North Sikkim,0,1028.998779296875,37.399654388427734,18.72646141052246,0.4460096061229706,170.02041587784976
27.61932473493937,88.679855915999,North Sikkim,0,2092.793701171875,33.30177688598633,10.293954849243164,0.2916923463344574,268.82588145153073
27.39808868533446,88.58175169613288,North Sikkim,0,938.031005859375,36.636600494384766,152.4722442626953,-1.6335690021514893,58.31652153678436
27.425888228493726,88.57937265437836,North Sikkim,0,1769.6146240234375,24.88410758972168,80.18734741210938,-0.5884099006652832,116.63304307356871
27.53311240631172,88.6046871626849,North Sikkim,0,1349.91162109375,48.946964263916016,237.63340759277344,1.0164148807525635,195.5995595513705
27.662129757272258,88.7296518860769,North Sikkim,0,2491.501953125,9.100937843322754,141.9474639892578,0.5963640809059143,87.47478230517653
27.541632206329865,88.47857803718888,North Sikkim,0,1100.2781982421875,20.928525924682617,216.4028778076172,0.15586788952350616,250.82884335095778
27.544856071034367,88.63412089700579,North Sikkim,0,1370.117919921875,32.64876937866211,329.66925048828125,0.05613885819911957,157.02203972719624
27.621834626658973,88.66286733472508,North Sikkim,0,2009.69091796875,37.23466110229492,151.68113708496094,1.310232162475586,130.39970636758034
27.463668941241792,88.52288081348195,North Sikkim,0,913.8837280273438,18.52845573425293,297.5613098144531,0.841982364654541,184.41303327450134
27.533640790536676,88.49556836318193,North Sikkim,0,1055.9642333984375,37.51303482055664,336.89801025390625,-0.5408856868743896,314.0440794543925
27.508707675510724,88.55924782460596,North Sikkim,0,1751.445068359375,24.82205581665039,16.374980926513672,1.01555335521698,262.4243469155296
27.51035042302254,88.55672779068306,North Sikkim,0,1569.05859375,31.72627830505371,294.5118713378906,-0.7203003168106079,120.22258900738453
27.53309373322367,88.47938913299987,North Sikkim,0,1127.6514892578125,6.712469577789307,65.95820617675781,-0.04686374217271805,355.9219317274452
27.543000353890026,88.61310846825532,North Sikkim,0,1209.6873779296875,58.080078125,159.87838745117188,-1.247833251953125,92.20651663725067
27.524540910034972,88.59791034597042,North Sikkim,0,1786.9833984375,41.339290618896484,313.13330078125,-0.5913963317871094,795.8656340256068
27.391609952764448,88.59450526545079,North Sikkim,0,1178.84521484375,51.58354568481445,342.1724853515625,0.9149341583251953,177.36277605064052
27.543607601336568,88.55371042268513,North Sikkim,0,2072.7275390625,25.309465408325195,344.1151123046875,1.07889986038208,509.2271321978585
27.488756125223745,88.52622017362654,North Sikkim,0,912.2298583984375,15.458568572998047,220.18112182617188,0.4885803759098053,452.6579340076252
27.441774259346897,88.61520614849677,North Sikkim,0,1795.8739013671875,25.82309913635254,237.80271911621094,2.1820068359375,206.18003916935783
27.402272583011367,88.50724086663213,North Sikkim,0,1315.8426513671875,37.12181854248047,19.93948745727539,1.4735660552978516,701.0121331758165
27.765492766784746,88.52173036592713,North Sikkim,0,3000.87841796875,41.4215087890625,54.406368255615234,-0.9462341070175171,123.70802350161468
27.527467256288094,88.55365897078728,North Sikkim,0,997.9185180664062,27.952199935913086,339.6465148925781,0.12775538861751556,174.94956461035306
27.74314689154698,88.54071685582774,North Sikkim,0,3083.406005859375,40.58164596557617,90.1142578125,0.15012478828430176,145.79130384196088
27.635364241821573,88.61883723848489,North Sikkim,0,2125.38818359375,39.090179443359375,259.0727233886719,0.5036703944206238,250.82884335095778
27.414291370414944,88.51085514508118,North Sikkim,0,776.6774291992188,16.59149742126465,52.97515869140625,-1.5539264678955078,0.0
27.639992623643323,88.60739741018529,North Sikkim,0,1994.974365234375,27.443021774291992,84.73313903808594,0.5727599263191223,157.02203972719624
27.503877960261693,88.55853737742923,North Sikkim,0,1830.986083984375,28.434789657592773,308.1581115722656,-0.5983741879463196,455.46659343267345
27.43686068810148,88.51110623095776,North Sikkim,0,664.8408813476562,22.356752395629883,50.7420654296875,-1.0542763471603394,92.20651663725067
27.384387621080798,88.53656069004924,North Sikkim,0,1586.38671875,35.47560119628906,19.28610610961914,0.4077318012714386,349.89912922070613
27.45271385192298,88.5115193218325,North Sikkim,0,772.8508911132812,36.191612243652344,103.87687683105469,-0.6759635806083679,276.619549911752
27.527400616537495,88.48898647260579,North Sikkim,0,1464.103515625,41.736331939697266,342.1805725097656,-0.40000730752944946,433.46870913515824
27.763219390156358,88.54476570152444,North Sikkim,0,2851.499755859375,32.588191986083984,286.8050842285156,-0.9869527220726013,58.31652153678436
27.389683771384647,88.63173990728951,North Sikkim,0,1429.767822265625,46.23876953125,144.189697265625,-0.27678897976875305,105.13160430378801
27.425133236509172,88.62675017484202,North Sikkim,0,1681.074951171875,14.90187931060791,200.46099853515625,0.28462833166122437,405.07950455465993
27.5478125378801,88.61349895315139,North Sikkim,0,1533.405517578125,40.03583526611328,112.99005126953125,-0.9665647149085999,409.25569231765
27.40251989689288,88.53656233180998,North Sikkim,0,885.5972900390625,33.392181396484375,186.39491271972656,-1.0275565385818481,145.79130384196088
27.696376522137083,88.74879508767675,North Sikkim,0,2700.20849609375,26.803098678588867,147.4266815185547,-0.7358067035675049,92.20651663725067
27.374669258503843,88.65414710511763,North Sikkim,0,2594.333251953125,37.96185302734375,273.4952087402344,-1.0239957571029663,657.8403476970057
27.697288120779177,88.75645165237906,North Sikkim,0,2963.8837890625,40.50636291503906,225.84584045410156,-0.026131130754947662,227.73329671633672
27.388591706321943,88.626812567994,North Sikkim,0,1360.869873046875,36.48738098144531,197.80067443847656,-0.04669145122170448,116.63304307356871
27.38027153941507,88.65719337740853,North Sikkim,0,2690.950927734375,35.74842071533203,331.3726806640625,-0.09522069245576859,1004.1624105942943
27.51618593486087,88.5336635285571,North Sikkim,0,942.8367919921875,42.98545837402344,284.1749267578125,1.1125831604003906,222.06269817368786
27.59098433342805,88.64595794719882,North Sikkim,0,1874.2764892578125,40.69320297241211,139.5419464111328,0.8856730461120605,58.31652153678436
27.407799302742486,88.56708053752313,North Sikkim,0,1589.85009765625,29.05672836303711,185.00149536132812,-0.21275335550308228,471.06611918158865
27.456709343649553,88.50930389339361,North Sikkim,0,967.2477416992188,19.859304428100586,48.61418533325195,0.7269335985183716,430.5165609894557
27.44635017902933,88.52411380457193,North Sikkim,0,1154.5928955078125,22.924015045166016,332.8161926269531,1.0637954473495483,105.13160430378801
27.34971914780021,88.53527692272147,North Sikkim,0,2352.902099609375,45.88024139404297,191.6432647705078,-1.2624495029449463,557.0677897964563
27.427004296510077,88.49776489956668,North Sikkim,0,1317.156982421875,44.0736083984375,159.59552001953125,-2.336008310317993,309.95656361374915
27.388422499348152,88.62164285867456,North Sikkim,0,1244.6181640625,39.813255310058594,6.487895965576172,0.1931406408548355,41.23600783387157
27.559088483408207,88.61710011903897,North Sikkim,0,2237.861083984375,35.473106384277344,142.70191955566406,1.8702423572540283,206.18003916935783
27.5375859240228,88.48357817718787,North Sikkim,0,958.3665161132812,37.51420211791992,182.30108642578125,-3.44724178314209,29.15826076839218
27.52242401217123,88.60579531135313,North Sikkim,0,1694.1968994140625,23.275279998779297,19.171133041381836,-0.6996251344680786,29.15826076839218
27.424949754816623,88.59158146146825,North Sikkim,0,1458.192626953125,36.18000793457031,194.50355529785156,-0.4472443759441376,87.47478230517653
27.540257306269556,88.49660630908856,North Sikkim,0,1174.631103515625,38.628456115722656,179.423095703125,0.2676861584186554,379.05738998909834
27.354557747983197,88.53471406537068,North Sikkim,0,2455.159912109375,37.129722595214844,345.7923278808594,-1.7295937538146973,857.5701766896328
27.492477097750918,88.51583179622351,North Sikkim,0,948.7138061523438,44.618797302246094,158.7584991455078,-1.3149127960205078,325.9992659189508
27.608332838326646,88.63719505543969,North Sikkim,0,1692.137939453125,39.08283233642578,69.96731567382812,-0.30961084365844727,206.18003916935783
27.679939044786856,88.7398552416419,North Sikkim,0,2573.15966796875,13.566367149353027,274.8807067871094,0.6788350939750671,92.20651663725067
27.671656395844316,88.71773951960287,North Sikkim,0,2937.58203125,37.13254165649414,46.485076904296875,-1.7346476316452026,164.94403133548627
27.547831491727955,88.4714706176579,North Sikkim,0,1231.35498046875,12.614381790161133,203.0364227294922,0.06805580109357834,325.9992659189508
27.382481092276766,88.61708974480229,North Sikkim,0,1466.8536376953125,8.298014640808105,27.459548950195312,0.2290063500404358,58.31652153678436
27.62375959237948,88.61825315220692,North Sikkim,0,1842.70947265625,40.131065368652344,71.204345703125,0.6757338047027588,116.63304307356871
27.388317761577067,88.50415270644972,North Sikkim,0,670.0791015625,48.04198455810547,137.97262573242188,2.2113828659057617,105.13160430378801
27.38667650293504,88.49500035442584,North Sikkim,0,704.6038208007812,30.865276336669922,116.95632934570312,-0.13748995959758759,29.15826076839218
27.53396392262039,88.4804280792936,North Sikkim,0,1109.615478515625,12.687607765197754,84.85816955566406,-0.8448395729064941,227.73329671633672
27.55886288430066,88.48490919394355,North Sikkim,0,1789.3394775390625,24.201187133789062,170.85179138183594,0.3742782175540924,174.94956461035306
27.65343399204914,88.72624273555847,North Sikkim,0,2358.29736328125,7.192498207092285,154.944580078125,0.4109766483306885,65.19985318379017
27.368051233281065,88.52028172567864,North Sikkim,0,1828.5164794921875,27.770524978637695,5.324336528778076,-0.5261259078979492,87.47478230517653
27.378618787770986,88.50250092443208,North Sikkim,0,990.8270874023438,25.067190170288086,311.5564880371094,0.35954713821411133,537.6517629030615
27.384556315169874,88.50819281525864,North Sikkim,0,807.97998046875,38.11878967285156,335.86676025390625,0.557827889919281,329.88806267097254
27.72603919431821,88.54725691513836,North Sikkim,0,2801.84814453125,23.34160804748535,138.1077880859375,1.6984660625457764,87.47478230517653
27.396835360054524,88.58170389005538,North Sikkim,0,926.1600952148438,47.36846923828125,307.77154541015625,-2.003281354904175,41.23600783387157
27.482882583751223,88.49963766311116,North Sikkim,0,1188.837890625,31.17664337158203,48.251495361328125,-1.5520743131637573,120.22258900738453
27.62346262591203,88.67872108673693,North Sikkim,0,1894.378173828125,40.08805465698242,12.716514587402344,2.146284818649292,116.63304307356871
27.529147358443424,88.5664078915989,North Sikkim,0,1048.0279541015625,43.434608459472656,187.68667602539062,0.4252769947052002,92.20651663725067
27.351794341557145,88.5470741980138,North Sikkim,0,2425.035888671875,50.83486557006836,216.69703674316406,0.35297128558158875,728.9565192098045
27.470804247495625,88.5082993045108,North Sikkim,0,1157.42919921875,22.810176849365234,70.30384826660156,-0.6264005303382874,116.63304307356871
27.534905035953813,88.62264031357904,North Sikkim,0,1670.454345703125,40.18649673461914,344.98358154296875,1.0637954473495483,437.3739115258827
27.463116096595893,88.49651332205065,North Sikkim,0,1544.7659912109375,55.052001953125,154.45773315429688,-1.0799336433410645,389.01971986608265
27.407088078425655,88.51497744318269,North Sikkim,0,722.6901245117188,40.505977630615234,74.66460418701172,-0.03576518967747688,58.31652153678436
27.359566524675397,88.5503539211633,North Sikkim,0,2122.23388671875,17.294696807861328,63.5754280090332,0.36124134063720703,373.40793249495863
27.377474320508227,88.49981104818963,North Sikkim,0,927.5114135742188,27.379600524902344,301.8583679199219,-0.9361980557441711,371.12407050484404
27.49431302533869,88.53525658546586,North Sikkim,0,1284.49560546875,27.627151489257812,9.304817199707031,-0.21418912708759308,174.94956461035306
27.76404626183452,88.5269681579225,North Sikkim,0,2896.2119140625,39.611812591552734,205.342041015625,0.10842983424663544,82.47201566774314
27.533539483259062,88.47806900830521,North Sikkim,0,1136.1947021484375,4.591540813446045,11.771806716918945,0.2198173701763153,240.44517801476906
27.70410597815788,88.75074685650567,North Sikkim,0,2762.10888671875,12.707356452941895,77.01223754882812,-0.047552917152643204,58.31652153678436
27.54979808116013,88.60276638628225,North Sikkim,0,1860.16455078125,36.64543533325195,136.6307373046875,-1.3879363536834717,29.15826076839218
27.443417504091553,88.60002436116972,North Sikkim,0,1877.630615234375,29.400508880615234,104.6882553100586,-0.04054632782936096,580.9742299809095
27.5488597057422,88.59029374214164,North Sikkim,0,2152.201904296875,43.10601806640625,186.83836364746094,-0.7811772227287292,756.9924776900458
27.55227525078778,88.63317796161316,North Sikkim,0,1713.8984375,27.84855079650879,127.78974151611328,2.1205270290374756,65.19985318379017
27.562688796618584,88.61708541764801,North Sikkim,0,2323.34814453125,45.105064392089844,124.78462982177734,-0.8464763760566711,260.7994127351607
27.537490935473702,88.63829538156838,North Sikkim,0,1876.3648681640625,26.1856632232666,1.8262022733688354,1.0800197124481201,396.5952239273039
27.72909785184417,88.54710388588292,North Sikkim,0,2769.1953125,19.240182876586914,63.890750885009766,0.3823759853839874,116.63304307356871
27.5403366858198,88.58447022123389,North Sikkim,0,1427.8948974609375,34.872989654541016,214.68968200683594,-0.6968684792518616,145.79130384196088
27.632192110452273,88.702233617592,North Sikkim,0,2129.42919921875,25.86526107788086,128.31211853027344,-0.672115683555603,105.13160430378801
27.44078645121402,88.5052067146619,North Sikkim,0,831.0037841796875,25.3939266204834,10.902057647705078,-0.22744134068489075,145.79130384196088
27.42318132630103,88.53976918778241,North Sikkim,0,1751.49365234375,22.750690460205078,302.1157531738281,0.12129439413547516,82.47201566774314
27.3699055633243,88.52483684217822,North Sikkim,0,1841.241943359375,34.25584030151367,282.151123046875,0.9063194990158081,82.47201566774314
27.43870213248015,88.54016146903666,North Sikkim,0,1773.5098876953125,39.5214729309082,247.35739135742188,-0.1095784604549408,380.1772074656567
27.527631721767552,88.52826199509879,North Sikkim,0,1039.869140625,30.021974563598633,228.5130157470703,1.556898593902588,275.0784819325981
27.510712984347787,88.51468299183622,North Sikkim,0,1324.7933349609375,46.11208724975586,159.6251678466797,0.4785729944705963,250.82884335095778
27.22804464637777,88.62096780078141,Pakyong,0,1169.955078125,39.30125045776367,168.81239318847656,-0.22693882882595062,516.6856972142671
27.16232513212172,88.53841755431075,Pakyong,0,425.11444091796875,25.733253479003906,348.4784851074219,-3.4711978435516357,0.0
27.18881641595813,88.59979199638575,Pakyong,0,459.4749450683594,37.976539611816406,232.54400634765625,-1.7864792346954346,41.23600783387157
27.156679803835743,88.51618652238066,Pakyong,0,664.1658325195312,34.096771240234375,207.60708618164062,-2.685347080230713,770.3521995712193
27.164916247667442,88.32655363070114,Soreng,0,944.9658203125,22.82807731628418,44.27106475830078,0.26498690247535706,247.41604700322935
27.195584873489434,88.32911199529046,Soreng,0,406.6567077636719,37.78299331665039,55.855743408203125,-1.3742103576660156,29.15826076839218
27.213021103868144,88.33997043314935,Soreng,0,753.2047729492188,28.143003463745117,296.16693115234375,0.3556705415248871,170.02041587784976
27.275920779763748,88.45064004997089,South Sikkim,0,909.0670776367188,30.418865203857422,283.9032287597656,-0.2119780331850052,174.94956461035306
27.278134852292716,88.46629358757403,South Sikkim,0,1491.0748291015625,23.51494026184082,263.0495910644531,-0.4379118084907532,590.4097815292349
27.167595261705475,88.5143414831177,South Sikkim,0,656.1898803710938,42.54245376586914,8.66401481628418,-0.9642674922943115,601.1129450369226
27.106240550154745,88.40355817145073,South Sikkim,0,1033.3675537109375,18.787887573242188,220.48170471191406,0.4560025930404663,724.276172140278
27.252972951421132,88.40725414132856,South Sikkim,0,1130.4549560546875,21.045970916748047,121.98979187011719,0.23799429833889008,309.95656361374915
27.195376294501674,88.45458599118699,South Sikkim,0,725.333251953125,32.23258590698242,99.6781234741211,2.6876299381256104,145.79130384196088
27.165590707441904,88.47764918249473,South Sikkim,0,1384.977294921875,26.919403076171875,134.2097930908203,0.3772646188735962,879.1106821516506
27.27831430409882,88.38497919576854,South Sikkim,0,1486.53662109375,25.25750160217285,44.12870407104492,0.03374074772000313,355.9219317274452
27.134934346832125,88.45125693872316,South Sikkim,0,666.2635498046875,44.86914825439453,23.999507904052734,-1.0299686193466187,123.70802350161468
27.362483533333524,88.2998774531466,South Sikkim,0,1670.6922607421875,29.125812530517578,4.233351707458496,1.3456096649169922,433.46870913515824
27.14893171619069,88.50402378352616,South Sikkim,0,739.8624877929688,30.750831604003906,96.73986053466797,1.413004994392395,471.06611918158865
27.276976937705257,88.38521850647085,South Sikkim,0,1516.8470458984375,20.967714309692383,52.61273193359375,-0.27222320437431335,495.690433062667
27.237289207532033,88.36465154250119,South Sikkim,0,2260.453369140625,39.07979202270508,280.9683532714844,0.07414349913597107,590.4097815292349
27.135613015372652,88.4625793184852,South Sikkim,0,873.5671997070312,16.094057083129883,166.9721221923828,0.6582030057907104,617.852468471126
27.138727120497894,88.26920374781558,South Sikkim,0,772.4530029296875,30.931528091430664,61.14548110961914,-0.4504604935646057,433.46870913515824
27.15129195392649,88.32274878192234,South Sikkim,0,1298.4849853515625,31.26018714904785,123.6211929321289,0.9306415915489197,315.39481291136406
27.235242045316596,88.47666425582237,South Sikkim,0,727.836181640625,28.94078254699707,41.834224700927734,-0.2847575545310974,206.18003916935783
27.23324445702063,88.38501412224645,South Sikkim,0,1967.750732421875,19.238651275634766,38.73265075683594,-0.07144423574209213,796.3995929142723
27.09196334122304,88.42221790391025,South Sikkim,0,601.552734375,25.13182830810547,234.2760009765625,0.36425647139549255,624.0140305595714
27.14626773853992,88.52493180451437,South Sikkim,0,319.69329833984375,10.984695434570312,330.5924377441406,0.3480537533760071,204.10782537874525
27.175267312520717,88.53238453479334,South Sikkim,0,308.4486389160156,13.605240821838379,127.3620376586914,-0.9578423500061035,120.22258900738453
27.217168097358847,88.4403248640945,South Sikkim,0,1827.2274169921875,26.59233283996582,345.3103942871094,-0.2651591897010803,1053.7393640625994
27.221751629566143,88.48566028983602,South Sikkim,0,532.3637084960938,19.205137252807617,103.8526382446289,0.3008238673210144,380.1772074656567
27.344030622409075,88.47889583640304,South Sikkim,0,499.0746765136719,12.635592460632324,77.27377319335938,-1.3454875946044922,58.31652153678436
27.06191211279604,88.4461742481067,South Sikkim,0,834.0079956054688,11.470436096191406,291.5990295410156,0.6506077647209167,227.73329671633672
27.26383769853468,88.46646978634419,South Sikkim,0,1029.953369140625,30.5036678314209,176.2280731201172,-0.5399668216705322,420.52641721515204
27.10157402137755,88.24236383784728,South Sikkim,0,515.5965576171875,28.31172752380371,326.4227600097656,0.15628427267074585,186.70396624747931
27.189161778085122,88.49126836600186,South Sikkim,0,434.3544006347656,36.05710220336914,6.84440803527832,-0.2855472266674042,206.18003916935783
27.193601173377186,88.52330034894956,South Sikkim,0,636.4224243164062,19.423913955688477,167.13568115234375,-0.3457062542438507,235.08141380687945
27.09672961492328,88.44453909310417,South Sikkim,0,706.104248046875,19.0269832611084,20.854961395263672,-0.10799910128116608,470.1628276137589
27.158084799930037,88.32211971805697,South Sikkim,0,1424.68310546875,34.21611404418945,13.482819557189941,0.3174501657485962,996.513156848352
27.31344495426102,88.40245723104714,South Sikkim,0,1908.501953125,24.360301971435547,69.50292205810547,0.38918155431747437,368.8260665490027
27.13845307682595,88.43021059244366,South Sikkim,0,842.750244140625,10.606078147888184,109.93238830566406,-1.7357676029205322,0.0
27.08433471015619,88.42814482172662,South Sikkim,0,366.0746154785156,5.830967426300049,264.6173095703125,1.4798835515975952,352.3206053745417
27.19486960949345,88.4722801003912,South Sikkim,0,688.6741943359375,23.29388999938965,21.355754852294922,0.3334878087043762,601.1129450369226
27.317361805504774,88.35391348734015,South Sikkim,0,1739.180419921875,26.720722198486328,279.0827331542969,-0.31291311979293823,396.5952239273039
27.136748762454783,88.22136274574947,South Sikkim,0,703.4757690429688,15.445631980895996,290.5450744628906,-0.023704668506979942,329.88806267097254
27.31560009386965,88.43677494398382,South Sikkim,0,933.6240234375,34.527557373046875,150.03395080566406,0.4362606704235077,287.1755640555846
27.16276786437126,88.42276386603265,South Sikkim,0,1876.3282470703125,38.08369064331055,161.01614379882812,2.080296516418457,623.3324202736162
27.217628118289575,88.47911885173315,South Sikkim,0,589.829833984375,28.991159439086914,43.769081115722656,0.7034586668014526,116.63304307356871
27.280732478455267,88.40262173523168,South Sikkim,0,1166.2454833984375,27.182476043701172,241.27310180664062,0.6603997349739075,474.66209594294867
27.104157196632052,88.35648526025422,South Sikkim,0,415.156982421875,38.017242431640625,206.32069396972656,-0.2902134954929352,332.4553236675307
27.180069241175033,88.34399338402545,South Sikkim,0,1069.734130859375,28.35689353942871,260.7129211425781,1.62716543674469,769.8001735601117
27.38941346509061,88.44425223520523,South Sikkim,0,1180.6431884765625,45.65879821777344,174.12911987304688,-0.5668445229530334,116.63304307356871
27.22152263615057,88.49329345431859,South Sikkim,0,560.2125854492188,38.62822723388672,260.542724609375,0.8946466445922852,262.4243469155296
27.175246594611945,88.46877383130519,South Sikkim,0,1405.92236328125,30.139116287231445,57.76901626586914,0.0586371086537838,818.5113846353
27.148525614259437,88.4219784787262,South Sikkim,0,1159.3275146484375,23.370750427246094,147.970947265625,2.8687100410461426,58.31652153678436
27.14274997681078,88.22503757397392,South Sikkim,0,791.0817260742188,27.89792823791504,318.78564453125,0.5887832045555115,87.47478230517653
27.300261644744136,88.45535549247477,South Sikkim,0,951.076416015625,23.29060935974121,287.3030090332031,-0.18036223948001862,686.3039492490243
27.15179517539546,88.39470894308877,South Sikkim,0,1323.2711181640625,23.31479263305664,297.2394714355469,-2.4964418411254883,0.0
27.283746148181482,88.42257678527287,South Sikkim,0,1148.4136962890625,29.639995574951172,89.02847290039062,-0.12318962067365646,446.03562192137605
27.140760283803978,88.37178316014226,South Sikkim,0,1454.0015869140625,41.64389419555664,281.31640625,0.5008562803268433,850.1020793892488
27.307487588964094,88.42174263548486,South Sikkim,0,1236.9112548828125,26.76340103149414,27.12895393371582,1.0182526111602783,288.65205483710093
27.31614265385919,88.35339008382724,South Sikkim,0,1735.0235595703125,29.196216583251953,304.5030822753906,-0.050912633538246155,396.5952239273039
27.300565869866855,88.3718493053005,South Sikkim,0,1839.23193359375,24.95000457763672,20.497089385986328,-0.2622302174568176,516.6856972142671
27.293792962965437,88.36174572627645,South Sikkim,0,2110.449462890625,9.338939666748047,71.8851547241211,0.32603612542152405,853.5953224913944
27.389578573724815,88.44417561101338,South Sikkim,0,1180.6431884765625,45.65879821777344,174.12911987304688,-0.5668445229530334,116.63304307356871
27.1394776117103,88.22792444441671,South Sikkim,0,1007.2392578125,16.50636100769043,275.9623718261719,1.2545527219772339,433.46870913515824
27.147740227890168,88.47716098148634,South Sikkim,0,906.455078125,33.38689422607422,175.4022674560547,-0.6390928030014038,291.58260768392176
27.109728213972218,88.4395654872949,South Sikkim,0,965.0611572265625,44.814910888671875,171.0522918701172,-1.8692947626113892,480.8903560295381
27.278569466043695,88.42857685374163,South Sikkim,0,884.46826171875,25.87670135498047,122.81922912597656,1.150947093963623,823.1723539556792
27.310389933107245,88.43225640953334,South Sikkim,0,779.0918579101562,35.798553466796875,42.82292556762695,0.5417184829711914,87.47478230517653
27.06841065701089,88.41449604616902,South Sikkim,0,479.9704284667969,31.416730880737305,8.948135375976562,0.1743965893983841,145.79130384196088
27.241435631047477,88.53257718017258,South Sikkim,0,836.2191772460938,17.993022918701172,238.05831909179688,-0.12854506075382233,600.4053368516346
27.157806672184677,88.45660107057815,South Sikkim,0,1173.295166015625,20.332569122314453,122.09735870361328,-2.484151601791382,29.15826076839218
27.351128067741456,88.45024029659159,South Sikkim,0,1398.8310546875,26.30124855041504,106.42015075683594,2.6966753005981445,206.18003916935783
27.0832486362126,88.34306755886419,South Sikkim,0,661.2470703125,30.521190643310547,44.93231964111328,-0.477237731218338,204.10782537874525
27.22090419362045,88.41500974623455,South Sikkim,0,1949.8743896484375,24.36125373840332,99.83806610107422,1.249987006187439,494.8320940064587
27.323099279509886,88.36133787783893,South Sikkim,0,1974.3572998046875,23.0044002532959,258.99749755859375,0.6991944313049316,58.31652153678436
27.282996532872627,88.3715617361148,South Sikkim,0,1882.2247314453125,23.202075958251953,77.22866821289062,0.2130405157804489,580.9742299809095
27.226236987139348,88.4388653288463,South Sikkim,0,1363.9091796875,25.794349670410156,15.080183982849121,0.26340755820274353,430.5165609894557
27.13543992798971,88.40071592024556,South Sikkim,0,1691.14306640625,28.294992446899414,232.92974853515625,-0.1960696280002594,276.619549911752
27.301997533155713,88.42140533045108,South Sikkim,0,1295.610595703125,24.204788208007812,86.22016906738281,0.06840039044618607,325.9992659189508
27.12471487978074,88.36866117836995,South Sikkim,0,621.7472534179688,39.664329528808594,273.43804931640625,-0.651009738445282,58.31652153678436
27.127928155712127,88.33689333690243,South Sikkim,0,987.897216796875,24.72575569152832,216.39205932617188,-0.26185691356658936,639.4905834092208
27.118732315980047,88.25406761859777,South Sikkim,0,535.9400634765625,15.157029151916504,9.280538558959961,-0.20452634990215302,583.1652153678435
27.190546829385056,88.35139802275478,South Sikkim,0,660.2766723632812,38.21017074584961,333.8909606933594,2.0305898189544678,65.19985318379017
27.291583292691705,88.4534396623106,South Sikkim,0,931.4981079101562,26.794565200805664,282.2811584472656,0.25806644558906555,87.47478230517653
27.1633706734575,88.5168243513295,South Sikkim,0,674.4898681640625,26.47803497314453,124.77265930175781,-1.8344628810882568,332.4553236675307
27.129811194363892,88.367596082728,South Sikkim,0,892.5711059570312,30.3211727142334,163.15069580078125,0.08973602950572968,430.5165609894557
27.15746855373998,88.49522778785598,South Sikkim,0,1177.513427734375,23.644071578979492,103.51699829101562,0.3156123757362366,680.7064515747367
27.152419019118888,88.43376239947635,South Sikkim,0,1471.6719970703125,27.905366897583008,194.97979736328125,0.33706286549568176,537.6517629030615
27.102061118572944,88.38448648311706,South Sikkim,0,540.811279296875,22.708465576171875,165.5576934814453,-0.36333757638931274,424.5506851483841
27.241438321982656,88.38862098309076,South Sikkim,0,1498.142333984375,33.98712158203125,7.714812755584717,-2.138273239135742,145.79130384196088
27.228593254246515,88.42046143347204,South Sikkim,0,1695.1102294921875,11.894965171813965,57.46583557128906,-0.22395241260528564,170.02041587784976
27.129468946660477,88.31726099445736,South Sikkim,0,603.9005126953125,33.22845458984375,199.1133270263672,0.5523719191551208,368.8260665490027
27.36063085965227,88.28072874965535,South Sikkim,0,1969.7896728515625,24.715452194213867,27.291345596313477,0.32741445302963257,583.1652153678435
27.265266943107708,88.48375310480641,South Sikkim,0,1023.310302734375,24.941181182861328,166.19786071777344,-0.3011828362941742,233.26608614713743
27.16775085476875,88.39007649335278,South Sikkim,0,1661.6558837890625,35.10268783569336,88.15020751953125,0.02277141436934471,503.34962299498386
27.12245321132201,88.33806185883097,South Sikkim,0,896.312255859375,28.753923416137695,268.66290283203125,0.48819270730018616,594.7141625618347
27.145064525165427,88.43537728831548,South Sikkim,0,1234.3603515625,31.121002197265625,139.48458862304688,-0.4463541805744171,701.0121331758165
27.147237921247854,88.48305312321703,South Sikkim,0,1010.0833740234375,18.293216705322266,106.02993774414062,0.17619848251342773,626.0544088562227
27.205773624478695,88.50638343818468,South Sikkim,0,768.024169921875,25.955923080444336,170.67636108398438,0.4536479413509369,164.94403133548627
27.166024203208476,88.39555674279987,South Sikkim,0,1414.7685546875,16.24278450012207,263.0488586425781,1.1733452081680298,58.31652153678436
27.14665379731259,88.48534834146166,South Sikkim,0,897.5386352539062,31.80380630493164,103.98717498779297,-0.25945916771888733,437.3739115258827
27.274934479619567,88.38511879114057,South Sikkim,0,1467.880126953125,27.221233367919922,117.15814208984375,-0.9415247440338135,710.0500499438558
27.07420038436306,88.37051601916122,South Sikkim,0,863.916015625,38.298683166503906,357.2451171875,0.4228218197822571,145.79130384196088
27.28924693260898,88.34402200400007,South Sikkim,0,1729.810791015625,7.699224948883057,289.82275390625,-1.8412396907806396,210.26320860757602
27.11587757464322,88.34509050837906,South Sikkim,0,632.020263671875,13.089445114135742,213.3784942626953,0.3611982762813568,349.89912922070613
27.131367008940817,88.31525345607061,South Sikkim,0,652.533935546875,43.445735931396484,250.05715942382812,0.8330087661743164,145.79130384196088
27.123854571259443,88.3856923908578,South Sikkim,0,1236.62255859375,28.70681381225586,157.7400360107422,-0.3965614438056946,532.0883281519216
27.215499325760522,88.43362688975638,South Sikkim,0,1885.70556640625,28.776004791259766,313.59368896484375,0.683113694190979,636.8260277225762
27.325842715587303,88.49062505125475,South Sikkim,0,810.1441650390625,37.4680061340332,4.531142711639404,3.136180877685547,87.47478230517653
27.196691037791137,88.39079281651132,South Sikkim,0,1852.4407958984375,23.97198486328125,314.0023498535156,-0.7497337460517883,499.1090282834049
27.249948761171517,88.38011445841673,South Sikkim,0,2170.31103515625,14.285820960998535,76.8647689819336,0.3503868877887726,908.1288707592286
27.209630762316394,88.37981756964595,South Sikkim,0,1175.2137451171875,28.507349014282227,339.2627258300781,-0.23104514181613922,145.79130384196088
27.33071588825726,88.27991250140421,South Sikkim,0,1161.5653076171875,34.73406982421875,154.5226593017578,-0.2059764862060547,145.79130384196088
27.170672104932464,88.41583972611345,South Sikkim,0,1779.1490478515625,21.15767478942871,46.87931442260742,0.7676522135734558,509.2271321978585
27.35234222896304,88.27584028554045,South Sikkim,0,1624.9273681640625,30.85697364807129,197.20460510253906,1.8424744606018066,174.94956461035306
27.14725476462936,88.50575816643202,South Sikkim,0,609.9971313476562,25.44756317138672,132.32472229003906,-0.451235830783844,437.3739115258827
27.279126879499973,88.35679975315217,South Sikkim,0,2163.4423828125,17.031591415405273,315.10491943359375,-0.5269299745559692,496.54728838338445
27.100170463628405,88.45011491631516,South Sikkim,0,463.63201904296875,17.545007705688477,169.61082458496094,-0.13224218785762787,87.47478230517653
27.305204146174734,88.34738407834165,South Sikkim,0,1662.521240234375,36.590476989746094,183.90794372558594,-0.09688619524240494,92.20651663725067
27.15188576080037,88.44414382144042,South Sikkim,0,1167.197265625,29.962541580200195,176.56895446777344,-0.6558626890182495,503.34962299498386
27.215314819316497,88.37997688269276,South Sikkim,0,1220.069580078125,26.368947982788086,102.13471221923828,-0.6003555655479431,29.15826076839218
27.13978454353442,88.26693555738593,South Sikkim,0,890.1434936523438,30.26287841796875,93.69100189208984,0.2644556760787964,613.0173273232991
27.30166980368524,88.35927690873585,South Sikkim,0,2003.3128662109375,13.877620697021484,292.2142639160156,0.5111364126205444,145.79130384196088
27.345574888018636,88.26436798938803,South Sikkim,0,1385.9339599609375,40.751564025878906,143.78903198242188,-0.24207191169261932,29.15826076839218
27.189578555823118,88.5301341196261,South Sikkim,0,793.1653442382812,26.781967163085938,178.4220733642578,0.7325331568717957,542.3750023544552
27.191150069807442,88.3875747409044,South Sikkim,0,1669.524169921875,19.397552490234375,289.2771911621094,-1.076286792755127,29.15826076839218
27.171714100557608,88.37796056076482,South Sikkim,0,1616.090576171875,23.581266403198242,185.4463653564453,-0.504072368144989,480.8903560295381
27.18174011239034,88.43034157144878,South Sikkim,0,1410.054931640625,24.616409301757812,17.46746253967285,-0.41336002945899963,671.2735736269572
27.10266131991952,88.24315591886419,South Sikkim,0,531.015380859375,35.193443298339844,263.8856201171875,0.12821483612060547,145.79130384196088
27.15657773388062,88.36046202578514,South Sikkim,0,1217.36474609375,29.784526824951172,130.7823944091797,0.7880115509033203,287.1755640555846
27.113088082882072,88.33719525062006,South Sikkim,0,476.3082275390625,16.805213928222656,125.9256362915039,-0.11715217679738998,360.66776702215355
27.12184362950044,88.35412598854094,South Sikkim,0,652.6654052734375,24.06688117980957,38.51962661743164,-0.7911558747291565,204.10782537874525
27.255923020005923,88.32287949276606,South Sikkim,0,1008.8048706054688,36.09737014770508,203.10154724121094,-0.9330393075942993,433.46870913515824
27.239557010643164,88.36548969845788,South Sikkim,0,2205.339111328125,33.62798309326172,317.3330078125,-0.3681330680847168,461.03258318625336
27.146911757132298,88.32690184425645,South Sikkim,0,1053.586181640625,21.974679946899414,189.14077758789062,1.0168743133544922,87.47478230517653
27.07917849930036,88.45023469153656,South Sikkim,0,526.4874877929688,28.8166446685791,318.7372741699219,2.4974756240844727,164.94403133548627
27.170223676294203,88.33293740049245,South Sikkim,0,974.8605346679688,37.730384826660156,7.854261875152588,-0.3573073148727417,557.0677897964563
27.32631070057159,88.49830490470465,South Sikkim,0,1095.3936767578125,11.776993751525879,253.13392639160156,-0.13301032781600952,184.41303327450134
27.26022900855799,88.39388315105904,South Sikkim,0,1583.8818359375,30.45366668701172,3.9529788494110107,0.45135068893432617,615.0941847487371
27.16298744759245,88.3784528376638,South Sikkim,0,1248.2366943359375,21.83059310913086,288.9166564941406,-0.27164891362190247,105.13160430378801
27.135692462532486,88.41669285603277,South Sikkim,0,1637.4478759765625,31.649154663085938,105.4310302734375,0.06794094294309616,438.344776009123
27.271382070347457,88.3972826484262,South Sikkim,0,906.2731323242188,28.23345947265625,164.60525512695312,-0.17490628361701965,116.63304307356871
27.132490341872018,88.36404781649186,South Sikkim,0,1050.9471435546875,26.714792251586914,211.662841796875,0.01277841068804264,651.9985318379016
27.15193590365602,88.45287917069878,South Sikkim,0,1051.85009765625,30.594409942626953,155.19985961914062,-1.0370038747787476,184.41303327450134
27.348296525756144,88.48028838638855,South Sikkim,0,627.0801391601562,30.284116744995117,244.0618133544922,-0.7959800958633423,235.08141380687945
27.122066871960296,88.42963008458796,South Sikkim,0,1143.3826904296875,14.515434265136719,70.77391815185547,-0.8456149101257324,65.19985318379017
27.234390105117324,88.43468128336056,South Sikkim,0,1155.776123046875,26.74949073791504,102.4908676147461,0.5170518159866333,268.82588145153073
27.17910848140425,88.3736112043775,South Sikkim,0,1704.0908203125,40.72112274169922,317.47125244140625,-0.7652401328086853,496.54728838338445
27.217607178299556,88.5144507341925,South Sikkim,0,1415.6744384765625,27.472673416137695,229.20965576171875,0.46645504236221313,858.0657388094024
27.19578604457384,88.4267443527754,South Sikkim,0,1390.473876953125,33.620361328125,179.29791259765625,-0.1429171860218048,227.73329671633672
27.224970731263657,88.49528394495556,South Sikkim,0,525.296142578125,44.24153137207031,320.4568786621094,-2.839492082595825,304.421179688756
27.226262859254405,88.48695480052346,South Sikkim,0,546.84619140625,17.317649841308594,108.7999496459961,-0.580197274684906,148.67854064045866
27.20429042628109,88.36149351331363,South Sikkim,0,1120.2757568359375,33.289466857910156,141.0250701904297,-0.4432816207408905,412.36007833871565
27.147293519910765,88.46345346292006,South Sikkim,0,1231.8763427734375,28.68263053894043,223.8122100830078,1.5846664905548096,682.577384425079
27.246916570253873,88.52127514708643,South Sikkim,0,692.25341796875,18.19468879699707,78.46575927734375,0.7624977827072144,206.18003916935783
27.128592012620032,88.37316782166565,South Sikkim,0,822.4591674804688,40.34434509277344,267.3476867675781,-0.6546422839164734,58.31652153678436
27.206135717369825,88.45234328763702,South Sikkim,0,1371.267333984375,36.66698455810547,180.37503051757812,1.4418641328811646,655.250415012434
27.201320230642796,88.3960456087307,South Sikkim,0,1998.2392578125,34.56877136230469,262.38153076171875,-0.4315369725227356,467.4424798375224
27.08402732169226,88.36208390741514,South Sikkim,0,712.6869506835938,25.933578491210938,39.57637405395508,-0.6636302471160889,260.7994127351607
27.148105882426275,88.48810919484595,South Sikkim,0,766.6022338867188,29.44220542907715,64.61166381835938,-0.12944960594177246,145.79130384196088
27.25264091789502,88.4802125074912,South Sikkim,0,659.60546875,24.631149291992188,310.5438232421875,-0.9601898789405823,268.82588145153073
27.34832557801062,88.44961171493823,South Sikkim,0,1118.9112548828125,28.83678436279297,71.49372100830078,0.00011486211587907746,58.31652153678436
27.308781811437612,88.4102652635942,South Sikkim,0,1590.5428466796875,25.157146453857422,90.26545715332031,-0.8066766262054443,41.23600783387157
27.10356182933127,88.25353502521347,South Sikkim,0,765.8771362304688,27.701749801635742,326.6986999511719,1.2343944311141968,495.690433062667
27.061260180242662,88.44311834662993,South Sikkim,0,748.705078125,13.345063209533691,3.0969762802124023,-1.0019710063934326,29.15826076839218
27.147332591000737,88.51511978221632,South Sikkim,0,345.470947265625,38.27842330932617,103.5470199584961,1.466509222984314,130.39970636758034
27.163103470170345,88.34464791580359,South Sikkim,0,991.9533081054688,20.65338134765625,14.055670738220215,-1.0719794034957886,0.0
27.116950093301806,88.42796733022514,South Sikkim,0,1316.190673828125,22.887325286865234,25.5101375579834,-0.4707911014556885,636.8260277225762
27.11974261938902,88.35296994154785,South Sikkim,0,763.818603515625,29.910385131835938,53.0404167175293,-1.8392583131790161,480.8903560295381
27.31220283276159,88.3509815199423,South Sikkim,0,1766.7716064453125,28.01626968383789,293.6209716796875,-0.008614658378064632,647.4184553451627
27.203086072330183,88.42975353744717,South Sikkim,0,1794.1075439453125,36.36141586303711,108.10440063476562,-1.0444412231445312,647.4184553451627
27.12639213535667,88.40396089632955,South Sikkim,0,1493.0950927734375,43.29441452026367,234.68246459960938,-0.41023004055023193,488.7815177168158
27.212434189259604,88.36433399300508,South Sikkim,0,1649.906005859375,41.72972106933594,115.18209838867188,1.4869475364685059,446.03562192137605
27.1932852907576,88.45605579118678,South Sikkim,0,593.7926635742188,10.675030708312988,118.47605895996094,0.12538635730743408,29.15826076839218
27.203244497833854,88.39375073199534,South Sikkim,0,1831.029541015625,50.99315643310547,235.54379272460938,-0.46117138862609863,329.88806267097254
27.250082267213216,88.52084706036581,South Sikkim,0,765.9544677734375,31.66108512878418,126.9498291015625,1.3545832633972168,29.15826076839218
27.230655277516043,88.39380601047614,South Sikkim,0,2076.87890625,34.905662536621094,336.0209655761719,0.6203702688217163,629.4403416555871
27.28553076836857,88.42017491071638,South Sikkim,0,1267.657958984375,36.784725189208984,98.4571762084961,-0.046117138117551804,354.72555210128104
27.134826400860174,88.49048236890144,South Sikkim,0,716.7665405273438,20.108613967895508,163.06875610351562,1.5794259309768677,499.1090282834049
27.243111995036163,88.3226070262187,South Sikkim,0,1269.53271484375,28.477418899536133,317.9737548828125,0.9901688694953918,123.70802350161468
27.29694545088774,88.41174801015373,South Sikkim,0,1552.6513671875,23.094375610351562,87.86441040039062,-1.575563669204712,705.2442414206383
27.14846829302544,88.42001257735754,South Sikkim,0,1165.3790283203125,18.784873962402344,154.271484375,-1.308882474899292,29.15826076839218
27.27987725205632,88.44313803952764,South Sikkim,0,434.114013671875,12.484969139099121,284.5867919921875,-0.9601324200630188,105.13160430378801
27.19135576760449,88.4327561422619,South Sikkim,0,1068.265380859375,28.089637756347656,133.05361938476562,1.0173050165176392,240.44517801476906
27.116386962313545,88.39913169386571,South Sikkim,0,984.04736328125,34.58904266357422,259.42547607421875,-0.5312659740447998,391.199119102741
27.25574601771694,88.4511646958525,South Sikkim,0,385.44183349609375,5.575812816619873,328.8419189453125,-0.06758199632167816,82.47201566774314
27.156448275849183,88.45511657462694,South Sikkim,0,1137.23583984375,40.113548278808594,212.15196228027344,-0.8475675582885742,123.70802350161468
27.371389004591837,88.2185831517456,West District,0,1765.3739013671875,5.048288822174072,76.61344909667969,-0.5075182318687439,177.36277605064052
27.37435047444924,88.33439373132077,West Sikkim,0,1356.4190673828125,35.66975021362305,256.92279052734375,0.19891247153282166,315.39481291136406
27.32313299263691,88.22275445175592,West Sikkim,0,1098.4345703125,26.000751495361328,100.35111236572266,0.3939770460128784,87.47478230517653
27.08694098027843,88.34045873552408,West Sikkim,0,717.6705932617188,21.72967529296875,75.71673583984375,-0.19757719337940216,466.53217229427486
27.29684676392104,88.23635876360285,West Sikkim,0,1812.7906494140625,20.135562896728516,178.16290283203125,0.8030297756195068,857.5701766896328
27.12523921820367,88.24632741860853,West Sikkim,0,479.2197265625,42.3857307434082,120.67798614501953,-0.36539074778556824,222.06269817368786
27.104055591905848,88.27025320888589,West Sikkim,0,866.783935546875,14.740983009338379,165.69757080078125,0.4294407367706299,519.1480735001394
27.40504857488777,88.37052390582517,West Sikkim,0,2036.095947265625,29.195146560668945,297.579345703125,0.11546514183282852,355.9219317274452
27.12902749793483,88.2942073289189,West Sikkim,0,405.7126159667969,41.176143646240234,138.36087036132812,-0.1876559853553772,287.1755640555846
27.137033347239925,88.10177299195499,West Sikkim,0,1769.1005859375,31.307865142822266,186.7291717529297,-1.511240839958191,92.20651663725067
27.12441620060838,88.19704671778862,West Sikkim,0,997.452880859375,16.05836296081543,299.228759765625,1.1401931047439575,87.47478230517653
27.23805261581931,88.35382028240807,West Sikkim,0,1798.7828369140625,43.42166519165039,286.5261535644531,-0.47265762090682983,392.284278244487
27.392728682873376,88.36655728235345,West Sikkim,0,1796.79248046875,14.808372497558594,335.77099609375,-0.1605198085308075,145.79130384196088
27.17997039036321,88.34687615751118,West Sikkim,0,1025.0791015625,20.198827743530273,24.475088119506836,1.5042486190795898,640.154989389369
27.15961121296883,88.17944467759648,West Sikkim,0,1591.9154052734375,16.05119514465332,70.20301818847656,-0.24482859671115875,670.6399976730202
27.265092048068755,88.08060001483226,West Sikkim,0,2064.307861328125,29.0602970123291,41.033729553222656,-0.25683170557022095,105.13160430378801
27.216206309727156,88.23162510606413,West Sikkim,0,1207.592529296875,24.513776779174805,5.110804080963135,0.08252842724323273,58.31652153678436
27.175022221780676,88.20463376258613,West Sikkim,0,1642.906982421875,30.243572235107422,24.25121307373047,0.2694665193557739,206.18003916935783
27.255170966343353,88.19285929577738,West Sikkim,0,1556.1427001953125,3.5444507598876953,282.5447082519531,-0.31793832778930664,525.6580215189401
27.27088228623435,88.04828389910446,West Sikkim,0,2542.254150390625,37.14034652709961,139.39059448242188,-0.3766902983188629,170.02041587784976
27.096403180285748,88.34734436676874,West Sikkim,0,564.8607788085938,44.01849365234375,30.4923095703125,-1.0640826225280762,420.52641721515204
27.13045923656673,88.17953521007388,West Sikkim,0,602.274658203125,15.547359466552734,123.23988342285156,-2.4775328636169434,0.0
27.278459532219582,88.1807909369972,West Sikkim,0,1888.04443359375,24.59939193725586,151.0080108642578,0.46019506454467773,758.1147799781967
27.35818874515998,88.2833541363469,West Sikkim,0,2018.35595703125,38.93426513671875,190.12586975097656,0.37651801109313965,613.0173273232991
27.30097968323095,88.10798704439189,West Sikkim,0,1998.9097900390625,39.194244384765625,161.73719787597656,0.8651701807975769,65.19985318379017
27.137272392949505,88.1900630417547,West Sikkim,0,819.785888671875,11.464895248413086,130.304931640625,-0.7454695105552673,437.3739115258827
27.250319482804944,88.1477439206055,West Sikkim,0,1735.9512939453125,25.98332405090332,313.6309509277344,1.4870623350143433,392.284278244487
27.182757312171073,88.19819213686493,West Sikkim,0,1754.5203857421875,20.10248374938965,106.29621124267578,0.12462539225816727,184.41303327450134
27.14579765336082,88.31703978660032,West Sikkim,0,1116.383056640625,24.955215454101562,167.489013671875,0.0046232002787292,332.4553236675307
27.359788644235998,88.20622733578041,West Sikkim,0,1207.6923828125,30.401992797851562,271.5606689453125,0.017229316756129265,41.23600783387157
27.205122799054223,88.31184357700349,West Sikkim,0,1022.4862670898438,34.45526885986328,102.15279388427734,0.6712542176246643,828.8334996839517
27.37395282080513,88.33758069583754,West Sikkim,0,1253.6207275390625,56.17787551879883,151.24789428710938,-0.7502506375312805,105.13160430378801
27.14948050580172,88.24450637516411,West Sikkim,0,1416.466064453125,20.16018295288086,1.7026121616363525,-0.059843163937330246,606.7441026159734
27.116729487872366,88.26022455865383,West Sikkim,0,612.095458984375,15.450580596923828,62.585079193115234,1.2921127080917358,325.9992659189508
27.355921543648122,88.24117586096828,West Sikkim,0,1777.77783203125,38.63712692260742,271.7598571777344,1.0019135475158691,65.19985318379017
27.165447170847717,88.33833861296623,West Sikkim,0,1135.9700927734375,27.43782615661621,77.1327133178711,-0.497812420129776,499.1090282834049
27.107670151878136,88.15352703272248,West Sikkim,0,930.960205078125,34.59009552001953,339.7499084472656,1.4844492673873901,145.79130384196088
27.123089562923095,88.33261580739982,West Sikkim,0,719.7451782226562,26.701921463012695,318.8046875,-0.5373393297195435,82.47201566774314
27.290595180622322,88.20914682041634,West Sikkim,0,1829.1744384765625,29.530475616455078,133.41079711914062,0.0961395874619484,671.2735736269572
27.413141365085533,88.36470530718256,West Sikkim,0,1633.97802734375,12.054981231689453,216.48812866210938,-0.20589034259319305,0.0
27.210604883804905,88.33543467831974,West Sikkim,0,602.91552734375,23.129932403564453,159.29122924804688,-1.4162068367004395,29.15826076839218
27.10579338673757,88.31768038204243,West Sikkim,0,463.8944396972656,29.50118064880371,96.84423828125,-0.496857613325119,383.5170421109049
27.265935733438198,88.33096115108528,West Sikkim,0,1669.962646484375,42.773067474365234,230.8109130859375,-1.6688029766082764,583.893716857838
27.301543104754202,88.17337953410711,West Sikkim,0,1930.7657470703125,32.99822235107422,67.62053680419922,1.3970391750335693,525.6580215189401
27.131282553890415,88.2952763946219,West Sikkim,0,519.5835571289062,44.34804916381836,147.76629638671875,0.010696534998714924,470.1628276137589
27.271990272961055,88.23768670792532,West Sikkim,0,717.2352294921875,22.081148147583008,171.73057556152344,0.6671766042709351,145.79130384196088
27.151122813309676,88.28335789017596,West Sikkim,0,463.7038269042969,23.36586570739746,116.62960815429688,-0.679804265499115,371.12407050484404
27.36728099991489,88.28971650436546,West Sikkim,0,1691.3447265625,18.18354606628418,2.5284583568573,1.9234235286712646,130.39970636758034
27.415524271521207,88.37460551016018,West Sikkim,0,2144.11376953125,24.481313705444336,287.4677734375,0.044853657484054565,578.7749505540111
27.12886728870731,88.17041633508269,West Sikkim,0,778.3344116210938,39.73808288574219,137.0765380859375,1.0098676681518555,227.73329671633672
27.112619842874995,88.30446723761904,West Sikkim,0,396.58221435546875,20.632625579833984,184.365966796875,0.12763334810733795,145.79130384196088
27.21432326208862,88.22960995663807,West Sikkim,0,1325.7645263671875,17.851194381713867,8.5509614944458,0.6819651126861572,233.26608614713743
27.343526651944607,88.19581393514191,West Sikkim,0,1907.292724609375,16.30332374572754,222.5957489013672,-0.05685674771666527,498.256578424176
27.214767453266685,88.33132854191574,West Sikkim,0,669.0980834960938,27.106794357299805,275.3451843261719,-0.2580808103084564,170.02041587784976
27.376679396446736,88.300085730252,West Sikkim,0,2058.06591796875,30.057863235473633,188.0213165283203,0.7739983797073364,802.2496852448318
27.10702343009535,88.22816913142677,West Sikkim,0,969.454833984375,6.989755630493164,217.27127075195312,2.3081398010253906,746.8158649899173
27.192167368466354,88.24870341966478,West Sikkim,0,1757.49169921875,12.853693008422852,44.71233367919922,-0.8110126852989197,580.9742299809095
27.167118205906423,88.2856140686393,West Sikkim,0,838.6395263671875,37.916988372802734,144.0685577392578,-0.16304677724838257,749.6565594029216
27.123868115285582,88.25417393777282,West Sikkim,0,349.77813720703125,4.329250812530518,7.530206680297852,-0.6632856726646423,0.0
27.14890800391133,88.2564272362452,West Sikkim,0,1488.4986572265625,19.346004486083984,78.97649383544922,0.9000595211982727,1010.9131582817315
27.14725182314114,88.15959560747345,West Sikkim,0,1074.9642333984375,20.977771759033203,122.7730712890625,0.32537564635276794,145.79130384196088
27.136582572490155,88.34865262891533,West Sikkim,0,987.751220703125,32.12351608276367,186.5860595703125,0.30737102031707764,164.94403133548627
27.117468756760957,88.17970977383742,West Sikkim,0,1232.82763671875,30.3844051361084,354.29241943359375,-0.41364720463752747,524.8486938310592
27.293419570282317,88.07562123591586,West Sikkim,0,2154.603515625,33.96778106689453,2.123521089553833,-0.9843109250068665,82.47201566774314
27.30482592116284,88.25684811766732,West Sikkim,0,1984.066162109375,31.553197860717773,150.99197387695312,1.1705024242401123,705.2442414206383
27.357340025870172,88.24688410099023,West Sikkim,0,1977.8587646484375,32.138423919677734,311.5856018066406,-0.05949857458472252,65.19985318379017
27.181125354810263,88.15954212872398,West Sikkim,0,1478.50439453125,25.993684768676758,193.14012145996094,-0.3311474919319153,82.47201566774314
27.227214507808807,88.29948160184323,West Sikkim,0,586.155517578125,31.440471649169922,355.7040100097656,0.8992267847061157,65.19985318379017
27.11688468631761,88.29052185547313,West Sikkim,0,484.74212646484375,25.739742279052734,3.570101261138916,0.2311384677886963,408.2156507574905
27.399820367580183,88.30472559106776,West Sikkim,0,1777.1533203125,46.95478820800781,154.8717041015625,1.0283317565917969,417.4827601981901
27.274775960341266,88.26697981429828,West Sikkim,0,690.4580688476562,20.16663932800293,142.08999633789062,-0.8976474404335022,105.13160430378801
27.199403548324913,88.32016614818055,West Sikkim,0,775.9993286132812,32.78910827636719,58.87868118286133,1.1584419012069702,177.36277605064052
27.287934954812965,88.33421076297591,West Sikkim,0,1536.2786865234375,19.682601928710938,353.9070739746094,-0.53904789686203,29.15826076839218
27.240546887596107,88.23902107927837,West Sikkim,0,1324.70947265625,23.695688247680664,17.11698341369629,-0.6088840961456299,120.22258900738453
27.22802680732718,88.29383928675595,West Sikkim,0,866.09765625,37.65943145751953,120.96774291992188,-0.11056914180517197,210.26320860757602
27.21723472509246,88.2664354942615,West Sikkim,0,1189.7037353515625,34.217384338378906,144.86578369140625,-2.686969518661499,206.18003916935783
27.22778092808082,88.34818799360987,West Sikkim,0,1870.07958984375,54.90496826171875,177.16152954101562,-0.003934027627110481,783.4841488435598
27.32395864822698,88.26486028086745,West Sikkim,0,1055.023681640625,30.020282745361328,357.68023681640625,-1.2200080156326294,528.0785624320677
27.206079846565824,88.2612760021949,West Sikkim,0,989.3910522460938,43.02434158325195,76.05976867675781,-0.3140617311000824,120.22258900738453
27.209479370608996,88.34504092053602,West Sikkim,0,1060.8876953125,20.414180755615234,269.148193359375,-0.2712181806564331,705.8467569012479
27.229514520653876,88.35319572893616,West Sikkim,0,1912.0745849609375,45.67185974121094,156.87921142578125,0.3394462764263153,691.2414513924261
27.096862221308005,88.24179501456341,West Sikkim,0,723.0385131835938,28.20065689086914,353.48046875,-0.7971574664115906,480.8903560295381
27.263954650950627,88.18448630594173,West Sikkim,0,1045.1817626953125,32.50425338745117,3.3983654975891113,-0.827581524848938,145.79130384196088
27.307792030669034,88.31802413695075,West Sikkim,0,983.781494140625,18.69937515258789,309.6999816894531,-0.18640685081481934,351.11195479568335
27.15156907497184,88.25857000448755,West Sikkim,0,1391.7135009765625,26.327848434448242,122.22605895996094,0.8863335251808167,821.104078441207
27.17253455485076,88.34321984199086,West Sikkim,0,792.0284423828125,36.79167175292969,221.2151336669922,0.8261314034461975,58.31652153678436
27.130000730723925,88.30437141873702,West Sikkim,0,433.6011657714844,43.568294525146484,199.080078125,0.11660658568143845,157.02203972719624
27.149797141784806,88.31918507925235,West Sikkim,0,1354.9180908203125,32.71552276611328,192.99505615234375,0.4431667625904083,612.3234761362357
27.25003865764352,88.15096495844196,West Sikkim,0,1796.554443359375,25.194019317626953,351.0911865234375,0.2988137900829315,351.11195479568335
27.134848009276794,88.24277530542425,West Sikkim,0,1027.5399169921875,34.527706146240234,75.62694549560547,-0.16448254883289337,65.19985318379017
27.24026013597227,88.26141934873688,West Sikkim,0,1423.488037109375,19.77549171447754,300.5044860839844,0.3537753224372864,247.41604700322935
27.256967755472424,88.13118060877702,West Sikkim,0,1579.25244140625,10.389272689819336,32.46504592895508,1.0730419158935547,82.47201566774314
27.25306192538577,88.28515239221504,West Sikkim,0,1346.07666015625,29.301496505737305,86.85855102539062,0.03583697974681854,886.8138802532027
27.275006884961474,88.11839433255793,West Sikkim,0,1846.54248046875,34.025108337402344,145.98294067382812,1.6757808923721313,586.7986786541115
27.146798215236526,88.31941838980747,West Sikkim,0,1179.07373046875,26.840543746948242,168.36537170410156,-0.03925412893295288,380.1772074656567
27.13537192416288,88.11789851875508,West Sikkim,0,1766.558349609375,29.548059463500977,228.0811004638672,0.423525333404541,408.2156507574905
27.31386149295311,88.2776266485141,West Sikkim,0,938.744384765625,44.77306365966797,106.22209930419922,0.8146595358848572,297.3570812809173
27.218087287257067,88.30518207465772,West Sikkim,0,687.7616577148438,31.97036361694336,65.89403533935547,0.9720063209533691,412.36007833871565
27.183870749903626,88.10841512619976,West Sikkim,0,2729.365966796875,40.82167053222656,255.1324005126953,-1.2696858644485474,424.5506851483841
27.37082755344741,88.30554354440169,West Sikkim,0,1596.3878173828125,51.37773132324219,172.89442443847656,2.151625871658325,320.740868452314
27.21438109219366,88.1968020870376,West Sikkim,0,2003.9757080078125,36.976051330566406,54.67315673828125,0.7144423723220825,29.15826076839218
27.168519219166665,88.2314369340123,West Sikkim,0,1224.5743408203125,33.8111686706543,58.938011169433594,1.687669038772583,615.0941847487371
27.137711364722445,88.17357984470274,West Sikkim,0,826.6630249023438,27.719772338867188,39.59437561035156,-0.08494053781032562,293.03689405055025
27.320739234590757,88.20064732539012,West Sikkim,0,1541.737060546875,42.45180130004883,201.56976318359375,-0.2330552339553833,480.8903560295381
27.151183247759036,88.18893014297066,West Sikkim,0,1145.0885009765625,34.702415466308594,67.35530090332031,2.1393070220947266,351.11195479568335
27.158429874745657,88.15332616225533,West Sikkim,0,1392.1746826171875,32.24954605102539,145.40196228027344,-0.7269910573959351,130.39970636758034
27.275796200379126,88.27425894146427,West Sikkim,0,703.575439453125,35.944610595703125,40.16762161254883,1.1242704391479492,227.73329671633672
27.257057277041167,88.27205531924226,West Sikkim,0,1345.0966796875,14.847898483276367,280.6142883300781,-0.23121744394302368,730.7039204846151
27.2497057950014,88.17360610033154,West Sikkim,0,1603.4014892578125,32.956336975097656,61.06991195678711,0.7544431090354919,383.5170421109049
27.237933967620727,88.22918380202029,West Sikkim,0,1938.122802734375,36.25893020629883,32.63320541381836,0.1474829614162445,1030.900195846789
27.23113567301571,88.28746857647191,West Sikkim,0,1264.9461669921875,34.67115783691406,105.6636962890625,2.1430399417877197,116.63304307356871
27.160280088983455,88.31596874075468,West Sikkim,0,1172.6600341796875,29.005205154418945,312.052978515625,0.32572025060653687,931.6965485764919
27.109344691228184,88.30104265448506,West Sikkim,0,446.11474609375,26.447206497192383,332.4330749511719,-0.7169262766838074,130.39970636758034
27.368312894506513,88.28837675900013,West Sikkim,0,1654.5355224609375,34.758731842041016,62.88861083984375,0.12646318972110748,65.19985318379017
27.276731257944625,88.20177194754399,West Sikkim,0,1276.412353515625,14.789348602294922,280.43731689453125,0.9054580330848694,164.94403133548627
27.143421729732957,88.36260294495439,West Sikkim,0,969.303955078125,19.368043899536133,330.3990173339844,2.421393871307373,212.27534257419205
27.11563961314323,88.20694055662696,West Sikkim,0,904.7606811523438,32.97015380859375,108.83306121826172,-1.9593753814697266,320.740868452314
27.401846406107552,88.30800629265934,West Sikkim,0,1921.1849365234375,32.29842758178711,258.254638671875,0.7980332374572754,509.2271321978585
27.212692763846295,88.25971347131807,West Sikkim,0,1054.4827880859375,33.13017654418945,238.0451202392578,0.19664394855499268,174.94956461035306
27.153182368199626,88.31564666608375,West Sikkim,0,1348.4525146484375,28.683198928833008,310.6329650878906,0.9564568400382996,991.380866125334
27.22903961181352,88.35303503440201,West Sikkim,0,1850.539794921875,53.174922943115234,166.8876190185547,1.0435223579406738,636.8260277225762
27.205492289465273,88.24476874533407,West Sikkim,0,1553.8148193359375,36.72164535522461,355.4073791503906,-0.16163970530033112,601.1129450369226
27.305000045136715,88.26473651793617,West Sikkim,0,1475.10986328125,13.94048023223877,18.581626892089844,-0.4090240001678467,105.13160430378801
27.12245378573356,88.18638017752284,West Sikkim,0,1232.6229248046875,27.48009490966797,315.233642578125,0.6794094443321228,441.2445525642225
27.247559872337384,88.2884251608717,West Sikkim,0,1235.924072265625,29.302968978881836,188.46551513671875,-1.4435008764266968,485.2901764690933
27.168999056875744,88.07619772576675,West Sikkim,0,2298.389404296875,22.37305450439453,40.20814514160156,-1.1766475439071655,371.12407050484404
27.38385109000053,88.32253416494994,West Sikkim,0,1392.7318115234375,12.372713088989258,144.31036376953125,-0.30880680680274963,212.27534257419205
27.132439224278034,88.11294038641425,West Sikkim,0,1422.9774169921875,33.543365478515625,248.8505401611328,-0.9355519413948059,29.15826076839218
27.101768335175315,88.35681876570986,West Sikkim,0,329.0642395019531,35.78668975830078,228.87582397460938,1.7491275072097778,123.70802350161468
27.10905349777453,88.3155633892644,West Sikkim,0,419.12213134765625,24.131101608276367,6.065843105316162,1.237940788269043,249.128289212088
27.3556974594158,88.29201899255051,West Sikkim,0,2017.5986328125,28.80873680114746,29.31694221496582,0.2533283829689026,877.1743126591148
27.095957601721903,88.36222199519102,West Sikkim,0,239.02488708496094,3.640530824661255,178.57801818847656,-0.525881826877594,29.15826076839218
27.240186416560313,88.31972841672324,West Sikkim,0,1382.5010986328125,17.20330810546875,333.0657043457031,0.023029854521155357,417.4827601981901
27.160159993109314,88.16204487999671,West Sikkim,0,1162.404052734375,27.516948699951172,241.7501678466797,0.6496601104736328,123.70802350161468
27.28596466879,88.22463623482243,West Sikkim,0,1393.1781005859375,10.041579246520996,163.6685791015625,1.2358589172363281,82.47201566774314
27.33111459593509,88.23739121074617,West Sikkim,0,1207.821533203125,21.02958106994629,45.933231353759766,-0.26857635378837585,461.03258318625336
27.155243767048844,88.29259278777195,West Sikkim,0,377.23724365234375,33.760990142822266,301.3861083984375,-1.6798584461212158,0.0
27.10472319501193,88.22034724971137,West Sikkim,0,915.0863037109375,27.776031494140625,10.807449340820312,1.173689842224121,412.36007833871565
27.17530866018728,88.25927956955624,West Sikkim,0,925.1115112304688,30.428939819335938,116.69656372070312,-1.212671160697937,29.15826076839218
27.38590312470632,88.31586827423361,West Sikkim,0,1414.2994384765625,28.129003524780273,240.581787109375,1.6424708366394043,186.70396624747931
27.128965482889644,88.25434361783064,West Sikkim,0,574.8994750976562,39.286956787109375,147.33535766601562,-0.3608967661857605,406.1275774695512
27.178739617331992,88.27152197582413,West Sikkim,0,929.1143188476562,26.19060516357422,169.07150268554688,-0.6324307918548584,275.0784819325981
27.154819523914995,88.11494804667409,West Sikkim,0,2619.824951171875,28.005647659301758,178.3341522216797,1.0745924711227417,647.4184553451627
27.254279062157714,88.1957146236372,West Sikkim,0,1631.958740234375,24.24552345275879,345.58740234375,-1.0677869319915771,547.8339824949326
27.261360636854786,88.23616648412468,West Sikkim,0,1168.146728515625,30.072839736938477,56.992042541503906,1.6652134656906128,297.3570812809173
27.20204639903237,88.33817233633752,West Sikkim,0,848.7445068359375,34.39269256591797,212.9468536376953,-1.6399295330047607,474.66209594294867
27.136722940344256,88.33629988503081,West Sikkim,0,1328.4638671875,24.165834426879883,224.18177795410156,-1.985391616821289,851.6009381717691
27.13575503736135,88.29183340725601,West Sikkim,0,786.3035278320312,21.016225814819336,219.95713806152344,0.7661446928977966,908.1288707592286
27.319884844634323,88.15066457894005,West Sikkim,0,1980.188720703125,19.44589614868164,35.757713317871094,-0.22481387853622437,354.72555210128104
27.25578399025099,88.26589993151326,West Sikkim,0,1116.6253662109375,27.736160278320312,265.0225830078125,-0.4502595067024231,184.41303327450134
27.265693599840297,88.12515830791735,West Sikkim,0,1377.0938720703125,12.93079662322998,39.78839874267578,-0.9352647662162781,29.15826076839218
27.32481790918076,88.15429027889643,West Sikkim,0,1522.60400390625,30.79124641418457,56.60872268676758,-1.561292052268982,29.15826076839218
27.249382638861764,88.33100190252163,West Sikkim,0,986.2103881835938,23.820823669433594,253.24720764160156,-0.8137406706809998,29.15826076839218
27.161599139725702,88.36427058589003,West Sikkim,0,1290.176025390625,19.207740783691406,161.3202667236328,-1.0124233961105347,309.95656361374915
27.122637934604327,88.12958612789902,West Sikkim,0,1080.1065673828125,16.8150634765625,150.1748809814453,-1.38678777217865,105.13160430378801
27.147175560205287,88.21302408080926,West Sikkim,0,831.6971435546875,8.430824279785156,173.86891174316406,2.031235933303833,145.79130384196088
27.280727504434658,88.25388749923661,West Sikkim,0,1158.8905029296875,17.975875854492188,243.7484588623047,-1.3300745487213135,498.256578424176
27.220272331648797,88.33543671963673,West Sikkim,0,974.1980590820312,35.4693489074707,236.39796447753906,-1.4503495693206787,233.26608614713743
27.16980991858928,88.16560567385207,West Sikkim,0,1354.9010009765625,26.985559463500977,252.81292724609375,-0.6436873078346252,287.1755640555846
27.233766704733025,88.1021495989674,West Sikkim,0,2735.55908203125,23.223739624023438,106.32412719726562,0.004364760592579842,578.7749505540111
27.243669760654882,88.24204932578851,West Sikkim,0,1163.0380859375,25.3406925201416,66.14158630371094,0.7490158677101135,116.63304307356871
27.213150322324367,88.22376919874525,West Sikkim,0,1452.2103271484375,21.687816619873047,293.150390625,-0.1586245894432068,222.06269817368786
27.13692780866269,88.0819371663569,West Sikkim,0,1876.1260986328125,32.20456314086914,178.65957641601562,-0.19394467771053314,174.94956461035306
27.330787397159295,88.27015234006865,West Sikkim,0,968.9236450195312,46.608665466308594,157.5186767578125,-1.1310902833938599,264.0392812160338
27.253142382671125,88.13975990142988,West Sikkim,0,1534.065673828125,15.252096176147461,29.12248992919922,-0.31670355796813965,297.3570812809173
27.230696889431574,88.3143000644363,West Sikkim,0,1063.58544921875,31.280536651611328,263.1620788574219,-0.6430555582046509,392.284278244487
27.177929857731606,88.15928817350944,West Sikkim,0,1486.79150390625,23.405967712402344,45.63449478149414,-0.5294569134712219,87.47478230517653
27.253221040235047,88.32476839834527,West Sikkim,0,933.4944458007812,30.203214645385742,153.4967041015625,0.4337911307811737,145.79130384196088
27.195948638954036,88.21751163134815,West Sikkim,0,1778.268310546875,28.669614791870117,219.04420471191406,-0.12387879192829132,485.2901764690933
27.25596871446126,88.32419930565149,West Sikkim,0,1073.4444580078125,35.07249069213867,226.23239135742188,-0.14099325239658356,420.52641721515204
27.244059267385783,88.29515749311581,West Sikkim,0,880.4904174804688,47.06218338012695,167.74002075195312,1.0350369215011597,297.3570812809173
27.301259129952744,88.24771294755571,West Sikkim,0,1927.713623046875,39.64228820800781,141.12966918945312,-0.8098927736282349,812.2551549391025
27.261452133576928,88.16883127744815,West Sikkim,0,1318.2530517578125,32.59803771972656,6.046597003936768,0.37103334069252014,437.3739115258827
27.378103234073357,88.36608695282924,West Sikkim,0,1804.1865234375,29.575366973876953,246.52554321289062,-0.2488487809896469,309.95656361374915
27.206318872593236,88.22780527223152,West Sikkim,0,1709.1246337890625,48.983001708984375,56.90319061279297,-0.5026366114616394,1018.454264395717
27.231129494950483,88.24420516360419,West Sikkim,0,1670.4979248046875,27.732431411743164,139.86666870117188,1.948176383972168,702.2239095913667
27.154158587676577,88.24383288974137,West Sikkim,0,1234.3402099609375,31.102642059326172,58.48675537109375,1.3654807806015015,287.1755640555846
27.272249947402674,88.22886375666047,West Sikkim,0,822.1810913085938,32.57292175292969,172.98333740234375,-0.6172833442687988,235.08141380687945
27.101838528232687,88.25044229692742,West Sikkim,0,627.3515625,32.0252799987793,249.78744506835938,-0.22530204057693481,262.4243469155296
27.323545934640894,88.19772783134565,West Sikkim,0,1765.5748291015625,45.6721305847168,181.23118591308594,0.05231969431042671,693.0839463125809
27.185536238559145,88.16170972408509,West Sikkim,0,1721.42822265625,17.365217208862305,199.1599884033203,-0.7480395436286926,496.54728838338445
27.183051544906533,88.26469810239846,West Sikkim,0,1467.6456298828125,25.515920639038086,215.71981811523438,-0.18690937757492065,495.690433062667
27.24053287624955,88.3370350830578,West Sikkim,0,1294.6732177734375,34.66279602050781,14.282946586608887,0.8384647369384766,233.26608614713743
27.324619233807976,88.14745353675126,West Sikkim,0,1863.301025390625,37.91990280151367,343.510498046875,-0.8795279264450073,249.128289212088
27.30756980286886,88.26884376202437,West Sikkim,0,1286.9951171875,21.007301330566406,15.062386512756348,-0.21137501299381256,325.9992659189508
27.142182678745307,88.35251539722593,West Sikkim,0,1017.5192260742188,32.16728591918945,130.99391174316406,0.9594001770019531,598.2774908074114
27.17928429537446,88.0793853727837,West Sikkim,0,2289.98095703125,33.01100540161133,235.47080993652344,-0.5049912929534912,120.22258900738453
27.12911561939342,88.10316586689373,West Sikkim,0,1567.42822265625,36.11931228637695,41.522552490234375,-0.8676397204399109,29.15826076839218
27.15377677488013,88.12732938115332,West Sikkim,0,2464.66552734375,31.071992874145508,96.7589111328125,1.1936471462249756,380.1772074656567
27.130565115980346,88.26416659863139,West Sikkim,0,509.67462158203125,37.75580596923828,144.0419158935547,0.6990579962730408,148.67854064045866
27.29796852629908,88.09870663941898,West Sikkim,0,2229.293212890625,44.949127197265625,131.50535583496094,1.8082168102264404,594.7141625618347
27.128781686627537,88.33578063416873,West Sikkim,0,953.4034423828125,34.313621520996094,258.07476806640625,0.7709258198738098,532.0883281519216
27.289543483495656,88.09593489190866,West Sikkim,0,1742.348876953125,40.44858169555664,10.87121295928955,1.6041069030761719,58.31652153678436
27.35373040507884,88.2134162786439,West Sikkim,0,1362.671630859375,36.654659271240234,188.3914337158203,-0.12709492444992065,380.1772074656567
27.136350902421675,88.33041891248597,West Sikkim,0,1022.8704833984375,36.84331130981445,240.56349182128906,-1.455647587776184,544.7212642187818
27.274059116727294,88.15461555676643,West Sikkim,0,1664.837646484375,27.327714920043945,254.00543212890625,0.7118005156517029,204.10782537874525
27.15461490138965,88.26921572200285,West Sikkim,0,830.2338256835938,34.999454498291016,170.11492919921875,0.18754111230373383,174.94956461035306
27.150140835233515,88.27626613955056,West Sikkim,0,515.542724609375,29.755611419677734,165.91664123535156,-0.7183333039283752,29.15826076839218
27.154858177425478,88.28250055704814,West Sikkim,0,627.895751953125,20.628103256225586,134.42286682128906,0.43140774965286255,613.0173273232991
27.304216397601024,88.28413201961656,West Sikkim,0,710.427001953125,29.13892936706543,21.43885612487793,0.02047417126595974,29.15826076839218
27.155176207053493,88.35965658550685,West Sikkim,0,1271.997314453125,18.169876098632812,81.09119415283203,0.14828699827194214,406.1275774695512
27.26612088771695,88.18783493961121,West Sikkim,0,969.0614624023438,20.678319931030273,171.13949584960938,0.21904204785823822,58.31652153678436
27.13724120491447,88.30679057773887,West Sikkim,0,785.0460815429688,24.718904495239258,171.82684326171875,-2.0960469245910645,0.0
27.23700272007324,88.23970342618706,West Sikkim,0,1459.0653076171875,26.274173736572266,25.167652130126953,-0.6252806186676025,496.54728838338445
27.263964224360475,88.18351198930571,West Sikkim,0,1043.2373046875,24.811912536621094,339.9574279785156,-0.4860103130340576,145.79130384196088
27.311554233233597,88.23717592304466,West Sikkim,0,1642.3355712890625,24.76311492919922,250.86239624023438,0.31294184923171997,438.344776009123
27.350298110230515,88.20469958766878,West Sikkim,0,1220.9315185546875,36.067718505859375,102.13346099853516,0.8431453704833984,123.70802350161468
27.301601991180384,88.20870544773317,West district,0,1916.715576171875,30.387866973876953,351.5297546386719,1.3216609954833984,686.3039492490243
27.280660103073473,88.20149161686462,West district,0,1397.003173828125,36.25934600830078,159.14297485351562,0.1809939742088318,164.94403133548627
