lon,lat,elevation_m,slope_deg,aspect_deg,distance_to_stream_m,landcover_class,soil_erodibility_k,rusle_ls_factor,rusle_c_factor,rainfall_erosivity_r,soil_loss_tha_yr,label
94.719475,25.956083,1882.522,33.594,80.53,657.289,10,0.126,25.962,0.001,1171.734,3.81,1
94.616667,26.389556,1360.777,12.942,136.498,852.747,10,0.121,3.679,0.001,1260.921,0.565,1
95.076889,26.824694,395.728,15.368,48.165,762.72,10,0.126,6.041,0.001,1287.52,0.976,1
95.07475,26.641861,889.099,39.678,298.449,815.832,10,0.124,34.581,0.001,1287.52,5.543,1
94.257306,26.033528,1427.371,35.502,306.27,592.247,50,0.126,24.166,0.001,1067.37,3.234,1
94.438,25.654,1542.298,20.141,18.272,41.364,10,0.127,14.783,0.05,971.372,91.011,1
94.63475,26.114866,1188.096,36.46,290.25,58.498,10,0.127,33.192,0.001,1198.367,5.04,1
94.444333,26.39425,708.141,32.09,320.058,269.662,10,0.126,14.919,0.001,1212.052,2.27,1
94.620083,26.391361,1319.384,8.021,348.427,1079.046,10,0.122,3.462,0.001,1256.573,0.531,1
94.06175,25.832806,739.45,25.521,9.428,228.442,10,0.123,11.363,0.001,1097.222,1.538,1
94.256,26.0325,1421.679,26.475,299.338,544.063,10,0.125,9.002,0.001,1069.165,1.207,1
95.077,26.824278,400.756,17.507,45.686,778.814,10,0.125,7.123,0.001,1287.52,1.15,1
94.240556,26.216583,293.175,27.687,132.813,58.498,10,0.123,9.5,0.001,962.747,1.126,1
93.74,25.53,1347.295,22.286,296.474,638.808,10,0.126,17.568,0.001,1050.471,2.323,1
94.543806,26.479167,527.918,17.634,282.672,564.892,10,0.125,11.865,0.001,1254.43,1.86,1
94.839167,26.293056,813.467,37.859,332.847,58.498,10,0.123,23.749,0.001,1404.692,4.114,1
95.075083,26.639472,918.901,41.858,242.65,762.72,10,0.126,20.066,0.001,1287.52,3.248,1
94.493,25.614,819.212,39.06,134.215,196.208,30,0.129,35.819,0.05,954.05,219.572,1
94.41275,26.178,960.044,24.911,106.333,675.265,30,0.126,11.034,0.05,1182.834,82.559,1
94.683989,26.210043,1822.841,27.323,246.568,745.706,10,0.126,9.35,0.001,1275.037,1.506,1
94.116167,26.109167,668.672,40.853,290.071,708.043,10,0.119,22.996,0.001,941.043,2.598,1
93.71,25.51,1180.346,22.72,286.307,330.915,10,0.122,18.956,0.001,1028.971,2.398,1
93.98,25.84,503.872,25.358,315.447,418.782,10,0.117,16.266,0.001,1088.02,2.077,1
94.031639,25.984456,751.967,39.389,60.645,659.887,10,0.125,29.171,0.001,969.894,3.524,1
94.103,25.63,1472.183,30.386,150.596,29.249,10,0.125,18.47,0.001,1989.213,4.593,1
94.837778,26.529444,1037.284,33.005,303.767,544.063,10,0.124,15.413,0.001,1257.65,2.406,1
94.119,25.686,1414.121,10.899,103.796,380.237,10,0.127,7.49,0.001,1654.7,1.696,1
95.078722,26.820528,454.49,15.097,0.057,917.971,10,0.125,5.906,0.001,1287.52,0.946,1
94.23894,25.53633,1693.574,17.662,112.827,567.913,30,0.126,7.203,0.05,1136.45,51.454,1
94.108,25.695,1379.424,19.233,78.191,479.719,10,0.126,13.956,0.01,1490.828,26.281,1
95.028278,26.578028,469.154,26.709,36.756,65.403,10,0.124,23.086,0.001,1340.05,3.843,1
94.323611,26.131917,918.334,36.42,310.443,472.532,10,0.126,26.752,0.001,1012.491,3.4,1
93.78,25.79,245.14,28.076,322.93,292.49,10,0.123,12.746,0.001,889.385,1.397,1
94.990278,26.641111,519.676,19.861,243.633,434.818,10,0.119,6.323,0.001,1340.05,1.011,1
94.21,25.671,837.363,16.77,94.178,165.457,10,0.127,7.935,0.001,1230.389,1.242,1
94.559278,26.320861,1051.532,15.765,237.076,517.467,10,0.124,11.999,0.001,1245.327,1.848,1
94.203556,25.896389,1385.808,32.789,143.752,745.706,30,0.122,20.184,0.01,970.094,23.993,1
94.981389,26.637222,339.737,26.851,195.105,41.364,10,0.124,23.234,0.01,1194.13,34.334,1
95.009,26.378222,1385.339,29.029,41.039,116.996,10,0.13,15.598,0.001,1235.899,2.507,1
94.04,25.708,1026.481,3.112,333.768,124.093,50,0.123,0.583,0.01,1646.687,1.222,1
95.033056,26.727722,677.572,33.674,79.586,476.139,50,0.121,20.812,0.01,1340.05,33.739,1
93.81,25.77,273.048,16.559,169.278,92.493,10,0.125,10.304,0.001,943.302,1.22,1
94.223583,25.757639,1066.397,29.448,278.366,675.265,50,0.126,25.942,0.05,903.313,147.741,1
94.797197,25.940053,1092.159,38.342,146.675,301.137,10,0.128,21.465,0.001,1105.858,3.048,1
94.354,25.623,1822.15,26.648,243.315,418.782,10,0.127,9.073,0.001,1066.697,1.234,1
94.096,25.662,1426.02,19.653,27.969,298.282,50,0.0,9.684,0.01,1748.47,0.0,1
95.075667,26.813917,582.986,22.191,237.863,366.489,10,0.127,7.256,0.001,1287.52,1.178,1
94.518333,25.833644,823.664,32.425,91.92,58.498,10,0.128,15.1,0.001,1092.669,2.123,1
94.565806,25.966581,1842.267,22.964,147.62,549.539,10,0.127,14.409,0.05,1105.856,101.784,1
94.863333,26.435278,742.668,22.541,98.36,445.507,50,0.127,18.773,0.15,1268.639,451.989,1
93.74,25.54,1269.556,12.908,112.377,410.529,30,0.161,3.666,0.05,1066.826,28.766,1
94.764167,26.590556,978.751,36.354,173.734,621.842,10,0.124,20.232,0.001,1267.36,3.17,1
94.755389,25.660583,1674.344,33.482,327.482,235.813,10,0.132,18.429,0.001,1149.906,2.794,1
94.257556,26.085528,1293.254,25.172,206.066,177.915,50,0.0,13.141,0.001,1049.241,0.446,1
94.5095,25.650556,1252.694,37.305,228.563,120.597,30,0.129,20.824,0.05,949.609,127.563,1
94.06267,25.66969,1430.673,37.224,190.885,92.493,10,0.127,25.483,0.001,1509.659,4.898,1
94.84056,26.37639,1885.683,25.845,256.912,703.193,10,0.124,8.744,0.001,1374.828,1.493,1
94.372639,25.866722,736.272,29.299,339.844,87.747,10,0.123,10.162,0.001,1068.092,1.337,1
94.789617,25.784961,867.801,40.96,248.052,393.505,10,0.13,37.327,0.001,979.331,4.752,1
94.773056,26.562222,1171.15,40.075,238.066,498.092,10,0.123,36.832,0.001,1267.36,5.765,1
94.23669,25.55408,1161.104,30.336,320.428,65.403,10,0.131,23.06,0.001,1197.035,3.606,1
94.348,25.624,1794.241,24.999,171.378,374.57,30,0.126,17.196,0.05,1087.95,117.677,1
94.259111,26.112194,1374.794,13.801,337.307,562.616,10,0.201,10.132,0.001,1049.194,1.782,1
94.270389,26.065972,1624.371,19.406,125.993,795.659,10,0.127,15.587,0.001,1031.228,2.045,1
93.775,25.74,343.613,20.911,79.743,175.494,10,0.124,8.896,0.001,902.141,0.995,1
94.769017,25.905494,1375.685,19.753,111.847,29.249,10,0.129,10.935,0.001,1028.409,1.451,1
94.652408,25.941525,2019.431,27.952,169.118,745.706,10,0.125,9.608,0.001,1080.868,1.294,1
94.307917,26.053667,999.845,28.695,258.964,425.872,10,0.129,13.081,0.001,1039.323,1.735,1
93.93,25.78,771.735,16.375,253.216,29.249,10,0.121,6.547,0.001,1221.042,0.976,1
94.264853,25.998778,1113.951,9.509,253.032,275.934,10,0.125,2.477,0.001,1137.008,0.35,1
94.635167,26.698583,140.687,28.346,280.054,58.498,10,0.126,21.279,0.001,1238.24,3.333,1
94.554867,26.194204,1544.627,27.994,347.42,447.424,10,0.126,16.759,0.001,1257.329,2.647,1
95.0185,26.4285,1653.539,26.325,281.765,688.44,10,0.129,13.874,0.001,1312.244,2.339,1
94.844722,26.300556,917.625,31.696,84.346,105.459,10,0.127,28.281,0.001,1405.016,5.055,1
94.661194,25.502583,1581.913,27.074,331.334,29.249,10,0.13,9.248,0.001,1050.157,1.266,1
94.409639,26.182056,939.502,17.211,185.981,631.399,10,0.127,5.283,0.001,1186.733,0.809,1
94.052,25.682,1273.59,20.814,351.126,490.302,10,0.125,14.599,0.001,1568.17,2.854,1
94.221583,26.205889,558.19,40.641,74.747,503.219,10,0.124,22.868,0.001,921.796,2.614,1
94.597519,25.958047,1733.666,25.126,167.224,381.36,10,0.13,11.149,0.001,1095.404,1.582,1
94.858722,25.587778,1234.026,45.984,117.906,562.616,30,0.13,40.366,0.05,1176.673,307.803,1
94.483064,25.750978,737.51,32.345,97.024,58.498,10,0.126,28.956,0.001,1005.137,3.655,1
94.777417,25.7345,1582.266,39.715,39.071,661.829,10,0.126,31.305,0.001,798.867,3.162,1
94.321,25.607,1847.373,27.438,138.645,661.829,10,0.128,19.242,0.05,1133.571,139.195,1
93.9873,26.0038,513.777,19.987,191.442,392.416,10,0.124,9.891,0.001,830.141,1.02,1
94.025528,25.949278,486.155,24.363,211.422,438.735,10,0.123,20.651,0.001,1003.807,2.555,1
94.7058,25.7578,654.577,24.289,357.442,87.747,10,0.127,15.435,0.001,827.644,1.621,1
94.131,25.682,1324.384,15.645,195.078,587.897,10,0.126,8.154,0.05,1729.33,89.271,1
94.257556,26.022278,1310.304,27.496,50.187,316.376,50,0.126,14.62,0.01,1089.857,20.076,1
94.632275,25.879925,1919.034,30.882,270.438,165.457,30,0.124,16.779,0.05,1077.67,111.497,1
94.20064,25.61092,1230.361,37.685,74.601,264.861,10,0.129,17.907,0.001,1247.997,2.871,1
95.052417,26.114861,1899.264,34.567,108.013,323.066,10,0.125,19.113,0.001,1347.225,3.195,1
94.813333,26.260556,1279.605,32.53,278.242,315.021,10,0.126,29.148,0.001,1403.224,5.171,1
94.089,25.667,1333.708,19.568,263.236,41.364,50,0.127,9.633,0.01,1651.59,21.442,1
94.253972,26.002139,1145.811,20.585,288.157,682.825,50,0.125,13.538,0.05,1128.672,95.539,1
94.294,25.561,1985.278,36.792,331.315,556.5,10,0.124,25.154,0.001,1100.318,3.41,1
94.086833,25.773583,1361.913,23.361,131.511,447.424,50,0.126,13.46,0.01,1246.274,21.145,1
94.084,25.721,1323.909,21.415,248.196,327.014,10,0.123,6.944,0.001,1457.56,1.247,1
94.098,25.666,1438.034,23.193,255.315,288.069,50,0.0,19.443,0.01,1721.774,0.0,1
94.52225,25.651528,1114.342,36.914,215.003,235.813,30,0.129,25.247,0.05,930.487,152.088,1
94.970833,26.625556,341.205,10.966,266.768,0.0,10,0.125,7.549,0.15,1194.13,168.996,1
94.475667,26.282667,1252.769,2.075,359.91,808.987,50,0.123,0.344,0.01,1204.77,0.508,1
94.087,25.714,1401.148,31.442,203.566,868.651,50,0.123,11.042,0.01,1436.98,19.599,1
94.08703,25.73572,1442.135,21.708,242.545,761.036,10,0.124,9.318,0.001,1419.535,1.635,1
94.770278,26.275,1946.066,40.162,130.975,600.139,10,0.122,22.578,0.001,1400.762,3.872,1
94.796303,25.786425,911.866,24.466,128.504,235.813,10,0.131,20.757,0.001,1015.605,2.758,1
93.68,25.51,1191.203,24.309,89.994,476.139,10,0.125,10.709,0.001,1040.724,1.391,1
94.318,25.696,1509.838,18.154,216.013,310.921,10,0.128,11.57,0.001,1109.864,1.642,1
94.038,25.683,1096.818,17.947,91.879,222.754,10,0.126,14.132,0.001,1634.551,2.905,1
94.485,25.62,1105.806,31.751,222.664,82.729,10,0.129,28.339,0.001,966.521,3.549,1
95.034417,26.220028,1316.851,38.225,148.071,204.743,30,0.127,21.393,0.05,1229.943,166.76,1
94.336,25.623,1817.026,26.51,164.316,82.729,50,0.127,17.164,0.05,1122.647,122.772,1
95.03975,26.064111,1651.21,34.53,248.051,65.403,10,0.127,12.301,0.001,1383.169,2.163,1
94.576933,25.971736,1833.236,34.49,113.684,301.137,10,0.125,31.173,0.001,1103.87,4.309,1
95.096306,26.577389,1486.167,37.781,169.629,539.325,30,0.128,34.533,0.05,1287.52,284.168,1
94.025667,25.948833,485.442,27.734,321.863,439.709,10,0.123,22.923,0.001,1004.388,2.839,1
94.007194,25.839583,1216.851,31.169,174.595,714.059,10,0.123,22.38,0.001,1110.489,3.056,1
94.750278,25.657361,1694.822,24.045,343.172,29.249,10,0.13,20.322,0.001,1153.271,3.039,1
95.071222,26.786972,887.013,35.513,31.986,688.44,10,0.125,19.707,0.001,1340.05,3.3,1
94.863694,25.581,1226.806,41.284,345.54,288.069,10,0.128,38.026,0.001,1242.433,6.019,1
94.784806,25.568528,1007.994,29.393,323.991,157.511,10,0.126,19.418,0.001,1257.704,3.088,1
94.812894,26.183504,1995.863,44.236,276.04,894.847,10,0.125,25.004,0.001,1349.454,4.244,1
94.288,25.652,1813.324,35.59,229.577,642.147,10,0.125,19.755,0.001,1226.166,3.033,1
94.7597,25.673292,1515.796,14.313,276.715,105.459,40,0.128,8.565,0.15,1083.288,178.78,1
94.70475,26.70675,748.866,25.968,256.388,823.659,10,0.121,21.178,0.001,1238.24,3.167,1
94.814241,26.185491,2034.948,22.319,106.539,838.074,30,0.125,9.643,0.05,1350.164,81.372,1
94.82056,26.24139,1418.27,25.811,93.321,518.293,10,0.133,22.153,0.001,1402.55,4.103,1
95.051694,26.229389,1301.557,29.088,80.785,628.003,50,0.128,19.179,0.05,1260.025,154.91,1
94.257194,26.111278,1417.67,20.442,357.717,620.465,10,0.201,16.632,0.001,1051.903,2.553,1
94.820553,25.861553,917.906,39.033,166.743,120.597,10,0.132,18.612,0.001,1151.387,2.811,1
94.091,25.669,1321.209,14.542,16.132,157.511,10,0.134,6.624,0.001,1646.295,1.528,1
93.992,25.645,2037.395,18.458,146.982,116.996,30,0.123,7.613,0.05,1444.531,67.548,1
94.38,26.42,636.798,26.568,281.088,482.387,10,0.124,11.929,0.001,1130.651,1.675,1
94.990833,26.596389,577.185,21.729,298.768,130.805,10,0.126,7.07,0.001,1340.05,1.192,1
94.041583,25.907167,1028.402,28.478,262.651,585.711,10,0.122,18.703,0.001,1069.702,2.424,1
94.19439,25.62153,1041.239,24.783,307.416,165.457,10,0.131,15.819,0.001,1307.008,2.704,1
94.147472,25.824278,1390.52,28.1,263.514,711.659,10,0.125,18.407,0.001,860.407,1.982,1
94.077,25.748,1176.245,23.964,211.799,739.947,10,0.126,20.238,0.001,1409.299,3.609,1
94.458,25.679,1546.028,24.561,92.434,352.204,10,0.13,20.855,0.001,970.996,2.625,1
94.08611,25.65747,1584.608,21.316,4.212,235.813,10,0.123,6.904,0.001,1731.382,1.478,1
94.456,25.6702,1415.247,31.595,189.245,105.459,60,0.13,28.177,0.05,971.393,177.895,1
94.473083,26.232694,969.667,15.126,70.166,654.027,10,0.124,5.921,0.001,1200.736,0.886,1
95.096639,26.256833,1290.166,23.884,347.516,124.093,10,0.128,15.12,0.001,1338.658,2.587,1
94.253222,26.101583,1304.817,6.936,159.447,87.747,40,0.0,2.175,0.05,1057.014,0.223,1
95.064417,26.750028,854.006,31.417,107.381,630.043,10,0.122,11.031,0.001,1340.05,1.801,1
95.054833,26.045083,1206.624,24.788,344.635,350.988,30,0.124,21.091,0.05,1437.065,188.68,1
94.703611,26.635667,703.919,23.032,121.873,442.618,10,0.125,7.597,0.001,1238.24,1.181,1
94.216972,25.965944,1231.978,17.812,156.32,381.36,50,0.125,13.999,0.001,1075.827,1.889,1
94.907639,25.827106,1713.53,36.911,199.97,380.237,30,0.126,13.261,0.05,1579.187,131.967,1
95.022,26.725444,669.868,38.548,353.124,105.459,10,0.121,21.592,0.001,1340.05,3.505,1
94.638139,26.178889,1611.351,33.898,77.219,263.241,10,0.127,15.893,0.001,1297.625,2.618,1
95.023861,26.725083,666.279,38.081,1.942,58.498,10,0.121,21.304,0.001,1340.05,3.471,1
94.450333,25.862222,1674.768,34.743,240.0,105.459,50,0.122,31.116,0.45,1097.572,1878.553,1
94.504756,25.998217,1775.417,26.783,42.035,361.79,10,0.127,12.045,0.001,1130.32,1.734,1
94.284333,26.333833,813.764,28.474,191.303,860.239,10,0.123,20.114,0.001,945.751,2.335,1
95.075167,26.644083,881.302,34.454,250.631,877.957,10,0.126,26.723,0.001,1287.52,4.291,1
94.335,25.621,1782.749,30.6,144.917,146.245,10,0.128,16.599,0.001,1120.751,2.388,1
94.150333,25.839778,1419.493,28.097,157.606,558.801,10,0.127,24.533,0.001,884.121,2.739,1
94.244,25.666,1329.523,38.483,225.476,431.856,10,0.127,24.18,0.001,1217.439,3.726,1
94.416361,25.910917,1360.585,32.573,194.531,774.408,10,0.128,23.557,0.001,1091.167,3.292,1
94.112,25.728,1274.68,21.302,162.437,600.139,10,0.125,13.133,0.001,1335.388,2.192,1
95.032278,26.439528,1632.973,23.071,92.303,643.478,10,0.128,10.045,0.001,1321.082,1.696,1
94.827222,26.749722,621.863,15.351,238.346,602.274,10,0.122,4.572,0.001,1257.65,0.703,1
94.849811,25.789933,684.872,33.1,228.39,248.186,10,0.126,29.738,0.001,1144.709,4.293,1
93.9803,26.0043,474.431,19.709,196.464,654.027,10,0.123,9.719,0.001,812.263,0.973,1
94.116583,26.212972,606.64,32.202,251.257,682.825,10,0.123,17.618,0.001,911.979,1.964,1
94.544,26.686961,455.962,20.272,194.348,684.701,10,0.125,8.559,0.001,1254.43,1.348,1
94.15269,25.83889,1350.234,18.549,221.704,472.532,10,0.126,14.73,0.001,882.462,1.646,1
94.472861,26.367056,948.226,18.754,278.056,241.193,10,0.123,5.886,0.001,1148.679,0.832,1
95.068972,26.78725,866.233,39.916,32.284,923.546,10,0.124,22.428,0.001,1340.05,3.732,1
94.48315,25.751567,742.521,35.473,101.849,65.403,10,0.126,25.971,0.001,1005.885,3.28,1
94.138278,25.808722,1407.75,28.964,297.533,876.494,10,0.125,20.526,0.001,899.46,2.309,1
94.035694,25.881917,1116.649,39.362,297.635,654.027,10,0.123,22.091,0.001,1086.795,2.957,1
93.87,25.579,1623.611,43.199,154.794,82.729,10,0.126,15.721,0.001,1124.975,2.232,1
94.25328889,26.10694722,1371.763,12.272,222.958,323.066,50,0.0,3.437,0.01,1057.576,0.069,1
94.919444,26.393889,771.614,18.248,327.557,760.474,10,0.124,5.687,0.001,1262.8,0.894,1
94.784833,25.581806,974.24,41.825,288.354,170.549,10,0.129,23.58,0.001,1213.278,3.687,1
94.484833,26.191278,1082.546,11.651,226.877,644.142,10,0.126,3.216,0.001,1182.885,0.48,1
94.135,25.538,1736.766,15.622,70.705,731.225,50,0.126,4.675,0.001,1062.391,0.626,1
94.349306,26.089806,1010.425,24.159,287.478,851.743,10,0.128,17.543,0.001,982.228,2.219,1
94.106,25.672,1405.126,20.928,288.645,462.467,50,0.258,11.75,0.01,1712.054,34.915,1
94.730878,25.641,1785.593,41.615,292.276,263.241,10,0.13,23.454,0.001,1183.529,3.608,1
94.634561,26.13961,1350.281,26.708,120.874,355.829,10,0.127,9.098,0.001,1229.997,1.421,1
95.000806,26.37175,1381.741,35.975,273.379,146.245,30,0.13,19.996,0.05,1231.515,160.35,1
94.572292,25.981228,1631.746,26.589,98.232,146.245,30,0.129,11.94,0.05,1106.979,84.922,1
94.116411,26.209389,508.412,44.253,264.594,486.8,10,0.124,21.269,0.001,909.33,2.395,1
94.426,25.603,840.575,27.126,109.32,58.498,30,0.127,23.52,0.001,957.578,2.855,1
94.086,25.717,1374.738,21.159,302.4,576.88,10,0.123,6.841,0.001,1444.813,1.217,1
94.121,25.651,1249.386,26.965,141.159,29.249,30,0.127,14.282,0.05,2023.172,181.944,1
94.660667,26.719417,211.949,18.67,318.992,380.237,10,0.126,5.853,0.001,1238.24,0.912,1
94.115,25.63861,1321.353,18.328,116.828,58.498,50,0.127,5.718,0.01,2105.266,15.266,1
94.603363,26.150343,1732.86,36.045,228.492,228.442,10,0.126,20.04,0.001,1261.083,3.184,1
95.031806,26.439389,1641.975,16.345,142.119,701.976,50,0.128,6.531,0.01,1321.0,11.039,1
94.714094,25.764292,687.898,28.592,225.848,222.754,30,0.127,25.048,0.05,826.162,131.779,1
95.083833,26.074,1978.472,34.708,188.95,352.204,10,0.127,21.544,0.001,1510.538,4.117,1
94.863056,26.435556,768.313,25.147,107.582,407.391,30,0.126,8.458,0.05,1268.404,67.838,1
94.439,25.657,1512.963,7.872,222.714,29.249,60,0.127,4.925,0.05,971.25,30.298,1
94.526964,25.836419,848.248,19.515,310.583,228.442,10,0.125,9.6,0.001,1090.939,1.3,1
94.614097,25.963,1470.396,28.131,232.512,92.493,10,0.13,15.025,0.001,1091.715,2.134,1
94.537237,26.101907,1567.633,35.756,279.927,350.988,10,0.127,32.472,0.001,1169.303,4.793,1
94.583333,25.613472,944.803,26.031,272.649,806.869,10,0.133,22.381,0.001,858.718,2.539,1
93.73,25.53,1274.244,17.294,211.184,310.921,30,0.124,13.489,0.001,1053.921,1.77,1
94.215,25.665,811.64,26.718,47.041,261.611,10,0.129,15.847,0.001,1207.994,2.459,1
94.247,25.665,1478.778,27.566,266.379,619.775,10,0.126,12.469,0.05,1218.486,96.071,1
94.048806,25.865722,942.227,31.329,208.065,632.752,50,0.122,17.063,0.01,1131.501,23.646,1
95.062,26.747806,829.738,35.258,305.914,352.204,10,0.121,23.979,0.001,1340.05,3.887,1
94.44,26.55,538.203,26.881,52.99,249.903,10,0.123,23.266,0.001,1182.87,3.399,1
95.027278,26.726667,671.016,18.597,311.855,261.611,10,0.133,11.087,0.001,1340.05,1.812,1
94.171169,25.781919,1470.297,35.236,222.204,888.13,10,0.126,16.609,0.001,1023.527,2.147,1
94.873417,26.160167,2106.802,34.389,266.727,527.294,10,0.125,21.318,0.001,1296.287,3.446,1
94.82583,26.38778,1635.194,20.604,195.588,646.131,10,0.125,15.207,0.001,1352.258,2.575,1
94.43,26.5,440.339,1.759,241.876,0.0,10,0.125,0.705,0.001,1182.87,0.104,1
94.217,25.671,804.425,21.249,269.173,352.204,10,0.125,6.878,0.001,1160.811,0.996,1
94.054,25.683,1215.759,16.706,341.886,476.139,10,0.124,12.912,0.001,1561.057,2.5,1
93.93,25.77,739.416,13.356,306.863,298.282,10,0.125,3.83,0.001,1294.083,0.619,1
94.932467,25.804908,2106.277,25.335,242.83,529.722,10,0.126,8.535,0.001,1628.624,1.747,1
94.746306,26.674306,906.301,17.249,174.659,863.712,50,0.122,8.222,0.01,1267.36,12.726,1
94.818392,25.971456,1145.065,33.833,170.685,29.249,10,0.128,18.65,0.001,1176.385,2.813,1
94.213417,26.235639,392.793,19.369,208.938,58.498,10,0.124,11.666,0.001,933.329,1.354,1
95.079417,26.699056,754.078,38.821,277.992,288.069,10,0.12,24.413,0.001,1287.52,3.793,1
94.111472,25.935694,715.756,30.032,241.994,454.066,10,0.127,19.918,0.001,1101.286,2.781,1
94.662417,26.504917,973.644,16.532,263.398,827.286,10,0.124,12.093,0.001,1238.24,1.849,1
94.283222,26.192972,1001.703,11.131,153.275,937.794,10,0.125,4.002,0.001,978.952,0.489,1
94.2215,25.966861,1258.236,27.297,120.349,497.233,50,0.127,12.323,0.01,1078.397,16.793,1
94.626957,26.148727,1513.506,26.423,84.803,504.916,10,0.127,18.389,0.001,1246.631,2.904,1
95.095694,26.57725,1473.026,43.455,170.473,479.719,10,0.128,36.339,0.001,1287.52,5.971,1
94.950069,25.872444,1816.034,14.309,23.433,0.0,10,0.128,10.61,0.001,1618.61,2.19,1
93.98167,25.74697,886.562,14.593,125.237,269.662,10,0.122,4.287,0.001,1601.983,0.836,1
94.641739,25.920367,1882.259,40.4,141.517,455.008,10,0.126,19.321,0.001,1079.734,2.623,1
94.795278,26.233444,1670.13,32.927,108.107,682.825,10,0.127,29.559,0.05,1402.181,262.517,1
94.97369,26.41931,690.514,28.174,338.577,105.459,10,0.123,24.613,0.001,1275.228,3.856,1
95.046111,26.441056,1612.892,33.985,163.823,390.23,30,0.127,22.996,0.001,1315.774,3.841,1
95.076444,26.812389,574.798,14.5,287.115,380.237,10,0.126,10.79,0.001,1287.52,1.746,1
94.05683,25.65778,1513.032,39.235,239.408,105.459,10,0.127,18.718,0.001,1536.823,3.663,1
94.09194,25.71281,1437.012,15.264,191.013,657.289,10,0.124,11.402,0.001,1413.132,1.997,1
94.650258,25.895111,2051.283,22.451,358.596,369.974,10,0.124,15.074,0.001,1078.606,2.02,1
94.95814,26.40653,670.846,29.984,278.508,0.0,10,0.126,26.5,0.001,1259.392,4.188,1
95.058194,26.239056,1210.857,32.863,220.497,170.549,30,0.128,18.037,0.001,1271.03,2.945,1
94.542753,26.033098,1638.028,35.869,180.194,184.987,10,0.127,32.588,0.001,1138.367,4.712,1
93.488956,25.287664,1417.756,42.251,283.927,29.249,10,0.126,26.741,0.001,881.468,2.944,1
94.361,25.624,1834.11,16.322,20.375,610.737,10,0.128,6.52,0.001,1047.341,0.87,1
94.182611,26.179,637.595,23.093,329.39,584.98,10,0.121,10.057,0.001,895.739,1.088,1
94.212861,25.881639,1404.786,32.36,147.545,592.247,10,0.125,19.878,0.001,947.341,2.354,1
94.602548,26.150578,1720.014,31.308,199.36,212.936,10,0.126,20.915,0.001,1262.025,3.315,1
94.6215,26.161639,1692.066,37.949,145.67,58.498,30,0.125,28.004,0.05,1273.571,222.404,1
94.816972,25.962689,1137.403,34.576,187.845,170.549,10,0.129,29.669,0.001,1156.863,4.43,1
94.768611,25.555056,1150.128,8.984,12.98,116.996,40,0.129,2.302,0.05,1340.991,19.847,1
94.503278,25.624639,899.415,36.308,123.176,409.486,30,0.131,22.668,0.05,942.818,140.276,1
94.108,25.662,1390.436,13.686,5.506,196.208,10,0.163,3.951,0.001,1827.143,1.314,1
94.215556,26.235278,405.523,9.918,215.842,0.0,10,0.125,6.634,0.001,932.967,0.771,1
94.104,25.665,1397.368,14.705,109.34,298.282,50,0.0,4.329,0.01,1770.852,0.0,1
95.020358,26.194406,1274.839,29.187,200.803,293.949,30,0.127,25.669,0.05,1224.215,200.069,1
94.249667,26.299889,1089.234,19.004,202.091,518.293,10,0.124,7.896,0.001,951.903,0.928,1
94.019194,26.129722,240.58,31.549,126.661,130.805,10,0.12,19.301,0.001,828.854,1.918,1
93.7,25.51,1196.796,37.809,315.094,471.626,10,0.123,21.136,0.001,1032.965,2.674,1
94.795519,25.834436,581.234,35.917,193.384,120.597,30,0.126,19.96,0.05,1030.832,129.633,1
94.255139,26.013556,1223.735,26.163,148.049,567.913,50,0.129,22.519,0.01,1106.549,31.936,1
94.787222,26.506389,1034.884,27.46,195.923,315.021,10,0.125,14.597,0.01,1267.36,22.929,1
94.11,25.692,1417.614,21.198,67.818,484.157,10,0.126,6.857,0.001,1533.687,1.329,1
94.295,25.574,2018.61,28.223,12.26,496.372,10,0.141,15.084,0.001,1126.942,1.687,1
94.105472,26.098056,694.094,39.33,319.017,602.274,10,0.121,18.767,0.001,935.7,2.121,1
94.156806,25.849611,1482.872,19.855,248.869,843.67,50,0.125,15.877,0.01,898.9,17.96,1
94.486528,26.195917,1077.983,16.355,146.981,625.272,50,0.126,6.537,0.01,1184.636,9.722,1
94.204389,26.208417,644.922,28.027,295.456,784.833,10,0.122,9.639,0.001,915.158,1.076,1
94.870278,26.404167,918.213,32.34,78.992,333.49,10,0.126,11.409,0.001,1314.582,1.895,1
94.03,25.65,1505.993,23.293,244.791,146.245,30,0.128,19.545,0.05,1584.119,197.224,1
94.36,26.49,192.68,8.58,20.956,149.141,10,0.126,2.862,0.001,1182.87,0.425,1
94.032417,25.761278,595.931,26.623,102.445,120.597,30,0.122,11.959,0.05,1494.779,109.346,1
94.221333,25.878861,1419.152,42.761,207.99,722.397,10,0.124,33.875,0.001,944.197,3.977,1
94.448389,26.486389,895.775,40.844,259.967,500.662,10,0.123,32.266,0.001,1326.07,5.234,1
94.859428,25.588806,1245.984,36.316,133.312,641.48,10,0.129,17.184,0.001,1175.928,2.614,1
93.848,25.598,1726.846,43.532,230.637,518.293,10,0.125,20.91,0.001,1139.742,2.983,1
94.040083,25.9545,638.949,35.232,188.176,65.403,10,0.123,25.771,0.001,1013.73,3.21,1
94.014361,25.948222,389.43,25.57,244.835,58.498,10,0.123,8.631,0.001,996.199,1.059,1
94.076639,25.83025,816.592,24.951,260.935,421.835,10,0.124,21.259,0.001,1042.26,2.759,1
93.95,25.76,972.502,27.635,150.603,549.539,10,0.122,14.709,0.001,1506.188,2.713,1
93.784,25.745,303.385,19.528,228.257,58.498,10,0.124,8.169,0.001,913.593,0.928,1
94.818667,25.962494,1119.6,23.192,138.467,241.193,10,0.129,7.662,0.001,1156.222,1.144,1
94.0,25.8,576.525,16.344,149.296,380.237,10,0.124,7.681,0.001,1262.295,1.211,1
95.072222,26.818889,528.354,18.108,333.077,701.976,10,0.125,7.432,0.001,1287.52,1.193,1
94.819272,25.623364,631.412,38.174,181.153,58.498,10,0.127,23.967,0.001,1001.247,3.053,1
94.399222,26.114833,505.702,31.805,188.484,293.949,10,0.125,17.366,0.001,1048.63,2.272,1
94.252611,26.096778,1347.341,17.181,34.948,222.754,50,0.0,6.956,0.01,1057.47,2.781,1
94.096,25.682,1280.567,24.792,242.078,269.662,10,0.126,8.313,0.001,1543.239,1.612,1
94.206,25.624,1001.84,15.553,62.15,196.208,10,0.13,4.648,0.001,1268.76,0.768,1
94.15,26.26,480.287,15.801,271.933,425.872,10,0.123,4.743,0.001,949.439,0.554,1
94.828308,25.915344,663.907,31.489,133.867,288.069,10,0.126,25.411,0.001,1172.067,3.761,1
94.218,25.672,834.959,28.635,276.61,446.466,10,0.125,15.346,0.001,1158.434,2.214,1
95.009028,26.782472,792.05,35.697,246.675,496.372,10,0.12,12.773,0.001,1340.05,2.069,1
94.423667,26.074417,912.115,32.508,189.91,643.478,10,0.124,19.984,0.001,1048.118,2.588,1
95.096361,26.571222,1408.18,33.508,314.528,116.996,10,0.127,24.338,0.001,1287.52,3.979,1
94.70858,26.70744,757.282,21.744,57.283,719.43,50,0.121,7.076,0.001,1238.24,1.06,1
94.386,25.708,2075.129,37.246,72.429,745.706,10,0.124,25.5,0.001,1076.635,3.409,1
95.092167,26.547167,1436.957,31.604,43.447,228.442,10,0.124,17.238,0.001,1287.52,2.764,1
95.033361,26.066583,1709.416,36.447,246.555,175.494,10,0.126,13.075,0.001,1362.782,2.255,1
94.856314,25.788847,613.971,9.154,216.923,29.249,10,0.127,2.358,0.001,1170.101,0.349,1
94.167267,26.222492,317.636,13.049,134.38,288.069,10,0.124,3.717,0.001,924.468,0.426,1
94.137,25.688,1321.877,23.689,284.191,418.782,10,0.127,13.692,0.001,1644.295,2.855,1
95.023806,26.069278,1871.81,37.52,221.706,447.424,10,0.126,20.958,0.001,1338.741,3.544,1
94.309,25.713,1472.454,43.036,304.049,498.092,10,0.127,24.299,0.001,1063.29,3.279,1
94.051,25.668,1428.288,48.816,83.467,277.48,10,0.126,36.412,0.001,1561.526,7.164,1
94.767353,25.820689,569.884,14.773,245.293,29.249,10,0.127,5.746,0.001,887.852,0.646,1
95.081111,26.834556,282.678,18.629,21.715,305.368,10,0.126,5.836,0.001,1287.52,0.946,1
94.795558,25.887917,889.084,30.695,180.863,82.729,10,0.13,27.24,0.001,1010.2,3.565,1
94.792344,25.584519,1081.375,21.63,238.793,380.237,30,0.128,16.931,0.05,1173.821,127.09,1
93.9789,26.0044,456.515,22.115,237.794,675.265,10,0.123,7.226,0.001,809.391,0.722,1
94.21,25.667,812.205,26.348,12.844,116.996,10,0.128,20.562,0.001,1248.15,3.284,1
94.317833,26.068028,1060.193,13.204,14.08,649.433,10,0.128,4.98,0.001,1013.888,0.645,1
95.043389,26.226028,1314.319,30.455,85.218,29.249,50,0.131,18.52,0.001,1245.426,3.014,1
94.008,25.738,994.437,7.279,326.151,602.983,50,0.123,1.754,0.01,1642.162,3.537,1
93.82,25.77,259.044,23.376,59.859,124.093,10,0.126,12.006,0.001,952.723,1.436,1
95.072111,26.251778,1083.628,24.525,205.389,65.403,10,0.127,17.868,0.001,1295.062,2.934,1
94.83,26.273333,972.725,28.37,359.456,146.245,10,0.124,12.905,0.001,1404.172,2.253,1
94.119,25.651,1307.836,14.622,123.243,130.805,30,0.126,4.298,0.05,2009.74,55.123,1
95.000417,26.212028,1593.513,30.16,59.622,445.507,50,0.129,13.875,0.001,1238.562,2.22,1
94.607456,25.954636,1538.179,32.022,107.073,415.706,10,0.128,19.638,0.001,1091.926,2.756,1
94.811111,25.889897,682.086,23.449,89.718,301.137,10,0.128,14.784,0.001,1092.348,2.074,1
94.477028,26.219417,927.175,15.066,131.409,555.731,50,0.125,5.891,0.01,1195.032,8.832,1
94.040361,26.021083,322.242,30.91,323.468,124.093,10,0.125,10.823,0.001,935.096,1.266,1
94.577522,26.185479,1762.124,32.458,309.886,510.812,10,0.124,15.118,0.001,1313.157,2.462,1
95.074944,26.646917,868.343,34.269,293.951,972.281,10,0.124,21.233,0.001,1287.52,3.403,1
94.168,25.572,1280.605,20.986,158.2,235.813,10,0.129,17.184,0.001,1155.396,2.565,1
94.430278,25.952722,1291.057,31.692,55.15,499.807,10,0.127,28.277,0.001,1101.586,3.946,1
95.077861,26.846139,249.753,20.177,224.494,292.49,10,0.125,8.51,0.01,1287.52,13.703,1
94.78639,25.88667,1171.944,4.354,249.247,544.063,50,0.251,1.189,0.01,986.439,2.932,1
94.259278,26.094778,1391.021,12.982,242.457,357.029,50,0.0,9.372,0.01,1046.487,0.0,1
94.621778,26.156611,1740.959,39.381,128.62,327.014,30,0.128,22.102,0.05,1264.08,177.082,1
94.764325,25.555969,1127.812,7.442,85.224,0.0,10,0.128,4.581,0.001,1342.138,0.788,1
95.097417,26.5585,1408.292,33.441,244.443,269.662,10,0.126,30.091,0.001,1287.52,4.87,1
94.519889,26.034806,1862.198,42.577,234.778,500.662,10,0.126,20.431,0.001,1144.161,2.941,1
94.13,26.28,472.443,7.5,152.098,537.736,10,0.121,4.58,0.001,957.844,0.532,1
95.012111,26.592167,545.71,9.444,24.602,105.459,10,0.124,6.23,0.001,1340.05,1.037,1
94.15725,25.854528,1478.545,27.245,296.043,736.471,50,0.125,23.644,0.01,906.549,26.856,1
94.035325,25.880533,1097.942,34.865,283.006,808.987,10,0.122,23.675,0.001,1087.773,3.156,1
94.358722,25.87975,568.791,21.961,21.567,41.364,10,0.121,9.453,0.001,1063.543,1.213,1
93.99,25.86,405.7,18.518,259.857,41.364,10,0.119,5.793,0.001,1074.024,0.743,1
94.21483,25.62067,1026.308,30.343,292.198,130.805,10,0.129,26.874,0.001,1281.693,4.439,1
94.100806,26.091528,711.655,33.174,319.988,680.314,10,0.12,20.457,0.001,934.658,2.294,1
94.17047,25.57086,1176.091,11.788,281.043,0.0,10,0.129,8.283,0.001,1159.183,1.238,1
94.795497,25.728964,1458.996,30.497,17.148,116.996,10,0.127,18.55,0.001,765.767,1.811,1
93.566583,25.356333,833.649,24.1,96.442,0.0,30,0.124,20.378,0.001,834.35,2.115,1
94.353833,26.104528,811.31,24.999,11.803,576.138,10,0.128,21.31,0.001,1015.162,2.758,1
94.857778,25.595083,1225.38,29.122,299.143,684.701,10,0.128,13.313,0.001,1134.176,1.926,1
94.709194,26.371611,1292.273,26.005,185.619,708.043,30,0.125,13.671,0.001,1220.537,2.086,1
94.452556,25.917361,1625.653,41.544,280.565,638.808,50,0.128,26.267,0.01,1109.618,37.153,1
93.878,25.576,1533.278,37.401,202.312,392.416,10,0.125,13.458,0.001,1127.873,1.896,1
94.211111,26.213889,593.307,31.287,309.854,498.092,10,0.123,27.856,0.001,918.8,3.137,1
94.634053,25.969225,1188.252,25.91,232.043,29.249,10,0.127,11.573,0.05,1087.283,80.021,1
94.408028,26.070806,907.702,5.173,155.352,630.043,50,0.123,1.127,0.01,1028.22,1.43,1
95.027972,26.174472,878.107,23.474,309.64,206.822,10,0.125,10.261,0.001,1228.032,1.566,1
94.393694,25.901611,725.587,25.742,128.012,92.493,10,0.124,11.482,0.001,1078.725,1.533,1
94.331722,26.026389,1088.035,20.426,206.09,695.241,10,0.125,8.64,0.001,1099.731,1.189,1
95.077611,26.773611,1008.325,18.43,220.881,415.706,10,0.122,14.612,0.001,1287.52,2.301,1
94.811625,26.205135,1790.661,29.239,93.025,380.237,30,0.128,15.732,0.05,1373.223,138.13,1
94.316361,25.751694,1262.883,28.818,248.76,759.348,10,0.126,18.969,0.001,1030.536,2.459,1
94.200611,26.239167,324.671,24.415,228.548,41.364,10,0.125,14.206,0.01,935.676,16.608,1
95.014944,26.711639,727.139,25.461,51.682,184.987,10,0.121,11.33,0.001,1340.05,1.834,1
94.466,25.707,1343.576,23.092,86.124,298.282,10,0.132,19.339,0.001,969.762,2.474,1
94.165,25.563,1296.727,20.078,58.96,175.494,10,0.13,6.409,0.001,1142.292,0.954,1
94.58648,26.03853,1190.702,23.367,38.713,82.729,10,0.127,19.424,0.001,1132.255,2.795,1
94.45835,25.893042,1638.338,42.965,194.573,288.069,10,0.129,20.626,0.001,1106.088,2.951,1
94.034803,25.993164,652.573,41.571,269.435,330.915,10,0.124,23.428,0.001,962.681,2.787,1
94.614503,26.154944,1753.829,30.739,220.816,434.818,30,0.126,14.189,0.05,1264.236,112.531,1
94.429519,25.907417,1073.641,37.273,102.404,87.747,10,0.128,34.018,0.001,1098.236,4.791,1
94.322217,25.977569,1083.097,39.111,220.074,546.416,10,0.126,21.937,0.001,1124.229,3.094,1
94.148,25.553,1488.875,20.686,134.692,0.0,30,0.131,16.879,0.05,1103.129,120.812,1
94.950353,25.814822,2056.006,23.72,165.709,210.917,10,0.127,19.986,0.001,1712.458,4.344,1
93.727181,25.472506,1533.203,28.548,108.062,610.737,30,0.125,9.853,0.001,942.784,1.163,1
94.149222,25.839667,1423.247,35.582,169.272,554.961,10,0.126,24.227,0.05,883.741,134.907,1
94.419417,26.217361,1040.857,19.871,212.392,706.834,10,0.126,16.056,0.001,1203.804,2.417,1
94.051,25.605,2552.628,51.984,77.922,241.193,10,0.124,24.902,0.001,1540.76,4.75,1
95.107778,26.760194,904.776,15.953,214.003,468.897,10,0.123,4.8,0.001,1287.52,0.758,1
94.09208,25.61597,2240.234,40.385,95.68,644.142,10,0.123,25.483,0.001,1856.1,5.805,1
94.7843,25.938447,898.685,38.78,52.243,41.364,10,0.126,30.502,0.001,1102.662,4.243,1
94.022778,25.954389,495.379,25.103,222.641,177.915,10,0.122,11.137,0.001,995.896,1.359,1
94.328611,25.844972,904.096,28.42,125.312,628.003,10,0.126,15.209,0.001,1049.37,2.012,1
94.213306,25.752806,1046.984,30.75,40.452,468.897,10,0.127,14.195,0.001,906.593,1.625,1
94.212083,26.215889,576.895,30.513,318.962,462.467,10,0.122,14.067,0.001,920.197,1.583,1
94.797508,25.887525,894.034,34.072,204.57,165.457,30,0.129,23.063,0.01,1021.088,30.354,1
95.086194,26.768833,996.817,35.045,253.125,697.697,10,0.122,19.413,0.001,1287.52,3.051,1
94.121,25.652,1302.74,28.17,133.351,130.805,30,0.127,12.797,0.05,2012.472,163.125,1
94.039,25.721,961.495,20.111,50.618,269.662,10,0.123,14.756,0.001,1663.116,3.008,1
94.614828,25.867083,1762.729,46.491,343.625,175.494,10,0.128,26.299,0.001,1076.855,3.619,1
94.702953,25.842358,1825.34,33.373,60.823,468.897,10,0.126,18.359,0.001,1031.583,2.368,1
94.319,25.614,1831.866,32.535,112.178,177.915,10,0.125,11.489,0.001,1154.848,1.672,1
94.661194,25.502917,1565.05,25.091,234.102,29.249,10,0.13,21.405,0.001,1049.179,2.928,1
93.73,25.52,1283.077,20.333,239.967,619.775,10,0.127,16.522,0.001,1037.997,2.166,1
94.789414,25.944008,1214.418,19.167,210.342,445.507,10,0.127,6.049,0.001,1114.967,0.858,1
94.5241,26.041658,1778.635,30.371,291.602,685.326,10,0.124,26.632,0.001,1145.012,3.804,1
94.382,25.67,1648.358,33.513,67.171,341.099,10,0.129,24.342,0.001,1048.871,3.296,1
93.9,25.77,563.253,16.925,231.079,235.813,10,0.126,9.007,0.001,1044.432,1.178,1
94.14544,25.56292,1642.824,14.389,343.2,558.801,40,0.199,6.535,0.15,1106.978,197.368,1
94.105,25.697,1344.459,25.959,312.145,105.459,10,0.126,16.734,0.001,1450.238,3.072,1
94.661028,25.507611,1528.952,16.332,349.024,82.729,10,0.131,12.548,0.001,1040.866,1.706,1
94.280058,25.817194,837.108,36.09,213.898,374.57,30,0.125,17.063,0.05,984.206,105.258,1
94.204583,26.0905,1092.84,41.148,318.695,897.234,10,0.125,19.704,0.001,1090.761,2.686,1
94.680944,26.556861,647.739,15.371,324.578,497.233,10,0.122,8.717,0.001,1238.24,1.317,1
94.351,25.576,1517.187,31.62,8.011,41.364,10,0.13,19.351,0.001,1002.982,2.527,1
94.768481,25.905561,1420.8,44.267,102.278,65.403,30,0.129,21.275,0.05,1028.425,141.216,1
94.809444,26.261111,1104.646,35.401,98.287,58.498,10,0.126,24.089,0.001,1402.991,4.267,1
94.757556,25.6375,2095.623,48.765,177.586,617.008,30,0.128,33.817,0.05,1276.91,275.11,1
94.166,25.571,1351.57,16.958,97.79,372.279,10,0.13,13.159,0.001,1150.805,1.963,1
94.25,25.63,1014.107,34.158,109.598,58.498,10,0.127,12.15,0.001,1273.647,1.976,1
93.9862,26.0037,513.179,16.681,184.437,431.856,10,0.124,6.702,0.001,827.987,0.689,1
95.19475,26.678833,897.624,19.264,27.493,372.279,10,0.125,15.445,0.001,1259.57,2.422,1
95.018778,26.729972,567.378,26.597,270.851,204.743,10,0.122,15.76,0.001,1340.05,2.573,1
94.398806,26.320639,930.188,35.942,276.034,614.925,10,0.122,12.872,0.001,1185.407,1.857,1
94.605419,25.955769,1582.002,33.589,208.772,397.829,10,0.129,24.406,0.001,1092.709,3.447,1
95.079333,26.841667,278.094,21.008,255.525,562.616,10,0.125,8.947,0.001,1287.52,1.435,1
93.762,25.531,784.736,23.935,64.464,467.984,50,0.126,12.359,0.05,1036.821,80.189,1
94.858222,25.586389,1245.827,40.78,96.011,476.139,30,0.13,37.53,0.05,1178.639,286.961,1
94.114,25.622,1639.142,28.727,86.761,625.272,10,0.125,25.19,0.001,1993.7,6.255,1
94.624047,25.899894,1788.033,38.859,198.071,425.872,10,0.127,35.618,0.001,1078.533,4.881,1
94.432472,25.854278,1774.175,40.743,263.254,558.801,10,0.125,28.128,0.001,1091.181,3.845,1
94.250194,26.154917,998.678,40.521,316.186,418.782,10,0.124,22.796,0.001,985.169,2.782,1
94.217103,25.761464,715.224,29.03,295.936,124.093,10,0.124,25.506,0.001,887.116,2.812,1
95.103444,26.26175,1296.811,36.209,250.465,82.729,10,0.129,32.603,0.001,1350.505,5.681,1
94.634392,26.031786,2025.851,38.696,224.005,471.626,30,0.127,18.436,0.001,1123.854,2.624,1
94.800833,25.6055,1122.253,31.981,275.388,806.869,10,0.129,17.477,0.05,1109.341,125.315,1
94.026203,25.884206,611.195,29.841,210.652,105.459,10,0.122,16.115,0.001,1076.599,2.109,1
94.841389,25.6,1272.42,39.273,55.673,498.092,10,0.127,22.036,0.001,1042.606,2.916,1
95.099583,26.550528,1433.023,36.506,20.387,82.729,10,0.125,13.099,0.001,1287.52,2.115,1
94.819778,26.249,1377.636,27.964,145.819,251.609,10,0.134,14.919,0.001,1403.582,2.666,1
94.37,26.41,532.913,32.139,335.703,210.917,10,0.124,28.742,0.001,1103.612,3.938,1
94.098,25.728,1289.987,27.171,15.333,251.609,10,0.122,14.413,0.001,1399.527,2.471,1
94.0855,25.72894,1417.736,24.776,330.865,804.746,10,0.123,17.009,0.001,1457.665,3.038,1
93.92,25.78,634.585,24.394,296.085,204.743,10,0.124,8.151,0.001,1138.633,1.149,1
94.250361,26.155083,1000.347,40.356,313.651,381.36,10,0.124,19.298,0.001,984.813,2.355,1
94.12436,25.68375,1341.521,19.914,33.353,292.49,10,0.126,16.099,0.001,1712.559,3.468,1
94.253,25.635,1043.179,34.501,110.207,65.403,10,0.129,31.184,0.001,1276.135,5.126,1
94.537972,26.320806,1140.409,22.903,290.871,316.376,10,0.122,19.145,0.001,1263.267,2.961,1
94.806111,25.609472,1172.975,41.745,322.841,288.069,10,0.128,23.532,0.001,1079.279,3.235,1
94.71375,26.372667,1303.686,13.28,267.578,673.362,10,0.126,5.017,0.001,1233.398,0.778,1
94.955806,26.758306,1036.534,34.625,8.764,806.869,10,0.125,16.282,0.001,1194.13,2.423,1
94.213639,25.970083,1451.871,38.151,136.778,965.66,10,0.138,23.951,0.001,1082.323,3.413,1
94.034,25.645,1589.758,33.445,244.932,58.498,10,0.126,18.405,0.001,1593.972,3.705,1
94.378,25.647,1462.371,25.869,199.407,558.801,30,0.129,22.212,0.01,1037.268,29.915,1
94.09,25.666,1349.075,8.265,276.987,29.249,10,0.131,5.245,0.001,1668.047,1.189,1
94.11203,25.69506,1280.156,15.159,66.412,105.459,40,0.127,4.499,0.15,1515.017,129.479,1
94.13175,26.27647222,489.999,25.546,264.827,204.743,50,0.121,13.379,0.001,955.424,1.545,1
94.217083,26.231028,460.432,13.393,340.826,105.459,10,0.124,9.752,0.001,930.516,1.119,1
94.264222,26.088361,1473.494,26.051,237.685,269.662,10,0.129,8.828,0.001,1038.003,1.387,1
94.574256,25.968006,1871.464,33.964,115.216,369.974,10,0.125,12.071,0.001,1103.823,1.663,1
94.434556,26.389028,642.135,31.575,71.387,130.805,10,0.124,28.156,0.001,1202.134,4.217,1
94.254306,26.016333,1251.427,34.582,72.585,602.983,10,0.126,16.259,0.001,1101.119,2.272,1
94.151,25.56,1579.469,6.644,117.578,703.193,10,0.128,1.559,0.001,1114.382,0.221,1
94.282194,26.192667,1004.24,9.449,128.159,823.659,50,0.125,3.242,0.01,977.465,3.968,1
94.586361,25.940872,1804.942,21.537,73.697,374.57,10,0.127,6.993,0.001,1095.227,0.977,1
95.075917,26.826194,376.206,8.981,253.874,602.983,40,0.126,2.301,0.15,1287.52,55.886,1
94.10278,25.66083,1480.934,3.626,154.49,497.233,50,0.0,0.711,0.01,1803.304,0.0,1
95.072417,26.818167,531.141,21.106,230.957,614.229,10,0.125,8.999,0.001,1287.52,1.449,1
94.706133,25.948886,1805.235,32.136,262.969,562.616,10,0.129,21.56,0.001,1148.652,3.185,1
94.274528,25.892028,1302.053,24.8,179.713,556.5,10,0.122,21.103,0.05,1015.18,131.286,1
94.056361,25.847444,948.818,18.547,145.863,697.697,30,0.125,7.659,0.05,1139.968,54.65,1
94.896667,26.326944,1042.261,10.683,71.424,556.5,10,0.125,2.877,0.001,1324.957,0.48,1
94.185106,25.767692,937.815,28.397,106.934,421.835,10,0.126,24.845,0.001,1011.364,3.165,1
94.983056,26.59,599.333,24.006,74.907,87.747,10,0.125,10.546,0.001,1340.05,1.758,1
95.056722,26.163778,1372.415,30.941,214.342,831.927,10,0.128,18.866,0.05,1294.354,155.625,1
94.048889,25.931167,710.976,27.699,261.249,625.272,10,0.125,24.118,0.001,1058.88,3.176,1
94.065,25.692,924.522,20.048,352.349,0.0,10,0.124,16.234,0.001,1518.197,3.049,1
95.080306,26.84325,280.332,22.268,291.126,476.139,10,0.125,7.288,0.001,1287.52,1.171,1
94.453611,26.318806,1071.848,34.479,236.868,714.059,10,0.122,12.281,0.001,1178.042,1.757,1
94.131528,26.122167,620.09,33.812,303.951,806.869,10,0.122,18.637,0.001,945.276,2.16,1
94.785139,25.582694,975.732,34.561,288.804,157.511,10,0.129,12.314,0.001,1210.917,1.92,1
94.7888,25.944475,1198.009,29.366,281.374,369.974,10,0.127,17.741,0.001,1116.169,2.512,1
94.27,25.546,1644.403,29.793,305.134,82.729,10,0.125,21.224,0.001,1110.088,2.933,1
94.935556,26.359722,1269.553,37.661,53.59,380.237,10,0.126,27.769,0.001,1261.364,4.433,1
94.639306,26.680722,175.337,24.563,238.95,58.498,50,0.124,12.756,0.001,1238.24,1.972,1
94.397,25.675,1426.856,33.51,274.961,366.489,30,0.129,18.446,0.05,1007.726,119.774,1
94.766083,25.589222,1722.124,27.683,189.401,289.55,10,0.13,9.498,0.001,1294.077,1.603,1
94.428758,25.90665,1097.007,35.99,138.92,196.208,30,0.128,32.711,0.05,1097.7,229.96,1
95.080444,26.835417,285.875,15.584,79.327,410.529,10,0.126,4.66,0.001,1287.52,0.754,1
94.96105,25.788378,1973.746,14.225,334.969,292.49,10,0.129,4.15,0.001,1538.834,0.823,1
95.0985,26.571417,1413.557,24.788,342.433,29.249,10,0.127,17.019,0.001,1287.52,2.776,1
94.590819,26.153418,1797.234,29.64,252.098,472.532,10,0.126,15.987,0.001,1272.938,2.57,1
94.349833,26.088722,1008.554,40.396,189.989,760.474,10,0.129,19.318,0.001,981.14,2.441,1
94.030058,25.999744,650.358,41.219,250.552,455.008,10,0.124,26.048,0.001,940.208,3.04,1
95.065694,26.240556,1155.849,29.275,124.453,263.241,10,0.127,25.761,0.001,1284.691,4.205,1
94.822389,25.593778,1384.594,33.808,263.652,65.403,10,0.128,20.907,0.001,1094.021,2.933,1
94.043194,25.68625,997.804,22.197,329.077,65.403,30,0.126,18.42,0.001,1613.213,3.747,1
93.8,25.79,221.642,7.762,6.679,29.249,10,0.124,2.958,0.001,920.526,0.338,1
94.810925,25.593944,1468.21,48.957,229.654,527.294,30,0.128,27.672,0.05,1107.123,196.768,1
94.245,25.742,670.921,22.142,123.286,124.093,10,0.125,7.237,0.001,945.461,0.851,1
94.241389,26.211028,353.674,27.926,295.386,288.069,10,0.123,24.354,0.001,960.538,2.883,1
94.989444,26.639167,438.654,21.463,142.17,409.486,10,0.12,12.124,0.001,1340.05,1.957,1
94.646325,25.896511,2008.889,29.342,99.732,316.376,30,0.125,25.831,0.001,1078.641,3.473,1
94.234111,25.78875,625.335,27.611,196.424,0.0,10,0.126,24.026,0.001,906.204,2.725,1
94.971453,25.813064,1759.102,28.348,274.015,146.245,30,0.127,22.448,0.05,1701.848,242.234,1
93.999,25.631,2071.104,39.329,61.562,418.782,10,0.123,14.222,0.001,1458.944,2.551,1
94.10722,25.66917,1446.706,16.216,178.946,410.529,50,0.0,6.467,0.01,1749.157,0.0,1
95.092972,26.576417,1426.141,33.824,166.529,293.949,10,0.127,28.934,0.001,1287.52,4.723,1
94.214,25.665,839.839,25.133,43.263,310.921,10,0.129,16.09,0.001,1216.543,2.52,1
94.108,25.679,1404.874,18.583,268.053,413.643,10,0.0,10.13,0.01,1653.257,0.0,1
94.453972,26.271389,1201.381,11.989,44.066,745.706,10,0.124,3.336,0.001,1222.993,0.504,1
94.763722,25.566583,1378.209,24.861,134.481,323.066,30,0.13,12.945,0.05,1330.509,111.7,1
94.051,25.669,1428.822,49.522,91.847,263.241,10,0.126,27.98,0.001,1562.43,5.506,1
94.12,25.651,1271.587,23.31,162.131,65.403,30,0.126,13.423,0.05,2017.416,170.382,1
94.975969,25.817164,1835.84,32.226,180.135,87.747,10,0.127,19.783,0.001,1729.353,4.338,1
94.023667,25.951583,481.892,31.675,192.815,165.457,10,0.123,14.696,0.001,999.81,1.802,1
95.020722,26.196222,1350.082,17.331,199.266,500.662,10,0.127,13.525,0.001,1223.777,1.874,1
95.077167,26.845278,250.819,19.905,270.921,413.643,10,0.125,8.367,0.01,1287.52,13.46,1
94.633917,26.703194,140.154,29.756,239.171,41.364,10,0.127,13.657,0.001,1238.24,2.142,1
95.03275,26.223528,1340.879,29.492,224.332,29.249,10,0.131,13.513,0.001,1226.54,2.154,1
94.433611,26.076583,965.331,22.327,184.129,498.092,10,0.126,7.312,0.001,1060.596,0.976,1
94.119639,25.915444,1176.43,28.843,16.088,827.286,10,0.122,9.975,0.001,1039.061,1.267,1
95.04825,26.168556,1099.116,28.629,262.366,384.71,10,0.125,15.342,0.001,1272.602,2.45,1
94.5975,25.998183,1901.634,14.019,227.0,549.539,10,0.128,5.375,0.001,1103.24,0.758,1
95.070556,26.785222,916.589,25.68,121.903,731.81,10,0.125,11.449,0.001,1340.05,1.918,1
94.119028,26.111389,665.159,19.263,331.456,654.027,10,0.122,6.086,0.001,943.42,0.702,1
94.7705,25.652639,1950.128,35.902,153.861,446.466,10,0.131,12.856,0.001,1199.848,2.026,1
94.431361,26.184028,764.562,16.3,197.912,292.49,10,0.124,6.509,0.001,1185.345,0.952,1
95.030139,26.221083,1370.651,31.85,112.077,165.457,50,0.129,26.993,0.01,1221.949,42.438,1
94.317611,26.067194,1066.298,8.226,187.642,682.825,10,0.128,2.054,0.001,1015.37,0.267,1
94.119,25.684,1442.177,17.244,61.518,431.856,30,0.127,11.535,0.001,1673.426,2.598,1
94.792592,25.829728,624.067,29.955,166.291,204.743,30,0.128,18.162,0.05,1016.924,117.633,1
94.11269,25.66977,1349.112,16.04,18.841,130.805,10,0.125,9.898,0.001,1777.589,2.047,1
94.623681,26.002188,2014.596,5.572,2.202,384.71,10,0.126,1.241,0.001,1099.073,0.172,1
94.613222,25.600306,1274.045,27.037,103.457,233.992,10,0.127,14.328,0.001,920.329,1.679,1
94.530347,25.850458,911.769,27.941,192.259,310.921,10,0.126,24.37,0.001,1092.75,3.336,1
95.086222,26.768667,996.817,35.045,253.125,697.697,10,0.122,19.413,0.001,1287.52,3.051,1
94.211,25.67,810.479,23.142,81.075,165.457,10,0.127,7.641,0.001,1225.392,1.19,1
95.080333,26.840694,294.58,27.033,253.571,438.735,10,0.125,14.325,0.001,1287.52,2.305,1
94.920556,26.389722,785.485,25.035,206.063,582.782,10,0.122,18.322,0.001,1264.094,2.843,1
94.246,25.684,994.893,29.912,334.352,301.137,10,0.126,21.324,0.001,1141.263,3.063,1
94.559075,26.085597,1884.576,32.079,13.435,831.413,10,0.124,24.616,0.001,1153.321,3.513,1
94.835556,26.295278,895.387,32.141,82.85,41.364,10,0.126,21.564,0.01,1404.493,38.15,1
93.787,25.572,1492.822,42.174,255.902,292.49,10,0.125,29.181,0.001,1096.208,3.974,1
94.787844,25.737289,1238.307,22.387,318.472,29.249,10,0.13,18.614,0.001,815.552,1.973,1
94.510556,25.650111,1234.985,35.457,154.175,204.743,30,0.129,12.676,0.05,947.737,77.48,1
94.21517,25.61275,963.753,28.735,286.387,177.915,10,0.129,25.198,0.001,1275.798,4.154,1
94.338,25.703,1823.001,29.789,75.108,293.949,10,0.124,10.363,0.001,1101.797,1.417,1
94.637639,26.119,1179.396,29.274,332.457,41.364,10,0.127,25.76,0.001,1203.991,3.945,1
93.74,25.71,380.03,23.62,307.079,233.992,10,0.124,12.16,0.001,893.98,1.345,1
94.549111,26.588056,691.606,25.209,324.076,482.387,10,0.12,11.194,0.001,1254.43,1.692,1
94.329,25.736,1677.08,16.471,327.612,644.142,10,0.128,6.595,0.001,1033.722,0.871,1
93.9988,26.0074,689.732,37.435,198.032,471.626,10,0.124,25.644,0.001,854.328,2.719,1
94.745889,25.613,1954.945,23.408,79.582,602.274,10,0.131,19.665,0.001,1259.431,3.255,1
95.076778,26.825,386.113,19.283,50.02,732.978,10,0.126,8.042,0.001,1287.52,1.301,1
94.280586,26.070306,1479.797,21.844,159.763,836.542,10,0.127,9.391,0.001,1014.585,1.21,1
94.366528,25.760111,1718.69,33.481,136.071,760.474,50,0.125,18.428,0.01,1053.858,24.24,1
94.253694,26.096722,1333.506,19.067,3.993,146.245,10,0.0,7.929,0.01,1055.593,0.0,1
94.785639,25.583694,974.835,33.867,287.095,204.743,10,0.129,20.948,0.001,1206.849,3.25,1
94.119,25.683,1460.585,19.382,81.797,498.092,50,0.126,9.518,0.01,1684.127,21.101,1
95.077944,26.831889,281.721,14.13,91.9,647.454,10,0.125,5.429,0.001,1287.52,0.873,1
94.574903,25.970531,1845.088,37.593,85.237,341.099,10,0.124,21.003,0.001,1104.17,2.893,1
94.812988,26.188227,1960.211,31.928,282.787,704.409,50,0.124,21.398,0.01,1354.35,36.138,1
94.049278,26.134639,540.339,13.298,149.057,327.014,10,0.12,3.808,0.001,850.873,0.388,1
94.3375,26.104944,1301.971,17.327,134.584,863.712,50,0.127,7.031,0.01,1011.77,9.07,1
95.019417,26.196333,1341.433,17.903,160.189,504.916,50,0.127,14.089,0.01,1224.94,16.833,1
94.718944,25.667,1277.648,28.677,2.314,836.542,10,0.13,15.373,0.001,997.788,1.986,1
93.924,25.696,941.296,21.11,178.795,301.137,10,0.125,17.311,0.001,1539.68,3.351,1
94.95655,25.792131,1736.333,23.495,301.029,310.921,30,0.128,15.941,0.05,1563.666,159.134,1
94.10103,25.72739,1233.752,14.331,122.425,175.494,10,0.122,5.528,0.001,1385.713,0.937,1
94.033,25.646,1550.346,8.031,264.296,0.0,10,0.126,5.054,0.001,1590.807,1.015,1
94.206417,25.910583,1315.264,29.424,311.103,249.903,10,0.125,15.849,0.001,991.396,1.947,1
94.946389,26.541389,1182.904,32.963,222.065,292.49,10,0.126,23.883,0.001,1194.13,3.6,1
93.9983,26.0073,672.802,37.399,213.97,445.507,10,0.124,17.756,0.001,852.892,1.88,1
94.393222,26.2905,1070.53,12.636,1.324,617.008,10,0.121,4.708,0.001,1214.662,0.701,1
93.80278,25.76939,280.555,24.901,116.849,0.0,10,0.125,21.207,0.001,933.351,2.461,1
94.332,25.62,1779.075,22.344,167.84,29.249,10,0.128,18.57,0.001,1127.474,2.699,1
94.864444,26.433889,751.411,28.523,89.47,500.662,10,0.127,17.138,0.001,1270.014,2.754,1
94.786861,25.842897,556.47,27.26,243.83,29.249,10,0.126,9.324,0.001,982.315,1.154,1
93.9901,26.0049,538.626,26.915,197.457,381.36,10,0.122,12.116,0.001,836.026,1.25,1
94.116556,25.779944,1338.744,24.746,269.198,760.474,10,0.125,18.064,0.001,1080.441,2.443,1
94.850217,25.751456,1071.881,32.752,236.589,438.735,30,0.13,20.158,0.05,917.161,120.562,1
94.78825,25.588389,961.183,31.893,246.368,170.549,30,0.127,21.37,0.05,1188.544,161.272,1
94.770447,25.797781,582.675,22.855,298.905,29.249,10,0.126,19.095,0.001,888.86,2.134,1
95.080639,26.834778,287.109,26.161,50.949,369.974,10,0.126,11.708,0.001,1287.52,1.897,1
95.041361,26.169111,946.935,34.195,18.346,146.245,10,0.125,24.91,0.001,1259.448,3.921,1
94.64383,26.70069,373.435,23.586,115.595,625.956,10,0.128,19.848,0.001,1238.24,3.142,1
95.053833,26.420167,1588.758,41.758,223.087,392.416,10,0.128,20.016,0.001,1276.326,3.25,1
95.0515,26.229861,1294.993,25.637,101.683,602.983,30,0.128,21.971,0.05,1259.99,177.454,1
94.076,25.726,1146.919,20.466,283.451,539.325,10,0.121,16.656,0.001,1499.273,3.03,1
93.67,25.51,1110.63,29.377,21.354,120.597,10,0.125,15.819,0.001,1042.797,2.058,1
94.765278,25.640056,2122.931,37.834,201.206,554.961,10,0.13,13.63,0.001,1238.035,2.178,1
93.843,25.646,764.896,19.056,322.533,330.915,10,0.119,6.005,0.001,1146.858,0.817,1
94.37,26.49,265.294,21.089,10.06,518.293,10,0.123,10.573,0.001,1182.87,1.543,1
94.31,25.601,1895.595,19.443,115.775,116.996,10,0.123,15.625,0.001,1153.726,2.22,1
94.502006,25.966742,1779.806,30.331,175.454,467.984,10,0.127,20.152,0.001,1124.592,2.853,1
94.023861,25.947583,497.219,30.249,254.793,315.021,10,0.123,16.375,0.001,1004.412,2.032,1
94.083,25.729,1346.902,25.14,311.644,562.616,10,0.122,11.157,0.001,1469.691,1.994,1
95.011139,26.3765,1395.669,24.196,240.434,41.364,10,0.13,19.434,0.001,1231.198,3.106,1
94.192,25.669,985.845,17.653,191.5,821.058,30,0.127,7.198,0.01,1416.545,12.934,1
94.107,25.659,1402.32,22.953,128.407,105.459,50,0.0,11.739,0.01,1850.813,6.054,1
93.489611,25.288472,1481.568,42.282,272.655,105.459,10,0.125,39.002,0.001,880.472,4.282,1
94.258,25.566,1842.881,24.946,254.638,684.701,50,0.124,8.376,0.05,1181.593,61.788,1
94.246194,25.757139,791.572,22.857,210.72,261.611,10,0.126,19.097,0.001,949.602,2.286,1
94.499806,26.160139,1120.159,31.188,286.661,708.043,10,0.126,26.339,0.001,1188.32,3.938,1
94.459,25.695,1557.617,26.349,125.247,647.454,10,0.129,17.039,0.001,970.087,2.123,1
94.122,25.65,1225.288,33.708,131.899,65.403,30,0.125,15.791,0.05,2041.548,202.263,1
95.012028,26.6575,866.763,22.812,30.045,555.731,10,0.123,14.292,0.001,1340.05,2.361,1
94.044361,26.053519,375.26,33.227,219.165,65.403,10,0.124,20.495,0.001,900.459,2.286,1
94.362,25.552,1611.617,32.754,201.697,82.729,10,0.127,11.578,0.001,980.179,1.438,1
94.016417,25.945639,419.693,32.132,55.408,222.754,10,0.124,14.942,0.001,1000.486,1.851,1
95.043389,26.094083,1739.433,37.15,8.558,82.729,10,0.124,33.893,0.001,1369.203,5.768,1
94.461,25.696,1531.33,33.056,139.36,731.225,30,0.128,20.373,0.05,970.138,137.041,1
94.968222,25.813294,1710.504,33.093,113.345,92.493,30,0.127,18.182,0.001,1703.881,3.933,1
95.072694,26.817417,537.814,24.518,303.319,555.731,10,0.126,10.822,0.001,1287.52,1.745,1
94.081,25.674,1339.213,2.563,305.395,29.249,50,0.126,0.453,0.01,1528.308,0.87,1
94.146,25.608,1526.877,24.008,97.846,837.564,10,0.127,15.217,0.001,1613.212,3.109,1
94.154,25.652,1129.811,14.174,170.746,251.609,10,0.125,10.483,0.001,1863.977,2.44,1
94.037386,26.037381,279.462,36.75,194.626,130.805,10,0.123,17.413,0.001,910.692,1.957,1
94.065556,25.803806,1252.154,24.65,328.665,827.286,10,0.124,14.373,0.001,1149.188,2.052,1
94.451194,26.395139,755.136,31.931,1.232,745.706,10,0.123,24.484,0.001,1213.212,3.676,1
94.479694,26.247056,1010.202,20.223,226.899,790.264,10,0.127,10.036,0.001,1205.776,1.535,1
94.109,25.72,1340.459,10.612,144.77,680.314,30,0.135,2.852,0.05,1341.964,24.937,1
94.686611,26.561861,644.284,29.161,337.316,41.364,10,0.123,10.105,0.001,1238.24,1.534,1
94.079,25.696,1176.836,15.747,166.106,352.204,10,0.125,10.284,0.001,1457.45,1.877,1
94.462028,25.876778,1787.034,18.52,95.896,602.274,10,0.127,14.702,0.001,1103.622,2.056,1
94.775583,25.699556,1404.991,26.358,342.473,0.0,10,0.13,22.721,0.001,934.035,2.747,1
94.505528,26.302778,1205.083,22.369,271.619,498.092,50,0.124,7.329,0.01,1217.912,11.409,1
95.069944,26.784222,923.82,17.456,306.957,803.15,50,0.125,7.097,0.01,1340.05,11.888,1
94.11,26.29,314.678,17.35,144.034,170.549,10,0.124,7.043,0.001,955.709,0.834,1
94.511444,25.972636,1636.535,29.98,141.053,292.49,10,0.126,19.878,0.001,1123.006,2.826,1
94.4995,26.159667,1114.152,22.364,274.472,717.048,10,0.125,11.369,0.001,1187.526,1.698,1
94.209,25.612,955.156,34.549,53.96,196.208,10,0.13,31.234,0.001,1264.108,5.121,1
94.292,25.588,2024.787,31.252,164.779,65.403,10,0.123,23.878,0.001,1163.947,3.421,1
94.737028,25.649428,1796.946,32.789,6.916,184.987,10,0.13,15.296,0.001,1155.598,2.305,1
95.031528,26.724639,674.795,16.036,20.124,647.454,50,0.126,6.376,0.01,1340.05,10.132,1
94.847806,26.027111,736.293,41.046,69.056,105.459,30,0.128,25.931,0.05,1245.835,206.119,1
94.174,25.631,1107.742,19.069,95.204,288.069,10,0.127,10.463,0.001,1623.758,2.173,1
94.755311,25.848958,968.013,22.858,253.598,471.626,10,0.13,7.526,0.001,906.219,0.886,1
95.069083,26.778444,973.087,36.757,277.099,947.324,10,0.125,28.747,0.001,1340.05,4.818,1
94.808889,26.251111,1220.098,38.133,70.863,87.747,10,0.126,34.887,0.001,1402.965,6.211,1
94.178869,25.750922,740.318,43.661,138.935,82.729,10,0.125,32.549,0.001,1046.932,4.258,1
94.844003,25.915092,991.159,34.885,309.959,434.818,10,0.13,19.313,0.001,1254.847,3.156,1
93.9927,26.0052,588.082,29.508,175.995,315.021,10,0.124,13.522,0.05,841.84,70.426,1
94.792711,25.884003,968.508,22.617,93.195,407.391,50,0.131,18.85,0.001,997.588,2.461,1
94.411778,26.1785,989.91,19.815,32.659,777.165,10,0.126,6.305,0.001,1184.077,0.94,1
94.10439,25.663,1440.021,17.156,42.194,352.204,50,0.0,6.943,0.001,1793.416,0.0,1
94.17208,25.56544,1372.566,17.78,282.153,418.782,10,0.129,5.504,0.001,1157.173,0.822,1
94.631639,26.134722,1242.853,34.864,173.123,29.249,30,0.127,16.41,0.05,1223.336,127.981,1
94.775633,25.700506,1404.973,42.444,255.28,65.403,10,0.13,39.16,0.001,928.02,4.724,1
94.12347,25.68525,1310.889,20.922,352.237,105.459,10,0.126,8.902,0.001,1690.752,1.891,1
94.522444,26.0415,1764.62,28.787,346.902,588.625,10,0.126,23.965,0.001,1144.377,3.442,1
95.017889,26.202167,1494.589,13.461,253.196,745.706,50,0.141,3.868,0.01,1225.459,4.254,1
94.898075,25.828928,1694.073,44.421,231.213,397.829,30,0.127,38.969,0.05,1528.562,378.627,1
94.076167,25.771028,1312.335,25.623,289.034,527.294,10,0.125,13.428,0.001,1303.059,2.197,1
94.629367,25.898825,1903.019,25.024,198.515,511.648,10,0.125,13.048,0.001,1078.553,1.758,1
94.118,25.704,1092.428,21.653,276.274,87.747,10,0.124,14.415,0.001,1462.438,2.604,1
94.251,25.559,1561.409,28.689,162.738,330.915,10,0.129,20.295,0.001,1179.799,3.054,1
94.388,25.661,1312.818,16.062,131.667,149.141,30,0.13,4.842,0.15,1021.151,96.231,1
94.8582,25.584147,1210.777,36.286,119.558,275.934,10,0.129,29.89,0.001,1189.635,4.584,1
94.708056,25.821589,1368.767,33.884,122.726,439.709,10,0.128,30.548,0.001,971.204,3.783,1
94.747167,25.611028,1936.966,9.508,78.293,644.142,10,0.129,6.284,0.001,1266.667,1.032,1
94.121,25.688,1376.94,31.403,88.118,289.55,10,0.126,19.197,0.001,1646.73,3.973,1
95.07275,26.694917,700.202,28.183,1.637,643.478,10,0.123,16.894,0.001,1287.52,2.675,1
94.096,25.665,1384.275,25.228,250.248,58.498,50,0.0,13.177,0.01,1719.043,0.0,1
95.072222,26.784694,882.184,23.089,23.079,562.616,10,0.125,10.055,0.001,1287.52,1.616,1
94.617222,25.599056,1300.127,35.516,276.331,175.494,10,0.128,16.758,0.001,928.29,1.995,1
94.122,25.654,1355.18,30.833,167.694,264.861,30,0.129,10.792,0.05,2001.421,138.539,1
94.584722,25.692222,994.913,30.789,242.247,292.49,10,0.127,10.774,0.001,873.497,1.198,1
94.109,25.638,1467.055,21.2,135.641,330.915,50,0.0,13.055,0.01,2062.115,21.344,1
94.198,26.230083,578.827,39.883,293.051,814.783,10,0.124,27.488,0.001,929.559,3.16,1
95.068917,26.787333,866.233,39.916,32.284,923.546,10,0.124,22.428,0.001,1340.05,3.732,1
94.44,26.54,497.892,23.382,116.986,292.49,10,0.122,14.732,0.001,1182.87,2.129,1
94.579944,25.711278,1096.651,34.791,216.012,87.747,10,0.13,27.021,0.001,895.017,3.146,1
94.14,25.671,1309.156,17.211,345.597,554.961,10,0.127,5.284,0.001,1807.281,1.205,1
94.438111,26.390972,663.546,24.15,280.975,264.861,10,0.125,12.495,0.001,1206.161,1.885,1
94.234,26.212222,378.482,24.55,148.735,58.498,10,0.123,12.748,0.001,948.327,1.491,1
94.08672,25.74467,1424.451,25.442,308.156,762.72,10,0.125,14.936,0.001,1379.034,2.575,1
94.444,25.692,1293.336,15.397,359.659,269.662,10,0.13,11.645,0.001,976.138,1.482,1
95.03125,26.7175,626.515,36.129,98.657,146.245,10,0.121,26.512,0.001,1340.05,4.31,1
94.788611,26.552222,1062.61,40.339,225.452,323.066,10,0.123,25.452,0.001,1267.36,3.973,1
94.876367,26.166905,2143.338,44.725,269.571,602.983,10,0.124,25.287,0.001,1298.88,4.09,1
94.936389,26.375278,1283.491,16.712,340.897,850.236,10,0.126,5.091,0.001,1248.696,0.8,1
94.919106,25.883108,1236.071,19.168,3.516,310.921,10,0.129,15.349,0.001,1491.882,2.948,1
94.209,25.671,861.581,9.998,45.912,228.442,10,0.127,3.486,0.001,1238.938,0.55,1
94.632583,25.9645,1209.246,32.245,322.686,130.805,30,0.128,19.797,0.001,1086.79,2.758,1
95.0655,26.239444,1169.301,28.086,102.628,315.021,30,0.126,24.521,0.05,1284.231,199.137,1
94.58425,26.272361,952.596,22.231,229.164,497.233,10,0.121,11.286,0.001,1126.279,1.542,1
94.239531,25.828558,709.012,34.42,71.985,58.498,10,0.122,26.694,0.001,904.599,2.953,1
93.67,25.5,1256.827,19.417,196.926,455.008,10,0.126,6.147,0.001,1026.428,0.798,1
95.076861,26.122694,1597.587,28.685,226.029,352.204,60,0.128,25.145,0.001,1401.348,4.501,1
94.026056,25.759556,703.958,17.242,40.518,476.139,10,0.122,8.218,0.001,1508.404,1.509,1
94.481697,26.080917,1178.149,31.962,281.804,533.744,10,0.127,28.558,0.001,1124.918,4.074,1
94.032333,26.008333,428.136,34.172,300.491,105.459,10,0.123,12.156,0.001,934.555,1.396,1
94.0555,25.860611,919.471,23.814,248.169,567.913,10,0.124,12.282,0.001,1151.683,1.75,1
94.530111,26.013806,1682.572,26.733,111.857,310.921,30,0.136,22.878,0.05,1131.296,138.188,1
94.12,25.688,1413.707,11.76,90.61,352.204,10,0.126,3.254,0.001,1640.974,0.671,1
94.25,25.632,1082.54,30.82,104.101,187.285,10,0.127,14.233,0.001,1275.447,2.322,1
94.113,25.623,1643.449,31.381,48.034,701.976,10,0.124,25.309,0.001,2008.337,6.32,1
94.527389,26.327972,1326.627,31.132,284.249,913.768,50,0.0,19.003,0.01,1235.693,0.0,1
95.025861,26.724833,698.799,30.232,294.391,146.245,50,0.133,10.545,0.001,1340.05,1.875,1
94.078,25.746,1152.256,10.841,182.847,497.233,10,0.125,2.932,0.001,1413.843,0.519,1
94.124,25.648,1282.801,15.615,351.975,228.442,10,0.125,4.672,0.001,2073.707,1.211,1
93.9828,26.0045,484.152,14.372,253.963,614.925,10,0.124,4.205,0.001,818.401,0.424,1
94.574406,25.964631,1925.3,4.809,78.69,584.98,10,0.125,2.602,0.001,1103.216,0.36,1
93.9814,26.0046,471.384,15.352,136.681,638.808,10,0.123,4.572,0.001,814.811,0.459,1
94.855,26.461667,869.388,19.071,120.203,392.416,10,0.125,6.01,0.001,1257.65,0.95,1
94.011806,25.843528,1106.567,36.568,355.168,527.294,10,0.123,17.317,0.001,1109.942,2.365,1
94.122,25.678,1429.245,11.259,126.005,795.659,40,0.123,4.061,0.001,1756.062,0.882,1
94.472361,26.232861,977.327,17.03,263.656,736.471,10,0.124,5.214,0.001,1200.827,0.78,1
95.048417,26.242944,1261.086,23.724,78.34,29.249,30,0.13,10.395,0.05,1252.786,85.109,1
93.98,25.77,536.418,6.117,280.081,0.0,10,0.123,3.554,0.001,1458.897,0.636,1
94.08883,25.67286,1232.156,13.981,66.072,116.996,10,0.125,4.06,0.001,1590.817,0.812,1
94.772156,25.605061,1628.908,23.725,145.176,736.471,10,0.132,7.878,0.001,1245.471,1.291,1
93.81,25.8,344.246,18.524,254.917,277.48,10,0.123,5.795,0.001,932.08,0.663,1
94.788056,26.535556,1015.148,23.781,110.03,600.139,10,0.123,7.901,0.001,1267.36,1.226,1
94.236694,26.214389,344.212,25.287,149.183,248.186,10,0.123,14.826,0.001,954.488,1.743,1
94.216,25.665,811.425,16.786,0.133,233.992,10,0.128,6.755,0.001,1196.595,1.033,1
94.805011,26.235736,1378.212,40.406,108.056,82.729,30,0.127,14.645,0.001,1402.735,2.606,1
94.852222,26.46,805.991,35.44,139.612,275.934,10,0.126,16.718,0.001,1257.65,2.651,1
94.970297,25.814897,1689.729,32.129,298.752,41.364,10,0.127,24.66,0.001,1714.159,5.361,1
95.085972,26.259083,1037.764,31.393,283.166,65.403,10,0.127,19.19,0.001,1319.46,3.214,1
94.043,25.693,1054.788,24.636,107.594,392.416,10,0.124,14.363,0.001,1620.43,2.885,1
94.09061,25.65653,1581.529,23.357,28.795,707.439,10,0.127,13.456,0.001,1770.109,3.036,1
95.108944,26.759389,901.092,24.223,274.686,407.391,10,0.122,12.541,0.001,1287.52,1.978,1
94.022722,26.011389,459.223,32.946,67.482,124.093,10,0.122,29.579,0.001,907.304,3.261,1
94.453,25.662,1498.848,31.634,107.683,498.092,10,0.128,11.12,0.001,971.711,1.382,1
94.633072,25.747892,1776.791,33.418,170.532,462.467,10,0.124,30.067,0.001,915.444,3.456,1
93.944,25.615,1722.623,35.443,175.33,82.729,10,0.126,22.061,0.001,1259.432,3.491,1
95.033417,26.223,1334.295,32.18,234.534,41.364,10,0.127,26.06,0.001,1227.634,4.131,1
94.022,25.733,1011.138,17.556,1.999,305.368,30,0.13,13.746,0.05,1663.456,143.024,1
94.806389,26.468611,1151.778,22.837,187.949,585.711,10,0.124,9.92,0.001,1257.65,1.546,1
94.454528,26.395389,837.51,26.457,3.555,751.989,10,0.123,11.869,0.001,1213.188,1.774,1
94.810333,26.210306,1766.033,36.595,44.828,105.459,50,0.128,26.895,0.001,1379.857,4.735,1
94.84,26.36083,2001.58,34.357,273.776,860.239,10,0.123,18.981,0.001,1400.194,3.288,1
94.546019,26.688831,457.824,24.197,176.176,954.969,10,0.125,10.649,0.001,1254.43,1.675,1
94.168056,25.867778,1458.125,23.406,317.12,702.585,10,0.124,19.662,0.001,926.484,2.268,1
94.258,26.085389,1291.241,26.735,203.761,146.245,50,0.0,23.113,0.01,1048.345,0.67,1
95.104806,26.260333,1348.371,46.503,250.405,82.729,30,0.129,16.952,0.05,1353.239,147.899,1
94.917222,26.3275,959.555,33.558,308.611,323.066,10,0.123,24.38,0.001,1303.73,3.939,1
94.11806,25.621,1488.318,19.834,24.345,310.921,10,0.126,15.202,0.15,1973.681,564.399,1
94.877778,26.311944,1152.346,22.669,260.975,533.744,10,0.125,14.182,0.01,1355.222,24.175,1
95.096889,26.576806,1481.773,32.728,286.511,504.916,10,0.128,11.568,0.001,1287.52,1.905,1
94.254,25.667,1554.279,33.446,354.309,760.474,10,0.128,22.579,0.001,1209.125,3.495,1
94.593611,26.156333,1796.52,36.474,258.315,350.988,30,0.128,17.267,0.05,1276.997,140.097,1
93.72,25.52,1352.511,12.971,114.478,930.927,10,0.127,7.554,0.001,1041.446,1.001,1
94.021903,25.985317,772.941,40.173,300.597,442.618,10,0.124,19.204,0.001,947.269,2.25,1
94.113,25.663,1375.245,11.355,235.517,157.511,50,0.127,4.828,0.001,1849.062,1.136,1
94.635525,26.037847,2006.322,28.51,262.469,248.186,10,0.127,17.128,0.001,1129.215,2.463,1
94.481,25.647,1367.118,29.803,327.223,175.494,10,0.128,26.311,0.001,974.13,3.294,1
94.426806,25.965083,1094.323,35.094,314.032,537.736,50,0.125,25.656,0.001,1100.572,3.516,1
94.735889,25.652361,1707.943,30.277,34.227,184.987,10,0.129,10.564,0.001,1135.423,1.544,1
95.031194,26.72875,688.963,25.292,7.695,527.294,10,0.121,14.83,0.001,1340.05,2.402,1
94.049944,25.865472,932.806,32.372,178.718,643.478,30,0.123,19.887,0.05,1134.348,138.512,1
94.099,25.683,1352.002,22.459,272.893,504.916,10,0.126,9.718,0.001,1553.645,1.934,1
94.709381,25.767683,648.764,18.376,265.635,82.729,10,0.126,5.737,0.001,832.227,0.604,1
94.361,25.647,1665.16,39.338,353.174,58.498,10,0.129,32.682,0.001,1089.426,4.584,1
94.258,25.666,1575.65,22.299,9.424,714.059,10,0.126,15.899,0.001,1209.382,2.433,1
94.04664,25.66897,1586.972,23.41,308.339,632.752,10,0.125,10.227,0.001,1581.138,2.034,1
94.660694,25.515222,1533.157,24.735,257.415,520.763,10,0.13,20.824,0.001,1024.528,2.783,1
95.074222,26.711222,504.248,24.24,274.666,206.822,10,0.125,20.316,0.001,1287.52,3.264,1
94.810833,25.715956,1315.01,25.545,50.941,562.616,10,0.131,11.376,0.001,840.267,1.254,1
94.263361,26.182583,1030.818,13.403,229.654,702.585,10,0.128,9.761,0.001,944.365,1.174,1
95.029722,26.174028,897.281,25.227,356.927,298.282,10,0.125,17.386,0.001,1231.936,2.66,1
94.113,25.67,1339.595,16.016,12.849,92.493,10,0.125,6.366,0.001,1776.833,1.148,1
94.796825,25.786311,911.762,27.034,212.97,212.936,10,0.131,16.073,0.001,1018.662,2.143,1
95.080528,26.834972,276.611,24.425,55.028,380.237,10,0.126,12.669,0.001,1287.52,2.051,1
95.070083,26.787,864.765,44.096,341.171,803.15,10,0.124,36.895,0.001,1340.05,6.156,1
95.033222,26.718556,593.801,17.966,135.866,120.597,10,0.123,11.419,0.001,1340.05,1.874,1
94.638389,26.028806,1994.66,24.567,229.003,235.813,10,0.127,10.848,0.001,1119.93,1.545,1
94.760944,25.554167,1161.199,18.217,10.023,29.249,10,0.128,8.807,0.001,1358.309,1.532,1
94.021444,26.0075,431.322,25.37,51.386,413.643,10,0.121,11.281,0.001,909.286,1.248,1
93.94,25.77,802.813,32.457,184.455,58.498,60,0.122,29.071,0.05,1374.633,243.344,1
94.138,25.565,1693.379,24.518,27.285,251.609,10,0.128,8.201,0.001,1155.049,1.211,1
95.079361,26.7015,727.549,40.056,256.685,421.835,10,0.122,36.813,0.001,1287.52,5.763,1
94.793292,25.911931,1059.819,26.384,68.88,298.282,30,0.132,19.524,0.05,1043.145,133.981,1
94.388306,25.783278,1820.122,18.136,141.939,446.466,50,0.125,7.446,0.05,1066.443,49.716,1
94.795675,25.729639,1418.558,32.822,3.055,87.747,10,0.127,29.45,0.001,768.921,2.894,1
94.787967,25.934647,895.528,33.531,114.768,65.403,10,0.127,11.895,0.001,1093.668,1.653,1
93.82,25.78,437.012,33.712,31.946,642.147,10,0.125,15.793,0.001,954.852,1.891,1
93.863,25.566,1660.985,47.204,143.996,523.222,10,0.125,39.529,0.001,1100.09,5.453,1
94.072194,25.761278,1115.507,17.982,222.245,523.222,10,0.125,8.664,0.01,1370.306,14.782,1
94.267528,26.082972,1505.673,18.828,278.048,654.027,10,0.182,15.009,0.001,1033.721,3.25,1
94.856955,26.197444,1978.401,42.809,65.548,58.498,10,0.123,24.166,0.001,1324.716,3.937,1
94.838889,25.920811,626.458,49.969,260.608,87.747,10,0.126,18.185,0.001,1225.595,2.816,1
94.569611,26.191306,1696.553,23.056,46.391,206.822,10,0.124,18.318,0.001,1287.823,2.927,1
94.839083,25.605458,1338.318,39.876,63.622,819.494,10,0.129,25.136,0.001,1019.194,3.306,1
95.123333,26.638861,1174.709,16.828,277.669,842.147,10,0.128,7.97,0.001,1287.52,1.307,1
94.645139,26.608167,632.043,31.998,174.557,630.043,60,0.122,21.453,0.45,1238.24,1460.783,1
94.254306,26.017,1248.712,32.414,102.902,587.897,50,0.126,17.752,0.001,1099.555,2.469,1
94.107,25.694,1416.436,20.226,72.852,413.643,50,0.126,8.535,0.05,1495.772,80.694,1
94.635083,26.701222,147.177,34.087,248.557,41.364,10,0.127,15.994,0.001,1238.24,2.511,1
94.907311,25.827397,1724.832,38.669,199.665,397.829,30,0.126,35.427,0.05,1577.121,352.708,1
94.249472,26.180944,656.111,26.306,313.991,558.801,10,0.126,22.667,0.001,929.218,2.637,1
93.91,25.77,555.665,10.209,145.673,384.71,10,0.124,2.714,0.001,1126.841,0.378,1
94.8175,26.258889,1345.151,17.158,74.868,760.474,10,0.126,13.355,0.001,1403.457,2.376,1
94.15322,25.55697,1471.945,18.519,136.765,661.829,10,0.13,7.644,0.001,1116.025,1.105,1
94.627306,25.581333,1650.099,28.682,88.235,537.736,10,0.126,13.074,0.001,944.123,1.555,1
94.10972,25.66667,1428.215,16.939,171.719,310.921,50,0.236,5.179,0.01,1790.503,16.751,1
94.716222,25.673472,1191.668,11.427,7.768,811.099,10,0.131,7.959,0.001,952.57,0.992,1
94.960833,26.417222,761.088,24.71,177.307,29.249,10,0.128,21.009,0.01,1255.656,33.638,1
94.614028,26.66725,514.019,29.702,91.918,476.139,10,0.123,16.027,0.001,1254.43,2.47,1
94.94553,26.39936,640.018,32.64,294.092,228.442,10,0.123,26.493,0.001,1243.987,4.066,1
95.01675,26.132333,1551.596,23.97,341.745,353.417,10,0.127,7.978,0.001,1254.437,1.272,1
94.089,25.701,1348.704,18.972,271.427,558.801,10,0.125,12.228,0.01,1416.316,21.611,1
94.335,25.625,1930.101,31.254,190.115,196.208,30,0.126,14.468,0.05,1129.382,103.267,1
95.12575,26.62125,1126.28,18.462,290.725,498.092,10,0.126,14.644,0.001,1287.52,2.365,1
95.003722,26.804028,702.171,24.807,292.02,342.351,10,0.123,8.319,0.001,1340.05,1.37,1
94.097,25.651,1592.403,32.168,92.198,58.498,10,0.14,17.596,0.001,1868.502,4.689,1
94.14,26.27,457.906,7.607,224.717,0.0,10,0.123,4.712,0.001,955.214,0.553,1
94.5,26.61,520.463,21.668,134.098,330.915,10,0.122,15.346,0.001,1326.07,2.493,1
95.048417,26.431639,1564.682,31.14,277.184,445.507,30,0.127,14.406,0.05,1298.564,119.007,1
94.256167,26.090056,1312.688,24.999,243.375,29.249,50,0.148,8.398,0.001,1051.168,1.187,1
94.454833,26.475333,1111.251,24.436,218.418,544.063,10,0.122,8.168,0.001,1326.07,1.325,1
94.349,25.695,1871.524,33.844,325.916,65.403,10,0.125,30.507,0.001,1126.896,4.286,1
95.098944,26.572889,1429.193,27.95,252.72,105.459,10,0.128,24.379,0.001,1287.52,3.992,1
94.208917,26.213111,603.386,29.779,330.858,434.818,10,0.123,16.076,0.001,918.287,1.817,1
94.441,25.649,1491.016,42.653,87.052,353.417,10,0.128,39.362,0.001,971.842,4.885,1
94.054,25.661,1373.543,41.649,275.183,92.493,10,0.128,38.384,0.001,1540.945,7.563,1
95.070833,26.784806,903.549,16.163,17.087,707.439,10,0.125,11.212,0.001,1340.05,1.881,1
94.760419,25.9255,1874.287,10.67,267.726,747.425,10,0.125,4.458,0.001,1073.104,0.599,1
95.098083,26.55075,1418.862,35.899,342.212,170.549,10,0.126,22.381,0.001,1287.52,3.613,1
94.031,25.725,997.584,19.24,1.227,29.249,10,0.123,10.581,0.001,1663.343,2.157,1
94.476083,25.756417,747.302,24.159,325.172,0.0,10,0.125,20.439,0.001,1020.403,2.608,1
94.044222,26.012889,515.112,24.493,15.795,682.825,10,0.125,20.785,0.001,951.075,2.462,1
94.842917,25.742178,546.36,39.99,237.72,105.459,30,0.125,36.747,0.05,844.818,194.212,1
94.245333,25.756444,779.363,30.882,138.724,149.141,10,0.126,14.266,0.001,948.322,1.704,1
94.428039,25.906472,1127.702,35.469,135.116,249.903,30,0.129,32.178,0.05,1097.381,226.41,1
94.17178,25.57244,1175.484,9.843,258.313,0.0,10,0.129,6.57,0.001,1162.666,0.983,1
93.8,25.8,223.187,7.91,245.082,87.747,10,0.123,1.953,0.001,916.509,0.22,1
95.051944,26.112806,1941.981,37.595,19.562,431.856,10,0.123,21.004,0.001,1350.058,3.503,1
94.213417,26.202972,446.053,32.048,244.998,130.805,10,0.123,28.358,0.001,911.605,3.192,1
94.553472,26.394222,1014.797,7.489,4.296,654.027,50,0.131,1.82,0.45,1237.954,128.613,1
94.43,25.6975,1810.026,33.183,99.545,803.15,30,0.128,15.509,0.05,996.518,99.158,1
94.815556,26.264444,1269.928,14.66,2.622,476.139,10,0.126,5.69,0.001,1403.345,1.005,1
94.112,25.659,1372.115,5.515,62.899,228.442,50,0.136,1.225,0.01,1883.433,3.328,1
94.168,25.566,1239.708,30.598,320.914,65.403,10,0.129,18.622,0.001,1150.305,2.767,1
95.075806,26.041611,1485.252,25.251,36.182,206.822,30,0.125,16.183,0.05,1491.051,150.284,1
94.152281,25.979897,442.303,33.651,225.53,105.459,10,0.126,18.535,0.001,1114.275,2.607,1
94.112139,25.930611,758.772,10.143,276.059,704.409,10,0.124,6.829,0.001,1089.622,0.921,1
94.617528,26.303472,1036.225,16.325,41.13,795.659,10,0.125,4.943,0.001,1119.065,0.694,1
93.9795,26.0051,459.518,33.787,314.935,708.043,10,0.123,15.833,0.001,809.856,1.581,1
94.547354,26.031742,1578.609,38.066,192.848,228.442,10,0.13,13.722,0.001,1136.23,2.018,1
94.783333,26.556111,1176.121,26.865,209.081,706.834,10,0.121,14.218,0.001,1267.36,2.186,1
94.32,25.696,1571.625,28.215,359.719,462.467,10,0.128,12.821,0.001,1110.858,1.828,1
94.274,25.629,1771.109,28.15,331.294,305.368,10,0.127,15.037,0.001,1258.33,2.408,1
94.078028,25.758944,1175.8,29.028,204.955,352.204,50,0.126,21.889,0.001,1354.891,3.731,1
94.748497,25.631122,1992.871,20.316,181.326,29.249,10,0.131,16.338,0.001,1250.445,2.657,1
94.773214,25.560844,1066.081,34.174,202.356,58.498,10,0.128,30.847,0.001,1308.462,5.169,1
95.016722,26.71125,724.597,27.682,42.416,105.459,10,0.12,12.532,0.001,1340.05,2.025,1
94.037639,25.769417,712.231,27.863,232.1,556.5,30,0.122,12.63,0.05,1442.71,110.881,1
94.612972,25.599722,1281.602,22.518,44.838,261.611,10,0.127,18.749,0.001,920.116,2.196,1
94.49,26.6,604.301,10.46,317.186,407.391,10,0.124,2.8,0.001,1326.07,0.459,1
94.235889,26.212861,355.062,16.242,147.368,65.403,10,0.123,4.911,0.001,951.834,0.576,1
94.218,25.669,758.353,16.889,251.491,204.743,10,0.125,8.982,0.001,1171.518,1.319,1
94.550504,26.220506,1378.34,40.706,122.332,381.36,30,0.126,19.478,0.05,1191.616,146.666,1
94.168,25.562,1278.8,23.014,277.025,146.245,10,0.13,19.258,0.001,1147.127,2.869,1
94.866111,26.326111,718.465,16.108,119.487,0.0,10,0.123,12.331,0.001,1374.308,2.081,1
94.050056,25.833028,837.747,28.123,115.505,341.099,10,0.122,16.852,0.001,1136.924,2.356,1
94.67,26.424472,1309.449,13.075,179.994,731.225,10,0.123,3.727,0.001,1204.228,0.553,1
94.415028,25.91775,1074.626,25.114,7.271,29.249,10,0.127,16.076,0.001,1091.037,2.232,1
94.941056,26.231694,1539.123,33.024,210.982,184.987,10,0.129,11.688,0.001,1322.64,1.997,1
94.114,25.669,1336.211,18.554,78.212,65.403,50,0.126,7.663,0.01,1795.209,17.968,1
94.0395,25.875639,1041.31,31.046,141.298,527.294,10,0.122,26.2,0.001,1100.383,3.517,1
94.121,25.649,1233.656,26.427,132.829,65.403,10,0.125,13.94,0.001,2044.574,3.576,1
94.324889,25.869194,592.034,26.638,195.007,58.498,10,0.122,15.79,0.001,1057.244,2.024,1
94.137,25.585,1574.004,24.744,58.287,482.387,10,0.13,12.871,0.001,1415.252,2.346,1
94.050333,25.839722,914.21,16.489,133.809,527.294,30,0.124,5.005,0.05,1147.223,35.639,1
94.657528,26.719056,206.818,12.237,89.283,688.44,10,0.126,8.689,0.001,1238.24,1.358,1
94.780667,25.721861,1489.959,27.686,242.174,499.807,10,0.13,24.104,0.001,806.555,2.524,1
94.216194,25.961917,1229.664,23.09,135.439,305.368,50,0.126,14.507,0.01,1069.779,19.496,1
95.020361,26.777056,647.85,25.689,242.555,301.137,10,0.121,15.113,0.001,1340.05,2.461,1
94.214861,26.204472,607.423,26.727,217.677,357.029,10,0.125,9.105,0.001,912.648,1.034,1
93.96,25.76,782.236,19.816,79.403,380.237,10,0.123,8.32,0.05,1514.953,77.493,1
94.842028,25.597167,1254.974,41.229,101.226,261.611,10,0.128,30.643,0.05,1054.504,205.441,1
94.149,25.552,1481.485,14.927,209.006,41.364,10,0.131,4.412,0.001,1104.298,0.638,1
94.137,25.703,1344.219,24.991,120.003,361.79,10,0.127,8.395,0.05,1494.168,79.639,1
94.24675,26.169389,772.289,34.733,298.623,732.978,10,0.125,12.384,0.001,946.755,1.467,1
94.044322,26.055011,430.173,10.052,229.874,204.743,10,0.124,2.66,0.001,898.503,0.297,1
95.072694,26.775889,1029.662,29.785,243.751,602.983,10,0.124,10.362,0.001,1287.52,1.655,1
93.871,25.571,1494.948,36.27,104.39,397.829,10,0.125,20.18,0.001,1114.557,2.796,1
94.300667,25.880861,1027.746,32.48,154.088,562.616,30,0.123,15.13,0.05,1062.976,98.891,1
95.110972,26.759167,919.737,26.908,225.238,496.372,10,0.122,14.246,0.001,1287.52,2.251,1
95.042833,26.724278,519.024,20.661,271.788,65.403,10,0.122,10.308,0.001,1340.05,1.687,1
94.102,25.657,1474.116,18.309,185.617,105.459,50,0.0,10.872,0.01,1839.594,0.0,1
94.787211,25.842531,546.164,25.086,219.461,29.249,10,0.126,16.054,0.001,984.006,1.99,1
94.151111,26.143722,533.636,33.695,345.41,762.72,10,0.123,18.563,0.001,926.328,2.11,1
94.809444,26.260556,1105.856,35.259,92.517,41.364,10,0.126,31.963,0.001,1402.99,5.665,1
95.025972,26.068111,1820.104,37.725,191.941,342.351,10,0.127,32.719,0.001,1341.341,5.561,1
94.212,25.621,951.869,40.233,345.426,58.498,10,0.128,14.577,0.001,1277.211,2.391,1
94.273,25.629,1737.344,29.316,294.438,341.099,10,0.127,25.803,0.001,1258.865,4.132,1
94.850694,25.789861,730.118,27.93,206.26,301.137,10,0.126,20.907,0.001,1148.859,3.029,1
94.109,25.67,1465.707,2.91,149.879,498.092,50,0.147,0.534,0.01,1749.969,0.576,1
94.608,25.562667,1803.62,40.608,107.026,704.409,10,0.127,37.36,0.001,921.549,4.385,1
94.339139,26.107333,1265.566,37.113,5.832,787.553,10,0.128,20.705,0.001,1017.246,2.689,1
94.565056,25.922767,1951.475,33.771,161.103,621.842,10,0.127,15.824,0.001,1097.549,2.209,1
94.104,25.696,1333.306,18.797,316.943,82.729,10,0.126,9.16,0.001,1453.264,1.679,1
94.055083,25.84575,945.757,21.243,99.926,726.53,10,0.125,9.072,0.001,1141.332,1.296,1
93.778,25.723,460.157,27.049,219.586,585.711,10,0.127,12.189,0.001,910.222,1.403,1
93.916,25.697,804.782,33.202,304.452,305.368,10,0.123,20.477,0.001,1537.831,3.878,1
94.255,25.634,1074.916,21.997,299.146,146.245,10,0.129,18.031,0.05,1274.211,147.647,1
94.357322,25.770917,1427.486,37.779,83.694,222.754,10,0.128,21.118,0.001,1050.792,2.837,1
95.030222,26.175722,819.811,23.599,339.597,124.093,10,0.124,14.9,0.001,1230.244,2.266,1
94.05319,25.68658,1146.547,22.912,315.173,235.813,10,0.124,9.96,0.001,1568.233,1.935,1
93.72,25.53,1216.193,23.326,357.962,393.505,10,0.125,13.434,0.001,1057.8,1.776,1
95.078944,26.822139,439.495,4.827,52.046,787.01,10,0.125,1.03,0.001,1287.52,0.166,1
94.842444,25.594639,1259.733,33.142,75.751,41.364,10,0.128,29.481,0.001,1066.728,4.022,1
94.403972,26.316056,963.498,21.129,239.2,523.222,10,0.123,9.011,0.001,1189.839,1.312,1
94.336972,26.117194,1032.285,42.161,1.02,520.763,10,0.127,23.78,0.001,1037.81,3.119,1
94.101,25.664,1486.567,24.085,100.727,558.801,50,0.0,13.972,0.01,1759.689,0.0,1
94.747083,25.65975,1717.563,35.604,35.436,263.241,10,0.129,19.764,0.001,1129.481,2.877,1
94.085,25.72,1322.411,16.038,262.495,410.529,10,0.124,12.263,0.001,1451.31,2.197,1
94.801031,25.620269,691.682,41.149,119.564,82.729,30,0.126,37.894,0.05,1091.006,261.61,1
95.056722,26.24075,1230.131,28.32,175.287,212.936,50,0.13,24.764,0.05,1268.279,203.768,1
95.069361,26.777056,999.394,38.046,261.921,913.768,10,0.125,23.878,0.01,1340.05,39.965,1
94.961944,26.410556,633.183,30.562,290.852,82.729,10,0.124,10.68,0.001,1262.181,1.669,1
94.14167,25.70106,1182.449,13.363,131.721,41.364,10,0.127,5.947,0.001,1493.608,1.129,1
94.283,25.569,1836.902,36.53,231.085,310.921,10,0.126,17.297,0.001,1139.569,2.485,1
94.761833,25.69925,1337.873,31.845,0.406,177.915,10,0.129,21.333,0.001,934.553,2.563,1
95.031944,26.728556,675.388,21.408,33.431,549.539,10,0.121,15.947,0.01,1340.05,25.836,1
94.999444,26.749444,670.86,5.007,357.283,393.505,10,0.121,1.08,0.001,1340.05,0.175,1
94.534661,26.68,496.032,22.566,57.121,659.887,10,0.123,9.775,0.001,1254.43,1.513,1
94.357,25.543,1657.542,21.323,208.508,293.949,10,0.127,13.149,0.001,984.898,1.65,1
94.898329,26.220449,2032.347,29.379,70.911,554.961,10,0.122,25.869,0.001,1329.098,4.181,1
94.211,25.667,808.985,17.675,32.862,130.805,10,0.128,5.464,0.001,1236.751,0.862,1
94.542711,25.886089,1502.405,34.53,98.023,471.626,10,0.128,23.417,0.001,1096.388,3.301,1
95.077389,26.773583,1004.302,17.551,214.053,397.829,10,0.123,13.742,0.001,1287.52,2.166,1
94.035,25.667,1549.432,40.432,57.368,175.494,10,0.128,14.655,0.001,1617.401,3.036,1
94.728314,25.828736,1387.646,30.849,197.654,434.818,10,0.131,10.798,0.001,933.12,1.319,1
94.199444,25.750944,979.032,33.824,85.404,82.729,30,0.127,28.933,0.05,963.851,176.862,1
94.075,25.747,1149.943,14.351,134.883,585.711,10,0.132,9.14,0.001,1423.49,1.691,1
94.837944,25.680167,932.673,14.826,44.716,263.241,30,0.13,11.1,0.05,854.13,61.563,1
94.075278,25.829,780.999,28.174,264.531,261.611,30,0.124,12.799,0.05,1044.493,83.063,1
95.0785,26.073167,2074.812,39.553,170.288,576.88,30,0.125,22.207,0.05,1495.047,207.427,1
93.777,25.724,406.133,19.164,268.823,504.916,10,0.126,15.345,0.001,908.357,1.763,1
94.821944,25.893797,541.425,34.188,178.979,58.498,30,0.129,16.049,0.05,1146.351,118.088,1
94.509267,25.972325,1695.57,33.018,144.973,263.241,10,0.125,26.847,0.001,1123.559,3.792,1
95.048583,26.172472,1016.365,29.443,342.072,116.996,10,0.125,20.93,0.001,1268.356,3.318,1
94.968056,26.418333,712.87,29.268,136.846,92.493,30,0.125,20.782,0.001,1266.877,3.268,1
94.427,25.602,831.077,32.173,249.223,29.249,10,0.127,14.964,0.001,957.314,1.812,1
94.427,25.699,1768.901,41.398,291.608,666.98,10,0.13,38.139,0.001,1001.266,4.943,1
94.069,25.711,1160.857,22.104,274.349,646.131,10,0.124,14.788,0.001,1517.113,2.784,1
94.58375,26.276306,853.329,27.261,27.17,352.204,10,0.123,9.324,0.001,1128.03,1.292,1
94.21986,25.63669,885.217,34.617,348.985,130.805,10,0.127,29.709,0.001,1297.841,4.928,1
94.839167,25.919689,620.83,38.938,257.216,58.498,10,0.126,14.068,0.001,1227.444,2.18,1
94.257,25.632,1150.703,35.762,236.374,177.915,10,0.129,32.478,0.001,1271.161,5.306,1
95.079806,26.834,296.194,13.575,152.76,439.709,10,0.126,8.006,0.001,1287.52,1.299,1
94.253,25.571,1880.243,28.966,205.51,761.036,10,0.124,20.528,0.001,1202.381,3.042,1
94.784969,25.572058,975.258,32.961,247.02,105.459,10,0.126,29.594,0.001,1241.386,4.638,1
94.06361,25.68667,1066.17,14.177,27.556,130.805,10,0.123,10.485,0.001,1520.128,1.958,1
94.783078,25.568611,954.151,5.499,25.409,0.0,30,0.126,3.096,0.001,1259.669,0.493,1
95.080972,26.833889,284.489,16.259,176.031,323.066,10,0.126,6.488,0.001,1287.52,1.052,1
94.021028,25.952861,481.197,29.435,173.544,124.093,10,0.122,15.857,0.001,996.21,1.926,1
94.179975,25.755206,738.993,36.589,118.162,146.245,10,0.124,32.987,0.001,1039.499,4.246,1
94.668611,26.428,1304.483,12.567,172.098,806.869,10,0.124,8.99,0.001,1208.679,1.35,1
94.09,25.711,1426.645,18.179,251.077,774.408,10,0.124,8.783,0.01,1420.903,15.459,1
94.758128,25.896244,1574.742,35.465,152.066,707.439,10,0.129,12.679,0.001,1007.971,1.649,1
94.428972,25.809861,1193.669,11.14,62.302,0.0,10,0.13,7.704,0.001,1081.928,1.083,1
94.026203,25.99875,457.221,40.288,196.233,124.093,10,0.125,14.598,0.001,932.359,1.693,1
94.617556,26.390417,1352.01,16.556,100.584,952.278,10,0.121,7.808,0.001,1260.136,1.198,1
94.821389,26.488056,1324.385,30.793,18.003,852.747,10,0.122,18.761,0.001,1257.65,3.683,1
94.241056,26.152278,935.559,31.105,343.879,206.822,10,0.125,16.92,0.001,982.838,2.066,1
95.006139,26.216778,1599.736,27.443,234.63,29.249,10,0.129,14.586,0.001,1233.384,2.318,1
94.9525,26.555,1128.192,25.437,39.3,518.293,10,0.122,13.31,0.001,1194.13,1.956,1
94.3065,26.056167,992.726,29.117,252.645,407.391,10,0.127,17.563,0.001,1034.235,2.314,1
94.205028,26.237861,345.981,18.686,239.032,41.364,10,0.124,5.859,0.001,934.776,0.68,1
94.527417,25.810964,1317.36,36.407,248.674,184.987,30,0.13,13.059,0.05,1076.023,90.842,1
94.503003,25.842742,1566.974,14.012,129.762,610.737,10,0.125,4.071,0.001,1098.563,0.558,1
94.083,25.676,1320.653,26.668,18.803,206.822,10,0.125,9.081,0.001,1520.338,1.732,1
94.782333,26.234778,1653.292,26.071,5.499,539.325,10,0.128,15.385,0.01,1401.446,27.535,1
94.767222,25.700278,1356.586,35.637,341.871,288.069,10,0.128,16.822,0.001,928.928,2.007,1
94.888105,26.17562,2197.622,45.977,282.119,355.829,10,0.122,42.526,0.001,1300.743,6.713,1
94.043,25.686,1006.971,19.416,324.839,92.493,30,0.126,15.598,0.01,1612.986,31.747,1
94.077,25.673,1422.172,25.098,35.221,369.974,10,0.125,8.438,0.001,1514.063,1.607,1
94.26,25.566,1845.049,21.302,156.643,529.722,30,0.123,6.899,0.05,1177.56,50.372,1
94.49025,26.085333,1487.937,25.794,74.535,923.546,30,0.125,22.135,0.001,1128.543,3.117,1
95.036278,26.093083,1711.409,28.629,324.351,170.549,10,0.125,13.046,0.001,1350.376,2.208,1
94.493639,26.094333,1524.058,12.637,337.83,490.302,10,0.126,3.568,0.001,1139.106,0.513,1
94.812056,26.214972,1733.719,29.291,75.74,455.008,10,0.127,22.125,0.001,1382.994,3.885,1
94.967778,26.418333,722.67,27.529,147.193,105.459,10,0.125,12.449,0.001,1266.399,1.959,1
94.011167,25.839722,1156.593,29.661,116.817,614.229,10,0.124,26.163,0.001,1113.537,3.599,1
94.863993,26.02883,903.273,25.405,182.329,292.49,10,0.129,16.303,0.001,1220.387,2.568,1
94.523236,26.011075,1832.242,24.086,79.616,780.46,10,0.17,10.589,0.001,1131.702,1.838,1
94.246194,26.14425,1193.802,28.549,125.623,747.425,10,0.123,17.156,0.001,1007.007,2.127,1
93.97,25.75,993.04,17.347,338.879,708.043,10,0.123,10.159,0.001,1590.372,1.983,1
94.83333,26.34417,1736.539,19.453,246.562,913.768,10,0.125,6.161,0.001,1404.354,1.083,1
95.075306,26.642694,902.055,44.093,288.96,787.553,10,0.125,30.57,0.001,1287.52,4.896,1
94.249,25.559,1488.06,27.085,259.288,196.208,10,0.129,23.478,0.001,1183.832,3.564,1
94.217417,26.093972,1117.053,27.004,195.435,798.878,30,0.125,9.219,0.05,1102.396,63.744,1
94.075,25.675,1394.672,13.318,351.959,546.416,10,0.126,9.683,0.001,1479.23,1.81,1
94.788669,25.838592,584.9,31.294,80.623,146.245,30,0.125,14.489,0.001,992.777,1.815,1
95.015972,26.197944,1435.949,23.038,292.894,490.302,10,0.136,11.793,0.001,1227.555,1.901,1
94.05525,25.66806,1298.414,9.025,347.715,146.245,10,0.126,2.315,0.001,1541.708,0.449,1
94.062,25.67,1446.897,35.435,172.971,146.245,10,0.128,24.115,0.001,1512.558,4.656,1
94.617083,26.66325,419.538,21.251,153.576,206.822,10,0.126,9.076,0.001,1254.43,1.43,1
94.085,25.674,1308.871,6.993,23.81,384.71,60,0.126,1.666,0.45,1555.172,147.108,1
94.877278,25.570222,1203.03,38.792,131.887,929.547,30,0.128,21.742,0.05,1395.157,193.659,1
94.14044,25.68772,1312.941,23.336,62.061,527.294,10,0.126,17.736,0.001,1633.254,3.653,1
94.239,25.673,1141.658,25.468,331.333,576.88,10,0.126,8.59,0.001,1180.474,1.279,1
94.523667,26.012139,1810.38,8.584,89.845,842.147,50,0.138,2.171,0.05,1132.201,17.145,1
94.085,25.716,1380.04,30.961,334.076,579.1,10,0.123,14.309,0.001,1447.917,2.542,1
94.454667,26.471889,893.759,31.279,219.623,366.489,10,0.123,27.848,0.001,1326.07,4.535,1
95.079694,26.841139,287.499,24.155,224.139,498.092,10,0.125,8.053,0.001,1287.52,1.294,1
95.052389,26.427222,1579.987,39.861,144.18,251.609,30,0.129,22.395,0.05,1288.616,186.062,1
94.139,25.61,1523.402,17.976,188.004,646.131,10,0.126,9.717,0.001,1705.454,2.134,1
93.941,25.617,1687.052,13.694,203.397,124.093,10,0.125,3.953,0.001,1255.028,0.623,1
94.640067,25.899767,2188.939,36.191,261.602,685.326,30,0.124,17.117,0.001,1078.723,2.288,1
95.072917,26.775667,1045.878,22.52,236.103,592.247,10,0.124,7.389,0.001,1287.52,1.18,1
94.195833,25.844694,1351.835,11.066,128.249,625.272,10,0.126,3.01,0.001,891.266,0.338,1
95.075444,26.6435,885.736,31.819,262.861,824.178,10,0.125,22.925,0.001,1287.52,3.679,1
94.405194,26.112639,541.823,33.046,188.894,288.069,10,0.125,26.874,0.001,1042.776,3.502,1
95.060361,26.10325,2006.771,44.785,150.015,630.043,10,0.125,21.531,0.001,1398.383,3.757,1
94.257,25.631,1155.474,42.064,5.925,228.442,10,0.129,33.293,0.001,1270.261,5.437,1
94.654425,25.881797,1909.118,42.985,141.605,456.884,10,0.123,29.772,0.05,1078.016,198.631,1
94.946942,25.878183,1882.969,42.189,52.253,536.94,10,0.127,20.235,0.001,1601.235,4.093,1
95.002889,26.216861,1588.318,20.65,158.474,0.0,10,0.129,16.843,0.001,1235.942,2.7,1
94.183667,26.001972,1326.425,17.558,124.537,819.494,10,0.123,7.149,0.001,1136.37,0.998,1
94.75,26.27028,1434.753,22.293,73.149,233.992,10,0.127,18.518,0.001,1375.943,3.245,1
94.289,25.651,1774.28,18.794,198.909,620.465,10,0.126,12.084,0.001,1228.124,1.866,1
94.855194,25.593333,1200.447,37.203,322.881,555.731,10,0.127,17.653,0.001,1124.085,2.513,1
94.812222,26.263889,1192.296,36.65,268.737,149.141,10,0.126,25.046,0.001,1403.161,4.415,1
94.10883,25.71906,1313.045,17.765,127.107,610.737,10,0.126,10.467,0.001,1342.395,1.796,1
94.973056,26.420556,680.879,33.679,178.622,41.364,10,0.123,15.775,0.05,1273.349,123.638,1
94.180833,25.750583,724.232,33.386,303.937,82.729,10,0.126,15.618,0.001,1038.93,2.035,1
94.223333,26.206111,500.066,32.821,177.376,381.36,10,0.124,25.276,0.001,925.123,2.894,1
94.15528,25.83986,1460.391,14.769,137.222,708.043,30,0.127,9.48,0.001,884.021,1.062,1
94.064583,25.760583,1022.905,7.795,222.208,409.486,50,0.124,1.916,0.01,1403.714,3.331,1
94.101333,26.091861,709.773,35.044,316.682,712.259,10,0.12,19.413,0.001,935.043,2.178,1
94.616694,26.301694,1038.48,21.416,117.433,642.147,50,0.127,13.22,0.01,1119.06,18.624,1
94.294889,26.123806,1232.355,36.443,55.717,499.807,50,0.126,17.251,0.01,993.138,21.595,1
94.922778,25.786594,1847.358,23.158,217.086,116.996,10,0.13,14.559,0.001,1466.636,2.775,1
94.10003,25.72628,1212.212,8.75,180.972,149.141,50,0.122,5.645,0.15,1388.59,143.642,1
94.824444,26.491389,1218.485,27.149,126.858,442.618,10,0.166,16.155,0.001,1257.65,3.044,1
94.062,25.687,1068.52,22.603,16.276,263.241,10,0.123,15.2,0.001,1527.261,2.86,1
94.669944,26.431,1402.551,27.637,136.719,1101.021,10,0.125,21.778,0.001,1213.652,3.306,1
94.088,25.713,1382.134,24.282,266.964,868.651,10,0.124,20.567,0.001,1432.066,3.65,1
94.846333,25.590139,1146.344,41.278,131.077,206.822,30,0.126,23.252,0.001,1083.482,3.19,1
94.839583,25.604389,1330.04,40.297,77.927,848.221,10,0.129,22.66,0.001,1023.56,2.982,1
94.464,25.697,1474.197,21.79,82.026,554.961,30,0.131,12.353,0.01,970.252,15.707,1
94.031361,25.995333,568.775,40.25,252.974,248.186,10,0.123,25.392,0.001,951.138,2.979,1
94.52275,26.325861,1272.066,26.015,284.467,704.409,50,0.128,19.195,0.01,1228.808,25.444,1
94.073306,25.832333,749.179,30.614,246.615,321.739,10,0.124,10.702,0.001,1056.653,1.4,1
94.411639,26.069917,916.136,30.185,226.984,688.44,10,0.123,13.889,0.001,1034.73,1.775,1
94.111,25.672,1378.836,17.632,76.453,341.099,50,0.0,5.447,0.01,1744.675,0.0,1
94.780778,25.561306,1054.186,25.722,296.119,146.245,10,0.127,13.491,0.001,1297.436,2.22,1
94.4725,26.233861,984.876,9.386,352.353,739.947,10,0.124,2.436,0.01,1201.219,3.642,1
94.466,25.706,1365.946,27.566,76.944,298.282,10,0.132,23.979,0.001,969.824,3.061,1
94.104,25.677,1349.964,19.882,314.861,175.494,10,0.224,11.024,0.001,1647.794,3.596,1
94.223444,26.069722,1031.865,26.536,18.83,529.722,10,0.123,15.717,0.001,1106.148,2.135,1
94.519583,25.786433,1359.607,32.454,318.168,29.249,10,0.129,29.069,0.001,1042.784,3.896,1
94.76,25.604444,1809.838,26.049,329.625,353.417,10,0.133,11.648,0.001,1304.047,2.013,1
94.115583,25.779111,1331.268,20.492,301.736,722.397,10,0.125,6.574,0.01,1088.104,8.937,1
94.750139,25.631833,2050.166,42.581,228.711,146.245,30,0.129,24.03,0.05,1256.583,196.13,1
94.206,25.622,985.753,35.826,91.366,315.021,10,0.13,26.262,0.001,1267.141,4.316,1
94.474467,25.993981,1588.621,33.159,200.894,517.467,10,0.127,11.744,0.001,1128.538,1.673,1
95.097639,26.5715,1417.762,33.925,356.803,65.403,10,0.127,18.708,0.001,1287.52,3.054,1
94.564667,26.086444,1861.729,30.042,130.717,703.193,10,0.124,16.243,0.001,1155.259,2.326,1
94.136111,26.1295,575.122,28.013,295.839,889.573,10,0.125,9.633,0.001,938.869,1.135,1
95.074639,26.816056,553.148,8.723,276.861,457.819,50,0.125,3.858,0.01,1287.52,6.228,1
94.349083,26.090556,1021.168,18.746,168.078,929.547,30,0.128,14.927,0.001,983.864,1.889,1
94.549818,26.18971,1557.588,36.744,312.613,760.474,10,0.124,17.41,0.001,1258.754,2.735,1
94.806114,25.814525,989.696,23.885,267.016,425.872,10,0.134,10.481,0.001,1088.279,1.521,1
94.468,25.706,1263.44,25.842,54.862,105.459,10,0.13,16.643,0.001,969.936,2.101,1
93.94,25.76,751.762,38.811,50.869,124.093,10,0.122,24.406,0.001,1445.25,4.321,1
95.029889,26.728167,685.112,30.161,330.572,556.5,10,0.121,16.319,0.001,1340.05,2.709,1
95.073167,26.24325,1130.155,32.597,105.344,415.706,10,0.127,15.193,0.001,1297.736,2.501,1
94.147,25.563,1651.604,5.899,88.751,649.433,50,0.126,1.336,0.45,1109.828,103.057,1
94.912642,25.820664,1703.872,35.454,205.337,248.186,60,0.129,12.675,0.05,1618.84,132.163,1
94.12442,25.68703,1253.573,12.956,75.209,0.0,10,0.126,9.347,0.001,1680.457,1.978,1
94.177,25.646,1011.365,16.275,139.497,455.008,10,0.128,11.857,0.001,1662.05,2.525,1
94.223889,25.878917,1426.022,44.378,138.361,706.834,10,0.124,28.146,0.001,944.707,3.311,1
94.257111,26.033361,1441.605,33.525,312.351,602.983,10,0.125,18.456,0.01,1067.892,24.704,1
95.077889,26.820806,475.33,18.602,71.934,954.969,10,0.124,5.826,0.001,1287.52,0.933,1
94.15525,25.854417,1401.378,26.467,302.28,529.722,10,0.125,13.965,0.001,906.188,1.589,1
94.10833,25.69583,1369.7,23.297,90.09,454.066,30,0.126,13.414,0.05,1484.721,125.742,1
94.203,25.631,992.218,23.528,86.863,352.204,30,0.131,10.29,0.05,1341.002,90.369,1
94.479889,25.763833,890.559,31.798,89.504,116.996,10,0.129,26.942,0.001,1026.821,3.584,1
94.669417,26.42575,1309.486,12.492,341.603,732.978,10,0.124,5.456,0.001,1205.933,0.814,1
94.971819,25.814625,1774.492,24.273,279.866,157.511,30,0.127,8.101,0.001,1712.284,1.758,1
94.082,25.722,1305.701,23.224,204.312,277.48,30,0.122,19.278,0.001,1467.818,3.471,1
94.216444,25.936056,1181.15,28.299,4.313,497.233,10,0.124,12.867,0.001,1030.28,1.65,1
94.580747,25.980008,1775.103,31.515,58.073,592.247,10,0.128,11.071,0.001,1104.439,1.561,1
94.234,25.655,1225.581,27.0,262.443,462.467,30,0.13,17.547,0.05,1251.042,142.2,1
94.122,25.652,1237.12,30.233,136.703,65.403,60,0.127,16.365,0.45,2020.147,1884.338,1
93.616306,25.275028,1119.604,16.037,223.914,261.611,10,0.123,4.832,0.001,740.176,0.439,1
94.595278,25.591833,1056.139,5.206,92.457,0.0,10,0.129,2.884,0.001,893.327,0.332,1
94.263944,26.0885,1459.875,29.001,239.751,241.193,10,0.129,10.04,0.001,1038.472,1.6,1
94.202306,25.89125,1376.886,18.955,64.861,617.008,10,0.121,5.965,0.001,962.058,0.696,1
94.783028,25.827608,709.346,35.585,166.457,341.099,10,0.129,32.298,0.05,968.5,201.811,1
94.770472,26.275167,1946.066,40.162,130.975,600.139,10,0.122,22.578,0.001,1400.762,3.872,1
94.115194,25.840167,1123.889,28.829,203.76,497.233,10,0.122,13.154,0.001,928.185,1.493,1
93.9855,26.0034,506.477,19.849,174.598,425.872,10,0.124,6.318,0.001,826.156,0.648,1
93.616306,25.275083,1119.604,16.037,223.914,261.611,10,0.123,4.832,0.001,740.176,0.439,1
95.072917,26.81775,542.407,19.858,268.67,585.711,10,0.126,16.043,0.001,1287.52,2.583,1
95.071889,26.785722,880.873,27.318,98.867,614.925,10,0.125,12.335,0.001,1340.05,2.07,1
94.543194,25.668417,644.28,36.788,80.378,29.249,10,0.123,20.503,0.001,912.226,2.308,1
94.943333,26.371667,1172.228,38.047,36.231,490.302,10,0.127,28.083,0.001,1260.484,4.491,1
94.829722,25.601028,1476.815,27.214,301.377,844.177,10,0.128,23.613,0.001,1051.014,3.188,1
94.579939,25.976625,1803.498,40.995,98.398,588.625,10,0.125,30.457,0.001,1103.948,4.225,1
94.975,26.421389,680.219,26.16,159.356,29.249,30,0.123,22.515,0.001,1275.666,3.541,1
95.077083,26.697111,719.956,30.545,337.486,384.71,10,0.121,14.084,0.001,1287.52,2.211,1
94.458,26.034833,923.54,0.903,60.202,641.48,50,0.125,0.117,0.01,1116.445,0.162,1
94.212611,26.237,391.933,17.734,122.015,29.249,10,0.124,9.552,0.001,934.21,1.107,1
94.33075,26.11575,1066.511,26.219,38.889,680.314,10,0.126,15.491,0.001,1026.941,1.999,1
94.164,25.567,1307.721,18.597,172.052,170.549,10,0.13,7.685,0.001,1144.193,1.142,1
94.503803,25.970169,1776.843,25.521,127.302,556.5,10,0.124,21.851,0.001,1124.774,3.055,1
94.409611,25.918194,1025.097,38.097,356.379,222.754,10,0.125,26.146,0.001,1088.032,3.566,1
94.003194,26.006028,718.462,32.339,136.118,447.424,10,0.122,15.054,0.001,866.715,1.594,1
94.055,25.661,1439.885,29.529,263.695,177.915,10,0.128,26.026,0.001,1536.937,5.108,1
94.078,25.749,1231.121,5.921,216.967,620.465,10,0.125,1.343,0.15,1399.081,35.543,1
94.237358,25.750617,927.64,28.735,129.032,562.616,10,0.127,17.29,0.001,936.002,2.055,1
94.511647,25.971569,1571.045,34.521,140.573,175.494,10,0.126,26.783,0.001,1122.703,3.837,1
94.760111,25.682333,1602.69,28.282,250.584,438.735,10,0.129,24.725,0.001,1030.682,3.274,1
94.482194,26.073778,1255.452,45.045,271.29,527.294,10,0.127,33.611,0.001,1125.876,4.786,1
94.254417,26.114222,1286.861,22.193,308.928,235.813,10,0.122,13.815,0.001,1056.892,1.774,1
94.639083,26.684139,145.436,35.765,254.799,29.249,10,0.124,32.482,0.001,1238.24,5.014,1
94.19514,25.62978,906.215,26.765,268.288,58.498,10,0.13,23.144,0.05,1402.651,210.759,1
93.9794,26.0054,426.118,33.47,318.608,704.409,10,0.123,18.421,0.001,808.815,1.837,1
94.363139,26.103667,727.936,27.167,330.751,263.241,50,0.126,14.411,0.001,1015.648,1.843,1
94.81309,26.18096,2005.258,40.417,246.008,856.251,50,0.127,27.886,0.01,1346.441,47.971,1
94.856411,25.783939,750.058,41.841,54.699,65.403,10,0.127,20.058,0.001,1141.167,2.902,1
94.045167,26.053164,404.737,29.124,232.233,146.245,10,0.124,10.09,0.001,902.044,1.128,1
94.258306,26.037139,1427.317,17.894,276.566,666.98,10,0.126,7.322,0.001,1060.812,0.979,1
94.047694,25.9365,657.396,26.91,244.926,269.662,10,0.122,12.114,0.001,1050.567,1.551,1
94.79,26.551111,1023.932,32.783,188.076,235.813,10,0.123,15.293,0.001,1267.36,2.386,1
94.0855,25.72194,1375.748,10.764,142.995,471.626,10,0.123,4.508,0.001,1451.783,0.806,1
93.782,25.745,285.979,3.431,30.541,29.249,10,0.125,1.679,0.001,911.018,0.191,1
95.093056,26.580667,1427.174,37.065,301.661,350.988,10,0.127,17.58,0.001,1287.52,2.872,1
95.112889,26.758306,939.138,18.978,204.482,614.925,10,0.124,15.159,0.001,1287.52,2.41,1
95.020444,26.165417,1062.54,21.051,286.939,510.812,30,0.124,17.25,0.001,1222.398,2.623,1
94.775594,25.700692,1382.207,40.425,261.191,65.403,10,0.13,33.661,0.001,926.496,4.057,1
94.762389,25.553833,1166.575,7.4,27.267,29.249,10,0.128,1.792,0.001,1354.145,0.311,1
94.549524,26.191463,1539.914,38.948,265.703,678.425,10,0.124,28.815,0.001,1254.213,4.497,1
94.107,25.644,1582.054,27.005,35.364,617.008,10,0.126,20.079,0.001,2003.297,7.704,1
94.7535,25.660194,1670.446,14.027,31.516,165.457,10,0.13,10.345,0.001,1147.234,1.554,1
93.8,25.78,250.975,15.818,78.672,29.249,10,0.122,12.051,0.05,925.001,68.309,1
94.089,25.659,1521.566,14.783,51.54,482.387,50,0.133,5.75,0.01,1734.52,14.489,1
94.06942,25.6715,1545.836,15.987,16.198,544.063,50,0.126,4.813,0.01,1480.224,8.943,1
94.039583,26.004528,480.517,46.54,93.199,381.36,10,0.123,42.614,0.001,954.792,5.0,1
94.097,25.663,1411.645,21.361,258.484,228.442,50,0.0,13.178,0.01,1743.526,0.0,1
94.430556,25.802361,1134.571,36.774,288.683,65.403,10,0.131,33.511,0.001,1081.441,4.745,1
95.077917,26.831417,280.686,10.055,147.544,668.261,10,0.125,2.661,0.001,1287.52,0.427,1
94.719444,25.662222,1364.726,36.063,276.672,608.632,10,0.13,22.496,0.001,1026.518,2.989,1
94.634169,25.969628,1224.104,30.658,271.246,65.403,10,0.127,21.951,0.001,1087.301,3.034,1
94.097386,25.905433,646.376,28.861,199.619,184.987,10,0.125,19.002,0.001,1097.989,2.601,1
94.21525,26.234722,420.743,27.164,349.913,58.498,10,0.125,12.251,0.001,932.619,1.424,1
94.107,25.668,1400.68,15.688,191.836,293.949,50,0.0,11.925,0.01,1759.857,0.0,1
95.099528,26.257028,1323.228,28.576,257.973,105.459,30,0.128,18.779,0.05,1343.935,162.093,1
94.232083,26.2095,394.141,28.546,132.515,264.861,10,0.123,13.0,0.001,943.199,1.507,1
94.773222,25.566944,1314.732,23.062,182.553,544.063,30,0.129,11.808,0.05,1285.724,97.692,1
94.284,25.559,1748.667,9.167,258.05,187.285,30,0.125,2.363,0.05,1115.277,16.439,1
93.493528,25.487139,455.993,13.496,295.47,58.498,10,0.126,9.848,0.001,954.19,1.189,1
94.523589,25.857789,869.204,40.167,113.897,29.249,10,0.127,19.2,0.001,1095.976,2.68,1
94.212222,26.236336,371.087,12.455,194.001,0.0,10,0.124,8.887,0.001,933.686,1.028,1
94.631167,26.706389,138.242,25.524,300.559,146.245,50,0.126,11.364,0.01,1238.24,17.746,1
94.778178,25.561903,1019.18,22.797,144.068,29.249,10,0.128,11.641,0.001,1297.873,1.932,1
94.596944,25.593472,1071.151,32.554,214.054,29.249,10,0.129,17.841,0.001,895.015,2.058,1
94.858056,26.326389,912.319,25.267,91.848,357.029,10,0.123,17.42,0.001,1387.113,2.981,1
94.141,25.582,1547.171,14.675,119.236,562.616,10,0.127,4.318,0.001,1335.544,0.735,1
94.743833,26.673278,885.875,10.962,181.539,910.015,50,0.123,2.974,0.01,1267.36,4.616,1
94.130806,26.232722,573.333,24.465,189.952,341.099,10,0.122,8.18,0.001,931.323,0.934,1
94.215,25.632,837.432,31.947,236.061,58.498,10,0.126,27.088,0.001,1292.166,4.427,1
94.875833,26.305833,1002.776,38.377,265.954,29.249,10,0.126,21.486,0.001,1358.231,3.669,1
94.579865,26.143985,1670.864,28.691,186.835,392.416,10,0.127,13.079,0.001,1260.786,2.088,1
95.021694,26.425222,1585.923,30.157,151.949,619.775,10,0.129,10.514,0.001,1304.418,1.764,1
94.5679,25.9899,1555.576,34.649,322.395,619.775,10,0.129,16.295,0.001,1109.948,2.323,1
94.332,25.574,1746.325,40.864,320.622,695.241,10,0.128,25.808,0.001,1026.45,3.381,1
94.958014,25.793333,1765.865,23.367,321.522,228.442,30,0.128,10.203,0.05,1570.51,102.252,1
94.944167,26.542778,1209.715,34.344,237.326,384.71,10,0.127,16.132,0.001,1194.13,2.441,1
94.006528,25.840139,1259.084,29.449,190.261,795.659,10,0.123,10.223,0.001,1109.43,1.391,1
94.121,25.691,1391.679,2.508,143.191,549.539,40,0.126,0.44,0.01,1617.304,0.896,1
95.021667,26.165972,1084.571,34.331,305.988,617.008,10,0.124,18.964,0.001,1224.526,2.899,1
95.203583,26.666917,1078.281,21.427,331.818,476.139,10,0.128,6.949,0.001,1259.57,1.118,1
94.036278,25.957472,647.047,18.489,193.192,264.861,10,0.123,14.67,0.001,1003.376,1.811,1
94.148,25.554,1531.626,23.812,170.276,65.403,10,0.127,10.442,0.05,1103.823,74.17,1
94.653542,25.880908,1919.354,36.607,125.377,333.49,10,0.123,17.337,0.001,1077.968,2.307,1
94.051,25.667,1406.881,41.261,85.197,235.813,10,0.126,32.618,0.001,1559.511,6.433,1
94.096,25.66,1475.549,24.14,35.163,529.722,50,0.0,10.618,0.01,1769.871,0.0,1
94.263083,26.084806,1389.831,25.839,213.852,333.49,50,0.129,11.534,0.01,1040.46,17.735,1
94.836944,26.510833,1137.378,25.039,254.83,952.727,10,0.123,13.057,0.001,1257.65,2.021,1
94.101028,26.180639,544.079,52.739,336.342,668.261,10,0.119,25.233,0.001,881.131,2.662,1
94.152167,25.840361,1397.593,20.51,186.078,625.272,50,0.126,16.532,0.01,884.891,18.483,1
93.475944,25.40975,680.504,23.851,190.629,124.093,10,0.123,12.306,0.001,899.306,1.363,1
95.011306,26.421667,1620.121,26.525,355.347,614.925,10,0.128,11.905,0.001,1306.486,1.987,1
93.9807,26.0039,461.056,13.287,177.7,576.138,10,0.123,3.804,0.001,814.346,0.382,1
94.143,25.561,1664.899,16.192,2.603,554.961,10,0.127,6.455,0.001,1101.169,0.904,1
94.078556,25.767167,1286.796,22.099,234.629,703.193,50,0.126,7.22,0.01,1312.878,11.895,1
94.430583,25.839361,1745.028,34.527,247.91,228.442,50,0.125,28.258,0.001,1087.597,3.846,1
94.235778,26.213389,355.139,23.888,92.934,105.459,10,0.123,10.483,0.001,952.194,1.23,1
94.234,25.569,1635.08,27.349,208.381,500.662,10,0.126,9.361,0.001,1231.147,1.452,1
94.09,26.084444,736.162,34.673,306.458,848.221,10,0.12,21.519,0.001,927.032,2.384,1
94.4315,25.796056,1129.833,37.604,246.875,82.729,10,0.13,13.538,0.001,1081.058,1.904,1
94.487528,26.198528,996.429,19.88,97.799,497.233,10,0.125,16.064,0.001,1185.047,2.397,1
94.101,25.678,1274.009,33.755,194.479,41.364,10,0.127,15.816,0.001,1617.905,3.405,1
94.866944,26.336111,801.48,10.465,106.873,29.249,10,0.126,6.437,0.001,1372.628,1.111,1
94.477497,25.909153,1911.323,46.653,112.938,288.069,10,0.125,17.006,0.001,1114.515,2.368,1
94.08,25.677,1278.727,12.202,22.813,29.249,10,0.125,8.657,0.05,1493.124,81.0,1
94.251972,26.05925,1484.767,23.354,211.492,537.736,50,0.128,10.196,0.01,1061.838,13.901,1
94.265472,26.183889,1075.726,13.764,252.292,943.252,10,0.127,10.098,0.001,948.553,1.216,1
93.566972,25.343583,933.064,26.894,156.636,431.856,10,0.124,9.174,0.001,838.661,0.958,1
94.11,26.3,300.686,17.811,256.889,330.915,10,0.123,5.517,0.001,959.731,0.653,1
94.891208,25.602511,1041.569,46.761,147.343,497.233,30,0.127,26.452,0.05,1336.961,224.061,1
94.50675,26.30175,1217.593,20.945,47.254,625.272,10,0.128,8.914,0.001,1220.913,1.402,1
94.438,25.655,1583.397,30.561,154.74,92.493,30,0.127,14.093,0.001,971.31,1.734,1
94.002778,25.85475,723.25,28.285,318.302,704.409,10,0.121,15.123,0.001,1090.334,2.017,1
94.171056,26.016528,1174.84,18.398,161.036,682.198,10,0.122,8.917,0.001,1138.153,1.239,1
94.558955,26.19257,1593.125,30.792,3.031,206.822,10,0.125,14.218,0.001,1267.717,2.252,1
94.858,25.583833,1220.47,35.567,113.715,261.611,10,0.129,32.279,0.001,1188.786,4.942,1
94.086,25.714,1369.874,24.542,205.182,790.264,10,0.123,20.836,0.001,1442.325,3.699,1
94.82,26.490833,1273.775,27.581,327.158,889.573,10,0.0,23.994,0.001,1257.65,5.813,1
94.941389,26.373056,1134.719,36.89,48.031,455.008,10,0.127,33.629,0.001,1256.692,5.376,1
93.907,25.688,909.445,23.937,93.076,409.486,10,0.125,16.309,0.001,1484.432,3.012,1
94.823292,25.602208,1250.496,29.516,260.757,196.208,10,0.127,24.687,0.001,1053.198,3.321,1
93.80180556,25.78180556,273.044,26.452,314.275,82.729,30,0.124,17.119,0.05,927.009,98.011,1
94.085,25.698,1242.305,21.106,169.594,327.014,10,0.126,11.874,0.001,1432.535,2.139,1
94.523238,26.041525,1762.736,23.473,19.467,632.752,50,0.124,13.539,0.01,1144.695,19.37,1
95.080278,26.84425,266.999,12.131,283.02,510.812,10,0.126,5.255,0.001,1287.52,0.847,1
94.616639,26.253611,1589.915,41.436,156.393,673.362,10,0.126,30.806,0.001,1146.348,4.45,1
95.018361,26.731944,590.455,35.31,254.685,264.861,10,0.122,19.58,0.001,1340.05,3.21,1
94.254389,26.017472,1260.76,32.043,120.803,584.98,50,0.126,11.288,0.01,1098.512,15.673,1
94.214056,26.222306,569.834,23.52,295.371,567.913,10,0.122,15.962,0.001,924.39,1.805,1
94.274,25.546,1758.213,40.605,5.62,445.507,10,0.125,25.633,0.001,1101.977,3.551,1
94.214028,25.970917,1479.246,37.706,117.203,1023.297,10,0.138,25.85,0.001,1083.526,3.724,1
94.14,25.563,1725.334,35.288,56.448,445.507,30,0.128,31.993,0.001,1108.651,4.538,1
94.801583,26.226778,1616.432,31.942,339.05,263.241,10,0.127,14.839,0.001,1402.543,2.65,1
93.858,25.561,1479.38,56.724,222.592,860.736,30,0.124,41.745,0.05,1088.59,281.101,1
94.628103,25.880069,1891.316,30.532,57.016,196.208,10,0.124,10.668,0.001,1077.638,1.43,1
94.863889,26.424167,627.543,23.695,105.198,157.511,10,0.123,19.961,0.001,1286.53,3.159,1
94.295222,26.193278,906.379,6.13,170.153,774.408,10,0.124,2.179,0.001,990.857,0.268,1
94.641333,26.412694,1079.654,29.597,117.82,706.834,10,0.122,10.284,0.001,1241.047,1.556,1
94.287,25.68,1655.918,25.749,359.583,564.892,10,0.124,22.088,0.001,1156.913,3.183,1
95.030472,26.175889,823.492,24.287,351.158,146.245,10,0.124,20.572,0.001,1230.788,3.129,1
94.004444,26.0225,712.486,15.456,181.083,390.23,10,0.123,7.157,0.001,848.807,0.746,1
93.632222,25.298167,1292.836,34.842,2.683,527.294,10,0.124,19.286,0.001,739.569,1.767,1
94.794167,26.506111,1138.875,38.78,152.706,288.069,50,0.122,24.385,0.001,1267.36,3.766,1
94.253,25.667,1546.228,25.345,352.078,798.342,10,0.128,14.868,0.001,1209.635,2.31,1
95.064389,26.749972,854.006,31.417,107.381,630.043,10,0.122,11.031,0.001,1340.05,1.801,1
94.841489,25.914247,920.039,24.879,337.049,527.294,10,0.13,21.185,0.001,1241.287,3.399,1
94.211806,26.226972,526.582,21.23,303.354,576.88,10,0.123,11.961,0.001,927.556,1.358,1
94.08,25.696,1172.069,13.565,175.55,289.55,10,0.126,9.812,0.001,1453.441,1.788,1
93.9914,26.0049,551.164,24.744,209.101,327.014,10,0.122,10.944,0.001,838.897,1.133,1
94.012,25.736,983.916,9.783,29.959,392.416,50,0.122,2.569,0.01,1651.056,5.183,1
93.855,25.629,1341.551,28.684,323.671,490.302,10,0.123,22.765,0.001,1183.526,3.314,1
95.02625,26.081472,1825.64,40.022,255.924,146.245,10,0.126,25.236,0.001,1335.152,4.251,1
94.2465,26.193056,509.792,19.175,313.981,468.897,10,0.121,11.52,0.001,944.449,1.313,1
94.238389,26.204028,424.546,23.414,296.491,393.505,10,0.122,10.229,0.001,950.61,1.183,1
94.415944,25.794083,1434.017,39.724,113.696,384.71,10,0.127,36.483,0.001,1076.753,5.021,1
94.104,25.669,1416.177,19.485,359.919,503.219,50,0.0,10.75,0.01,1728.049,13.629,1
94.338611,26.113333,982.829,29.516,42.115,277.48,30,0.125,15.908,0.05,1030.195,102.308,1
94.200583,25.889361,1408.432,29.497,187.545,643.478,50,0.122,17.835,0.01,959.273,20.855,1
94.280389,26.331333,870.97,40.677,327.333,719.43,10,0.122,19.463,0.001,944.099,2.249,1
95.023639,26.176111,856.817,34.873,184.065,82.729,30,0.124,25.474,0.05,1217.813,192.393,1
94.117,25.68,1493.373,15.485,297.611,644.142,10,0.177,11.729,0.001,1702.04,2.863,1
95.110333,26.706194,1010.145,16.374,207.451,527.294,10,0.124,12.589,0.001,1287.52,2.014,1
94.968933,25.814272,1697.073,35.645,122.038,82.729,10,0.127,19.79,0.001,1709.059,4.293,1
94.585056,26.272028,951.505,16.51,180.532,517.467,10,0.121,8.729,0.001,1125.866,1.193,1
94.633639,26.032992,2039.364,32.724,254.904,614.229,10,0.126,11.566,0.001,1125.264,1.646,1
95.026694,26.167861,1131.458,25.127,326.534,446.466,10,0.126,21.226,0.001,1233.727,3.295,1
93.72,25.51,1205.195,19.446,128.207,196.208,10,0.127,14.149,0.001,1025.522,1.839,1
94.460056,26.395944,812.032,31.722,28.452,758.784,10,0.123,21.237,0.001,1213.442,3.177,1
94.507711,25.990339,1743.0,21.447,286.091,668.261,10,0.125,17.653,0.001,1127.748,2.499,1
94.463389,26.376,863.928,15.764,341.445,555.731,10,0.122,4.729,0.001,1169.384,0.675,1
94.081,25.722,1285.044,33.104,200.622,263.241,10,0.122,29.742,0.001,1471.827,5.365,1
95.125194,26.650333,913.627,13.964,335.704,621.842,40,0.126,6.29,0.15,1287.52,152.6,1
94.9275,26.336667,1138.779,34.354,273.76,146.245,10,0.127,21.293,0.001,1288.43,3.48,1
94.363694,25.756583,1698.012,31.635,170.769,940.072,50,0.126,21.17,0.05,1052.109,139.547,1
94.098056,26.087917,736.45,28.565,322.645,758.784,10,0.12,15.302,0.001,934.217,1.712,1
95.039028,26.112611,1765.996,34.442,232.073,350.988,10,0.126,19.034,0.001,1325.07,3.172,1
94.03294,25.65072,1696.226,42.117,271.092,393.505,10,0.127,26.651,0.001,1594.969,5.4,1
94.244494,25.885208,1321.156,34.899,264.405,499.807,10,0.124,19.322,0.001,959.324,2.298,1
94.571428,25.965394,1891.704,32.041,253.554,666.98,10,0.127,28.64,0.001,1104.106,4.005,1
95.001083,26.207833,1562.364,28.15,182.898,620.465,30,0.128,16.871,0.05,1238.332,133.902,1
94.09306,25.71092,1410.303,22.161,188.708,490.302,10,0.124,11.242,0.001,1407.54,1.963,1
94.768083,25.604611,1746.35,36.45,14.789,759.348,10,0.134,30.041,0.001,1265.106,5.063,1
94.068,25.692,1013.352,33.454,200.559,149.141,30,0.124,27.256,0.05,1504.834,253.743,1
95.12525,26.651389,891.648,14.51,310.897,539.325,10,0.126,10.8,0.001,1287.52,1.743,1
94.435,25.726,1142.865,32.168,326.016,124.093,10,0.131,28.772,0.001,1021.14,3.837,1
94.387,25.681,1464.927,33.81,60.696,222.754,60,0.131,22.86,0.45,1044.829,1398.715,1
94.026556,25.943944,505.495,31.361,254.794,526.482,10,0.123,17.083,0.001,1010.339,2.121,1
94.209,25.618,827.166,16.58,51.961,29.249,10,0.129,10.977,0.001,1268.906,1.796,1
94.762694,25.674944,1653.519,20.021,260.866,263.241,30,0.13,6.387,0.05,1072.989,44.638,1
94.870921,26.110135,1905.908,38.307,74.145,647.454,10,0.126,35.063,0.001,1268.416,5.578,1
94.242,25.744,836.093,19.293,99.318,392.416,10,0.125,6.098,0.001,941.755,0.722,1
94.419028,26.222111,1075.791,37.439,247.497,600.139,10,0.124,13.473,0.05,1206.939,101.419,1
94.478472,25.756889,787.299,38.256,27.822,65.403,10,0.126,34.658,0.001,1018.347,4.44,1
94.549514,26.190598,1540.278,31.99,254.564,703.193,10,0.124,11.266,0.001,1256.525,1.766,1
94.202222,26.23925,332.877,20.463,168.321,58.498,10,0.125,16.654,0.001,935.666,1.944,1
94.651019,25.941056,2004.451,40.015,136.087,803.15,10,0.124,22.489,0.001,1080.829,3.036,1
94.077,25.695,1167.008,14.225,199.56,445.507,10,0.125,4.15,0.001,1465.899,0.759,1
94.684364,25.968233,1876.238,33.014,151.487,301.137,10,0.125,15.418,0.001,1111.914,2.149,1
94.005056,25.851889,903.731,36.075,17.948,649.433,10,0.123,22.505,0.001,1095.441,3.036,1
94.933056,26.360556,1361.248,11.513,98.01,630.043,50,0.127,4.179,0.01,1264.54,6.702,1
94.5,26.62,500.136,33.981,257.243,406.34,10,0.127,18.744,0.001,1326.07,3.148,1
95.084667,26.262889,1100.642,34.05,105.946,170.549,30,0.129,18.787,0.05,1316.552,159.766,1
94.203944,26.238694,339.788,19.858,217.701,41.364,10,0.124,9.811,0.001,935.308,1.141,1
94.160139,25.859444,1465.131,26.855,298.025,621.842,10,0.125,23.239,0.001,913.743,2.664,1
94.292972,26.193,901.017,4.119,28.248,798.878,10,0.124,0.839,0.001,988.287,0.103,1
94.8075,25.818947,738.344,26.338,38.926,357.029,30,0.13,18.318,0.05,1099.697,131.766,1
95.048278,26.413056,1648.556,40.041,342.061,496.372,10,0.129,19.135,0.001,1267.696,3.114,1
94.734333,25.653361,1613.952,32.982,301.368,261.611,10,0.129,20.321,0.001,1123.802,2.936,1
95.068194,26.788611,835.563,14.418,23.862,1017.428,10,0.124,4.222,0.001,1340.05,0.701,1
94.323778,26.116361,1126.706,6.584,323.0,667.621,50,0.126,2.391,0.01,1010.905,3.033,1
94.101,25.673,1271.345,20.521,355.498,29.249,10,0.126,16.712,0.001,1668.733,3.525,1
95.101889,26.550472,1443.177,39.353,235.052,41.364,10,0.126,18.779,0.001,1287.52,3.036,1
94.07,25.679,1249.374,22.115,338.421,184.987,10,0.124,18.336,0.001,1484.396,3.359,1
94.2445,26.059222,1451.092,24.471,161.372,517.467,10,0.128,12.698,0.001,1074.024,1.944,1
94.508392,25.990158,1764.674,18.516,301.074,722.397,50,0.125,14.697,0.01,1127.574,20.797,1
94.796111,26.506389,1151.939,35.971,234.762,434.818,10,0.122,22.432,0.001,1267.36,3.457,1
94.512064,25.978975,1651.436,19.689,3.675,431.856,60,0.127,15.872,0.05,1124.127,112.739,1
93.498972,25.292417,1455.485,30.823,23.892,562.616,10,0.124,16.741,0.001,877.074,1.811,1
95.11175,26.758056,928.629,36.362,175.039,497.233,10,0.124,20.237,0.001,1287.52,3.206,1
94.8275,26.276667,917.705,14.712,101.062,82.729,30,0.126,4.332,0.001,1404.025,0.763,1
94.057083,25.849806,950.574,23.252,56.385,682.825,10,0.125,10.142,0.05,1140.899,72.442,1
94.619592,25.964283,1418.799,29.259,246.249,146.245,10,0.129,13.387,0.001,1090.391,1.888,1
94.508056,26.327167,1177.942,17.369,241.101,657.289,50,0.0,13.562,0.01,1199.22,0.0,1
94.217,25.635,885.469,36.015,278.122,228.442,10,0.127,26.418,0.001,1297.853,4.347,1
95.0905,26.548056,1417.538,28.318,313.541,333.49,10,0.125,12.877,0.001,1287.52,2.069,1
95.02025,26.730222,644.287,31.539,295.518,352.204,10,0.121,27.834,0.001,1340.05,4.528,1
95.040389,26.727889,581.996,18.742,164.477,212.936,10,0.122,9.126,0.001,1340.05,1.486,1
94.035417,25.879889,1127.999,40.328,269.362,889.573,10,0.122,22.678,0.001,1088.884,3.017,1
95.010667,26.21475,1559.372,25.841,219.813,87.747,10,0.127,22.183,0.001,1230.129,3.469,1
94.224889,26.067889,1055.062,25.643,333.045,503.219,10,0.123,13.441,0.001,1104.096,1.827,1
95.043361,26.722722,503.031,13.281,273.097,87.747,10,0.122,7.786,0.001,1340.05,1.273,1
94.229778,25.767,1091.599,27.523,267.608,574.651,10,0.127,14.637,0.001,909.873,1.692,1
95.072722,26.794472,719.989,13.398,357.396,738.211,10,0.124,5.073,0.001,1287.52,0.807,1
94.215,26.206778,648.02,38.271,256.077,564.892,10,0.124,24.034,0.001,914.05,2.726,1
94.223333,26.206528,543.484,36.331,169.573,333.49,10,0.124,24.802,0.001,925.483,2.845,1
94.101,25.672,1320.811,25.671,39.295,146.245,10,0.126,11.443,0.001,1679.434,2.432,1
94.19025,25.845861,1417.732,13.481,73.583,860.239,10,0.129,9.833,0.001,892.99,1.127,1
94.059,25.685,1214.474,17.95,358.474,630.043,10,0.124,5.571,0.001,1540.15,1.062,1
94.364167,26.286222,744.193,32.371,291.793,526.482,10,0.124,11.422,0.001,1178.638,1.671,1
94.209639,26.23675,383.965,33.64,201.419,65.403,10,0.123,30.296,0.001,934.05,3.497,1
95.090139,26.563667,1400.544,37.175,342.351,301.137,10,0.124,17.638,0.001,1287.52,2.82,1
94.378,25.646,1448.763,23.537,258.917,503.219,10,0.131,12.108,0.001,1035.297,1.639,1
94.829933,25.786692,886.518,32.677,166.554,146.245,30,0.127,29.3,0.05,1112.58,208.799,1
94.744139,26.673639,890.613,13.691,193.431,910.955,10,0.123,3.953,0.001,1267.36,0.613,1
93.871,25.57,1474.267,25.545,137.064,310.921,10,0.124,15.01,0.001,1113.064,2.072,1
95.020278,26.710611,688.827,27.832,7.336,29.249,10,0.121,12.613,0.001,1340.05,2.035,1
94.855664,25.788911,620.242,29.484,133.519,29.249,30,0.127,15.888,0.001,1168.941,2.346,1
94.130639,26.232944,586.083,31.857,210.355,381.36,10,0.122,11.211,0.001,931.5,1.28,1
94.437417,26.390833,638.682,22.576,326.972,184.987,10,0.125,7.412,0.001,1205.733,1.117,1
94.481611,26.075722,1227.929,20.896,241.621,510.812,10,0.126,6.736,0.001,1125.368,0.957,1
95.009889,26.176278,1054.447,23.331,228.817,434.818,10,0.127,11.978,0.001,1229.122,1.869,1
94.484,25.616,884.237,39.504,123.104,82.729,10,0.127,22.177,0.05,964.769,136.358,1
94.134639,26.125556,615.872,38.149,323.229,901.04,10,0.126,18.15,0.001,942.309,2.122,1
94.8575,26.463333,798.748,29.687,192.276,369.974,10,0.126,23.713,0.001,1257.65,3.748,1
95.025556,26.173917,850.893,25.487,352.643,87.747,10,0.125,21.815,0.001,1222.982,3.317,1
94.032,25.65275,1676.98,24.694,257.387,446.466,30,0.127,20.993,0.05,1593.82,213.326,1
94.966111,26.418611,729.997,21.214,127.136,0.0,30,0.125,17.416,0.05,1263.344,138.159,1
94.875833,26.330556,648.072,25.759,312.458,29.249,10,0.122,17.832,0.001,1358.542,2.952,1
94.234167,25.880083,1404.264,35.713,142.019,600.139,10,0.123,16.863,0.001,949.021,1.978,1
95.077667,26.844389,250.893,26.28,255.913,498.092,10,0.125,11.773,0.001,1287.52,1.888,1
93.726992,25.472217,1523.882,33.074,121.744,619.775,10,0.125,15.45,0.001,942.219,1.822,1
94.06,25.713,1034.848,27.224,252.004,649.433,10,0.124,9.309,0.001,1560.12,1.8,1
94.846033,25.755936,1082.941,32.47,164.512,165.457,10,0.129,24.964,0.001,927.164,2.975,1
94.632141,26.13379,1226.555,24.187,29.299,29.249,10,0.127,10.644,0.001,1222.376,1.658,1
94.105,25.719,1290.952,17.946,292.057,269.662,50,0.124,10.602,0.01,1359.766,17.871,1
94.526194,26.046444,1751.688,36.628,256.33,643.478,50,0.127,17.349,0.001,1145.316,2.504,1
95.012583,26.712306,755.195,28.407,9.693,206.822,10,0.121,24.856,0.001,1340.05,4.028,1
94.257778,26.105583,1383.644,30.59,185.916,438.735,10,0.0,18.616,0.05,1050.402,0.0,1
95.029139,26.723,725.694,19.695,218.072,511.648,50,0.0,8.257,0.01,1340.05,0.614,1
94.12,25.687,1395.397,16.078,108.316,288.069,10,0.126,12.302,0.001,1651.675,2.561,1
94.504619,25.97175,1796.928,25.041,162.041,510.812,10,0.124,21.352,0.001,1124.837,2.972,1
94.623,26.429361,1301.309,18.363,160.357,836.542,10,0.13,10.912,0.001,1256.455,1.727,1
94.785833,26.516111,994.452,40.534,143.798,556.5,10,0.125,19.389,0.001,1267.36,3.079,1
94.916697,25.849947,1507.863,40.804,273.796,146.245,30,0.128,28.173,0.001,1563.77,5.649,1
95.077639,26.845472,254.338,24.324,327.67,381.36,10,0.125,10.717,0.001,1287.52,1.726,1
95.072861,26.794056,728.155,8.818,56.57,707.439,10,0.124,3.488,0.001,1287.52,0.555,1
94.288,25.586,1959.385,32.087,158.145,105.459,10,0.125,11.305,0.001,1166.807,1.644,1
94.094,25.667,1321.264,11.179,70.591,29.249,10,0.177,4.024,0.001,1684.21,1.219,1
94.25,25.572,1794.639,22.179,268.121,490.302,10,0.123,16.66,0.001,1210.456,2.477,1
94.286,25.549,1870.943,36.172,273.432,301.137,10,0.125,20.119,0.001,1089.256,2.736,1
94.279833,26.33,819.89,21.569,170.828,625.956,30,0.123,12.198,0.05,945.664,70.79,1
94.121,25.653,1330.352,29.83,125.171,228.442,50,0.127,18.073,0.01,2001.771,47.152,1
94.726789,25.828703,1380.086,37.174,147.696,479.719,10,0.13,13.367,0.05,936.478,81.849,1
93.80528,25.78214,461.55,24.577,150.126,366.489,10,0.123,17.914,0.001,932.293,2.054,1
94.482139,26.073194,1260.83,45.065,286.32,533.744,10,0.126,41.67,0.001,1125.923,5.93,1
95.080972,26.844028,281.75,20.533,231.777,434.818,10,0.125,13.496,0.001,1287.52,2.178,1
95.053667,26.415417,1611.13,39.475,236.712,65.403,10,0.126,22.16,0.001,1268.434,3.531,1
94.931447,25.786061,1785.564,25.191,158.521,264.861,30,0.129,8.476,0.05,1501.116,81.955,1
95.032306,26.728556,670.881,21.959,7.298,562.616,10,0.121,11.116,0.001,1340.05,1.801,1
94.009083,26.013722,695.895,19.356,137.309,533.744,10,0.125,10.661,0.001,871.69,1.16,1
94.837944,25.607778,1351.685,40.289,102.289,815.832,10,0.13,29.894,0.05,1009.207,195.375,1
94.95825,25.789856,1866.53,26.973,269.308,384.71,10,0.128,12.148,0.001,1547.815,2.42,1
94.087,25.731,1445.252,16.68,348.634,907.19,10,0.123,5.079,0.001,1441.677,0.9,1
94.237333,25.806861,1086.229,32.028,174.868,707.439,30,0.124,14.886,0.05,901.52,82.562,1
94.252,25.635,1094.739,19.124,159.828,120.597,10,0.13,6.032,0.001,1276.85,0.996,1
94.813722,26.190833,1963.155,35.495,233.776,823.659,30,0.124,32.205,0.05,1356.19,271.438,1
95.020306,26.582861,523.607,16.185,47.638,58.498,10,0.123,7.587,0.001,1340.05,1.255,1
94.023222,25.944361,501.528,29.78,285.173,393.505,10,0.124,18.037,0.001,1007.425,2.246,1
94.031917,25.96675,884.75,23.322,295.372,588.625,10,0.122,7.715,0.001,989.619,0.932,1
95.068361,26.78825,841.103,10.23,55.705,1008.56,10,0.124,2.721,0.001,1340.05,0.452,1
93.773,25.726,334.193,12.408,181.936,248.186,10,0.126,8.845,0.001,902.652,1.007,1
95.120139,26.62625,1052.472,25.507,203.549,526.482,10,0.126,14.983,0.05,1287.52,121.192,1
94.476694,25.756972,766.645,35.689,305.649,29.249,10,0.125,24.31,0.001,1020.216,3.102,1
94.024194,25.951139,491.784,27.25,282.277,228.442,10,0.123,23.65,0.001,1000.578,2.907,1
94.397,25.67,1392.897,38.042,208.56,390.23,10,0.129,21.28,0.05,1002.52,137.869,1
94.242,25.743,796.524,25.929,134.546,292.49,10,0.125,13.623,0.001,941.547,1.607,1
94.785556,25.576444,993.585,35.964,257.315,175.494,10,0.128,32.685,0.001,1219.391,5.095,1
94.484472,26.192556,1068.006,29.079,65.215,791.886,10,0.126,15.629,0.05,1183.444,116.76,1
94.206,25.619,970.964,31.442,103.556,263.241,10,0.129,28.017,0.001,1264.364,4.573,1
94.559107,26.077122,1820.596,35.35,194.179,544.063,10,0.123,19.605,0.001,1154.203,2.79,1
94.014,25.63,1877.06,28.361,10.529,438.735,10,0.126,23.544,0.001,1512.208,4.461,1
93.949,25.712,1226.378,34.686,288.504,468.897,10,0.124,25.319,0.001,1638.358,5.167,1
94.668444,26.426417,1315.092,11.471,335.197,690.301,10,0.124,3.152,0.001,1206.417,0.471,1
94.436472,25.841667,1751.243,38.731,347.814,184.987,30,0.125,18.455,0.05,1089.572,125.984,1
94.733056,25.633944,1944.486,40.319,271.124,454.066,10,0.13,25.439,0.001,1201.937,3.98,1
94.846833,25.585472,1171.438,34.192,63.302,29.249,10,0.127,30.866,0.001,1104.166,4.336,1
94.680167,26.556,636.099,16.378,234.244,380.237,10,0.122,7.701,0.001,1238.24,1.162,1
94.039667,26.005917,507.18,49.921,95.07,323.066,10,0.123,41.741,0.001,952.836,4.881,1
94.732444,25.640389,1830.622,35.608,194.061,175.494,10,0.13,19.766,0.001,1192.715,3.06,1
94.468,25.618,990.037,41.841,178.939,446.466,30,0.127,23.589,0.05,965.658,144.742,1
94.113,25.617,1713.745,33.855,136.409,972.281,30,0.123,18.664,0.05,1932.619,223.392,1
94.071111,26.239167,221.3,27.863,319.74,511.648,10,0.125,16.666,0.001,905.445,1.888,1
94.047833,25.826778,980.713,21.967,36.647,602.983,50,0.123,7.166,0.01,1133.448,10.0,1
94.446,25.786861,1081.89,34.423,252.877,87.747,10,0.13,25.1,0.001,1083.843,3.554,1
95.078389,26.821722,454.69,24.749,87.72,869.635,10,0.125,10.946,0.001,1287.52,1.757,1
94.166,25.594,1071.181,23.634,108.185,146.245,30,0.128,18.884,0.05,1237.572,150.111,1
94.918611,26.3925,784.821,31.494,285.187,621.842,10,0.124,14.597,0.001,1264.736,2.288,1
94.78917,25.9,1041.273,20.05,55.865,92.493,10,0.13,6.399,0.001,1015.994,0.846,1
93.476639,25.4095,682.711,28.865,219.37,120.597,10,0.124,15.493,0.001,897.815,1.716,1
94.434111,25.788389,1131.646,31.648,198.663,228.442,30,0.131,21.18,0.05,1080.878,150.059,1
94.279167,26.331028,875.544,30.952,26.058,754.828,10,0.123,10.841,0.001,942.499,1.251,1
94.962525,25.881489,1942.26,17.375,232.297,791.886,10,0.128,7.055,0.001,1608.287,1.454,1
94.628472,25.5925,1477.95,41.573,81.6,504.916,10,0.129,38.31,0.001,946.746,4.663,1
94.02364,25.67661,1425.956,25.25,109.154,445.507,10,0.128,14.8,0.001,1584.771,2.994,1
94.653806,25.505833,1557.03,38.947,89.459,87.747,10,0.131,26.787,0.001,1017.335,3.559,1
94.41275,26.178472,959.639,24.084,53.914,695.241,50,0.126,8.024,0.01,1183.971,11.973,1
94.824722,26.494722,1220.382,23.561,340.536,503.219,10,0.123,10.307,0.001,1257.65,1.599,1
94.935386,25.801608,2178.808,24.784,128.698,576.88,10,0.126,8.31,0.001,1619.562,1.701,1
95.081306,26.8365,278.583,12.829,297.671,353.417,10,0.126,3.638,0.001,1287.52,0.587,1
94.09297,25.65967,1476.014,15.724,353.149,380.237,10,0.0,11.96,0.01,1753.358,14.901,1
94.586087,26.182283,1798.27,42.578,27.221,592.247,10,0.123,15.484,0.001,1316.443,2.511,1
94.251806,26.29325,958.726,28.554,165.475,641.48,10,0.123,9.856,0.001,969.292,1.175,1
93.80028,25.78417,237.442,15.21,306.118,0.0,10,0.123,11.466,0.001,923.31,1.301,1
94.750969,25.940703,1976.14,36.14,238.204,707.439,10,0.124,20.099,0.001,1123.766,2.797,1
94.542306,26.077167,1681.207,12.091,281.191,222.754,50,0.127,4.449,0.001,1148.088,0.65,1
94.478056,26.22125,917.668,18.182,118.997,499.807,10,0.126,5.662,0.001,1195.681,0.848,1
95.17475,26.693167,709.19,23.197,171.332,434.818,10,0.12,10.112,0.05,1259.57,76.218,1
95.003444,26.379361,1405.151,35.44,289.583,638.808,10,0.128,19.661,0.001,1242.097,3.127,1
94.047264,25.864158,866.859,21.105,262.779,418.782,10,0.122,8.999,0.001,1130.028,1.247,1
94.123,25.653,1285.718,23.983,171.731,175.494,30,0.127,10.534,0.05,2015.203,134.905,1
95.072583,26.775944,1021.279,20.551,250.253,641.48,10,0.124,6.598,0.001,1287.52,1.054,1
94.767,25.597778,1751.847,37.135,77.37,323.066,10,0.132,17.617,0.001,1279.135,2.983,1
94.259,25.63,1217.43,25.042,320.971,446.466,10,0.129,21.354,0.001,1268.336,3.488,1
94.072478,25.929733,512.206,46.623,212.071,105.459,10,0.126,22.425,0.001,1112.144,3.129,1
94.891382,26.182216,2131.564,38.689,248.803,471.626,10,0.12,35.447,0.001,1303.99,5.594,1
94.048417,25.930722,716.863,25.497,322.952,610.737,10,0.125,11.349,0.001,1058.815,1.496,1
94.06811944,25.68176111,1142.391,28.54,27.693,82.729,10,0.122,24.994,0.001,1494.676,4.581,1
94.783889,25.561389,1040.727,33.19,231.7,82.729,10,0.126,18.243,0.001,1292.578,2.977,1
94.681866,26.216456,1811.259,39.628,242.935,602.983,50,0.127,18.921,0.01,1254.787,30.148,1
94.202444,26.08875,1045.549,44.113,305.589,649.433,10,0.125,21.199,0.001,1091.88,2.896,1
94.650583,25.940317,2012.684,32.318,128.564,823.659,10,0.124,15.042,0.001,1080.797,2.035,1
94.669,26.426944,1315.38,14.549,263.87,772.195,10,0.124,4.271,0.001,1207.351,0.639,1
94.241,25.677,997.286,24.164,316.423,292.49,10,0.126,10.631,0.001,1165.863,1.563,1
94.635198,26.049285,1974.221,39.644,204.932,288.069,10,0.128,27.31,0.001,1140.296,4.0,1
94.03,25.652,1600.247,38.703,228.785,228.442,10,0.128,18.44,0.001,1585.833,3.733,1
94.809694,26.236111,1470.045,33.439,256.227,315.021,10,0.126,11.858,0.001,1403.003,2.103,1
94.434889,26.389028,622.343,26.26,65.836,120.597,10,0.124,22.619,0.001,1202.083,3.388,1
94.264861,26.182611,1058.763,11.596,256.95,877.47,10,0.128,4.96,0.001,946.393,0.597,1
94.241086,25.804972,1003.207,33.649,56.406,682.825,10,0.122,18.534,0.001,910.532,2.06,1
93.783,25.576,1484.646,32.152,121.604,187.285,10,0.123,17.586,0.001,1082.569,2.351,1
94.285,25.681,1662.042,31.985,325.897,579.1,10,0.125,14.863,0.001,1155.465,2.142,1
93.83,25.8,539.574,11.017,164.791,576.88,10,0.122,2.993,0.001,963.574,0.351,1
95.055722,26.732306,943.2,39.241,205.181,843.67,10,0.122,35.637,0.001,1340.05,5.82,1
94.07336,25.68044,1262.758,13.809,346.008,350.988,10,0.124,3.996,0.001,1469.492,0.726,1
94.019611,25.950944,479.097,26.836,133.379,170.549,10,0.122,15.931,0.001,997.053,1.939,1
94.780361,25.733444,1571.008,38.302,29.158,610.737,10,0.127,24.055,0.001,792.299,2.429,1
94.078139,25.827028,782.837,31.624,218.286,248.186,10,0.125,24.21,0.001,1031.094,3.127,1
94.34325,25.877111,824.261,33.467,140.663,554.961,30,0.123,22.595,0.05,1057.282,146.551,1
95.078361,26.706028,642.306,23.992,311.208,625.956,10,0.123,17.395,0.001,1287.52,2.757,1
94.0202,25.677,1535.771,15.243,329.853,372.279,10,0.128,4.531,0.001,1573.863,0.909,1
94.66425,26.382806,497.974,10.431,77.245,251.609,10,0.122,3.681,0.001,1149.534,0.515,1
94.557166,26.179226,1717.197,11.812,164.611,539.325,10,0.125,3.273,0.001,1293.654,0.53,1
95.017667,26.588806,563.474,17.621,130.323,455.008,10,0.124,5.443,0.001,1340.05,0.901,1
94.558611,26.07675,1813.73,24.409,78.681,558.801,10,0.124,20.698,0.001,1154.015,2.947,1
94.44625,26.379167,888.259,20.736,223.396,471.626,10,0.122,8.804,0.001,1178.712,1.27,1
94.50632,26.020603,1413.177,37.664,335.818,341.099,10,0.126,34.067,0.001,1140.602,4.917,1
93.73449,25.7517,302.303,26.618,203.546,462.467,30,0.125,11.956,0.05,884.663,66.504,1
93.630083,25.29725,1303.352,31.87,329.372,614.925,10,0.124,19.529,0.001,739.537,1.793,1
94.138889,26.130417,573.502,25.815,299.219,915.638,10,0.125,22.157,0.001,937.97,2.59,1
94.55032,26.227896,1193.451,35.146,304.88,472.532,10,0.126,31.848,0.001,1174.936,4.716,1
94.154667,25.850667,1425.788,25.505,229.48,584.98,10,0.125,13.353,0.001,900.558,1.507,1
93.777,25.575,1441.598,17.813,166.16,476.139,10,0.124,14.0,0.001,1068.915,1.85,1
93.798,25.743,342.436,20.506,98.303,366.489,10,0.127,16.697,0.001,926.446,1.955,1
94.094,25.682,1228.172,20.197,249.068,177.915,10,0.125,16.219,0.001,1531.726,3.111,1
94.785444,25.596111,835.6,23.762,281.472,87.747,10,0.126,20.03,0.001,1192.839,3.007,1
94.153,25.56,1530.327,31.987,150.451,693.392,10,0.128,17.481,0.001,1118.047,2.495,1
94.314,25.594,1991.335,27.833,97.61,456.884,10,0.122,16.644,0.001,1125.556,2.29,1
94.427414,25.905953,1135.522,28.478,142.688,353.417,10,0.128,24.929,0.05,1096.865,175.302,1
94.429778,25.835778,1744.722,26.071,4.77,175.494,10,0.125,22.422,0.01,1086.587,30.378,1
94.916169,25.848194,1522.439,36.903,262.643,58.498,30,0.128,27.148,0.001,1566.899,5.446,1
94.960278,26.4175,791.747,28.674,123.89,29.249,10,0.128,17.246,0.001,1254.515,2.761,1
94.775361,25.700944,1386.394,42.549,257.652,82.729,10,0.13,33.698,0.001,924.993,4.054,1
94.847053,25.626833,460.608,32.678,336.17,58.498,10,0.127,29.301,0.001,910.063,3.376,1
94.849722,26.317778,975.153,21.992,23.163,65.403,10,0.127,7.176,0.001,1400.617,1.277,1
94.766389,25.646389,1987.597,26.361,347.167,165.457,10,0.129,19.504,0.001,1226.058,3.102,1
94.74625,26.674139,895.891,16.049,168.321,838.074,10,0.122,9.208,0.001,1267.36,1.424,1
94.81905,26.200056,1873.708,33.249,344.364,196.208,10,0.124,15.544,0.001,1360.727,2.633,1
94.929167,26.337778,1185.155,36.502,311.823,235.813,10,0.127,28.524,0.001,1286.344,4.665,1
95.049806,26.117583,1963.447,27.425,152.704,614.925,10,0.125,9.392,0.001,1339.135,1.567,1
94.479,25.646,1361.746,30.222,323.361,298.282,10,0.129,24.217,0.001,974.08,3.037,1
94.824992,25.915925,848.77,34.16,108.167,425.872,10,0.127,12.151,0.001,1155.046,1.781,1
94.485694,26.196306,1089.184,9.172,267.494,688.44,10,0.126,2.364,0.001,1184.802,0.351,1
93.726778,25.471556,1510.982,36.036,117.987,680.314,10,0.125,17.035,0.001,940.787,2.005,1
94.345,25.625,1871.46,24.126,184.87,323.066,30,0.127,8.042,0.001,1099.276,1.122,1
94.097333,25.688667,1381.923,13.114,248.357,617.008,50,0.132,3.741,0.01,1485.954,7.272,1
94.31,25.598,2006.656,37.929,27.555,120.597,10,0.121,13.668,0.001,1146.821,1.907,1
94.244472,26.05925,1451.092,24.471,161.372,517.467,10,0.128,12.698,0.001,1074.024,1.944,1
94.081,25.677,1294.471,22.774,313.786,58.498,10,0.125,9.886,0.001,1498.881,1.854,1
94.496,25.614,786.069,50.059,193.109,165.457,30,0.128,28.269,0.05,949.509,171.931,1
94.12,25.682,1443.599,22.583,1.931,511.648,10,0.126,14.116,0.001,1702.503,3.026,1
94.12,25.685,1382.626,29.589,89.076,277.48,10,0.127,26.088,0.001,1670.401,5.51,1
95.095842,26.57625,1433.16,38.391,296.552,415.706,10,0.127,34.793,0.001,1287.52,5.71,1
94.638388,26.122864,1216.345,18.805,237.653,92.493,10,0.127,11.242,0.001,1209.124,1.715,1
95.079556,26.841222,277.172,25.222,226.317,527.294,10,0.125,11.201,0.001,1287.52,1.798,1
94.820367,25.820367,916.371,27.799,205.707,380.237,10,0.132,12.596,0.001,1166.774,1.924,1
95.200833,26.666778,1055.531,28.327,171.718,288.069,10,0.127,12.882,0.001,1259.57,2.061,1
94.306444,26.127222,1160.312,30.745,20.278,580.576,10,0.124,10.756,0.001,974.711,1.302,1
94.11353,25.66264,1377.928,13.936,176.592,165.457,30,0.127,5.335,0.05,1855.575,63.31,1
94.635056,26.697833,166.973,36.582,291.03,65.403,10,0.127,13.129,0.001,1238.24,2.058,1
94.201,25.642,1029.707,17.172,125.427,484.157,30,0.13,13.368,0.001,1446.134,2.512,1
94.294694,26.124083,1221.446,35.708,71.934,490.302,50,0.126,19.829,0.01,993.164,24.821,1
94.792014,25.680917,2303.944,36.178,142.45,745.706,10,0.126,20.123,0.001,1038.956,2.638,1
94.212639,26.236111,379.865,18.094,271.194,41.364,10,0.124,7.425,0.001,933.509,0.86,1
94.289,25.552,1868.257,39.16,303.672,352.204,10,0.125,21.967,0.001,1089.86,2.991,1
94.212,25.622,919.37,34.696,222.725,41.364,50,0.128,23.545,0.01,1278.137,38.626,1
94.733178,25.827011,1262.116,33.567,100.544,352.204,10,0.13,15.715,0.001,915.646,1.872,1
94.096,25.679,1253.324,21.68,204.705,263.241,10,0.126,12.276,0.001,1577.259,2.437,1
94.08883,25.71611,1437.13,17.368,337.601,596.565,10,0.124,5.344,0.001,1430.772,0.946,1
94.942004,26.235678,1514.764,38.527,78.742,248.186,10,0.13,26.471,0.001,1323.887,4.541,1
94.528211,25.851617,905.473,17.136,298.689,248.186,10,0.125,5.255,0.001,1093.554,0.721,1
94.941389,26.545,1238.118,42.741,199.87,678.425,10,0.126,39.448,0.001,1194.13,5.924,1
94.38,26.43,414.004,15.64,313.694,315.021,10,0.126,4.681,0.001,1135.351,0.668,1
94.514833,25.651,1204.301,36.571,236.796,87.747,30,0.13,33.305,0.001,941.445,4.069,1
94.36,25.552,1634.438,26.562,95.565,0.0,10,0.127,22.933,0.001,982.741,2.863,1
94.338,25.745,1570.833,28.358,285.761,421.835,10,0.128,15.17,0.001,1038.846,2.015,1
94.788925,25.838681,567.927,30.035,85.854,116.996,50,0.125,10.464,0.01,994.31,13.121,1
93.872,25.569,1404.267,15.533,136.525,310.921,10,0.124,4.641,0.001,1112.609,0.642,1
94.02,25.735,967.868,20.904,18.026,210.917,50,0.122,11.734,0.01,1653.642,23.781,1
94.109,25.678,1431.105,21.829,279.752,500.662,50,0.0,14.56,0.01,1669.714,0.0,1
94.053139,25.843222,934.616,21.302,87.12,587.897,50,0.125,10.706,0.05,1142.944,76.497,1
94.240611,26.153306,918.463,28.315,111.043,177.915,10,0.124,15.142,0.001,980.008,1.839,1
94.162,25.566,1288.626,20.664,130.515,87.747,10,0.13,11.567,0.001,1139.602,1.711,1
94.278361,25.889056,1249.379,33.061,173.952,438.735,30,0.123,20.377,0.05,1021.854,128.236,1
94.337,25.744,1572.323,30.424,327.191,438.735,10,0.128,18.498,0.001,1038.318,2.445,1
94.472889,26.232556,977.382,7.787,125.273,678.425,50,0.124,1.914,0.01,1200.661,2.866,1
94.96308,26.40908,686.598,31.868,254.048,41.364,10,0.124,28.46,0.001,1265.201,4.483,1
94.464,25.668,1372.746,26.417,198.544,310.921,10,0.13,22.782,0.001,971.965,2.893,1
94.588361,26.301639,599.267,36.829,197.372,58.498,10,0.123,20.529,0.001,1167.278,2.946,1
94.82785,25.901125,631.786,38.084,179.56,157.511,10,0.128,18.116,0.001,1174.799,2.722,1
95.087028,26.767972,1004.538,19.367,161.775,682.825,10,0.122,8.085,0.001,1287.52,1.27,1
94.788144,25.887303,1131.982,25.29,81.859,406.34,30,0.246,14.828,0.05,987.575,157.191,1
95.071861,26.7855,875.165,23.204,101.973,614.229,10,0.125,13.348,0.01,1340.05,22.399,1
94.858139,25.581944,1205.026,37.26,103.599,82.729,10,0.128,27.441,0.001,1199.41,4.213,1
94.084861,25.773306,1346.398,17.981,204.592,503.219,10,0.126,14.166,0.001,1256.774,2.244,1
93.727319,25.472781,1518.829,24.615,89.268,574.651,30,0.125,12.789,0.001,943.085,1.51,1
94.636194,26.695194,158.838,21.006,229.377,65.403,10,0.127,8.946,0.001,1238.24,1.404,1
94.284361,26.191611,986.094,6.712,170.58,852.747,40,0.126,2.451,0.15,978.011,45.114,1
94.94406,26.39094,540.672,24.266,254.31,124.093,10,0.123,20.55,0.001,1247.976,3.162,1
94.35,25.58194,1420.725,16.445,191.346,261.611,10,0.131,4.989,0.001,1006.72,0.657,1
94.591889,25.610083,1010.51,24.569,231.718,333.49,10,0.132,16.837,0.05,875.785,97.259,1
94.863056,26.434722,779.807,35.015,31.065,490.302,10,0.127,23.791,0.001,1269.71,3.824,1
94.947372,25.878525,1824.312,40.595,48.28,536.94,10,0.126,28.018,0.001,1600.213,5.655,1
94.502167,26.135361,1353.82,20.569,165.139,124.093,10,0.128,16.592,0.001,1178.164,2.5,1
94.11083,25.67222,1374.083,11.707,86.238,357.029,50,0.0,8.21,0.01,1742.0,0.0,1
94.633527,26.1434,1399.84,32.081,102.95,327.014,10,0.128,21.517,0.001,1234.613,3.404,1
94.634066,26.111529,1179.212,35.724,175.778,58.498,10,0.127,19.839,0.001,1193.908,2.996,1
94.04625,25.942111,624.282,32.736,226.414,235.813,10,0.123,29.361,0.001,1041.327,3.758,1
95.081639,26.834194,279.983,7.9,59.669,241.193,50,0.126,1.95,0.001,1287.52,0.316,1
93.805,25.578,1576.355,37.723,234.232,610.737,10,0.126,17.927,0.001,1111.844,2.51,1
94.426,25.696,1807.392,49.918,286.033,673.362,10,0.129,37.201,0.001,999.22,4.795,1
94.103,25.694,1333.204,11.948,273.695,29.249,10,0.126,8.427,0.001,1468.908,1.563,1
94.649311,25.939139,1986.381,27.403,168.422,704.409,10,0.126,9.383,0.001,1080.721,1.277,1
95.078028,26.831778,284.407,10.86,96.656,657.289,10,0.125,2.938,0.001,1287.52,0.472,1
94.834275,25.787211,857.633,32.146,148.816,407.391,10,0.129,17.582,0.001,1115.431,2.517,1
94.347556,26.1125,927.901,39.339,107.057,517.467,10,0.128,29.13,0.001,1030.681,3.841,1
94.236,25.536,1739.744,27.706,3.149,731.225,10,0.124,20.706,0.001,1141.322,2.944,1
94.211,25.628,936.078,27.465,311.525,248.186,10,0.128,9.408,0.001,1281.364,1.55,1
94.769978,25.559211,1092.877,28.493,155.02,58.498,10,0.128,9.831,0.001,1319.597,1.666,1
94.594693,26.161955,1811.554,36.385,148.39,292.49,30,0.125,17.22,0.001,1287.214,2.768,1
93.580364,25.730809,190.147,4.505,256.796,476.139,10,0.125,2.391,0.001,716.915,0.214,0
94.44719,26.476425,1024.15,29.659,164.425,462.467,10,0.122,10.31,0.001,1326.07,1.659,0
93.709167,25.884743,180.86,3.711,153.594,305.368,50,0.129,0.733,0.01,988.48,0.931,0
93.716621,25.531572,1178.513,18.979,26.039,544.063,10,0.125,13.726,0.001,1061.752,1.817,0
94.940085,26.731472,849.63,9.413,308.111,731.81,10,0.122,2.444,0.001,1194.13,0.355,0
94.694886,25.846663,1829.589,27.234,317.154,654.027,10,0.124,19.071,0.001,1062.966,2.515,0
94.905069,26.324685,949.59,17.384,111.204,333.49,30,0.125,9.316,0.05,1313.815,76.781,0
94.336519,25.828852,711.023,24.991,164.694,82.729,10,0.127,11.076,0.001,1051.408,1.479,0
94.761825,26.670423,575.648,24.104,5.695,384.71,10,0.124,15.291,0.001,1267.36,2.394,0
95.155413,26.070784,2534.388,35.988,22.837,418.782,10,0.122,22.444,0.001,1661.61,4.553,0
94.909663,26.421349,741.202,32.827,215.588,795.659,10,0.125,20.211,0.001,1258.161,3.184,0
94.0277,25.683401,1370.502,13.776,225.908,374.57,10,0.125,10.109,0.001,1605.641,2.026,0
94.432015,25.635754,1616.412,20.516,243.732,731.81,30,0.13,6.584,0.001,970.715,0.831,0
94.798691,26.746397,215.84,13.97,311.422,446.466,10,0.121,4.056,0.001,1267.36,0.625,0
93.698372,25.7379,312.978,16.351,247.321,175.494,10,0.123,4.953,0.001,890.333,0.544,0
94.439092,25.624742,1415.096,23.697,111.943,124.093,10,0.13,19.962,0.001,966.764,2.506,0
93.648797,25.736586,198.013,0.598,306.597,29.249,40,0.125,0.106,0.15,849.886,1.692,0
94.583709,26.115789,1720.403,42.408,308.013,704.409,10,0.127,26.845,0.001,1206.08,4.127,0
94.732522,25.635002,1920.95,38.434,278.161,366.489,10,0.13,18.299,0.001,1200.25,2.858,0
94.295223,25.60002,1941.168,29.052,243.499,333.49,10,0.123,10.061,0.001,1183.648,1.46,0
94.200344,26.10781,474.192,17.115,332.885,65.403,10,0.126,5.246,0.001,1042.558,0.691,0
94.364888,25.804112,1244.085,25.063,4.919,546.416,10,0.129,21.375,0.001,1059.144,2.925,0
94.088141,25.676964,1209.004,19.467,84.664,233.992,10,0.126,9.571,0.001,1546.852,1.861,0
93.598167,25.710223,254.505,2.96,321.738,688.44,40,0.125,0.546,0.001,757.484,0.052,0
94.345344,25.769041,1440.171,30.092,177.758,447.424,10,0.127,18.26,0.001,1045.12,2.421,0
93.788906,25.911393,144.392,2.925,43.445,92.493,40,0.129,0.71,0.15,855.224,11.779,0
94.764629,25.565126,1301.52,21.557,152.144,366.489,30,0.13,17.766,0.05,1328.009,152.686,0
94.616433,25.67502,1255.304,16.165,206.199,787.553,10,0.163,4.881,0.001,839.48,0.618,0
94.39264,25.682646,1450.06,28.518,202.712,275.934,50,0.131,24.972,0.05,1029.617,168.091,0
94.368284,25.798898,1441.071,26.571,236.476,228.442,10,0.129,11.93,0.001,1059.522,1.622,0
94.75174,26.218328,2039.305,33.979,85.404,600.139,10,0.123,15.936,0.001,1393.039,2.727,0
94.033058,25.712633,1095.033,18.79,110.782,233.992,10,0.124,13.554,0.001,1651.466,2.788,0
93.843956,25.750601,295.534,0.926,277.747,175.494,40,0.121,0.306,0.15,971.633,5.386,0
93.69813,25.887622,192.699,9.796,285.175,632.752,10,0.128,2.573,0.001,980.773,0.322,0
95.00286,25.978406,1255.077,27.002,9.151,196.208,10,0.127,12.163,0.001,1403.462,2.174,0
94.134005,25.876619,1259.755,33.971,279.566,678.425,10,0.125,15.932,0.001,947.014,1.89,0
94.795693,26.231222,1655.754,25.034,9.435,479.719,10,0.127,14.646,0.001,1402.213,2.611,0
94.810092,25.949881,1247.213,21.431,66.462,177.915,10,0.129,15.138,0.001,1128.016,2.208,0
94.410824,25.863845,1724.285,6.812,150.013,947.324,10,0.124,1.61,0.001,1084.975,0.217,0
94.866194,25.671736,1080.166,31.393,2.467,536.94,10,0.129,20.981,0.001,901.225,2.429,0
95.061898,26.227335,1027.376,17.033,80.652,105.459,10,0.125,11.357,0.001,1278.676,1.822,0
94.102305,25.700181,1355.735,12.194,57.998,241.193,10,0.126,5.29,0.01,1400.867,10.82,0
93.859389,25.658405,756.214,14.198,18.759,212.936,10,0.121,4.14,0.001,1169.955,0.584,0
93.747904,25.67148,395.562,7.595,22.298,228.442,30,0.121,4.703,0.05,931.617,26.578,0
95.018952,26.71509,715.763,5.224,175.897,204.743,30,0.178,1.142,0.01,1340.05,2.148,0
95.025787,26.201814,1405.847,17.209,61.76,222.754,30,0.128,13.405,0.05,1219.209,104.581,0
93.523435,25.279375,1136.011,29.33,47.917,124.093,10,0.126,19.369,0.001,848.324,2.074,0
94.546418,25.845243,1414.716,30.245,287.1,249.903,10,0.129,26.772,0.001,1087.376,3.775,0
95.077309,26.663271,673.476,26.863,330.821,592.247,10,0.125,15.951,0.001,1287.52,2.564,0
94.997578,26.704613,1005.687,15.742,42.994,813.206,10,0.123,4.72,0.001,1340.05,0.775,0
95.034152,26.540555,863.854,16.967,6.148,413.643,30,0.123,9.035,0.05,1340.05,74.508,0
93.774918,25.795281,186.95,1.352,234.565,146.245,40,0.123,0.5,0.15,879.027,8.101,0
94.10582,25.705541,1323.105,18.386,229.19,204.743,30,0.207,9.996,0.05,1368.471,129.416,0
93.898577,25.722569,622.27,17.749,358.501,555.731,10,0.12,8.523,0.001,1338.982,1.376,0
94.658524,25.917234,1881.497,34.47,347.056,828.32,10,0.125,21.375,0.001,1079.777,2.884,0
94.478457,25.739024,908.126,30.814,8.403,369.974,10,0.127,20.529,0.001,992.924,2.592,0
93.767645,25.778956,198.759,11.557,308.237,29.249,10,0.125,7.664,0.001,874.59,0.839,0
94.44504,26.076304,933.449,18.5,134.182,187.285,10,0.126,7.635,0.001,1077.966,1.032,0
94.857789,26.194516,1965.766,31.292,51.781,235.813,10,0.127,10.98,0.001,1321.202,1.819,0
93.759115,25.921781,142.428,3.767,7.065,235.813,40,0.129,1.159,0.15,897.827,20.15,0
93.63597,25.465101,1316.265,36.769,112.465,413.643,10,0.128,13.204,0.001,973.166,1.645,0
93.690998,25.743946,203.95,1.263,296.893,187.285,10,0.126,0.181,0.01,889.649,0.203,0
94.538573,26.212586,1176.843,34.412,278.658,366.489,10,0.126,16.169,0.001,1189.27,2.418,0
93.661216,25.499056,1249.682,19.882,118.837,241.193,30,0.126,6.332,0.05,1025.747,40.734,0
93.762338,25.921887,145.064,3.28,304.672,517.467,50,0.129,0.624,0.001,891.369,0.072,0
94.135656,25.716996,1407.04,28.004,295.049,704.409,10,0.125,9.63,0.001,1356.726,1.633,0
95.031055,26.579544,511.905,18.93,235.046,196.208,10,0.124,12.969,0.001,1340.05,2.15,0
93.768707,25.892766,146.464,1.749,256.123,261.611,50,0.13,0.276,0.01,872.814,0.311,0
94.987039,26.163879,1359.22,13.956,39.92,526.482,10,0.127,10.278,0.001,1223.491,1.602,0
94.435891,25.709921,1646.127,19.847,78.928,789.723,30,0.129,8.336,0.05,1003.46,53.781,0
94.960558,25.957536,986.883,30.988,72.819,269.662,10,0.127,10.855,0.001,1413.205,1.954,0
94.924241,25.811714,1795.153,22.908,226.698,58.498,10,0.127,11.711,0.001,1634.377,2.442,0
93.763265,25.909144,143.164,1.411,328.719,87.747,50,0.129,0.208,0.01,886.132,0.239,0
94.5182,26.314647,1098.658,17.95,187.531,361.79,10,0.122,5.571,0.001,1230.533,0.85,0
94.902236,26.192991,2099.076,38.606,356.552,92.493,10,0.122,21.628,0.001,1309.127,3.45,0
94.94583,25.808273,2078.011,28.809,85.752,301.137,10,0.126,23.988,0.001,1669.26,5.053,0
93.583045,25.669878,228.078,21.928,241.093,124.093,10,0.127,9.435,0.001,779.795,0.934,0
94.594993,26.065435,1242.981,19.504,222.366,105.459,10,0.126,15.686,0.001,1148.131,2.271,0
94.820121,26.330523,1848.287,30.898,167.386,654.027,10,0.127,16.788,0.001,1403.605,2.986,0
94.415666,25.553183,1082.742,29.048,135.0,527.294,10,0.127,19.149,0.001,936.852,2.286,0
94.258359,25.603345,1715.807,30.358,195.108,929.547,10,0.124,13.982,0.001,1245.973,2.183,0
94.813245,25.709866,1361.879,19.647,160.836,397.829,10,0.13,15.67,0.001,875.015,1.789,0
93.76684,25.855207,173.079,0.706,180.73,233.992,50,0.14,0.085,0.01,866.185,0.1,0
94.859804,26.437843,811.391,25.716,30.601,120.597,30,0.127,22.054,0.001,1266.69,3.54,0
94.524581,26.123275,1671.955,25.176,351.666,235.813,10,0.126,21.493,0.001,1204.489,3.266,0
94.404721,26.128951,597.626,10.475,109.538,647.454,50,0.127,5.744,0.01,1078.064,7.843,0
94.20351,26.367192,547.223,25.683,171.343,910.015,10,0.12,18.898,0.001,946.134,2.131,0
94.226755,25.975962,1297.677,10.085,136.144,654.027,10,0.126,4.146,0.001,1093.671,0.573,0
94.474992,26.243937,980.064,9.222,177.85,544.063,10,0.127,2.381,0.05,1204.992,18.143,0
94.0487,25.687045,1043.981,22.653,2.752,105.459,60,0.125,14.17,0.05,1588.503,140.755,0
93.733494,25.889284,153.478,4.287,102.221,330.915,50,0.129,1.166,0.001,942.03,0.143,0
94.969659,26.664187,731.09,20.391,222.664,682.198,30,0.124,15.012,0.05,1194.13,110.746,0
93.953218,25.788845,1118.152,14.211,85.9,292.49,10,0.122,9.027,0.001,1304.682,1.434,0
93.783855,25.802957,196.269,4.59,38.974,41.364,10,0.124,1.274,0.001,890.158,0.141,0
94.205391,25.833973,1247.148,16.057,47.993,617.008,10,0.126,7.511,0.001,874.546,0.828,0
93.906076,25.856894,232.647,16.01,28.371,170.549,10,0.123,4.822,0.001,972.142,0.58,0
94.726828,25.868568,1384.344,33.974,330.826,249.903,10,0.129,18.739,0.001,1025.952,2.487,0
94.722637,25.646771,1449.639,35.261,249.006,397.829,10,0.129,21.933,0.001,1124.876,3.177,0
93.534141,25.508766,557.943,26.137,27.629,341.099,10,0.124,8.864,0.001,964.36,1.059,0
94.803955,25.927567,787.018,22.108,182.913,146.245,10,0.128,12.576,0.001,1077.812,1.73,0
94.015784,25.670575,1560.256,33.517,114.942,496.372,10,0.127,22.633,0.05,1552.202,223.356,0
94.100287,25.688384,1427.336,6.008,254.339,454.066,50,0.386,1.368,0.01,1507.817,6.381,0
93.639428,25.469607,1221.201,32.897,160.585,212.936,10,0.129,22.152,0.001,980.072,2.8,0
94.961824,26.586668,583.932,12.161,295.992,462.467,10,0.124,6.467,0.001,1194.13,0.954,0
93.647108,25.644734,324.6,1.087,102.081,187.285,40,0.124,0.149,0.15,867.435,2.386,0
94.026864,25.686104,1471.705,24.366,178.197,564.892,30,0.125,20.654,0.05,1604.981,207.643,0
94.975092,25.827481,1819.194,29.034,142.414,222.754,10,0.127,13.265,0.001,1723.58,2.907,0
93.928133,25.584493,1919.551,27.965,130.881,940.072,30,0.124,12.685,0.05,1214.134,95.61,0
95.054651,26.699059,476.101,8.026,241.951,82.729,10,0.125,1.99,0.001,1340.05,0.332,0
94.61838,26.002626,2071.546,14.027,334.043,621.842,30,0.127,4.077,0.05,1100.858,28.492,0
95.026716,26.722753,680.167,10.315,231.925,357.029,50,0.159,2.75,0.01,1340.05,4.368,0
94.021987,25.65686,1497.154,23.814,41.143,249.903,50,0.129,7.915,0.01,1561.229,15.913,0
93.902345,25.619293,2036.051,26.873,85.103,907.19,10,0.12,9.165,0.001,1210.606,1.337,0
93.701001,25.83775,158.62,0.961,206.044,536.94,10,0.128,0.196,0.001,995.501,0.025,0
94.705583,26.620632,386.635,16.208,201.968,315.021,10,0.125,9.323,0.001,1238.24,1.447,0
94.73413,25.806474,960.922,23.739,190.585,614.925,10,0.13,16.144,0.05,861.823,89.837,0
95.009227,25.98965,1535.904,33.09,341.143,529.722,10,0.127,11.715,0.001,1381.329,2.051,0
93.687122,25.614258,388.104,2.521,219.759,29.249,10,0.117,0.443,0.001,961.864,0.05,0
94.573903,26.146762,1634.277,21.159,160.376,536.94,10,0.127,10.616,0.001,1266.163,1.708,0
94.206773,26.125524,519.49,17.052,39.662,301.137,10,0.125,6.891,0.001,1009.63,0.869,0
94.911555,25.850709,1498.095,33.913,20.672,233.992,10,0.129,18.701,0.001,1538.399,3.71,0
94.602572,25.863843,1467.586,32.497,289.094,105.459,10,0.13,11.473,0.001,1076.554,1.607,0
94.69652,25.782747,842.737,40.784,153.328,58.498,10,0.13,37.534,0.001,899.923,4.393,0
94.571023,25.722795,1025.596,26.407,140.301,130.805,10,0.128,15.625,0.001,917.677,1.839,0
94.454575,26.527302,340.133,3.646,98.009,0.0,10,0.124,1.816,0.001,1326.07,0.299,0
94.483895,25.990988,1697.02,27.305,186.731,815.832,10,0.124,14.499,0.001,1133.19,2.035,0
95.079951,26.667854,638.826,38.744,333.844,643.478,10,0.125,13.991,0.001,1287.52,2.238,0
94.689724,26.245484,1625.46,22.283,94.062,772.195,10,0.127,9.624,0.001,1219.626,1.49,0
94.363148,25.755051,1637.131,29.52,150.176,815.832,10,0.126,10.253,0.001,1051.655,1.358,0
94.012991,25.64388,1737.291,25.425,161.02,438.735,10,0.126,17.552,0.001,1518.15,3.367,0
94.443334,26.393228,689.933,16.024,288.054,355.829,10,0.125,12.249,0.001,1210.516,1.86,0
93.652299,25.814879,162.654,1.584,10.741,392.416,10,0.127,0.242,0.001,997.31,0.031,0
94.80697,26.341391,1770.26,14.476,101.789,641.48,10,0.127,8.078,0.001,1397.947,1.436,0
94.764369,25.578888,1636.664,33.085,107.925,409.486,10,0.132,22.298,0.001,1313.741,3.864,0
94.572063,26.052386,1507.911,35.116,276.111,431.856,10,0.129,21.831,0.001,1140.523,3.206,0
94.89005,26.44629,664.778,20.755,48.869,787.553,10,0.125,12.715,0.001,1231.857,1.94,0
94.848407,26.009139,870.894,23.57,45.295,58.498,10,0.127,10.312,0.001,1239.204,1.623,0
94.809477,25.78068,1004.23,29.494,325.798,315.021,10,0.13,17.833,0.001,1075.97,2.488,0
95.019437,26.584916,536.698,18.264,106.795,184.987,10,0.124,7.512,0.001,1340.05,1.243,0
93.759598,25.833315,167.522,1.772,223.191,65.403,40,0.127,0.28,0.15,875.448,4.661,0
94.637344,26.39627,810.379,15.07,81.159,29.249,10,0.121,9.145,0.001,1226.434,1.368,0
94.27418,25.542533,2001.214,37.352,317.402,484.157,10,0.126,25.581,0.001,1089.406,3.522,0
93.851817,25.845024,192.313,5.148,16.966,175.494,40,0.127,1.478,0.15,961.742,27.015,0
95.091902,26.714116,614.815,26.544,350.745,87.747,10,0.124,19.667,0.001,1287.52,3.146,0
93.742477,25.845585,165.865,3.834,97.257,275.934,40,0.126,0.764,0.15,913.214,13.265,0
94.784751,26.301125,1962.357,16.561,89.748,628.003,10,0.126,5.033,0.001,1400.653,0.887,0
94.181261,25.898121,1094.166,17.178,343.981,468.897,10,0.121,13.374,0.001,972.959,1.583,0
94.466439,25.710926,1408.152,12.565,26.198,517.467,50,0.133,7.715,0.05,972.27,49.964,0
94.492898,25.725197,961.345,18.516,180.776,261.611,10,0.128,14.697,0.001,966.267,1.812,0
94.964846,26.412516,668.446,29.936,284.921,157.511,10,0.123,16.176,0.001,1265.673,2.522,0
94.133629,25.570372,1617.879,14.019,4.48,380.237,10,0.127,5.375,0.001,1263.82,0.863,0
94.976284,26.147761,903.78,13.46,47.565,0.0,10,0.126,9.814,0.001,1201.538,1.483,0
94.330522,25.573869,1725.372,37.113,357.893,554.961,50,0.126,27.321,0.001,1030.962,3.579,0
93.751314,25.888905,155.626,1.845,256.579,210.917,50,0.13,0.563,0.01,905.826,0.66,0
93.954726,25.756181,932.172,7.034,199.373,632.752,10,0.123,1.678,0.001,1536.681,0.316,0
94.214785,25.946332,1185.391,28.8,56.089,446.466,10,0.126,13.138,0.001,1046.03,1.735,0
94.997573,26.575723,1173.367,10.702,15.803,1006.437,10,0.123,7.316,0.001,1340.05,1.202,0
94.964424,26.617518,538.397,16.354,301.413,591.524,10,0.124,4.953,0.001,1194.13,0.733,0
94.826766,25.914607,746.22,28.837,84.267,357.029,10,0.127,9.972,0.001,1164.639,1.475,0
94.505715,25.639605,1325.104,20.922,114.719,380.237,10,0.129,6.747,0.001,945.764,0.822,0
94.599528,25.840888,2060.822,31.513,282.484,425.872,10,0.123,28.092,0.001,1075.415,3.717,0
94.822454,26.155725,1408.927,26.793,148.407,456.884,10,0.126,18.701,0.001,1308.257,3.074,0
94.470655,25.775568,1217.603,19.119,248.518,511.648,10,0.13,9.357,0.001,1053.24,1.282,0
94.41016,25.574199,1129.644,27.641,55.638,120.597,10,0.129,16.507,0.001,945.586,2.007,0
93.85952,25.67432,501.183,17.893,40.425,29.249,30,0.117,8.611,0.001,1131.901,1.133,0
93.82175,25.710468,340.22,21.192,46.018,321.739,10,0.119,9.045,0.001,964.174,1.039,0
95.026682,26.010863,1521.75,30.94,205.372,184.987,10,0.126,10.836,0.001,1370.006,1.874,0
94.08196,25.677855,1278.388,14.347,7.798,120.597,30,0.125,4.195,0.05,1493.937,39.16,0
94.652375,25.70872,1158.134,13.358,102.165,745.706,10,0.129,3.83,0.001,844.76,0.415,0
94.645927,26.468048,1062.217,23.998,128.103,852.747,10,0.124,10.542,0.001,1238.24,1.615,0
93.932426,25.623119,1714.267,14.875,278.944,149.141,10,0.128,6.817,0.001,1244.135,1.078,0
94.875778,25.758808,1684.367,35.197,166.664,456.884,10,0.129,31.9,0.001,1084.148,4.459,0
94.105063,26.297183,199.806,33.956,323.673,204.743,10,0.122,24.711,0.001,956.243,2.902,0
93.870316,25.752144,440.412,0.77,62.768,476.139,10,0.119,0.095,0.001,997.047,0.011,0
94.606672,25.554368,1924.001,34.775,53.546,722.397,10,0.127,19.244,0.001,919.277,2.253,0
93.723865,25.887268,158.829,2.874,29.585,315.021,50,0.0,1.334,0.01,961.106,0.742,0
94.864664,25.917136,1449.118,29.69,226.399,574.651,10,0.128,13.621,0.001,1278.57,2.207,0
94.916434,26.010841,1115.733,28.231,228.402,305.368,10,0.127,12.829,0.05,1252.351,102.185,0
94.024808,26.002183,345.507,30.47,298.651,146.245,10,0.125,24.451,0.001,924.373,2.81,0
94.926841,26.51268,1177.865,10.566,223.749,490.302,40,0.128,7.198,0.001,1194.13,1.099,0
93.75131,25.926363,146.226,1.564,355.5,330.915,50,0.128,0.605,0.01,914.308,0.711,0
93.689816,25.839381,148.453,1.339,14.632,29.249,40,0.128,0.469,0.15,1018.376,9.127,0
94.964303,25.874874,2040.86,30.506,268.286,596.565,10,0.127,16.539,0.001,1626.78,3.408,0
94.949656,25.976983,1257.19,14.949,58.772,625.272,10,0.128,4.42,0.001,1352.573,0.762,0
94.1211,25.604619,1602.605,26.589,338.773,350.988,10,0.127,14.042,0.001,1764.19,3.139,0
93.490617,25.497009,429.15,4.92,274.995,120.597,10,0.122,2.68,0.001,945.536,0.31,0
94.377563,26.462425,240.695,8.459,289.954,446.466,40,0.125,5.405,0.15,1182.87,119.643,0
94.833475,25.605493,1503.39,36.417,326.184,837.564,10,0.129,20.272,0.001,1025.417,2.688,0
94.548888,26.132469,1467.552,21.622,242.205,625.956,30,0.128,16.145,0.001,1230.477,2.545,0
94.412465,26.504312,581.646,20.333,130.117,628.003,10,0.122,13.333,0.001,1182.87,1.926,0
94.909264,25.706534,1555.289,29.168,3.281,342.351,10,0.126,17.599,0.001,1050.627,2.336,0
95.022031,26.66908,706.018,28.959,34.41,457.819,10,0.121,15.553,0.001,1340.05,2.533,0
93.70723,25.843115,163.49,5.403,251.89,500.662,10,0.128,1.192,0.001,984.312,0.151,0
94.936015,26.250319,1916.013,33.279,88.117,434.818,10,0.122,18.3,0.001,1342.026,3.017,0
94.910563,26.547376,534.299,11.185,314.993,342.351,10,0.127,5.809,0.001,1194.13,0.884,0
93.81412,25.576777,1628.065,22.688,221.614,654.027,30,0.124,9.84,0.05,1109.913,67.549,0
94.024162,25.699686,1376.21,24.917,290.477,120.597,10,0.125,8.364,0.001,1607.351,1.682,0
93.900716,25.76792,515.675,8.574,158.085,29.249,10,0.124,2.167,0.001,1064.146,0.287,0
94.009082,25.679385,1550.847,27.136,168.268,29.249,10,0.126,14.391,0.001,1535.415,2.785,0
94.699181,25.695106,606.512,35.937,48.576,170.549,10,0.128,22.408,0.001,869.901,2.492,0
94.966789,26.598146,586.226,11.099,74.78,731.81,10,0.125,7.667,0.001,1194.13,1.147,0
95.104517,26.657216,839.707,29.527,15.628,263.241,10,0.125,17.856,0.001,1287.52,2.875,0
93.767511,25.946429,139.713,1.88,287.903,196.208,30,0.13,0.303,0.15,886.855,5.203,0
93.73373,25.801426,165.822,0.722,19.143,58.498,40,0.126,0.087,0.15,895.999,1.476,0
93.730965,25.824591,156.614,1.398,31.451,228.442,40,0.128,0.449,0.15,931.544,8.005,0
94.067918,25.696516,1014.949,23.601,308.627,438.735,10,0.124,10.329,0.001,1508.68,1.935,0
94.519607,26.16053,1387.316,30.484,26.408,554.961,10,0.127,23.192,0.001,1221.652,3.602,0
94.065127,26.060981,939.564,15.464,323.177,901.04,10,0.12,4.615,0.001,920.796,0.509,0
94.68499,26.357309,608.282,29.11,342.113,82.729,10,0.121,13.306,0.001,1164.178,1.867,0
94.238756,25.783754,813.719,25.718,82.451,384.71,10,0.126,15.134,0.001,918.918,1.745,0
93.773539,25.802517,180.031,1.373,7.891,65.403,40,0.128,0.383,0.15,873.883,6.431,0
94.986812,26.544363,1734.342,21.532,41.044,703.193,10,0.122,17.74,0.001,1340.05,2.905,0
95.015993,26.73669,501.014,13.977,289.808,58.498,10,0.122,6.298,0.001,1340.05,1.038,0
93.572681,25.694533,203.437,8.195,157.999,58.498,30,0.126,2.044,0.05,752.589,9.665,0
93.979566,25.821916,428.446,23.76,168.571,41.364,10,0.121,7.893,0.45,1107.849,476.706,0
95.052607,26.262047,1556.069,15.926,73.066,157.511,10,0.129,4.79,0.001,1258.931,0.78,0
94.944616,25.792164,1711.751,31.208,81.217,116.996,10,0.128,27.775,0.001,1563.0,5.544,0
94.934279,26.009568,1248.587,32.949,348.048,58.498,10,0.128,15.383,0.001,1263.719,2.494,0
94.328327,25.617691,1838.604,21.022,215.317,374.57,50,0.128,6.786,0.01,1134.027,9.813,0
94.880413,25.705625,1257.492,24.286,259.255,592.247,30,0.128,14.115,0.05,929.36,83.946,0
93.747695,25.850747,194.847,1.131,145.403,277.48,30,0.129,0.157,0.05,903.684,0.912,0
94.015826,25.672926,1578.906,31.197,356.92,310.921,10,0.128,16.979,0.001,1554.405,3.42,0
93.597303,25.391232,1000.498,27.275,190.573,206.822,10,0.126,14.479,0.001,863.319,1.574,0
93.854981,25.568729,1719.81,44.044,262.647,784.833,10,0.126,27.927,0.05,1098.822,192.116,0
94.640535,26.717931,194.434,16.459,164.912,105.459,10,0.125,12.672,0.001,1238.24,1.973,0
95.071128,26.774469,973.138,15.061,137.271,558.801,10,0.124,10.747,0.001,1340.05,1.79,0
93.806019,25.67296,444.183,4.556,48.501,29.249,40,0.117,1.261,0.001,993.65,0.147,0
95.032043,26.579072,532.001,23.144,206.728,228.442,10,0.124,7.642,0.001,1340.05,1.264,0
94.231764,25.672545,961.47,27.084,207.758,87.747,30,0.127,12.208,0.001,1173.512,1.812,0
94.811716,26.547902,666.996,39.539,171.814,196.208,10,0.126,27.231,0.001,1257.65,4.301,0
93.840148,25.670675,466.667,2.219,270.582,517.467,40,0.116,0.376,0.15,1080.794,7.085,0
94.517474,26.278033,1045.597,23.276,240.544,745.706,10,0.123,10.155,0.001,1202.469,1.501,0
94.656474,25.882609,1875.122,34.289,129.976,587.897,10,0.124,16.103,0.001,1078.077,2.163,0
94.817732,26.82002,201.268,14.698,253.332,497.233,10,0.126,4.326,0.001,1257.65,0.685,0
95.094203,26.376295,2336.639,29.957,94.419,813.206,10,0.123,18.164,0.001,1250.521,2.772,0
94.685802,25.710588,1137.587,3.193,155.217,630.043,10,0.129,0.603,0.001,853.424,0.066,0
94.638543,26.663755,147.536,3.047,318.274,310.921,10,0.125,0.748,0.001,1238.24,0.116,0
94.543404,26.330421,1315.154,7.252,219.978,536.94,50,0.124,1.746,0.01,1264.463,2.734,0
94.982355,26.86508,364.386,23.245,292.987,567.913,10,0.126,10.138,0.001,1340.05,1.708,0
94.48557,26.290588,1313.256,6.067,61.614,527.294,10,0.124,1.386,0.001,1194.035,0.205,0
94.391158,26.425234,687.781,26.053,336.236,462.467,10,0.123,22.404,0.001,1158.621,3.19,0
95.042546,26.52732,981.195,22.494,92.242,298.282,10,0.124,9.737,0.001,1340.05,1.622,0
93.771328,25.92265,141.188,0.522,138.006,321.739,40,0.129,0.125,0.15,877.201,2.123,0
94.791592,25.993347,1636.801,38.038,335.752,29.249,10,0.128,34.792,0.001,1225.735,5.454,0
94.385681,26.176366,860.614,15.093,9.987,641.48,10,0.128,11.354,0.001,1160.65,1.682,0
94.514668,26.454984,615.955,7.121,265.349,455.008,10,0.127,1.705,0.001,1326.07,0.286,0
94.6357,26.34229,636.544,30.797,166.862,92.493,10,0.124,22.068,0.001,1144.466,3.127,0
94.915676,26.353632,932.897,30.527,170.146,277.48,10,0.127,18.571,0.001,1293.905,3.04,0
93.573431,25.673672,218.909,2.993,184.235,157.511,10,0.127,0.554,0.001,775.667,0.055,0
94.76516,26.259591,1978.526,12.293,37.84,758.784,10,0.124,4.545,0.001,1400.464,0.793,0
94.500348,25.878124,1418.851,27.067,266.024,407.391,10,0.13,14.347,0.001,1106.636,2.059,0
95.065078,26.397692,1329.218,32.705,314.219,124.093,10,0.124,15.251,0.001,1231.93,2.344,0
93.942745,25.562491,1399.494,21.041,265.474,327.014,10,0.13,14.797,0.001,1226.59,2.349,0
94.482074,25.61984,1109.281,31.189,175.65,212.936,30,0.13,16.974,0.05,966.416,106.095,0
94.430421,25.694634,1767.002,33.564,75.346,704.409,10,0.129,30.218,0.001,993.194,3.854,0
95.056919,26.214177,993.181,21.728,134.888,204.743,30,0.128,7.07,0.05,1271.073,57.371,0
94.670374,25.582546,1048.983,31.444,217.956,500.662,10,0.13,14.57,0.001,997.589,1.878,0
94.787305,25.93602,922.166,35.801,42.826,116.996,10,0.126,19.887,0.001,1097.239,2.768,0
94.128282,25.899705,1362.961,4.829,85.345,915.638,10,0.125,1.795,0.001,987.455,0.221,0
94.837348,26.302969,1259.762,19.233,135.402,536.94,10,0.128,15.414,0.001,1404.584,2.773,0
94.735358,26.641418,342.994,26.593,123.656,355.829,10,0.127,11.942,0.001,1267.36,1.923,0
93.678597,25.710413,311.612,20.189,205.302,490.302,10,0.124,6.454,0.001,893.98,0.716,0
93.847182,25.707603,356.167,2.574,293.819,175.494,40,0.117,0.455,0.15,1008.034,8.04,0
94.401066,26.073741,752.947,21.632,341.322,600.139,10,0.123,17.842,0.001,1014.726,2.238,0
94.052791,25.688355,1062.437,25.293,301.774,289.55,10,0.124,17.442,0.001,1570.926,3.399,0
94.47114,26.152531,761.648,22.705,154.79,293.949,10,0.123,18.941,0.001,1139.373,2.653,0
94.300957,25.982075,1218.082,7.652,165.263,760.474,10,0.127,1.871,0.001,1124.207,0.267,0
95.037118,26.72533,583.367,23.31,68.772,124.093,10,0.123,7.71,0.001,1340.05,1.263,0
93.728874,25.782553,173.343,2.295,258.224,196.208,40,0.122,0.803,0.001,875.367,0.086,0
94.684718,26.333258,946.26,21.978,71.044,848.221,10,0.121,7.171,0.001,1158.261,1.009,0
94.707692,26.5391,366.914,27.464,281.992,41.364,10,0.126,16.38,0.001,1238.24,2.551,0
93.740902,25.915965,144.231,1.968,214.384,29.249,50,0.0,0.424,0.01,933.25,0.093,0
95.032217,25.940894,2652.139,19.87,16.263,462.467,10,0.121,8.348,0.001,1500.602,1.519,0
94.713422,25.806002,1249.465,37.904,22.949,277.48,10,0.13,34.657,0.001,916.5,4.146,0
94.608541,25.99244,2272.25,26.948,296.261,723.58,10,0.124,9.196,0.001,1098.977,1.255,0
93.749366,25.910814,147.746,1.48,196.464,434.818,50,0.139,0.222,0.01,914.931,0.308,0
94.554326,26.348694,1362.901,15.922,72.62,850.236,10,0.126,9.805,0.001,1268.074,1.555,0
93.724815,25.842637,155.049,4.78,304.303,372.279,30,0.128,1.937,0.15,948.049,35.427,0
94.994196,26.017842,1106.587,21.545,132.254,29.249,10,0.124,12.181,0.001,1333.238,2.02,0
93.997672,26.016635,646.885,19.025,12.734,434.818,10,0.124,7.907,0.001,839.413,0.823,0
94.209178,25.515799,1580.603,16.556,51.784,682.825,10,0.125,5.031,0.15,1111.255,104.937,0
93.740431,25.813036,162.297,0.281,216.657,105.459,40,0.127,0.026,0.15,901.006,0.441,0
94.735166,25.630621,2009.37,27.738,194.214,454.066,10,0.13,9.521,0.001,1207.92,1.498,0
93.63389,25.784662,170.511,0.573,134.531,58.498,40,0.127,0.065,0.15,903.764,1.111,0
93.731034,25.570075,1065.059,21.801,357.131,87.747,10,0.127,12.361,0.001,1063.953,1.681,0
93.944612,25.572646,1394.595,19.824,278.952,65.403,30,0.127,16.008,0.05,1235.735,125.401,0
94.283551,25.878973,972.223,34.368,317.836,82.729,10,0.126,16.145,0.001,1026.508,2.08,0
94.956817,26.156686,1194.836,30.724,60.978,41.364,10,0.126,16.678,0.001,1234.091,2.589,0
95.061373,26.931924,118.038,7.805,290.575,438.735,10,0.122,1.92,0.001,1340.05,0.314,0
94.899103,26.700559,1210.441,17.967,173.518,795.659,50,0.124,9.711,0.01,1194.13,14.401,0
93.678136,25.763602,188.86,3.097,139.999,149.141,10,0.126,0.579,0.001,947.821,0.069,0
93.771973,25.90029,143.646,1.729,37.914,29.249,10,0.13,0.422,0.001,871.033,0.047,0
95.040392,26.548156,669.303,23.145,108.129,165.457,10,0.122,17.559,0.001,1340.05,2.873,0
94.525376,26.011939,1777.981,18.787,150.703,673.362,50,0.131,12.079,0.01,1131.674,18.109,0
94.943963,26.132083,1388.994,19.689,85.662,608.632,10,0.128,15.872,0.001,1197.632,2.433,0
94.855673,25.784742,726.372,30.437,9.92,82.729,10,0.127,16.495,0.001,1143.222,2.39,0
94.854311,25.963418,819.447,32.446,98.639,585.711,10,0.131,29.06,0.001,1255.647,4.773,0
95.057993,26.423048,1563.311,18.656,10.974,29.249,10,0.126,14.837,0.001,1278.653,2.391,0
93.618675,25.331826,979.783,13.918,228.773,184.987,10,0.126,10.241,0.001,762.358,0.981,0
94.983048,26.634327,379.349,19.73,12.107,58.498,10,0.124,6.271,0.001,1340.05,1.039,0
94.379584,25.818763,1399.176,9.682,265.076,680.314,10,0.128,3.934,0.001,1067.606,0.538,0
94.398575,25.784076,1579.014,40.834,108.993,327.014,10,0.127,37.583,0.001,1071.058,5.096,0
94.655642,25.671988,743.498,13.181,143.455,333.49,10,0.13,3.766,0.001,914.758,0.444,0
93.626588,25.722663,213.191,3.614,245.604,442.618,30,0.124,0.708,0.05,800.404,3.512,0
94.241293,25.780555,959.476,19.715,31.252,787.553,10,0.126,9.723,0.001,925.665,1.136,0
94.692826,25.742106,1093.426,8.612,301.397,445.507,30,0.129,4.149,0.15,825.862,66.449,0
94.486314,26.287485,1240.756,24.058,217.184,235.813,10,0.124,12.436,0.001,1196.509,1.842,0
94.390621,25.826213,1767.972,5.125,169.496,760.474,30,0.206,1.47,0.05,1072.493,13.367,0
93.973757,25.628663,1865.975,11.6,156.553,29.249,30,0.123,6.087,0.05,1368.174,51.518,0
94.241172,25.795214,877.748,5.578,228.485,410.529,10,0.125,1.243,0.001,916.919,0.142,0
94.443077,25.682898,1633.524,28.142,335.325,641.48,10,0.129,9.687,0.001,969.947,1.208,0
94.970527,25.987098,1179.177,26.636,134.199,355.829,10,0.128,11.965,0.001,1348.545,2.057,0
94.24952,26.080884,1084.715,9.501,270.593,29.249,40,0.128,3.265,0.05,1062.645,22.112,0
93.980937,25.699261,1689.454,33.234,350.841,248.186,10,0.126,15.536,0.001,1560.177,3.048,0
94.927021,26.158842,2049.551,32.404,272.453,724.171,10,0.123,15.089,0.001,1269.681,2.373,0
93.782329,25.943215,138.308,0.791,140.944,380.237,40,0.129,0.098,0.15,870.217,1.654,0
93.925155,25.778685,702.466,23.803,161.148,58.498,50,0.123,15.058,0.001,1191.553,2.21,0
94.170797,25.928759,1373.617,20.959,115.577,910.955,10,0.126,6.761,0.001,1022.824,0.868,0
94.808675,25.780556,977.188,25.579,325.386,235.813,10,0.13,21.911,0.001,1076.035,3.066,0
95.002806,26.389671,1013.901,22.519,323.49,567.913,30,0.123,11.467,0.05,1259.864,89.079,0
93.630725,25.782464,171.21,1.655,46.167,58.498,40,0.127,0.339,0.15,894.665,5.753,0
93.768321,25.92192,143.005,1.556,256.477,523.222,40,0.13,0.237,0.15,880.197,4.054,0
95.002081,26.575928,1117.476,23.549,26.452,707.439,10,0.124,14.861,0.001,1340.05,2.473,0
94.806576,26.587741,1086.416,18.146,126.0,602.274,10,0.124,7.451,0.001,1257.65,1.169,0
94.4145,26.337293,602.02,25.849,102.908,146.245,10,0.122,16.648,0.001,1164.039,2.38,0
94.671207,26.354015,484.533,31.978,161.86,82.729,10,0.122,14.859,0.001,1122.043,2.025,0
95.192111,26.944808,771.966,23.986,31.709,529.722,10,0.121,7.984,0.001,1259.57,1.222,0
93.647497,25.602372,425.543,4.756,77.42,434.818,10,0.122,1.011,0.15,935.879,17.277,0
94.487021,25.635468,1681.16,15.29,135.92,818.972,30,0.13,4.549,0.45,973.419,258.21,0
93.755363,25.923626,144.069,1.386,40.257,87.747,10,0.129,0.204,0.01,905.948,0.237,0
94.581176,26.041441,1123.664,27.31,302.096,206.822,10,0.128,9.345,0.001,1133.376,1.35,0
95.017216,26.200052,1443.306,25.83,298.823,591.524,10,0.138,13.56,0.001,1226.391,2.284,0
94.30192,25.56906,2021.441,10.788,97.077,442.618,30,0.124,3.844,0.05,1102.121,27.211,0
94.851902,26.574437,350.795,26.625,76.194,29.249,10,0.127,11.96,0.001,1257.65,1.91,0
94.485844,25.902564,1806.807,28.045,353.306,333.49,10,0.126,14.97,0.001,1115.336,2.104,0
94.527752,26.326674,1370.635,14.926,178.802,789.723,50,0.0,4.412,0.01,1237.479,2.489,0
94.851522,25.958425,720.078,27.129,200.117,58.498,10,0.13,9.27,0.001,1256.119,1.513,0
94.581911,25.836317,1871.543,24.577,300.505,146.245,10,0.124,20.872,0.001,1076.074,2.763,0
94.568183,25.727733,1037.797,29.246,257.906,390.23,10,0.127,15.736,0.001,919.395,1.838,0
94.800244,25.727313,1511.455,23.781,348.24,558.801,10,0.128,10.425,0.001,774.852,1.037,0
93.729088,25.570704,1117.983,22.087,40.262,196.208,10,0.128,9.52,0.001,1063.941,1.295,0
94.975155,26.013906,1530.611,26.741,152.015,498.092,10,0.127,23.119,0.001,1315.676,3.84,0
95.080355,26.894905,153.889,3.187,256.459,177.915,10,0.125,0.601,0.001,1287.52,0.096,0
93.769106,25.851242,176.919,2.737,8.943,235.813,50,0.143,0.651,0.01,862.549,0.91,0
94.278996,25.595953,1971.775,38.105,185.039,596.565,30,0.124,23.919,0.05,1206.076,179.283,0
93.603688,25.610112,349.517,3.028,26.356,170.549,10,0.123,0.563,0.001,879.122,0.061,0
94.524495,26.36194,882.631,17.496,338.437,527.294,10,0.124,13.687,0.001,1199.472,2.041,0
95.016063,26.200558,1387.8,21.943,305.741,490.302,10,0.138,18.159,0.001,1227.262,2.959,0
94.731588,25.649581,1758.878,26.103,262.725,717.048,10,0.13,8.85,0.001,1137.69,1.303,0
94.837133,25.911353,722.572,26.924,273.474,445.507,10,0.126,23.31,0.001,1220.773,3.607,0
93.891968,25.743303,391.365,7.705,187.834,105.459,40,0.119,2.491,0.001,1168.539,0.345,0
94.501716,26.611531,524.186,12.188,210.782,413.643,10,0.123,5.932,0.001,1326.07,0.965,0
93.829295,25.810976,549.999,10.526,246.298,323.066,30,0.122,2.823,0.05,957.866,16.435,0
93.734819,25.882082,161.625,3.171,204.918,361.79,50,0.128,0.788,0.001,937.455,0.095,0
95.004354,26.213477,1483.783,13.529,111.565,29.249,10,0.128,5.137,0.001,1235.159,0.814,0
94.976581,26.286487,2129.088,37.87,51.826,333.49,10,0.123,18.004,0.001,1287.462,2.852,0
93.656579,25.468591,1420.782,21.755,156.612,177.915,10,0.124,10.988,0.001,976.729,1.342,0
94.472126,25.662979,1437.114,19.982,37.907,523.222,30,0.133,9.887,0.05,972.707,65.012,0
94.763946,26.222119,1910.901,34.562,99.939,455.008,10,0.125,21.44,0.001,1400.398,3.761,0
95.015741,26.775436,620.348,31.783,66.537,149.141,10,0.121,11.181,0.001,1340.05,1.82,0
94.879557,25.573578,1024.404,37.551,62.14,973.6,10,0.127,17.836,0.001,1395.253,3.161,0
94.873418,25.574762,1274.308,28.441,20.339,707.439,10,0.129,24.891,0.001,1342.663,4.309,0
94.001411,25.764645,1001.422,16.16,167.303,784.833,30,0.124,12.381,0.05,1490.307,114.646,0
94.981621,26.664793,898.676,15.043,204.495,644.142,10,0.122,9.124,0.001,1194.13,1.333,0
94.315457,26.251031,776.007,11.385,85.884,747.425,10,0.124,3.122,0.001,1101.666,0.426,0
93.719872,25.908367,153.066,1.077,86.925,58.498,50,0.0,0.147,0.01,969.572,0.0,0
94.192201,25.617229,1167.322,21.56,15.53,248.186,10,0.132,12.192,0.001,1271.614,2.036,0
94.967091,25.820084,1870.168,12.164,131.254,249.903,10,0.127,3.398,0.001,1738.877,0.752,0
94.687733,25.987957,2092.411,17.988,79.178,661.829,10,0.125,5.585,0.001,1118.862,0.782,0
93.967006,25.624686,1838.663,29.694,161.816,82.729,10,0.127,17.976,0.001,1340.873,3.05,0
93.768652,25.892532,145.89,1.428,343.268,288.069,10,0.13,0.537,0.001,872.753,0.061,0
93.612127,25.365549,1160.381,29.396,322.031,584.98,10,0.127,25.887,0.001,802.75,2.646,0
94.644183,26.695978,287.895,25.909,135.584,323.066,10,0.126,11.572,0.001,1238.24,1.801,0
93.960607,25.898862,266.448,20.384,250.105,685.326,10,0.125,6.531,0.001,964.157,0.787,0
94.056828,25.668935,1276.643,4.442,1.13,0.0,40,0.126,2.348,0.15,1535.705,68.151,0
94.368191,26.217722,870.555,16.079,204.854,672.727,10,0.127,4.848,0.001,1145.307,0.703,0
94.918918,26.571833,648.503,26.088,271.046,787.553,10,0.127,16.834,0.001,1194.13,2.56,0
94.661286,25.6819,877.909,11.273,248.506,397.829,10,0.128,3.082,0.001,907.982,0.358,0
93.705688,25.758457,179.495,3.151,318.89,41.364,30,0.124,1.29,0.05,883.274,7.069,0
94.057698,25.726597,848.52,21.691,201.093,233.992,10,0.121,7.055,0.001,1582.346,1.352,0
93.989861,25.64261,1977.887,28.947,179.102,65.403,30,0.123,13.218,0.05,1434.039,116.758,0
93.550711,25.693785,185.623,0.79,298.66,206.822,40,0.126,0.098,0.15,753.063,1.396,0
94.48842,25.880287,1343.154,25.63,239.591,248.186,10,0.128,21.965,0.001,1110.621,3.134,0
94.112511,25.663919,1391.047,12.28,219.363,248.186,10,0.127,5.338,0.001,1836.443,1.246,0
93.71468,25.780441,180.523,2.664,145.324,350.988,10,0.124,0.476,0.001,900.678,0.053,0
94.600931,25.651574,693.332,28.625,151.155,210.917,10,0.125,21.528,0.001,852.382,2.303,0
93.73728,25.646145,532.332,2.015,331.883,350.988,10,0.12,0.331,0.001,945.958,0.038,0
94.547468,26.462163,542.867,14.461,326.075,65.403,10,0.124,10.753,0.001,1254.43,1.676,0
94.478506,26.259719,1110.822,13.65,142.225,537.736,10,0.125,6.111,0.01,1210.997,9.261,0
94.171069,25.869776,1457.475,23.164,327.672,551.869,10,0.124,10.095,0.001,929.643,1.164,0
93.820287,25.670944,426.203,1.436,268.32,130.805,10,0.118,0.541,0.001,1032.464,0.066,0
93.714471,25.513985,1191.409,20.63,286.957,503.219,10,0.126,6.63,0.001,1034.146,0.868,0
94.787192,25.878143,1086.728,23.008,127.477,592.247,30,0.131,14.444,0.05,970.278,92.531,0
93.723509,25.893404,151.133,0.786,169.15,87.747,50,0.0,0.097,0.01,963.072,0.0,0
94.575275,26.276029,790.716,24.365,37.178,330.915,10,0.124,10.74,0.001,1143.807,1.518,0
93.698984,25.886512,186.582,7.446,0.709,486.8,10,0.127,2.383,0.001,982.199,0.298,0
93.476734,25.482931,473.93,9.028,244.959,484.157,10,0.124,3.057,0.001,955.679,0.362,0
94.67374,26.520247,879.322,22.778,8.893,707.439,10,0.123,7.494,0.001,1238.24,1.142,0
95.063737,26.769722,930.53,31.954,306.834,617.008,10,0.124,24.504,0.001,1340.05,4.033,0
95.076422,26.89597,138.881,3.442,222.752,65.403,50,0.124,1.031,0.01,1287.52,1.652,0
94.68882,26.215835,1851.163,25.415,322.058,614.229,10,0.122,16.31,0.001,1280.124,2.585,0
94.98314,26.448206,1519.11,26.401,160.182,854.251,10,0.128,15.621,0.001,1269.768,2.525,0
94.188349,25.635433,1010.911,18.095,70.978,366.489,50,0.129,8.733,0.01,1537.807,17.395,0
93.662735,25.63561,333.159,2.266,23.095,29.249,40,0.12,0.887,0.05,887.319,4.724,0
94.873047,26.366459,1230.934,25.47,95.9,434.818,10,0.125,21.797,0.001,1357.412,3.7,0
94.497436,26.177342,1143.86,14.025,169.309,643.478,50,0.125,4.076,0.01,1193.995,6.079,0
94.865209,25.830153,1553.827,18.077,207.196,680.314,30,0.13,5.62,0.05,1366.603,49.733,0
94.3777,25.829348,1325.58,15.134,217.891,327.014,10,0.128,4.49,0.001,1067.583,0.613,0
94.741255,25.656911,1686.984,17.435,278.079,323.066,10,0.128,13.627,0.001,1127.035,1.968,0
94.37764,25.765064,1769.759,35.106,102.005,702.585,10,0.126,19.452,0.001,1059.572,2.607,0
94.799108,25.565569,1544.458,29.541,245.83,789.723,10,0.129,26.038,0.001,1255.463,4.214,0
93.854141,25.82218,530.601,47.517,31.757,418.782,10,0.122,22.853,0.001,990.149,2.753,0
94.40805,26.449603,600.419,27.224,66.59,65.403,10,0.123,9.309,0.001,1061.112,1.216,0
93.682179,25.592214,636.318,13.994,354.677,777.165,10,0.118,10.313,0.001,1008.974,1.231,0
95.104019,26.675239,724.778,14.536,227.145,170.549,10,0.119,4.266,0.001,1287.52,0.653,0
93.579811,25.438881,1403.157,28.367,118.928,596.565,10,0.128,15.175,0.001,933.365,1.813,0
94.866193,25.947775,779.835,22.297,160.716,381.36,10,0.129,18.522,0.001,1267.596,3.031,0
94.531466,26.119387,1724.09,26.047,36.797,397.829,10,0.126,16.803,0.001,1199.857,2.532,0
94.42571,25.5906,891.582,36.705,60.363,149.141,60,0.126,22.946,0.45,952.744,1243.305,0
93.646348,25.429066,1526.107,13.831,108.814,992.744,10,0.125,10.16,0.001,916.058,1.163,0
94.933618,26.513009,1322.515,22.778,187.396,765.519,10,0.127,18.048,0.001,1194.13,2.756,0
94.607091,26.601822,199.69,21.978,341.703,275.934,10,0.126,16.474,0.001,1254.43,2.604,0
93.747469,25.886026,156.08,2.232,120.907,251.609,50,0.13,0.5,0.01,912.872,0.592,0
94.389986,26.121654,491.123,20.608,357.374,456.884,10,0.124,16.8,0.001,1061.428,2.206,0
94.369108,26.493361,182.985,8.123,280.826,130.805,10,0.123,2.667,0.001,1182.87,0.392,0
94.685486,26.68471,212.165,12.255,22.542,82.729,10,0.127,7.025,0.001,1238.24,1.099,0
94.635562,25.686705,1229.272,24.586,125.516,708.043,30,0.13,10.859,0.001,853.353,1.205,0
93.867171,25.757959,442.891,29.236,7.422,116.996,10,0.121,17.648,0.001,995.198,2.138,0
94.262838,25.547311,1601.726,14.017,323.925,372.279,10,0.13,4.073,0.001,1128.606,0.589,0
95.021106,26.037075,982.547,25.402,153.623,146.245,10,0.125,8.562,0.001,1351.438,1.45,0
94.515914,26.299731,1004.573,7.566,65.06,105.459,10,0.124,1.844,0.001,1240.452,0.284,0
94.888718,26.210975,2070.95,22.169,211.24,184.987,10,0.121,9.564,0.001,1324.556,1.534,0
95.082887,26.940883,120.923,1.049,234.235,301.137,10,0.124,0.27,0.001,1287.52,0.043,0
94.567487,26.500201,464.419,25.386,45.691,393.505,10,0.124,8.556,0.001,1254.43,1.339,0
93.66827,25.641764,335.491,3.447,203.983,438.735,10,0.121,0.878,0.001,886.306,0.094,0
94.585561,26.302016,618.202,12.536,195.818,165.457,10,0.123,3.532,0.001,1173.958,0.511,0
93.679689,25.737828,207.076,0.497,48.532,175.494,40,0.126,0.054,0.15,902.646,0.913,0
94.317089,26.237167,506.51,18.649,120.984,644.142,10,0.122,7.712,0.001,1083.014,1.015,0
93.458058,25.326773,1773.817,17.461,107.666,659.887,10,0.128,11.017,0.001,828.274,1.164,0
94.807733,25.775615,841.779,29.619,193.86,518.293,30,0.127,26.12,0.05,1045.933,174.438,0
93.658834,25.488725,1287.859,24.793,86.414,269.662,10,0.125,21.096,0.001,1009.225,2.666,0
93.862116,25.725239,363.591,0.386,292.998,235.813,40,0.119,0.051,0.15,1031.448,0.936,0
94.588954,25.905729,1096.556,34.125,298.164,184.987,10,0.127,16.014,0.001,1087.603,2.222,0
93.492576,25.531582,357.927,10.258,307.803,462.467,10,0.124,2.731,0.001,917.127,0.311,0
94.871217,26.600998,520.326,22.126,143.297,739.947,10,0.127,11.22,0.001,1257.65,1.795,0
93.7237,25.762415,194.035,3.069,53.074,418.782,10,0.124,0.755,0.001,880.305,0.082,0
94.886852,26.684447,1117.043,20.287,177.606,587.897,30,0.121,6.493,0.05,1257.65,49.402,0
95.043489,26.526691,942.964,14.036,99.317,175.494,10,0.125,4.08,0.001,1340.05,0.68,0
94.435762,25.846729,1769.725,39.978,172.849,261.611,60,0.125,25.206,0.45,1090.459,1546.349,0
94.628786,25.68686,1304.902,6.353,157.88,726.53,50,0.186,2.561,0.01,840.684,3.991,0
94.90271,25.694427,1584.776,29.639,267.076,120.597,10,0.129,26.14,0.001,1035.039,3.484,0
95.119628,26.290163,1249.499,26.539,282.802,206.822,30,0.129,22.909,0.05,1355.334,199.615,0
93.6651,25.759115,188.49,1.797,287.471,341.099,40,0.124,0.443,0.05,919.358,2.533,0
94.57108,26.634098,835.66,32.578,311.237,567.913,10,0.123,21.904,0.001,1254.43,3.392,0
94.976471,26.633685,373.646,14.424,236.431,288.069,10,0.126,5.574,0.001,1194.13,0.834,0
94.744671,26.529265,720.015,23.9,328.199,235.813,10,0.123,15.133,0.001,1267.36,2.355,0
94.913026,25.83026,1948.205,23.72,284.494,738.211,10,0.127,10.393,0.001,1596.885,2.11,0
93.708507,25.853286,161.775,5.804,48.681,342.351,50,0.129,3.32,0.01,984.212,4.225,0
93.853342,25.848787,177.16,0.91,65.469,177.915,40,0.126,0.118,0.15,960.058,2.129,0
93.482099,25.487663,499.555,4.829,91.499,372.279,10,0.125,1.031,0.001,952.38,0.122,0
94.985019,26.514498,1777.027,15.43,72.598,974.04,10,0.125,11.677,0.001,1340.05,1.953,0
93.758662,25.912404,144.11,2.78,297.06,248.186,40,0.129,0.503,0.15,896.329,8.715,0
94.188601,26.32057,631.469,22.725,116.712,446.466,10,0.124,18.962,0.001,944.398,2.191,0
94.024862,26.088047,591.941,14.169,225.476,517.467,10,0.12,4.129,0.001,835.1,0.415,0
94.591593,25.957157,1736.148,29.327,131.881,165.457,10,0.129,19.366,0.001,1096.945,2.728,0
93.759792,25.939512,139.902,1.022,128.305,65.403,40,0.129,0.137,0.15,900.703,2.394,0
94.816164,26.156785,1528.707,19.71,257.954,442.618,10,0.126,15.893,0.001,1315.631,2.63,0
94.24465,25.754901,737.678,27.121,27.743,29.249,10,0.126,9.267,0.001,947.261,1.107,0
94.087559,25.642622,1940.018,25.264,62.998,206.822,10,0.123,21.584,0.001,1892.705,5.04,0
95.158772,26.66455,992.836,25.434,0.663,682.825,10,0.127,13.308,0.001,1287.52,2.189,0
93.757996,25.835702,168.398,1.632,349.05,58.498,10,0.126,0.252,0.001,879.541,0.028,0
94.271176,25.74052,1055.763,27.494,285.142,537.736,10,0.123,20.517,0.001,978.604,2.477,0
94.943388,26.472824,1101.742,30.755,105.772,228.442,10,0.127,27.302,0.001,1194.13,4.125,0
93.734141,25.855416,167.637,4.621,181.19,87.747,60,0.13,0.974,0.05,932.607,5.9,0
93.932057,25.586957,1889.332,24.963,142.711,643.478,30,0.124,15.959,0.001,1222.559,2.412,0
93.635419,25.602072,418.526,5.569,125.111,130.805,10,0.123,1.24,0.001,921.323,0.14,0
93.806307,25.772386,263.424,34.888,162.228,29.249,60,0.125,16.423,0.45,937.578,866.143,0
93.971558,25.811656,813.238,20.303,41.931,434.818,10,0.122,6.499,0.001,1157.174,0.92,0
94.606839,25.953509,1550.415,27.77,115.078,301.137,10,0.128,16.599,0.001,1091.891,2.334,0
94.35717,26.332118,480.963,36.389,305.387,264.861,10,0.122,17.222,0.001,1104.927,2.314,0
93.83544,25.656364,545.154,6.515,323.597,29.249,10,0.12,3.491,0.001,1103.859,0.464,0
93.68253,25.586121,702.754,13.14,77.052,646.131,10,0.117,7.14,0.001,1023.793,0.859,0
95.018064,26.117919,1325.169,30.748,155.829,196.208,10,0.125,10.757,0.001,1275.329,1.718,0
93.753108,25.893091,146.67,1.553,157.281,92.493,50,0.128,0.45,0.01,903.227,0.526,0
94.973213,26.577734,911.324,18.45,65.425,889.573,10,0.124,14.484,0.001,1194.13,2.143,0
93.728844,25.868323,161.118,2.43,201.124,105.459,50,0.128,0.423,0.01,946.14,0.512,0
94.924025,26.336812,1145.034,24.929,73.278,177.915,10,0.126,11.043,0.001,1290.344,1.797,0
93.736809,25.768637,196.15,3.815,250.534,82.729,10,0.123,0.759,0.001,877.731,0.082,0
94.89099,25.919594,1472.717,25.181,82.064,682.825,30,0.125,11.179,0.001,1291.062,1.812,0
93.778754,25.819074,186.57,4.853,20.713,301.137,50,0.126,1.038,0.01,875.405,1.183,0
94.05614,25.696718,955.18,16.066,75.215,235.813,30,0.121,6.391,0.05,1563.466,60.556,0
93.744232,25.87574,157.989,2.436,102.827,206.822,50,0.128,0.868,0.01,917.061,1.023,0
94.856088,25.885004,1328.587,14.217,202.228,397.829,10,0.13,4.147,0.001,1286.39,0.69,0
94.697029,26.224886,1885.517,23.042,296.405,539.325,10,0.127,7.601,0.001,1288.721,1.239,0
94.046889,25.696871,995.226,17.579,52.284,298.282,60,0.123,7.16,0.05,1605.116,70.708,0
95.080112,26.489395,1868.317,25.581,307.542,630.043,10,0.125,13.401,0.001,1287.52,2.15,0
94.752961,25.700692,1300.37,19.242,250.867,537.736,10,0.131,15.423,0.001,913.793,1.844,0
93.828235,25.593583,1570.68,8.681,167.379,666.98,30,0.123,2.906,0.05,1133.58,20.277,0
94.089625,25.717689,1362.791,18.408,40.688,413.643,10,0.123,14.59,0.001,1429.457,2.575,0
94.457924,25.669844,1445.02,32.087,179.413,228.442,30,0.13,14.918,0.05,971.521,93.982,0
93.774639,25.709939,484.77,11.174,40.607,439.709,10,0.125,3.048,0.001,919.741,0.352,0
95.06015,26.05121,1229.917,25.604,298.502,350.988,30,0.127,15.052,0.05,1450.146,137.937,0
94.503368,26.318434,1069.075,17.034,232.425,298.282,10,0.123,11.358,0.001,1198.751,1.74,0
93.765183,25.863682,162.574,1.209,158.558,165.457,10,0.181,0.433,0.001,871.711,0.063,0
94.885671,26.67903,1031.13,22.765,304.873,380.237,10,0.123,7.489,0.001,1257.65,1.151,0
94.809702,26.223143,1672.94,34.579,279.314,58.498,10,0.126,12.321,0.001,1394.063,2.161,0
93.774989,25.805803,184.914,2.893,350.232,146.245,10,0.137,0.699,0.01,874.799,0.66,0
93.969127,25.751212,945.181,20.387,326.955,567.913,50,0.122,10.138,0.01,1584.557,19.633,0
94.900965,26.324856,945.859,27.323,83.265,210.917,10,0.126,12.337,0.001,1317.89,2.057,0
94.43589,25.714757,1563.351,19.01,318.541,620.465,30,0.13,10.423,0.001,1008.702,1.363,0
93.706054,25.590894,640.703,14.669,203.798,504.916,30,0.117,4.316,0.05,1035.115,26.175,0
94.250401,26.171653,864.362,18.861,227.613,554.961,10,0.123,5.928,0.001,944.67,0.687,0
93.762597,25.825903,170.745,0.808,168.769,116.996,40,0.126,0.256,0.014,867.85,0.391,0
94.967277,26.504012,1417.399,16.73,170.826,372.279,10,0.127,12.936,0.001,1194.13,1.955,0
94.428568,25.855115,1757.199,28.213,190.385,467.984,30,0.125,24.654,0.001,1090.279,3.34,0
94.223445,25.925259,1201.177,12.063,118.807,498.092,30,0.241,4.436,0.01,1015.546,11.839,0
94.968224,26.278689,2122.698,31.498,162.213,614.925,10,0.123,26.646,0.001,1302.633,4.249,0
94.413662,26.242555,1175.165,16.659,132.874,646.131,10,0.125,6.691,0.001,1221.843,1.02,0
93.892125,25.759256,493.78,3.629,190.682,177.915,10,0.12,0.712,0.001,1055.181,0.09,0
93.8363,25.759658,286.52,5.466,257.426,301.137,30,0.122,2.108,0.01,966.333,2.492,0
93.854264,25.821041,591.623,23.605,75.856,431.856,10,0.122,7.829,0.001,991.745,0.943,0
94.924065,25.704724,1382.258,30.859,342.225,206.822,10,0.128,22.12,0.001,1147.42,3.237,0
93.699771,25.794237,172.596,4.045,257.015,680.314,10,0.126,0.819,0.001,953.076,0.099,0
93.725005,25.854649,174.801,2.649,176.001,397.829,10,0.13,0.473,0.001,950.796,0.059,0
94.723849,25.694991,847.475,24.262,73.346,342.351,10,0.128,15.414,0.001,853.841,1.687,0
94.984994,26.160428,1417.421,9.88,249.981,787.553,10,0.128,2.602,0.001,1218.461,0.404,0
93.743471,25.909508,144.843,1.235,68.668,87.747,50,0.0,0.272,0.01,926.483,0.0,0
94.916504,26.015517,1271.498,17.828,187.103,714.059,30,0.128,8.571,0.05,1243.796,68.325,0
94.239723,25.662006,1113.246,35.702,208.824,58.498,10,0.128,12.775,0.001,1230.115,2.003,0
93.686995,25.608268,395.428,1.3,254.235,146.245,10,0.118,0.188,0.001,976.107,0.022,0
94.024574,25.675726,1365.725,22.506,139.366,438.735,10,0.128,11.459,0.001,1588.181,2.323,0
93.772007,25.89546,150.956,3.647,85.657,177.915,10,0.129,0.716,0.001,869.929,0.08,0
94.108359,25.838459,1102.621,18.903,42.769,657.289,10,0.123,7.844,0.001,947.973,0.919,0
94.948006,26.574544,733.306,18.483,121.805,277.48,10,0.124,11.834,0.001,1194.13,1.747,0
94.005764,25.832044,1189.755,23.812,7.746,588.625,10,0.123,13.778,0.001,1117.969,1.891,0
94.316943,26.272388,760.874,16.462,73.128,413.643,30,0.124,10.228,0.05,1127.376,71.409,0
95.024948,26.544301,764.806,11.53,65.128,327.014,10,0.123,8.051,0.001,1340.05,1.324,0
93.754219,25.815926,168.971,1.041,84.5,269.662,40,0.127,0.338,0.15,878.158,5.617,0
94.892415,26.699478,1245.567,8.697,156.734,754.828,50,0.123,2.208,0.01,1194.13,3.257,0
94.930698,26.393698,696.754,29.17,74.378,471.626,10,0.126,25.652,0.001,1244.413,4.021,0
94.623734,26.288773,1053.536,6.144,185.776,558.801,50,0.124,1.409,0.01,1113.499,1.944,0
94.486754,25.995194,1758.244,16.278,92.708,852.747,10,0.123,6.498,0.001,1134.847,0.911,0
94.984404,26.408061,1418.308,24.24,277.148,1082.213,10,0.129,20.523,0.001,1300.674,3.432,0
93.731153,25.907457,149.819,1.821,289.59,582.782,50,0.0,0.29,0.01,950.892,0.0,0
94.543503,26.302966,791.906,4.903,140.421,130.805,10,0.123,1.051,0.001,1226.007,0.158,0
94.84262,25.811578,1501.569,1.918,179.446,682.825,50,0.198,0.541,0.05,1262.485,6.23,0
93.508673,25.449806,659.767,15.732,108.188,204.743,10,0.124,11.967,0.001,955.785,1.411,0
94.972312,26.575008,999.169,26.297,52.448,936.425,10,0.125,11.782,0.001,1194.13,1.754,0
94.946437,26.542384,1212.832,41.595,248.094,392.416,10,0.126,34.705,0.001,1194.13,5.227,0
94.56414,26.579394,686.477,24.12,194.532,684.701,10,0.122,20.399,0.001,1254.43,3.132,0
93.776425,25.856001,165.37,4.368,85.976,409.486,10,0.124,0.905,0.001,855.702,0.097,0
95.060272,26.219109,913.558,20.64,103.431,82.729,30,0.126,11.55,0.05,1276.567,92.871,0
94.32337,26.090429,942.424,21.815,271.632,249.903,10,0.127,13.525,0.001,976.501,1.684,0
95.104664,26.276836,1114.125,16.221,167.408,124.093,10,0.127,12.441,0.001,1342.801,2.121,0
94.023451,25.73561,928.841,15.324,337.243,527.294,10,0.123,11.575,0.001,1647.465,2.348,0
95.094339,26.558666,1411.645,19.744,177.146,350.988,10,0.125,15.927,0.001,1287.52,2.565,0
94.731615,26.290021,1736.87,23.559,32.117,520.763,10,0.127,12.121,0.001,1308.441,2.015,0
95.048875,26.407818,1786.478,14.791,222.489,731.225,10,0.129,11.067,0.001,1258.571,1.794,0
94.538299,26.035581,1844.653,16.424,156.823,685.326,30,0.125,7.729,0.05,1141.09,55.228,0
93.765781,25.675494,481.518,3.808,57.092,165.457,10,0.122,0.758,0.001,945.277,0.088,0
94.036865,25.666864,1404.58,18.909,26.335,0.0,10,0.128,15.09,0.001,1623.617,3.131,0
94.508424,25.77314,1306.411,20.343,41.73,210.917,10,0.13,8.597,0.001,1027.018,1.143,0
94.849744,26.459022,793.282,21.492,206.202,235.813,10,0.126,6.975,0.001,1257.65,1.106,0
95.076382,26.795806,647.624,18.434,16.787,592.247,10,0.123,10.029,0.001,1287.52,1.588,0
94.259266,25.667076,1544.595,21.243,317.611,739.947,50,0.126,11.97,0.01,1206.063,18.321,0
93.728255,25.866467,151.926,0.978,76.532,82.729,50,0.129,0.13,0.01,946.907,0.158,0
94.059496,26.24186,152.448,4.345,114.022,206.822,10,0.124,1.186,0.001,902.13,0.133,0
95.026363,26.123519,1743.203,39.247,212.588,591.524,10,0.127,24.706,0.001,1287.686,4.051,0
94.635662,26.26712,1105.243,36.028,89.873,527.294,10,0.124,24.57,0.001,1108.607,3.367,0
94.346488,25.572458,1522.942,28.858,21.24,65.403,10,0.129,9.981,0.001,1007.553,1.295,0
94.923808,26.512502,1075.329,15.82,290.972,248.186,40,0.127,4.75,0.001,1194.13,0.718,0
93.472923,25.315546,1561.168,17.569,8.064,261.611,10,0.122,7.155,0.001,843.795,0.735,0
94.601158,26.271443,1021.872,31.684,289.361,58.498,10,0.123,11.141,0.001,1119.199,1.534,0
93.676941,25.635714,344.196,5.269,256.845,58.498,10,0.118,1.154,0.001,901.606,0.123,0
93.834868,25.657986,529.208,4.527,343.898,29.249,10,0.12,0.948,0.001,1098.646,0.125,0
94.816057,26.232478,1497.148,27.93,141.037,355.829,10,0.128,14.896,0.001,1397.699,3.048,0
94.490272,26.615733,326.773,30.633,258.759,92.493,10,0.126,21.93,0.001,1326.07,3.648,0
94.574933,25.73957,1023.243,35.502,305.652,301.137,10,0.126,22.102,0.001,933.947,2.609,0
94.18152,26.184363,665.738,16.118,126.511,630.043,10,0.122,4.863,0.001,899.163,0.532,0
94.517228,26.269752,863.431,19.648,135.598,301.137,10,0.122,9.682,0.001,1186.812,1.401,0
93.85381,25.856424,161.184,0.321,288.504,310.921,10,0.127,0.077,0.001,952.272,0.009,0
94.266183,26.113349,1312.185,22.316,31.318,105.459,10,0.122,14.962,0.001,1037.567,1.895,0
93.780185,25.893625,151.113,1.883,254.267,380.237,10,0.129,0.303,0.001,860.594,0.034,0
93.757719,25.743912,400.737,29.314,164.412,146.245,10,0.124,25.801,0.001,887.852,2.851,0
94.388313,26.336076,567.855,27.487,260.431,212.936,10,0.125,9.418,0.001,1155.792,1.357,0
93.751071,25.817641,167.03,0.321,243.642,204.743,40,0.127,0.03,0.05,887.245,0.171,0
94.804516,25.949733,1438.784,27.503,167.909,707.439,10,0.129,16.408,0.001,1127.578,2.388,0
94.102927,25.703653,1284.59,15.603,97.55,41.364,10,0.126,4.667,0.001,1369.927,0.807,0
93.80116,25.754237,264.836,6.292,287.744,0.0,10,0.124,3.687,0.001,931.626,0.426,0
94.205443,25.64645,1073.339,13.247,345.989,471.626,50,0.129,5.001,0.01,1383.258,8.974,0
93.597248,25.760629,174.06,2.098,300.354,29.249,40,0.127,0.349,0.001,799.713,0.035,0
94.82017,25.91072,917.037,28.782,92.978,490.302,10,0.129,13.129,0.001,1130.565,1.917,0
94.734264,25.829149,1307.895,19.676,154.322,584.98,10,0.13,8.247,0.001,917.938,0.988,0
94.379024,26.222574,926.67,9.3,187.921,251.609,10,0.125,5.529,0.001,1173.453,0.813,0
94.94081,26.412082,892.593,37.371,142.37,184.987,10,0.124,34.117,0.001,1227.002,5.224,0
93.654141,25.630204,337.079,3.387,260.901,352.204,10,0.118,1.133,0.001,889.127,0.119,0
93.685545,25.738352,208.801,3.867,260.597,249.903,10,0.126,1.02,0.001,892.029,0.115,0
94.533666,26.430952,666.402,12.814,88.043,384.71,10,0.123,5.636,0.001,1249.316,0.869,0
95.019106,26.190386,1220.017,23.008,57.741,146.245,30,0.127,19.252,0.001,1225.817,2.996,0
93.755086,25.870389,158.569,6.046,69.432,87.747,50,0.13,1.379,0.01,893.35,1.605,0
94.084268,25.714197,1382.151,18.271,130.314,693.392,10,0.123,7.516,0.01,1450.342,13.377,0
94.126892,25.678804,1312.656,17.068,76.137,415.706,10,0.127,10.706,0.001,1780.48,2.422,0
93.6591,25.657125,347.882,15.835,180.004,58.498,30,0.124,8.28,0.05,878.104,45.137,0
94.933848,26.161307,1915.043,48.318,124.301,381.36,10,0.125,38.344,0.001,1263.586,6.042,0
94.466885,25.715269,1382.04,8.283,33.984,744.558,50,0.224,2.073,0.01,976.307,3.647,0
94.399023,25.994492,982.608,10.105,96.041,549.539,10,0.125,3.534,0.001,1087.454,0.479,0
94.985754,25.988087,1020.558,24.444,279.962,327.014,10,0.126,15.555,0.001,1361.278,2.661,0
94.029469,25.664733,1471.606,31.686,314.314,675.265,10,0.128,24.265,0.001,1595.512,4.962,0
94.165061,25.933152,1375.057,17.075,76.106,1064.679,50,0.124,6.902,0.01,1032.228,8.795,0
93.687626,25.675785,360.466,3.357,28.311,413.643,30,0.122,0.849,0.05,893.98,4.635,0
95.055172,26.066001,1471.84,23.385,114.186,361.79,30,0.129,19.64,0.05,1427.997,179.084,0
94.91187,25.887935,1152.137,22.854,161.799,248.186,10,0.129,7.525,0.001,1445.445,1.396,0
94.900856,25.794453,1865.445,22.912,18.607,703.193,30,0.128,7.548,0.05,1418.983,68.589,0
94.044498,25.719989,902.095,13.113,70.716,241.193,40,0.122,8.594,0.15,1636.822,258.854,0
95.036386,26.72142,553.286,5.558,222.092,146.245,10,0.123,2.355,0.001,1340.05,0.388,0
94.672574,26.608451,673.828,16.702,212.391,333.49,10,0.122,12.909,0.001,1238.24,1.956,0
95.022126,26.583066,479.647,20.271,54.922,29.249,10,0.123,11.294,0.001,1340.05,1.863,0
93.662343,25.821656,152.926,3.08,6.049,187.285,10,0.126,1.001,0.001,1017.155,0.129,0
94.728955,26.665308,800.181,9.37,117.964,707.439,10,0.122,2.43,0.001,1267.36,0.376,0
93.756149,25.912856,143.175,1.542,88.862,175.494,50,0.129,0.407,0.01,901.781,0.474,0
94.099186,25.66618,1486.043,17.513,250.802,407.391,50,0.0,8.381,0.01,1726.775,0.0,0
94.807126,25.812153,989.781,23.242,310.266,649.433,10,0.132,19.493,0.001,1092.397,2.806,0
94.430459,26.388084,677.092,26.532,254.66,374.57,10,0.125,9.025,0.001,1201.1,1.352,0
94.57613,26.21014,1017.774,32.252,328.122,157.511,10,0.124,17.649,0.001,1257.655,2.769,0
94.219122,25.584728,1510.051,19.977,327.854,856.251,50,0.128,16.163,0.05,1253.704,129.911,0
94.281914,26.115902,1329.008,10.342,322.508,29.249,10,0.125,3.641,0.001,1012.959,0.459,0
93.65021,25.801031,165.673,1.836,98.123,204.743,10,0.127,0.387,0.15,962.826,7.124,0
93.876929,25.757615,465.328,2.155,202.803,497.233,50,0.118,0.362,0.01,1004.668,0.438,0
94.795521,26.275964,1198.893,16.479,98.912,341.099,10,0.126,5.001,0.001,1402.201,0.886,0
93.986813,25.74197,846.041,11.34,11.332,310.921,50,0.12,4.098,0.001,1628.753,0.795,0
94.739664,25.8039,906.342,25.445,68.442,310.921,10,0.129,8.58,0.001,840.593,0.93,0
93.556244,25.628472,301.413,10.787,281.124,87.747,10,0.123,2.913,0.001,824.618,0.294,0
94.384347,26.083986,483.785,21.939,14.998,184.987,10,0.123,9.441,0.001,999.683,1.167,0
94.54175,26.073017,1689.209,29.523,94.035,204.743,10,0.127,17.853,0.001,1148.346,2.605,0
94.928256,26.446704,838.359,12.991,209.321,497.233,10,0.127,3.697,0.001,1203.838,0.562,0
94.60151,25.890676,1660.464,18.232,1.418,811.099,10,0.127,11.633,0.001,1081.208,1.608,0
93.712539,25.867171,176.094,4.381,150.154,413.643,10,0.129,1.199,0.01,979.082,1.513,0
94.536508,26.124275,1556.23,22.316,65.907,204.743,10,0.128,18.542,0.001,1210.952,2.867,0
94.132965,25.678508,1258.407,21.911,253.083,210.917,10,0.128,9.426,0.001,1760.277,2.116,0
94.854122,26.634592,762.399,12.711,110.799,315.021,10,0.124,9.122,0.001,1257.65,1.429,0
94.65695,26.352604,528.442,21.058,251.233,269.662,10,0.122,8.974,0.001,1119.075,1.226,0
95.059424,26.095027,2098.577,34.754,111.105,482.387,10,0.122,31.444,0.001,1414.932,5.411,0
94.815606,26.261633,1342.794,4.203,327.635,482.387,50,0.127,0.861,0.05,1403.342,7.715,0
94.019874,25.675702,1551.557,20.661,109.584,446.466,30,0.128,6.642,0.01,1570.567,13.36,0
94.524803,26.395827,1097.002,7.751,261.333,263.241,10,0.122,4.828,0.001,1181.816,0.698,0
94.88578,26.159718,1900.012,22.188,141.242,130.805,10,0.123,9.574,0.001,1293.451,1.531,0
94.948736,26.422751,1245.137,9.372,352.889,837.564,10,0.124,2.431,0.001,1232.355,0.372,0
93.696192,25.836628,154.497,0.934,212.081,248.186,40,0.128,0.161,0.15,1004.743,3.106,0
94.530431,26.259902,669.724,6.313,188.507,0.0,10,0.122,3.702,0.001,1168.955,0.529,0
93.721471,25.638084,390.461,4.094,8.573,0.0,40,0.12,2.111,0.05,939.279,11.834,0
94.542766,26.078004,1689.529,16.32,133.806,130.805,30,0.127,6.519,0.01,1148.203,9.524,0
93.888376,25.74969,417.87,6.247,343.88,82.729,10,0.119,1.899,0.001,1090.572,0.246,0
93.776433,25.880939,147.424,0.169,322.909,0.0,40,0.128,0.034,0.15,861.467,0.557,0
95.075613,26.436495,2099.491,18.478,84.412,269.662,10,0.123,7.623,0.001,1290.757,1.208,0
94.209208,25.950019,1327.487,11.825,94.745,439.709,10,0.124,3.277,0.001,1051.783,0.428,0
94.954093,26.757917,1015.529,23.914,186.535,784.833,10,0.124,7.955,0.001,1194.13,1.181,0
94.85252,25.74963,1062.411,29.93,190.96,672.727,30,0.13,26.444,0.05,916.977,157.135,0
94.358686,25.982149,579.201,13.723,276.451,310.921,10,0.123,10.06,0.001,1102.371,1.363,0
94.880394,25.668668,1601.526,30.924,323.986,584.98,30,0.128,14.289,0.05,975.409,89.416,0
94.416778,25.790368,1466.301,26.033,347.049,576.88,10,0.13,22.383,0.001,1076.533,3.146,0
94.814474,25.92373,1133.301,24.846,265.101,850.236,10,0.129,14.512,0.001,1096.035,2.057,0
94.609247,26.292363,921.803,30.548,329.026,446.466,10,0.123,21.858,0.001,1120.19,3.007,0
94.503314,25.621748,860.338,29.458,78.951,206.822,30,0.13,17.807,0.05,941.122,109.286,0
95.004232,26.420215,1566.934,26.106,324.061,850.236,10,0.128,20.334,0.001,1309.479,3.407,0
94.108859,25.850418,1016.696,14.66,194.906,87.747,40,0.123,8.83,0.15,966.959,157.465,0
94.400906,26.358764,419.855,1.916,295.262,82.729,40,0.126,0.31,0.15,1141.85,6.671,0
93.777184,25.905791,146.079,2.552,230.597,175.494,10,0.128,0.858,0.001,866.596,0.095,0
94.446053,26.052232,878.314,13.029,338.25,695.241,10,0.124,4.895,0.001,1104.289,0.669,0
94.673721,26.221344,1750.361,20.924,345.914,732.978,10,0.128,6.747,0.001,1216.623,1.056,0
94.690643,25.683456,587.539,34.959,196.386,116.996,10,0.127,31.336,0.001,896.729,3.57,0
95.025507,26.126889,1876.087,20.676,340.398,879.904,10,0.127,6.648,0.001,1281.809,1.08,0
94.436907,25.604845,1193.639,28.098,119.645,642.147,30,0.131,16.833,0.001,958.946,2.108,0
94.558998,25.823855,1994.329,26.511,320.529,251.609,10,0.123,11.898,0.001,1079.868,1.581,0
94.069652,26.172248,511.076,15.29,96.88,675.265,10,0.12,8.66,0.001,861.422,0.889,0
94.602547,26.047151,1494.364,29.349,34.292,554.961,10,0.127,13.436,0.001,1138.681,1.95,0
94.476291,25.772772,1106.745,10.24,140.388,808.987,10,0.128,2.725,0.001,1043.271,0.365,0
94.62555,26.056565,1813.112,27.45,332.67,657.289,10,0.128,17.898,0.001,1146.345,2.621,0
94.297312,25.57305,2079.189,18.821,292.341,704.409,30,0.0,5.912,0.05,1120.019,4.418,0
93.865507,25.813871,525.993,27.471,159.531,249.903,10,0.122,9.411,0.001,1005.12,1.148,0
93.913766,25.617045,1621.009,13.101,144.374,29.249,10,0.125,5.798,0.001,1217.736,0.876,0
94.691239,26.268258,1274.61,23.659,127.113,58.498,30,0.127,19.923,0.001,1176.437,2.975,0
93.76764,25.856372,170.759,1.741,87.692,293.949,50,0.131,0.274,0.01,865.304,0.317,0
93.532584,25.680553,197.707,8.373,172.469,82.729,10,0.126,2.774,0.001,766.733,0.267,0
95.032647,26.035445,1157.928,34.08,155.859,269.662,10,0.122,15.991,0.05,1375.447,134.949,0
93.824609,25.76711,291.625,15.318,206.645,289.55,10,0.124,7.076,0.001,956.541,0.842,0
94.481567,26.618734,227.953,23.511,358.82,305.368,10,0.125,13.565,0.001,1326.07,2.26,0
94.856616,26.004468,992.721,20.855,119.79,298.282,10,0.129,12.792,0.001,1233.367,2.027,0
93.736647,25.913692,146.822,1.008,310.885,146.245,50,0.0,0.135,0.01,941.007,0.0,0
94.933634,26.358801,1379.173,22.074,66.963,527.294,50,0.126,12.553,0.01,1264.839,20.113,0
94.686489,25.599473,1146.907,31.208,28.3,415.706,10,0.129,10.946,0.001,1050.875,1.48,0
94.231616,26.065426,1107.516,10.11,43.714,29.249,10,0.127,3.536,0.001,1093.69,0.491,0
93.713309,25.908776,154.951,1.693,99.663,380.237,50,0.0,0.41,0.01,966.511,0.0,0
94.900812,25.757485,1800.965,37.53,145.103,539.325,30,0.129,17.825,0.05,1181.675,136.333,0
95.173695,26.698451,647.049,19.121,22.196,381.36,10,0.122,15.302,0.001,1259.57,2.35,0
93.633932,25.678001,300.627,5.78,45.496,321.739,10,0.123,3.302,0.001,855.702,0.347,0
94.947505,26.188453,2166.285,15.327,295.774,688.44,10,0.124,7.081,0.001,1282.913,1.124,0
94.168067,25.578049,1345.137,14.166,41.83,366.489,10,0.128,5.447,0.001,1160.718,0.808,0
94.247206,26.227643,261.36,21.541,111.825,29.249,10,0.121,6.995,0.001,982.375,0.832,0
94.208516,26.419153,294.247,2.736,2.628,87.747,10,0.121,0.493,0.001,953.353,0.057,0
93.865715,25.745753,366.594,16.791,181.595,116.996,30,0.12,12.996,0.05,991.499,77.317,0
94.552803,26.585054,675.151,17.004,37.734,372.279,10,0.119,6.866,0.001,1254.43,1.026,0
94.731558,25.808012,952.52,22.072,262.21,438.735,10,0.129,18.291,0.001,873.081,2.057,0
95.127366,26.620647,1192.131,29.588,319.401,619.775,10,0.125,13.566,0.001,1287.52,2.189,0
94.290562,25.506994,2076.481,15.809,112.706,827.286,10,0.125,12.042,0.001,1020.706,1.538,0
94.532975,26.268332,848.113,16.086,107.638,476.139,10,0.124,4.851,0.001,1170.014,0.706,0
94.199692,26.443661,196.551,23.199,16.927,206.822,10,0.122,15.695,0.001,977.136,1.878,0
94.702631,25.69027,619.983,36.419,334.736,187.285,10,0.126,17.238,0.001,875.588,1.91,0
94.800687,26.580994,1005.441,20.254,188.272,520.763,10,0.124,10.055,0.001,1267.36,1.585,0
94.815701,26.560288,823.143,17.818,94.991,806.869,10,0.125,14.005,0.001,1257.65,2.206,0
94.657186,25.603478,721.733,36.584,57.839,41.364,10,0.131,26.887,0.001,978.703,3.454,0
93.806545,25.670726,447.784,3.228,35.362,130.805,10,0.117,1.472,0.001,1000.132,0.172,0
93.73747,25.825676,166.38,6.693,355.799,146.245,10,0.128,1.574,0.001,918.748,0.185,0
94.919776,25.904827,1447.712,30.491,87.064,731.225,10,0.128,14.054,0.001,1440.063,2.593,0
94.286313,25.829479,858.628,32.255,178.585,235.813,10,0.123,21.653,0.001,1002.391,2.66,0
94.683471,25.887159,1179.813,22.56,130.65,248.186,10,0.128,9.772,0.001,1106.553,1.388,0
94.033306,25.72547,973.709,17.399,7.506,206.822,10,0.122,7.068,0.001,1663.427,1.435,0
94.013906,25.773165,947.289,30.04,14.539,707.439,10,0.123,18.223,0.001,1434.185,3.223,0
93.55519,25.322702,1252.896,9.561,228.044,733.561,10,0.124,2.494,0.01,837.682,2.582,0
94.262445,26.078757,1381.892,17.11,272.68,222.754,10,0.213,13.308,0.001,1042.355,2.757,0
94.623103,25.991089,1713.882,23.354,63.501,29.249,10,0.126,19.41,0.001,1094.625,2.676,0
93.664758,25.780455,178.021,0.534,298.837,116.996,10,0.124,0.059,0.001,953.078,0.007,0
93.745352,25.824593,164.175,2.12,224.295,105.459,10,0.127,0.354,0.15,902.511,6.103,0
95.034914,26.067863,1842.103,32.143,233.501,293.949,10,0.127,23.197,0.001,1366.607,4.025,0
94.691357,25.791961,923.993,33.717,57.249,342.351,10,0.131,11.971,0.001,938.354,1.471,0
94.632998,25.967607,1193.802,17.136,338.003,41.364,10,0.128,5.255,0.05,1087.229,36.407,0
94.952839,26.39457,1025.969,20.184,243.951,760.474,10,0.126,11.233,0.001,1259.266,1.786,0
95.163471,26.985545,178.625,18.163,237.336,87.747,10,0.123,7.46,0.001,1259.57,1.156,0
94.399829,25.755718,1130.768,25.923,11.659,170.549,30,0.132,21.134,0.05,1068.23,148.802,0
94.84438,26.659426,1261.82,19.031,214.054,510.812,10,0.122,10.438,0.001,1257.65,1.598,0
94.798421,25.960354,1709.107,24.973,256.75,499.807,10,0.129,11.067,0.001,1151.461,1.644,0
94.82298,26.619486,418.432,33.326,38.907,321.739,10,0.126,27.136,0.001,1257.65,4.315,0
93.785041,25.890196,141.239,1.428,223.749,210.917,40,0.129,0.537,0.15,854.39,8.862,0
94.088665,25.832394,1019.569,26.907,323.191,704.409,10,0.123,19.992,0.001,1004.483,2.483,0
94.671164,26.537847,541.239,18.931,267.892,41.364,10,0.122,10.369,0.001,1238.24,1.575,0
93.535866,25.690744,186.858,0.971,119.519,0.0,10,0.125,0.325,0.001,753.715,0.031,0
94.819046,26.58976,975.156,30.385,182.391,631.399,10,0.125,21.722,0.001,1257.65,3.383,0
95.013716,26.175129,922.123,22.087,130.448,353.417,10,0.127,12.562,0.001,1223.504,1.947,0
94.609568,26.269333,1450.547,11.67,263.978,791.886,10,0.125,3.222,0.001,1115.414,0.448,0
93.727259,25.430655,1297.49,18.209,82.133,602.983,10,0.127,5.672,0.001,845.722,0.611,0
93.714667,25.510177,1330.611,8.446,156.543,602.983,10,0.123,2.126,0.001,1027.576,0.27,0
94.893344,26.592881,296.231,14.881,312.206,206.822,10,0.126,11.152,0.001,1194.13,1.677,0
93.79096,25.642643,651.983,26.062,269.253,421.835,10,0.119,11.655,0.001,1030.897,1.424,0
95.071216,26.33868,1703.934,26.089,211.517,249.903,30,0.127,15.398,0.05,1231.963,119.977,0
93.779686,25.912994,148.176,4.674,222.387,647.454,10,0.129,1.304,0.001,865.769,0.145,0
93.783102,25.921389,142.334,0.583,155.82,29.249,40,0.129,0.066,0.15,863.854,1.106,0
94.656031,26.609935,719.393,18.443,162.771,617.008,10,0.123,14.625,0.001,1238.24,2.223,0
94.556626,25.779095,1374.429,38.851,199.038,41.364,10,0.128,18.517,0.001,1015.527,2.411,0
94.504314,26.617476,587.272,7.462,166.723,591.524,10,0.123,4.596,0.001,1326.07,0.751,0
94.021198,25.825092,1022.967,12.84,88.369,708.043,10,0.123,5.651,0.001,1138.171,0.789,0
94.747259,26.616948,827.396,21.024,173.368,617.008,10,0.123,11.818,0.001,1267.36,1.842,0
94.653112,26.030423,1850.969,14.747,132.509,29.249,10,0.128,5.733,0.001,1117.308,0.818,0
94.79859,25.596473,1031.052,9.565,339.353,65.403,10,0.127,2.495,0.001,1130.127,0.357,0
94.691545,26.038991,1577.458,20.816,318.255,235.813,10,0.129,13.728,0.001,1156.281,2.038,0
95.091781,26.519064,1604.729,28.135,186.744,263.241,10,0.126,18.435,0.001,1287.52,2.991,0
93.663239,25.822086,152.915,1.512,327.73,157.511,40,0.126,0.301,0.15,1018.082,5.803,0
94.549379,26.272715,794.38,20.168,2.968,157.511,10,0.121,6.445,0.001,1161.685,0.905,0
93.704535,25.902827,158.468,2.447,353.199,269.662,10,0.129,0.743,0.001,968.435,0.117,0
94.940281,26.512193,1322.151,40.93,232.283,791.886,10,0.126,19.593,0.001,1194.13,2.935,0
94.995089,26.28744,1899.043,28.402,120.732,105.459,10,0.124,12.923,0.001,1257.846,2.023,0
94.213929,25.947699,1195.923,25.406,123.346,476.139,50,0.126,11.301,0.001,1048.062,1.488,0
93.785209,25.92662,141.679,0.485,349.626,187.285,40,0.128,0.052,0.15,862.854,0.866,0
93.700228,25.890741,189.558,6.9,246.578,561.855,30,0.126,2.54,0.05,978.532,15.707,0
94.636139,26.176171,1597.489,29.111,188.254,353.417,10,0.126,23.169,0.001,1293.116,3.775,0
94.770275,26.582201,935.979,15.774,37.255,462.467,10,0.125,7.344,0.001,1267.36,1.164,0
94.025958,25.681968,1293.455,22.095,236.362,146.245,10,0.126,7.218,0.001,1598.201,1.448,0
94.449499,26.482418,1132.806,50.002,355.859,952.278,10,0.122,31.683,0.001,1326.07,5.096,0
94.966593,26.742663,882.563,15.127,166.846,812.68,40,0.122,11.387,0.05,1194.13,82.766,0
94.726135,26.0134,2036.231,32.2,253.526,551.869,10,0.125,23.245,0.001,1194.448,3.471,0
94.704303,25.754878,751.185,15.099,20.653,409.486,10,0.127,11.36,0.05,826.611,59.645,0
94.98649,26.520537,1759.571,22.14,141.006,787.553,10,0.123,15.76,0.001,1340.05,2.614,0
94.635235,26.695616,132.975,21.339,229.711,29.249,10,0.127,9.123,0.001,1238.24,1.433,0
94.686739,25.862926,1524.456,20.311,32.196,518.293,10,0.129,10.09,0.001,1111.315,1.45,0
93.875624,25.759403,448.272,3.573,351.747,390.23,10,0.119,1.77,0.001,1003.659,0.216,0
94.769335,25.958372,1464.542,22.377,206.994,175.494,30,0.128,18.604,0.05,1146.937,137.27,0
94.136739,26.043028,380.944,16.821,332.181,558.801,10,0.126,9.771,0.001,1081.01,1.328,0
94.364248,26.238497,543.142,10.872,172.367,87.747,10,0.125,5.123,0.001,1151.928,0.737,0
94.966913,26.583323,766.085,16.19,282.558,724.171,10,0.124,12.41,0.001,1194.13,1.836,0
94.116248,25.613873,1587.168,25.898,109.742,580.576,50,0.125,11.566,0.01,1887.731,27.336,0
95.002421,26.393015,874.985,17.202,310.755,288.069,10,0.122,9.193,0.001,1265.349,1.424,0
94.646355,26.468536,1068.038,24.119,120.273,860.239,10,0.124,10.607,0.001,1238.24,1.625,0
94.82434,26.116744,1283.331,31.63,303.677,157.511,10,0.123,27.929,0.001,1287.678,4.404,0
93.671512,25.564975,644.028,11.924,344.447,431.856,10,0.123,5.141,0.001,1059.492,0.668,0
95.030693,26.729664,655.882,6.205,15.342,397.829,50,0.121,1.427,0.01,1340.05,2.31,0
94.412959,26.150572,824.497,4.333,150.467,831.413,50,0.128,0.896,0.01,1123.689,1.283,0
94.971805,25.81566,1731.311,24.821,340.823,58.498,10,0.127,8.325,0.001,1719.259,1.815,0
94.76913,26.529347,925.374,30.739,337.181,130.805,10,0.125,24.705,0.001,1267.36,3.891,0
94.584299,25.568293,1245.541,19.668,254.113,369.974,10,0.132,15.851,0.001,887.923,1.844,0
94.54651,26.449593,729.068,14.175,130.924,738.211,50,0.124,8.46,0.001,1094.754,1.15,0
94.768126,25.641493,2040.827,27.933,78.311,675.265,10,0.129,24.361,0.001,1222.891,3.861,0
93.83608,25.850134,170.942,3.343,318.221,146.245,30,0.126,0.844,0.05,931.551,4.956,0
93.969805,25.658683,2321.508,57.636,349.734,602.983,10,0.124,39.33,0.001,1377.238,6.724,0
93.709067,25.506099,1294.915,22.32,313.39,641.48,10,0.124,9.644,0.001,1023.403,1.228,0
95.028757,26.439612,1638.747,17.655,216.776,707.439,10,0.129,7.199,0.001,1323.221,1.224,0
94.361567,25.549345,1604.362,38.972,109.565,165.457,10,0.126,21.852,0.001,979.556,2.703,0
94.514108,26.325367,1237.317,14.014,338.944,617.008,50,0.0,4.072,0.01,1212.841,0.0,0
93.832946,25.671944,424.509,3.105,330.46,116.996,40,0.118,1.19,0.15,1060.084,22.25,0
93.738941,25.864443,157.564,2.276,82.735,614.925,30,0.13,0.512,0.45,924.565,27.681,0
94.841455,25.637958,980.765,38.118,84.061,625.272,10,0.128,34.873,0.001,878.103,3.9,0
95.091231,26.234862,1586.995,24.857,291.923,537.736,10,0.129,19.16,0.001,1331.378,3.277,0
93.670206,25.651439,338.72,4.156,261.475,58.498,10,0.124,0.848,0.001,887.907,0.093,0
93.688856,25.903993,163.091,2.992,16.903,65.403,50,0.207,0.554,0.001,960.518,0.123,0
93.666906,25.560435,613.439,12.882,43.934,523.222,50,0.122,3.657,0.001,1063.426,0.476,0
94.940848,25.992965,1773.653,39.665,352.596,582.782,10,0.127,22.276,0.001,1303.063,3.673,0
95.019563,26.310599,1873.941,38.553,90.869,249.903,10,0.125,26.491,0.001,1213.332,4.019,0
94.329102,25.792644,854.581,16.328,43.108,170.549,10,0.125,4.944,0.001,1043.029,0.643,0
94.611065,26.605705,173.805,19.937,313.856,65.403,10,0.126,13.01,0.001,1254.43,2.06,0
94.730363,26.616551,538.855,7.826,221.595,561.855,10,0.125,1.926,0.001,1267.36,0.305,0
94.920096,25.814369,1792.913,21.755,303.911,357.029,10,0.128,9.343,0.001,1631.082,1.954,0
94.722282,25.991998,1554.861,32.071,251.073,352.204,10,0.13,11.299,0.001,1178.362,1.726,0
95.006942,26.599194,575.316,27.011,341.871,654.027,10,0.126,12.169,0.001,1340.05,2.053,0
94.735456,25.77572,666.632,26.941,130.734,41.364,10,0.125,20.022,0.001,818.093,2.063,0
94.639879,25.778833,2092.11,40.544,106.202,241.193,10,0.124,37.297,0.001,992.132,4.596,0
94.497501,25.725289,943.922,26.301,211.316,146.245,10,0.127,15.549,0.001,963.385,1.91,0
94.551848,26.330334,1310.512,18.211,181.911,673.362,10,0.122,9.877,0.001,1270.881,0.877,0
95.07916,26.250651,1039.196,28.196,104.792,157.511,30,0.125,9.709,0.05,1307.838,79.502,0
94.043784,25.895737,997.212,19.662,329.224,275.934,10,0.121,15.845,0.001,1087.19,2.089,0
94.346245,25.922835,558.373,29.968,90.009,92.493,10,0.125,18.171,0.001,1075.084,2.438,0
94.586772,26.244352,859.919,30.888,278.259,130.805,10,0.125,27.441,0.001,1179.349,4.03,0
94.564806,26.035669,1293.302,10.994,116.373,418.782,10,0.128,2.985,0.001,1133.251,0.432,0
94.502498,26.093154,1528.904,26.404,271.45,361.79,10,0.127,11.84,0.001,1140.119,1.715,0
94.962183,26.848513,621.316,24.33,94.902,798.878,10,0.122,14.146,0.001,1194.13,2.067,0
94.627437,25.94701,1390.364,31.191,202.795,471.626,10,0.129,16.975,0.001,1084.787,2.372,0
94.107182,25.689955,1444.666,17.331,242.69,146.245,50,0.127,10.147,0.01,1537.819,19.879,0
94.694016,26.497743,300.341,5.764,50.046,0.0,10,0.123,3.291,0.001,1238.24,0.501,0
94.187051,25.990083,1150.335,17.281,307.851,177.915,10,0.124,13.476,0.001,1120.811,1.866,0
93.744999,25.851783,172.453,8.615,237.064,289.55,10,0.129,4.151,0.001,909.255,0.489,0
94.10337,25.860759,1297.069,31.398,229.281,682.198,10,0.123,17.107,0.001,1002.755,2.105,0
94.71578,26.631649,377.712,10.802,212.839,120.597,10,0.128,7.405,0.001,1267.36,1.201,0
94.336909,25.624425,1855.387,44.557,86.883,251.609,30,0.127,25.19,0.05,1122.817,179.524,0
93.663561,25.465708,1343.744,19.496,171.971,484.157,10,0.128,11.762,0.001,971.156,1.458,0
93.883397,25.770932,490.873,19.74,7.583,476.139,10,0.122,15.924,0.001,1013.69,1.979,0
94.949956,26.001922,1517.582,26.531,70.5,264.861,10,0.129,22.901,0.001,1295.939,3.834,0
94.290296,25.571079,1997.117,12.694,227.346,316.376,30,0.124,3.589,0.01,1129.795,5.04,0
94.893467,26.439892,530.78,17.703,136.481,380.237,10,0.124,8.495,0.001,1239.903,1.307,0
95.121159,26.274833,1514.342,17.482,301.489,941.89,40,0.128,11.736,0.15,1377.525,311.347,0
95.058503,26.423011,1575.102,25.157,257.796,29.249,10,0.126,21.473,0.001,1278.296,3.459,0
94.53827,26.035322,1835.827,20.204,152.104,666.98,10,0.125,8.524,0.001,1140.943,1.218,0
94.763994,25.97083,1931.537,25.136,116.828,798.878,10,0.125,21.451,0.001,1174.942,3.149,0
94.601815,25.609205,1141.188,20.903,344.068,438.735,10,0.132,6.739,0.001,894.075,0.792,0
94.529942,26.252759,673.916,27.969,46.227,65.403,10,0.125,24.4,0.001,1166.738,3.538,0
93.752658,25.865727,161.287,3.232,261.57,462.467,10,0.13,1.166,0.001,897.608,0.136,0
94.841313,25.800421,1209.11,28.236,176.094,288.069,10,0.13,24.678,0.05,1195.886,191.09,0
94.255073,26.000551,1191.766,14.039,305.721,842.147,10,0.125,5.385,0.001,1132.09,0.764,0
94.199294,25.521227,1468.084,19.209,235.823,1200.635,10,0.13,6.065,0.001,1134.481,0.893,0
94.389399,26.422325,967.533,11.258,16.921,761.036,50,0.122,3.077,0.01,1153.209,4.342,0
93.761905,25.943472,140.316,1.265,247.01,361.79,30,0.129,0.181,0.05,897.452,1.049,0
94.498693,26.180191,1201.17,15.973,178.621,795.659,10,0.125,4.808,0.01,1194.717,7.189,0
94.525543,26.014228,1816.067,12.091,323.17,695.241,50,0.17,3.372,0.01,1132.759,6.202,0
94.749294,26.179958,1757.414,29.842,118.263,82.729,10,0.126,10.385,0.001,1390.022,1.809,0
94.395906,26.47778,262.04,2.55,49.844,184.987,10,0.123,0.45,0.001,1182.87,0.066,0
94.60071,26.536063,442.294,24.599,271.135,527.294,10,0.124,10.865,0.001,1254.43,1.688,0
93.953082,25.797021,1103.811,23.944,83.727,574.651,10,0.121,10.513,0.001,1246.339,1.586,0
94.216532,25.881261,1407.582,33.173,202.262,554.961,10,0.124,29.813,0.001,946.861,3.513,0
94.680502,25.736162,1292.186,21.915,249.846,632.752,10,0.13,7.145,0.001,830.733,0.773,0
94.086404,26.288665,140.691,8.053,319.437,289.55,40,0.123,4.093,0.15,944.108,71.583,0
94.606164,25.775342,1236.574,24.451,266.51,187.285,10,0.13,12.685,0.001,996.722,1.638,0
93.704371,25.790442,179.562,2.447,282.142,353.417,10,0.127,0.427,0.001,937.62,0.051,0
94.441005,25.633485,1530.829,42.873,61.695,418.782,10,0.13,20.58,0.001,970.246,2.591,0
94.926546,26.530353,1149.767,38.566,318.785,638.808,10,0.126,18.368,0.001,1194.13,2.759,0
94.687201,25.72069,1044.152,21.852,156.179,341.099,10,0.128,14.579,0.001,834.455,1.554,0
94.953598,26.494568,1345.004,18.791,130.372,539.325,10,0.126,10.273,0.001,1194.13,1.549,0
94.685364,25.788247,1009.169,33.461,164.464,187.285,10,0.131,11.867,0.001,943.767,1.472,0
94.390527,26.331283,652.677,21.085,226.907,591.524,10,0.125,11.86,0.001,1164.464,1.719,0
94.597549,26.553677,472.273,14.83,251.483,406.34,10,0.125,4.376,0.001,1254.43,0.687,0
95.180316,26.775976,980.713,22.077,268.249,146.245,10,0.122,12.554,0.001,1259.57,1.927,0
94.82939,26.843794,138.016,3.069,198.821,0.0,10,0.122,1.453,0.001,1257.65,0.224,0
94.860089,26.595217,655.152,5.122,92.58,761.036,50,0.126,1.113,0.01,1257.65,1.767,0
93.765795,25.904542,146.893,0.438,280.503,381.36,50,0.13,0.046,0.01,879.724,0.052,0
94.030091,25.727925,951.161,25.289,54.834,228.442,10,0.123,13.216,0.001,1678.167,2.717,0
93.610793,25.271452,1060.413,11.613,262.19,82.729,10,0.123,4.969,0.001,741.897,0.454,0
94.283993,26.040614,1018.098,10.066,187.104,116.996,10,0.128,2.665,0.001,1059.912,0.361,0
94.632543,25.902783,1974.792,10.004,294.224,421.835,10,0.124,6.709,0.001,1078.78,0.899,0
93.756196,25.844202,204.051,4.84,355.438,707.439,10,0.125,1.364,0.001,885.067,0.151,0
95.042513,26.93306,133.184,15.536,346.816,392.416,10,0.121,10.11,0.001,1340.05,1.64,0
94.47324,25.849396,1691.306,32.368,114.921,315.021,10,0.125,28.979,0.001,1100.93,4.008,0
94.960427,26.415922,745.559,28.474,113.163,82.729,10,0.127,12.961,0.001,1256.1,2.066,0
93.596761,25.209395,524.955,18.54,264.803,994.896,10,0.127,7.655,0.001,770.763,0.747,0
94.827019,25.791047,1169.278,25.126,167.934,415.706,10,0.13,11.15,0.001,1138.201,1.647,0
94.298787,25.567126,2115.145,18.767,319.06,723.58,30,0.124,7.773,0.05,1103.832,53.316,0
94.870943,26.645192,988.367,8.192,3.572,588.625,10,0.125,2.043,0.001,1257.65,0.32,0
94.801726,25.833844,661.337,22.805,114.852,497.233,10,0.128,19.044,0.001,1063.182,2.594,0
94.756872,26.168936,1711.879,36.587,140.696,476.139,10,0.127,31.624,0.001,1387.873,5.56,0
94.079767,25.75104,1224.621,20.182,342.258,333.49,10,0.125,16.369,0.001,1381.294,2.836,0
94.762838,25.996335,1165.311,31.391,246.835,82.729,10,0.128,11.021,0.001,1232.461,1.732,0
95.021345,26.192429,1224.359,20.289,209.216,130.805,10,0.129,6.493,0.001,1223.751,1.022,0
94.816847,25.883352,620.771,11.309,312.297,175.494,10,0.129,3.095,0.001,1123.449,0.449,0
95.004042,26.385941,1200.695,31.414,283.902,510.812,10,0.125,19.204,0.001,1252.13,3.025,0
94.926679,26.512148,1165.962,15.95,256.906,484.157,40,0.128,12.178,0.001,1194.13,1.856,0
94.991543,26.671956,891.543,11.239,352.926,380.237,10,0.123,4.052,0.001,1340.05,0.667,0
93.901148,25.80527,390.173,21.568,36.696,305.368,10,0.124,9.244,0.001,1037.786,1.191,0
94.425339,25.958316,1223.034,16.161,88.188,644.142,10,0.125,8.496,0.001,1099.289,1.169,0
94.650969,26.287912,1034.689,25.994,77.872,731.225,10,0.125,8.805,0.001,1102.21,1.208,0
93.455163,25.436712,463.693,22.003,219.664,484.157,30,0.121,18.221,0.05,959.702,106.31,0
93.71955,25.706978,300.368,12.289,162.603,82.729,10,0.127,3.443,0.001,893.98,0.388,0
94.20022,26.104478,548.457,20.593,6.897,41.364,10,0.127,6.615,0.001,1049.724,0.882,0
94.568445,25.596146,741.887,26.213,313.429,992.744,10,0.128,19.372,0.001,862.476,2.138,0
94.994132,26.460498,1705.522,18.882,106.465,884.268,10,0.125,9.212,0.01,1340.05,15.444,0
94.014659,26.012185,709.334,19.298,46.13,628.003,10,0.123,9.466,0.001,886.949,1.036,0
94.396445,26.093394,653.016,25.963,18.456,772.195,10,0.125,11.601,0.001,1002.155,1.45,0
94.528533,26.127787,1439.319,25.597,103.119,65.403,10,0.128,15.047,0.001,1214.69,2.32,0
94.324035,25.779724,1115.175,25.945,322.222,610.737,10,0.124,11.592,0.001,1038.671,1.505,0
93.716512,25.577487,740.936,7.894,334.764,384.71,10,0.125,4.943,0.001,1062.151,0.655,0
94.177814,26.055396,610.645,22.485,202.157,582.782,10,0.126,12.841,0.001,1120.481,1.817,0
94.421711,25.839701,1596.711,25.574,32.196,327.014,10,0.125,16.434,0.001,1085.305,2.227,0
94.120535,25.905407,1363.928,27.253,151.356,1024.132,10,0.122,16.229,0.001,1019.579,2.017,0
94.220792,25.918647,1171.912,8.688,40.642,425.872,10,0.123,4.197,0.001,1004.479,0.586,0
94.829789,26.654174,906.854,14.625,160.741,292.49,10,0.123,9.877,0.001,1257.65,1.533,0
94.043464,25.718581,916.053,5.559,72.634,187.285,40,0.124,3.14,0.05,1641.036,31.842,0
93.646738,25.639504,329.975,0.943,35.5,292.49,10,0.123,0.215,0.001,867.152,0.023,0
94.390841,26.338575,570.932,26.814,1.717,269.662,10,0.125,15.916,0.001,1156.59,2.305,0
93.736357,25.865816,163.438,1.373,38.462,620.465,10,0.13,0.201,0.001,930.197,0.024,0
93.831371,25.808379,504.328,10.122,206.009,157.511,10,0.123,2.684,0.001,962.481,0.316,0
93.877007,25.763346,424.303,11.929,189.191,58.498,10,0.119,4.373,0.001,1005.901,0.524,0
94.84672,26.452676,793.579,26.523,314.749,41.364,30,0.126,22.893,0.001,1257.65,3.618,0
94.908756,25.710094,1437.325,23.339,108.128,617.008,10,0.126,19.593,0.001,1044.899,2.576,0
93.650742,25.668514,319.848,1.494,24.355,380.237,10,0.124,0.225,0.001,870.659,0.024,0
94.854474,26.292139,853.812,19.268,198.075,146.245,10,0.122,6.088,0.001,1393.205,1.039,0
93.597499,25.72609,200.842,1.389,203.533,41.364,10,0.125,0.204,0.15,738.366,2.832,0
93.808625,25.550846,1177.04,15.815,247.697,582.782,30,0.126,12.047,0.05,1073.547,82.414,0
94.613121,26.284521,1183.802,40.467,274.538,406.34,10,0.125,27.923,0.001,1116.995,3.905,0
94.845206,26.734262,392.257,19.271,140.786,288.069,10,0.124,9.45,0.001,1257.65,1.471,0
94.711643,26.134284,2147.189,27.466,16.016,418.782,10,0.124,12.415,0.001,1284.412,1.972,0
94.470286,25.765222,960.781,29.819,274.72,187.285,10,0.13,19.752,0.001,1038.971,2.653,0
94.50293,25.620356,869.977,28.992,201.937,65.403,30,0.13,10.036,0.05,941.493,61.54,0
93.547698,25.695955,181.413,0.63,232.833,65.403,40,0.126,0.186,0.15,749.49,2.612,0
94.030854,25.944767,593.176,29.958,80.334,269.662,10,0.123,10.433,0.001,1013.044,1.299,0
94.751665,26.669071,711.331,32.1,280.826,228.442,10,0.123,19.693,0.001,1267.36,3.063,0
94.318364,26.243581,633.941,24.679,208.114,561.855,30,0.122,18.993,0.05,1094.4,126.952,0
95.019256,26.200424,1501.168,0.901,192.59,803.15,30,0.0,0.181,0.05,1224.704,0.245,0
93.710038,25.912453,153.955,0.89,32.662,574.651,50,0.0,0.151,0.01,961.457,0.0,0
94.544895,25.975015,1223.938,34.943,239.476,228.442,10,0.127,25.532,0.001,1113.633,3.613,0
94.81614,26.239613,1532.818,12.993,133.394,654.027,10,0.282,4.878,0.01,1403.374,12.384,0
94.763313,26.594547,1093.883,9.917,240.921,672.727,10,0.124,2.614,0.001,1267.36,0.41,0
94.465477,25.709505,1435.836,20.767,148.82,476.139,50,0.132,8.82,0.01,971.832,9.4,0
94.818275,26.824066,181.825,19.95,339.147,170.549,10,0.126,11.071,0.001,1257.65,1.749,0
94.910663,26.395019,446.282,1.546,53.136,0.0,30,0.123,0.596,0.05,1276.148,4.679,0
95.010297,26.060149,1912.284,42.438,232.637,617.008,10,0.127,23.945,0.001,1329.244,4.031,0
94.411653,25.960953,954.198,11.569,55.423,527.294,10,0.125,3.187,0.001,1091.983,0.435,0
94.432194,26.463291,1131.22,19.919,196.923,562.616,10,0.123,6.346,0.001,1182.87,0.923,0
94.106772,25.673049,1409.105,21.602,293.306,527.294,50,0.0,17.812,0.01,1707.11,18.864,0
94.987388,26.453098,1663.586,12.556,185.254,989.723,50,0.125,4.67,0.01,1340.05,7.835,0
93.952791,25.796385,1113.43,17.841,101.909,564.892,10,0.121,5.528,0.001,1249.836,0.835,0
93.756388,25.845339,199.08,0.781,28.64,824.178,20,0.126,0.097,0.014,884.713,0.15,0
94.326277,26.235082,370.664,24.482,197.099,58.498,10,0.123,17.83,0.001,1092.487,2.389,0
94.439033,25.654704,1521.05,26.879,108.12,58.498,10,0.127,9.168,0.001,971.39,1.129,0
93.651275,25.633733,334.861,1.542,272.682,406.34,10,0.12,0.234,0.01,880.355,0.25,0
93.788642,25.690597,492.27,3.051,224.331,366.489,10,0.119,0.75,0.001,952.169,0.085,0
94.920192,25.864469,1411.167,17.4,13.749,228.442,10,0.129,5.357,0.05,1545.056,53.417,0
93.672674,25.650487,326.797,1.443,32.599,58.498,50,0.123,0.215,0.001,890.231,0.024,0
94.69696,26.401647,495.278,16.986,81.953,315.021,10,0.123,6.857,0.001,1180.547,0.994,0
94.777695,26.240339,1714.248,17.786,60.6,675.265,10,0.128,11.276,0.001,1401.183,2.024,0
94.558831,25.777859,1450.514,21.192,281.997,87.747,10,0.126,6.854,0.001,1012.356,0.876,0
94.980478,26.55735,1324.443,34.405,356.111,410.529,10,0.124,31.086,0.001,1194.13,4.591,0
93.953526,25.751782,839.694,18.95,201.098,415.706,10,0.123,15.131,0.001,1567.536,2.927,0
95.099593,26.706009,947.042,15.466,113.09,269.662,30,0.123,4.616,0.05,1287.52,36.48,0
93.77701,25.867901,166.422,0.748,67.048,222.754,50,0.134,0.091,0.01,857.826,0.103,0
95.082599,26.416181,1654.056,27.784,228.139,206.822,10,0.126,12.588,0.001,1252.542,1.991,0
94.652527,25.712006,1121.823,35.063,93.245,731.225,10,0.128,21.794,0.001,839.838,2.35,0
93.724559,25.88804,154.663,1.083,314.422,381.36,50,0.0,0.375,0.001,959.507,0.012,0
93.859595,25.81701,596.089,32.578,65.572,520.763,10,0.121,11.506,0.001,1000.19,1.397,0
94.770497,26.581973,934.763,18.078,38.799,471.626,10,0.125,11.509,0.001,1267.36,1.826,0
94.780767,26.179948,1408.627,23.473,333.28,261.611,10,0.129,7.776,0.001,1377.327,1.377,0
94.715745,26.644219,737.931,17.257,227.202,499.807,50,0.121,6.995,0.001,1267.36,1.084,0
94.403412,25.556634,1440.649,35.982,13.324,380.237,10,0.129,26.391,0.001,938.356,3.187,0
94.202598,25.684383,905.643,13.422,115.035,187.285,30,0.126,9.779,0.05,1244.091,76.602,0
94.811837,25.580663,1571.036,19.461,215.645,690.301,10,0.128,14.163,0.001,1168.575,2.123,0
94.795435,25.855908,766.334,25.705,76.328,288.069,10,0.128,11.462,0.001,1022.822,1.51,0
94.759364,25.699403,1435.659,26.855,38.091,366.489,10,0.128,14.212,0.001,934.388,1.705,0
94.295865,25.74579,950.624,16.374,255.919,484.157,10,0.124,4.961,0.05,1011.497,31.271,0
94.919475,26.428679,679.055,28.691,83.732,352.204,10,0.124,13.079,0.001,1237.039,2.017,0
94.797636,25.970648,1795.136,19.476,253.81,736.471,30,0.127,15.658,0.05,1174.595,115.945,0
94.819399,26.255256,1349.398,5.26,112.912,657.289,10,0.129,1.152,0.001,1403.571,0.204,0
93.967408,25.777478,794.078,17.04,159.005,0.0,10,0.12,13.24,0.001,1395.658,2.231,0
93.756438,25.855519,181.128,2.223,325.187,241.193,50,0.128,0.82,0.01,886.983,0.931,0
95.013497,25.839494,2110.14,28.677,271.64,146.245,30,0.125,17.248,0.05,1699.492,183.555,0
93.546064,25.334652,1247.045,14.799,178.428,446.466,30,0.126,5.759,0.05,850.179,30.819,0
93.710109,25.901422,153.171,2.671,36.291,222.754,10,0.162,1.213,0.01,972.419,2.05,0
94.425109,25.864583,1907.908,17.541,232.253,852.747,10,0.126,7.14,0.001,1091.371,0.983,0
94.762065,25.970277,2001.267,24.847,93.269,842.147,10,0.125,18.154,0.001,1173.814,2.657,0
94.78563,25.888035,1162.452,5.009,277.942,496.372,50,0.259,1.081,0.01,989.426,2.738,0
94.914227,25.863061,1320.192,21.928,231.733,551.869,30,0.129,18.144,0.05,1519.215,177.736,0
94.934244,26.707014,643.189,13.853,41.181,366.489,30,0.122,4.012,0.05,1194.13,29.455,0
93.716006,25.877218,177.267,5.203,209.181,210.917,50,0.127,1.136,0.01,974.242,1.412,0
95.018591,26.716883,714.14,2.396,54.75,210.917,50,0.178,0.415,0.01,1340.05,0.648,0
94.87394,25.710509,1099.904,17.448,275.316,888.13,30,0.127,13.64,0.05,896.5,78.029,0
94.120047,25.672816,1501.575,16.282,112.422,649.433,10,0.385,4.926,0.001,1793.458,2.173,0
93.586847,25.757877,175.27,1.762,316.919,342.351,40,0.128,0.278,0.15,779.893,4.165,0
94.71649,26.113703,1441.612,26.247,145.934,196.208,10,0.127,11.755,0.001,1266.987,1.892,0
93.90046,25.794727,485.028,33.812,309.14,327.014,10,0.121,18.637,0.001,1034.984,2.34,0
94.439876,26.473902,1212.52,24.673,31.252,760.474,10,0.122,8.265,0.001,1182.87,1.194,0
94.729861,25.981206,1354.344,31.762,106.561,249.903,10,0.127,11.172,0.001,1191.12,1.692,0
95.056829,26.936267,117.587,1.86,347.099,130.805,10,0.122,0.299,0.001,1340.05,0.049,0
94.46565,25.716142,1332.452,8.803,26.559,803.15,30,0.224,5.69,0.05,978.681,48.428,0
94.807028,25.8091,1126.559,28.834,328.542,673.362,10,0.133,13.157,0.001,1089.955,1.894,0
94.092609,25.652436,1676.911,25.489,5.097,527.294,10,0.125,13.343,0.001,1823.669,3.027,0
94.813278,25.596037,1456.056,30.624,87.813,719.43,30,0.129,16.614,0.05,1094.46,117.166,0
95.027759,26.436794,1589.079,25.624,256.634,630.043,10,0.129,13.429,0.001,1319.111,2.284,0
93.650212,25.721161,215.151,0.708,341.456,406.34,50,0.125,0.085,0.01,849.053,0.091,0
94.40333,25.576071,1363.648,22.045,279.802,620.465,10,0.129,12.532,0.001,945.849,1.529,0
94.830503,25.853965,1040.597,23.958,120.734,503.219,10,0.128,16.326,0.001,1207.253,2.531,0
94.432087,25.795277,1125.191,19.855,277.326,0.0,10,0.129,16.039,0.001,1081.121,2.251,0
94.522781,26.399619,1092.148,11.264,299.031,366.489,10,0.123,3.079,0.001,1189.36,0.451,0
94.199232,25.913824,1323.734,28.44,315.292,536.94,10,0.125,18.673,0.001,996.775,2.322,0
93.764722,25.815508,175.808,4.454,31.247,29.249,40,0.126,2.355,0.15,858.498,38.032,0
94.599854,25.654885,856.471,33.576,158.008,592.247,10,0.129,30.23,0.001,844.893,3.28,0
94.730034,26.511411,1018.719,22.978,66.331,619.775,10,0.125,7.575,0.001,1267.36,1.2,0
94.727338,25.772619,924.958,26.151,145.805,576.138,10,0.131,19.316,0.001,822.156,2.07,0
94.671554,25.972425,1916.334,17.472,176.137,222.754,10,0.125,5.385,0.001,1090.135,0.737,0
94.885208,26.067981,1521.068,11.352,87.791,546.416,10,0.125,7.892,0.001,1198.159,1.185,0
94.67006,26.370256,547.477,10.376,221.211,146.245,10,0.123,2.771,0.001,1127.225,0.384,0
93.660372,25.739138,206.141,7.371,106.174,212.936,10,0.126,1.783,0.001,877.364,0.196,0
94.597749,25.648098,663.108,27.674,163.443,149.141,30,0.125,18.074,0.001,853.008,1.941,0
94.629728,26.568231,290.838,27.239,301.401,187.285,10,0.124,9.315,0.001,1238.24,1.432,0
93.722136,25.872768,144.366,2.275,127.062,29.249,10,0.127,0.984,0.001,960.783,0.121,0
93.733665,25.558825,1227.816,1.483,48.718,241.193,10,0.125,0.565,0.01,1073.939,0.761,0
94.085364,25.724961,1413.438,16.622,76.397,602.983,10,0.123,8.804,0.001,1454.272,1.569,0
93.73845,25.885933,159.192,0.645,246.825,206.822,50,0.129,0.075,0.01,931.181,0.09,0
95.136618,26.946404,164.282,3.368,287.117,157.511,40,0.124,1.002,0.15,1287.52,23.966,0
94.866523,26.598058,577.327,25.818,114.642,803.15,10,0.126,13.552,0.001,1257.65,2.15,0
94.593702,25.925233,1242.873,27.141,131.69,537.736,10,0.129,16.15,0.001,1090.092,2.262,0
93.718399,25.572253,881.82,9.258,314.82,264.861,10,0.125,5.497,0.001,1066.717,0.733,0
93.676816,25.644722,331.362,1.188,2.028,212.936,40,0.119,0.167,0.15,893.824,2.682,0
94.91776,26.505309,898.27,6.907,229.244,249.903,10,0.124,1.639,0.001,1194.13,0.243,0
94.814938,26.639633,559.205,18.874,150.836,82.729,10,0.124,15.055,0.001,1257.65,2.352,0
94.900525,26.205961,2050.602,27.04,201.2,41.364,10,0.122,23.431,0.001,1318.532,3.751,0
94.588398,26.147829,1782.023,9.692,133.776,704.409,50,0.125,2.538,0.05,1263.813,20.029,0
94.109497,25.652169,1477.2,20.112,356.197,384.71,50,0.0,9.967,0.01,1937.637,0.0,0
95.045473,26.532531,794.45,22.829,58.192,58.498,10,0.123,9.916,0.001,1340.05,1.631,0
94.33852,25.837312,755.577,21.951,98.569,187.285,10,0.124,9.448,0.001,1052.815,1.229,0
94.396725,25.987416,1004.346,10.39,91.314,617.008,50,0.123,3.663,0.01,1085.699,4.882,0
94.651444,26.470881,986.427,12.621,150.363,780.46,50,0.124,3.562,0.01,1238.24,5.488,0
94.511331,25.873278,1070.654,26.8,179.98,29.249,10,0.128,22.0,0.001,1102.371,3.101,0
93.746356,25.849213,188.215,7.56,86.212,497.233,10,0.127,2.431,0.001,906.288,0.28,0
94.574915,25.935332,2048.211,16.299,86.793,717.048,10,0.125,6.508,0.001,1097.373,0.893,0
94.799441,26.503721,1204.738,20.405,188.716,643.478,50,0.123,10.149,0.01,1267.36,15.755,0
94.680438,26.378203,523.211,26.337,238.287,210.917,10,0.123,11.804,0.001,1141.679,1.656,0
94.466647,25.616323,864.293,37.319,133.689,212.936,50,0.126,25.556,0.01,964.845,31.213,0
94.586473,25.609907,1004.835,17.091,164.033,310.921,10,0.132,8.127,0.001,866.505,0.927,0
93.613328,25.722361,198.052,1.734,267.37,29.249,10,0.126,0.273,0.001,774.47,0.027,0
94.465273,25.716945,1340.985,16.356,90.936,784.833,30,0.132,8.626,0.05,979.813,60.84,0
94.850125,26.657195,1218.025,22.434,211.214,366.489,10,0.122,12.806,0.001,1257.65,1.959,0
94.810322,26.335538,1807.789,41.153,72.52,708.043,10,0.126,37.897,0.001,1400.103,6.695,0
94.70822,25.68807,825.033,26.197,341.248,372.279,10,0.128,8.888,0.001,875.087,0.995,0
94.534883,26.018958,1656.421,37.451,101.64,561.855,10,0.129,30.963,0.001,1132.735,4.549,0
93.775548,25.913155,144.07,1.184,291.088,498.092,30,0.129,0.219,0.15,870.222,3.684,0
93.896078,25.684701,646.609,18.161,349.95,146.245,10,0.121,5.653,0.001,1408.867,0.963,0
93.549785,25.290757,1357.173,16.618,134.976,585.711,30,0.126,9.623,0.05,814.626,49.371,0
93.766148,25.878077,159.552,2.544,347.028,327.014,50,0.131,0.449,0.001,873.159,0.053,0
94.589654,25.557444,1557.724,30.672,307.977,659.887,10,0.13,24.642,0.001,901.197,2.894,0
93.5506,25.27132,1236.914,11.7,49.933,321.739,10,0.124,3.233,0.001,825.632,0.331,0
94.770686,25.629292,1895.391,33.178,203.665,787.553,10,0.13,11.751,0.001,1225.002,1.867,0
94.897109,25.795414,1830.62,27.715,36.615,610.737,10,0.129,16.56,0.001,1405.819,3.007,0
94.464808,25.91128,1740.497,38.378,245.554,446.466,10,0.128,35.135,0.001,1111.544,5.05,0
94.235769,25.774567,1033.997,7.908,42.965,517.467,10,0.127,1.953,0.001,918.292,0.227,0
94.600432,25.999491,2064.399,46.77,262.898,518.293,10,0.127,26.457,0.001,1103.095,3.706,0
95.055307,26.052632,1175.509,34.52,102.702,149.141,10,0.126,23.409,0.001,1434.616,4.231,0
94.540073,26.6936,176.779,14.706,228.537,222.754,10,0.127,5.713,0.001,1254.43,0.912,0
94.066483,25.675017,1416.688,13.547,5.148,706.834,50,0.126,5.145,0.01,1496.812,9.679,0
94.756888,26.683989,440.091,18.369,277.816,261.611,10,0.127,7.567,0.001,1267.36,1.218,0
94.418805,25.692625,1771.448,20.503,38.707,175.494,10,0.129,6.579,0.001,1003.109,0.84,0
94.658884,25.534739,1399.582,16.191,38.338,837.564,10,0.131,4.891,0.05,980.796,31.457,0
94.523557,26.393507,1082.021,15.878,331.477,301.137,10,0.122,12.108,0.001,1180.744,1.747,0
94.991674,26.082205,1252.769,30.679,77.748,431.856,10,0.128,24.648,0.001,1261.932,3.977,0
95.07963,26.256473,1134.051,21.331,88.681,384.71,10,0.127,17.535,0.001,1307.986,2.918,0
94.971047,25.988067,1154.967,26.629,48.519,393.505,10,0.126,14.068,0.001,1346.5,2.401,0
95.044905,26.380372,1287.398,28.046,30.133,467.984,10,0.127,16.797,0.001,1215.114,2.59,0
94.845701,25.778709,987.42,31.014,318.174,554.961,10,0.128,16.862,0.05,1065.343,114.548,0
94.657267,25.735455,980.148,23.877,191.06,165.457,10,0.13,16.259,0.001,861.352,1.818,0
95.118584,26.706927,1086.821,14.411,33.14,562.616,50,0.124,6.547,0.01,1287.52,10.458,0
94.779418,26.586912,578.872,13.282,33.844,0.0,10,0.123,9.648,0.001,1267.36,1.505,0
94.325609,25.817849,914.181,20.393,250.635,527.294,10,0.128,10.141,0.001,1046.244,1.356,0
94.434864,25.708858,1705.236,21.656,1.982,913.768,10,0.129,9.291,0.001,1003.332,1.198,0
93.706538,25.818272,168.337,3.167,168.724,165.457,10,0.128,0.596,0.001,978.633,0.074,0
94.022681,25.824164,1006.922,27.82,73.814,758.784,10,0.123,16.635,0.001,1140.236,2.328,0
93.666439,25.646248,338.178,6.401,220.359,410.529,50,0.123,1.485,0.01,884.517,1.695,0
93.695902,25.747266,195.773,3.584,31.05,65.403,30,0.128,0.7,0.05,886.534,3.955,0
93.573242,25.437476,1251.333,17.375,241.911,288.069,10,0.128,13.568,0.001,927.488,1.618,0
94.632332,26.002407,1891.32,26.746,23.587,228.442,10,0.125,17.348,0.001,1096.757,2.382,0
94.52165,26.257785,778.348,12.386,287.324,310.921,10,0.122,3.478,0.001,1176.496,0.501,0
94.442668,25.712032,1369.318,28.629,142.822,261.611,30,0.13,18.821,0.05,998.511,122.483,0
94.204599,25.679608,973.53,16.471,155.349,380.237,50,0.128,4.998,0.05,1245.458,39.91,0
94.865957,26.598444,599.11,3.553,19.277,738.211,10,0.126,0.692,0.001,1257.65,0.11,0
94.059941,25.724791,840.289,18.293,225.068,116.996,10,0.121,7.527,0.001,1571.635,1.433,0
94.797733,26.251094,1544.052,43.141,277.637,724.171,10,0.128,27.332,0.001,1402.33,4.924,0
95.081758,26.076021,2063.441,35.844,169.415,574.651,10,0.125,19.914,0.001,1503.462,3.751,0
94.086358,25.576506,2433.828,39.56,16.609,397.829,10,0.123,27.247,0.001,1469.686,4.926,0
94.373445,25.595175,1160.149,6.257,272.038,0.0,10,0.13,3.659,0.001,982.481,0.466,0
93.665365,25.783464,180.487,6.672,317.251,105.459,10,0.124,1.567,0.001,958.974,0.187,0
93.883109,25.587403,1718.299,33.385,96.574,643.478,10,0.125,24.236,0.001,1148.33,3.488,0
94.772673,26.682086,205.765,8.842,51.819,0.0,10,0.127,5.722,0.001,1267.36,0.917,0
94.487365,25.992932,1662.258,29.761,150.504,819.494,10,0.124,26.267,0.001,1134.3,3.706,0
94.569483,26.034915,1125.993,34.503,149.26,165.457,10,0.128,21.399,0.001,1131.553,3.102,0
94.578969,25.981196,1735.227,37.87,24.738,520.763,10,0.128,13.644,0.001,1105.138,1.935,0
93.544605,25.693036,201.759,2.215,297.872,204.743,10,0.125,0.767,0.001,752.61,0.072,0
93.904992,25.856055,260.434,9.268,2.057,277.48,10,0.123,2.396,0.001,972.811,0.287,0
94.182411,26.011084,1422.782,11.959,7.875,842.147,10,0.121,4.387,0.001,1135.437,0.604,0
93.789612,25.893253,143.979,1.019,150.824,425.872,40,0.129,0.137,0.15,850.356,2.242,0
93.805369,25.686203,440.69,2.67,95.981,92.493,40,0.117,0.478,0.15,972.442,8.171,0
94.966829,26.58317,766.085,16.19,282.558,724.171,10,0.124,12.41,0.001,1194.13,1.836,0
93.495197,25.419519,774.652,6.309,294.59,462.467,10,0.125,1.458,0.001,891.539,0.162,0
93.727925,25.885011,161.999,3.672,120.364,146.245,50,0.127,0.723,0.01,952.332,0.875,0
94.484088,25.737855,736.231,19.199,56.595,82.729,10,0.127,9.406,0.001,985.198,1.17,0
94.979679,26.012817,1384.73,21.889,213.564,222.754,10,0.126,18.104,0.001,1320.982,3.005,0
93.768378,25.949301,140.015,3.315,235.466,355.829,10,0.129,0.982,0.15,886.894,16.848,0
94.052712,25.842067,943.452,15.127,146.793,554.961,50,0.125,5.921,0.01,1143.192,8.444,0
94.356974,25.825604,1039.336,36.776,245.864,614.229,10,0.126,13.207,0.001,1059.191,1.765,0
94.592862,25.908535,1235.394,27.775,25.003,277.48,10,0.127,9.536,0.001,1087.079,1.315,0
94.503781,25.874422,1399.023,23.073,168.331,617.008,10,0.131,10.046,0.001,1104.841,1.446,0
94.714616,25.670926,1244.223,15.218,264.83,740.525,10,0.131,4.522,0.001,962.771,0.569,0
94.054848,26.18314,282.72,12.516,331.266,210.917,10,0.122,4.65,0.001,854.863,0.484,0
94.967662,25.812112,1717.434,33.868,78.343,116.996,10,0.127,30.532,0.001,1695.215,6.575,0
94.835179,25.669809,960.789,25.035,64.489,342.351,10,0.128,14.647,0.001,877.041,1.645,0
94.098842,25.734226,1244.937,16.123,39.962,327.014,10,0.123,7.55,0.001,1372.619,1.277,0
94.258842,26.04975,1640.016,4.262,267.778,864.207,10,0.127,1.157,0.001,1052.087,0.155,0
93.658411,25.491215,1298.595,42.34,340.747,130.805,10,0.126,31.519,0.001,1013.137,4.02,0
93.494242,25.425577,635.422,11.825,22.319,29.249,10,0.123,6.239,0.001,906.946,0.703,0
94.592092,25.922504,1181.506,22.424,132.678,472.532,30,0.128,18.464,0.05,1090.002,129.361,0
94.509438,25.636392,1059.146,24.5,174.575,355.829,30,0.129,10.812,0.05,938.082,65.67,0
94.451746,26.079817,974.716,15.682,13.227,584.98,10,0.125,9.618,0.001,1083.833,1.313,0
94.930485,26.010746,1169.236,30.713,245.095,87.747,10,0.128,14.175,0.001,1259.325,2.288,0
95.083986,26.164604,1555.94,27.838,183.692,120.597,30,0.127,24.262,0.05,1343.679,206.884,0
94.491947,25.893656,1629.697,17.903,82.433,551.869,10,0.129,14.089,0.001,1112.279,2.009,0
94.662278,26.429454,1241.245,7.115,218.786,672.727,50,0.124,1.703,0.01,1220.897,2.573,0
94.399195,25.799626,1790.9,23.576,272.809,235.813,50,0.125,12.132,0.01,1072.905,16.275,0
94.768499,25.906764,1438.342,38.674,109.986,29.249,30,0.129,35.075,0.05,1031.388,232.787,0
94.093638,25.797704,1262.767,16.047,30.451,614.925,10,0.124,12.272,0.001,1088.37,1.66,0
94.32368,25.615265,1780.261,14.435,176.302,196.208,10,0.13,6.561,0.01,1143.287,9.748,0
94.794012,26.514117,858.739,28.802,51.475,263.241,10,0.124,18.956,0.001,1267.36,2.971,0
94.855041,25.769215,1280.026,33.479,334.857,500.662,10,0.13,30.13,0.001,1045.615,4.058,0
95.027676,26.724673,735.257,10.038,349.292,305.368,50,0.0,2.655,0.01,1340.05,1.908,0
94.746215,26.253791,1574.737,36.706,126.649,58.498,10,0.126,28.703,0.001,1386.151,5.026,0
94.99725,26.015284,1038.583,31.272,49.806,92.493,10,0.125,17.026,0.001,1337.783,2.861,0
94.060796,26.155491,514.445,31.554,320.78,248.186,10,0.12,14.63,0.001,856.845,1.498,0
94.424048,26.359272,776.623,10.023,77.374,471.626,10,0.124,2.65,0.001,1138.494,0.375,0
93.734052,25.920729,147.717,0.486,317.931,672.727,50,0.0,0.052,0.01,947.953,0.0,0
93.630244,25.446271,1105.154,28.105,10.16,41.364,10,0.128,15.009,0.001,944.396,1.818,0
95.118711,26.694424,942.912,19.907,220.289,614.925,10,0.123,12.072,0.001,1287.52,1.91,0
94.194242,25.544545,1158.215,33.065,284.636,333.49,10,0.128,29.702,0.001,1177.355,4.484,0
94.936163,26.120652,1471.177,22.591,126.066,682.825,10,0.127,9.788,0.001,1182.655,1.472,0
94.191639,26.253022,302.935,11.436,116.719,29.249,10,0.127,4.143,0.001,944.834,0.497,0
94.501583,26.521529,942.643,10.965,115.181,350.988,10,0.124,2.975,0.001,1326.07,0.489,0
93.546259,25.334954,1250.694,11.322,162.554,406.34,30,0.126,6.347,0.05,850.012,33.978,0
94.566022,25.756772,1568.092,30.469,119.554,536.94,10,0.13,20.26,0.001,970.108,2.556,0
93.754683,25.878232,159.573,2.642,191.922,92.493,10,0.13,0.471,0.001,896.267,0.056,0
94.925163,25.808292,1833.71,26.874,236.157,146.245,30,0.127,15.959,0.001,1619.014,3.266,0
94.824413,26.274789,1011.931,14.262,89.002,206.822,10,0.125,10.566,0.001,1403.856,1.852,0
94.929591,26.512712,1265.17,37.865,240.83,745.706,10,0.128,21.171,0.001,1194.13,3.245,0
94.653904,25.915592,1924.789,32.48,5.026,719.43,10,0.125,21.828,0.001,1079.64,2.942,0
94.531381,25.852926,1004.142,15.3,337.054,170.549,10,0.127,4.553,0.001,1092.939,0.632,0
94.404083,25.639985,1345.368,15.35,254.975,564.892,10,0.13,4.571,0.001,970.346,0.577,0
93.878497,25.761952,456.188,17.222,24.8,87.747,10,0.119,8.206,0.001,1007.022,0.983,0
94.11824,25.784018,1310.594,30.152,28.995,724.171,10,0.127,26.406,0.001,1052.813,3.53,0
95.002837,25.990347,1389.426,24.078,212.521,765.519,10,0.127,16.426,0.001,1373.512,2.857,0
94.147019,25.826286,1399.69,18.738,239.874,678.425,10,0.125,5.879,0.001,863.233,0.636,0
93.877671,25.688813,534.956,13.52,271.709,584.98,10,0.12,7.965,0.001,1247.342,1.191,0
93.68608,25.762785,186.1,1.567,79.447,292.49,40,0.125,0.607,0.15,930.495,10.606,0
94.510239,26.323358,1279.518,8.066,271.197,866.185,10,0.0,2.003,0.01,1207.171,0.0,0
95.016266,26.209527,1519.148,23.261,202.269,374.57,30,0.129,19.513,0.001,1226.034,3.091,0
93.772662,25.858402,165.47,3.22,85.936,206.822,40,0.13,0.804,0.15,860.388,13.383,0
94.817225,26.243156,1486.115,22.501,70.153,663.12,50,0.0,11.455,0.001,1403.444,0.487,0
95.056013,26.914092,117.038,1.819,127.162,41.364,40,0.123,0.29,0.15,1340.05,7.193,0
94.824957,26.770658,196.013,7.626,265.619,29.249,60,0.122,4.727,0.45,1257.65,327.83,0
94.927888,25.992013,1712.961,22.488,337.777,706.834,10,0.127,9.734,0.001,1282.153,1.582,0
93.74676,25.800086,168.072,1.748,348.776,29.249,10,0.124,0.364,0.001,867.123,0.039,0
93.987262,25.735113,1006.116,19.824,29.199,850.236,30,0.123,6.309,0.05,1668.359,64.736,0
93.572544,25.690425,247.01,1.39,269.663,409.486,10,0.124,0.204,0.001,757.261,0.019,0
94.761172,25.700485,1305.026,32.294,42.473,157.511,10,0.128,24.807,0.001,928.497,2.961,0
94.869598,25.763949,1770.583,31.104,337.781,837.564,10,0.129,22.326,0.001,1085.635,3.112,0
93.759705,25.532643,857.697,19.728,136.944,305.368,10,0.125,11.937,0.001,1042.329,1.552,0
94.115061,25.65429,1439.472,5.634,257.85,392.416,50,0.0,1.259,0.01,1952.693,0.674,0
95.073046,26.508474,1805.403,33.962,280.341,745.706,10,0.127,18.732,0.001,1287.52,3.071,0
95.052831,26.037509,1459.708,29.9,237.696,631.399,10,0.126,13.735,0.001,1435.116,2.483,0
93.708929,25.903119,151.992,0.708,331.675,0.0,40,0.164,0.216,0.15,970.083,4.958,0
94.973861,26.401055,1332.907,11.39,212.781,1101.021,10,0.127,3.124,0.001,1288.911,0.511,0
95.06584,26.574125,1292.186,7.984,158.948,877.47,30,0.125,1.977,0.05,1340.05,16.54,0
94.491411,25.617007,1044.228,32.74,129.533,561.855,10,0.129,17.959,0.001,958.183,2.224,0
94.481589,26.347232,1110.659,20.064,357.921,731.81,50,0.124,14.713,0.01,1141.545,20.796,0
93.801816,25.791281,255.374,33.866,254.198,41.364,30,0.124,15.876,0.05,923.203,90.731,0
94.9528,26.414368,875.616,28.555,165.14,462.467,10,0.125,9.856,0.001,1244.954,1.545,0
94.883624,25.955225,1335.179,26.819,196.111,668.261,10,0.127,9.143,0.001,1273.576,1.479,0
94.376558,25.816737,1371.93,19.368,203.478,592.247,10,0.128,8.086,0.001,1066.072,1.106,0
94.728341,26.018083,2152.51,14.238,29.413,372.279,10,0.125,4.155,0.001,1201.589,0.622,0
94.832433,26.42255,1426.449,20.118,128.415,675.265,10,0.123,16.304,0.001,1297.145,2.602,0
94.483485,26.293116,1344.757,10.309,56.605,837.564,50,0.124,3.626,0.01,1192.199,5.347,0
94.21626,25.932393,1272.922,28.595,293.59,621.842,10,0.124,15.321,0.001,1024.645,1.957,0
93.524961,25.483878,628.07,16.284,353.702,277.48,10,0.125,4.927,0.001,975.563,0.602,0
94.458868,26.36749,742.645,19.896,46.024,165.457,10,0.122,8.362,0.001,1151.617,1.177,0
94.030236,25.680277,1271.205,28.478,198.714,206.822,30,0.127,12.964,0.05,1612.028,131.855,0
94.394823,25.752076,1114.523,37.115,349.164,146.245,10,0.13,23.232,0.001,1066.071,3.221,0
93.783093,25.942389,145.095,4.486,208.243,467.984,10,0.129,0.937,0.001,869.079,0.105,0
95.078457,26.907997,131.789,5.192,262.234,204.743,10,0.124,1.132,0.001,1287.52,0.181,0
94.2748,25.767742,847.203,21.652,356.46,413.643,10,0.124,14.414,0.001,988.459,1.768,0
94.11633,25.643336,1348.921,7.224,65.347,204.743,50,0.134,2.696,0.05,2070.051,50.006,0
93.822757,25.590555,1585.269,6.375,6.669,642.147,10,0.123,1.478,0.001,1129.537,0.205,0
94.562717,26.489924,536.668,17.802,185.695,454.066,10,0.122,7.275,0.001,1254.43,1.112,0
93.889927,25.606445,1806.774,36.736,181.033,289.55,10,0.123,27.011,0.001,1181.166,3.918,0
94.762065,26.76014,375.253,13.515,115.728,682.198,10,0.125,6.769,0.001,1267.36,1.075,0
94.991995,26.147739,954.51,23.796,132.512,393.505,10,0.126,17.221,0.001,1189.284,2.59,0
94.037761,25.710844,1010.322,7.148,18.575,124.093,40,0.252,2.659,0.15,1659.639,128.273,0
94.94115,26.573249,985.453,23.452,348.361,654.027,10,0.124,10.249,0.001,1194.13,1.521,0
94.966736,26.679695,477.092,13.589,199.228,41.364,10,0.125,3.915,0.001,1194.13,0.586,0
93.792786,25.66811,501.527,0.329,317.81,184.987,40,0.117,0.031,0.15,977.913,0.54,0
94.954711,26.575427,584.663,15.999,9.516,41.364,10,0.124,4.818,0.001,1194.13,0.714,0
93.744019,25.920397,141.834,0.519,131.205,269.662,50,0.128,0.057,0.15,927.747,1.03,0
93.746418,25.860008,165.112,6.993,38.191,149.141,10,0.129,2.198,0.001,908.737,0.258,0
94.797784,26.555623,1019.523,38.142,200.114,206.822,10,0.122,21.342,0.001,1267.36,3.305,0
94.443273,25.734545,1123.808,32.434,301.308,170.549,10,0.129,17.765,0.001,1023.578,2.346,0
95.017941,26.685126,1017.613,20.821,121.021,976.233,10,0.124,17.016,0.001,1340.05,2.829,0
93.680913,25.766331,182.301,5.032,30.591,41.364,40,0.128,1.435,0.15,946.122,25.824,0
93.977381,26.001616,314.937,10.804,183.147,409.486,10,0.125,7.407,0.001,808.319,0.745,0
93.777108,25.672018,495.207,3.936,282.243,212.936,30,0.118,1.043,0.15,959.528,17.717,0
94.788934,25.935435,836.103,25.532,64.257,65.403,10,0.126,21.862,0.001,1095.421,3.03,0
94.594461,26.031325,1411.542,21.17,306.976,105.459,10,0.127,9.033,0.001,1129.046,1.298,0
94.797596,26.687085,318.185,16.054,22.458,558.801,10,0.129,6.385,0.001,1267.36,1.038,0
95.079936,26.347835,1895.043,30.38,162.232,263.241,10,0.123,24.366,0.001,1237.002,3.699,0
94.162256,26.016517,1012.745,21.437,178.208,832.441,10,0.124,9.174,0.001,1140.895,1.296,0
94.188268,25.555141,1389.331,13.669,22.373,462.467,10,0.131,10.009,0.001,1177.472,1.515,0
94.297511,25.585983,2095.516,21.914,277.662,511.648,10,0.123,9.428,0.001,1148.371,1.335,0
93.845077,25.665476,604.539,8.002,293.282,431.856,10,0.118,3.077,0.001,1104.782,0.402,0
93.706212,25.630731,460.22,10.912,266.701,472.532,10,0.119,3.901,0.001,942.23,0.438,0
94.432555,25.949735,1335.941,8.132,313.095,482.387,10,0.126,2.671,0.001,1102.645,0.371,0
94.215194,25.880857,1339.526,29.742,176.488,468.897,10,0.126,21.181,0.001,946.085,2.514,0
94.516425,26.326499,1188.878,16.023,23.136,390.23,50,0.0,12.249,0.01,1216.162,0.0,0
94.548405,26.25004,695.941,24.183,338.878,228.442,10,0.123,8.065,0.001,1148.148,1.143,0
95.049036,26.169619,1137.707,27.202,297.473,410.529,10,0.125,23.599,0.001,1272.957,3.765,0
94.103379,26.297881,169.534,26.769,0.143,116.996,10,0.123,20.958,0.001,955.741,2.45,0
94.171978,26.04201,461.192,21.632,125.773,510.812,10,0.127,9.278,0.001,1134.317,1.337,0
94.877583,26.697965,1174.81,13.864,158.686,1144.081,10,0.124,4.016,0.001,1257.65,0.626,0
93.74305,25.800179,166.386,3.187,216.644,222.754,40,0.124,0.793,0.15,875.276,12.902,0
93.694116,25.817593,160.933,1.4,317.579,120.597,40,0.127,0.207,0.15,1002.754,3.929,0
94.28702,25.564149,1840.796,6.645,222.781,120.597,10,0.126,3.396,0.001,1120.51,0.48,0
94.352723,25.539565,1744.498,22.942,92.361,397.829,10,0.128,9.976,0.001,989.79,1.265,0
94.538028,26.108751,1587.769,29.632,106.997,315.021,10,0.125,15.982,0.001,1182.364,2.363,0
94.334519,25.85909,833.897,13.825,151.776,374.57,10,0.125,4.002,0.001,1052.679,0.526,0
94.119863,25.912864,1214.693,21.329,357.373,852.747,10,0.121,17.356,0.001,1034.159,2.171,0
93.85888,25.75264,447.049,4.989,179.039,292.49,40,0.12,1.419,0.15,986.233,25.216,0
94.092669,25.658776,1504.041,18.895,8.456,454.066,50,0.0,15.076,0.01,1759.465,5.105,0
94.852537,25.964814,938.177,25.264,100.721,484.157,10,0.13,13.2,0.001,1254.106,2.148,0
93.728349,25.82412,156.785,1.482,177.335,392.416,50,0.128,0.293,0.01,936.758,0.351,0
94.33898,25.614232,1457.044,20.939,133.663,341.099,30,0.132,17.136,0.05,1093.732,123.645,0
93.798599,25.797241,243.067,36.115,33.923,82.729,10,0.121,24.637,0.001,915.277,2.721,0
93.861249,25.744645,332.609,2.137,246.477,29.249,40,0.119,0.908,0.15,986.793,16.011,0
94.594968,26.387116,1253.882,28.316,92.853,130.805,10,0.124,9.758,0.001,1283.935,1.544,0
94.904748,25.891806,1194.755,32.91,353.583,447.424,10,0.129,29.243,0.001,1400.305,5.26,0
94.945446,26.411351,846.235,28.095,152.556,264.861,10,0.127,24.531,0.001,1235.024,3.849,0
94.766716,26.264645,1937.417,6.999,109.718,844.177,10,0.125,1.667,0.001,1400.552,0.292,0
94.839877,26.486861,789.607,20.068,76.049,29.249,10,0.124,16.254,0.001,1257.65,2.541,0
94.851785,26.718318,528.011,33.092,307.986,316.376,10,0.125,15.459,0.001,1257.65,2.437,0
94.445788,25.685088,1610.136,35.27,319.483,747.425,10,0.128,19.554,0.001,969.968,2.436,0
94.37255,26.473663,253.066,16.296,227.052,58.498,10,0.123,4.932,0.001,1182.87,0.719,0
94.311286,25.981516,1232.278,21.435,337.48,778.814,10,0.125,9.174,0.001,1133.929,1.299,0
94.8372,26.528514,1050.044,23.209,354.197,580.576,10,0.124,11.901,0.001,1257.65,1.86,0
95.040914,26.538142,737.131,16.138,40.148,146.245,10,0.122,4.871,0.001,1340.05,0.796,0
94.302692,25.602019,2180.706,17.056,117.997,759.348,10,0.121,6.893,0.001,1173.297,0.989,0
93.884455,25.731706,444.023,10.398,341.641,567.913,10,0.12,7.051,0.001,1187.287,1.002,0
94.19268,25.628295,965.546,20.247,83.393,146.245,10,0.13,8.546,0.001,1406.135,1.565,0
94.856841,26.58378,372.234,13.15,150.413,212.936,10,0.127,3.754,0.001,1257.65,0.597,0
95.112162,26.294276,1166.544,29.21,33.072,41.364,10,0.128,25.693,0.001,1335.08,4.41,0
94.888076,25.669058,1338.184,35.079,67.328,235.813,10,0.129,31.778,0.001,1027.243,4.197,0
93.810541,25.680873,415.759,2.853,38.669,187.285,10,0.117,1.321,0.001,985.123,0.152,0
93.629385,25.754347,183.763,1.829,12.263,92.493,10,0.125,0.292,0.001,839.924,0.031,0
94.952282,26.002354,1383.347,20.905,120.584,41.364,10,0.129,17.102,0.001,1298.096,2.863,0
94.959446,26.613351,489.138,13.586,345.362,235.813,10,0.125,3.914,0.001,1194.13,0.585,0
94.195197,25.680037,1029.819,9.063,147.061,657.289,50,0.127,2.328,0.01,1335.465,3.954,0
94.823888,26.26804,1162.935,7.627,214.047,264.861,50,0.126,1.863,0.01,1403.816,3.7,0
94.804352,25.826172,489.356,13.57,179.016,29.249,10,0.127,9.917,0.05,1080.802,68.349,0
93.672282,25.795342,168.565,1.219,339.608,206.822,40,0.127,0.172,0.15,992.254,3.247,0
93.852782,25.757198,426.884,8.994,45.542,146.245,10,0.121,2.305,0.001,981.347,0.273,0
93.774883,25.83292,178.193,1.283,238.032,369.974,10,0.127,0.184,0.001,854.195,0.02,0
94.774115,26.516425,961.909,28.915,279.453,65.403,10,0.125,13.201,0.001,1267.36,2.098,0
94.959835,26.356315,1063.064,35.579,12.675,105.459,10,0.126,32.291,0.001,1244.669,5.032,0
94.3617,25.648739,1660.141,23.508,142.054,82.729,50,0.129,13.563,0.01,1089.234,18.993,0
94.216369,26.232565,441.08,13.82,225.626,65.403,10,0.125,5.278,0.001,931.211,0.609,0
94.801287,26.582784,1030.101,36.142,301.936,446.466,10,0.124,20.1,0.001,1267.36,3.165,0
94.760615,25.568381,1459.678,35.866,232.421,82.729,30,0.13,19.928,0.05,1343.387,174.42,0
94.101011,25.693934,1380.041,13.631,61.733,175.494,50,0.14,5.186,0.01,1455.477,10.557,0
93.618663,25.736359,189.98,8.867,67.845,87.747,10,0.125,4.309,0.001,789.788,0.425,0
95.081119,26.499405,1843.701,31.774,228.871,456.884,30,0.125,17.346,0.05,1287.52,139.921,0
93.700091,25.752949,193.941,3.674,24.032,149.141,10,0.125,0.723,0.001,885.654,0.081,0
94.843365,26.025274,1003.801,21.872,88.121,588.625,30,0.128,17.904,0.05,1246.629,142.635,0
94.254973,26.056436,1486.37,12.734,275.064,675.265,50,0.129,9.143,0.01,1057.609,12.427,0
95.078933,26.505091,1711.527,35.808,343.918,510.812,10,0.125,32.526,0.001,1287.52,5.235,0
94.928624,26.017144,1516.831,22.541,218.63,808.987,10,0.127,9.762,0.001,1246.832,1.551,0
94.119826,25.906631,1365.174,16.896,17.904,1047.261,10,0.122,11.859,0.001,1023.736,1.48,0
94.868814,26.090515,1752.115,36.678,97.869,731.225,10,0.127,20.435,0.001,1234.713,3.192,0
93.84522,25.756419,302.675,4.106,202.293,0.0,50,0.12,2.12,0.01,973.974,2.481,0
93.72195,25.525182,1273.03,4.837,19.128,527.294,30,0.126,2.622,0.05,1049.369,17.306,0
94.312914,25.644311,1935.03,26.859,95.716,498.092,10,0.125,23.242,0.001,1234.594,3.596,0
94.022111,25.645785,1522.132,20.293,281.667,58.498,10,0.127,16.482,0.001,1551.983,3.252,0
94.863432,26.479984,1014.475,25.929,80.403,854.251,10,0.127,15.284,0.001,1257.65,2.44,0
94.408433,26.507967,382.584,20.495,282.64,366.489,10,0.124,16.686,0.001,1182.87,2.44,0
94.036331,25.669571,1316.167,29.002,72.894,58.498,10,0.127,15.581,0.001,1623.993,3.23,0
94.434484,25.733067,1351.158,22.868,121.348,561.855,10,0.129,9.936,0.001,1030.681,1.325,0
94.93777,26.252872,1975.397,29.968,192.092,602.983,10,0.123,19.868,0.001,1342.401,3.283,0
94.922905,26.620945,543.429,23.468,178.561,657.289,10,0.126,10.258,0.05,1194.13,77.436,0
95.201384,26.981993,218.575,3.828,262.791,149.141,10,0.122,0.763,0.001,1259.57,0.117,0
94.850594,26.298547,748.354,0.828,122.454,0.0,40,0.125,0.265,0.15,1399.208,6.962,0
93.755117,25.874639,162.213,4.965,157.642,92.493,10,0.13,1.069,0.001,894.306,0.125,0
95.062155,26.420382,1863.654,33.025,294.364,406.34,10,0.125,29.361,0.001,1271.595,4.669,0
94.249919,26.150357,1186.521,24.401,98.367,688.44,10,0.123,10.759,0.001,996.001,1.326,0
94.818654,26.261837,1271.491,21.983,74.243,539.325,30,0.131,7.173,0.001,1403.527,1.295,0
94.536004,26.404853,1068.966,19.689,140.495,397.829,10,0.123,6.255,0.001,1198.822,0.924,0
94.598267,26.04588,1406.523,32.704,267.15,500.662,10,0.126,26.553,0.001,1137.52,3.791,0
93.793316,25.808447,200.261,5.23,331.609,124.093,50,0.0,1.509,0.01,902.594,0.881,0
94.721509,25.954389,1865.156,34.763,31.749,767.751,10,0.126,19.236,0.001,1175.13,2.842,0
94.936017,26.727763,839.527,11.467,191.207,561.855,30,0.122,3.151,0.05,1194.13,22.874,0
94.514469,26.291885,1085.286,4.831,146.919,471.626,10,0.124,1.032,0.001,1231.569,0.158,0
94.019011,25.702462,1271.345,9.507,80.267,41.364,10,0.127,2.476,0.001,1592.186,0.5,0
94.601386,25.984576,1960.551,34.931,158.381,457.819,10,0.126,25.522,0.001,1099.455,3.544,0
94.285793,25.989877,1058.06,33.287,184.201,703.193,10,0.125,24.154,0.001,1128.281,3.412,0
94.455242,25.879707,1621.003,37.814,320.422,431.856,10,0.129,27.894,0.001,1102.478,3.946,0
94.777161,25.870743,1013.051,20.979,200.827,551.869,10,0.131,6.769,0.001,950.546,0.842,0
94.819617,26.487541,1295.454,29.199,315.249,745.706,50,0.0,15.706,0.01,1257.65,15.272,0
93.563123,25.718253,197.71,7.993,352.92,228.442,10,0.124,2.612,0.001,723.417,0.233,0
94.6946,26.214698,1931.538,17.061,190.091,619.775,10,0.122,6.895,0.001,1301.51,1.092,0
94.93862,25.840425,2349.704,9.12,18.947,704.409,10,0.124,4.086,0.001,1688.073,0.857,0
94.03788,25.722363,946.759,9.783,54.637,82.729,30,0.122,2.569,0.45,1669.592,235.954,0
94.777416,25.720659,1351.562,26.893,313.262,149.141,10,0.13,14.236,0.001,813.848,1.503,0
94.552877,25.99774,1055.924,25.977,268.756,212.936,10,0.127,19.161,0.001,1116.019,2.72,0
94.761763,25.849227,1004.123,31.28,53.099,536.94,10,0.131,17.032,0.001,902.373,2.011,0
93.800042,25.570626,1356.594,29.727,42.511,130.805,10,0.126,24.896,0.001,1101.478,3.448,0
94.539675,26.113264,1604.021,17.534,88.025,269.662,10,0.125,7.137,0.001,1191.372,1.061,0
93.73593,25.882685,163.0,1.313,160.291,357.029,50,0.129,0.251,0.01,935.204,0.301,0
93.894591,25.598233,1500.851,29.188,246.271,58.498,10,0.124,10.116,0.001,1174.006,1.482,0
94.603501,26.011303,1916.738,24.458,277.485,657.289,10,0.128,14.237,0.001,1113.399,2.032,0
93.79566,25.667016,492.325,8.119,114.794,384.71,10,0.117,2.02,0.001,982.368,0.232,0
93.758906,25.921443,145.223,3.854,0.197,251.609,10,0.129,1.015,0.001,897.767,0.118,0
93.701425,25.830419,161.496,2.339,213.344,610.737,10,0.129,0.402,0.001,992.644,0.051,0
93.684553,25.744725,202.887,2.499,41.995,350.988,10,0.125,0.438,0.001,904.003,0.05,0
94.575134,25.96917,1851.235,16.761,99.552,264.861,10,0.124,5.11,0.001,1103.839,0.704,0
94.10019,25.669144,1406.685,21.521,12.623,476.139,10,0.187,17.729,0.001,1703.104,4.0,0
94.258904,26.081342,1286.917,8.859,324.153,65.403,50,0.19,5.737,0.01,1047.563,10.367,0
93.703198,25.897186,155.055,0.499,180.994,41.364,40,0.128,0.094,0.15,973.541,1.802,0
94.802285,26.706809,441.117,16.69,289.085,614.229,10,0.127,5.083,0.001,1257.65,0.809,0
95.047962,26.399397,1627.01,35.358,136.362,619.775,10,0.129,19.61,0.001,1244.898,3.158,0
94.647592,26.207952,1506.641,23.403,303.659,701.976,10,0.125,19.659,0.001,1231.473,3.014,0
93.60362,25.354565,1330.315,11.507,156.962,787.553,50,0.126,4.176,0.01,799.651,4.211,0
94.789278,26.516773,845.692,17.389,87.24,206.822,10,0.124,7.063,0.001,1267.36,1.115,0
94.315622,26.072189,810.571,36.215,44.197,206.822,10,0.127,24.713,0.001,1004.893,3.138,0
93.707514,25.835377,153.328,4.68,352.326,29.249,10,0.128,0.99,0.001,981.928,0.125,0
93.551793,25.275795,1232.752,22.787,77.939,116.996,10,0.125,11.635,0.001,809.484,1.173,0
93.768506,25.66891,485.196,9.919,221.449,235.813,10,0.123,2.615,0.001,954.24,0.305,0
94.822071,26.607262,613.174,12.449,292.193,29.249,10,0.125,8.882,0.001,1257.65,1.401,0
93.75493,25.787383,181.178,3.943,210.16,65.403,10,0.123,1.046,0.15,870.074,16.82,0
94.506836,25.7616,1406.004,19.859,305.645,523.222,10,0.13,6.323,0.001,1010.868,0.829,0
95.03769,26.559954,562.067,24.276,212.068,206.822,30,0.122,8.103,0.05,1340.05,66.55,0
94.304443,26.024316,671.755,30.128,347.576,65.403,10,0.125,16.298,0.001,1096.87,2.226,0
94.822614,26.6181,490.414,25.458,47.967,447.424,10,0.128,14.948,0.001,1257.65,2.387,0
94.827686,26.479821,1005.734,19.225,107.619,406.34,10,0.124,8.011,0.001,1257.65,1.251,0
94.779068,26.282501,1966.607,23.143,132.128,646.131,10,0.126,10.084,0.001,1401.254,1.775,0
94.489696,25.785153,801.493,9.576,79.947,65.403,40,0.127,3.878,0.05,1048.952,25.849,0
93.729218,25.640004,427.692,7.177,176.955,206.822,40,0.118,4.371,0.001,944.128,0.491,0
94.876669,25.671295,1295.154,34.386,333.771,105.459,10,0.127,25.069,0.001,945.977,3.02,0
93.774616,25.831007,179.421,0.558,291.407,455.008,10,0.126,0.062,0.001,855.726,0.007,0
93.852242,25.736115,385.235,16.206,74.048,105.459,10,0.12,4.897,0.001,976.587,0.574,0
94.358097,26.262209,592.474,10.644,266.757,235.813,10,0.125,6.579,0.001,1179.037,0.969,0
93.712013,25.721075,401.257,8.165,53.684,455.008,10,0.125,2.035,0.001,893.98,0.228,0
93.696471,25.502359,1397.004,25.093,345.06,712.259,10,0.123,17.275,0.001,1021.854,2.177,0
94.835039,26.560168,382.19,14.43,274.61,29.249,10,0.129,7.358,0.001,1257.65,1.191,0
94.955538,26.412954,744.639,27.49,145.636,352.204,10,0.127,23.9,0.001,1250.182,3.774,0
94.5471,26.198952,1486.715,39.289,85.445,632.752,10,0.126,24.735,0.001,1233.579,3.831,0
94.827972,26.662014,1111.533,1.963,151.291,708.043,10,0.126,0.32,0.05,1257.65,2.527,0
94.658418,26.597038,437.054,28.494,83.756,92.493,10,0.124,15.256,0.001,1238.24,2.337,0
93.855425,25.72456,361.168,1.327,358.831,165.457,40,0.119,0.254,0.15,986.403,4.478,0
93.852241,25.75412,384.342,10.586,286.733,146.245,10,0.12,7.215,0.001,980.176,0.852,0
94.772086,26.685379,189.735,1.718,355.665,0.0,10,0.125,0.684,0.15,1267.36,16.333,0
93.778048,25.940868,137.365,2.465,235.385,29.249,30,0.13,0.75,0.05,874.118,4.245,0
94.269714,25.994224,1127.051,21.647,270.59,393.505,10,0.125,12.253,0.001,1131.231,1.734,0
93.617181,25.275512,1149.801,10.147,214.173,357.029,10,0.123,2.692,0.001,739.91,0.245,0
94.108903,25.739852,1334.941,3.988,189.238,703.193,10,0.124,0.804,0.001,1300.529,0.13,0
95.075171,26.407862,1448.825,37.881,340.384,29.249,10,0.127,18.009,0.001,1242.969,2.832,0
95.102765,26.65712,843.885,29.327,351.937,321.739,10,0.125,23.373,0.05,1287.52,188.71,0
93.718773,25.488594,1475.232,10.679,43.68,673.362,10,0.126,2.876,0.001,984.375,0.358,0
93.604079,25.529984,683.607,8.247,284.824,87.747,10,0.123,2.061,0.001,995.79,0.252,0
94.114277,25.715572,1152.136,23.885,194.152,263.241,10,0.125,13.831,0.001,1322.461,2.282,0
93.672212,25.7872,175.597,2.85,273.568,196.208,10,0.125,0.686,0.001,978.326,0.084,0
93.738538,25.803092,164.461,0.396,328.32,269.662,40,0.125,0.04,0.15,889.459,0.667,0
94.626076,26.314461,782.344,20.064,75.803,421.835,10,0.123,11.15,0.001,1117.766,1.524,0
94.91755,26.622955,601.715,28.095,205.452,767.751,10,0.127,23.281,0.001,1194.13,3.523,0
95.103035,26.266857,1254.555,28.458,336.324,341.099,10,0.129,24.908,0.001,1349.628,4.325,0
94.317207,25.791998,917.658,29.907,189.479,600.139,10,0.127,18.128,0.001,1038.212,2.373,0
94.797683,26.318719,1893.383,30.991,254.615,675.265,10,0.126,10.857,0.001,1400.362,1.912,0
93.737873,25.890361,147.051,5.724,41.22,222.754,50,0.135,2.952,0.01,933.381,3.719,0
94.653793,26.645745,258.516,31.608,179.362,298.282,10,0.124,17.24,0.001,1238.24,2.651,0
93.88337,25.658046,1134.848,29.904,326.015,263.241,10,0.125,25.07,0.001,1314.984,4.111,0
94.202354,26.441349,307.841,24.128,320.698,579.1,10,0.119,14.003,0.001,969.39,1.621,0
95.028945,26.719123,684.388,3.746,52.406,434.818,50,0.121,1.518,0.01,1340.05,2.515,0
94.762347,25.567689,1434.105,20.469,172.345,212.936,30,0.13,16.659,0.05,1336.095,144.53,0
93.708581,25.8718,191.374,5.426,318.18,554.961,10,0.129,1.199,0.001,988.393,0.153,0
95.0194,26.698732,995.066,19.287,340.853,760.474,10,0.124,8.044,0.001,1340.05,1.339,0
93.666689,25.634749,338.625,1.414,252.508,87.747,30,0.119,0.364,0.05,892.087,1.936,0
93.729879,25.892923,150.771,5.348,8.985,206.822,50,0.133,2.049,0.01,949.977,2.169,0
93.709003,25.864711,151.892,2.398,136.813,130.805,50,0.13,1.054,0.01,985.595,1.352,0
94.915283,26.420363,887.649,27.117,143.63,497.233,10,0.125,12.226,0.001,1249.999,1.911,0
93.773849,25.862018,161.929,1.709,34.157,520.763,50,0.178,0.679,0.15,859.913,14.306,0
93.610242,25.612611,305.699,10.029,74.858,65.403,10,0.122,4.116,0.001,880.732,0.443,0
94.110071,26.292155,321.457,31.984,2.09,357.029,10,0.124,14.862,0.001,956.556,1.76,0
94.514598,26.35132,778.071,4.966,330.543,222.754,10,0.124,1.861,0.001,1188.715,0.275,0
94.171751,25.869643,1476.476,26.766,16.32,608.632,10,0.125,9.121,0.001,929.228,1.053,0
94.215864,26.216154,755.027,20.966,319.263,732.978,10,0.122,6.764,0.001,920.351,0.761,0
93.663861,25.681545,332.165,2.105,44.244,187.285,10,0.124,0.351,0.05,882.367,1.918,0
94.819547,25.588073,1559.019,19.314,316.391,105.459,10,0.13,13.299,0.001,1124.912,1.936,0
94.016531,25.646494,1522.259,29.131,92.644,87.747,10,0.127,25.61,0.001,1533.031,4.987,0
94.785917,25.732164,1542.825,27.847,9.268,445.507,10,0.128,18.209,0.001,783.948,1.843,0
94.940018,26.478267,1210.079,11.428,41.418,644.142,10,0.128,5.462,0.001,1194.13,0.834,0
94.843264,25.77991,822.655,37.34,318.327,393.505,10,0.127,32.349,0.001,1071.889,4.309,0
94.230426,25.789603,770.109,21.318,139.632,212.936,10,0.125,6.905,0.001,897.817,0.774,0
94.339697,25.992033,777.562,33.548,335.772,731.81,10,0.123,30.201,0.001,1120.922,4.18,0
94.007018,25.636678,1699.709,10.842,34.9,29.249,10,0.125,7.44,0.001,1490.484,1.385,0
94.029577,25.758235,695.777,8.532,79.84,446.466,10,0.124,2.154,0.001,1514.495,0.403,0
93.891957,25.749715,418.869,1.785,171.732,206.822,50,0.119,0.374,0.01,1122.081,0.498,0
93.717718,25.578181,726.985,18.792,346.526,372.279,10,0.125,10.273,0.001,1060.925,1.361,0
94.954472,26.498537,1436.106,22.08,147.456,930.927,10,0.125,9.516,0.001,1194.13,1.427,0
94.892925,25.769058,1766.211,16.027,22.345,82.729,10,0.129,4.829,0.001,1223.609,0.762,0
93.742758,25.903277,146.433,7.958,65.035,82.729,50,0.0,2.597,0.01,926.235,0.0,0
93.793935,25.574582,1554.1,31.231,52.148,431.856,10,0.124,14.455,0.001,1107.098,1.984,0
94.709713,26.74322,145.363,2.272,270.727,130.805,10,0.122,0.983,0.001,1238.24,0.149,0
94.685359,26.539074,777.205,33.41,95.771,333.49,10,0.123,15.631,0.001,1238.24,2.381,0
93.882187,25.75875,461.753,7.328,76.255,210.917,10,0.143,2.335,0.01,1009.991,3.187,0
94.310556,25.918602,787.834,25.935,10.966,105.459,10,0.123,22.281,0.001,1096.502,3.005,0
93.775802,25.887387,152.042,3.452,246.922,486.8,40,0.129,1.035,0.15,863.955,17.349,0
94.899297,25.676794,1436.995,15.542,294.35,235.813,10,0.128,11.784,0.001,1076.893,1.623,0
94.727714,25.868164,1425.919,34.952,341.667,316.376,10,0.129,31.648,0.001,1023.006,4.194,0
94.118457,25.67326,1495.274,16.293,241.402,558.801,30,0.0,8.584,0.05,1781.189,79.737,0
94.418716,26.507077,588.096,26.275,222.761,617.008,10,0.122,11.77,0.001,1182.87,1.693,0
95.031378,26.710526,705.066,24.087,224.197,65.403,10,0.12,12.454,0.001,1340.05,2.011,0
93.779637,25.9291,142.17,2.823,55.416,206.822,50,0.128,0.678,0.01,869.829,0.757,0
94.59606,25.997235,1887.79,19.99,291.284,472.532,10,0.128,16.176,0.001,1103.454,2.299,0
94.873924,26.047724,1334.919,30.604,64.902,249.903,10,0.125,10.698,0.001,1210.266,1.622,0
94.103732,26.316535,134.156,6.364,257.369,562.616,40,0.123,1.945,0.15,963.393,34.559,0
94.916857,25.872878,1348.797,21.43,284.181,390.23,10,0.13,9.171,0.001,1507.289,1.792,0
94.474739,26.317397,958.316,16.748,301.931,58.498,10,0.123,9.718,0.001,1172.077,1.397,0
95.090238,26.172372,2053.105,18.752,28.718,631.399,10,0.125,7.765,0.001,1345.525,1.312,0
94.812679,25.786869,1326.832,27.414,214.678,707.439,10,0.127,17.87,0.001,1101.886,2.489,0
94.184354,25.998445,1319.752,13.247,56.348,811.099,50,0.123,3.79,0.01,1135.806,5.303,0
94.730189,26.204592,2039.452,31.832,241.76,413.643,10,0.125,11.201,0.001,1365.113,1.908,0
94.64882,25.735924,947.118,32.032,195.561,29.249,10,0.132,28.631,0.001,870.329,3.301,0
94.144726,25.672208,1480.606,22.997,239.659,879.904,10,0.124,10.006,0.001,1775.451,2.217,0
94.956904,26.751944,1041.812,32.288,220.707,644.142,10,0.125,15.026,0.001,1194.13,2.244,0
93.722978,25.518747,1313.819,27.731,205.539,641.48,10,0.128,21.866,0.001,1038.583,2.893,0
95.004852,26.387057,1176.052,27.065,321.64,413.643,10,0.126,14.346,0.001,1253.85,2.257,0
94.845683,26.24311,1893.333,22.391,289.821,707.439,10,0.123,7.337,0.001,1379.243,1.25,0
94.778914,25.711515,1437.253,21.652,246.981,29.249,10,0.129,12.256,0.001,865.073,1.37,0
94.886338,25.677083,1151.028,36.348,64.594,146.245,10,0.128,13.035,0.001,984.947,1.637,0
94.41793,25.874934,1288.431,29.973,225.699,105.459,10,0.128,26.489,0.001,1089.633,3.698,0
94.768748,25.65078,1936.279,30.959,76.659,292.49,30,0.132,24.912,0.05,1210.715,198.014,0
94.824009,25.676754,1628.6,35.805,80.959,958.1,10,0.13,32.523,0.001,924.129,3.913,0
94.956381,25.818196,2105.266,24.512,135.685,455.008,10,0.127,20.804,0.001,1736.345,4.594,0
94.53178,26.562355,907.069,19.438,82.904,675.265,10,0.123,8.122,0.001,1326.07,1.329,0
94.819223,25.913551,975.06,23.467,108.698,582.782,10,0.129,19.725,0.001,1125.097,2.87,0
94.823035,26.667096,837.576,41.852,302.309,372.279,10,0.121,38.583,0.001,1257.65,5.917,0
94.444323,26.487018,757.779,16.046,351.694,353.417,10,0.124,4.836,0.001,1326.07,0.792,0
94.897313,26.701979,1279.303,17.441,143.874,908.604,30,0.124,7.089,0.05,1194.13,52.418,0
93.616491,25.355829,1328.293,19.725,215.224,315.021,30,0.127,15.909,0.05,788.754,79.634,0
94.77543,26.637145,637.577,23.088,282.933,499.807,30,0.123,11.824,0.001,1267.36,1.849,0
94.867394,26.100758,1826.753,37.055,96.755,808.987,10,0.126,27.273,0.001,1255.898,4.334,0
94.475471,26.359525,1038.563,20.873,45.045,556.5,10,0.124,10.439,0.001,1131.394,1.463,0
93.76658,25.865083,164.01,1.995,254.298,105.459,50,0.207,0.327,0.01,869.047,0.36,0
93.872871,25.770607,550.761,12.388,162.645,625.956,10,0.124,3.479,0.001,1003.492,0.431,0
94.318261,25.809084,783.991,21.876,238.749,471.626,10,0.127,18.091,0.001,1041.766,2.4,0
94.980677,26.120243,723.497,15.855,327.453,0.0,30,0.124,12.086,0.001,1184.732,1.779,0
94.424693,26.498643,415.378,18.189,318.321,249.903,10,0.124,8.79,0.001,1182.87,1.29,0
94.003216,26.171795,113.687,0.817,243.306,0.0,10,0.128,0.26,0.15,836.382,4.162,0
94.098419,25.689528,1389.591,5.066,9.177,498.092,50,0.132,2.389,0.01,1485.604,5.597,0
94.856173,26.461104,812.304,32.914,81.092,261.611,10,0.126,11.644,0.001,1257.65,1.846,0
93.708389,25.819275,169.043,6.839,114.653,321.739,10,0.127,2.135,0.001,975.915,0.266,0
94.923967,26.48754,918.803,13.809,16.942,744.558,10,0.123,3.996,0.001,1194.13,0.589,0
94.850509,25.769905,1198.69,11.168,346.726,580.576,10,0.13,3.046,0.001,1028.076,0.408,0
94.899407,26.69953,1182.179,14.807,139.615,695.241,10,0.124,5.762,0.001,1194.13,0.855,0
94.944146,26.544149,1235.988,32.493,229.609,558.801,10,0.126,26.355,0.001,1194.13,3.973,0
94.745573,26.44148,1130.69,26.183,349.517,803.15,10,0.126,8.883,0.001,1252.96,1.401,0
94.794941,26.225293,1658.846,24.423,70.079,352.204,10,0.127,8.163,0.001,1402.174,1.453,0
94.891176,25.969068,1368.562,26.986,20.717,591.524,30,0.129,9.212,0.05,1272.1,75.279,0
94.112185,25.775835,1373.64,12.435,184.354,790.264,10,0.124,3.495,0.001,1119.988,0.485,0
94.117594,25.7808,1389.009,29.712,268.582,815.832,10,0.125,21.156,0.001,1072.778,2.84,0
93.778033,25.921108,141.991,0.387,243.075,315.021,50,0.129,0.039,0.15,869.518,0.653,0
94.477704,26.460274,504.368,11.915,130.723,251.609,10,0.125,3.309,0.001,1326.07,0.547,0
94.663184,26.645693,164.392,0.719,263.278,65.403,10,0.127,0.087,0.001,1238.24,0.014,0
94.004399,25.777612,907.412,12.621,7.83,778.814,10,0.123,8.948,0.001,1413.986,1.561,0
94.229765,25.775173,841.934,34.251,278.924,546.416,10,0.126,16.082,0.001,905.188,1.827,0
95.006336,26.470856,1781.664,13.087,131.02,693.392,10,0.126,3.731,0.001,1340.05,0.631,0
94.997941,26.709351,913.932,14.487,4.588,498.092,10,0.123,5.605,0.001,1340.05,0.928,0
94.194667,26.003544,1127.579,15.381,78.154,146.245,10,0.125,7.112,0.001,1132.716,1.01,0
93.573648,25.698749,248.901,0.421,242.133,497.233,50,0.125,0.043,0.01,747.919,0.04,0
94.685754,26.67755,160.926,1.199,103.022,0.0,10,0.124,0.428,0.001,1238.24,0.066,0
94.56907,26.270759,746.54,21.146,22.207,293.949,10,0.12,6.836,0.001,1139.659,0.939,0
94.521268,26.321858,1251.405,14.943,119.82,684.701,50,0.123,4.418,0.01,1229.627,3.084,0
94.031315,25.68706,1390.098,25.921,100.215,410.529,30,0.127,22.267,0.001,1621.502,4.569,0
93.786358,25.663903,515.69,4.316,26.216,526.482,10,0.116,1.552,0.001,975.885,0.176,0
93.841113,25.737753,411.314,0.541,27.453,704.409,10,0.119,0.06,0.001,966.393,0.007,0
94.306245,25.681972,1411.538,21.754,54.214,105.459,10,0.129,7.08,0.001,1140.406,1.038,0
94.431747,25.95083,1346.951,14.483,42.569,619.775,10,0.127,4.246,0.001,1102.245,0.592,0
94.211259,25.671828,762.799,21.948,97.967,0.0,10,0.127,18.165,0.001,1214.253,2.798,0
94.289809,26.247555,418.624,12.537,9.393,539.325,10,0.123,6.15,0.001,1068.124,0.805,0
93.742291,25.887765,152.401,1.894,14.186,235.813,50,0.13,0.776,0.01,923.896,0.93,0
94.797005,26.319088,1845.922,29.363,267.704,625.272,10,0.126,25.852,0.001,1400.084,4.559,0
94.247276,25.679432,1021.669,29.687,221.041,157.511,10,0.126,24.856,0.001,1162.818,3.643,0
94.89637,26.442811,479.86,14.957,86.624,261.611,10,0.123,11.111,0.001,1233.106,1.689,0
94.402673,26.293376,1104.75,13.904,180.311,682.825,50,0.123,7.019,0.001,1215.853,1.048,0
94.301168,26.016306,904.185,10.939,138.721,806.869,10,0.126,2.966,0.001,1111.708,0.416,0
93.735204,25.750931,318.637,28.827,289.87,500.662,10,0.125,25.294,0.001,884.989,2.802,0
94.191288,25.533727,1254.008,32.737,305.285,774.408,10,0.131,20.147,0.001,1158.151,3.068,0
95.098812,26.557135,1413.283,35.678,178.744,196.208,10,0.124,22.226,0.001,1287.52,3.572,0
94.731325,26.58672,263.543,12.127,338.143,146.245,10,0.122,5.894,0.001,1267.36,0.911,0
94.767291,25.83642,1019.43,23.022,255.208,462.467,10,0.13,10.019,0.001,881.659,1.139,0
94.886097,26.342537,768.515,13.674,117.617,526.482,30,0.122,3.946,0.001,1341.631,0.647,0
93.779586,25.894014,148.992,1.723,66.375,353.417,10,0.129,0.686,0.01,861.353,0.763,0
93.61257,25.263861,1067.753,26.651,270.362,585.711,10,0.123,19.763,0.001,745.35,1.819,0
94.56092,25.965119,1732.684,22.023,155.932,539.325,10,0.128,7.189,0.001,1106.892,1.02,0
94.461856,25.701138,1523.913,9.731,76.975,804.746,50,0.131,2.551,0.01,969.893,3.305,0
95.176964,26.6917,712.266,16.919,251.064,500.662,10,0.12,5.171,0.001,1259.57,0.783,0
94.456198,25.721981,931.304,16.857,132.785,0.0,10,0.129,13.06,0.001,994.642,1.674,0
94.925721,25.87155,1390.163,20.586,307.937,146.245,30,0.129,8.724,0.05,1553.016,87.559,0
94.400204,26.234579,1198.577,13.004,285.514,732.978,10,0.126,5.743,0.001,1221.288,0.883,0
94.770704,26.604086,1206.51,31.222,289.488,1046.444,10,0.12,19.068,0.001,1267.36,2.894,0
93.911344,25.596173,1697.886,25.036,309.874,369.974,10,0.124,14.648,0.001,1192.033,2.182,0
93.834836,25.736703,417.856,4.15,6.383,591.524,10,0.12,0.847,0.001,960.073,0.097,0
93.740508,25.921839,141.708,2.757,139.448,592.247,50,0.129,0.867,0.15,935.156,15.808,0
94.82485,26.013014,1597.318,20.455,147.227,614.925,10,0.128,8.655,0.001,1242.786,1.372,0
94.184245,25.556729,1449.161,28.092,28.624,372.279,10,0.125,24.528,0.001,1171.53,3.678,0
94.884227,26.327076,850.062,22.766,22.425,310.921,10,0.124,18.035,0.001,1344.876,3.008,0
94.859016,25.838339,1327.541,34.91,207.251,65.403,10,0.133,16.435,0.001,1315.324,2.875,0
94.364141,25.654501,1685.055,31.694,140.288,82.729,50,0.129,14.705,0.01,1087.031,20.598,0
94.71587,25.778731,1099.671,16.704,242.691,682.198,10,0.13,12.91,0.001,837.333,1.412,0
94.611912,26.644972,309.928,18.532,113.915,372.279,10,0.123,5.798,0.001,1254.43,0.894,0
95.031266,26.165446,1302.91,5.416,27.034,668.261,10,0.126,3.036,0.001,1245.42,0.474,0
93.624905,25.469045,1323.129,25.695,260.592,116.996,10,0.127,11.456,0.001,980.948,1.426,0
93.706274,25.917773,147.533,0.523,46.959,941.89,10,0.131,0.125,0.001,954.583,0.016,0
93.7562,25.810714,169.326,0.641,228.161,0.0,40,0.125,0.19,0.15,865.505,3.081,0
95.06115,26.133359,1419.22,30.188,24.341,204.743,30,0.128,10.527,0.05,1340.33,90.297,0
94.870745,26.421517,660.889,29.752,31.986,105.459,10,0.123,10.348,0.01,1286.071,16.268,0
94.88742,26.310177,1257.848,49.006,248.557,187.285,10,0.128,45.292,0.001,1339.612,7.765,0
93.744915,25.676562,369.975,2.577,21.078,330.915,40,0.121,0.794,0.15,923.613,13.364,0
93.781211,25.810168,188.275,1.617,337.34,146.245,50,0.0,0.249,0.15,883.183,1.886,0
93.781732,25.930839,148.221,6.92,303.341,315.021,10,0.128,1.643,0.001,867.652,0.183,0
94.973037,26.602201,493.151,7.223,88.004,350.988,10,0.126,2.291,0.001,1194.13,0.346,0
95.1108,26.281874,1150.677,17.624,115.752,212.936,10,0.128,13.813,0.001,1347.57,2.379,0
93.476986,25.293698,1700.335,29.474,97.208,366.489,10,0.124,13.504,0.001,872.723,1.465,0
94.085999,26.208332,490.309,3.35,93.282,228.442,10,0.12,0.641,0.001,890.4,0.069,0
94.765642,25.895794,1246.287,35.282,125.726,146.245,10,0.13,16.634,0.001,1006.582,2.177,0
95.069935,26.241483,1131.77,16.292,207.661,187.285,30,0.126,10.737,0.05,1292.033,87.615,0
94.439811,26.499368,566.872,7.897,305.211,228.442,50,0.129,1.949,0.01,1182.87,2.912,0
95.063873,26.162601,1330.641,22.078,144.391,701.976,30,0.128,12.555,0.05,1308.69,105.171,0
93.729227,25.863447,162.2,3.519,355.004,120.597,50,0.13,0.684,0.001,944.472,0.084,0
94.845043,25.941936,723.351,19.476,180.541,327.014,10,0.129,15.657,0.001,1249.857,2.522,0
94.138321,26.278955,584.304,26.631,294.703,511.648,10,0.121,9.066,0.001,953.291,1.05,0
93.581047,25.644814,301.962,17.544,19.723,397.829,10,0.124,11.083,0.001,807.534,1.107,0
94.15276,26.145102,574.246,22.012,287.946,682.198,10,0.121,7.185,0.001,925.191,0.81,0
94.442864,25.996456,1039.04,31.681,278.381,682.825,10,0.126,24.26,0.001,1111.504,3.406,0
94.599721,25.889285,1713.594,19.758,24.272,976.233,10,0.127,15.941,0.001,1081.403,2.193,0
94.697802,26.403133,454.592,17.901,33.909,120.597,10,0.122,7.325,0.001,1183.079,1.058,0
94.615152,25.667269,979.112,35.558,116.49,289.55,10,0.132,30.625,0.001,850.995,3.44,0
94.991502,25.790609,2226.763,38.514,216.616,731.225,10,0.126,18.341,0.001,1553.538,3.599,0
94.663711,25.973924,2014.463,19.986,179.245,823.659,10,0.126,16.171,0.001,1082.572,2.21,0
94.896404,25.83997,1527.896,27.19,59.32,157.511,10,0.129,9.296,0.05,1491.383,89.609,0
94.240547,26.288218,673.713,32.87,237.988,352.204,10,0.125,20.241,0.001,959.086,2.428,0
95.047332,26.447374,1672.341,25.055,335.854,526.482,10,0.128,21.368,0.001,1325.583,3.628,0
95.055424,26.578595,906.263,14.419,267.439,397.829,10,0.124,5.571,0.001,1340.05,0.923,0
94.993502,26.211672,1533.198,41.575,234.212,574.651,10,0.128,30.917,0.001,1243.969,4.921,0
95.061664,26.936611,112.944,0.95,183.173,0.0,40,0.122,0.316,0.15,1340.05,7.76,0
94.63447,25.569525,1258.039,20.006,133.481,196.208,10,0.129,9.902,0.001,950.527,1.218,0
93.77453,25.904162,146.476,1.923,197.489,41.364,10,0.128,0.312,0.01,869.091,0.348,0
93.674229,25.511024,1133.084,16.816,210.597,235.813,10,0.124,13.02,0.001,1043.999,1.691,0
93.821633,25.82723,192.832,18.095,30.881,29.249,10,0.125,10.712,0.001,933.79,1.248,0
94.219804,26.20494,580.165,38.543,172.135,682.825,10,0.125,28.486,0.001,918.109,3.255,0
