lon,lat,elevation_m,slope_deg,aspect_deg,distance_to_stream_m,landcover_class,soil_erodibility_k,rusle_ls_factor,rusle_c_factor,rainfall_erosivity_r,soil_loss_tha_yr,label
91.877528,25.382694,1367.685,36.245,109.128,548.544,10,0.124,12.815,0.001,1774.48,2.808,1
92.38555,25.258603,831.268,10.977,295.422,279.675,50,0.119,2.938,0.01,1774.48,6.195,1
91.73874417,25.28236861,745.553,36.087,87.268,89.339,10,0.121,16.827,0.001,1935.91,3.948,1
91.090556,25.6655,919.917,18.741,256.396,294.954,30,0.124,7.652,0.001,1400.26,1.325,1
91.295706,25.549861,1482.089,10.893,114.736,279.675,30,0.121,2.909,0.05,1755.4,30.923,1
92.420764,25.045386,176.51,38.594,198.842,220.651,10,0.121,35.352,0.001,1774.48,7.627,1
91.895,25.345611,1569.454,3.295,158.708,720.273,30,0.119,0.619,0.05,1774.48,6.549,1
91.051053,25.436706,623.753,10.759,184.694,189.516,10,0.122,3.778,0.001,1400.26,0.644,1
91.574727,25.196781,241.531,18.702,303.937,481.105,10,0.12,7.632,0.001,1969.54,1.806,1
91.564903,25.935908,476.188,27.867,187.739,376.921,30,0.121,14.652,0.001,1969.54,3.509,1
92.423556,25.043914,196.093,36.288,250.317,116.484,50,0.123,19.913,0.001,1774.48,4.34,1
91.267672,25.544936,1364.355,24.841,13.245,56.503,10,0.118,15.645,0.05,1755.4,162.105,1
91.688941,25.230063,588.662,26.407,91.437,329.466,10,0.125,11.678,0.001,1935.91,2.813,1
91.75498,25.206426,474.545,38.586,215.654,452.023,10,0.122,18.126,0.001,1774.48,3.934,1
91.527843,25.160222,27.094,14.171,275.11,310.766,10,0.123,5.374,0.001,2132.4,1.402,1
91.943417,25.324889,819.514,31.599,174.168,543.427,10,0.125,14.452,0.001,1774.48,3.19,1
91.854928,25.641388,1146.376,30.74,349.544,555.053,10,0.126,16.458,0.001,1774.48,3.669,1
91.973237,25.354644,1174.016,35.555,256.171,795.568,10,0.122,23.873,0.001,1774.48,5.177,1
92.373944,25.274,874.107,15.922,234.77,384.261,10,0.123,6.231,0.001,1774.48,1.356,1
92.095531,25.234922,796.219,15.843,121.508,56.503,50,0.123,4.693,0.05,1774.48,51.043,1
91.932463,25.326204,1001.276,31.646,344.163,340.192,10,0.124,10.972,0.001,1774.48,2.427,1
91.147397,25.657083,1156.979,11.303,210.15,28.251,10,0.122,3.05,0.01,1339.59,4.978,1
91.247472,25.549639,1318.653,15.13,146.851,63.172,30,0.118,9.064,0.05,1755.4,93.98,1
91.453997,25.18955,124.382,28.431,346.346,430.313,10,0.121,21.06,0.001,2132.4,5.434,1
92.513478,25.352431,1151.666,16.143,310.831,729.084,30,0.127,7.458,0.05,1774.48,84.016,1
91.77329444,25.49151667,1797.213,23.415,305.451,39.954,60,0.124,7.645,0.05,1774.48,84.418,1
92.404806,25.047194,79.791,14.582,201.683,141.257,10,0.125,4.224,0.001,1774.48,0.935,1
92.418778,25.044056,153.552,29.374,214.976,294.954,10,0.122,25.864,0.001,1774.48,5.619,1
91.69041,25.208256,353.457,37.914,182.988,56.503,10,0.121,32.448,0.001,1935.91,7.623,1
91.976278,25.362972,1186.605,27.626,250.24,887.113,10,0.122,17.788,0.001,1774.48,3.862,1
91.022019,25.611361,936.053,18.019,238.764,480.275,10,0.125,5.52,0.001,1400.26,0.964,1
92.348025,25.093078,173.495,27.009,146.228,189.516,10,0.12,23.399,0.001,1774.48,5.006,1
91.574222,25.9235,452.079,10.215,156.291,330.675,10,0.12,6.892,0.001,1969.54,1.629,1
91.537764,25.520356,1589.641,25.918,206.461,89.339,30,0.121,8.653,0.05,2132.4,111.326,1
90.658611,25.512611,366.696,4.247,121.228,361.795,10,0.123,0.861,0.001,1151.82,0.122,1
91.591553,25.265048,1137.784,25.834,16.66,152.139,10,0.124,13.375,0.001,1969.54,3.259,1
91.87473,25.383298,1534.032,29.579,268.109,819.292,30,0.123,13.373,0.001,1774.48,2.929,1
91.725397,25.20836,593.935,28.062,171.443,305.586,10,0.122,24.496,0.001,1935.91,5.791,1
91.923722,25.529056,1751.434,21.832,44.212,404.499,10,0.124,7.014,0.001,1774.48,1.54,1
91.72342222,25.50368056,1735.443,10.397,200.075,290.866,60,0.123,3.615,0.45,1935.91,388.639,1
91.709355,25.217558,546.896,42.597,89.12,384.261,10,0.122,23.708,0.001,1935.91,5.598,1
91.871778,25.613583,1316.376,19.172,302.59,619.602,10,0.125,15.353,0.001,1774.48,3.396,1
91.848588,25.640264,1206.668,32.011,344.24,666.758,10,0.125,17.255,0.05,1774.48,191.243,1
91.396515,25.18676,92.257,9.412,36.643,525.507,10,0.125,3.741,0.001,2132.4,0.993,1
91.714556,25.935708,287.664,30.319,290.272,101.862,10,0.128,18.168,0.001,1935.91,4.482,1
91.762233,25.387912,1770.56,31.165,110.653,680.385,10,0.124,27.071,0.001,1774.48,5.937,1
91.856276,25.606193,1175.429,27.378,355.585,304.277,10,0.124,18.927,0.001,1774.48,4.147,1
92.058583,25.57395,1174.575,16.164,342.813,604.607,50,0.126,12.385,0.01,1774.48,27.579,1
92.388306,25.129169,130.426,46.198,76.131,141.257,50,0.122,25.773,0.001,1774.48,5.584,1
91.874586,25.386191,1508.063,39.788,259.707,836.643,10,0.123,27.039,0.001,1774.48,5.922,1
91.661011,25.331948,1544.51,17.28,2.909,500.617,10,0.123,11.406,0.001,1935.91,2.728,1
90.8146,25.374072,206.776,21.633,274.909,56.503,10,0.128,10.762,0.001,1151.82,1.582,1
91.231139,25.553794,1306.594,23.102,51.675,39.954,30,0.121,9.923,0.05,1755.4,105.128,1
92.003389,25.191111,169.351,10.565,139.889,180.897,10,0.12,2.797,0.001,1774.48,0.595,1
90.69972,25.39799,555.653,20.074,77.997,227.77,10,0.127,16.26,0.001,1151.82,2.384,1
92.202239,25.265158,668.444,34.85,234.341,180.897,10,0.123,16.176,0.001,1774.48,3.523,1
92.610181,25.375719,1040.645,14.665,55.224,855.044,30,0.126,5.614,0.05,1774.48,63.17,1
90.29,25.61,569.715,13.285,196.869,197.76,10,0.125,5.821,0.001,1151.82,0.838,1
89.99,25.58,37.296,9.541,270.598,171.847,10,0.125,3.237,0.001,1151.82,0.466,1
91.61775,25.548306,1625.557,26.624,142.626,63.172,50,0.119,11.794,0.05,1969.54,138.707,1
91.934395,25.332836,564.786,29.929,106.957,28.251,10,0.123,24.749,0.001,1774.48,5.401,1
91.268972,25.523083,1343.635,23.587,112.394,101.862,30,0.119,10.179,0.001,1755.4,2.131,1
92.018322,25.874293,755.208,8.298,127.131,452.905,10,0.122,5.272,0.001,1774.48,1.138,1
92.075167,25.215028,666.236,19.061,198.69,339.017,10,0.125,5.924,0.001,1774.48,1.32,1
92.00675,25.346111,859.426,39.343,216.553,368.354,30,0.122,35.246,0.05,1774.48,380.369,1
92.096472,25.542694,1301.121,25.944,355.212,508.526,50,0.123,16.492,0.01,1774.48,35.957,1
91.25985,25.5208,1338.919,17.026,125.49,116.484,30,0.117,6.783,0.05,1755.4,69.772,1
91.599771,25.205651,484.818,33.525,190.059,300.317,10,0.119,30.177,0.001,1969.54,7.169,1
91.778704,25.408236,1807.655,22.569,118.116,470.198,10,0.123,7.307,0.001,1774.48,1.599,1
92.141353,25.156419,32.022,29.356,40.965,28.251,10,0.123,13.255,0.001,1774.48,2.884,1
92.2225,25.197283,564.659,9.861,125.534,357.356,10,0.121,2.559,0.001,1774.48,0.551,1
91.162711,25.636747,1265.88,18.717,306.603,113.006,10,0.122,5.79,0.001,1339.59,0.95,1
91.862917,25.438495,1641.725,45.487,163.864,28.251,10,0.123,42.067,0.001,1774.48,9.159,1
91.89945278,25.65060556,1104.576,17.84,16.185,239.721,10,0.125,5.452,0.001,1774.48,1.213,1
92.114167,25.747597,891.14,24.015,147.947,226.012,10,0.122,17.175,0.001,1774.48,3.724,1
91.448328,25.522717,1526.725,20.673,171.411,56.503,30,0.122,6.555,0.05,2132.4,84.988,1
91.037664,25.629003,922.773,27.252,313.232,189.516,10,0.124,14.265,0.01,1400.26,24.822,1
90.833917,25.560028,568.901,21.05,329.848,39.954,10,0.125,8.846,0.001,1151.82,1.28,1
90.70111,25.39766,527.997,12.588,56.085,304.277,10,0.127,4.62,0.001,1151.82,0.676,1
91.87553,25.937,558.519,19.975,33.076,56.503,10,0.121,6.281,0.001,1774.48,1.352,1
91.602361,25.537972,1597.565,20.059,146.901,290.866,30,0.12,6.314,0.01,1969.54,14.953,1
91.858667,25.954889,418.368,16.927,196.465,169.509,10,0.126,7.918,0.01,1774.48,17.634,1
91.775111,25.338711,1429.736,32.611,14.648,799.071,10,0.125,14.991,0.001,1774.48,3.327,1
91.993367,25.39897,1431.252,38.475,286.089,781.396,10,0.127,21.25,0.001,1774.48,4.768,1
92.182167,25.430111,1310.129,28.008,130.714,189.516,30,0.123,12.533,0.05,1774.48,136.582,1
91.57685,25.282485,1023.466,24.983,136.873,520.931,10,0.125,21.292,0.001,1969.54,5.234,1
90.70813333,25.45903056,186.559,21.541,113.0,178.678,10,0.124,9.103,0.001,1151.82,1.307,1
92.384639,25.2625,852.595,22.774,59.011,79.907,50,0.12,7.389,0.001,1774.48,1.573,1
92.380042,25.280528,909.951,19.589,304.918,680.385,30,0.123,8.088,0.05,1774.48,88.015,1
91.395711,25.528308,1541.467,14.451,65.499,171.847,30,0.12,4.176,0.05,2132.4,53.692,1
92.065389,25.211722,607.265,28.562,169.154,241.38,10,0.126,24.423,0.001,1774.48,5.454,1
91.870861,25.612528,1323.475,23.76,324.318,500.617,10,0.125,12.079,0.001,1774.48,2.664,1
91.874028,25.3763,1510.675,31.602,154.115,760.693,50,0.125,14.454,0.05,1774.48,160.495,1
91.164169,25.628758,1247.194,26.179,242.851,411.347,30,0.122,17.934,0.05,1339.59,146.518,1
92.329689,25.563472,1028.085,29.993,162.041,84.754,30,0.122,15.988,0.05,1774.48,173.306,1
92.1991,25.197283,612.904,23.123,273.313,203.724,10,0.121,13.108,0.001,1774.48,2.832,1
92.452931,25.611931,988.539,19.498,277.764,220.651,30,0.123,9.457,0.001,1774.48,2.075,1
91.755686,25.205307,432.027,32.54,206.96,487.695,10,0.122,17.586,0.001,1774.48,3.808,1
91.860278,25.978803,289.822,18.839,132.192,39.954,10,0.124,14.058,0.001,1774.48,3.085,1
91.174906,25.607567,1137.446,31.672,195.047,227.77,10,0.122,17.043,0.001,1339.59,2.779,1
91.872712,25.259326,986.384,24.075,130.899,89.339,30,0.127,13.772,0.001,1774.48,3.11,1
91.831023,25.573653,1354.476,36.962,309.233,359.582,30,0.123,20.327,0.05,1774.48,220.826,1
92.19417,25.44889,1329.81,23.476,293.887,417.128,10,0.124,19.734,0.001,1774.48,4.336,1
92.222392,25.133911,151.676,38.254,216.875,164.733,10,0.122,21.116,0.001,1774.48,4.581,1
91.157706,25.606189,1163.695,11.094,60.729,419.988,30,0.121,7.662,0.05,1339.59,62.111,1
91.082944,25.455639,721.374,23.334,102.292,126.344,10,0.122,15.589,0.001,1400.26,2.66,1
91.942194,25.324806,832.342,31.79,179.283,539.743,10,0.124,14.554,0.001,1774.48,3.198,1
91.874872,25.27197,1077.907,25.225,138.139,84.754,30,0.125,15.939,0.05,1774.48,176.797,1
91.89353,25.351304,1546.69,18.344,245.701,572.048,50,0.119,7.45,0.01,1774.48,15.775,1
92.434525,25.042408,294.998,45.108,170.559,446.694,10,0.119,33.195,0.001,1774.48,7.047,1
91.975083,25.668469,1015.447,31.632,333.174,371.59,10,0.121,28.215,0.001,1774.48,6.049,1
92.350506,25.113475,259.362,37.469,83.532,56.503,10,0.122,17.547,0.001,1774.48,3.793,1
92.38702778,25.16400556,391.815,17.022,141.021,164.733,50,0.123,12.908,0.01,1774.48,28.098,1
92.423675,25.044733,225.346,31.567,283.315,152.139,10,0.123,10.94,0.001,1774.48,2.376,1
92.380278,25.134972,196.944,43.415,62.911,197.76,10,0.121,29.668,0.001,1774.48,6.394,1
92.4215,25.045111,189.145,41.404,202.074,141.257,10,0.122,14.825,0.001,1774.48,3.206,1
91.687776,25.228272,569.03,27.538,67.923,294.954,10,0.124,23.949,0.001,1935.91,5.753,1
91.242444,25.549667,1340.443,9.351,137.111,384.261,30,0.119,2.391,0.05,1755.4,24.971,1
92.195708,25.152367,133.423,9.676,202.81,459.9,10,0.123,6.427,0.001,1774.48,1.409,1
91.11836,25.69483,1080.45,17.774,281.797,220.651,10,0.123,9.448,0.001,1339.59,1.557,1
91.33367,25.31488,1122.125,43.993,228.291,411.347,10,0.123,34.411,0.001,1755.4,7.454,1
91.933972,25.326694,974.404,29.232,0.1,419.988,10,0.124,13.188,0.001,1774.48,2.906,1
91.185833,25.221572,457.548,27.871,212.404,28.251,30,0.124,12.46,0.05,1339.59,103.235,1
92.584781,25.339339,1101.941,18.755,236.268,598.637,30,0.125,10.107,0.05,1774.48,112.042,1
91.560703,25.945225,374.222,35.834,213.871,116.484,10,0.124,16.694,0.001,1969.54,4.076,1
91.869222,25.422194,1665.232,28.994,11.789,368.354,10,0.122,9.898,0.001,1774.48,2.149,1
91.662111,25.795444,770.892,12.796,127.732,169.509,10,0.124,3.576,0.001,1935.91,0.856,1
91.974979,25.360351,1191.266,28.058,251.417,848.014,10,0.122,9.519,0.001,1774.48,2.065,1
91.198556,25.496861,1290.828,23.877,338.232,456.416,10,0.12,20.148,0.001,1339.59,3.243,1
91.59150278,25.44835,1633.073,17.838,91.035,493.39,30,0.12,7.192,0.05,1969.54,85.22,1
91.903777,25.695552,864.92,24.443,49.896,141.257,30,0.121,14.03,0.01,1774.48,30.13,1
91.055556,25.699306,881.687,22.702,304.081,518.628,10,0.124,7.36,0.001,1400.26,1.279,1
91.870266,25.614664,1283.531,29.251,346.279,560.775,10,0.125,15.522,0.001,1774.48,3.431,1
90.698611,25.47542,330.313,14.271,41.416,509.31,10,0.126,4.11,0.001,1151.82,0.597,1
91.745297,25.229706,661.785,30.947,120.193,260.465,10,0.12,14.105,0.001,1774.48,3.02,1
92.687186,25.316589,920.065,25.856,324.907,63.172,10,0.124,22.199,0.001,1774.48,4.874,1
91.827526,25.571747,1313.831,35.912,311.533,329.466,10,0.123,32.632,0.001,1774.48,7.094,1
91.748917,25.227249,463.993,39.91,350.826,56.503,10,0.121,36.668,0.001,1774.48,7.884,1
92.359361,25.079722,242.733,44.752,108.124,141.257,10,0.119,16.08,0.001,1774.48,3.394,1
91.93345,25.637189,1331.986,28.99,41.342,763.312,10,0.122,13.059,0.001,1774.48,2.84,1
91.85406,25.95847,325.448,12.557,90.617,463.358,10,0.123,8.981,0.001,1774.48,1.966,1
91.143689,25.660825,1156.632,13.073,219.497,113.006,10,0.123,3.675,0.001,1339.59,0.604,1
91.514383,25.524931,1588.756,25.881,200.367,113.006,30,0.122,8.638,0.05,2132.4,112.773,1
91.1765,25.585389,1201.221,3.203,288.267,572.048,30,0.122,1.535,0.05,1339.59,12.491,1
91.972582,25.350166,1064.124,33.387,191.613,839.976,30,0.122,11.673,0.05,1774.48,126.503,1
91.872066,25.393914,1581.334,32.279,116.391,357.356,10,0.121,14.814,0.001,1774.48,3.188,1
92.09842,25.54261,1313.382,10.566,7.389,545.626,30,0.123,2.797,0.05,1774.48,30.502,1
91.765544,25.353486,1597.909,39.903,152.713,499.819,30,0.124,24.808,0.05,1774.48,273.535,1
90.63220278,25.21022222,29.538,21.93,278.041,101.862,50,0.129,9.306,0.001,1151.82,1.368,1
91.737944,25.568056,1709.722,24.164,75.919,431.24,30,0.122,19.136,0.001,1935.91,4.516,1
91.755789,25.205465,458.779,31.848,208.568,520.931,10,0.122,14.585,0.001,1774.48,3.158,1
91.563069,25.940439,448.612,22.552,315.911,330.675,10,0.122,12.711,0.001,1969.54,3.06,1
92.241,26.061,69.55,21.99,311.28,227.77,10,0.126,10.982,0.001,1774.48,2.459,1
91.263722,25.544889,1374.605,26.973,357.731,89.339,10,0.117,14.09,0.001,1755.4,2.9,1
92.18784722,25.45351667,1278.688,28.103,3.763,340.192,10,0.125,19.529,0.001,1774.48,4.347,1
91.77902778,25.49736111,1792.441,6.257,34.595,304.277,60,0.124,2.708,0.45,1774.48,268.744,1
91.762345,25.223307,517.839,34.498,350.294,683.311,10,0.121,31.182,0.001,1774.48,6.704,1
91.270722,25.544917,1398.632,24.41,354.839,113.006,10,0.118,10.615,0.05,1755.4,109.993,1
91.528337,25.159469,42.563,15.9,285.389,399.536,10,0.122,6.22,0.001,2132.4,1.617,1
90.38,25.65,502.808,7.848,129.945,215.157,10,0.125,1.907,0.001,1151.82,0.275,1
90.807778,25.635556,437.769,17.382,332.527,442.205,10,0.124,13.575,0.15,1151.82,290.639,1
91.28335,25.50335,1415.595,29.91,241.262,189.516,10,0.117,15.937,0.001,1755.4,3.276,1
91.231417,25.206763,108.963,23.594,121.573,282.514,60,0.123,19.385,0.45,1755.4,1878.529,1
91.922017,25.301383,1194.884,35.419,339.837,56.503,30,0.125,16.476,0.001,1774.48,3.654,1
91.693249,25.229161,450.521,24.019,104.66,84.754,10,0.123,20.295,0.001,1935.91,4.826,1
91.930853,25.294601,1117.776,25.835,333.54,227.77,50,0.124,15.007,0.01,1774.48,33.192,1
92.071167,25.64575,862.786,25.268,96.449,84.754,10,0.122,14.608,0.001,1774.48,3.157,1
89.98,25.53,65.122,5.57,162.762,113.006,10,0.125,1.614,0.001,1151.82,0.232,1
92.430244,25.044136,250.882,45.815,254.68,431.24,10,0.121,28.674,0.001,1774.48,6.186,1
91.647944,25.687856,1142.003,33.525,61.42,113.006,10,0.122,24.017,0.001,1969.54,5.752,1
91.5159,25.40023,1582.776,19.677,124.36,669.744,30,0.12,8.133,0.05,2132.4,104.037,1
92.214519,25.14965,78.836,39.927,299.054,79.907,10,0.124,18.813,0.001,1774.48,4.145,1
91.890667,25.641194,1183.866,36.31,331.602,164.733,10,0.126,26.293,0.001,1774.48,5.872,1
92.353708,25.092981,131.602,46.012,280.981,152.139,10,0.119,28.799,0.001,1774.48,6.108,1
92.095806,25.450464,1072.272,17.877,222.678,119.861,10,0.124,7.212,0.001,1774.48,1.593,1
91.923021,25.315176,1021.033,39.479,141.576,39.954,10,0.125,21.857,0.001,1774.48,4.858,1
90.21,25.51,262.975,20.594,246.843,56.503,10,0.125,6.524,0.001,1151.82,0.943,1
91.714409,25.222501,519.176,39.684,129.883,169.509,10,0.123,36.443,0.001,1935.91,8.702,1
92.006278,25.356461,910.475,37.615,191.913,254.263,10,0.122,34.364,0.001,1774.48,7.432,1
92.069472,25.490472,1224.332,19.855,332.599,545.626,30,0.123,13.576,0.05,1774.48,148.669,1
92.385231,25.261117,837.85,19.288,67.743,141.257,10,0.12,11.445,0.01,1774.48,24.272,1
91.988473,25.385535,1361.204,16.843,212.779,771.632,10,0.126,5.07,0.001,1774.48,1.131,1
91.647706,25.548089,1708.093,3.095,326.87,520.931,30,0.121,1.468,0.05,1969.54,17.485,1
92.104778,25.545139,1254.335,25.545,350.124,631.721,50,0.124,16.185,0.01,1774.48,35.675,1
92.209583,25.233583,662.866,18.717,203.76,427.522,10,0.122,5.79,0.001,1774.48,1.254,1
91.645033,25.549789,1693.505,20.199,3.471,205.674,10,0.121,6.369,0.001,1969.54,1.524,1
91.741225,25.2071,676.175,35.115,168.261,446.694,10,0.124,16.316,0.001,1774.48,3.578,1
92.055139,25.592972,980.124,38.635,136.382,84.754,30,0.126,28.167,0.05,1774.48,314.898,1
91.20908,25.20283,42.46,8.72,253.364,28.251,10,0.122,5.488,0.001,1755.4,1.171,1
91.858336,25.972964,336.395,33.072,97.59,84.754,10,0.124,17.919,0.001,1774.48,3.946,1
91.881583,25.853111,592.332,10.887,199.594,227.77,10,0.123,3.836,0.001,1774.48,0.842,1
92.504228,25.321975,1133.548,18.654,96.951,916.758,10,0.124,10.976,0.001,1774.48,2.419,1
91.646032,25.209427,592.274,25.556,178.646,300.317,10,0.124,13.201,0.001,1969.54,3.212,1
91.693551,25.229822,450.227,31.307,112.21,63.172,10,0.123,27.877,0.001,1935.91,6.632,1
91.817767,25.450628,1782.222,28.444,96.058,28.251,30,0.123,12.767,0.05,1774.48,139.042,1
91.90194,25.56667,1541.387,5.165,316.001,113.006,50,0.0,1.932,0.01,1774.48,0.0,1
91.645731,25.691453,1282.803,37.711,93.502,480.275,10,0.121,27.426,0.001,1969.54,6.556,1
91.01,25.8,534.645,12.731,307.193,79.907,10,0.125,9.14,0.001,1287.94,1.469,1
91.925218,25.302544,1181.248,13.945,319.877,101.862,30,0.126,3.991,0.15,1774.48,133.675,1
91.387092,25.221406,246.347,31.46,229.741,232.967,10,0.122,14.378,0.001,2132.4,3.724,1
90.18,25.67,301.843,14.757,349.851,171.847,10,0.124,4.288,0.001,1151.82,0.612,1
91.244417,25.549139,1326.967,11.661,162.31,252.689,30,0.118,8.169,0.05,1755.4,85.372,1
91.209156,25.572492,1257.578,21.115,220.283,56.503,50,0.123,8.88,0.01,1755.4,19.136,1
92.28894,25.42142,1325.846,4.722,148.565,220.651,30,0.126,0.988,0.05,1774.48,11.014,1
92.065517,25.211814,607.265,28.562,169.154,241.38,10,0.126,24.423,0.001,1774.48,5.454,1
92.0625,25.343028,1237.375,20.47,70.049,353.99,10,0.122,15.594,0.001,1774.48,3.379,1
91.896406,25.708426,880.745,19.0,227.858,518.628,30,0.121,7.785,0.01,1774.48,16.768,1
92.181333,25.439833,1295.344,36.778,93.101,84.754,30,0.124,17.188,0.05,1774.48,189.267,1
91.87197,26.02897,157.717,21.868,173.205,339.017,10,0.128,9.274,0.001,1774.48,2.107,1
90.63944,25.23908,76.779,17.294,47.764,315.861,10,0.127,6.917,0.001,1151.82,1.033,1
92.356889,25.091361,175.198,36.262,173.309,84.754,10,0.118,19.897,0.001,1774.48,4.202,1
92.351017,25.096592,141.87,40.822,73.952,178.678,10,0.121,14.602,0.001,1774.48,3.125,1
91.383208,25.266939,746.981,14.88,326.759,760.693,10,0.12,4.334,0.001,2132.4,1.115,1
92.077361,25.215611,689.519,12.679,183.323,227.77,10,0.126,3.534,0.001,1774.48,0.787,1
91.59103889,25.44743611,1617.074,18.315,139.305,395.52,10,0.12,14.497,0.001,1969.54,3.434,1
92.367964,25.149603,298.934,26.881,35.686,63.172,10,0.123,20.773,0.001,1774.48,4.51,1
91.931808,25.326063,983.184,35.493,342.234,305.586,10,0.124,23.826,0.001,1774.48,5.298,1
91.187,25.220764,448.143,20.522,265.142,141.257,30,0.124,10.08,0.05,1339.59,83.525,1
91.263214,25.527781,1337.676,15.826,53.723,178.678,50,0.118,6.184,0.01,1755.4,12.799,1
91.220686,25.565489,1341.546,9.5,55.026,404.499,30,0.123,2.44,0.05,1755.4,26.221,1
92.180639,25.148083,166.891,36.989,327.614,357.356,10,0.123,17.298,0.001,1774.48,3.76,1
92.007917,25.347444,1003.867,33.627,216.608,542.692,30,0.122,20.492,0.05,1774.48,221.751,1
91.817118,25.449349,1794.897,22.153,17.653,56.503,10,0.123,9.423,0.001,1774.48,2.051,1
92.242444,25.576806,1197.948,22.728,303.344,39.954,10,0.125,12.833,0.001,1774.48,2.836,1
91.176972,25.581983,1240.06,24.746,173.42,241.38,30,0.122,12.694,0.05,1339.59,103.538,1
91.877194,25.927972,584.193,16.269,234.886,439.489,10,0.122,7.531,0.001,1774.48,1.634,1
91.875111,25.619861,1223.79,29.633,278.995,539.743,10,0.125,15.762,0.001,1774.48,3.489,1
91.644486,25.700053,1241.137,34.307,18.247,278.244,10,0.122,12.042,0.001,1969.54,2.882,1
91.922585,25.301559,1183.74,34.365,348.803,56.503,10,0.125,22.968,0.001,1774.48,5.102,1
91.893414,25.32765,1444.506,12.35,278.301,171.847,50,0.122,5.949,0.01,1774.48,12.916,1
91.618106,25.5502,1637.689,26.647,95.18,164.733,30,0.12,11.806,0.05,1969.54,139.417,1
91.066778,25.667472,988.602,29.832,3.679,459.9,10,0.125,17.825,0.01,1400.26,31.096,1
91.867354,25.282608,1152.132,22.749,23.724,659.536,10,0.123,16.071,0.001,1774.48,3.519,1
91.656183,25.687442,1044.401,20.658,314.261,113.006,10,0.122,12.467,0.001,1935.91,2.945,1
91.738698,25.243783,1070.895,45.79,174.567,0.0,30,0.121,42.351,0.05,1935.91,497.825,1
91.234,25.201,14.541,1.778,161.282,197.76,30,0.123,0.367,0.05,1755.4,3.965,1
91.498556,25.587111,1575.233,17.697,10.083,310.766,30,0.121,5.397,0.05,2132.4,69.46,1
91.701458,25.226046,501.907,32.703,180.749,459.9,10,0.122,19.846,0.001,1935.91,4.69,1
92.178881,25.232417,789.76,14.698,310.222,357.356,30,0.123,5.63,0.05,1774.48,61.382,1
91.45242,25.31458,1318.448,36.55,84.644,455.541,10,0.123,22.523,0.001,2132.4,5.868,1
91.881,25.364889,1454.963,37.872,84.835,515.54,10,0.122,27.556,0.001,1774.48,6.011,1
91.563917,25.936583,478.589,37.404,255.95,482.761,10,0.122,17.514,0.001,1969.54,4.195,1
92.355972,25.097997,122.373,39.086,329.236,84.754,10,0.123,35.846,0.001,1774.48,7.789,1
91.747962,25.212554,597.494,35.409,144.256,101.862,10,0.123,32.117,0.001,1774.48,7.0,1
92.029531,25.184381,29.987,17.71,220.67,427.522,10,0.122,9.405,0.01,1774.48,20.484,1
91.268575,25.544906,1385.833,26.828,350.869,84.754,10,0.118,15.706,0.001,1755.4,3.26,1
92.069278,25.490475,1220.383,17.291,334.477,536.033,30,0.123,13.486,0.05,1774.48,147.697,1
91.659568,25.326032,1354.863,51.068,316.709,39.954,10,0.126,47.103,0.001,1935.91,11.397,1
91.872324,25.397287,1572.517,21.139,48.919,226.012,10,0.121,8.892,0.001,1774.48,1.917,1
92.51236,25.35093,1176.887,10.475,307.494,735.081,30,0.127,2.767,0.05,1774.48,31.251,1
91.714389,25.934889,282.422,20.485,268.965,84.754,10,0.128,14.89,0.001,1935.91,3.677,1
91.891461,25.34555,1526.102,29.414,304.888,419.988,50,0.119,17.53,0.05,1774.48,184.922,1
91.9245,25.301444,1208.163,21.994,20.552,159.814,10,0.126,7.078,0.001,1774.48,1.578,1
91.866626,25.24327,916.001,17.237,89.749,144.055,10,0.124,11.37,0.001,1774.48,2.503,1
92.335667,25.084611,124.313,23.423,199.528,56.503,10,0.122,19.68,0.001,1774.48,4.242,1
90.7005,25.48586,296.836,12.154,190.174,203.724,10,0.126,5.829,0.001,1151.82,0.843,1
92.103175,25.545083,1267.772,26.605,38.563,579.671,50,0.124,11.784,0.01,1774.48,25.917,1
91.309872,25.615092,1414.439,21.085,289.177,393.497,30,0.12,6.718,0.05,1755.4,70.771,1
92.363317,25.075567,159.455,28.737,151.817,315.861,10,0.12,12.923,0.001,1774.48,2.763,1
91.938389,25.324861,849.982,21.729,152.97,542.692,10,0.124,6.973,0.001,1774.48,1.535,1
91.163172,25.629683,1241.992,21.924,246.863,438.58,10,0.122,7.05,0.001,1339.59,1.151,1
92.361083,25.083361,201.508,18.195,263.609,0.0,10,0.12,14.379,0.001,1774.48,3.044,1
91.828292,25.572312,1340.332,39.068,315.267,329.466,10,0.123,35.827,0.001,1774.48,7.798,1
92.008278,25.346972,977.385,36.968,212.156,530.796,10,0.122,30.099,0.001,1774.48,6.5,1
92.370786,25.073731,81.355,34.444,142.435,39.954,10,0.121,29.132,0.001,1774.48,6.269,1
91.094806,25.670083,978.383,33.289,304.066,282.514,10,0.124,18.054,0.001,1400.26,3.139,1
91.02,25.79,568.816,14.611,300.235,199.768,10,0.123,7.373,0.001,1400.26,1.271,1
91.935222,25.325889,948.262,27.17,68.844,536.777,10,0.125,14.214,0.001,1774.48,3.142,1
92.589778,25.333758,1134.572,14.771,25.885,357.356,30,0.124,5.666,0.05,1774.48,62.531,1
92.417747,25.164133,346.25,15.108,179.513,581.733,10,0.122,5.83,0.001,1774.48,1.262,1
92.102033,25.544506,1285.041,25.435,344.364,568.549,50,0.123,13.125,0.001,1774.48,2.873,1
91.580161,25.282943,955.887,36.304,150.352,359.582,10,0.125,33.033,0.001,1969.54,8.1,1
92.096972,25.542806,1313.19,26.383,329.377,511.655,50,0.123,11.666,0.001,1774.48,2.543,1
91.648044,25.692947,1163.104,19.224,95.108,430.313,30,0.121,10.425,0.001,1969.54,2.483,1
91.765256,25.222528,592.182,38.663,0.8,758.066,10,0.121,21.364,0.001,1774.48,4.587,1
91.050361,25.436306,617.488,11.883,207.684,144.055,10,0.121,3.252,0.001,1400.26,0.554,1
92.399047,25.052236,60.839,21.06,175.474,101.862,10,0.123,8.851,0.001,1774.48,1.942,1
91.056556,25.690833,912.849,16.926,155.148,152.139,10,0.123,9.713,0.001,1400.26,1.676,1
91.874917,25.389028,1417.497,29.382,24.6,791.545,30,0.123,25.872,0.05,1774.48,282.481,1
91.753423,25.576847,1706.663,20.273,3.759,367.269,30,0.123,9.929,0.05,1774.48,108.172,1
91.87005,25.614537,1277.415,28.574,332.015,539.743,10,0.125,9.728,0.001,1774.48,2.151,1
91.726722,25.300389,1507.731,25.705,139.673,431.24,10,0.121,13.294,0.001,1935.91,3.091,1
92.180472,25.426194,1352.082,21.938,353.992,404.499,10,0.123,13.432,0.001,1774.48,2.924,1
91.206556,25.536889,1337.404,29.754,311.327,430.313,10,0.121,15.838,0.001,1755.4,3.354,1
91.73361111,25.49833333,1712.653,4.55,230.905,255.828,60,0.123,2.422,0.05,1935.91,28.988,1
91.055144,25.647514,965.09,20.632,337.459,239.721,10,0.124,6.539,0.001,1400.26,1.132,1
92.222064,25.136047,155.895,42.537,291.196,56.503,10,0.122,33.224,0.001,1774.48,7.168,1
91.97208333,25.35861111,1170.111,18.967,256.949,679.211,50,0.123,5.887,0.01,1774.48,12.807,1
91.73898,25.206686,649.243,31.027,169.186,312.047,10,0.124,27.586,0.001,1774.48,6.082,1
92.226278,25.559778,1269.054,14.255,168.155,511.655,10,0.126,7.145,0.001,1774.48,1.595,1
91.871851,25.391723,1571.148,34.971,268.507,404.499,30,0.122,19.1,0.01,1774.48,41.822,1
91.657153,25.763347,842.777,19.192,249.358,178.678,10,0.122,7.884,0.001,1935.91,1.863,1
91.525222,25.158643,50.727,22.483,357.059,482.761,10,0.121,11.287,0.001,2132.4,2.92,1
91.054778,25.698667,859.298,19.645,241.846,503.003,10,0.123,12.596,0.001,1400.26,2.188,1
91.65815,25.180032,107.472,21.604,1.333,141.257,10,0.123,9.135,0.001,1935.91,2.168,1
92.361667,25.079,182.95,31.176,278.196,89.339,10,0.119,16.732,0.001,1774.48,3.539,1
92.203,25.263806,666.549,28.026,229.944,152.139,10,0.123,21.839,0.001,1774.48,4.761,1
92.223278,25.229972,414.255,32.113,359.08,215.157,10,0.12,19.431,0.001,1774.48,4.139,1
91.909806,26.007083,196.297,25.689,61.047,39.954,10,0.126,22.025,0.001,1774.48,4.917,1
92.330142,25.561281,1055.339,21.943,345.487,141.257,30,0.123,18.16,0.05,1774.48,197.324,1
91.893423,25.349742,1548.099,18.834,291.671,500.617,30,0.12,11.109,0.05,1774.48,117.893,1
91.929306,25.301167,1113.32,15.617,125.981,0.0,10,0.124,11.857,0.001,1774.48,2.62,1
91.833286,25.568837,1475.627,27.162,85.601,353.99,30,0.122,12.082,0.001,1774.48,2.612,1
90.808153,25.565569,403.276,7.255,70.768,28.251,40,0.124,1.723,0.001,1151.82,0.246,1
91.738428,25.206573,653.382,33.843,179.603,312.047,10,0.124,30.506,0.001,1935.91,7.341,1
91.158528,25.644222,1199.156,24.61,234.394,79.907,30,0.121,10.721,0.05,1339.59,87.434,1
92.400678,25.049744,71.429,12.845,226.388,252.689,10,0.124,3.593,0.001,1774.48,0.794,1
89.98,25.57,40.597,9.351,266.273,379.033,10,0.123,3.71,0.001,1151.82,0.527,1
90.33,25.62,674.005,2.779,256.007,0.0,10,0.128,1.277,0.001,1151.82,0.189,1
91.096139,25.671944,984.094,20.724,318.085,101.862,10,0.124,8.676,0.001,1400.26,1.506,1
91.250286,25.550122,1327.706,20.693,329.486,63.172,30,0.119,6.563,0.05,1755.4,68.433,1
92.04425,25.463778,1462.847,19.965,12.64,368.354,10,0.123,8.282,0.001,1774.48,1.813,1
91.761486,25.188327,133.201,17.464,127.942,367.269,10,0.122,7.003,0.001,1774.48,1.509,1
91.740497,25.206885,667.135,32.989,178.175,379.033,10,0.124,25.075,0.001,1774.48,5.51,1
92.357906,25.087917,233.828,38.168,305.438,243.028,10,0.119,23.632,0.001,1774.48,4.973,1
90.06033889,25.38163333,78.187,19.201,80.704,28.251,10,0.126,7.889,0.001,1151.82,1.144,1
91.450545,25.247518,773.407,39.869,128.773,493.39,10,0.123,24.785,0.001,2132.4,6.513,1
92.181083,25.439889,1313.023,27.813,107.601,113.006,10,0.124,9.42,0.001,1774.48,2.075,1
90.814503,25.552992,493.553,30.289,118.362,203.724,30,0.125,13.753,0.05,1151.82,98.667,1
91.747094,25.243358,1108.41,33.523,173.647,254.263,30,0.122,22.326,0.05,1774.48,242.658,1
92.345397,25.281122,844.024,35.765,91.328,144.055,30,0.124,19.591,0.05,1774.48,215.154,1
91.863883,25.998847,295.608,27.337,205.531,116.484,10,0.125,14.319,0.001,1774.48,3.167,1
91.875273,25.269949,1060.798,26.058,82.401,101.862,10,0.125,13.516,0.05,1774.48,149.833,1
91.9275,25.320833,1097.797,27.012,87.548,679.211,10,0.126,12.002,0.001,1774.48,2.675,1
91.882861,25.759278,768.071,7.523,329.0,419.988,10,0.123,1.805,0.001,1774.48,0.395,1
91.744914,25.20655,554.036,27.985,146.64,543.427,10,0.123,24.415,0.001,1774.48,5.323,1
92.206058,25.153272,81.649,33.844,56.983,197.76,10,0.125,22.571,0.001,1774.48,4.978,1
92.380058,25.068158,58.869,28.192,44.469,56.503,10,0.125,12.632,0.001,1774.48,2.799,1
91.02,25.81,434.924,20.469,114.932,28.251,30,0.126,14.102,0.05,1400.26,123.892,1
91.881361,25.852222,597.687,12.567,250.312,283.923,10,0.125,3.494,0.05,1774.48,38.489,1
91.798278,26.08125,115.131,29.59,341.745,84.754,10,0.126,22.083,0.001,1774.48,4.947,1
91.159222,25.643494,1208.031,15.882,222.726,89.339,30,0.121,4.708,0.05,1339.59,38.338,1
91.735929,25.224654,1033.647,30.016,44.423,359.582,10,0.123,13.607,0.05,1935.91,162.358,1
92.69525,25.309969,1148.585,15.577,101.891,555.053,30,0.125,7.128,0.05,1774.48,79.013,1
92.200472,25.200333,633.841,24.528,269.368,116.484,10,0.122,10.678,0.001,1774.48,2.311,1
91.736208,25.205623,554.236,34.062,271.009,226.012,10,0.124,18.536,0.001,1935.91,4.445,1
91.726475,25.298951,1489.515,25.954,101.59,493.39,30,0.119,19.912,0.05,1935.91,230.868,1
92.2235,25.229167,459.226,27.043,42.123,227.77,10,0.12,14.134,0.001,1774.48,3.007,1
91.644528,25.696489,1224.505,27.913,139.339,282.514,10,0.122,19.371,0.001,1969.54,4.645,1
91.47,25.84,359.505,16.921,35.69,452.905,10,0.122,6.73,0.001,2132.4,1.753,1
91.710947,25.219787,517.362,38.957,111.773,384.261,10,0.123,18.317,0.001,1935.91,4.349,1
91.205647,25.533183,1351.645,18.205,247.568,645.47,10,0.12,14.388,0.001,1755.4,3.044,1
92.687219,25.318161,907.521,22.76,138.814,63.172,10,0.124,18.997,0.001,1774.48,4.172,1
91.185681,25.618994,1145.333,23.619,98.599,463.358,10,0.122,18.608,0.001,1339.59,3.045,1
91.874694,25.386583,1533.605,34.22,257.885,859.234,30,0.123,20.907,0.05,1774.48,228.8,1
91.860028,25.599815,1298.476,27.503,175.987,84.754,30,0.124,14.423,0.05,1774.48,158.612,1
91.224269,25.288467,673.169,36.334,57.348,39.954,10,0.123,19.942,0.001,1755.4,4.31,1
92.213508,25.150286,46.013,22.587,172.302,39.954,10,0.124,7.314,0.001,1774.48,1.614,1
91.548883,25.945619,221.906,32.996,183.884,215.157,10,0.126,20.051,0.001,2132.4,5.366,1
91.086289,25.455817,705.178,15.167,153.825,39.954,10,0.122,4.44,0.001,1400.26,0.76,1
91.091167,25.666028,937.377,24.2,301.924,339.017,10,0.124,20.482,0.001,1400.26,3.549,1
91.562372,25.971897,279.289,32.105,359.641,152.139,10,0.126,21.239,0.001,1969.54,5.244,1
91.533039,25.289055,910.962,40.219,246.833,442.205,10,0.125,29.426,0.001,2132.4,7.828,1
91.546622,25.9545,178.405,34.069,268.753,199.768,10,0.125,24.463,0.001,2132.4,6.509,1
91.07975,25.678306,985.429,14.809,316.053,290.866,30,0.124,5.684,0.45,1400.26,445.078,1
92.37705,25.192422,633.111,27.192,140.979,28.251,10,0.124,17.453,0.001,1774.48,3.848,1
91.892506,25.34815,1523.801,22.011,264.829,396.528,10,0.12,18.229,0.05,1774.48,193.725,1
91.866071,25.234097,858.249,18.266,58.429,79.907,10,0.123,7.41,0.001,1774.48,1.613,1
91.646662,25.209703,601.201,27.577,148.77,279.675,10,0.124,12.303,0.001,1969.54,3.0,1
91.237072,25.552647,1343.721,0.534,37.153,282.514,30,0.119,0.058,0.05,1755.4,0.612,1
91.746839,25.207515,531.923,35.628,80.66,367.269,10,0.123,12.57,0.001,1774.48,2.752,1
91.225711,25.563239,1305.313,24.217,251.224,330.675,30,0.122,20.013,0.05,1755.4,214.135,1
92.5849,25.343939,1086.02,22.488,309.517,799.071,10,0.125,18.718,0.001,1774.48,4.145,1
91.577214,25.994619,363.358,11.464,154.554,159.814,10,0.124,3.106,0.001,1969.54,0.757,1
91.158153,25.644944,1194.401,20.401,247.697,79.907,30,0.122,15.528,0.05,1339.59,126.771,1
91.690972,25.227183,465.438,30.621,29.028,28.251,10,0.124,10.557,0.001,1935.91,2.523,1
90.21486,25.25419,41.285,3.093,16.939,340.192,40,0.125,1.467,0.15,1151.82,31.84,1
91.038136,25.376992,595.39,29.237,126.235,786.994,30,0.124,24.075,0.05,1400.26,209.589,1
91.872232,25.615134,1277.497,26.543,307.468,683.895,10,0.124,22.913,0.001,1774.48,5.055,1
91.762714,25.348394,1550.53,23.616,38.681,503.003,10,0.124,7.726,0.001,1774.48,1.7,1
91.871711,25.614912,1284.072,37.42,351.05,689.706,10,0.124,17.522,0.001,1774.48,3.868,1
91.690216,25.23416,622.941,20.519,52.1,459.9,10,0.126,6.495,0.001,1935.91,1.578,1
92.203628,25.262931,659.111,29.265,229.663,197.76,10,0.123,24.101,0.001,1774.48,5.26,1
91.973639,25.536972,1642.188,8.057,39.594,671.529,40,0.123,2.603,0.15,1774.48,85.081,1
92.5735,25.35465,996.819,16.527,168.086,639.257,30,0.123,7.683,0.05,1774.48,84.065,1
91.882639,25.359985,1512.607,36.989,189.156,518.628,30,0.121,20.344,0.05,1774.48,218.93,1
91.225694,25.508,1373.145,21.871,185.941,84.754,30,0.117,9.275,0.001,1755.4,1.904,1
90.21678,25.51028,323.323,14.587,163.441,215.157,50,0.128,8.044,0.01,1151.82,11.81,1
90.33,25.63,645.495,13.163,263.273,432.164,30,0.129,5.753,0.05,1151.82,42.692,1
90.63216111,25.21273889,39.941,21.138,256.251,300.317,10,0.124,11.733,0.001,1151.82,1.671,1
92.388583,25.12186,120.812,35.179,324.293,164.733,10,0.124,16.35,0.001,1774.48,3.612,1
91.180708,25.602683,1059.273,19.742,316.814,89.339,30,0.122,8.167,0.01,1339.59,13.34,1
92.429333,25.044833,242.335,27.646,150.959,419.988,10,0.123,22.522,0.001,1774.48,4.869,1
92.360322,25.083061,225.98,33.328,99.198,56.503,10,0.119,20.283,0.001,1774.48,4.293,1
91.887028,25.626417,1249.085,14.24,85.205,141.257,10,0.124,5.408,0.001,1774.48,1.192,1
91.923167,25.298806,1224.09,3.321,163.106,339.017,30,0.125,1.609,0.05,1774.48,17.863,1
92.388083,25.126972,108.65,31.872,125.841,116.484,10,0.122,25.416,0.001,1774.48,5.504,1
91.266444,25.519556,1328.706,7.406,115.649,56.503,50,0.211,1.769,0.01,1755.4,5.692,1
91.764766,25.390714,1745.781,35.579,124.065,481.105,10,0.124,27.334,0.05,1774.48,301.43,1
91.7831,26.086975,77.807,15.812,152.804,254.263,10,0.128,9.586,0.01,1774.48,21.671,1
91.217222,25.569222,1292.142,23.487,211.853,89.339,10,0.123,10.126,0.001,1755.4,2.193,1
91.573658,25.181759,81.138,27.84,238.264,266.524,10,0.125,14.635,0.001,1969.54,3.595,1
92.10214,25.54264,1331.631,9.249,117.003,759.118,10,0.123,2.357,0.001,1774.48,0.518,1
91.89733611,25.64906111,1083.525,17.412,188.951,197.76,30,0.126,11.515,0.001,1774.48,2.565,1
91.68776,25.23572,702.439,25.058,118.802,562.906,10,0.125,8.306,0.001,1935.91,2.016,1
92.096172,25.236428,804.633,14.642,159.493,79.907,10,0.123,4.246,0.001,1774.48,0.923,1
92.239928,25.157592,86.646,28.383,11.146,113.006,10,0.12,24.831,0.001,1774.48,5.311,1
91.679575,25.535628,1747.166,13.375,141.816,329.466,40,0.118,4.993,0.15,1935.91,171.852,1
91.719631,25.509358,1732.995,13.385,236.187,56.503,30,0.123,3.787,0.05,1935.91,45.228,1
91.869632,25.614112,1291.612,22.844,320.107,481.105,10,0.124,9.787,0.001,1774.48,2.164,1
90.969222,25.311336,383.314,21.214,66.41,339.017,10,0.126,10.504,0.001,1287.94,1.705,1
90.31,25.61,677.469,16.179,308.637,28.251,10,0.125,4.819,0.001,1151.82,0.697,1
91.707094,25.218961,541.331,33.824,232.154,657.112,10,0.121,15.635,0.001,1935.91,3.662,1
91.856222,25.60339,1226.556,33.72,341.647,480.275,10,0.124,30.379,0.001,1774.48,6.677,1
91.176394,25.599817,1086.601,11.558,323.093,180.897,10,0.122,6.427,0.001,1339.59,1.048,1
92.0125,25.541611,1414.643,24.395,92.368,509.31,10,0.121,15.303,0.001,1774.48,3.291,1
91.863037,25.225772,790.934,13.868,182.928,39.954,10,0.123,3.962,0.001,1774.48,0.87,1
91.637545,25.181969,37.042,29.082,315.756,39.954,10,0.123,21.635,0.001,1969.54,5.227,1
91.45855,25.4013,1554.45,21.874,131.61,357.356,50,0.12,9.277,0.01,2132.4,23.671,1
92.107806,25.746806,901.791,14.264,200.621,455.541,10,0.122,4.107,0.001,1774.48,0.889,1
91.868197,25.256259,964.951,24.606,235.103,79.907,10,0.126,20.902,0.001,1774.48,4.663,1
91.889417,25.359611,1562.639,42.518,338.633,599.304,10,0.12,15.248,0.001,1774.48,3.245,1
91.777559,25.338631,1410.84,38.12,349.575,791.545,10,0.126,21.034,0.001,1774.48,4.679,1
91.874568,25.382428,1515.006,37.877,279.452,791.545,10,0.124,20.886,0.001,1774.48,4.587,1
91.767889,25.35525,1602.603,40.885,142.206,527.78,10,0.124,29.95,0.001,1774.48,6.62,1
91.28443,25.51973,1442.82,2.254,225.022,304.277,40,0.116,0.658,0.15,1755.4,20.187,1
90.37,25.56,679.748,19.72,208.234,503.003,10,0.126,13.461,0.001,1151.82,1.952,1
91.844234,25.637274,1249.658,28.329,343.489,487.695,10,0.123,20.97,0.001,1774.48,4.586,1
91.235733,25.546456,1317.335,26.047,20.569,56.503,10,0.12,13.509,0.05,1755.4,141.939,1
91.06105,25.436875,685.518,18.915,61.653,226.012,10,0.122,12.778,0.001,1400.26,2.188,1
91.866528,25.430167,1609.711,30.925,68.956,393.497,10,0.124,27.48,0.001,1774.48,6.035,1
91.918861,25.5275,1773.498,21.606,123.746,310.766,10,0.124,6.924,0.001,1774.48,1.523,1
91.174728,25.239068,515.146,37.281,46.994,849.425,30,0.124,25.175,0.05,1339.59,209.684,1
91.235222,25.546553,1329.027,29.725,23.729,63.172,10,0.12,15.82,0.05,1755.4,165.989,1
91.095233,25.6715,980.773,19.394,297.937,199.768,10,0.124,6.054,0.001,1400.26,1.051,1
91.843235,25.636913,1259.936,24.606,358.316,482.761,30,0.123,12.607,0.05,1774.48,138.065,1
91.205492,25.534486,1343.007,17.619,309.946,652.235,10,0.121,8.329,0.001,1755.4,1.764,1
91.740164,25.223769,970.007,30.835,22.83,396.528,10,0.123,25.633,0.001,1774.48,5.591,1
91.26188611,25.52901389,1360.547,20.418,97.551,310.766,10,0.118,8.517,0.001,1755.4,1.764,1
92.371186,25.074439,118.983,33.507,118.101,39.954,10,0.121,11.722,0.001,1774.48,2.51,1
92.35925,25.092083,199.366,29.017,178.559,63.172,10,0.12,25.492,0.001,1774.48,5.39,1
91.693006,25.22175,458.373,24.212,71.718,197.76,10,0.122,12.361,0.001,1935.91,2.924,1
91.968889,25.951106,536.706,18.497,343.587,39.954,10,0.123,7.528,0.15,1774.48,246.657,1
91.163575,25.496367,1186.13,19.715,293.167,63.172,10,0.12,6.179,0.05,1339.59,49.772,1
91.721317,25.423674,1683.613,33.381,15.179,126.344,50,0.121,20.32,0.05,1935.91,238.629,1
91.189944,25.581822,1255.386,14.477,18.054,349.451,10,0.122,5.522,0.001,1339.59,0.9,1
91.658069,25.688011,1025.02,29.436,345.398,178.678,10,0.122,20.636,0.001,1935.91,4.851,1
91.70312778,25.51046111,1778.011,10.628,251.078,215.157,30,0.124,3.719,0.05,1935.91,44.725,1
92.35705,25.117453,176.961,32.954,115.108,220.651,10,0.121,15.173,0.001,1774.48,3.258,1
91.88272222,25.62,1256.584,11.561,125.259,340.192,50,0.122,8.079,0.001,1774.48,1.763,1
92.350194,25.112806,245.826,42.649,123.25,28.251,10,0.122,39.359,0.001,1774.48,8.493,1
92.404822,25.047906,80.508,22.651,60.19,79.907,10,0.124,7.34,0.001,1774.48,1.619,1
91.891803,25.711032,824.961,18.043,190.995,28.251,30,0.122,8.581,0.05,1774.48,92.598,1
91.86692,26.00294,403.537,4.971,321.358,371.59,10,0.124,1.056,0.001,1774.48,0.231,1
91.917528,25.311778,1154.514,21.739,132.033,28.251,10,0.125,15.195,0.001,1774.48,3.351,1
91.102908,25.669678,1021.89,25.121,359.173,266.524,10,0.124,10.993,0.001,1400.26,1.907,1
92.609725,25.375806,1048.536,6.459,48.912,849.425,10,0.126,1.482,0.001,1774.48,0.334,1
92.079564,25.189106,106.444,45.386,338.247,101.862,10,0.123,33.404,0.001,1774.48,7.255,1
91.2325,25.551667,1326.134,23.526,64.997,63.172,10,0.12,7.69,0.001,1755.4,1.621,1
91.769704,25.398345,1798.778,14.627,115.615,227.77,10,0.124,4.24,0.001,1774.48,0.936,1
91.599333,25.895583,416.781,28.573,30.77,79.907,10,0.122,9.728,0.001,1969.54,2.323,1
92.20138889,25.44741667,1359.387,20.342,164.137,465.935,50,0.124,8.478,0.01,1774.48,18.615,1
92.202528,25.266222,675.819,25.955,5.135,169.509,10,0.123,13.451,0.001,1774.48,2.935,1
92.692311,25.316519,940.658,33.353,312.065,141.257,10,0.125,30.0,0.001,1774.48,6.617,1
91.932,25.296,1099.905,26.994,307.465,119.861,10,0.124,11.991,0.001,1774.48,2.644,1
91.575,25.277934,1255.572,35.822,60.24,617.021,30,0.122,27.544,0.05,1969.54,331.43,1
91.974469,25.359331,1169.262,31.235,310.645,864.789,10,0.122,14.258,0.001,1774.48,3.092,1
92.130417,25.312667,1138.575,10.823,283.677,84.754,10,0.122,2.885,0.001,1774.48,0.625,1
91.703961,25.509233,1776.5,12.91,161.834,340.192,30,0.124,4.772,0.05,1935.91,57.423,1
91.891,25.345,1528.326,26.048,303.23,455.541,50,0.119,13.51,0.05,1774.48,142.343,1
92.38155,25.134293,244.02,34.846,17.38,189.516,10,0.121,12.258,0.001,1774.48,2.632,1
91.708236,25.507586,1775.405,12.638,19.644,141.257,30,0.124,3.519,0.05,1935.91,42.259,1
91.99194444,25.39611111,1440.7,18.636,299.491,883.055,10,0.125,5.759,0.001,1774.48,1.282,1
91.577794,25.273477,1283.234,35.263,41.822,745.859,10,0.122,28.543,0.001,1969.54,6.846,1
92.618839,25.363156,1067.679,9.381,67.553,595.965,10,0.124,2.4,0.001,1774.48,0.529,1
92.221119,25.230047,427.201,26.012,21.838,404.499,10,0.121,22.361,0.001,1774.48,4.804,1
91.284283,25.545939,1434.081,34.466,333.869,84.754,30,0.118,12.106,0.001,1755.4,2.497,1
90.807167,25.479069,320.616,19.62,231.04,404.499,10,0.125,6.142,0.001,1151.82,0.885,1
92.069033,25.489833,1237.111,18.269,329.962,609.865,30,0.124,14.452,0.05,1774.48,158.612,1
91.769417,25.397722,1791.003,16.409,145.428,300.317,10,0.124,6.473,0.001,1774.48,1.431,1
92.365028,25.104417,320.602,38.837,290.613,499.819,10,0.122,18.255,0.001,1774.48,3.929,1
92.692,25.316519,925.955,33.952,323.341,119.861,10,0.125,30.619,0.001,1774.48,6.747,1
91.11,25.8,507.618,22.512,342.771,63.172,10,0.121,7.285,0.001,1339.59,1.179,1
91.134778,25.644833,1215.072,23.847,278.071,548.544,10,0.122,12.133,0.001,1339.59,1.982,1
91.679456,25.237221,652.496,24.822,254.922,288.109,10,0.127,21.126,0.001,1935.91,5.188,1
91.635431,25.660539,1386.591,13.958,18.62,141.257,30,0.122,5.272,0.001,1969.54,1.263,1
91.871158,25.614807,1275.341,35.183,345.333,644.232,10,0.124,19.231,0.001,1774.48,4.248,1
91.915944,25.663444,943.999,17.67,143.024,79.907,30,0.123,7.107,0.05,1774.48,77.815,1
91.75219,25.577212,1663.663,23.141,330.816,305.586,30,0.123,15.431,0.05,1774.48,167.995,1
91.883122,25.359923,1519.069,34.978,182.479,493.39,30,0.12,16.244,0.05,1774.48,174.459,1
90.3,25.61,693.4,9.35,358.865,322.116,10,0.126,6.149,0.001,1151.82,0.891,1
92.054889,25.970062,596.12,29.575,162.251,371.59,30,0.123,26.073,0.05,1774.48,284.258,1
91.037139,25.628361,913.864,19.095,296.484,266.524,10,0.124,15.276,0.05,1400.26,133.16,1
91.162786,25.632286,1258.358,24.452,213.669,164.733,30,0.122,10.637,0.05,1339.59,86.981,1
91.940667,25.324583,829.695,26.377,190.087,598.637,10,0.124,11.662,0.001,1774.48,2.562,1
91.53712,25.40547,1449.312,18.109,8.356,205.674,30,0.118,7.33,0.05,2132.4,92.561,1
90.68,25.50781,353.261,7.949,54.303,595.965,10,0.127,1.939,0.001,1151.82,0.281,1
92.11539,25.53458,1239.936,15.243,200.598,565.735,10,0.124,9.733,0.001,1774.48,2.134,1
91.88225,25.760611,747.453,13.635,148.985,322.116,10,0.123,5.117,0.001,1774.48,1.114,1
92.19525,25.43630556,1349.476,13.511,80.845,559.35,50,0.197,7.848,0.01,1774.48,26.228,1
91.874884,25.27142,1067.528,21.561,76.966,84.754,10,0.125,17.77,0.001,1774.48,3.941,1
91.885111,25.359306,1456.533,39.622,197.994,367.269,30,0.121,14.14,0.05,1774.48,151.448,1
91.570335,25.18092,40.5,21.961,12.197,144.055,10,0.124,9.322,0.001,1969.54,2.281,1
92.109694,25.696556,834.127,12.685,298.618,0.0,40,0.124,9.098,0.15,1774.48,300.05,1
92.370953,25.075167,130.685,33.167,99.249,56.503,10,0.12,25.231,0.001,1774.48,5.387,1
91.973477,25.358977,1176.9,31.869,331.993,822.694,10,0.123,14.596,0.001,1774.48,3.17,1
91.709405,25.216805,540.549,39.919,113.333,371.59,10,0.122,14.255,0.001,1935.91,3.358,1
91.276144,25.545206,1395.361,25.083,13.179,56.503,10,0.117,10.973,0.05,1755.4,112.399,1
91.876944,25.376083,1407.72,43.859,48.266,568.549,10,0.124,32.251,0.001,1774.48,7.121,1
90.818103,25.557833,502.481,18.093,144.848,315.861,30,0.125,14.277,0.05,1151.82,103.036,1
91.224333,25.507528,1354.666,27.651,166.908,56.503,30,0.117,16.286,0.05,1755.4,166.771,1
92.001556,25.539611,1533.369,25.018,311.475,556.489,10,0.123,12.865,0.01,1774.48,28.095,1
91.521389,25.523,1573.085,15.369,196.045,39.954,50,0.124,5.958,0.01,2132.4,15.754,1
92.37394,25.11303,28.677,25.029,137.992,39.954,10,0.123,12.871,0.001,1774.48,2.819,1
91.325403,25.545642,1486.082,20.167,111.278,56.503,30,0.121,16.354,0.05,1755.4,173.871,1
92.198194,25.156889,54.331,20.822,46.546,89.339,10,0.123,8.727,0.001,1774.48,1.901,1
91.872484,25.394983,1567.974,39.61,95.401,344.853,10,0.121,21.936,0.001,1774.48,4.724,1
92.2215,25.231383,394.739,22.445,127.47,310.766,10,0.121,12.637,0.001,1774.48,2.711,1
92.359111,25.079028,231.831,38.837,120.31,141.257,10,0.12,18.255,0.001,1774.48,3.864,1
91.917379,25.59578,1494.854,13.679,39.598,254.263,10,0.122,10.018,0.001,1774.48,2.161,1
91.227694,25.560931,1294.0,23.102,230.171,79.907,30,0.122,11.67,0.45,1755.4,1120.775,1
91.206972,25.53725,1326.961,21.991,353.686,407.448,10,0.121,12.322,0.001,1755.4,2.61,1
90.44,25.79,203.506,9.047,357.375,384.261,10,0.123,2.291,0.001,1151.82,0.324,1
92.201147,25.202886,645.83,15.132,294.213,56.503,10,0.123,4.427,0.001,1774.48,0.964,1
92.217497,25.143969,98.666,33.072,347.958,252.689,10,0.123,17.919,0.001,1774.48,3.897,1
91.851852,25.64213,1113.736,23.782,29.984,603.947,10,0.125,10.282,0.001,1774.48,2.281,1
91.223883,25.507378,1343.01,26.389,161.151,39.954,30,0.117,16.834,0.05,1755.4,172.243,1
91.34622,25.44465,1465.106,13.301,226.567,28.251,30,0.119,7.152,0.15,1755.4,224.299,1
91.057,25.691444,922.698,12.828,54.216,180.897,30,0.123,3.587,0.001,1400.26,0.619,1
91.071747,25.295881,393.834,24.295,87.241,169.509,10,0.124,13.926,0.001,1400.26,2.416,1
91.884164,25.391265,1273.016,32.189,105.113,509.31,30,0.124,11.191,0.001,1774.48,2.466,1
91.208528,25.537636,1325.207,32.163,349.53,479.443,10,0.121,21.284,0.001,1755.4,4.504,1
92.381497,25.264575,873.997,23.43,37.008,141.257,10,0.121,13.322,0.001,1774.48,2.86,1
91.826228,25.571555,1301.719,34.582,324.466,282.514,10,0.122,18.859,0.001,1774.48,4.084,1
91.154383,25.649856,1158.112,2.848,208.054,0.0,30,0.122,1.318,0.001,1339.59,0.215,1
91.56964,25.295624,1257.997,45.001,313.612,349.451,10,0.123,25.097,0.001,1969.54,6.058,1
92.386975,25.062025,45.217,23.291,341.829,56.503,10,0.125,7.596,0.001,1774.48,1.673,1
91.878497,25.365263,1547.484,15.032,284.074,735.081,10,0.125,4.39,0.001,1774.48,0.968,1
91.691293,25.227063,456.77,28.633,31.213,28.251,10,0.124,15.134,0.001,1935.91,3.612,1
91.6485,25.687056,1126.145,30.151,55.525,28.251,10,0.122,26.674,0.05,1969.54,320.381,1
91.740262,25.218732,965.391,25.117,68.411,530.796,10,0.124,10.991,0.001,1774.48,2.411,1
91.828833,25.57255,1344.292,38.53,338.61,340.192,10,0.123,13.715,0.001,1774.48,2.987,1
91.756477,25.381107,1751.905,32.483,123.052,589.907,30,0.124,21.529,0.05,1774.48,236.12,1
91.860814,25.599762,1290.775,17.799,199.247,0.0,40,0.124,13.987,0.001,1774.48,3.069,1
92.358378,25.114997,94.845,30.112,93.86,141.257,10,0.121,26.633,0.001,1774.48,5.753,1
92.118833,25.704083,831.818,13.853,80.279,56.503,10,0.123,3.957,0.001,1774.48,0.863,1
91.876487,25.627946,1179.552,30.018,298.934,294.954,10,0.124,21.118,0.001,1774.48,4.649,1
91.829725,25.626794,1430.013,20.744,136.919,404.499,30,0.121,11.462,0.05,1774.48,123.587,1
90.34,25.56,755.379,22.784,185.731,283.923,10,0.124,7.393,0.001,1151.82,1.06,1
91.86235,25.997033,308.428,28.114,323.073,116.484,10,0.124,14.807,0.001,1774.48,3.269,1
92.35869,25.08586,355.798,8.575,140.957,380.084,10,0.119,2.138,0.001,1774.48,0.452,1
92.191308,25.151189,164.708,35.245,342.976,465.935,10,0.124,16.385,0.001,1774.48,3.578,1
92.1,25.54231,1324.711,22.461,320.369,634.872,10,0.123,9.585,0.001,1774.48,2.094,1
91.034889,25.361056,540.012,14.158,67.548,481.105,30,0.126,4.068,0.05,1400.26,35.933,1
91.8838,25.360004,1515.273,30.602,180.993,465.935,30,0.12,13.92,0.05,1774.48,149.046,1
91.851055,25.642198,1103.837,27.908,4.75,593.953,10,0.125,24.336,0.001,1774.48,5.395,1
91.561125,25.972322,273.481,25.775,25.252,180.897,10,0.126,11.341,0.001,1969.54,2.803,1
92.415139,25.527489,1247.117,13.615,327.82,283.923,10,0.126,5.107,0.001,1774.48,1.138,1
92.351128,25.111331,264.688,41.782,47.867,101.862,10,0.121,26.063,0.001,1774.48,5.601,1
91.520556,25.545722,1670.35,10.716,359.649,494.198,40,0.122,4.421,0.05,2132.4,57.359,1
92.359972,25.081381,213.885,26.786,76.304,84.754,10,0.119,15.677,0.001,1774.48,3.308,1
91.1782,25.599575,1133.379,20.528,341.587,283.923,30,0.121,6.498,0.05,1339.59,52.847,1
91.73381,25.217886,872.103,14.625,223.582,141.257,10,0.123,10.211,0.001,1935.91,2.442,1
91.46977,25.38803,1529.037,13.418,212.958,315.861,30,0.119,6.614,0.05,2132.4,83.727,1
92.43675,25.038361,322.366,29.477,229.651,487.695,50,0.119,13.319,0.001,1774.48,2.817,1
90.03,25.6,76.453,7.003,53.987,417.128,10,0.125,1.646,0.001,1151.82,0.237,1
92.045428,25.214153,583.573,17.621,200.009,89.339,10,0.124,8.33,0.001,1774.48,1.825,1
91.832906,26.022094,94.486,12.431,160.416,0.0,10,0.129,8.866,0.001,1774.48,2.021,1
92.368778,25.073,120.026,21.472,230.753,141.257,50,0.121,6.871,0.001,1774.48,1.487,1
91.18275,25.698111,1102.27,26.162,333.057,203.724,10,0.123,13.581,0.001,1339.59,2.243,1
92.510928,25.484178,1121.139,5.821,233.643,419.988,10,0.128,1.295,0.001,1774.48,0.295,1
91.671157,25.223553,901.532,29.216,261.773,671.529,10,0.125,25.7,0.001,1935.91,6.194,1
91.618979,25.182254,87.957,34.267,60.218,141.257,10,0.121,12.026,0.001,1969.54,2.874,1
92.03754,25.776087,918.885,23.334,114.021,28.251,10,0.123,7.613,0.001,1774.48,1.67,1
92.19447222,25.44233333,1322.45,7.504,357.009,427.522,10,0.138,1.799,0.001,1774.48,0.38,1
91.742294,25.208593,714.961,42.828,115.26,634.872,10,0.123,31.461,0.001,1774.48,6.871,1
91.056611,25.6985,890.77,11.627,220.35,587.874,30,0.123,7.945,0.05,1400.26,68.733,1
92.015731,25.400194,1227.936,49.739,303.388,101.862,10,0.126,23.561,0.001,1774.48,5.28,1
91.726268,25.299931,1522.159,26.92,106.153,401.528,10,0.119,18.548,0.001,1935.91,4.3,1
91.865449,25.277215,1153.038,17.968,304.333,622.173,10,0.125,5.501,0.001,1774.48,1.218,1
91.631989,25.220023,426.114,39.09,234.224,455.541,10,0.12,18.385,0.001,1969.54,4.36,1
91.597819,25.667744,1273.646,18.516,131.173,169.509,30,0.125,8.865,0.05,1969.54,108.194,1
91.877117,25.387781,1453.253,35.98,108.157,743.179,30,0.124,31.925,0.05,1774.48,351.228,1
91.723028,25.504083,1739.566,17.764,235.804,322.116,30,0.123,7.155,0.001,1935.91,1.71,1
91.178883,25.671125,1095.692,13.469,325.383,141.257,10,0.123,3.817,0.001,1339.59,0.626,1
90.22,25.5,407.136,15.949,30.53,171.847,10,0.124,4.733,0.001,1151.82,0.68,1
90.724166,25.403061,355.149,17.072,347.177,304.277,10,0.126,6.805,0.001,1151.82,0.984,1
91.882943,25.359922,1514.928,36.279,189.189,505.377,30,0.121,19.908,0.05,1774.48,214.022,1
91.650858,25.687083,1099.858,21.71,294.096,199.768,10,0.123,12.128,0.001,1935.91,2.877,1
91.215056,25.570361,1265.63,9.276,289.634,0.0,10,0.123,6.087,0.001,1755.4,1.31,1
91.59067778,25.44716111,1619.362,23.185,114.76,368.354,10,0.12,16.451,0.001,1969.54,3.897,1
91.891987,25.346641,1521.754,30.424,301.297,392.482,10,0.119,16.26,0.001,1774.48,3.441,1
91.560822,25.972469,279.489,25.079,16.947,199.768,10,0.126,8.314,0.001,1969.54,2.054,1
90.29,25.6,597.759,15.637,216.213,572.048,10,0.125,11.876,0.001,1151.82,1.707,1
91.489558,25.160398,29.239,15.343,129.982,144.055,10,0.123,4.506,0.001,2132.4,1.185,1
92.19836111,25.43505556,1342.225,15.903,150.531,268.017,50,0.123,6.222,0.01,1774.48,14.023,1
92.056762,25.970032,598.86,30.884,171.911,227.77,30,0.123,18.566,0.05,1774.48,201.909,1
91.040468,25.191366,39.774,24.995,249.077,39.954,10,0.126,8.28,0.001,1400.26,1.465,1
91.691398,25.222564,499.867,38.211,39.678,180.897,10,0.123,31.222,0.001,1935.91,7.409,1
91.389142,25.216169,144.607,22.879,132.593,419.988,10,0.12,17.896,0.001,2132.4,4.586,1
92.55128,25.571,834.779,19.486,306.542,392.482,10,0.124,8.035,0.001,1774.48,1.763,1
90.809919,25.558058,391.736,27.389,258.559,341.363,10,0.125,17.605,0.001,1151.82,2.532,1
91.988294,25.38707,1352.592,33.817,256.777,830.9,10,0.124,18.383,0.001,1774.48,4.061,1
91.891833,25.633896,1236.028,21.293,108.812,343.694,10,0.127,6.8,0.001,1774.48,1.527,1
91.754441,25.226751,502.925,29.435,357.437,310.766,10,0.12,15.638,0.001,1774.48,3.35,1
91.075778,25.305047,312.724,34.148,138.129,340.192,10,0.124,30.089,0.001,1400.26,5.238,1
91.858857,25.199311,551.341,15.328,186.05,290.866,10,0.122,8.567,0.001,1774.48,1.852,1
91.735629,25.216464,883.563,21.539,207.701,312.047,10,0.123,6.897,0.001,1935.91,1.637,1
91.862729,25.423839,1751.52,30.881,127.329,116.484,30,0.124,14.069,0.05,1774.48,154.711,1
91.857168,25.437036,1800.055,29.414,0.307,84.754,50,0.123,17.53,0.01,1774.48,38.143,1
91.341175,25.549961,1564.572,25.599,72.633,79.907,30,0.118,11.248,0.05,1755.4,117.037,1
91.215472,25.544028,1356.628,18.129,177.846,279.675,10,0.12,7.34,0.001,1755.4,1.543,1
92.004972,25.356361,904.845,36.196,199.677,278.244,10,0.122,16.884,0.001,1774.48,3.663,1
91.139559,25.197881,85.56,26.941,95.971,203.724,10,0.121,14.07,0.001,1339.59,2.299,1
92.003131,25.358972,985.88,40.727,213.687,606.584,10,0.124,37.478,0.001,1774.48,8.245,1
92.009611,25.341306,1039.529,29.597,196.64,39.954,10,0.124,13.383,0.001,1774.48,2.954,1
91.844464,25.637026,1272.52,28.763,335.664,455.541,10,0.123,12.937,0.001,1774.48,2.83,1
91.87886,25.630652,1144.598,24.559,231.419,322.116,10,0.125,12.578,0.001,1774.48,2.793,1
91.819054,25.452164,1772.94,26.335,292.706,28.251,50,0.123,11.64,0.01,1774.48,25.463,1
91.900528,25.656408,951.125,16.102,297.164,56.503,10,0.128,4.79,0.001,1774.48,1.071,1
91.963018,25.228755,696.064,8.478,108.364,542.692,10,0.12,2.107,0.001,1774.48,0.45,1
91.867083,26.033583,104.29,19.204,99.221,205.674,10,0.126,10.411,0.001,1774.48,2.344,1
91.689803,25.234952,616.693,17.111,146.441,423.772,10,0.125,13.309,0.001,1935.91,3.231,1
90.68972,25.5014,243.75,5.146,8.703,39.954,10,0.126,2.841,0.001,1151.82,0.411,1
90.881372,25.440153,511.178,22.281,173.444,446.694,30,0.125,12.523,0.05,1252.47,98.342,1
92.427761,25.044442,226.342,12.017,168.189,278.244,10,0.123,3.299,0.001,1774.48,0.719,1
91.56525,25.935833,476.537,29.188,169.58,368.354,10,0.121,13.165,0.001,1969.54,3.147,1
91.325575,25.299369,1135.868,29.608,32.134,721.933,10,0.125,13.389,0.001,1755.4,2.948,1
91.635083,25.660333,1397.35,14.253,355.405,141.257,10,0.122,4.103,0.001,1969.54,0.983,1
92.017832,25.75634,953.79,26.627,139.872,300.317,10,0.122,13.873,0.05,1774.48,149.764,1
91.87187,25.257449,981.232,20.113,111.486,116.484,30,0.127,6.335,0.05,1774.48,71.451,1
91.114858,25.668317,1027.044,27.578,225.647,39.954,10,0.124,14.47,0.001,1339.59,2.403,1
92.331806,25.551667,1180.746,26.557,168.562,698.902,10,0.124,16.964,0.001,1774.48,3.722,1
92.117333,25.747333,872.586,19.07,186.878,197.76,10,0.122,7.821,0.001,1774.48,1.695,1
91.646315,25.209456,590.96,27.613,167.438,279.675,10,0.124,12.322,0.001,1969.54,3.001,1
92.057722,25.576203,1162.783,12.284,40.689,505.377,10,0.124,3.394,0.001,1774.48,0.75,1
91.898222,25.654639,1002.09,29.851,71.773,84.754,10,0.132,13.519,0.001,1774.48,3.068,1
91.14,25.83,385.37,8.996,334.02,171.847,10,0.12,3.529,0.001,1339.59,0.568,1
91.208223,25.211269,289.92,30.557,144.67,239.721,60,0.123,21.565,0.45,1755.4,2090.188,1
92.010558,25.347353,1113.469,45.532,233.852,312.047,10,0.121,25.398,0.001,1774.48,5.46,1
91.45262,25.31848,1395.793,33.93,85.963,560.775,30,0.121,15.69,0.05,2132.4,202.613,1
92.19558333,25.44177778,1328.52,5.886,309.051,548.544,50,0.138,3.381,0.01,1774.48,5.121,1
91.100222,25.66975,1011.755,22.328,328.312,101.862,10,0.125,17.367,0.001,1400.26,3.024,1
91.8736,25.2608,993.332,24.14,114.617,63.172,30,0.127,12.316,0.05,1774.48,138.714,1
91.43212,25.23707,679.961,31.26,357.837,455.541,10,0.122,14.271,0.001,2132.4,3.699,1
91.8773,25.388039,1445.416,36.1,119.033,720.273,30,0.124,19.797,0.05,1774.48,218.073,1
91.738387,25.216078,898.501,23.421,198.028,567.847,10,0.123,19.21,0.001,1935.91,4.564,1
92.10867,25.54261,1131.925,14.914,95.513,169.509,10,0.124,11.184,0.001,1774.48,2.462,1
91.176158,25.606969,1125.03,24.332,189.368,315.861,30,0.122,13.952,0.05,1339.59,113.759,1
91.181611,25.581572,1216.31,24.604,207.472,84.754,30,0.121,14.143,0.05,1339.59,115.274,1
92.383528,25.134194,167.402,21.831,35.543,178.678,10,0.121,15.274,0.001,1774.48,3.272,1
91.704403,25.224506,519.277,28.727,194.837,463.358,10,0.122,20.047,0.001,1935.91,4.71,1
91.1347,25.663303,1115.436,28.208,301.992,220.651,10,0.123,14.866,0.001,1339.59,2.457,1
91.09525,25.670639,980.36,28.45,269.455,227.77,10,0.124,18.423,0.001,1400.26,3.202,1
91.230911,25.558489,1308.529,24.834,197.378,79.907,30,0.122,8.216,0.05,1755.4,87.748,1
91.590875,25.214783,762.741,19.701,201.759,493.39,10,0.12,15.884,0.001,1969.54,3.766,1
91.576839,25.180536,151.254,22.998,253.203,567.847,10,0.125,11.605,0.001,1969.54,2.838,1
92.187806,25.228472,741.782,12.765,144.118,84.754,10,0.122,6.786,0.001,1774.48,1.472,1
91.719886,25.221164,496.078,24.301,299.644,56.503,10,0.124,20.586,0.001,1935.91,4.931,1
92.204897,25.266067,717.482,33.674,289.592,241.38,10,0.123,18.294,0.001,1774.48,3.981,1
92.431275,25.37539167,1111.224,16.824,194.024,442.205,30,0.125,10.368,0.05,1774.48,115.124,1
92.243069,25.122381,130.174,25.613,359.604,227.77,10,0.122,17.466,0.001,1774.48,3.767,1
92.5314,25.36565,1025.22,17.471,159.548,582.418,30,0.124,10.873,0.05,1774.48,119.66,1
92.143462,25.796657,810.518,24.333,137.003,530.796,10,0.122,15.256,0.001,1774.48,3.294,1
92.19452778,25.45075,1357.919,8.47,315.223,357.356,50,0.125,2.104,0.01,1774.48,4.651,1
92.572861,25.354239,986.85,13.589,157.862,599.304,30,0.123,9.935,0.05,1774.48,108.589,1
92.388389,25.165222,416.161,37.905,143.012,353.99,10,0.123,23.453,0.001,1774.48,5.13,1
92.111139,25.746722,893.583,22.328,176.688,220.651,30,0.122,11.19,0.05,1774.48,121.173,1
91.035939,25.359281,532.459,17.792,55.493,634.872,10,0.126,7.169,0.001,1400.26,1.266,1
91.736341,25.206892,598.95,44.154,224.876,241.38,10,0.124,30.191,0.001,1935.91,7.26,1
91.177453,25.600736,1086.377,19.534,334.24,169.509,30,0.121,8.06,0.05,1339.59,65.756,1
91.930833,25.294778,1107.447,12.957,333.645,199.768,50,0.126,6.917,0.05,1774.48,76.548,1
92.423908,25.044417,225.405,34.73,272.55,144.055,10,0.123,16.113,0.001,1774.48,3.505,1
92.10478,25.54328,1259.177,32.35,145.04,567.847,10,0.124,19.598,0.001,1774.48,4.323,1
91.871139,25.413306,1634.8,46.891,17.402,226.012,10,0.121,40.596,0.001,1774.48,8.727,1
91.871763,25.257286,982.422,20.884,149.463,126.344,30,0.127,6.638,0.05,1774.48,74.834,1
91.868639,25.613917,1284.092,29.299,342.099,380.084,10,0.124,10.022,0.001,1774.48,2.214,1
92.090611,25.226806,763.433,19.296,129.164,227.77,10,0.121,11.451,0.001,1774.48,2.477,1
91.879889,25.372139,1452.376,38.383,62.152,572.048,10,0.123,18.021,0.001,1774.48,3.94,1
91.688857,25.236582,700.113,19.679,140.296,427.522,10,0.125,13.426,0.001,1935.91,3.257,1
91.157039,25.607458,1177.267,16.306,225.312,579.671,30,0.121,7.553,0.05,1339.59,61.113,1
91.932235,25.637365,1311.754,38.753,327.379,808.998,10,0.123,18.212,0.001,1774.48,3.967,1
91.677786,25.240338,713.6,19.569,225.188,411.347,10,0.124,8.078,0.001,1935.91,1.956,1
91.144308,25.660275,1163.394,17.295,259.984,169.509,10,0.123,6.918,0.001,1339.59,1.135,1
92.236,26.0591,66.91,14.57,317.525,39.954,10,0.125,7.347,0.001,1774.48,1.637,1
91.044806,25.639417,917.654,13.199,151.13,28.251,30,0.123,5.773,0.05,1400.26,49.563,1
91.182614,25.625331,1172.85,24.388,33.938,427.522,10,0.122,8.036,0.001,1339.59,1.309,1
92.350111,25.095131,163.929,42.001,94.013,260.465,10,0.121,19.861,0.001,1774.48,4.273,1
91.875028,25.391944,1386.481,46.182,99.066,542.692,10,0.122,36.158,0.001,1774.48,7.838,1
91.578074,25.27342,1277.095,33.298,17.407,734.537,10,0.122,15.356,0.001,1969.54,3.685,1
91.232894,25.550608,1325.195,28.728,78.169,56.503,10,0.119,9.79,0.001,1755.4,2.059,1
92.372161,25.073217,64.245,21.549,173.557,56.503,10,0.121,10.71,0.001,1774.48,2.32,1
91.092333,25.667417,956.135,25.497,296.356,340.192,10,0.124,21.826,0.001,1400.26,3.782,1
92.069028,25.343528,1226.042,11.893,45.202,169.509,10,0.123,4.296,0.001,1774.48,0.935,1
91.091972,25.667072,954.657,26.146,318.265,340.192,10,0.124,13.571,0.001,1400.26,2.35,1
91.207542,25.537344,1329.788,31.989,348.659,441.302,10,0.121,19.344,0.001,1755.4,4.096,1
92.405806,25.047556,65.0,30.182,27.109,56.503,10,0.124,13.696,0.001,1774.48,3.022,1
92.35469,25.09178,163.707,39.011,226.004,252.689,10,0.121,28.468,0.001,1774.48,6.078,1
91.063169,25.667597,975.803,19.789,306.771,126.344,50,0.125,10.808,0.01,1400.26,18.85,1
92.208028,25.206972,674.897,16.721,311.155,463.358,10,0.123,6.629,0.001,1774.48,1.448,1
92.202139,25.569333,1227.315,19.291,5.41,252.689,10,0.125,12.313,0.001,1774.48,2.725,1
91.745894,25.209568,599.896,18.654,97.269,438.58,10,0.123,7.608,0.001,1774.48,1.663,1
91.175628,25.598908,1095.693,13.355,309.325,199.768,30,0.122,3.776,0.05,1339.59,30.822,1
91.899342,25.64366,1054.83,19.743,66.874,169.509,30,0.125,15.926,0.05,1774.48,176.67,1
91.467683,25.525533,1689.12,23.525,177.628,432.164,10,0.122,10.146,0.001,2132.4,2.648,1
91.57517,25.205078,290.265,17.298,110.552,28.251,10,0.119,6.919,0.001,1969.54,1.627,1
91.228028,25.560667,1300.058,28.586,212.176,39.954,30,0.121,12.843,0.05,1755.4,136.966,1
91.825464,25.571256,1281.779,30.793,255.9,278.244,30,0.122,10.627,0.05,1774.48,114.935,1
91.229167,25.357472,1085.185,19.535,238.975,609.865,30,0.123,6.109,0.001,1755.4,1.318,1
92.584269,25.343111,1086.938,24.092,311.136,803.057,10,0.125,12.286,0.001,1774.48,2.719,1
92.409156,25.047444,57.665,32.527,355.291,28.251,10,0.125,19.722,0.001,1774.48,4.355,1
92.155361,25.191611,531.845,19.63,201.085,254.263,10,0.124,8.109,0.001,1774.48,1.789,1
91.28318,25.50667,1405.683,21.959,322.707,203.724,10,0.117,10.963,0.001,1755.4,2.25,1
90.822539,25.716594,367.956,19.731,271.006,119.861,10,0.123,8.161,0.001,1151.82,1.155,1
91.880278,25.865894,550.818,24.692,117.833,232.967,10,0.124,10.765,0.001,1774.48,2.363,1
91.872745,25.617787,1254.697,32.457,267.399,548.544,10,0.124,19.673,0.001,1774.48,4.337,1
92.410444,25.045389,88.77,32.14,210.151,268.017,10,0.125,21.266,0.001,1774.48,4.725,1
91.117675,25.496081,977.923,22.585,44.035,141.257,10,0.123,11.35,0.001,1339.59,1.857,1
91.923138,25.301676,1194.878,33.354,346.169,63.172,10,0.125,22.197,0.001,1774.48,4.938,1
91.777328,25.585875,1689.69,23.388,254.473,89.339,30,0.121,10.074,0.05,1774.48,108.428,1
91.228547,25.558442,1318.978,19.649,75.774,79.907,30,0.122,6.153,0.05,1755.4,65.896,1
91.647703,25.692933,1195.702,33.397,99.291,455.541,30,0.121,15.408,0.05,1969.54,183.646,1
92.181278,25.426306,1350.509,23.312,348.473,330.675,30,0.123,10.034,0.001,1774.48,2.185,1
91.998889,25.407917,1504.836,13.404,238.338,505.377,10,0.125,9.762,0.001,1774.48,2.172,1
91.0555,25.693222,914.583,17.688,249.015,392.482,30,0.123,7.117,0.05,1400.26,61.555,1
92.430333,25.044778,261.342,43.739,268.437,481.105,10,0.121,27.345,0.001,1774.48,5.888,1
92.341433,25.282267,947.159,18.051,228.058,357.356,30,0.123,7.301,0.05,1774.48,79.305,1
91.763619,25.222304,603.055,44.109,0.919,791.545,10,0.121,40.764,0.001,1774.48,8.769,1
91.096836,25.462319,888.034,31.856,87.488,304.277,10,0.122,14.589,0.001,1400.26,2.482,1
91.876562,25.616596,1334.021,18.247,85.949,392.482,10,0.125,10.676,0.001,1774.48,2.361,1
91.292589,25.547867,1474.326,17.601,334.958,220.651,10,0.12,7.072,0.001,1755.4,1.483,1
91.185611,25.582061,1228.989,22.647,338.406,367.269,30,0.122,7.338,0.001,1339.59,1.199,1
92.266856,25.578206,1248.194,16.509,37.874,368.354,10,0.125,8.607,0.001,1774.48,1.916,1
91.662067,25.542744,1759.622,29.088,248.756,393.497,30,0.12,13.111,0.05,1935.91,152.574,1
92.435028,25.042556,289.387,44.125,179.766,481.105,10,0.119,32.453,0.001,1774.48,6.884,1
91.225489,25.356475,1030.792,24.383,214.502,543.427,30,0.124,12.467,0.05,1755.4,135.397,1
91.066028,25.672167,965.83,16.396,64.323,169.509,10,0.124,10.036,0.05,1400.26,87.387,1
91.886556,26.027583,80.939,27.731,348.56,310.766,10,0.128,12.385,0.001,1774.48,2.824,1
90.69083,25.39466,629.306,16.106,348.083,545.626,10,0.127,4.792,0.001,1151.82,0.703,1
91.862056,25.43561,1622.428,26.854,81.655,178.678,10,0.123,23.237,0.001,1774.48,5.054,1
91.742919,25.446933,1743.641,28.288,339.514,278.244,30,0.123,24.732,0.05,1774.48,269.825,1
91.580418,25.26851,1228.329,31.06,38.518,515.54,10,0.122,18.691,0.001,1969.54,4.504,1
91.733388,25.240315,1122.495,31.397,108.445,239.721,30,0.121,27.971,0.05,1935.91,327.027,1
91.592357,25.207314,529.846,28.743,184.427,243.028,10,0.121,17.057,0.001,1969.54,4.069,1
91.879611,25.36925,1373.217,48.057,134.875,582.418,30,0.124,26.802,0.05,1774.48,293.964,1
91.944944,25.300281,1132.405,23.854,133.34,689.706,30,0.123,10.321,0.05,1774.48,112.606,1
91.97433333,25.35908333,1179.548,28.013,316.98,882.603,10,0.123,20.691,0.001,1774.48,4.488,1
91.757906,25.382898,1753.071,33.187,130.041,683.895,30,0.123,25.248,0.05,1774.48,276.275,1
91.87717,25.92792,584.193,16.269,234.886,439.489,10,0.122,7.531,0.001,1774.48,1.634,1
91.85725,25.956333,398.534,11.553,260.614,322.116,10,0.124,4.869,0.001,1774.48,1.074,1
91.246583,25.549333,1322.65,19.012,145.449,101.862,30,0.118,10.281,0.05,1755.4,106.82,1
92.178114,25.148019,159.207,34.516,352.917,339.017,10,0.123,21.113,0.001,1774.48,4.592,1
91.831851,25.57428,1358.612,37.835,330.733,380.084,10,0.122,20.861,0.05,1774.48,226.456,1
91.44913,25.31488,1378.088,30.726,205.55,721.933,30,0.121,16.449,0.05,2132.4,214.359,1
92.388056,25.165028,410.45,35.194,147.18,315.861,50,0.123,21.585,0.001,1774.48,4.716,1
92.077639,25.215583,680.277,17.562,182.609,260.465,10,0.126,7.053,0.001,1774.48,1.571,1
91.866854,25.243671,911.883,22.766,124.998,141.257,10,0.124,19.003,0.001,1774.48,4.193,1
91.237317,25.583236,1318.894,19.747,295.96,63.172,10,0.122,6.191,0.001,1755.4,1.321,1
92.387525,25.297628,921.715,19.747,248.83,180.897,50,0.125,9.608,0.001,1774.48,2.132,1
91.64700833,25.36103333,1454.121,24.462,128.402,28.251,10,0.119,10.643,0.001,1969.54,2.501,1
91.899,25.649222,1083.402,23.107,159.519,226.012,30,0.126,15.403,0.001,1774.48,3.433,1
92.047306,25.21225,576.172,15.682,182.544,282.514,10,0.125,6.113,0.001,1774.48,1.348,1
90.802981,25.416456,131.519,4.698,295.701,0.0,10,0.124,2.524,0.001,1151.82,0.363,1
91.742535,25.204882,515.952,36.758,142.943,384.261,10,0.123,17.178,0.001,1774.48,3.744,1
91.606889,25.208313,651.008,23.866,89.282,682.727,10,0.122,10.327,0.001,1969.54,2.484,1
91.857,25.96,300.555,21.603,319.668,197.76,10,0.124,17.812,0.001,1774.48,3.925,1
92.685461,25.316069,904.587,19.917,102.343,28.251,30,0.124,16.102,0.05,1774.48,177.28,1
91.882043,25.360132,1522.4,32.202,213.081,568.549,60,0.121,11.196,0.45,1774.48,1085.698,1
91.927514,25.321102,1092.735,29.878,71.666,699.473,10,0.126,10.256,0.001,1774.48,2.284,1
91.297056,25.55125,1458.57,11.254,354.625,279.675,30,0.121,7.805,0.05,1755.4,82.99,1
92.058333,25.582167,1162.362,16.282,147.193,424.712,50,0.124,6.41,0.01,1774.48,14.118,1
91.9118,25.6251,1343.356,12.981,17.923,141.257,30,0.123,3.642,0.001,1774.48,0.793,1
91.859289,25.599096,1275.795,22.568,169.406,101.862,30,0.124,7.307,0.05,1774.48,80.191,1
92.436869,25.039097,313.198,36.395,343.866,508.526,10,0.119,19.979,0.001,1774.48,4.226,1
91.67737,25.331209,1574.462,39.328,349.138,560.775,10,0.12,36.087,0.001,1935.91,8.355,1
91.569575,25.978481,398.454,25.637,253.411,113.006,10,0.121,8.539,0.001,1969.54,2.056,1
91.640451,25.20111,387.974,31.153,200.442,116.484,10,0.121,22.059,0.001,1969.54,5.262,1
92.057405,25.982436,397.466,14.932,162.671,28.251,10,0.122,11.201,0.001,1774.48,2.43,1
91.234944,25.555256,1328.562,9.1,275.807,290.866,30,0.12,3.045,0.05,1755.4,32.191,1
92.202078,25.159367,78.421,31.97,170.012,169.509,10,0.122,28.567,0.001,1774.48,6.191,1
91.06475,25.672917,985.975,13.555,73.618,220.651,30,0.124,3.849,0.05,1400.26,33.469,1
92.19108333,25.44138889,1310.586,25.799,322.421,189.516,10,0.125,8.605,0.001,1774.48,1.646,1
91.687913,25.228005,580.151,32.165,56.633,288.109,10,0.124,14.754,0.001,1935.91,3.543,1
92.096144,25.247014,881.181,15.383,60.255,113.006,50,0.123,4.521,0.001,1774.48,0.982,1
90.33,25.55,744.588,3.481,121.816,144.055,10,0.125,1.711,0.001,1151.82,0.246,1
92.394119,25.056022,80.833,18.374,208.956,368.354,10,0.124,5.657,0.001,1774.48,1.244,1
92.157917,25.676,824.863,16.897,181.31,361.795,10,0.121,7.901,0.001,1774.48,1.697,1
91.765659,25.581829,1677.323,23.489,133.01,197.76,30,0.122,11.911,0.05,1774.48,129.345,1
91.21575,25.569778,1280.338,17.365,233.569,28.251,10,0.123,6.953,0.001,1755.4,1.5,1
92.185006,25.435167,1245.625,21.275,149.181,63.172,30,0.123,13.91,0.05,1774.48,152.683,1
91.851242,25.958886,358.073,30.369,320.978,545.626,10,0.123,16.225,0.001,1774.48,3.549,1
91.892701,25.522768,1842.014,18.083,53.538,483.587,30,0.123,7.317,0.05,1774.48,79.799,1
90.71722,25.40121,401.93,22.232,345.559,101.862,10,0.126,14.688,0.001,1151.82,2.136,1
92.153286,25.86575,666.938,26.543,123.514,39.954,10,0.125,11.751,0.001,1774.48,2.607,1
91.86545,25.57822,1453.899,15.885,323.293,197.76,10,0.12,6.213,0.01,1774.48,16.282,1
91.821688,25.49137,1704.45,22.412,323.977,119.861,30,0.123,11.242,0.05,1774.48,122.431,1
91.648322,25.687431,1122.943,27.56,66.307,56.503,10,0.122,9.317,0.001,1969.54,2.237,1
91.040889,25.671583,957.302,17.432,328.247,359.582,30,0.123,6.987,0.05,1400.26,60.316,1
92.18425,25.434972,1259.428,26.951,148.915,101.862,30,0.124,14.076,0.05,1774.48,154.608,1
91.86242,25.97256,345.347,17.854,119.387,283.923,10,0.124,7.2,0.001,1774.48,1.583,1
90.791675,25.625142,434.468,1.719,185.424,344.853,30,0.127,0.684,0.05,1151.82,4.995,1
91.693332,25.228344,438.017,25.025,92.792,79.907,10,0.123,10.942,0.001,1935.91,2.597,1
91.932565,25.637779,1290.957,30.362,329.964,747.997,10,0.123,10.452,0.001,1774.48,2.279,1
92.181586,25.147942,154.567,32.455,35.012,407.448,10,0.123,17.533,0.001,1774.48,3.811,1
92.455339,25.529408,1170.618,4.02,9.688,220.651,10,0.125,0.801,0.001,1774.48,0.177,1
91.454514,25.251211,815.753,35.032,171.048,572.048,10,0.122,16.272,0.001,2132.4,4.23,1
91.76661,25.223708,488.503,29.911,6.142,598.637,10,0.121,17.88,0.001,1774.48,3.827,1
91.87158,26.02547,181.978,14.721,120.351,330.675,10,0.128,4.275,0.001,1774.48,0.97,1
91.642192,25.6999,1259.636,28.732,290.047,56.503,10,0.122,9.792,0.001,1969.54,2.346,1
91.63449,25.200934,207.82,26.482,222.181,252.689,10,0.125,13.782,0.001,1969.54,3.367,1
92.177172,25.148158,164.989,30.843,351.285,340.192,10,0.123,23.189,0.001,1774.48,5.045,1
92.096992,25.237361,805.922,15.364,142.7,141.257,10,0.123,5.956,0.01,1774.48,12.899,1
91.578903,25.913997,420.536,25.504,15.654,171.847,10,0.121,8.485,0.001,1969.54,2.034,1
91.671435,25.247226,314.572,45.196,120.949,56.503,10,0.123,41.794,0.001,1935.91,9.967,1
91.737919,25.568106,1709.722,24.164,75.919,431.24,30,0.122,19.136,0.001,1935.91,4.516,1
91.860578,25.979244,295.074,20.327,121.99,28.251,10,0.124,11.176,0.001,1774.48,2.452,1
91.927752,25.322897,1072.223,39.177,96.612,661.349,10,0.125,18.43,0.001,1774.48,4.083,1
91.867487,25.415438,1734.975,44.14,123.315,339.017,10,0.121,24.603,0.05,1774.48,265.432,1
91.225667,25.565333,1326.585,23.545,284.776,404.499,30,0.122,13.402,0.05,1755.4,143.215,1
91.655378,25.687314,1059.422,28.211,40.697,164.733,10,0.122,14.868,0.001,1935.91,3.52,1
92.198469,25.156542,56.706,21.862,18.01,101.862,10,0.123,18.077,0.001,1774.48,3.937,1
92.353564,25.092178,128.824,26.921,230.888,178.678,10,0.119,9.058,0.001,1774.48,1.926,1
91.690051,25.234966,613.779,18.711,154.343,401.528,10,0.125,8.982,0.001,1935.91,2.18,1
91.214472,25.57425,1248.571,14.051,104.377,266.524,30,0.122,8.25,0.05,1755.4,88.641,1
91.899,25.64908889,1071.921,25.689,161.184,197.76,10,0.126,8.561,0.001,1774.48,1.908,1
91.890859,25.643591,1170.238,22.431,124.839,119.861,10,0.125,7.252,0.001,1774.48,1.614,1
91.118358,25.68625,1057.429,19.484,328.387,330.675,10,0.124,8.034,0.001,1339.59,1.335,1
91.876,25.375917,1496.548,16.7,71.182,682.727,10,0.125,5.016,0.45,1774.48,498.943,1
91.16775,25.624778,1233.728,14.814,208.231,312.047,30,0.122,11.089,0.05,1339.59,90.645,1
92.432472,25.042778,271.633,40.249,200.599,399.536,10,0.12,37.004,0.001,1774.48,7.893,1
91.852883,25.956781,391.848,29.546,338.818,556.489,10,0.123,10.122,0.001,1774.48,2.215,1
92.2025,25.569278,1225.164,18.509,0.918,227.77,10,0.125,11.691,0.001,1774.48,2.588,1
91.157592,25.6466,1202.29,29.181,251.544,89.339,10,0.122,22.914,0.001,1339.59,3.745,1
91.609962,25.273217,386.345,28.756,188.644,152.139,10,0.121,18.659,0.001,1969.54,4.446,1
92.58225,25.342269,1066.921,18.736,329.393,620.246,10,0.124,10.094,0.001,1774.48,2.226,1
91.451647,25.24736,732.659,31.485,181.336,473.58,10,0.122,16.925,0.001,2132.4,4.432,1
91.876583,25.787,732.757,15.506,260.685,442.205,10,0.123,7.087,0.001,1774.48,1.539,1
92.073917,25.214944,666.597,20.872,169.891,312.047,10,0.125,11.55,0.001,1774.48,2.573,1
91.089556,25.664111,913.186,29.85,300.537,141.257,50,0.124,13.518,0.01,1400.26,23.426,1
91.153233,25.597614,1136.501,18.181,69.504,227.77,30,0.123,10.628,0.05,1339.59,87.186,1
92.375528,25.14775,270.155,20.042,125.44,266.524,10,0.122,6.307,0.001,1774.48,1.36,1
91.269778,25.545061,1380.79,27.02,344.133,63.172,10,0.118,12.006,0.001,1755.4,2.49,1
90.21,25.5,205.527,1.911,336.624,0.0,10,0.125,0.785,0.001,1151.82,0.113,1
91.616567,25.619625,1496.013,21.791,267.16,180.897,30,0.122,9.234,0.05,1969.54,110.872,1
91.883806,25.390444,1240.329,32.812,150.232,399.536,30,0.124,11.442,0.05,1774.48,126.242,1
92.141861,25.143375,32.741,28.845,1.477,63.172,10,0.12,15.267,0.001,1774.48,3.255,1
92.420261,25.044947,170.223,26.054,90.402,220.651,10,0.122,15.161,0.001,1774.48,3.279,1
91.229639,25.559222,1299.481,24.74,232.047,39.954,30,0.121,14.238,0.05,1755.4,151.953,1
91.689893,25.224417,523.21,26.781,137.162,322.116,10,0.123,23.161,0.001,1935.91,5.548,1
91.571822,25.930386,497.758,30.093,257.229,493.39,30,0.122,26.613,0.05,1969.54,321.405,1
91.866,25.425944,1570.535,41.762,23.019,28.251,10,0.124,23.218,0.001,1774.48,5.112,1
92.070397,25.490961,1217.606,22.052,311.624,533.047,30,0.123,14.541,0.15,1774.48,477.064,1
91.820806,26.075944,218.547,20.538,278.857,113.006,10,0.124,8.579,0.001,1774.48,1.888,1
91.121472,25.66675,1036.245,16.482,206.94,241.38,30,0.123,6.51,0.001,1339.59,1.076,1
91.237361,25.580703,1339.384,1.972,174.481,260.465,30,0.121,0.818,0.05,1755.4,8.662,1
92.041194,25.653181,944.771,21.412,22.272,252.689,10,0.121,9.035,0.05,1774.48,97.285,1
91.86886,26.01061,344.722,30.721,312.367,480.275,10,0.125,13.984,0.001,1774.48,3.096,1
91.173697,25.612794,1165.651,18.185,259.038,63.172,30,0.122,5.584,0.05,1339.59,45.513,1
91.690014,25.169159,22.551,17.32,318.072,226.012,10,0.12,6.93,0.01,1935.91,16.251,1
91.405,25.425,1566.303,14.452,70.492,419.988,10,0.118,4.176,0.001,2132.4,1.048,1
92.074139,25.188444,73.745,26.502,149.852,144.055,10,0.123,11.729,0.001,1774.48,2.553,1
92.225272,25.133289,132.902,36.977,226.036,431.24,10,0.122,20.336,0.001,1774.48,4.42,1
91.688252,25.22784,553.753,18.929,48.017,232.967,10,0.124,7.749,0.001,1935.91,1.861,1
90.815225,25.553522,469.329,35.04,145.175,180.897,10,0.125,19.143,0.05,1151.82,137.505,1
91.165211,25.626767,1243.325,21.33,253.963,279.675,30,0.122,12.973,0.05,1339.59,105.86,1
91.830791,25.461894,1718.531,13.893,221.094,39.954,30,0.123,6.163,0.05,1774.48,67.088,1
91.569611,26.011861,81.425,21.684,301.584,84.754,30,0.125,12.11,0.05,1969.54,149.95,1
91.696177,25.224808,371.475,20.712,268.39,56.503,10,0.122,6.57,0.001,1935.91,1.549,1
92.408878,25.046181,101.175,34.735,207.656,169.509,10,0.125,16.116,0.001,1774.48,3.58,1
90.70860278,25.45939722,178.423,20.78,213.067,197.76,10,0.124,16.571,0.001,1151.82,2.375,1
91.720198,25.22026,568.879,35.828,300.88,169.509,10,0.124,16.691,0.001,1935.91,3.992,1
91.833183,25.571299,1438.031,25.863,101.638,539.743,30,0.122,8.631,0.001,1774.48,1.869,1
91.87196,25.390145,1570.483,28.789,266.028,505.377,10,0.123,12.951,0.001,1774.48,2.839,1
92.176236,25.148303,164.417,32.284,25.363,341.363,10,0.123,11.229,0.001,1774.48,2.443,1
91.724644,25.940978,309.829,22.962,247.722,310.766,10,0.127,9.849,0.001,1935.91,2.421,1
92.370594,25.113586,89.285,29.545,142.637,197.76,10,0.124,17.622,0.001,1774.48,3.86,1
91.757675,25.382563,1755.637,30.784,133.743,689.706,10,0.123,23.136,0.001,1774.48,5.062,1
91.989528,26.032028,238.041,34.087,344.411,481.105,10,0.125,18.551,0.001,1774.48,4.101,1
92.175119,25.148747,136.122,24.213,319.081,340.192,10,0.122,10.511,0.001,1774.48,2.279,1
91.177014,25.65835,1158.016,23.318,288.014,282.514,10,0.123,7.607,0.001,1339.59,1.253,1
91.581584,25.218821,785.434,16.172,198.205,459.9,10,0.124,4.817,0.001,1969.54,1.172,1
91.617083,25.620361,1504.077,22.734,314.532,260.465,30,0.122,9.729,0.05,1969.54,116.996,1
91.742134,25.222221,988.531,17.716,46.826,543.427,10,0.123,5.404,0.001,1774.48,1.18,1
91.348931,25.278028,1085.95,26.4,311.923,562.906,10,0.121,8.848,0.001,1755.4,1.893,1
91.232636,25.551225,1327.954,26.945,56.868,56.503,10,0.12,9.068,0.001,1755.4,1.91,1
92.425444,25.043667,208.872,41.807,166.581,203.724,10,0.123,23.244,0.001,1774.48,5.071,1
91.870692,25.614657,1289.242,32.006,346.573,604.607,10,0.124,17.252,0.001,1774.48,3.812,1
91.183972,25.582836,1215.513,20.861,140.314,282.514,10,0.122,12.62,0.001,1339.59,2.063,1
92.020584,25.952191,607.791,9.6,281.809,515.54,10,0.124,6.363,0.001,1774.48,1.395,0
91.732094,25.560741,1766.813,7.436,146.576,505.377,40,0.121,1.778,0.15,1935.91,62.546,0
90.284524,25.922774,58.588,2.561,359.012,126.344,10,0.121,0.693,0.001,1151.82,0.097,0
90.430018,25.838666,167.641,11.405,125.337,411.347,10,0.123,3.086,0.001,1151.82,0.437,0
91.080688,25.204382,156.129,16.745,221.584,189.516,10,0.12,9.582,0.001,1400.26,1.619,0
91.989856,25.729532,887.89,3.207,246.141,305.586,10,0.119,1.373,0.001,1774.48,0.291,0
92.019732,25.339135,1250.872,37.862,231.423,480.275,10,0.121,17.752,0.05,1774.48,190.726,0
90.732617,25.434347,226.576,5.389,171.063,126.344,10,0.124,1.547,0.001,1151.82,0.221,0
91.628314,25.169438,19.621,0.77,293.276,239.721,30,0.122,0.094,0.15,1969.54,3.369,0
91.44014,25.591451,1618.278,12.285,281.335,608.555,30,0.121,4.479,0.05,2132.4,57.621,0
91.661257,25.277549,1394.758,13.204,359.772,768.522,30,0.12,4.911,0.05,1935.91,57.059,0
90.229874,25.739368,277.477,17.532,191.348,371.59,10,0.127,7.038,0.001,1151.82,1.033,0
91.730234,25.47733,1700.146,3.107,35.939,424.712,30,0.122,1.476,0.05,1935.91,17.428,0
90.703301,25.723271,322.843,15.248,275.096,56.503,10,0.125,4.471,0.001,1151.82,0.642,0
91.42159,25.488573,1568.67,11.419,52.461,368.354,30,0.12,3.091,0.05,2132.4,39.487,0
91.508393,25.400936,1544.467,19.143,133.067,310.766,30,0.12,7.859,0.05,2132.4,100.53,0
91.772596,25.534136,1699.552,11.477,151.818,180.897,40,0.124,4.105,0.15,1774.48,135.301,0
91.946628,25.542208,1613.234,28.11,270.579,278.244,10,0.123,18.161,0.001,1774.48,3.963,0
90.656683,25.874055,75.49,2.92,281.822,288.109,10,0.123,0.698,0.001,1151.82,0.099,0
91.529561,25.836687,336.642,1.29,52.83,113.006,10,0.121,0.183,0.001,2132.4,0.047,0
91.61545,25.541011,1587.516,20.172,55.189,39.954,30,0.119,8.389,0.05,1969.54,98.033,0
91.882916,25.881831,550.679,22.044,260.019,56.503,10,0.123,7.098,0.001,1774.48,1.555,0
90.787152,25.658913,344.52,13.579,258.079,101.862,10,0.124,5.986,0.001,1151.82,0.848,0
91.901066,25.684423,926.303,8.284,322.489,315.861,50,0.122,5.261,0.01,1774.48,11.338,0
91.432578,25.56225,1691.085,23.286,65.353,205.674,10,0.122,19.538,0.001,2132.4,5.066,0
91.970969,25.954392,544.878,8.24,260.856,169.509,10,0.122,3.151,0.001,1774.48,0.682,0
91.949644,25.61577,1349.724,8.671,188.246,304.277,30,0.124,2.862,0.05,1774.48,31.313,0
92.172456,25.233955,796.637,2.419,220.642,260.465,30,0.121,1.066,0.05,1774.48,11.51,0
90.03171,25.657961,65.557,9.678,252.234,329.466,10,0.126,6.429,0.001,1151.82,0.935,0
91.847328,25.502668,1850.413,4.638,238.681,543.427,30,0.122,0.965,0.001,1774.48,0.209,0
92.027955,26.037357,234.795,22.883,288.341,56.503,10,0.125,17.899,0.001,1774.48,3.967,0
91.923159,25.569463,1513.683,2.09,316.383,0.0,50,0.135,0.882,0.01,1774.48,1.951,0
91.862842,25.656552,993.443,3.825,125.951,283.923,10,0.127,0.992,0.001,1774.48,0.222,0
91.111531,25.682074,1029.52,4.405,91.148,199.768,10,0.125,2.174,0.001,1339.59,0.362,0
91.59889,25.497834,1663.619,11.455,75.895,79.907,10,0.121,3.103,0.001,1969.54,0.742,0
91.925076,25.666391,925.314,3.354,346.95,141.257,50,0.123,1.103,0.01,1774.48,2.39,0
90.005396,25.707923,31.322,2.229,123.872,63.172,40,0.125,0.373,0.15,1151.82,8.053,0
91.897562,25.583025,1427.903,6.349,131.267,28.251,50,0.0,1.45,0.01,1774.48,1.257,0
91.882689,25.592057,1439.715,4.917,128.635,203.724,50,0.4,1.615,0.01,1774.48,9.093,0
92.450951,25.514721,1214.769,4.263,41.722,266.524,10,0.126,0.865,0.15,1774.48,29.016,0
90.17738,25.73655,233.035,6.818,332.935,572.048,10,0.125,1.59,0.001,1151.82,0.23,0
91.350927,25.181303,20.244,5.028,142.249,254.263,10,0.122,1.072,0.001,1755.4,0.23,0
91.583734,25.514291,1714.966,9.181,170.086,411.347,30,0.121,3.08,0.05,1969.54,36.644,0
91.861774,25.207634,631.898,10.975,161.974,255.828,10,0.123,2.937,0.001,1774.48,0.641,0
91.388523,25.227097,426.408,21.459,243.31,870.309,10,0.12,17.666,0.001,2132.4,4.525,0
91.756194,25.558014,1653.696,15.657,54.614,119.861,30,0.123,6.1,0.05,1774.48,66.542,0
90.653009,25.756489,233.817,16.654,40.5,359.582,10,0.122,12.862,0.001,1151.82,1.812,0
90.499751,25.578808,310.269,3.491,161.618,113.006,30,0.126,1.717,0.15,1151.82,37.566,0
92.123042,25.446931,1384.936,9.14,18.433,260.465,10,0.124,2.321,0.001,1774.48,0.512,0
91.553252,25.623809,1465.168,28.853,292.697,479.443,10,0.122,9.841,0.001,2132.4,2.565,0
91.94398,25.687717,917.901,4.788,124.719,28.251,10,0.119,1.006,0.001,1774.48,0.213,0
90.976186,25.683381,749.593,4.297,131.668,252.689,30,0.124,2.248,0.05,1287.94,17.868,0
90.951906,25.173185,87.806,11.706,182.714,376.921,10,0.125,3.191,0.001,1287.94,0.512,0
90.79359,25.807669,104.531,12.069,337.585,159.814,10,0.122,6.316,0.001,1151.82,0.88,0
92.228939,25.108931,95.935,18.691,204.21,315.861,10,0.123,5.78,0.001,1774.48,1.263,0
91.881991,25.326784,1449.727,3.635,136.935,39.954,30,0.123,1.81,0.05,1774.48,19.76,0
91.85174,25.474004,1787.548,10.552,185.553,189.516,40,0.122,2.793,0.15,1774.48,90.765,0
92.226166,25.212162,302.464,26.26,84.392,141.257,10,0.12,16.735,0.001,1774.48,3.572,0
90.995969,25.483154,616.79,11.875,46.033,330.675,30,0.124,3.25,0.05,1287.94,25.833,0
91.526029,25.160967,19.039,1.612,5.313,252.689,30,0.123,0.501,0.05,2132.4,6.557,0
91.931012,25.527771,1714.857,10.625,49.813,519.396,10,0.122,7.249,0.001,1774.48,1.573,0
91.094184,25.279035,495.685,4.682,227.515,205.674,10,0.124,1.289,0.001,1400.26,0.224,0
91.96685,25.607433,1348.401,10.712,102.706,423.772,50,0.124,3.757,0.01,1774.48,8.259,0
91.243931,25.510223,1374.557,4.787,209.361,669.744,30,0.121,1.56,0.05,1755.4,16.526,0
91.944562,25.539397,1677.034,14.609,337.009,254.263,10,0.123,4.234,0.001,1774.48,0.926,0
92.213817,26.06771,81.518,33.262,142.776,63.172,10,0.126,15.337,0.001,1774.48,3.425,0
92.168799,25.412266,1336.406,5.33,268.705,470.198,30,0.122,1.525,0.05,1774.48,16.593,0
92.051388,25.357645,1336.759,4.139,312.112,199.768,30,0.122,0.832,0.05,1774.48,8.995,0
91.753906,25.297428,1422.621,16.476,152.893,396.528,10,0.121,4.931,0.001,1774.48,1.067,0
91.880213,25.540473,1873.687,11.876,185.539,141.257,30,0.123,5.658,0.05,1774.48,61.537,0
91.228259,25.614844,1243.167,35.94,63.184,113.006,10,0.123,22.101,0.001,1755.4,4.793,0
91.901074,25.650415,1030.788,30.404,107.035,113.006,10,0.125,18.228,0.001,1774.48,4.047,0
90.581357,25.834237,62.961,5.12,171.232,28.251,40,0.125,1.448,0.001,1151.82,0.209,0
91.600097,25.536036,1590.403,14.025,157.622,199.768,30,0.121,4.02,0.05,1969.54,47.79,0
92.010067,25.238754,675.287,4.425,164.62,199.768,30,0.123,0.908,0.05,1774.48,9.919,0
91.650194,25.411767,1735.653,6.533,151.873,520.931,40,0.119,2.334,0.15,1935.91,80.936,0
90.493387,25.764569,192.031,3.789,13.993,119.861,10,0.125,0.742,0.001,1151.82,0.107,0
91.636641,25.571706,1663.364,10.149,347.03,340.192,30,0.121,3.505,0.05,1969.54,41.598,0
90.339043,25.95895,142.588,17.55,278.673,493.39,10,0.122,7.046,0.001,1151.82,0.988,0
91.742537,25.767619,730.478,14.793,234.483,199.768,10,0.123,5.676,0.001,1774.48,1.236,0
92.301331,25.25966,895.167,6.833,355.382,419.988,10,0.122,1.594,0.001,1774.48,0.345,0
91.926058,25.556062,1611.307,5.332,297.253,384.261,50,0.122,1.156,0.01,1774.48,2.506,0
90.698309,25.457304,206.513,12.725,105.093,141.257,10,0.125,5.51,0.001,1151.82,0.793,0
91.59132,25.548376,1670.572,3.981,21.459,116.484,30,0.121,1.044,0.001,1969.54,0.251,0
90.614358,25.185136,46.335,9.029,226.947,304.277,10,0.126,2.285,0.001,1151.82,0.331,0
92.467202,25.526436,1144.153,22.944,169.843,294.954,10,0.125,9.839,0.05,1774.48,109.205,0
91.660951,25.495825,1825.512,8.039,68.407,734.537,30,0.123,5.061,0.05,1935.91,60.096,0
91.819136,25.502696,1686.53,4.064,141.307,189.516,50,0.121,0.813,0.01,1774.48,1.752,0
90.97826,25.68148,752.158,6.464,91.275,180.897,30,0.123,3.817,0.05,1287.94,30.17,0
91.415988,25.55449,1672.545,10.203,263.311,79.907,10,0.12,3.529,0.001,2132.4,0.906,0
91.975821,25.497242,1646.799,3.884,177.592,582.418,40,0.125,0.766,0.01,1774.48,1.692,0
91.900216,25.621091,1335.069,11.969,135.403,126.344,30,0.125,4.331,0.05,1774.48,47.86,0
92.257131,26.031649,194.748,20.831,120.661,339.017,10,0.127,15.937,0.001,1774.48,3.606,0
91.904692,25.349827,1374.228,53.227,92.199,392.482,10,0.12,48.931,0.001,1774.48,10.449,0
91.293787,25.557897,1435.353,13.143,109.761,39.954,30,0.119,3.7,0.05,1755.4,38.835,0
92.151427,25.186241,455.816,8.92,180.148,180.897,10,0.123,2.968,0.001,1774.48,0.651,0
90.389737,25.460671,1242.67,12.487,314.787,39.954,10,0.123,8.917,0.001,1151.82,1.264,0
91.641434,25.402562,1689.389,9.13,328.099,282.514,10,0.119,2.318,0.001,1969.54,0.542,0
90.366061,25.785336,301.587,11.149,208.237,500.617,10,0.123,2.997,0.001,1151.82,0.425,0
92.632268,25.262055,1345.776,0.932,41.599,582.418,10,0.124,0.12,0.001,1774.48,0.026,0
92.000939,25.576828,1269.318,7.489,62.262,315.861,40,0.126,2.368,0.05,1774.48,26.478,0
92.032908,25.195975,238.739,2.936,276.101,278.244,10,0.12,1.371,0.001,1774.48,0.29,0
90.043458,25.339485,59.364,16.463,100.268,63.172,10,0.126,4.927,0.001,1151.82,0.714,0
90.560632,25.281014,61.486,18.679,178.154,164.733,10,0.127,14.86,0.001,1151.82,2.184,0
90.093588,25.904466,25.562,0.671,29.812,0.0,40,0.126,0.201,0.15,1151.82,4.775,0
92.071026,25.546799,1331.879,13.409,98.448,505.377,30,0.124,6.609,0.15,1774.48,217.309,0
92.278662,25.316832,1160.474,1.97,50.306,278.244,30,0.123,0.317,0.05,1774.48,3.465,0
92.469223,25.341606,973.208,0.801,108.939,393.497,40,0.123,0.254,0.15,1774.48,8.308,0
92.030822,25.195488,230.593,5.12,315.442,260.465,10,0.12,2.823,0.001,1774.48,0.599,0
91.694722,25.248281,1091.816,37.227,271.104,758.066,10,0.126,25.134,0.001,1935.91,6.129,0
91.688228,25.401007,1708.816,9.16,133.585,56.503,40,0.121,3.071,0.15,1935.91,107.77,0
91.241072,25.543318,1308.091,4.818,134.14,0.0,30,0.121,2.609,0.05,1755.4,27.605,0
91.962681,25.826574,761.602,21.661,294.372,278.244,30,0.12,10.779,0.05,1774.48,114.433,0
91.418854,25.489979,1573.254,6.825,26.486,487.695,30,0.12,1.592,0.05,2132.4,20.423,0
91.874834,25.494861,1819.176,16.918,287.753,288.109,10,0.12,6.728,0.001,1774.48,1.432,0
91.867509,25.272778,1147.308,11.588,357.674,560.775,30,0.124,4.155,0.05,1774.48,45.769,0
91.893754,25.500531,1796.209,6.807,234.921,401.528,10,0.12,1.586,0.001,1774.48,0.339,0
91.181543,25.201115,50.606,23.827,262.696,79.907,10,0.123,13.599,0.001,1339.59,2.234,0
90.681306,25.360953,278.223,22.061,202.688,255.828,10,0.125,18.28,0.001,1151.82,2.626,0
91.456037,25.583193,1700.944,9.383,93.181,530.796,40,0.12,2.401,0.15,2132.4,92.591,0
91.53307,25.536453,1663.35,30.237,259.698,396.528,30,0.122,19.801,0.05,2132.4,258.192,0
91.601044,25.388597,1661.128,4.203,194.487,650.397,40,0.119,0.849,0.15,1969.54,29.834,0
91.769544,25.456037,1637.316,20.467,74.203,171.847,10,0.123,6.474,0.001,1774.48,1.413,0
91.772356,25.606265,1692.004,7.648,125.446,278.244,10,0.122,1.844,0.15,1774.48,59.81,0
92.028373,25.197163,209.102,16.436,317.799,56.503,10,0.119,7.629,0.01,1774.48,16.14,0
91.815388,25.735795,709.06,8.028,145.675,89.339,10,0.123,2.591,0.001,1774.48,0.565,0
90.629234,25.508707,269.702,3.854,149.598,180.897,10,0.126,0.759,0.001,1151.82,0.11,0
91.33002,25.4711,1467.636,5.523,237.555,479.443,40,0.119,1.878,0.15,1755.4,59.094,0
91.267334,25.209538,40.725,17.321,146.462,164.733,10,0.122,5.253,0.001,1755.4,1.123,0
91.9976,25.959747,536.58,18.369,312.843,28.251,10,0.123,5.656,0.001,1774.48,1.231,0
91.959169,25.548368,1576.762,2.943,117.39,692.593,30,0.122,0.535,0.45,1774.48,51.922,0
90.2013,25.418797,138.678,13.361,53.686,89.339,10,0.126,6.579,0.001,1151.82,0.95,0
91.720405,25.429462,1673.193,3.722,119.076,305.586,40,0.121,0.957,0.15,1935.91,33.562,0
92.133251,25.601603,1072.955,3.95,222.115,595.965,40,0.124,0.783,0.15,1774.48,25.865,0
91.195159,25.356721,870.772,18.539,326.655,164.733,10,0.12,7.549,0.001,1339.59,1.221,0
90.672673,25.633387,353.357,5.548,169.319,548.544,10,0.125,1.606,0.001,1151.82,0.231,0
91.733766,25.228209,1059.424,9.575,48.885,56.503,10,0.124,2.465,0.001,1935.91,0.589,0
91.837426,26.077662,226.745,2.459,71.917,371.59,10,0.125,1.089,0.001,1774.48,0.24,0
91.396763,25.602627,1569.309,25.133,250.555,159.814,10,0.12,8.336,0.001,2132.4,2.141,0
92.273813,25.246724,831.537,7.47,60.476,322.116,30,0.122,1.789,0.05,1774.48,19.379,0
90.589291,25.782676,203.755,19.094,298.441,101.862,10,0.124,5.937,0.001,1151.82,0.849,0
90.735279,25.654788,377.009,18.66,77.89,159.814,30,0.124,8.951,0.05,1151.82,63.846,0
91.716089,25.467067,1745.778,17.151,166.082,357.356,10,0.12,8.05,0.001,1935.91,1.87,0
91.745448,25.790477,764.678,6.582,45.292,600.634,30,0.122,3.657,0.15,1774.48,119.111,0
91.867566,26.019304,123.611,13.45,293.873,116.484,50,0.125,9.805,0.01,1774.48,21.73,0
92.092358,25.336978,1237.053,2.06,287.421,548.544,50,0.126,0.336,0.01,1774.48,0.746,0
91.757039,25.604724,1720.712,2.292,105.683,666.758,50,0.121,0.386,0.05,1774.48,4.167,0
90.954868,25.674585,819.819,9.986,262.239,673.902,10,0.125,4.529,0.001,1287.94,0.727,0
92.118713,25.623717,999.914,18.907,111.04,384.261,10,0.122,5.864,0.001,1774.48,1.27,0
91.492138,25.399091,1561.782,11.406,324.042,215.157,10,0.123,5.373,0.001,2132.4,1.402,0
90.914125,25.649804,584.919,14.899,356.808,239.721,10,0.123,6.736,0.05,1252.47,52.044,0
89.96354,25.527672,82.055,4.235,104.348,384.261,10,0.125,2.154,0.001,1151.82,0.31,0
91.381354,25.317893,1410.441,30.412,254.866,56.503,10,0.122,16.252,0.001,2132.4,4.252,0
91.750812,25.231146,401.882,14.136,175.684,56.503,10,0.121,4.06,0.01,1774.48,8.684,0
91.875046,25.512713,1782.267,2.731,235.154,63.172,30,0.119,0.485,0.05,1774.48,5.116,0
90.856659,25.501074,461.563,6.05,264.217,126.344,10,0.124,2.788,0.15,1252.47,65.096,0
90.831771,25.163826,36.953,20.231,151.282,144.055,10,0.123,8.42,0.001,1151.82,1.196,0
90.202419,25.933218,41.815,1.648,0.478,84.754,10,0.124,0.252,0.001,1151.82,0.036,0
91.613459,25.503313,1657.393,11.295,67.774,144.055,30,0.122,5.801,0.05,1969.54,69.953,0
90.932862,25.204472,297.27,6.831,19.348,631.721,10,0.124,1.594,0.001,1287.94,0.254,0
92.208706,25.347937,1234.261,3.296,154.159,79.907,30,0.124,1.594,0.05,1774.48,17.567,0
90.508123,25.772196,147.399,23.308,246.633,197.76,10,0.123,7.603,0.001,1151.82,1.082,0
92.133848,25.915134,773.923,25.923,127.089,39.954,10,0.124,13.431,0.001,1774.48,2.953,0
91.946146,25.608317,1358.923,23.151,318.071,63.172,10,0.12,9.949,0.001,1774.48,2.141,0
91.599044,25.440164,1561.832,4.833,41.142,56.503,30,0.12,2.619,0.05,1969.54,31.114,0
91.566992,25.168071,12.325,4.054,276.899,28.251,30,0.124,1.069,0.001,1969.54,0.261,0
91.774647,25.359567,1380.031,32.426,18.832,353.99,10,0.124,11.286,0.001,1774.48,2.499,0
91.75519,25.447442,1846.145,8.365,233.318,627.284,40,0.122,2.732,0.15,1774.48,89.014,0
91.902182,25.594827,1451.69,8.891,195.043,579.671,50,0.123,3.9,0.01,1774.48,8.498,0
91.78981,26.061359,181.149,13.623,113.852,0.0,10,0.125,9.966,0.001,1774.48,2.208,0
92.069633,25.883573,693.796,10.897,100.191,144.055,30,0.122,3.84,0.05,1774.48,41.598,0
90.776591,25.904497,78.182,0.592,331.406,239.721,10,0.124,0.067,0.001,1151.82,0.01,0
92.026854,25.502641,1548.002,18.577,313.107,745.859,10,0.123,5.736,0.001,1774.48,1.248,0
91.78245,25.416661,1887.592,12.302,102.51,473.58,10,0.123,4.486,0.001,1774.48,0.984,0
90.656901,25.91884,73.679,1.646,311.501,232.967,40,0.124,0.605,0.15,1151.82,12.985,0
91.988452,25.523493,1618.781,13.388,102.779,215.157,40,0.122,3.788,0.15,1774.48,123.098,0
91.244452,25.482919,1444.208,4.248,203.65,442.205,30,0.118,1.336,0.05,1755.4,13.784,0
91.348888,25.413168,1499.39,4.976,16.793,241.38,30,0.118,1.057,0.05,1755.4,11.005,0
91.333695,25.317485,1259.113,12.008,222.292,559.35,10,0.123,5.74,0.001,1755.4,1.236,0
90.904888,25.925185,86.77,24.192,335.862,260.465,10,0.123,10.5,0.001,1252.47,1.615,0
91.779481,25.587632,1701.825,25.771,291.913,215.157,10,0.121,13.336,0.001,1774.48,2.865,0
91.375582,25.189393,10.577,3.242,243.005,101.862,60,0.124,0.941,0.45,1755.4,91.877,0
90.303926,25.909402,58.574,9.447,179.905,279.675,10,0.125,3.196,0.001,1151.82,0.46,0
92.242061,25.364941,1258.507,8.435,316.227,310.766,30,0.125,2.762,0.05,1774.48,30.612,0
91.160659,25.60062,1166.728,21.339,348.413,294.954,10,0.122,14.849,0.001,1339.59,2.427,0
92.622228,25.379352,827.033,7.166,58.825,178.678,40,0.127,2.952,0.15,1774.48,99.852,0
90.820822,25.700706,354.672,5.89,324.261,401.528,10,0.123,1.315,0.001,1151.82,0.186,0
91.882062,25.626146,1243.209,14.756,89.534,227.77,10,0.124,9.339,0.05,1774.48,102.592,0
89.863598,25.380731,43.193,16.192,153.898,159.814,10,0.125,6.365,0.001,1151.82,0.915,0
91.796897,25.598465,1711.101,9.454,130.345,84.754,30,0.122,3.762,0.05,1774.48,40.595,0
91.828116,25.543717,1774.99,8.937,192.452,431.24,30,0.125,3.926,0.05,1774.48,43.372,0
91.300082,25.700364,1198.668,13.376,312.998,310.766,10,0.122,4.993,0.001,1755.4,1.072,0
91.932671,25.388988,1416.592,30.246,16.394,330.675,10,0.124,19.808,0.001,1774.48,4.335,0
91.807144,25.630346,1223.972,15.772,11.101,268.017,30,0.123,4.666,0.001,1774.48,1.015,0
91.873627,25.570349,1494.259,5.833,193.039,56.503,50,0.13,1.299,0.01,1774.48,3.012,0
91.870681,25.191936,416.5,16.607,189.878,126.344,10,0.121,4.981,0.001,1774.48,1.07,0
89.993515,25.467219,83.917,5.168,252.09,565.029,10,0.125,1.723,0.001,1151.82,0.247,0
89.885119,25.375476,33.466,1.436,338.254,84.754,40,0.124,0.21,0.01,1151.82,0.301,0
90.02311,25.495757,62.088,7.546,137.844,28.251,40,0.125,1.812,0.15,1151.82,38.987,0
91.922603,25.591324,1480.448,12.799,219.954,359.582,30,0.121,7.324,0.15,1774.48,236.737,0
91.964567,25.686509,893.246,0.651,315.391,119.861,40,0.118,0.143,0.15,1774.48,4.513,0
90.17356,25.500094,199.947,6.676,268.278,101.862,10,0.13,1.547,0.001,1151.82,0.231,0
92.029356,25.264447,925.576,3.697,101.074,340.192,30,0.123,1.652,0.05,1774.48,18.072,0
91.690727,25.223611,484.553,39.869,41.974,226.012,10,0.123,36.627,0.001,1935.91,8.719,0
90.130061,25.413587,217.728,5.847,93.855,520.931,10,0.126,1.303,0.001,1151.82,0.189,0
91.882783,25.571108,1494.096,7.671,121.146,579.671,10,0.0,2.443,0.001,1774.48,0.058,0
91.759548,25.3901,1812.477,6.496,69.901,452.905,40,0.124,2.6,0.15,1774.48,85.64,0
91.292502,25.588279,1468.237,11.16,163.85,423.772,10,0.118,4.657,0.05,1755.4,48.365,0
92.34456,25.431388,1280.931,2.878,173.204,329.466,30,0.125,0.519,0.01,1774.48,1.149,0
90.517262,25.174503,32.525,9.518,216.48,169.509,10,0.125,3.227,0.001,1151.82,0.464,0
90.073047,25.25018,71.471,7.801,148.831,739.411,10,0.125,1.892,0.001,1151.82,0.273,0
90.211262,25.211353,58.41,13.864,165.48,694.894,10,0.125,5.226,0.001,1151.82,0.754,0
91.766526,25.57891,1666.422,5.242,356.878,159.814,40,0.123,1.755,0.15,1774.48,57.692,0
90.002291,25.718846,34.554,10.957,201.358,423.772,10,0.125,3.868,0.001,1151.82,0.556,0
91.659614,25.190734,237.771,6.129,78.366,543.427,10,0.122,2.149,0.001,1935.91,0.508,0
92.347045,25.636151,941.893,25.17,97.033,63.172,10,0.123,12.96,0.001,1774.48,2.824,0
91.819387,25.237053,991.752,8.229,294.833,494.198,10,0.123,2.027,0.001,1774.48,0.443,0
91.892753,25.634805,1209.92,9.605,107.975,266.524,10,0.127,3.84,0.001,1774.48,0.863,0
91.443835,25.570193,1724.692,5.784,282.993,493.39,40,0.12,1.285,0.05,2132.4,16.492,0
90.095858,25.870988,41.508,7.48,355.756,152.139,10,0.123,1.792,0.001,1151.82,0.255,0
91.693735,25.237604,639.545,19.177,201.085,79.907,10,0.126,9.263,0.001,1935.91,2.255,0
90.160621,25.235117,39.344,0.941,358.065,0.0,10,0.125,0.313,0.001,1151.82,0.045,0
91.675479,25.140211,11.03,0.218,354.019,101.862,40,0.122,0.032,0.15,1935.91,1.122,0
91.939867,25.601889,1409.461,6.203,173.406,141.257,30,0.12,2.182,0.05,1774.48,23.352,0
91.418328,25.233775,606.292,35.259,301.736,537.52,10,0.12,21.629,0.001,2132.4,5.575,0
91.765867,25.599822,1696.374,5.949,315.33,579.671,40,0.121,1.332,0.05,1774.48,14.356,0
92.243116,26.061933,65.53,21.612,344.679,423.772,10,0.126,17.822,0.001,1774.48,4.002,0
90.214263,25.903545,50.906,20.369,90.399,28.251,10,0.125,9.987,0.001,1151.82,1.436,0
92.241737,26.033311,323.13,18.116,141.41,220.651,10,0.126,7.334,0.001,1774.48,1.639,0
92.114295,25.597368,996.354,15.807,13.747,750.659,10,0.124,8.908,0.001,1774.48,1.963,0
91.840718,25.610738,1407.12,4.47,246.049,619.602,50,0.123,0.92,0.01,1774.48,2.004,0
90.885105,25.491896,551.936,5.269,209.544,290.866,30,0.124,1.138,0.001,1252.47,0.177,0
91.881234,25.581857,1453.72,11.196,121.844,63.172,50,0.0,3.013,0.01,1774.48,0.0,0
91.927907,25.56116,1630.67,6.663,274.755,652.235,10,0.124,3.97,0.001,1774.48,0.966,0
92.389038,25.175009,429.238,4.337,2.311,141.257,50,0.123,2.275,0.01,1774.48,5.262,0
91.247386,25.528813,1400.991,4.886,188.555,341.363,10,0.119,1.032,0.001,1755.4,0.215,0
92.343888,25.074204,17.705,12.987,27.071,339.017,10,0.123,9.376,0.001,1774.48,2.051,0
91.406676,25.281974,657.661,30.493,48.698,576.219,10,0.12,16.303,0.001,2132.4,4.183,0
91.629724,25.857649,430.625,10.026,115.14,239.721,10,0.123,2.615,0.001,1969.54,0.633,0
90.872919,25.598959,544.085,3.89,255.96,79.907,10,0.123,1.976,0.001,1252.47,0.304,0
89.848163,25.3602,25.556,1.299,346.508,119.861,40,0.125,0.287,0.15,1151.82,6.183,0
90.815292,25.753647,329.985,14.732,290.842,79.907,10,0.125,4.279,0.001,1151.82,0.616,0
91.968621,25.966376,558.444,3.328,104.645,650.397,10,0.123,0.627,0.001,1774.48,0.137,0
91.962244,25.236298,736.042,6.493,223.731,480.275,10,0.123,3.428,0.001,1774.48,0.747,0
90.042643,25.305307,44.623,9.608,157.785,56.503,10,0.125,2.475,0.001,1151.82,0.355,0
91.931098,25.598428,1559.072,14.004,46.225,706.286,10,0.123,6.226,0.001,1774.48,1.355,0
91.888167,25.581512,1423.781,1.717,315.486,56.503,50,0.0,0.505,0.01,1774.48,0.0,0
92.088387,25.423564,1413.104,5.552,178.156,380.084,40,0.122,2.319,0.15,1774.48,75.282,0
90.604938,25.89884,73.088,2.747,278.203,288.109,10,0.124,0.489,0.001,1151.82,0.07,0
91.601236,25.415248,1620.21,14.068,69.203,481.105,30,0.121,4.035,0.05,1969.54,47.911,0
91.573907,25.362181,1643.008,0.883,224.438,423.772,40,0.12,0.112,0.15,1969.54,3.954,0
91.878871,25.467679,1814.756,9.266,158.434,582.418,30,0.122,3.117,0.05,1774.48,33.868,0
90.956764,25.680977,786.359,3.17,26.543,126.344,10,0.125,1.515,0.001,1287.94,0.243,0
91.475867,25.500329,1615.069,9.216,193.551,459.9,30,0.122,3.641,0.05,2132.4,47.433,0
91.586476,25.852815,322.191,1.067,81.979,28.251,10,0.122,0.312,0.001,1969.54,0.075,0
91.45323,25.551623,1803.986,5.417,263.506,536.033,10,0.122,1.18,0.001,2132.4,0.309,0
92.149063,25.388411,1350.143,4.439,177.95,701.751,10,0.122,0.911,0.001,1774.48,0.197,0
92.054067,25.394612,1452.937,4.27,177.314,239.721,10,0.119,0.867,0.001,1774.48,0.183,0
90.124207,25.23345,31.877,6.929,246.687,141.257,40,0.128,2.519,0.15,1151.82,55.475,0
91.924333,25.59646,1511.463,10.409,144.886,290.866,50,0.122,4.777,0.01,1774.48,10.3,0
92.089307,26.00002,351.653,21.925,132.058,56.503,10,0.125,10.942,0.001,1774.48,2.418,0
91.578967,25.414982,1584.771,21.859,214.719,260.465,30,0.122,9.269,0.05,1969.54,111.054,0
92.128388,25.903355,789.832,23.656,71.44,113.006,10,0.123,19.92,0.001,1774.48,4.323,0
90.65547,25.616072,300.376,2.788,68.479,79.907,10,0.127,1.282,0.001,1151.82,0.187,0
90.134164,25.276401,56.725,3.623,229.691,101.862,10,0.126,0.7,0.001,1151.82,0.101,0
91.125986,25.193985,7.506,0.087,174.98,555.053,40,0.123,0.014,0.15,1339.59,0.353,0
90.393223,25.51084,804.773,9.314,84.868,28.251,10,0.124,6.119,0.001,1151.82,0.873,0
91.274195,25.483456,1485.247,6.24,225.521,282.514,30,0.12,2.903,0.05,1755.4,30.549,0
91.604697,25.692796,1386.812,7.784,253.535,141.257,30,0.122,1.887,0.05,1969.54,22.78,0
91.654476,25.133524,15.823,3.137,219.271,562.906,30,0.126,0.581,0.001,1935.91,0.142,0
90.688246,25.369519,466.984,20.106,65.704,282.514,10,0.125,16.293,0.001,1151.82,2.34,0
91.936733,25.599342,1463.172,6.272,337.776,446.694,10,0.123,1.427,0.001,1774.48,0.311,0
91.980801,25.978377,584.906,25.788,347.135,536.777,10,0.122,13.346,0.001,1774.48,2.884,0
90.212152,25.343446,173.943,4.188,118.933,432.164,10,0.125,0.845,0.001,1151.82,0.122,0
89.852213,25.311497,20.386,0.227,278.564,0.0,30,0.124,0.049,0.15,1151.82,1.046,0
91.812361,25.186144,208.52,35.154,187.595,322.116,10,0.123,29.816,0.001,1774.48,6.512,0
91.886747,25.628359,1281.544,4.182,49.446,227.77,50,0.124,0.844,0.01,1774.48,1.86,0
91.314153,25.464202,1489.292,5.864,125.655,452.023,30,0.12,1.308,0.05,1755.4,13.756,0
91.880635,25.760243,759.842,13.083,165.694,439.489,40,0.123,3.678,0.15,1774.48,120.254,0
91.138744,25.494267,1106.515,5.908,332.381,379.033,10,0.124,3.398,0.001,1339.59,0.563,0
91.412626,25.354169,1519.735,5.246,277.117,599.304,50,0.12,1.132,0.001,2132.4,0.289,0
91.908529,25.555748,1658.971,9.554,356.036,199.768,50,0.0,3.242,0.01,1774.48,0.0,0
90.795565,25.928479,62.111,1.088,44.372,0.0,40,0.123,0.378,0.15,1151.82,8.036,0
91.852145,25.580924,1488.108,8.321,3.538,305.586,40,0.12,2.057,0.05,1774.48,22.047,0
91.762406,25.462658,1823.206,3.822,280.914,84.754,30,0.122,0.751,0.05,1774.48,8.147,0
91.348993,25.47682,1464.688,7.838,91.789,152.139,30,0.12,1.904,0.05,1755.4,20.003,0
91.367215,25.192759,17.303,0.514,266.325,268.017,40,0.125,0.096,0.15,1755.4,3.165,0
90.838436,25.185279,59.957,27.806,110.073,84.754,10,0.126,24.229,0.001,1151.82,3.517,0
91.917785,25.188636,178.141,6.983,175.344,84.754,10,0.12,3.121,0.001,1774.48,0.666,0
91.577184,25.201113,237.833,2.998,300.198,141.257,10,0.119,0.548,0.001,1969.54,0.129,0
92.219931,25.664838,980.553,4.708,307.192,141.257,10,0.124,0.984,0.15,1774.48,32.417,0
90.794184,25.181644,20.964,5.251,77.165,28.251,10,0.124,1.973,0.001,1151.82,0.283,0
91.504735,25.605647,1463.026,8.151,275.166,113.006,40,0.121,3.107,0.15,2132.4,119.833,0
91.553838,25.289004,796.336,22.957,305.614,367.269,10,0.124,7.462,0.001,2132.4,1.976,0
90.108686,25.715112,251.213,9.993,187.435,371.59,10,0.126,3.436,0.001,1151.82,0.5,0
91.853841,25.607795,1046.964,30.829,315.383,39.954,10,0.124,24.448,0.001,1774.48,5.385,0
90.581183,25.835028,66.923,9.031,114.444,113.006,10,0.125,3.979,0.001,1151.82,0.574,0
90.779584,25.192434,32.69,11.482,230.54,159.814,10,0.125,4.107,0.001,1151.82,0.59,0
91.531799,25.694745,1158.004,25.715,121.725,268.017,10,0.122,11.309,0.05,2132.4,147.6,0
89.948299,25.517527,36.203,6.044,324.377,282.514,40,0.124,3.499,0.15,1151.82,74.965,0
91.065548,25.201944,30.697,8.471,71.498,39.954,10,0.124,4.309,0.001,1400.26,0.744,0
92.349269,25.193468,729.552,5.246,195.386,189.516,10,0.124,1.757,0.001,1774.48,0.387,0
90.481368,25.167999,41.004,9.99,95.342,260.465,10,0.128,2.603,0.001,1151.82,0.382,0
91.865599,26.009623,210.752,24.577,302.389,144.055,50,0.125,20.872,0.01,1774.48,46.23,0
90.164526,25.233323,59.123,12.964,133.613,101.862,10,0.125,3.636,0.001,1151.82,0.523,0
91.461102,25.596111,1555.129,10.853,4.434,559.35,10,0.121,4.493,0.001,2132.4,1.159,0
90.685319,25.16598,34.199,9.996,124.85,84.754,10,0.126,2.605,0.001,1151.82,0.377,0
92.043432,25.200094,288.065,23.581,191.628,268.017,10,0.119,19.842,0.001,1774.48,4.224,0
91.457706,25.666131,763.516,38.008,113.417,169.509,10,0.121,34.762,0.001,2132.4,8.927,0
91.906237,25.528844,1783.029,1.542,351.341,359.582,10,0.122,0.594,0.15,1774.48,19.453,0
91.600334,25.463753,1581.031,18.127,326.473,39.954,10,0.12,8.631,0.001,1969.54,2.046,0
91.744372,25.332108,1349.778,28.511,81.968,215.157,10,0.122,15.057,0.001,1774.48,3.272,0
91.874459,25.593994,1423.142,3.224,305.624,392.482,50,0.0,0.602,0.05,1774.48,0.0,0
90.33845,25.341505,51.339,11.055,326.536,39.954,10,0.126,7.629,0.001,1151.82,1.104,0
89.865617,25.293914,20.685,0.311,309.409,39.954,40,0.124,0.059,0.15,1151.82,1.27,0
91.408924,25.51482,1476.548,6.114,222.777,399.536,40,0.122,1.822,0.05,2132.4,23.666,0
91.800247,25.222253,331.639,11.094,315.153,171.847,10,0.122,3.93,0.001,1774.48,0.852,0
91.893442,25.932961,546.335,12.98,303.817,79.907,40,0.122,9.37,0.15,1774.48,304.382,0
91.892629,25.582964,1442.631,11.675,179.597,241.38,10,0.0,8.181,0.001,1774.48,0.0,0
91.924096,25.578097,1552.374,2.927,233.224,330.675,10,0.121,0.531,0.001,1774.48,0.114,0
90.862149,25.877744,254.147,29.34,140.33,254.263,10,0.122,23.063,0.001,1252.47,3.519,0
90.195761,25.801827,129.467,8.8,259.456,330.675,10,0.122,3.849,0.001,1151.82,0.54,0
91.376006,25.259965,550.307,34.663,52.974,178.678,10,0.12,18.909,0.001,1755.4,3.973,0
90.865688,25.531899,646.145,2.592,124.699,419.988,10,0.125,0.453,0.001,1252.47,0.071,0
92.002307,25.592907,1286.113,8.381,257.956,407.448,40,0.123,3.951,0.15,1774.48,129.684,0
91.672612,25.584822,1660.582,9.589,65.799,678.035,30,0.12,2.469,0.05,1935.91,28.619,0
91.73881,25.352566,1678.845,16.36,279.094,359.582,30,0.121,6.449,0.001,1935.91,1.513,0
89.855345,25.357875,31.566,1.353,281.179,28.251,40,0.126,0.257,0.15,1151.82,5.592,0
90.587755,25.315323,65.646,9.987,326.834,152.139,10,0.125,6.695,0.001,1151.82,0.969,0
91.170322,25.206793,289.677,21.916,200.366,419.988,10,0.123,7.047,0.001,1339.59,1.162,0
89.938225,25.686888,42.344,17.044,241.412,310.766,10,0.124,5.147,0.001,1151.82,0.735,0
91.988676,25.388393,1392.852,23.36,321.973,909.767,10,0.124,7.623,0.001,1774.48,1.686,0
91.848135,25.67824,912.719,5.402,281.982,511.655,10,0.123,1.176,0.15,1774.48,38.52,0
91.409283,25.57245,1623.72,8.258,99.721,260.465,30,0.121,4.435,0.05,2132.4,57.288,0
92.440277,25.66506,844.685,3.334,240.941,113.006,30,0.123,0.629,0.15,1774.48,20.558,0
91.600175,25.345755,1732.911,27.965,139.825,411.347,30,0.119,9.481,0.05,1969.54,111.265,0
92.314154,25.321275,1153.027,6.467,358.823,189.516,30,0.125,1.959,0.01,1774.48,4.332,0
91.939423,25.597605,1417.947,9.065,81.7,278.244,50,0.123,3.564,0.05,1774.48,38.767,0
91.239665,25.39285,1287.858,12.194,102.713,452.023,30,0.121,4.436,0.05,1755.4,47.091,0
91.786537,25.192339,384.954,19.059,207.443,404.499,10,0.122,10.312,0.001,1774.48,2.227,0
91.424969,25.316676,1267.665,27.935,311.073,89.339,10,0.121,14.695,0.001,2132.4,3.803,0
90.12184,25.304067,54.972,2.512,211.406,116.484,10,0.125,0.435,0.001,1151.82,0.063,0
91.998109,25.513359,1615.968,3.76,86.548,446.694,50,0.121,0.97,0.001,1774.48,0.209,0
91.76042,25.316818,1542.363,11.893,176.344,683.311,30,0.122,5.053,0.05,1774.48,54.964,0
92.238173,25.126475,94.972,14.963,157.225,197.76,10,0.124,4.365,0.001,1774.48,0.959,0
89.937347,25.465299,34.447,1.303,16.649,84.754,40,0.125,0.477,0.15,1151.82,10.277,0
91.714669,25.49632,1786.066,16.225,354.042,644.232,30,0.124,11.112,0.05,1935.91,133.049,0
91.718182,25.419453,1668.578,4.43,272.298,367.269,40,0.12,0.909,0.15,1935.91,31.638,0
92.063614,25.210955,596.222,9.405,178.793,310.766,10,0.126,4.584,0.01,1774.48,10.235,0
91.520961,25.712994,1166.911,10.314,249.122,164.733,10,0.122,6.977,0.05,2132.4,90.443,0
90.334741,25.985232,80.278,17.896,239.723,282.514,10,0.126,10.419,0.001,1151.82,1.51,0
91.176368,25.650808,1123.761,8.263,188.488,63.172,40,0.124,2.689,0.15,1339.59,66.95,0
90.680867,25.498914,336.353,7.587,141.919,536.033,10,0.126,1.825,0.001,1151.82,0.264,0
91.691078,25.893578,354.105,8.047,178.96,101.862,10,0.123,3.749,0.001,1935.91,0.891,0
91.826121,25.627283,1496.455,9.877,157.535,481.105,30,0.124,3.384,0.05,1774.48,36.754,0
91.54154,25.398207,1575.399,5.756,232.946,341.363,30,0.12,1.277,0.05,2132.4,16.365,0
90.273433,25.344273,58.685,10.031,32.468,84.754,10,0.124,2.617,0.001,1151.82,0.375,0
91.564717,25.617664,1566.655,3.285,92.103,659.536,10,0.121,0.617,0.15,1969.54,22.016,0
92.26278,25.239613,820.708,20.12,111.82,300.317,10,0.123,6.338,0.001,1774.48,1.378,0
92.010208,25.654324,924.258,4.018,156.686,359.582,10,0.119,0.801,0.001,1774.48,0.169,0
91.785293,25.196353,499.493,26.071,185.21,763.312,10,0.123,13.524,0.001,1774.48,2.946,0
92.206315,25.291726,697.966,14.55,318.767,28.251,10,0.123,4.212,0.001,1774.48,0.922,0
91.936406,25.292488,1080.93,10.765,91.507,329.466,50,0.125,4.989,0.001,1774.48,1.107,0
90.123856,25.413791,211.268,5.849,189.11,622.173,10,0.127,1.303,0.001,1151.82,0.191,0
92.303235,25.414131,1312.585,5.526,83.286,511.655,50,0.125,1.879,0.05,1774.48,20.777,0
90.406855,25.922388,63.33,4.369,33.025,141.257,10,0.126,0.893,0.001,1151.82,0.129,0
91.186017,25.67148,1174.093,16.731,320.374,344.853,10,0.123,6.635,0.001,1339.59,1.096,0
91.961948,25.772177,928.935,3.489,265.29,226.012,40,0.12,0.667,0.15,1774.48,21.266,0
91.918472,25.607687,1646.819,7.933,256.485,947.582,30,0.123,1.933,0.05,1774.48,21.084,0
90.686452,25.174243,23.702,1.224,141.239,28.251,40,0.126,0.44,0.05,1151.82,3.195,0
91.91239,25.662869,930.079,7.995,178.334,39.954,10,0.123,4.487,0.001,1774.48,0.985,0
92.27951,25.247787,857.31,5.234,146.241,315.861,30,0.122,1.489,0.05,1774.48,16.115,0
91.719418,25.288079,1337.48,26.813,79.498,399.536,10,0.122,9.015,0.001,1935.91,2.124,0
92.631096,25.392725,776.769,8.868,102.858,322.116,30,0.126,2.946,0.05,1774.48,33.07,0
90.608968,25.532544,281.692,3.933,184.563,169.509,10,0.126,1.028,0.001,1151.82,0.149,0
91.619663,25.684964,1378.583,11.917,345.281,119.861,40,0.124,6.214,0.15,1969.54,226.822,0
90.56819,25.803221,74.617,1.359,35.191,126.344,10,0.123,0.258,0.001,1151.82,0.037,0
92.168574,25.570434,1234.093,6.06,237.131,113.006,10,0.126,2.598,0.15,1774.48,86.974,0
92.263418,25.244874,798.996,7.894,95.702,499.819,30,0.123,2.535,0.05,1774.48,27.509,0
91.511423,25.525709,1573.217,4.296,109.098,56.503,40,0.123,2.248,0.15,2132.4,88.536,0
91.014692,25.716425,924.406,17.258,188.623,542.692,10,0.123,8.114,0.001,1287.94,1.288,0
90.200098,25.361359,82.493,14.296,61.522,199.768,10,0.125,10.598,0.001,1151.82,1.535,0
91.693727,25.238145,659.004,21.909,219.695,126.344,10,0.126,10.932,0.001,1935.91,2.663,0
90.785199,25.816065,89.685,6.701,91.236,126.344,10,0.124,1.554,0.001,1151.82,0.223,0
90.016106,25.459891,110.302,7.697,85.894,493.39,10,0.129,1.859,0.001,1151.82,0.275,0
92.386966,25.498339,1272.83,18.235,350.214,459.9,10,0.127,7.394,0.001,1774.48,1.661,0
90.110611,25.247503,36.769,5.663,92.507,63.172,10,0.125,3.216,0.001,1151.82,0.462,0
91.309229,25.632477,1531.769,20.959,121.151,598.637,30,0.12,8.798,0.05,1755.4,92.958,0
91.849123,26.029033,72.643,10.655,152.063,144.055,50,0.128,2.828,0.01,1774.48,6.408,0
90.744907,25.65655,387.758,16.726,339.268,344.853,10,0.123,5.026,0.001,1151.82,0.712,0
92.14817,26.035612,272.171,15.524,84.568,28.251,10,0.125,7.963,0.001,1774.48,1.768,0
91.071488,25.201306,61.493,18.417,211.618,310.766,60,0.122,10.802,0.001,1400.26,1.843,0
91.572377,25.182107,70.137,27.198,176.114,199.768,10,0.125,14.231,0.001,1969.54,3.49,0
91.414621,25.500494,1542.986,14.639,82.482,116.484,10,0.121,5.601,0.001,2132.4,1.447,0
90.926808,25.680402,552.489,0.335,149.414,39.954,40,0.125,0.082,0.15,1252.47,1.92,0
91.542784,25.150162,12.218,0.43,227.083,141.257,40,0.122,0.101,0.15,2132.4,3.925,0
91.686932,25.403013,1699.882,7.075,294.89,315.861,40,0.12,1.668,0.05,1935.91,19.398,0
92.052978,25.595657,1124.008,4.086,357.68,401.528,10,0.126,2.106,0.001,1774.48,0.469,0
91.604942,25.384914,1648.264,1.837,77.349,241.38,40,0.118,0.504,0.15,1969.54,17.691,0
90.143896,25.928445,49.102,1.611,233.311,353.99,40,0.123,0.629,0.15,1151.82,13.36,0
91.925029,25.493766,1792.686,3.198,215.424,582.418,40,0.123,1.532,0.15,1774.48,50.31,0
90.104816,25.232983,58.52,4.66,346.69,808.998,10,0.126,2.498,0.001,1151.82,0.364,0
91.564335,25.943089,400.538,10.969,297.061,84.754,10,0.122,2.935,0.001,1969.54,0.705,0
91.396842,25.528632,1523.174,8.502,98.627,56.503,50,0.121,3.281,0.01,2132.4,8.451,0
92.011357,25.246957,735.725,3.321,226.996,79.907,10,0.122,0.626,0.001,1774.48,0.136,0
91.577017,25.412904,1476.118,15.267,277.138,340.192,10,0.122,11.52,0.001,1969.54,2.762,0
91.795047,25.777286,700.139,8.028,83.028,199.768,10,0.144,1.963,0.001,1774.48,0.292,0
91.832227,25.539409,1766.573,10.203,110.852,252.689,30,0.123,5.091,0.05,1774.48,55.81,0
90.040978,25.651268,96.616,11.198,208.421,379.033,10,0.126,3.014,0.001,1151.82,0.438,0
91.556088,25.601154,1628.408,13.401,86.347,260.465,10,0.121,3.793,0.001,2132.4,0.979,0
90.748121,25.889978,126.797,17.414,108.675,368.354,10,0.123,5.288,0.001,1151.82,0.756,0
91.765478,25.398306,1768.241,13.7,310.583,0.0,30,0.124,10.038,0.05,1774.48,110.672,0
89.859552,25.395367,92.244,11.331,132.499,330.675,10,0.125,3.06,0.001,1151.82,0.442,0
91.920501,25.593995,1468.487,5.956,258.598,28.251,50,0.121,2.732,0.01,1774.48,5.866,0
92.056499,25.352057,1289.767,17.142,158.122,278.244,30,0.121,9.027,0.05,1774.48,97.269,0
91.255038,25.515034,1398.062,3.248,36.453,611.172,50,0.118,0.608,0.15,1755.4,18.85,0
92.337969,25.482571,1256.128,12.689,50.653,39.954,50,0.124,4.668,0.05,1774.48,51.295,0
91.733041,25.226883,1060.88,26.53,109.888,171.847,10,0.123,15.496,0.001,1935.91,3.707,0
91.903064,25.252113,935.347,1.146,224.964,359.582,10,0.125,0.299,0.001,1774.48,0.066,0
90.543418,25.38033,199.548,19.851,283.027,141.257,10,0.126,6.232,0.001,1151.82,0.905,0
90.649699,25.917239,68.404,1.895,58.11,39.954,10,0.123,0.398,0.001,1151.82,0.056,0
91.863731,25.562382,1564.679,1.455,9.738,205.674,50,0.123,0.214,0.01,1774.48,0.503,0
90.477138,25.849356,75.259,2.417,265.1,203.724,40,0.125,0.546,0.001,1151.82,0.078,0
91.262823,25.355866,1294.004,2.128,318.238,455.541,10,0.122,0.351,0.001,1755.4,0.075,0
91.707562,25.530595,1801.638,9.584,74.754,393.497,10,0.123,2.468,0.001,1935.91,0.586,0
91.906716,25.659939,940.748,7.413,115.138,144.055,10,0.124,2.749,0.01,1774.48,6.058,0
91.325197,25.674071,1294.236,24.116,4.421,220.651,10,0.122,10.459,0.001,1755.4,2.247,0
91.108337,25.793955,587.389,12.939,183.445,568.549,10,0.122,6.315,0.001,1400.26,1.079,0
92.04527,25.78958,992.187,5.388,173.872,159.814,30,0.124,1.172,0.05,1774.48,12.867,0
92.408156,25.663122,888.728,12.43,175.48,241.38,10,0.124,4.546,0.001,1774.48,1.005,0
91.733294,25.386917,1775.984,8.47,258.268,486.056,40,0.121,2.104,0.15,1935.91,74.097,0
91.611876,25.421436,1542.405,0.732,211.873,226.012,40,0.119,0.088,0.15,1969.54,3.084,0
92.37265,25.322834,1060.83,0.848,155.962,282.514,30,0.124,0.106,0.05,1774.48,1.175,0
91.463089,25.582531,1679.291,13.013,97.703,119.861,30,0.121,3.653,0.05,2132.4,47.148,0
91.866562,25.555153,1573.916,15.336,136.98,28.251,10,0.121,5.942,0.001,1774.48,1.279,0
90.012074,25.682918,46.946,13.124,345.98,423.772,10,0.127,5.731,0.001,1151.82,0.838,0
90.358467,25.172845,30.276,7.124,191.2,113.006,10,0.125,2.611,0.001,1151.82,0.374,0
91.917461,25.588884,1513.04,19.152,286.061,164.733,10,0.121,15.333,0.001,1774.48,3.293,0
91.481688,25.588475,1594.766,13.379,289.415,312.047,10,0.12,8.696,0.001,2132.4,2.221,0
91.463769,25.366655,1563.039,4.679,193.503,572.048,50,0.121,0.976,0.01,2132.4,2.511,0
92.511724,25.353544,1102.502,11.823,297.732,509.31,30,0.127,8.315,0.05,1774.48,93.506,0
91.478241,25.377318,1530.118,22.263,136.93,119.861,30,0.12,9.481,0.05,2132.4,121.056,0
92.013564,25.706206,881.045,5.084,160.585,343.694,10,0.119,1.892,0.001,1774.48,0.401,0
91.874292,25.817241,548.503,8.651,184.6,39.954,50,0.123,5.564,0.01,1774.48,12.112,0
90.210553,25.256542,68.378,12.24,272.395,376.921,10,0.125,3.378,0.001,1151.82,0.486,0
90.204462,25.315695,112.183,6.841,209.978,255.828,10,0.126,1.596,0.001,1151.82,0.231,0
92.11096,25.504128,1272.525,26.189,308.67,455.541,10,0.122,13.598,0.001,1774.48,2.95,0
91.57633,25.46721,1743.064,12.412,125.342,689.706,10,0.12,5.988,0.001,1969.54,1.414,0
92.015946,25.340982,1214.821,29.208,165.575,226.012,30,0.123,17.385,0.05,1774.48,189.788,0
91.894714,25.746411,863.197,6.996,235.53,288.109,10,0.123,1.643,0.001,1774.48,0.359,0
91.590035,25.358922,1646.031,1.628,349.695,278.244,40,0.119,0.248,0.15,1969.54,8.685,0
91.944376,25.671914,965.627,1.205,332.501,424.712,40,0.121,0.168,0.001,1774.48,0.036,0
90.998559,25.876395,71.054,5.946,130.304,63.172,40,0.127,2.318,0.15,1287.94,56.905,0
91.970006,25.385047,777.938,26.355,253.633,452.905,10,0.124,22.718,0.001,1774.48,4.975,0
92.405523,25.227281,638.678,7.06,314.368,39.954,10,0.124,1.663,0.001,1774.48,0.367,0
90.895374,25.639127,556.572,17.639,97.035,164.733,10,0.126,11.005,0.001,1252.47,1.741,0
91.178468,25.750319,818.979,17.971,336.519,430.313,10,0.122,5.502,0.001,1339.59,0.898,0
91.847162,25.25586,801.629,40.904,345.123,312.047,10,0.124,19.309,0.001,1774.48,4.252,0
92.442803,25.668961,838.044,8.525,344.161,39.954,10,0.121,2.122,0.001,1774.48,0.458,0
92.027417,25.610207,1086.074,10.573,276.597,465.935,30,0.122,2.8,0.05,1774.48,30.243,0
91.855146,25.655867,1011.285,14.288,125.882,396.528,10,0.124,10.59,0.001,1774.48,2.339,0
92.365621,25.486236,1246.903,4.408,18.655,282.514,30,0.128,1.192,0.05,1774.48,13.492,0
92.007067,25.228939,623.459,12.914,136.695,189.516,50,0.123,7.88,0.001,1774.48,1.726,0
91.099237,25.27142,535.207,4.249,345.58,260.465,10,0.124,0.861,0.001,1400.26,0.15,0
91.942655,25.461516,1710.726,6.444,275.945,113.006,30,0.12,2.813,0.05,1774.48,30.062,0
91.882717,25.616857,1261.757,22.172,192.885,113.006,30,0.121,7.149,0.05,1774.48,77.378,0
91.893418,25.323139,1434.233,8.739,38.941,367.269,30,0.123,2.89,0.05,1774.48,31.42,0
91.639151,25.907031,326.978,27.986,291.098,141.257,10,0.123,9.49,0.001,1969.54,2.287,0
90.931336,25.209247,208.045,14.014,80.547,368.354,10,0.124,4.016,0.001,1287.94,0.641,0
92.424306,25.164289,324.427,14.119,16.102,697.759,10,0.123,4.054,0.001,1774.48,0.882,0
92.411481,25.514754,1236.666,3.9,216.503,452.023,40,0.125,1.983,0.15,1774.48,66.251,0
91.306544,25.483603,1444.402,6.397,215.843,0.0,30,0.12,3.766,0.05,1755.4,39.532,0
91.62637,25.45037,1571.106,4.947,210.426,28.251,50,0.12,1.049,0.01,1969.54,2.471,0
91.98524,25.604853,1294.646,11.269,152.025,119.861,30,0.122,3.039,0.05,1774.48,32.969,0
91.630264,25.41018,1677.739,25.952,208.75,652.235,10,0.12,8.667,0.05,1969.54,102.707,0
92.010901,25.254273,799.519,15.482,204.779,384.261,10,0.122,10.471,0.001,1774.48,2.274,0
90.879792,25.639208,665.159,11.015,343.623,159.814,10,0.125,2.951,0.001,1252.47,0.461,0
92.495585,25.320961,1118.15,13.288,269.279,598.637,10,0.124,9.036,0.001,1774.48,1.986,0
91.922991,25.472242,1894.636,14.228,174.599,589.907,30,0.122,5.402,0.05,1774.48,58.464,0
90.069042,25.264107,55.925,4.413,233.088,113.006,10,0.127,1.722,0.001,1151.82,0.251,0
90.456407,25.568629,323.06,9.391,171.944,56.503,10,0.126,6.184,0.01,1151.82,8.971,0
91.920995,25.579515,1522.043,2.465,248.181,254.263,50,0.122,1.093,0.01,1774.48,2.371,0
91.823324,25.240339,982.153,8.327,233.724,595.965,10,0.123,3.194,0.001,1774.48,0.7,0
90.898995,25.543256,722.297,13.886,85.943,255.828,50,0.123,6.91,0.01,1252.47,10.66,0
91.659608,25.550442,1706.094,10.443,210.355,260.465,30,0.121,2.756,0.05,1935.91,32.345,0
89.822804,25.372284,35.45,12.798,211.34,28.251,10,0.126,3.577,0.001,1151.82,0.518,0
91.803235,25.786396,716.971,25.845,86.304,525.507,10,0.123,13.382,0.001,1774.48,2.908,0
91.426402,25.233879,664.997,17.626,337.711,572.048,10,0.122,5.37,0.001,2132.4,1.4,0
91.614419,25.567283,1694.816,6.65,196.817,557.206,30,0.122,2.68,0.05,1969.54,32.241,0
91.682284,25.240106,722.236,15.162,221.886,689.706,50,0.126,11.42,0.001,1935.91,2.784,0
91.899581,25.498125,1772.124,2.977,346.125,113.006,50,0.122,0.945,0.01,1774.48,2.039,0
89.869519,25.463696,25.232,1.612,47.97,28.251,40,0.126,0.629,0.15,1151.82,13.662,0
91.864811,25.283694,1129.083,22.761,10.38,627.284,10,0.123,7.384,0.001,1774.48,1.619,0
91.893902,25.24218,858.812,14.66,121.364,384.261,10,0.122,6.6,0.001,1774.48,1.434,0
90.270296,25.229154,46.065,12.267,329.114,56.503,10,0.125,3.388,0.001,1151.82,0.49,0
91.492787,25.380937,1578.567,4.687,64.299,399.536,40,0.119,2.517,0.15,2132.4,96.203,0
90.287481,25.925579,55.713,7.026,144.479,141.257,10,0.122,1.653,0.001,1151.82,0.232,0
91.614902,25.892394,355.751,12.34,353.058,28.251,10,0.122,4.504,0.001,1969.54,1.082,0
92.135637,25.911318,780.906,14.27,207.247,232.967,30,0.125,10.573,0.05,1774.48,117.118,0
91.916959,25.574416,1489.074,3.576,296.975,0.0,50,0.0,1.771,0.01,1774.48,0.0,0
90.721941,25.512166,418.244,6.995,184.969,340.192,30,0.126,1.643,0.05,1151.82,11.945,0
91.711379,25.503191,1732.823,2.672,191.764,479.443,40,0.123,0.821,0.15,1935.91,29.23,0
91.840903,25.967658,398.132,27.226,287.919,319.629,10,0.126,15.986,0.001,1774.48,3.558,0
91.984757,25.971348,509.472,16.457,72.486,63.172,10,0.122,8.573,0.001,1774.48,1.863,0
90.283003,25.333745,56.632,0.519,19.477,171.847,40,0.125,0.056,0.001,1151.82,0.008,0
91.351929,25.213235,24.466,1.125,107.816,283.923,40,0.122,0.202,0.15,1755.4,6.504,0
92.213782,25.112492,84.199,11.467,240.101,260.465,10,0.123,7.138,0.001,1774.48,1.559,0
91.074407,25.71629,785.503,25.898,320.939,159.814,10,0.124,18.827,0.001,1400.26,3.277,0
90.480612,25.983094,375.714,15.806,76.495,227.77,10,0.123,4.679,0.001,1151.82,0.666,0
90.100801,25.860344,54.812,3.049,109.326,197.76,10,0.124,0.56,0.001,1151.82,0.08,0
92.103729,25.522346,1142.865,10.993,90.731,282.514,30,0.124,3.884,0.05,1774.48,42.741,0
92.139108,25.592202,1011.005,22.846,182.381,113.006,10,0.125,9.788,0.05,1774.48,108.535,0
90.342601,25.662238,531.536,0.647,199.162,144.055,30,0.123,0.192,0.05,1151.82,1.364,0
91.864819,26.01173,185.512,18.964,272.195,56.503,10,0.126,5.886,0.001,1774.48,1.31,0
92.399607,25.162099,379.443,14.658,323.486,539.743,10,0.122,6.598,0.001,1774.48,1.429,0
91.080846,25.678857,986.238,4.303,181.064,417.128,40,0.124,2.253,0.15,1400.26,58.759,0
91.922984,25.560118,1613.293,3.059,275.56,760.693,10,0.164,0.562,0.001,1774.48,0.145,0
90.77038,25.633695,339.586,0.745,146.909,152.139,10,0.123,0.09,0.001,1151.82,0.013,0
91.907835,25.577684,1456.936,3.03,296.883,205.674,50,0.125,0.555,0.001,1774.48,0.123,0
91.545064,25.585975,1655.566,11.71,54.945,456.416,30,0.121,6.952,0.05,2132.4,90.045,0
91.746061,25.17692,34.319,17.924,325.477,79.907,10,0.122,8.51,0.001,1774.48,1.849,0
91.659761,25.550417,1708.505,2.374,157.534,243.028,30,0.121,0.404,0.05,1935.91,4.747,0
92.093078,25.221397,710.329,4.523,135.654,473.58,10,0.125,2.403,0.001,1774.48,0.532,0
91.819254,25.421307,1772.312,39.586,132.472,459.9,30,0.122,24.595,0.05,1774.48,267.758,0
90.058784,25.264038,76.324,5.667,60.418,312.047,10,0.127,1.251,0.001,1151.82,0.182,0
91.736178,25.51536,1724.456,12.663,313.604,379.033,10,0.125,4.656,0.001,1935.91,1.122,0
91.781094,25.334254,1182.895,37.924,122.569,395.52,10,0.127,27.597,0.001,1774.48,6.205,0
91.182347,25.606523,1057.118,8.2,214.576,199.768,30,0.122,2.018,0.05,1339.59,16.506,0
91.603787,25.218866,582.095,20.988,98.208,666.758,10,0.119,6.679,0.001,1969.54,1.573,0
91.715318,25.335253,1651.951,2.782,89.28,396.528,40,0.12,0.656,0.15,1935.91,22.81,0
91.973299,25.49295,1668.056,5.729,186.388,593.28,40,0.124,1.269,0.15,1774.48,41.666,0
92.029913,25.966427,500.945,10.577,190.557,28.251,10,0.124,6.435,0.001,1774.48,1.415,0
92.17521,26.00711,347.444,11.912,339.197,28.251,10,0.124,5.063,0.001,1774.48,1.112,0
91.559926,25.516724,1569.5,4.118,350.003,0.0,30,0.121,2.128,0.05,1969.54,25.316,0
92.236166,25.458804,1352.654,7.738,109.225,579.671,30,0.123,3.834,0.05,1774.48,41.889,0
91.915747,25.481232,1803.558,10.064,7.238,509.31,30,0.121,4.078,0.05,1774.48,44.081,0
89.831897,25.415592,21.183,4.342,273.567,39.954,40,0.123,1.169,0.15,1151.82,24.855,0
91.737013,25.587811,1616.055,6.144,117.858,278.244,40,0.121,1.389,0.15,1935.91,48.814,0
91.743602,25.209042,672.667,19.521,134.908,678.623,10,0.123,14.697,0.001,1774.48,3.198,0
91.38736,25.428237,1552.43,4.393,1.491,545.626,30,0.12,2.314,0.15,2132.4,88.687,0
91.793581,25.443013,1867.398,2.762,147.904,322.116,30,0.122,1.267,0.05,1774.48,13.707,0
90.661281,25.819953,249.487,2.196,202.955,197.76,10,0.121,0.748,0.001,1151.82,0.104,0
91.262036,25.242876,580.012,5.279,207.421,620.246,10,0.123,2.936,0.001,1755.4,0.633,0
91.670561,25.868983,358.557,20.583,121.601,180.897,10,0.122,10.117,0.001,1935.91,2.394,0
91.86361,25.275469,1111.255,8.926,194.584,785.471,30,0.125,2.97,0.001,1774.48,0.657,0
92.36718,25.679552,951.017,8.906,157.169,141.257,10,0.123,5.776,0.001,1774.48,1.256,0
91.552399,25.503932,1635.363,18.193,221.752,164.733,30,0.121,7.373,0.05,2132.4,95.314,0
91.764238,25.317631,1535.672,3.981,253.168,813.426,30,0.122,1.044,0.05,1774.48,11.339,0
91.88426,26.010702,400.064,12.96,321.446,310.766,10,0.123,3.634,0.001,1774.48,0.798,0
91.716272,25.26294,1318.452,3.862,202.222,266.524,30,0.121,1.449,0.15,1935.91,50.86,0
91.901219,25.356108,1561.124,5.335,43.888,666.758,30,0.12,1.527,0.05,1774.48,16.279,0
90.598473,25.312073,60.918,11.692,51.988,113.006,10,0.124,3.186,0.001,1151.82,0.457,0
91.665188,25.40652,1655.034,9.781,303.675,359.582,30,0.12,6.517,0.05,1935.91,75.86,0
91.857107,25.663926,1142.243,11.445,199.864,536.033,10,0.126,4.09,0.001,1774.48,0.913,0
89.955662,25.317741,45.282,13.678,172.132,63.172,10,0.124,5.137,0.001,1151.82,0.735,0
92.006855,25.62258,1101.405,18.432,56.344,189.516,10,0.123,5.68,0.001,1774.48,1.244,0
90.896327,25.178139,168.17,16.11,227.147,227.77,10,0.123,6.325,0.001,1252.47,0.977,0
91.925611,25.556215,1607.381,5.437,294.651,404.499,50,0.122,2.257,0.01,1774.48,4.894,0
92.056592,25.553244,1326.885,3.034,232.253,505.377,30,0.123,0.556,0.001,1774.48,0.122,0
91.319957,25.544195,1530.346,6.641,211.299,312.047,60,0.121,2.027,0.05,1755.4,21.564,0
91.155274,25.780024,701.165,10.514,53.065,404.499,30,0.123,2.78,0.05,1339.59,22.791,0
92.311898,25.401053,1310.7,1.587,219.38,367.269,40,0.124,0.24,0.15,1774.48,7.919,0
91.391651,25.17404,16.86,1.213,213.041,113.006,30,0.124,0.169,0.05,2132.4,2.232,0
91.913795,25.581417,1476.326,10.246,183.002,164.733,50,0.121,3.548,0.01,1774.48,7.644,0
92.018551,25.618168,1104.971,12.402,350.533,487.695,10,0.124,3.435,0.05,1774.48,37.577,0
90.769096,25.644599,339.0,11.633,195.16,39.954,10,0.122,6.025,0.001,1151.82,0.845,0
90.66646,25.615946,339.094,2.324,308.841,442.205,10,0.125,0.393,0.001,1151.82,0.057,0
91.590117,25.208157,538.809,12.087,264.303,0.0,10,0.121,8.553,0.001,1969.54,2.036,0
91.783003,25.555612,1687.011,5.21,227.535,539.743,30,0.123,2.702,0.15,1774.48,88.481,0
92.040715,25.551664,1299.444,7.434,336.761,63.172,40,0.123,2.759,0.15,1774.48,90.256,0
92.357279,25.210808,792.55,4.594,89.03,164.733,30,0.118,1.258,0.05,1774.48,13.233,0
91.657794,25.144801,52.257,2.409,61.413,310.766,10,0.124,0.785,0.001,1935.91,0.188,0
91.43252,25.253219,581.336,25.407,177.572,508.526,10,0.121,13.107,0.001,2132.4,3.384,0
90.116779,25.877136,44.216,4.355,48.443,28.251,10,0.123,1.173,0.001,1151.82,0.166,0
91.593869,25.314785,1523.779,12.32,216.842,56.503,10,0.118,5.286,0.001,1969.54,1.233,0
91.900058,25.674853,1021.716,28.773,255.003,520.931,10,0.126,9.809,0.05,1774.48,108.273,0
89.91788,25.309199,72.234,5.864,328.602,430.313,10,0.124,1.308,0.001,1151.82,0.187,0
90.926123,25.891651,154.44,28.667,80.187,119.861,10,0.125,12.886,0.001,1252.47,2.011,0
91.90129,25.501078,1768.184,1.803,265.091,199.768,50,0.122,0.728,0.01,1774.48,1.574,0
91.939611,25.6696,940.456,10.015,318.026,169.509,10,0.121,2.611,0.001,1774.48,0.563,0
90.145163,25.863164,71.962,15.509,299.268,39.954,10,0.122,6.028,0.001,1151.82,0.845,0
89.844557,25.426906,29.707,6.037,125.549,205.674,40,0.124,1.792,0.15,1151.82,38.291,0
91.843423,25.184301,219.697,32.117,145.326,203.724,10,0.119,19.434,0.001,1774.48,4.104,0
92.500365,25.122206,487.07,22.255,236.284,441.302,10,0.125,11.145,0.001,1774.48,2.473,0
91.3239,25.630661,1393.893,3.403,44.753,113.006,30,0.121,1.661,0.15,1755.4,53.062,0
90.610363,25.535727,290.071,11.835,302.709,63.172,10,0.125,3.236,0.001,1151.82,0.467,0
91.929715,25.578645,1597.953,5.946,143.9,796.069,10,0.121,1.332,0.01,1774.48,2.877,0
91.393679,25.596168,1546.426,6.201,61.883,459.9,30,0.121,2.182,0.05,2132.4,28.118,0
91.761652,25.425714,1774.725,29.809,283.437,243.028,10,0.12,10.228,0.001,1774.48,2.194,0
92.40028,25.220446,703.687,13.001,306.892,343.694,10,0.123,3.649,0.001,1774.48,0.797,0
90.140954,25.718173,279.702,6.46,172.135,671.529,10,0.127,1.956,0.001,1151.82,0.286,0
91.149732,25.756793,722.529,11.242,309.052,395.52,10,0.122,3.029,0.001,1339.59,0.494,0
91.457467,25.603965,1502.432,14.574,68.035,189.516,30,0.121,7.349,0.05,2132.4,94.532,0
92.256414,25.517191,1306.854,15.986,118.931,227.77,30,0.124,7.366,0.001,1774.48,1.616,0
91.208136,25.506982,1245.577,6.106,333.278,0.0,10,0.119,3.546,0.001,1755.4,0.743,0
91.904587,25.763847,723.925,9.782,261.097,28.251,10,0.123,2.533,0.001,1774.48,0.552,0
91.866397,25.900016,549.327,4.964,145.97,39.954,40,0.122,2.711,0.15,1774.48,88.051,0
90.341903,25.663394,538.248,3.766,14.516,268.017,10,0.123,0.736,0.001,1151.82,0.104,0
92.291859,25.62458,1125.24,3.877,44.008,505.377,10,0.124,1.968,0.001,1774.48,0.433,0
91.427223,25.193674,18.029,1.344,178.547,28.251,30,0.122,0.497,0.05,2132.4,6.46,0
91.788445,25.487885,1832.66,0.844,304.264,503.003,30,0.124,0.106,0.001,1774.48,0.023,0
91.995724,25.575572,1224.881,32.879,188.617,152.139,30,0.126,29.51,0.05,1774.48,329.764,0
91.652258,25.177031,126.051,3.092,261.327,530.796,10,0.122,0.57,0.001,1935.91,0.135,0
90.086705,25.466309,48.837,0.614,86.742,56.503,40,0.124,0.07,0.15,1151.82,1.501,0
91.407353,25.38174,1436.056,16.641,2.089,380.084,10,0.119,11.473,0.001,2132.4,2.907,0
91.328481,25.183178,12.714,2.457,144.203,152.139,40,0.122,1.062,0.05,1755.4,11.343,0
91.917269,25.587116,1527.502,8.889,252.325,278.244,30,0.122,2.239,0.05,1774.48,24.167,0
91.58598,25.218136,788.207,7.772,182.691,254.263,10,0.122,4.845,0.001,1969.54,1.168,0
91.792236,25.427028,1860.033,2.056,185.419,304.277,30,0.123,0.335,0.05,1774.48,3.668,0
91.22948,25.218317,134.768,29.374,330.61,39.954,10,0.125,13.264,0.001,1755.4,2.899,0
91.580848,25.418827,1555.417,22.267,175.848,180.897,10,0.12,11.153,0.001,1969.54,2.648,0
91.694126,25.196153,302.616,2.46,270.309,603.947,10,0.12,1.09,0.001,1935.91,0.253,0
92.03894,25.595292,1160.544,9.824,61.172,56.503,10,0.124,3.361,0.001,1774.48,0.739,0
91.876195,25.913106,552.159,23.784,105.169,141.257,30,0.123,13.569,0.001,1774.48,2.972,0
91.405581,25.382262,1386.55,16.73,181.468,290.866,30,0.119,12.108,0.05,2132.4,153.49,0
91.84658,25.547615,1787.963,6.325,359.511,576.219,10,0.124,2.511,0.001,1774.48,0.55,0
89.864811,25.378583,33.702,2.715,300.696,39.954,40,0.123,1.239,0.15,1151.82,26.495,0
90.39163,25.994401,73.243,22.053,277.599,28.251,10,0.124,11.021,0.001,1151.82,1.572,0
92.383995,25.161858,449.187,17.375,149.966,113.006,10,0.123,6.958,0.001,1774.48,1.517,0
90.697036,25.512618,278.045,14.768,327.319,431.24,10,0.127,5.664,0.001,1151.82,0.825,0
90.414235,25.963625,43.843,7.485,160.412,56.503,10,0.124,3.414,0.001,1151.82,0.489,0
91.832606,25.612181,1393.859,9.074,68.825,141.257,10,0.122,4.708,0.001,1774.48,1.019,0
91.682843,25.404479,1711.55,3.095,24.988,411.347,40,0.12,0.571,0.05,1935.91,6.617,0
91.926709,25.564147,1598.077,4.785,30.032,419.988,10,0.0,2.585,0.01,1774.48,3.152,0
90.741829,25.432329,254.596,5.662,23.877,714.711,10,0.125,1.939,0.001,1151.82,0.278,0
91.898177,25.569757,1537.01,7.57,193.176,380.084,50,0.0,2.401,0.01,1774.48,0.0,0
92.107307,25.277149,988.408,4.701,43.054,329.466,30,0.122,0.982,0.05,1774.48,10.656,0
91.888453,25.799496,737.37,17.934,288.414,349.451,10,0.122,5.488,0.001,1774.48,1.185,0
92.371258,25.052926,28.669,12.988,284.107,339.017,10,0.123,6.345,0.001,1774.48,1.389,0
91.920307,25.635829,1292.369,12.131,293.984,305.586,30,0.123,3.34,0.05,1774.48,36.411,0
90.088587,25.249927,58.957,15.405,308.352,126.344,10,0.126,5.976,0.001,1151.82,0.864,0
91.899652,25.559578,1586.988,8.061,54.047,89.339,50,0.123,3.758,0.01,1774.48,9.355,0
92.146226,25.666202,850.658,17.683,94.782,368.354,30,0.125,7.114,0.05,1774.48,78.988,0
89.877155,25.413182,82.54,15.049,291.267,593.953,10,0.126,4.397,0.001,1151.82,0.639,0
91.936255,25.474264,1791.459,5.396,284.974,384.261,30,0.123,1.822,0.05,1774.48,19.966,0
92.085932,25.428788,1452.467,10.542,137.235,404.499,10,0.122,3.68,0.001,1774.48,0.797,0
91.986421,25.520271,1636.462,4.464,136.86,203.724,40,0.124,0.918,0.15,1774.48,30.403,0
91.932762,25.60533,1447.954,4.452,109.258,101.862,10,0.121,0.915,0.001,1774.48,0.198,0
90.598556,25.515225,264.561,2.193,331.413,180.897,50,0.126,0.365,0.01,1151.82,0.531,0
92.465636,25.385607,1061.173,7.305,26.059,79.907,30,0.124,1.738,0.05,1774.48,19.142,0
91.949207,25.416244,1639.887,2.558,214.052,519.396,10,0.123,0.446,0.001,1774.48,0.097,0
91.847487,25.644482,1041.4,7.254,2.54,266.524,40,0.125,4.431,0.15,1774.48,147.923,0
91.860517,25.364146,943.656,32.764,299.665,268.017,10,0.125,15.073,0.001,1774.48,3.35,0
92.165279,25.473377,1407.354,10.095,49.982,278.244,10,0.123,2.638,0.001,1774.48,0.578,0
91.785564,25.201695,416.425,25.939,11.564,169.509,10,0.122,21.756,0.001,1774.48,4.699,0
91.669677,25.282916,1390.64,6.474,186.391,537.52,30,0.122,1.961,0.05,1935.91,23.106,0
91.408102,25.238967,578.309,27.266,309.155,741.567,10,0.121,14.274,0.001,2132.4,3.671,0
91.179026,25.22732,506.655,6.657,281.856,28.251,30,0.124,3.966,0.05,1339.59,33.04,0
90.647254,25.809387,244.082,7.995,133.943,189.516,10,0.125,2.577,0.001,1151.82,0.372,0
91.728957,25.573359,1601.016,5.822,130.651,113.006,40,0.121,3.333,0.15,1935.91,116.786,0
92.288611,25.469184,1378.384,1.73,175.629,781.396,10,0.124,0.268,0.01,1774.48,0.591,0
91.900091,25.536957,1846.215,3.1,30.022,339.017,50,0.124,0.572,0.01,1774.48,1.249,0
91.883863,25.499528,1777.875,16.972,264.203,79.907,10,0.118,6.755,0.001,1774.48,1.414,0
91.863327,25.738811,789.556,25.535,214.304,652.235,10,0.124,19.524,0.001,1774.48,4.282,0
91.646874,25.689053,1167.747,37.84,69.675,252.689,10,0.121,34.592,0.001,1969.54,8.254,0
91.548589,25.504212,1663.356,9.87,140.671,278.244,30,0.121,2.563,0.05,2132.4,33.136,0
91.613142,25.507259,1679.637,16.201,95.862,239.721,10,0.122,7.491,0.001,1969.54,1.799,0
91.891682,25.302348,1296.086,13.94,264.871,401.528,10,0.122,6.19,0.001,1774.48,1.336,0
91.898735,25.310859,1358.197,5.678,233.172,101.862,50,0.12,1.947,0.05,1774.48,20.773,0
91.12578,25.493851,997.515,1.774,112.259,141.257,30,0.125,0.277,0.05,1339.59,2.317,0
90.209417,25.22444,29.807,2.256,155.109,56.503,10,0.127,0.379,0.001,1151.82,0.055,0
90.614005,25.894731,64.225,3.587,220.419,197.76,10,0.125,1.779,0.05,1151.82,12.843,0
92.16109,26.06109,193.957,10.694,214.616,357.356,10,0.13,4.946,0.001,1774.48,1.137,0
91.280037,25.518889,1427.9,7.447,261.358,424.712,10,0.117,1.782,0.15,1755.4,54.76,0
91.772386,25.258638,396.811,22.21,56.299,266.524,10,0.12,15.603,0.001,1774.48,3.313,0
92.008042,25.46346,1582.685,5.407,337.82,288.109,40,0.121,1.177,0.15,1774.48,37.926,0
91.988766,25.377704,1104.236,37.438,114.454,404.499,10,0.125,17.532,0.001,1774.48,3.89,0
92.006786,25.62419,1108.893,11.246,240.445,376.921,30,0.123,3.031,0.05,1774.48,33.147,0
91.578727,25.418117,1497.724,15.078,336.467,28.251,10,0.121,9.599,0.001,1969.54,2.284,0
91.04464,25.214952,320.583,31.503,50.886,380.084,10,0.124,14.401,0.001,1400.26,2.499,0
90.281457,25.920516,44.793,5.666,242.032,39.954,40,0.122,1.251,0.15,1151.82,26.344,0
89.831131,25.376365,116.072,10.742,294.828,595.965,10,0.127,4.975,0.001,1151.82,0.727,0
91.18606,25.662694,1327.23,14.4,276.253,380.084,10,0.123,7.238,0.001,1339.59,1.19,0
91.825584,25.381859,1315.529,33.557,336.761,28.251,10,0.129,30.211,0.001,1774.48,6.912,0
90.798566,25.851458,113.603,18.575,301.19,543.427,10,0.124,10.918,0.001,1151.82,1.556,0
92.039082,25.212378,539.806,1.283,71.189,310.766,10,0.124,0.438,0.001,1774.48,0.096,0
91.728649,25.572715,1602.297,19.027,129.608,56.503,30,0.121,5.911,0.05,1935.91,69.046,0
90.976355,25.865759,359.209,23.324,75.773,266.524,10,0.124,10.04,0.001,1287.94,1.607,0
91.890976,25.603658,1417.037,7.65,106.144,310.766,50,0.139,1.845,0.01,1774.48,4.242,0
91.521583,25.166148,35.857,26.776,262.734,56.503,10,0.123,11.875,0.001,2132.4,3.125,0
91.609575,25.234659,388.97,8.249,211.928,559.35,10,0.119,2.034,0.001,1969.54,0.478,0
90.712624,25.453781,234.715,10.061,15.489,203.724,30,0.125,2.626,0.05,1151.82,18.903,0
91.812204,25.496407,1704.643,14.688,107.76,189.516,60,0.122,4.263,0.05,1774.48,46.143,0
89.84414,25.447254,32.26,3.53,199.398,419.988,10,0.124,1.742,0.001,1151.82,0.248,0
91.918301,25.340684,1179.307,34.967,80.495,442.205,10,0.122,31.663,0.001,1774.48,6.873,0
92.223819,25.592153,1176.797,10.571,266.072,28.251,10,0.124,3.694,0.001,1774.48,0.817,0
92.053832,25.618457,1008.792,4.431,114.431,28.251,40,0.125,2.34,0.15,1774.48,77.649,0
90.421121,25.639594,475.0,23.496,9.651,84.754,30,0.127,10.131,0.01,1151.82,14.775,0
92.435816,25.691458,842.825,2.149,31.479,404.499,10,0.125,0.355,0.001,1774.48,0.079,0
90.461691,25.703378,354.557,13.071,223.467,708.543,10,0.127,4.848,0.001,1151.82,0.707,0
90.819948,25.167537,55.638,20.865,275.289,159.814,10,0.124,8.75,0.001,1151.82,1.247,0
92.192969,25.61629,1127.807,15.702,293.401,441.302,10,0.127,4.64,0.001,1774.48,1.048,0
90.400138,25.716033,439.053,20.345,238.074,152.139,30,0.126,9.972,0.001,1151.82,1.454,0
90.419238,25.499109,938.534,3.819,35.393,430.313,10,0.124,0.75,0.001,1151.82,0.107,0
91.912444,25.615568,1409.919,13.834,324.116,126.344,50,0.122,6.13,0.01,1774.48,13.26,0
91.746394,25.383511,1745.14,22.021,219.882,278.244,30,0.121,11.001,0.05,1774.48,118.538,0
91.712223,25.196279,313.41,5.092,242.905,565.029,10,0.119,1.69,0.001,1935.91,0.391,0
92.353865,25.698895,950.704,9.18,247.231,56.503,10,0.127,2.334,0.001,1774.48,0.525,0
91.627336,25.450249,1574.365,6.402,8.421,56.503,40,0.12,1.465,0.15,1969.54,51.83,0
90.633914,25.893831,66.44,2.543,297.691,197.76,10,0.124,0.442,0.001,1151.82,0.063,0
92.470428,25.489406,1146.595,14.763,357.54,189.516,10,0.126,5.662,0.001,1774.48,1.267,0
90.586956,25.907507,130.425,10.768,293.999,79.907,10,0.12,6.585,0.001,1151.82,0.914,0
91.874057,26.006203,319.452,2.519,6.436,0.0,10,0.122,1.124,0.001,1774.48,0.245,0
91.909638,25.607902,1462.227,7.206,237.753,401.528,30,0.123,1.708,0.15,1774.48,56.004,0
91.019639,25.807586,461.28,12.817,56.639,215.157,40,0.125,9.219,0.15,1400.26,240.371,0
92.166355,25.65491,908.735,3.094,82.206,419.988,40,0.122,0.571,0.15,1774.48,18.502,0
91.860826,25.197372,542.638,13.233,358.928,101.862,10,0.121,4.925,0.001,1774.48,1.06,0
91.006577,25.5903,915.532,6.81,95.662,89.339,10,0.123,4.084,0.001,1287.94,0.646,0
90.49814,25.198068,76.659,14.905,9.161,180.897,10,0.125,5.731,0.001,1151.82,0.829,0
91.934161,25.679009,931.407,3.852,97.763,220.651,10,0.121,0.758,0.05,1774.48,8.152,0
91.417246,25.551938,1668.754,13.201,273.187,79.907,30,0.121,9.574,0.05,2132.4,123.62,0
90.841704,25.444698,421.645,10.594,318.37,682.727,10,0.125,2.807,0.001,1252.47,0.439,0
89.891257,25.50641,25.431,0.289,345.763,101.862,40,0.128,0.026,0.15,1151.82,0.579,0
91.883518,25.900211,568.595,10.525,122.779,141.257,50,0.124,2.783,0.01,1774.48,6.124,0
90.148339,25.94517,40.789,1.022,49.954,430.313,10,0.125,0.135,0.001,1151.82,0.019,0
90.071659,25.520114,40.073,0.509,158.054,126.344,40,0.126,0.141,0.15,1151.82,3.074,0
91.898295,25.61162,1424.664,4.345,114.52,470.198,10,0.122,0.887,0.001,1774.48,0.192,0
91.234115,25.531427,1403.11,10.079,133.63,682.727,30,0.12,4.085,0.05,1755.4,43.108,0
92.046873,25.410176,1480.802,2.802,276.604,518.628,40,0.119,0.502,0.15,1774.48,15.86,0
89.900978,25.384255,35.076,2.506,231.94,101.862,40,0.126,0.826,0.15,1151.82,18.01,0
91.889332,25.34166,1518.735,22.137,284.048,741.567,30,0.12,11.072,0.05,1774.48,117.795,0
90.912531,25.518249,610.693,11.58,208.266,371.59,30,0.124,3.146,0.05,1252.47,24.398,0
91.652097,25.614533,1533.518,4.557,342.536,322.116,10,0.12,2.427,0.05,1935.91,28.094,0
90.03491,25.753154,42.211,13.663,169.625,164.733,10,0.124,6.769,0.001,1151.82,0.968,0
90.222892,25.738732,260.593,16.66,138.522,101.862,10,0.127,6.599,0.001,1151.82,0.961,0
91.498846,25.246298,963.188,3.707,185.364,300.317,30,0.126,1.856,0.05,2132.4,24.886,0
90.206662,25.491906,222.348,6.578,197.47,353.99,10,0.126,1.518,0.001,1151.82,0.221,0
91.821121,25.489613,1698.51,6.188,16.991,28.251,30,0.123,2.669,0.05,1774.48,29.086,0
91.506275,25.606197,1468.829,16.603,312.547,215.157,10,0.121,4.979,0.001,2132.4,1.284,0
91.707227,25.218001,511.15,27.546,272.989,617.021,10,0.121,19.067,0.001,1935.91,4.471,0
92.37637,25.117032,73.449,23.251,131.622,159.814,10,0.123,11.763,0.001,1774.48,2.563,0
91.602746,25.251239,779.822,33.069,158.608,519.396,10,0.121,29.706,0.001,1969.54,7.116,0
90.994678,25.572855,860.259,5.11,308.102,268.017,30,0.123,1.905,0.05,1287.94,15.092,0
91.763627,25.445413,1633.481,34.158,102.345,220.651,10,0.123,30.831,0.001,1774.48,6.673,0
91.712467,25.177821,62.783,4.929,209.74,84.754,10,0.122,1.044,0.45,1935.91,111.456,0
90.482682,25.785693,214.277,9.43,114.888,189.516,10,0.125,3.188,0.001,1151.82,0.459,0
90.624783,25.452002,459.348,11.904,262.291,482.761,10,0.125,4.301,0.001,1151.82,0.62,0
91.913998,25.556397,1639.024,6.332,55.847,282.514,50,0.0,1.444,0.01,1774.48,0.0,0
90.08584,25.250925,70.791,14.459,327.81,79.907,10,0.126,4.178,0.001,1151.82,0.605,0
91.725641,25.509611,1744.514,16.362,333.191,199.768,30,0.124,6.45,0.05,1935.91,77.214,0
90.653064,25.200004,110.714,15.063,88.103,239.721,10,0.125,6.831,0.001,1151.82,0.982,0
91.410822,25.523593,1540.208,9.858,359.148,254.263,30,0.123,3.376,0.05,2132.4,44.054,0
92.561903,25.38337,847.753,0.987,282.384,0.0,40,0.123,0.333,0.15,1774.48,10.918,0
90.520537,25.205409,286.416,23.035,247.813,536.033,10,0.123,19.28,0.001,1151.82,2.73,0
92.062783,25.389173,1442.79,9.362,296.063,169.509,30,0.119,2.394,0.05,1774.48,25.322,0
90.232805,25.953168,34.531,0.279,187.117,152.139,40,0.124,0.064,0.15,1151.82,1.379,0
91.648158,25.865047,406.999,9.547,2.346,493.39,10,0.123,6.317,0.001,1969.54,1.527,0
91.651835,25.640424,1433.47,4.466,118.875,279.675,30,0.121,0.919,0.05,1935.91,10.779,0
90.60193,25.493395,282.247,1.1,279.212,315.861,10,0.124,0.149,0.001,1151.82,0.021,0
91.914138,25.679862,967.901,9.394,341.759,199.768,10,0.122,4.578,0.001,1774.48,0.996,0
91.817212,25.683281,876.887,4.669,94.676,305.586,10,0.123,0.973,0.001,1774.48,0.213,0
92.565173,25.35961,917.542,7.857,220.176,322.116,10,0.123,1.91,0.001,1774.48,0.419,0
92.500094,25.455332,950.402,19.482,300.313,312.047,30,0.125,11.589,0.05,1774.48,128.546,0
92.463743,25.39943,1104.731,5.84,173.851,455.541,30,0.125,1.717,0.05,1774.48,19.005,0
90.043206,25.307208,56.331,17.729,329.735,239.721,10,0.125,7.137,0.001,1151.82,1.025,0
91.893597,25.598595,1415.379,12.205,311.864,463.358,30,0.123,4.441,0.05,1774.48,48.379,0
91.780797,25.195788,465.945,21.272,288.461,432.164,10,0.12,8.962,0.001,1774.48,1.914,0
90.971338,25.185777,12.628,1.103,136.472,79.907,40,0.125,0.149,0.001,1287.94,0.024,0
91.557147,25.830755,321.135,13.015,141.384,28.251,10,0.121,4.821,0.001,2132.4,1.243,0
91.500392,25.389145,1601.99,7.134,149.103,399.536,40,0.121,2.935,0.15,2132.4,113.247,0
91.561956,25.232665,877.468,3.963,161.225,473.58,40,0.124,2.024,0.05,1969.54,24.728,0
91.197162,25.548823,1313.176,16.27,338.26,463.358,10,0.124,7.532,0.001,1339.59,1.245,0
92.260977,25.516841,1327.188,12.442,194.329,260.465,10,0.124,4.552,0.001,1774.48,1.001,0
90.84341,25.216192,98.09,8.957,101.94,28.251,10,0.126,5.446,0.001,1252.47,0.856,0
91.466051,25.5954,1560.312,13.604,355.041,652.235,30,0.12,3.866,0.05,2132.4,49.563,0
90.516365,25.895118,61.567,8.744,290.828,28.251,10,0.126,5.036,0.001,1151.82,0.728,0
91.756891,25.603961,1718.621,5.811,344.399,721.933,40,0.122,1.292,0.15,1774.48,41.861,0
91.761739,25.186865,86.602,25.259,147.918,349.451,10,0.122,11.067,0.001,1774.48,2.388,0
91.959823,25.652362,1073.107,9.554,95.078,419.988,10,0.123,6.323,0.001,1774.48,1.382,0
92.008741,25.463406,1582.125,4.439,55.485,330.675,40,0.121,1.203,0.15,1774.48,38.719,0
92.120062,25.444611,1334.983,17.582,183.429,404.499,10,0.125,5.353,0.001,1774.48,1.189,0
91.896344,25.344656,1570.081,3.194,225.608,622.173,30,0.119,0.594,0.05,1774.48,6.29,0
91.116622,25.248784,490.257,3.729,258.991,39.954,10,0.125,0.959,0.001,1339.59,0.161,0
92.118747,25.886226,785.172,10.207,275.697,28.251,10,0.125,3.53,0.001,1774.48,0.784,0
91.045313,25.21455,320.881,28.195,32.255,380.084,10,0.124,9.575,0.001,1400.26,1.662,0
92.438887,25.378667,1132.415,2.105,146.826,282.514,30,0.124,0.89,0.05,1774.48,9.821,0
90.093032,25.497478,45.605,0.718,200.332,39.954,40,0.127,0.085,0.15,1151.82,1.881,0
90.164291,25.468707,154.178,6.465,266.426,609.865,10,0.126,1.484,0.001,1151.82,0.216,0
90.30258,25.906338,70.872,7.007,107.551,438.58,10,0.125,3.372,0.001,1151.82,0.484,0
91.515244,25.726464,826.895,16.761,53.025,241.38,10,0.122,10.319,0.001,2132.4,2.689,0
91.930046,25.791228,742.825,13.384,166.04,199.768,10,0.12,4.997,0.001,1774.48,1.063,0
92.550099,25.523285,887.441,5.974,135.687,446.694,10,0.121,3.447,0.001,1774.48,0.741,0
91.737096,25.60236,1675.023,9.681,113.794,673.902,30,0.122,3.298,0.05,1935.91,38.881,0
90.68466,25.743259,296.712,21.485,332.151,79.907,10,0.123,17.692,0.001,1151.82,2.498,0
91.901865,25.544355,1821.169,14.104,138.988,480.275,40,0.124,5.342,0.15,1774.48,176.052,0
91.295313,25.205987,21.593,15.978,73.324,56.503,10,0.123,6.259,0.001,1755.4,1.341,0
91.876962,25.472463,1758.435,10.329,296.341,101.862,30,0.122,6.991,0.05,1774.48,75.399,0
91.87724,25.672619,1070.662,9.384,31.247,84.754,10,0.126,3.169,0.001,1774.48,0.712,0
91.343948,25.510766,1466.955,8.555,265.237,203.724,40,0.117,2.812,0.15,1755.4,87.002,0
91.579251,25.287833,1331.842,2.056,171.405,655.287,30,0.123,0.863,0.05,1969.54,10.446,0
91.940027,25.68453,929.354,4.477,325.67,339.017,10,0.12,1.216,0.001,1774.48,0.26,0
89.898587,25.498294,32.708,9.062,231.16,141.257,10,0.127,2.296,0.001,1151.82,0.336,0
91.37067,25.19223,22.24,0.624,201.39,189.516,10,0.124,0.071,0.001,1755.4,0.015,0
91.763718,25.580713,1686.76,9.131,182.683,340.192,40,0.123,3.598,0.15,1774.48,117.426,0
91.623523,25.703357,1344.423,9.446,57.782,548.544,10,0.123,2.422,0.001,1969.54,0.587,0
92.119533,25.687364,988.273,25.612,315.889,527.78,10,0.122,11.254,0.001,1774.48,2.443,0
90.126226,25.447407,201.245,13.033,77.408,683.311,10,0.127,4.83,0.001,1151.82,0.706,0
91.178164,25.757287,680.157,5.788,130.617,0.0,10,0.121,3.308,0.001,1339.59,0.534,0
91.832014,25.44386,1844.659,14.352,36.286,305.586,10,0.124,5.462,0.001,1774.48,1.201,0
90.732674,25.713654,329.652,5.975,28.045,0.0,40,0.124,3.447,0.15,1151.82,73.661,0
91.943117,25.776416,887.538,9.644,203.706,28.251,10,0.121,2.487,0.001,1774.48,0.536,0
90.76658,25.699818,393.799,23.023,260.965,344.853,10,0.125,9.881,0.001,1151.82,1.425,0
91.62406,25.597021,1580.829,13.806,353.138,39.954,10,0.122,6.114,0.001,1969.54,1.467,0
92.247334,25.475421,1374.102,0.806,235.533,644.232,10,0.124,0.216,0.001,1774.48,0.048,0
91.526775,25.403087,1524.309,30.697,320.383,159.814,10,0.118,13.971,0.001,2132.4,3.526,0
90.090477,25.446226,56.433,1.356,142.992,0.0,40,0.125,0.503,0.15,1151.82,10.865,0
90.269034,25.734236,174.892,5.648,34.647,141.257,10,0.126,2.169,0.001,1151.82,0.314,0
89.955177,25.493182,72.535,6.068,110.644,622.173,10,0.123,3.517,0.001,1151.82,0.501,0
92.033181,25.991198,526.461,24.325,146.409,159.814,10,0.122,13.947,0.001,1774.48,3.02,0
91.927355,25.614858,1343.048,43.375,49.437,113.006,10,0.122,20.544,0.001,1774.48,4.457,0
90.650907,25.507053,315.186,8.03,211.126,243.028,10,0.123,1.964,0.001,1151.82,0.278,0
90.748891,25.181229,96.069,11.814,192.83,631.721,10,0.125,8.109,0.001,1151.82,1.169,0
91.606029,25.467879,1696.192,18.788,286.304,673.902,10,0.119,13.366,0.001,1969.54,3.143,0
91.306973,25.451489,1454.218,2.142,78.366,0.0,30,0.118,0.911,0.15,1755.4,28.348,0
91.112414,25.263958,522.483,1.176,170.373,442.205,30,0.124,0.418,0.05,1339.59,3.456,0
90.678536,25.178685,22.201,3.251,230.72,39.954,40,0.126,1.565,0.15,1151.82,34.079,0
91.634258,25.671029,1372.348,13.232,265.991,178.678,10,0.122,4.925,0.05,1969.54,59.291,0
91.856777,25.496421,1840.583,2.688,270.558,404.499,40,0.122,0.475,0.15,1774.48,15.418,0
91.857235,25.426178,1821.137,9.168,90.866,56.503,40,0.123,3.616,0.15,1774.48,118.334,0
90.158024,25.528965,184.221,7.334,111.627,113.006,10,0.127,1.747,0.001,1151.82,0.255,0
91.869234,25.519134,1796.266,1.862,351.253,452.023,40,0.121,0.389,0.15,1774.48,12.566,0
91.774294,26.031859,329.133,21.808,64.276,116.484,10,0.124,9.242,0.001,1774.48,2.028,0
92.134411,25.605281,1068.481,2.065,92.143,609.865,10,0.123,0.337,0.001,1774.48,0.074,0
91.549046,25.965605,203.438,10.977,157.27,89.339,10,0.126,2.938,0.001,2132.4,0.791,0
90.661388,25.760489,224.298,8.128,198.773,119.861,10,0.123,1.995,0.001,1151.82,0.282,0
90.796674,25.928936,64.389,1.462,237.876,63.172,10,0.123,0.284,0.001,1151.82,0.04,0
91.570844,25.278102,1383.903,15.916,211.273,947.582,10,0.123,4.72,0.001,1969.54,1.141,0
89.866037,25.423879,59.552,14.569,276.923,459.9,30,0.123,10.598,0.001,1151.82,1.502,0
92.686581,25.332246,1037.74,3.023,213.477,404.499,40,0.124,0.554,0.15,1774.48,18.28,0
90.396889,25.730721,381.859,4.09,132.113,227.77,10,0.126,0.82,0.001,1151.82,0.119,0
90.346412,25.357519,76.056,11.955,71.745,79.907,10,0.126,3.278,0.001,1151.82,0.476,0
92.077112,25.208518,576.178,10.284,90.796,116.484,10,0.124,3.565,0.001,1774.48,0.788,0
92.048882,25.436177,1525.549,9.507,319.659,637.382,30,0.123,2.442,0.05,1774.48,26.652,0
91.269799,25.516956,1362.729,11.818,284.609,239.721,40,0.119,7.034,0.15,1755.4,220.467,0
90.653334,25.207178,140.127,11.809,88.3,300.317,10,0.126,3.226,0.001,1151.82,0.467,0
91.571261,25.79427,629.602,8.431,32.332,379.033,10,0.123,2.091,0.001,1969.54,0.507,0
91.8957,25.557622,1619.665,9.413,73.289,241.38,10,0.124,2.411,0.001,1774.48,0.528,0
92.459874,25.605301,1005.206,4.856,331.06,215.157,40,0.127,2.635,0.15,1774.48,88.913,0
91.86298,25.999379,279.32,22.41,288.382,28.251,50,0.125,7.244,0.01,1774.48,16.029,0
91.482137,25.713664,1092.05,25.309,64.097,254.263,10,0.124,8.407,0.001,2132.4,2.211,0
91.883592,25.725203,811.738,19.195,258.377,423.772,30,0.122,11.376,0.001,1774.48,2.464,0
90.751044,25.3973,194.309,8.652,173.962,0.0,10,0.126,5.564,0.001,1151.82,0.805,0
92.491352,25.196922,788.327,12.133,145.304,795.568,10,0.123,5.184,0.001,1774.48,1.128,0
91.735694,25.333015,1644.274,4.154,88.459,159.814,10,0.123,0.836,0.001,1935.91,0.198,0
91.473133,25.462015,1625.964,11.513,359.915,113.006,40,0.119,5.438,0.05,2132.4,68.808,0
91.881612,25.535498,1871.278,5.226,280.728,243.028,40,0.123,2.83,0.15,1774.48,93.05,0
91.931577,25.796735,746.312,14.514,112.745,28.251,10,0.12,5.54,0.001,1774.48,1.18,0
91.603729,25.538295,1581.076,1.767,112.085,152.139,40,0.12,0.564,0.15,1969.54,20.07,0
91.923033,25.556368,1600.725,9.137,137.889,367.269,10,0.123,3.061,0.01,1774.48,6.648,0
90.394251,25.508921,822.608,2.595,358.755,113.006,40,0.124,0.454,0.15,1151.82,9.698,0
90.690331,25.53521,453.707,3.322,43.154,559.35,10,0.127,0.626,0.001,1151.82,0.091,0
91.801267,25.580794,1681.905,6.746,133.723,312.047,50,0.121,1.568,0.001,1774.48,0.339,0
91.8426,25.534901,1802.294,4.521,31.741,424.712,30,0.124,2.401,0.05,1774.48,26.379,0
90.575519,25.20976,269.081,12.715,357.719,608.555,10,0.122,9.126,0.001,1151.82,1.284,0
91.503044,25.156465,32.272,18.4,359.386,708.543,10,0.124,8.795,0.001,2132.4,2.327,0
92.375756,25.177328,534.664,6.576,230.097,56.503,30,0.123,3.903,0.05,1774.48,42.769,0
91.646204,25.869521,354.394,6.216,154.477,28.251,10,0.124,1.41,0.001,1969.54,0.343,0
91.604369,25.594613,1630.847,14.94,326.974,438.58,10,0.122,4.356,0.001,1969.54,1.049,0
91.900285,25.666679,1002.053,11.595,91.783,260.465,10,0.127,3.152,0.001,1774.48,0.701,0
91.424142,25.409893,1565.554,10.121,95.615,255.828,30,0.12,4.107,0.05,2132.4,52.684,0
91.186186,25.692207,1141.668,4.728,161.435,239.721,40,0.124,0.989,0.15,1339.59,24.641,0
91.635304,25.409286,1655.678,14.477,195.13,479.443,10,0.12,6.495,0.001,1969.54,1.536,0
91.835253,25.474074,1773.403,10.062,126.538,419.988,30,0.121,4.077,0.05,1774.48,43.887,0
91.870535,25.402085,1550.942,27.757,114.753,63.172,10,0.121,9.397,0.001,1774.48,2.016,0
92.476527,25.390464,1032.498,3.369,100.373,56.503,30,0.125,1.64,0.05,1774.48,18.128,0
92.018584,25.604763,1073.584,8.67,356.359,282.514,30,0.123,3.775,0.05,1774.48,41.273,0
91.234328,25.549335,1299.748,3.701,70.438,0.0,30,0.119,1.852,0.05,1755.4,19.406,0
91.11927,25.19837,64.413,35.421,108.803,79.907,10,0.12,21.742,0.001,1339.59,3.501,0
92.005947,25.616664,1097.465,10.291,209.469,439.489,30,0.124,4.708,0.15,1774.48,155.115,0
91.527782,25.436917,1524.789,10.773,201.282,63.172,30,0.122,2.868,0.05,2132.4,37.133,0
91.870804,26.03484,129.423,15.712,153.915,423.772,10,0.129,4.644,0.001,1774.48,1.063,0
91.632494,25.602169,1613.792,14.169,277.415,499.819,10,0.122,5.373,0.001,1969.54,1.293,0
91.912557,25.56294,1572.884,8.011,289.221,101.862,50,0.194,1.958,0.01,1774.48,5.469,0
91.894293,25.207031,572.06,4.23,49.529,268.017,10,0.123,0.856,0.001,1774.48,0.186,0
91.413313,25.243505,544.516,5.151,331.025,659.536,10,0.121,1.106,0.001,2132.4,0.285,0
90.583303,25.570749,296.845,10.474,171.399,141.257,10,0.124,5.265,0.001,1151.82,0.753,0
91.814801,25.533287,1741.493,3.928,7.772,304.277,10,0.122,2.001,0.001,1774.48,0.433,0
92.575948,25.340013,1000.449,6.496,175.65,367.269,10,0.124,1.493,0.001,1774.48,0.329,0
92.064349,25.602495,1021.42,15.555,93.407,565.735,50,0.124,9.986,0.05,1774.48,110.509,0
92.074482,25.651666,882.324,9.136,292.818,620.246,10,0.12,2.32,0.001,1774.48,0.495,0
92.383674,25.257711,805.275,11.606,159.689,368.354,50,0.119,4.897,0.01,1774.48,10.324,0
91.190756,25.202758,42.584,19.335,162.145,56.503,10,0.122,9.358,0.001,1339.59,1.53,0
91.837754,25.620054,1345.291,23.342,127.036,288.109,30,0.123,10.05,0.05,1774.48,109.776,0
91.854976,25.957108,398.199,38.963,346.879,503.003,10,0.124,21.545,0.001,1774.48,4.728,0
91.931025,25.745729,908.606,16.822,186.25,399.536,10,0.121,7.857,0.001,1774.48,1.684,0
90.60835,25.888118,66.185,2.718,350.829,305.586,10,0.123,0.482,0.001,1151.82,0.068,0
