lon,lat,elevation_m,slope_deg,aspect_deg,distance_to_stream_m,landcover_class,soil_erodibility_k,rusle_ls_factor,rusle_c_factor,rainfall_erosivity_r,soil_loss_tha_yr,label
93.386139,23.788666,1313.991,23.048,68.48,429.363,10,0.131,7.718,0.001,742.462,0.744,1
93.056946,24.047916,1211.347,43.753,113.78,644.044,10,0.131,40.423,0.001,929.52,4.939,1
92.922576,24.062429,778.373,32.54,338.947,643.328,10,0.134,20.307,0.001,1008.45,2.755,1
92.64,24.28,44.206,6.815,101.269,30.361,10,0.124,2.157,0.001,761.69,0.205,1
92.858612,23.080278,569.212,18.268,181.704,407.329,10,0.127,5.781,0.001,926.24,0.679,1
92.757203,23.397126,1273.818,31.312,74.722,796.928,10,0.124,11.153,0.001,797.4,1.105,1
92.720505,23.014982,471.542,31.36,241.72,242.884,10,0.123,19.454,0.001,876.07,2.095,1
93.082939,23.636647,1137.709,40.602,331.211,876.258,10,0.136,26.016,0.001,926.24,3.269,1
92.677083,24.005278,606.708,38.807,72.289,489.549,10,0.129,22.078,0.001,876.07,2.493,1
93.084944,23.640693,1130.619,38.308,329.205,692.992,10,0.136,18.507,0.001,926.24,2.325,1
93.020859,23.959278,857.444,35.363,214.209,257.618,10,0.137,22.336,0.05,929.52,140.788,1
92.850377,23.275305,742.742,37.915,112.238,288.025,10,0.128,31.86,0.001,952.85,3.88,1
92.854599,23.454968,1000.339,31.765,258.218,451.342,50,0.129,14.965,0.05,952.85,91.646,1
92.742799,23.762482,1061.583,25.751,59.596,547.332,50,0.128,11.659,0.05,797.4,58.937,1
92.683333,23.983667,425.537,24.427,34.012,346.163,10,0.128,10.935,0.001,876.07,1.228,1
92.680833,23.940333,254.089,32.392,150.608,231.219,10,0.129,18.005,0.001,876.07,2.034,1
92.85748,23.28611,838.626,34.337,132.871,412.948,10,0.127,16.37,0.001,952.85,1.974,1
92.993156,24.199201,255.895,42.372,7.132,261.171,10,0.136,24.265,0.001,1008.45,3.31,1
92.696194,23.747444,774.927,37.081,72.951,412.948,10,0.129,17.853,0.001,876.07,2.021,1
93.345642,23.935917,797.142,23.055,37.49,259.401,10,0.128,14.698,0.001,796.04,1.501,1
92.39,24.08,550.713,14.25,313.837,880.456,10,0.125,5.57,0.001,761.69,0.533,1
92.823021,22.890068,777.758,30.185,145.513,789.374,30,0.126,18.602,0.05,926.24,108.334,1
92.877944,23.697056,441.554,36.062,5.194,91.082,10,0.136,28.562,0.001,952.85,3.731,1
93.081083,23.340722,1033.578,36.497,204.701,589.495,10,0.13,17.539,0.001,926.24,2.122,1
93.370459,23.395474,1201.258,32.435,313.245,598.803,10,0.128,20.231,0.001,817.91,2.132,1
92.62294,23.135794,592.793,32.616,53.191,434.697,10,0.125,15.432,0.001,867.28,1.675,1
92.69,22.34,180.078,32.478,302.906,60.721,10,0.126,11.638,0.001,926.24,1.358,1
92.570804,23.811938,614.148,16.357,58.442,355.361,10,0.126,12.573,0.001,793.447,1.258,1
93.201572,23.500803,1077.203,31.56,31.333,607.211,10,0.13,11.256,0.001,926.24,1.358,1
92.69,22.33,220.373,28.283,350.119,121.442,10,0.126,9.891,0.001,926.24,1.157,1
92.965389,23.740306,811.476,27.084,88.186,203.665,10,0.134,20.453,0.001,1008.45,2.766,1
92.67,22.49,432.819,24.37,268.131,125.18,10,0.124,8.264,0.001,876.07,0.894,1
92.65,22.08,138.893,2.338,71.008,380.416,10,0.125,0.408,0.001,926.24,0.047,1
92.768059,22.309944,236.709,14.589,285.383,30.361,10,0.128,7.574,0.001,926.24,0.899,1
92.5,23.81,597.384,28.683,49.735,203.665,10,0.126,25.143,0.001,781.899,2.468,1
92.47,22.91,187.057,6.622,285.633,300.554,10,0.128,1.575,0.001,770.29,0.155,1
92.67,22.65,370.653,21.951,211.03,421.782,10,0.125,18.168,0.001,876.07,1.981,1
93.369426,23.395375,1212.452,41.485,55.662,557.345,10,0.13,38.223,0.05,817.91,202.066,1
93.02803,23.927389,1048.791,23.738,254.173,778.202,10,0.138,20.004,0.001,929.52,2.571,1
92.914167,24.080938,793.006,36.091,132.895,434.697,10,0.132,17.32,0.001,952.85,2.19,1
92.771891,24.022188,800.591,28.56,148.338,682.268,10,0.127,13.203,0.001,797.4,1.342,1
93.287758,23.14953,1440.211,24.921,187.442,96.008,30,0.126,11.205,0.05,817.91,57.765,1
92.861819,23.44608,766.042,26.168,279.003,151.803,10,0.128,13.981,0.001,952.85,1.717,1
92.64739,23.8985,94.436,30.973,349.351,121.442,10,0.133,27.53,0.001,867.28,3.185,1
92.64,22.39,97.146,6.863,119.254,109.466,10,0.13,1.65,0.001,867.28,0.186,1
92.692902,23.470964,390.017,28.34,247.907,451.342,10,0.133,17.262,0.001,876.07,2.018,1
92.49,23.18,756.958,17.322,59.118,772.853,50,0.121,5.407,0.01,780.84,5.109,1
92.684456,23.193548,924.094,30.341,39.177,343.49,10,0.124,14.184,0.001,876.07,1.54,1
92.623583,23.621722,1094.281,13.529,94.427,708.774,50,0.128,5.214,0.01,867.28,5.766,1
92.69,23.88,607.844,26.47,133.941,231.219,10,0.127,12.054,0.001,797.763,1.229,1
92.673973,23.230371,843.007,11.389,105.576,850.637,10,0.123,3.17,0.001,876.07,0.341,1
92.57,22.68,588.198,22.765,98.032,598.033,10,0.123,10.03,0.001,867.28,1.074,1
93.057068,23.299073,1269.859,32.139,51.811,666.55,10,0.127,15.17,0.001,926.24,1.78,1
92.737465,22.9634,747.869,17.283,228.426,583.207,10,0.123,5.391,0.001,876.07,0.583,1
92.77308,24.022376,814.512,31.011,194.046,598.033,10,0.127,14.551,0.001,797.4,1.473,1
93.12,22.21,1052.123,35.618,65.64,365.589,30,0.125,32.331,0.05,926.24,188.223,1
92.549866,22.897339,138.208,23.177,62.78,125.18,10,0.13,7.771,0.001,780.84,0.788,1
93.058052,23.172249,998.905,23.925,151.748,547.332,30,0.13,16.544,0.05,926.24,99.656,1
92.74,22.5,524.826,30.205,25.397,559.821,10,0.126,25.75,0.001,926.24,3.002,1
92.66,22.68,601.935,3.061,236.113,480.042,10,0.12,0.899,0.001,876.07,0.094,1
93.201279,23.863417,924.737,25.061,194.65,622.946,30,0.133,13.268,0.05,893.33,78.318,1
93.07526,23.336955,1117.031,45.652,158.084,678.882,50,0.129,29.406,0.05,926.24,175.364,1
92.67,22.61,457.337,29.154,296.14,780.567,10,0.125,19.521,0.001,876.07,2.137,1
92.637703,23.271781,572.398,26.359,57.54,395.853,10,0.127,22.722,0.001,867.28,2.504,1
93.01,22.17,964.626,29.474,341.813,212.524,10,0.125,21.27,0.001,926.24,2.458,1
92.572139,23.533361,919.132,15.981,308.699,665.859,10,0.126,6.444,0.001,867.28,0.704,1
92.845102,23.388377,923.599,31.019,126.341,668.622,30,0.13,11.032,0.05,952.85,68.424,1
92.825165,22.788198,717.287,43.934,232.685,517.021,50,0.126,28.273,0.01,926.24,32.847,1
92.8,22.16,493.031,25.488,342.911,135.776,10,0.128,8.727,0.001,926.24,1.026,1
92.89,24.37,35.224,22.562,296.935,30.361,10,0.131,18.794,0.001,952.85,2.352,1
92.38,24.05,631.163,29.372,270.867,778.202,10,0.126,19.693,0.001,814.07,2.014,1
92.49,22.9,215.213,25.063,27.018,365.589,10,0.126,19.644,0.001,780.84,1.94,1
92.571583,23.678583,908.81,25.841,128.554,434.697,10,0.125,15.45,0.001,867.28,1.667,1
93.209889,23.448329,1391.745,22.324,176.371,674.113,10,0.128,12.919,0.001,926.24,1.529,1
92.837833,23.788722,611.734,35.251,37.521,557.345,10,0.135,19.836,0.001,888.881,2.367,1
93.329028,23.206,1637.884,31.421,275.531,788.205,10,0.126,27.996,0.001,817.91,2.897,1
92.79612,23.117416,941.156,35.193,236.923,408.459,10,0.126,29.312,0.001,797.4,2.932,1
92.747293,23.460697,1460.12,10.82,37.9,929.35,10,0.121,2.968,0.001,797.4,0.288,1
92.772003,22.320999,293.803,19.661,73.563,494.234,10,0.127,15.844,0.001,926.24,1.855,1
92.83319,22.9015,793.123,32.152,324.356,463.434,10,0.124,17.85,0.001,926.24,2.05,1
92.855013,23.497388,928.711,28.926,345.164,437.866,30,0.132,19.34,0.001,952.85,2.438,1
93.280821,23.163158,1500.549,31.193,257.949,412.948,10,0.127,14.652,0.001,926.24,1.726,1
92.68,22.57,465.147,23.736,79.044,692.992,10,0.123,13.931,0.001,876.07,1.504,1
92.882004,22.448,487.874,5.85,267.478,0.0,10,0.123,3.355,0.001,926.24,0.382,1
92.660167,23.71125,270.504,30.246,355.092,288.025,10,0.137,26.772,0.001,876.07,3.2,1
92.873933,23.43481,748.794,34.934,219.256,221.028,30,0.131,16.695,0.05,952.85,104.153,1
93.058403,23.710517,1049.864,43.382,140.195,607.969,30,0.135,24.872,0.05,929.52,156.111,1
92.906944,23.047222,779.484,24.447,103.679,653.986,10,0.124,20.737,0.001,926.24,2.373,1
93.276033,23.059174,1385.599,30.479,12.413,257.618,10,0.126,23.536,0.001,926.24,2.766,1
92.793089,24.081381,898.537,18.298,187.339,598.033,10,0.129,8.989,0.001,797.4,0.926,1
92.873001,22.468,499.453,19.47,352.38,259.401,10,0.124,15.651,0.001,926.24,1.793,1
92.943311,24.191114,517.408,32.129,102.462,570.423,10,0.132,28.732,0.001,1008.45,3.818,1
92.844697,23.385211,964.031,30.975,82.58,774.045,50,0.129,17.091,0.05,952.85,105.244,1
92.833038,22.940655,780.852,28.432,321.168,607.211,10,0.122,9.953,0.001,926.24,1.132,1
92.555168,23.089111,167.988,22.289,236.141,214.681,10,0.13,9.772,0.001,780.84,0.991,1
92.80175,22.827084,1058.013,27.925,218.783,455.408,50,0.124,12.854,0.01,926.24,14.781,1
93.03,22.26,1370.55,33.231,120.569,885.154,10,0.123,28.778,0.001,926.24,3.282,1
92.854734,23.321505,947.029,35.047,279.964,408.459,10,0.129,31.746,0.001,952.85,3.876,1
93.33848,23.141445,1347.036,32.362,167.149,610.239,30,0.127,17.986,0.05,817.91,93.488,1
92.946348,24.198831,579.859,40.21,82.506,322.737,10,0.132,25.746,0.001,1008.45,3.424,1
92.8599,23.449827,771.211,21.55,127.876,355.361,10,0.128,17.759,0.001,952.85,2.174,1
92.824974,22.869579,965.713,23.894,228.007,731.179,10,0.125,10.644,0.001,926.24,1.232,1
92.884167,23.695528,361.568,25.284,45.999,125.18,10,0.138,11.404,0.001,952.85,1.506,1
92.70697,22.97032,724.126,31.493,44.958,610.994,10,0.122,11.229,0.001,876.07,1.206,1
92.855003,22.518,732.998,35.254,184.308,494.234,10,0.125,19.838,0.001,926.24,2.28,1
92.812057,22.806564,893.164,38.886,170.474,305.12,30,0.124,24.826,0.05,926.24,141.877,1
92.737099,23.182264,831.088,35.008,175.144,734.951,10,0.125,16.735,0.001,876.07,1.83,1
92.88,24.36,91.378,15.899,42.122,91.082,10,0.131,7.529,0.001,952.85,0.943,1
92.624512,22.822599,172.852,35.752,20.188,177.031,10,0.128,17.137,0.001,867.28,1.901,1
93.159164,23.803364,406.671,25.425,270.571,30.361,10,0.136,21.751,0.001,870.125,2.577,1
92.71,24.31,337.01,16.667,63.085,67.888,10,0.124,5.15,0.001,761.69,0.489,1
93.336861,23.427611,1283.228,33.754,204.837,309.618,50,0.131,30.414,0.01,817.91,32.546,1
93.185776,23.905027,1002.06,28.29,195.102,564.739,10,0.132,24.734,0.001,850.2,2.786,1
92.760933,22.829491,520.997,26.081,249.413,490.49,10,0.123,15.624,0.001,797.4,1.53,1
92.47,22.9,72.809,8.114,190.511,242.884,10,0.126,2.049,0.001,770.29,0.199,1
92.886002,22.533001,650.037,30.073,241.403,194.402,10,0.123,26.593,0.001,926.24,3.024,1
92.634239,23.254946,801.352,31.089,184.72,964.395,10,0.124,14.595,0.001,867.28,1.566,1
93.01,22.18,1107.562,11.905,277.385,631.762,10,0.126,3.355,0.001,926.24,0.393,1
92.683334,23.199167,1012.759,33.325,157.796,537.133,10,0.125,20.874,0.001,876.07,2.29,1
92.741531,23.918461,984.632,18.365,91.663,559.821,10,0.132,7.678,0.001,876.07,0.888,1
92.48,22.89,106.46,19.669,54.126,96.008,10,0.124,6.341,0.001,780.84,0.618,1
92.915441,24.100401,817.922,13.64,71.657,714.602,30,0.13,3.993,0.05,952.85,24.726,1
92.841003,22.691,892.536,40.822,294.598,857.114,10,0.124,15.029,0.001,926.24,1.722,1
92.64,22.63,80.871,5.141,217.111,237.123,10,0.128,1.135,0.001,867.28,0.126,1
93.243069,23.473611,896.422,26.537,8.564,257.618,30,0.128,21.051,0.05,926.24,125.019,1
93.279722,23.157667,1421.017,21.163,151.099,42.936,10,0.126,12.093,0.001,926.24,1.411,1
93.100523,23.56952,643.313,37.038,105.242,85.873,10,0.132,17.83,0.001,926.24,2.187,1
92.602028,23.682611,1082.977,31.385,228.713,221.028,10,0.122,27.958,0.001,867.28,2.958,1
92.85,24.35,377.553,33.227,202.051,244.774,10,0.125,18.542,0.001,952.85,2.221,1
92.63,22.26,182.862,10.363,322.872,121.442,10,0.124,2.808,0.001,867.28,0.302,1
92.608917,23.17411,750.464,16.614,350.937,698.952,10,0.121,8.93,0.001,867.28,0.933,1
92.744614,23.11375,837.883,31.544,34.322,869.924,30,0.125,17.458,0.05,797.4,86.887,1
93.0,22.17,1238.655,26.922,180.056,803.838,30,0.127,16.233,0.05,926.24,95.409,1
92.831766,23.28328,588.969,41.597,217.851,455.408,30,0.128,20.233,0.05,797.4,103.665,1
92.767346,24.00977,664.175,31.993,144.438,665.859,30,0.129,15.091,0.05,797.4,77.276,1
93.072462,23.555561,978.881,46.129,308.07,700.927,10,0.131,26.486,0.001,926.24,3.208,1
92.877998,22.462999,683.649,39.504,197.903,365.589,10,0.125,22.51,0.001,926.24,2.614,1
92.771361,24.024289,849.373,16.091,59.3,517.021,10,0.129,4.926,0.001,797.4,0.504,1
93.238127,23.254263,1132.892,36.534,278.986,833.672,10,0.125,33.267,0.001,926.24,3.876,1
93.08682,23.605611,1133.822,32.191,57.175,794.611,10,0.131,15.199,0.001,926.24,1.844,1
93.310454,23.496347,1523.094,13.904,48.182,558.172,10,0.127,10.229,0.001,817.91,1.063,1
92.796134,24.091664,901.014,28.954,334.157,692.992,10,0.129,10.171,0.001,797.4,1.047,1
92.65703,23.92294,94.838,25.084,196.975,60.721,10,0.132,18.641,0.001,876.07,2.159,1
92.49,22.87,161.113,22.647,161.378,109.466,10,0.127,7.553,0.001,780.84,0.748,1
92.761489,23.708217,845.705,38.5,253.707,388.805,10,0.132,35.257,0.001,797.4,3.728,1
93.384639,23.375972,872.775,33.319,115.208,279.91,10,0.131,22.818,0.001,730.42,2.189,1
93.260445,23.876139,1615.256,14.924,318.778,475.218,10,0.127,4.477,0.001,893.33,0.508,1
93.340668,23.936806,898.398,25.142,39.96,540.554,30,0.129,14.945,0.05,796.04,76.987,1
92.79,24.39,47.925,18.272,266.902,96.008,10,0.127,8.973,0.001,797.4,0.911,1
93.207362,23.597919,1089.362,30.894,61.243,425.048,30,0.136,10.979,0.05,926.24,69.076,1
92.893059,22.53544,792.22,19.616,41.335,151.803,50,0.124,14.519,0.01,926.24,16.707,1
92.945618,24.175865,504.433,28.485,343.982,354.062,10,0.13,15.48,0.001,1008.45,2.032,1
92.882004,22.683001,876.844,35.65,135.591,583.997,10,0.124,17.083,0.001,926.24,1.964,1
93.3845,23.397861,1054.956,15.752,22.611,429.363,10,0.129,4.795,0.001,730.42,0.451,1
92.877444,23.869861,963.248,20.583,21.699,583.207,50,0.137,12.774,0.01,743.918,12.984,1
92.853889,23.087177,703.843,18.943,42.623,602.64,10,0.123,11.516,0.001,952.85,1.352,1
92.6,22.41,137.061,6.347,278.527,0.0,10,0.123,3.728,0.001,867.28,0.399,1
93.384944,23.382417,983.458,20.041,29.011,312.581,10,0.131,12.357,0.001,730.42,1.185,1
92.724503,22.886652,633.55,33.271,184.743,517.021,10,0.123,20.835,0.001,876.07,2.232,1
92.948994,24.246076,700.325,1.721,349.479,394.687,10,0.129,0.274,0.001,1008.45,0.036,1
92.748711,22.872849,1009.391,34.099,269.667,738.704,10,0.119,19.101,0.001,797.4,1.813,1
92.868053,23.719694,728.214,36.023,23.242,394.687,10,0.134,32.745,0.001,952.85,4.175,1
92.6985,23.652972,911.408,37.812,320.928,462.438,10,0.13,18.244,0.001,876.07,2.069,1
92.708145,22.959173,736.757,32.024,43.312,711.37,10,0.122,15.107,0.001,876.07,1.622,1
92.77647,24.053275,983.922,34.805,286.898,850.095,30,0.128,12.599,0.05,797.4,63.963,1
92.955048,22.844219,1101.315,18.814,103.131,395.853,10,0.125,14.995,0.001,926.24,1.745,1
92.963806,24.194252,321.584,9.906,268.133,0.0,10,0.13,6.625,0.001,1008.45,0.872,1
92.8589,23.321765,1030.779,25.716,109.181,738.704,10,0.13,11.64,0.001,952.85,1.441,1
92.66,22.35,128.708,12.528,75.999,171.745,10,0.128,3.582,0.001,876.07,0.402,1
93.355925,23.603629,1365.152,40.426,10.524,531.093,10,0.128,19.624,0.001,817.91,2.047,1
92.854946,23.497919,919.469,22.165,229.142,388.805,50,0.132,9.705,0.01,952.85,12.234,1
92.825842,23.732867,533.329,34.915,205.386,656.799,10,0.13,19.623,0.05,797.4,101.947,1
93.088782,23.607124,1105.538,31.596,131.663,625.899,10,0.132,19.625,0.001,926.24,2.399,1
93.315306,23.640073,1686.458,24.096,305.023,519.689,10,0.127,10.754,0.001,817.91,1.12,1
93.371971,23.846056,767.808,33.137,295.511,271.553,30,0.127,11.911,0.05,796.04,60.414,1
93.029927,23.653812,458.785,32.341,324.925,121.442,10,0.135,11.581,0.001,929.52,1.443,1
92.803968,24.09176,648.649,29.538,77.201,610.239,10,0.13,16.161,0.001,797.4,1.673,1
92.873001,22.459,662.984,28.658,332.429,451.342,10,0.126,25.118,0.05,926.24,146.53,1
92.73,22.46,914.855,18.022,211.062,825.896,10,0.122,7.499,0.001,926.24,0.849,1
93.041779,23.808111,836.803,5.51,57.817,355.361,10,0.137,1.242,0.001,965.041,0.164,1
92.50975,23.208694,726.055,18.481,234.407,288.025,10,0.122,14.663,0.001,780.84,1.396,1
93.299727,23.647667,1720.077,31.521,149.69,394.687,30,0.127,14.832,0.001,817.91,1.542,1
92.679802,23.196638,1014.006,17.921,108.647,738.704,10,0.125,5.643,0.001,876.07,0.615,1
92.910972,23.839417,1150.694,14.459,271.115,407.329,10,0.131,5.675,0.001,912.716,0.68,1
92.63,22.27,164.537,20.829,285.077,184.676,10,0.127,12.964,0.001,867.28,1.417,1
92.729332,22.969294,624.914,12.731,304.355,431.504,10,0.122,3.656,0.001,876.07,0.391,1
92.92083,22.466166,695.517,35.783,180.508,576.85,10,0.125,22.635,0.001,926.24,2.621,1
92.750557,22.872238,1064.53,46.426,221.308,719.743,50,0.119,29.908,0.01,797.4,29.921,1
92.704918,23.053806,892.305,35.955,21.412,644.044,10,0.123,13.071,0.001,876.07,1.403,1
92.36,24.12,119.201,18.185,318.488,303.605,10,0.126,7.584,0.001,814.07,0.78,1
92.74826,23.150719,878.012,30.627,43.444,731.179,10,0.125,14.341,0.001,797.4,1.421,1
93.351351,23.607873,1396.772,40.057,18.01,580.037,10,0.126,30.154,0.001,817.91,3.121,1
92.709806,23.9865,620.816,28.125,76.079,497.95,10,0.129,9.825,0.001,876.07,1.11,1
92.546501,23.249056,1171.69,27.307,152.375,369.352,10,0.121,9.484,0.001,780.84,0.896,1
93.154836,23.411942,1095.832,33.308,112.557,328.399,10,0.131,11.982,0.001,926.24,1.458,1
92.595278,23.637472,1207.884,33.948,151.347,559.821,10,0.126,25.076,0.001,867.28,2.742,1
92.692389,23.717028,800.872,38.137,243.519,494.234,10,0.13,28.579,0.001,876.07,3.252,1
92.775423,24.043492,958.452,30.777,262.808,924.876,10,0.127,19.032,0.001,797.4,1.929,1
92.922461,24.037395,903.553,23.372,66.585,547.332,10,0.132,16.076,0.001,1008.45,2.135,1
92.720192,23.005587,385.697,28.447,231.429,67.888,10,0.124,24.898,0.001,876.07,2.686,1
92.891235,22.841455,536.595,33.105,230.951,651.868,10,0.128,20.715,0.001,926.24,2.449,1
92.508827,22.913624,132.004,15.137,184.013,184.676,10,0.127,4.559,0.001,780.84,0.452,1
93.306778,23.304833,1539.357,20.599,191.868,163.497,10,0.125,12.786,0.001,817.91,1.314,1
92.927345,22.920202,468.706,23.602,66.497,412.948,10,0.126,19.135,0.001,926.24,2.239,1
92.798134,23.242828,918.812,38.713,68.967,783.514,10,0.127,18.722,0.001,797.4,1.892,1
93.019874,23.685795,639.23,26.392,75.915,448.268,10,0.135,9.103,0.001,929.52,1.141,1
93.145889,23.124069,1246.195,27.659,244.609,880.456,10,0.124,18.333,0.05,926.24,105.156,1
92.820023,23.125311,863.047,34.62,12.95,547.332,10,0.124,16.525,0.001,797.4,1.638,1
92.68,22.67,411.924,28.276,119.575,394.687,10,0.124,13.047,0.001,876.07,1.436,1
93.2615,23.453389,762.798,31.089,284.119,42.936,10,0.126,14.594,0.001,926.24,1.707,1
93.384281,23.397884,1054.956,15.752,22.611,429.363,10,0.129,4.795,0.001,730.42,0.451,1
93.385565,23.379469,917.477,27.893,189.6,91.082,30,0.131,9.728,0.05,730.42,46.756,1
92.857686,23.457031,1030.295,36.882,48.965,645.474,50,0.13,23.416,0.01,952.85,28.953,1
92.62,22.22,188.554,24.271,231.241,273.245,10,0.126,10.85,0.001,867.28,1.181,1
92.752193,23.411146,1173.682,22.571,94.728,724.212,10,0.127,9.925,0.001,797.4,1.005,1
92.957167,23.655417,912.408,23.073,184.001,171.745,30,0.131,13.455,0.05,1008.45,88.741,1
92.856217,23.316221,995.739,26.846,256.341,547.332,50,0.135,12.261,0.01,952.85,15.521,1
93.087169,23.657186,1125.881,34.212,240.106,674.113,30,0.133,16.303,0.001,926.24,2.005,1
92.93174,22.906252,265.679,23.971,238.55,67.888,50,0.13,10.686,0.001,926.24,1.29,1
93.047249,24.012472,1249.869,27.402,347.482,711.37,10,0.129,9.523,0.001,929.52,1.143,1
93.102716,23.573051,647.338,32.146,139.867,151.803,10,0.127,23.548,0.001,926.24,2.775,1
93.202332,23.885195,915.501,29.502,229.123,619.236,30,0.139,16.138,0.05,893.33,99.932,1
93.031219,23.143806,1207.994,27.802,47.807,335.343,30,0.127,24.225,0.001,926.24,2.861,1
92.931114,23.223055,390.23,19.717,33.67,300.554,10,0.128,13.852,0.001,926.24,1.649,1
92.673377,24.030186,719.102,21.273,165.071,500.719,10,0.129,9.224,0.001,876.07,1.039,1
92.833784,23.856821,181.254,32.268,293.043,182.163,10,0.135,27.817,0.001,841.683,3.156,1
92.573694,23.68225,935.078,25.767,142.726,530.224,10,0.126,13.723,0.001,867.28,1.496,1
92.65,22.73,652.849,15.38,51.69,787.62,10,0.121,4.652,0.001,867.28,0.49,1
93.09,22.45,1403.499,23.644,119.31,604.929,10,0.122,10.508,0.001,926.24,1.193,1
92.739528,23.741389,972.112,18.071,198.145,576.051,30,0.129,5.703,0.05,876.07,30.286,1
92.65,24.26,46.575,4.584,337.285,30.361,10,0.126,1.703,0.001,761.69,0.164,1
92.918457,24.069857,756.171,15.218,76.87,502.556,10,0.133,4.59,0.001,952.85,0.578,1
93.048668,23.633591,828.856,31.342,197.878,399.331,30,0.134,22.864,0.05,929.52,142.307,1
93.384813,23.379812,918.584,33.787,190.797,96.008,30,0.131,24.94,0.05,730.42,119.851,1
92.681581,23.986109,449.471,17.844,70.078,456.419,10,0.129,5.613,0.001,876.07,0.632,1
93.246639,23.470722,896.599,36.263,118.499,299.017,30,0.13,17.413,0.05,926.24,104.965,1
92.861,22.363001,307.626,25.306,247.715,395.853,30,0.125,20.834,0.05,926.24,120.112,1
92.770981,23.021145,967.796,39.087,246.359,494.234,10,0.122,29.362,0.001,797.4,2.84,1
92.69914,22.85558,408.716,23.91,49.358,434.697,10,0.124,12.528,0.001,876.07,1.364,1
93.158251,23.538538,1053.247,16.063,345.117,0.0,10,0.133,12.287,0.001,926.24,1.518,1
92.87265,22.901035,371.644,34.045,159.584,60.721,30,0.126,19.066,0.05,926.24,111.194,1
92.706055,22.862419,481.096,32.605,325.934,395.853,10,0.124,11.691,0.001,876.07,1.273,1
93.241556,23.474611,898.798,32.648,62.462,192.017,10,0.128,15.449,0.001,926.24,1.836,1
92.949684,23.217224,475.476,31.865,226.569,257.618,10,0.129,19.82,0.001,926.24,2.356,1
92.963722,23.658861,1128.469,35.99,272.947,537.133,10,0.132,22.782,0.001,1008.45,3.027,1
93.092328,23.603808,970.962,23.223,51.259,244.774,10,0.134,7.79,0.001,926.24,0.968,1
93.311889,23.498889,1538.549,24.424,200.635,631.762,10,0.127,10.933,0.001,817.91,1.137,1
92.65,22.66,385.255,24.026,134.446,497.95,10,0.12,10.716,0.001,867.28,1.118,1
92.789948,23.092278,417.008,2.79,112.907,30.361,10,0.126,0.894,0.001,797.4,0.09,1
92.7,24.3,352.878,12.957,190.775,218.933,10,0.124,9.348,0.001,761.69,0.888,1
92.780045,24.039744,846.871,36.91,124.468,537.99,10,0.127,33.649,0.001,797.4,3.403,1
92.920555,23.018333,793.817,33.082,94.377,549.853,10,0.125,15.687,0.001,926.24,1.813,1
92.854689,23.322363,945.632,29.977,276.552,472.299,10,0.128,13.983,0.001,952.85,1.703,1
92.977997,22.424,808.002,27.419,205.853,421.782,10,0.121,9.531,0.001,926.24,1.071,1
93.078826,23.63797,920.199,34.973,293.629,429.363,10,0.133,24.116,0.001,926.24,2.992,1
92.5795,23.519139,804.248,29.758,87.408,619.236,10,0.127,26.264,0.001,867.28,2.9,1
93.033627,23.626738,590.426,29.059,335.668,399.331,10,0.135,15.851,0.001,929.52,1.991,1
92.37,23.84,427.482,12.554,293.846,259.401,10,0.127,3.591,0.001,768.893,0.352,1
92.84,24.34,460.813,23.8,286.515,364.326,10,0.125,10.593,0.001,952.85,1.264,1
93.12458,23.853333,283.09,38.916,247.525,85.873,10,0.136,14.271,0.001,776.796,1.507,1
92.795685,23.084101,538.96,15.673,351.485,530.224,10,0.124,11.911,0.001,797.4,1.176,1
93.13,22.34,1887.747,37.212,344.44,841.924,10,0.118,27.813,0.001,926.24,3.071,1
93.261139,23.21475,1453.755,31.468,26.916,305.12,10,0.126,21.356,0.001,926.24,2.489,1
92.725781,23.413501,1112.608,32.8,14.657,798.661,10,0.125,15.532,0.001,876.07,1.7,1
92.886108,22.458916,947.391,20.496,204.526,485.769,30,0.124,6.675,0.01,926.24,7.677,1
93.244469,23.874056,1226.946,33.835,309.894,192.017,10,0.126,18.931,0.001,893.33,2.141,1
93.207726,23.885279,1100.823,37.274,264.433,708.123,10,0.135,29.637,0.001,893.33,3.571,1
92.703083,23.727639,869.116,34.463,358.308,60.721,10,0.127,31.146,0.001,876.07,3.72,1
92.923904,23.002401,743.218,26.191,296.757,721.662,10,0.126,22.548,0.001,926.24,2.629,1
92.628441,22.823553,140.768,29.353,297.431,279.91,10,0.127,16.042,0.001,867.28,1.776,1
92.599,23.588472,883.581,31.832,146.39,678.882,10,0.127,28.423,0.001,867.28,3.139,1
92.856546,23.285967,841.723,26.718,136.94,394.687,10,0.127,23.096,0.001,952.85,2.78,1
92.954002,22.483999,503.065,27.025,272.976,589.495,10,0.127,23.416,0.001,926.24,2.751,1
93.065289,23.635122,832.582,30.188,109.671,299.017,10,0.131,16.582,0.001,926.24,2.017,1
93.384499,23.375634,864.465,33.734,105.857,300.554,10,0.131,18.867,0.001,730.42,1.811,1
92.780208,23.349857,869.664,45.266,5.858,135.776,10,0.124,29.154,0.001,797.4,2.922,1
92.860001,22.395,561.864,32.833,145.83,203.665,10,0.124,22.435,0.001,926.24,2.574,1
92.771004,22.326,319.055,24.931,71.574,518.801,50,0.127,13.184,0.001,926.24,1.553,1
92.33,24.19,72.952,14.875,230.471,305.12,10,0.123,4.459,0.001,814.07,0.446,1
93.339128,23.43179,1309.198,31.013,73.957,489.549,30,0.132,27.571,0.001,817.91,2.965,1
92.573056,23.531417,863.06,37.928,217.899,576.85,10,0.126,21.529,0.001,867.28,2.354,1
93.311672,23.307833,1541.917,25.892,121.126,505.3,10,0.126,8.895,0.001,817.91,0.917,1
92.789719,23.111111,794.448,17.442,335.976,448.268,10,0.124,9.496,0.001,797.4,0.939,1
92.703873,22.870518,519.179,24.872,219.963,693.657,10,0.125,11.178,0.001,876.07,1.223,1
93.102306,23.340389,1296.209,14.767,108.221,926.867,10,0.127,11.044,0.001,926.24,1.307,1
92.54953,23.189917,552.071,34.883,228.298,171.745,10,0.121,19.602,0.001,780.84,1.857,1
92.978,23.720833,891.777,17.448,41.806,171.745,10,0.135,13.64,0.001,1008.45,1.847,1
92.81588,22.853046,1160.213,5.21,120.883,429.363,10,0.122,1.155,0.001,926.24,0.13,1
92.860001,22.535999,890.0,16.411,352.141,708.774,10,0.122,7.837,0.001,926.24,0.89,1
92.58,22.68,246.401,30.624,129.304,30.361,10,0.124,20.687,0.001,867.28,2.215,1
92.612062,24.23782,188.528,14.113,287.292,692.992,10,0.128,4.17,0.001,761.69,0.406,1
92.695903,23.442296,476.719,30.861,61.293,30.361,10,0.13,19.093,0.001,876.07,2.173,1
92.48,22.87,72.55,10.332,288.237,408.459,10,0.128,6.993,0.001,780.84,0.696,1
92.714694,23.706667,1027.903,41.485,15.836,355.361,10,0.14,23.728,0.001,876.07,2.855,1
92.59,22.68,129.936,17.939,103.205,121.442,10,0.127,12.305,0.001,867.28,1.35,1
92.556969,23.083221,177.997,25.914,26.128,312.581,10,0.13,13.818,0.001,780.84,1.404,1
93.317472,23.462667,1329.899,15.464,10.12,0.0,10,0.13,11.71,0.001,817.91,1.241,1
93.092151,23.322995,1144.223,30.818,314.279,686.981,10,0.128,27.368,0.001,926.24,3.252,1
92.574556,23.546,948.743,36.328,113.203,693.657,10,0.127,17.448,0.001,867.28,1.921,1
92.518692,23.208918,792.996,26.751,88.184,288.025,10,0.122,12.208,0.001,780.84,1.159,1
93.394447,23.790138,1381.935,25.777,56.51,829.237,10,0.13,11.674,0.001,733.929,1.11,1
92.913652,23.476232,1006.186,30.854,94.2,875.732,30,0.127,14.466,0.05,952.85,87.606,1
92.911942,22.45138,647.062,21.543,100.582,0.0,30,0.124,17.752,0.05,926.24,102.284,1
92.75,22.41,606.907,34.912,97.745,637.571,10,0.125,22.013,0.001,926.24,2.552,1
92.5905,23.657194,1173.075,35.175,68.925,863.009,10,0.124,12.751,0.001,867.28,1.369,1
92.825745,22.865692,1012.777,14.423,29.16,640.456,10,0.125,4.287,0.001,926.24,0.498,1
92.909447,23.143888,658.409,28.364,58.718,339.441,10,0.129,9.925,0.001,926.24,1.186,1
92.862106,23.443793,781.311,24.942,273.391,151.803,10,0.13,8.5,0.001,952.85,1.048,1
92.787738,24.070285,977.295,30.094,302.452,480.042,10,0.128,16.521,0.001,797.4,1.692,1
92.962914,23.003361,636.222,25.098,49.21,177.031,10,0.131,13.292,0.001,926.24,1.605,1
92.857281,23.477108,1029.49,23.049,290.797,638.294,10,0.131,14.693,0.001,952.85,1.83,1
92.695808,23.094528,914.327,12.772,132.681,674.113,10,0.123,3.671,0.001,876.07,0.395,1
92.914114,24.078041,776.482,26.797,63.054,412.948,30,0.132,9.271,0.001,952.85,1.167,1
92.681722,23.997222,536.694,30.918,107.929,796.928,30,0.129,14.5,0.05,876.07,81.806,1
93.05,22.36,1441.9,18.78,40.68,663.084,10,0.122,14.961,0.001,926.24,1.695,1
92.649524,23.302106,717.976,19.719,232.2,607.211,10,0.127,15.319,0.001,867.28,1.687,1
92.712611,23.716111,900.481,9.447,303.962,288.025,10,0.129,6.232,0.001,876.07,0.684,1
92.63,22.31,117.086,7.831,126.889,0.0,10,0.125,4.892,0.001,867.28,0.532,1
92.573694,23.684472,941.8,36.076,55.256,429.363,10,0.126,17.313,0.001,867.28,1.896,1
92.684139,23.979472,381.543,24.557,109.285,300.554,10,0.128,8.341,0.001,876.07,0.939,1
93.099227,23.749805,1397.232,38.041,232.416,905.742,10,0.128,18.365,0.001,906.906,2.129,1
92.68075,23.99016,478.334,23.829,132.816,667.932,30,0.128,10.609,0.001,876.07,1.189,1
92.826497,23.822086,448.408,35.057,64.812,182.163,10,0.134,12.703,0.001,873.322,1.485,1
92.81,24.37,213.346,14.578,274.058,463.434,10,0.132,5.735,0.001,797.4,0.602,1
92.61,22.18,224.902,14.862,150.099,91.082,10,0.122,4.454,0.001,867.28,0.473,1
92.728528,23.670556,700.272,24.744,103.223,500.719,10,0.129,16.025,0.001,876.07,1.808,1
92.877998,22.475,707.189,39.176,351.249,242.884,10,0.123,18.967,0.001,926.24,2.156,1
92.84,24.33,441.243,42.024,107.0,643.328,10,0.126,24.055,0.001,952.85,2.891,1
92.943345,23.95942,991.088,42.732,341.758,464.427,10,0.134,24.482,0.001,1008.45,3.333,1
92.73033,22.89061,681.413,23.577,59.229,42.936,10,0.121,17.283,0.001,876.07,1.826,1
92.736252,22.884092,875.05,32.975,142.843,625.899,10,0.118,15.628,0.001,876.07,1.62,1
92.37,23.86,519.155,29.023,227.101,516.129,10,0.128,15.828,0.001,784.178,1.586,1
92.80092,22.83653,1105.405,29.99,217.326,300.554,10,0.12,26.506,0.001,926.24,2.952,1
93.020091,23.68054,600.615,36.507,32.214,405.06,10,0.134,20.634,0.001,929.52,2.572,1
92.5,23.88,750.831,31.262,74.836,749.85,10,0.127,17.276,0.001,799.256,1.756,1
92.679962,23.184711,874.061,31.91,311.437,437.866,10,0.123,15.045,0.001,876.07,1.619,1
92.735397,22.883968,858.812,28.496,196.004,557.345,10,0.119,15.487,0.001,876.07,1.613,1
93.043251,23.992805,1088.09,32.42,258.603,455.408,10,0.133,22.109,0.001,929.52,2.717,1
92.893593,24.066822,994.316,18.603,141.919,814.659,10,0.133,7.804,0.001,952.85,0.999,1
92.6955,23.745083,935.971,40.637,35.523,692.992,10,0.129,23.209,0.001,876.07,2.633,1
92.947295,24.197474,573.786,30.576,40.215,380.416,10,0.131,14.313,0.001,1008.45,1.897,1
92.851014,23.405305,902.713,30.639,77.079,516.129,50,0.132,20.699,0.05,952.85,129.945,1
92.985825,22.485666,1138.924,28.314,224.024,910.816,30,0.122,15.369,0.05,926.24,86.991,1
92.852551,23.283951,803.81,18.833,128.437,30.361,30,0.129,15.013,0.05,952.85,91.785,1
93.246498,23.182417,1530.915,37.759,320.903,384.034,10,0.125,13.805,0.001,926.24,1.595,1
92.916817,24.056205,865.554,22.361,98.882,644.044,10,0.135,7.436,0.001,952.85,0.955,1
92.5,22.93,103.492,14.467,139.908,237.123,10,0.128,8.193,0.001,780.84,0.822,1
93.1,22.44,1502.551,17.241,159.686,497.95,30,0.121,10.232,0.05,926.24,57.312,1
92.769997,22.328888,331.049,35.661,88.959,354.062,30,0.127,22.549,0.05,926.24,132.523,1
93.051361,23.844444,1080.899,32.353,258.019,589.495,10,0.137,28.964,0.001,835.689,3.325,1
92.54,24.18,74.64,28.658,345.841,91.082,10,0.125,13.257,0.001,761.69,1.264,1
92.705612,23.045416,743.451,32.581,149.845,649.034,10,0.122,18.126,0.001,876.07,1.936,1
93.235031,23.183584,1472.346,39.821,291.45,564.739,10,0.126,22.707,0.001,926.24,2.639,1
92.694528,23.736778,958.419,24.048,114.251,515.235,10,0.129,10.728,0.001,876.07,1.217,1
92.634417,23.619583,928.441,46.02,4.955,567.182,10,0.129,26.423,0.001,867.28,2.941,1
92.592663,23.805313,506.03,39.738,335.225,259.401,10,0.129,27.792,0.001,800.536,2.881,1
92.964056,23.658944,1182.775,39.377,277.652,583.207,10,0.132,19.073,0.001,1008.45,2.537,1
92.72978,22.88408,862.969,23.179,175.484,557.345,10,0.12,7.772,0.001,876.07,0.818,1
92.66,22.64,320.809,30.605,327.66,515.235,10,0.126,14.329,0.001,876.07,1.584,1
92.56,22.68,540.184,44.24,266.03,744.298,10,0.123,40.888,0.001,780.84,3.936,1
92.851111,23.887333,515.377,27.842,295.612,279.91,10,0.134,24.266,0.001,952.85,3.098,1
92.896004,22.528,872.164,21.849,233.848,559.821,10,0.125,7.226,0.001,926.24,0.836,1
92.975998,22.496,833.153,46.26,318.729,194.402,10,0.124,26.562,0.001,926.24,3.055,1
92.695419,23.091749,889.12,16.661,106.285,583.997,10,0.123,5.148,0.001,876.07,0.553,1
92.74,22.33,196.934,29.219,236.126,425.048,10,0.13,15.955,0.001,926.24,1.92,1
93.287063,23.145214,1459.969,38.346,239.246,366.848,10,0.126,18.528,0.001,817.91,1.91,1
92.922489,24.037574,903.687,26.069,88.449,549.853,10,0.132,13.917,0.001,1008.45,1.848,1
93.376078,23.391983,1165.375,38.139,77.401,678.882,10,0.131,18.418,0.001,730.42,1.775,1
92.71,22.34,445.006,19.058,287.401,733.696,10,0.125,6.096,0.001,926.24,0.704,1
93.318763,23.404207,1173.364,32.545,193.424,546.49,10,0.129,20.311,0.001,817.91,2.146,1
93.025944,23.470139,1457.746,21.385,195.807,794.611,10,0.126,7.036,0.05,926.24,41.046,1
92.74119,23.297637,755.197,37.013,276.501,598.803,10,0.126,23.508,0.001,876.07,2.604,1
92.61,22.39,247.463,17.917,72.626,663.084,10,0.125,5.642,0.001,867.28,0.613,1
92.533889,23.767139,475.853,33.227,295.953,517.021,10,0.132,11.948,0.001,780.84,1.236,1
92.985001,22.704,1067.818,26.63,254.871,638.294,30,0.126,17.518,0.05,926.24,102.494,1
92.687386,23.147697,863.125,23.98,40.785,614.754,10,0.123,10.691,0.001,876.07,1.158,1
92.964996,22.487,707.634,31.825,239.22,547.332,10,0.125,11.367,0.001,926.24,1.311,1
92.666553,23.855092,389.328,23.437,302.438,751.078,10,0.132,19.694,0.001,810.805,2.104,1
92.71,22.65,240.183,21.218,13.838,109.466,10,0.128,10.813,0.001,876.07,1.21,1
92.549889,23.189638,551.222,34.728,230.269,171.745,10,0.121,31.418,0.001,780.84,2.976,1
92.693054,23.107222,869.265,28.085,61.024,668.622,10,0.124,12.942,0.001,876.07,1.401,1
93.278222,23.484639,1140.362,31.808,10.241,558.172,10,0.13,19.778,0.001,926.24,2.389,1
92.764168,23.016111,908.938,35.313,54.554,412.948,10,0.121,19.876,0.001,797.4,1.919,1
93.112917,23.381167,1155.439,23.667,352.048,303.605,10,0.127,19.931,0.001,926.24,2.343,1
93.006694,23.456861,1416.602,35.367,284.302,645.474,10,0.128,16.929,0.001,926.24,2.018,1
93.311639,23.306444,1495.848,25.83,126.471,408.459,30,0.125,15.442,0.05,817.91,79.163,1
92.679258,24.211504,720.127,25.399,312.738,706.168,10,0.126,11.466,0.001,761.69,1.103,1
93.09659,23.583574,793.065,29.739,140.728,456.419,10,0.132,18.278,0.001,926.24,2.241,1
92.842003,22.688,876.209,31.604,242.989,729.917,10,0.123,28.187,0.001,926.24,3.216,1
93.197586,23.181417,1004.908,41.639,289.45,407.329,10,0.128,15.35,0.001,926.24,1.828,1
92.696873,23.491004,649.378,39.564,144.919,128.809,10,0.129,22.548,0.001,876.07,2.544,1
92.771278,24.036893,941.014,35.922,318.815,759.013,10,0.127,20.263,0.001,797.4,2.061,1
92.63,22.47,88.256,4.472,255.729,60.721,10,0.126,0.947,0.001,867.28,0.104,1
92.791628,24.102008,899.551,26.284,259.538,803.838,10,0.128,11.952,0.001,797.4,1.224,1
92.650724,23.833698,110.379,44.604,171.402,121.442,10,0.134,37.894,0.001,859.152,4.358,1
92.897736,22.861877,568.493,26.605,119.032,399.331,10,0.126,22.135,0.001,926.24,2.585,1
93.0,22.14,927.087,16.915,158.888,489.549,10,0.127,5.247,0.001,926.24,0.616,1
92.927889,23.9395,1206.099,30.688,91.645,610.994,10,0.13,16.905,0.001,1008.45,2.216,1
92.948997,22.455999,593.236,39.592,12.007,412.948,10,0.127,29.775,0.001,926.24,3.497,1
92.950081,22.891706,523.225,33.435,37.187,412.948,10,0.129,24.642,0.001,926.24,2.937,1
92.758148,23.393332,1279.115,36.493,127.563,596.49,10,0.124,20.625,0.001,797.4,2.038,1
93.349683,23.657642,1148.577,20.847,273.2,394.687,10,0.127,17.043,0.001,817.91,1.783,1
92.538406,23.205961,751.423,21.496,76.306,710.722,10,0.122,7.082,0.001,780.84,0.673,1
92.930006,23.844165,1835.192,21.925,81.555,774.045,10,0.123,7.257,0.001,856.997,0.759,1
92.725389,23.742861,924.796,22.779,142.992,655.394,50,0.0,19.017,0.01,876.07,4.591,1
93.163009,23.418808,1075.287,17.139,261.088,303.605,30,0.133,8.278,0.05,926.24,51.126,1
92.74,22.34,172.499,20.728,308.63,192.017,10,0.128,16.922,0.001,926.24,2.004,1
92.65,24.29,98.56,11.239,164.651,244.774,10,0.128,3.117,0.001,761.69,0.303,1
92.62,22.24,183.707,18.718,112.607,60.721,10,0.127,5.96,0.001,867.28,0.655,1
92.702301,23.439894,582.972,30.671,340.407,518.801,10,0.127,10.887,0.001,876.07,1.213,1
93.26673,23.026818,1430.69,48.82,204.033,497.95,30,0.129,28.012,0.001,926.24,3.341,1
92.705917,23.032444,699.959,24.019,99.094,547.332,10,0.122,10.712,0.001,876.07,1.143,1
92.964996,22.475,384.296,28.412,197.759,109.466,10,0.127,9.945,0.001,926.24,1.163,1
92.65,24.28,93.419,13.178,229.493,182.163,10,0.128,9.553,0.001,761.69,0.93,1
92.858002,22.375,346.179,14.035,250.733,300.554,10,0.124,4.141,0.001,926.24,0.476,1
93.314456,23.312747,1492.517,35.943,342.912,674.113,10,0.127,24.873,0.001,817.91,2.591,1
92.69,24.26,352.871,25.667,270.598,530.224,10,0.124,22.002,0.001,761.69,2.079,1
92.63,22.15,157.048,5.021,246.925,333.966,10,0.122,2.752,0.001,867.28,0.292,1
92.602611,23.681778,1079.729,39.043,234.365,274.926,10,0.122,24.935,0.001,867.28,2.65,1
92.730515,23.791511,1190.437,38.056,169.386,789.374,10,0.125,24.244,0.001,826.033,2.508,1
93.384778,23.376472,876.938,27.475,143.825,218.933,30,0.131,23.884,0.05,730.42,114.545,1
92.750935,23.409674,1179.753,31.526,76.209,719.743,30,0.126,28.105,0.05,797.4,141.656,1
92.54,22.55,79.869,13.905,273.356,96.008,10,0.126,4.092,0.001,780.84,0.402,1
93.366956,23.518162,1395.201,31.146,55.395,733.696,10,0.128,14.626,0.001,817.91,1.528,1
92.699109,23.301399,403.805,42.978,152.41,177.031,10,0.129,27.634,0.001,876.07,3.114,1
93.015694,23.463222,1475.3,26.534,144.024,625.899,10,0.126,9.162,0.001,926.24,1.071,1
93.12,22.4,1444.765,15.26,139.491,322.737,10,0.122,6.077,0.001,926.24,0.688,1
93.080389,23.341194,1051.052,37.253,200.892,663.084,10,0.13,32.751,0.001,926.24,3.959,1
92.833969,22.777763,667.239,42.903,218.874,472.299,30,0.126,24.585,0.05,926.24,143.237,1
92.56,22.7,330.444,22.575,337.97,194.402,10,0.123,11.675,0.001,780.84,1.116,1
92.598056,23.587917,878.023,26.742,174.928,607.969,10,0.127,9.249,0.001,867.28,1.02,1
92.854894,23.434706,903.153,18.053,258.928,480.042,50,0.126,5.695,0.01,952.85,6.854,1
92.84,23.78,534.597,28.143,3.7,194.402,10,0.134,9.833,0.001,846.759,1.112,1
92.86,24.37,280.372,3.024,127.283,135.776,10,0.128,1.425,0.001,952.85,0.174,1
92.750288,23.403402,1186.035,24.787,82.695,399.331,30,0.126,21.089,0.001,797.4,2.102,1
92.86,22.1,330.28,27.02,63.445,299.017,10,0.127,14.532,0.001,926.24,1.722,1
92.946724,22.893372,531.161,39.423,11.305,322.737,10,0.128,31.522,0.001,926.24,3.741,1
92.690083,23.65475,852.3,35.102,84.095,354.062,10,0.129,27.706,0.001,876.07,3.128,1
93.091406,23.33101,1042.849,35.353,228.236,580.037,10,0.131,27.93,0.001,926.24,3.373,1
92.91124,23.143007,628.792,23.554,68.497,212.524,10,0.129,7.926,0.001,926.24,0.948,1
92.754898,22.865286,1070.653,41.082,256.524,768.667,10,0.119,19.966,0.001,797.4,1.897,1
92.697611,23.715278,748.955,30.811,145.301,121.442,10,0.129,14.442,0.001,876.07,1.635,1
92.940269,23.222652,395.862,33.029,164.576,182.163,10,0.129,18.415,0.001,926.24,2.206,1
92.53,24.17,127.034,26.966,194.724,231.219,10,0.127,9.342,0.001,761.69,0.901,1
93.08,22.28,991.781,15.507,1.187,271.553,30,0.124,11.32,0.001,926.24,1.298,1
92.88,22.14,532.636,13.847,120.911,549.853,10,0.129,4.07,0.001,926.24,0.486,1
92.970001,22.5886,880.538,33.62,214.134,519.689,10,0.125,15.98,0.001,926.24,1.859,1
93.192172,23.689256,1186.984,32.685,70.575,316.973,30,0.129,29.309,0.05,926.24,175.236,1
93.384772,23.54294,1473.21,37.166,73.078,731.179,10,0.128,29.541,0.001,730.42,2.777,1
93.033971,23.631956,552.527,22.273,311.152,30.361,10,0.136,11.483,0.001,929.52,1.444,1
92.93,22.23,601.43,28.622,214.629,524.104,10,0.125,13.238,0.001,926.24,1.544,1
92.642611,23.618917,817.758,36.899,18.249,614.754,10,0.128,20.881,0.001,867.28,2.325,1
92.731528,23.751694,939.1,29.764,215.397,326.993,10,0.13,13.866,0.001,876.07,1.811,1
92.557778,23.726694,789.326,28.064,112.237,339.441,10,0.126,24.498,0.001,780.84,2.417,1
92.65,24.27,61.538,20.575,85.326,182.163,10,0.128,8.85,0.001,761.69,0.859,1
92.614889,23.625444,1084.687,17.501,174.802,829.237,10,0.126,5.477,0.001,867.28,0.598,1
92.75136,22.87506,1133.441,13.57,19.84,1048.648,50,0.165,6.156,0.01,797.4,7.163,1
92.69,22.68,318.078,17.157,334.026,151.803,10,0.126,5.342,0.001,876.07,0.591,1
92.6839,23.973513,332.655,18.791,137.575,109.466,10,0.127,9.294,0.001,876.07,1.038,1
92.36,23.78,692.098,30.148,42.64,303.605,10,0.127,14.077,0.001,745.22,1.334,1
93.313698,23.945055,1443.757,32.96,66.237,231.219,30,0.126,27.196,0.05,796.04,136.722,1
93.033595,23.63341,546.716,31.779,272.411,125.18,10,0.135,17.61,0.001,929.52,2.213,1
93.217056,23.950277,956.925,26.078,107.217,489.549,30,0.131,13.924,0.05,893.33,81.615,1
93.041829,23.696979,788.364,32.66,291.598,644.044,10,0.133,29.283,0.001,929.52,3.629,1
92.676444,23.719472,494.161,19.565,221.125,365.589,30,0.133,15.747,0.05,876.07,91.846,1
92.647873,23.2747,648.065,38.497,250.981,494.234,10,0.127,35.255,0.001,867.28,3.858,1
92.859431,23.321864,993.115,34.182,109.359,721.662,10,0.13,26.882,0.05,952.85,166.349,1
93.304222,23.468361,1323.751,28.23,349.043,279.91,10,0.131,24.672,0.001,817.91,2.645,1
92.870601,23.479766,922.224,38.562,147.321,607.211,10,0.131,21.925,0.001,952.85,2.737,1
92.705854,23.476702,991.247,18.576,97.114,508.935,10,0.128,5.903,0.01,876.07,6.637,1
92.668422,24.030588,887.835,29.94,94.616,988.468,10,0.128,20.145,0.001,876.07,2.261,1
92.907501,23.048967,787.676,24.705,21.459,462.438,10,0.125,8.402,0.001,926.24,0.968,1
93.364944,23.861805,611.691,34.795,110.719,60.721,10,0.128,25.791,0.05,796.04,131.738,1
92.72,22.52,537.251,17.059,121.889,335.343,10,0.123,5.303,0.001,876.07,0.567,1
92.579556,23.51975,786.974,32.64,84.2,580.037,10,0.127,25.493,0.001,867.28,2.813,1
92.981003,22.490999,1058.074,16.961,311.168,558.172,50,0.131,8.171,0.01,926.24,9.892,1
92.781701,23.351772,891.857,40.021,225.506,128.809,10,0.124,22.83,0.001,797.4,2.258,1
93.198942,23.612312,889.978,20.599,23.711,67.888,10,0.135,6.717,0.001,926.24,0.842,1
92.829525,23.735086,618.318,22.544,229.103,855.499,10,0.13,7.511,0.001,797.4,0.778,1
93.321054,23.081345,1058.79,40.184,188.639,456.419,30,0.126,25.728,0.05,817.91,131.766,1
93.383061,23.373849,850.556,27.95,97.248,312.581,30,0.132,23.485,0.05,730.42,113.065,1
92.705765,22.954966,748.077,26.361,121.451,794.611,10,0.122,11.994,0.001,876.07,1.286,1
92.795174,23.038607,899.239,24.239,230.181,494.234,10,0.121,20.522,0.001,797.4,1.992,1
92.758766,22.834824,615.768,36.655,310.691,651.868,10,0.122,17.624,0.001,797.4,1.715,1
92.860445,23.28985,878.666,29.075,130.735,346.163,30,0.127,10.221,0.001,952.85,1.236,1
92.4,24.09,366.155,23.394,73.002,759.013,10,0.125,14.963,0.001,761.69,1.421,1
93.156212,23.542899,1052.0,40.986,49.652,125.18,10,0.132,23.423,0.001,926.24,2.873,1
92.914807,24.025676,1012.643,38.847,2.579,442.056,10,0.132,24.798,0.001,952.85,3.117,1
93.145528,23.384222,1199.377,34.916,278.816,494.234,30,0.128,19.623,0.05,926.24,116.805,1
93.02,22.31,1139.39,17.434,238.653,30.361,10,0.122,8.459,0.001,926.24,0.956,1
93.152916,23.780138,757.31,28.677,226.755,607.211,10,0.135,13.268,0.001,915.933,1.637,1
92.71,22.52,316.74,23.59,158.406,128.809,10,0.124,7.941,0.001,876.07,0.859,1
92.85,22.11,292.629,34.618,301.855,425.048,10,0.127,16.523,0.001,926.24,1.955,1
92.816734,22.804701,833.69,29.037,231.134,30.361,10,0.122,20.898,0.001,926.24,2.374,1
92.37,24.09,156.2,21.595,122.509,96.008,10,0.126,9.398,0.001,814.07,0.966,1
92.61,22.21,235.563,17.441,132.331,237.123,10,0.123,13.633,0.001,867.28,1.452,1
92.74161389,23.74190833,887.995,32.454,64.14,558.172,50,0.129,26.714,0.01,876.07,30.548,1
92.873298,23.272218,962.079,28.081,177.596,576.85,30,0.129,24.516,0.05,952.85,151.077,1
92.878361,23.700889,486.872,38.045,122.692,288.025,30,0.138,26.499,0.05,952.85,174.088,1
92.809736,23.305259,493.861,18.976,254.039,203.665,10,0.129,8.0,0.001,797.4,0.826,1
92.911476,23.841713,1121.881,34.009,312.144,537.133,10,0.131,21.365,0.001,892.95,2.51,1
93.1,22.24,1324.515,28.592,38.284,463.434,10,0.123,13.221,0.001,926.24,1.514,1
93.019927,23.681206,596.277,23.708,123.166,451.342,50,0.134,19.973,0.01,929.52,24.887,1
93.259686,23.451972,776.459,34.495,91.326,91.082,10,0.129,30.035,0.001,926.24,3.571,1
92.62,22.53,105.9,20.847,264.424,364.326,10,0.127,10.58,0.001,867.28,1.17,1
93.059998,23.852861,831.804,35.823,351.655,505.3,10,0.144,31.347,0.05,738.874,165.417,1
92.75016,23.148273,892.669,27.471,125.381,749.85,10,0.124,14.824,0.001,797.4,1.466,1
92.978777,24.233808,588.423,18.269,22.896,667.932,10,0.13,5.781,0.001,1008.45,0.758,1
93.187183,23.707126,1117.998,40.664,87.855,218.933,30,0.129,26.058,0.05,926.24,155.477,1
93.04,22.34,1150.196,26.922,248.098,355.361,10,0.127,23.308,0.001,926.24,2.708,1
92.919955,23.871694,1189.19,38.0,292.614,518.801,10,0.129,18.343,0.001,952.85,2.249,1
92.718606,23.681531,1154.736,31.075,266.561,845.747,30,0.134,14.587,0.05,876.07,85.806,1
92.82,24.35,485.715,20.007,39.791,749.85,10,0.125,11.278,0.001,797.4,1.127,1
92.48,22.88,66.57,20.911,325.817,121.442,10,0.128,6.843,0.001,780.84,0.687,1
92.9053,23.458124,914.836,24.259,336.893,604.929,10,0.131,12.752,0.001,952.85,1.594,1
92.855527,23.460792,1056.466,15.267,82.369,670.686,30,0.128,6.081,0.05,952.85,37.24,1
92.928337,22.915947,420.146,17.571,177.627,412.948,10,0.127,8.542,0.001,926.24,1.003,1
92.66025,23.712694,191.064,41.511,355.98,121.442,10,0.136,29.126,0.001,876.07,3.469,1
92.46,22.88,40.838,6.739,223.614,91.082,10,0.129,1.611,0.001,770.29,0.16,1
92.917,22.591,1191.091,43.158,131.456,614.754,10,0.124,27.755,0.05,926.24,160.656,1
92.70186,22.85258,423.09,20.818,135.514,448.268,10,0.124,10.561,0.001,876.07,1.146,1
92.708267,22.933441,823.533,6.027,74.173,640.456,10,0.122,1.395,0.001,876.07,0.149,1
93.315376,23.075575,1117.68,34.979,90.171,60.721,10,0.127,24.121,0.001,817.91,2.508,1
92.743111,23.739306,916.398,17.342,55.705,682.268,50,0.13,5.414,0.01,797.4,5.61,1
92.69524,23.750454,768.316,29.215,68.647,364.326,50,0.129,25.699,0.001,876.07,2.902,1
92.81,24.27,541.706,26.164,210.212,455.408,10,0.126,9.008,0.001,797.4,0.902,1
93.311834,23.466951,1375.69,28.372,58.954,370.598,10,0.13,17.286,0.001,817.91,1.835,1
93.183335,23.694333,1429.186,25.019,263.139,721.662,10,0.131,13.241,0.05,926.24,80.224,1
92.83,24.36,384.421,11.641,249.468,708.774,10,0.126,3.26,0.001,797.4,0.327,1
92.66,22.7,623.149,26.574,341.874,625.162,10,0.119,12.111,0.001,876.07,1.268,1
92.917745,24.094248,768.398,35.763,38.126,837.533,10,0.129,17.143,0.001,952.85,2.104,1
92.811996,22.518,687.614,16.092,341.327,547.332,10,0.125,12.315,0.001,926.24,1.428,1
92.844002,22.673,908.86,18.67,246.629,518.801,10,0.122,5.94,0.001,926.24,0.674,1
92.946417,24.193682,539.345,35.459,168.639,455.408,10,0.131,16.979,0.001,1008.45,2.241,1
92.81,24.28,579.917,36.865,283.055,408.459,10,0.126,20.86,0.001,797.4,2.092,1
92.790905,24.07814,938.141,34.672,118.327,455.408,10,0.13,12.544,0.001,797.4,1.292,1
93.026642,23.888081,956.297,29.946,151.661,394.687,10,0.136,13.966,0.001,929.52,1.767,1
93.080583,23.341111,1041.712,37.906,210.675,625.899,10,0.13,18.293,0.05,926.24,110.635,1
93.31066,23.303412,1486.441,20.466,177.305,151.803,10,0.125,10.34,0.001,817.91,1.056,1
92.741167,23.710194,607.389,27.328,25.438,451.342,10,0.127,23.731,0.001,876.07,2.642,1
93.343897,23.410218,1298.597,16.112,190.035,733.696,30,0.129,8.591,0.05,817.91,45.581,1
93.243973,24.02025,538.424,30.731,202.323,42.936,30,0.134,18.998,0.05,893.33,113.945,1
92.9,24.37,137.789,26.282,320.722,619.236,10,0.132,11.951,0.001,952.85,1.498,1
92.798909,24.183717,746.708,20.199,295.427,710.722,10,0.127,6.555,0.001,797.4,0.666,1
93.285309,23.999111,1395.242,20.95,155.73,596.49,50,0.126,17.147,0.05,796.04,86.035,1
92.833778,22.779978,633.499,35.124,282.125,299.017,10,0.126,29.247,0.001,926.24,3.415,1
93.300556,23.354778,1174.493,34.552,173.21,399.331,10,0.13,21.755,0.001,817.91,2.313,1
92.845792,23.383745,938.949,23.448,157.525,777.609,50,0.129,10.401,0.01,952.85,12.778,1
92.969002,22.462999,387.34,28.819,82.868,163.497,10,0.126,19.254,0.001,926.24,2.247,1
92.594944,23.615139,1079.561,33.587,70.127,700.927,10,0.125,12.097,0.001,867.28,1.315,1
93.023551,23.675142,559.725,29.218,115.463,242.884,10,0.135,19.571,0.05,929.52,122.743,1
93.335999,23.87211,1187.21,24.073,201.128,558.172,30,0.129,14.173,0.05,796.04,72.674,1
92.680779,23.194187,999.474,43.368,42.29,655.394,10,0.124,24.863,0.001,876.07,2.702,1
93.05,22.46,1629.149,6.825,44.966,855.499,10,0.12,1.638,0.001,926.24,0.182,1
92.86,22.11,413.965,29.326,146.708,437.866,10,0.127,10.326,0.001,926.24,1.213,1
92.33,23.85,190.016,13.769,308.858,121.442,10,0.127,10.102,0.001,765.396,0.984,1
92.49,22.93,30.5,3.472,353.744,42.936,80,0.128,1.705,0.0,780.84,0.0,1
92.674942,22.845263,378.865,13.041,173.223,708.774,10,0.124,3.77,0.001,876.07,0.412,1
93.015114,23.907555,1105.044,26.876,302.004,489.549,10,0.142,12.277,0.001,929.52,1.618,1
92.699056,23.716556,761.718,27.6,102.536,135.776,30,0.131,16.725,0.001,876.07,1.91,1
92.74,22.49,485.764,33.018,52.95,121.442,10,0.122,11.862,0.001,926.24,1.337,1
92.63,22.25,178.801,16.358,279.794,177.031,10,0.125,5.03,0.001,867.28,0.544,1
92.949989,24.183115,448.779,30.027,72.404,42.936,10,0.13,10.618,0.001,1008.45,1.402,1
92.792189,24.078422,910.319,43.623,151.526,607.211,10,0.13,16.12,0.05,797.4,83.104,1
93.135307,23.848917,454.013,31.05,255.919,537.133,10,0.134,14.573,0.001,737.33,1.442,1
93.258861,23.207528,1407.259,27.985,183.701,128.809,10,0.126,12.887,0.05,926.24,75.187,1
92.80347,22.83664,1253.432,43.571,219.065,502.556,10,0.12,21.244,0.001,926.24,2.368,1
92.952003,22.459,578.615,33.445,339.16,576.85,10,0.127,28.991,0.001,926.24,3.396,1
92.791,22.356001,239.312,19.779,84.903,370.598,10,0.129,15.962,0.001,926.24,1.9,1
92.78,24.45,47.314,15.362,296.07,30.361,10,0.13,10.672,0.001,761.69,1.052,1
92.74,22.35,285.409,10.258,153.519,288.025,10,0.127,2.772,0.001,926.24,0.327,1
92.917519,22.573833,997.627,29.948,160.868,741.195,10,0.128,10.585,0.001,926.24,1.247,1
92.68,22.26,186.943,15.679,107.777,214.681,10,0.123,11.916,0.001,926.24,1.367,1
93.301888,23.832916,1228.794,26.675,326.134,1009.231,10,0.127,12.167,0.001,722.875,1.121,1
93.31485,23.136712,1590.143,39.43,102.289,698.952,10,0.128,27.558,0.001,817.91,2.896,1
93.283462,23.15114,1437.841,27.37,207.804,366.848,30,0.125,9.51,0.001,817.91,0.973,1
92.753403,22.914276,1163.419,30.514,241.978,716.534,30,0.12,14.279,0.001,797.4,1.373,1
92.595278,24.188117,145.939,19.331,293.412,583.997,10,0.128,8.188,0.001,761.69,0.795,1
92.875456,23.436999,691.758,21.947,69.543,502.556,10,0.13,18.164,0.001,952.85,2.259,1
92.85708333,23.68416667,974.705,9.954,26.599,761.438,10,0.135,2.666,0.001,952.85,0.341,1
92.655892,23.846786,90.198,25.9,228.783,85.873,10,0.136,22.245,0.001,811.585,2.455,1
92.985893,23.005156,940.659,24.549,209.676,633.947,10,0.127,8.338,0.001,926.24,0.983,1
92.943611,23.222778,408.897,31.201,170.44,135.776,10,0.129,17.236,0.001,926.24,2.064,1
92.608917,22.82402,263.182,25.97,341.364,192.017,30,0.126,11.78,0.001,867.28,1.283,1
92.72,22.33,302.192,21.401,337.226,237.123,10,0.126,14.421,0.001,926.24,1.679,1
93.299361,23.353111,1184.398,28.358,132.488,279.91,10,0.13,13.093,0.001,817.91,1.394,1
92.571589,23.751155,804.286,31.758,145.022,693.657,10,0.127,17.596,0.001,867.28,1.932,1
92.85,24.37,335.504,21.712,197.757,261.171,10,0.127,7.17,0.001,952.85,0.868,1
92.822884,22.892199,793.4,35.205,85.772,759.013,10,0.126,26.136,0.001,926.24,3.047,1
92.559998,23.104166,209.095,31.709,0.49,203.665,10,0.127,14.935,0.001,780.84,1.482,1
93.343361,23.411417,1302.736,35.054,338.974,684.965,10,0.129,19.711,0.001,817.91,2.086,1
92.858383,23.682158,989.835,14.171,312.509,854.961,10,0.134,4.192,0.001,952.85,0.535,1
92.994003,22.700001,1131.184,35.264,0.374,531.093,10,0.125,16.874,0.001,926.24,1.955,1
92.791954,22.838732,1147.88,21.216,181.701,576.85,50,0.123,9.194,0.01,797.4,9.055,1
92.825019,23.824586,455.998,14.245,49.675,316.973,10,0.133,4.22,0.001,886.697,0.499,1
92.7,22.45,857.296,34.69,315.421,212.524,10,0.122,21.854,0.001,876.07,2.336,1
92.96,22.22,1313.129,22.108,272.041,787.62,10,0.125,7.332,0.001,926.24,0.851,1
92.676277,23.208017,948.677,34.68,56.002,941.666,10,0.123,19.472,0.001,876.07,2.106,1
92.638527,23.226894,753.76,34.39,88.519,451.342,10,0.124,19.287,0.001,867.28,2.068,1
92.681472,23.722111,684.51,30.184,191.514,517.021,10,0.131,20.338,0.001,876.07,2.33,1
93.192778,23.487306,1086.595,30.093,356.13,475.218,10,0.131,14.047,0.001,926.24,1.695,1
92.741413,23.470794,1341.486,24.423,298.519,684.965,10,0.124,12.858,0.001,876.07,1.407,1
92.704163,23.053747,910.659,12.296,356.0,663.084,10,0.123,3.497,0.001,876.07,0.375,1
93.036804,22.823893,1349.937,39.121,67.416,437.866,30,0.126,35.88,0.05,926.24,209.297,1
92.795578,23.035839,870.766,27.155,248.191,369.352,10,0.121,9.421,0.001,797.4,0.91,1
92.78,22.15,100.143,14.511,268.142,214.681,10,0.125,6.705,0.001,926.24,0.774,1
93.289294,23.139244,1431.135,35.18,334.42,286.421,10,0.125,12.753,0.001,817.91,1.308,1
93.030106,23.681548,551.268,19.187,277.861,322.737,10,0.135,6.147,0.001,929.52,0.768,1
92.75,22.33,322.718,6.073,60.676,192.017,10,0.128,1.408,0.001,926.24,0.166,1
92.592278,23.669278,1006.0,13.54,150.22,426.13,10,0.127,3.956,0.001,867.28,0.434,1
92.877502,22.561611,892.882,23.834,201.768,674.113,10,0.124,17.514,0.001,926.24,2.014,1
92.947433,22.892977,541.992,32.165,43.139,312.581,10,0.128,28.769,0.001,926.24,3.42,1
92.63958,23.248526,727.259,6.07,22.256,580.037,10,0.123,1.407,0.001,867.28,0.152,1
92.607333,23.590139,973.713,12.399,63.23,517.021,10,0.129,3.535,0.001,867.28,0.394,1
93.232917,23.279667,1224.872,38.52,253.095,656.799,10,0.132,28.896,0.001,926.24,3.517,1
93.207472,23.448278,1380.449,24.316,209.105,497.95,10,0.129,14.348,0.001,926.24,1.71,1
92.865466,23.47831,954.947,29.502,86.101,610.239,10,0.132,21.295,0.001,952.85,2.682,1
92.72,24.33,378.843,18.244,254.744,425.048,10,0.125,7.615,0.001,761.69,0.725,1
92.726417,23.604611,835.802,27.017,124.752,651.868,10,0.129,9.363,0.001,876.07,1.057,1
93.096806,23.3305,1218.658,20.96,28.478,517.021,10,0.129,10.651,0.001,926.24,1.276,1
92.716167,23.699472,995.363,34.827,182.363,614.754,10,0.131,16.637,0.001,876.07,1.908,1
92.915628,24.025506,1027.141,40.673,347.217,456.419,10,0.132,26.065,0.001,952.85,3.277,1
92.837952,22.882607,625.478,23.36,230.537,333.966,10,0.125,7.846,0.001,926.24,0.908,1
93.229667,23.474194,1025.49,22.124,245.913,96.008,30,0.127,12.776,0.05,926.24,75.535,1
93.066239,23.639272,876.401,17.973,128.306,422.873,10,0.13,5.664,0.001,929.52,0.69,1
93.205643,23.867277,1065.053,38.363,324.52,746.771,10,0.131,21.801,0.001,893.33,2.564,1
92.76,24.47,117.411,27.119,358.279,375.539,10,0.127,12.411,0.001,761.69,1.203,1
93.025409,23.470244,1451.667,31.866,170.563,789.958,10,0.127,21.671,0.001,926.24,2.533,1
92.963889,23.657444,1164.748,37.952,271.539,475.218,10,0.131,18.318,0.001,1008.45,2.422,1
93.094131,23.597403,879.138,29.997,111.633,299.017,10,0.135,26.514,0.001,926.24,3.276,1
93.108017,23.168705,1215.198,24.967,26.869,738.704,10,0.13,13.207,0.001,926.24,1.588,1
92.781878,23.333984,714.898,30.552,189.144,299.017,10,0.129,20.63,0.001,797.4,2.127,1
92.869,23.88319,648.036,30.966,49.743,151.803,10,0.133,26.513,0.001,952.85,3.363,1
92.929703,22.957235,747.57,36.141,242.374,547.332,50,0.128,30.203,0.05,926.24,179.082,1
92.750005,23.40178,1212.145,33.05,67.127,489.549,10,0.124,11.875,0.001,797.4,1.173,1
93.295194,23.261944,1354.746,30.384,230.289,231.219,30,0.125,14.207,0.001,817.91,1.45,1
92.739754,23.173716,785.436,26.235,118.046,547.332,10,0.125,14.025,0.001,876.07,1.531,1
93.360549,23.40555,1249.011,32.055,134.632,708.774,30,0.128,19.957,0.001,817.91,2.088,1
92.73,22.33,131.204,22.907,37.521,42.936,10,0.129,11.886,0.001,926.24,1.42,1
92.920921,23.019981,783.034,10.312,106.877,682.268,50,0.125,6.411,0.001,926.24,0.745,1
92.925222,23.82325,1104.543,31.199,184.277,163.497,30,0.127,17.236,0.05,984.571,107.624,1
92.857468,23.28388,841.527,30.033,81.836,333.966,10,0.128,16.481,0.001,952.85,2.009,1
93.318111,23.407528,1177.519,23.448,118.927,328.399,10,0.129,7.883,0.001,817.91,0.832,1
92.928406,22.914797,410.641,30.018,81.962,312.581,10,0.127,20.206,0.001,926.24,2.378,1
92.46,22.91,48.675,1.003,270.552,0.0,10,0.127,0.339,0.001,770.29,0.033,1
92.962111,23.626194,1250.71,16.628,97.331,774.045,30,0.127,10.514,0.05,1008.45,67.362,1
92.918738,24.097858,792.686,36.728,158.437,530.224,10,0.129,13.386,0.001,952.85,1.654,1
92.898277,23.083004,724.426,28.035,132.835,489.549,10,0.126,12.914,0.001,926.24,1.507,1
92.940842,23.222925,400.473,29.969,165.6,151.803,10,0.129,16.44,0.001,926.24,1.97,1
92.792801,22.838875,1152.055,32.013,183.099,554.028,50,0.123,17.76,0.05,926.24,101.505,1
92.703726,23.440648,615.193,30.766,337.235,540.554,10,0.128,10.926,0.001,876.07,1.22,1
93.255917,23.207889,1426.03,17.735,136.03,244.774,10,0.127,13.923,0.001,926.24,1.636,1
92.892799,22.8363,481.722,31.857,209.82,557.345,10,0.129,21.664,0.001,926.24,2.586,1
93.362276,23.455367,1363.283,24.953,245.397,489.549,10,0.131,19.539,0.001,817.91,2.091,1
92.795724,24.09109,906.299,29.522,352.119,674.113,10,0.129,16.151,0.001,797.4,1.661,1
93.232644,23.543891,1365.967,27.995,237.784,154.809,10,0.127,9.771,0.001,926.24,1.148,1
92.943036,24.188702,478.265,23.211,88.208,547.332,10,0.132,19.461,0.001,1008.45,2.582,1
92.848482,23.401015,918.695,31.904,64.655,724.212,50,0.129,19.848,0.001,952.85,2.465,1
92.920723,23.017822,776.088,27.453,96.514,517.021,10,0.125,12.595,0.001,926.24,1.458,1
92.54,22.71,85.073,15.122,155.593,42.936,10,0.128,6.008,0.001,780.84,0.601,1
92.596889,23.674167,1023.107,39.716,293.667,339.441,10,0.127,14.59,0.001,867.28,1.61,1
92.754501,22.913414,1188.043,24.4,234.915,731.179,30,0.12,8.276,0.05,797.4,39.706,1
92.750099,23.412046,1141.494,37.198,313.688,874.152,10,0.127,17.915,0.001,797.4,1.804,1
92.826453,23.822054,453.674,32.055,71.968,177.031,10,0.134,19.957,0.001,871.549,2.329,1
93.116165,23.782249,1228.303,17.299,89.425,163.497,10,0.131,7.122,0.001,944.351,0.882,1
92.852377,23.282258,796.684,34.118,76.985,67.888,10,0.129,16.252,0.001,952.85,1.997,1
92.944079,24.201154,589.249,34.588,87.31,489.549,10,0.13,21.781,0.001,1008.45,2.862,1
92.75,22.5,229.042,24.359,246.304,60.721,10,0.127,18.974,0.001,926.24,2.232,1
92.47,22.89,63.364,12.312,176.114,135.776,10,0.128,4.622,0.001,770.29,0.455,1
93.339182,23.428061,1296.305,34.415,140.563,407.329,10,0.13,16.413,0.001,817.91,1.75,1
92.933604,23.943241,1267.085,28.62,218.193,698.952,50,0.129,13.237,0.01,1008.45,17.289,1
93.338272,23.141408,1332.413,33.493,157.663,644.044,30,0.127,30.145,0.05,817.91,156.75,1
92.755639,23.730867,889.594,34.174,352.48,638.294,10,0.133,19.149,0.05,797.4,101.301,1
92.58889,23.213055,590.545,21.479,248.572,421.782,10,0.124,10.978,0.001,867.28,1.179,1
92.808662,23.314408,505.728,44.11,340.119,60.721,10,0.131,25.305,0.001,797.4,2.634,1
93.030704,23.650925,484.676,26.879,88.231,60.721,10,0.135,12.279,0.001,929.52,1.528,1
93.311043,23.390204,1216.347,16.424,40.157,335.343,10,0.13,5.055,0.001,817.91,0.538,1
92.802591,24.216509,685.625,20.377,265.209,874.152,10,0.129,10.284,0.001,797.4,1.057,1
92.736875,23.463981,1229.496,48.817,314.013,633.947,10,0.128,23.817,0.001,876.07,2.661,1
93.12,22.38,1484.778,28.756,24.495,549.853,10,0.124,10.088,0.001,926.24,1.159,1
92.795582,24.091081,906.299,29.522,352.119,674.113,10,0.129,16.151,0.001,797.4,1.661,1
92.67,22.6,386.427,21.308,224.994,749.85,10,0.124,7.005,0.001,876.07,0.761,1
92.904892,23.213892,834.737,33.891,48.29,431.504,10,0.127,16.128,0.05,926.24,94.416,1
92.596306,23.609111,1050.655,22.702,47.919,858.726,10,0.125,9.996,0.001,867.28,1.081,1
92.890915,23.255426,833.046,29.786,157.777,935.282,10,0.128,10.518,0.001,952.85,1.283,1
92.753304,22.869707,1079.076,48.982,246.248,708.123,30,0.128,37.081,0.05,797.4,173.356,1
92.695972,23.746722,802.144,34.256,84.983,505.3,30,0.129,21.543,0.05,876.07,121.949,1
93.37664,23.836056,844.937,30.892,220.899,531.093,10,0.128,26.438,0.05,702.38,117.983,1
92.877502,23.438997,668.271,19.229,160.265,299.017,10,0.131,9.566,0.001,952.85,1.196,1
92.59,22.38,182.716,24.995,325.002,576.85,10,0.125,20.523,0.001,867.28,2.231,1
92.885551,22.483166,972.577,45.029,279.858,614.754,10,0.124,41.636,0.001,926.24,4.767,1
92.67,22.64,588.243,7.167,226.985,970.113,10,0.121,4.363,0.001,876.07,0.463,1
92.978996,22.392,450.494,40.447,36.307,366.848,10,0.124,28.328,0.001,926.24,3.25,1
92.714959,23.427681,907.825,30.346,14.608,918.877,10,0.126,16.684,0.001,876.07,1.842,1
93.315391,23.075703,1115.359,36.09,74.691,85.873,10,0.127,17.32,0.05,817.91,90.049,1
92.736528,23.922639,869.462,30.188,237.501,668.622,10,0.13,14.099,0.001,876.07,1.611,1
92.951385,22.841801,1223.356,22.11,77.449,817.483,10,0.125,18.331,0.001,926.24,2.13,1
93.241028,23.475139,895.466,28.378,20.543,109.466,10,0.128,9.931,0.001,926.24,1.182,1
92.772075,24.022347,804.718,23.632,158.418,640.456,30,0.127,18.283,0.05,797.4,92.843,1
92.857249,23.28621,838.626,34.337,132.871,412.948,10,0.127,16.37,0.001,952.85,1.974,1
93.038719,23.948917,1059.192,25.516,217.34,724.212,10,0.134,15.215,0.05,929.52,94.406,1
92.98517,24.200746,270.688,28.529,319.102,244.774,10,0.135,15.508,0.001,1008.45,2.112,1
93.310052,23.482322,1559.212,20.747,257.052,1017.871,30,0.129,15.569,0.05,817.91,82.071,1
92.551529,23.140694,374.903,25.392,251.67,85.873,10,0.126,8.687,0.05,780.84,42.8,1
93.250636,23.467679,881.637,35.872,44.629,279.91,30,0.13,17.202,0.05,926.24,103.507,1
93.305275,23.833166,1267.178,16.992,5.683,923.38,30,0.127,5.277,0.001,729.222,0.491,1
92.77,24.5,116.082,13.68,150.609,194.402,10,0.127,4.008,0.001,761.69,0.388,1
92.67,22.56,497.693,31.783,354.18,557.345,10,0.123,23.24,0.001,876.07,2.485,1
92.804893,22.846241,1244.551,16.805,316.281,326.993,10,0.119,13.009,0.001,926.24,1.439,1
93.092333,23.325028,1101.663,30.675,244.49,543.106,30,0.128,10.888,0.05,926.24,64.78,1
92.798117,24.237872,467.815,28.465,205.817,242.884,30,0.126,13.151,0.05,797.4,66.068,1
92.865395,23.44129,790.79,29.323,179.079,407.329,10,0.13,17.976,0.05,952.85,111.05,1
92.46,22.9,193.529,14.266,154.276,622.946,10,0.126,4.228,0.001,770.29,0.413,1
93.007639,23.457083,1456.491,44.709,334.039,688.321,10,0.128,21.817,0.001,926.24,2.596,1
92.39,24.06,559.112,17.003,77.503,583.997,10,0.126,13.202,0.001,761.69,1.272,1
92.75401,23.412879,1075.484,33.236,75.992,519.689,30,0.127,22.752,0.05,797.4,115.016,1
93.248947,23.882389,1521.78,31.112,355.633,749.85,10,0.127,21.073,0.001,893.33,2.39,1
92.49,22.88,95.209,13.311,79.019,30.361,10,0.128,5.107,0.001,780.84,0.51,1
92.856803,23.459019,1051.087,29.158,56.861,583.997,10,0.13,10.256,0.001,952.85,1.266,1
92.866156,23.716125,687.483,36.393,158.736,192.017,10,0.134,17.483,0.001,952.85,2.224,1
92.752975,23.021692,728.059,27.876,243.36,42.936,10,0.121,9.721,0.001,797.4,0.939,1
92.786906,23.315355,659.891,28.446,280.764,425.048,10,0.129,15.455,0.001,797.4,1.583,1
92.76861,23.50994,693.687,34.495,124.486,286.421,10,0.131,16.457,0.001,797.4,1.719,1
92.839996,22.711,748.194,28.856,68.338,182.163,10,0.126,10.13,0.001,926.24,1.181,1
92.705399,22.966381,740.562,38.166,132.91,885.154,10,0.122,18.432,0.001,876.07,1.976,1
92.645801,24.243567,75.757,23.801,213.282,30.361,10,0.127,10.593,0.001,761.69,1.024,1
92.790809,24.077014,944.311,40.954,88.981,434.697,30,0.13,19.9,0.05,797.4,102.735,1
92.760002,23.078611,776.975,21.126,22.894,598.033,10,0.124,6.931,0.001,797.4,0.688,1
93.257389,23.208139,1417.164,27.011,192.559,163.497,10,0.127,12.351,0.001,926.24,1.452,1
92.33,24.17,62.533,11.083,230.153,316.973,10,0.124,5.828,0.001,814.07,0.588,1
93.314856,23.136654,1590.143,39.43,102.289,698.952,10,0.128,27.558,0.001,817.91,2.896,1
92.920237,24.013044,1052.027,23.251,0.229,303.605,10,0.131,19.503,0.001,952.85,2.428,1
92.831108,22.880117,572.483,17.973,68.749,384.034,10,0.126,5.664,0.001,926.24,0.66,1
92.869058,23.719306,757.354,28.602,339.39,395.853,10,0.134,10.024,0.001,952.85,1.277,1
92.81525,24.232551,485.381,30.074,178.462,610.239,10,0.125,14.037,0.001,797.4,1.412,1
92.802961,24.220596,658.789,30.573,316.109,863.543,10,0.129,14.311,0.001,797.4,1.463,1
92.73,22.32,130.45,6.083,77.546,0.0,10,0.126,3.528,0.001,926.24,0.412,1
92.985172,24.200487,281.919,32.962,302.1,259.401,10,0.135,18.371,0.001,1008.45,2.502,1
93.329472,23.304778,1252.162,21.706,193.264,30.361,10,0.127,17.918,0.001,817.91,1.857,1
93.009163,23.777472,513.455,25.344,168.198,109.466,10,0.134,20.872,0.001,865.264,2.43,1
92.47,23.57,506.096,29.855,87.301,354.062,10,0.126,13.916,0.001,770.29,1.353,1
92.553695,23.783956,664.162,35.55,224.25,462.438,10,0.128,17.028,0.001,780.84,1.699,1
92.861,22.405001,642.511,21.8,260.209,343.49,10,0.124,9.508,0.001,926.24,1.095,1
93.306394,23.051673,1208.617,52.007,130.375,212.524,30,0.13,33.365,0.05,817.91,176.954,1
92.805611,24.225969,604.078,28.57,170.48,808.412,10,0.128,25.025,0.001,797.4,2.553,1
92.656696,23.923047,109.475,31.101,193.619,96.008,10,0.132,14.601,0.001,876.07,1.691,1
93.383565,23.379732,929.79,39.524,170.978,42.936,30,0.131,25.27,0.05,730.42,121.194,1
93.171166,23.429181,940.545,26.483,74.305,355.361,10,0.135,9.141,0.001,926.24,1.149,1
92.695111,23.735,910.376,22.13,107.296,692.327,30,0.129,12.781,0.05,876.07,72.718,1
92.911915,24.026556,1041.39,38.937,19.088,540.554,10,0.132,22.159,0.001,952.85,2.798,1
92.696358,23.097,936.047,22.156,137.003,825.896,10,0.123,9.7,0.001,876.07,1.047,1
93.359164,23.512147,1309.105,42.304,43.826,151.803,10,0.128,31.964,0.001,817.91,3.346,1
92.888889,23.669056,490.308,37.011,242.609,322.737,10,0.135,13.501,0.001,952.85,1.753,1
92.45,23.91,212.026,21.428,289.832,505.3,10,0.132,17.633,0.001,761.69,1.779,1
93.102871,23.577354,693.528,23.893,167.326,365.589,10,0.131,10.643,0.001,926.24,1.288,1
93.380083,23.367333,813.819,37.001,71.631,42.936,10,0.131,23.5,0.001,730.42,2.253,1
93.147734,23.546048,949.059,34.505,42.893,109.466,10,0.134,16.462,0.001,926.24,2.057,1
92.992916,24.199114,255.895,42.372,7.132,261.171,10,0.136,24.265,0.001,1008.45,3.31,1
93.306889,23.146056,1607.869,29.548,100.411,355.361,10,0.128,10.419,0.001,817.91,1.088,1
93.222167,23.473361,1061.041,38.518,243.002,109.466,10,0.127,14.111,0.001,926.24,1.671,1
93.27075,23.468389,975.594,23.016,326.262,109.466,10,0.127,10.166,0.001,926.24,1.207,1
93.205278,23.461083,1288.896,26.886,260.044,456.419,10,0.128,23.27,0.001,926.24,2.748,1
92.690737,24.180261,653.905,32.649,164.867,678.882,10,0.126,23.976,0.001,876.07,2.644,1
92.771561,22.865734,1153.782,4.007,42.937,719.743,10,0.121,0.821,0.001,797.4,0.079,1
92.66,22.65,182.431,14.306,166.641,42.936,10,0.125,4.243,0.001,876.07,0.467,1
93.374861,23.394333,1158.43,26.583,52.286,540.554,10,0.128,12.116,0.001,730.42,1.142,1
92.77,22.18,169.048,16.685,128.555,244.774,30,0.124,8.003,0.05,926.24,46.049,1
92.35,23.86,269.644,16.078,296.959,524.104,10,0.128,7.637,0.001,778.554,0.761,1
92.63,22.29,118.399,23.864,339.985,60.721,10,0.125,12.499,0.001,867.28,1.357,1
92.797028,22.850847,1209.28,17.944,32.446,516.129,10,0.121,5.652,0.001,926.24,0.632,1
92.85265,23.727472,772.624,29.524,227.52,625.162,10,0.13,13.734,0.01,952.85,17.07,1
93.381058,23.546627,1688.062,34.988,60.517,875.732,10,0.125,12.675,0.001,730.42,1.162,1
93.186775,23.851723,948.562,33.564,75.013,633.947,10,0.129,30.217,0.001,850.2,3.353,1
92.927841,22.916008,421.636,14.997,116.74,405.06,10,0.127,11.263,0.001,926.24,1.323,1
93.023918,23.779444,434.632,21.036,287.189,91.082,10,0.135,6.894,0.001,907.03,0.85,1
92.62,22.16,156.129,8.556,88.191,0.0,10,0.124,5.485,0.001,867.28,0.589,1
92.690207,23.754359,697.959,28.01,31.495,459.438,10,0.134,9.777,0.001,876.07,1.142,1
92.767128,22.908125,1057.163,20.408,118.64,698.952,10,0.12,11.56,0.001,797.4,1.097,1
93.035248,23.804193,670.19,37.431,215.788,598.803,10,0.138,18.04,0.001,977.404,2.431,1
92.743028,23.856861,1376.083,29.454,88.133,905.742,10,0.127,13.696,0.001,904.401,1.576,1
93.075702,23.517632,1075.356,39.51,269.18,610.239,10,0.135,29.708,0.001,926.24,3.713,1
92.728694,23.714694,841.694,28.261,81.455,339.441,10,0.134,24.703,0.001,876.07,2.838,1
92.677265,24.004867,616.227,39.188,73.467,494.234,10,0.129,25.036,0.001,876.07,2.826,1
92.92672,23.223555,436.289,28.547,165.432,30.361,10,0.129,15.52,0.05,926.24,92.249,1
92.75764,22.86739,1139.381,28.867,145.195,885.154,10,0.123,13.372,0.001,797.4,1.433,1
92.941536,23.222853,398.95,36.544,188.743,135.776,10,0.129,23.176,0.001,926.24,2.777,1
92.924156,23.010895,759.081,19.351,338.358,388.805,10,0.126,6.213,0.001,926.24,0.728,1
92.81508,23.298413,483.185,6.268,236.088,121.442,10,0.13,1.467,0.001,797.4,0.151,1
92.722199,23.415165,1072.652,22.018,78.499,653.986,10,0.126,14.937,0.001,876.07,1.648,1
92.632911,23.360199,738.563,19.59,306.057,638.294,10,0.129,6.309,0.001,867.28,0.704,1
92.6,22.34,135.427,5.369,242.282,462.438,10,0.125,3.001,0.001,867.28,0.326,1
92.846042,23.535189,1197.357,9.484,265.4,868.333,10,0.127,2.506,0.001,952.85,0.302,1
93.044479,23.459737,1243.09,31.299,138.263,171.745,10,0.127,17.3,0.001,926.24,2.047,1
92.82,24.36,311.316,19.093,56.364,259.401,10,0.127,15.274,0.001,797.4,1.547,1
93.313134,23.311604,1507.75,28.196,355.965,665.859,10,0.128,15.293,0.001,817.91,1.597,1
92.70755,23.05374,841.194,36.105,130.67,692.327,10,0.122,17.328,0.001,876.07,1.857,1
92.49,23.69,735.922,28.017,124.333,666.55,10,0.128,9.78,0.001,780.84,0.974,1
92.639369,24.239118,127.153,27.708,104.98,429.363,10,0.129,9.651,0.001,761.69,0.946,1
92.870003,22.586,966.962,45.247,268.68,698.952,10,0.125,34.272,0.001,926.24,3.937,1
92.934998,22.368999,452.612,32.435,311.852,128.809,10,0.125,15.333,0.001,926.24,1.786,1
92.859192,23.315806,1056.821,16.284,43.396,667.932,30,0.132,5.001,0.05,952.85,31.646,1
92.960437,23.801624,1218.122,19.108,5.651,30.361,10,0.126,13.32,0.001,950.979,1.591,1
93.033974,23.888945,888.665,30.18,319.772,305.12,10,0.132,14.095,0.001,929.52,1.738,1
92.673714,23.231653,856.661,10.845,86.647,885.154,10,0.123,7.443,0.001,876.07,0.8,1
93.33801,23.619791,1578.105,23.013,189.795,177.031,10,0.128,7.703,0.001,817.91,0.805,1
92.885002,22.476999,933.492,28.599,270.43,486.716,10,0.124,23.027,0.001,926.24,2.638,1
92.637703,22.82106,115.462,26.821,42.689,151.803,10,0.128,12.247,0.001,867.28,1.358,1
93.310111,23.477806,1542.335,37.363,187.131,731.179,10,0.13,23.756,0.001,817.91,2.514,1
92.878334,22.469469,665.102,39.267,1.02,231.219,10,0.124,22.364,0.001,926.24,2.565,1
93.281056,23.163528,1502.735,28.311,302.288,386.427,10,0.128,20.278,0.001,926.24,2.393,1
93.018316,23.463765,1460.111,29.314,105.284,559.821,10,0.126,10.321,0.001,926.24,1.207,1
92.968472,23.74425,724.246,31.542,273.782,91.082,10,0.135,28.121,0.001,1008.45,3.82,1
93.041184,23.45769,1267.578,25.707,125.837,365.589,10,0.128,22.044,0.001,926.24,2.611,1
92.864998,22.416,625.676,33.9,30.552,380.416,10,0.126,23.275,0.001,926.24,2.72,1
92.715972,23.700556,1013.93,35.139,310.663,719.743,10,0.131,16.806,0.001,876.07,1.926,1
93.079723,23.630914,964.243,27.892,247.238,434.697,30,0.134,9.728,0.05,926.24,60.05,1
92.69,22.67,224.263,20.889,82.422,85.873,10,0.127,9.018,0.001,876.07,1.002,1
93.177726,23.701575,1400.093,33.94,208.172,489.549,10,0.129,30.606,0.001,926.24,3.652,1
92.864298,23.440711,790.449,13.709,138.194,299.017,10,0.129,4.019,0.001,952.85,0.496,1
92.785835,23.094999,460.602,23.731,214.049,182.163,30,0.126,10.555,0.05,797.4,52.98,1
92.686775,23.153805,867.11,27.977,94.563,666.55,10,0.125,18.586,0.001,876.07,2.038,1
92.893478,22.898329,589.797,33.675,155.757,463.434,30,0.126,16.01,0.05,926.24,93.413,1
93.11,22.22,1360.176,25.941,357.049,451.342,10,0.125,18.255,0.001,926.24,2.115,1
93.023297,23.663354,522.522,32.099,32.881,271.553,10,0.134,11.481,0.001,929.52,1.425,1
92.703251,23.498881,931.083,38.199,215.718,798.661,10,0.129,18.45,0.001,876.07,2.066,1
92.916676,24.099117,824.946,29.791,16.511,704.207,10,0.129,10.52,0.001,952.85,1.3,1
92.84,24.35,318.647,20.393,331.949,109.466,10,0.128,6.633,0.001,952.85,0.807,1
92.39,24.11,277.59,3.044,139.592,85.873,10,0.126,0.575,0.001,761.69,0.055,1
92.796631,23.249727,866.928,21.559,268.082,524.104,10,0.125,11.029,0.001,797.4,1.099,1
92.7,22.53,245.971,31.543,70.751,214.681,10,0.128,11.249,0.001,876.07,1.258,1
93.30675,23.146333,1606.173,28.13,58.626,384.034,10,0.128,9.827,0.001,817.91,1.027,1
92.705795,22.860407,492.175,35.794,199.042,437.866,10,0.125,17.16,0.001,876.07,1.873,1
92.59,22.3,108.444,5.142,48.183,486.716,10,0.125,2.838,0.001,867.28,0.306,1
92.935677,22.899151,416.641,27.297,332.346,412.948,10,0.133,23.699,0.001,926.24,2.886,1
93.257027,23.881361,1579.163,22.511,351.631,596.49,10,0.128,9.892,0.001,893.33,1.128,1
92.84,23.816,282.373,20.859,92.283,182.163,10,0.136,17.055,0.001,852.336,1.983,1
93.01,22.15,1132.686,6.479,152.581,918.877,50,0.127,1.532,0.01,926.24,1.796,1
92.743083,23.850861,1256.958,30.376,83.039,721.662,10,0.131,18.741,0.001,898.831,2.203,1
92.798889,22.838051,1158.763,42.784,129.897,394.687,30,0.12,30.071,0.05,926.24,167.445,1
93.168762,23.801054,558.668,30.385,183.744,212.524,10,0.139,10.767,0.001,867.96,1.299,1
92.772781,23.0425,1055.272,31.203,91.846,704.207,10,0.121,21.146,0.001,797.4,2.051,1
92.650833,23.918917,155.219,7.34,287.867,364.326,10,0.132,4.499,0.001,867.28,0.514,1
93.076258,23.337519,1120.235,39.186,125.605,643.328,10,0.128,22.313,0.001,926.24,2.652,1
93.287022,23.654025,1529.635,30.357,272.515,434.697,10,0.127,22.024,0.001,817.91,2.299,1
93.306249,23.146464,1608.379,39.028,23.432,434.697,10,0.128,24.925,0.001,817.91,2.601,1
92.63,22.28,115.232,10.191,53.555,30.361,10,0.126,2.748,0.001,867.28,0.3,1
93.335544,23.427418,1293.78,30.701,76.831,346.163,30,0.131,27.246,0.05,817.91,146.0,1
92.702889,23.744972,820.301,33.415,328.519,547.332,10,0.13,12.026,0.001,876.07,1.367,1
93.229,23.474833,1035.604,34.844,237.307,67.888,30,0.127,12.615,0.05,926.24,74.444,1
92.720558,23.011667,445.446,31.781,296.604,303.605,10,0.123,11.348,0.001,876.07,1.225,1
92.553747,23.783846,664.162,35.55,224.25,462.438,10,0.128,17.028,0.001,780.84,1.699,1
92.70778,22.86025,528.579,17.981,220.605,638.294,10,0.125,14.167,0.001,876.07,1.548,1
92.796333,22.846123,1207.157,28.295,201.757,448.268,10,0.121,15.357,0.001,926.24,1.719,1
93.20758,23.487813,1072.732,34.896,39.89,586.359,10,0.129,24.055,0.001,926.24,2.882,1
93.20387,23.605864,1040.827,39.576,72.287,279.91,10,0.135,25.306,0.001,926.24,3.178,1
93.116001,23.382695,1176.263,40.198,267.821,244.774,10,0.127,22.94,0.001,926.24,2.69,1
93.378917,23.393194,1115.326,16.428,326.881,455.408,30,0.13,7.847,0.05,730.42,37.156,1
92.900558,23.172501,832.532,25.63,86.833,801.541,10,0.126,8.786,0.05,926.24,51.106,1
92.640587,23.242306,751.189,19.854,321.737,530.224,10,0.123,16.038,0.001,867.28,1.713,1
93.181274,24.019306,1059.318,22.131,293.145,682.268,10,0.128,11.393,0.001,850.2,1.241,1
93.088283,23.684707,1181.534,31.972,122.942,692.327,10,0.132,15.079,0.001,929.52,1.854,1
92.61,22.2,208.814,14.034,73.851,257.618,10,0.124,10.351,0.001,867.28,1.108,1
92.591717,23.468357,875.596,18.085,59.441,576.85,10,0.127,8.858,0.001,867.28,0.975,1
92.789795,23.111578,779.663,23.401,310.874,480.042,10,0.124,10.375,0.001,797.4,1.027,1
92.992996,22.42,845.459,26.742,183.043,649.034,10,0.124,20.143,0.001,926.24,2.301,1
93.190067,23.69159,1116.281,33.249,60.118,125.18,10,0.13,20.819,0.001,926.24,2.498,1
92.703889,23.737083,929.365,25.678,260.025,96.008,10,0.13,15.332,0.001,876.07,1.754,1
92.772026,22.866783,1153.344,31.37,147.233,814.659,10,0.121,14.749,0.001,797.4,1.424,1
92.796936,23.736217,334.277,17.594,107.618,422.873,60,0.133,5.514,0.01,797.4,5.898,1
93.307373,23.05214,1162.547,53.156,140.566,273.245,30,0.13,48.873,0.05,817.91,258.907,1
92.63,22.37,106.498,6.148,145.591,85.873,10,0.127,1.888,0.001,867.28,0.208,1
92.795959,22.83779,1182.584,45.55,189.572,474.247,30,0.122,36.7,0.05,926.24,207.152,1
92.858394,23.711722,872.456,37.795,301.501,794.611,10,0.132,18.235,0.001,952.85,2.297,1
92.99,22.15,623.825,37.049,181.432,60.721,10,0.127,33.791,0.001,926.24,3.978,1
92.85593,23.443878,877.026,32.909,114.303,380.416,50,0.128,15.592,0.001,952.85,1.906,1
93.204025,23.862638,1010.539,33.982,268.881,698.952,10,0.133,30.649,0.001,893.33,3.634,1
92.96,22.21,1058.87,29.809,257.764,517.021,30,0.123,13.891,0.001,926.24,1.588,1
92.835556,22.963112,827.738,35.508,289.448,516.129,10,0.125,12.888,0.001,926.24,1.489,1
93.306544,23.14572,1616.774,31.713,106.948,339.441,10,0.128,21.549,0.001,817.91,2.248,1
93.03,22.38,1412.281,31.364,219.086,644.044,10,0.121,14.746,0.001,926.24,1.649,1
92.862999,22.389999,522.652,46.196,25.454,85.873,10,0.124,22.554,0.001,926.24,2.584,1
93.075313,23.573731,952.773,43.019,325.687,631.762,10,0.133,20.964,0.001,926.24,2.601,1
92.63,22.33,106.796,9.868,74.095,125.18,40,0.127,3.479,0.001,867.28,0.384,1
93.007805,23.197752,945.72,40.521,321.547,429.363,10,0.128,14.91,0.001,926.24,1.786,1
93.022781,23.958944,898.156,32.28,221.137,429.363,10,0.137,23.662,0.001,929.52,2.983,1
92.810555,23.005556,951.999,34.775,94.657,692.992,30,0.126,19.533,0.05,797.4,97.8,1
93.349052,23.659891,1170.812,24.932,332.923,259.401,10,0.13,8.496,0.001,817.91,0.902,1
92.752853,22.870546,1063.058,51.338,245.149,711.37,30,0.121,36.045,0.05,797.4,152.924,1
92.793313,24.030793,623.131,27.538,39.48,394.687,10,0.129,12.641,0.001,797.4,1.302,1
92.854305,23.493913,951.533,16.106,277.046,622.946,10,0.132,8.587,0.01,952.85,10.808,1
92.570306,23.6935,954.269,21.421,312.109,794.611,10,0.128,7.051,0.001,867.28,0.781,1
93.323501,23.311082,1404.694,23.355,188.583,326.993,10,0.127,10.35,0.001,817.91,1.076,1
92.856282,23.486909,1002.812,20.906,327.024,751.692,10,0.131,6.841,0.001,952.85,0.857,1
93.369982,23.514479,1361.278,16.932,35.284,557.345,10,0.129,5.253,0.001,817.91,0.554,1
93.375863,23.392598,1163.063,34.302,69.036,614.754,30,0.131,28.47,0.001,730.42,2.725,1
92.955582,22.83358,1367.679,36.19,26.437,567.182,10,0.122,26.961,0.001,926.24,3.046,1
93.236333,23.477778,920.99,19.541,348.547,300.554,10,0.128,15.146,0.001,926.24,1.8,1
92.728073,22.889551,832.838,28.063,56.029,279.91,10,0.121,12.93,0.001,876.07,1.37,1
93.240166,24.026138,685.969,31.333,73.616,474.247,10,0.127,14.729,0.001,893.33,1.674,1
93.378058,23.742696,1323.312,20.125,230.754,333.966,30,0.127,16.312,0.001,764.771,1.584,1
92.91546,24.025542,1025.792,38.411,3.442,459.438,10,0.132,21.831,0.001,952.85,2.744,1
93.080056,23.341333,1045.31,35.956,185.667,672.059,10,0.13,24.883,0.001,926.24,3.006,1
92.709861,23.740028,882.754,40.292,33.995,494.234,10,0.133,19.554,0.001,876.07,2.561,1
92.70764,22.85697,568.729,21.188,146.919,721.662,10,0.125,6.956,0.001,876.07,0.759,1
93.30625,23.1465,1608.379,39.028,23.432,434.697,10,0.128,24.925,0.001,817.91,2.601,1
92.75403,22.87075,1152.486,3.988,125.51,825.896,50,0.0,0.816,0.01,797.4,0.449,1
92.901491,24.030416,960.728,29.718,132.807,586.359,10,0.13,13.841,0.001,952.85,1.716,1
93.148865,23.782249,807.741,33.797,242.929,589.495,10,0.133,27.991,0.001,915.551,3.411,1
92.930771,23.212713,695.216,17.311,165.782,355.361,10,0.128,5.402,0.001,926.24,0.639,1
93.361278,23.408528,1261.48,25.418,349.109,943.133,10,0.129,13.498,0.001,817.91,1.421,1
92.732129,23.771587,1290.658,40.309,170.477,586.359,30,0.126,19.563,0.05,876.07,118.319,1
93.262259,23.46243,851.527,32.733,219.027,151.803,30,0.128,25.577,0.001,926.24,3.044,1
92.835194,23.812167,525.482,39.471,65.054,516.129,10,0.136,22.49,0.001,815.709,2.488,1
92.923225,23.001865,758.057,31.946,336.37,649.034,10,0.126,11.417,0.001,926.24,1.332,1
92.73,22.5,590.641,19.783,241.467,91.082,30,0.123,6.387,0.05,926.24,36.259,1
92.893076,24.067576,999.232,5.074,304.661,845.747,30,0.135,1.116,0.001,952.85,0.143,1
92.848362,23.2741,733.067,41.75,200.817,386.427,10,0.127,15.394,0.001,952.85,1.862,1
92.702759,23.49901,920.869,32.991,201.603,768.667,10,0.127,18.39,0.001,876.07,2.06,1
92.855433,23.38533,798.807,26.955,354.824,151.803,10,0.129,9.337,0.001,952.85,1.15,1
92.862258,23.308769,1027.088,23.089,51.971,817.483,10,0.13,16.845,0.001,952.85,2.084,1
92.890999,22.530001,698.535,23.436,216.762,96.008,10,0.124,7.877,0.001,926.24,0.902,1
92.927508,23.847224,1793.827,20.112,305.326,925.374,10,0.119,6.52,0.001,835.514,0.651,1
92.753033,23.732894,903.208,30.397,61.262,640.456,10,0.132,14.214,0.001,797.4,1.497,1
92.70047,23.056194,897.93,5.626,60.661,674.113,10,0.122,1.275,0.001,876.07,0.136,1
93.00489,23.777805,560.787,28.371,135.581,109.466,10,0.136,24.818,0.001,861.999,2.904,1
92.858505,23.478601,1014.008,30.707,293.202,759.013,10,0.131,18.98,0.001,952.85,2.363,1
92.697694,23.719972,968.617,36.994,178.568,480.042,10,0.13,17.806,0.001,876.07,2.035,1
92.870285,23.277412,989.447,34.25,279.365,729.285,30,0.126,28.421,0.05,952.85,170.817,1
93.083183,23.636699,1154.083,42.118,320.852,905.742,10,0.136,27.052,0.001,926.24,3.395,1
92.853533,23.302456,980.756,37.353,113.54,259.401,10,0.128,13.64,0.001,952.85,1.696,1
93.02375,23.909111,1106.257,34.3,212.514,231.219,10,0.136,19.229,0.001,929.52,2.441,1
92.729706,22.969807,622.691,22.886,314.705,431.504,10,0.122,19.126,0.001,876.07,2.049,1
92.85128,22.8846,441.932,37.551,249.895,151.803,30,0.123,18.104,0.05,926.24,103.142,1
92.66,22.63,271.296,28.484,228.475,442.056,10,0.127,13.162,0.001,876.07,1.458,1
93.379028,23.810806,1064.386,26.557,237.038,494.234,30,0.13,12.102,0.001,744.344,1.169,1
92.952639,24.222837,598.522,5.53,126.317,614.004,10,0.132,1.247,0.01,1008.45,1.646,1
92.793564,23.088409,488.141,22.64,49.374,279.91,10,0.125,9.962,0.001,797.4,0.989,1
93.314889,23.469833,1400.687,24.075,120.187,485.769,10,0.13,14.175,0.001,817.91,1.508,1
93.128917,23.380806,1305.268,20.981,79.343,475.218,50,0.126,10.664,0.05,926.24,62.324,1
93.020531,23.08989,1337.163,38.75,333.619,724.212,10,0.13,18.742,0.001,926.24,2.232,1
93.006652,23.456613,1422.017,38.506,288.503,668.622,10,0.128,33.97,0.001,926.24,4.042,1
92.675528,23.7195,485.724,24.167,204.841,429.363,10,0.133,10.793,0.001,876.07,1.259,1
93.076363,23.644962,859.631,22.229,248.957,394.687,10,0.127,14.051,0.05,926.24,83.066,1
92.75267,22.917629,1116.276,18.425,19.265,868.333,10,0.12,5.843,0.001,797.4,0.561,1
92.71944444,23.70166667,1041.391,36.607,37.018,651.868,50,0.13,17.598,0.001,876.07,2.011,1
93.212611,23.48375,1047.279,38.027,17.295,288.025,10,0.129,30.3,0.001,926.24,3.614,1
92.901688,22.874456,661.02,29.531,233.894,257.618,30,0.124,13.738,0.05,926.24,79.37,1
93.311778,23.46718,1366.339,25.356,54.345,388.805,10,0.13,21.68,0.001,817.91,2.303,1
93.311722,23.478556,1620.532,29.76,182.424,923.38,30,0.129,16.305,0.05,817.91,85.517,1
93.384861,23.3765,876.938,27.475,143.825,218.933,30,0.131,23.884,0.05,730.42,114.545,1
92.790672,24.076035,950.748,18.617,79.556,394.687,30,0.129,7.811,0.05,797.4,40.233,1
92.815475,22.803982,811.708,31.678,328.249,60.721,10,0.124,28.263,0.001,926.24,3.228,1
93.204311,23.603865,1030.855,33.194,80.617,380.416,10,0.135,20.779,0.001,926.24,2.602,1
92.605749,23.475392,973.888,23.0,98.468,759.013,10,0.128,10.158,0.001,867.28,1.123,1
92.870003,22.5273,704.872,25.361,359.001,151.803,10,0.124,11.445,0.001,926.24,1.313,1
93.048164,23.85,1032.67,20.865,214.718,768.068,30,0.136,9.005,0.05,779.634,48.282,1
92.782928,23.09951,541.017,20.849,243.93,394.687,10,0.125,17.045,0.001,797.4,1.697,1
92.57,22.45,116.168,25.451,107.788,259.401,10,0.126,8.712,0.001,867.28,0.949,1
93.241869,23.473258,902.445,29.798,27.311,299.017,10,0.128,26.306,0.001,926.24,3.127,1
93.313978,23.475522,1567.943,19.157,124.152,825.896,30,0.129,8.096,0.01,817.91,8.503,1
92.7145,23.704333,1049.36,32.988,202.314,589.495,10,0.131,20.631,0.001,876.07,2.423,1
92.692722,23.720611,873.712,31.26,329.091,242.884,10,0.128,21.191,0.001,876.07,2.386,1
93.384583,23.79125,1283.214,29.439,19.765,322.737,10,0.131,13.687,0.001,743.303,1.333,1
92.568444,23.697889,928.607,30.006,35.668,524.104,10,0.127,10.609,0.001,867.28,1.173,1
92.791224,23.3154,612.117,38.465,355.728,151.803,10,0.127,18.591,0.001,797.4,1.885,1
92.62,22.15,143.801,3.294,354.014,0.0,10,0.124,1.592,0.001,867.28,0.172,1
92.674861,23.823222,405.248,26.197,17.232,273.245,10,0.131,11.904,0.001,871.634,1.361,1
93.320633,23.081569,1084.482,45.731,173.159,485.769,30,0.126,29.458,0.05,817.91,151.006,1
92.592667,23.669694,1004.946,19.275,125.874,394.687,10,0.127,6.183,0.001,867.28,0.679,1
92.905021,23.499418,970.961,22.606,136.497,739.327,30,0.13,9.944,0.05,952.85,61.475,1
93.270788,23.468508,966.158,25.681,342.942,85.873,10,0.127,13.667,0.001,926.24,1.627,1
93.035667,23.789749,500.573,20.859,51.026,60.721,10,0.135,10.587,0.001,963.975,1.377,1
92.37,23.94,670.006,25.123,32.395,471.322,10,0.126,11.315,0.001,814.07,1.166,1
92.864998,22.525,802.189,33.296,54.066,364.326,10,0.123,29.94,0.001,926.24,3.42,1
92.836769,22.887474,671.491,42.689,211.79,451.342,10,0.124,20.795,0.001,926.24,2.393,1
92.808693,23.007998,944.416,22.326,1.677,531.093,10,0.125,11.517,0.001,797.4,1.15,1
93.381139,23.367806,800.543,26.697,212.785,42.936,30,0.131,14.323,0.01,730.42,13.733,1
92.888813,23.255288,849.823,28.571,196.259,910.816,10,0.129,15.536,0.001,952.85,1.901,1
93.296204,23.127266,1533.061,25.176,153.557,537.133,10,0.127,18.724,0.001,817.91,1.948,1
93.263265,23.457971,817.641,43.804,258.807,151.803,10,0.128,33.15,0.001,926.24,3.939,1
92.908569,23.145016,680.365,14.768,72.937,388.805,10,0.129,4.418,0.001,926.24,0.529,1
93.312,23.310611,1505.38,30.718,285.797,665.859,10,0.128,14.391,0.001,817.91,1.503,1
93.046112,23.856972,881.924,38.09,73.896,638.294,10,0.132,21.63,0.001,740.411,2.11,1
93.05,22.26,1104.127,8.592,48.026,665.859,10,0.124,2.206,0.001,926.24,0.254,1
93.04039,23.795444,534.811,28.056,321.111,125.18,10,0.134,15.202,0.001,982.924,1.996,1
93.225722,23.479667,1010.751,27.099,307.385,271.553,10,0.13,9.397,0.05,926.24,56.399,1
93.040585,23.480549,1183.585,25.779,97.173,369.352,30,0.133,19.27,0.05,926.24,119.222,1
92.59,22.39,215.307,24.522,216.845,651.868,10,0.124,8.326,0.001,867.28,0.896,1
93.147806,23.387194,1161.681,29.459,302.114,672.059,10,0.13,10.382,0.001,926.24,1.246,1
92.894722,22.654861,798.855,52.863,215.265,257.618,30,0.126,30.187,0.05,926.24,175.962,1
92.682278,23.965889,281.179,15.105,40.016,30.361,10,0.131,7.916,0.001,876.07,0.898,1
93.160164,23.803055,470.325,28.534,259.294,151.803,10,0.136,24.989,0.001,869.55,2.957,1
93.214835,23.481881,1032.246,24.23,141.262,508.935,30,0.127,14.286,0.05,926.24,84.464,1
93.068299,23.644469,872.707,16.206,174.58,451.342,10,0.13,4.971,0.001,929.52,0.6,1
92.729443,23.788032,1172.048,35.532,139.947,796.928,10,0.125,22.457,0.001,828.363,2.331,1
92.891663,22.501471,905.085,30.117,233.528,530.224,10,0.122,26.639,0.001,926.24,3.024,1
92.598639,23.675722,1059.829,44.29,304.841,485.769,10,0.128,33.53,0.001,867.28,3.722,1
92.889938,22.897387,579.537,32.481,189.377,244.774,10,0.127,18.062,0.001,926.24,2.118,1
92.81369,22.80291,811.061,28.207,324.8,121.442,10,0.125,15.3,0.01,926.24,17.602,1
92.52,24.17,59.435,21.904,108.807,96.008,10,0.125,14.842,0.001,761.69,1.417,1
93.350321,23.682274,1274.81,23.407,217.675,408.459,10,0.126,10.378,0.05,817.91,53.582,1
92.963562,23.003996,646.715,21.728,197.27,177.031,30,0.131,9.469,0.05,926.24,57.227,1
92.84925,23.891722,573.382,30.642,155.339,434.697,10,0.133,16.876,0.001,952.85,2.146,1
92.92778,23.222778,431.151,24.606,315.312,67.888,30,0.127,12.975,0.05,926.24,76.617,1
93.377907,23.36545,835.813,44.176,128.714,286.421,30,0.131,21.549,0.05,730.42,103.022,1
93.380028,23.366333,815.319,32.321,115.95,109.466,30,0.131,17.959,0.05,730.42,86.093,1
92.898506,22.867741,656.742,32.585,79.735,459.438,10,0.126,22.239,0.001,926.24,2.602,1
93.068219,23.647593,882.157,28.29,100.384,570.423,30,0.131,24.734,0.05,929.52,150.584,1
92.687556,23.753417,690.767,29.479,342.264,365.589,10,0.132,10.39,0.001,876.07,1.209,1
92.842404,23.40002,904.711,30.654,58.798,518.801,10,0.131,10.879,0.001,952.85,1.355,1
93.2775,23.161889,1472.537,28.547,259.402,429.363,10,0.127,17.413,0.001,926.24,2.045,1
92.930191,22.908737,291.382,16.319,23.266,30.361,10,0.13,7.782,0.001,926.24,0.933,1
92.51,24.08,639.557,23.251,95.376,375.539,10,0.127,14.851,0.001,761.69,1.438,1
92.95668,22.839445,1170.745,31.521,5.558,494.234,10,0.124,28.1,0.001,926.24,3.222,1
92.797165,22.837624,1162.412,46.469,193.501,380.416,30,0.12,32.731,0.05,926.24,182.658,1
92.65731,23.273513,902.841,8.484,170.281,754.14,10,0.123,2.17,0.001,876.07,0.235,1
92.692528,23.71,669.809,34.638,172.292,109.466,10,0.129,16.534,0.05,876.07,93.321,1
93.023941,23.913445,1093.59,41.717,25.947,583.997,10,0.136,26.78,0.001,929.52,3.393,1
92.772028,23.984972,612.134,18.131,307.862,425.048,10,0.127,5.726,0.001,797.4,0.584,1
92.873933,23.714703,526.381,31.804,27.917,121.442,10,0.134,11.358,0.001,952.85,1.448,1
92.971519,22.826855,1289.6,34.047,13.728,485.769,10,0.122,19.068,0.001,926.24,2.156,1
93.206222,23.449083,1346.787,28.895,272.424,354.062,10,0.129,17.665,0.001,926.24,2.106,1
93.168648,23.801399,573.741,28.407,179.537,242.884,10,0.139,9.943,0.05,867.717,60.015,1
92.735472,23.868917,1252.469,27.628,301.925,668.622,10,0.129,9.618,0.001,830.365,1.024,1
93.05,22.27,1115.147,36.41,81.655,67.888,10,0.125,20.572,0.001,926.24,2.39,1
92.38,24.12,113.918,13.252,293.731,96.008,10,0.125,5.972,0.001,814.07,0.611,1
92.42,24.1,136.43,12.516,79.038,218.933,10,0.128,4.721,0.001,761.69,0.459,1
93.00705,23.199879,936.252,32.506,214.762,558.172,30,0.129,29.122,0.001,926.24,3.496,1
92.557833,23.733222,698.673,29.934,81.115,333.966,10,0.127,18.42,0.001,780.84,1.83,1
92.755951,22.873558,1067.694,26.365,49.403,764.459,50,0.122,11.997,0.001,797.4,1.073,1
92.82,24.29,569.416,46.471,103.452,926.867,10,0.127,22.688,0.001,797.4,2.301,1
93.296677,23.350776,1229.484,36.636,91.361,456.419,10,0.131,33.37,0.001,817.91,3.573,1
92.68,24.25,468.889,47.632,27.442,711.37,10,0.127,30.681,0.001,761.69,2.966,1
92.99,22.17,1274.679,17.881,15.078,619.236,10,0.124,7.425,0.001,926.24,0.863,1
93.286358,23.150818,1432.667,26.926,164.293,212.524,30,0.126,17.752,0.05,817.91,91.193,1
92.742417,23.915778,1012.163,27.74,38.413,480.042,10,0.132,9.665,0.001,797.4,1.019,1
92.48,22.9,137.202,26.83,214.187,237.123,10,0.126,16.166,0.001,780.84,1.588,1
92.522781,23.210028,799.327,24.613,145.38,421.782,10,0.123,20.909,0.001,780.84,1.998,1
92.965056,23.654556,1249.655,45.808,289.04,559.821,10,0.13,32.262,0.001,1008.45,4.226,1
92.558056,23.735833,671.769,30.75,105.157,333.966,30,0.127,27.297,0.05,780.84,135.399,1
92.61,22.19,191.592,18.823,124.182,184.676,10,0.124,14.453,0.001,867.28,1.555,1
93.041473,23.966917,1095.017,41.604,110.168,355.361,10,0.131,26.703,0.001,929.52,3.276,1
93.041695,23.855028,934.584,28.422,262.732,273.245,10,0.131,20.372,0.001,734.72,1.961,1
92.944583,24.19265,526.482,40.288,61.9,531.093,10,0.131,14.818,0.001,1008.45,1.964,1
92.8,24.41,62.935,15.303,124.263,60.721,10,0.13,4.622,0.001,797.4,0.478,1
92.988426,23.004421,978.158,27.113,220.701,577.649,10,0.128,22.645,0.001,926.24,2.676,1
92.928202,23.849497,1827.226,17.437,272.711,869.394,10,0.12,7.194,0.001,825.395,0.712,1
92.834671,22.785034,638.515,39.893,221.248,42.936,10,0.126,27.909,0.001,926.24,3.264,1
92.704414,23.015444,679.452,18.006,254.651,405.06,10,0.125,5.677,0.001,876.07,0.62,1
93.154137,23.785944,706.08,31.643,97.774,394.687,10,0.135,17.522,0.001,904.191,2.141,1
92.770557,23.417482,1203.602,32.639,278.639,549.853,10,0.128,15.444,0.001,797.4,1.593,1
93.378258,23.747111,1400.223,33.799,322.006,607.211,10,0.127,21.215,0.001,763.101,2.058,1
92.840324,22.771872,636.479,32.272,245.196,614.004,50,0.125,11.552,0.01,926.24,13.351,1
92.674472,23.7335,825.989,29.565,148.115,576.051,10,0.128,13.757,0.001,876.07,1.546,1
92.556417,23.718194,877.321,26.409,121.667,303.605,10,0.125,22.774,0.001,780.84,2.228,1
93.315107,23.467005,1388.336,15.898,75.576,244.774,10,0.13,6.401,0.001,817.91,0.68,1
92.564045,23.802567,852.358,25.092,22.358,434.697,10,0.125,8.563,0.001,793.846,0.854,1
92.730472,23.744167,813.658,29.78,205.69,182.163,30,0.126,10.515,0.05,876.07,57.806,1
92.979797,23.176575,1115.005,26.424,229.087,824.779,30,0.129,14.147,0.05,926.24,84.518,1
93.041426,23.695088,739.972,32.196,234.756,537.133,10,0.131,15.202,0.001,929.52,1.881,1
93.13,22.2,1133.277,34.933,140.508,212.524,10,0.128,16.694,0.001,926.24,1.969,1
92.47,22.88,87.099,16.286,328.087,580.037,10,0.128,6.6,0.001,770.29,0.654,1
93.061638,24.048695,1103.927,41.773,204.106,547.332,10,0.13,23.903,0.001,929.52,2.891,1
92.68,22.34,189.46,28.925,299.523,583.207,10,0.126,15.765,0.001,876.07,1.733,1
93.208611,23.870445,1068.947,44.668,328.69,706.168,10,0.133,31.445,0.001,893.33,3.718,1
92.679028,23.743694,928.488,26.427,131.352,559.821,10,0.127,12.031,0.001,876.07,1.344,1
92.805884,24.225579,585.479,33.179,180.892,766.265,10,0.128,25.979,0.001,797.4,2.648,1
92.877639,23.882583,879.565,30.93,48.589,774.045,10,0.136,17.061,0.001,952.85,2.223,1
92.687469,23.13114,913.46,25.319,29.111,815.789,10,0.126,17.726,0.001,876.07,1.948,1
92.817093,22.873062,893.022,35.802,339.525,500.719,10,0.124,17.164,0.001,926.24,1.975,1
92.72,22.69,469.548,11.608,325.539,384.034,10,0.123,6.184,0.001,876.07,0.67,1
93.33925,23.431639,1291.728,31.871,69.568,463.434,30,0.132,28.463,0.05,817.91,152.799,1
92.696714,23.299407,358.148,29.825,221.77,91.082,10,0.129,16.347,0.05,876.07,92.365,1
92.944562,24.194015,536.913,34.945,152.068,602.64,10,0.131,19.641,0.001,1008.45,2.602,1
92.792755,22.841097,1174.578,25.841,247.444,316.973,30,0.124,11.709,0.05,797.4,57.759,1
92.816559,22.804358,822.539,24.554,321.029,0.0,10,0.122,20.848,0.001,926.24,2.372,1
92.707482,23.306654,433.323,38.484,180.346,182.163,10,0.128,26.836,0.001,876.07,3.013,1
93.115972,23.383778,1167.756,36.968,263.462,151.803,10,0.127,17.792,0.001,926.24,2.092,1
93.273139,23.46925,994.352,30.619,248.329,85.873,10,0.13,10.865,0.001,926.24,1.295,1
92.838905,22.751808,582.55,24.326,269.055,759.62,50,0.127,8.245,0.05,926.24,48.281,1
92.934998,22.369862,421.197,37.649,301.079,67.888,10,0.125,18.157,0.001,926.24,2.111,1
92.736,23.727694,720.401,23.699,232.84,30.361,10,0.127,7.986,0.001,876.07,0.892,1
92.876999,22.534,564.435,29.622,332.276,96.008,10,0.124,10.449,0.001,926.24,1.192,1
93.260137,23.454924,774.847,21.521,174.587,30.361,10,0.128,9.357,0.001,926.24,1.106,1
92.951214,24.218066,599.197,21.705,155.233,692.327,10,0.13,7.167,0.001,1008.45,0.944,1
93.232864,24.039833,946.521,38.225,183.239,734.951,10,0.127,26.637,0.05,893.33,151.31,1
92.702461,23.05479,903.476,9.229,85.087,656.799,10,0.123,2.419,0.001,876.07,0.259,1
92.850991,23.276999,743.044,22.618,115.424,250.359,10,0.128,7.541,0.001,952.85,0.919,1
92.923164,23.227602,503.507,31.876,42.889,231.219,10,0.128,15.027,0.05,926.24,89.413,1
93.360333,23.510275,1313.798,40.063,77.525,237.123,10,0.128,28.038,0.001,817.91,2.935,1
92.79944,22.84553,1304.122,5.81,34.099,303.605,10,0.121,1.33,0.001,926.24,0.149,1
93.09,22.28,1231.489,26.74,268.012,326.993,10,0.123,23.118,0.001,926.24,2.638,1
92.917333,23.859417,1265.052,20.377,275.312,399.331,10,0.132,16.566,0.001,816.602,1.757,1
93.340556,23.296,1159.701,5.094,204.824,0.0,10,0.131,2.803,0.001,817.91,0.3,1
92.67,22.66,480.02,11.644,210.219,631.762,10,0.121,3.261,0.001,876.07,0.347,1
93.357889,23.339889,791.652,18.742,45.207,364.326,10,0.132,14.923,0.001,817.91,1.612,1
93.312845,23.473662,1512.7,24.801,168.763,638.294,30,0.129,13.1,0.05,817.91,69.132,1
92.75,22.34,425.697,18.38,54.143,244.774,10,0.126,7.686,0.001,926.24,0.894,1
93.08,22.29,952.762,19.793,212.754,85.873,10,0.123,15.977,0.001,926.24,1.816,1
92.80519,22.83528,1220.589,31.342,248.932,422.873,10,0.124,27.914,0.001,926.24,3.169,1
92.774277,24.040703,942.463,12.304,260.508,766.265,10,0.126,3.5,0.001,797.4,0.354,1
93.330175,23.301117,1271.273,28.059,65.299,67.888,10,0.125,9.797,0.001,817.91,1.004,1
92.35,23.69,450.816,33.893,219.37,380.416,10,0.126,30.558,0.001,745.22,2.882,1
92.754616,22.91312,1181.211,38.045,233.892,716.534,10,0.12,18.368,0.001,797.4,1.772,1
93.002747,23.068354,977.492,41.882,224.582,386.427,30,0.127,29.403,0.001,926.24,3.459,1
92.913002,22.615999,1196.942,17.546,282.287,244.774,10,0.122,12.624,0.001,926.24,1.43,1
92.944511,22.844894,1309.203,31.4,343.335,775.829,10,0.124,17.365,0.001,926.24,1.997,1
93.282333,23.151444,1437.799,34.381,165.989,455.408,30,0.125,25.442,0.05,817.91,130.036,1
92.672097,23.790132,365.702,30.321,71.691,184.676,10,0.136,10.741,0.001,814.212,1.186,1
92.554054,23.246555,1026.039,31.18,132.541,300.554,10,0.125,14.644,0.001,780.84,1.428,1
92.992996,22.513,938.714,51.412,196.742,543.106,30,0.123,38.824,0.05,926.24,221.879,1
92.62,22.23,162.243,16.306,104.315,184.676,10,0.127,12.523,0.001,867.28,1.381,1
93.209908,23.884083,1186.662,24.674,211.268,754.14,10,0.135,8.389,0.001,893.33,1.01,1
93.012863,23.461248,1453.237,10.845,149.29,710.722,10,0.126,2.977,0.001,926.24,0.348,1
93.029892,23.792555,550.228,34.441,38.947,214.681,30,0.136,23.7,0.001,968.086,3.103,1
92.720114,23.744303,1154.258,24.004,355.598,787.62,50,0.224,8.112,0.01,876.07,11.873,1
92.83233,22.90175,741.428,30.792,307.452,408.459,10,0.124,19.043,0.001,926.24,2.186,1
92.769158,24.025094,869.272,19.041,226.425,682.268,10,0.129,8.035,0.001,797.4,0.829,1
92.977722,23.610611,1376.694,24.265,27.098,604.929,10,0.127,8.22,0.001,1008.45,1.052,1
92.69,22.43,562.272,27.914,217.042,322.737,10,0.122,19.938,0.001,876.07,2.129,1
92.857178,23.286001,849.003,36.149,151.241,437.866,10,0.127,17.352,0.001,952.85,2.091,1
92.681538,24.238745,555.418,16.63,95.364,570.423,30,0.126,12.838,0.001,761.69,1.233,1
92.945999,22.434999,324.866,23.585,309.948,121.442,10,0.125,7.939,0.001,926.24,0.921,1
93.222809,23.866138,1172.533,29.314,321.476,384.034,10,0.129,13.619,0.001,893.33,1.557,1
92.613693,23.145,816.805,33.834,150.56,833.672,10,0.123,12.199,0.001,867.28,1.305,1
92.868828,22.899906,377.532,43.407,51.291,96.008,10,0.126,21.161,0.001,926.24,2.466,1
92.37,24.1,104.102,22.678,261.829,30.361,10,0.126,9.983,0.001,814.07,1.025,1
92.65,22.33,129.83,6.118,331.884,244.774,10,0.13,1.422,0.001,867.28,0.16,1
92.577806,23.562444,974.91,28.483,194.331,719.743,10,0.129,13.161,0.001,867.28,1.465,1
92.721306,22.899078,773.894,25.92,68.541,668.622,10,0.122,11.752,0.001,876.07,1.253,1
92.727694,23.716278,824.921,24.157,30.367,214.681,50,0.134,20.437,0.01,876.07,24.011,1
92.75,22.43,540.551,38.204,25.428,218.933,10,0.123,24.348,0.001,926.24,2.782,1
93.333333,23.419417,1311.616,11.52,36.901,607.211,50,0.13,3.217,0.01,817.91,3.428,1
92.886002,22.51,705.68,21.231,221.934,502.556,30,0.126,17.433,0.001,926.24,2.034,1
93.263247,23.45835,829.959,40.491,259.019,151.803,30,0.128,30.507,0.05,926.24,181.466,1
93.15889,23.800556,449.563,32.872,327.747,85.873,10,0.136,15.572,0.001,875.128,1.858,1
93.238556,23.476694,925.913,42.303,50.887,171.745,10,0.129,20.597,0.001,926.24,2.454,1
92.802452,24.215868,688.992,18.134,292.289,897.05,10,0.129,5.727,0.001,797.4,0.589,1
92.951257,24.184022,438.473,26.681,252.615,85.873,10,0.133,14.313,0.001,1008.45,1.903,1
92.37,23.95,772.165,19.696,278.418,817.483,10,0.127,9.857,0.001,814.07,1.016,1
93.222581,23.439142,1614.187,24.661,31.845,194.402,10,0.127,8.384,0.001,926.24,0.988,1
92.902039,22.873812,661.106,23.684,300.338,322.737,10,0.125,19.949,0.001,926.24,2.308,1
93.203804,23.860361,951.464,24.246,211.466,531.093,10,0.135,12.744,0.001,893.33,1.521,1
92.82,24.38,213.268,22.403,331.897,231.219,10,0.131,14.187,0.001,797.4,1.482,1
92.661222,23.817333,118.494,19.183,25.943,30.361,10,0.133,6.146,0.001,872.473,0.712,1
93.200974,23.08964,1019.791,34.437,215.037,518.801,30,0.129,25.489,0.05,926.24,152.897,1
93.274236,23.485194,1146.12,34.95,311.169,794.611,10,0.13,19.645,0.001,926.24,2.362,1
92.775169,24.045278,946.856,25.485,276.949,817.483,30,0.127,11.514,0.001,797.4,1.168,1
92.840388,23.277886,653.473,29.386,215.535,370.598,10,0.129,25.876,0.001,952.85,3.167,1
92.856169,23.297759,969.711,26.508,124.298,421.782,10,0.127,12.075,0.01,952.85,14.711,1
92.959917,23.811722,1328.647,43.73,144.037,519.689,10,0.126,25.079,0.001,978.031,3.074,1
92.8546,23.498802,893.332,33.358,357.004,257.618,10,0.132,15.837,0.001,952.85,2.003,1
92.599111,23.598139,1011.73,23.9,118.259,746.771,10,0.126,8.069,0.001,867.28,0.885,1
93.068776,23.646848,884.591,38.497,43.417,557.345,10,0.131,18.608,0.001,929.52,2.25,1
92.98,22.19,969.423,46.538,51.083,60.721,10,0.127,17.219,0.001,926.24,2.02,1
92.681442,23.202129,1008.431,35.263,56.633,775.829,10,0.125,24.342,0.001,876.07,2.657,1
92.916556,23.83675,1131.84,24.442,203.637,85.873,10,0.128,8.293,0.001,927.519,0.998,1
92.857654,23.281103,770.073,30.476,138.814,309.618,30,0.131,14.258,0.001,952.85,1.767,1
92.815781,22.852823,1153.37,19.02,176.6,408.459,10,0.122,10.587,0.001,926.24,1.192,1
92.877998,22.482,626.383,15.454,243.783,375.539,10,0.124,4.68,0.001,926.24,0.536,1
92.955406,24.242764,674.418,16.358,239.99,485.769,10,0.129,6.637,0.001,1008.45,0.865,1
93.382376,23.541929,1564.152,36.934,199.13,749.85,50,0.127,23.453,0.01,730.42,21.862,1
92.71097,22.86428,627.372,21.66,279.841,857.114,10,0.124,9.433,0.001,876.07,1.025,1
93.118858,23.936333,1510.11,36.594,326.757,816.919,10,0.128,33.328,0.001,850.2,3.61,1
92.614983,22.790684,381.583,23.851,316.85,759.013,10,0.122,10.621,0.001,867.28,1.124,1
93.094276,23.872055,577.184,32.918,122.502,30.361,10,0.137,20.58,0.001,929.52,2.632,1
92.951981,22.842268,1205.322,19.238,105.389,749.85,10,0.125,13.433,0.001,926.24,1.56,1
92.95,24.29,958.594,18.403,286.553,886.715,10,0.13,5.834,0.001,1008.45,0.764,1
92.601667,23.587111,937.41,46.418,229.008,649.744,10,0.128,26.653,0.001,867.28,2.957,1
92.754234,22.867477,1101.464,43.984,251.035,708.774,30,0.119,30.95,0.05,797.4,148.686,1
93.337222,23.26125,1354.829,30.845,102.999,171.745,10,0.129,27.396,0.001,817.91,2.865,1
93.293333,23.270139,1294.926,35.787,305.192,299.017,10,0.127,22.638,0.001,817.91,2.346,1
92.826983,23.819269,434.573,30.326,91.18,91.082,10,0.134,23.397,0.001,853.437,2.683,1
92.46,24.12,126.111,7.466,306.761,724.212,10,0.127,1.84,0.001,761.69,0.178,1
92.96,24.26,708.868,25.761,275.189,803.838,30,0.131,15.392,0.05,1008.45,101.421,1
93.180832,23.908806,1006.61,31.028,217.478,674.113,30,0.13,22.596,0.05,850.2,125.069,1
92.849403,23.088615,806.892,29.861,152.354,708.774,10,0.124,13.919,0.001,952.85,1.646,1
92.991173,22.796106,1177.471,46.243,332.016,121.442,10,0.123,32.571,0.001,926.24,3.732,1
92.797605,24.162021,753.529,27.582,328.02,899.103,10,0.126,12.666,0.001,797.4,1.275,1
92.681946,23.201111,1050.675,40.501,40.439,796.928,10,0.125,25.946,0.001,876.07,2.839,1
92.870552,22.579611,973.79,40.365,258.934,706.168,30,0.123,25.852,0.05,926.24,147.759,1
92.776726,22.866318,1177.15,30.206,198.22,704.207,10,0.121,16.594,0.001,797.4,1.601,1
93.379051,23.540457,1581.094,31.851,121.774,670.686,10,0.127,15.013,0.05,730.42,69.701,1
92.91857,24.069401,746.885,26.819,67.327,463.434,10,0.133,12.246,0.001,952.85,1.539,1
92.867996,22.52,688.326,33.647,28.937,625.899,10,0.123,12.122,0.001,926.24,1.378,1
92.916,22.615,1283.258,9.374,99.572,540.554,50,0.123,2.468,0.01,926.24,2.814,1
93.071945,23.840334,687.056,29.255,70.114,60.721,10,0.142,13.586,0.001,858.703,1.661,1
92.833861,23.810083,530.768,36.105,128.653,734.323,10,0.136,20.379,0.001,819.77,2.272,1
92.6,22.24,195.135,20.245,305.763,128.809,10,0.125,6.573,0.001,867.28,0.711,1
92.90062,23.195522,859.191,32.033,138.272,780.567,10,0.128,17.774,0.001,926.24,2.097,1
92.962997,22.455999,646.124,25.362,337.198,328.399,50,0.124,19.929,0.01,926.24,22.855,1
92.804405,22.821659,1034.933,38.358,223.405,322.737,30,0.124,24.456,0.05,926.24,140.408,1
92.595583,23.688389,1121.096,28.994,274.682,672.059,10,0.126,15.809,0.001,867.28,1.724,1
93.09,22.25,1486.628,40.682,22.742,494.234,10,0.123,34.401,0.001,926.24,3.916,1
92.853099,23.318805,832.232,19.949,267.259,154.809,30,0.129,12.286,0.05,952.85,75.42,1
92.850583,23.608306,1106.476,37.747,231.614,451.342,10,0.132,18.209,0.001,952.85,2.292,1
92.916832,23.228361,562.75,31.726,346.322,85.873,10,0.129,28.313,0.001,926.24,3.378,1
92.641325,24.170329,127.448,12.917,303.74,459.438,10,0.129,4.915,0.001,761.69,0.481,1
92.78,24.37,43.787,5.046,79.757,42.936,10,0.128,1.108,0.001,797.4,0.113,1
93.084222,23.602395,1166.267,38.76,128.52,693.657,30,0.13,22.048,0.05,926.24,133.135,1
92.88,22.11,371.77,28.546,359.853,547.332,10,0.127,15.52,0.001,926.24,1.834,1
92.888859,24.024826,1192.075,20.982,88.431,780.567,10,0.128,6.872,0.001,952.85,0.84,1
92.969556,23.665806,1096.972,27.027,8.225,546.49,10,0.132,14.537,0.001,1008.45,1.958,1
92.811355,24.10246,741.609,39.69,83.39,744.298,30,0.128,19.238,0.05,797.4,98.098,1
93.218843,23.378571,728.473,45.897,145.487,214.681,10,0.131,26.352,0.001,926.24,3.198,1
92.866778,23.88375,715.957,27.084,9.268,286.421,10,0.133,12.392,0.001,952.85,1.568,1
92.69,22.24,260.164,24.818,283.048,182.163,10,0.125,14.71,0.001,926.24,1.71,1
92.75831,22.86003,879.568,12.8,97.679,335.343,10,0.12,4.858,0.001,797.4,0.468,1
92.68,22.24,191.445,14.101,152.3,151.803,10,0.123,5.497,0.001,926.24,0.63,1
93.066307,24.043417,927.826,33.547,68.517,456.419,30,0.133,12.08,0.05,929.52,75.523,1
92.52,22.74,73.228,9.224,70.347,242.884,10,0.128,2.417,0.001,780.84,0.242,1
92.77,24.34,79.572,12.22,301.877,125.18,10,0.131,3.47,0.001,797.4,0.362,1
92.741186,23.30028,718.382,39.346,346.289,388.805,10,0.126,25.147,0.001,876.07,2.78,1
92.869602,23.279612,966.611,28.616,230.542,700.927,10,0.125,13.235,0.001,952.85,1.586,1
92.936401,23.223957,366.54,34.32,208.286,67.888,10,0.129,21.589,0.001,926.24,2.576,1
92.64,22.62,82.143,0.442,315.802,192.017,10,0.126,0.047,0.001,867.28,0.005,1
92.616661,23.135416,675.542,31.787,166.135,480.042,10,0.124,21.608,0.001,867.28,2.322,1
93.239194,23.473778,913.273,40.637,343.811,42.936,10,0.128,37.389,0.001,926.24,4.447,1
92.75194,23.73436,893.742,32.466,43.68,638.294,50,0.132,22.145,0.01,797.4,24.777,1
93.078529,23.87075,709.481,35.225,249.59,656.799,30,0.136,27.816,0.05,929.52,174.877,1
92.73,22.48,777.888,8.046,68.926,271.553,10,0.122,2.026,0.001,926.24,0.229,1
92.882734,23.260038,875.191,36.457,250.088,841.924,10,0.128,33.189,0.001,952.85,4.05,1
93.2446,23.388585,700.214,48.101,122.597,109.466,30,0.129,27.61,0.05,926.24,165.299,1
92.731268,23.308202,554.905,23.73,130.996,214.681,30,0.128,7.999,0.001,876.07,0.899,1
92.922556,23.902111,1131.632,11.991,180.423,819.735,50,0.134,8.466,0.01,1008.45,11.438,1
92.551819,23.135889,428.38,9.262,40.669,395.853,10,0.125,2.43,0.001,780.84,0.239,1
92.645028,23.618083,818.756,34.286,5.847,682.268,10,0.129,16.343,0.001,867.28,1.827,1
92.540611,23.209055,678.138,35.297,30.837,425.048,10,0.121,16.892,0.001,780.84,1.597,1
92.538361,23.20875,725.263,35.701,1.029,426.13,10,0.122,17.11,0.001,780.84,1.625,1
92.725278,23.787414,1242.502,34.004,239.531,774.045,30,0.13,12.269,0.05,826.979,65.636,1
93.245804,23.881056,1489.058,34.173,227.121,801.541,30,0.127,16.281,0.05,893.33,92.365,1
92.64373,23.133568,169.723,22.111,236.073,30.361,10,0.128,18.331,0.001,867.28,2.04,1
92.886002,22.507,682.899,37.187,316.026,244.774,10,0.126,17.909,0.001,926.24,2.083,1
92.874725,22.656334,907.788,30.671,37.289,577.649,10,0.125,14.365,0.001,926.24,1.653,1
93.01,22.49,1171.082,34.307,129.047,259.401,10,0.121,16.354,0.001,926.24,1.833,1
92.570639,23.695083,950.345,34.059,310.487,833.672,10,0.127,23.4,0.001,867.28,2.59,1
93.381271,23.394732,1088.822,16.369,61.551,365.589,10,0.129,12.584,0.001,730.42,1.189,1
93.368299,23.135405,689.029,25.193,132.619,346.163,30,0.124,14.981,0.05,817.91,76.106,1
92.904846,23.243479,698.381,35.463,208.111,286.421,10,0.128,32.172,0.001,926.24,3.823,1
92.889,22.503,861.975,29.452,250.298,388.805,30,0.122,10.379,0.05,926.24,58.904,1
92.868857,23.281521,964.156,38.686,218.108,625.899,10,0.125,24.686,0.001,952.85,2.956,1
93.0,22.16,771.394,13.373,205.781,0.0,30,0.126,9.733,0.05,926.24,56.538,1
92.933611,23.94325,1267.085,28.62,218.193,698.952,50,0.129,13.237,0.01,1008.45,17.289,1
93.353859,23.870445,994.849,30.689,42.289,640.456,30,0.13,16.906,0.05,796.04,87.169,1
93.194336,24.023916,1271.538,45.8,165.077,693.657,30,0.127,32.257,0.001,893.33,3.675,1
92.7,22.71,165.916,5.564,139.657,182.163,10,0.125,3.144,0.001,876.07,0.346,1
92.76,24.48,115.83,16.274,337.128,475.218,10,0.128,4.997,0.001,761.69,0.486,1
92.74,24.34,139.945,21.106,10.294,91.082,10,0.128,6.923,0.001,761.69,0.676,1
92.857861,23.885639,706.352,36.675,129.904,704.207,10,0.134,17.635,0.001,952.85,2.257,1
93.190913,23.701047,1132.03,53.003,132.72,589.495,30,0.127,25.729,0.05,926.24,152.265,1
92.981087,22.78916,1114.566,27.316,42.157,96.008,10,0.126,12.519,0.001,926.24,1.455,1
93.11,22.39,1341.199,18.137,62.274,42.936,10,0.123,14.321,0.001,926.24,1.632,1
92.854306,23.716025,853.838,24.162,236.482,682.268,50,0.133,8.177,0.01,952.85,10.363,1
92.757401,22.903807,1139.785,30.304,241.905,924.876,30,0.12,20.433,0.05,797.4,100.805,1
93.120444,23.370167,1396.043,19.695,74.583,221.028,10,0.126,8.381,0.01,926.24,9.827,1
92.993923,24.197817,251.649,31.597,105.164,322.737,10,0.136,28.179,0.001,1008.45,3.845,1
92.679635,23.750676,841.859,16.679,6.694,502.556,10,0.128,5.154,0.001,876.07,0.579,1
92.818801,23.477601,1022.702,35.635,274.424,714.602,10,0.129,12.94,0.001,797.4,1.333,1
92.918457,24.069728,757.229,13.286,78.505,475.218,10,0.133,3.861,0.001,952.85,0.486,1
92.861917,23.883306,716.252,18.903,186.338,485.769,30,0.134,6.034,0.001,952.85,0.77,1
92.932389,23.654361,843.862,15.836,211.686,778.202,10,0.133,4.827,0.001,1008.45,0.647,1
93.094558,23.742754,1218.374,35.672,183.295,259.401,30,0.129,20.104,0.05,929.52,121.45,1
93.028969,23.961,957.194,28.898,101.041,194.402,10,0.133,24.438,0.001,929.52,3.028,1
93.283077,23.151417,1438.693,28.593,217.227,407.329,10,0.125,15.55,0.001,817.91,1.591,1
92.871814,23.435405,760.792,30.201,241.723,221.028,30,0.131,10.691,0.05,952.85,66.474,1
92.69,22.19,221.162,8.694,47.683,109.466,10,0.124,2.24,0.001,926.24,0.258,1
92.925222,23.92425,1115.415,31.795,113.13,721.662,30,0.136,14.982,0.05,1008.45,103.161,1
93.168278,23.425583,981.087,24.66,9.155,399.331,10,0.137,13.01,0.001,926.24,1.647,1
92.947998,22.427999,266.218,30.161,352.329,30.361,10,0.124,14.084,0.001,926.24,1.615,1
92.854748,23.320815,954.936,32.619,282.099,370.598,10,0.129,15.433,0.01,952.85,18.878,1
92.642417,23.798861,133.293,10.495,60.986,30.361,10,0.133,2.854,0.001,810.809,0.309,1
93.02,22.41,1262.688,19.593,93.546,567.182,10,0.122,8.327,0.001,926.24,0.941,1
93.066302,23.6377,872.412,18.332,127.414,394.687,10,0.131,5.806,0.001,926.24,0.705,1
92.560444,23.712611,975.231,23.604,44.973,408.459,10,0.126,15.128,0.001,780.84,1.488,1
92.62,22.25,223.409,13.998,43.556,494.234,10,0.127,4.127,0.001,867.28,0.453,1
93.315313,23.075896,1115.359,36.09,74.691,85.873,10,0.127,17.32,0.05,817.91,90.049,1
93.053261,23.708377,1000.067,36.572,235.784,622.946,30,0.135,20.675,0.001,929.52,2.59,1
93.190277,23.84461,759.597,33.756,32.739,192.017,10,0.13,30.416,0.001,744.623,2.929,1
92.606156,23.487102,882.765,26.187,89.871,902.684,30,0.129,11.899,0.001,867.28,1.332,1
93.040916,23.797361,555.302,34.694,325.399,109.466,10,0.134,16.565,0.001,984.244,2.181,1
93.248192,24.023861,585.576,25.942,132.571,537.133,10,0.134,15.523,0.001,893.33,1.853,1
93.285718,23.320197,1281.585,30.6,93.018,682.268,30,0.128,16.848,0.05,817.91,87.925,1
93.223889,23.445083,1503.4,33.323,253.715,194.402,10,0.127,15.818,0.001,926.24,1.85,1
92.8,24.4,103.04,11.995,345.251,364.326,10,0.131,5.258,0.001,797.4,0.547,1
92.86293,23.309091,1037.888,36.303,320.647,778.202,10,0.13,17.434,0.001,952.85,2.158,1
93.19007,23.705705,1104.057,30.219,40.698,273.245,10,0.128,21.906,0.001,926.24,2.607,1
93.28563,23.150924,1430.77,29.409,228.623,250.359,10,0.125,18.039,0.001,817.91,1.851,1
92.920555,23.018612,795.369,35.584,90.196,580.037,10,0.125,20.049,0.001,926.24,2.317,1
92.923472,23.918389,1115.032,26.943,317.44,643.328,10,0.134,12.314,0.001,1008.45,1.669,1
93.386887,23.78775,1311.647,25.711,356.679,429.363,10,0.129,15.356,0.001,741.853,1.472,1
92.695667,23.720417,912.59,35.04,322.478,343.49,10,0.13,16.752,0.001,876.07,1.903,1
92.588608,23.214001,595.616,23.838,308.226,395.853,10,0.124,8.043,0.001,867.28,0.863,1
92.71,22.66,257.98,19.69,237.348,85.873,10,0.126,8.378,0.001,876.07,0.923,1
92.964996,22.399,146.743,17.137,331.357,30.361,10,0.126,5.334,0.001,926.24,0.618,1
92.646222,23.857278,154.863,39.615,95.294,135.776,10,0.136,27.698,0.001,789.838,2.976,1
92.752235,23.097061,751.082,17.203,205.977,789.374,30,0.125,5.36,0.001,797.4,0.535,1
93.014893,23.972027,744.773,29.458,272.628,300.554,10,0.139,18.074,0.001,929.52,2.334,1
92.841003,22.691999,894.481,34.867,249.219,746.771,10,0.124,12.625,0.001,926.24,1.447,1
92.929916,22.968073,663.062,26.114,40.631,490.49,30,0.126,22.468,0.001,926.24,2.64,1
92.836403,22.955112,841.322,33.577,284.088,653.986,10,0.124,12.093,0.001,926.24,1.386,1
92.950996,22.405001,179.815,34.663,263.872,135.776,10,0.126,19.461,0.001,926.24,2.265,1
92.768333,22.309944,246.819,16.59,271.66,60.721,10,0.128,6.756,0.001,926.24,0.801,1
92.941025,22.902401,432.162,48.942,328.668,288.025,10,0.131,23.876,0.001,926.24,2.894,1
92.949911,24.182783,447.83,29.349,100.141,30.361,10,0.13,13.638,0.001,1008.45,1.798,1
93.102938,23.57348,668.792,29.906,118.468,194.402,30,0.127,20.118,0.05,926.24,119.068,1
93.280568,23.058,1404.942,35.743,266.737,42.936,10,0.127,24.717,0.001,926.24,2.912,1
92.64,22.61,78.607,1.656,217.214,109.466,10,0.125,0.261,0.001,867.28,0.028,1
93.225889,23.474056,1020.1,27.153,20.349,135.776,10,0.127,23.549,0.001,926.24,2.774,1
92.857002,22.538,907.486,34.591,73.655,645.474,10,0.122,19.416,0.001,926.24,2.193,1
92.682781,23.971078,320.085,27.326,140.755,42.936,50,0.127,16.526,0.001,876.07,1.85,1
92.71631,23.70272,1092.003,37.046,261.668,817.483,10,0.131,20.974,0.001,876.07,2.402,1
92.683868,23.973684,332.655,18.791,137.575,109.466,10,0.127,9.294,0.001,876.07,1.038,1
93.167306,23.424417,1043.255,29.131,336.781,489.549,10,0.137,13.518,0.001,926.24,1.704,1
92.859617,23.680931,1049.078,6.363,32.565,855.499,10,0.135,1.496,0.001,952.85,0.192,1
93.246333,23.471889,888.113,33.474,46.495,192.017,10,0.13,20.981,0.001,926.24,2.521,1
92.96,24.29,826.893,42.836,66.255,231.219,10,0.128,20.87,0.001,1008.45,2.698,1
92.919952,23.022125,784.432,13.813,207.103,422.873,10,0.127,5.354,0.01,926.24,6.251,1
92.794724,23.183332,955.804,29.509,243.76,494.234,10,0.124,10.402,0.001,797.4,1.028,1
93.028012,23.657,509.866,38.811,96.19,67.888,30,0.132,18.774,0.05,929.52,115.703,1
93.041084,23.956528,1061.507,26.062,264.164,517.021,50,0.133,11.83,0.001,929.52,1.457,1
93.285548,23.660361,1395.254,29.059,277.805,244.774,10,0.128,22.246,0.001,817.91,2.319,1
93.076691,23.848083,678.439,30.645,248.13,42.936,10,0.138,27.188,0.001,770.631,2.893,1
92.89,24.36,108.251,24.928,108.788,203.665,10,0.132,8.494,0.001,952.85,1.066,1
92.57457,23.204981,806.443,46.23,63.286,633.947,10,0.121,26.544,0.001,867.28,2.786,1
92.738541,22.962877,770.397,34.054,219.41,625.899,30,0.123,19.072,0.001,876.07,2.06,1
92.992094,24.199185,262.964,39.184,9.24,288.025,10,0.135,25.033,0.001,1008.45,3.411,1
92.601222,23.683417,1092.48,33.436,195.287,194.402,10,0.122,22.909,0.001,867.28,2.422,1
93.275647,23.059264,1392.993,27.882,3.07,214.681,10,0.126,18.511,0.001,926.24,2.174,1
93.213531,23.942722,1043.385,28.522,254.763,783.514,10,0.132,15.504,0.001,893.33,1.81,1
92.601278,23.587361,903.645,46.195,241.434,640.456,10,0.128,17.092,0.001,867.28,1.898,1
92.794306,23.353803,1373.282,24.036,11.568,964.873,10,0.124,10.721,0.001,797.4,1.065,1
92.876999,22.469,638.049,31.61,279.88,151.803,30,0.123,14.88,0.05,926.24,85.181,1
92.699997,23.056612,895.829,11.34,359.32,692.992,10,0.122,3.153,0.001,876.07,0.338,1
92.992877,24.193061,242.43,32.72,345.708,192.017,10,0.135,11.738,0.001,1008.45,1.581,1
93.14,22.32,1538.177,18.839,75.312,395.853,30,0.121,9.324,0.15,926.24,157.103,1
92.925342,24.061004,828.408,42.566,13.443,643.328,10,0.136,20.732,0.001,1008.45,2.831,1
92.924018,24.014332,1103.397,34.153,329.614,300.554,10,0.13,16.27,0.001,1008.45,2.139,1
93.087476,23.606539,1122.34,36.658,154.331,751.078,10,0.131,17.626,0.001,926.24,2.144,1
93.247528,23.883944,1448.927,25.382,354.98,559.821,10,0.127,16.53,0.001,893.33,1.874,1
92.874083,23.872722,934.141,21.249,336.205,714.602,10,0.14,9.211,0.001,752.721,0.963,1
92.64,22.41,87.909,1.218,244.167,85.873,10,0.127,0.437,0.001,867.28,0.048,1
93.042191,23.617227,700.098,30.499,135.088,346.163,10,0.135,14.27,0.001,929.52,1.792,1
92.693264,23.470198,383.717,26.494,283.123,429.363,10,0.134,14.192,0.001,876.07,1.656,1
92.855003,22.66,967.273,29.998,148.654,339.441,10,0.123,16.459,0.001,926.24,1.877,1
92.990194,23.6445,1244.084,22.073,143.325,820.297,10,0.13,16.811,0.001,1008.45,2.217,1
93.102493,23.586582,623.84,23.857,291.689,30.361,10,0.129,20.128,0.001,926.24,2.412,1
92.556028,23.7155,900.369,25.99,130.805,184.676,10,0.125,11.791,0.001,780.84,1.152,1
92.694833,23.717222,840.665,31.559,113.709,380.416,10,0.13,21.428,0.001,876.07,2.443,1
93.377281,23.753222,1382.758,32.835,262.864,471.322,10,0.128,22.436,0.001,761.984,2.203,1
92.879997,22.517,721.699,42.233,315.591,437.866,10,0.124,24.181,0.001,926.24,2.765,1
93.368506,23.135434,679.931,21.769,131.211,339.441,30,0.124,9.491,0.05,817.91,48.186,1
93.313017,23.467715,1365.913,18.876,135.97,354.062,10,0.13,7.947,0.001,817.91,0.845,1
92.69,22.46,1004.971,37.66,306.906,610.239,10,0.123,23.965,0.001,876.07,2.58,1
92.694008,23.29659,337.391,32.9,76.711,85.873,10,0.129,15.587,0.001,876.07,1.767,1
92.855821,23.459786,1058.307,28.155,83.269,663.084,50,0.128,12.981,0.001,952.85,1.597,1
93.156387,23.791277,664.788,32.311,104.346,355.361,10,0.137,15.265,0.001,893.347,1.864,1
93.294554,23.30622,1463.495,33.717,73.654,497.95,10,0.127,12.151,0.001,817.91,1.259,1
92.71,24.34,171.683,23.967,234.87,365.589,10,0.126,14.097,0.001,761.69,1.362,1
92.87944,22.568556,1000.478,41.308,290.536,518.801,10,0.122,31.166,0.001,926.24,3.537,1
92.941421,24.240415,579.95,31.708,315.596,365.589,10,0.128,14.934,0.001,1008.45,1.929,1
93.16378,23.798611,603.445,35.134,105.339,364.326,10,0.14,26.076,0.001,873.987,3.175,1
93.015587,23.900694,1075.344,26.294,296.468,328.399,10,0.137,22.654,0.001,929.52,2.874,1
92.813881,22.795282,786.368,21.912,155.787,638.294,10,0.126,12.625,0.001,926.24,1.473,1
92.68,22.54,543.266,25.153,14.74,151.803,10,0.123,11.332,0.001,876.07,1.227,1
93.234642,23.881639,1263.844,30.743,233.78,554.028,10,0.131,14.405,0.001,893.33,1.682,1
92.673778,24.021514,664.991,45.064,50.811,577.649,10,0.127,21.994,0.001,876.07,2.453,1
92.858002,22.385,422.255,28.707,275.104,85.873,10,0.125,13.285,0.01,926.24,15.353,1
93.286924,23.657018,1472.998,29.814,248.192,312.581,10,0.128,26.323,0.001,817.91,2.75,1
93.028404,23.685602,484.07,38.554,337.594,257.618,10,0.135,21.92,0.001,929.52,2.764,1
93.066154,23.322151,1200.412,36.33,138.485,751.692,30,0.131,23.024,0.05,926.24,139.015,1
93.1185,23.37492,1515.89,19.212,176.82,741.195,30,0.126,9.555,0.001,926.24,1.116,1
92.688639,23.716333,614.55,15.792,237.633,714.602,10,0.128,12.025,0.001,876.07,1.358,1
92.774925,22.866833,1171.084,33.126,198.471,806.7,10,0.121,15.711,0.001,797.4,1.514,1
93.299909,23.361979,1191.063,35.498,102.871,431.504,10,0.129,19.993,0.001,817.91,2.104,1
93.016335,23.969223,783.492,27.959,195.889,279.91,10,0.137,16.986,0.001,929.52,2.168,1
92.64775,23.712528,362.207,39.301,18.291,212.524,10,0.133,36.061,0.001,867.28,4.12,1
93.166,23.422583,1056.48,16.508,230.989,309.618,10,0.136,5.088,0.001,926.24,0.639,1
93.314167,23.474639,1537.382,25.687,125.636,754.14,30,0.129,11.625,0.05,817.91,61.208,1
92.890889,23.666722,372.81,39.159,153.668,85.873,10,0.135,35.919,0.001,952.85,4.618,1
92.51,24.1,569.189,40.979,262.478,589.495,10,0.126,28.728,0.001,761.69,2.747,1
93.21302,23.875174,1159.582,32.398,26.393,704.207,10,0.131,20.205,0.001,893.33,2.355,1
93.06,22.27,958.497,15.072,77.583,370.598,30,0.126,4.534,0.001,926.24,0.528,1
92.575111,23.691722,897.959,32.029,106.867,395.853,10,0.128,11.452,0.001,867.28,1.271,1
93.223472,23.442083,1533.814,7.49,276.224,96.008,10,0.127,3.517,0.001,926.24,0.414,1
92.797666,24.015858,610.287,45.435,344.745,425.048,10,0.128,22.178,0.001,797.4,2.262,1
92.61,22.64,137.716,1.663,157.61,0.0,10,0.125,0.655,0.001,867.28,0.071,1
92.927167,23.970444,1226.266,4.237,310.22,814.659,10,0.131,0.883,0.001,1008.45,0.117,1
92.919724,23.23,523.964,29.718,64.915,333.966,10,0.128,13.841,0.001,926.24,1.644,1
92.975972,23.666361,1179.226,23.87,343.489,558.172,10,0.134,10.631,0.001,1008.45,1.435,1
92.68,22.27,165.373,17.081,34.878,151.803,10,0.125,10.112,0.001,926.24,1.173,1
92.795083,23.740417,365.038,10.15,73.522,212.524,10,0.135,2.734,0.001,797.4,0.292,1
93.194778,23.860167,883.691,29.752,143.321,516.129,10,0.132,18.288,0.001,893.33,2.152,1
93.095813,23.296419,1344.686,29.59,348.963,796.928,10,0.129,13.77,0.01,926.24,16.451,1
92.667222,23.934417,181.731,32.622,172.362,67.888,10,0.132,15.435,0.001,876.07,1.777,1
93.041115,23.966249,1115.326,40.246,88.792,309.618,10,0.134,22.969,0.001,929.52,2.832,1
92.964417,23.670389,1052.419,24.978,351.387,517.021,30,0.159,13.214,0.001,1008.45,1.943,1
92.933397,23.387328,978.06,20.866,256.599,576.85,10,0.129,14.864,0.001,1008.45,1.933,1
93.250867,23.467623,880.604,24.489,20.783,279.91,30,0.13,20.781,0.001,926.24,2.501,1
92.573908,23.761734,484.402,25.017,180.209,121.442,10,0.129,21.328,0.001,867.28,2.384,1
92.779999,22.358999,233.777,28.534,100.321,607.969,10,0.128,15.512,0.001,926.24,1.842,1
93.159176,23.537491,1076.363,37.457,42.335,85.873,10,0.133,18.054,0.001,926.24,2.224,1
92.79922,22.83675,1066.499,25.565,185.626,244.774,10,0.12,21.896,0.001,926.24,2.428,1
92.887001,22.5,673.977,31.023,304.165,67.888,10,0.122,27.582,0.001,926.24,3.118,1
92.48,22.93,33.769,18.646,163.144,30.361,10,0.129,10.327,0.001,780.84,1.042,1
93.379667,23.368361,805.915,16.551,26.121,0.0,30,0.131,12.761,0.001,730.42,1.222,1
92.597217,23.460968,935.907,23.559,237.911,598.033,10,0.126,12.303,0.001,867.28,1.347,1
92.796528,24.146606,709.562,38.392,103.53,821.98,10,0.126,30.622,0.001,797.4,3.081,1
92.693781,23.749722,861.548,38.311,115.126,524.104,10,0.129,18.509,0.001,876.07,2.089,1
93.374335,23.395159,1167.117,28.029,128.669,543.106,30,0.128,23.564,0.05,730.42,110.513,1
93.311528,23.305111,1487.12,11.441,92.368,300.554,50,0.125,7.679,0.01,817.91,7.857,1
93.195663,24.023945,1268.055,34.98,163.128,649.034,10,0.127,12.671,0.001,893.33,1.436,1
93.177193,23.91011,1019.553,24.355,245.729,567.182,10,0.134,18.97,0.001,850.2,2.172,1
92.879114,23.607347,575.798,26.898,64.363,547.332,10,0.139,23.284,0.001,952.85,3.082,1
93.312962,23.388162,1236.545,21.714,28.106,576.051,10,0.13,15.616,0.001,817.91,1.662,1
93.337667,23.262222,1349.62,34.089,110.008,218.933,10,0.129,19.095,0.001,817.91,2.006,1
92.892998,22.577,740.42,28.61,121.26,279.91,10,0.125,13.231,0.001,926.24,1.532,1
93.077474,23.629553,995.801,33.894,350.574,322.737,10,0.132,16.129,0.001,926.24,1.975,1
92.943593,24.190711,521.287,45.723,43.596,518.801,10,0.132,22.321,0.001,1008.45,2.962,1
92.84,24.32,296.192,50.32,83.572,154.809,10,0.128,28.836,0.001,952.85,3.488,1
92.66,22.06,182.067,10.946,127.746,151.803,10,0.124,4.675,0.001,926.24,0.538,1
92.54654,23.796268,485.599,28.506,218.633,405.06,10,0.13,9.984,0.001,814.96,1.063,1
93.349595,23.672022,1269.321,18.399,295.498,500.719,10,0.126,14.581,0.001,817.91,1.496,1
93.374597,23.747943,1216.773,29.445,346.317,300.554,10,0.126,25.939,0.001,766.314,2.504,1
92.79808,23.23035,976.691,22.678,334.102,766.265,10,0.126,9.983,0.001,797.4,0.998,1
93.361493,23.336425,719.925,36.905,66.094,778.202,10,0.13,33.645,0.001,817.91,3.586,1
92.873337,22.574112,956.628,40.512,233.912,474.247,30,0.123,19.669,0.01,926.24,22.496,1
92.884003,22.681,705.615,44.731,86.089,394.687,30,0.123,25.671,0.001,926.24,2.939,1
92.729607,22.970823,603.67,19.98,292.856,339.441,10,0.122,10.035,0.001,876.07,1.074,1
92.740615,23.470109,1303.761,38.319,278.174,580.037,10,0.124,21.773,0.001,876.07,2.379,1
92.905313,23.458593,907.152,26.112,241.233,547.332,30,0.131,15.646,0.05,952.85,97.602,1
93.159225,23.803085,427.03,27.155,270.845,60.721,10,0.136,12.43,0.001,870.337,1.473,1
92.72,24.35,322.407,3.285,162.67,768.068,10,0.127,0.635,0.001,761.69,0.061,1
92.954177,24.248558,709.744,24.608,217.794,537.133,10,0.129,8.362,0.001,1008.45,1.09,1
92.822105,22.87056,950.915,22.53,187.058,547.332,10,0.125,7.505,0.001,926.24,0.871,1
92.36,24.24,81.683,11.484,220.58,121.442,10,0.126,3.204,0.001,814.07,0.328,1
93.123558,23.959278,1369.665,37.102,292.821,775.829,10,0.128,13.538,0.001,850.2,1.466,1
92.699917,23.739417,1002.505,31.794,99.697,370.598,30,0.131,24.728,0.05,876.07,141.676,1
92.98575,23.704861,962.983,15.08,66.766,182.163,30,0.132,4.537,0.05,1008.45,30.527,1
93.002944,23.451278,1381.319,21.785,161.648,665.859,30,0.127,7.2,0.05,926.24,42.324,1
93.08625,23.734427,971.927,37.596,338.627,365.589,10,0.134,31.563,0.05,929.52,196.203,1
93.074047,23.513436,1061.384,24.837,273.55,580.037,10,0.134,11.159,0.001,926.24,1.392,1
92.770846,24.036336,943.131,34.189,277.12,774.045,10,0.128,19.158,0.001,797.4,1.953,1
93.178864,23.914278,973.313,22.935,359.173,944.598,10,0.132,18.474,0.001,850.2,2.091,1
93.177391,23.908806,1020.045,30.197,192.238,434.697,10,0.134,10.689,0.001,850.2,1.211,1
92.984001,22.490999,1128.375,21.839,321.238,729.917,30,0.131,18.054,0.05,926.24,109.068,1
93.13075,23.38075,1311.587,31.348,43.098,426.13,10,0.125,14.737,0.001,926.24,1.713,1
92.928779,23.844109,1822.528,29.757,228.338,923.38,30,0.119,16.303,0.05,858.303,83.962,1
92.877669,23.705117,495.827,25.758,26.658,335.343,10,0.138,8.839,0.001,952.85,1.161,1
93.098167,23.750139,1391.591,26.328,130.354,918.877,30,0.128,22.689,0.05,907.724,132.112,1
92.819002,24.229303,490.667,8.428,161.167,494.234,10,0.125,2.839,0.001,797.4,0.283,1
92.802696,22.815697,942.821,33.09,275.493,286.421,30,0.123,20.704,0.05,926.24,117.901,1
92.705503,23.491497,934.944,48.047,306.744,517.021,10,0.128,44.429,0.001,876.07,4.99,1
92.89209,22.83885,506.727,30.15,223.546,640.456,10,0.128,14.079,0.001,926.24,1.671,1
92.944635,24.192522,536.393,41.121,74.121,516.129,10,0.131,19.986,0.001,1008.45,2.65,1
92.909301,24.028721,1045.888,26.105,52.916,674.113,10,0.133,11.854,0.001,952.85,1.503,1
92.75325,23.406389,1109.034,19.82,87.422,288.025,10,0.126,16.004,0.001,797.4,1.608,1
92.48,23.25,732.111,17.203,339.421,502.556,10,0.123,7.072,0.001,780.84,0.681,1
93.142487,23.14085,1217.496,39.716,270.6,796.928,10,0.126,22.642,0.001,926.24,2.647,1
93.343504,23.140461,1181.088,34.434,41.288,203.665,10,0.126,16.423,0.001,817.91,1.695,1
92.580803,23.201084,722.904,26.535,32.618,819.735,10,0.12,17.442,0.001,867.28,1.827,1
92.696028,23.735028,922.44,31.18,239.221,614.754,10,0.129,27.745,0.001,876.07,3.157,1
92.81369,22.801022,823.23,33.975,269.666,333.966,50,0.125,30.642,0.001,926.24,3.531,1
92.558056,23.710278,953.023,23.169,54.657,546.49,10,0.126,7.768,0.001,780.84,0.765,1
92.74256,22.88392,942.084,37.63,156.482,489.549,10,0.118,13.752,0.001,797.4,1.292,1
92.757759,23.022377,805.539,38.114,17.528,380.416,10,0.12,21.645,0.001,797.4,2.079,1
92.885002,22.537416,659.095,18.935,233.413,583.997,10,0.125,15.116,0.001,926.24,1.744,1
92.72281,22.90442,751.994,15.604,94.245,486.716,10,0.121,4.738,0.001,876.07,0.502,1
92.805727,24.237794,647.295,18.034,315.819,721.662,10,0.125,7.505,0.001,797.4,0.751,1
93.303877,23.647342,1731.175,30.055,201.429,480.042,10,0.126,20.236,0.001,817.91,2.092,1
93.011055,23.982639,665.885,27.139,254.524,580.037,10,0.144,23.534,0.001,1008.45,3.435,1
92.98938,23.006939,1140.993,28.338,220.935,547.332,10,0.127,13.082,0.001,926.24,1.536,1
92.820396,22.789967,722.666,28.925,295.128,85.873,10,0.126,10.159,0.001,926.24,1.189,1
92.959999,22.455,654.888,32.242,0.764,412.948,10,0.124,21.968,0.001,926.24,2.515,1
92.577909,23.780864,478.362,41.025,159.774,42.936,10,0.13,15.109,0.001,867.28,1.708,1
92.740634,23.467262,1274.5,42.671,263.643,625.899,50,0.124,32.256,0.001,876.07,3.516,1
92.916107,22.464916,733.258,24.538,124.089,502.556,30,0.122,20.831,0.05,926.24,117.35,1
92.993222,23.702056,881.996,19.812,46.671,339.441,10,0.134,12.181,0.001,1008.45,1.652,1
92.590111,23.664583,1095.85,30.33,90.785,749.85,10,0.126,23.401,0.001,867.28,2.563,1
93.09,22.27,1148.413,22.369,297.264,121.442,10,0.125,7.439,0.001,926.24,0.855,1
92.694361,23.745639,943.408,38.444,49.3,692.327,10,0.129,18.58,0.001,876.07,2.107,1
92.883888,22.552301,1011.955,18.782,191.577,698.952,30,0.124,7.898,0.05,926.24,45.335,1
92.72525,23.741806,973.203,25.463,63.397,530.224,50,0.0,11.501,0.01,876.07,1.259,1
93.377004,23.741851,1314.305,33.879,3.135,259.401,10,0.127,28.068,0.001,765.898,2.736,1
92.726112,22.979994,490.709,22.767,238.87,91.082,30,0.121,19.004,0.001,876.07,2.011,1
92.978,23.667361,1087.03,38.144,4.037,546.49,10,0.134,18.42,0.001,1008.45,2.481,1
93.28066,23.152298,1447.024,39.489,228.221,394.687,30,0.125,22.501,0.001,926.24,2.604,1
92.590111,23.589167,741.46,32.822,348.16,273.245,10,0.127,20.511,0.001,867.28,2.275,1
93.349412,23.673104,1278.299,26.304,240.102,524.104,30,0.126,22.664,0.001,817.91,2.331,1
93.125061,23.950195,1428.646,15.131,113.734,761.438,10,0.128,6.012,0.05,850.2,32.645,1
92.747276,23.13732,857.933,40.425,246.201,610.239,10,0.124,25.894,0.001,797.4,2.565,1
93.07666,23.635733,940.069,37.69,268.333,370.598,10,0.133,23.987,0.001,926.24,2.941,1
93.168778,23.42425,1008.721,29.218,74.925,421.782,10,0.135,22.39,0.001,926.24,2.821,1
93.343507,23.14046,1181.088,34.434,41.288,203.665,10,0.126,16.423,0.001,817.91,1.695,1
92.651804,23.28113,761.549,37.92,250.725,614.754,30,0.125,34.673,0.05,867.28,189.028,1
93.218956,23.072695,622.535,34.321,224.946,171.745,30,0.125,30.999,0.05,926.24,179.193,1
92.683014,24.24496,475.353,21.38,88.49,177.031,10,0.127,7.034,0.001,761.69,0.678,1
92.713972,23.717111,940.127,30.452,321.217,462.438,10,0.0,18.796,0.001,876.07,0.801,1
93.004524,23.993778,418.02,31.212,251.266,455.408,30,0.135,14.662,0.05,1008.45,100.207,1
92.632545,24.217097,185.577,2.797,168.913,516.129,10,0.129,0.515,0.001,761.69,0.05,1
92.65,22.65,272.025,32.057,210.476,472.299,10,0.127,21.822,0.001,867.28,2.398,1
92.882271,22.901287,442.489,42.008,186.472,91.082,60,0.128,31.728,0.45,926.24,1686.684,1
93.055832,23.148056,944.59,27.565,94.347,91.082,10,0.13,20.889,0.001,926.24,2.505,1
92.680592,23.940106,247.096,30.589,147.72,218.933,50,0.129,18.895,0.01,876.07,21.306,1
92.747818,22.880322,960.431,34.95,234.365,583.997,10,0.12,31.646,0.001,797.4,3.029,1
92.507889,23.208082,682.074,17.598,208.785,394.687,10,0.122,5.515,0.001,780.84,0.527,1
93.291988,23.648967,1652.741,21.483,169.133,354.062,10,0.126,17.69,0.001,817.91,1.83,1
92.929871,22.91165,372.57,23.321,130.36,163.497,10,0.128,7.83,0.001,926.24,0.929,1
93.293979,23.131158,1442.641,30.971,308.803,154.809,10,0.127,27.528,0.001,817.91,2.854,1
93.309244,23.393889,1169.804,30.271,167.826,231.219,10,0.132,14.145,0.001,817.91,1.519,1
92.730354,22.874741,708.253,37.169,237.614,394.687,10,0.121,17.9,0.001,876.07,1.898,1
92.557152,22.883036,191.838,12.396,26.986,333.966,10,0.13,3.534,0.001,780.84,0.359,1
92.815636,22.803709,831.06,31.658,332.811,91.082,10,0.124,24.605,0.001,926.24,2.811,1
92.662306,23.816611,115.984,15.024,290.139,30.361,10,0.133,7.862,0.001,872.544,0.91,1
93.037109,23.950417,1069.445,24.752,302.567,547.332,10,0.132,8.421,0.001,929.52,1.034,1
93.343559,23.640448,1171.507,32.163,43.02,354.062,10,0.131,20.035,0.001,817.91,2.135,1
92.71617,23.6995,995.363,34.827,182.363,614.754,10,0.131,16.637,0.001,876.07,1.908,1
93.161682,23.537082,1089.069,36.504,8.85,60.721,10,0.133,13.295,0.001,926.24,1.617,1
93.09,22.29,1284.23,34.988,187.054,67.888,10,0.123,16.724,0.001,926.24,1.911,1
92.716106,23.425424,951.041,18.644,54.161,798.661,10,0.127,7.825,0.001,876.07,0.871,1
92.736528,23.889306,1112.282,30.972,215.76,716.534,10,0.132,11.012,0.001,876.07,1.271,1
93.311889,23.310167,1509.571,32.196,282.004,645.474,30,0.128,21.931,0.001,817.91,2.287,1
93.171889,23.430917,918.139,24.453,204.292,517.021,30,0.135,8.298,0.05,926.24,52.08,1
92.880528,23.883944,885.306,25.618,298.484,855.499,10,0.136,8.781,0.001,952.85,1.135,1
93.360825,23.5087,1307.432,35.01,103.377,322.737,10,0.128,31.708,0.001,817.91,3.316,1
93.287392,23.981083,1404.436,39.331,349.769,485.769,10,0.126,14.437,0.001,796.04,1.441,1
92.737583,23.464206,1273.332,50.822,325.825,638.294,10,0.126,24.75,0.001,876.07,2.743,1
93.368237,23.396738,1190.22,33.343,18.113,366.848,10,0.13,11.996,0.001,817.91,1.276,1
92.858696,23.454817,1018.425,32.509,156.554,698.952,30,0.129,28.057,0.05,952.85,172.29,1
92.857002,22.385,376.241,11.297,349.091,0.0,10,0.124,7.843,0.001,926.24,0.904,1
93.019279,23.894444,1052.746,36.146,211.978,692.327,10,0.135,32.871,0.001,929.52,4.117,1
92.722754,23.754475,1014.281,34.752,337.953,448.268,10,0.127,12.577,0.001,876.07,1.544,1
92.599917,23.684222,1106.505,41.559,239.357,231.219,10,0.122,38.296,0.001,867.28,4.066,1
92.41,24.15,136.939,19.621,283.142,91.082,10,0.127,8.341,0.001,761.69,0.81,1
92.876781,23.566631,512.676,25.892,52.29,530.224,10,0.131,22.236,0.001,952.85,2.774,1
92.796008,24.091359,901.59,31.073,316.82,682.268,10,0.129,14.586,0.001,797.4,1.501,1
92.861729,23.447697,764.419,30.949,224.795,237.123,10,0.128,17.074,0.05,952.85,104.494,1
92.955475,23.21685,549.121,35.919,107.338,96.008,10,0.129,17.228,0.001,926.24,2.055,1
92.61,22.36,226.155,17.595,36.115,395.853,10,0.127,5.514,0.001,867.28,0.605,1
93.295668,23.555929,1547.918,34.066,193.673,839.731,10,0.128,28.247,0.001,817.91,2.957,1
92.5,23.87,864.974,18.147,114.888,760.833,10,0.129,5.733,0.001,801.256,0.588,1
92.694972,22.851028,585.563,25.639,308.925,859.798,10,0.124,21.973,0.001,876.07,2.373,1
92.879997,22.440001,560.134,31.31,311.651,279.91,10,0.124,17.307,0.001,926.24,1.991,1
93.324774,23.459039,1317.972,8.689,127.551,67.888,30,0.132,2.238,0.05,817.91,11.985,1
92.681551,24.245649,496.509,29.824,50.683,322.737,10,0.127,13.899,0.01,761.69,13.426,1
92.546265,22.904324,164.26,16.391,99.271,540.554,10,0.128,10.982,0.001,780.84,1.099,1
93.13,22.4,1353.837,24.343,123.434,522.342,10,0.122,20.629,0.001,926.24,2.339,1
92.39,23.9,186.29,19.485,334.091,30.361,10,0.128,11.93,0.001,784.299,1.2,1
93.004639,22.802805,1230.667,39.876,42.821,463.434,10,0.124,19.336,0.001,926.24,2.219,1
92.52,24.13,284.03,14.84,129.774,429.363,10,0.126,11.113,0.001,761.69,1.07,1
93.140945,24.038279,1033.267,26.861,95.013,577.649,10,0.13,12.269,0.001,850.2,1.352,1
92.922455,24.037336,903.553,23.372,66.585,547.332,10,0.132,16.076,0.001,1008.45,2.135,1
92.81,24.26,707.258,17.406,97.196,761.438,10,0.127,7.178,0.001,797.4,0.726,1
92.627389,23.618722,1039.6,22.308,239.386,801.541,10,0.128,7.414,0.001,867.28,0.825,1
92.858002,22.379,394.829,14.993,311.298,322.737,10,0.125,4.504,0.001,926.24,0.521,1
92.571917,23.68075,909.754,21.869,57.893,517.021,10,0.125,7.234,0.001,867.28,0.785,1
92.675611,23.733083,778.105,37.732,146.01,516.129,10,0.128,30.041,0.001,876.07,3.38,1
93.356052,23.406236,1291.959,14.839,337.815,835.329,30,0.129,4.445,0.05,817.91,23.339,1
92.874001,22.445999,478.187,26.476,324.064,242.884,10,0.126,9.138,0.001,926.24,1.069,1
93.342403,23.618316,1510.376,31.345,127.205,242.884,30,0.128,17.329,0.05,817.91,90.881,1
92.768997,22.341,330.896,22.688,101.956,596.49,10,0.128,18.923,0.001,926.24,2.238,1
93.136912,23.545796,873.063,26.652,312.073,91.082,10,0.137,12.154,0.001,926.24,1.534,1
93.078697,24.040972,648.827,39.067,152.033,456.419,10,0.136,24.952,0.001,929.52,3.164,1
92.66,24.34,37.886,0.134,321.987,30.361,40,0.127,0.01,0.15,761.69,0.143,1
92.46,22.89,120.22,18.839,80.399,394.687,10,0.127,6.008,0.001,770.29,0.589,1
93.092644,23.60753,1014.431,26.291,184.536,354.062,10,0.134,9.061,0.001,926.24,1.127,1
93.267609,23.877806,1679.873,46.325,248.354,557.345,10,0.126,17.14,0.001,893.33,1.943,1
92.597361,23.674694,1037.44,38.571,309.998,375.539,10,0.128,28.938,0.001,867.28,3.202,1
92.975822,22.827406,1259.145,40.243,359.023,456.419,10,0.124,19.529,0.001,926.24,2.235,1
93.260555,23.458538,794.254,28.42,114.135,121.442,10,0.128,9.948,0.001,926.24,1.183,1
92.90416,23.057276,800.085,23.447,18.085,708.774,10,0.124,7.882,0.001,926.24,0.904,1
93.215149,23.870567,1118.334,36.169,120.036,322.737,10,0.128,22.91,0.001,893.33,2.634,1
93.041885,23.848,1011.226,28.404,252.832,577.649,10,0.14,13.118,0.001,806.951,1.481,1
92.841972,23.784222,606.244,19.476,331.191,494.234,10,0.132,9.72,0.001,866.847,1.113,1
93.33564,23.427713,1274.843,20.604,117.96,354.062,30,0.131,16.796,0.45,817.91,811.115,1
92.771729,24.022079,800.591,28.56,148.338,682.268,30,0.127,13.203,0.001,797.4,1.342,1
92.805874,24.125996,692.289,27.257,82.904,678.882,10,0.127,14.685,0.001,797.4,1.481,1
93.038437,22.983683,704.594,25.164,103.403,431.504,30,0.13,21.48,0.05,926.24,126.957,1
93.303415,23.647375,1727.922,29.837,175.43,463.434,30,0.126,18.349,0.05,817.91,94.808,1
92.67,24.26,184.802,23.937,59.611,395.853,10,0.127,8.084,0.001,761.69,0.78,1
92.861256,23.47803,1032.448,31.724,224.648,692.327,30,0.131,14.943,0.05,952.85,93.207,1
92.585861,23.205305,489.884,28.204,349.723,135.776,10,0.123,9.858,0.001,867.28,1.043,1
92.77542,24.043187,958.01,32.439,270.776,937.251,10,0.127,20.234,0.001,797.4,2.051,1
92.773987,23.031231,1115.215,32.55,168.292,754.14,10,0.123,20.314,0.05,797.4,99.416,1
92.69,22.54,395.242,14.813,1.567,273.245,10,0.127,11.087,0.001,876.07,1.234,1
92.857453,23.454081,1003.957,37.376,162.547,547.332,10,0.128,18.01,0.001,952.85,2.206,1
92.870003,22.43,584.013,35.047,236.53,194.402,10,0.127,16.756,0.001,926.24,1.967,1
93.263222,23.458778,834.069,41.862,259.179,151.803,30,0.128,29.388,0.05,926.24,174.817,1
92.721222,23.722,1006.124,31.149,64.131,789.374,50,0.0,11.085,0.01,876.07,0.0,1
93.120567,23.563275,719.845,50.444,85.155,91.082,10,0.128,32.428,0.001,926.24,3.833,1
93.087973,23.677967,1160.734,34.61,94.055,625.899,10,0.131,16.519,0.001,929.52,2.012,1
92.68,22.5,925.965,22.381,4.031,746.771,10,0.123,9.822,0.001,876.07,1.062,1
92.774357,24.040967,948.135,5.076,98.83,775.829,10,0.126,1.116,0.001,797.4,0.113,1
92.969002,22.472,429.232,31.919,144.147,121.442,10,0.125,15.05,0.001,926.24,1.742,1
92.871451,23.293769,841.17,10.683,321.263,121.442,10,0.127,2.92,0.001,952.85,0.356,1
92.719056,23.693667,991.297,27.593,300.874,649.034,50,0.134,12.672,0.01,876.07,14.82,1
92.767056,24.010279,703.433,35.411,102.139,731.179,10,0.129,16.953,0.001,797.4,1.733,1
92.775525,24.050391,976.537,38.206,276.32,789.958,10,0.128,21.703,0.001,797.4,2.203,1
92.69873,23.076319,955.742,28.534,114.969,656.799,10,0.123,13.189,0.001,876.07,1.429,1
92.718028,23.982,685.408,24.012,328.77,678.882,10,0.129,15.449,0.001,876.07,1.745,1
92.798233,23.245819,861.913,34.058,85.848,619.236,10,0.126,19.074,0.001,797.4,1.915,1
93.03,22.19,764.758,28.814,82.807,451.342,10,0.125,15.693,0.001,926.24,1.814,1
92.856093,23.462805,1055.019,13.349,50.109,625.899,50,0.129,3.884,0.01,952.85,4.766,1
92.66,22.61,157.464,11.719,259.411,30.361,10,0.125,7.162,0.001,876.07,0.787,1
92.673058,23.235651,876.661,30.458,81.07,814.659,10,0.125,14.248,0.001,876.07,1.552,1
93.006722,23.457028,1411.39,30.797,296.948,622.946,10,0.128,10.939,0.001,926.24,1.307,1
92.597111,23.784278,417.611,22.878,54.843,502.556,10,0.129,16.656,0.001,867.28,1.869,1
93.323502,24.003889,698.896,20.845,95.069,231.219,10,0.135,10.578,0.001,796.04,1.117,1
93.296417,23.470917,1270.624,32.762,12.902,412.948,10,0.131,15.511,0.001,817.91,1.658,1
93.165944,23.423972,1041.786,33.733,336.925,370.598,10,0.136,16.042,0.001,926.24,2.021,1
92.49,22.89,320.573,10.146,82.806,645.474,10,0.125,2.733,0.001,780.84,0.267,1
93.02,22.5,1632.124,18.199,268.067,808.412,10,0.12,5.753,0.001,926.24,0.64,1
92.851889,23.613722,1058.927,28.663,78.716,761.438,10,0.132,13.26,0.001,952.85,1.669,1
93.132919,23.799166,1041.132,21.649,158.523,125.18,10,0.13,7.144,0.001,900.325,0.837,1
93.296657,23.369857,1199.126,22.886,102.032,557.345,10,0.13,19.127,0.001,817.91,2.043,1
93.024612,23.785444,479.494,16.524,234.641,151.803,30,0.135,5.094,0.001,945.72,0.648,1
92.54,22.61,79.198,11.935,339.771,171.745,10,0.125,3.366,0.001,780.84,0.33,1
92.795928,24.09123,915.148,28.073,323.22,698.952,10,0.129,12.936,0.001,797.4,1.331,1
92.704583,23.657278,903.012,25.63,345.144,354.062,10,0.128,8.786,0.001,876.07,0.989,1
92.863082,23.447093,769.496,20.727,288.931,326.993,10,0.128,16.921,0.001,952.85,2.067,1
92.85,22.1,130.266,23.777,287.852,85.873,10,0.13,8.018,0.001,926.24,0.962,1
92.66,22.05,169.709,17.924,238.536,135.776,30,0.123,7.447,0.05,926.24,42.484,1
92.687721,23.145231,874.358,2.688,150.714,759.62,10,0.124,0.489,0.001,876.07,0.053,1
93.077509,23.548132,1012.546,33.507,278.841,700.927,10,0.131,15.918,0.001,926.24,1.939,1
92.620659,22.786274,414.709,26.329,99.709,346.163,30,0.122,9.076,0.05,867.28,47.843,1
92.70785833,23.74150833,872.371,42.668,42.564,346.163,10,0.188,27.425,0.001,876.07,3.869,1
93.203106,23.687031,1157.113,41.649,66.499,655.394,10,0.132,15.354,0.001,926.24,1.882,1
92.675056,23.721167,552.365,28.933,184.665,451.342,10,0.132,23.346,0.001,876.07,2.707,1
92.633859,24.187212,191.72,10.701,150.068,759.013,10,0.128,2.926,0.001,761.69,0.284,1
92.857091,23.293142,906.984,25.531,11.088,109.466,10,0.127,15.226,0.001,952.85,1.842,1
92.622917,23.584417,869.629,10.429,129.057,744.298,10,0.126,2.831,0.001,867.28,0.31,1
93.052414,23.835361,1050.219,28.681,159.357,610.239,10,0.159,10.057,0.001,845.375,1.346,1
93.278641,23.901638,1679.333,23.405,148.874,485.769,10,0.123,17.129,0.001,893.33,1.877,1
92.809196,23.129629,916.858,37.067,25.505,451.342,10,0.124,17.845,0.001,797.4,1.763,1
92.798942,23.713131,219.234,44.238,321.548,96.008,10,0.136,21.58,0.001,797.4,2.338,1
92.832611,22.89682,726.425,45.434,255.375,299.017,10,0.123,34.416,0.01,926.24,39.21,1
93.387474,23.793417,1157.945,29.048,289.987,30.361,10,0.131,20.907,0.001,739.974,2.019,1
92.975006,23.221762,986.126,28.485,231.315,537.133,10,0.129,13.162,0.001,926.24,1.571,1
93.223611,23.447639,1486.863,27.29,258.899,343.49,10,0.126,18.041,0.001,926.24,2.095,1
93.066182,23.638822,871.666,18.488,77.033,405.06,10,0.13,5.868,0.001,926.24,0.712,1
92.698861,23.744028,895.172,31.304,337.152,698.292,10,0.13,27.874,0.001,876.07,3.169,1
93.01125,23.46025,1442.77,42.593,310.327,863.543,10,0.126,24.399,0.001,926.24,2.858,1
92.798363,23.225542,993.491,29.007,55.78,619.236,10,0.126,10.193,0.001,797.4,1.028,1
93.241611,23.474528,907.328,32.258,78.561,203.665,10,0.128,11.546,0.001,926.24,1.372,1
92.70108,23.083611,962.318,18.965,126.612,819.735,10,0.125,6.059,0.001,876.07,0.661,1
93.215688,23.55097,1304.409,36.725,232.55,614.754,10,0.13,20.771,0.001,926.24,2.491,1
92.891998,22.527,730.999,24.027,19.056,286.421,10,0.124,18.658,0.001,926.24,2.144,1
93.320472,23.461111,1330.533,28.647,35.715,30.361,10,0.129,17.485,0.001,817.91,1.847,1
92.704483,22.857729,473.246,35.502,320.364,462.438,10,0.124,17.003,0.001,876.07,1.851,1
92.927341,23.847246,1793.827,20.112,305.326,925.374,10,0.119,6.52,0.001,835.514,0.651,1
92.557167,23.737167,738.778,20.189,326.367,421.782,10,0.128,6.551,0.001,780.84,0.654,1
93.377656,23.746832,1391.112,33.855,321.864,547.332,10,0.127,21.255,0.001,763.766,2.06,1
92.68325,23.972222,330.676,33.26,133.615,67.888,30,0.127,18.563,0.05,876.07,103.616,1
92.909523,23.040543,775.501,41.891,47.748,619.236,10,0.127,20.385,0.001,926.24,2.378,1
92.66,22.71,608.979,9.558,22.97,674.113,10,0.119,2.531,0.001,876.07,0.265,1
92.675083,23.719389,481.949,25.405,178.469,472.299,10,0.133,15.135,0.001,876.07,1.765,1
93.322667,23.474472,1465.622,26.999,121.508,572.841,50,0.131,12.345,0.01,817.91,13.182,1
93.236611,23.477806,921.78,20.255,25.07,279.91,30,0.128,6.578,0.05,926.24,39.092,1
92.857432,23.288105,873.91,42.954,65.307,564.739,10,0.126,15.862,0.001,952.85,1.905,1
92.862999,22.532,851.657,33.243,169.922,434.697,10,0.124,15.775,0.001,926.24,1.816,1
92.759361,22.836016,628.77,23.921,270.534,547.332,10,0.121,12.535,0.001,797.4,1.212,1
93.301356,23.35691,1164.615,21.867,98.018,547.332,10,0.129,13.769,0.001,817.91,1.459,1
92.882004,22.486,700.763,26.94,203.517,244.774,10,0.123,21.437,0.001,926.24,2.446,1
92.707161,22.957518,744.539,25.386,96.015,749.85,10,0.122,16.533,0.001,876.07,1.77,1
92.815971,22.872299,918.867,29.187,318.129,500.719,10,0.124,10.268,0.001,926.24,1.182,1
92.90097,23.168777,861.672,37.568,68.082,704.207,10,0.127,18.113,0.001,926.24,2.13,1
92.805948,24.125631,695.141,25.382,82.933,665.859,10,0.127,11.457,0.001,797.4,1.155,1
92.74,22.51,589.77,27.557,75.866,651.868,10,0.125,18.253,0.001,926.24,2.121,1
92.587278,23.67425,1032.825,19.986,79.705,559.821,10,0.126,10.038,0.05,867.28,55.127,1
93.07382,23.570595,997.099,34.659,241.86,777.609,10,0.132,25.677,0.001,926.24,3.149,1
92.665508,23.268811,880.019,39.196,228.922,530.224,10,0.124,22.32,0.001,876.07,2.429,1
92.888,22.525999,706.895,11.757,17.067,405.06,10,0.123,8.255,0.001,926.24,0.942,1
93.010582,23.990028,604.785,27.443,247.369,339.441,30,0.141,23.851,0.05,1008.45,169.131,1
92.933,23.844139,1624.368,39.186,89.154,480.042,10,0.124,22.313,0.001,854.385,2.373,1
92.899862,23.448368,794.044,22.789,55.624,96.008,10,0.129,10.043,0.001,952.85,1.229,1
92.904068,24.004313,893.334,33.831,243.502,817.483,10,0.131,12.198,0.001,952.85,1.512,1
93.168479,23.534307,1128.27,27.073,59.558,67.888,30,0.129,21.564,0.05,926.24,129.018,1
92.964996,22.490999,707.029,28.501,316.539,583.997,10,0.124,17.379,0.001,926.24,2.006,1
92.900845,23.451505,812.562,18.886,80.499,151.803,10,0.129,7.953,0.001,952.85,0.978,1
93.112473,23.777555,1254.708,39.323,151.755,610.239,10,0.133,22.398,0.05,955.516,142.095,1
92.805445,24.225691,584.62,27.594,151.986,791.706,10,0.128,24.008,0.001,797.4,2.449,1
92.547783,23.189108,482.04,15.138,60.216,30.361,10,0.121,4.559,0.001,780.84,0.432,1
92.794441,23.038668,893.231,23.739,218.711,455.408,10,0.121,8.003,0.001,797.4,0.776,1
93.035309,23.962278,1006.136,33.781,82.816,135.776,50,0.134,21.202,0.01,929.52,26.446,1
93.308461,23.237767,1468.463,23.552,201.052,386.427,10,0.126,15.087,0.001,817.91,1.56,1
93.037613,24.001167,1184.61,31.321,279.466,577.649,10,0.131,27.892,0.001,929.52,3.372,1
93.01,22.5,1216.011,31.264,220.592,365.589,30,0.122,17.277,0.05,926.24,97.229,1
92.859084,23.456101,1028.162,34.379,39.638,651.868,10,0.129,16.393,0.001,952.85,2.019,1
92.58575,23.501778,843.212,19.86,277.213,572.841,10,0.126,8.468,0.001,867.28,0.928,1
93.121277,23.938028,1520.01,36.707,328.4,896.536,10,0.127,33.443,0.001,850.2,3.636,1
92.621895,22.789585,400.097,24.806,144.245,437.866,10,0.122,8.444,0.001,867.28,0.894,1
92.925728,22.96703,777.361,20.971,280.693,405.06,10,0.131,9.062,0.001,926.24,1.089,1
92.597417,23.588444,886.915,28.677,196.803,667.932,10,0.127,15.604,0.001,867.28,1.718,1
93.312778,23.466139,1363.235,24.955,41.648,244.774,30,0.129,14.809,0.05,817.91,78.458,1
92.539681,23.76821,521.35,32.071,124.993,655.394,10,0.128,19.969,0.05,780.84,100.298,1
93.024666,23.7885,493.716,26.178,278.868,221.028,10,0.134,15.694,0.001,954.099,2.003,1
92.623497,23.133902,526.36,33.872,210.13,259.401,10,0.126,16.118,0.001,867.28,1.756,1
92.570139,23.690722,962.481,29.588,74.642,610.994,30,0.128,26.087,0.05,867.28,144.755,1
93.039041,23.689282,682.833,35.532,315.584,375.539,10,0.132,17.019,0.001,929.52,2.095,1
92.807343,22.812588,931.686,37.583,202.866,60.721,10,0.124,21.312,0.001,926.24,2.452,1
93.248874,23.469712,871.054,10.103,357.266,257.618,10,0.13,2.718,0.001,926.24,0.328,1
93.288852,23.138981,1424.789,35.716,315.11,288.025,10,0.125,17.118,0.001,817.91,1.76,1
92.557833,23.728778,782.461,37.122,82.122,274.926,10,0.127,17.875,0.001,780.84,1.769,1
92.715601,23.421903,1024.017,21.741,97.475,910.816,10,0.127,16.499,0.001,876.07,1.84,1
92.866917,23.447015,910.191,15.373,130.267,708.774,10,0.13,6.135,0.001,952.85,0.758,1
92.622389,23.587,804.153,15.506,44.014,808.412,30,0.126,9.625,0.05,867.28,52.698,1
93.116943,23.792749,1259.831,39.527,156.607,135.776,10,0.129,36.286,0.001,925.609,4.352,1
92.600889,23.588417,922.674,39.429,238.265,733.696,10,0.128,25.204,0.001,867.28,2.791,1
93.311361,23.303639,1489.563,14.932,123.035,154.809,30,0.125,4.48,0.05,817.91,22.887,1
93.213997,23.938583,1061.604,29.586,263.192,674.113,10,0.129,16.192,0.001,893.33,1.871,1
93.05583,23.708507,1014.767,40.436,141.512,448.268,10,0.135,23.086,0.001,929.52,2.89,1
93.28653,23.980749,1418.755,44.878,9.968,524.104,10,0.126,41.494,0.001,796.04,4.155,1
92.874917,23.699611,428.803,15.501,57.629,30.361,60,0.138,10.794,0.001,952.85,1.419,1
93.38797,23.795778,1137.47,40.795,296.875,91.082,10,0.13,23.306,0.001,738.748,2.244,1
92.848167,23.760222,810.777,31.963,206.995,601.108,30,0.131,15.074,0.001,952.85,1.878,1
92.833511,22.791958,658.008,8.911,145.926,0.0,40,0.125,5.78,0.15,926.24,100.539,1
92.744,23.750722,879.595,27.305,97.104,455.408,10,0.134,19.418,0.001,797.4,2.039,1
92.855608,23.464394,1062.647,23.893,121.66,719.743,50,0.129,15.355,0.01,952.85,18.906,1
92.950748,24.182669,462.689,35.998,303.593,60.721,10,0.13,20.311,0.001,1008.45,2.675,1
92.95,22.22,993.91,25.035,15.451,422.873,10,0.126,8.539,0.001,926.24,0.999,1
92.674267,24.033563,770.032,29.151,176.226,649.744,10,0.128,13.529,0.001,876.07,1.523,1
92.865997,22.525,771.172,9.366,89.832,364.326,10,0.123,2.465,0.001,926.24,0.281,1
92.70578,22.977497,729.144,33.18,217.792,778.202,10,0.123,18.512,0.001,876.07,1.99,1
92.854914,23.320289,972.808,31.805,242.382,366.848,10,0.129,14.987,0.001,952.85,1.839,1
93.026138,23.182667,761.633,8.573,246.854,42.936,30,0.132,2.199,0.001,926.24,0.268,1
92.585889,23.500083,860.013,9.361,41.667,530.224,10,0.127,2.464,0.001,867.28,0.27,1
92.37,23.93,727.411,17.653,196.969,749.85,10,0.127,5.537,0.001,814.07,0.574,1
92.5,23.8,659.66,26.325,159.947,316.973,10,0.128,11.974,0.001,809.395,1.236,1
92.591139,23.580139,845.74,10.348,67.445,682.268,10,0.128,2.803,0.001,867.28,0.31,1
92.749556,23.745444,821.845,4.825,301.163,300.554,10,0.128,1.045,0.001,797.4,0.106,1
92.641035,24.171459,140.707,11.725,161.731,518.801,10,0.128,3.291,0.001,761.69,0.321,1
93.300278,24.000334,1182.701,40.538,334.417,537.99,10,0.129,19.683,0.001,796.04,2.014,1
92.596889,23.608389,1038.096,29.938,77.983,926.867,10,0.124,16.42,0.001,867.28,1.775,1
92.91518,24.07462,780.269,32.628,59.284,598.803,10,0.132,20.371,0.001,952.85,2.553,1
92.999901,22.986418,1211.53,27.559,273.652,580.037,10,0.125,12.653,0.001,926.24,1.465,1
92.856607,23.447985,764.339,26.879,207.098,42.936,10,0.128,9.306,0.001,952.85,1.135,1
92.744806,23.924278,916.146,16.296,102.927,537.133,30,0.132,5.006,0.05,797.4,26.361,1
93.136272,23.414113,869.25,29.192,85.983,494.234,30,0.133,15.937,0.05,926.24,97.958,1
92.41,24.14,303.71,22.814,56.614,524.104,10,0.126,13.27,0.001,761.69,1.272,1
92.809334,22.849134,1131.418,19.776,4.705,221.028,10,0.12,9.907,0.001,926.24,1.104,1
92.740389,23.918694,1038.611,19.143,62.808,684.965,10,0.132,6.13,0.001,876.07,0.709,1
92.680404,24.214366,681.113,32.956,272.116,598.033,10,0.131,18.367,0.001,761.69,1.805,1
93.270428,23.164508,1530.823,2.772,152.042,214.681,10,0.127,0.509,0.001,926.24,0.06,1
93.303889,23.306444,1494.52,36.667,298.002,339.441,10,0.126,20.735,0.001,817.91,2.143,1
93.02425,23.66958,527.906,21.319,123.258,333.966,30,0.133,13.343,0.05,929.52,83.105,1
92.55249,23.188799,587.451,14.449,235.1,355.361,10,0.121,6.669,0.001,780.84,0.63,1
93.33833,23.412845,1308.749,32.512,80.183,734.323,10,0.131,15.375,0.001,817.91,1.643,1
93.095444,23.870583,571.157,23.772,75.75,125.18,10,0.135,8.016,0.001,929.52,1.015,1
92.94432,24.190369,511.636,35.809,39.992,451.342,10,0.132,17.168,0.001,1008.45,2.275,1
92.904111,24.004186,882.439,33.847,232.584,821.98,10,0.131,18.94,0.001,952.85,2.346,1
93.344976,23.140294,1104.416,31.25,80.684,203.665,30,0.126,19.375,0.05,817.91,100.066,1
92.561473,23.757805,746.191,39.249,35.76,515.235,10,0.127,22.352,0.001,780.84,2.217,1
92.741035,23.118336,845.601,16.948,121.572,794.611,10,0.124,5.26,0.001,876.07,0.57,1
93.380632,23.368386,821.026,34.427,222.915,67.888,30,0.131,19.311,0.001,730.42,1.85,1
92.907485,24.025487,1022.439,28.97,260.096,394.687,10,0.133,10.177,0.001,952.85,1.283,1
92.882004,22.447001,558.349,36.553,348.032,109.466,10,0.123,28.998,0.001,926.24,3.307,1
92.79831,22.84808,1286.518,16.955,336.3,364.326,10,0.121,5.262,0.001,926.24,0.588,1
93.200279,23.886723,878.341,32.385,229.389,537.133,10,0.138,15.305,0.001,893.33,1.862,1
92.648953,23.855535,88.922,41.693,242.927,30.361,10,0.136,20.283,0.001,783.851,2.155,1
92.67691,23.219172,770.11,22.338,117.551,787.62,10,0.126,16.173,0.001,876.07,1.789,1
92.888333,23.671,426.675,29.555,3.266,475.218,10,0.135,18.145,0.001,952.85,2.335,1
93.041222,23.882055,850.289,37.884,65.766,708.123,10,0.132,34.637,0.001,929.52,4.291,1
93.214195,23.939194,1064.92,38.225,243.344,684.965,10,0.129,34.981,0.05,893.33,202.799,1
92.731926,22.965527,690.049,30.525,242.227,576.85,10,0.124,16.8,0.001,876.07,1.819,1
92.671333,23.24774,926.735,17.991,68.765,719.743,10,0.125,5.671,0.001,876.07,0.62,1
92.62748,22.786629,345.346,17.324,172.887,335.343,10,0.124,5.407,0.001,867.28,0.58,1
92.742222,23.851361,1292.312,25.597,63.372,653.986,10,0.131,13.613,0.001,898.801,1.593,1
92.858096,23.314208,1056.285,29.133,300.904,810.12,10,0.135,13.519,0.001,952.85,1.73,1
92.893471,24.067478,998.395,13.69,49.359,869.394,10,0.135,4.011,0.001,952.85,0.516,1
92.72417,23.74372,976.988,28.388,185.104,728.653,50,0.0,17.297,0.01,876.07,0.0,1
92.715782,22.883656,604.493,21.465,120.559,480.042,10,0.124,7.069,0.001,876.07,0.768,1
93.03,22.25,1091.714,33.452,137.273,570.423,10,0.124,18.686,0.001,926.24,2.145,1
93.222557,23.868279,1176.159,28.079,338.006,261.171,10,0.132,9.806,0.001,893.33,1.141,1
92.892761,22.832573,446.937,29.923,270.972,455.408,10,0.129,26.436,0.001,926.24,3.155,1
93.026558,23.957556,938.283,34.89,123.419,194.402,10,0.134,19.606,0.001,929.52,2.451,1
92.690145,23.754493,690.728,19.213,17.912,434.697,10,0.134,6.158,0.001,876.07,0.722,1
92.817886,23.125807,885.36,35.848,340.961,508.935,10,0.124,13.027,0.001,797.4,1.289,1
93.26728,23.470329,957.574,24.235,4.352,151.803,10,0.129,17.876,0.001,926.24,2.139,1
92.743306,23.852722,1252.468,16.93,148.046,802.116,10,0.128,12.068,0.001,900.662,1.393,1
92.649528,23.712306,349.084,39.687,22.013,30.361,10,0.133,14.579,0.001,867.28,1.681,1
92.63,22.74,445.951,19.751,253.424,203.665,10,0.122,6.374,0.001,867.28,0.676,1
92.694292,24.240244,499.86,22.871,260.415,508.935,10,0.125,11.864,0.001,761.69,1.13,1
92.932639,23.865694,1318.204,25.463,48.382,408.459,10,0.127,21.791,0.001,733.763,2.027,1
93.015587,23.899305,1074.829,23.787,227.66,218.933,50,0.137,12.45,0.001,929.52,1.577,1
92.91922,23.025131,769.735,21.68,273.517,109.466,10,0.127,11.106,0.001,926.24,1.303,1
93.331917,23.4195,1305.815,24.753,214.505,731.179,50,0.13,11.113,0.01,817.91,11.842,1
93.04575,23.462917,1233.711,23.574,96.079,30.361,30,0.128,15.105,0.05,926.24,89.441,1
92.978028,23.667306,1085.377,34.722,9.216,546.49,10,0.134,19.499,0.001,1008.45,2.628,1
93.377213,23.476989,1393.512,33.221,110.935,672.059,10,0.128,15.763,0.001,730.42,1.474,1
92.673871,23.933904,211.88,25.273,185.9,242.884,10,0.131,21.593,0.001,876.07,2.472,1
92.861667,23.695444,926.849,31.502,22.458,739.327,10,0.133,21.383,0.001,952.85,2.715,1
92.860374,23.291063,880.35,27.159,33.355,231.219,10,0.127,12.433,0.001,952.85,1.501,1
92.703522,23.005594,673.158,36.422,110.793,365.589,10,0.124,33.153,0.001,876.07,3.617,1
92.65,22.35,120.568,10.468,312.28,558.172,10,0.128,2.845,0.001,867.28,0.316,1
92.771515,23.017555,941.316,29.583,234.543,547.332,10,0.122,26.082,0.001,797.4,2.532,1
92.934364,22.897877,407.0,33.209,258.536,386.427,10,0.13,20.79,0.001,926.24,2.5,1
92.922778,23.929083,1119.314,10.089,41.018,806.7,10,0.137,2.713,0.001,1008.45,0.372,1
92.798332,23.132685,852.123,30.608,267.154,442.056,10,0.124,14.33,0.001,797.4,1.418,1
92.903984,22.889872,693.047,27.362,54.164,731.179,10,0.125,12.544,0.001,926.24,1.451,1
92.56,22.67,488.327,32.671,224.124,497.95,10,0.126,15.462,0.001,780.84,1.52,1
93.275024,23.890694,1698.036,19.545,14.446,422.873,10,0.126,15.727,0.001,893.33,1.776,1
93.380139,23.366694,823.418,33.794,111.405,96.008,10,0.131,12.183,0.05,730.42,58.435,1
93.080002,23.057222,1566.073,15.8,281.654,399.331,10,0.125,4.814,0.001,926.24,0.557,1
93.201022,23.608133,969.197,26.216,296.508,231.219,10,0.136,9.03,0.001,926.24,1.133,1
93.33685,23.490702,1370.239,8.908,0.641,214.681,10,0.13,5.777,0.001,817.91,0.614,1
93.032189,23.639484,487.339,35.616,326.634,67.888,10,0.135,22.516,0.001,929.52,2.822,1
93.044418,23.983694,1067.33,20.841,260.431,486.716,10,0.131,8.993,0.001,929.52,1.093,1
92.8983,23.103046,718.128,38.222,70.339,607.211,50,0.125,21.712,0.01,926.24,25.197,1
93.373917,23.842167,801.712,31.623,278.606,429.363,10,0.127,28.206,0.001,702.38,2.53,1
92.722444,23.687833,1024.135,40.123,65.094,820.297,30,0.134,35.527,0.05,876.07,208.96,1
92.798653,22.837809,1164.379,45.513,135.918,365.589,30,0.12,32.052,0.05,926.24,178.417,1
92.603833,23.826694,447.735,30.293,245.459,326.993,10,0.13,10.729,0.001,861.351,1.2,1
93.008904,23.705262,683.288,31.789,325.833,339.441,10,0.135,19.765,0.001,1008.45,2.7,1
92.740677,23.297332,742.991,35.461,309.624,625.899,10,0.126,16.98,0.001,876.07,1.881,1
93.332441,23.297894,1299.508,27.553,12.612,121.442,10,0.127,16.691,0.001,817.91,1.716,1
92.61,22.65,101.288,4.22,49.979,30.361,10,0.125,1.672,0.001,867.28,0.182,1
93.083824,23.602028,1175.247,36.681,119.848,678.882,10,0.131,17.638,0.001,926.24,2.13,1
93.243027,23.88139,1350.114,29.451,321.044,759.62,10,0.127,16.105,0.001,893.33,1.834,1
92.88,22.15,588.312,16.395,271.166,515.235,10,0.129,5.044,0.001,926.24,0.601,1
92.595222,23.808528,364.125,27.254,127.762,67.888,50,0.13,16.474,0.05,798.532,85.266,1
92.834056,23.860102,201.257,37.152,212.446,182.163,10,0.135,17.891,0.001,815.422,1.973,1
93.115608,23.85075,391.728,35.759,358.949,30.361,10,0.132,20.16,0.001,739.881,1.971,1
92.954167,23.812139,1310.083,14.093,33.714,558.172,10,0.124,10.406,0.001,976.048,1.262,1
92.71,22.43,1043.53,15.312,4.27,543.106,10,0.123,4.626,0.001,926.24,0.527,1
93.296893,23.351115,1207.816,37.835,98.947,425.048,10,0.131,21.47,0.001,817.91,2.296,1
92.870277,22.577583,965.26,34.533,300.756,674.113,10,0.123,12.487,0.001,926.24,1.421,1
93.250969,23.881971,1539.008,32.082,324.177,734.323,10,0.128,15.139,0.001,893.33,1.721,1
92.793999,22.513,515.75,16.628,346.195,455.408,10,0.125,5.135,0.001,926.24,0.598,1
92.896141,23.092573,755.179,36.987,32.034,619.236,10,0.123,33.727,0.001,926.24,3.854,1
92.42,24.2,547.79,12.077,264.334,918.877,10,0.126,4.51,0.001,761.69,0.431,1
92.683312,23.976412,382.704,34.609,114.926,151.803,10,0.128,16.519,0.001,876.07,1.849,1
92.978996,22.381001,696.355,38.26,326.833,820.297,10,0.124,18.482,0.001,926.24,2.122,1
93.166359,23.801001,580.198,38.454,149.212,261.171,10,0.14,14.085,0.001,867.358,1.712,1
92.886963,22.848185,604.858,45.173,77.099,774.045,10,0.128,38.389,0.001,926.24,4.549,1
92.829948,22.902414,732.814,14.435,231.243,339.441,10,0.124,7.472,0.001,926.24,0.857,1
92.830469,23.825205,379.101,32.296,339.015,242.884,10,0.136,26.563,0.001,900.066,3.238,1
93.04422,24.046499,1230.369,30.933,156.785,434.697,10,0.131,10.996,0.05,929.52,66.719,1
92.966003,22.478001,475.153,34.565,151.748,121.442,10,0.126,12.5,0.05,926.24,72.562,1
92.615556,23.503611,658.288,39.982,160.022,625.899,10,0.127,19.392,0.05,867.28,107.247,1
93.350691,23.666608,1222.599,13.887,253.399,0.0,10,0.128,10.212,0.001,817.91,1.071,1
92.72374,22.993277,432.158,31.088,290.935,171.745,10,0.121,27.65,0.001,876.07,2.939,1
92.682278,23.722222,691.563,18.658,202.411,580.037,10,0.131,10.335,0.001,876.07,1.182,1
92.920425,23.017494,766.938,32.189,157.417,459.438,10,0.125,11.518,0.001,926.24,1.332,1
92.868912,23.442118,782.022,25.73,239.354,610.994,50,0.13,19.226,0.05,952.85,118.928,1
92.36,23.79,692.342,28.35,90.217,614.004,10,0.128,22.788,0.05,745.22,108.678,1
92.891212,23.113066,675.966,27.966,49.789,570.423,50,0.128,9.759,0.001,926.24,1.16,1
92.648759,23.298044,729.492,27.427,49.968,365.589,10,0.126,9.534,0.001,867.28,1.042,1
92.604694,23.590722,1000.249,5.245,28.351,494.234,10,0.129,1.165,0.01,867.28,1.301,1
92.892639,23.665806,410.713,31.152,254.137,128.809,10,0.135,11.087,0.001,952.85,1.427,1
92.730611,23.934222,788.758,25.568,42.425,945.574,10,0.129,11.559,0.001,876.07,1.303,1
92.842003,22.705,807.192,19.931,304.907,244.774,10,0.125,16.115,0.001,926.24,1.864,1
93.385722,23.397417,1046.638,13.061,17.306,558.172,10,0.129,3.778,0.45,730.42,159.75,1
92.805847,24.125294,703.218,19.559,56.683,643.328,30,0.127,8.309,0.05,797.4,41.883,1
92.870544,23.07859,414.142,19.333,201.312,67.888,10,0.126,8.189,0.001,926.24,0.957,1
92.805801,22.813019,928.708,39.919,180.754,96.008,10,0.125,25.544,0.001,926.24,2.946,1
93.298884,23.359579,1183.278,30.789,125.724,567.182,30,0.128,26.336,0.05,817.91,138.371,1
93.204251,23.604431,1028.93,33.641,68.193,346.163,10,0.135,12.119,0.001,926.24,1.519,1
92.750961,23.142357,872.928,34.663,242.04,724.212,10,0.123,16.548,0.001,797.4,1.627,1
92.795555,23.208055,981.235,32.627,143.629,843.564,30,0.125,18.156,0.05,797.4,90.221,1
92.870003,22.450001,459.668,28.312,82.412,96.008,10,0.125,17.242,0.001,926.24,2.004,1
92.964611,23.656556,1188.36,32.563,280.723,500.719,10,0.131,20.324,0.001,1008.45,2.685,1
93.074722,23.336389,1134.143,40.179,98.598,656.799,10,0.129,19.495,0.001,926.24,2.328,1
93.095612,23.887251,633.082,27.984,31.683,653.986,30,0.137,12.886,0.05,929.52,81.552,1
93.099533,23.244541,1096.405,27.383,275.508,589.495,10,0.13,12.556,0.001,926.24,1.51,1
92.715571,23.423348,1001.984,24.365,83.396,923.38,10,0.127,10.901,0.001,876.07,1.213,1
92.74583,22.88281,950.687,32.465,202.458,537.133,10,0.12,29.081,0.001,797.4,2.762,1
92.65,22.34,116.487,2.816,94.455,121.442,10,0.129,0.52,0.001,867.28,0.058,1
93.02,22.32,1252.203,25.221,251.361,580.037,10,0.122,8.616,0.001,926.24,0.974,1
93.027115,23.805779,725.451,32.468,174.077,589.495,10,0.139,20.255,0.001,981.889,2.754,1
92.569325,23.821894,706.042,29.585,176.406,163.497,10,0.125,21.366,0.001,831.961,2.227,1
93.376359,23.391352,1150.729,28.208,61.195,665.859,10,0.131,24.648,0.001,730.42,2.386,1
93.131588,23.548173,818.993,36.908,54.002,67.888,10,0.135,23.434,0.001,926.24,2.95,1
92.826431,22.862442,1013.49,18.484,146.264,761.438,50,0.128,5.867,0.01,926.24,6.89,1
93.014317,23.462173,1471.641,21.031,146.321,656.799,10,0.126,6.892,0.001,926.24,0.806,1
93.085929,23.64119,1132.536,28.358,307.541,692.327,10,0.136,9.922,0.001,926.24,1.238,1
92.87,24.37,143.5,28.378,163.559,184.676,10,0.133,13.103,0.001,952.85,1.652,1
93.025055,23.794195,563.559,13.693,297.893,316.973,10,0.134,4.013,0.001,969.518,0.52,1
92.87909,23.440973,630.086,23.372,30.342,30.361,10,0.132,12.184,0.001,952.85,1.53,1
93.19938,23.908861,633.913,16.173,26.568,30.361,10,0.134,6.542,0.001,893.33,0.782,0
92.612619,23.121759,772.331,41.125,87.234,828.681,10,0.122,19.988,0.001,867.28,2.121,0
93.029428,22.20464,947.41,17.802,113.049,706.168,10,0.125,5.596,0.05,926.24,32.446,0
93.100534,22.468886,1147.873,43.209,22.519,333.966,10,0.124,15.961,0.001,926.24,1.838,0
92.858383,23.523722,715.452,30.365,144.138,60.721,10,0.132,10.759,0.001,952.85,1.357,0
93.142346,23.226868,909.493,6.655,62.074,364.326,10,0.13,1.586,0.001,926.24,0.192,0
92.9658,24.005115,685.778,5.329,83.373,558.172,30,0.138,1.189,0.05,1008.45,8.252,0
92.931023,22.957359,805.004,9.249,75.085,668.622,10,0.128,2.426,0.01,926.24,2.863,0
93.314167,23.442269,1467.127,36.552,217.791,422.873,10,0.133,23.182,0.001,817.91,2.512,0
92.98201,23.388693,1298.861,29.415,147.991,704.207,10,0.126,10.363,0.001,926.24,1.205,0
92.58141,23.050233,160.599,14.575,164.823,346.163,10,0.13,4.345,0.001,867.28,0.489,0
92.42257,23.264827,84.912,11.402,154.999,125.18,10,0.132,3.175,0.001,770.29,0.323,0
93.22991,23.987458,711.779,24.587,175.28,322.737,10,0.131,12.963,0.001,893.33,1.522,0
93.100835,23.316829,1130.253,25.833,57.832,614.004,10,0.129,11.705,0.001,926.24,1.398,0
93.225879,23.237206,1050.155,18.916,173.777,721.662,10,0.13,10.514,0.001,926.24,1.26,0
92.775189,23.037864,1095.631,36.121,51.723,622.946,10,0.124,17.336,0.001,797.4,1.707,0
92.911357,22.61308,1146.428,13.157,266.126,463.434,30,0.123,9.533,0.001,926.24,1.084,0
93.118388,23.257503,1332.333,27.291,99.107,708.774,10,0.127,23.693,0.001,926.24,2.791,0
93.185106,23.442255,1107.875,12.429,18.844,343.49,10,0.132,3.546,0.001,926.24,0.433,0
93.174864,23.525975,1137.476,13.239,54.332,192.017,10,0.13,9.609,0.001,926.24,1.155,0
92.746335,23.727807,791.283,27.454,219.174,184.676,30,0.13,9.545,0.05,797.4,49.476,0
92.771911,23.278099,744.037,2.6,260.414,60.721,40,0.126,0.959,0.15,797.4,14.491,0
93.218043,23.065358,514.619,3.812,241.707,0.0,10,0.126,1.924,0.001,926.24,0.224,0
92.85622,23.024276,894.917,9.938,124.839,915.359,10,0.123,3.511,0.001,926.24,0.4,0
93.1578,23.410987,1069.641,5.114,242.4,194.402,10,0.131,1.127,0.001,926.24,0.137,0
92.808508,22.676775,760.625,15.158,170.605,576.85,30,0.121,7.951,0.05,926.24,44.691,0
93.128892,22.919032,696.494,21.139,172.764,472.299,30,0.128,17.34,0.001,926.24,2.055,0
92.752439,23.315229,774.701,22.67,37.922,370.598,10,0.125,9.978,0.001,797.4,0.993,0
92.502864,22.786298,60.172,7.958,229.626,214.681,10,0.13,3.479,0.001,780.84,0.353,0
92.70516,23.72982,895.771,16.753,263.183,85.873,10,0.136,5.183,0.001,876.07,0.686,0
92.599384,22.096332,210.31,7.149,12.652,0.0,10,0.124,4.349,0.001,867.28,0.467,0
92.556133,23.785788,668.819,32.314,319.981,598.803,10,0.127,20.144,0.001,780.84,2.011,0
92.947043,23.771208,1217.033,17.991,269.46,700.927,10,0.133,12.35,0.01,890.221,14.601,0
93.187776,23.523153,1252.996,19.177,109.516,794.611,10,0.133,15.358,0.001,926.24,1.844,0
93.071123,22.74627,1043.627,18.742,52.79,475.218,30,0.125,5.969,0.05,926.24,34.44,0
92.677104,23.209588,892.815,32.599,110.553,863.543,10,0.124,20.35,0.001,876.07,2.205,0
93.124323,23.984862,1184.68,13.754,235.798,431.504,10,0.129,6.262,0.001,850.2,0.684,0
92.754463,22.86622,1062.995,42.989,247.015,729.285,10,0.119,39.688,0.001,797.4,3.768,0
93.144598,23.109094,1078.963,14.717,259.028,505.3,10,0.129,4.399,0.001,926.24,0.524,0
92.97923,23.735403,1200.371,31.236,288.923,728.653,10,0.133,14.675,0.001,1008.45,1.96,0
93.18327,23.6259,831.632,24.362,37.946,30.361,10,0.134,15.724,0.001,926.24,1.956,0
92.711506,22.851179,471.943,29.42,106.376,576.051,10,0.125,18.047,0.001,876.07,1.975,0
92.837735,22.813784,975.833,36.051,132.3,546.49,10,0.124,17.299,0.001,926.24,1.989,0
92.853766,23.891069,658.589,36.789,239.947,656.799,10,0.134,17.696,0.001,952.85,2.255,0
93.095053,23.28085,1312.371,16.252,69.615,744.298,10,0.127,12.471,0.001,926.24,1.472,0
92.928232,23.693917,851.695,13.027,299.45,517.021,10,0.131,8.651,0.001,1008.45,1.143,0
92.808877,22.118359,623.399,20.676,33.385,480.042,30,0.126,8.904,0.05,926.24,52.021,0
92.967655,22.488449,784.018,17.445,270.844,625.899,30,0.124,10.384,0.05,926.24,59.799,0
92.581553,23.860026,846.676,26.447,90.627,614.754,10,0.129,12.042,0.001,824.867,1.276,0
92.714057,22.336849,404.941,22.301,22.488,668.622,10,0.126,15.175,0.001,926.24,1.766,0
92.942634,22.874297,714.573,18.82,302.991,688.321,10,0.13,6.001,0.001,926.24,0.722,0
92.920456,23.879604,1179.264,37.046,252.743,774.045,10,0.129,33.788,0.001,952.85,4.155,0
92.363172,23.181328,102.325,21.527,221.529,42.936,10,0.129,11.009,0.05,745.22,52.724,0
93.315941,23.410034,1171.414,21.567,97.065,394.687,10,0.13,17.775,0.001,817.91,1.892,0
92.60702,22.337534,135.858,20.236,207.977,30.361,10,0.126,6.57,0.001,867.28,0.721,0
92.628188,23.815074,214.277,38.743,129.286,312.581,10,0.132,18.739,0.001,850.736,2.099,0
92.754557,23.729472,940.159,13.825,156.915,546.49,10,0.132,4.062,0.001,797.4,0.428,0
93.095648,23.289212,1327.871,19.868,89.27,547.332,50,0.129,9.964,0.05,926.24,59.37,0
92.504646,22.862701,323.636,29.903,65.397,1002.358,10,0.124,10.567,0.001,780.84,1.019,0
93.10391,22.919948,1155.41,28.819,221.783,583.997,30,0.13,15.696,0.05,926.24,94.951,0
93.089746,22.860336,827.784,26.727,278.3,408.459,30,0.126,23.105,0.05,926.24,134.586,0
93.227346,23.547918,1302.817,34.592,243.124,508.935,10,0.129,16.509,0.001,926.24,1.977,0
92.389417,22.934399,99.556,14.074,0.632,731.179,10,0.127,5.483,0.001,770.29,0.538,0
92.749297,23.765237,994.249,22.34,158.962,355.361,10,0.131,9.8,0.001,797.4,1.027,0
92.48309,23.225024,776.491,37.43,64.385,610.994,10,0.123,23.803,0.001,780.84,2.291,0
92.492854,23.701586,858.268,25.639,16.281,777.609,10,0.129,11.598,0.001,780.84,1.167,0
93.249501,23.58534,1276.609,16.182,122.687,464.427,30,0.127,6.547,0.001,926.24,0.772,0
92.774455,23.271704,786.363,5.329,241.68,394.687,10,0.123,2.973,0.001,797.4,0.293,0
92.857536,23.445535,792.033,11.021,86.605,154.809,10,0.129,7.598,0.001,952.85,0.932,0
92.507604,22.915473,92.128,15.836,190.82,96.008,10,0.127,6.37,0.001,780.84,0.632,0
92.986963,23.781665,888.558,24.557,199.107,665.859,30,0.136,8.341,0.05,858.801,49.262,0
92.91798,22.468037,757.028,29.191,285.656,370.598,10,0.124,13.551,0.001,926.24,1.561,0
92.436676,23.061618,104.816,7.599,231.252,42.936,10,0.129,1.882,0.001,770.29,0.186,0
93.100064,22.978,959.632,21.814,220.095,485.769,10,0.128,7.211,0.001,926.24,0.856,0
92.645669,23.446457,597.161,14.248,58.201,288.025,10,0.129,4.221,0.001,867.28,0.471,0
92.71389,22.87735,561.829,7.696,193.296,405.06,10,0.124,1.913,0.01,876.07,2.076,0
92.962907,23.552079,1484.04,13.44,144.546,412.948,40,0.125,6.822,0.05,1008.45,42.858,0
92.60668,22.338098,137.629,18.758,268.883,91.082,10,0.127,7.885,0.001,867.28,0.865,0
92.900489,23.750242,622.696,33.515,344.306,151.803,10,0.134,21.011,0.001,952.85,2.69,0
92.978966,23.209258,806.698,31.369,236.256,303.605,10,0.128,14.748,0.001,926.24,1.732,0
92.446328,23.911977,146.788,17.794,319.107,151.803,10,0.133,7.38,0.001,761.69,0.747,0
92.580283,23.645887,846.231,37.697,188.422,365.589,10,0.126,21.383,0.001,867.28,2.345,0
92.742986,23.743065,828.932,26.732,124.596,394.687,10,0.128,23.11,0.05,797.4,117.491,0
92.734626,23.819162,1287.45,8.217,98.639,905.742,50,0.165,2.083,0.01,854.523,2.829,0
93.079343,23.310674,776.057,25.758,215.756,42.936,10,0.128,22.097,0.001,926.24,2.628,0
92.547691,23.18705,535.705,18.68,68.313,151.803,30,0.121,13.657,0.05,780.84,64.489,0
92.701742,23.482632,965.555,19.439,120.332,339.441,10,0.129,9.696,0.001,876.07,1.094,0
92.928765,22.943702,671.149,31.927,257.508,261.171,10,0.127,11.409,0.001,926.24,1.339,0
92.74178,23.770962,1129.041,25.993,49.322,543.106,10,0.131,17.013,0.05,876.07,99.911,0
92.725985,22.628846,501.97,2.157,12.095,698.952,10,0.127,0.368,0.001,876.07,0.041,0
92.617329,22.089959,272.346,10.353,199.127,194.402,10,0.123,2.805,0.001,867.28,0.302,0
92.961414,22.367482,283.504,40.749,46.712,214.681,10,0.125,26.117,0.001,926.24,3.03,0
93.050425,23.842924,1024.598,32.456,264.747,455.408,10,0.139,18.046,0.001,854.889,2.218,0
92.769407,22.314934,372.205,20.877,163.896,547.332,10,0.127,17.073,0.001,926.24,2.008,0
92.319509,23.757884,148.082,23.853,299.65,60.721,10,0.128,12.492,0.001,745.22,1.191,0
92.941052,23.96729,773.687,20.661,83.189,0.0,10,0.134,16.854,0.001,1008.45,2.276,0
93.318307,23.129515,1476.764,28.645,183.717,791.706,30,0.128,19.116,0.001,817.91,2.001,0
92.4096,22.965893,65.859,8.404,184.036,60.721,10,0.129,2.144,0.001,770.29,0.213,0
93.000224,22.497677,1121.023,33.298,240.157,472.299,10,0.122,22.801,0.001,926.24,2.566,0
93.182713,23.522247,1206.641,15.216,292.197,576.051,10,0.13,4.589,0.001,926.24,0.553,0
93.134859,23.17062,938.009,16.245,39.087,425.048,10,0.13,10.209,0.001,926.24,1.225,0
92.981826,22.794263,1115.043,17.659,93.048,177.031,10,0.126,9.645,0.001,926.24,1.126,0
92.87797,22.55398,706.546,33.356,192.474,177.031,30,0.124,28.903,0.05,926.24,165.757,0
92.653003,24.263478,55.019,16.164,75.888,109.466,10,0.125,6.537,0.001,761.69,0.625,0
92.650267,23.841335,301.783,19.404,352.796,339.441,10,0.131,11.868,0.001,837.829,1.303,0
92.471211,23.750281,463.136,42.22,250.979,273.245,10,0.127,38.942,0.001,770.29,3.812,0
92.97247,23.691815,1107.207,14.054,222.729,448.268,50,0.136,4.148,0.01,1008.45,5.696,0
93.347158,23.244534,1419.449,23.785,43.122,698.292,10,0.127,10.584,0.001,817.91,1.101,0
92.84856,22.102503,189.261,2.98,110.435,203.665,30,0.13,0.559,0.001,926.24,0.067,0
93.070619,23.838818,791.265,29.075,39.853,237.123,10,0.144,13.487,0.001,863.206,1.673,0
93.295826,23.464106,1571.926,17.704,2.447,674.113,10,0.129,12.767,0.001,817.91,1.343,0
92.781037,22.501671,209.815,21.784,223.426,429.363,10,0.131,14.741,0.001,926.24,1.786,0
92.895904,22.333305,320.18,20.262,245.686,471.322,10,0.124,6.58,0.001,926.24,0.756,0
93.135806,23.217856,738.771,38.936,227.481,109.466,10,0.129,27.182,0.001,926.24,3.242,0
92.641622,23.836036,365.594,10.325,288.164,154.809,10,0.131,3.688,0.001,855.86,0.412,0
92.897106,23.092225,749.588,31.444,38.161,524.104,10,0.124,17.393,0.001,926.24,1.988,0
93.0464,23.128349,1268.609,7.675,84.005,91.082,30,0.126,4.767,0.05,926.24,27.799,0
92.40568,23.258692,106.177,7.155,314.896,194.402,10,0.131,1.741,0.001,770.29,0.176,0
92.781836,23.048544,1003.979,21.465,323.638,721.662,10,0.122,9.327,0.001,797.4,0.904,0
92.919856,24.115657,807.939,21.437,116.267,651.868,10,0.133,7.058,0.05,952.85,44.818,0
92.364793,23.40559,101.953,10.253,206.219,192.017,10,0.13,2.77,0.001,745.22,0.267,0
92.95115,22.549186,638.479,37.508,68.791,494.234,30,0.123,26.086,0.05,926.24,149.055,0
92.782647,23.436175,1272.349,16.705,39.673,547.332,10,0.128,10.576,0.001,797.4,1.09,0
92.607333,22.178374,345.449,31.58,93.115,369.352,30,0.121,14.864,0.05,867.28,78.393,0
93.413909,23.666118,947.797,2.538,228.254,67.888,10,0.127,0.705,0.15,730.42,9.847,0
93.37021,23.607883,1044.987,25.637,121.327,121.442,10,0.133,8.789,0.001,817.91,0.96,0
92.793395,23.257097,817.048,28.189,316.003,60.721,10,0.123,12.999,0.05,797.4,63.752,0
93.341866,23.475798,1289.336,2.868,200.313,171.745,80,0.129,0.702,0.05,817.91,3.706,0
92.643419,22.370444,96.772,7.822,284.159,91.082,10,0.128,2.578,0.001,867.28,0.286,0
93.219118,23.051762,873.971,17.15,275.965,754.14,10,0.129,10.932,0.001,926.24,1.312,0
92.706371,23.494148,1081.568,6.659,313.956,678.882,10,0.128,1.587,0.001,876.07,0.178,0
92.975325,23.692083,1200.12,24.862,205.574,645.474,30,0.135,8.467,0.05,1008.45,57.878,0
92.984152,23.659708,871.993,32.628,357.915,109.466,10,0.131,29.249,0.001,1008.45,3.859,0
93.120438,23.778792,1064.406,17.312,125.398,531.093,10,0.13,11.063,0.001,946.57,1.357,0
92.60802,22.956801,111.261,13.313,335.725,589.495,10,0.129,3.871,0.001,867.28,0.433,0
92.403024,23.275236,92.051,3.304,248.301,128.809,10,0.13,0.639,0.001,770.29,0.064,0
92.676752,24.237432,693.608,4.822,118.658,988.468,50,0.131,1.045,0.01,761.69,1.03,0
92.938989,23.285486,789.678,22.822,133.53,365.589,10,0.129,7.625,0.001,926.24,0.914,0
92.58796,22.677274,188.785,26.949,340.909,96.008,10,0.127,9.335,0.001,867.28,1.024,0
92.543303,23.767377,615.802,20.95,132.08,431.504,10,0.128,6.859,0.001,780.84,0.688,0
92.75841,22.369957,529.066,15.196,220.562,733.696,10,0.127,6.045,0.001,926.24,0.71,0
92.473212,22.795405,43.615,2.31,202.292,67.888,10,0.132,0.623,0.001,780.84,0.064,0
93.109624,22.493037,986.583,10.646,58.527,480.042,30,0.124,4.511,0.05,926.24,25.867,0
92.581683,23.853235,855.595,33.48,47.372,614.754,10,0.128,18.704,0.001,833.269,2.0,0
92.541425,24.193914,44.663,3.084,281.068,154.809,30,0.125,0.585,0.05,761.69,2.777,0
93.29908,23.305009,1490.55,40.499,350.766,429.363,10,0.126,23.125,0.001,817.91,2.386,0
92.893965,22.518492,777.069,22.825,96.839,577.649,30,0.124,19.065,0.05,926.24,108.906,0
92.843467,22.680901,940.118,36.925,241.62,721.662,10,0.123,33.664,0.001,926.24,3.827,0
93.11784,23.158939,1232.112,11.49,282.694,921.881,50,0.128,6.565,0.45,926.24,351.527,0
92.950598,23.559252,1627.72,22.747,102.486,638.294,10,0.122,7.594,0.001,1008.45,0.931,0
92.854043,23.732331,896.962,25.934,96.727,774.045,10,0.131,11.76,0.001,952.85,1.466,0
92.528135,22.784403,484.807,40.276,236.097,1032.258,10,0.123,22.987,0.001,780.84,2.192,0
93.153599,23.486172,1349.845,30.843,125.986,335.343,10,0.13,10.958,0.001,926.24,1.323,0
92.723868,23.727462,935.563,17.723,10.07,412.948,50,0.0,5.565,0.01,876.07,0.0,0
92.58441,22.287737,121.964,5.553,288.785,407.329,10,0.123,1.254,0.001,867.28,0.134,0
92.713768,23.761353,554.918,18.896,60.027,163.497,10,0.133,15.077,0.001,876.07,1.753,0
93.143368,23.211857,828.24,38.678,239.439,271.553,10,0.128,30.872,0.001,926.24,3.677,0
92.781462,23.045338,915.273,30.13,213.947,366.848,10,0.121,16.544,0.001,797.4,1.596,0
93.410683,23.664174,950.491,0.587,78.484,60.721,40,0.13,0.118,0.15,730.42,1.667,0
93.217505,23.634113,1453.216,13.044,33.462,759.013,10,0.129,3.772,0.001,926.24,0.447,0
92.771952,22.499548,152.555,20.548,38.442,171.745,10,0.129,16.739,0.001,926.24,1.993,0
92.671706,23.224384,562.491,26.267,218.142,214.681,10,0.126,14.046,0.001,876.07,1.542,0
93.3447,23.483913,1371.615,11.142,239.533,335.343,10,0.131,4.067,0.001,817.91,0.432,0
92.653644,23.808335,133.471,6.271,308.815,497.95,10,0.132,1.468,0.001,833.211,0.162,0
92.674242,23.657782,946.022,15.243,181.33,854.961,10,0.128,6.069,0.001,876.07,0.68,0
93.381374,23.36048,719.988,13.786,211.858,237.123,10,0.132,4.047,0.05,730.42,19.467,0
92.596566,24.190842,160.227,11.554,249.136,637.571,10,0.127,3.229,0.001,761.69,0.313,0
93.329938,23.212633,1715.43,27.882,81.316,589.495,10,0.125,15.09,0.001,817.91,1.547,0
92.721851,23.627952,775.693,10.655,318.496,395.853,10,0.129,2.91,0.001,876.07,0.33,0
93.377421,23.690697,1482.229,19.11,0.624,607.969,10,0.126,8.071,0.001,730.42,0.743,0
92.745056,23.763599,974.731,28.918,140.824,339.441,30,0.129,25.388,0.05,797.4,130.256,0
93.215092,23.22555,757.036,24.012,147.438,237.123,10,0.129,20.288,0.001,926.24,2.43,0
92.931356,22.957602,782.283,20.216,65.304,674.113,30,0.128,6.562,0.05,926.24,38.701,0
92.854811,22.265544,430.25,18.418,247.083,625.899,10,0.127,5.84,0.001,926.24,0.689,0
93.242037,23.578117,1209.049,17.04,114.703,448.268,10,0.127,5.296,0.001,926.24,0.623,0
93.050183,23.468632,1223.096,16.417,117.909,494.234,10,0.128,5.053,0.001,926.24,0.596,0
92.5689,24.147471,96.742,14.525,288.446,261.171,10,0.127,6.713,0.001,761.69,0.649,0
92.560253,23.779038,732.912,19.305,129.495,394.687,10,0.128,8.174,0.001,780.84,0.822,0
92.821559,22.251432,130.09,26.05,103.66,60.721,10,0.128,15.601,0.001,926.24,1.862,0
92.848296,22.891868,438.541,32.169,247.695,91.082,50,0.125,11.51,0.001,926.24,1.333,0
93.040332,23.093192,1264.055,13.666,283.335,85.873,10,0.124,6.212,0.001,926.24,0.718,0
93.079886,22.292983,1083.562,15.981,229.555,395.853,10,0.124,4.883,0.001,926.24,0.561,0
93.334189,23.483528,1394.521,0.951,38.749,369.352,10,0.129,0.127,0.001,817.91,0.013,0
93.077993,22.29526,1088.079,6.634,202.203,655.394,30,0.125,1.579,0.05,926.24,9.131,0
93.079846,23.765108,967.561,12.882,27.536,640.456,10,0.139,3.712,0.001,898.376,0.465,0
92.722641,24.342,296.562,27.646,63.205,125.18,10,0.129,9.625,0.001,761.69,0.935,0
92.89468,22.461234,869.149,16.366,51.735,274.926,10,0.124,12.581,0.05,926.24,72.601,0
92.705335,22.939017,717.625,26.872,274.323,772.853,10,0.123,23.256,0.001,876.07,2.502,0
92.270291,23.751916,625.049,32.206,125.858,808.412,10,0.128,21.939,0.001,782.09,2.197,0
92.919768,23.869345,1201.557,28.67,280.554,286.421,10,0.128,23.095,0.001,760.019,2.24,0
92.742153,23.883285,1141.814,26.304,18.647,607.211,10,0.129,11.963,0.001,745.18,1.148,0
92.743042,23.839312,1294.917,21.623,51.102,945.574,30,0.128,17.833,0.05,840.293,95.644,0
93.046133,23.438231,1390.227,9.32,137.322,1005.113,10,0.127,2.45,0.05,926.24,14.388,0
93.018647,23.189203,923.466,13.778,150.872,564.739,10,0.133,10.111,0.001,926.24,1.24,0
92.954824,22.502922,296.93,18.606,327.1,30.361,10,0.126,14.787,0.001,926.24,1.728,0
92.975222,22.161788,791.059,30.397,201.314,791.706,10,0.128,10.772,0.001,926.24,1.271,0
92.80101,23.452458,1043.591,4.308,52.308,519.689,10,0.131,2.256,0.001,797.4,0.235,0
93.377018,23.589391,1213.947,10.189,12.963,316.973,10,0.127,4.264,0.001,730.42,0.396,0
93.145492,23.475528,1146.873,26.309,21.088,412.948,10,0.13,22.67,0.001,926.24,2.726,0
92.780258,23.345278,967.799,27.441,218.926,640.456,10,0.126,9.54,0.001,797.4,0.965,0
93.094879,23.010669,1266.003,17.422,43.02,1002.358,10,0.126,5.446,0.001,926.24,0.636,0
92.962554,23.683726,1124.769,13.603,100.216,728.653,10,0.137,5.25,0.01,1008.45,7.461,0
93.128598,23.38175,1289.365,18.333,51.726,598.033,30,0.126,14.516,0.001,926.24,1.698,0
92.753511,23.381291,1303.923,30.545,55.302,928.854,10,0.124,18.864,0.001,797.4,1.867,0
92.966425,23.50679,1472.237,27.04,148.109,530.224,10,0.125,9.373,0.001,1008.45,1.184,0
93.065794,23.710264,1095.71,27.441,214.47,977.685,10,0.138,16.61,0.001,929.52,2.122,0
92.680645,24.24296,504.64,19.247,118.322,339.441,10,0.127,15.428,0.001,761.69,1.49,0
92.737208,22.329151,162.309,11.134,295.434,151.803,10,0.131,5.362,0.001,926.24,0.647,0
92.636015,22.726875,527.561,10.033,107.013,271.553,10,0.122,3.554,0.001,867.28,0.377,0
92.729404,23.759145,1007.622,16.318,229.402,489.549,50,0.129,12.534,0.01,876.07,14.168,0
93.127615,23.233665,1167.1,2.705,177.969,645.474,10,0.13,0.493,0.001,926.24,0.059,0
92.765865,23.266279,786.168,14.529,204.773,365.589,30,0.123,5.71,0.05,797.4,27.942,0
92.715083,23.650311,857.42,18.211,306.184,570.423,10,0.13,5.758,0.001,876.07,0.653,0
92.724952,23.471583,976.344,16.478,63.7,395.853,30,0.128,12.69,0.05,876.07,71.29,0
92.963497,23.654354,1125.649,27.356,286.763,412.948,10,0.129,23.76,0.05,1008.45,154.944,0
92.528553,22.907321,99.231,4.779,29.106,177.031,10,0.129,1.032,0.001,780.84,0.104,0
92.764733,23.295702,866.333,8.938,258.531,700.927,10,0.126,2.321,0.001,797.4,0.233,0
93.063593,23.632364,794.212,8.354,202.605,214.681,40,0.132,2.127,0.15,926.24,38.865,0
92.489052,23.845161,1010.873,2.772,212.814,885.154,10,0.126,0.969,0.001,775.28,0.095,0
92.960154,22.951265,545.57,32.71,280.525,471.322,30,0.13,24.028,0.001,926.24,2.902,0
93.37403,23.36574,860.672,12.5,175.155,530.224,30,0.13,8.205,0.05,730.42,39.1,0
93.122016,22.364114,1474.396,23.643,93.725,744.298,30,0.121,19.906,0.05,926.24,112.042,0
92.77486,23.034065,1124.124,20.413,310.176,864.076,10,0.123,13.599,0.05,797.4,66.639,0
93.222714,23.566543,1061.383,5.48,55.455,0.0,10,0.129,3.082,0.001,926.24,0.369,0
92.619007,22.60614,101.205,5.114,266.262,257.618,10,0.126,1.127,0.001,867.28,0.123,0
93.305126,23.713048,1359.198,21.326,284.993,459.438,10,0.129,12.209,0.001,817.91,1.28,0
92.760548,22.902428,1121.643,15.747,125.536,1013.333,50,0.118,7.438,0.01,797.4,7.077,0
92.88993,23.111948,637.653,15.241,213.106,472.299,30,0.128,10.015,0.01,926.24,11.913,0
93.203462,23.073215,1038.515,28.932,53.245,653.986,10,0.128,13.408,0.001,926.24,1.594,0
92.727484,23.728226,854.995,27.816,195.056,309.618,50,0.0,18.458,0.01,876.07,0.0,0
93.058748,22.972391,1248.353,23.461,11.413,885.154,10,0.127,17.179,0.001,926.24,2.03,0
92.995928,22.155056,732.557,17.203,178.485,60.721,10,0.125,5.36,0.001,926.24,0.621,0
93.084983,22.296383,1168.604,23.238,12.619,394.687,10,0.125,13.574,0.001,926.24,1.571,0
92.626721,23.780873,349.379,9.19,59.748,794.611,10,0.13,2.406,0.001,867.28,0.272,0
92.862737,23.708071,846.891,15.001,8.019,558.172,10,0.132,11.266,0.001,952.85,1.421,0
92.636332,22.680944,191.733,24.094,18.083,151.803,10,0.126,8.149,0.001,867.28,0.89,0
93.122955,23.133493,684.572,16.161,185.024,30.361,10,0.129,6.536,0.001,926.24,0.779,0
93.343582,23.452733,1355.285,13.533,56.906,322.737,10,0.127,3.953,0.001,817.91,0.413,0
93.045964,22.735427,1342.073,26.285,310.002,625.899,30,0.124,17.244,0.05,926.24,98.616,0
92.594827,23.003123,87.953,1.312,143.182,109.466,10,0.13,0.193,0.001,867.28,0.022,0
93.377632,23.39132,1133.726,23.276,87.387,589.495,30,0.131,7.812,0.05,730.42,37.547,0
92.960676,24.276101,732.889,36.481,242.251,364.326,10,0.127,13.285,0.001,1008.45,1.698,0
93.321049,23.479902,1491.288,15.425,18.795,567.182,50,0.13,4.669,0.01,817.91,5.027,0
92.907513,22.770309,624.915,30.311,125.094,674.113,10,0.123,10.737,0.001,926.24,1.225,0
92.961557,22.363734,282.472,40.058,112.247,203.665,10,0.125,32.073,0.001,926.24,3.725,0
92.984538,22.392164,299.344,31.253,43.623,151.803,10,0.124,24.237,0.001,926.24,2.789,0
92.758995,23.301953,811.411,22.966,23.735,177.031,10,0.126,11.924,0.001,797.4,1.198,0
93.045803,23.435434,1362.058,10.646,122.222,979.098,30,0.126,2.907,0.01,926.24,3.417,0
92.712607,23.751567,697.766,31.109,281.814,386.427,10,0.129,17.177,0.001,876.07,1.957,0
92.797294,23.171409,986.28,5.033,305.162,583.997,10,0.122,1.104,0.01,797.4,1.08,0
92.633644,22.82287,90.913,30.311,340.533,125.18,10,0.128,18.693,0.001,867.28,2.069,0
92.501854,22.934607,65.76,10.626,237.525,151.803,10,0.13,6.316,0.001,780.84,0.64,0
92.721016,23.707693,893.234,25.786,138.997,537.133,10,0.13,22.126,0.001,876.07,2.519,0
92.727949,23.791431,1238.345,22.999,82.835,882.547,50,0.13,13.402,0.01,825.914,14.179,0
93.372005,23.536536,1546.576,5.859,274.22,386.427,50,0.126,1.774,0.01,817.91,1.843,0
92.803982,22.34813,106.718,22.474,257.277,42.936,50,0.129,14.242,0.001,926.24,1.709,0
93.353542,23.230576,1115.776,26.75,44.943,684.965,10,0.131,18.945,0.001,817.91,2.021,0
92.633911,22.450914,97.704,9.132,227.081,339.441,30,0.126,2.386,0.05,867.28,12.994,0
93.231507,23.165358,1013.233,17.499,195.603,42.936,10,0.129,5.476,0.001,926.24,0.652,0
93.088713,23.416429,719.184,5.255,38.127,497.95,10,0.136,1.168,0.001,926.24,0.147,0
92.93771,23.36593,921.216,29.443,48.668,366.848,10,0.127,13.69,0.001,1008.45,1.769,0
92.595306,23.852056,510.41,26.102,18.847,674.113,10,0.127,18.392,0.001,835.917,1.951,0
93.342355,23.437682,1414.282,16.937,345.694,668.622,10,0.13,12.074,0.001,817.91,1.298,0
93.356751,23.467951,1301.286,7.222,248.184,60.721,40,0.128,2.326,0.15,817.91,36.496,0
93.294627,23.07865,1266.442,15.534,165.634,300.554,10,0.129,10.26,0.001,817.91,1.088,0
92.483035,23.233996,843.209,26.539,98.201,910.816,10,0.123,15.955,0.001,780.84,1.531,0
92.724469,22.512973,538.396,29.753,244.576,279.91,10,0.123,22.877,0.001,926.24,2.618,0
93.011733,22.32602,1103.134,5.009,103.031,543.106,10,0.124,1.097,0.001,926.24,0.126,0
93.355965,23.472393,1351.72,23.127,206.161,309.618,10,0.129,7.75,0.05,817.91,40.78,0
92.895847,23.089305,923.919,15.997,36.969,672.059,10,0.123,4.89,0.001,926.24,0.558,0
92.855786,23.858548,459.483,22.892,3.225,218.933,10,0.135,10.099,0.001,816.178,1.122,0
93.088333,22.874664,1053.463,2.557,225.148,577.649,10,0.13,1.146,0.05,926.24,6.914,0
93.206775,23.659616,1308.544,20.53,332.857,339.441,10,0.129,8.826,0.001,926.24,1.054,0
92.863549,22.369642,284.48,22.146,198.854,151.803,10,0.124,18.368,0.001,926.24,2.118,0
92.665322,22.839523,293.396,22.559,160.151,261.171,10,0.128,18.791,0.001,876.07,2.103,0
93.016576,23.900126,1129.648,7.897,284.455,346.163,10,0.136,1.978,0.001,929.52,0.25,0
92.934743,23.534013,1135.649,9.796,160.523,60.721,10,0.13,6.53,0.001,1008.45,0.853,0
92.917768,24.125528,792.066,13.345,244.163,833.672,10,0.131,3.883,0.001,952.85,0.486,0
92.438645,23.040722,192.456,25.165,38.28,128.809,10,0.129,11.338,0.001,770.29,1.123,0
93.112113,23.396927,1104.059,28.897,244.705,530.224,10,0.133,13.389,0.001,926.24,1.652,0
92.956946,23.393709,809.732,29.521,22.643,448.268,30,0.129,19.812,0.05,926.24,118.877,0
93.254671,23.229673,1309.193,21.718,282.639,214.681,30,0.126,17.93,0.05,926.24,104.748,0
92.633103,24.219345,170.648,2.88,142.652,384.034,10,0.129,0.535,0.001,761.69,0.052,0
92.492173,23.812576,919.631,41.03,147.312,554.028,10,0.125,34.717,0.001,781.897,3.396,0
93.099985,23.595132,698.877,15.369,83.403,0.0,10,0.132,11.618,0.001,926.24,1.424,0
92.961924,22.452974,700.532,22.436,104.623,471.322,50,0.123,9.852,0.01,926.24,11.245,0
92.647583,23.522851,262.237,19.35,170.409,154.809,10,0.127,15.531,0.001,867.28,1.721,0
93.299048,23.288661,1582.02,28.002,186.166,421.782,10,0.127,18.606,0.001,817.91,1.922,0
93.091325,23.753889,1269.676,48.788,216.952,768.068,10,0.135,27.994,0.05,912.66,169.266,0
92.92243,24.069912,653.207,37.991,126.473,299.017,10,0.13,18.339,0.001,1008.45,2.402,0
93.261561,23.871142,1572.846,25.989,142.045,237.123,10,0.128,11.79,0.001,893.33,1.347,0
93.159922,23.438788,704.762,4.178,220.78,171.745,10,0.134,0.867,0.001,926.24,0.108,0
92.764068,23.426712,1391.697,24.354,27.095,760.833,10,0.127,15.718,0.001,797.4,1.585,0
93.402992,23.545441,1155.587,39.42,119.467,672.059,10,0.13,14.472,0.001,730.42,1.381,0
92.649244,22.356543,96.544,1.932,55.137,30.361,10,0.129,0.42,0.001,867.28,0.047,0
93.200644,23.423325,1162.876,15.359,260.26,163.497,10,0.13,11.609,0.001,926.24,1.404,0
93.083285,23.174029,842.415,31.056,142.419,96.008,10,0.131,14.576,0.001,926.24,1.765,0
92.854906,23.477593,904.949,26.438,328.037,395.853,10,0.13,18.679,0.001,952.85,2.303,0
92.715081,24.334555,455.465,17.961,127.35,1046.888,10,0.126,7.467,0.001,761.69,0.715,0
92.327675,24.080567,75.538,2.911,223.58,214.681,10,0.126,1.356,0.001,814.07,0.14,0
92.838105,22.2755,179.165,12.45,252.937,333.966,10,0.13,4.689,0.001,926.24,0.565,0
92.792398,23.742734,364.15,14.629,122.059,182.163,10,0.134,10.912,0.001,797.4,1.157,0
93.220128,23.674947,1174.691,43.332,313.564,125.18,10,0.13,30.473,0.001,926.24,3.679,0
92.87732,23.868462,997.815,12.955,341.675,734.323,50,0.137,3.739,0.001,761.109,0.391,0
93.139737,23.749939,941.278,7.032,103.04,706.168,30,0.136,2.964,0.05,902.674,18.101,0
93.185304,23.49508,856.584,13.506,222.55,121.442,30,0.128,3.943,0.05,926.24,23.446,0
92.793061,23.706917,235.616,36.494,179.402,96.008,10,0.136,17.538,0.001,797.4,1.909,0
92.949773,22.997231,302.271,35.135,250.122,151.803,10,0.13,31.836,0.001,926.24,3.833,0
92.39808,23.037513,47.409,3.498,193.237,451.342,10,0.129,1.722,0.001,770.29,0.172,0
93.069324,23.760752,928.62,22.268,345.224,554.028,30,0.144,11.48,0.001,900.631,1.501,0
92.672061,24.232109,692.637,7.365,333.12,744.298,30,0.188,1.808,0.05,761.69,10.488,0
92.733076,22.621464,478.67,14.094,200.516,480.042,10,0.126,4.163,0.001,876.07,0.46,0
93.046433,22.264688,1182.777,22.264,103.463,456.419,30,0.123,12.877,0.05,926.24,73.755,0
92.87124,22.455664,584.271,21.634,202.171,456.419,30,0.126,7.138,0.05,926.24,41.556,0
93.017221,22.321584,1158.593,15.145,268.612,388.805,10,0.123,4.562,0.001,926.24,0.519,0
92.495497,22.785737,48.561,5.511,80.372,85.873,10,0.131,3.105,0.001,780.84,0.318,0
92.81385,22.815007,1205.169,17.78,254.023,522.342,10,0.121,5.587,0.001,926.24,0.63,0
93.390658,23.47498,972.482,36.165,68.484,386.427,10,0.131,32.891,0.001,730.42,3.137,0
92.698219,22.70549,100.422,12.621,171.775,0.0,10,0.127,9.039,0.001,876.07,1.001,0
92.408932,23.271636,79.85,10.478,212.325,192.017,10,0.131,2.848,0.001,770.29,0.289,0
92.731345,23.789754,1100.686,20.051,71.3,644.044,10,0.124,6.495,0.001,827.464,0.67,0
93.351229,23.624921,1240.391,26.77,329.849,316.973,10,0.128,20.168,0.001,817.91,2.116,0
92.405588,22.921223,79.324,1.458,111.27,279.91,10,0.125,0.221,0.001,770.29,0.021,0
93.078782,22.485068,1313.268,10.918,330.396,882.547,30,0.125,5.229,0.05,926.24,29.993,0
92.717852,23.582322,927.798,20.227,174.209,674.113,30,0.132,6.566,0.001,876.07,0.756,0
92.797364,22.288861,188.544,9.952,311.679,0.0,10,0.129,6.664,0.001,926.24,0.786,0
93.050831,23.972108,735.729,8.013,89.649,171.745,10,0.129,5.039,0.001,929.52,0.609,0
93.192766,23.544199,1228.408,24.14,257.927,530.224,10,0.128,14.222,0.05,926.24,85.001,0
92.669556,23.307938,540.365,28.257,25.01,212.524,10,0.128,20.231,0.001,876.07,2.269,0
93.011172,22.643453,1121.944,31.531,218.42,242.884,10,0.125,17.45,0.001,926.24,2.017,0
92.820327,22.823725,1454.65,16.025,265.859,744.298,10,0.12,6.466,0.001,926.24,0.719,0
92.713225,23.701014,969.646,14.416,188.05,489.549,30,0.13,5.653,0.001,876.07,0.644,0
93.208748,23.569288,1281.441,25.384,326.687,537.99,10,0.13,11.458,0.001,926.24,1.369,0
93.013767,23.517889,769.679,33.609,61.185,171.745,10,0.134,21.078,0.001,926.24,2.615,0
92.881929,22.254618,292.425,15.976,73.895,480.042,10,0.125,4.881,0.001,926.24,0.565,0
92.461897,22.876513,62.451,10.294,206.43,286.421,30,0.129,3.674,0.001,770.29,0.365,0
92.952789,22.492515,590.85,17.83,260.047,386.427,30,0.125,5.607,0.05,926.24,32.394,0
92.623373,23.923807,208.475,17.734,355.637,576.85,10,0.134,8.642,0.001,867.28,1.004,0
92.993083,23.792255,858.631,15.035,109.726,543.106,10,0.143,4.52,0.05,944.437,30.564,0
92.925384,22.021322,62.126,15.259,251.532,30.361,10,0.131,8.018,0.001,926.24,0.974,0
92.696295,23.740252,1015.212,14.188,277.339,547.332,10,0.131,4.198,0.001,876.07,0.48,0
92.730084,23.749011,850.847,32.456,119.242,42.936,30,0.13,15.344,0.05,876.07,87.706,0
92.46241,23.585656,763.528,17.539,199.329,497.95,10,0.127,5.492,0.001,770.29,0.538,0
92.898457,22.178883,508.047,25.593,48.777,614.754,10,0.125,11.573,0.001,926.24,1.342,0
92.845012,22.958104,743.482,29.664,190.836,346.163,10,0.125,21.433,0.001,926.24,2.471,0
93.332934,23.478519,1371.991,34.525,20.325,257.618,10,0.13,19.373,0.001,817.91,2.064,0
93.115338,23.61085,1008.272,36.753,15.793,257.618,10,0.135,13.396,0.001,926.24,1.683,0
92.748562,23.400117,1281.926,12.405,83.792,625.899,50,0.122,4.667,0.01,797.4,4.551,0
92.494562,23.892771,801.18,10.038,235.236,708.123,10,0.128,2.696,0.001,773.713,0.267,0
93.215171,23.985477,1208.236,7.768,334.196,816.919,10,0.127,1.937,0.001,893.33,0.22,0
93.094579,23.327724,1249.544,32.395,299.94,731.179,10,0.129,15.311,0.001,926.24,1.832,0
93.258724,23.455697,847.577,19.918,166.915,109.466,10,0.128,6.441,0.001,926.24,0.766,0
92.588852,22.849231,452.734,8.489,220.486,614.754,10,0.124,5.429,0.001,867.28,0.581,0
92.829067,22.91269,715.333,29.697,179.04,96.008,10,0.123,13.829,0.001,926.24,1.58,0
92.831688,23.116925,713.21,23.67,56.688,789.958,10,0.126,15.18,0.001,797.4,1.518,0
92.943386,22.534039,374.328,33.154,312.65,485.769,10,0.127,22.688,0.001,926.24,2.675,0
92.825909,22.689299,813.845,45.748,108.995,666.55,10,0.122,22.333,0.001,926.24,2.532,0
93.181527,23.463144,799.161,19.707,136.724,151.803,30,0.13,6.356,0.05,926.24,38.304,0
92.9274,22.547404,419.729,29.233,70.106,429.363,10,0.128,10.287,0.001,926.24,1.21,0
92.676353,24.224737,660.176,6.919,192.64,610.239,50,0.169,4.168,0.01,761.69,4.221,0
93.038797,23.947445,1040.084,26.698,272.833,580.037,10,0.135,14.324,0.001,929.52,1.787,0
92.629062,23.803979,91.415,23.598,307.922,42.936,10,0.135,19.86,0.001,805.662,2.156,0
92.990291,23.840379,1029.73,27.684,34.6,1048.648,10,0.134,14.961,0.001,834.577,1.666,0
92.957938,24.229562,533.72,26.234,182.737,619.236,30,0.129,19.682,0.05,1008.45,128.385,0
92.536543,22.622324,74.685,9.148,177.677,322.737,10,0.124,2.392,0.001,780.84,0.232,0
93.219505,23.28249,1141.172,27.208,305.864,508.935,10,0.127,12.46,0.001,926.24,1.461,0
92.559339,23.709393,1035.353,19.73,305.229,655.394,10,0.126,6.366,0.001,780.84,0.628,0
92.782124,23.969379,860.362,20.375,129.083,656.799,10,0.13,10.283,0.001,797.4,1.063,0
92.482195,23.243836,886.137,10.37,137.293,833.672,10,0.125,2.811,0.001,780.84,0.272,0
92.506392,22.846934,347.031,12.816,341.839,820.297,10,0.124,8.031,0.001,780.84,0.781,0
92.910944,22.68432,1018.018,19.515,253.535,859.262,30,0.126,6.279,0.05,926.24,36.532,0
92.857578,22.656885,785.775,22.424,244.856,67.888,10,0.122,15.278,0.001,926.24,1.725,0
92.705505,23.484708,925.393,16.427,221.763,192.017,10,0.13,6.672,0.001,876.07,0.758,0
93.329343,23.485958,1395.474,26.217,17.955,395.853,10,0.128,11.915,0.05,817.91,62.385,0
92.987175,22.493283,1081.73,20.495,34.5,719.743,50,0.121,6.674,0.01,926.24,7.494,0
92.676907,22.846495,380.792,8.278,114.841,825.896,10,0.124,2.102,0.001,876.07,0.228,0
93.292773,23.472769,1255.266,34.775,78.741,516.129,10,0.131,16.609,0.001,817.91,1.775,0
92.820389,22.857654,1059.674,18.044,343.672,486.716,50,0.122,7.51,0.01,926.24,8.517,0
92.787644,23.045449,948.155,16.977,65.17,339.441,10,0.124,10.794,0.001,797.4,1.065,0
92.778978,23.417587,1262.596,22.028,230.683,645.474,10,0.128,7.299,0.001,797.4,0.749,0
93.248819,23.63972,1342.287,19.421,160.11,564.739,10,0.126,6.241,0.001,926.24,0.73,0
92.686696,22.540397,423.174,8.104,33.681,244.774,10,0.124,5.114,0.001,876.07,0.556,0
92.753915,22.400289,653.95,17.65,74.302,708.123,10,0.124,5.536,0.001,926.24,0.634,0
92.669794,23.738326,892.638,4.121,291.332,459.438,50,0.127,0.852,0.001,876.07,0.095,0
92.628204,23.888975,146.673,5.01,330.223,177.031,10,0.135,1.703,0.001,794.272,0.182,0
93.122112,22.392525,1410.291,48.322,92.138,407.329,10,0.123,31.117,0.001,926.24,3.545,0
92.662349,22.242374,113.369,2.006,34.892,182.163,10,0.124,0.836,0.001,876.07,0.091,0
92.810689,23.431866,869.285,8.449,38.759,583.207,40,0.128,2.158,0.15,797.4,33.054,0
93.121658,23.890243,769.202,18.492,234.138,244.774,30,0.138,7.745,0.05,850.2,45.417,0
93.210089,23.088912,981.958,19.732,144.064,537.99,30,0.128,6.366,0.05,926.24,37.588,0
92.979749,22.527622,943.843,41.782,174.336,242.884,10,0.126,26.824,0.001,926.24,3.138,0
92.471068,23.711655,568.323,36.619,233.354,708.774,10,0.126,33.353,0.001,770.29,3.238,0
93.187004,23.454151,849.49,24.819,232.363,91.082,10,0.132,17.302,0.001,926.24,2.121,0
92.737948,23.768999,1287.456,22.333,36.559,854.961,10,0.129,11.521,0.001,876.07,1.318,0
93.042463,23.115677,1302.733,14.424,81.547,312.581,10,0.126,4.287,0.001,926.24,0.5,0
92.697869,23.737831,1025.457,12.118,115.469,494.234,50,0.13,8.581,0.05,876.07,48.951,0
92.442123,23.162585,48.65,12.926,72.871,30.361,10,0.131,9.32,0.001,770.29,0.938,0
92.768274,23.267665,749.349,6.772,74.64,151.803,40,0.123,4.054,0.15,797.4,59.582,0
92.605052,24.162589,115.28,19.045,290.758,459.438,10,0.127,6.09,0.001,761.69,0.588,0
93.298565,23.080243,1259.375,1.974,95.638,237.123,50,0.127,0.328,0.01,817.91,0.34,0
93.196463,23.081176,1044.478,31.606,359.664,625.899,10,0.13,17.498,0.001,926.24,2.101,0
93.032452,22.332279,1088.865,27.901,266.643,607.211,10,0.128,16.944,0.001,926.24,2.0,0
93.01283,22.625845,1084.927,31.405,194.73,221.028,10,0.124,19.486,0.001,926.24,2.239,0
92.867542,23.532462,695.699,10.236,94.827,644.044,10,0.131,2.764,0.001,952.85,0.347,0
92.471168,22.89599,50.229,3.015,148.857,184.676,10,0.129,1.419,0.001,770.29,0.141,0
93.419199,23.633669,986.88,1.915,342.826,151.803,10,0.131,0.315,0.001,730.42,0.03,0
92.764713,22.900807,1061.643,5.75,55.634,796.928,60,0.117,2.285,0.01,797.4,2.139,0
92.627347,22.323262,138.59,9.798,116.13,500.719,10,0.126,6.532,0.001,867.28,0.715,0
92.76655,24.341607,90.618,24.386,322.649,171.745,10,0.13,10.912,0.001,797.4,1.134,0
93.04983,22.718837,1434.826,17.126,331.27,746.771,10,0.123,5.33,0.001,926.24,0.608,0
93.060723,23.647006,952.302,35.5,182.066,583.997,10,0.134,19.995,0.001,929.52,2.467,0
92.623503,22.665841,87.736,6.402,222.228,299.017,10,0.129,2.34,0.001,867.28,0.262,0
92.606192,23.483735,901.807,29.337,134.612,678.882,10,0.13,13.631,0.05,867.28,76.773,0
93.326631,23.838017,909.979,17.634,141.061,286.421,10,0.128,13.823,0.05,796.04,70.819,0
92.819352,23.8011,585.624,14.143,142.088,638.294,10,0.135,4.182,0.001,885.666,0.499,0
92.46478,23.572192,684.479,41.182,81.267,425.048,10,0.127,23.543,0.001,770.29,2.298,0
92.578119,23.038405,75.483,3.7,337.301,60.721,10,0.132,0.741,0.001,867.28,0.085,0
92.633637,22.621753,86.204,14.199,117.176,30.361,10,0.127,8.0,0.001,867.28,0.883,0
92.922232,24.004056,983.909,16.15,148.574,640.456,30,0.135,6.53,0.05,1008.45,44.292,0
92.958396,23.50009,1435.277,24.75,167.15,924.876,10,0.124,14.661,0.001,1008.45,1.834,0
92.81527,22.994799,839.345,36.923,257.713,237.123,10,0.125,23.445,0.001,797.4,2.335,0
92.639527,23.866421,196.215,18.427,161.918,109.466,10,0.135,5.844,0.001,836.468,0.659,0
92.681943,23.99289,468.264,26.696,47.89,577.649,30,0.127,12.178,0.05,876.07,67.999,0
92.666714,23.714306,251.903,17.253,262.902,221.028,10,0.135,7.098,0.001,876.07,0.843,0
92.4937,22.899379,178.475,23.937,35.287,273.245,10,0.128,12.546,0.001,780.84,1.252,0
93.331661,23.480794,1402.271,27.074,73.959,309.618,50,0.13,9.387,0.01,817.91,9.981,0
93.351752,23.280294,1027.48,19.45,94.719,184.676,30,0.13,13.619,0.05,817.91,72.701,0
92.961713,23.637769,1168.702,25.882,292.102,825.896,10,0.13,18.206,0.001,1008.45,2.394,0
93.375079,23.645249,1593.4,20.998,218.703,706.168,10,0.127,6.879,0.001,730.42,0.637,0
92.971521,22.499894,728.402,22.435,59.193,286.421,30,0.125,18.664,0.05,926.24,108.131,0
92.696105,23.808854,645.648,22.489,306.263,710.722,10,0.131,9.88,0.001,875.634,1.133,0
92.896547,22.333026,316.855,28.339,187.815,405.06,10,0.124,13.082,0.001,926.24,1.504,0
92.854027,23.290326,1052.998,33.323,151.316,558.172,10,0.127,15.818,0.001,952.85,1.911,0
92.766038,22.887793,722.037,20.712,113.371,42.936,10,0.122,6.762,0.001,797.4,0.657,0
92.857167,24.373558,339.357,16.523,133.517,631.762,10,0.127,6.721,0.001,952.85,0.816,0
92.799282,23.23743,960.578,32.605,54.534,684.965,10,0.125,11.691,0.001,797.4,1.172,0
92.910412,22.956684,806.697,11.98,213.975,700.927,10,0.128,3.383,0.001,926.24,0.401,0
92.881818,22.541994,786.626,21.149,293.213,656.799,50,0.124,6.94,0.05,926.24,39.859,0
92.720603,23.678149,972.754,50.347,46.304,638.294,10,0.132,24.532,0.001,876.07,2.835,0
93.185311,23.528178,1256.725,13.007,182.682,640.456,50,0.128,3.758,0.01,926.24,4.454,0
92.762614,22.248263,133.0,16.153,43.882,151.803,10,0.125,6.531,0.001,926.24,0.758,0
92.958985,22.106641,409.34,10.46,230.756,305.12,10,0.128,2.842,0.001,926.24,0.339,0
92.734335,23.741423,751.85,25.937,236.733,60.721,10,0.127,22.283,0.001,876.07,2.488,0
92.451698,23.495488,264.314,16.74,166.634,214.681,10,0.128,6.833,0.001,770.29,0.675,0
92.758149,23.554337,456.584,25.833,234.157,299.017,10,0.134,16.886,0.001,797.4,1.807,0
93.174085,23.173738,740.035,21.499,38.168,463.434,10,0.129,12.332,0.001,926.24,1.474,0
93.017661,23.890252,890.15,29.073,272.334,459.438,10,0.135,23.48,0.001,929.52,2.952,0
92.934069,22.00904,84.308,28.257,52.623,151.803,10,0.132,17.202,0.001,926.24,2.088,0
93.113989,23.52779,779.595,19.124,225.897,244.774,10,0.134,15.305,0.001,926.24,1.901,0
92.64876,22.09174,215.662,3.437,47.814,346.163,10,0.123,0.673,0.001,926.24,0.077,0
92.721243,24.367091,142.43,15.547,329.986,96.008,10,0.128,4.716,0.001,761.69,0.46,0
93.266931,23.538938,1339.672,15.051,170.099,788.205,10,0.133,9.268,0.001,926.24,1.139,0
92.840643,22.728462,684.765,18.864,265.42,434.697,10,0.128,6.018,0.001,926.24,0.714,0
92.658376,23.933886,214.66,7.195,153.396,271.553,10,0.132,1.754,0.001,876.07,0.203,0
92.730982,23.757476,1067.408,27.305,274.714,655.394,50,0.13,20.653,0.01,876.07,23.481,0
92.88673,22.378914,963.058,25.759,153.81,643.328,50,0.126,11.664,0.001,926.24,1.364,0
93.302275,23.467018,1408.364,22.171,20.344,151.803,10,0.131,9.708,0.001,817.91,1.041,0
92.853872,23.644815,1007.886,22.377,268.009,787.62,10,0.133,17.097,0.001,952.85,2.176,0
93.180422,24.017317,1012.331,26.715,260.743,431.504,10,0.128,23.093,0.001,850.2,2.52,0
92.948044,23.755955,978.968,42.716,60.34,109.466,10,0.137,20.809,0.001,887.201,2.528,0
92.288535,23.703995,148.567,11.666,235.043,171.745,10,0.133,3.269,0.001,782.09,0.341,0
93.343909,23.649422,1030.933,4.171,320.615,60.721,40,0.131,2.163,0.15,817.91,34.754,0
92.492273,23.984116,744.785,23.801,335.347,524.104,10,0.126,8.028,0.001,761.69,0.774,0
93.339848,23.439865,1395.656,11.555,34.173,429.363,10,0.132,3.229,0.001,817.91,0.349,0
92.924227,22.978094,783.861,4.217,172.443,530.224,30,0.126,0.878,0.05,926.24,5.118,0
93.153171,23.315455,854.882,24.935,235.533,121.442,10,0.129,11.213,0.001,926.24,1.336,0
92.999293,22.68476,1056.763,38.753,216.335,192.017,10,0.123,27.042,0.001,926.24,3.076,0
92.525254,23.775977,146.413,31.945,190.215,60.721,30,0.134,15.064,0.001,780.84,1.572,0
93.063266,23.386166,805.24,25.383,270.186,640.456,10,0.131,15.119,0.001,926.24,1.831,0
93.031538,22.584207,1200.639,29.306,52.193,668.622,10,0.124,13.614,0.001,926.24,1.557,0
93.401384,23.549992,1221.5,20.817,259.337,668.622,10,0.13,10.56,0.05,730.42,50.19,0
92.676336,23.744141,923.167,11.302,297.18,625.899,10,0.127,7.847,0.001,876.07,0.874,0
92.499938,22.986467,62.513,13.624,247.326,91.082,10,0.129,5.261,0.001,780.84,0.529,0
92.768677,23.053569,1021.634,23.931,204.998,455.408,10,0.123,10.664,0.001,797.4,1.044,0
92.987084,22.481963,1079.05,14.735,186.379,729.917,30,0.123,4.405,0.05,926.24,25.052,0
92.76532,23.266414,782.066,7.616,255.482,335.343,30,0.123,2.491,0.05,797.4,12.202,0
93.231483,24.0403,974.633,22.448,256.467,604.929,30,0.129,7.471,0.001,893.33,0.856,0
93.014417,23.257242,612.971,17.702,132.881,355.361,10,0.132,8.623,0.05,926.24,52.622,0
92.458732,22.882938,56.979,3.567,174.976,429.363,10,0.128,0.706,0.001,770.29,0.07,0
92.612801,23.770189,391.573,9.144,164.272,96.008,10,0.13,5.976,0.001,867.28,0.674,0
93.331142,23.477961,1410.127,17.301,132.783,437.866,50,0.131,13.495,0.01,817.91,14.439,0
92.643268,23.762974,422.77,24.732,111.698,125.18,10,0.131,8.413,0.001,867.28,0.954,0
93.07107,23.734557,883.854,23.779,222.503,354.062,30,0.136,10.581,0.05,929.52,66.055,0
93.036728,22.840927,1247.824,18.354,322.994,734.323,10,0.126,7.673,0.001,926.24,0.893,0
93.232277,23.986519,639.501,23.1,118.389,184.676,30,0.132,10.212,0.05,893.33,60.048,0
92.644624,23.782027,196.693,17.219,0.913,30.361,10,0.136,9.343,0.001,845.306,1.068,0
92.42774,23.437327,707.634,28.186,334.697,880.456,10,0.127,17.151,0.001,770.29,1.68,0
93.190753,23.857451,1025.335,18.914,141.343,738.704,10,0.129,6.038,0.001,850.2,0.668,0
92.380023,24.250033,70.005,3.88,23.6,151.803,40,0.123,0.788,0.001,814.07,0.079,0
92.670483,22.662722,500.234,14.43,267.815,734.951,10,0.122,8.167,0.001,876.07,0.871,0
92.891533,22.812093,421.607,22.912,266.259,485.769,10,0.129,18.451,0.001,926.24,2.211,0
92.678687,24.245617,569.508,18.909,37.293,570.423,10,0.128,7.965,0.001,761.69,0.773,0
92.912536,23.429577,887.563,37.592,74.942,300.554,10,0.131,26.151,0.001,952.85,3.246,0
93.358317,23.875331,829.876,37.056,28.262,316.973,10,0.13,17.839,0.001,796.04,1.854,0
92.422978,23.26137,109.472,20.803,227.414,203.665,10,0.133,8.972,0.001,770.29,0.919,0
92.849276,23.448824,943.076,12.453,59.057,434.697,50,0.128,3.555,0.01,952.85,4.336,0
93.387358,23.710513,1337.464,22.377,188.357,303.605,30,0.126,15.239,0.05,730.42,70.071,0
93.01147,23.527373,947.198,30.742,134.424,364.326,30,0.129,14.404,0.05,926.24,87.46,0
92.901419,23.858807,1100.217,10.308,240.251,365.589,30,0.135,2.789,0.05,838.641,16.001,0
92.665897,22.34803,118.037,22.479,147.614,30.361,10,0.126,7.484,0.001,876.07,0.83,0
92.965155,23.599723,1393.414,23.64,133.793,631.762,30,0.123,15.157,0.05,1008.45,94.548,0
92.619483,22.092841,237.375,24.389,90.813,60.721,10,0.122,10.914,0.001,867.28,1.159,0
92.85567,23.74072,788.34,7.091,292.466,549.853,10,0.129,1.721,0.001,952.85,0.212,0
93.231839,23.258944,950.41,17.17,9.293,394.687,10,0.129,8.297,0.001,926.24,0.99,0
92.807173,22.159935,619.708,18.065,258.533,798.661,10,0.128,5.7,0.001,926.24,0.673,0
92.675871,24.209329,642.035,18.856,254.686,572.841,10,0.126,6.015,0.001,761.69,0.579,0
93.097846,22.975239,816.471,34.691,261.462,218.933,30,0.128,16.563,0.05,926.24,97.97,0
93.188825,23.558654,1092.002,28.583,15.779,300.554,10,0.13,10.016,0.001,926.24,1.207,0
92.920622,24.029921,939.532,24.265,313.127,394.687,10,0.13,8.22,0.001,952.85,1.024,0
92.635481,22.351081,106.713,2.268,33.717,121.442,10,0.127,0.98,0.001,867.28,0.108,0
93.161361,22.915411,335.508,25.954,33.786,1395.594,10,0.127,18.267,0.001,926.24,2.15,0
92.998944,22.802922,1226.517,18.183,122.146,583.997,30,0.123,7.583,0.05,926.24,43.384,0
92.732481,23.71795,761.744,16.48,143.948,0.0,10,0.127,12.692,0.001,876.07,1.406,0
92.876121,23.294407,955.017,32.12,269.9,494.234,10,0.128,11.489,0.001,952.85,1.403,0
93.238447,23.502451,1388.815,13.655,156.912,497.95,10,0.128,3.999,0.001,926.24,0.475,0
92.769874,23.373004,1326.591,22.058,51.119,572.841,10,0.128,13.918,0.001,797.4,1.406,0
92.76104,23.719153,1012.092,28.358,237.581,668.622,30,0.132,9.922,0.05,797.4,52.398,0
93.022904,23.234149,727.471,24.362,110.133,365.589,30,0.13,20.65,0.001,926.24,2.494,0
93.278343,23.200618,1092.932,14.798,192.344,451.342,30,0.129,4.43,0.05,926.24,26.431,0
93.185354,23.523118,1245.677,24.259,329.71,864.076,10,0.133,17.897,0.001,926.24,2.17,0
92.903281,23.295976,525.963,17.358,179.198,30.361,10,0.132,7.153,0.001,952.85,0.902,0
92.980722,23.926749,674.567,30.015,99.672,559.821,30,0.141,14.004,0.05,1008.45,99.099,0
92.41292,23.198028,111.64,13.089,14.547,250.359,10,0.129,3.788,0.001,770.29,0.378,0
93.195129,23.646923,1269.164,28.478,323.382,434.697,10,0.128,13.158,0.001,926.24,1.566,0
93.006601,23.997472,548.89,17.94,249.168,407.329,30,0.136,7.456,0.05,1008.45,51.103,0
93.226877,23.046994,1044.12,15.503,120.197,759.013,30,0.13,4.699,0.05,926.24,28.34,0
93.206576,23.086973,883.791,24.823,214.41,370.598,10,0.128,14.714,0.001,926.24,1.745,0
92.73785,22.884296,865.974,24.429,160.938,638.294,10,0.118,10.936,0.001,876.07,1.13,0
93.366522,23.839423,893.732,27.798,72.457,364.326,10,0.129,23.332,0.001,796.04,2.402,0
93.122515,23.925888,1375.546,15.753,190.412,896.536,50,0.132,9.819,0.01,850.2,11.094,0
92.606163,22.82623,251.601,6.408,68.965,60.721,10,0.127,3.774,0.001,867.28,0.415,0
92.757303,22.833043,570.264,14.037,116.05,583.997,40,0.123,7.211,0.15,797.4,106.084,0
92.376128,24.232844,94.18,6.55,302.011,231.219,10,0.125,1.553,0.001,814.07,0.158,0
93.201705,23.211581,822.742,28.904,6.019,194.402,10,0.128,15.751,0.001,926.24,1.875,0
92.826484,23.509592,1174.563,29.253,285.03,794.611,10,0.13,17.925,0.001,797.4,1.859,0
93.390913,23.691379,1313.672,27.67,29.498,312.581,10,0.125,12.714,0.001,730.42,1.156,0
92.639846,22.72256,506.448,14.968,213.704,218.933,10,0.121,10.823,0.001,867.28,1.137,0
93.099135,23.571091,660.422,31.317,29.785,42.936,10,0.133,14.72,0.001,926.24,1.796,0
93.007606,22.61744,1015.754,25.071,160.164,425.048,10,0.125,11.287,0.001,926.24,1.307,0
92.471515,23.267392,797.067,13.622,159.798,665.859,10,0.122,3.986,0.001,770.29,0.378,0
93.002503,22.302106,1374.603,14.082,342.535,802.116,10,0.123,5.487,0.001,926.24,0.624,0
92.995724,22.345533,1120.252,23.827,38.884,463.434,10,0.125,10.607,0.001,926.24,1.232,0
93.086991,22.849578,647.065,21.565,249.023,516.129,30,0.129,7.11,0.05,926.24,42.37,0
93.26244,23.533046,1169.688,7.789,134.616,85.873,10,0.13,4.858,0.001,926.24,0.583,0
92.829808,23.558977,831.941,34.655,316.363,412.948,10,0.136,19.456,0.001,797.4,2.094,0
93.009813,22.325729,1120.673,17.594,123.493,459.438,10,0.123,13.784,0.001,926.24,1.569,0
92.494636,23.912012,810.461,32.373,76.235,882.547,10,0.128,11.594,0.001,761.69,1.128,0
92.426601,23.355181,881.974,34.684,253.416,698.292,10,0.124,19.475,0.001,770.29,1.866,0
93.134995,23.383904,1154.744,40.577,310.065,274.926,10,0.13,19.703,0.001,926.24,2.374,0
92.700214,23.084676,960.407,27.101,23.662,704.207,10,0.125,9.398,0.001,876.07,1.025,0
93.371141,23.137544,621.074,10.062,115.413,96.008,30,0.124,2.704,0.001,817.91,0.274,0
92.645168,22.730579,691.304,3.777,137.06,803.838,10,0.12,1.902,0.001,867.28,0.198,0
93.090839,22.709483,308.885,23.963,109.965,242.884,10,0.127,20.237,0.001,926.24,2.382,0
92.831621,23.792335,588.797,5.83,47.46,640.456,10,0.134,1.336,0.001,888.373,0.16,0
92.724907,23.964628,643.612,21.709,34.418,580.037,10,0.127,7.169,0.001,876.07,0.799,0
93.032826,23.181455,761.683,16.502,124.369,60.721,30,0.132,7.892,0.05,926.24,47.933,0
92.908865,24.178287,457.144,37.233,243.292,625.162,10,0.128,31.225,0.001,952.85,3.822,0
92.905136,22.440993,1000.133,26.362,96.207,693.657,50,0.124,14.107,0.01,926.24,16.084,0
92.856448,23.32889,958.126,14.561,42.947,163.497,10,0.128,4.339,0.001,952.85,0.53,0
92.488216,23.523295,729.644,31.747,265.711,475.218,10,0.127,17.589,0.001,780.84,1.735,0
92.73826,22.494668,636.668,17.434,121.631,412.948,10,0.126,11.871,0.001,926.24,1.374,0
92.935754,23.377004,990.935,19.225,271.306,610.994,10,0.128,6.163,0.001,1008.45,0.798,0
92.77565,24.013072,530.056,37.644,24.043,288.025,10,0.127,18.154,0.001,797.4,1.836,0
92.796234,23.740716,322.784,25.974,86.698,163.497,30,0.135,13.856,0.05,797.4,74.431,0
92.779682,24.455885,66.966,16.146,16.577,369.352,10,0.129,4.947,0.001,761.69,0.488,0
92.950414,22.541508,577.011,12.891,8.21,502.556,10,0.124,3.715,0.001,926.24,0.428,0
93.062015,23.424611,1273.905,6.351,206.769,706.168,10,0.129,1.493,0.001,926.24,0.178,0
93.096838,22.877554,1202.023,18.217,300.776,892.93,10,0.129,5.76,0.001,926.24,0.691,0
93.006069,22.636528,1097.221,14.639,198.242,288.025,30,0.125,4.369,0.05,926.24,25.435,0
93.232372,23.677457,1150.058,24.477,33.539,596.49,10,0.132,10.962,0.001,926.24,1.334,0
92.691443,23.75376,696.363,22.227,310.541,519.689,10,0.133,18.451,0.001,876.07,2.137,0
93.158973,23.175961,487.641,15.372,58.857,42.936,40,0.127,11.621,0.05,926.24,68.651,0
93.013721,23.026978,985.161,45.466,238.715,437.866,10,0.128,32.018,0.001,926.24,3.793,0
92.442538,22.98618,165.116,21.51,57.452,451.342,10,0.127,9.352,0.001,770.29,0.919,0
93.031517,22.25053,1062.311,8.582,76.792,407.329,10,0.123,2.203,0.001,926.24,0.252,0
92.466839,22.906384,47.876,3.392,215.267,91.082,50,0.128,0.662,0.01,770.29,0.653,0
92.922835,22.851215,213.028,30.228,273.621,30.361,80,0.131,18.633,0.0,926.24,0.0,0
92.596625,23.806014,360.784,35.307,17.595,109.466,10,0.13,16.897,0.001,800.602,1.758,0
92.640704,23.881615,86.95,22.466,281.422,60.721,10,0.135,18.696,0.001,811.318,2.046,0
92.794125,22.66823,583.813,9.941,83.711,279.91,10,0.126,3.512,0.001,926.24,0.409,0
92.79275,22.511945,465.852,15.775,246.39,485.769,10,0.125,12.009,0.001,926.24,1.395,0
92.797403,23.195854,946.205,11.061,99.26,429.363,10,0.125,7.633,0.001,797.4,0.761,0
93.280975,23.997601,1400.989,19.112,154.49,698.952,30,0.126,15.293,0.05,893.33,86.484,0
92.746379,23.106678,756.845,6.728,134.599,547.332,10,0.126,1.608,0.001,797.4,0.161,0
93.12389,23.96244,1356.478,23.294,288.671,731.179,10,0.127,13.613,0.001,850.2,1.472,0
93.069143,22.359117,1095.772,13.18,144.665,231.219,30,0.122,8.78,0.05,926.24,49.509,0
92.699951,23.509912,855.292,16.529,307.221,365.589,10,0.127,5.096,0.001,876.07,0.569,0
92.565076,22.841229,156.008,9.966,283.908,212.524,10,0.131,2.671,0.001,867.28,0.302,0
92.636058,23.854724,268.486,12.469,328.741,67.888,10,0.133,8.9,0.001,798.088,0.94,0
93.113381,23.935474,1509.777,21.932,338.02,698.952,10,0.127,7.26,0.001,850.2,0.788,0
93.227869,23.445559,1651.745,12.046,250.761,576.051,10,0.125,3.406,0.001,926.24,0.398,0
92.701716,22.526819,234.116,20.49,78.17,125.18,10,0.127,10.355,0.001,876.07,1.151,0
92.842152,23.390072,882.028,19.241,40.548,486.716,10,0.13,15.422,0.001,952.85,1.916,0
92.382535,23.222339,102.911,19.251,60.536,151.803,10,0.131,8.146,0.001,770.29,0.82,0
93.216864,23.879727,1066.819,30.272,30.977,279.91,10,0.131,14.146,0.001,893.33,1.645,0
93.302432,23.544109,1388.089,21.085,223.935,375.539,30,0.128,13.162,0.05,817.91,68.773,0
93.206382,23.111562,1036.966,20.461,325.469,151.803,10,0.129,6.661,0.001,926.24,0.796,0
92.940417,22.912139,397.546,17.272,154.894,485.769,30,0.128,5.387,0.05,926.24,31.959,0
92.932107,22.777602,189.372,7.178,93.568,60.721,40,0.131,3.808,0.15,926.24,69.201,0
92.651432,23.236544,379.94,29.056,76.234,212.524,10,0.128,10.213,0.001,867.28,1.138,0
92.757066,22.370562,549.464,12.93,133.17,794.611,10,0.126,3.73,0.001,926.24,0.437,0
92.605722,22.782898,266.661,31.718,233.863,177.031,10,0.122,19.713,0.001,867.28,2.094,0
93.205463,23.816314,1050.601,15.814,136.428,1073.407,10,0.133,7.478,0.01,879.945,8.724,0
93.118516,23.257764,1318.847,25.812,101.632,674.113,10,0.127,22.153,0.001,926.24,2.615,0
92.818698,22.849551,1144.916,20.69,286.575,214.681,10,0.12,6.753,0.001,926.24,0.757,0
92.854673,24.386048,382.791,6.031,95.796,316.973,10,0.126,1.396,0.001,952.85,0.168,0
92.612671,22.732598,124.373,23.005,54.897,60.721,30,0.129,7.7,0.05,867.28,43.071,0
93.1389,22.304141,1586.129,24.989,102.292,448.268,10,0.12,11.242,0.05,926.24,62.312,0
92.906175,22.76802,617.196,22.152,60.718,422.873,10,0.123,7.35,0.001,926.24,0.84,0
92.418736,23.502987,866.244,28.565,98.324,711.37,10,0.125,17.426,0.001,770.29,1.675,0
92.360692,23.929275,402.913,26.663,283.227,384.034,10,0.128,18.871,0.001,814.07,1.962,0
92.885232,22.378649,935.26,31.671,188.94,580.037,10,0.126,28.255,0.001,926.24,3.306,0
92.375728,23.876116,682.357,22.446,108.59,821.98,10,0.128,7.47,0.001,794.855,0.762,0
93.250488,23.039994,1297.948,28.765,314.239,607.211,10,0.129,17.571,0.001,926.24,2.101,0
93.151269,23.276715,874.54,18.362,8.845,489.549,10,0.13,7.677,0.001,926.24,0.921,0
92.902682,22.905251,716.581,20.982,205.965,244.774,50,0.126,16.55,0.01,926.24,19.298,0
92.543245,22.908029,175.28,22.43,249.901,486.716,10,0.129,11.582,0.001,780.84,1.168,0
92.685245,22.197726,254.751,12.38,213.212,354.062,10,0.125,3.528,0.001,926.24,0.41,0
92.662208,22.316468,130.874,9.351,272.074,286.421,10,0.127,3.246,0.05,876.07,18.125,0
93.217942,23.562909,1235.143,28.428,169.364,463.434,10,0.129,13.131,0.001,926.24,1.568,0
93.378118,23.586208,1255.897,22.269,27.347,462.438,10,0.126,11.48,0.001,730.42,1.062,0
92.733076,23.366684,502.619,26.049,109.059,60.721,10,0.128,13.905,0.001,876.07,1.568,0
93.295778,23.119026,1324.506,22.693,107.2,60.721,10,0.127,7.571,0.001,817.91,0.787,0
93.081514,23.09804,1612.863,13.705,269.164,163.497,10,0.123,4.017,0.001,926.24,0.459,0
92.871556,23.085269,482.879,18.694,205.143,244.774,10,0.126,5.95,0.001,926.24,0.694,0
93.126259,23.995159,1186.194,12.202,219.12,586.359,10,0.129,3.463,0.01,850.2,3.79,0
92.902801,23.085017,723.342,14.672,348.332,486.716,50,0.127,4.382,0.001,926.24,0.512,0
92.757694,22.501533,150.765,10.099,203.709,30.361,10,0.129,6.791,0.001,926.24,0.808,0
92.756095,23.373891,1279.847,12.683,59.519,614.754,30,0.126,3.639,0.05,797.4,18.276,0
92.740534,23.568539,542.662,17.063,27.589,475.218,10,0.131,5.305,0.001,876.07,0.606,0
92.734376,23.819495,1286.389,13.621,293.972,901.151,50,0.165,3.986,0.001,851.576,0.525,0
93.114038,22.236406,1161.035,39.477,155.103,570.423,10,0.126,22.494,0.001,926.24,2.63,0
92.605959,23.473654,975.102,24.675,74.387,789.958,10,0.128,8.39,0.001,867.28,0.927,0
93.299286,23.832812,1157.732,14.452,297.126,789.958,10,0.127,10.745,0.001,717.114,0.984,0
93.194591,23.116033,1092.289,29.949,255.899,583.207,10,0.128,13.968,0.001,926.24,1.646,0
93.339316,23.439857,1399.696,16.516,9.862,388.805,10,0.132,6.718,0.001,817.91,0.727,0
93.004131,22.809095,945.615,17.601,3.114,60.721,10,0.123,13.791,0.001,926.24,1.578,0
93.292845,23.45122,1299.113,17.229,336.1,67.888,10,0.129,5.37,0.001,817.91,0.568,0
93.243492,23.093434,1192.626,17.954,177.811,364.326,30,0.13,9.847,0.05,926.24,59.294,0
92.644221,23.706627,563.972,10.839,16.783,303.605,10,0.129,7.437,0.001,867.28,0.83,0
92.695776,23.754982,735.065,6.398,69.33,589.495,50,0.131,1.507,0.01,876.07,1.736,0
93.032787,23.641193,466.143,25.782,274.253,42.936,10,0.135,22.122,0.001,929.52,2.769,0
92.803537,23.727679,230.604,24.29,253.373,192.017,10,0.138,8.23,0.01,797.4,9.026,0
93.349547,23.111621,821.571,20.21,95.123,231.219,30,0.125,6.559,0.05,817.91,33.491,0
92.653199,24.250027,98.679,10.063,218.808,316.973,30,0.127,2.704,0.05,761.69,13.045,0
93.002423,23.213022,1041.376,17.608,13.495,121.442,10,0.129,7.283,0.001,926.24,0.872,0
93.000008,23.267559,863.03,16.878,55.827,837.533,30,0.13,13.081,0.05,926.24,78.837,0
92.820644,22.825012,1448.465,11.143,76.874,759.013,50,0.121,3.082,0.01,926.24,3.447,0
92.630252,23.135599,319.783,17.265,117.228,259.401,10,0.125,5.384,0.001,867.28,0.585,0
92.657658,22.229123,189.677,8.119,320.668,250.359,10,0.124,2.05,0.001,876.07,0.223,0
92.970481,23.18015,952.803,20.526,269.433,700.927,10,0.128,6.687,0.001,926.24,0.788,0
93.050644,23.252432,703.393,8.758,106.126,518.801,30,0.13,2.261,0.001,926.24,0.272,0
92.775634,22.884447,751.421,9.787,36.999,214.681,10,0.122,2.609,0.001,797.4,0.254,0
93.08549,23.131608,1428.945,20.808,319.64,596.49,10,0.126,6.802,0.001,926.24,0.799,0
92.712581,23.722056,1007.479,16.745,246.261,589.495,10,0.0,12.95,0.001,876.07,0.108,0
92.68971,23.29734,315.825,30.951,210.699,128.809,10,0.13,14.519,0.001,876.07,1.658,0
92.9577,23.656323,959.724,18.748,168.435,214.681,10,0.13,7.88,0.001,1008.45,1.04,0
93.082736,23.124658,1361.659,25.828,314.553,96.008,10,0.126,8.868,0.001,926.24,1.039,0
93.039313,23.95162,1027.416,15.173,307.543,580.037,10,0.132,11.43,0.05,929.52,69.937,0
92.683941,23.287266,240.361,9.329,78.498,0.0,10,0.13,6.131,0.001,876.07,0.705,0
92.626489,23.783183,330.271,13.245,264.171,601.108,10,0.13,5.075,0.001,843.557,0.56,0
92.593091,22.249048,146.101,17.737,248.1,485.769,10,0.126,13.925,0.001,867.28,1.516,0
93.360059,23.866629,786.32,28.822,204.925,448.268,30,0.13,17.612,0.001,796.04,1.826,0
92.660401,23.863175,297.621,11.115,7.053,365.589,10,0.131,4.054,0.001,851.376,0.451,0
92.755775,22.888659,898.016,9.063,34.066,109.466,10,0.12,2.363,0.001,797.4,0.227,0
93.02847,23.694639,458.7,7.831,137.409,0.0,10,0.136,4.892,0.001,929.52,0.619,0
93.295002,23.548454,1326.987,33.26,227.55,312.581,10,0.126,20.827,0.001,817.91,2.157,0
93.008119,23.017158,878.624,31.527,68.5,518.801,10,0.126,17.447,0.001,926.24,2.042,0
93.130277,23.300969,769.08,26.016,64.727,279.91,10,0.128,15.576,0.001,926.24,1.84,0
93.211763,23.56136,1299.044,18.97,167.997,326.993,10,0.127,7.997,0.001,926.24,0.945,0
92.490952,22.752998,87.978,1.44,155.219,271.553,10,0.129,0.217,0.001,780.84,0.022,0
92.897301,22.529164,827.288,25.959,91.214,614.754,30,0.125,15.535,0.05,926.24,60.903,0
92.84402,23.707121,582.07,19.727,261.052,431.504,10,0.135,13.861,0.05,952.85,89.968,0
92.747909,23.398568,1284.538,30.671,277.915,524.104,10,0.122,14.365,0.001,797.4,1.403,0
92.354702,23.202443,106.594,2.033,267.741,42.936,10,0.13,0.34,0.001,745.22,0.033,0
93.369842,23.851129,717.226,24.674,296.913,244.774,10,0.128,17.179,0.001,796.04,1.751,0
93.384065,23.803915,1121.584,17.473,109.262,386.427,30,0.129,5.466,0.05,740.758,26.113,0
92.832425,22.764008,409.699,23.306,355.362,96.008,10,0.124,16.021,0.001,926.24,1.838,0
93.181723,23.442356,981.55,29.816,350.62,583.207,30,0.132,13.895,0.001,926.24,1.705,0
93.420158,23.655439,937.518,5.008,156.209,288.025,30,0.131,1.097,0.05,730.42,5.235,0
92.710704,23.711636,890.668,30.695,171.397,192.017,10,0.131,27.241,0.001,876.07,3.135,0
92.879675,22.141509,507.631,15.698,118.502,589.495,10,0.129,4.774,0.001,926.24,0.57,0
92.769051,22.91526,1022.751,10.054,49.933,451.342,30,0.121,6.752,0.05,797.4,32.392,0
92.848536,24.367576,334.305,3.089,158.758,455.408,10,0.126,0.586,0.05,952.85,3.529,0
93.376225,23.213325,645.087,12.933,222.906,530.224,10,0.127,5.789,0.001,730.42,0.54,0
92.684295,23.655993,724.084,30.194,299.685,194.402,10,0.128,20.346,0.001,876.07,2.29,0
92.677332,23.762952,726.054,13.086,60.892,741.195,10,0.129,9.467,0.001,876.07,1.073,0
92.930377,23.4901,1114.406,24.192,226.144,759.013,30,0.128,10.807,0.05,1008.45,69.671,0
93.230692,23.60253,1327.104,8.806,174.216,547.332,40,0.129,3.004,0.15,926.24,53.967,0
92.9005,22.416202,1012.643,29.803,75.684,288.025,10,0.125,16.333,0.001,926.24,1.898,0
92.862175,24.376881,395.452,15.041,88.215,596.49,10,0.127,4.522,0.001,952.85,0.547,0
93.220532,23.283594,1096.538,21.294,277.878,437.866,10,0.125,12.186,0.001,926.24,1.426,0
93.361011,23.5602,1730.459,21.239,24.894,746.771,10,0.126,12.147,0.001,817.91,1.253,0
92.646841,23.800263,144.118,6.076,315.041,121.442,10,0.132,1.409,0.001,810.339,0.151,0
93.149044,23.329408,1111.347,32.715,81.586,614.754,10,0.129,20.433,0.001,926.24,2.434,0
92.802969,24.187169,678.802,21.934,74.228,559.821,10,0.127,11.267,0.001,797.4,1.142,0
93.314023,23.472646,1485.943,19.36,224.279,638.294,30,0.13,6.217,0.05,817.91,32.967,0
93.015019,22.745529,837.302,13.039,335.577,622.946,30,0.125,3.77,0.001,926.24,0.435,0
93.154914,23.670027,1108.524,34.474,43.368,257.618,10,0.13,21.7,0.001,926.24,2.66,0
93.279176,23.715186,1257.703,20.612,10.927,300.554,30,0.126,16.805,0.001,926.24,1.971,0
92.84566,22.527535,1076.675,9.24,151.991,500.719,10,0.125,2.423,0.001,926.24,0.279,0
93.181008,24.00831,1108.083,11.545,305.792,678.882,10,0.126,5.006,0.001,850.2,0.535,0
93.342177,23.518775,1371.135,22.545,198.324,300.554,30,0.128,9.911,0.05,817.91,51.736,0
92.806386,24.411299,39.956,2.777,283.266,128.809,40,0.129,1.173,0.15,797.4,18.139,0
93.356977,23.464112,1360.331,17.913,247.453,364.326,60,0.128,5.64,0.01,817.91,5.908,0
92.703671,23.500362,921.774,29.539,329.888,777.609,10,0.127,25.081,0.001,876.07,2.792,0
92.727299,23.726942,824.641,26.312,126.371,375.539,50,0.0,9.069,0.01,876.07,0.0,0
92.875354,23.296683,822.219,40.054,320.44,279.91,10,0.128,30.152,0.001,952.85,3.678,0
93.131988,24.014684,1113.316,16.365,140.484,649.034,10,0.126,8.762,0.001,850.2,0.938,0
93.287886,23.133375,1402.305,18.827,180.718,305.12,30,0.127,7.922,0.05,817.91,40.995,0
93.406666,23.595744,1460.962,30.959,239.654,885.154,10,0.129,14.523,0.001,730.42,1.366,0
92.372139,23.226775,142.779,16.482,120.364,322.737,10,0.129,5.078,0.001,745.22,0.488,0
92.904974,23.296268,547.003,17.494,245.257,67.888,10,0.134,9.531,0.05,952.85,60.327,0
92.739931,23.816356,1093.47,25.13,5.959,475.218,10,0.13,16.33,0.001,865.837,1.831,0
93.385519,23.593075,910.736,25.267,109.113,67.888,30,0.133,17.682,0.05,730.42,85.452,0
92.657312,23.98777,455.503,13.516,184.778,151.803,10,0.127,5.208,0.001,876.07,0.583,0
92.639677,23.257877,623.127,17.142,280.983,610.994,10,0.126,7.041,0.001,867.28,0.768,0
92.634184,23.913579,275.063,1.543,184.011,244.774,10,0.132,0.594,0.001,867.28,0.068,0
92.532243,22.936763,65.157,12.319,242.971,451.342,10,0.127,4.626,0.001,780.84,0.46,0
92.772878,23.271863,757.122,8.962,266.393,212.524,30,0.123,3.614,0.05,797.4,17.778,0
92.619644,22.251376,233.98,24.74,51.122,631.762,10,0.127,11.106,0.001,867.28,1.219,0
93.319718,23.475932,1526.953,23.931,139.606,637.571,10,0.129,10.664,0.001,817.91,1.123,0
93.136606,22.301453,1633.863,20.125,119.578,644.044,10,0.12,8.61,0.001,926.24,0.955,0
92.622181,22.953906,164.858,18.879,201.354,322.737,10,0.131,6.024,0.001,867.28,0.684,0
93.197978,23.202188,926.03,22.007,220.172,744.298,30,0.13,9.62,0.05,926.24,57.822,0
92.92673,22.921255,475.99,17.253,79.659,422.873,10,0.126,9.366,0.001,926.24,1.095,0
93.349115,23.733422,799.374,25.638,61.818,30.361,10,0.132,11.597,0.001,795.771,1.219,0
92.90569,24.11681,577.257,23.869,352.181,259.401,10,0.128,8.056,0.001,952.85,0.983,0
93.163316,23.9475,814.822,21.589,103.007,85.873,10,0.13,17.799,0.001,850.2,1.952,0
92.682434,22.157319,168.529,23.419,89.575,60.721,30,0.121,12.214,0.05,926.24,68.389,0
93.353132,23.367078,1046.804,16.023,154.286,925.374,10,0.129,12.249,0.001,817.91,1.291,0
93.106284,23.581404,645.712,28.835,73.648,30.361,10,0.131,25.302,0.001,926.24,3.053,0
92.87586,22.105689,502.417,8.467,181.264,614.754,10,0.128,2.165,0.001,926.24,0.257,0
92.545139,22.912035,139.943,22.665,170.853,494.234,10,0.13,7.56,0.001,780.84,0.769,0
92.4388,23.195375,82.009,9.731,226.133,85.873,10,0.129,2.59,0.001,770.29,0.257,0
92.741953,23.728004,745.079,25.539,114.212,218.933,30,0.129,16.654,0.05,876.07,94.382,0
93.188207,23.524823,1261.795,17.246,175.685,910.816,50,0.127,7.095,0.01,926.24,8.654,0
92.763975,23.282968,791.632,10.761,186.577,365.589,40,0.124,4.574,0.15,797.4,68.075,0
92.924807,23.853221,1594.49,36.186,230.738,429.363,10,0.119,17.372,0.001,834.403,1.74,0
92.663232,23.931565,215.939,13.375,279.617,214.681,10,0.133,9.735,0.001,876.07,1.129,0
92.722411,23.732471,853.844,12.998,135.539,312.581,10,0.0,9.386,0.001,876.07,0.0,0
92.558554,24.086345,184.331,21.998,295.947,355.361,10,0.128,13.871,0.001,761.69,1.356,0
92.546799,22.903452,167.117,22.115,93.923,580.037,10,0.128,17.663,0.001,780.84,1.77,0
92.883005,22.571996,1098.907,16.083,170.479,749.85,30,0.125,4.923,0.05,926.24,28.377,0
92.708363,23.725864,970.432,6.941,329.656,322.737,30,0.39,4.185,0.05,876.07,54.754,0
92.567537,23.916071,433.989,29.722,185.313,151.803,10,0.127,26.227,0.001,867.28,2.883,0
93.115194,23.481203,923.497,16.265,296.309,259.401,10,0.136,4.994,0.001,926.24,0.629,0
93.389006,23.738204,1424.179,17.291,76.762,651.868,10,0.128,9.392,0.001,755.445,0.9,0
93.152977,22.340436,1559.034,19.458,19.555,941.666,30,0.122,6.256,0.05,926.24,35.389,0
92.99812,23.270369,925.196,24.1,61.488,835.329,10,0.13,8.152,0.001,926.24,0.982,0
93.219031,23.262968,1012.29,36.924,193.474,422.873,10,0.129,17.769,0.001,926.24,2.122,0
92.877656,22.438005,436.57,33.84,32.373,30.361,10,0.125,24.985,0.001,926.24,2.893,0
92.85482,23.262326,441.532,5.343,163.714,60.721,40,0.127,2.983,0.15,952.85,54.209,0
92.419292,22.924494,51.439,3.838,54.985,354.062,10,0.129,0.777,0.001,770.29,0.077,0
92.604692,24.158418,90.641,22.818,250.779,91.082,10,0.127,7.623,0.001,761.69,0.74,0
92.86928,22.636424,1112.42,25.56,19.336,451.342,10,0.123,8.757,0.001,926.24,0.998,0
93.292117,23.451955,1274.86,4.34,252.279,0.0,30,0.129,2.277,0.05,817.91,12.069,0
92.662208,23.729048,693.307,34.282,132.538,474.247,10,0.13,23.575,0.001,876.07,2.693,0
92.855336,23.276935,686.284,22.03,238.456,182.163,10,0.129,17.58,0.001,952.85,2.161,0
92.910869,24.025863,1078.582,23.678,193.501,668.622,10,0.133,7.977,0.001,952.85,1.008,0
92.905404,23.068125,695.68,14.127,201.582,274.926,10,0.128,4.176,0.001,926.24,0.494,0
92.485292,22.790773,72.485,4.465,134.874,649.034,10,0.132,0.945,0.001,780.84,0.098,0
92.705138,23.016371,670.423,10.576,320.805,485.769,10,0.125,2.883,0.001,876.07,0.315,0
92.601984,23.799647,319.148,21.272,271.433,60.721,30,0.129,10.848,0.05,802.112,56.241,0
92.76623,22.885298,736.308,11.964,26.82,192.017,10,0.123,8.442,0.001,797.4,0.829,0
93.284632,23.658752,1378.244,18.101,235.918,67.888,10,0.127,14.285,0.001,817.91,1.482,0
92.714197,23.73197,978.758,20.178,277.764,434.697,50,0.0,6.546,0.01,876.07,0.0,0
92.96292,23.66852,1119.747,19.418,16.443,710.722,50,0.133,8.234,0.01,1008.45,11.918,0
93.233774,23.715579,899.918,21.575,218.328,524.104,30,0.132,9.387,0.05,926.24,57.312,0
92.674901,23.738688,961.948,5.376,92.109,622.946,10,0.13,1.203,0.001,876.07,0.137,0
92.665405,23.875811,180.055,15.194,237.593,259.401,10,0.134,4.58,0.001,837.573,0.516,0
92.90568,22.236398,174.808,0.855,275.468,96.008,40,0.126,0.146,0.15,926.24,2.542,0
93.211909,23.093991,974.243,31.206,38.616,274.926,10,0.129,14.659,0.001,926.24,1.751,0
93.355582,23.483252,1297.789,3.918,196.928,135.776,30,0.129,1.994,0.05,817.91,10.471,0
93.337864,23.069455,575.588,16.327,74.614,244.774,30,0.127,12.543,0.05,817.91,64.988,0
92.843427,22.271514,239.451,20.316,226.875,490.49,10,0.127,16.505,0.001,926.24,1.948,0
92.944509,24.154266,508.242,38.19,307.092,384.034,10,0.13,13.978,0.001,1008.45,1.83,0
93.189159,23.979939,812.713,29.54,291.092,808.412,10,0.128,26.037,0.001,850.2,2.851,0
92.588548,23.857535,606.267,24.285,19.902,60.721,10,0.128,20.57,0.001,829.458,2.189,0
92.657082,23.773068,440.283,12.042,324.192,30.361,10,0.133,6.482,0.001,876.07,0.755,0
92.516842,23.759069,264.131,20.147,354.99,30.361,10,0.134,8.621,0.001,780.84,0.904,0
92.357311,23.222976,168.471,5.36,175.432,845.747,10,0.13,2.995,0.001,745.22,0.291,0
92.947999,24.1118,579.864,15.913,232.438,437.866,30,0.129,4.857,0.05,1008.45,31.481,0
93.082632,22.933344,1442.798,8.321,262.603,744.298,50,0.124,2.116,0.01,926.24,2.444,0
93.146936,23.172362,697.935,23.059,102.437,425.048,10,0.129,13.445,0.001,926.24,1.611,0
92.843908,23.245194,421.191,0.934,241.122,60.721,10,0.127,0.163,0.001,952.85,0.02,0
92.721488,23.46864,1132.554,18.996,69.74,721.662,30,0.129,8.01,0.05,876.07,45.339,0
92.739202,22.801225,582.394,3.109,227.984,803.838,30,0.125,0.591,0.05,876.07,3.244,0
92.752587,22.872166,1143.141,10.585,162.138,820.297,30,0.126,2.886,0.01,797.4,2.557,0
92.643344,23.707983,501.65,32.955,302.913,203.665,10,0.129,29.587,0.001,867.28,3.301,0
93.115507,23.472357,832.889,28.881,315.264,412.948,10,0.132,15.736,0.001,926.24,1.925,0
92.607036,23.698326,1128.22,7.085,333.615,328.399,10,0.126,2.269,0.001,867.28,0.247,0
93.386224,23.468322,1185.423,16.609,85.093,668.622,10,0.129,5.127,0.001,730.42,0.482,0
93.127973,23.243883,1228.207,12.721,93.902,375.539,10,0.132,5.668,0.001,926.24,0.691,0
92.880486,23.350916,953.514,9.815,336.117,354.062,10,0.129,2.619,0.001,952.85,0.321,0
92.679473,24.343115,71.077,32.801,93.347,96.008,10,0.13,15.533,0.001,761.69,1.54,0
92.82531,23.74936,441.379,27.269,242.659,451.342,10,0.135,9.468,0.001,797.4,1.017,0
93.352039,23.622009,1348.441,22.11,292.948,663.084,10,0.127,7.333,0.001,817.91,0.762,0
92.840111,23.093418,968.911,14.25,33.232,721.662,10,0.125,4.222,0.001,952.85,0.501,0
93.381423,23.695992,1582.015,6.815,166.757,625.899,50,0.126,1.635,0.01,730.42,1.505,0
92.491417,23.737951,540.127,35.138,322.158,607.211,10,0.128,16.806,0.001,780.84,1.679,0
92.681471,23.203797,967.516,39.33,0.062,625.899,10,0.124,22.403,0.001,876.07,2.439,0
93.000712,24.385353,236.338,17.019,229.647,244.774,10,0.131,5.288,0.001,1008.45,0.7,0
93.040894,23.790778,477.033,14.899,294.456,42.936,10,0.134,4.468,0.001,970.344,0.577,0
93.254598,23.204076,1441.738,20.98,129.812,474.247,10,0.127,14.965,0.001,926.24,1.76,0
93.106286,23.066714,1037.599,23.982,325.777,610.239,10,0.13,12.575,0.001,926.24,1.51,0
92.60783,23.785972,285.828,11.441,102.13,30.361,30,0.128,3.189,0.05,839.285,17.167,0
92.95106,23.390779,811.832,18.99,80.755,203.665,30,0.13,15.17,0.001,926.24,1.826,0
93.083787,23.138587,1337.603,45.426,68.776,309.618,10,0.129,16.805,0.001,926.24,1.995,0
92.623437,23.808254,172.209,22.228,142.711,380.416,10,0.13,18.451,0.001,803.768,1.94,0
93.316228,23.497895,1515.661,11.689,198.138,405.06,10,0.129,3.278,0.05,817.91,17.24,0
92.857678,23.298674,948.998,14.65,39.099,250.359,50,0.128,4.373,0.01,952.85,5.335,0
92.47677,23.005546,56.68,1.065,197.633,91.082,10,0.13,0.147,0.001,780.84,0.015,0
92.989799,23.41768,1289.631,28.075,201.071,724.212,10,0.13,18.664,0.001,926.24,2.258,0
92.649481,23.732462,501.28,26.916,264.078,633.947,30,0.133,12.299,0.05,867.28,70.83,0
92.812132,24.250204,542.112,2.773,265.582,678.882,10,0.125,0.509,0.001,797.4,0.051,0
92.877858,22.398036,1066.655,37.966,135.306,610.239,10,0.126,26.439,0.001,926.24,3.078,0
92.888473,23.196234,709.772,34.656,215.72,394.687,10,0.128,19.457,0.001,926.24,2.315,0
92.658691,23.981429,514.331,21.953,305.112,261.171,10,0.127,12.655,0.001,876.07,1.406,0
93.2041,23.657827,1249.605,19.306,238.351,128.809,10,0.129,6.195,0.001,926.24,0.738,0
92.793925,22.838236,1131.568,40.391,205.274,614.004,10,0.124,30.425,0.001,926.24,3.479,0
92.863047,23.11154,495.858,39.137,91.269,182.163,10,0.126,31.273,0.001,926.24,3.631,0
92.606459,23.859154,366.695,6.361,129.476,154.809,10,0.129,3.739,0.001,807.332,0.391,0
92.764641,23.418443,1138.25,23.282,156.793,192.017,10,0.127,7.814,0.001,797.4,0.795,0
92.73594,23.772647,1171.942,24.589,47.081,643.328,50,0.163,17.106,0.01,876.07,27.502,0
93.049718,22.232598,619.056,40.643,150.492,109.466,10,0.124,19.738,0.001,926.24,2.27,0
93.163319,23.220131,625.069,30.915,250.391,279.91,10,0.128,10.988,0.05,926.24,64.948,0
92.86516,23.644578,704.086,19.798,86.24,437.866,10,0.134,15.982,0.001,952.85,2.027,0
92.748491,22.937652,985.205,26.214,347.657,768.667,10,0.12,22.572,0.001,797.4,2.157,0
92.973042,23.683602,933.817,19.663,40.237,96.008,30,0.134,12.066,0.05,1008.45,81.91,0
92.607117,22.121267,341.589,24.271,196.622,586.359,10,0.125,12.76,0.001,867.28,1.37,0
92.61433,22.348662,237.504,20.661,263.392,437.866,10,0.125,11.739,0.001,867.28,1.276,0
92.904195,23.42663,1002.902,11.872,248.529,803.838,30,0.13,5.821,0.05,952.85,35.954,0
92.594843,23.465583,877.355,25.538,270.337,408.459,10,0.126,13.575,0.001,867.28,1.49,0
93.214319,23.879429,1134.654,25.883,19.219,547.332,50,0.13,8.891,0.001,893.33,1.032,0
93.020676,22.584719,1155.425,26.149,351.506,346.163,10,0.121,13.969,0.001,926.24,1.575,0
92.813659,23.12738,886.985,8.098,291.705,583.207,10,0.124,2.044,0.001,797.4,0.201,0
92.929799,22.970077,640.869,26.2,74.228,486.716,10,0.127,22.557,0.001,926.24,2.657,0
92.962548,23.742825,891.514,13.099,317.017,459.438,50,0.138,6.602,0.001,1008.45,0.911,0
92.968748,22.476137,467.826,31.66,195.45,151.803,10,0.125,14.908,0.001,926.24,1.733,0
92.810754,24.099851,696.168,20.784,183.15,824.779,30,0.128,13.907,0.05,797.4,71.04,0
92.858566,22.804429,939.651,31.836,82.083,543.106,10,0.126,17.646,0.001,926.24,2.055,0
92.409989,22.969342,63.253,0.808,45.987,274.926,10,0.129,0.103,0.001,770.29,0.01,0
93.034256,22.268398,1403.928,19.977,277.85,794.611,10,0.124,6.465,0.001,926.24,0.742,0
92.746365,24.336094,48.723,4.456,205.224,42.936,10,0.128,2.357,0.001,761.69,0.23,0
93.010531,23.777681,519.306,39.56,204.502,125.18,10,0.134,27.657,0.001,869.838,3.231,0
92.511495,22.832203,479.466,20.857,70.036,855.499,10,0.123,10.586,0.001,780.84,1.021,0
93.207091,23.456913,1308.407,14.809,215.125,610.994,10,0.126,7.72,0.001,926.24,0.903,0
92.597108,22.78106,128.509,5.574,200.976,109.466,10,0.128,1.26,0.001,867.28,0.14,0
93.071958,22.996459,812.161,17.241,193.636,0.0,10,0.124,13.437,0.001,926.24,1.55,0
92.702529,22.66408,404.076,15.803,222.481,547.332,10,0.128,4.815,0.001,876.07,0.537,0
92.989608,23.790849,944.154,24.859,355.472,663.084,10,0.141,11.171,0.001,928.549,1.47,0
92.959166,23.658788,1019.237,21.21,182.257,369.352,30,0.131,13.259,0.05,1008.45,87.796,0
92.840866,23.275762,634.321,24.671,236.533,598.033,10,0.129,13.017,0.001,952.85,1.594,0
92.733824,23.735437,724.097,18.842,102.931,60.721,50,0.127,7.929,0.01,876.07,8.827,0
93.187728,23.885972,742.403,32.256,131.436,271.553,10,0.138,20.102,0.001,850.2,2.346,0
92.667877,24.259044,188.241,15.538,252.381,237.123,10,0.127,7.313,0.001,761.69,0.707,0
92.661596,23.665595,1053.29,8.627,99.401,721.662,10,0.129,3.861,0.001,876.07,0.437,0
92.433357,23.337662,681.104,42.493,7.567,564.739,10,0.124,37.77,0.001,770.29,3.616,0
93.299709,23.350923,1112.761,30.143,24.512,154.809,10,0.131,10.667,0.001,817.91,1.144,0
93.146268,23.119533,1202.803,13.963,289.666,888.792,10,0.125,8.96,0.001,926.24,1.037,0
92.907093,23.52171,1213.594,16.532,178.817,455.408,10,0.128,6.726,0.001,952.85,0.82,0
92.459864,22.836517,43.79,2.036,279.924,237.123,10,0.128,0.341,0.001,770.29,0.034,0
92.899321,22.90588,695.368,17.297,188.967,614.004,30,0.126,13.491,0.001,926.24,1.576,0
93.200865,23.544083,1100.732,17.095,97.794,250.359,30,0.13,13.293,0.001,926.24,1.601,0
93.223618,23.965462,841.001,13.821,97.199,257.618,10,0.13,4.06,0.001,893.33,0.473,0
93.122906,23.359708,1245.472,24.232,198.675,463.434,10,0.125,20.515,0.001,926.24,2.383,0
93.104688,23.402689,952.296,31.395,189.995,279.91,10,0.135,24.366,0.001,926.24,3.053,0
92.958375,22.486144,620.862,22.021,49.78,328.399,10,0.126,18.239,0.001,926.24,2.128,0
92.384778,23.002627,49.116,2.347,341.923,589.495,10,0.13,0.41,0.001,770.29,0.041,0
93.335899,23.540803,1340.011,6.769,124.167,322.737,10,0.126,1.621,0.001,817.91,0.168,0
92.738898,23.198812,726.634,26.738,80.534,485.769,10,0.126,14.35,0.001,876.07,1.588,0
93.035354,22.555215,1401.895,22.71,103.118,817.483,30,0.121,7.579,0.05,926.24,42.53,0
93.066833,23.32707,1282.049,36.821,119.219,731.179,10,0.13,20.832,0.001,926.24,2.519,0
92.397122,23.265815,68.717,8.914,9.163,67.888,10,0.131,2.313,0.001,770.29,0.233,0
92.983351,22.698497,1083.36,28.407,271.765,494.234,10,0.126,13.12,0.001,926.24,1.533,0
92.694369,22.534524,349.101,20.137,44.601,300.554,10,0.123,8.616,0.001,876.07,0.929,0
92.418838,23.048486,390.361,17.212,240.786,598.803,10,0.122,5.363,0.001,770.29,0.504,0
93.113076,23.396271,1117.523,32.781,226.283,638.294,10,0.133,15.522,0.001,926.24,1.919,0
93.322641,23.479308,1498.766,13.057,17.026,668.622,50,0.157,7.733,0.01,817.91,9.513,0
93.050468,23.160019,950.677,7.414,206.924,154.809,30,0.13,3.174,0.05,926.24,19.161,0
93.127262,23.22396,736.785,14.326,179.854,0.0,10,0.128,10.626,0.001,926.24,1.26,0
92.393935,23.033723,55.997,11.461,149.638,163.497,10,0.128,3.196,0.001,770.29,0.316,0
92.686072,22.195763,280.321,11.349,87.192,339.441,10,0.126,3.156,0.001,926.24,0.366,0
93.348021,23.346239,959.226,15.347,89.611,817.483,10,0.133,11.597,0.001,817.91,1.261,0
92.703157,24.33949,161.559,28.67,137.689,135.776,10,0.129,19.136,0.001,761.69,1.879,0
92.863806,22.371167,369.466,25.512,162.659,177.031,10,0.126,8.737,0.001,926.24,1.015,0
92.783308,22.282608,608.869,26.038,118.257,462.438,10,0.126,22.389,0.001,926.24,2.612,0
93.269227,23.244168,1377.523,29.614,38.358,638.294,10,0.125,16.21,0.001,926.24,1.868,0
92.851766,24.338949,227.717,26.112,111.81,517.021,10,0.129,8.986,0.001,952.85,1.107,0
93.34374,23.944945,641.982,24.449,78.951,218.933,10,0.131,10.947,0.001,796.04,1.124,0
93.046778,22.749213,1307.905,26.28,264.151,839.731,30,0.123,14.054,0.05,926.24,80.261,0
93.191525,23.509465,1140.485,18.568,291.676,666.55,50,0.131,9.156,0.01,926.24,11.106,0
93.346531,23.475871,1287.027,9.236,63.619,203.665,30,0.13,3.195,0.05,817.91,16.91,0
92.370651,23.229854,148.471,12.44,289.845,257.618,10,0.13,3.55,0.001,745.22,0.343,0
92.713962,22.916066,868.769,13.036,216.0,751.692,10,0.122,3.769,0.001,876.07,0.401,0
92.922779,23.852616,1474.211,25.922,231.499,212.524,10,0.122,13.823,0.001,831.88,1.41,0
93.015411,23.025777,1011.992,37.118,224.797,530.224,10,0.128,33.861,0.001,926.24,4.011,0
92.746704,22.874861,867.391,31.854,241.412,708.774,10,0.118,28.445,0.001,797.4,2.691,0
92.888532,23.919295,485.87,4.644,261.506,316.973,10,0.133,0.995,0.001,952.85,0.126,0
93.08025,22.47692,1399.153,16.647,127.623,633.947,30,0.125,5.142,0.05,926.24,29.628,0
93.215347,23.160557,1244.424,21.321,109.041,244.774,10,0.127,9.25,0.001,926.24,1.092,0
92.589904,22.874663,553.008,16.42,99.471,798.661,10,0.123,5.054,0.001,867.28,0.538,0
93.013548,22.499007,1389.833,17.645,287.518,682.268,10,0.12,11.332,0.05,926.24,63.125,0
92.873075,22.263472,532.637,31.938,272.924,399.331,10,0.125,19.872,0.001,926.24,2.304,0
92.687336,22.550242,504.643,18.912,32.761,530.224,10,0.125,6.037,0.001,876.07,0.661,0
92.748369,23.77234,1067.97,28.701,78.687,540.554,30,0.134,17.524,0.001,797.4,1.854,0
92.852423,23.555164,981.887,31.849,137.825,586.359,10,0.132,15.012,0.001,952.85,1.877,0
93.098818,22.89204,1139.472,29.706,346.426,653.986,10,0.128,26.21,0.001,926.24,3.121,0
92.577124,23.077491,129.43,10.82,102.88,559.821,10,0.131,4.606,0.001,867.28,0.523,0
93.346859,23.235474,1188.168,20.317,30.452,259.401,10,0.129,10.246,0.001,817.91,1.084,0
92.897739,22.854876,434.123,18.822,87.979,212.524,10,0.127,6.001,0.001,926.24,0.705,0
92.917124,22.702024,725.071,41.698,336.56,489.549,10,0.128,38.432,0.001,926.24,4.57,0
93.217362,23.128215,1019.112,21.665,63.899,729.285,10,0.129,14.642,0.001,926.24,1.756,0
92.844799,23.386194,936.487,37.817,68.3,729.917,10,0.129,34.568,0.001,952.85,4.266,0
93.096075,22.858017,1004.596,14.613,124.129,950.435,30,0.125,5.752,0.001,926.24,0.672,0
93.32907,23.475276,1412.339,29.733,96.924,508.935,10,0.13,13.849,0.001,817.91,1.471,0
92.723426,23.719649,936.819,20.694,54.74,598.033,50,0.0,6.755,0.01,876.07,3.278,0
92.975583,22.50392,514.035,25.741,268.728,60.721,10,0.124,8.832,0.001,926.24,1.014,0
92.940381,23.776227,1224.786,33.15,184.379,607.211,10,0.135,22.684,0.001,898.536,2.749,0
92.967575,23.721599,987.966,35.97,259.882,589.495,10,0.134,20.293,0.001,1008.45,2.73,0
92.937562,22.957035,730.802,16.849,1.239,459.438,10,0.127,13.052,0.001,926.24,1.539,0
92.994648,23.419639,1317.752,34.421,194.575,746.771,30,0.13,23.684,0.05,926.24,141.47,0
92.851378,23.625447,1047.146,4.057,73.855,789.374,50,0.134,0.835,0.01,952.85,1.061,0
93.195456,23.690792,1082.87,30.434,350.906,279.91,10,0.13,14.234,0.001,926.24,1.712,0
93.026885,22.321011,1141.577,31.902,4.459,412.948,10,0.123,21.699,0.001,926.24,2.471,0
93.379314,23.691698,1449.75,9.765,220.167,442.056,10,0.126,6.503,0.001,730.42,0.6,0
93.225598,23.608328,1265.743,29.918,240.697,515.235,10,0.131,10.573,0.001,926.24,1.281,0
93.0605,22.990954,676.646,34.413,194.997,125.18,10,0.129,19.302,0.001,926.24,2.3,0
92.855666,23.485943,1008.259,27.308,278.079,749.85,30,0.132,12.515,0.001,952.85,1.567,0
93.272456,23.56198,899.216,20.937,229.728,121.442,10,0.134,17.134,0.001,926.24,2.114,0
92.725275,22.935464,454.454,31.515,265.745,125.18,10,0.122,19.566,0.001,876.07,2.109,0
92.856552,23.718846,827.545,11.409,295.078,734.323,50,0.132,3.177,0.01,952.85,3.997,0
92.814002,24.264737,627.413,6.844,117.063,692.992,10,0.127,1.644,0.001,797.4,0.166,0
93.032602,22.543614,1449.745,14.416,81.508,530.224,30,0.119,10.711,0.05,926.24,59.126,0
93.03895,23.99328,1142.258,20.414,221.901,422.873,30,0.133,10.307,0.05,929.52,63.493,0
92.663938,23.716454,202.935,15.813,258.918,30.361,10,0.134,6.358,0.001,876.07,0.748,0
92.529297,22.779782,463.921,38.578,275.128,837.533,10,0.12,24.61,0.001,780.84,2.311,0
93.028287,22.236286,1101.929,27.536,238.617,625.899,10,0.126,12.64,0.001,926.24,1.482,0
92.621802,22.782507,307.723,21.789,161.79,171.745,10,0.122,7.201,0.001,867.28,0.765,0
93.109603,23.734021,1449.034,19.727,53.96,559.821,10,0.127,8.398,0.001,850.2,0.908,0
92.763652,22.885399,786.227,13.727,97.275,312.581,10,0.123,4.026,0.001,797.4,0.394,0
92.927591,24.365358,599.607,18.38,184.966,288.025,10,0.128,5.825,0.001,1008.45,0.75,0
93.103979,23.110221,920.617,25.385,169.637,30.361,10,0.131,15.12,0.001,926.24,1.829,0
93.405027,23.66017,963.281,0.959,8.277,128.809,40,0.132,0.128,0.15,730.42,1.854,0
92.464051,23.275273,640.561,11.647,320.76,614.754,10,0.122,5.681,0.001,770.29,0.536,0
92.482631,23.666074,747.57,21.866,237.218,518.801,10,0.126,15.752,0.001,780.84,1.553,0
92.767368,24.012936,754.093,9.735,268.964,937.743,50,0.127,2.591,0.01,797.4,2.625,0
92.658423,22.226881,171.932,8.209,116.663,151.803,10,0.124,2.08,0.001,876.07,0.226,0
92.697066,22.679105,402.448,19.601,56.113,653.986,10,0.123,6.314,0.001,876.07,0.683,0
93.077459,23.078009,1344.461,18.368,326.464,237.123,10,0.126,14.55,0.001,926.24,1.701,0
93.135324,22.922549,745.443,26.403,138.242,988.934,30,0.127,17.337,0.05,926.24,102.159,0
93.09927,23.3068,1122.419,19.601,140.779,583.207,10,0.129,6.314,0.001,926.24,0.753,0
92.73969,23.376275,890.117,17.89,213.37,547.332,10,0.125,7.43,0.001,876.07,0.816,0
93.051485,23.767957,903.506,39.262,167.969,273.245,10,0.141,22.361,0.001,874.694,2.757,0
92.742994,23.728719,739.399,18.803,158.064,151.803,10,0.129,9.302,0.001,797.4,0.962,0
92.932975,22.919807,362.688,26.543,66.146,109.466,10,0.129,9.166,0.001,926.24,1.093,0
92.473269,22.85398,53.785,5.613,97.91,286.421,10,0.128,1.272,0.001,780.84,0.127,0
93.040611,23.691837,678.71,21.367,270.686,365.589,10,0.134,12.238,0.001,929.52,1.513,0
92.942078,22.858332,918.239,16.722,90.715,670.686,10,0.127,8.025,0.001,926.24,0.946,0
92.998851,22.981978,1198.233,17.72,258.835,638.294,30,0.126,7.341,0.05,926.24,42.682,0
93.014196,22.713754,1238.555,25.422,103.655,586.359,50,0.124,13.5,0.01,926.24,15.464,0
92.709628,22.341032,429.702,12.655,28.082,656.799,10,0.124,3.628,0.001,926.24,0.419,0
92.611638,22.172219,325.821,15.688,261.277,638.294,30,0.124,4.77,0.05,867.28,25.484,0
93.069082,22.828139,711.908,9.534,60.81,667.932,10,0.128,6.306,0.001,926.24,0.75,0
92.626769,22.614728,134.884,12.872,111.241,259.401,10,0.127,4.893,0.001,867.28,0.538,0
93.234538,23.282905,1254.697,11.535,311.325,850.637,50,0.132,3.222,0.01,926.24,3.935,0
92.776391,22.533671,130.548,20.616,158.781,109.466,10,0.129,6.724,0.001,926.24,0.81,0
92.757161,23.39422,1330.782,13.181,63.514,739.327,30,0.124,5.043,0.05,797.4,24.984,0
92.816966,22.839081,1333.032,15.119,148.98,274.926,10,0.12,6.006,0.001,926.24,0.664,0
92.854197,23.318592,871.823,28.649,271.09,250.359,30,0.129,25.108,0.001,952.85,3.089,0
93.242326,23.421132,1550.745,9.889,338.47,839.731,30,0.127,2.644,0.05,926.24,15.516,0
92.834851,22.696246,752.454,17.642,207.597,151.803,10,0.124,5.532,0.001,926.24,0.637,0
92.744023,22.946072,722.275,19.867,96.673,303.605,10,0.121,16.051,0.001,797.4,1.552,0
93.051198,23.76784,886.279,41.044,159.177,244.774,10,0.141,28.777,0.001,876.563,3.553,0
92.753749,23.239261,796.018,18.589,274.039,346.163,10,0.124,5.908,0.001,797.4,0.586,0
92.378641,24.116428,146.631,11.61,337.755,448.268,10,0.126,7.076,0.001,814.07,0.726,0
93.050649,23.440845,1289.479,18.124,115.374,859.262,10,0.128,5.723,0.001,926.24,0.678,0
92.466634,22.872648,64.525,8.141,161.612,346.163,10,0.129,2.057,0.001,770.29,0.205,0
92.796412,24.404037,79.173,14.799,12.813,455.408,10,0.128,5.845,0.001,797.4,0.599,0
92.883443,22.469756,995.174,34.447,287.169,731.179,10,0.124,12.452,0.001,926.24,1.432,0
92.970518,23.773382,812.185,19.109,244.349,286.421,10,0.133,6.116,0.001,901.399,0.735,0
93.109703,23.544855,654.854,21.981,269.453,177.031,10,0.132,9.606,0.001,926.24,1.177,0
92.886356,22.487331,957.092,43.051,235.11,682.268,10,0.123,20.98,0.001,926.24,2.403,0
93.121289,23.785337,1139.906,16.714,136.687,96.008,10,0.129,5.168,0.001,934.712,0.622,0
92.847387,22.387885,242.73,22.654,269.428,151.803,10,0.123,11.725,0.001,926.24,1.34,0
92.593837,23.810676,463.68,19.641,104.262,305.12,50,0.128,6.33,0.001,797.067,0.651,0
93.162397,23.307244,1234.788,6.249,286.778,858.726,40,0.131,1.462,0.15,926.24,26.384,0
93.085118,22.638953,872.292,51.852,95.921,395.853,10,0.129,47.775,0.001,926.24,5.655,0
93.155054,23.542399,1084.261,21.086,340.953,214.681,10,0.132,15.886,0.001,926.24,1.95,0
92.461167,23.274191,631.141,19.617,358.997,828.681,10,0.124,8.339,0.001,770.29,0.79,0
92.738023,23.732123,785.886,18.996,182.809,326.993,10,0.127,11.557,0.001,876.07,1.291,0
93.313874,24.039697,809.303,38.932,28.284,425.048,10,0.138,22.155,0.001,796.04,2.428,0
92.732267,23.816574,1077.772,29.034,246.933,547.332,10,0.127,25.509,0.001,871.082,2.81,0
92.791933,23.741666,390.081,30.025,33.007,244.774,10,0.131,16.477,0.001,797.4,1.737,0
93.339454,23.533041,1152.016,23.528,238.427,203.665,10,0.127,19.788,0.001,817.91,2.06,0
92.88309,22.110761,437.593,8.546,32.083,644.044,10,0.129,2.191,0.001,926.24,0.26,0
92.600498,22.945088,72.576,7.527,345.852,85.873,10,0.129,1.859,0.001,867.28,0.209,0
92.987676,22.473115,689.047,35.435,152.689,300.554,10,0.121,12.858,0.001,926.24,1.453,0
93.040974,22.303256,1097.284,37.597,155.975,177.031,10,0.127,26.155,0.001,926.24,3.06,0
93.146407,23.122132,1238.944,3.409,127.468,893.446,50,0.125,0.666,0.01,926.24,0.767,0
93.26867,23.294531,1167.07,9.193,140.394,815.789,30,0.13,2.407,0.05,926.24,14.547,0
92.635127,23.797322,218.86,10.514,129.461,250.359,10,0.135,7.152,0.001,809.47,0.782,0
92.893027,22.759755,822.506,45.226,169.145,547.332,30,0.126,25.961,0.05,926.24,151.136,0
92.806126,24.24089,597.063,15.882,345.951,876.258,10,0.125,7.519,0.001,797.4,0.749,0
93.268215,23.458293,987.589,25.893,259.229,366.848,30,0.129,22.237,0.001,926.24,2.663,0
92.852032,22.692356,1027.341,34.053,256.128,203.665,10,0.122,21.398,0.001,926.24,2.419,0
92.947225,24.158739,557.276,40.456,228.666,721.662,10,0.129,28.335,0.001,1008.45,3.702,0
92.795858,23.036807,894.257,34.876,288.737,422.873,10,0.121,12.629,0.001,797.4,1.221,0
93.056229,23.131961,1319.589,21.144,160.322,212.524,10,0.125,15.111,0.001,926.24,1.758,0
93.127434,23.251539,1230.067,14.833,150.696,497.95,10,0.132,4.443,0.001,926.24,0.539,0
92.44182,23.167585,92.481,8.87,150.34,135.776,10,0.131,2.298,0.001,770.29,0.231,0
93.187986,23.831778,634.977,16.352,134.433,434.697,10,0.132,12.568,0.001,828.333,1.375,0
93.009671,22.506177,1149.84,35.31,204.894,163.497,30,0.121,12.807,0.05,926.24,71.551,0
93.04628,22.704093,1286.408,30.174,296.133,558.172,30,0.125,16.573,0.05,926.24,96.101,0
92.671129,23.307082,544.983,25.754,95.967,380.416,50,0.128,11.661,0.001,876.07,1.309,0
92.866617,24.373923,271.568,11.732,23.015,218.933,10,0.13,4.345,0.001,952.85,0.537,0
93.104874,23.1803,1217.481,19.93,95.381,692.327,10,0.129,10.004,0.001,926.24,1.198,0
93.219857,23.092503,814.691,37.037,78.245,328.399,10,0.128,20.968,0.001,926.24,2.465,0
92.719697,22.885868,591.099,19.938,202.644,354.062,10,0.123,6.449,0.001,876.07,0.697,0
92.673041,23.655754,923.782,7.075,158.832,728.653,10,0.127,4.133,0.001,876.07,0.461,0
93.317998,23.764013,1271.635,14.22,114.22,279.91,30,0.132,4.21,0.001,820.549,0.456,0
92.982126,23.640917,1056.573,32.53,274.396,257.618,10,0.13,18.093,0.001,1008.45,2.385,0
93.113473,23.283435,1034.894,27.359,204.051,171.745,10,0.129,12.543,0.001,926.24,1.493,0
93.083972,23.166902,789.258,21.019,173.333,30.361,30,0.129,11.992,0.05,926.24,71.477,0
92.695422,23.715306,732.517,29.951,114.445,163.497,30,0.129,26.465,0.05,876.07,149.68,0
93.195714,23.546964,1285.165,25.596,341.176,731.179,10,0.129,8.772,0.001,926.24,1.051,0
92.770588,22.504962,179.006,8.318,90.991,109.466,10,0.128,2.116,0.001,926.24,0.251,0
93.074035,23.565564,953.779,9.791,278.781,640.456,30,0.133,2.61,0.05,926.24,15.951,0
93.053813,23.819003,898.624,25.123,166.648,494.234,30,0.144,14.931,0.05,935.695,100.848,0
92.387183,24.074776,531.664,12.193,8.719,598.033,10,0.127,3.46,0.001,761.69,0.334,0
92.622158,22.7575,341.664,21.43,94.273,171.745,10,0.123,17.636,0.001,867.28,1.885,0
93.154579,22.274014,954.526,16.553,249.185,395.853,10,0.123,12.763,0.001,926.24,1.452,0
93.219663,24.021378,1175.739,18.163,336.664,273.245,10,0.126,5.739,0.001,893.33,0.644,0
93.387085,23.438085,948.316,20.96,88.435,682.268,10,0.129,10.651,0.001,730.42,1.014,0
92.953752,22.380851,381.51,22.569,119.614,135.776,10,0.126,13.094,0.001,926.24,1.522,0
92.683067,23.760901,529.366,26.185,93.706,154.809,10,0.133,11.897,0.001,876.07,1.383,0
92.70204,23.482817,964.967,25.06,127.819,305.12,10,0.129,11.281,0.001,876.07,1.273,0
93.038864,23.621014,674.278,15.68,208.63,537.99,30,0.133,11.917,0.05,929.52,74.079,0
92.994277,23.668535,745.12,18.789,329.969,121.442,10,0.132,5.988,0.001,1008.45,0.795,0
92.42386,22.930133,52.402,0.528,39.325,121.442,10,0.13,0.059,0.001,770.29,0.006,0
92.960038,24.281295,779.483,44.973,203.007,203.665,10,0.127,28.962,0.001,1008.45,3.723,0
93.050122,23.288306,1107.459,26.237,142.068,721.662,10,0.129,18.507,0.001,926.24,2.206,0
92.85081,22.665528,946.942,34.638,316.831,583.997,10,0.123,19.446,0.001,926.24,2.225,0
92.98167,23.66124,901.328,21.318,137.002,151.803,30,0.132,13.343,0.45,1008.45,799.465,0
93.393751,23.680763,1189.86,19.145,109.572,309.618,10,0.128,15.326,0.001,730.42,1.425,0
92.850519,22.805516,1108.91,35.145,61.489,670.686,10,0.125,27.744,0.001,926.24,3.207,0
93.290258,23.090313,1322.724,10.699,172.504,729.917,10,0.127,3.861,0.001,817.91,0.401,0
92.878001,23.866703,1026.536,13.965,267.832,700.927,10,0.138,5.429,0.001,777.695,0.581,0
93.226125,23.17799,1421.133,21.577,198.203,854.961,10,0.128,12.387,0.001,926.24,1.471,0
92.903751,22.956573,813.96,16.72,320.073,500.719,10,0.127,5.171,0.001,926.24,0.61,0
92.920021,23.855107,1523.488,16.38,231.653,279.91,30,0.124,5.038,0.05,837.489,26.138,0
92.710417,23.720166,1061.799,28.378,232.879,519.689,50,0.0,9.93,0.01,876.07,0.0,0
93.012768,22.558558,1203.33,33.605,335.386,171.745,10,0.123,30.26,0.001,926.24,3.45,0
92.488041,23.8212,1013.578,30.228,48.087,678.882,10,0.125,24.587,0.001,777.433,2.386,0
92.635516,23.706291,580.928,32.694,75.149,177.031,10,0.128,28.242,0.001,867.28,3.145,0
93.210719,23.107977,1063.253,29.051,57.211,706.168,10,0.128,15.846,0.001,926.24,1.879,0
93.201533,23.206406,861.021,5.663,41.469,572.841,10,0.129,1.287,0.001,926.24,0.154,0
92.648518,23.791608,245.06,2.754,49.905,273.245,10,0.137,0.505,0.001,808.668,0.056,0
93.113425,23.72234,1444.769,13.35,141.888,825.896,10,0.129,6.764,0.001,850.2,0.741,0
93.061136,24.058905,1212.756,13.831,90.529,923.38,30,0.13,6.307,0.001,929.52,0.763,0
93.146964,23.378826,1327.767,19.726,89.816,638.294,30,0.125,8.397,0.05,926.24,48.857,0
92.529195,22.637343,69.195,5.919,284.265,537.99,10,0.125,1.798,0.001,780.84,0.175,0
92.945171,23.766703,1211.807,16.342,296.318,607.211,50,0.133,7.796,0.01,868.144,8.99,0
92.641416,22.363538,98.848,1.595,353.196,128.809,50,0.13,0.328,0.001,867.28,0.037,0
92.90882,23.09767,655.393,33.068,247.321,463.434,30,0.129,29.705,0.05,926.24,177.598,0
93.095979,23.746057,1343.595,20.388,144.844,464.427,10,0.13,16.577,0.001,898.374,1.928,0
92.675785,23.714993,379.654,5.469,11.899,121.442,10,0.135,2.141,0.001,876.07,0.253,0
93.132221,23.105738,874.494,24.478,261.0,429.363,10,0.129,15.815,0.05,926.24,94.272,0
92.729987,23.411668,1202.695,7.748,347.594,880.456,10,0.126,1.93,0.001,876.07,0.216,0
92.470858,23.267462,800.599,10.813,174.704,610.994,10,0.122,2.966,0.001,770.29,0.281,0
92.921835,23.52498,1150.361,29.074,102.642,463.434,10,0.131,13.486,0.05,952.85,84.21,0
93.066188,22.958915,1248.189,32.53,54.057,518.801,10,0.127,25.393,0.001,926.24,2.98,0
92.377009,24.015469,687.346,10.835,282.031,843.564,10,0.127,3.924,0.001,814.07,0.405,0
92.359472,24.249141,73.717,4.398,228.175,109.466,10,0.126,0.927,0.001,814.07,0.095,0
93.25866,23.236804,1371.775,41.288,271.687,824.779,10,0.125,28.96,0.001,926.24,3.367,0
92.767574,22.910316,1116.682,19.336,106.554,537.133,10,0.119,9.633,0.001,797.4,0.919,0
92.726278,23.643947,839.19,25.408,265.811,682.268,10,0.131,15.136,0.001,876.07,1.735,0
93.084232,23.753579,965.51,19.845,97.544,182.163,10,0.138,9.95,0.05,911.945,62.022,0
92.484956,23.156425,329.417,29.535,333.877,128.809,10,0.123,22.679,0.001,780.84,2.217,0
93.280795,23.993279,1359.477,11.696,120.313,614.004,50,0.127,3.28,0.01,893.33,3.731,0
93.248627,23.874657,1415.405,37.654,200.396,399.331,10,0.126,18.159,0.001,893.33,2.047,0
93.197346,23.859733,821.22,25.411,162.56,300.554,10,0.131,8.695,0.001,893.33,1.022,0
92.966686,23.644589,1190.985,17.46,90.332,312.581,10,0.131,13.652,0.001,1008.45,1.809,0
92.762691,22.498909,144.801,29.459,205.315,60.721,10,0.129,23.851,0.001,926.24,2.846,0
92.94952,24.184985,455.796,26.643,52.035,121.442,10,0.133,9.207,0.001,1008.45,1.223,0
92.949475,24.170601,674.088,37.209,264.744,638.294,10,0.131,21.077,0.001,1008.45,2.793,0
92.37959,23.385869,82.112,16.308,302.937,171.745,10,0.13,8.723,0.001,745.22,0.844,0
93.189248,24.024215,1210.451,11.161,42.397,768.068,10,0.129,4.076,0.001,850.2,0.447,0
93.174717,23.99052,644.566,21.994,177.996,364.326,10,0.136,15.866,0.001,850.2,1.831,0
92.625572,23.829368,398.566,12.328,137.735,60.721,10,0.128,3.509,0.001,861.018,0.386,0
93.200109,23.644574,1242.581,28.441,156.392,508.935,10,0.131,15.452,0.001,926.24,1.883,0
92.876467,24.364319,118.273,12.425,127.103,442.056,10,0.132,4.677,0.001,952.85,0.586,0
93.367409,23.708251,1384.942,27.9,233.983,768.068,30,0.128,24.328,0.05,817.91,126.948,0
92.705389,24.227679,233.956,22.794,174.766,96.008,10,0.127,10.046,0.001,876.07,1.118,0
93.343773,23.44814,1268.064,24.504,192.416,42.936,10,0.128,8.319,0.05,817.91,43.571,0
92.89609,23.078764,716.483,19.47,216.899,328.399,10,0.126,8.261,0.001,926.24,0.97,0
92.648393,23.268926,633.823,10.151,222.461,480.042,10,0.125,2.734,0.001,867.28,0.296,0
93.019041,23.687055,635.836,33.854,22.029,312.581,10,0.134,23.238,0.001,929.52,2.906,0
92.703236,24.306334,490.77,14.042,156.747,682.268,10,0.125,9.024,0.001,761.69,0.862,0
93.224147,24.015416,1017.171,31.114,118.444,375.539,10,0.125,21.075,0.001,893.33,2.368,0
92.803391,23.207387,936.944,29.804,39.094,637.571,10,0.124,13.888,0.001,797.4,1.368,0
93.201116,23.405834,1229.93,9.35,174.683,339.441,10,0.131,2.46,0.001,926.24,0.3,0
93.24612,23.55726,1606.846,30.322,61.432,522.342,10,0.127,10.741,0.001,926.24,1.264,0
92.73521,23.720976,753.328,17.35,84.619,42.936,10,0.126,7.148,0.001,876.07,0.794,0
92.93915,22.913326,336.03,30.938,326.577,462.438,10,0.129,19.148,0.001,926.24,2.287,0
92.715693,23.705068,1118.137,25.089,213.814,567.182,50,0.14,8.561,0.01,876.07,10.134,0
92.852967,23.265594,493.494,24.707,224.368,451.342,10,0.127,11.088,0.001,952.85,1.346,0
92.999667,23.008442,1199.441,23.548,29.863,583.997,30,0.127,12.296,0.001,926.24,1.442,0
92.896308,23.188194,869.215,25.584,355.477,517.021,10,0.126,11.568,0.001,926.24,1.356,0
93.071339,23.725846,1106.716,24.112,144.553,880.456,10,0.134,19.643,0.001,929.52,2.441,0
92.632281,22.462718,78.968,0.382,12.539,96.008,40,0.128,0.097,0.15,867.28,1.609,0
92.879239,22.448853,522.367,38.625,207.42,96.008,30,0.124,18.676,0.05,926.24,107.264,0
93.095557,23.710203,1320.244,26.528,212.734,601.108,10,0.131,9.159,0.001,929.52,1.118,0
92.83299,23.792726,571.93,15.609,305.021,708.774,10,0.135,6.254,0.001,888.527,0.748,0
93.20868,23.288717,967.768,23.246,352.556,339.441,10,0.13,7.799,0.001,926.24,0.937,0
93.017216,22.744957,779.317,20.68,63.778,474.247,10,0.125,16.873,0.001,926.24,1.942,0
92.364934,23.380197,68.174,20.774,236.247,567.182,10,0.13,10.533,0.001,745.22,1.013,0
92.661956,23.713019,165.602,34.771,38.92,85.873,10,0.136,31.462,0.001,876.07,3.739,0
93.126914,23.386122,1316.525,23.053,65.007,682.268,10,0.126,10.186,0.001,926.24,1.186,0
92.735257,22.471055,817.22,24.613,62.832,716.534,10,0.122,12.979,0.001,926.24,1.47,0
92.765322,22.216137,152.596,26.106,86.484,109.466,10,0.127,11.854,0.001,926.24,1.386,0
93.235896,23.724545,1098.122,27.865,273.351,791.706,10,0.131,24.291,0.001,926.24,2.935,0
93.153605,23.346163,1077.46,21.972,97.118,580.037,10,0.131,9.601,0.001,926.24,1.161,0
92.747983,23.398546,1287.384,26.927,273.999,519.689,10,0.122,12.305,0.001,797.4,1.201,0
93.126289,23.993003,1175.192,5.223,283.107,546.49,50,0.128,2.79,0.05,850.2,15.211,0
92.587539,23.198305,707.722,9.176,160.22,794.611,50,0.119,2.401,0.05,867.28,12.45,0
92.762776,23.721205,1035.125,34.567,135.362,794.611,30,0.133,21.766,0.05,797.4,115.759,0
93.348124,23.535249,1334.058,2.948,280.979,244.774,30,0.127,0.552,0.05,817.91,2.876,0
92.651467,23.775625,387.558,25.239,30.736,67.888,10,0.132,8.624,0.001,867.28,0.99,0
92.965965,22.445111,785.325,24.584,157.034,622.946,50,0.123,8.352,0.001,926.24,0.951,0
93.036063,23.963028,1002.482,39.174,147.718,109.466,50,0.133,25.026,0.05,929.52,155.621,0
92.987147,23.006997,1084.747,34.731,228.741,517.021,10,0.126,19.505,0.001,926.24,2.284,0
93.070783,23.388865,920.818,32.387,314.909,596.49,10,0.131,18.002,0.001,926.24,2.18,0
92.765442,22.330354,471.895,35.401,99.285,649.744,10,0.127,19.932,0.001,926.24,2.355,0
92.418896,23.52824,852.707,27.022,279.415,796.928,10,0.125,14.533,0.001,770.29,1.401,0
92.789044,23.355813,1355.405,8.816,239.644,994.51,30,0.125,2.28,0.001,797.4,0.228,0
93.047445,22.757653,1350.454,12.973,216.767,788.205,30,0.123,3.745,0.05,926.24,21.426,0
93.257877,23.22921,1464.015,31.261,236.391,442.056,10,0.126,27.83,0.001,926.24,3.227,0
92.415027,23.098852,300.929,14.893,355.921,279.91,10,0.127,4.466,0.001,770.29,0.437,0
92.970616,24.235141,287.438,17.108,36.128,121.442,10,0.133,8.26,0.001,1008.45,1.108,0
92.964187,23.68809,1129.145,9.176,85.485,633.947,50,0.164,6.002,0.01,1008.45,9.156,0
92.843425,23.324382,712.487,28.199,117.774,212.524,10,0.128,24.639,0.001,952.85,3.01,0
93.323783,23.627815,1593.434,30.281,9.583,96.008,10,0.127,10.724,0.001,817.91,1.115,0
93.019673,23.045954,1242.817,20.63,69.936,472.299,30,0.127,6.729,0.05,926.24,39.399,0
92.639373,23.232436,778.781,12.594,241.379,708.774,10,0.125,3.606,0.001,867.28,0.39,0
92.938077,22.615202,623.408,13.998,77.884,354.062,10,0.13,5.446,0.001,926.24,0.653,0
93.005392,22.798958,1213.842,21.602,222.561,67.888,10,0.123,9.401,0.001,926.24,1.066,0
93.032574,22.990854,948.776,34.099,313.074,774.045,10,0.126,19.101,0.001,926.24,2.238,0
92.904206,23.527462,1211.138,12.409,159.911,194.402,10,0.129,8.846,0.001,952.85,1.081,0
92.638395,22.393209,95.145,2.08,203.202,151.803,10,0.13,0.351,0.001,867.28,0.04,0
92.784366,23.798261,496.459,17.36,107.274,665.859,10,0.134,13.553,0.001,883.946,1.608,0
92.478445,23.708262,664.204,25.405,216.79,622.946,10,0.128,13.489,0.001,780.84,1.343,0
92.733931,23.7532,1100.726,41.085,203.64,607.211,10,0.147,34.766,0.001,876.07,4.131,0
93.113231,23.731056,1461.084,5.199,41.313,700.927,10,0.127,1.152,0.001,850.2,0.125,0
92.73874,23.820639,1129.066,18.951,70.852,610.994,10,0.127,13.183,0.001,841.201,1.412,0
92.385733,24.075064,527.548,13.505,13.685,540.554,10,0.127,3.943,0.001,761.69,0.38,0
92.836832,23.862167,240.793,25.969,221.847,250.359,10,0.137,22.316,0.001,817.812,2.492,0
93.050226,23.420892,1188.921,16.08,220.709,412.948,10,0.13,7.637,0.001,926.24,0.92,0
92.712606,22.921681,826.972,22.896,97.416,644.044,30,0.121,19.138,0.05,876.07,100.798,0
92.413818,23.056785,149.761,16.479,273.689,421.782,10,0.129,12.692,0.001,770.29,1.261,0
93.158338,23.261656,1210.068,18.611,42.472,645.474,10,0.13,12.116,0.001,926.24,1.459,0
93.262665,23.763579,1479.425,16.521,150.73,471.322,30,0.127,9.695,0.001,886.5,1.094,0
93.209575,23.173577,1177.236,8.567,269.766,463.434,10,0.128,2.198,0.001,926.24,0.261,0
92.853189,23.886778,645.358,26.799,321.867,500.719,10,0.134,12.235,0.001,952.85,1.564,0
93.373143,23.770166,1417.712,11.614,283.593,668.622,10,0.126,3.251,0.001,760.772,0.313,0
92.647577,22.253368,137.386,14.409,224.953,672.059,10,0.127,5.65,0.001,867.28,0.622,0
92.541094,22.666263,92.932,24.177,53.032,109.466,10,0.124,10.798,0.001,780.84,1.048,0
92.758171,22.286652,176.263,28.108,100.293,154.809,10,0.128,15.236,0.05,926.24,90.492,0
92.838797,23.506371,1000.93,22.78,113.944,244.774,10,0.13,19.018,0.001,952.85,2.354,0
92.784262,22.358985,263.349,16.58,260.123,394.687,10,0.128,5.116,0.001,926.24,0.605,0
92.729106,23.411268,1196.505,11.827,353.583,796.928,10,0.133,4.39,0.001,876.07,0.5,0
92.752522,23.308349,751.4,3.193,310.542,67.888,10,0.125,1.065,0.001,797.4,0.107,0
92.603786,23.819321,420.091,30.195,243.383,309.618,10,0.13,10.688,0.001,853.906,1.185,0
92.539555,22.620123,67.564,5.722,202.212,394.687,10,0.124,3.26,0.001,780.84,0.317,0
93.168539,23.287326,1137.049,31.182,244.676,686.981,10,0.126,27.747,0.001,926.24,3.246,0
92.61467,24.17992,91.158,5.985,24.236,96.008,10,0.126,1.382,0.001,761.69,0.133,0
92.692528,24.139574,801.12,2.988,299.14,863.009,10,0.126,0.561,0.001,876.07,0.062,0
92.516248,22.709922,45.796,2.359,289.769,67.888,40,0.128,0.545,0.15,780.84,8.171,0
93.288478,23.938545,1515.019,13.433,189.911,91.082,10,0.126,3.916,0.001,796.04,0.393,0
92.332673,24.080346,92.427,2.173,283.579,244.774,10,0.126,0.371,0.001,814.07,0.038,0
92.428428,23.432194,726.626,22.317,64.277,721.662,10,0.128,7.417,0.001,770.29,0.729,0
93.309287,23.302222,1478.583,24.594,140.325,85.873,10,0.125,11.026,0.001,817.91,1.126,0
92.979911,22.470171,682.197,9.315,116.957,151.803,10,0.122,3.23,0.001,926.24,0.364,0
92.93752,24.022619,890.144,38.899,304.849,384.034,10,0.132,35.658,0.001,1008.45,4.731,0
93.244231,23.473567,892.81,33.044,35.626,192.017,10,0.128,11.872,0.001,926.24,1.41,0
93.251598,23.096629,1334.937,6.284,56.668,869.394,10,0.129,3.68,0.001,926.24,0.44,0
93.087852,22.302709,1171.72,19.246,205.124,182.163,10,0.126,8.143,0.001,926.24,0.952,0
92.744859,23.470733,1311.557,14.314,72.269,530.224,10,0.123,10.614,0.001,797.4,1.041,0
93.045715,23.437714,1388.119,11.409,230.115,1048.648,30,0.127,3.177,0.05,926.24,18.668,0
93.102158,23.173934,1214.892,12.427,43.537,714.602,10,0.129,6.172,0.001,926.24,0.737,0
92.838247,22.520966,1018.248,22.986,301.285,666.55,10,0.123,7.692,0.001,926.24,0.876,0
93.323045,23.471597,1420.707,9.687,191.029,366.848,50,0.13,2.575,0.01,817.91,2.743,0
92.912924,22.524921,717.797,28.485,67.03,751.078,30,0.126,24.022,0.001,926.24,2.788,0
92.677236,23.210871,857.701,31.684,71.377,841.924,10,0.124,17.549,0.001,876.07,1.904,0
93.019094,23.90617,1082.743,30.954,33.635,326.993,10,0.139,27.51,0.001,929.52,3.523,0
92.708711,23.233437,863.112,35.498,45.705,728.653,10,0.126,22.432,0.001,876.07,2.486,0
92.688686,24.004463,280.276,16.084,264.264,42.936,10,0.131,4.923,0.001,876.07,0.563,0
93.311352,23.545905,1552.228,25.53,40.351,948.979,10,0.129,11.539,0.001,817.91,1.215,0
93.124547,23.739898,1237.003,23.962,129.203,388.805,30,0.131,10.681,0.05,850.2,59.922,0
93.40741,23.705112,1037.654,9.618,25.259,279.91,10,0.131,3.959,0.05,730.42,18.849,0
92.497817,22.926558,126.105,22.014,27.532,288.025,10,0.129,9.623,0.001,780.84,0.963,0
93.322418,23.068223,939.707,15.957,106.359,271.553,30,0.127,4.874,0.05,817.91,25.415,0
93.275731,23.238983,1236.533,18.429,103.064,500.719,10,0.125,9.07,0.001,926.24,1.06,0
92.364875,23.788121,498.783,24.36,69.319,171.745,10,0.127,20.647,0.001,745.22,1.965,0
92.72843,23.699345,734.83,39.239,123.999,355.361,30,0.129,22.347,0.05,876.07,126.11,0
92.310686,23.967102,154.277,20.814,53.161,517.021,10,0.127,6.804,0.001,814.07,0.702,0
92.716187,23.705575,1116.051,27.787,358.508,518.801,10,0.132,12.778,0.001,876.07,1.521,0
93.357144,23.278811,911.174,11.909,88.875,212.524,10,0.132,8.392,0.001,817.91,0.904,0
92.958999,22.400865,179.851,21.602,209.484,0.0,10,0.127,17.811,0.001,926.24,2.088,0
93.187449,23.52283,1267.664,13.487,93.304,777.609,50,0.133,3.936,0.01,926.24,4.725,0
93.364857,23.473513,1488.436,24.176,284.775,589.495,10,0.131,12.699,0.001,817.91,1.356,0
92.663012,23.737617,795.094,7.949,284.058,218.933,10,0.128,1.995,0.01,876.07,2.246,0
93.161614,23.678887,1183.233,21.199,207.873,489.549,30,0.13,17.401,0.05,926.24,104.192,0
93.004155,22.495186,1221.459,33.411,150.798,547.332,10,0.121,15.866,0.05,926.24,88.807,0
92.892046,22.813511,432.239,23.386,273.436,537.99,10,0.128,18.051,0.001,926.24,2.163,0
92.658099,23.275761,953.361,19.741,262.931,543.106,10,0.124,8.405,0.001,876.07,0.911,0
92.714404,23.263529,453.187,20.468,84.641,121.442,10,0.129,6.664,0.001,876.07,0.753,0
92.793968,24.406862,90.91,17.708,309.712,431.504,10,0.13,5.559,0.001,797.4,0.572,0
92.610514,22.34282,171.37,19.668,267.185,121.442,10,0.125,8.366,0.001,867.28,0.908,0
93.120968,23.159697,1215.884,17.308,12.199,777.609,10,0.128,9.404,0.001,926.24,1.113,0
92.962827,23.717651,850.776,18.027,148.522,109.466,10,0.131,7.501,0.05,1008.45,49.297,0
92.834093,22.894163,703.183,30.716,249.065,364.326,10,0.124,22.331,0.01,926.24,25.521,0
93.068817,22.827966,717.177,10.435,60.395,637.571,10,0.128,7.083,0.001,926.24,0.842,0
92.910927,24.010992,953.482,33.5,154.047,462.438,10,0.131,12.061,0.001,952.85,1.521,0
93.020386,23.162717,1022.506,27.146,288.063,154.809,10,0.128,12.426,0.001,926.24,1.471,0
93.065015,22.812653,738.945,24.979,113.026,749.85,10,0.128,19.564,0.001,926.24,2.312,0
92.88458,23.671496,323.035,26.28,303.65,151.803,10,0.138,9.056,0.001,952.85,1.192,0
93.239555,23.864742,1251.454,23.233,87.493,279.91,10,0.127,16.974,0.001,893.33,1.922,0
92.901159,22.504394,872.621,24.956,27.888,622.946,10,0.123,21.265,0.001,926.24,2.421,0
92.64665,22.416816,91.688,2.239,279.949,151.803,10,0.127,0.84,0.001,867.28,0.093,0
93.391101,23.694022,1290.19,16.997,152.943,212.524,10,0.124,11.497,0.001,730.42,1.047,0
92.503552,22.750803,51.699,5.294,88.518,60.721,10,0.13,2.053,0.001,780.84,0.208,0
93.176291,23.38499,762.28,37.872,61.649,42.936,10,0.131,30.165,0.001,926.24,3.681,0
92.810372,24.243158,581.176,6.347,346.46,692.327,10,0.125,1.491,0.001,797.4,0.149,0
92.589499,22.871743,526.253,22.401,266.971,700.927,10,0.122,9.833,0.001,867.28,1.037,0
92.86165,23.015284,815.573,16.51,89.216,644.044,30,0.124,5.089,0.05,926.24,29.039,0
93.268165,23.23308,1247.245,30.983,28.101,203.665,10,0.126,17.096,0.001,926.24,1.995,0
93.376633,23.47141,1303.666,25.301,229.028,322.737,10,0.128,11.413,0.001,730.42,1.063,0
92.871269,23.273557,1074.121,25.19,212.273,759.013,10,0.131,8.603,0.001,952.85,1.076,0
92.900312,22.428056,1039.847,22.983,104.435,586.359,10,0.125,19.227,0.001,926.24,2.207,0
92.967365,23.611539,1569.012,30.182,67.201,751.692,10,0.123,10.683,0.001,1008.45,1.33,0
92.578371,22.91862,565.362,16.767,335.273,505.3,10,0.124,11.301,0.001,867.28,1.213,0
92.713143,23.574668,885.373,9.452,44.894,604.929,10,0.13,2.495,0.001,876.07,0.285,0
93.235722,23.726748,1145.496,7.519,315.844,845.747,10,0.132,1.857,0.001,926.24,0.225,0
93.049193,23.260808,798.709,24.79,245.388,614.754,30,0.128,11.133,0.001,926.24,1.316,0
92.775323,22.540269,183.81,3.892,15.777,221.028,10,0.129,0.791,0.001,926.24,0.094,0
92.528187,22.920388,120.539,30.033,332.816,312.581,10,0.127,14.014,0.001,780.84,1.396,0
93.059417,23.541257,775.904,19.76,31.637,688.321,10,0.135,6.378,0.001,926.24,0.794,0
93.29473,23.970301,1400.002,21.292,187.626,214.681,10,0.126,10.86,0.001,796.04,1.093,0
93.206861,23.494977,947.093,23.642,341.331,365.589,10,0.131,7.962,0.001,926.24,0.966,0
92.692801,22.852829,471.275,23.822,257.098,537.133,10,0.124,20.091,0.001,876.07,2.185,0
92.432158,23.341491,662.435,33.826,102.562,456.419,10,0.123,23.217,0.05,770.29,109.602,0
92.38038,24.238394,73.14,15.677,177.186,60.721,10,0.125,6.288,0.001,814.07,0.637,0
92.65202,23.844697,245.471,16.913,340.253,85.873,10,0.135,5.246,0.001,823.5,0.581,0
92.978967,22.385833,651.99,12.138,312.813,637.571,10,0.124,3.44,0.001,926.24,0.396,0
93.232751,23.702456,648.761,10.312,257.672,42.936,10,0.131,2.79,0.001,926.24,0.339,0
93.029405,23.694659,464.583,30.96,160.508,30.361,10,0.136,11.007,0.001,929.52,1.387,0
93.093272,22.993889,1221.0,34.366,77.905,803.838,10,0.127,23.641,0.001,926.24,2.774,0
93.08095,22.63267,1181.391,41.441,91.386,774.045,10,0.129,31.274,0.001,926.24,3.664,0
92.813529,22.842366,1293.181,29.768,51.601,489.549,10,0.118,16.31,0.001,926.24,1.782,0
93.015937,22.744832,843.856,10.092,94.246,614.754,30,0.125,2.714,0.05,926.24,15.595,0
92.690656,24.000887,303.744,8.353,231.187,177.031,10,0.13,5.123,0.001,876.07,0.583,0
92.663872,23.820607,185.811,14.255,209.638,212.524,10,0.132,5.573,0.001,872.83,0.644,0
92.720219,24.401746,242.427,3.36,324.7,531.093,10,0.126,0.654,0.001,761.69,0.063,0
93.257542,23.585281,1303.898,21.226,196.033,369.352,10,0.128,6.972,0.001,926.24,0.831,0
92.792825,22.219706,712.673,19.77,103.339,517.021,10,0.125,6.382,0.001,926.24,0.738,0
92.77901,23.236311,775.242,26.02,250.647,399.331,10,0.124,15.579,0.001,797.4,1.537,0
92.997595,23.522996,1291.514,37.61,135.474,829.237,10,0.128,18.136,0.001,1008.45,2.344,0
92.64997,22.080927,135.966,6.331,247.414,303.605,40,0.126,1.486,0.15,926.24,25.915,0
93.205604,23.057209,585.158,26.524,124.836,339.441,10,0.128,18.752,0.001,926.24,2.23,0
93.311244,23.469816,1337.951,21.705,200.763,422.873,10,0.13,17.917,0.001,817.91,1.91,0
92.638016,22.615192,108.793,7.548,88.466,192.017,10,0.126,1.866,0.001,867.28,0.204,0
93.141699,23.475556,1117.2,31.042,337.184,462.438,10,0.132,11.041,0.001,926.24,1.341,0
93.001286,23.980392,374.126,17.36,263.564,273.245,10,0.136,11.102,0.001,1008.45,1.518,0
92.483307,23.696225,569.99,27.588,196.907,500.719,10,0.128,12.669,0.001,780.84,1.272,0
93.007408,22.876625,1152.293,37.612,60.182,643.328,10,0.127,18.137,0.001,926.24,2.145,0
92.362939,23.225412,228.37,23.717,102.908,572.841,10,0.129,17.409,0.001,745.22,1.675,0
92.875636,22.468022,628.633,34.501,329.39,242.884,10,0.124,23.747,0.001,926.24,2.73,0
92.705649,23.725465,943.589,21.342,229.867,288.025,50,0.163,7.019,0.01,876.07,15.351,0
93.337928,23.192568,1299.558,16.366,188.854,619.236,30,0.131,7.81,0.05,817.91,41.688,0
93.290537,23.122146,1503.776,10.189,9.379,653.986,10,0.128,2.748,0.001,817.91,0.285,0
92.853855,24.358921,349.171,19.224,44.059,547.332,10,0.127,8.131,0.001,952.85,0.98,0
92.707817,23.56073,795.013,20.895,204.769,474.247,10,0.13,10.609,0.001,876.07,1.206,0
92.412293,22.918193,44.593,5.278,306.618,516.129,10,0.127,1.174,0.001,770.29,0.115,0
92.652781,22.343186,117.199,2.49,167.344,434.697,10,0.129,0.687,0.001,876.07,0.078,0
93.342636,23.482662,1372.593,4.813,160.575,567.182,30,0.131,1.042,0.05,817.91,5.586,0
92.959729,23.153532,510.375,34.005,29.036,171.745,10,0.129,16.19,0.001,926.24,1.94,0
93.004272,22.413033,972.43,14.795,251.403,412.948,60,0.123,4.428,0.45,926.24,226.617,0
93.107128,22.474685,1077.034,25.729,286.936,91.082,10,0.124,11.647,0.001,926.24,1.334,0
92.708367,22.691251,359.389,17.445,273.208,576.85,10,0.124,13.637,0.001,876.07,1.493,0
92.747102,23.773007,1104.634,23.469,293.475,408.459,10,0.131,7.891,0.001,859.977,0.896,0
93.007564,22.554247,1215.004,36.836,23.115,500.719,10,0.124,20.841,0.001,926.24,2.373,0
92.772472,23.030239,1084.163,23.923,183.391,537.133,10,0.123,10.659,0.001,797.4,1.041,0
92.383894,23.021901,43.922,1.324,141.781,761.438,10,0.13,0.195,0.001,770.29,0.019,0
92.379944,23.355932,53.38,3.475,41.732,30.361,10,0.128,1.707,0.001,745.22,0.163,0
93.02999,23.033086,870.218,20.362,106.856,60.721,10,0.128,6.621,0.001,926.24,0.781,0
92.36792,23.169493,135.234,11.966,204.298,177.031,10,0.128,3.377,0.001,745.22,0.322,0
93.017049,23.511567,614.948,39.817,177.171,300.554,10,0.135,27.851,0.001,926.24,3.47,0
93.186394,24.029062,1192.154,9.267,265.367,531.093,10,0.128,5.587,0.001,850.2,0.608,0
92.766565,23.267706,798.33,7.628,77.03,333.966,10,0.123,1.892,0.001,797.4,0.185,0
93.072887,23.541373,999.831,32.884,299.244,700.927,10,0.132,11.806,0.001,926.24,1.447,0
92.733962,23.800758,1064.616,31.167,162.977,558.172,10,0.131,14.637,0.001,864.54,1.659,0
92.920595,24.354264,733.227,4.019,317.537,711.37,10,0.128,0.825,0.001,952.85,0.1,0
93.058511,22.819581,677.115,29.021,326.661,214.681,10,0.128,23.43,0.001,926.24,2.793,0
93.029961,22.197135,890.858,21.473,115.845,637.571,10,0.125,9.332,0.001,926.24,1.082,0
93.072213,23.171175,985.026,19.369,35.593,231.219,10,0.13,6.22,0.001,926.24,0.748,0
92.798144,24.166438,720.54,18.378,90.138,711.37,50,0.127,7.685,0.01,797.4,7.762,0
93.050286,23.286548,1055.83,31.588,207.294,547.332,30,0.129,28.17,0.05,926.24,168.059,0
93.239853,23.021045,838.507,14.585,151.859,530.224,10,0.126,4.349,0.001,926.24,0.509,0
93.146006,23.208834,820.227,34.722,249.205,312.581,10,0.131,16.58,0.001,926.24,2.005,0
92.961419,23.799907,1281.164,46.824,75.558,177.031,10,0.125,22.861,0.001,945.54,2.714,0
93.103963,22.612909,1161.981,32.184,22.917,665.859,10,0.128,17.871,0.001,926.24,2.123,0
93.137545,22.322106,1617.828,14.836,92.45,577.649,30,0.12,11.109,0.05,926.24,61.978,0
93.309109,23.37416,1044.771,23.148,286.32,299.017,10,0.131,17.825,0.001,817.91,1.917,0
92.943954,22.454766,461.281,28.905,251.09,518.801,10,0.126,25.375,0.001,926.24,2.953,0
92.79928,22.199183,617.258,5.865,192.994,586.359,10,0.128,3.366,0.001,926.24,0.399,0
93.329317,23.48301,1429.017,11.826,343.985,583.207,10,0.128,6.812,0.001,817.91,0.719,0
93.169234,22.264228,1008.537,29.299,223.193,326.993,10,0.123,13.61,0.001,926.24,1.556,0
92.999185,23.004616,1207.594,32.606,165.822,459.438,10,0.126,23.939,0.001,926.24,2.777,0
93.082539,23.772388,800.642,11.374,358.4,128.809,10,0.131,4.176,0.001,944.965,0.517,0
93.01187,22.649536,1122.354,34.144,321.063,279.91,10,0.123,23.466,0.001,926.24,2.673,0
92.784584,23.109691,688.219,21.327,283.221,261.171,10,0.125,10.882,0.001,797.4,1.085,0
93.062054,23.605849,651.445,25.25,53.446,121.442,10,0.134,11.385,0.001,926.24,1.413,0
93.122766,23.178545,853.396,23.077,115.891,394.687,10,0.131,7.73,0.001,926.24,0.938,0
93.367908,23.597614,1153.467,18.116,328.463,274.926,10,0.127,14.3,0.001,817.91,1.492,0
92.414829,23.088108,431.543,16.004,117.604,774.045,10,0.125,4.892,0.001,770.29,0.473,0
92.701741,23.730499,859.356,13.837,146.839,67.888,10,0.126,4.066,0.001,876.07,0.45,0
92.820464,22.449423,318.232,36.065,54.031,96.008,10,0.127,17.306,0.001,926.24,2.027,0
93.256244,23.241578,1339.286,14.586,229.779,716.534,10,0.128,4.349,0.001,926.24,0.515,0
93.040287,23.107465,1277.658,9.724,168.492,221.028,30,0.125,3.414,0.05,926.24,19.809,0
93.085265,23.856481,1212.013,24.902,287.972,1262.794,10,0.132,8.484,0.001,775.647,0.869,0
92.795874,24.095331,901.521,8.913,303.943,580.037,10,0.129,3.052,0.001,797.4,0.314,0
92.623466,22.911117,165.017,19.707,303.563,242.884,10,0.13,6.356,0.001,867.28,0.718,0
92.626849,22.754899,397.049,26.69,301.172,370.598,10,0.124,23.066,0.001,867.28,2.479,0
92.686764,22.549828,508.581,23.645,155.773,480.042,10,0.125,7.964,0.001,876.07,0.873,0
92.610448,23.790653,247.703,24.806,94.127,67.888,10,0.134,13.104,0.001,823.325,1.433,0
92.715094,23.670653,1046.868,24.243,223.87,625.899,10,0.131,10.834,0.001,876.07,1.239,0
92.4978,22.794926,47.119,1.111,117.912,0.0,10,0.13,0.388,0.001,780.84,0.039,0
92.943281,22.868175,746.346,24.717,82.753,502.556,10,0.128,21.017,0.05,926.24,124.582,0
92.292088,23.693183,163.565,26.862,268.074,355.361,10,0.133,16.189,0.001,745.22,1.61,0
93.009377,22.488913,1127.748,34.457,146.134,194.402,30,0.121,16.436,0.05,926.24,91.98,0
92.733506,23.707489,745.049,22.576,245.646,365.589,10,0.13,7.524,0.001,876.07,0.855,0
92.980621,23.396031,1260.871,23.548,173.365,576.051,10,0.13,12.296,0.001,926.24,1.477,0
93.277214,23.271706,1105.917,28.709,267.96,279.91,30,0.132,25.171,0.001,926.24,3.084,0
92.388824,24.073799,555.007,9.521,9.808,622.946,10,0.127,4.384,0.001,761.69,0.424,0
92.7149,23.728806,961.096,27.404,203.541,194.402,50,0.0,9.524,0.01,876.07,0.017,0
92.930663,23.969697,1120.31,17.833,137.17,719.743,10,0.13,7.4,0.001,1008.45,0.978,0
92.721932,23.634852,870.812,13.536,288.183,759.013,10,0.131,6.136,0.001,876.07,0.7,0
92.708079,22.951378,746.026,35.207,27.468,625.162,10,0.122,26.137,0.001,876.07,2.805,0
93.167144,23.202507,693.929,28.791,43.15,547.332,10,0.129,13.331,0.001,926.24,1.588,0
93.401261,23.681204,1154.379,15.231,110.639,405.06,10,0.129,8.0,0.001,730.42,0.75,0
93.387188,23.439168,920.324,29.214,62.688,698.292,30,0.129,25.697,0.05,730.42,121.733,0
92.671538,23.791651,382.583,29.305,70.953,274.926,10,0.135,24.847,0.001,815.134,2.737,0
93.119227,23.779768,1111.402,17.269,124.227,355.361,10,0.131,9.377,0.001,945.987,1.156,0
93.0708,22.829191,623.606,31.16,354.386,559.821,10,0.128,17.21,0.001,926.24,2.052,0
92.728854,23.235877,752.472,32.116,259.601,759.013,10,0.127,17.827,0.001,876.07,1.983,0
92.714606,23.751327,780.338,23.202,259.236,442.056,30,0.131,14.813,0.001,876.07,1.703,0
92.629881,22.848014,136.778,7.273,172.039,369.352,10,0.129,1.779,0.001,867.28,0.199,0
93.271292,23.166218,1497.059,26.712,85.225,412.948,10,0.126,22.243,0.001,926.24,2.594,0
92.707392,23.733936,912.224,30.844,54.339,231.219,10,0.129,17.006,0.001,876.07,2.102,0
93.009578,23.19301,901.366,17.167,140.175,437.866,30,0.131,8.295,0.001,926.24,1.008,0
93.012108,22.746808,744.714,36.456,340.63,692.327,10,0.127,13.275,0.001,926.24,1.552,0
93.311339,23.545155,1562.743,13.368,147.154,941.666,30,0.128,5.135,0.05,817.91,26.972,0
93.154876,22.290834,1275.043,32.912,276.312,194.402,30,0.121,22.497,0.05,926.24,125.85,0
92.740911,23.87973,1186.95,11.915,121.959,869.394,50,0.129,3.359,0.01,779.337,3.373,0
92.611951,23.382406,775.009,24.322,114.155,744.298,10,0.128,20.608,0.001,867.28,2.291,0
92.760341,23.652028,720.987,28.966,288.928,614.754,10,0.13,10.176,0.001,797.4,1.052,0
93.054434,23.298334,1266.841,28.054,20.481,670.686,10,0.127,12.925,0.001,926.24,1.517,0
93.311809,23.48354,1622.939,16.332,289.436,803.838,10,0.129,5.02,0.001,817.91,0.527,0
93.192921,23.633828,1073.12,22.929,241.027,286.421,30,0.135,10.119,0.001,926.24,1.268,0
93.04532,23.977006,1063.485,29.705,122.552,808.412,30,0.136,19.958,0.05,929.52,126.178,0
93.087362,22.847364,606.653,21.635,270.303,370.598,30,0.129,14.617,0.05,926.24,87.493,0
93.097812,22.594574,1285.949,33.135,119.221,614.754,10,0.123,15.715,0.05,926.24,89.449,0
93.317419,23.408238,1184.597,21.347,11.838,322.737,10,0.129,7.021,0.001,817.91,0.742,0
93.050741,22.556607,903.458,29.143,334.711,250.359,10,0.124,25.623,0.001,926.24,2.947,0
92.837621,22.959317,818.353,32.592,227.643,729.285,30,0.124,29.211,0.001,926.24,3.358,0
93.050498,24.039671,1304.833,9.062,275.651,678.882,50,0.13,2.363,0.01,929.52,2.854,0
93.043383,23.971728,1058.361,29.531,76.727,644.044,50,0.131,10.412,0.01,929.52,12.68,0
92.793958,22.359783,184.902,29.38,147.544,121.442,10,0.129,24.921,0.001,926.24,2.973,0
93.201195,23.972621,873.712,22.688,263.693,128.809,10,0.126,9.988,0.001,893.33,1.132,0
93.125929,23.367028,1322.859,30.419,76.147,60.721,10,0.124,26.953,0.001,926.24,3.107,0
92.93896,23.758078,1190.909,21.137,205.056,1038.49,10,0.132,10.763,0.001,883.805,1.259,0
93.027479,22.59804,1139.965,21.416,70.034,734.323,10,0.124,7.049,0.001,926.24,0.808,0
92.735086,23.803699,1011.407,23.262,72.52,322.737,30,0.131,19.513,0.05,879.299,112.158,0
92.754837,22.879244,991.961,13.621,17.619,824.779,50,0.0,8.162,0.01,797.4,2.617,0
93.070688,23.655285,739.492,11.486,37.583,154.809,30,0.128,8.012,0.05,929.52,47.489,0
92.423103,23.546633,922.76,28.785,120.329,759.62,10,0.126,25.25,0.001,770.29,2.446,0
93.381115,23.390777,1065.131,19.823,106.548,426.13,10,0.131,9.936,0.001,730.42,0.951,0
92.977062,22.241563,823.221,22.882,107.882,421.782,10,0.123,17.573,0.001,926.24,2.008,0
92.932411,23.224732,364.064,12.497,66.926,67.888,10,0.13,3.57,0.001,926.24,0.429,0
92.513908,23.772902,152.518,12.187,149.144,0.0,30,0.137,8.643,0.05,780.84,46.011,0
92.621889,22.248194,216.694,22.45,277.375,288.025,10,0.126,9.859,0.001,867.28,1.078,0
92.641351,22.083927,151.945,3.33,44.707,121.442,10,0.124,0.646,0.001,926.24,0.074,0
93.221093,23.250395,788.035,11.038,39.997,96.008,10,0.129,3.045,0.001,926.24,0.365,0
92.796268,22.793894,361.105,19.175,319.953,85.873,10,0.123,15.356,0.001,926.24,1.754,0
92.868296,23.530958,651.842,26.165,66.62,692.327,10,0.133,22.52,0.001,952.85,2.846,0
93.334775,23.457044,1303.431,9.041,56.224,221.028,30,0.13,4.485,0.15,817.91,71.095,0
92.49034,22.896482,263.986,32.908,22.173,665.859,10,0.126,22.494,0.001,780.84,2.208,0
93.338577,23.45292,1295.415,1.682,53.608,30.361,40,0.127,0.463,0.15,817.91,7.191,0
93.124433,23.476879,1013.17,12.811,47.585,442.056,10,0.131,3.686,0.001,926.24,0.447,0
93.282808,23.494612,1048.031,19.896,254.715,537.133,10,0.133,6.432,0.001,817.91,0.696,0
93.062489,23.626685,752.481,15.709,206.794,121.442,10,0.132,4.778,0.001,926.24,0.585,0
92.755319,24.482234,216.799,17.13,279.346,564.739,10,0.128,8.273,0.001,761.69,0.81,0
92.602603,24.082085,131.606,5.112,217.952,530.224,10,0.127,1.127,0.001,761.69,0.109,0
93.158966,23.310482,1120.675,17.301,4.127,434.697,30,0.129,7.123,0.05,926.24,42.46,0
92.739982,22.888764,954.679,30.082,267.273,789.958,10,0.12,26.602,0.001,876.07,2.832,0
92.590812,23.667433,1058.961,24.057,63.725,663.084,10,0.126,14.162,0.001,867.28,1.55,0
93.380744,23.555345,1589.7,20.669,153.774,570.423,10,0.129,16.862,0.001,730.42,1.568,0
92.647735,23.270342,561.234,23.377,330.45,355.361,10,0.126,19.632,0.001,867.28,2.14,0
92.335242,24.11095,69.802,8.549,101.038,154.809,10,0.127,3.816,0.001,814.07,0.393,0
93.209466,23.872449,1079.066,42.441,271.412,734.323,10,0.133,27.272,0.001,893.33,3.245,0
92.614352,24.133966,88.646,14.573,15.11,214.681,10,0.129,10.859,0.001,761.69,1.064,0
92.441764,22.897945,42.693,2.133,137.84,30.361,10,0.126,0.362,0.001,770.29,0.035,0
93.190223,23.541239,1217.068,10.424,322.784,455.408,10,0.128,4.391,0.001,926.24,0.523,0
92.971211,22.466619,369.245,35.447,251.359,91.082,10,0.125,19.961,0.001,926.24,2.306,0
92.924925,23.217096,725.409,14.392,102.475,519.689,30,0.127,4.275,0.05,926.24,25.286,0
93.255554,23.241405,1285.455,38.215,262.739,645.474,10,0.128,24.356,0.001,926.24,2.889,0
92.762289,23.815158,990.535,34.508,56.24,674.113,30,0.131,16.463,0.05,852.498,91.89,0
93.132618,23.380274,1269.769,9.252,101.947,407.329,30,0.126,6.067,0.001,926.24,0.705,0
92.534889,22.633779,58.926,9.02,249.416,121.442,10,0.124,2.349,0.001,780.84,0.228,0
92.748428,23.395969,1299.263,9.091,293.175,614.754,10,0.123,5.931,0.001,797.4,0.581,0
92.99234,23.4261,1419.764,25.435,89.615,485.769,10,0.127,15.156,0.001,926.24,1.783,0
93.106417,23.403685,1024.076,32.998,183.16,288.025,10,0.135,22.565,0.001,926.24,2.82,0
92.56665,23.219568,887.156,10.403,126.32,880.979,10,0.121,4.38,0.001,867.28,0.458,0
92.749062,23.477754,1294.678,14.73,48.123,559.821,10,0.125,5.81,0.001,797.4,0.579,0
92.671182,22.655774,484.68,30.09,274.898,489.549,10,0.123,10.644,0.001,876.07,1.158,0
92.882478,22.163285,692.987,18.289,133.154,472.299,10,0.127,5.789,0.001,926.24,0.683,0
92.722594,23.636206,879.319,9.675,270.931,698.952,10,0.131,3.392,0.001,876.07,0.389,0
93.23429,23.08301,824.582,30.681,317.879,67.888,10,0.126,20.732,0.001,926.24,2.433,0
92.581425,23.078435,164.294,13.396,305.984,500.719,10,0.131,3.902,0.001,867.28,0.442,0
92.825776,23.823415,454.237,30.535,65.545,250.359,10,0.134,20.617,0.001,879.381,2.423,0
92.740444,22.801677,528.693,31.797,82.972,682.268,10,0.125,26.087,0.001,876.07,2.868,0
93.189746,23.513205,1151.89,12.045,278.289,399.331,50,0.131,3.406,0.01,926.24,4.148,0
93.169426,23.315223,1037.56,35.967,218.095,299.017,10,0.129,22.766,0.001,926.24,2.737,0
93.349831,23.280633,1062.216,7.356,207.622,261.171,10,0.13,1.805,0.001,817.91,0.192,0
93.146442,23.118479,1206.326,18.178,243.006,901.151,30,0.125,7.58,0.05,926.24,43.981,0
92.508323,22.848229,410.593,23.38,290.632,1039.377,10,0.124,10.364,0.001,780.84,0.998,0
93.314531,23.948211,1394.52,18.465,53.859,472.299,10,0.127,14.647,0.001,796.04,1.477,0
92.736717,23.772417,1162.528,22.343,27.324,649.034,50,0.128,7.428,0.01,876.07,12.366,0
92.791631,22.2179,692.068,30.262,100.245,490.49,10,0.125,14.14,0.001,926.24,1.642,0
92.729109,23.459462,1023.786,42.075,154.811,380.416,10,0.128,38.8,0.001,876.07,4.337,0
92.740456,23.311627,613.162,24.66,244.731,653.986,10,0.128,8.383,0.001,876.07,0.939,0
92.395699,23.087219,61.175,16.316,104.888,60.721,10,0.129,6.615,0.001,770.29,0.661,0
92.901931,22.384701,558.195,26.786,337.074,537.99,10,0.128,12.228,0.001,926.24,1.451,0
92.721108,22.950116,384.009,6.593,81.425,0.0,10,0.121,3.916,0.001,876.07,0.417,0
93.101236,23.86355,543.375,18.37,96.986,96.008,30,0.136,14.552,0.05,929.52,91.755,0
92.855568,22.387975,436.341,27.069,355.249,194.402,10,0.123,12.383,0.001,926.24,1.413,0
92.921105,24.134602,718.6,22.426,260.707,607.211,10,0.133,9.846,0.001,952.85,1.243,0
92.988294,23.35463,1083.77,28.027,104.631,212.524,10,0.128,12.91,0.001,926.24,1.537,0
92.849934,23.736027,704.283,31.556,16.657,274.926,10,0.128,28.136,0.001,952.85,3.454,0
92.495694,23.893563,822.585,14.075,264.059,833.672,50,0.128,10.39,0.01,769.737,10.219,0
92.400613,24.105126,431.203,10.838,251.958,964.873,10,0.126,2.975,0.001,761.69,0.285,0
92.678912,22.119006,256.779,12.215,241.659,517.021,10,0.123,3.468,0.001,926.24,0.397,0
92.692817,24.137139,801.776,6.435,348.331,749.85,10,0.127,1.518,0.001,876.07,0.169,0
92.547624,22.914481,72.387,14.363,184.622,194.402,30,0.131,9.797,0.05,780.84,49.896,0
92.929243,22.102011,93.774,5.147,74.47,67.888,10,0.129,1.137,0.001,926.24,0.135,0
93.070066,23.734721,859.625,17.066,324.506,288.025,10,0.136,8.234,0.001,929.52,1.029,0
92.862942,23.010652,712.407,32.443,185.244,434.697,10,0.124,18.038,0.001,926.24,2.072,0
92.398913,23.158178,102.529,19.949,327.351,85.873,10,0.129,6.454,0.001,770.29,0.644,0
93.024505,23.677334,485.79,33.948,47.112,231.219,10,0.136,30.614,0.001,929.52,3.854,0
92.987897,24.313691,790.028,1.892,31.403,194.402,50,0.129,0.31,0.01,1008.45,0.404,0
93.134712,23.167762,1017.373,16.8,152.372,517.021,10,0.129,6.864,0.001,926.24,0.818,0
92.913417,23.850692,1241.28,23.346,265.111,194.402,10,0.132,12.167,0.001,822.129,1.312,0
93.017052,22.462811,1296.73,37.763,127.989,530.224,10,0.123,24.038,0.001,926.24,2.727,0
92.742746,23.763841,1040.844,16.639,140.787,576.051,10,0.124,12.847,0.001,797.4,1.277,0
93.119782,23.893768,765.705,22.093,254.734,237.123,30,0.138,9.666,0.05,850.2,56.267,0
93.310175,23.514916,1445.661,22.099,33.573,366.848,30,0.127,13.95,0.05,817.91,72.495,0
92.93071,22.961818,797.341,22.842,108.441,640.456,50,0.127,14.531,0.01,926.24,17.232,0
93.1306,24.016756,1161.515,10.48,104.157,829.237,30,0.126,3.759,0.05,850.2,20.158,0
93.074518,23.30215,686.882,28.831,298.387,42.936,10,0.129,13.353,0.001,926.24,1.598,0
93.20308,23.698573,956.017,18.641,341.328,388.805,10,0.132,5.929,0.001,926.24,0.725,0
92.480074,22.928332,93.445,35.588,302.035,135.776,10,0.129,12.921,0.001,780.84,1.306,0
92.945592,24.167588,457.301,25.163,351.367,633.947,10,0.131,14.959,0.001,1008.45,1.975,0
92.476214,23.688947,578.449,37.107,58.708,305.12,10,0.127,21.012,0.001,780.84,2.082,0
92.606999,23.695354,1186.127,5.377,5.883,299.017,10,0.122,1.867,0.001,867.28,0.198,0
93.244829,23.579394,1157.745,30.945,188.256,489.549,30,0.126,26.492,0.05,926.24,154.96,0
92.795876,24.403724,90.348,13.2,56.16,497.95,10,0.129,3.829,0.001,797.4,0.393,0
92.826248,22.169921,465.26,29.564,196.695,464.427,10,0.126,26.062,0.001,926.24,3.025,0
92.984977,23.962345,304.62,32.106,174.171,316.973,10,0.135,17.82,0.001,1008.45,2.423,0
92.365202,23.149288,108.079,14.497,310.983,395.853,10,0.13,4.315,0.001,745.22,0.417,0
92.974151,22.717403,1114.49,7.771,190.694,625.899,10,0.127,1.938,0.05,926.24,11.361,0
92.532742,22.706794,94.169,3.069,44.29,546.49,10,0.128,0.581,0.001,780.84,0.058,0
92.885102,22.178396,677.935,16.757,56.665,631.762,10,0.127,6.842,0.001,926.24,0.804,0
93.088905,23.298362,1074.065,33.68,228.212,494.234,10,0.129,16.013,0.001,926.24,1.917,0
92.851378,23.612257,1100.888,21.784,82.002,708.774,10,0.132,7.199,0.001,952.85,0.904,0
93.047536,23.436941,1351.447,16.564,136.746,845.747,30,0.127,12.774,0.05,926.24,75.192,0
92.708943,23.989782,592.695,14.69,68.38,326.993,10,0.128,4.388,0.001,876.07,0.493,0
93.227859,23.187228,1210.813,27.423,83.264,303.605,10,0.128,12.578,0.001,926.24,1.493,0
93.208414,23.153946,1235.048,18.654,241.36,614.004,10,0.127,9.209,0.001,926.24,1.084,0
92.415722,23.25689,73.504,18.047,57.949,67.888,10,0.132,5.693,0.001,770.29,0.578,0
92.730736,24.369709,298.663,16.266,70.744,273.245,10,0.13,4.994,0.001,761.69,0.492,0
92.963044,23.601203,1492.5,19.658,131.589,394.687,10,0.123,11.033,0.001,1008.45,1.373,0
93.103122,23.289027,1140.595,21.692,156.616,85.873,10,0.129,9.45,0.001,926.24,1.125,0
93.175095,23.408066,826.267,34.82,76.162,151.803,10,0.132,31.512,0.001,926.24,3.876,0
93.013332,23.070866,1419.328,39.033,286.828,876.258,30,0.121,22.219,0.001,926.24,2.528,0
92.822169,22.889531,774.364,31.513,113.471,850.637,10,0.126,28.092,0.001,926.24,3.264,0
93.114724,23.609462,1038.073,7.992,190.099,408.459,30,0.135,4.114,0.001,926.24,0.512,0
92.756346,24.349496,45.267,0.448,124.595,67.888,40,0.127,0.119,0.15,797.4,1.818,0
92.90589,22.099273,135.699,27.494,221.613,91.082,10,0.128,18.202,0.001,926.24,2.156,0
93.066739,23.182894,1061.514,13.129,342.75,375.539,10,0.132,3.803,0.001,926.24,0.466,0
93.242347,23.863688,1231.039,34.133,8.362,177.031,10,0.127,16.26,0.001,893.33,1.829,0
92.387045,23.021987,51.721,0.92,1.561,682.268,10,0.13,0.121,0.001,770.29,0.012,0
92.556883,23.732459,752.331,16.173,48.299,421.782,10,0.127,4.958,0.001,780.84,0.492,0
93.274972,23.921075,1515.958,31.869,36.092,700.927,10,0.127,15.023,0.001,893.33,1.715,0
93.384675,23.592205,968.408,40.348,108.975,151.803,10,0.132,14.841,0.001,730.42,1.436,0
92.868007,23.757693,517.798,25.909,55.727,151.803,10,0.134,13.814,0.001,952.85,1.766,0
93.097476,23.712443,1330.99,26.655,138.696,607.211,10,0.13,17.537,0.001,929.52,2.126,0
92.71274,22.871022,544.107,29.887,353.94,549.853,10,0.123,16.388,0.001,876.07,1.77,0
92.864054,22.648027,949.684,37.04,313.254,480.042,10,0.123,20.97,0.001,926.24,2.389,0
92.893274,23.414745,631.592,22.178,309.042,67.888,10,0.133,9.712,0.001,952.85,1.228,0
92.469989,22.934088,264.103,40.037,195.711,537.133,10,0.128,22.84,0.001,770.29,2.249,0
93.139927,23.678122,1324.774,3.009,214.507,237.123,10,0.129,0.566,0.001,926.24,0.068,0
92.684201,22.292908,252.607,12.956,84.732,485.769,10,0.125,3.739,0.001,926.24,0.432,0
92.802893,24.413392,53.891,23.311,176.773,60.721,10,0.129,10.326,0.001,797.4,1.061,0
92.59527,22.034293,878.632,46.706,131.55,614.754,10,0.123,22.803,0.001,867.28,2.437,0
92.833432,23.738463,642.798,29.793,66.021,567.182,10,0.127,20.028,0.001,952.85,2.439,0
92.916847,24.125097,749.886,32.276,253.55,734.323,10,0.132,23.659,0.001,952.85,2.948,0
92.651036,23.848912,170.831,31.507,43.089,128.809,10,0.136,14.824,0.001,808.345,1.625,0
92.622971,22.76642,338.454,27.138,54.777,335.343,10,0.125,23.533,0.001,867.28,2.542,0
92.793611,23.597437,409.236,33.145,231.683,279.91,10,0.136,18.489,0.001,797.4,1.998,0
93.071029,22.965592,1144.6,30.234,78.604,434.697,10,0.128,14.125,0.001,926.24,1.669,0
93.309155,23.750154,1388.913,28.825,197.422,395.853,10,0.128,10.117,0.001,834.742,1.079,0
93.019834,23.089095,1319.531,34.173,259.97,751.692,10,0.13,16.282,0.001,926.24,1.95,0
92.490097,23.822909,913.486,20.063,67.342,412.948,10,0.125,6.5,0.001,777.519,0.636,0
92.959512,23.662063,1041.907,28.303,279.18,729.285,10,0.132,17.236,0.001,1008.45,2.293,0
93.301763,23.254158,1385.242,9.716,32.242,237.123,10,0.126,2.584,0.001,817.91,0.268,0
93.068526,23.522218,921.912,32.779,316.328,531.093,10,0.137,22.392,0.001,926.24,2.835,0
93.269189,23.153361,1316.719,31.507,182.363,214.681,10,0.126,17.434,0.001,926.24,2.031,0
93.038006,23.225673,583.556,23.127,328.724,42.936,10,0.131,19.374,0.001,926.24,2.358,0
92.3247,24.204081,86.308,7.116,70.304,312.581,10,0.123,1.729,0.001,814.07,0.173,0
93.350077,23.619483,1413.504,8.267,35.835,589.495,50,0.127,2.099,0.01,817.91,2.179,0
92.900784,23.174589,830.345,20.628,302.577,760.833,10,0.126,6.729,0.001,926.24,0.784,0
93.331824,23.243975,1560.412,28.909,64.68,316.973,10,0.125,25.379,0.001,817.91,2.612,0
93.17727,23.458412,739.149,27.104,69.901,91.082,10,0.131,23.497,0.001,926.24,2.845,0
93.116778,23.783964,1216.759,18.354,162.61,151.803,30,0.131,7.673,0.05,940.994,47.268,0
92.657333,23.280601,925.066,22.395,281.941,425.048,10,0.125,11.561,0.001,876.07,1.263,0
93.129408,22.229532,967.794,30.736,200.127,644.044,30,0.124,10.914,0.05,926.24,62.781,0
92.633393,23.344264,655.229,34.482,244.974,412.948,10,0.128,16.45,0.001,867.28,1.825,0
93.15656,23.350418,1079.1,17.301,161.687,684.965,30,0.13,5.398,0.001,926.24,0.653,0
92.684676,23.740168,829.549,22.073,134.523,30.361,30,0.128,9.655,0.05,876.07,54.046,0
93.100557,23.784353,1521.261,18.189,281.57,761.438,10,0.128,5.749,0.001,954.164,0.705,0
93.243625,23.590862,1470.142,18.347,176.731,1182.503,10,0.126,5.812,0.001,926.24,0.682,0
92.99755,22.807627,1216.738,14.463,121.246,633.947,50,0.123,8.81,0.01,926.24,10.072,0
93.293083,23.076306,1283.987,16.817,75.517,194.402,10,0.127,5.208,0.001,817.91,0.544,0
93.067993,22.835362,661.239,32.591,38.651,576.85,10,0.129,20.344,0.001,926.24,2.418,0
93.028446,22.849626,1167.354,21.044,58.821,724.212,10,0.127,9.101,0.05,926.24,53.45,0
93.003427,23.430804,1444.537,22.57,146.505,231.219,10,0.126,7.521,0.001,926.24,0.875,0
93.087516,22.992241,1261.426,17.205,306.736,754.14,30,0.126,7.073,0.05,926.24,41.256,0
92.963087,22.906972,949.762,14.28,149.026,547.332,10,0.125,6.569,0.001,926.24,0.762,0
92.375569,24.247145,82.76,2.827,270.722,121.442,10,0.123,0.522,0.001,814.07,0.052,0
92.434272,23.294488,279.999,15.828,146.305,442.056,10,0.129,9.878,0.001,770.29,0.984,0
92.607486,22.1834,349.923,29.092,110.172,369.352,10,0.123,13.496,0.001,867.28,1.44,0
92.97207,23.4958,1227.229,13.327,185.823,30.361,10,0.126,8.906,0.001,1008.45,1.129,0
92.803178,22.349824,108.629,9.009,107.229,0.0,30,0.13,5.862,0.05,926.24,35.15,0
92.911787,23.225195,738.779,33.224,30.357,517.021,50,0.129,28.771,0.001,926.24,3.429,0
92.714815,23.98339,633.947,11.14,306.074,531.093,10,0.128,7.703,0.001,876.07,0.864,0
93.299231,23.520346,1463.037,22.145,334.066,515.235,10,0.128,7.347,0.001,817.91,0.771,0
92.770216,23.266712,741.375,1.745,252.717,30.361,40,0.123,0.641,0.001,797.4,0.063,0
92.878041,23.203179,570.471,28.844,220.161,543.106,10,0.126,13.36,0.001,952.85,1.601,0
93.312706,23.517661,1457.261,27.657,239.433,426.13,10,0.128,9.63,0.001,817.91,1.009,0
92.986746,23.309755,1154.124,40.856,94.369,708.774,30,0.13,26.191,0.05,926.24,157.48,0
92.495651,23.896276,850.111,11.147,237.22,994.51,10,0.127,5.369,0.001,784.134,0.535,0
92.484938,22.902919,267.514,5.605,329.545,670.686,30,0.126,1.269,0.05,780.84,6.234,0
92.811139,22.519346,692.213,23.835,319.231,547.332,10,0.125,8.042,0.001,926.24,0.935,0
92.494726,23.761835,458.277,31.668,38.866,399.331,10,0.131,17.538,0.001,780.84,1.794,0
93.205496,23.56716,1256.566,19.412,290.64,519.689,10,0.131,15.594,0.001,926.24,1.88,0
92.685076,22.241325,260.322,12.772,226.081,326.993,10,0.126,3.671,0.001,926.24,0.428,0
92.460848,23.274161,631.388,16.3,355.111,814.659,10,0.124,9.532,0.001,770.29,0.905,0
92.413492,23.121037,296.497,20.083,52.408,577.649,10,0.129,6.508,0.001,770.29,0.644,0
93.332021,23.446699,1328.641,10.598,41.504,91.082,50,0.131,3.814,0.01,817.91,4.075,0
93.023747,24.055109,849.406,13.616,289.216,184.676,10,0.129,9.959,0.001,929.52,1.213,0
92.647807,23.859822,73.182,26.712,268.916,60.721,10,0.134,17.582,0.001,808.383,1.907,0
92.363884,23.930272,584.157,23.246,267.927,456.419,10,0.127,19.498,0.001,814.07,2.013,0
92.422628,22.934956,56.686,6.918,289.464,259.401,10,0.13,2.2,0.001,770.29,0.218,0
93.238798,23.877345,1180.602,26.922,234.56,471.322,10,0.131,9.324,0.001,893.33,1.082,0
93.038062,22.310723,1019.551,12.143,31.777,30.361,10,0.126,7.048,0.001,926.24,0.821,0
92.506916,23.207858,664.717,16.982,209.212,425.048,10,0.122,6.958,0.001,780.84,0.665,0
93.18942,23.516437,1178.866,16.236,227.164,462.438,50,0.134,6.574,0.01,926.24,8.118,0
93.194709,23.885305,639.728,38.433,267.673,85.873,10,0.137,24.508,0.001,893.33,3.003,0
93.014027,23.902613,1063.724,14.138,285.202,422.873,10,0.137,6.486,0.001,929.52,0.83,0
92.701169,23.50032,886.475,28.76,265.037,638.294,10,0.128,13.313,0.001,876.07,1.484,0
93.087324,23.007488,1375.536,34.481,179.957,625.899,10,0.127,27.149,0.001,926.24,3.187,0
93.204941,23.701427,915.751,12.623,320.118,480.042,10,0.132,4.772,0.001,926.24,0.582,0
92.257998,23.807939,798.084,13.339,267.467,1256.941,10,0.125,8.915,0.001,782.09,0.869,0
93.002157,22.992437,1221.187,19.838,142.935,857.114,10,0.127,9.946,0.001,926.24,1.17,0
92.855383,23.333439,943.466,15.512,39.481,279.91,10,0.128,7.297,0.001,952.85,0.89,0
92.650358,24.323483,54.403,6.217,72.534,463.434,10,0.127,1.452,0.001,761.69,0.14,0
92.561564,22.857086,179.677,3.032,248.122,412.948,10,0.13,0.572,0.001,780.84,0.058,0
92.851583,23.34924,884.144,22.446,256.871,672.059,10,0.129,7.47,0.001,952.85,0.918,0
92.891826,23.441911,817.665,17.876,207.97,394.687,10,0.132,5.625,0.001,952.85,0.705,0
93.188776,23.521719,1198.81,14.781,117.542,607.211,30,0.127,8.42,0.01,926.24,9.936,0
92.749672,23.734777,920.63,13.074,291.123,583.207,50,0.132,9.456,0.01,797.4,13.285,0
92.680463,23.721033,633.789,14.978,214.24,480.042,10,0.131,11.245,0.001,876.07,1.295,0
93.355503,23.197417,1039.649,23.239,112.049,437.866,30,0.128,17.912,0.05,817.91,93.582,0
92.997784,22.800625,1205.396,6.616,97.18,412.948,30,0.124,3.615,0.01,926.24,4.129,0
92.927632,22.974724,731.189,11.861,154.775,537.99,50,0.127,3.34,0.001,926.24,0.392,0
93.214805,23.815279,972.555,24.086,192.777,911.322,10,0.13,16.68,0.001,884.778,1.917,0
92.538502,22.65716,63.453,10.576,222.113,0.0,10,0.125,7.207,0.001,780.84,0.703,0
92.754786,22.511176,167.16,15.607,266.61,91.082,10,0.128,10.321,0.001,926.24,1.228,0
92.654292,22.050331,171.759,8.085,119.403,442.056,10,0.124,2.039,0.001,926.24,0.233,0
92.396794,23.070686,55.156,2.335,100.73,163.497,10,0.13,1.019,0.001,770.29,0.102,0
93.05454,22.459914,1561.612,11.276,78.094,522.342,30,0.12,3.13,0.05,926.24,17.332,0
92.705636,23.716626,841.593,26.599,178.481,91.082,10,0.129,14.26,0.001,876.07,1.632,0
92.984683,22.184894,1207.257,32.5,91.392,665.859,10,0.126,20.278,0.001,926.24,2.37,0
92.697926,22.916334,625.196,2.551,255.361,557.345,10,0.122,0.457,0.001,876.07,0.049,0
92.512754,22.72978,46.52,8.106,274.375,42.936,10,0.129,2.7,0.001,780.84,0.273,0
92.728244,23.727643,832.228,25.37,172.008,328.399,50,0.0,11.45,0.01,876.07,4.604,0
92.906102,24.029492,980.074,28.591,208.368,531.093,10,0.132,13.221,0.001,952.85,1.678,0
93.047739,23.631114,795.56,28.866,138.423,194.402,50,0.133,13.372,0.01,929.52,16.529,0
92.489839,23.748294,430.914,40.14,274.618,326.993,10,0.132,25.697,0.001,780.84,2.642,0
92.64445,23.897759,94.675,11.21,5.829,96.008,10,0.134,5.913,0.001,867.28,0.687,0
93.337863,23.286341,1315.424,18.742,82.321,322.737,10,0.13,5.969,0.001,817.91,0.633,0
93.308194,23.838806,1060.027,18.871,19.57,459.438,30,0.128,9.344,0.05,796.04,47.8,0
93.100708,23.338572,1281.576,20.326,115.288,882.547,30,0.129,12.576,0.001,926.24,1.502,0
93.126398,23.151936,1180.126,3.533,213.019,625.899,10,0.128,0.698,0.001,926.24,0.083,0
92.629206,22.192443,202.454,15.905,279.203,231.219,10,0.123,4.854,0.001,867.28,0.517,0
92.743019,22.501632,360.063,32.726,359.946,237.123,10,0.126,18.22,0.001,926.24,2.121,0
93.329257,23.42175,1483.603,37.568,191.028,817.483,10,0.131,18.113,0.001,817.91,1.933,0
92.630116,22.261592,171.325,4.382,289.506,121.442,10,0.124,0.922,0.001,867.28,0.099,0
92.979589,22.644447,881.005,9.463,161.228,0.0,10,0.125,6.246,0.001,926.24,0.726,0
93.320345,23.373247,1238.829,13.618,132.838,678.882,10,0.131,3.985,0.001,817.91,0.428,0
92.91861,22.978051,699.219,17.131,50.793,607.211,10,0.125,7.035,0.001,926.24,0.816,0
92.591518,23.58632,848.632,29.527,125.086,625.899,10,0.127,13.736,0.001,867.28,1.508,0
92.708564,23.722595,969.095,33.258,37.463,598.033,50,0.0,20.825,0.01,876.07,8.983,0
92.517182,22.750896,86.325,8.55,9.81,288.025,10,0.129,2.892,0.001,780.84,0.291,0
92.990053,23.704582,863.008,29.274,90.661,257.618,10,0.135,22.442,0.001,1008.45,3.038,0
93.007967,22.166393,1058.635,25.131,152.123,643.328,30,0.124,8.579,0.001,926.24,0.985,0
92.682543,22.243168,242.807,23.256,231.117,547.332,10,0.125,10.296,0.001,926.24,1.188,0
92.882224,22.199928,415.974,20.315,73.82,667.932,10,0.126,16.503,0.001,926.24,1.921,0
93.049112,23.459392,1182.293,30.408,119.344,250.359,10,0.133,16.725,0.001,926.24,2.036,0
92.641997,22.81868,93.681,4.96,33.505,109.466,10,0.128,1.083,0.001,867.28,0.121,0
92.4853,22.806484,88.212,4.886,233.937,494.234,10,0.131,1.062,0.001,780.84,0.109,0
92.735512,23.052341,523.072,1.735,134.653,231.219,10,0.123,0.277,0.001,876.07,0.03,0
93.368361,23.593626,1328.63,1.564,54.373,665.859,30,0.127,0.242,0.001,817.91,0.025,0
92.789005,24.42473,41.491,10.413,200.752,30.361,10,0.128,3.728,0.001,797.4,0.383,0
92.474514,22.8993,94.603,14.63,203.627,163.497,10,0.127,4.366,0.001,780.84,0.431,0
93.219024,23.163939,1313.264,11.339,62.0,547.332,10,0.127,3.152,0.001,926.24,0.37,0
92.70937,22.929704,859.741,16.775,53.032,869.924,10,0.122,5.192,0.001,876.07,0.552,0
92.492877,23.812235,865.059,32.499,69.996,486.716,10,0.126,29.115,0.001,781.629,2.854,0
92.839495,22.956335,864.686,26.023,22.725,684.965,10,0.124,13.888,0.001,926.24,1.589,0
92.35887,23.216825,218.031,7.804,237.034,921.881,10,0.13,1.948,0.001,745.22,0.188,0
92.999752,22.487151,910.999,28.391,128.391,182.163,10,0.121,24.839,0.001,926.24,2.787,0
92.765147,22.90254,1044.409,8.727,64.246,729.285,10,0.117,2.251,0.001,797.4,0.21,0
92.758768,23.934373,980.139,32.366,104.196,515.235,10,0.129,15.295,0.001,797.4,1.574,0
93.242885,23.537486,1567.382,15.642,130.501,580.037,30,0.128,10.918,0.05,926.24,64.917,0
92.975357,24.287118,923.564,20.893,3.953,589.495,10,0.131,9.02,0.001,1008.45,1.189,0
93.135402,23.092909,1019.56,28.964,239.804,343.49,30,0.131,10.175,0.001,926.24,1.231,0
92.596748,23.620331,1088.113,30.819,139.722,729.917,30,0.123,27.37,0.05,867.28,147.073,0
92.466635,22.92687,51.691,10.604,68.168,67.888,10,0.127,2.892,0.001,770.29,0.284,0
93.030904,22.520448,1549.174,31.774,116.721,354.062,30,0.119,14.97,0.05,926.24,82.774,0
92.650422,23.83512,266.675,41.837,181.477,273.245,10,0.134,20.357,0.001,857.785,2.328,0
92.978449,22.491961,992.825,18.581,342.405,426.13,50,0.131,7.792,0.01,926.24,9.245,0
92.96456,22.477391,499.145,16.506,231.179,273.245,10,0.126,5.087,0.001,926.24,0.592,0
93.289596,23.56143,1462.993,32.071,297.176,923.38,10,0.129,19.968,0.001,817.91,2.095,0
93.185297,23.503767,959.556,12.393,99.908,135.776,30,0.132,3.532,0.05,926.24,21.877,0
93.002405,22.671466,1123.89,31.013,281.924,184.676,10,0.124,17.115,0.001,926.24,1.969,0
93.14714,24.047677,1041.963,25.826,87.56,979.098,10,0.13,13.761,0.001,850.2,1.524,0
93.013574,23.926616,852.924,18.378,270.833,333.966,10,0.138,7.685,0.001,929.52,0.985,0
93.025873,23.851738,863.375,29.209,220.747,125.18,10,0.146,13.561,0.001,785.171,1.551,0
92.446058,23.309447,441.365,34.107,100.571,412.948,10,0.125,19.106,0.001,770.29,1.831,0
92.845923,23.381614,926.52,19.751,69.489,663.084,50,0.129,6.374,0.001,952.85,0.781,0
92.811039,22.134559,601.36,31.135,99.616,731.179,10,0.127,11.08,0.001,926.24,1.307,0
92.62061,22.541564,118.958,18.957,88.036,203.665,10,0.126,6.055,0.001,867.28,0.665,0
92.964959,23.634993,1135.413,17.381,109.911,668.622,30,0.132,5.43,0.05,1008.45,36.265,0
92.578228,22.817059,234.585,18.004,261.31,339.441,10,0.127,7.489,0.001,867.28,0.822,0
92.958726,23.562717,1510.192,16.278,123.284,497.95,50,0.123,12.496,0.05,1008.45,77.706,0
93.115265,23.97309,963.824,15.584,274.404,91.082,30,0.13,11.825,0.05,850.2,65.456,0
92.798826,23.183741,938.111,19.736,30.349,505.3,10,0.124,6.368,0.001,797.4,0.631,0
92.748539,22.92958,1148.908,12.888,30.689,698.952,10,0.121,3.714,0.001,797.4,0.358,0
92.838576,23.377007,855.475,17.407,223.544,558.172,10,0.13,5.44,0.001,952.85,0.674,0
92.722521,22.949617,428.866,32.33,305.185,125.18,10,0.122,15.275,0.001,876.07,1.633,0
93.101202,22.97182,804.15,14.077,228.413,259.401,30,0.128,4.157,0.05,926.24,24.581,0
92.701145,23.003145,689.16,28.762,126.524,459.438,10,0.125,15.659,0.001,876.07,1.717,0
93.292347,23.972024,1464.761,16.205,146.756,434.697,60,0.125,10.177,0.45,796.04,457.475,0
93.225525,23.178815,1452.851,13.635,214.224,935.282,10,0.128,3.991,0.001,926.24,0.474,0
92.869891,22.576558,979.182,20.029,211.45,698.952,30,0.123,8.559,0.05,926.24,48.77,0
92.772414,23.789816,807.394,27.116,163.345,546.49,10,0.131,12.409,0.001,834.459,1.358,0
93.171272,23.405423,980.841,19.058,190.745,237.123,30,0.135,8.043,0.05,926.24,50.14,0
93.074608,23.105051,1571.704,19.037,251.222,471.322,10,0.124,6.087,0.001,926.24,0.699,0
92.731679,23.811364,1053.387,42.603,227.75,480.042,10,0.131,24.404,0.001,879.172,2.801,0
92.808298,23.456839,1052.975,5.031,326.693,708.774,10,0.131,1.104,0.001,797.4,0.115,0
92.846486,22.528193,1056.543,6.971,15.331,399.331,10,0.125,2.932,0.001,926.24,0.339,0
92.920961,24.029782,952.656,24.987,347.122,448.268,10,0.13,8.519,0.001,952.85,1.063,0
93.167946,24.031272,531.863,13.977,9.875,151.803,10,0.136,5.435,0.001,850.2,0.627,0
92.855321,22.663034,912.438,15.796,2.156,549.853,10,0.124,12.029,0.001,926.24,1.378,0
92.854662,23.326988,930.47,17.339,309.737,431.504,50,0.128,5.413,0.01,952.85,6.613,0
92.636444,24.237823,165.411,5.287,206.959,614.754,10,0.129,1.177,0.001,761.69,0.115,0
92.922401,23.412669,923.6,34.296,174.985,651.868,30,0.128,16.348,0.05,1008.45,105.236,0
92.813208,22.320918,125.858,14.26,111.964,30.361,10,0.128,10.564,0.001,926.24,1.255,0
93.002739,23.442204,1287.258,12.24,52.822,434.697,10,0.126,8.692,0.001,926.24,1.012,0
92.861784,22.402816,625.835,17.056,246.908,125.18,10,0.125,5.302,0.001,926.24,0.614,0
92.710303,23.71811,1023.712,25.494,224.017,309.618,50,0.134,8.729,0.01,876.07,7.246,0
93.315995,23.469536,1411.19,26.547,235.876,395.853,50,0.13,12.097,0.01,817.91,12.854,0
92.637168,22.620842,99.684,3.148,164.205,237.123,10,0.127,0.601,0.001,867.28,0.066,0
93.26127,23.759594,1424.194,32.485,93.687,655.394,10,0.126,22.16,0.001,889.623,2.491,0
93.084955,22.868633,913.507,21.651,157.032,244.774,10,0.13,11.087,0.001,926.24,1.33,0
93.01964,23.176512,958.487,27.231,170.473,121.442,10,0.127,9.452,0.001,926.24,1.12,0
93.099105,22.447016,1360.473,14.224,256.158,426.13,10,0.12,6.536,0.001,926.24,0.728,0
93.03881,23.538612,515.154,17.946,187.15,42.936,10,0.13,10.761,0.001,926.24,1.291,0
93.182493,23.784176,425.94,16.217,112.352,67.888,30,0.136,12.437,0.05,882.584,74.444,0
93.299708,23.449453,1376.84,15.707,320.449,151.803,10,0.126,4.777,0.001,817.91,0.497,0
93.129911,23.469904,1127.407,17.869,119.093,448.268,10,0.134,5.623,0.001,926.24,0.7,0
92.612273,23.38035,798.878,15.363,183.204,631.762,10,0.128,4.645,0.001,867.28,0.515,0
93.262176,23.054465,1481.304,30.263,235.713,598.803,30,0.129,18.658,0.05,926.24,110.989,0
92.402212,24.150094,233.511,14.528,106.632,530.224,10,0.127,6.715,0.001,761.69,0.646,0
93.341525,23.250509,1616.061,19.234,91.458,777.609,10,0.125,8.137,0.001,817.91,0.831,0
92.751551,22.921081,1098.147,25.049,293.261,787.62,10,0.119,11.275,0.001,797.4,1.073,0
92.54418,23.7465,375.48,18.781,126.877,261.171,10,0.133,7.897,0.001,780.84,0.825,0
92.60215,22.828098,286.227,19.798,148.602,96.008,10,0.127,9.921,0.001,867.28,1.086,0
92.882416,22.410601,1034.766,27.423,114.271,463.434,30,0.125,12.578,0.001,926.24,1.454,0
93.147241,23.086658,1192.817,20.757,79.564,554.028,10,0.131,16.951,0.001,926.24,2.041,0
92.420441,23.48785,835.051,20.446,24.465,656.799,10,0.126,6.655,0.001,770.29,0.647,0
93.203756,23.093405,1144.42,19.385,43.102,518.801,10,0.131,15.566,0.001,926.24,1.889,0
92.663845,23.828173,199.074,20.617,253.209,429.363,10,0.134,6.724,0.001,865.76,0.78,0
92.581853,22.915904,499.448,27.328,125.649,554.028,10,0.124,12.526,0.001,867.28,1.344,0
92.506279,22.909573,148.537,11.402,190.442,576.051,10,0.127,4.189,0.001,780.84,0.415,0
92.869054,23.252779,438.289,4.394,212.29,60.721,40,0.129,2.315,0.15,952.85,42.59,0
93.10356,22.237466,1334.059,2.457,294.553,559.821,50,0.125,0.435,0.01,926.24,0.5,0
93.19044,23.846933,793.564,32.176,154.416,257.618,10,0.128,15.191,0.001,769.627,1.506,0
92.442523,23.15624,65.683,3.464,199.376,85.873,10,0.131,0.68,0.001,770.29,0.069,0
92.775616,22.302821,416.764,34.519,4.166,734.951,10,0.125,31.203,0.001,926.24,3.607,0
93.187657,23.476866,965.819,17.547,147.573,412.948,30,0.131,13.738,0.05,926.24,83.899,0
92.854273,22.883709,435.81,27.145,131.0,299.017,30,0.123,20.508,0.05,926.24,116.654,0
93.197667,23.444657,1262.571,13.686,136.771,653.986,10,0.13,4.01,0.001,926.24,0.482,0
93.055905,22.775107,1007.629,29.616,32.752,365.589,10,0.129,13.785,0.001,926.24,1.636,0
92.938968,23.551624,1599.576,28.142,230.573,824.779,10,0.123,20.133,0.001,1008.45,2.498,0
92.670346,23.78953,437.967,8.296,296.241,364.326,10,0.136,2.108,0.001,813.271,0.231,0
92.984142,22.181375,1286.99,30.907,70.192,789.374,10,0.125,14.495,0.001,926.24,1.681,0
92.659073,23.918646,95.616,27.116,228.638,67.888,10,0.133,12.409,0.001,876.07,1.445,0
92.922043,24.031096,941.375,21.801,129.862,494.234,10,0.132,9.509,0.001,952.85,1.189,0
92.679532,23.764613,574.133,30.935,97.171,576.85,10,0.131,25.264,0.001,876.07,2.907,0
92.640555,23.21772,671.781,25.376,190.292,589.495,10,0.125,11.454,0.001,867.28,1.241,0
92.838771,23.523017,1235.763,29.576,162.066,459.438,30,0.127,10.43,0.05,952.85,62.933,0
93.384146,23.370684,791.322,21.816,96.108,60.721,30,0.132,11.192,0.01,730.42,10.743,0
92.763856,23.300024,865.945,9.085,317.844,388.805,10,0.126,3.128,0.001,797.4,0.313,0
92.884006,23.25338,613.703,22.731,215.603,517.021,10,0.128,18.967,0.001,952.85,2.326,0
92.433654,23.263198,271.036,18.647,227.443,651.868,10,0.131,10.327,0.001,770.29,1.039,0
92.737595,23.738045,858.112,19.924,175.81,354.062,10,0.128,8.503,0.05,876.07,47.524,0
93.062534,23.73451,873.119,33.467,285.368,121.442,10,0.135,12.048,0.001,929.52,1.516,0
92.707425,23.540524,848.02,9.756,135.836,335.343,10,0.128,6.495,0.001,876.07,0.73,0
92.796948,24.157756,640.848,13.014,144.026,442.056,10,0.128,9.401,0.001,797.4,0.954,0
92.827484,24.354725,427.801,6.492,10.843,640.456,10,0.125,1.536,0.001,797.4,0.153,0
93.246207,23.516787,1538.599,12.882,195.637,384.034,10,0.132,3.712,0.001,926.24,0.452,0
92.563451,23.77136,857.568,42.708,32.884,522.342,10,0.128,20.805,0.001,867.28,2.305,0
92.922075,23.823987,1089.504,25.271,191.261,339.441,30,0.124,19.842,0.05,983.512,123.453,0
92.774452,22.140164,79.971,27.498,271.35,60.721,30,0.125,14.841,0.001,926.24,1.716,0
92.631632,22.242027,181.799,17.851,88.455,386.427,10,0.124,5.615,0.001,867.28,0.606,0
92.885002,24.005193,967.265,5.374,21.616,698.952,10,0.133,1.202,0.001,952.85,0.152,0
93.109305,22.491821,994.927,2.528,175.796,451.342,40,0.123,0.452,0.05,926.24,2.58,0
93.240308,24.030844,612.698,34.346,45.72,151.803,10,0.13,16.376,0.001,893.33,1.901,0
92.643003,22.609521,78.876,2.088,319.184,85.873,10,0.124,0.352,0.001,867.28,0.038,0
92.714257,23.713015,1007.119,13.102,153.943,333.966,50,0.145,3.793,0.01,876.07,4.516,0
92.735826,23.174223,622.986,30.841,179.355,564.739,10,0.126,17.004,0.001,876.07,1.874,0
92.909442,22.77649,529.606,31.674,136.004,500.719,10,0.125,14.916,0.001,926.24,1.732,0
92.838638,23.243325,450.331,12.905,105.337,177.031,10,0.127,3.72,0.001,952.85,0.448,0
93.066629,22.97176,1076.867,44.033,38.532,214.681,10,0.129,25.259,0.001,926.24,3.026,0
93.033241,23.456201,1331.112,37.144,254.866,505.3,10,0.127,17.886,0.001,926.24,2.105,0
93.312529,23.385584,1249.683,32.07,140.776,674.113,10,0.13,17.797,0.001,817.91,1.895,0
93.089396,22.873317,1064.18,32.378,197.683,586.359,60,0.13,17.996,0.45,926.24,976.127,0
92.495051,23.973963,783.972,29.253,19.319,564.739,10,0.126,15.977,0.001,761.69,1.535,0
93.315297,23.309963,1497.895,9.525,84.628,388.805,50,0.127,3.909,0.001,817.91,0.404,0
92.487587,23.847351,979.599,20.368,275.537,824.779,10,0.126,8.739,0.001,774.895,0.854,0
93.320137,23.451359,1471.444,20.252,136.513,42.936,10,0.13,10.205,0.001,817.91,1.081,0
92.880712,22.562182,876.368,22.756,145.044,638.294,10,0.124,15.557,0.001,926.24,1.786,0
93.359573,23.463371,1377.458,1.989,298.792,192.017,50,0.128,0.331,0.01,817.91,0.347,0
93.182594,23.527016,1233.793,27.514,330.201,407.329,10,0.128,12.628,0.001,926.24,1.5,0
92.953268,23.21762,504.595,29.351,287.073,326.993,10,0.128,22.511,0.001,926.24,2.674,0
93.337174,23.147706,1390.218,38.308,354.954,328.399,10,0.128,21.767,0.001,817.91,2.285,0
92.728896,23.759572,1002.141,12.272,249.164,434.697,50,0.129,3.488,0.45,876.07,176.664,0
93.296775,23.287034,1500.578,29.778,220.055,607.969,10,0.127,26.285,0.001,817.91,2.723,0
93.191755,22.280308,571.769,22.659,10.771,151.803,10,0.123,7.558,0.001,926.24,0.866,0
93.184589,23.53238,1288.084,12.726,182.708,698.952,30,0.128,3.654,0.05,926.24,21.636,0
92.738698,22.334874,216.852,25.257,280.603,244.774,10,0.129,15.027,0.001,926.24,1.791,0
93.183594,23.788922,429.002,15.291,141.576,109.466,10,0.135,4.617,0.001,879.368,0.55,0
92.717927,23.616993,883.757,32.454,54.404,921.881,10,0.13,11.628,0.001,876.07,1.327,0
93.287963,23.075656,1318.034,29.922,358.157,442.056,50,0.127,20.13,0.05,817.91,104.288,0
92.650855,23.924133,153.967,14.127,163.118,184.676,10,0.134,4.175,0.001,867.28,0.483,0
92.500135,23.877532,774.89,15.226,80.504,698.292,10,0.127,4.593,0.001,801.666,0.469,0
92.928495,22.614302,886.151,33.969,138.75,154.809,30,0.125,16.17,0.05,926.24,93.95,0
92.92548,22.167785,150.752,12.065,297.948,218.933,10,0.126,3.413,0.001,926.24,0.399,0
93.033721,22.282544,1471.393,21.824,324.246,463.434,10,0.121,7.215,0.001,926.24,0.809,0
93.08798,22.289403,1200.945,35.573,195.694,91.082,30,0.123,17.041,0.05,926.24,97.376,0
92.709571,24.235406,209.798,18.483,43.403,346.163,10,0.127,5.866,0.001,876.07,0.657,0
92.670794,22.100274,168.071,20.379,96.512,60.721,30,0.124,8.745,0.05,926.24,50.172,0
92.528406,22.6395,69.769,7.257,245.493,706.168,10,0.125,1.774,0.001,780.84,0.173,0
92.760771,23.368096,1125.79,39.318,192.527,494.234,10,0.126,36.077,0.001,797.4,3.616,0
93.301874,23.153422,1645.643,32.127,314.467,412.948,10,0.126,17.834,0.001,817.91,1.848,0
92.651765,22.049914,197.155,9.621,318.096,244.774,10,0.124,2.552,0.001,926.24,0.293,0
92.353092,23.464034,107.38,4.597,357.074,194.402,10,0.128,2.454,0.001,745.22,0.234,0
92.776373,23.791694,724.755,36.805,116.086,744.298,10,0.133,27.475,0.001,850.094,3.1,0
92.797153,23.248659,867.708,12.336,158.011,577.649,10,0.125,3.512,0.001,797.4,0.351,0
92.950836,22.217523,1025.65,9.059,163.965,663.084,10,0.125,2.362,0.001,926.24,0.275,0
92.845612,22.536194,959.43,12.14,285.169,237.123,10,0.123,4.54,0.001,926.24,0.518,0
92.626227,23.821135,307.858,19.652,171.371,30.361,10,0.134,12.058,0.001,869.109,1.393,0
93.084051,23.07492,1581.909,36.434,236.253,665.859,10,0.127,17.505,0.001,926.24,2.055,0
93.31594,23.499235,1502.847,20.286,72.16,489.549,30,0.128,6.59,0.05,817.91,34.607,0
92.508669,22.848124,421.555,12.2,303.678,1009.231,30,0.124,3.462,0.05,780.84,16.653,0
92.418679,23.056642,477.246,18.329,95.465,888.792,10,0.125,7.659,0.001,770.29,0.73,0
92.773725,24.039621,941.911,8.794,98.666,688.321,10,0.126,2.273,0.001,797.4,0.229,0
92.968277,23.183164,878.531,25.393,203.698,537.99,10,0.126,11.463,0.001,926.24,1.34,0
92.954759,23.748862,951.631,22.762,95.261,547.332,10,0.137,15.563,0.001,1008.45,2.131,0
93.112173,22.214808,1168.886,34.418,87.025,151.803,10,0.125,31.098,0.001,926.24,3.603,0
93.003518,22.994985,1268.256,14.411,221.936,751.692,10,0.128,4.283,0.001,926.24,0.506,0
92.388955,22.98952,48.609,0.838,267.782,182.163,10,0.129,0.269,0.001,770.29,0.027,0
93.123065,23.241578,1304.43,9.735,72.717,858.726,10,0.133,4.021,0.01,926.24,5.235,0
92.71425,23.46766,1173.847,22.796,60.368,791.706,30,0.129,7.614,0.05,876.07,42.845,0
92.964259,22.356942,202.407,27.134,253.54,0.0,10,0.126,23.528,0.001,926.24,2.757,0
92.973864,23.789899,1022.539,11.914,39.619,724.212,10,0.139,4.432,0.001,895.689,0.551,0
92.471481,22.931819,140.645,24.132,182.366,303.605,10,0.128,19.663,0.001,770.29,1.939,0
92.999424,23.216959,1127.467,32.423,196.597,622.946,30,0.128,25.296,0.05,926.24,149.285,0
92.898668,23.192559,823.543,25.516,188.851,583.997,10,0.127,11.531,0.001,926.24,1.354,0
92.4072,24.099499,317.842,18.803,159.463,598.033,10,0.125,10.435,0.001,761.69,0.995,0
92.587544,22.87748,553.697,12.783,194.069,711.37,50,0.121,5.703,0.01,867.28,5.992,0
92.965344,23.660928,1198.007,17.298,118.956,614.004,30,0.133,9.397,0.05,1008.45,62.777,0
92.488898,23.82735,1063.871,15.594,143.748,631.762,10,0.125,6.247,0.001,776.958,0.608,0
92.884957,22.517378,712.372,22.835,352.984,261.171,10,0.123,10.068,0.001,926.24,1.146,0
93.080122,23.205092,1209.668,33.668,290.842,655.394,10,0.128,30.325,0.001,926.24,3.592,0
92.909961,22.432918,1059.113,7.328,291.24,429.363,10,0.124,1.796,0.001,926.24,0.206,0
93.000885,22.98766,1252.066,20.871,223.256,674.113,30,0.126,6.827,0.05,926.24,39.769,0
93.078532,23.863498,831.424,42.603,240.517,766.265,10,0.138,15.726,0.001,929.52,2.02,0
93.335729,23.465578,1292.255,0.625,355.889,96.008,30,0.13,0.073,0.45,817.91,3.51,0
93.072705,22.752779,1119.016,14.273,209.68,537.99,10,0.125,4.231,0.001,926.24,0.489,0
92.879273,23.485195,793.667,8.218,94.986,326.993,40,0.132,2.083,0.001,952.85,0.262,0
92.726739,23.70079,744.468,26.361,333.33,231.219,30,0.129,9.09,0.001,876.07,1.028,0
92.685947,22.230504,297.44,3.216,17.993,583.997,10,0.127,0.618,0.001,926.24,0.073,0
92.52758,22.670676,54.257,6.592,77.802,279.91,10,0.127,1.566,0.001,780.84,0.155,0
92.846159,22.769806,636.278,35.933,89.632,911.322,10,0.125,28.448,0.001,926.24,3.305,0
92.883652,22.602545,1211.228,24.641,92.125,839.731,10,0.122,12.998,0.001,926.24,1.471,0
92.683797,22.674257,426.58,13.692,222.323,517.021,10,0.126,4.012,0.001,876.07,0.442,0
93.407385,23.704078,1052.717,16.152,10.312,365.589,10,0.129,10.78,0.001,730.42,1.021,0
92.607952,22.835295,408.425,7.285,156.667,580.037,10,0.125,1.782,0.001,867.28,0.193,0
92.859005,23.440136,725.282,26.826,100.284,184.676,10,0.128,9.283,0.001,952.85,1.13,0
93.213981,23.889982,1147.229,28.318,39.508,759.62,10,0.127,13.071,0.001,893.33,1.5,0
92.677097,22.135648,228.419,7.986,90.332,395.853,10,0.122,2.007,0.001,926.24,0.226,0
92.951628,22.510134,192.51,6.923,129.42,30.361,40,0.126,2.589,0.15,926.24,45.237,0
93.054814,23.266948,667.834,27.199,196.16,151.803,10,0.13,14.648,0.001,926.24,1.757,0
93.115878,23.923023,1265.658,23.86,258.921,644.044,10,0.128,20.13,0.001,850.2,2.192,0
93.059907,23.169197,1016.771,38.876,16.573,598.033,10,0.131,22.121,0.001,926.24,2.683,0
92.501796,22.876024,271.657,21.048,65.598,518.801,10,0.126,6.899,0.001,780.84,0.679,0
93.175582,23.530007,1145.429,16.688,200.837,194.402,10,0.131,12.895,0.001,926.24,1.56,0
92.623198,23.903879,323.256,28.575,201.525,583.997,10,0.135,17.433,0.001,867.28,2.038,0
92.797954,23.27189,1002.856,16.023,305.594,607.211,10,0.125,7.603,0.001,797.4,0.763,0
92.731353,23.755385,1069.179,20.048,242.936,738.704,50,0.13,6.494,0.01,876.07,8.67,0
93.077052,23.197481,1166.716,34.264,306.328,494.234,10,0.129,19.207,0.001,926.24,2.287,0
92.944764,23.547434,1559.45,11.027,182.779,244.774,30,0.123,3.042,0.05,1008.45,18.778,0
92.45207,23.717789,357.982,8.297,264.394,614.754,10,0.128,3.272,0.001,770.29,0.322,0
93.137972,23.545641,895.677,21.53,346.226,109.466,10,0.137,7.096,0.001,926.24,0.897,0
92.91573,22.978802,754.529,16.73,34.368,604.929,10,0.125,10.596,0.001,926.24,1.222,0
93.093041,23.283675,1405.631,18.979,131.352,953.34,10,0.128,8.001,0.001,926.24,0.951,0
92.695803,23.731727,856.014,23.871,77.794,421.782,10,0.131,15.338,0.05,876.07,87.375,0
92.853694,22.268685,368.983,34.258,5.288,674.113,10,0.128,25.338,0.001,926.24,2.996,0
92.830458,22.920712,708.802,13.147,90.729,192.017,30,0.124,3.81,0.05,926.24,21.951,0
93.181919,23.101543,998.658,19.997,240.261,394.687,30,0.129,6.473,0.001,926.24,0.775,0
92.951312,22.926291,526.968,23.967,169.647,644.044,30,0.127,10.683,0.05,926.24,63.093,0
92.712301,23.697016,852.833,29.282,146.604,244.774,30,0.131,17.947,0.05,876.07,102.891,0
93.111422,23.17665,981.704,22.73,182.634,60.721,10,0.129,10.011,0.001,926.24,1.201,0
92.406338,22.967076,56.563,3.17,359.171,322.737,10,0.129,0.606,0.001,770.29,0.06,0
92.507806,22.936385,118.697,17.95,141.481,607.969,10,0.129,5.654,0.001,780.84,0.567,0
92.999703,22.520261,1006.658,26.638,168.686,309.618,10,0.125,23.013,0.001,926.24,2.666,0
92.945841,23.618158,1143.224,19.818,238.369,109.466,10,0.13,16.002,0.001,1008.45,2.087,0
93.332989,23.509715,1278.424,0.379,36.269,85.873,40,0.129,0.051,0.15,817.91,0.798,0
92.645185,23.985014,283.057,27.272,162.197,333.966,10,0.131,14.695,0.001,867.28,1.666,0
92.739713,22.954213,843.324,17.976,120.563,549.853,10,0.12,5.665,0.05,876.07,29.921,0
93.083327,23.759363,1019.908,25.378,30.314,625.899,10,0.136,21.702,0.001,896.276,2.645,0
93.146995,23.123924,1317.04,16.971,262.905,968.211,10,0.124,5.269,0.001,926.24,0.604,0
93.085282,22.989173,1212.731,20.582,236.05,825.896,30,0.127,11.683,0.05,926.24,68.736,0
93.341823,23.61586,1406.186,17.181,81.492,0.0,10,0.129,13.377,0.001,817.91,1.408,0
93.262178,23.209554,1396.058,19.116,128.295,505.3,10,0.126,8.074,0.001,926.24,0.942,0
93.064636,22.971816,1131.761,38.446,35.184,366.848,10,0.129,32.351,0.001,926.24,3.864,0
92.768003,23.263187,744.325,6.639,341.184,30.361,40,0.122,2.453,0.001,797.4,0.24,0
92.670081,24.047903,815.4,43.346,281.248,857.114,10,0.129,32.79,0.001,876.07,3.705,0
92.482583,23.707539,646.593,27.654,137.839,365.589,10,0.128,14.942,0.001,780.84,1.496,0
92.729927,23.756236,1011.748,8.925,262.692,610.994,50,0.13,5.792,0.01,876.07,7.981,0
