longitude,latitude,susceptibility_score,risk_tier,model_version,in_bounds,true_label,district
88.434778,27.08275,0.7310868542451632,high,random_forest-extended-v1-20260902,True,1,South Sikkim
88.446083,27.084222,0.7500136413483107,high,random_forest-extended-v1-20260902,True,1,South Sikkim
88.443833,27.084722,0.4290666880319688,moderate,random_forest-extended-v1-20260902,True,1,South Sikkim
88.416528,27.087667,0.8284121677367553,high,random_forest-extended-v1-20260902,True,1,South Sikkim
88.413139,27.090083,0.6360669329614362,high,random_forest-extended-v1-20260902,True,1,South Sikkim
88.406833,27.090944,0.3766732263617118,low,random_forest-extended-v1-20260902,True,1,South Sikkim
88.457444,27.093278,0.7664843017740648,high,random_forest-extended-v1-20260902,True,1,South Sikkim
88.433375,27.096444,0.5137564166047788,moderate,random_forest-extended-v1-20260902,True,1,South Sikkim
88.3785,27.097833,0.860953725942095,high,random_forest-extended-v1-20260902,True,1,South Sikkim
88.400167,27.098417,0.2190804172805441,low,random_forest-extended-v1-20260902,True,1,South Sikkim
88.3615,27.101083,0.5143156418064215,moderate,random_forest-extended-v1-20260902,True,1,South Sikkim
88.400417,27.101083,0.3514344699483031,low,random_forest-extended-v1-20260902,True,1,South Sikkim
88.403333,27.101111,0.7068867128465494,high,random_forest-extended-v1-20260902,True,1,South Sikkim
88.394611,27.101194,0.6128100747535783,high,random_forest-extended-v1-20260902,True,1,South Sikkim
88.458667,27.102,0.6131408916689247,high,random_forest-extended-v1-20260902,True,1,South Sikkim
88.400778,27.1025,0.44280080414322714,moderate,random_forest-extended-v1-20260902,True,1,South Sikkim
88.394639,27.102639,0.620115219243688,high,random_forest-extended-v1-20260902,True,1,South Sikkim
88.404667,27.102944,0.363405430086913,low,random_forest-extended-v1-20260902,True,1,South Sikkim
88.402722,27.103111,0.5795017673208714,moderate,random_forest-extended-v1-20260902,True,1,South Sikkim
88.444556,27.105972,0.5578124816890334,moderate,random_forest-extended-v1-20260902,True,1,South Sikkim
88.449389,27.106694,0.5674159829848812,moderate,random_forest-extended-v1-20260902,True,1,South Sikkim
88.43375,27.106944,0.7100839798828679,high,random_forest-extended-v1-20260902,True,1,South Sikkim
88.363139,27.107417,0.5553954964473582,moderate,random_forest-extended-v1-20260902,True,1,South Sikkim
88.340472,27.110583,0.8024896994756539,high,random_forest-extended-v1-20260902,True,1,West Sikkim
88.152722,27.1205,0.4044205815806896,low,random_forest-extended-v1-20260902,True,1,West Sikkim
88.153417,27.121444,0.6672575338903869,high,random_forest-extended-v1-20260902,True,1,West Sikkim
88.142222,27.1215,0.629457087481964,high,random_forest-extended-v1-20260902,True,1,West Sikkim
88.237,27.121611,0.6028035089033262,high,random_forest-extended-v1-20260902,True,1,West Sikkim
88.145528,27.121611,0.6203329140689524,high,random_forest-extended-v1-20260902,True,1,West Sikkim
88.139472,27.121917,0.6584512210752717,high,random_forest-extended-v1-20260902,True,1,West Sikkim
88.139889,27.122,0.5914417608449121,moderate,random_forest-extended-v1-20260902,True,1,West Sikkim
88.227611,27.122472,0.6306643169460405,high,random_forest-extended-v1-20260902,True,1,West Sikkim
88.343389,27.122611,0.5540205907608865,moderate,random_forest-extended-v1-20260902,True,1,South Sikkim
88.225333,27.123833,0.6794929068574977,high,random_forest-extended-v1-20260902,True,1,West Sikkim
88.319778,27.123889,0.7454636244609063,high,random_forest-extended-v1-20260902,True,1,West Sikkim
88.139778,27.124556,0.5932945730790399,moderate,random_forest-extended-v1-20260902,True,1,West Sikkim
88.445083,27.124778,0.6027134914567963,high,random_forest-extended-v1-20260902,True,1,South Sikkim
88.384556,27.125528,0.2716765898036598,low,random_forest-extended-v1-20260902,True,1,South Sikkim
88.14275,27.125861,0.5147857551936923,moderate,random_forest-extended-v1-20260902,True,1,West Sikkim
88.378667,27.126306,0.7054864263504469,high,random_forest-extended-v1-20260902,True,1,South Sikkim
88.340444,27.126444,0.4423809914936276,moderate,random_forest-extended-v1-20260902,True,1,South Sikkim
88.31675,27.126472,0.7217610340310933,high,random_forest-extended-v1-20260902,True,1,West Sikkim
88.308306,27.127194,0.7117252284885427,high,random_forest-extended-v1-20260902,True,1,West Sikkim
88.292194,27.12825,0.8232629840124048,high,random_forest-extended-v1-20260902,True,1,West Sikkim
88.148833,27.128333,0.6970407943718239,high,random_forest-extended-v1-20260902,True,1,West Sikkim
88.442778,27.128694,0.6232949518327552,high,random_forest-extended-v1-20260902,True,1,South Sikkim
88.141639,27.128694,0.6274477488606442,high,random_forest-extended-v1-20260902,True,1,West Sikkim
88.262111,27.128972,0.7429607376784862,high,random_forest-extended-v1-20260902,True,1,West Sikkim
88.441361,27.129,0.5660017456038564,moderate,random_forest-extended-v1-20260902,True,1,South Sikkim
88.266222,27.129861,0.7932817640253562,high,random_forest-extended-v1-20260902,True,1,West Sikkim
88.412944,27.130056,0.9524461809599449,high,random_forest-extended-v1-20260902,True,1,South Sikkim
88.340222,27.130444,0.9302432139859195,high,random_forest-extended-v1-20260902,True,1,South Sikkim
88.386,27.131444,0.603393651480695,high,random_forest-extended-v1-20260902,True,1,South Sikkim
88.384417,27.131528,0.49432428292950276,moderate,random_forest-extended-v1-20260902,True,1,South Sikkim
88.39475,27.133556,0.4989025499938984,moderate,random_forest-extended-v1-20260902,True,1,South Sikkim
88.404583,27.133583,0.6274200872938293,high,random_forest-extended-v1-20260902,True,1,South Sikkim
88.390833,27.133722,0.611914109872009,high,random_forest-extended-v1-20260902,True,1,South Sikkim
88.342778,27.133806,0.7035881838741951,high,random_forest-extended-v1-20260902,True,1,South Sikkim
88.370528,27.134306,0.5655120601627194,moderate,random_forest-extended-v1-20260902,True,1,South Sikkim
88.40425,27.134389,0.7230865299101278,high,random_forest-extended-v1-20260902,True,1,South Sikkim
88.391111,27.135833,0.5968947375915323,high,random_forest-extended-v1-20260902,True,1,South Sikkim
88.342694,27.137667,0.6559153997528264,high,random_forest-extended-v1-20260902,True,1,South Sikkim
88.401556,27.137694,0.5725548682142481,moderate,random_forest-extended-v1-20260902,True,1,South Sikkim
88.368167,27.139944,0.7298529484672102,high,random_forest-extended-v1-20260902,True,1,South Sikkim
88.368222,27.140889,0.5283808904229944,moderate,random_forest-extended-v1-20260902,True,1,South Sikkim
88.211194,27.141,0.5032536251014851,moderate,random_forest-extended-v1-20260902,True,1,West Sikkim
88.180222,27.141944,0.4971741461070172,moderate,random_forest-extended-v1-20260902,True,1,West Sikkim
88.172139,27.142028,0.4644577687065927,moderate,random_forest-extended-v1-20260902,True,1,West Sikkim
88.373083,27.143556,0.5048810696752234,moderate,random_forest-extended-v1-20260902,True,1,South Sikkim
88.127361,27.144056,0.43608890227217073,moderate,random_forest-extended-v1-20260902,True,1,West Sikkim
88.311083,27.144167,0.607110350942639,high,random_forest-extended-v1-20260902,True,1,West Sikkim
88.370778,27.145056,0.6017051305946985,high,random_forest-extended-v1-20260902,True,1,South Sikkim
88.305694,27.145444,0.3303748390165585,low,random_forest-extended-v1-20260902,True,1,West Sikkim
88.348333,27.149722,0.645332307723777,high,random_forest-extended-v1-20260902,True,1,South Sikkim
88.096861,27.149889,0.31633382206299826,low,random_forest-extended-v1-20260902,True,1,West Sikkim
88.184222,27.149972,0.5439249762873382,moderate,random_forest-extended-v1-20260902,True,1,West Sikkim
88.4385,27.150778,0.5715329181371255,moderate,random_forest-extended-v1-20260902,True,1,South Sikkim
88.309889,27.151028,0.3803171324451951,low,random_forest-extended-v1-20260902,True,1,West Sikkim
88.190833,27.152722,0.5591246017779418,moderate,random_forest-extended-v1-20260902,True,1,West Sikkim
88.390361,27.152861,0.6521640908072805,high,random_forest-extended-v1-20260902,True,1,South Sikkim
88.412056,27.153083,0.6457985720361457,high,random_forest-extended-v1-20260902,True,1,South Sikkim
88.3135,27.153306,0.6518266118441329,high,random_forest-extended-v1-20260902,True,1,West Sikkim
88.095639,27.153444,0.6088291413963413,high,random_forest-extended-v1-20260902,True,1,West Sikkim
88.494389,27.153528,0.500777884381046,moderate,random_forest-extended-v1-20260902,True,1,South Sikkim
88.500333,27.15425,0.47578450181095194,moderate,random_forest-extended-v1-20260902,True,1,South Sikkim
88.275667,27.1545,0.49690187371242983,moderate,random_forest-extended-v1-20260902,True,1,West Sikkim
88.443056,27.154722,0.652664277636096,high,random_forest-extended-v1-20260902,True,1,South Sikkim
88.493194,27.154889,0.6239105462051614,high,random_forest-extended-v1-20260902,True,1,South Sikkim
88.319556,27.155028,0.6380999207899414,high,random_forest-extended-v1-20260902,True,1,West Sikkim
88.390278,27.155306,0.6520063940715674,high,random_forest-extended-v1-20260902,True,1,South Sikkim
88.430722,27.15625,0.6686755187650247,high,random_forest-extended-v1-20260902,True,1,South Sikkim
88.5225,27.156806,0.6772610131519335,high,random_forest-extended-v1-20260902,True,1,East Sikkim
88.230778,27.156944,0.579594451885594,moderate,random_forest-extended-v1-20260902,True,1,West Sikkim
88.512778,27.157056,0.37026347807087817,low,random_forest-extended-v1-20260902,True,1,East Sikkim
88.171667,27.157361,0.461160318985866,moderate,random_forest-extended-v1-20260902,True,1,West Sikkim
88.306806,27.157694,0.4359100915869565,moderate,random_forest-extended-v1-20260902,True,1,West Sikkim
88.522194,27.157694,0.6095508473987711,high,random_forest-extended-v1-20260902,True,1,East Sikkim
88.092833,27.157694,0.5054086280589888,moderate,random_forest-extended-v1-20260902,True,1,West Sikkim
88.230306,27.157806,0.4515570100406206,moderate,random_forest-extended-v1-20260902,True,1,West Sikkim
88.090194,27.157861,0.45362049513130576,moderate,random_forest-extended-v1-20260902,True,1,West Sikkim
88.347972,27.158,0.7438016134535478,high,random_forest-extended-v1-20260902,True,1,South Sikkim
88.141528,27.158056,0.6021098297148508,high,random_forest-extended-v1-20260902,True,1,West Sikkim
88.491722,27.158111,0.5777923882546616,moderate,random_forest-extended-v1-20260902,True,1,South Sikkim
88.512472,27.158111,0.3918186116930237,low,random_forest-extended-v1-20260902,True,1,East Sikkim
88.344806,27.158139,0.5611522160712439,moderate,random_forest-extended-v1-20260902,True,1,West Sikkim
88.34325,27.158222,0.6657306625425587,high,random_forest-extended-v1-20260902,True,1,West Sikkim
88.100361,27.158222,0.45924274454136005,moderate,random_forest-extended-v1-20260902,True,1,West Sikkim
88.521833,27.158361,0.6663693825242496,high,random_forest-extended-v1-20260902,True,1,East Sikkim
88.420139,27.158417,0.5483759685028406,moderate,random_forest-extended-v1-20260902,True,1,South Sikkim
88.466306,27.158583,0.7795594624240553,high,random_forest-extended-v1-20260902,True,1,South Sikkim
88.427111,27.158944,0.6349283067779222,high,random_forest-extended-v1-20260902,True,1,South Sikkim
88.514611,27.158972,0.5221852757671512,moderate,random_forest-extended-v1-20260902,True,1,East Sikkim
88.090944,27.158972,0.5151223989777509,moderate,random_forest-extended-v1-20260902,True,1,West Sikkim
88.444361,27.159194,0.67311842224033,high,random_forest-extended-v1-20260902,True,1,South Sikkim
88.09225,27.159361,0.4654572997969733,moderate,random_forest-extended-v1-20260902,True,1,West Sikkim
88.300028,27.159472,0.3731317738963983,low,random_forest-extended-v1-20260902,True,1,West Sikkim
88.318889,27.159639,0.5734598251002797,moderate,random_forest-extended-v1-20260902,True,1,West Sikkim
88.379083,27.159972,0.5996107244435379,high,random_forest-extended-v1-20260902,True,1,South Sikkim
88.423028,27.160056,0.9684948407037659,high,random_forest-extended-v1-20260902,True,1,South Sikkim
88.091806,27.160056,0.5376610789071826,moderate,random_forest-extended-v1-20260902,True,1,West Sikkim
88.415056,27.160194,0.5584297493091418,moderate,random_forest-extended-v1-20260902,True,1,South Sikkim
88.512472,27.160444,0.34337069002416437,low,random_forest-extended-v1-20260902,True,1,South Sikkim
88.505889,27.160722,0.6956406029802321,high,random_forest-extended-v1-20260902,True,1,South Sikkim
88.094306,27.161,0.5127296304156295,moderate,random_forest-extended-v1-20260902,True,1,West Sikkim
88.512944,27.161306,0.5748277112255378,moderate,random_forest-extended-v1-20260902,True,1,South Sikkim
88.410556,27.161444,0.6062830410345652,high,random_forest-extended-v1-20260902,True,1,South Sikkim
88.509639,27.161917,0.5598093655492451,moderate,random_forest-extended-v1-20260902,True,1,South Sikkim
88.491444,27.162111,0.649426993839583,high,random_forest-extended-v1-20260902,True,1,South Sikkim
88.510611,27.162194,0.6803941967466298,high,random_forest-extended-v1-20260902,True,1,South Sikkim
88.383306,27.16275,0.5023631142438773,moderate,random_forest-extended-v1-20260902,True,1,South Sikkim
88.413222,27.162778,0.6690038778169394,high,random_forest-extended-v1-20260902,True,1,South Sikkim
88.484864,27.162781,0.3249931671770134,low,random_forest-extended-v1-20260902,True,1,South Sikkim
88.143083,27.163472,0.3023188517766647,low,random_forest-extended-v1-20260902,True,1,West Sikkim
88.458833,27.163556,0.6763690847007674,high,random_forest-extended-v1-20260902,True,1,South Sikkim
88.406417,27.16375,0.43103360360957416,moderate,random_forest-extended-v1-20260902,True,1,South Sikkim
88.462306,27.163861,0.6892436639867772,high,random_forest-extended-v1-20260902,True,1,South Sikkim
88.52,27.163861,0.4847224031358647,moderate,random_forest-extended-v1-20260902,True,1,East Sikkim
88.141361,27.163861,0.6281384422049585,high,random_forest-extended-v1-20260902,True,1,West Sikkim
88.213889,27.164472,0.6420202787065655,high,random_forest-extended-v1-20260902,True,1,West Sikkim
88.228444,27.1645,0.6053535943933487,high,random_forest-extended-v1-20260902,True,1,West Sikkim
88.348472,27.164528,0.5252729926658325,moderate,random_forest-extended-v1-20260902,True,1,South Sikkim
88.444444,27.165,0.4991228067289277,moderate,random_forest-extended-v1-20260902,True,1,South Sikkim
88.348528,27.165278,0.5325173702230863,moderate,random_forest-extended-v1-20260902,True,1,South Sikkim
88.162028,27.165333,0.6041441160849599,high,random_forest-extended-v1-20260902,True,1,West Sikkim
88.496556,27.165528,0.5571820809974888,moderate,random_forest-extended-v1-20260902,True,1,South Sikkim
88.488511,27.165586,0.39160941016001016,low,random_forest-extended-v1-20260902,True,1,South Sikkim
88.436667,27.165833,0.743546730830616,high,random_forest-extended-v1-20260902,True,1,South Sikkim
88.144333,27.166278,0.5709948454172409,moderate,random_forest-extended-v1-20260902,True,1,West Sikkim
88.401333,27.166528,0.504506455672048,moderate,random_forest-extended-v1-20260902,True,1,South Sikkim
88.417528,27.166611,0.7062789139754155,high,random_forest-extended-v1-20260902,True,1,South Sikkim
88.348889,27.167611,0.612704525613748,high,random_forest-extended-v1-20260902,True,1,South Sikkim
88.224778,27.167972,0.6006701350215664,high,random_forest-extended-v1-20260902,True,1,West Sikkim
88.384556,27.168167,0.969917813409073,high,random_forest-extended-v1-20260902,True,1,South Sikkim
88.486333,27.169028,0.6105268102066784,high,random_forest-extended-v1-20260902,True,1,South Sikkim
88.363778,27.169472,0.9347626058047388,high,random_forest-extended-v1-20260902,True,1,South Sikkim
88.462361,27.169583,0.5391937774178411,moderate,random_forest-extended-v1-20260902,True,1,South Sikkim
88.086361,27.170833,0.2851114136439132,low,random_forest-extended-v1-20260902,True,1,West Sikkim
88.245417,27.171083,0.5857138400612221,moderate,random_forest-extended-v1-20260902,True,1,West Sikkim
88.354611,27.171139,0.6045514676399226,high,random_forest-extended-v1-20260902,True,1,South Sikkim
88.159333,27.171639,0.49903718617485954,moderate,random_forest-extended-v1-20260902,True,1,West Sikkim
88.160861,27.171833,0.7442618099013008,high,random_forest-extended-v1-20260902,True,1,West Sikkim
88.090333,27.172083,0.29378538476097255,low,random_forest-extended-v1-20260902,True,1,West Sikkim
88.372,27.172228,0.39155821057495294,low,random_forest-extended-v1-20260902,True,1,South Sikkim
88.381444,27.172333,0.622814238514733,high,random_forest-extended-v1-20260902,True,1,South Sikkim
88.386972,27.172444,0.7302922895302566,high,random_forest-extended-v1-20260902,True,1,South Sikkim
88.089528,27.172444,0.5754551614199787,moderate,random_forest-extended-v1-20260902,True,1,West Sikkim
88.092111,27.173861,0.7143674103423708,high,random_forest-extended-v1-20260902,True,1,West Sikkim
88.38525,27.173917,0.6019330958033161,high,random_forest-extended-v1-20260902,True,1,South Sikkim
88.452028,27.174389,0.6351075915871437,high,random_forest-extended-v1-20260902,True,1,South Sikkim
88.385028,27.175,0.5793924104874862,moderate,random_forest-extended-v1-20260902,True,1,South Sikkim
88.402417,27.175778,0.7116260444797149,high,random_forest-extended-v1-20260902,True,1,South Sikkim
88.429556,27.176,0.7468489876370047,high,random_forest-extended-v1-20260902,True,1,South Sikkim
88.402056,27.176944,0.7235815248468372,high,random_forest-extended-v1-20260902,True,1,South Sikkim
88.402611,27.177056,0.6962805992310983,high,random_forest-extended-v1-20260902,True,1,South Sikkim
88.369611,27.177167,0.536370977339008,moderate,random_forest-extended-v1-20260902,True,1,South Sikkim
88.430556,27.178111,0.6491976284779963,high,random_forest-extended-v1-20260902,True,1,South Sikkim
88.533097,27.178889,0.8325420644678884,high,random_forest-extended-v1-20260902,True,1,East Sikkim
88.190972,27.179278,0.5612135485450672,moderate,random_forest-extended-v1-20260902,True,1,West Sikkim
88.519778,27.179639,0.9123575384159761,high,random_forest-extended-v1-20260902,True,1,East Sikkim
88.51025,27.180417,0.6324367847310877,high,random_forest-extended-v1-20260902,True,1,East Sikkim
88.518611,27.180528,0.745774693053237,high,random_forest-extended-v1-20260902,True,1,East Sikkim
88.192028,27.181167,0.46247501432821686,moderate,random_forest-extended-v1-20260902,True,1,West Sikkim
88.309528,27.181222,0.5810736299138671,moderate,random_forest-extended-v1-20260902,True,1,West Sikkim
88.395778,27.18175,0.6889825406168189,high,random_forest-extended-v1-20260902,True,1,South Sikkim
88.508,27.182111,0.6800681174925797,high,random_forest-extended-v1-20260902,True,1,East Sikkim
88.197944,27.185944,0.6901570176454769,high,random_forest-extended-v1-20260902,True,1,West Sikkim
88.205833,27.185972,0.6830281261443377,high,random_forest-extended-v1-20260902,True,1,West Sikkim
88.320417,27.186361,0.6195627010258361,high,random_forest-extended-v1-20260902,True,1,West Sikkim
88.206278,27.186611,0.45055797063295094,moderate,random_forest-extended-v1-20260902,True,1,West Sikkim
88.562083,27.18815,0.4928934821160422,moderate,random_forest-extended-v1-20260902,True,1,East Sikkim
88.501194,27.188528,0.8345104271934876,high,random_forest-extended-v1-20260902,True,1,East Sikkim
88.391056,27.189222,0.9464263032865887,high,random_forest-extended-v1-20260902,True,1,South Sikkim
88.595686,27.189261,0.7168765236606625,high,random_forest-extended-v1-20260902,True,1,East Sikkim
88.564472,27.19,0.615741760329834,high,random_forest-extended-v1-20260902,True,1,East Sikkim
88.596483,27.190067,0.9459407395078622,high,random_forest-extended-v1-20260902,True,1,East Sikkim
88.596889,27.190833,0.7076933382828817,high,random_forest-extended-v1-20260902,True,1,East Sikkim
88.325861,27.191639,0.9177424505878026,high,random_forest-extended-v1-20260902,True,1,West Sikkim
88.2885,27.191917,0.6129013694163764,high,random_forest-extended-v1-20260902,True,1,West Sikkim
88.603083,27.192989,0.6267015641293476,high,random_forest-extended-v1-20260902,True,1,East Sikkim
88.650528,27.193794,0.34474357917681064,low,random_forest-extended-v1-20260902,True,1,East Sikkim
88.388889,27.194333,0.49524748540515084,moderate,random_forest-extended-v1-20260902,True,1,South Sikkim
88.631992,27.195083,0.5782367962849703,moderate,random_forest-extended-v1-20260902,True,1,East Sikkim
88.6342,27.195511,0.6305310987784353,high,random_forest-extended-v1-20260902,True,1,East Sikkim
88.625444,27.195703,0.4742984263268834,moderate,random_forest-extended-v1-20260902,True,1,East Sikkim
88.387472,27.195722,0.43490143114710683,moderate,random_forest-extended-v1-20260902,True,1,South Sikkim
88.208722,27.197111,0.6186539720512452,high,random_forest-extended-v1-20260902,True,1,West Sikkim
88.4905,27.197417,0.7344494301277429,high,random_forest-extended-v1-20260902,True,1,South Sikkim
88.638725,27.198856,0.45877658061631527,moderate,random_forest-extended-v1-20260902,True,1,East Sikkim
88.66095,27.198928,0.5506852374443704,moderate,random_forest-extended-v1-20260902,True,1,East Sikkim
88.350417,27.199028,0.5992211395461933,high,random_forest-extended-v1-20260902,True,1,South Sikkim
88.641633,27.199722,0.6043711486116434,high,random_forest-extended-v1-20260902,True,1,East Sikkim
88.3545,27.200389,0.6245488706838562,high,random_forest-extended-v1-20260902,True,1,South Sikkim
88.340861,27.200861,0.42930766556726924,moderate,random_forest-extended-v1-20260902,True,1,West Sikkim
88.665381,27.201278,0.4048288873223383,low,random_forest-extended-v1-20260902,True,1,East Sikkim
88.268194,27.20175,0.5043070549783657,moderate,random_forest-extended-v1-20260902,True,1,West Sikkim
88.667278,27.201875,0.4920413978861611,moderate,random_forest-extended-v1-20260902,True,1,East Sikkim
88.391583,27.202417,0.7064396499252635,high,random_forest-extended-v1-20260902,True,1,South Sikkim
88.656708,27.202433,0.5470231089293166,moderate,random_forest-extended-v1-20260902,True,1,East Sikkim
88.588667,27.203167,0.6447608074860235,high,random_forest-extended-v1-20260902,True,1,East Sikkim
88.600278,27.203194,0.6187584158973103,high,random_forest-extended-v1-20260902,True,1,East Sikkim
88.658333,27.203869,0.2743026785726127,low,random_forest-extended-v1-20260902,True,1,East Sikkim
88.647222,27.204556,0.6085769608357349,high,random_forest-extended-v1-20260902,True,1,East Sikkim
88.32375,27.204694,0.7176254808430069,high,random_forest-extended-v1-20260902,True,1,West Sikkim
88.591722,27.205,0.5525561233470634,moderate,random_forest-extended-v1-20260902,True,1,East Sikkim
88.442122,27.205,0.9665039866859542,high,random_forest-extended-v1-20260902,True,1,South Sikkim
88.689053,27.205047,0.290383137082833,low,random_forest-extended-v1-20260902,True,1,East Sikkim
88.442814,27.206611,0.826127152277042,high,random_forest-extended-v1-20260902,True,1,South Sikkim
88.679953,27.206653,0.5300517251864648,moderate,random_forest-extended-v1-20260902,True,1,East Sikkim
88.323278,27.206917,0.558697966572118,moderate,random_forest-extended-v1-20260902,True,1,West Sikkim
88.446667,27.207039,0.7356574272227996,high,random_forest-extended-v1-20260902,True,1,South Sikkim
88.672817,27.207264,0.49833815152663685,moderate,random_forest-extended-v1-20260902,True,1,East Sikkim
88.676047,27.207606,0.49706161559248707,moderate,random_forest-extended-v1-20260902,True,1,East Sikkim
88.387667,27.20825,0.5241851636984348,moderate,random_forest-extended-v1-20260902,True,1,South Sikkim
88.58775,27.2115,0.6628549861253148,high,random_forest-extended-v1-20260902,True,1,East Sikkim
88.587889,27.212222,0.6842097077214588,high,random_forest-extended-v1-20260902,True,1,East Sikkim
88.399333,27.212583,0.6157496149353544,high,random_forest-extended-v1-20260902,True,1,South Sikkim
88.391444,27.21275,0.6970134633067406,high,random_forest-extended-v1-20260902,True,1,South Sikkim
88.321833,27.213556,0.44983210171115556,moderate,random_forest-extended-v1-20260902,True,1,West Sikkim
88.608361,27.214222,0.842673093390093,high,random_forest-extended-v1-20260902,True,1,East Sikkim
88.392417,27.214639,0.5658950501323446,moderate,random_forest-extended-v1-20260902,True,1,South Sikkim
88.588083,27.214806,0.7427753641678495,high,random_forest-extended-v1-20260902,True,1,East Sikkim
88.393306,27.215056,0.7178522018578756,high,random_forest-extended-v1-20260902,True,1,South Sikkim
88.402278,27.21525,0.6735711599587462,high,random_forest-extended-v1-20260902,True,1,South Sikkim
88.199667,27.216361,0.7190255191299969,high,random_forest-extended-v1-20260902,True,1,West Sikkim
88.392361,27.216639,0.6318451467188843,high,random_forest-extended-v1-20260902,True,1,South Sikkim
88.274639,27.216722,0.5843500350033178,moderate,random_forest-extended-v1-20260902,True,1,West Sikkim
88.236944,27.217278,0.40789529433100485,low,random_forest-extended-v1-20260902,True,1,West Sikkim
88.233472,27.217667,0.7381726067052927,high,random_forest-extended-v1-20260902,True,1,West Sikkim
88.234639,27.217667,0.5113203315108276,moderate,random_forest-extended-v1-20260902,True,1,West Sikkim
88.232472,27.218278,0.6956207783609023,high,random_forest-extended-v1-20260902,True,1,West Sikkim
88.233694,27.21875,0.706314881675025,high,random_forest-extended-v1-20260902,True,1,West Sikkim
88.391111,27.219444,0.6854812758405101,high,random_forest-extended-v1-20260902,True,1,South Sikkim
88.234361,27.219444,0.6854374532268878,high,random_forest-extended-v1-20260902,True,1,West Sikkim
88.210222,27.2195,0.5188524556881664,moderate,random_forest-extended-v1-20260902,True,1,West Sikkim
88.276306,27.219917,0.6526882361477877,high,random_forest-extended-v1-20260902,True,1,West Sikkim
88.261861,27.220306,0.4542943187346819,moderate,random_forest-extended-v1-20260902,True,1,West Sikkim
88.281028,27.220472,0.6431601392481698,high,random_forest-extended-v1-20260902,True,1,West Sikkim
88.699833,27.22075,0.6592299948466178,high,random_forest-extended-v1-20260902,True,1,East Sikkim
88.279917,27.220778,0.6190112924726447,high,random_forest-extended-v1-20260902,True,1,West Sikkim
88.237361,27.220806,0.3592531933168141,low,random_forest-extended-v1-20260902,True,1,West Sikkim
88.657111,27.220861,0.6030562000147746,high,random_forest-extended-v1-20260902,True,1,East Sikkim
88.652278,27.220889,0.47121450698484146,moderate,random_forest-extended-v1-20260902,True,1,East Sikkim
88.385083,27.220917,0.6345109855486283,high,random_forest-extended-v1-20260902,True,1,South Sikkim
88.397639,27.220972,0.5658873637250751,moderate,random_forest-extended-v1-20260902,True,1,South Sikkim
88.376167,27.221444,0.715022654837824,high,random_forest-extended-v1-20260902,True,1,South Sikkim
88.370667,27.2215,0.6839764744712695,high,random_forest-extended-v1-20260902,True,1,South Sikkim
88.390861,27.221778,0.7084986120685457,high,random_forest-extended-v1-20260902,True,1,South Sikkim
88.281972,27.222917,0.5213916856020782,moderate,random_forest-extended-v1-20260902,True,1,West Sikkim
88.491833,27.223833,0.8892796224482004,high,random_forest-extended-v1-20260902,True,1,South Sikkim
88.372083,27.224778,0.6742603120122866,high,random_forest-extended-v1-20260902,True,1,South Sikkim
88.373333,27.225083,0.545797514068771,moderate,random_forest-extended-v1-20260902,True,1,South Sikkim
88.240333,27.225556,0.6490947417890649,high,random_forest-extended-v1-20260902,True,1,West Sikkim
88.49325,27.22575,0.8045283594779482,high,random_forest-extended-v1-20260902,True,1,South Sikkim
88.308861,27.226556,0.60513579879488,high,random_forest-extended-v1-20260902,True,1,West Sikkim
88.220278,27.2275,0.5384708065866186,moderate,random_forest-extended-v1-20260902,True,1,West Sikkim
88.219639,27.227528,0.5675150469347414,moderate,random_forest-extended-v1-20260902,True,1,West Sikkim
88.493889,27.228556,0.9375848812457732,high,random_forest-extended-v1-20260902,True,1,South Sikkim
88.378444,27.229417,0.6241733785647601,high,random_forest-extended-v1-20260902,True,1,South Sikkim
88.619361,27.22975,0.5281174951838566,moderate,random_forest-extended-v1-20260902,True,1,East Sikkim
88.306056,27.230583,0.4987492289541609,moderate,random_forest-extended-v1-20260902,True,1,West Sikkim
88.378417,27.232639,0.2955266199019339,low,random_forest-extended-v1-20260902,True,1,South Sikkim
88.246361,27.233194,0.5366113699296103,moderate,random_forest-extended-v1-20260902,True,1,West Sikkim
88.5015,27.233389,0.5126361236214368,moderate,random_forest-extended-v1-20260902,True,1,East Sikkim
88.634806,27.233417,0.7451966690653721,high,random_forest-extended-v1-20260902,True,1,East Sikkim
88.348389,27.233667,0.5410629521642911,moderate,random_forest-extended-v1-20260902,True,1,South Sikkim
88.6025,27.235694,0.6539743468366717,high,random_forest-extended-v1-20260902,True,1,East Sikkim
88.602389,27.23575,0.7208119156460706,high,random_forest-extended-v1-20260902,True,1,East Sikkim
88.506472,27.23575,0.7269998581568485,high,random_forest-extended-v1-20260902,True,1,South Sikkim
88.507972,27.23575,0.3468728293848015,low,random_forest-extended-v1-20260902,True,1,South Sikkim
88.506306,27.235778,0.7269998581568485,high,random_forest-extended-v1-20260902,True,1,East Sikkim
88.433167,27.235861,0.5215935418873678,moderate,random_forest-extended-v1-20260902,True,1,South Sikkim
88.645167,27.235917,0.6136943645621923,high,random_forest-extended-v1-20260902,True,1,East Sikkim
88.50875,27.236361,0.7318552001022474,high,random_forest-extended-v1-20260902,True,1,East Sikkim
88.509611,27.236583,0.734761906484917,high,random_forest-extended-v1-20260902,True,1,East Sikkim
88.235917,27.236889,0.7403142212506298,high,random_forest-extended-v1-20260902,True,1,West Sikkim
88.598806,27.237694,0.3409583712499703,low,random_forest-extended-v1-20260902,True,1,East Sikkim
88.51384,27.23772,0.6744033389933959,high,random_forest-extended-v1-20260902,True,1,East Sikkim
88.346444,27.237889,0.5864937200904493,moderate,random_forest-extended-v1-20260902,True,1,South Sikkim
88.30475,27.237917,0.4381711522603452,moderate,random_forest-extended-v1-20260902,True,1,West Sikkim
88.601528,27.238111,0.4209144955564672,low,random_forest-extended-v1-20260902,True,1,East Sikkim
88.48416,27.23924,0.7502077508855773,high,random_forest-extended-v1-20260902,True,1,East Sikkim
88.332778,27.239972,0.42553359971943483,moderate,random_forest-extended-v1-20260902,True,1,West Sikkim
88.486472,27.240028,0.9410958510603838,high,random_forest-extended-v1-20260902,True,1,East Sikkim
88.486278,27.240194,0.9410958510603838,high,random_forest-extended-v1-20260902,True,1,East Sikkim
88.234028,27.240389,0.666427189981305,high,random_forest-extended-v1-20260902,True,1,West Sikkim
88.48025,27.240556,0.7722766539035053,high,random_forest-extended-v1-20260902,True,1,East Sikkim
88.306056,27.240639,0.5359292285322103,moderate,random_forest-extended-v1-20260902,True,1,West Sikkim
88.486278,27.240861,0.607944702071205,high,random_forest-extended-v1-20260902,True,1,East Sikkim
88.233972,27.241333,0.637445228130223,high,random_forest-extended-v1-20260902,True,1,West Sikkim
88.60681,27.24144,0.32084633799443596,low,random_forest-extended-v1-20260902,True,1,East Sikkim
88.327389,27.242139,0.45835027531236383,moderate,random_forest-extended-v1-20260902,True,1,West Sikkim
88.354417,27.242917,0.7123469088380011,high,random_forest-extended-v1-20260902,True,1,South Sikkim
88.2725,27.243806,0.5868004026473072,moderate,random_forest-extended-v1-20260902,True,1,West Sikkim
88.348056,27.244056,0.5769761146988606,moderate,random_forest-extended-v1-20260902,True,1,South Sikkim
88.350472,27.244472,0.6187310416163961,high,random_forest-extended-v1-20260902,True,1,South Sikkim
88.524389,27.245028,0.6999135408421034,high,random_forest-extended-v1-20260902,True,1,East Sikkim
88.226861,27.245028,0.27538785687764,low,random_forest-extended-v1-20260902,True,1,West Sikkim
88.524444,27.245139,0.6157944638190685,high,random_forest-extended-v1-20260902,True,1,East Sikkim
88.185278,27.245972,0.549001059226624,moderate,random_forest-extended-v1-20260902,True,1,West Sikkim
88.62575,27.246056,0.5880554639424502,moderate,random_forest-extended-v1-20260902,True,1,East Sikkim
88.625694,27.246194,0.5102832188013929,moderate,random_forest-extended-v1-20260902,True,1,East Sikkim
88.184833,27.246944,0.7303396674579455,high,random_forest-extended-v1-20260902,True,1,West Sikkim
88.225222,27.247111,0.4774038918935303,moderate,random_forest-extended-v1-20260902,True,1,West Sikkim
88.117444,27.248583,0.6386213881063586,high,random_forest-extended-v1-20260902,True,1,West Sikkim
88.117194,27.248833,0.6102352087427967,high,random_forest-extended-v1-20260902,True,1,West Sikkim
88.301889,27.25,0.5731221136710714,moderate,random_forest-extended-v1-20260902,True,1,West Sikkim
88.53325,27.250556,0.6947585333431379,high,random_forest-extended-v1-20260902,True,1,East Sikkim
88.715444,27.250889,0.5412157316078061,moderate,random_forest-extended-v1-20260902,True,1,East Sikkim
88.659833,27.250972,0.6214275164156126,high,random_forest-extended-v1-20260902,True,1,East Sikkim
88.3845,27.251417,0.4040180085289457,low,random_forest-extended-v1-20260902,True,1,South Sikkim
88.531361,27.251639,0.49221854221726175,moderate,random_forest-extended-v1-20260902,True,1,East Sikkim
88.182972,27.251722,0.45600118752348834,moderate,random_forest-extended-v1-20260902,True,1,West Sikkim
88.176944,27.252139,0.7078835393599796,high,random_forest-extended-v1-20260902,True,1,West Sikkim
88.272778,27.252167,0.2871032257082725,low,random_forest-extended-v1-20260902,True,1,West Sikkim
88.694194,27.252667,0.5977411579803623,high,random_forest-extended-v1-20260902,True,1,East Sikkim
88.786111,27.253528,0.9525228728964398,high,random_forest-extended-v1-20260902,True,1,East Sikkim
88.210028,27.253889,0.6217357151818862,high,random_forest-extended-v1-20260902,True,1,West Sikkim
88.3005,27.254222,0.740357502211724,high,random_forest-extended-v1-20260902,True,1,West Sikkim
88.145306,27.254389,0.5791529086026272,moderate,random_forest-extended-v1-20260902,True,1,West Sikkim
88.711,27.25475,0.6094485904096146,high,random_forest-extended-v1-20260902,True,1,East Sikkim
88.542444,27.254778,0.5583590016684977,moderate,random_forest-extended-v1-20260902,True,1,East Sikkim
88.390889,27.254917,0.4531057623382362,moderate,random_forest-extended-v1-20260902,True,1,South Sikkim
88.396944,27.255167,0.48116487718131973,moderate,random_forest-extended-v1-20260902,True,1,South Sikkim
88.543611,27.255278,0.6013312051041837,high,random_forest-extended-v1-20260902,True,1,East Sikkim
88.388944,27.255389,0.4405782838389059,moderate,random_forest-extended-v1-20260902,True,1,South Sikkim
88.156139,27.255861,0.6295991003926802,high,random_forest-extended-v1-20260902,True,1,West Sikkim
88.706167,27.256,0.4826153004431284,moderate,random_forest-extended-v1-20260902,True,1,East Sikkim
88.148722,27.256556,0.6809849084271212,high,random_forest-extended-v1-20260902,True,1,West Sikkim
88.148611,27.25675,0.7238930825709197,high,random_forest-extended-v1-20260902,True,1,West Sikkim
88.55359,27.25677,0.4611716899369193,moderate,random_forest-extended-v1-20260902,True,1,East Sikkim
88.65975,27.257083,0.7167687899967567,high,random_forest-extended-v1-20260902,True,1,East Sikkim
88.696583,27.257083,0.6103814345892868,high,random_forest-extended-v1-20260902,True,1,East Sikkim
88.697556,27.257139,0.6465524744904273,high,random_forest-extended-v1-20260902,True,1,East Sikkim
88.305444,27.257194,0.6186403540310127,high,random_forest-extended-v1-20260902,True,1,West Sikkim
88.165333,27.257361,0.5548009190954931,moderate,random_forest-extended-v1-20260902,True,1,West Sikkim
88.418889,27.257417,0.5458730284299859,moderate,random_forest-extended-v1-20260902,True,1,South Sikkim
88.548861,27.257972,0.5639933060804669,moderate,random_forest-extended-v1-20260902,True,1,East Sikkim
88.704778,27.258222,0.3916432732354697,low,random_forest-extended-v1-20260902,True,1,East Sikkim
88.245306,27.258306,0.681208220806406,high,random_forest-extended-v1-20260902,True,1,West Sikkim
88.246611,27.258389,0.5484257219311359,moderate,random_forest-extended-v1-20260902,True,1,West Sikkim
88.147028,27.258556,0.4673286876012235,moderate,random_forest-extended-v1-20260902,True,1,West Sikkim
88.202639,27.258778,0.6700811115237731,high,random_forest-extended-v1-20260902,True,1,West Sikkim
88.145611,27.258889,0.594547981919788,moderate,random_forest-extended-v1-20260902,True,1,West Sikkim
88.423028,27.259306,0.5679730325044732,moderate,random_forest-extended-v1-20260902,True,1,South Sikkim
88.550417,27.259694,0.9143561674376027,high,random_forest-extended-v1-20260902,True,1,East Sikkim
88.248972,27.259722,0.3582275683080373,low,random_forest-extended-v1-20260902,True,1,West Sikkim
88.711722,27.259833,0.5034313445696423,moderate,random_forest-extended-v1-20260902,True,1,East Sikkim
88.381361,27.26,0.7282959305208995,high,random_forest-extended-v1-20260902,True,1,South Sikkim
88.171889,27.260167,0.6290777251205154,high,random_forest-extended-v1-20260902,True,1,West Sikkim
88.302417,27.260194,0.5995130934191647,high,random_forest-extended-v1-20260902,True,1,West Sikkim
88.233278,27.260861,0.6910712376308802,high,random_forest-extended-v1-20260902,True,1,West Sikkim
88.788778,27.2615,0.5710286648668583,moderate,random_forest-extended-v1-20260902,True,1,East Sikkim
88.2945,27.26175,0.5473017780727533,moderate,random_forest-extended-v1-20260902,True,1,West Sikkim
88.197194,27.261778,0.5820407615648568,moderate,random_forest-extended-v1-20260902,True,1,West Sikkim
88.4305,27.262056,0.5490725029910118,moderate,random_forest-extended-v1-20260902,True,1,South Sikkim
88.562389,27.262583,0.651118789523135,high,random_forest-extended-v1-20260902,True,1,East Sikkim
88.377139,27.263194,0.6057523830911722,high,random_forest-extended-v1-20260902,True,1,South Sikkim
88.786667,27.263278,0.9651192415109155,high,random_forest-extended-v1-20260902,True,1,East Sikkim
88.558389,27.264361,0.6532199427335991,high,random_forest-extended-v1-20260902,True,1,East Sikkim
88.792667,27.264694,0.6446560562664265,high,random_forest-extended-v1-20260902,True,1,East Sikkim
88.789556,27.26525,0.6876131024863283,high,random_forest-extended-v1-20260902,True,1,East Sikkim
88.788278,27.265389,0.6082446730103337,high,random_forest-extended-v1-20260902,True,1,East Sikkim
88.534556,27.265944,0.704941764530276,high,random_forest-extended-v1-20260902,True,1,East Sikkim
88.2875,27.268944,0.9272177370170749,high,random_forest-extended-v1-20260902,True,1,West Sikkim
88.137861,27.269556,0.52172736601084,moderate,random_forest-extended-v1-20260902,True,1,West Sikkim
88.144278,27.269778,0.6740502362665934,high,random_forest-extended-v1-20260902,True,1,West Sikkim
88.178139,27.269861,0.6091427346580848,high,random_forest-extended-v1-20260902,True,1,West Sikkim
88.077111,27.269917,0.6938475576793224,high,random_forest-extended-v1-20260902,True,1,West Sikkim
88.179944,27.27,0.6365008022015313,high,random_forest-extended-v1-20260902,True,1,West Sikkim
88.430139,27.270056,0.7046880379227467,high,random_forest-extended-v1-20260902,True,1,South Sikkim
88.174444,27.270056,0.6307841571419274,high,random_forest-extended-v1-20260902,True,1,West Sikkim
88.142056,27.270667,0.7310763322327489,high,random_forest-extended-v1-20260902,True,1,West Sikkim
88.167417,27.27075,0.56568813611167,moderate,random_forest-extended-v1-20260902,True,1,West Sikkim
88.430389,27.271583,0.7334441845443901,high,random_forest-extended-v1-20260902,True,1,South Sikkim
88.394139,27.272056,0.39435352173440646,low,random_forest-extended-v1-20260902,True,1,South Sikkim
88.389528,27.273083,0.653491322732961,high,random_forest-extended-v1-20260902,True,1,South Sikkim
88.303417,27.27325,0.5663345778792523,moderate,random_forest-extended-v1-20260902,True,1,West Sikkim
88.398722,27.273861,0.4862759688242729,moderate,random_forest-extended-v1-20260902,True,1,South Sikkim
88.308056,27.2755,0.6632984156738007,high,random_forest-extended-v1-20260902,True,1,West Sikkim
88.084972,27.27575,0.6133659059098853,high,random_forest-extended-v1-20260902,True,1,West Sikkim
88.254278,27.275917,0.23237850339265406,low,random_forest-extended-v1-20260902,True,1,West Sikkim
88.398722,27.276167,0.5891421114708046,moderate,random_forest-extended-v1-20260902,True,1,South Sikkim
88.436472,27.279889,0.5223458282858968,moderate,random_forest-extended-v1-20260902,True,1,South Sikkim
88.804278,27.279972,0.9590525598306131,high,random_forest-extended-v1-20260902,True,1,East Sikkim
88.186917,27.279972,0.4909527383470595,moderate,random_forest-extended-v1-20260902,True,1,West Sikkim
88.190861,27.280667,0.8385774737358853,high,random_forest-extended-v1-20260902,True,1,West Sikkim
88.084333,27.280889,0.3965109347487113,low,random_forest-extended-v1-20260902,True,1,West Sikkim
88.227667,27.281028,0.5303668030707643,moderate,random_forest-extended-v1-20260902,True,1,West Sikkim
88.187833,27.281444,0.6090673943727563,high,random_forest-extended-v1-20260902,True,1,West Sikkim
88.229556,27.281611,0.6399657816262448,high,random_forest-extended-v1-20260902,True,1,West Sikkim
88.415028,27.282,0.542063091051874,moderate,random_forest-extended-v1-20260902,True,1,South Sikkim
88.598917,27.282444,0.2934723866131628,low,random_forest-extended-v1-20260902,True,1,East Sikkim
88.108278,27.282667,0.3991407336717876,low,random_forest-extended-v1-20260902,True,1,West Sikkim
88.189556,27.282917,0.6138812389090804,high,random_forest-extended-v1-20260902,True,1,West Sikkim
88.106667,27.283194,0.6730223211654852,high,random_forest-extended-v1-20260902,True,1,West Sikkim
88.192639,27.283444,0.45047062315475556,moderate,random_forest-extended-v1-20260902,True,1,West Sikkim
88.189944,27.283639,0.5808463388546734,moderate,random_forest-extended-v1-20260902,True,1,West Sikkim
88.54611,27.28408,0.6116654941437134,high,random_forest-extended-v1-20260902,True,1,East Sikkim
88.264889,27.284139,0.5056219617365685,moderate,random_forest-extended-v1-20260902,True,1,West Sikkim
88.370056,27.28425,0.5294346346160271,moderate,random_forest-extended-v1-20260902,True,1,South Sikkim
88.195583,27.284528,0.7192693816918911,high,random_forest-extended-v1-20260902,True,1,West Sikkim
88.106194,27.28475,0.4813347471788428,moderate,random_forest-extended-v1-20260902,True,1,West Sikkim
88.197583,27.285,0.6561600819390265,high,random_forest-extended-v1-20260902,True,1,West Sikkim
88.369444,27.287194,0.4963422266396809,moderate,random_forest-extended-v1-20260902,True,1,South Sikkim
88.102611,27.287361,0.6465009846227777,high,random_forest-extended-v1-20260902,True,1,West Sikkim
88.102778,27.288167,0.5934667202749826,moderate,random_forest-extended-v1-20260902,True,1,West Sikkim
88.102667,27.288444,0.5952412770630536,moderate,random_forest-extended-v1-20260902,True,1,West Sikkim
88.816111,27.288667,0.560920809394299,moderate,random_forest-extended-v1-20260902,True,1,East Sikkim
88.084389,27.289861,0.5513776775174395,moderate,random_forest-extended-v1-20260902,True,1,West Sikkim
88.820417,27.292583,0.31079242483528746,low,random_forest-extended-v1-20260902,True,1,East Sikkim
88.589417,27.292944,0.8729081224738767,high,random_forest-extended-v1-20260902,True,1,East Sikkim
88.294917,27.293417,0.555336374737435,moderate,random_forest-extended-v1-20260902,True,1,West Sikkim
88.642056,27.293556,0.5819132724894563,moderate,random_forest-extended-v1-20260902,True,1,East Sikkim
88.079944,27.294889,0.44807634728443047,moderate,random_forest-extended-v1-20260902,True,1,West Sikkim
88.102694,27.29525,0.6714194075846898,high,random_forest-extended-v1-20260902,True,1,West Sikkim
88.094583,27.295444,0.5666993637215025,moderate,random_forest-extended-v1-20260902,True,1,West Sikkim
88.10175,27.296028,0.4265544074762102,moderate,random_forest-extended-v1-20260902,True,1,West Sikkim
88.388472,27.297139,0.46637865630057784,moderate,random_forest-extended-v1-20260902,True,1,South Sikkim
88.419778,27.29975,0.41111300616628627,low,random_forest-extended-v1-20260902,True,1,South Sikkim
88.218778,27.301972,0.5725926236366958,moderate,random_forest-extended-v1-20260902,True,1,West Sikkim
88.373944,27.302861,0.6324179681706867,high,random_forest-extended-v1-20260902,True,1,South Sikkim
88.433167,27.303083,0.4667557427655144,moderate,random_forest-extended-v1-20260902,True,1,South Sikkim
88.178806,27.304028,0.5549094510709166,moderate,random_forest-extended-v1-20260902,True,1,West Sikkim
88.199083,27.30675,0.6542974942454568,high,random_forest-extended-v1-20260902,True,1,West Sikkim
88.375194,27.306806,0.6697228033546274,high,random_forest-extended-v1-20260902,True,1,South Sikkim
88.368444,27.306861,0.49175091726779396,moderate,random_forest-extended-v1-20260902,True,1,South Sikkim
88.418611,27.311667,0.40459578301434923,low,random_forest-extended-v1-20260902,True,1,South Sikkim
88.189917,27.313722,0.6949827551662779,high,random_forest-extended-v1-20260902,True,1,West Sikkim
88.557583,27.313917,0.5441217258401146,moderate,random_forest-extended-v1-20260902,True,1,East Sikkim
88.8365,27.3145,0.5428511615815055,moderate,random_forest-extended-v1-20260902,True,1,East Sikkim
88.417917,27.314694,0.6192095447116541,high,random_forest-extended-v1-20260902,True,1,South Sikkim
88.558139,27.315028,0.6325147017155873,high,random_forest-extended-v1-20260902,True,1,East Sikkim
88.558611,27.315028,0.6293116431248053,high,random_forest-extended-v1-20260902,True,1,East Sikkim
88.506056,27.315083,0.6713930648448957,high,random_forest-extended-v1-20260902,True,1,East Sikkim
88.178944,27.315778,0.5988559009518717,high,random_forest-extended-v1-20260902,True,1,West Sikkim
88.559889,27.316,0.4319732053237581,moderate,random_forest-extended-v1-20260902,True,1,East Sikkim
88.178917,27.316583,0.708649188595234,high,random_forest-extended-v1-20260902,True,1,West Sikkim
88.560056,27.316944,0.5905312994197295,moderate,random_forest-extended-v1-20260902,True,1,East Sikkim
88.178556,27.317083,0.6523723059577322,high,random_forest-extended-v1-20260902,True,1,West Sikkim
88.182861,27.317417,0.362229580598128,low,random_forest-extended-v1-20260902,True,1,West Sikkim
88.16222,27.31892,0.42009606000356287,low,random_forest-extended-v1-20260902,True,1,West Sikkim
88.177833,27.320111,0.27515903469293795,low,random_forest-extended-v1-20260902,True,1,West Sikkim
88.219611,27.320611,0.6347924554487321,high,random_forest-extended-v1-20260902,True,1,West Sikkim
88.213861,27.324944,0.6433648097319057,high,random_forest-extended-v1-20260902,True,1,West Sikkim
88.219,27.326444,0.6135687047844286,high,random_forest-extended-v1-20260902,True,1,West Sikkim
88.649278,27.329361,0.37138957939753686,low,random_forest-extended-v1-20260902,True,1,East Sikkim
88.648917,27.329472,0.5292427778569174,moderate,random_forest-extended-v1-20260902,True,1,East Sikkim
88.215639,27.3305,0.6068406036636561,high,random_forest-extended-v1-20260902,True,1,West Sikkim
88.216333,27.33075,0.7568592735897608,high,random_forest-extended-v1-20260902,True,1,West Sikkim
88.49225,27.330778,0.22992214480532605,low,random_forest-extended-v1-20260902,True,1,East Sikkim
88.450528,27.330917,0.5384046181494367,moderate,random_forest-extended-v1-20260902,True,1,South Sikkim
88.213583,27.33325,0.7402598976887068,high,random_forest-extended-v1-20260902,True,1,West Sikkim
88.212972,27.333333,0.6236706386971863,high,random_forest-extended-v1-20260902,True,1,West Sikkim
88.206722,27.335,0.5794337019513297,moderate,random_forest-extended-v1-20260902,True,1,West Sikkim
88.621833,27.337194,0.7518182830789325,high,random_forest-extended-v1-20260902,True,1,East Sikkim
88.227361,27.339806,0.5612801676187972,moderate,random_forest-extended-v1-20260902,True,1,West Sikkim
88.628389,27.340917,0.8821510447683651,high,random_forest-extended-v1-20260902,True,1,East Sikkim
88.626194,27.341444,0.9724758928242714,high,random_forest-extended-v1-20260902,True,1,East Sikkim
88.223722,27.342,0.6296397507936863,high,random_forest-extended-v1-20260902,True,1,West Sikkim
88.246639,27.345028,0.6497415128380016,high,random_forest-extended-v1-20260902,True,1,West Sikkim
88.196833,27.347278,0.6316271593690198,high,random_forest-extended-v1-20260902,True,1,West Sikkim
88.600556,27.348722,0.5870476660095812,moderate,random_forest-extended-v1-20260902,True,1,East Sikkim
88.272417,27.351194,0.6606495802951379,high,random_forest-extended-v1-20260902,True,1,South Sikkim
88.273028,27.3515,0.4485522577673126,moderate,random_forest-extended-v1-20260902,True,1,West Sikkim
88.840194,27.358583,0.7135998986487911,high,random_forest-extended-v1-20260902,True,1,East Sikkim
88.839306,27.361583,0.9498868266622345,high,random_forest-extended-v1-20260902,True,1,East Sikkim
88.787333,27.364583,0.9560663226509013,high,random_forest-extended-v1-20260902,True,1,East Sikkim
88.834917,27.364722,0.9438459186318594,high,random_forest-extended-v1-20260902,True,1,East Sikkim
88.655167,27.365056,0.9658543232858244,high,random_forest-extended-v1-20260902,True,1,East Sikkim
88.449806,27.366944,0.6325999488691749,high,random_forest-extended-v1-20260902,True,1,South Sikkim
88.776028,27.367111,0.5248923775471916,moderate,random_forest-extended-v1-20260902,True,1,East Sikkim
88.711167,27.368194,0.9611680597364166,high,random_forest-extended-v1-20260902,True,1,East Sikkim
88.711278,27.368278,0.9645751726890052,high,random_forest-extended-v1-20260902,True,1,East Sikkim
88.794611,27.368917,0.9538747401593186,high,random_forest-extended-v1-20260902,True,1,East Sikkim
88.691583,27.369306,0.46436950584370096,moderate,random_forest-extended-v1-20260902,True,1,East Sikkim
88.714917,27.369333,0.8512118108404313,high,random_forest-extended-v1-20260902,True,1,East Sikkim
88.456833,27.369778,0.7034215352452134,high,random_forest-extended-v1-20260902,True,1,South Sikkim
88.67925,27.370083,0.9707221122869464,high,random_forest-extended-v1-20260902,True,1,East Sikkim
88.686417,27.370472,0.6999663971943642,high,random_forest-extended-v1-20260902,True,1,East Sikkim
88.679444,27.37075,0.9676032770618639,high,random_forest-extended-v1-20260902,True,1,East Sikkim
88.683167,27.370861,0.6259667470588692,high,random_forest-extended-v1-20260902,True,1,East Sikkim
88.710111,27.370972,0.9581774864815744,high,random_forest-extended-v1-20260902,True,1,East Sikkim
88.709722,27.371472,0.7589579455865486,high,random_forest-extended-v1-20260902,True,1,East Sikkim
88.677167,27.371806,0.9617434488210655,high,random_forest-extended-v1-20260902,True,1,East Sikkim
88.688944,27.372278,0.658628459342599,high,random_forest-extended-v1-20260902,True,1,East Sikkim
88.617556,27.372333,0.6408356917317594,high,random_forest-extended-v1-20260902,True,1,East Sikkim
88.739139,27.372806,0.7714036111908322,high,random_forest-extended-v1-20260902,True,1,East Sikkim
88.720028,27.373083,0.9108159858459902,high,random_forest-extended-v1-20260902,True,1,East Sikkim
88.721944,27.373472,0.9589244077155752,high,random_forest-extended-v1-20260902,True,1,East Sikkim
88.731722,27.373472,0.9283071682446787,high,random_forest-extended-v1-20260902,True,1,East Sikkim
88.542444,27.374583,0.6395888004110807,high,random_forest-extended-v1-20260902,True,1,North Sikkim
88.542333,27.374583,0.6395888004110807,high,random_forest-extended-v1-20260902,True,1,North Sikkim
88.782889,27.37475,0.6448465632918028,high,random_forest-extended-v1-20260902,True,1,East Sikkim
88.728278,27.375028,0.7596662595308573,high,random_forest-extended-v1-20260902,True,1,East Sikkim
88.542833,27.375139,0.6861062423647817,high,random_forest-extended-v1-20260902,True,1,North Sikkim
88.708028,27.375139,0.7407134144433362,high,random_forest-extended-v1-20260902,True,1,East Sikkim
88.54275,27.375194,0.6241950829333757,high,random_forest-extended-v1-20260902,True,1,North Sikkim
88.625278,27.375806,0.6288535458110077,high,random_forest-extended-v1-20260902,True,1,East Sikkim
88.726722,27.375833,0.9407861188191083,high,random_forest-extended-v1-20260902,True,1,East Sikkim
88.799667,27.376222,0.6123369672436061,high,random_forest-extended-v1-20260902,True,1,East Sikkim
88.629583,27.376306,0.5770532624744487,moderate,random_forest-extended-v1-20260902,True,1,East Sikkim
88.766167,27.376861,0.6814125932604203,high,random_forest-extended-v1-20260902,True,1,East Sikkim
88.770083,27.378306,0.40446685803738897,low,random_forest-extended-v1-20260902,True,1,East Sikkim
88.697222,27.378417,0.7180267761042184,high,random_forest-extended-v1-20260902,True,1,East Sikkim
88.541667,27.378444,0.6073042752524953,high,random_forest-extended-v1-20260902,True,1,North Sikkim
88.631083,27.378611,0.6226166424398502,high,random_forest-extended-v1-20260902,True,1,East Sikkim
88.699611,27.378667,0.9557075714989238,high,random_forest-extended-v1-20260902,True,1,East Sikkim
88.315361,27.379639,0.611584221668937,high,random_forest-extended-v1-20260902,True,1,West Sikkim
88.726,27.380806,0.4907801068898112,moderate,random_forest-extended-v1-20260902,True,1,East Sikkim
88.812361,27.380861,0.3763360052905251,low,random_forest-extended-v1-20260902,True,1,East Sikkim
88.632611,27.381278,0.7207915513714926,high,random_forest-extended-v1-20260902,True,1,East Sikkim
88.690444,27.381306,0.6847397657215364,high,random_forest-extended-v1-20260902,True,1,East Sikkim
88.691806,27.381556,0.9628096464755618,high,random_forest-extended-v1-20260902,True,1,East Sikkim
88.640333,27.381917,0.7240124264069834,high,random_forest-extended-v1-20260902,True,1,East Sikkim
88.702611,27.383361,0.7250426898512374,high,random_forest-extended-v1-20260902,True,1,East Sikkim
88.305806,27.383611,0.6668228066279396,high,random_forest-extended-v1-20260902,True,1,West Sikkim
88.808694,27.38375,0.6969214200783477,high,random_forest-extended-v1-20260902,True,1,East Sikkim
88.633083,27.383806,0.4774479351633365,moderate,random_forest-extended-v1-20260902,True,1,East Sikkim
88.639611,27.384444,0.6924780997253088,high,random_forest-extended-v1-20260902,True,1,East Sikkim
88.310972,27.389222,0.7138795562878956,high,random_forest-extended-v1-20260902,True,1,West Sikkim
88.310139,27.393139,0.6405156327175863,high,random_forest-extended-v1-20260902,True,1,West Sikkim
88.62525,27.394,0.6221693979686825,high,random_forest-extended-v1-20260902,True,1,East Sikkim
88.307389,27.395028,0.6093100951710296,high,random_forest-extended-v1-20260902,True,1,West Sikkim
88.623583,27.395444,0.6858719784108829,high,random_forest-extended-v1-20260902,True,1,East Sikkim
88.623556,27.3955,0.6858719784108829,high,random_forest-extended-v1-20260902,True,1,North Sikkim
88.306889,27.3955,0.600840715410612,high,random_forest-extended-v1-20260902,True,1,West Sikkim
88.517528,27.395556,0.55954078256202,moderate,random_forest-extended-v1-20260902,True,1,North Sikkim
88.621667,27.395639,0.5558002860104047,moderate,random_forest-extended-v1-20260902,True,1,East Sikkim
88.519167,27.397083,0.5317241072824926,moderate,random_forest-extended-v1-20260902,True,1,North Sikkim
88.356139,27.397389,0.6236654172747313,high,random_forest-extended-v1-20260902,True,1,West Sikkim
88.614583,27.398083,0.6179828093850119,high,random_forest-extended-v1-20260902,True,1,East Sikkim
88.329139,27.399806,0.610899282358955,high,random_forest-extended-v1-20260902,True,1,West Sikkim
88.356861,27.400278,0.4881634522572764,moderate,random_forest-extended-v1-20260902,True,1,West Sikkim
88.571167,27.40825,0.360805566038076,low,random_forest-extended-v1-20260902,True,1,North Sikkim
88.543722,27.409667,0.7393709419942254,high,random_forest-extended-v1-20260902,True,1,North Sikkim
88.54371,27.4097,0.7393709419942254,high,random_forest-extended-v1-20260902,True,1,North Sikkim
88.543722,27.409861,0.7393709419942254,high,random_forest-extended-v1-20260902,True,1,North Sikkim
88.516611,27.411306,0.6360343300722122,high,random_forest-extended-v1-20260902,True,1,North Sikkim
88.627083,27.412111,0.5633730390481047,moderate,random_forest-extended-v1-20260902,True,1,North Sikkim
88.626944,27.412111,0.5633730390481047,moderate,random_forest-extended-v1-20260902,True,1,North Sikkim
88.622361,27.417306,0.6522386117979745,high,random_forest-extended-v1-20260902,True,1,North Sikkim
88.621222,27.417389,0.6583767930258172,high,random_forest-extended-v1-20260902,True,1,North Sikkim
88.621083,27.417444,0.6583767930258172,high,random_forest-extended-v1-20260902,True,1,North Sikkim
88.623389,27.417778,0.5478564314623176,moderate,random_forest-extended-v1-20260902,True,1,North Sikkim
88.623361,27.417972,0.966109862508773,high,random_forest-extended-v1-20260902,True,1,North Sikkim
88.623333,27.418,0.7125763791491948,high,random_forest-extended-v1-20260902,True,1,North Sikkim
88.616083,27.418472,0.23808403449755086,low,random_forest-extended-v1-20260902,True,1,North Sikkim
88.616778,27.418667,0.6518857487308852,high,random_forest-extended-v1-20260902,True,1,North Sikkim
88.515944,27.420028,0.6097238043262837,high,random_forest-extended-v1-20260902,True,1,North Sikkim
88.514,27.426,0.3691017023080423,low,random_forest-extended-v1-20260902,True,1,North Sikkim
88.583028,27.426361,0.6030906331470364,high,random_forest-extended-v1-20260902,True,1,North Sikkim
88.611667,27.429556,0.708126156000603,high,random_forest-extended-v1-20260902,True,1,North Sikkim
88.514528,27.433083,0.9112245511365948,high,random_forest-extended-v1-20260902,True,1,North Sikkim
88.515167,27.435944,0.6287247431178609,high,random_forest-extended-v1-20260902,True,1,North Sikkim
88.526639,27.436556,0.35244617160624403,low,random_forest-extended-v1-20260902,True,1,North Sikkim
88.613972,27.437444,0.7303615188369011,high,random_forest-extended-v1-20260902,True,1,North Sikkim
88.601694,27.437889,0.41970190532044066,low,random_forest-extended-v1-20260902,True,1,North Sikkim
88.527028,27.438139,0.4361356947330171,moderate,random_forest-extended-v1-20260902,True,1,North Sikkim
88.514389,27.438389,0.44420766736935574,moderate,random_forest-extended-v1-20260902,True,1,North Sikkim
88.527444,27.438778,0.4364879620600658,moderate,random_forest-extended-v1-20260902,True,1,North Sikkim
88.513694,27.441056,0.49004620958979556,moderate,random_forest-extended-v1-20260902,True,1,North Sikkim
88.519667,27.448306,0.5612230167715394,moderate,random_forest-extended-v1-20260902,True,1,North Sikkim
88.523472,27.461694,0.5289449801294258,moderate,random_forest-extended-v1-20260902,True,1,North Sikkim
88.528472,27.4795,0.3889497117431593,low,random_forest-extended-v1-20260902,True,1,North Sikkim
88.531194,27.480472,0.5581768433428732,moderate,random_forest-extended-v1-20260902,True,1,North Sikkim
88.530667,27.481083,0.9216451918906526,high,random_forest-extended-v1-20260902,True,1,North Sikkim
88.52875,27.482583,0.535731174397205,moderate,random_forest-extended-v1-20260902,True,1,North Sikkim
88.529528,27.482583,0.5099602168410083,moderate,random_forest-extended-v1-20260902,True,1,North Sikkim
88.53269,27.48603,0.9087782815117246,high,random_forest-extended-v1-20260902,True,1,North Sikkim
88.5375,27.502,0.6735055126333133,high,random_forest-extended-v1-20260902,True,1,North Sikkim
88.53848,27.5091,0.4618170120029105,moderate,random_forest-extended-v1-20260902,True,1,North Sikkim
88.565472,27.514972,0.63077826346578,high,random_forest-extended-v1-20260902,True,1,North Sikkim
88.56456,27.5152,0.6052449740661268,high,random_forest-extended-v1-20260902,True,1,North Sikkim
88.587361,27.516444,0.5446900783838899,moderate,random_forest-extended-v1-20260902,True,1,North Sikkim
88.539667,27.517278,0.6985302028448063,high,random_forest-extended-v1-20260902,True,1,North Sikkim
88.542889,27.517306,0.6315808309848164,high,random_forest-extended-v1-20260902,True,1,North Sikkim
88.603222,27.527194,0.7018521295091789,high,random_forest-extended-v1-20260902,True,1,North Sikkim
88.590778,27.527333,0.6411579280461737,high,random_forest-extended-v1-20260902,True,1,North Sikkim
88.607972,27.527722,0.6847973788149544,high,random_forest-extended-v1-20260902,True,1,North Sikkim
88.60225,27.527917,0.6351669037285079,high,random_forest-extended-v1-20260902,True,1,North Sikkim
88.600833,27.528722,0.622310641220902,high,random_forest-extended-v1-20260902,True,1,North Sikkim
88.598139,27.529639,0.6119117638744613,high,random_forest-extended-v1-20260902,True,1,North Sikkim
88.606333,27.531667,0.5562366167328875,moderate,random_forest-extended-v1-20260902,True,1,North Sikkim
88.609278,27.533722,0.627255559094915,high,random_forest-extended-v1-20260902,True,1,North Sikkim
88.610194,27.535056,0.5896941744545253,moderate,random_forest-extended-v1-20260902,True,1,North Sikkim
88.497972,27.535333,0.5427114400663822,moderate,random_forest-extended-v1-20260902,True,1,North Sikkim
88.628306,27.5435,0.5947180729321813,moderate,random_forest-extended-v1-20260902,True,1,North Sikkim
88.58475,27.54375,0.6696968512146676,high,random_forest-extended-v1-20260902,True,1,North Sikkim
88.636,27.545694,0.7209235445581363,high,random_forest-extended-v1-20260902,True,1,North Sikkim
88.585194,27.545861,0.6087312452099545,high,random_forest-extended-v1-20260902,True,1,North Sikkim
88.586472,27.546333,0.6187144320552969,high,random_forest-extended-v1-20260902,True,1,North Sikkim
88.602667,27.547111,0.6410986984836395,high,random_forest-extended-v1-20260902,True,1,North Sikkim
88.641944,27.548417,0.6246441220867912,high,random_forest-extended-v1-20260902,True,1,North Sikkim
88.583556,27.549194,0.5948368071195081,moderate,random_forest-extended-v1-20260902,True,1,North Sikkim
88.644889,27.549306,0.5603961990284563,moderate,random_forest-extended-v1-20260902,True,1,North Sikkim
88.646056,27.550917,0.6884416116450239,high,random_forest-extended-v1-20260902,True,1,North Sikkim
88.653528,27.552528,0.6455967322304377,high,random_forest-extended-v1-20260902,True,1,North Sikkim
88.622306,27.552861,0.7251680888356934,high,random_forest-extended-v1-20260902,True,1,North Sikkim
88.581222,27.553556,0.38773612733186413,low,random_forest-extended-v1-20260902,True,1,North Sikkim
88.577194,27.553583,0.6022777580593721,high,random_forest-extended-v1-20260902,True,1,North Sikkim
88.654444,27.554889,0.6165219344502172,high,random_forest-extended-v1-20260902,True,1,North Sikkim
88.647556,27.55525,0.6378807217113978,high,random_forest-extended-v1-20260902,True,1,North Sikkim
88.651417,27.575444,0.5437013663235535,moderate,random_forest-extended-v1-20260902,True,1,North Sikkim
88.652028,27.609056,0.6359279693529698,high,random_forest-extended-v1-20260902,True,1,North Sikkim
88.655222,27.611333,0.6807644777272737,high,random_forest-extended-v1-20260902,True,1,North Sikkim
88.656528,27.613444,0.610568200892087,high,random_forest-extended-v1-20260902,True,1,North Sikkim
88.623639,27.61775,0.630872743683398,high,random_forest-extended-v1-20260902,True,1,North Sikkim
88.618861,27.619722,0.7523363664808853,high,random_forest-extended-v1-20260902,True,1,North Sikkim
88.618694,27.621806,0.6507620355423652,high,random_forest-extended-v1-20260902,True,1,North Sikkim
88.685306,27.628083,0.5393131654224017,moderate,random_forest-extended-v1-20260902,True,1,North Sikkim
88.695194,27.629361,0.6634768507169708,high,random_forest-extended-v1-20260902,True,1,North Sikkim
88.692778,27.6295,0.573355481623891,moderate,random_forest-extended-v1-20260902,True,1,North Sikkim
88.619833,27.629944,0.5911300764176707,moderate,random_forest-extended-v1-20260902,True,1,North Sikkim
88.712028,27.637167,0.5044052176896938,moderate,random_forest-extended-v1-20260902,True,1,North Sikkim
88.711694,27.638694,0.6276142375661308,high,random_forest-extended-v1-20260902,True,1,North Sikkim
88.612,27.641139,0.9651093968565763,high,random_forest-extended-v1-20260902,True,1,North Sikkim
88.607,27.652861,0.7020570844745168,high,random_forest-extended-v1-20260902,True,1,North Sikkim
88.602556,27.662444,0.7562267708642184,high,random_forest-extended-v1-20260902,True,1,North Sikkim
88.733417,27.675778,0.7847269450027098,high,random_forest-extended-v1-20260902,True,1,North Sikkim
88.597194,27.676722,0.6501770337767997,high,random_forest-extended-v1-20260902,True,1,North Sikkim
88.73875,27.686389,0.5929751139064031,moderate,random_forest-extended-v1-20260902,True,1,North Sikkim
88.57025,27.697139,0.6857861375748461,high,random_forest-extended-v1-20260902,True,1,North Sikkim
88.566083,27.700444,0.6898677398765232,high,random_forest-extended-v1-20260902,True,1,North Sikkim
88.565083,27.701333,0.6163419419133229,high,random_forest-extended-v1-20260902,True,1,North Sikkim
88.562306,27.703917,0.6685730718728797,high,random_forest-extended-v1-20260902,True,1,North Sikkim
88.56175,27.704028,0.9559341275216282,high,random_forest-extended-v1-20260902,True,1,North Sikkim
88.560694,27.704306,0.7896122834853377,high,random_forest-extended-v1-20260902,True,1,North Sikkim
88.557361,27.713944,0.8032946691809004,high,random_forest-extended-v1-20260902,True,1,North Sikkim
88.550472,27.723611,0.6620222273571006,high,random_forest-extended-v1-20260902,True,1,North Sikkim
88.552861,27.724222,0.8251947155877526,high,random_forest-extended-v1-20260902,True,1,North Sikkim
88.54975,27.726083,0.5807228871394917,moderate,random_forest-extended-v1-20260902,True,1,North Sikkim
88.551667,27.728472,0.5474689686880557,moderate,random_forest-extended-v1-20260902,True,1,North Sikkim
88.54925,27.735278,0.767176527100224,high,random_forest-extended-v1-20260902,True,1,North Sikkim
88.54525,27.74075,0.9378563314680283,high,random_forest-extended-v1-20260902,True,1,North Sikkim
88.545361,27.740944,0.7207615190148221,high,random_forest-extended-v1-20260902,True,1,North Sikkim
88.544278,27.745194,0.7548797591198385,high,random_forest-extended-v1-20260902,True,1,North Sikkim
88.542972,27.749111,0.7533668490601915,high,random_forest-extended-v1-20260902,True,1,North Sikkim
88.56238889,27.18822222,0.46078816120559907,moderate,random_forest-extended-v1-20260902,True,1,East Sikkim
88.53313889,27.179,0.8261822850526259,high,random_forest-extended-v1-20260902,True,1,East Sikkim
88.52341,27.46166,0.5566925704585052,moderate,random_forest-extended-v1-20260902,True,1,North Sikkim
88.50902,27.33208,0.22413704921396052,low,random_forest-extended-v1-20260902,True,1,East Sikkim
88.49797222,27.53533333,0.5427114400663822,moderate,random_forest-extended-v1-20260902,True,1,North Sikkim
88.60666667,27.31583333,0.9478198551919749,high,random_forest-extended-v1-20260902,True,1,East Sikkim
88.67361111,27.37027778,0.8040980674366839,high,random_forest-extended-v1-20260902,True,1,East Sikkim
88.57090278,27.28081944,0.6652345289582764,high,random_forest-extended-v1-20260902,True,1,East Sikkim
88.55038889,27.25941667,0.5434436501138592,moderate,random_forest-extended-v1-20260902,True,1,East Sikkim
88.23727778,27.36473056,0.615272410342433,high,random_forest-extended-v1-20260902,True,1,West District
88.60911111,27.33825,0.6780469453350468,high,random_forest-extended-v1-20260902,True,1,East Sikkim
88.57783333,27.27352778,0.6238314474080451,high,random_forest-extended-v1-20260902,True,1,East Sikkim
88.64063333,27.38107778,0.6331305585405596,high,random_forest-extended-v1-20260902,True,1,East Sikkim (Near Kaabi)
88.62358333,27.39866667,0.7282315698026008,high,random_forest-extended-v1-20260902,True,1,North Sikkim
88.62566667,27.39838889,0.6701856433140134,high,random_forest-extended-v1-20260902,True,1,North Sikkim
88.63527778,27.39305556,0.7916420387101164,high,random_forest-extended-v1-20260902,True,1,North Sikkim
88.60377778,27.25352778,0.6194829496908977,high,random_forest-extended-v1-20260902,True,1,East Sikkim
88.56929167,27.5401,0.6515960976242581,high,random_forest-extended-v1-20260902,True,1,North Sikkim
88.62179722,27.55314167,0.7435845878602846,high,random_forest-extended-v1-20260902,True,1,North Sikkim
88.57530833,27.54975833,0.6125541058728363,high,random_forest-extended-v1-20260902,True,1,North Sikkim
88.60807778,27.54810833,0.5807600210368763,moderate,random_forest-extended-v1-20260902,True,1,North Sikkim
88.58208333,27.55236944,0.7478948117859842,high,random_forest-extended-v1-20260902,True,1,North Sikkim
88.62083333,27.36388889,0.5451503781798827,moderate,random_forest-extended-v1-20260902,True,1,East Sikkim
88.5025,27.23166667,0.6792407184782187,high,random_forest-extended-v1-20260902,True,1,East Sikkim
88.55002778,27.27458333,0.44179930245074994,moderate,random_forest-extended-v1-20260902,True,1,East Sikkim
88.61833333,27.35694444,0.9604018238768761,high,random_forest-extended-v1-20260902,True,1,East Sikkim
88.46166667,27.25858333,0.6535670856317924,high,random_forest-extended-v1-20260902,True,1,East Sikkim
88.60990556,27.33941667,0.8174861538312189,high,random_forest-extended-v1-20260902,True,1,East Sikkim
88.4859279,27.3699335,0.560372936349371,moderate,random_forest-extended-v1-20260902,True,1,East Sikkim
88.37748333,27.28955556,0.49357391013201524,moderate,random_forest-extended-v1-20260902,True,1,South Sikkim
88.53194444,27.25333333,0.63658332521184,high,random_forest-extended-v1-20260902,True,1,East Sikkim
88.60722222,27.34222222,0.8960429125151673,high,random_forest-extended-v1-20260902,True,1,East Sikkim
88.62027778,27.35861111,0.5797057330426134,moderate,random_forest-extended-v1-20260902,True,1,East Sikkim
88.5489504,27.2533846,0.5905106223739065,moderate,random_forest-extended-v1-20260902,True,1,East Sikkim
88.55347222,27.28666667,0.5753951000436187,moderate,random_forest-extended-v1-20260902,True,1,East Sikkim
88.60666667,27.24722222,0.9383422544149155,high,random_forest-extended-v1-20260902,True,1,East Sikkim
88.38358056,27.17054167,0.5793994828160768,moderate,random_forest-extended-v1-20260902,True,1,South Sikkim
88.53383333,27.26066667,0.5773572672285382,moderate,random_forest-extended-v1-20260902,True,1,East Sikkim
88.45861111,27.31663889,0.22518762805540934,low,random_forest-extended-v1-20260902,True,1,East Sikkim
88.49083333,27.23444444,0.7635669153240087,high,random_forest-extended-v1-20260902,True,1,East Sikkim
88.61016667,27.32663889,0.9633371876371588,high,random_forest-extended-v1-20260902,True,1,East Sikkim
88.61666667,27.35333333,0.915591204609479,high,random_forest-extended-v1-20260902,True,1,East Sikkim
88.62055556,27.33972222,0.6011466259508443,high,random_forest-extended-v1-20260902,True,1,East Sikkim
88.61611111,27.37055556,0.6817179564826314,high,random_forest-extended-v1-20260902,True,1,East Sikkim
88.62361111,27.39472222,0.274031046853941,low,random_forest-extended-v1-20260902,True,1,North Sikkim
88.4704442,27.3250091,0.5769077978860182,moderate,random_forest-extended-v1-20260902,True,1,South Sikkim
88.52777778,27.25252778,0.5917057838166329,moderate,random_forest-extended-v1-20260902,True,1,East Sikkim
88.62111111,27.35805556,0.5610355476778702,moderate,random_forest-extended-v1-20260902,True,1,East Sikkim
88.66131389,27.61936111,0.6756065903539418,high,random_forest-extended-v1-20260902,True,1,North Sikkim
88.46280278,27.25061389,0.9127621185912382,high,random_forest-extended-v1-20260902,True,1,East Sikkim
88.56659722,27.69920278,0.6144658530691497,high,random_forest-extended-v1-20260902,True,1,North Sikkim
88.60777778,27.32888889,0.701316868133535,high,random_forest-extended-v1-20260902,True,1,East Sikkim
88.7379,27.68445278,0.7502773327422069,high,random_forest-extended-v1-20260902,True,1,North Sikkim
88.735475,27.22122778,0.5672693129003604,moderate,random_forest-extended-v1-20260902,True,1,East Sikkim
88.63883333,27.38155556,0.40145046142488405,low,random_forest-extended-v1-20260902,True,1,East Sikkim
88.60986944,27.32320833,0.9545419426141931,high,random_forest-extended-v1-20260902,True,1,East Sikkim
88.24483889,27.12344167,0.7002870371271623,high,random_forest-extended-v1-20260902,True,1,South Sikkim
88.61273333,27.34027222,0.43023230298714,moderate,random_forest-extended-v1-20260902,True,1,East Sikkim
88.62802778,27.19558889,0.5949280217169728,moderate,random_forest-extended-v1-20260902,True,1,East Sikkim
88.75722222,27.236,0.36580017814996924,low,random_forest-extended-v1-20260902,True,1,East Sikkim
88.65547222,27.20258333,0.5444287461559257,moderate,random_forest-extended-v1-20260902,True,1,East Sikkim
88.5535,27.28577778,0.5159043102088344,moderate,random_forest-extended-v1-20260902,True,1,East Sikkim
88.57758889,27.51473889,0.43989370444209414,moderate,random_forest-extended-v1-20260902,True,1,North Sikkim
88.57932222,27.55704444,0.5946088966252813,moderate,random_forest-extended-v1-20260902,True,1,North Sikkim
88.48930556,27.20683333,0.6349035090628684,high,random_forest-extended-v1-20260902,True,1,East Sikkim
88.51481944,27.16993889,0.5286587715710814,moderate,random_forest-extended-v1-20260902,True,1,South Sikkim
88.60811111,27.25225,0.6598263865215205,high,random_forest-extended-v1-20260902,True,1,East Sikkim
88.5975,27.24777778,0.776604797630071,high,random_forest-extended-v1-20260902,True,1,East Sikkim
88.52861111,27.47888889,0.4414474972314731,moderate,random_forest-extended-v1-20260902,True,1,North Sikkim
88.30139,27.28847,0.6169026291362268,high,random_forest-extended-v1-20260902,True,1,Namchi
88.54141667,27.2535,0.42391302778697093,moderate,random_forest-extended-v1-20260902,True,1,Gangtok District
88.3916,27.30140833,0.7558241767538484,high,random_forest-extended-v1-20260902,True,1,Namchi
88.28128889,27.14871944,0.9239260127932526,high,random_forest-extended-v1-20260902,True,1,Soreng
88.32275,27.11955556,0.8856907953422464,high,random_forest-extended-v1-20260902,True,1,Namchi
88.325507,27.190191,0.6500665904638663,high,random_forest-extended-v1-20260902,True,1,Soreng
88.59544444,27.32633333,0.7677633779656584,high,random_forest-extended-v1-20260902,True,1,Gangtok District
88.32455556,27.11236111,0.7320251154578308,high,random_forest-extended-v1-20260902,True,1,Namchi
88.61671944,27.37211111,0.35276630290648286,low,random_forest-extended-v1-20260902,True,1,East Sikkim
88.58952778,27.28119444,0.5060737852514847,moderate,random_forest-extended-v1-20260902,True,1,East Sikkim
88.60191667,27.24883333,0.32920488325425823,low,random_forest-extended-v1-20260902,True,1,Pakyong
88.60833333,27.21391667,0.9114487245747637,high,random_forest-extended-v1-20260902,True,1,Pakyong
88.6043,27.2536,0.6827033362446283,high,random_forest-extended-v1-20260902,True,1,Pakyong
88.52236944,27.39336667,0.6102572880268633,high,random_forest-extended-v1-20260902,True,1,Gangtok District
88.53144444,27.25066667,0.5409986394430484,moderate,random_forest-extended-v1-20260902,True,1,East Sikkim
88.19047222,27.26352778,0.5234128778642654,moderate,random_forest-extended-v1-20260902,True,1,Gyalshing
88.47055556,27.24297222,0.5703285278644062,moderate,random_forest-extended-v1-20260902,True,1,East Sikkim
88.32696111,27.19950556,0.5948464320278056,moderate,random_forest-extended-v1-20260902,True,1,Geyzing
88.48812389,27.238515,0.7237960365855328,high,random_forest-extended-v1-20260902,True,1,East Sikkim
88.276598,27.13689,0.7874199323992485,high,random_forest-extended-v1-20260902,True,1,Soreng
88.3825,27.09725,0.8057222989378743,high,random_forest-extended-v1-20260902,True,1,Namchi
88.52165833,27.17748333,0.705904218531983,high,random_forest-extended-v1-20260902,True,1,Pakyong
88.35308056,27.10570556,0.5337725818324747,moderate,random_forest-extended-v1-20260902,True,1,Namchi
88.61596667,27.36552778,0.6024594561044821,high,random_forest-extended-v1-20260902,True,1,Gangtok District
88.62675,27.54308333,0.30327679236914795,low,random_forest-extended-v1-20260902,True,1,Mangan
88.51868056,27.40251944,0.6600213545033298,high,random_forest-extended-v1-20260902,True,1,Mangan
88.12502778,27.27872778,0.6869131759382973,high,random_forest-extended-v1-20260902,True,1,Namchi
88.4606,27.2525,0.39775670917573186,low,random_forest-extended-v1-20260902,True,1,Gangtok District
88.476747,27.248882,0.6025994161124075,high,random_forest-extended-v1-20260902,True,1,Gangtok District
88.6087,27.4432,0.636248632896654,high,random_forest-extended-v1-20260902,True,1,Mangan
88.152281,27.327977,0.48471634094832844,moderate,random_forest-extended-v1-20260902,True,1,Gyalshing
88.541022,27.372611,0.6001531492807394,high,random_forest-extended-v1-20260902,True,1,Gangtok District
88.609377,27.33787,0.9568734307944321,high,random_forest-extended-v1-20260902,True,1,Gangtok District
88.22,27.29166667,0.6118350034452162,high,random_forest-extended-v1-20260902,True,1,West district
88.23277778,27.28777778,0.49331157556833194,moderate,random_forest-extended-v1-20260902,True,1,West district
88.71438889,27.26063889,0.3687820721880853,low,random_forest-extended-v1-20260902,True,1,East Sikkim
88.72697222,27.26616667,0.5438989841889834,moderate,random_forest-extended-v1-20260902,True,1,East Sikkim
88.72252778,27.26544444,0.5741733927811798,moderate,random_forest-extended-v1-20260902,True,1,East Sikkim
88.54505556,27.37441667,0.6127260456567019,high,random_forest-extended-v1-20260902,True,1,East Sikkim
88.54466667,27.36977778,0.6498469580036248,high,random_forest-extended-v1-20260902,True,1,East Sikkim
88.65394444,27.59027778,0.5620987228161706,moderate,random_forest-extended-v1-20260902,True,1,North Sikkim
88.65402778,27.57502778,0.6422563293600357,high,random_forest-extended-v1-20260902,True,1,North Sikkim
88.65452778,27.56111111,0.6473363646746079,high,random_forest-extended-v1-20260902,True,1,North Sikkim
88.59972222,27.52838889,0.7024407695526789,high,random_forest-extended-v1-20260902,True,1,North Sikkim
88.65272222,27.56941667,0.4335520307358642,moderate,random_forest-extended-v1-20260902,True,1,North Sikkim
88.56313889,27.51491667,0.513866308313425,moderate,random_forest-extended-v1-20260902,True,1,North Sikkim
88.56777778,27.51444444,0.3639801637760972,low,random_forest-extended-v1-20260902,True,1,North Sikkim
88.460004,27.25102,0.6239038411812785,high,random_forest-extended-v1-20260902,True,1,South Sikkim
88.76886419789132,27.243915497800945,0.40321409863498897,low,random_forest-extended-v1-20260902,True,0,East Sikkim
88.62072069598003,27.22333768063993,0.22122045334252557,low,random_forest-extended-v1-20260902,True,0,East Sikkim
88.80722784499295,27.30686689693817,0.2437658701461741,low,random_forest-extended-v1-20260902,True,0,East Sikkim
88.46902270749658,27.251682942677537,0.4938522981346779,moderate,random_forest-extended-v1-20260902,True,0,East Sikkim
88.48316227800194,27.188593677490687,0.261080944964642,low,random_forest-extended-v1-20260902,True,0,East Sikkim
88.62604644382387,27.24048425055892,0.2084242121120539,low,random_forest-extended-v1-20260902,True,0,East Sikkim
88.59100722784463,27.245894952767152,0.39419916925685433,low,random_forest-extended-v1-20260902,True,0,East Sikkim
88.62280873163363,27.22934220866328,0.6091372761498012,high,random_forest-extended-v1-20260902,True,0,East Sikkim
88.67142186922328,27.20035937122783,0.2646581785710247,low,random_forest-extended-v1-20260902,True,0,East Sikkim
88.70830054458088,27.38879408819069,0.584134193664099,moderate,random_forest-extended-v1-20260902,True,0,East Sikkim
88.58302380607269,27.189085753125006,0.2581033132359368,low,random_forest-extended-v1-20260902,True,0,East Sikkim
88.51274860994786,27.206856746583192,0.42140024063192155,low,random_forest-extended-v1-20260902,True,0,East Sikkim
88.44707403017713,27.27335164107459,0.2922531820986432,low,random_forest-extended-v1-20260902,True,0,East Sikkim
88.57057711635322,27.204145196918184,0.25056394208580324,low,random_forest-extended-v1-20260902,True,0,East Sikkim
88.5904396289686,27.216466805677232,0.1705827545228079,low,random_forest-extended-v1-20260902,True,0,East Sikkim
88.63618619578972,27.35521742166362,0.14164553884821635,low,random_forest-extended-v1-20260902,True,0,East Sikkim
88.73594218519004,27.21761136202095,0.5403187746542255,moderate,random_forest-extended-v1-20260902,True,0,East Sikkim
88.56588772239652,27.293231676749773,0.29785570440915843,low,random_forest-extended-v1-20260902,True,0,East Sikkim
88.78459224837623,27.37739757725569,0.2747986317872283,low,random_forest-extended-v1-20260902,True,0,East Sikkim
88.59931064221152,27.31177568637436,0.2478957634866866,low,random_forest-extended-v1-20260902,True,0,East Sikkim
88.55523432118062,27.290229155938903,0.19743674083244941,low,random_forest-extended-v1-20260902,True,0,East Sikkim
88.51467573711851,27.177461374483684,0.26583614468061867,low,random_forest-extended-v1-20260902,True,0,East Sikkim
88.73806458404435,27.215086065711457,0.5985671156703544,high,random_forest-extended-v1-20260902,True,0,East Sikkim
88.77174224974273,27.23695228411838,0.39854571364633806,low,random_forest-extended-v1-20260902,True,0,East Sikkim
88.62992874570124,27.248632010610983,0.5019117003314164,moderate,random_forest-extended-v1-20260902,True,0,East Sikkim
88.67996445024141,27.353278579130677,0.17239505136187203,low,random_forest-extended-v1-20260902,True,0,East Sikkim
88.49058847150137,27.35908496654352,0.18016666074730286,low,random_forest-extended-v1-20260902,True,0,East Sikkim
88.47721159308526,27.19164098015746,0.2528558002553069,low,random_forest-extended-v1-20260902,True,0,East Sikkim
88.70685331105271,27.20613802482664,0.4131113958221318,low,random_forest-extended-v1-20260902,True,0,East Sikkim
88.67365456710571,27.378974376410152,0.15443848971312546,low,random_forest-extended-v1-20260902,True,0,East Sikkim
88.67317673017266,27.18134314120275,0.23064475505506118,low,random_forest-extended-v1-20260902,True,0,East Sikkim
88.44122222690257,27.264038436810058,0.5540552116391743,moderate,random_forest-extended-v1-20260902,True,0,East Sikkim
88.61945096926374,27.20146212181792,0.20177880063939213,low,random_forest-extended-v1-20260902,True,0,East Sikkim
88.52336604510728,27.340327159299274,0.18052621061882454,low,random_forest-extended-v1-20260902,True,0,East Sikkim
88.60960728309664,27.381166885646945,0.32903167553532936,low,random_forest-extended-v1-20260902,True,0,East Sikkim
88.80621205898225,27.38564626986494,0.2588894582487816,low,random_forest-extended-v1-20260902,True,0,East Sikkim
88.55096102589997,27.203169511506157,0.3065910933143535,low,random_forest-extended-v1-20260902,True,0,East Sikkim
88.55633092474838,27.202040269090038,0.334773083293916,low,random_forest-extended-v1-20260902,True,0,East Sikkim
88.77557624125757,27.39001405784432,0.5025733956976353,moderate,random_forest-extended-v1-20260902,True,0,East Sikkim
88.60723457003314,27.28232121990552,0.1706754710363274,low,random_forest-extended-v1-20260902,True,0,East Sikkim
88.46729954001691,27.259234679838283,0.4971410349159015,moderate,random_forest-extended-v1-20260902,True,0,East Sikkim
88.62494392564935,27.29300773698736,0.4799680838737629,moderate,random_forest-extended-v1-20260902,True,0,East Sikkim
88.55985760060163,27.20448667297476,0.13881261123453087,low,random_forest-extended-v1-20260902,True,0,East Sikkim
88.47919318080262,27.225615161835652,0.1341742642606711,low,random_forest-extended-v1-20260902,True,0,East Sikkim
88.8528173912655,27.306088663318416,0.31318012284553737,low,random_forest-extended-v1-20260902,True,0,East Sikkim
88.54527919042465,27.28723454791866,0.6792629903678291,high,random_forest-extended-v1-20260902,True,0,East Sikkim
88.74565398200849,27.369745078976912,0.3619635741754571,low,random_forest-extended-v1-20260902,True,0,East Sikkim
88.62716794565945,27.3484516092818,0.3888000920018892,low,random_forest-extended-v1-20260902,True,0,East Sikkim
88.5478320525158,27.268500329154616,0.4917478832714926,moderate,random_forest-extended-v1-20260902,True,0,East Sikkim
88.82816692574649,27.39901670381567,0.2807442746812029,low,random_forest-extended-v1-20260902,True,0,East Sikkim
88.62826993540878,27.22984458469397,0.5620941820190345,moderate,random_forest-extended-v1-20260902,True,0,East Sikkim
88.51531738511805,27.144797156497223,0.21256404730596087,low,random_forest-extended-v1-20260902,True,0,East Sikkim
88.56218649878507,27.23089859114001,0.2288238137241831,low,random_forest-extended-v1-20260902,True,0,East Sikkim
88.62032876978176,27.402510303856197,0.5658992604159404,moderate,random_forest-extended-v1-20260902,True,0,East Sikkim
88.61038150361135,27.21212676899668,0.3022758771549652,low,random_forest-extended-v1-20260902,True,0,East Sikkim
88.6456360002734,27.264273635273177,0.11955108958040936,low,random_forest-extended-v1-20260902,True,0,East Sikkim
88.57184432811664,27.16756255420541,0.2879098156735499,low,random_forest-extended-v1-20260902,True,0,East Sikkim
88.49022400323803,27.17535704547332,0.1759524007611369,low,random_forest-extended-v1-20260902,True,0,East Sikkim
88.4739658634339,27.317754816088385,0.414176213173207,low,random_forest-extended-v1-20260902,True,0,East Sikkim
88.68666698779272,27.24442553382621,0.5057587130591222,moderate,random_forest-extended-v1-20260902,True,0,East Sikkim
88.58073125974144,27.265862713739164,0.40266603457882366,low,random_forest-extended-v1-20260902,True,0,East Sikkim
88.43825765033256,27.30847020711813,0.5272412055709612,moderate,random_forest-extended-v1-20260902,True,0,East Sikkim
88.77249324270213,27.22848650038352,0.5634804642509101,moderate,random_forest-extended-v1-20260902,True,0,East Sikkim
88.64335953268483,27.329439974051805,0.3615656405024667,low,random_forest-extended-v1-20260902,True,0,East Sikkim
88.63848047650872,27.39302494299614,0.4211916018671922,low,random_forest-extended-v1-20260902,True,0,East Sikkim
88.54666193753499,27.351738309093797,0.37365908321503233,low,random_forest-extended-v1-20260902,True,0,East Sikkim
88.65773052238418,27.285806824399994,0.3782663868514256,low,random_forest-extended-v1-20260902,True,0,East Sikkim
88.62220128709673,27.32432444590309,0.5716011239882083,moderate,random_forest-extended-v1-20260902,True,0,East Sikkim
88.79458661205953,27.407414334622224,0.15676264421044542,low,random_forest-extended-v1-20260902,True,0,East Sikkim
88.49065385665325,27.349055935687183,0.21866722210316786,low,random_forest-extended-v1-20260902,True,0,East Sikkim
88.67188578478951,27.247629053270675,0.6555771838616533,high,random_forest-extended-v1-20260902,True,0,East Sikkim
88.55196547634974,27.280359307466306,0.564072280899826,moderate,random_forest-extended-v1-20260902,True,0,East Sikkim
88.47474641411837,27.231834479140037,0.2029609042195958,low,random_forest-extended-v1-20260902,True,0,East Sikkim
88.52916980312466,27.260198262331315,0.2176441778528584,low,random_forest-extended-v1-20260902,True,0,East Sikkim
88.59221684307518,27.32689004217236,0.2079724113520084,low,random_forest-extended-v1-20260902,True,0,East Sikkim
88.55495765398781,27.1881321126673,0.5554974059065346,moderate,random_forest-extended-v1-20260902,True,0,East Sikkim
88.65633829891712,27.35893491899824,0.5315731343994703,moderate,random_forest-extended-v1-20260902,True,0,East Sikkim
88.5422555066154,27.384682166712807,0.2639253225265504,low,random_forest-extended-v1-20260902,True,0,East Sikkim
88.5011286240576,27.328004908313822,0.22201487343975232,low,random_forest-extended-v1-20260902,True,0,East Sikkim
88.6188643955569,27.210326983810297,0.549918505368851,moderate,random_forest-extended-v1-20260902,True,0,East Sikkim
88.82289988561571,27.396022276089,0.2546104548982206,low,random_forest-extended-v1-20260902,True,0,East Sikkim
88.6569768497571,27.28897601616195,0.5890622803991119,moderate,random_forest-extended-v1-20260902,True,0,East Sikkim
88.56807866622849,27.337208659587667,0.4464264076186191,moderate,random_forest-extended-v1-20260902,True,0,East Sikkim
88.46999403059039,27.31578023804371,0.1865600711743779,low,random_forest-extended-v1-20260902,True,0,East Sikkim
88.53491577864112,27.332846720129734,0.4223786773412402,low,random_forest-extended-v1-20260902,True,0,East Sikkim
88.4969547913445,27.389465539327023,0.20188265111448606,low,random_forest-extended-v1-20260902,True,0,East Sikkim
88.50737066228173,27.310862907031456,0.2527430539093365,low,random_forest-extended-v1-20260902,True,0,East Sikkim
88.69207403406497,27.25947682238191,0.3513061442197788,low,random_forest-extended-v1-20260902,True,0,East Sikkim
88.81585459472613,27.40370249415417,0.3301934164363139,low,random_forest-extended-v1-20260902,True,0,East Sikkim
88.56402931951592,27.224895818674756,0.4700283361965949,moderate,random_forest-extended-v1-20260902,True,0,East Sikkim
88.49066409706,27.22922087715552,0.505892391273726,moderate,random_forest-extended-v1-20260902,True,0,East Sikkim
88.7284431434588,27.37737137459885,0.39017957651500623,low,random_forest-extended-v1-20260902,True,0,East Sikkim
88.65233843699181,27.349156637419718,0.5410063852348271,moderate,random_forest-extended-v1-20260902,True,0,East Sikkim
88.51590195317316,27.272360906324437,0.3807265464501715,low,random_forest-extended-v1-20260902,True,0,East Sikkim
88.78246433516112,27.26206120736845,0.30135177430374777,low,random_forest-extended-v1-20260902,True,0,East Sikkim
88.48482402089364,27.216009903643204,0.2301473965225518,low,random_forest-extended-v1-20260902,True,0,East Sikkim
88.48147887569557,27.20670738564039,0.5497442407089771,moderate,random_forest-extended-v1-20260902,True,0,East Sikkim
88.83755518387734,27.299721884611586,0.14545173738825384,low,random_forest-extended-v1-20260902,True,0,East Sikkim
88.60288941094527,27.250463613876175,0.3711926996620292,low,random_forest-extended-v1-20260902,True,0,East Sikkim
88.6448134816432,27.3703027944232,0.3571547673881115,low,random_forest-extended-v1-20260902,True,0,East Sikkim
88.67433691211805,27.37680174729103,0.25877426802492454,low,random_forest-extended-v1-20260902,True,0,East Sikkim
88.47562458074033,27.359831530756487,0.22793607227172535,low,random_forest-extended-v1-20260902,True,0,East Sikkim
88.61230587163405,27.244452832389243,0.26342446053785423,low,random_forest-extended-v1-20260902,True,0,East Sikkim
88.68947602895476,27.185029051335096,0.5959356097505307,high,random_forest-extended-v1-20260902,True,0,East Sikkim
88.78240964113658,27.252090714489725,0.4153781528024959,low,random_forest-extended-v1-20260902,True,0,East Sikkim
88.63459506240841,27.312230434888026,0.5604589997932797,moderate,random_forest-extended-v1-20260902,True,0,East Sikkim
88.7761711104858,27.40331387261097,0.1322900585436935,low,random_forest-extended-v1-20260902,True,0,East Sikkim
88.6954671142159,27.3745777522565,0.3280493759757088,low,random_forest-extended-v1-20260902,True,0,East Sikkim
88.59262508125005,27.254584971805205,0.3607351312793995,low,random_forest-extended-v1-20260902,True,0,East Sikkim
88.61598619345665,27.29245028194281,0.5068103782316449,moderate,random_forest-extended-v1-20260902,True,0,East Sikkim
88.71551706797909,27.27602869253116,0.21623234718385576,low,random_forest-extended-v1-20260902,True,0,East Sikkim
88.47516850399539,27.34605934419741,0.20594391568135276,low,random_forest-extended-v1-20260902,True,0,East Sikkim
88.68932826406386,27.222288145115986,0.4810367130549611,moderate,random_forest-extended-v1-20260902,True,0,East Sikkim
88.4921704179846,27.26686763270384,0.24600691910417466,low,random_forest-extended-v1-20260902,True,0,East Sikkim
88.79137595324343,27.252561909075425,0.3576604356413268,low,random_forest-extended-v1-20260902,True,0,East Sikkim
88.50201450110282,27.36344022297207,0.24118880807961104,low,random_forest-extended-v1-20260902,True,0,East Sikkim
88.55483947996768,27.37609432325125,0.6720281690086579,high,random_forest-extended-v1-20260902,True,0,East Sikkim
88.49688524442544,27.37350128699168,0.36539472644245025,low,random_forest-extended-v1-20260902,True,0,East Sikkim
88.47845588127316,27.253813813294677,0.5055142301264904,moderate,random_forest-extended-v1-20260902,True,0,East Sikkim
88.50609376594991,27.367522745052984,0.20043352753789936,low,random_forest-extended-v1-20260902,True,0,East Sikkim
88.4513386141542,27.27620147218624,0.46033992614176467,moderate,random_forest-extended-v1-20260902,True,0,East Sikkim
88.64895434594683,27.173935712577364,0.1633926024066027,low,random_forest-extended-v1-20260902,True,0,East Sikkim
88.81410859364465,27.28458457383466,0.2702056329455342,low,random_forest-extended-v1-20260902,True,0,East Sikkim
88.53203636789031,27.259060591299136,0.4280759419590466,moderate,random_forest-extended-v1-20260902,True,0,East Sikkim
88.61216898928735,27.32214763492491,0.3496119484057314,low,random_forest-extended-v1-20260902,True,0,East Sikkim
88.65740186252792,27.171862115506936,0.25541285497924465,low,random_forest-extended-v1-20260902,True,0,East Sikkim
88.79715654906381,27.370518527615964,0.497003567089893,moderate,random_forest-extended-v1-20260902,True,0,East Sikkim
88.83749379171701,27.36883033958033,0.5085436637818881,moderate,random_forest-extended-v1-20260902,True,0,East Sikkim
88.71248289017231,27.349994803755465,0.17944383732780797,low,random_forest-extended-v1-20260902,True,0,East Sikkim
88.66314900610266,27.193225417914256,0.6442746961929199,high,random_forest-extended-v1-20260902,True,0,East Sikkim
88.65346901991914,27.190136774930924,0.5768260713727399,moderate,random_forest-extended-v1-20260902,True,0,East Sikkim
88.54408256065125,27.18159579914932,0.14807652581586683,low,random_forest-extended-v1-20260902,True,0,East Sikkim
88.49077733152698,27.37412282228953,0.23956640824813366,low,random_forest-extended-v1-20260902,True,0,East Sikkim
88.61389870358686,27.42232085863796,0.41331917834705867,low,random_forest-extended-v1-20260902,True,0,East Sikkim
88.52898372760201,27.170460656063568,0.1403964589923621,low,random_forest-extended-v1-20260902,True,0,East Sikkim
88.59065213992483,27.32277419177911,0.4782132700071771,moderate,random_forest-extended-v1-20260902,True,0,East Sikkim
88.58929364201364,27.26210024863454,0.5663852626137366,moderate,random_forest-extended-v1-20260902,True,0,East Sikkim
88.57189810727517,27.24575855873599,0.5954301870268871,high,random_forest-extended-v1-20260902,True,0,East Sikkim
88.56037834101204,27.388104198051565,0.5433173288561074,moderate,random_forest-extended-v1-20260902,True,0,East Sikkim
88.64072580485615,27.322946035910327,0.21826560989639787,low,random_forest-extended-v1-20260902,True,0,East Sikkim
88.57184783546818,27.214990448369413,0.49480454884365155,moderate,random_forest-extended-v1-20260902,True,0,East Sikkim
88.66514479607001,27.345962451767548,0.5683947030857078,moderate,random_forest-extended-v1-20260902,True,0,East Sikkim
88.78434572285752,27.37228955313344,0.22989087930619553,low,random_forest-extended-v1-20260902,True,0,East Sikkim
88.51708456977784,27.27400290702369,0.2072101309337014,low,random_forest-extended-v1-20260902,True,0,East Sikkim
88.73332801296398,27.204522547555914,0.5550737953746012,moderate,random_forest-extended-v1-20260902,True,0,East Sikkim
88.48713319748664,27.354842082364065,0.4939896064278156,moderate,random_forest-extended-v1-20260902,True,0,East Sikkim
88.47002083672203,27.29673930296279,0.3356059073946183,low,random_forest-extended-v1-20260902,True,0,East Sikkim
88.74754092598535,27.24143938112513,0.5777995502454347,moderate,random_forest-extended-v1-20260902,True,0,East Sikkim
88.46421300199762,27.210708110087506,0.5808129826186887,moderate,random_forest-extended-v1-20260902,True,0,East Sikkim
88.48772508102856,27.22351467416384,0.49594957009141627,moderate,random_forest-extended-v1-20260902,True,0,East Sikkim
88.85126917006627,27.29306205706519,0.2879360086579649,low,random_forest-extended-v1-20260902,True,0,East Sikkim
88.54023615339015,27.321190988347883,0.2047735762761704,low,random_forest-extended-v1-20260902,True,0,East Sikkim
88.68675329124524,27.17894869954653,0.298679494404253,low,random_forest-extended-v1-20260902,True,0,East Sikkim
88.69959599091582,27.26709363647561,0.5368128161707992,moderate,random_forest-extended-v1-20260902,True,0,East Sikkim
88.63222807976778,27.192400372913788,0.485068439873328,moderate,random_forest-extended-v1-20260902,True,0,East Sikkim
88.64376232862782,27.19194379004629,0.5423744190586837,moderate,random_forest-extended-v1-20260902,True,0,East Sikkim
88.48035206636114,27.255591914289397,0.3852264365360301,low,random_forest-extended-v1-20260902,True,0,East Sikkim
88.47822663181282,27.18254019225081,0.33929886734130826,low,random_forest-extended-v1-20260902,True,0,East Sikkim
88.76886668653279,27.233879218909937,0.43489497021057616,moderate,random_forest-extended-v1-20260902,True,0,East Sikkim
88.57445966838684,27.235195907195365,0.2365062144459596,low,random_forest-extended-v1-20260902,True,0,East Sikkim
88.54600061298572,27.190477472718413,0.18234840935868074,low,random_forest-extended-v1-20260902,True,0,East Sikkim
88.59018023924642,27.392362486952987,0.1648357641806066,low,random_forest-extended-v1-20260902,True,0,East Sikkim
88.49578717326449,27.15974164720181,0.39571371492261687,low,random_forest-extended-v1-20260902,True,0,East Sikkim
88.6215823053436,27.312352611529757,0.3657059460324614,low,random_forest-extended-v1-20260902,True,0,East Sikkim
88.67298476555453,27.35166054471805,0.37872290413693044,low,random_forest-extended-v1-20260902,True,0,East Sikkim
88.8424860951434,27.36894495284613,0.17502087227612328,low,random_forest-extended-v1-20260902,True,0,East Sikkim
88.74374794738138,27.223283594469443,0.41327753981121146,low,random_forest-extended-v1-20260902,True,0,East Sikkim
88.62779625324245,27.24150884913626,0.36041958000496377,low,random_forest-extended-v1-20260902,True,0,East Sikkim
88.55851287783813,27.30275325835727,0.15847243015831783,low,random_forest-extended-v1-20260902,True,0,East Sikkim
88.62224450120875,27.223898793760497,0.40602511284801057,low,random_forest-extended-v1-20260902,True,0,East Sikkim
88.55979342417987,27.18671483798552,0.282655109605493,low,random_forest-extended-v1-20260902,True,0,East Sikkim
88.77432265722501,27.38355756631505,0.27679049848641807,low,random_forest-extended-v1-20260902,True,0,East Sikkim
88.47696957673514,27.30499531055817,0.12356872095450833,low,random_forest-extended-v1-20260902,True,0,East Sikkim
88.72108751724011,27.243581254735897,0.5005263704552434,moderate,random_forest-extended-v1-20260902,True,0,East Sikkim
88.46753702481101,27.264116737733943,0.5698197136258669,moderate,random_forest-extended-v1-20260902,True,0,East Sikkim
88.82399430144129,27.294558066616744,0.4964778115730848,moderate,random_forest-extended-v1-20260902,True,0,East Sikkim
88.44046551076363,27.26758995948813,0.6129102841897164,high,random_forest-extended-v1-20260902,True,0,East Sikkim
88.4501849417696,27.24593989859077,0.3949643515187167,low,random_forest-extended-v1-20260902,True,0,East Sikkim
88.69393167945374,27.19147885234328,0.5357665098792281,moderate,random_forest-extended-v1-20260902,True,0,East Sikkim
88.53413438966118,27.353631019796797,0.3045594420666694,low,random_forest-extended-v1-20260902,True,0,East Sikkim
88.78330209753085,27.40162404990242,0.204376590515171,low,random_forest-extended-v1-20260902,True,0,East Sikkim
88.83771375499242,27.303107412797072,0.13661784924625334,low,random_forest-extended-v1-20260902,True,0,East Sikkim
88.79974046903666,27.406750652479705,0.30832181316353907,low,random_forest-extended-v1-20260902,True,0,East Sikkim
88.4451211135872,27.246996247010728,0.20643915930096252,low,random_forest-extended-v1-20260902,True,0,East Sikkim
88.54729122923618,27.27670210341486,0.3856453985554838,low,random_forest-extended-v1-20260902,True,0,East Sikkim
88.45121462764088,27.22862909999836,0.4046824236723343,low,random_forest-extended-v1-20260902,True,0,East Sikkim
88.44601703749375,27.241230971811447,0.3158503562700491,low,random_forest-extended-v1-20260902,True,0,East Sikkim
88.81829296328107,27.293786006580177,0.32406246496963487,low,random_forest-extended-v1-20260902,True,0,East Sikkim
88.50286869669331,27.177670282460756,0.41841407674979053,low,random_forest-extended-v1-20260902,True,0,East Sikkim
88.46936577425856,27.360067048328915,0.3056494570459083,low,random_forest-extended-v1-20260902,True,0,East Sikkim
88.50879816472654,27.27717385439478,0.6366002660675265,high,random_forest-extended-v1-20260902,True,0,East Sikkim
88.63220315605663,27.41470806636521,0.6315995687487049,high,random_forest-extended-v1-20260902,True,0,East Sikkim
88.71028027242885,27.381245456174383,0.4274611120072668,moderate,random_forest-extended-v1-20260902,True,0,East Sikkim
88.67903531600614,27.18367837258828,0.25622312351390897,low,random_forest-extended-v1-20260902,True,0,East Sikkim
88.8471381934449,27.386168790123406,0.28689146650278174,low,random_forest-extended-v1-20260902,True,0,East Sikkim
88.56028361822734,27.240420051211903,0.5227841057236996,moderate,random_forest-extended-v1-20260902,True,0,East Sikkim
88.73806175804629,27.3676634993516,0.3530710636205546,low,random_forest-extended-v1-20260902,True,0,East Sikkim
88.71424017906665,27.27041368894383,0.3485027765854006,low,random_forest-extended-v1-20260902,True,0,East Sikkim
88.60580165465159,27.254874147282944,0.3965067000312905,low,random_forest-extended-v1-20260902,True,0,East Sikkim
88.63650684877231,27.23822247535013,0.5314163684884986,moderate,random_forest-extended-v1-20260902,True,0,East Sikkim
88.480104295284,27.25407888154265,0.5629897067167293,moderate,random_forest-extended-v1-20260902,True,0,East Sikkim
88.48549228099998,27.16535336211913,0.35320152950864253,low,random_forest-extended-v1-20260902,True,0,East Sikkim
88.55175012425497,27.36505537437677,0.6597404820581182,high,random_forest-extended-v1-20260902,True,0,East Sikkim
88.56368994176106,27.377653857819222,0.23904603135321742,low,random_forest-extended-v1-20260902,True,0,East Sikkim
88.61573119636543,27.21310252177528,0.16006782196688765,low,random_forest-extended-v1-20260902,True,0,East Sikkim
88.69656430891771,27.217895316678987,0.3792069918257388,low,random_forest-extended-v1-20260902,True,0,East Sikkim
88.70957957168608,27.38679263672542,0.5448277685704831,moderate,random_forest-extended-v1-20260902,True,0,East Sikkim
88.60830400807714,27.283137410645363,0.2418692197792205,low,random_forest-extended-v1-20260902,True,0,East Sikkim
88.52371194211317,27.267258689688763,0.15183741647071747,low,random_forest-extended-v1-20260902,True,0,East Sikkim
88.4443730040124,27.3287459123525,0.31121740981639295,low,random_forest-extended-v1-20260902,True,0,East Sikkim
88.61193384421077,27.240507589985604,0.4138822762786577,low,random_forest-extended-v1-20260902,True,0,East Sikkim
88.63757103593181,27.31191298614449,0.3969666307437519,low,random_forest-extended-v1-20260902,True,0,East Sikkim
88.56671854476488,27.23136279626667,0.28769340848128155,low,random_forest-extended-v1-20260902,True,0,East Sikkim
88.61779792491835,27.248813956901543,0.4199171815946826,low,random_forest-extended-v1-20260902,True,0,East Sikkim
88.82077201856781,27.38451889690543,0.4644650735112815,moderate,random_forest-extended-v1-20260902,True,0,East Sikkim
88.64976259371262,27.25556196575847,0.4074318737856326,low,random_forest-extended-v1-20260902,True,0,East Sikkim
88.65711415919534,27.25608262886342,0.35596250472001184,low,random_forest-extended-v1-20260902,True,0,East Sikkim
88.56673146227556,27.2878002727358,0.1966225536748163,low,random_forest-extended-v1-20260902,True,0,East Sikkim
88.46041339260617,27.339681487936776,0.2262135680660546,low,random_forest-extended-v1-20260902,True,0,East Sikkim
88.63014916700205,27.360422674642525,0.5119690795015572,moderate,random_forest-extended-v1-20260902,True,0,East Sikkim (Near Kaabi)
88.60893096784129,27.344511748685253,0.2594856193608965,low,random_forest-extended-v1-20260902,True,0,Gangtok District
88.59779917808443,27.35857723156437,0.27424023442364975,low,random_forest-extended-v1-20260902,True,0,Gangtok District
88.62088055703876,27.356130255803343,0.42616008678810924,moderate,random_forest-extended-v1-20260902,True,0,Gangtok District
88.58376656032881,27.30208423733412,0.14262563102157885,low,random_forest-extended-v1-20260902,True,0,Gangtok District
88.52600001632072,27.23854164761158,0.27668651697982094,low,random_forest-extended-v1-20260902,True,0,Gangtok District
88.61167352281029,27.314413984781925,0.48403654182418054,moderate,random_forest-extended-v1-20260902,True,0,Gangtok District
88.57863647808432,27.34409544209638,0.13922118682139187,low,random_forest-extended-v1-20260902,True,0,Gangtok District
88.43723008785186,27.255542145564107,0.45846655710889084,moderate,random_forest-extended-v1-20260902,True,0,Gangtok District
88.32164678714864,27.199538183506245,0.44102949256034985,moderate,random_forest-extended-v1-20260902,True,0,Geyzing
88.14849846001302,27.31230392476428,0.4590143980834201,moderate,random_forest-extended-v1-20260902,True,0,Gyalshing
88.21947949848841,27.26823723447283,0.18203723636891095,low,random_forest-extended-v1-20260902,True,0,Gyalshing
88.50939274263148,27.38816748153335,0.4823737584315419,moderate,random_forest-extended-v1-20260902,True,0,Mangan
88.51955938986154,27.38611076559939,0.5201882440318636,moderate,random_forest-extended-v1-20260902,True,0,Mangan
88.50050199787681,27.41035904706705,0.453512872322159,moderate,random_forest-extended-v1-20260902,True,0,Mangan
88.31053533978319,27.283899372822823,0.43583702595216267,moderate,random_forest-extended-v1-20260902,True,0,Namchi
88.40670469639737,27.310138356813358,0.1541587312173537,low,random_forest-extended-v1-20260902,True,0,Namchi
88.30538946064131,27.29050432854312,0.40345440665056276,low,random_forest-extended-v1-20260902,True,0,Namchi
88.10876130816291,27.291991998348987,0.21164401719024697,low,random_forest-extended-v1-20260902,True,0,Namchi
88.40072645504307,27.10890521186561,0.15082725224846802,low,random_forest-extended-v1-20260902,True,0,Namchi
88.33251454472526,27.093496376968893,0.4087329856827162,low,random_forest-extended-v1-20260902,True,0,Namchi
88.36803464450047,27.100260585966712,0.3736623467424971,low,random_forest-extended-v1-20260902,True,0,Namchi
88.59170027835248,27.54574316726489,0.47256671455007565,moderate,random_forest-extended-v1-20260902,True,0,North Sikkim
88.4998652012023,27.517761407185816,0.12758785338330192,low,random_forest-extended-v1-20260902,True,0,North Sikkim
88.53985777889048,27.39038122977973,0.3209585044241571,low,random_forest-extended-v1-20260902,True,0,North Sikkim
88.62283097289374,27.61234139070123,0.5829878182414785,moderate,random_forest-extended-v1-20260902,True,0,North Sikkim
88.60274404058363,27.67591013127212,0.40520192621836376,low,random_forest-extended-v1-20260902,True,0,North Sikkim
88.61107998003524,27.63283243613841,0.5797301045931715,moderate,random_forest-extended-v1-20260902,True,0,North Sikkim
88.52648618549443,27.75905099306978,0.41119831155290176,low,random_forest-extended-v1-20260902,True,0,North Sikkim
88.52739076917418,27.528792136868084,0.42662539252603265,moderate,random_forest-extended-v1-20260902,True,0,North Sikkim
88.52127810211033,27.49460943959792,0.5384739539671172,moderate,random_forest-extended-v1-20260902,True,0,North Sikkim
88.57169088473331,27.3825137504816,0.1933135235845473,low,random_forest-extended-v1-20260902,True,0,North Sikkim
88.638845274932,27.545487476053705,0.6068715355655014,high,random_forest-extended-v1-20260902,True,0,North Sikkim
88.53020873328332,27.43735535118171,0.21613879198803104,low,random_forest-extended-v1-20260902,True,0,North Sikkim
88.75028396519902,27.687450989621112,0.2954003097622547,low,random_forest-extended-v1-20260902,True,0,North Sikkim
88.57206182564552,27.696090193298826,0.42262477550379546,low,random_forest-extended-v1-20260902,True,0,North Sikkim
88.62298406611676,27.54073029612172,0.24253549011764003,low,random_forest-extended-v1-20260902,True,0,North Sikkim
88.651805132973,27.58865802711779,0.40757027321063694,low,random_forest-extended-v1-20260902,True,0,North Sikkim
88.49972881219425,27.5169135570805,0.19891147094544184,low,random_forest-extended-v1-20260902,True,0,North Sikkim
88.53832181313078,27.453000810660978,0.31320973254682694,low,random_forest-extended-v1-20260902,True,0,North Sikkim
88.55392902066616,27.731124545130758,0.40327472022539873,low,random_forest-extended-v1-20260902,True,0,North Sikkim
88.52314787563844,27.37777328409182,0.359054902047749,low,random_forest-extended-v1-20260902,True,0,North Sikkim
88.58299179319272,27.547366043119855,0.6885872867126112,high,random_forest-extended-v1-20260902,True,0,North Sikkim
88.56574670512161,27.538988635174,0.5851956997229721,moderate,random_forest-extended-v1-20260902,True,0,North Sikkim
88.49421716856583,27.51892806958567,0.39559999745948865,low,random_forest-extended-v1-20260902,True,0,North Sikkim
88.47533858045651,27.55052588811508,0.6070246830210617,high,random_forest-extended-v1-20260902,True,0,North Sikkim
88.74790423561645,27.695662198572133,0.7089597642635417,high,random_forest-extended-v1-20260902,True,0,North Sikkim
88.59939517025707,27.663736349276533,0.3766578012068731,low,random_forest-extended-v1-20260902,True,0,North Sikkim
88.71034794066985,27.633361096558836,0.38729702977299396,low,random_forest-extended-v1-20260902,True,0,North Sikkim
88.60336230424117,27.650995654978136,0.4175926309053039,low,random_forest-extended-v1-20260902,True,0,North Sikkim
88.54711609049612,27.548255364694366,0.5511475490137087,moderate,random_forest-extended-v1-20260902,True,0,North Sikkim
88.59347178655976,27.445507552171627,0.24303416543959258,low,random_forest-extended-v1-20260902,True,0,North Sikkim
88.61604113912136,27.40647289624128,0.26236138972780304,low,random_forest-extended-v1-20260902,True,0,North Sikkim
88.61836852640158,27.56235043916078,0.5901577966994771,moderate,random_forest-extended-v1-20260902,True,0,North Sikkim
88.54389831607716,27.499795777069806,0.329577690382934,low,random_forest-extended-v1-20260902,True,0,North Sikkim
88.50835054616408,27.406463844313077,0.5393517824595249,moderate,random_forest-extended-v1-20260902,True,0,North Sikkim
88.50109356518139,27.464580772895893,0.601893628770696,high,random_forest-extended-v1-20260902,True,0,North Sikkim
88.63639821353053,27.54364549059501,0.2566390482695918,low,random_forest-extended-v1-20260902,True,0,North Sikkim
88.7502178550644,27.68059822788882,0.27727188133423364,low,random_forest-extended-v1-20260902,True,0,North Sikkim
88.52175107720926,27.42775280659941,0.3380831306920933,low,random_forest-extended-v1-20260902,True,0,North Sikkim
88.60178785528592,27.65720991650521,0.5355195438959993,moderate,random_forest-extended-v1-20260902,True,0,North Sikkim
88.4966891305167,27.382634293957405,0.5715961858618934,moderate,random_forest-extended-v1-20260902,True,0,North Sikkim
88.61352007561453,27.646106663864067,0.42624909638509995,moderate,random_forest-extended-v1-20260902,True,0,North Sikkim
88.5716146461314,27.37823919772364,0.4273405377955004,moderate,random_forest-extended-v1-20260902,True,0,North Sikkim
88.59212701862982,27.537827188789603,0.6215843590549234,high,random_forest-extended-v1-20260902,True,0,North Sikkim
88.54670473532758,27.772288501428964,0.6980035147588252,high,random_forest-extended-v1-20260902,True,0,North Sikkim
88.56134556361631,27.391587513835866,0.286278193098371,low,random_forest-extended-v1-20260902,True,0,North Sikkim
88.52620704315451,27.51290875117599,0.4765650112933365,moderate,random_forest-extended-v1-20260902,True,0,North Sikkim
88.63409512730456,27.425257351710187,0.6348528116180745,high,random_forest-extended-v1-20260902,True,0,North Sikkim
88.50387661207053,27.41898300801302,0.524612447345545,moderate,random_forest-extended-v1-20260902,True,0,North Sikkim
88.65156099614482,27.58574952414997,0.6168781598525058,high,random_forest-extended-v1-20260902,True,0,North Sikkim
88.55739254182099,27.701612287821185,0.3155171851359831,low,random_forest-extended-v1-20260902,True,0,North Sikkim
88.68076273678582,27.62161892950891,0.47837073102303557,moderate,random_forest-extended-v1-20260902,True,0,North Sikkim
88.65157311518959,27.624824489789965,0.6685607672952593,high,random_forest-extended-v1-20260902,True,0,North Sikkim
88.55667635477545,27.506696685521774,0.43345440978776395,moderate,random_forest-extended-v1-20260902,True,0,North Sikkim
88.4804910065285,27.53380218939848,0.14873691564504302,low,random_forest-extended-v1-20260902,True,0,North Sikkim
88.46905960577269,27.53616992280536,0.14654833907626272,low,random_forest-extended-v1-20260902,True,0,North Sikkim
88.60739589674104,27.446464314085866,0.6301700724929031,high,random_forest-extended-v1-20260902,True,0,North Sikkim
88.61065398230727,27.374258959125253,0.544982693493242,moderate,random_forest-extended-v1-20260902,True,0,North Sikkim
88.60010727010317,27.675874761682785,0.2559942507980625,low,random_forest-extended-v1-20260902,True,0,North Sikkim
88.59652396470231,27.53179778625121,0.5955919119795768,high,random_forest-extended-v1-20260902,True,0,North Sikkim
88.55371140088084,27.54367711679904,0.27337702250643453,low,random_forest-extended-v1-20260902,True,0,North Sikkim
88.51967265662168,27.525418082874808,0.37648944942295315,low,random_forest-extended-v1-20260902,True,0,North Sikkim
88.5880575519184,27.52294513635528,0.3122471018466863,low,random_forest-extended-v1-20260902,True,0,North Sikkim
88.54916303398247,27.746416315505325,0.43920385058184913,moderate,random_forest-extended-v1-20260902,True,0,North Sikkim
88.63918826337732,27.39719441105417,0.5665286655212668,moderate,random_forest-extended-v1-20260902,True,0,North Sikkim
88.50884189818576,27.519911136283223,0.5973503090795355,high,random_forest-extended-v1-20260902,True,0,North Sikkim
88.5760458731613,27.387239621751565,0.2741645679885188,low,random_forest-extended-v1-20260902,True,0,North Sikkim
88.54102849575332,27.765278975616216,0.5711288835169306,moderate,random_forest-extended-v1-20260902,True,0,North Sikkim
88.59102445898458,27.41091264206472,0.4787647857972714,moderate,random_forest-extended-v1-20260902,True,0,North Sikkim
88.60597403807091,27.542375628005523,0.5160391268875141,moderate,random_forest-extended-v1-20260902,True,0,North Sikkim
88.56366980196638,27.41370899301839,0.20019173679366015,low,random_forest-extended-v1-20260902,True,0,North Sikkim
88.50600733301482,27.41694198392506,0.45661635023372404,moderate,random_forest-extended-v1-20260902,True,0,North Sikkim
88.54797006173477,27.770399154294903,0.2511967287230141,low,random_forest-extended-v1-20260902,True,0,North Sikkim
88.52301276575147,27.443095140677727,0.520374776750388,moderate,random_forest-extended-v1-20260902,True,0,North Sikkim
88.63198163283074,27.4187818123616,0.4107006688239709,low,random_forest-extended-v1-20260902,True,0,North Sikkim
88.7369942226164,27.68744728279471,0.4403486772636368,moderate,random_forest-extended-v1-20260902,True,0,North Sikkim
88.54419431108825,27.722715804282707,0.38246358166019906,low,random_forest-extended-v1-20260902,True,0,North Sikkim
88.63207246686707,27.41232169093864,0.532095828509951,moderate,random_forest-extended-v1-20260902,True,0,North Sikkim
88.56448986237585,27.41068250959821,0.42667054325161075,moderate,random_forest-extended-v1-20260902,True,0,North Sikkim
88.59057598610158,27.414279282143127,0.14067275269831703,low,random_forest-extended-v1-20260902,True,0,North Sikkim
88.50359485909237,27.45816840187664,0.30387163735154077,low,random_forest-extended-v1-20260902,True,0,North Sikkim
88.48831075757693,27.5492097965162,0.6659557717543177,high,random_forest-extended-v1-20260902,True,0,North Sikkim
88.67592253608858,27.624954570915943,0.41324527497896174,low,random_forest-extended-v1-20260902,True,0,North Sikkim
88.64431177532373,27.626658909320405,0.4481979394281615,moderate,random_forest-extended-v1-20260902,True,0,North Sikkim
88.64445643635901,27.609381567910543,0.655470407068816,high,random_forest-extended-v1-20260902,True,0,North Sikkim
88.51442551155189,27.451253131678502,0.25088161362169675,low,random_forest-extended-v1-20260902,True,0,North Sikkim
88.52591914247292,27.37371008510996,0.40038320537525995,low,random_forest-extended-v1-20260902,True,0,North Sikkim
88.60985611747431,27.41547806701384,0.344824156818356,low,random_forest-extended-v1-20260902,True,0,North Sikkim
88.63966173006605,27.60806735567278,0.21740081773400124,low,random_forest-extended-v1-20260902,True,0,North Sikkim
88.6262360541378,27.3885984285666,0.5790151946526533,moderate,random_forest-extended-v1-20260902,True,0,North Sikkim
88.64267506940683,27.393837508569167,0.6486902635082964,high,random_forest-extended-v1-20260902,True,0,North Sikkim
88.53180425274371,27.38170452730215,0.2838035397827165,low,random_forest-extended-v1-20260902,True,0,North Sikkim
88.72787581532101,27.6492362534064,0.42688326308505925,moderate,random_forest-extended-v1-20260902,True,0,North Sikkim
88.62089222506017,27.385865558927566,0.5526916592182454,moderate,random_forest-extended-v1-20260902,True,0,North Sikkim
88.57950950471768,27.550393283878503,0.5817097890913279,moderate,random_forest-extended-v1-20260902,True,0,North Sikkim
88.53608381187365,27.408144232301986,0.42727710833616184,moderate,random_forest-extended-v1-20260902,True,0,North Sikkim
88.49824335551688,27.462420144418104,0.6118361765821125,high,random_forest-extended-v1-20260902,True,0,North Sikkim
88.49968337669502,27.456813273572124,0.561815257480665,moderate,random_forest-extended-v1-20260902,True,0,North Sikkim
88.61679781813032,27.53845060442347,0.2593984741548288,low,random_forest-extended-v1-20260902,True,0,North Sikkim
88.4948878866464,27.413039568784544,0.49653159816161596,moderate,random_forest-extended-v1-20260902,True,0,North Sikkim
88.53589458977802,27.43999074777921,0.35650202091059213,low,random_forest-extended-v1-20260902,True,0,North Sikkim
88.53543678276752,27.53702272686577,0.48621575193346595,moderate,random_forest-extended-v1-20260902,True,0,North Sikkim
88.51604579814921,27.508093134991874,0.5214088862770729,moderate,random_forest-extended-v1-20260902,True,0,North Sikkim
88.63614590238528,27.53764445517433,0.46639319751103975,moderate,random_forest-extended-v1-20260902,True,0,North Sikkim
88.5424245468031,27.54196667681781,0.5600567512689458,moderate,random_forest-extended-v1-20260902,True,0,North Sikkim
88.56573252687281,27.71174302203197,0.39941737712839653,low,random_forest-extended-v1-20260902,True,0,North Sikkim
88.6302850208682,27.5460590198886,0.3382639384710839,low,random_forest-extended-v1-20260902,True,0,North Sikkim
88.51780468312043,27.48950222597728,0.49340185955940785,moderate,random_forest-extended-v1-20260902,True,0,North Sikkim
88.55788282255573,27.535679362142016,0.6433401766414337,high,random_forest-extended-v1-20260902,True,0,North Sikkim
88.54198898447845,27.395575535700917,0.45232297638584146,moderate,random_forest-extended-v1-20260902,True,0,North Sikkim
88.60089429236548,27.41725971521734,0.5782897484572124,moderate,random_forest-extended-v1-20260902,True,0,North Sikkim
88.548050758235,27.499716530663488,0.24745690731740733,low,random_forest-extended-v1-20260902,True,0,North Sikkim
88.54851743800046,27.48551138827312,0.4863915422749805,moderate,random_forest-extended-v1-20260902,True,0,North Sikkim
88.52265708883893,27.39695035654548,0.49928919470774585,moderate,random_forest-extended-v1-20260902,True,0,North Sikkim
88.55617612288385,27.38135394101785,0.5598217879305531,moderate,random_forest-extended-v1-20260902,True,0,North Sikkim
88.48687368818572,27.552633085636018,0.12675021106497864,low,random_forest-extended-v1-20260902,True,0,North Sikkim
88.52082597268044,27.40783583366118,0.5435352721513067,moderate,random_forest-extended-v1-20260902,True,0,North Sikkim
88.64762980197847,27.601266407988597,0.4186059899919177,low,random_forest-extended-v1-20260902,True,0,North Sikkim
88.4888760237769,27.55534921434719,0.456530593573456,moderate,random_forest-extended-v1-20260902,True,0,North Sikkim
88.50930048739583,27.46603103083609,0.21036690856943754,low,random_forest-extended-v1-20260902,True,0,North Sikkim
88.64573101223581,27.428086530099936,0.6683163694168441,high,random_forest-extended-v1-20260902,True,0,North Sikkim
88.52390583117744,27.528212986937547,0.35521202877940344,low,random_forest-extended-v1-20260902,True,0,North Sikkim
88.72906255588885,27.66951850168646,0.31554109822328863,low,random_forest-extended-v1-20260902,True,0,North Sikkim
88.57704466824326,27.56016833710413,0.43860207581677285,moderate,random_forest-extended-v1-20260902,True,0,North Sikkim
88.54386444903453,27.484317023859376,0.6625057988426403,high,random_forest-extended-v1-20260902,True,0,North Sikkim
88.55164373487523,27.378080963558887,0.41123299688719184,low,random_forest-extended-v1-20260902,True,0,North Sikkim
88.49380751226333,27.39166828337505,0.46249384849834096,moderate,random_forest-extended-v1-20260902,True,0,North Sikkim
88.51169732654624,27.384518386028063,0.46548787556385113,moderate,random_forest-extended-v1-20260902,True,0,North Sikkim
88.47919519714489,27.53650558093684,0.3758802942646249,low,random_forest-extended-v1-20260902,True,0,North Sikkim
88.61393617719703,27.40597776882947,0.20477889649665654,low,random_forest-extended-v1-20260902,True,0,North Sikkim
88.56054746188995,27.37936080862425,0.4040673632047033,low,random_forest-extended-v1-20260902,True,0,North Sikkim
88.647343702436,27.62407571946593,0.6105103610981164,high,random_forest-extended-v1-20260902,True,0,North Sikkim
88.5595068335552,27.376819915575755,0.588076995820066,moderate,random_forest-extended-v1-20260902,True,0,North Sikkim
88.57876214967989,27.68655369049077,0.4189220970327514,low,random_forest-extended-v1-20260902,True,0,North Sikkim
88.59202044054432,27.668346854968146,0.5579718717308604,moderate,random_forest-extended-v1-20260902,True,0,North Sikkim
88.59883556751387,27.66672693854869,0.4921162895155638,moderate,random_forest-extended-v1-20260902,True,0,North Sikkim
88.62382430286719,27.56348102684509,0.2619648846475785,low,random_forest-extended-v1-20260902,True,0,North Sikkim
88.61448442337117,27.19266423925132,0.5038881711272751,moderate,random_forest-extended-v1-20260902,True,0,Pakyong
88.59604549907462,27.262888810359964,0.18953393346746067,low,random_forest-extended-v1-20260902,True,0,Pakyong
88.60870017645567,27.22201014351329,0.21023378036543883,low,random_forest-extended-v1-20260902,True,0,Pakyong
88.52511827788496,27.19550351869704,0.1750908757015362,low,random_forest-extended-v1-20260902,True,0,Pakyong
88.30140678971281,27.15768319233989,0.33122140349922347,low,random_forest-extended-v1-20260902,True,0,Soreng
88.26656620681432,27.151665579753377,0.39187422170950403,low,random_forest-extended-v1-20260902,True,0,Soreng
88.3529784422677,27.197595795611715,0.4062346081136016,low,random_forest-extended-v1-20260902,True,0,Soreng
88.480610412057,27.266850279500623,0.5188084399695514,moderate,random_forest-extended-v1-20260902,True,0,South Sikkim
88.34467973268663,27.232096969483017,0.22037162187660675,low,random_forest-extended-v1-20260902,True,0,South Sikkim
88.37679260384041,27.325456924330837,0.2886983725689031,low,random_forest-extended-v1-20260902,True,0,South Sikkim
88.47192229076656,27.14251648827956,0.4860816738553733,moderate,random_forest-extended-v1-20260902,True,0,South Sikkim
88.48373214636423,27.370479878194303,0.16772718485652416,low,random_forest-extended-v1-20260902,True,0,South Sikkim
88.50738685617104,27.24072060964839,0.2879171545715274,low,random_forest-extended-v1-20260902,True,0,South Sikkim
88.358600176607,27.076300611467417,0.4323218894780457,moderate,random_forest-extended-v1-20260902,True,0,South Sikkim
88.4337559053099,27.33912302347152,0.43348041459182024,moderate,random_forest-extended-v1-20260902,True,0,South Sikkim
88.41668907433112,27.06200289311742,0.5935737070784088,moderate,random_forest-extended-v1-20260902,True,0,South Sikkim
88.41467195946159,27.22834279535021,0.20524532251013158,low,random_forest-extended-v1-20260902,True,0,South Sikkim
88.44634870558937,27.32932740809497,0.16923273554888973,low,random_forest-extended-v1-20260902,True,0,South Sikkim
88.33486683995721,27.099639887703184,0.5518885946323003,moderate,random_forest-extended-v1-20260902,True,0,South Sikkim
88.32180525353624,27.24857165469972,0.3979341113278216,low,random_forest-extended-v1-20260902,True,0,South Sikkim
88.42196823649485,27.302124990506638,0.31127460727903505,low,random_forest-extended-v1-20260902,True,0,South Sikkim
88.36565723221892,27.314769538238583,0.12422397104922403,low,random_forest-extended-v1-20260902,True,0,South Sikkim
88.43646023485987,27.230926196448035,0.36800084180087295,low,random_forest-extended-v1-20260902,True,0,South Sikkim
88.40219657872251,27.33676783002474,0.12739473306833587,low,random_forest-extended-v1-20260902,True,0,South Sikkim
88.43583180727957,27.07871502040403,0.2705068249102328,low,random_forest-extended-v1-20260902,True,0,South Sikkim
88.42855833460625,27.277007634478373,0.5451486647642177,moderate,random_forest-extended-v1-20260902,True,0,South Sikkim
88.25229824357731,27.358487190885555,0.4522892338443282,moderate,random_forest-extended-v1-20260902,True,0,South Sikkim
88.35217165432236,27.162375085248136,0.5290398056091267,moderate,random_forest-extended-v1-20260902,True,0,South Sikkim
88.41009638967157,27.219917872213472,0.13568861902570822,low,random_forest-extended-v1-20260902,True,0,South Sikkim
88.48596088398784,27.13703508287748,0.3655517294776333,low,random_forest-extended-v1-20260902,True,0,South Sikkim
88.48492271017673,27.21549318384863,0.16774934674065395,low,random_forest-extended-v1-20260902,True,0,South Sikkim
88.23148349753718,27.1070599758643,0.4003734451358935,low,random_forest-extended-v1-20260902,True,0,South Sikkim
88.4649399529992,27.201074511232356,0.4314827545884064,moderate,random_forest-extended-v1-20260902,True,0,South Sikkim
88.33039328882018,27.15250324520875,0.22147441003085647,low,random_forest-extended-v1-20260902,True,0,South Sikkim
88.35264880654488,27.164468101426515,0.6126977295716213,high,random_forest-extended-v1-20260902,True,0,South Sikkim
88.5047953773737,27.13086290478116,0.15436177333387316,low,random_forest-extended-v1-20260902,True,0,South Sikkim
88.28723454533359,27.34114681269353,0.4685134722628418,moderate,random_forest-extended-v1-20260902,True,0,South Sikkim
88.50862862867784,27.157191341249654,0.49432530971118854,moderate,random_forest-extended-v1-20260902,True,0,South Sikkim
88.4385136266468,27.107663305337084,0.5318286794259979,moderate,random_forest-extended-v1-20260902,True,0,South Sikkim
88.35462658662635,27.25279569931501,0.6200854217198445,high,random_forest-extended-v1-20260902,True,0,South Sikkim
88.34122432739989,27.231649482502156,0.5621682082263586,moderate,random_forest-extended-v1-20260902,True,0,South Sikkim
88.40644827375239,27.2763688194125,0.4020323807288496,low,random_forest-extended-v1-20260902,True,0,South Sikkim
88.33395817327636,27.17788240451183,0.2669607880263328,low,random_forest-extended-v1-20260902,True,0,South Sikkim
88.3122380421099,27.11770382652449,0.13498126714313802,low,random_forest-extended-v1-20260902,True,0,South Sikkim
88.40542189720713,27.30782019873415,0.19190268858969262,low,random_forest-extended-v1-20260902,True,0,South Sikkim
88.45915186000737,27.21340411056819,0.24307306293749378,low,random_forest-extended-v1-20260902,True,0,South Sikkim
88.37597362771166,27.18296389102986,0.5477786648554179,moderate,random_forest-extended-v1-20260902,True,0,South Sikkim
88.2780411760218,27.352364646267585,0.3790576810449037,low,random_forest-extended-v1-20260902,True,0,South Sikkim
88.24564592937222,27.112604682077865,0.1884509363559966,low,random_forest-extended-v1-20260902,True,0,South Sikkim
88.3300723211514,27.181947654575715,0.5388888770069454,moderate,random_forest-extended-v1-20260902,True,0,South Sikkim
88.41981548115656,27.30628775723845,0.28277286506457544,low,random_forest-extended-v1-20260902,True,0,South Sikkim
88.34020593782,27.107424234772036,0.24686088622427685,low,random_forest-extended-v1-20260902,True,0,South Sikkim
88.22763732975841,27.14433616501849,0.405685530070503,low,random_forest-extended-v1-20260902,True,0,South Sikkim
88.41504542849697,27.31738157709303,0.3842420557174696,low,random_forest-extended-v1-20260902,True,0,South Sikkim
88.35558150638468,27.228721542388374,0.6007500177488698,high,random_forest-extended-v1-20260902,True,0,South Sikkim
88.23014968925874,27.118436467547387,0.5598995109205945,moderate,random_forest-extended-v1-20260902,True,0,South Sikkim
88.50773934791543,27.25467370282836,0.27894395929508,low,random_forest-extended-v1-20260902,True,0,South Sikkim
88.4038918346515,27.118977925157026,0.4087770478458628,low,random_forest-extended-v1-20260902,True,0,South Sikkim
88.44004508015814,27.102203402675038,0.20482389110487814,low,random_forest-extended-v1-20260902,True,0,South Sikkim
88.23479423505108,27.13747260548529,0.18104437176075427,low,random_forest-extended-v1-20260902,True,0,South Sikkim
88.32429751863702,27.1606979914362,0.4607826424332306,moderate,random_forest-extended-v1-20260902,True,0,South Sikkim
88.43866646914577,27.35988666908424,0.4839171039605523,moderate,random_forest-extended-v1-20260902,True,0,South Sikkim
88.45752036867557,27.18092480533334,0.550810152735033,moderate,random_forest-extended-v1-20260902,True,0,South Sikkim
88.50246514439354,27.24920725231057,0.3427967654757319,low,random_forest-extended-v1-20260902,True,0,South Sikkim
88.46636138499112,27.246731925943237,0.4013804649476891,low,random_forest-extended-v1-20260902,True,0,South Sikkim
88.46357827286634,27.135081330898924,0.32308209488388134,low,random_forest-extended-v1-20260902,True,0,South Sikkim
88.49611488603567,27.155010891075587,0.13593875796574897,low,random_forest-extended-v1-20260902,True,0,South Sikkim
88.48960237566101,27.15690106290577,0.4728531523054689,moderate,random_forest-extended-v1-20260902,True,0,South Sikkim
88.45477764224536,27.069250975228176,0.21605182459981995,low,random_forest-extended-v1-20260902,True,0,South Sikkim
88.47957564687744,27.161359524668544,0.18443368167263985,low,random_forest-extended-v1-20260902,True,0,South Sikkim
88.42474767652458,27.092755590401136,0.239896043526934,low,random_forest-extended-v1-20260902,True,0,South Sikkim
88.38552302649946,27.210684042343487,0.6578171203562557,high,random_forest-extended-v1-20260902,True,0,South Sikkim
88.49612009974736,27.183670633252675,0.5037963039791311,moderate,random_forest-extended-v1-20260902,True,0,South Sikkim
88.35806106037936,27.22151176819981,0.6086748862394326,high,random_forest-extended-v1-20260902,True,0,South Sikkim
88.45064004997089,27.275920779763748,0.46255075351366476,moderate,random_forest-extended-v1-20260902,True,0,South Sikkim
88.46629358757403,27.27813485229272,0.3047008639246828,low,random_forest-extended-v1-20260902,True,0,South Sikkim
88.5143414831177,27.167595261705475,0.5768984945086876,moderate,random_forest-extended-v1-20260902,True,0,South Sikkim
88.40355817145073,27.106240550154745,0.1810156270014437,low,random_forest-extended-v1-20260902,True,0,South Sikkim
88.40725414132856,27.25297295142113,0.17175179490806264,low,random_forest-extended-v1-20260902,True,0,South Sikkim
88.45458599118699,27.195376294501678,0.3235698675840918,low,random_forest-extended-v1-20260902,True,0,South Sikkim
88.47764918249473,27.165590707441904,0.3954484837096823,low,random_forest-extended-v1-20260902,True,0,South Sikkim
88.38497919576854,27.27831430409882,0.31831390399453263,low,random_forest-extended-v1-20260902,True,0,South Sikkim
88.45125693872316,27.134934346832125,0.5687166398872928,moderate,random_forest-extended-v1-20260902,True,0,South Sikkim
88.2998774531466,27.362483533333524,0.4588566494219571,moderate,random_forest-extended-v1-20260902,True,0,South Sikkim
88.50402378352616,27.14893171619069,0.41879617264290797,low,random_forest-extended-v1-20260902,True,0,South Sikkim
88.38521850647085,27.276976937705257,0.2395551082035528,low,random_forest-extended-v1-20260902,True,0,South Sikkim
88.36465154250119,27.237289207532037,0.47077927868789543,moderate,random_forest-extended-v1-20260902,True,0,South Sikkim
88.4625793184852,27.13561301537265,0.17268062929951142,low,random_forest-extended-v1-20260902,True,0,South Sikkim
88.26920374781558,27.138727120497894,0.47112176593938654,moderate,random_forest-extended-v1-20260902,True,0,South Sikkim
88.32274878192234,27.15129195392649,0.5072762418716599,moderate,random_forest-extended-v1-20260902,True,0,South Sikkim
88.47666425582237,27.2352420453166,0.3624132365815214,low,random_forest-extended-v1-20260902,True,0,South Sikkim
88.38501412224645,27.23324445702063,0.21499559274870525,low,random_forest-extended-v1-20260902,True,0,South Sikkim
88.42221790391025,27.09196334122304,0.23596237542557938,low,random_forest-extended-v1-20260902,True,0,South Sikkim
88.52493180451437,27.14626773853992,0.12728864990917307,low,random_forest-extended-v1-20260902,True,0,South Sikkim
88.53238453479334,27.17526731252072,0.5274404318728226,moderate,random_forest-extended-v1-20260902,True,0,South Sikkim
88.4403248640945,27.217168097358847,0.3784607541674107,low,random_forest-extended-v1-20260902,True,0,South Sikkim
88.48566028983602,27.221751629566143,0.13510289939872236,low,random_forest-extended-v1-20260902,True,0,South Sikkim
88.47889583640304,27.344030622409075,0.2249238453599648,low,random_forest-extended-v1-20260902,True,0,South Sikkim
88.4461742481067,27.06191211279604,0.09564942296903638,low,random_forest-extended-v1-20260902,True,0,South Sikkim
88.46646978634419,27.26383769853468,0.496631346220156,moderate,random_forest-extended-v1-20260902,True,0,South Sikkim
88.24236383784728,27.10157402137755,0.42554418275320205,moderate,random_forest-extended-v1-20260902,True,0,South Sikkim
88.49126836600186,27.18916177808512,0.5528257262761642,moderate,random_forest-extended-v1-20260902,True,0,South Sikkim
88.52330034894956,27.193601173377186,0.1627208496489349,low,random_forest-extended-v1-20260902,True,0,South Sikkim
88.44453909310417,27.09672961492328,0.1341623398627605,low,random_forest-extended-v1-20260902,True,0,South Sikkim
88.32211971805697,27.15808479993004,0.573287279267076,moderate,random_forest-extended-v1-20260902,True,0,South Sikkim
88.40245723104714,27.31344495426102,0.22777901644979395,low,random_forest-extended-v1-20260902,True,0,South Sikkim
88.43021059244366,27.13845307682595,0.21653029205187882,low,random_forest-extended-v1-20260902,True,0,South Sikkim
88.42814482172662,27.08433471015619,0.1286423046750688,low,random_forest-extended-v1-20260902,True,0,South Sikkim
88.4722801003912,27.19486960949345,0.17976903743603545,low,random_forest-extended-v1-20260902,True,0,South Sikkim
88.35391348734015,27.31736180550477,0.42362388086890845,moderate,random_forest-extended-v1-20260902,True,0,South Sikkim
88.22136274574947,27.136748762454783,0.12648538298710088,low,random_forest-extended-v1-20260902,True,0,South Sikkim
88.43677494398382,27.31560009386965,0.49022251833214314,moderate,random_forest-extended-v1-20260902,True,0,South Sikkim
88.42276386603265,27.16276786437126,0.4174197571101976,low,random_forest-extended-v1-20260902,True,0,South Sikkim
88.47911885173315,27.21762811828957,0.40116079469775223,low,random_forest-extended-v1-20260902,True,0,South Sikkim
88.40262173523168,27.280732478455267,0.32409039749335083,low,random_forest-extended-v1-20260902,True,0,South Sikkim
88.35648526025422,27.10415719663205,0.5373118950149288,moderate,random_forest-extended-v1-20260902,True,0,South Sikkim
88.34399338402545,27.180069241175037,0.4056256598576497,low,random_forest-extended-v1-20260902,True,0,South Sikkim
88.44425223520523,27.38941346509061,0.5086808790028357,moderate,random_forest-extended-v1-20260902,True,0,South Sikkim
88.49329345431859,27.22152263615057,0.4863939548924749,moderate,random_forest-extended-v1-20260902,True,0,South Sikkim
88.46877383130519,27.175246594611945,0.490485134816044,moderate,random_forest-extended-v1-20260902,True,0,South Sikkim
88.4219784787262,27.14852561425944,0.35847939937730483,low,random_forest-extended-v1-20260902,True,0,South Sikkim
88.22503757397392,27.14274997681078,0.37578549230712577,low,random_forest-extended-v1-20260902,True,0,South Sikkim
88.45535549247477,27.300261644744136,0.22100813850853512,low,random_forest-extended-v1-20260902,True,0,South Sikkim
88.39470894308877,27.15179517539546,0.41235592160868373,low,random_forest-extended-v1-20260902,True,0,South Sikkim
88.42257678527287,27.28374614818148,0.36471134959516205,low,random_forest-extended-v1-20260902,True,0,South Sikkim
88.37178316014226,27.140760283803974,0.5642819009651177,moderate,random_forest-extended-v1-20260902,True,0,South Sikkim
88.42174263548486,27.307487588964094,0.3790339479057464,low,random_forest-extended-v1-20260902,True,0,South Sikkim
88.35339008382724,27.31614265385919,0.4689579423850088,moderate,random_forest-extended-v1-20260902,True,0,South Sikkim
88.3718493053005,27.30056586986685,0.30208467887612533,low,random_forest-extended-v1-20260902,True,0,South Sikkim
88.36174572627645,27.29379296296544,0.17610559348740348,low,random_forest-extended-v1-20260902,True,0,South Sikkim
88.44417561101338,27.389578573724812,0.5086808790028357,moderate,random_forest-extended-v1-20260902,True,0,South Sikkim
88.22792444441671,27.1394776117103,0.11679800396132689,low,random_forest-extended-v1-20260902,True,0,South Sikkim
88.47716098148634,27.147740227890168,0.5665596040377835,moderate,random_forest-extended-v1-20260902,True,0,South Sikkim
88.4395654872949,27.109728213972215,0.5776771872273172,moderate,random_forest-extended-v1-20260902,True,0,South Sikkim
88.42857685374163,27.27856946604369,0.31328300867280207,low,random_forest-extended-v1-20260902,True,0,South Sikkim
88.43225640953334,27.310389933107245,0.49713081979776025,moderate,random_forest-extended-v1-20260902,True,0,South Sikkim
88.41449604616902,27.06841065701089,0.5323252648104083,moderate,random_forest-extended-v1-20260902,True,0,South Sikkim
88.53257718017258,27.24143563104748,0.12777297090049675,low,random_forest-extended-v1-20260902,True,0,South Sikkim
88.45660107057815,27.15780667218468,0.26944450519233293,low,random_forest-extended-v1-20260902,True,0,South Sikkim
88.45024029659159,27.351128067741456,0.3611758775634147,low,random_forest-extended-v1-20260902,True,0,South Sikkim
88.34306755886419,27.0832486362126,0.5023539844973073,moderate,random_forest-extended-v1-20260902,True,0,South Sikkim
88.41500974623455,27.22090419362045,0.21862176064040667,low,random_forest-extended-v1-20260902,True,0,South Sikkim
88.36133787783893,27.323099279509886,0.3967824591837171,low,random_forest-extended-v1-20260902,True,0,South Sikkim
88.3715617361148,27.282996532872627,0.22813035299413717,low,random_forest-extended-v1-20260902,True,0,South Sikkim
88.4388653288463,27.226236987139348,0.3169756291146614,low,random_forest-extended-v1-20260902,True,0,South Sikkim
88.40071592024556,27.13543992798971,0.48535577534119956,moderate,random_forest-extended-v1-20260902,True,0,South Sikkim
88.42140533045108,27.301997533155717,0.2695200474467572,low,random_forest-extended-v1-20260902,True,0,South Sikkim
88.36866117836995,27.12471487978074,0.5979982675199639,high,random_forest-extended-v1-20260902,True,0,South Sikkim
88.33689333690243,27.127928155712127,0.22920425916732096,low,random_forest-extended-v1-20260902,True,0,South Sikkim
88.25406761859777,27.118732315980047,0.14084205767759309,low,random_forest-extended-v1-20260902,True,0,South Sikkim
88.35139802275478,27.190546829385056,0.40388636106921544,low,random_forest-extended-v1-20260902,True,0,South Sikkim
88.4534396623106,27.291583292691705,0.33763806317223155,low,random_forest-extended-v1-20260902,True,0,South Sikkim
88.5168243513295,27.1633706734575,0.3707384839147088,low,random_forest-extended-v1-20260902,True,0,South Sikkim
88.367596082728,27.12981119436389,0.5437495408661647,moderate,random_forest-extended-v1-20260902,True,0,South Sikkim
88.49522778785598,27.15746855373998,0.25474586166605784,low,random_forest-extended-v1-20260902,True,0,South Sikkim
88.43376239947635,27.152419019118888,0.4698723002951966,moderate,random_forest-extended-v1-20260902,True,0,South Sikkim
88.38448648311706,27.102061118572944,0.22803281524644864,low,random_forest-extended-v1-20260902,True,0,South Sikkim
88.38862098309076,27.241438321982656,0.6367605232807827,high,random_forest-extended-v1-20260902,True,0,South Sikkim
88.42046143347204,27.228593254246515,0.14599051788208744,low,random_forest-extended-v1-20260902,True,0,South Sikkim
88.31726099445736,27.12946894666048,0.5268505985625593,moderate,random_forest-extended-v1-20260902,True,0,South Sikkim
88.28072874965535,27.36063085965227,0.22722509554135115,low,random_forest-extended-v1-20260902,True,0,South Sikkim
88.48375310480641,27.265266943107708,0.23025317266009498,low,random_forest-extended-v1-20260902,True,0,South Sikkim
88.39007649335278,27.16775085476875,0.6371801326581458,high,random_forest-extended-v1-20260902,True,0,South Sikkim
88.33806185883097,27.12245321132201,0.3750212296232612,low,random_forest-extended-v1-20260902,True,0,South Sikkim
88.43537728831548,27.145064525165427,0.5133311867878982,moderate,random_forest-extended-v1-20260902,True,0,South Sikkim
88.48305312321703,27.147237921247854,0.1406614495588662,low,random_forest-extended-v1-20260902,True,0,South Sikkim
88.50638343818468,27.20577362447869,0.25528081548597176,low,random_forest-extended-v1-20260902,True,0,South Sikkim
88.39555674279987,27.16602420320848,0.31814407486238794,low,random_forest-extended-v1-20260902,True,0,South Sikkim
88.48534834146166,27.14665379731259,0.5091015558116675,moderate,random_forest-extended-v1-20260902,True,0,South Sikkim
88.38511879114057,27.274934479619567,0.5531084364158706,moderate,random_forest-extended-v1-20260902,True,0,South Sikkim
88.37051601916122,27.07420038436306,0.43206363790700664,moderate,random_forest-extended-v1-20260902,True,0,South Sikkim
88.34402200400007,27.28924693260898,0.2911634457590815,low,random_forest-extended-v1-20260902,True,0,South Sikkim
88.34509050837906,27.11587757464322,0.10113892720165109,low,random_forest-extended-v1-20260902,True,0,South Sikkim
88.31525345607061,27.131367008940817,0.4845674368200901,moderate,random_forest-extended-v1-20260902,True,0,South Sikkim
88.3856923908578,27.123854571259443,0.4043236473350174,low,random_forest-extended-v1-20260902,True,0,South Sikkim
88.43362688975638,27.21549932576052,0.4330513751012497,moderate,random_forest-extended-v1-20260902,True,0,South Sikkim
88.49062505125475,27.325842715587303,0.3308725073264422,low,random_forest-extended-v1-20260902,True,0,South Sikkim
88.39079281651132,27.196691037791137,0.30470670586329246,low,random_forest-extended-v1-20260902,True,0,South Sikkim
88.38011445841673,27.24994876117152,0.14969269368970534,low,random_forest-extended-v1-20260902,True,0,South Sikkim
88.37981756964595,27.209630762316397,0.3591142321406283,low,random_forest-extended-v1-20260902,True,0,South Sikkim
88.27991250140421,27.33071588825726,0.49091851324928826,moderate,random_forest-extended-v1-20260902,True,0,South Sikkim
88.41583972611345,27.170672104932464,0.1970076477583328,low,random_forest-extended-v1-20260902,True,0,South Sikkim
88.27584028554045,27.35234222896304,0.4594336394835521,moderate,random_forest-extended-v1-20260902,True,0,South Sikkim
88.50575816643202,27.14725476462936,0.3017809401989049,low,random_forest-extended-v1-20260902,True,0,South Sikkim
88.35679975315217,27.279126879499973,0.2121622973439604,low,random_forest-extended-v1-20260902,True,0,South Sikkim
88.45011491631516,27.100170463628405,0.28683626457159345,low,random_forest-extended-v1-20260902,True,0,South Sikkim
88.34738407834165,27.30520414617473,0.6263389797379756,high,random_forest-extended-v1-20260902,True,0,South Sikkim
88.44414382144042,27.15188576080037,0.4408818701161695,moderate,random_forest-extended-v1-20260902,True,0,South Sikkim
88.23834225923146,27.3473416975691,0.39662005574661824,low,random_forest-extended-v1-20260902,True,0,West District
88.17897154580466,27.327683276615694,0.39012115183167373,low,random_forest-extended-v1-20260902,True,0,West Sikkim
88.12663915908293,27.128901815646017,0.5797532234622108,moderate,random_forest-extended-v1-20260902,True,0,West Sikkim
88.32035811756954,27.181868844850754,0.5718152149849016,moderate,random_forest-extended-v1-20260902,True,0,West Sikkim
88.09799706908186,27.12612156196149,0.5791684311259098,moderate,random_forest-extended-v1-20260902,True,0,West Sikkim
88.12007620211345,27.141614613690624,0.22042793051497941,low,random_forest-extended-v1-20260902,True,0,West Sikkim
88.2316845616948,27.29053884302567,0.1714672412667909,low,random_forest-extended-v1-20260902,True,0,West Sikkim
88.22751029964785,27.19022354990371,0.3919473476176569,low,random_forest-extended-v1-20260902,True,0,West Sikkim
88.227303679335,27.16035311057616,0.19558778693378573,low,random_forest-extended-v1-20260902,True,0,West Sikkim
88.24693101218215,27.35072401989944,0.18161341620703186,low,random_forest-extended-v1-20260902,True,0,West Sikkim
88.09343534292101,27.139257680604544,0.5908766797843108,moderate,random_forest-extended-v1-20260902,True,0,West Sikkim
88.21468275478097,27.113430438279988,0.5578469727954144,moderate,random_forest-extended-v1-20260902,True,0,West Sikkim
88.16513947510252,27.284707307569708,0.548488134557253,moderate,random_forest-extended-v1-20260902,True,0,West Sikkim
88.13803622232064,27.260921809430712,0.542699084545778,moderate,random_forest-extended-v1-20260902,True,0,West Sikkim
88.14231663474925,27.094597123796188,0.3851250803880855,low,random_forest-extended-v1-20260902,True,0,West Sikkim
88.19492461975216,27.12437057202562,0.43535569005054225,moderate,random_forest-extended-v1-20260902,True,0,West Sikkim
88.11899670708308,27.10617699501089,0.6186552858766846,high,random_forest-extended-v1-20260902,True,0,West Sikkim
88.20917845354258,27.36735182551195,0.5152653302441189,moderate,random_forest-extended-v1-20260902,True,0,West Sikkim
88.16107999805389,27.13203848840315,0.21166942531957153,low,random_forest-extended-v1-20260902,True,0,West Sikkim
88.28491115848456,27.35466005733574,0.4704461742163369,moderate,random_forest-extended-v1-20260902,True,0,West Sikkim
88.18488400265183,27.300456376636784,0.21452914031455472,low,random_forest-extended-v1-20260902,True,0,West Sikkim
88.35420295398904,27.18250231671567,0.5366534050850403,moderate,random_forest-extended-v1-20260902,True,0,West Sikkim
88.18206194132873,27.13027234584668,0.115585035340985,low,random_forest-extended-v1-20260902,True,0,West Sikkim
88.30759838056525,27.409859030499703,0.581096257372028,moderate,random_forest-extended-v1-20260902,True,0,West Sikkim
88.18285365590896,27.120467653488014,0.2724359741209988,low,random_forest-extended-v1-20260902,True,0,West Sikkim
88.18207456221361,27.174528533005667,0.1124791868271002,low,random_forest-extended-v1-20260902,True,0,West Sikkim
88.29785390576247,27.285598691076995,0.4279229938161527,moderate,random_forest-extended-v1-20260902,True,0,West Sikkim
88.16808051916547,27.34868302793115,0.4425499563584889,moderate,random_forest-extended-v1-20260902,True,0,West Sikkim
88.22953661404982,27.183877373819737,0.5792227771233333,moderate,random_forest-extended-v1-20260902,True,0,West Sikkim
88.27438507247929,27.24211111113997,0.6008649197614103,high,random_forest-extended-v1-20260902,True,0,West Sikkim
88.3307115087546,27.186156056715944,0.4898147708015304,moderate,random_forest-extended-v1-20260902,True,0,West Sikkim
88.23306389409638,27.274959114210883,0.45883716830478327,moderate,random_forest-extended-v1-20260902,True,0,West Sikkim
88.14288212468806,27.14268022164429,0.4229633934485585,low,random_forest-extended-v1-20260902,True,0,West Sikkim
88.32100926663793,27.38133408845278,0.5833916385376836,moderate,random_forest-extended-v1-20260902,True,0,West Sikkim
88.14101502168994,27.16931828224935,0.23495578492447924,low,random_forest-extended-v1-20260902,True,0,West Sikkim
88.32219485216568,27.168255438613205,0.22920748221823112,low,random_forest-extended-v1-20260902,True,0,West Sikkim
88.10266165833922,27.176326057072988,0.4325446856319392,moderate,random_forest-extended-v1-20260902,True,0,West Sikkim
88.24919273092026,27.27181996151588,0.5564878793147048,moderate,random_forest-extended-v1-20260902,True,0,West Sikkim
88.29464463097462,27.16528125996685,0.15150013704797416,low,random_forest-extended-v1-20260902,True,0,West Sikkim
88.3556011616864,27.216931589768027,0.5732177187598465,moderate,random_forest-extended-v1-20260902,True,0,West Sikkim
88.24619211460231,27.319364841762592,0.5315610931365342,moderate,random_forest-extended-v1-20260902,True,0,West Sikkim
88.30044377202104,27.285485293251533,0.43512986004614285,moderate,random_forest-extended-v1-20260902,True,0,West Sikkim
88.2151269941035,27.36148951906773,0.5073576581387567,moderate,random_forest-extended-v1-20260902,True,0,West Sikkim
88.23049878941792,27.310917359112068,0.6500876695974008,high,random_forest-extended-v1-20260902,True,0,West Sikkim
88.22880436482525,27.20948468057647,0.26562722114839166,low,random_forest-extended-v1-20260902,True,0,West Sikkim
88.34947007802548,27.23876495209823,0.18966242483744003,low,random_forest-extended-v1-20260902,True,0,West Sikkim
88.36755259502216,27.09870300405241,0.27477178423257426,low,random_forest-extended-v1-20260902,True,0,West Sikkim
88.11937732672239,27.270676765888297,0.5286643370854903,moderate,random_forest-extended-v1-20260902,True,0,West Sikkim
88.20302818477745,27.11028420618117,0.3969740207023488,low,random_forest-extended-v1-20260902,True,0,West Sikkim
88.12181928946298,27.254207000232977,0.12920937696482127,low,random_forest-extended-v1-20260902,True,0,West Sikkim
88.25281649880854,27.31986244535114,0.2809764798959999,low,random_forest-extended-v1-20260902,True,0,West Sikkim
88.23176745437462,27.166133401772655,0.5472762455089369,moderate,random_forest-extended-v1-20260902,True,0,West Sikkim
88.35297395034598,27.180560990121084,0.29054523532030546,low,random_forest-extended-v1-20260902,True,0,West Sikkim
88.34230517504531,27.214272880700587,0.34922952767160853,low,random_forest-extended-v1-20260902,True,0,West Sikkim
88.3423817930473,27.26511702981402,0.6188094441309575,high,random_forest-extended-v1-20260902,True,0,West Sikkim
88.07483591720914,27.160763894879967,0.43398916006326593,moderate,random_forest-extended-v1-20260902,True,0,West Sikkim
88.20424825331735,27.341088331216824,0.18025944948471403,low,random_forest-extended-v1-20260902,True,0,West Sikkim
88.15400984386503,27.25506784934443,0.5128301087561176,moderate,random_forest-extended-v1-20260902,True,0,West Sikkim
88.24166527774656,27.26733093815693,0.19821149600427687,low,random_forest-extended-v1-20260902,True,0,West Sikkim
88.19832346590346,27.36546018704697,0.5805420478496301,moderate,random_forest-extended-v1-20260902,True,0,West Sikkim
88.35663673046443,27.20756603811952,0.5173478091074989,moderate,random_forest-extended-v1-20260902,True,0,West Sikkim
88.28903014853609,27.247917164048754,0.29602318726655946,low,random_forest-extended-v1-20260902,True,0,West Sikkim
88.16637941626236,27.12176994633424,0.1376145797948893,low,random_forest-extended-v1-20260902,True,0,West Sikkim
88.29406109115386,27.317262637873835,0.3414227386500284,low,random_forest-extended-v1-20260902,True,0,West Sikkim
88.28373856503607,27.27805400881678,0.24743838407588656,low,random_forest-extended-v1-20260902,True,0,West Sikkim
88.25299571542317,27.2119536066962,0.4439178655974844,moderate,random_forest-extended-v1-20260902,True,0,West Sikkim
88.32369781209141,27.280638488153357,0.2676012752861585,low,random_forest-extended-v1-20260902,True,0,West Sikkim
88.2135738219375,27.27773474420878,0.5945462558669069,moderate,random_forest-extended-v1-20260902,True,0,West Sikkim
88.22001632105533,27.137664603519905,0.23675860795030146,low,random_forest-extended-v1-20260902,True,0,West Sikkim
88.26243335208137,27.10490331550634,0.5566489774811493,moderate,random_forest-extended-v1-20260902,True,0,West Sikkim
88.17388565490441,27.254155966171503,0.39097928716164715,low,random_forest-extended-v1-20260902,True,0,West Sikkim
88.33439373132077,27.37435047444924,0.5974632145015731,high,random_forest-extended-v1-20260902,True,0,West Sikkim
88.22275445175592,27.32313299263691,0.34389241253011815,low,random_forest-extended-v1-20260902,True,0,West Sikkim
88.34045873552408,27.08694098027843,0.18493988461377567,low,random_forest-extended-v1-20260902,True,0,West Sikkim
88.23635876360285,27.29684676392104,0.208726666215702,low,random_forest-extended-v1-20260902,True,0,West Sikkim
88.24632741860853,27.12523921820367,0.5786956637609002,moderate,random_forest-extended-v1-20260902,True,0,West Sikkim
88.27025320888589,27.104055591905848,0.13657230666691633,low,random_forest-extended-v1-20260902,True,0,West Sikkim
88.37052390582517,27.40504857488777,0.4390531557856846,moderate,random_forest-extended-v1-20260902,True,0,West Sikkim
88.2942073289189,27.12902749793483,0.5742710372596748,moderate,random_forest-extended-v1-20260902,True,0,West Sikkim
88.10177299195499,27.137033347239925,0.6969614543041127,high,random_forest-extended-v1-20260902,True,0,West Sikkim
88.19704671778862,27.12441620060838,0.17671312065919934,low,random_forest-extended-v1-20260902,True,0,West Sikkim
88.35382028240807,27.23805261581931,0.5965958492532142,high,random_forest-extended-v1-20260902,True,0,West Sikkim
88.36655728235345,27.392728682873376,0.19603452834887655,low,random_forest-extended-v1-20260902,True,0,West Sikkim
88.34687615751118,27.17997039036321,0.14884452199855638,low,random_forest-extended-v1-20260902,True,0,West Sikkim
88.17944467759648,27.15961121296883,0.17572906427248236,low,random_forest-extended-v1-20260902,True,0,West Sikkim
88.08060001483226,27.265092048068755,0.46803621695551073,moderate,random_forest-extended-v1-20260902,True,0,West Sikkim
88.23162510606413,27.21620630972716,0.38412593159596137,low,random_forest-extended-v1-20260902,True,0,West Sikkim
88.20463376258613,27.17502222178068,0.5375417935361919,moderate,random_forest-extended-v1-20260902,True,0,West Sikkim
88.19285929577738,27.255170966343357,0.14792042405287786,low,random_forest-extended-v1-20260902,True,0,West Sikkim
88.04828389910446,27.27088228623435,0.44694877591287496,moderate,random_forest-extended-v1-20260902,True,0,West Sikkim
88.34734436676874,27.096403180285748,0.5329201656209049,moderate,random_forest-extended-v1-20260902,True,0,West Sikkim
88.17953521007388,27.13045923656673,0.22530148044472942,low,random_forest-extended-v1-20260902,True,0,West Sikkim
88.1807909369972,27.278459532219586,0.303002990248556,low,random_forest-extended-v1-20260902,True,0,West Sikkim
88.2833541363469,27.35818874515998,0.5716717033284237,moderate,random_forest-extended-v1-20260902,True,0,West Sikkim
88.10798704439189,27.30097968323095,0.4417038283318658,moderate,random_forest-extended-v1-20260902,True,0,West Sikkim
88.1900630417547,27.137272392949505,0.14168886141209533,low,random_forest-extended-v1-20260902,True,0,West Sikkim
88.1477439206055,27.250319482804944,0.4055767788961216,low,random_forest-extended-v1-20260902,True,0,West Sikkim
88.19819213686493,27.182757312171077,0.2259416383552095,low,random_forest-extended-v1-20260902,True,0,West Sikkim
88.31703978660032,27.14579765336082,0.23053803784296023,low,random_forest-extended-v1-20260902,True,0,West Sikkim
88.20622733578041,27.359788644236,0.5414161406687791,moderate,random_forest-extended-v1-20260902,True,0,West Sikkim
88.31184357700349,27.205122799054223,0.5173792580077202,moderate,random_forest-extended-v1-20260902,True,0,West Sikkim
88.33758069583754,27.37395282080513,0.6505127042180567,high,random_forest-extended-v1-20260902,True,0,West Sikkim
88.24450637516411,27.14948050580172,0.22652347301179768,low,random_forest-extended-v1-20260902,True,0,West Sikkim
88.26022455865383,27.11672948787237,0.12271054372145355,low,random_forest-extended-v1-20260902,True,0,West Sikkim
88.24117586096828,27.35592154364812,0.4836095100408947,moderate,random_forest-extended-v1-20260902,True,0,West Sikkim
88.33833861296623,27.16544717084772,0.34188925624795985,low,random_forest-extended-v1-20260902,True,0,West Sikkim
88.15352703272248,27.107670151878136,0.4028172790935107,low,random_forest-extended-v1-20260902,True,0,West Sikkim
88.33261580739982,27.12308956292309,0.38920962052319125,low,random_forest-extended-v1-20260902,True,0,West Sikkim
88.20914682041634,27.29059518062232,0.4636715953520247,moderate,random_forest-extended-v1-20260902,True,0,West Sikkim
88.36470530718256,27.413141365085533,0.28935569054864274,low,random_forest-extended-v1-20260902,True,0,West Sikkim
88.33543467831974,27.210604883804905,0.3490123671133207,low,random_forest-extended-v1-20260902,True,0,West Sikkim
88.31768038204243,27.10579338673757,0.44624628651783477,moderate,random_forest-extended-v1-20260902,True,0,West Sikkim
88.33096115108528,27.2659357334382,0.7172374312246272,high,random_forest-extended-v1-20260902,True,0,West Sikkim
88.17337953410711,27.3015431047542,0.5021508521173376,moderate,random_forest-extended-v1-20260902,True,0,West Sikkim
88.2952763946219,27.13128255389041,0.554183216511806,moderate,random_forest-extended-v1-20260902,True,0,West Sikkim
88.23768670792532,27.27199027296105,0.3946722812802686,low,random_forest-extended-v1-20260902,True,0,West Sikkim
88.28335789017596,27.15112281330968,0.2496739108588955,low,random_forest-extended-v1-20260902,True,0,West Sikkim
88.28971650436546,27.36728099991489,0.297491173155005,low,random_forest-extended-v1-20260902,True,0,West Sikkim
88.37460551016018,27.415524271521207,0.23813401056177477,low,random_forest-extended-v1-20260902,True,0,West Sikkim
88.17041633508269,27.12886728870731,0.4467063740234379,moderate,random_forest-extended-v1-20260902,True,0,West Sikkim
88.30446723761904,27.112619842874995,0.19737854107993535,low,random_forest-extended-v1-20260902,True,0,West Sikkim
88.22960995663807,27.21432326208862,0.2173020894685331,low,random_forest-extended-v1-20260902,True,0,West Sikkim
88.19581393514191,27.343526651944607,0.13972556073629472,low,random_forest-extended-v1-20260902,True,0,West Sikkim
88.33132854191574,27.214767453266685,0.32504656538961596,low,random_forest-extended-v1-20260902,True,0,West Sikkim
88.300085730252,27.376679396446736,0.4197905064678752,low,random_forest-extended-v1-20260902,True,0,West Sikkim
88.22816913142677,27.10702343009535,0.1974113518989437,low,random_forest-extended-v1-20260902,True,0,West Sikkim
88.24870341966478,27.192167368466357,0.18432061658146867,low,random_forest-extended-v1-20260902,True,0,West Sikkim
88.2856140686393,27.167118205906423,0.5724165476463887,moderate,random_forest-extended-v1-20260902,True,0,West Sikkim
88.25417393777282,27.123868115285585,0.21158528174800592,low,random_forest-extended-v1-20260902,True,0,West Sikkim
88.2564272362452,27.14890800391133,0.24872234561418718,low,random_forest-extended-v1-20260902,True,0,West Sikkim
88.15959560747345,27.14725182314114,0.16116878951825336,low,random_forest-extended-v1-20260902,True,0,West Sikkim
88.34865262891533,27.136582572490155,0.5689166133522637,moderate,random_forest-extended-v1-20260902,True,0,West Sikkim
88.17970977383742,27.11746875676096,0.500759926275932,moderate,random_forest-extended-v1-20260902,True,0,West Sikkim
88.07562123591586,27.29341957028232,0.5926385755282861,moderate,random_forest-extended-v1-20260902,True,0,West Sikkim
88.25684811766732,27.30482592116284,0.4529964506529475,moderate,random_forest-extended-v1-20260902,True,0,West Sikkim
88.24688410099023,27.35734002587017,0.5098898006627167,moderate,random_forest-extended-v1-20260902,True,0,West Sikkim
88.15954212872398,27.181125354810263,0.5091961453587363,moderate,random_forest-extended-v1-20260902,True,0,West Sikkim
88.29948160184323,27.227214507808807,0.500598818547994,moderate,random_forest-extended-v1-20260902,True,0,West Sikkim
88.29052185547313,27.11688468631761,0.30276788732922494,low,random_forest-extended-v1-20260902,True,0,West Sikkim
88.30472559106776,27.399820367580183,0.5681598722154053,moderate,random_forest-extended-v1-20260902,True,0,West Sikkim
88.26697981429828,27.274775960341263,0.24708978553017355,low,random_forest-extended-v1-20260902,True,0,West Sikkim
88.32016614818055,27.199403548324916,0.4306225243235429,moderate,random_forest-extended-v1-20260902,True,0,West Sikkim
88.33421076297591,27.287934954812965,0.3355026784693914,low,random_forest-extended-v1-20260902,True,0,West Sikkim
88.23902107927837,27.240546887596107,0.3920022173790938,low,random_forest-extended-v1-20260902,True,0,West Sikkim
88.29383928675595,27.22802680732718,0.4958222468885005,moderate,random_forest-extended-v1-20260902,True,0,West Sikkim
88.2664354942615,27.21723472509246,0.5779157662996945,moderate,random_forest-extended-v1-20260902,True,0,West Sikkim
88.34818799360987,27.22778092808082,0.48448362167375925,moderate,random_forest-extended-v1-20260902,True,0,West Sikkim
88.26486028086745,27.32395864822698,0.49134470726931395,moderate,random_forest-extended-v1-20260902,True,0,West Sikkim
88.2612760021949,27.206079846565824,0.47200018642753255,moderate,random_forest-extended-v1-20260902,True,0,West Sikkim
88.34504092053602,27.209479370609,0.17464138588071257,low,random_forest-extended-v1-20260902,True,0,West Sikkim
88.35319572893616,27.22951452065388,0.5540275654542157,moderate,random_forest-extended-v1-20260902,True,0,West Sikkim
88.24179501456341,27.096862221308005,0.4284957924667947,moderate,random_forest-extended-v1-20260902,True,0,West Sikkim
88.18448630594173,27.263954650950627,0.46710423528306205,moderate,random_forest-extended-v1-20260902,True,0,West Sikkim
88.31802413695075,27.307792030669034,0.12244581156963263,low,random_forest-extended-v1-20260902,True,0,West Sikkim
88.25857000448755,27.15156907497184,0.3893368020121592,low,random_forest-extended-v1-20260902,True,0,West Sikkim
88.34321984199086,27.17253455485076,0.45844947810814046,moderate,random_forest-extended-v1-20260902,True,0,West Sikkim
88.30437141873702,27.130000730723925,0.5634490663408215,moderate,random_forest-extended-v1-20260902,True,0,West Sikkim
88.31918507925235,27.14979714178481,0.577982680456577,moderate,random_forest-extended-v1-20260902,True,0,West Sikkim
88.15096495844196,27.25003865764352,0.2724573913145966,low,random_forest-extended-v1-20260902,True,0,West Sikkim
88.24277530542425,27.134848009276794,0.5072190423758157,moderate,random_forest-extended-v1-20260902,True,0,West Sikkim
88.26141934873688,27.24026013597227,0.20932964299487572,low,random_forest-extended-v1-20260902,True,0,West Sikkim
88.13118060877702,27.256967755472424,0.2562904274017258,low,random_forest-extended-v1-20260902,True,0,West Sikkim
88.28515239221504,27.25306192538577,0.4115131948888085,low,random_forest-extended-v1-20260902,True,0,West Sikkim
88.11839433255793,27.275006884961478,0.4471387680756687,moderate,random_forest-extended-v1-20260902,True,0,West Sikkim
88.31941838980747,27.14679821523653,0.3027116568691316,low,random_forest-extended-v1-20260902,True,0,West Sikkim
88.11789851875508,27.13537192416288,0.46229708574625505,moderate,random_forest-extended-v1-20260902,True,0,West Sikkim
88.2776266485141,27.31386149295311,0.45222762245285464,moderate,random_forest-extended-v1-20260902,True,0,West Sikkim
88.30518207465772,27.218087287257067,0.4588858895316567,moderate,random_forest-extended-v1-20260902,True,0,West Sikkim
88.10841512619976,27.183870749903623,0.5142363710735944,moderate,random_forest-extended-v1-20260902,True,0,West Sikkim
88.30554354440169,27.37082755344741,0.38447699211150443,low,random_forest-extended-v1-20260902,True,0,West Sikkim
88.1968020870376,27.21438109219366,0.491668928608278,moderate,random_forest-extended-v1-20260902,True,0,West Sikkim
88.2314369340123,27.168519219166665,0.4938924812484301,moderate,random_forest-extended-v1-20260902,True,0,West Sikkim
88.17357984470274,27.137711364722445,0.346908897307811,low,random_forest-extended-v1-20260902,True,0,West Sikkim
88.20064732539012,27.32073923459076,0.611164847959437,high,random_forest-extended-v1-20260902,True,0,West Sikkim
88.18893014297066,27.15118324775904,0.36269775326868914,low,random_forest-extended-v1-20260902,True,0,West Sikkim
88.15332616225533,27.158429874745657,0.5976783905927399,high,random_forest-extended-v1-20260902,True,0,West Sikkim
88.27425894146427,27.275796200379126,0.48195393377394796,moderate,random_forest-extended-v1-20260902,True,0,West Sikkim
88.27205531924226,27.257057277041167,0.18965805972993013,low,random_forest-extended-v1-20260902,True,0,West Sikkim
88.17360610033154,27.2497057950014,0.563040860771775,moderate,random_forest-extended-v1-20260902,True,0,West Sikkim
88.22918380202029,27.237933967620727,0.5177104197384628,moderate,random_forest-extended-v1-20260902,True,0,West Sikkim
88.28746857647191,27.23113567301571,0.3699907295271152,low,random_forest-extended-v1-20260902,True,0,West Sikkim
88.31596874075468,27.160280088983452,0.3839231942128256,low,random_forest-extended-v1-20260902,True,0,West Sikkim
88.30104265448506,27.109344691228184,0.4212332047817071,low,random_forest-extended-v1-20260902,True,0,West Sikkim
88.28837675900013,27.368312894506516,0.607082930373909,high,random_forest-extended-v1-20260902,True,0,West Sikkim
88.20177194754399,27.276731257944625,0.19403334466917666,low,random_forest-extended-v1-20260902,True,0,West Sikkim
88.36260294495439,27.14342172973296,0.26140029457018665,low,random_forest-extended-v1-20260902,True,0,West Sikkim
88.20694055662696,27.11563961314323,0.5506218593541665,moderate,random_forest-extended-v1-20260902,True,0,West Sikkim
88.30800629265934,27.401846406107552,0.5209842633407722,moderate,random_forest-extended-v1-20260902,True,0,West Sikkim
88.25971347131807,27.21269276384629,0.4870405458363775,moderate,random_forest-extended-v1-20260902,True,0,West Sikkim
88.31564666608375,27.153182368199623,0.3732725191906411,low,random_forest-extended-v1-20260902,True,0,West Sikkim
88.35303503440201,27.22903961181352,0.4753895427453336,moderate,random_forest-extended-v1-20260902,True,0,West Sikkim
88.24476874533407,27.205492289465276,0.6541870238637252,high,random_forest-extended-v1-20260902,True,0,West Sikkim
88.26473651793617,27.305000045136715,0.1926019636322237,low,random_forest-extended-v1-20260902,True,0,West Sikkim
88.18638017752284,27.12245378573356,0.3931906848790885,low,random_forest-extended-v1-20260902,True,0,West Sikkim
88.2884251608717,27.247559872337384,0.5976627274429884,high,random_forest-extended-v1-20260902,True,0,West Sikkim
88.07619772576675,27.168999056875744,0.37333332884784864,low,random_forest-extended-v1-20260902,True,0,West Sikkim
88.32253416494994,27.38385109000053,0.17797295618804557,low,random_forest-extended-v1-20260902,True,0,West Sikkim
88.11294038641425,27.132439224278038,0.635814589129028,high,random_forest-extended-v1-20260902,True,0,West Sikkim
88.35681876570986,27.101768335175315,0.5046983726247058,moderate,random_forest-extended-v1-20260902,True,0,West Sikkim
88.3155633892644,27.10905349777453,0.2118150238799736,low,random_forest-extended-v1-20260902,True,0,West Sikkim
88.29201899255051,27.3556974594158,0.38889445513738885,low,random_forest-extended-v1-20260902,True,0,West Sikkim
88.36222199519102,27.095957601721903,0.291512190407436,low,random_forest-extended-v1-20260902,True,0,West Sikkim
88.31972841672324,27.240186416560316,0.25352221639901745,low,random_forest-extended-v1-20260902,True,0,West Sikkim
88.16204487999671,27.160159993109318,0.32192170634960965,low,random_forest-extended-v1-20260902,True,0,West Sikkim
88.22463623482243,27.28596466879,0.25528526294758946,low,random_forest-extended-v1-20260902,True,0,West Sikkim
88.23739121074617,27.33111459593509,0.23561019371130362,low,random_forest-extended-v1-20260902,True,0,West Sikkim
88.29259278777195,27.155243767048844,0.7190180974291175,high,random_forest-extended-v1-20260902,True,0,West Sikkim
88.22435012237717,27.267953353230425,0.5115301026756431,moderate,random_forest-extended-v1-20260902,True,0,West district
88.22293654089636,27.302617719909293,0.45326356365478415,moderate,random_forest-extended-v1-20260902,True,0,West district
