{"type": "FeatureCollection", "features": [{"type": "Feature", "properties": {"power": "tower", "telecom": ""}, "geometry": {"type": "Point", "coordinates": [88.1693729, 26.9034891]}}, {"type": "Feature", "properties": {"power": "tower", "telecom": ""}, "geometry": {"type": "Point", "coordinates": [88.1687753, 26.9062546]}}, {"type": "Feature", "properties": {"power": "tower", "telecom": ""}, "geometry": {"type": "Point", "coordinates": [88.1688756, 26.9080983]}}, {"type": "Feature", "properties": {"power": "tower", "telecom": ""}, "geometry": {"type": "Point", "coordinates": [88.1700097, 26.911731]}}, {"type": "Feature", "properties": {"power": "tower", "telecom": ""}, "geometry": {"type": "Point", "coordinates": [88.1710696, 26.914578]}}, {"type": "Feature", "properties": {"power": "tower", "telecom": ""}, "geometry": {"type": "Point", "coordinates": [88.1714839, 26.916266]}}, {"type": "Feature", "properties": {"power": "tower", "telecom": ""}, "geometry": {"type": "Point", "coordinates": [88.1711157, 26.9217704]}}, {"type": "Feature", "properties": {"power": "tower", "telecom": ""}, "geometry": {"type": "Point", "coordinates": [88.1713962, 26.9233418]}}, {"type": "Feature", "properties": {"power": "tower", "telecom": ""}, "geometry": {"type": "Point", "coordinates": [88.1737123, 26.9261185]}}, {"type": "Feature", "properties": {"power": "tower", "telecom": ""}, "geometry": {"type": "Point", "coordinates": [88.1774372, 26.928654]}}, {"type": "Feature", "properties": {"power": "tower", "telecom": ""}, "geometry": {"type": "Point", "coordinates": [88.1796661, 26.9313256]}}, {"type": "Feature", "properties": {"power": "tower", "telecom": ""}, "geometry": {"type": "Point", "coordinates": [88.1814893, 26.9329005]}}, {"type": "Feature", "properties": {"power": "tower", "telecom": ""}, "geometry": {"type": "Point", "coordinates": [88.1874431, 26.9347204]}}, {"type": "Feature", "properties": {"power": "tower", "telecom": ""}, "geometry": {"type": "Point", "coordinates": [88.1833561, 26.9349032]}}, {"type": "Feature", "properties": {"power": "tower", "telecom": ""}, "geometry": {"type": "Point", "coordinates": [88.1845861, 26.9354592]}}, {"type": "Feature", "properties": {"power": "tower", "telecom": ""}, "geometry": {"type": "Point", "coordinates": [88.19112, 26.9366375]}}, {"type": "Feature", "properties": {"power": "tower", "telecom": ""}, "geometry": {"type": "Point", "coordinates": [88.1920098, 26.9383484]}}, {"type": "Feature", "properties": {"power": "tower", "telecom": ""}, "geometry": {"type": "Point", "coordinates": [88.191735, 26.9402654]}}, {"type": "Feature", "properties": {"power": "tower", "telecom": ""}, "geometry": {"type": "Point", "coordinates": [88.192036, 26.9448964]}}, {"type": "Feature", "properties": {"power": "tower", "telecom": ""}, "geometry": {"type": "Point", "coordinates": [88.1921581, 26.9456896]}}, {"type": "Feature", "properties": {"power": "tower", "telecom": ""}, "geometry": {"type": "Point", "coordinates": [88.1924329, 26.9463545]}}, {"type": "Feature", "properties": {"power": "tower", "telecom": ""}, "geometry": {"type": "Point", "coordinates": [88.1972021, 26.9537846]}}, {"type": "Feature", "properties": {"power": "tower", "telecom": ""}, "geometry": {"type": "Point", "coordinates": [88.1986486, 26.9557227]}}, {"type": "Feature", "properties": {"power": "tower", "telecom": ""}, "geometry": {"type": "Point", "coordinates": [88.1997898, 26.9577406]}}, {"type": "Feature", "properties": {"power": "tower", "telecom": ""}, "geometry": {"type": "Point", "coordinates": [88.199321, 26.9596374]}}, {"type": "Feature", "properties": {"power": "tower", "telecom": ""}, "geometry": {"type": "Point", "coordinates": [88.194781, 26.9671751]}}, {"type": "Feature", "properties": {"power": "tower", "telecom": ""}, "geometry": {"type": "Point", "coordinates": [88.193683, 26.9683901]}}, {"type": "Feature", "properties": {"power": "tower", "telecom": ""}, "geometry": {"type": "Point", "coordinates": [88.1917831, 26.9700174]}}, {"type": "Feature", "properties": {"power": "tower", "telecom": ""}, "geometry": {"type": "Point", "coordinates": [88.1913883, 26.9710454]}}, {"type": "Feature", "properties": {"power": "tower", "telecom": ""}, "geometry": {"type": "Point", "coordinates": [88.1902975, 26.9719804]}}, {"type": "Feature", "properties": {"power": "tower", "telecom": ""}, "geometry": {"type": "Point", "coordinates": [88.1894382, 26.9736247]}}, {"type": "Feature", "properties": {"power": "tower", "telecom": ""}, "geometry": {"type": "Point", "coordinates": [88.1885746, 26.9739901]}}, {"type": "Feature", "properties": {"power": "tower", "telecom": ""}, "geometry": {"type": "Point", "coordinates": [88.1862716, 26.9748842]}}, {"type": "Feature", "properties": {"power": "tower", "telecom": ""}, "geometry": {"type": "Point", "coordinates": [88.185517, 26.9755916]}}, {"type": "Feature", "properties": {"power": "tower", "telecom": ""}, "geometry": {"type": "Point", "coordinates": [88.1827647, 26.9779939]}}, {"type": "Feature", "properties": {"power": "tower", "telecom": ""}, "geometry": {"type": "Point", "coordinates": [88.1823285, 26.9788491]}}, {"type": "Feature", "properties": {"power": "tower", "telecom": ""}, "geometry": {"type": "Point", "coordinates": [88.1820101, 26.9798869]}}, {"type": "Feature", "properties": {"power": "tower", "telecom": ""}, "geometry": {"type": "Point", "coordinates": [88.1810505, 26.9821763]}}, {"type": "Feature", "properties": {"power": "tower", "telecom": ""}, "geometry": {"type": "Point", "coordinates": [88.1799601, 26.9830626]}}, {"type": "Feature", "properties": {"power": "tower", "telecom": ""}, "geometry": {"type": "Point", "coordinates": [88.1790398, 26.9835096]}}, {"type": "Feature", "properties": {"power": "tower", "telecom": ""}, "geometry": {"type": "Point", "coordinates": [88.1783463, 26.9850604]}}, {"type": "Feature", "properties": {"power": "tower", "telecom": ""}, "geometry": {"type": "Point", "coordinates": [88.177186, 26.9876802]}}, {"type": "Feature", "properties": {"power": "tower", "telecom": ""}, "geometry": {"type": "Point", "coordinates": [88.1761479, 26.989503]}}, {"type": "Feature", "properties": {"power": "tower", "telecom": ""}, "geometry": {"type": "Point", "coordinates": [88.174268, 26.9917146]}}, {"type": "Feature", "properties": {"power": "tower", "telecom": ""}, "geometry": {"type": "Point", "coordinates": [88.1718211, 26.9931643]}}, {"type": "Feature", "properties": {"power": "tower", "telecom": ""}, "geometry": {"type": "Point", "coordinates": [88.1714809, 26.9938211]}}, {"type": "Feature", "properties": {"power": "tower", "telecom": ""}, "geometry": {"type": "Point", "coordinates": [88.1699891, 26.9950842]}}, {"type": "Feature", "properties": {"power": "tower", "telecom": ""}, "geometry": {"type": "Point", "coordinates": [88.1691342, 26.9979213]}}, {"type": "Feature", "properties": {"power": "tower", "telecom": ""}, "geometry": {"type": "Point", "coordinates": [88.1689074, 27.0000355]}}, {"type": "Feature", "properties": {"power": "tower", "telecom": ""}, "geometry": {"type": "Point", "coordinates": [88.1681136, 27.0027909]}}, {"type": "Feature", "properties": {"power": "tower", "telecom": ""}, "geometry": {"type": "Point", "coordinates": [88.1660139, 27.0116374]}}, {"type": "Feature", "properties": {"power": "tower", "telecom": ""}, "geometry": {"type": "Point", "coordinates": [88.1645309, 27.0142526]}}, {"type": "Feature", "properties": {"power": "tower", "telecom": ""}, "geometry": {"type": "Point", "coordinates": [88.1626509, 27.0176255]}}, {"type": "Feature", "properties": {"power": "tower", "telecom": ""}, "geometry": {"type": "Point", "coordinates": [88.1629815, 27.0213138]}}, {"type": "Feature", "properties": {"power": "tower", "telecom": ""}, "geometry": {"type": "Point", "coordinates": [88.1712611, 27.002921]}}, {"type": "Feature", "properties": {"power": "tower", "telecom": ""}, "geometry": {"type": "Point", "coordinates": [88.1703853, 27.0040746]}}, {"type": "Feature", "properties": {"power": "tower", "telecom": ""}, "geometry": {"type": "Point", "coordinates": [88.1700809, 27.00488]}}, {"type": "Feature", "properties": {"power": "tower", "telecom": ""}, "geometry": {"type": "Point", "coordinates": [88.1673402, 27.0121308]}}, {"type": "Feature", "properties": {"power": "tower", "telecom": ""}, "geometry": {"type": "Point", "coordinates": [88.1637103, 27.0174001]}}, {"type": "Feature", "properties": {"power": "tower", "telecom": ""}, "geometry": {"type": "Point", "coordinates": [88.163946, 27.0209519]}}, {"type": "Feature", "properties": {"power": "tower", "telecom": ""}, "geometry": {"type": "Point", "coordinates": [88.1638628, 27.0216838]}}, {"type": "Feature", "properties": {"power": "tower", "telecom": ""}, "geometry": {"type": "Point", "coordinates": [88.1640466, 27.0222212]}}, {"type": "Feature", "properties": {"power": "tower", "telecom": ""}, "geometry": {"type": "Point", "coordinates": [88.1627025, 27.0227474]}}, {"type": "Feature", "properties": {"power": "tower", "telecom": ""}, "geometry": {"type": "Point", "coordinates": [88.1668201, 27.0234041]}}, {"type": "Feature", "properties": {"power": "tower", "telecom": ""}, "geometry": {"type": "Point", "coordinates": [88.1622661, 27.0239398]}}, {"type": "Feature", "properties": {"power": "tower", "telecom": ""}, "geometry": {"type": "Point", "coordinates": [88.1627074, 27.027377]}}, {"type": "Feature", "properties": {"power": "tower", "telecom": ""}, "geometry": {"type": "Point", "coordinates": [88.1692574, 27.0291391]}}, {"type": "Feature", "properties": {"power": "tower", "telecom": ""}, "geometry": {"type": "Point", "coordinates": [88.1695867, 27.0297382]}}, {"type": "Feature", "properties": {"power": "tower", "telecom": ""}, "geometry": {"type": "Point", "coordinates": [88.167223, 27.0297398]}}, {"type": "Feature", "properties": {"power": "tower", "telecom": ""}, "geometry": {"type": "Point", "coordinates": [88.1696549, 27.0304037]}}, {"type": "Feature", "properties": {"power": "tower", "telecom": ""}, "geometry": {"type": "Point", "coordinates": [88.1766142, 27.033373]}}, {"type": "Feature", "properties": {"power": "tower", "telecom": ""}, "geometry": {"type": "Point", "coordinates": [88.1764651, 27.0336093]}}, {"type": "Feature", "properties": {"power": "tower", "telecom": ""}, "geometry": {"type": "Point", "coordinates": [88.1784482, 27.0342222]}}, {"type": "Feature", "properties": {"power": "tower", "telecom": ""}, "geometry": {"type": "Point", "coordinates": [88.1779458, 27.0343168]}}, {"type": "Feature", "properties": {"power": "tower", "telecom": ""}, "geometry": {"type": "Point", "coordinates": [88.1827068, 27.042134]}}, {"type": "Feature", "properties": {"power": "tower", "telecom": ""}, "geometry": {"type": "Point", "coordinates": [88.1829529, 27.0425416]}}, {"type": "Feature", "properties": {"power": "tower", "telecom": ""}, "geometry": {"type": "Point", "coordinates": [88.1817504, 27.0432661]}}, {"type": "Feature", "properties": {"power": "tower", "telecom": ""}, "geometry": {"type": "Point", "coordinates": [88.1830708, 27.0433877]}}, {"type": "Feature", "properties": {"power": "tower", "telecom": ""}, "geometry": {"type": "Point", "coordinates": [88.1830348, 27.0447796]}}, {"type": "Feature", "properties": {"power": "tower", "telecom": ""}, "geometry": {"type": "Point", "coordinates": [88.1847304, 27.0452967]}}, {"type": "Feature", "properties": {"power": "tower", "telecom": ""}, "geometry": {"type": "Point", "coordinates": [88.1845424, 27.0460687]}}, {"type": "Feature", "properties": {"power": "tower", "telecom": ""}, "geometry": {"type": "Point", "coordinates": [88.193196, 27.0471402]}}, {"type": "Feature", "properties": {"power": "tower", "telecom": ""}, "geometry": {"type": "Point", "coordinates": [88.1927812, 27.047563]}}, {"type": "Feature", "properties": {"power": "tower", "telecom": ""}, "geometry": {"type": "Point", "coordinates": [88.1944687, 27.0486235]}}, {"type": "Feature", "properties": {"power": "tower", "telecom": ""}, "geometry": {"type": "Point", "coordinates": [88.1941184, 27.0492358]}}, {"type": "Feature", "properties": {"power": "tower", "telecom": ""}, "geometry": {"type": "Point", "coordinates": [88.1951624, 27.0521526]}}, {"type": "Feature", "properties": {"power": "tower", "telecom": ""}, "geometry": {"type": "Point", "coordinates": [88.1945892, 27.0527016]}}, {"type": "Feature", "properties": {"power": "tower", "telecom": ""}, "geometry": {"type": "Point", "coordinates": [88.1952616, 27.0541869]}}, {"type": "Feature", "properties": {"power": "tower", "telecom": ""}, "geometry": {"type": "Point", "coordinates": [88.1948497, 27.0547979]}}, {"type": "Feature", "properties": {"power": "tower", "telecom": ""}, "geometry": {"type": "Point", "coordinates": [88.1952935, 27.0555462]}}, {"type": "Feature", "properties": {"power": "tower", "telecom": ""}, "geometry": {"type": "Point", "coordinates": [88.193287, 27.056872]}}, {"type": "Feature", "properties": {"power": "tower", "telecom": ""}, "geometry": {"type": "Point", "coordinates": [88.1976388, 27.0580564]}}, {"type": "Feature", "properties": {"power": "tower", "telecom": ""}, "geometry": {"type": "Point", "coordinates": [88.1931468, 27.0584464]}}, {"type": "Feature", "properties": {"power": "tower", "telecom": ""}, "geometry": {"type": "Point", "coordinates": [88.2019549, 27.0617301]}}, {"type": "Feature", "properties": {"power": "tower", "telecom": ""}, "geometry": {"type": "Point", "coordinates": [88.1975893, 27.0620859]}}, {"type": "Feature", "properties": {"power": "tower", "telecom": ""}, "geometry": {"type": "Point", "coordinates": [88.2030067, 27.0627424]}}, {"type": "Feature", "properties": {"power": "tower", "telecom": ""}, "geometry": {"type": "Point", "coordinates": [88.2005392, 27.0639368]}}, {"type": "Feature", "properties": {"power": "tower", "telecom": ""}, "geometry": {"type": "Point", "coordinates": [88.2035592, 27.0640354]}}, {"type": "Feature", "properties": {"power": "tower", "telecom": ""}, "geometry": {"type": "Point", "coordinates": [88.2046953, 27.0646991]}}, {"type": "Feature", "properties": {"power": "tower", "telecom": ""}, "geometry": {"type": "Point", "coordinates": [88.2024474, 27.0648779]}}, {"type": "Feature", "properties": {"power": "tower", "telecom": ""}, "geometry": {"type": "Point", "coordinates": [88.2063428, 27.0652906]}}, {"type": "Feature", "properties": {"power": "tower", "telecom": ""}, "geometry": {"type": "Point", "coordinates": [88.2073875, 27.0660569]}}, {"type": "Feature", "properties": {"power": "tower", "telecom": ""}, "geometry": {"type": "Point", "coordinates": [88.2043756, 27.0667733]}}, {"type": "Feature", "properties": {"power": "tower", "telecom": ""}, "geometry": {"type": "Point", "coordinates": [88.2079754, 27.0668485]}}, {"type": "Feature", "properties": {"power": "tower", "telecom": ""}, "geometry": {"type": "Point", "coordinates": [88.2091511, 27.0669943]}}, {"type": "Feature", "properties": {"power": "tower", "telecom": ""}, "geometry": {"type": "Point", "coordinates": [88.2084048, 27.0670723]}}, {"type": "Feature", "properties": {"power": "tower", "telecom": ""}, "geometry": {"type": "Point", "coordinates": [88.2079754, 27.06729]}}, {"type": "Feature", "properties": {"power": "tower", "telecom": ""}, "geometry": {"type": "Point", "coordinates": [88.2049466, 27.0673977]}}, {"type": "Feature", "properties": {"power": "tower", "telecom": ""}, "geometry": {"type": "Point", "coordinates": [88.2077735, 27.0676812]}}, {"type": "Feature", "properties": {"power": "tower", "telecom": ""}, "geometry": {"type": "Point", "coordinates": [88.2113554, 27.0677467]}}, {"type": "Feature", "properties": {"power": "tower", "telecom": ""}, "geometry": {"type": "Point", "coordinates": [88.206579, 27.0684327]}}, {"type": "Feature", "properties": {"power": "tower", "telecom": ""}, "geometry": {"type": "Point", "coordinates": [88.2068899, 27.0688204]}}, {"type": "Feature", "properties": {"power": "tower", "telecom": ""}, "geometry": {"type": "Point", "coordinates": [88.2039896, 27.0694535]}}, {"type": "Feature", "properties": {"power": "tower", "telecom": ""}, "geometry": {"type": "Point", "coordinates": [88.2034185, 27.0710016]}}, {"type": "Feature", "properties": {"power": "tower", "telecom": ""}, "geometry": {"type": "Point", "coordinates": [88.1796698, 27.0717962]}}, {"type": "Feature", "properties": {"power": "tower", "telecom": ""}, "geometry": {"type": "Point", "coordinates": [88.2071253, 27.0718307]}}, {"type": "Feature", "properties": {"power": "tower", "telecom": ""}, "geometry": {"type": "Point", "coordinates": [88.1855522, 27.0719349]}}, {"type": "Feature", "properties": {"power": "tower", "telecom": ""}, "geometry": {"type": "Point", "coordinates": [88.1839975, 27.0720106]}}, {"type": "Feature", "properties": {"power": "tower", "telecom": ""}, "geometry": {"type": "Point", "coordinates": [88.1814972, 27.0721998]}}, {"type": "Feature", "properties": {"power": "tower", "telecom": ""}, "geometry": {"type": "Point", "coordinates": [88.219168, 27.0728133]}}, {"type": "Feature", "properties": {"power": "tower", "telecom": ""}, "geometry": {"type": "Point", "coordinates": [88.2073206, 27.0731552]}}, {"type": "Feature", "properties": {"power": "tower", "telecom": ""}, "geometry": {"type": "Point", "coordinates": [88.1919939, 27.0738862]}}, {"type": "Feature", "properties": {"power": "tower", "telecom": ""}, "geometry": {"type": "Point", "coordinates": [88.1959442, 27.0749052]}}, {"type": "Feature", "properties": {"power": "tower", "telecom": ""}, "geometry": {"type": "Point", "coordinates": [88.2221747, 27.0749828]}}, {"type": "Feature", "properties": {"power": "tower", "telecom": ""}, "geometry": {"type": "Point", "coordinates": [88.1977787, 27.0754349]}}, {"type": "Feature", "properties": {"power": "tower", "telecom": ""}, "geometry": {"type": "Point", "coordinates": [88.1992094, 27.0758449]}}, {"type": "Feature", "properties": {"power": "tower", "telecom": ""}, "geometry": {"type": "Point", "coordinates": [88.2135761, 27.0759469]}}, {"type": "Feature", "properties": {"power": "tower", "telecom": ""}, "geometry": {"type": "Point", "coordinates": [88.2244731, 27.0767613]}}, {"type": "Feature", "properties": {"power": "tower", "telecom": ""}, "geometry": {"type": "Point", "coordinates": [88.220112, 27.0770618]}}, {"type": "Feature", "properties": {"power": "tower", "telecom": ""}, "geometry": {"type": "Point", "coordinates": [88.2226413, 27.0776593]}}, {"type": "Feature", "properties": {"power": "tower", "telecom": ""}, "geometry": {"type": "Point", "coordinates": [88.2259568, 27.0797508]}}, {"type": "Feature", "properties": {"power": "tower", "telecom": ""}, "geometry": {"type": "Point", "coordinates": [88.2303893, 27.0839603]}}, {"type": "Feature", "properties": {"power": "tower", "telecom": ""}, "geometry": {"type": "Point", "coordinates": [88.2337499, 27.0865734]}}, {"type": "Feature", "properties": {"power": "tower", "telecom": ""}, "geometry": {"type": "Point", "coordinates": [88.2344561, 27.090203]}}, {"type": "Feature", "properties": {"power": "tower", "telecom": ""}, "geometry": {"type": "Point", "coordinates": [88.2368802, 27.0951746]}}, {"type": "Feature", "properties": {"power": "tower", "telecom": ""}, "geometry": {"type": "Point", "coordinates": [88.2397249, 27.0966638]}}, {"type": "Feature", "properties": {"power": "tower", "telecom": ""}, "geometry": {"type": "Point", "coordinates": [88.2406345, 27.0993889]}}, {"type": "Feature", "properties": {"power": "tower", "telecom": ""}, "geometry": {"type": "Point", "coordinates": [88.245324, 27.1022636]}}, {"type": "Feature", "properties": {"power": "tower", "telecom": ""}, "geometry": {"type": "Point", "coordinates": [88.2503859, 27.1050643]}}, {"type": "Feature", "properties": {"power": "tower", "telecom": ""}, "geometry": {"type": "Point", "coordinates": [88.2549286, 27.1075654]}}, {"type": "Feature", "properties": {"power": "tower", "telecom": ""}, "geometry": {"type": "Point", "coordinates": [88.264129, 27.1093933]}}, {"type": "Feature", "properties": {"power": "tower", "telecom": ""}, "geometry": {"type": "Point", "coordinates": [88.268286, 27.1098034]}}, {"type": "Feature", "properties": {"power": "tower", "telecom": ""}, "geometry": {"type": "Point", "coordinates": [88.2726433, 27.1109714]}}, {"type": "Feature", "properties": {"power": "tower", "telecom": ""}, "geometry": {"type": "Point", "coordinates": [88.2798003, 27.1143239]}}, {"type": "Feature", "properties": {"power": "tower", "telecom": ""}, "geometry": {"type": "Point", "coordinates": [88.2817586, 27.1151976]}}, {"type": "Feature", "properties": {"power": "tower", "telecom": ""}, "geometry": {"type": "Point", "coordinates": [88.2911697, 27.1173521]}}, {"type": "Feature", "properties": {"power": "tower", "telecom": ""}, "geometry": {"type": "Point", "coordinates": [88.2871541, 27.1176226]}}, {"type": "Feature", "properties": {"power": "tower", "telecom": ""}, "geometry": {"type": "Point", "coordinates": [88.2961982, 27.1189749]}}, {"type": "Feature", "properties": {"power": "tower", "telecom": ""}, "geometry": {"type": "Point", "coordinates": [88.3134226, 27.1192323]}}, {"type": "Feature", "properties": {"power": "tower", "telecom": ""}, "geometry": {"type": "Point", "coordinates": [88.3062335, 27.1195996]}}, {"type": "Feature", "properties": {"power": "tower", "telecom": ""}, "geometry": {"type": "Point", "coordinates": [88.3119494, 27.1196511]}}, {"type": "Feature", "properties": {"power": "tower", "telecom": ""}, "geometry": {"type": "Point", "coordinates": [88.3094026, 27.119722]}}, {"type": "Feature", "properties": {"power": "tower", "telecom": ""}, "geometry": {"type": "Point", "coordinates": [88.3240457, 27.1210866]}}, {"type": "Feature", "properties": {"power": "tower", "telecom": ""}, "geometry": {"type": "Point", "coordinates": [88.2993817, 27.1211001]}}, {"type": "Feature", "properties": {"power": "tower", "telecom": ""}, "geometry": {"type": "Point", "coordinates": [88.3015957, 27.1213963]}}, {"type": "Feature", "properties": {"power": "tower", "telecom": ""}, "geometry": {"type": "Point", "coordinates": [88.3279595, 27.1214736]}}, {"type": "Feature", "properties": {"power": "tower", "telecom": ""}, "geometry": {"type": "Point", "coordinates": [88.324982, 27.1215283]}}, {"type": "Feature", "properties": {"power": "tower", "telecom": ""}, "geometry": {"type": "Point", "coordinates": [88.3306762, 27.1218834]}}, {"type": "Feature", "properties": {"power": "tower", "telecom": ""}, "geometry": {"type": "Point", "coordinates": [88.3390206, 27.1230582]}}, {"type": "Feature", "properties": {"power": "tower", "telecom": ""}, "geometry": {"type": "Point", "coordinates": [88.3350812, 27.1231675]}}, {"type": "Feature", "properties": {"power": "tower", "telecom": ""}, "geometry": {"type": "Point", "coordinates": [88.3395936, 27.1231705]}}, {"type": "Feature", "properties": {"power": "tower", "telecom": ""}, "geometry": {"type": "Point", "coordinates": [88.3390436, 27.123376]}}, {"type": "Feature", "properties": {"power": "tower", "telecom": ""}, "geometry": {"type": "Point", "coordinates": [88.3415479, 27.1247476]}}, {"type": "Feature", "properties": {"power": "tower", "telecom": ""}, "geometry": {"type": "Point", "coordinates": [88.3426138, 27.1264029]}}, {"type": "Feature", "properties": {"power": "tower", "telecom": ""}, "geometry": {"type": "Point", "coordinates": [88.3437342, 27.1276824]}}, {"type": "Feature", "properties": {"power": "tower", "telecom": ""}, "geometry": {"type": "Point", "coordinates": [88.3434426, 27.1295993]}}, {"type": "Feature", "properties": {"power": "tower", "telecom": ""}, "geometry": {"type": "Point", "coordinates": [88.3531709, 27.1301371]}}, {"type": "Feature", "properties": {"power": "tower", "telecom": ""}, "geometry": {"type": "Point", "coordinates": [88.3434682, 27.13056]}}, {"type": "Feature", "properties": {"power": "tower", "telecom": ""}, "geometry": {"type": "Point", "coordinates": [88.3516985, 27.1307199]}}, {"type": "Feature", "properties": {"power": "tower", "telecom": ""}, "geometry": {"type": "Point", "coordinates": [88.3606205, 27.1307493]}}, {"type": "Feature", "properties": {"power": "tower", "telecom": ""}, "geometry": {"type": "Point", "coordinates": [88.3481677, 27.1320818]}}, {"type": "Feature", "properties": {"power": "tower", "telecom": ""}, "geometry": {"type": "Point", "coordinates": [88.3456788, 27.1322073]}}, {"type": "Feature", "properties": {"power": "tower", "telecom": ""}, "geometry": {"type": "Point", "coordinates": [88.3465289, 27.1324552]}}, {"type": "Feature", "properties": {"power": "tower", "telecom": ""}, "geometry": {"type": "Point", "coordinates": [88.3635521, 27.1330304]}}, {"type": "Feature", "properties": {"power": "tower", "telecom": ""}, "geometry": {"type": "Point", "coordinates": [88.3644269, 27.1339638]}}, {"type": "Feature", "properties": {"power": "tower", "telecom": ""}, "geometry": {"type": "Point", "coordinates": [88.3688831, 27.1408842]}}, {"type": "Feature", "properties": {"power": "tower", "telecom": ""}, "geometry": {"type": "Point", "coordinates": [88.3696505, 27.1418812]}}, {"type": "Feature", "properties": {"power": "tower", "telecom": ""}, "geometry": {"type": "Point", "coordinates": [88.3700802, 27.1427553]}}, {"type": "Feature", "properties": {"power": "tower", "telecom": ""}, "geometry": {"type": "Point", "coordinates": [88.3707402, 27.1438616]}}, {"type": "Feature", "properties": {"power": "tower", "telecom": ""}, "geometry": {"type": "Point", "coordinates": [88.3769563, 27.1457373]}}, {"type": "Feature", "properties": {"power": "tower", "telecom": ""}, "geometry": {"type": "Point", "coordinates": [88.377693, 27.1464657]}}, {"type": "Feature", "properties": {"power": "tower", "telecom": ""}, "geometry": {"type": "Point", "coordinates": [88.3788799, 27.1477723]}}, {"type": "Feature", "properties": {"power": "tower", "telecom": ""}, "geometry": {"type": "Point", "coordinates": [88.3844361, 27.149941]}}, {"type": "Feature", "properties": {"power": "tower", "telecom": ""}, "geometry": {"type": "Point", "coordinates": [88.3870145, 27.1516509]}}, {"type": "Feature", "properties": {"power": "tower", "telecom": ""}, "geometry": {"type": "Point", "coordinates": [88.3878075, 27.1542275]}}, {"type": "Feature", "properties": {"power": "tower", "telecom": ""}, "geometry": {"type": "Point", "coordinates": [88.3931232, 27.1578783]}}, {"type": "Feature", "properties": {"power": "tower", "telecom": ""}, "geometry": {"type": "Point", "coordinates": [88.4321284, 27.1579557]}}, {"type": "Feature", "properties": {"power": "tower", "telecom": ""}, "geometry": {"type": "Point", "coordinates": [88.4334023, 27.1582288]}}, {"type": "Feature", "properties": {"power": "tower", "telecom": ""}, "geometry": {"type": "Point", "coordinates": [88.4287364, 27.1582334]}}, {"type": "Feature", "properties": {"power": "tower", "telecom": ""}, "geometry": {"type": "Point", "coordinates": [88.4208474, 27.1587478]}}, {"type": "Feature", "properties": {"power": "tower", "telecom": ""}, "geometry": {"type": "Point", "coordinates": [88.3958854, 27.1589694]}}, {"type": "Feature", "properties": {"power": "tower", "telecom": ""}, "geometry": {"type": "Point", "coordinates": [88.4176958, 27.1602727]}}, {"type": "Feature", "properties": {"power": "tower", "telecom": ""}, "geometry": {"type": "Point", "coordinates": [88.4374491, 27.1610192]}}, {"type": "Feature", "properties": {"power": "tower", "telecom": ""}, "geometry": {"type": "Point", "coordinates": [88.3996726, 27.1611609]}}, {"type": "Feature", "properties": {"power": "tower", "telecom": ""}, "geometry": {"type": "Point", "coordinates": [88.4023168, 27.1613834]}}, {"type": "Feature", "properties": {"power": "tower", "telecom": ""}, "geometry": {"type": "Point", "coordinates": [88.4155113, 27.1614516]}}, {"type": "Feature", "properties": {"power": "tower", "telecom": ""}, "geometry": {"type": "Point", "coordinates": [88.4076171, 27.1618932]}}, {"type": "Feature", "properties": {"power": "tower", "telecom": ""}, "geometry": {"type": "Point", "coordinates": [88.4088757, 27.1620753]}}, {"type": "Feature", "properties": {"power": "tower", "telecom": ""}, "geometry": {"type": "Point", "coordinates": [88.4064455, 27.1620935]}}, {"type": "Feature", "properties": {"power": "tower", "telecom": ""}, "geometry": {"type": "Point", "coordinates": [88.4404479, 27.1655004]}}, {"type": "Feature", "properties": {"power": "tower", "telecom": ""}, "geometry": {"type": "Point", "coordinates": [88.4424125, 27.1695377]}}, {"type": "Feature", "properties": {"power": "tower", "telecom": ""}, "geometry": {"type": "Point", "coordinates": [88.4437887, 27.1719227]}}, {"type": "Feature", "properties": {"power": "tower", "telecom": ""}, "geometry": {"type": "Point", "coordinates": [88.4446584, 27.1733474]}}, {"type": "Feature", "properties": {"power": "tower", "telecom": ""}, "geometry": {"type": "Point", "coordinates": [88.4462086, 27.1758188]}}, {"type": "Feature", "properties": {"power": "tower", "telecom": ""}, "geometry": {"type": "Point", "coordinates": [88.4473802, 27.1778304]}}, {"type": "Feature", "properties": {"power": "tower", "telecom": ""}, "geometry": {"type": "Point", "coordinates": [88.4465053, 27.1806249]}}, {"type": "Feature", "properties": {"power": "tower", "telecom": ""}, "geometry": {"type": "Point", "coordinates": [88.4473853, 27.1830916]}}, {"type": "Feature", "properties": {"power": "tower", "telecom": ""}, "geometry": {"type": "Point", "coordinates": [88.4473035, 27.1843021]}}, {"type": "Feature", "properties": {"power": "tower", "telecom": ""}, "geometry": {"type": "Point", "coordinates": [88.4501989, 27.1962573]}}, {"type": "Feature", "properties": {"power": "tower", "telecom": ""}, "geometry": {"type": "Point", "coordinates": [88.450511, 27.1966395]}}, {"type": "Feature", "properties": {"power": "tower", "telecom": ""}, "geometry": {"type": "Point", "coordinates": [88.455489, 27.2012627]}}, {"type": "Feature", "properties": {"power": "tower", "telecom": ""}, "geometry": {"type": "Point", "coordinates": [88.457561, 27.2025004]}}, {"type": "Feature", "properties": {"power": "tower", "telecom": ""}, "geometry": {"type": "Point", "coordinates": [88.466243, 27.2102492]}}, {"type": "Feature", "properties": {"power": "tower", "telecom": ""}, "geometry": {"type": "Point", "coordinates": [88.4672304, 27.2115596]}}, {"type": "Feature", "properties": {"power": "tower", "telecom": ""}, "geometry": {"type": "Point", "coordinates": [88.4681769, 27.2132202]}}, {"type": "Feature", "properties": {"power": "tower", "telecom": ""}, "geometry": {"type": "Point", "coordinates": [88.4703308, 27.2216917]}}, {"type": "Feature", "properties": {"power": "tower", "telecom": ""}, "geometry": {"type": "Point", "coordinates": [88.4695787, 27.22393]}}, {"type": "Feature", "properties": {"power": "tower", "telecom": ""}, "geometry": {"type": "Point", "coordinates": [88.4666881, 27.2256496]}}, {"type": "Feature", "properties": {"power": "tower", "telecom": ""}, "geometry": {"type": "Point", "coordinates": [88.4657314, 27.2260773]}}, {"type": "Feature", "properties": {"power": "tower", "telecom": ""}, "geometry": {"type": "Point", "coordinates": [88.4634957, 27.2263593]}}, {"type": "Feature", "properties": {"power": "tower", "telecom": ""}, "geometry": {"type": "Point", "coordinates": [88.4615209, 27.2281881]}}, {"type": "Feature", "properties": {"power": "tower", "telecom": ""}, "geometry": {"type": "Point", "coordinates": [88.2258281, 27.0768832]}}, {"type": "Feature", "properties": {"power": "tower", "telecom": ""}, "geometry": {"type": "Point", "coordinates": [88.2275514, 27.0771027]}}, {"type": "Feature", "properties": {"power": "tower", "telecom": ""}, "geometry": {"type": "Point", "coordinates": [88.2347835, 27.0796601]}}, {"type": "Feature", "properties": {"power": "tower", "telecom": ""}, "geometry": {"type": "Point", "coordinates": [88.230959, 27.0773656]}}, {"type": "Feature", "properties": {"power": "tower", "telecom": ""}, "geometry": {"type": "Point", "coordinates": [88.4601055, 27.2307676]}}, {"type": "Feature", "properties": {"power": "tower", "telecom": ""}, "geometry": {"type": "Point", "coordinates": [88.4593685, 27.231404]}}, {"type": "Feature", "properties": {"power": "tower", "telecom": ""}, "geometry": {"type": "Point", "coordinates": [88.4569507, 27.233403]}}, {"type": "Feature", "properties": {"power": "tower", "telecom": ""}, "geometry": {"type": "Point", "coordinates": [88.4564734, 27.2341149]}}, {"type": "Feature", "properties": {"power": "tower", "telecom": ""}, "geometry": {"type": "Point", "coordinates": [88.4556304, 27.2362695]}}, {"type": "Feature", "properties": {"power": "tower", "telecom": ""}, "geometry": {"type": "Point", "coordinates": [88.4541139, 27.2378865]}}, {"type": "Feature", "properties": {"power": "tower", "telecom": ""}, "geometry": {"type": "Point", "coordinates": [88.4537692, 27.2390274]}}, {"type": "Feature", "properties": {"power": "tower", "telecom": ""}, "geometry": {"type": "Point", "coordinates": [88.4537745, 27.2446043]}}, {"type": "Feature", "properties": {"power": "tower", "telecom": ""}, "geometry": {"type": "Point", "coordinates": [88.4541987, 27.2473526]}}, {"type": "Feature", "properties": {"power": "tower", "telecom": ""}, "geometry": {"type": "Point", "coordinates": [88.4540874, 27.2491298]}}, {"type": "Feature", "properties": {"power": "tower", "telecom": ""}, "geometry": {"type": "Point", "coordinates": [88.4537958, 27.2500301]}}, {"type": "Feature", "properties": {"power": "tower", "telecom": ""}, "geometry": {"type": "Point", "coordinates": [88.4588749, 27.251293]}}, {"type": "Feature", "properties": {"power": "tower", "telecom": ""}, "geometry": {"type": "Point", "coordinates": [88.4537215, 27.2518167]}}, {"type": "Feature", "properties": {"power": "tower", "telecom": ""}, "geometry": {"type": "Point", "coordinates": [88.4551252, 27.2527675]}}, {"type": "Feature", "properties": {"power": "tower", "telecom": ""}, "geometry": {"type": "Point", "coordinates": [88.1713165, 26.915584]}}, {"type": "Feature", "properties": {"power": "tower", "telecom": ""}, "geometry": {"type": "Point", "coordinates": [88.1874047, 26.9758956]}}, {"type": "Feature", "properties": {"power": "tower", "telecom": ""}, "geometry": {"type": "Point", "coordinates": [88.184116, 26.9795993]}}, {"type": "Feature", "properties": {"power": "tower", "telecom": ""}, "geometry": {"type": "Point", "coordinates": [88.1815864, 26.9842959]}}, {"type": "Feature", "properties": {"power": "tower", "telecom": ""}, "geometry": {"type": "Point", "coordinates": [88.1783299, 26.9881848]}}, {"type": "Feature", "properties": {"power": "tower", "telecom": ""}, "geometry": {"type": "Point", "coordinates": [88.1746998, 26.9919416]}}, {"type": "Feature", "properties": {"power": "tower", "telecom": ""}, "geometry": {"type": "Point", "coordinates": [88.1721687, 26.9939762]}}, {"type": "Feature", "properties": {"power": "tower", "telecom": ""}, "geometry": {"type": "Point", "coordinates": [88.1704967, 26.9973471]}}, {"type": "Feature", "properties": {"power": "tower", "telecom": ""}, "geometry": {"type": "Point", "coordinates": [88.17074, 26.998954]}}, {"type": "Feature", "properties": {"power": "tower", "telecom": ""}, "geometry": {"type": "Point", "coordinates": [88.229051, 27.0323925]}}, {"type": "Feature", "properties": {"power": "tower", "telecom": ""}, "geometry": {"type": "Point", "coordinates": [88.2316197, 27.032994]}}, {"type": "Feature", "properties": {"power": "tower", "telecom": ""}, "geometry": {"type": "Point", "coordinates": [88.2325608, 27.033487]}}, {"type": "Feature", "properties": {"power": "tower", "telecom": ""}, "geometry": {"type": "Point", "coordinates": [88.2328985, 27.0342835]}}, {"type": "Feature", "properties": {"power": "tower", "telecom": ""}, "geometry": {"type": "Point", "coordinates": [88.2337621, 27.0356839]}}, {"type": "Feature", "properties": {"power": "tower", "telecom": ""}, "geometry": {"type": "Point", "coordinates": [88.2349721, 27.0407272]}}, {"type": "Feature", "properties": {"power": "tower", "telecom": ""}, "geometry": {"type": "Point", "coordinates": [88.2316789, 27.0549168]}}, {"type": "Feature", "properties": {"power": "tower", "telecom": ""}, "geometry": {"type": "Point", "coordinates": [88.2311865, 27.0560356]}}, {"type": "Feature", "properties": {"power": "tower", "telecom": ""}, "geometry": {"type": "Point", "coordinates": [88.2322435, 27.0571663]}}, {"type": "Feature", "properties": {"power": "tower", "telecom": ""}, "geometry": {"type": "Point", "coordinates": [88.2335877, 27.0599561]}}, {"type": "Feature", "properties": {"power": "tower", "telecom": ""}, "geometry": {"type": "Point", "coordinates": [88.2330372, 27.0621198]}}, {"type": "Feature", "properties": {"power": "tower", "telecom": ""}, "geometry": {"type": "Point", "coordinates": [88.2327454, 27.0629112]}}, {"type": "Feature", "properties": {"power": "tower", "telecom": ""}, "geometry": {"type": "Point", "coordinates": [88.2318124, 27.0631691]}}, {"type": "Feature", "properties": {"power": "tower", "telecom": ""}, "geometry": {"type": "Point", "coordinates": [88.2305006, 27.0648359]}}, {"type": "Feature", "properties": {"power": "tower", "telecom": ""}, "geometry": {"type": "Point", "coordinates": [88.2293844, 27.0659774]}}, {"type": "Feature", "properties": {"power": "tower", "telecom": ""}, "geometry": {"type": "Point", "coordinates": [88.1713161, 27.0694659]}}, {"type": "Feature", "properties": {"power": "tower", "telecom": ""}, "geometry": {"type": "Point", "coordinates": [88.168378, 27.0701451]}}, {"type": "Feature", "properties": {"power": "tower", "telecom": ""}, "geometry": {"type": "Point", "coordinates": [88.2288901, 27.0709348]}}, {"type": "Feature", "properties": {"power": "tower", "telecom": ""}, "geometry": {"type": "Point", "coordinates": [88.1760472, 27.0710152]}}, {"type": "Feature", "properties": {"power": "tower", "telecom": ""}, "geometry": {"type": "Point", "coordinates": [88.1677966, 27.0714857]}}, {"type": "Feature", "properties": {"power": "tower", "telecom": ""}, "geometry": {"type": "Point", "coordinates": [88.2298076, 27.0733345]}}, {"type": "Feature", "properties": {"power": "tower", "telecom": ""}, "geometry": {"type": "Point", "coordinates": [88.2304841, 27.0744742]}}, {"type": "Feature", "properties": {"power": "tower", "telecom": ""}, "geometry": {"type": "Point", "coordinates": [88.165554, 27.0759733]}}, {"type": "Feature", "properties": {"power": "tower", "telecom": ""}, "geometry": {"type": "Point", "coordinates": [88.2315674, 27.0761987]}}, {"type": "Feature", "properties": {"power": "tower", "telecom": ""}, "geometry": {"type": "Point", "coordinates": [88.2325578, 27.0771002]}}, {"type": "Feature", "properties": {"power": "tower", "telecom": ""}, "geometry": {"type": "Point", "coordinates": [88.2517484, 27.0787543]}}, {"type": "Feature", "properties": {"power": "tower", "telecom": ""}, "geometry": {"type": "Point", "coordinates": [88.2353546, 27.0790634]}}, {"type": "Feature", "properties": {"power": "tower", "telecom": ""}, "geometry": {"type": "Point", "coordinates": [88.2357855, 27.0799376]}}, {"type": "Feature", "properties": {"power": "tower", "telecom": ""}, "geometry": {"type": "Point", "coordinates": [88.2394123, 27.0793745]}}, {"type": "Feature", "properties": {"power": "tower", "telecom": ""}, "geometry": {"type": "Point", "coordinates": [88.1458845, 27.1071784]}}, {"type": "Feature", "properties": {"power": "tower", "telecom": ""}, "geometry": {"type": "Point", "coordinates": [88.1399521, 27.1102958]}}, {"type": "Feature", "properties": {"power": "tower", "telecom": ""}, "geometry": {"type": "Point", "coordinates": [88.1376702, 27.1119254]}}, {"type": "Feature", "properties": {"power": "tower", "telecom": ""}, "geometry": {"type": "Point", "coordinates": [88.169142, 26.9010723]}}, {"type": "Feature", "properties": {"power": "tower", "telecom": ""}, "geometry": {"type": "Point", "coordinates": [88.1696902, 26.9035446]}}, {"type": "Feature", "properties": {"power": "tower", "telecom": ""}, "geometry": {"type": "Point", "coordinates": [88.1696681, 26.9082387]}}, {"type": "Feature", "properties": {"power": "tower", "telecom": ""}, "geometry": {"type": "Point", "coordinates": [88.1702628, 26.9098414]}}, {"type": "Feature", "properties": {"power": "tower", "telecom": ""}, "geometry": {"type": "Point", "coordinates": [88.171282, 26.9122702]}}, {"type": "Feature", "properties": {"power": "tower", "telecom": ""}, "geometry": {"type": "Point", "coordinates": [88.1719452, 26.9150912]}}, {"type": "Feature", "properties": {"power": "tower", "telecom": ""}, "geometry": {"type": "Point", "coordinates": [88.1728075, 26.9165302]}}, {"type": "Feature", "properties": {"power": "tower", "telecom": ""}, "geometry": {"type": "Point", "coordinates": [88.172991, 26.919355]}}, {"type": "Feature", "properties": {"power": "tower", "telecom": ""}, "geometry": {"type": "Point", "coordinates": [88.1758329, 26.9233413]}}, {"type": "Feature", "properties": {"power": "tower", "telecom": ""}, "geometry": {"type": "Point", "coordinates": [88.1785544, 26.9247172]}}, {"type": "Feature", "properties": {"power": "tower", "telecom": ""}, "geometry": {"type": "Point", "coordinates": [88.1808182, 26.9258644]}}, {"type": "Feature", "properties": {"power": "tower", "telecom": ""}, "geometry": {"type": "Point", "coordinates": [88.1836635, 26.9272797]}}, {"type": "Feature", "properties": {"power": "tower", "telecom": ""}, "geometry": {"type": "Point", "coordinates": [88.188187, 26.9298193]}}, {"type": "Feature", "properties": {"power": "tower", "telecom": ""}, "geometry": {"type": "Point", "coordinates": [88.192536, 26.9341844]}}, {"type": "Feature", "properties": {"power": "tower", "telecom": ""}, "geometry": {"type": "Point", "coordinates": [88.1932551, 26.9348172]}}, {"type": "Feature", "properties": {"power": "tower", "telecom": ""}, "geometry": {"type": "Point", "coordinates": [88.2010579, 26.9355749]}}, {"type": "Feature", "properties": {"power": "tower", "telecom": ""}, "geometry": {"type": "Point", "coordinates": [88.1943106, 26.9360991]}}, {"type": "Feature", "properties": {"power": "tower", "telecom": ""}, "geometry": {"type": "Point", "coordinates": [88.2045576, 26.9361504]}}, {"type": "Feature", "properties": {"power": "tower", "telecom": ""}, "geometry": {"type": "Point", "coordinates": [88.1964109, 26.9370117]}}, {"type": "Feature", "properties": {"power": "tower", "telecom": ""}, "geometry": {"type": "Point", "coordinates": [88.1982591, 26.937057]}}, {"type": "Feature", "properties": {"power": "tower", "telecom": ""}, "geometry": {"type": "Point", "coordinates": [88.2061428, 26.9374433]}}, {"type": "Feature", "properties": {"power": "tower", "telecom": ""}, "geometry": {"type": "Point", "coordinates": [88.2085503, 26.9392782]}}, {"type": "Feature", "properties": {"power": "tower", "telecom": ""}, "geometry": {"type": "Point", "coordinates": [88.2087573, 26.941665]}}, {"type": "Feature", "properties": {"power": "tower", "telecom": ""}, "geometry": {"type": "Point", "coordinates": [88.2087772, 26.9421558]}}, {"type": "Feature", "properties": {"power": "tower", "telecom": ""}, "geometry": {"type": "Point", "coordinates": [88.2071965, 26.945514]}}, {"type": "Feature", "properties": {"power": "tower", "telecom": ""}, "geometry": {"type": "Point", "coordinates": [88.2066306, 26.9491166]}}, {"type": "Feature", "properties": {"power": "tower", "telecom": ""}, "geometry": {"type": "Point", "coordinates": [88.206799, 26.9510166]}}, {"type": "Feature", "properties": {"power": "tower", "telecom": ""}, "geometry": {"type": "Point", "coordinates": [88.2068918, 26.9523015]}}, {"type": "Feature", "properties": {"power": "tower", "telecom": ""}, "geometry": {"type": "Point", "coordinates": [88.2070466, 26.9545303]}}, {"type": "Feature", "properties": {"power": "tower", "telecom": ""}, "geometry": {"type": "Point", "coordinates": [88.2074777, 26.9562408]}}, {"type": "Feature", "properties": {"power": "tower", "telecom": ""}, "geometry": {"type": "Point", "coordinates": [88.2066402, 26.9619487]}}, {"type": "Feature", "properties": {"power": "tower", "telecom": ""}, "geometry": {"type": "Point", "coordinates": [88.2024305, 26.9636261]}}, {"type": "Feature", "properties": {"power": "tower", "telecom": ""}, "geometry": {"type": "Point", "coordinates": [88.1965498, 26.9699744]}}, {"type": "Feature", "properties": {"power": "tower", "telecom": ""}, "geometry": {"type": "Point", "coordinates": [88.1942236, 26.9742237]}}, {"type": "Feature", "properties": {"power": "tower", "telecom": ""}, "geometry": {"type": "Point", "coordinates": [88.1906938, 26.97482]}}, {"type": "Feature", "properties": {"power": "tower", "telecom": ""}, "geometry": {"type": "Point", "coordinates": [88.1897933, 26.9751321]}}, {"type": "Feature", "properties": {"power": "tower", "telecom": ""}, "geometry": {"type": "Point", "coordinates": [88.2802248, 26.9013021]}}, {"type": "Feature", "properties": {"power": "tower", "telecom": ""}, "geometry": {"type": "Point", "coordinates": [88.279318, 26.906148]}}, {"type": "Feature", "properties": {"power": "tower", "telecom": ""}, "geometry": {"type": "Point", "coordinates": [88.2796716, 26.9131539]}}, {"type": "Feature", "properties": {"power": "tower", "telecom": ""}, "geometry": {"type": "Point", "coordinates": [88.2799641, 26.9145019]}}, {"type": "Feature", "properties": {"power": "tower", "telecom": ""}, "geometry": {"type": "Point", "coordinates": [88.2811447, 26.9188983]}}, {"type": "Feature", "properties": {"power": "tower", "telecom": ""}, "geometry": {"type": "Point", "coordinates": [88.2802444, 26.9207021]}}, {"type": "Feature", "properties": {"power": "tower", "telecom": ""}, "geometry": {"type": "Point", "coordinates": [88.2790791, 26.9232094]}}, {"type": "Feature", "properties": {"power": "tower", "telecom": ""}, "geometry": {"type": "Point", "coordinates": [88.2794228, 26.9269336]}}, {"type": "Feature", "properties": {"power": "tower", "telecom": ""}, "geometry": {"type": "Point", "coordinates": [88.280143, 26.9314808]}}, {"type": "Feature", "properties": {"power": "tower", "telecom": ""}, "geometry": {"type": "Point", "coordinates": [88.2808369, 26.9349684]}}, {"type": "Feature", "properties": {"power": "tower", "telecom": ""}, "geometry": {"type": "Point", "coordinates": [88.2803688, 26.9371922]}}, {"type": "Feature", "properties": {"power": "tower", "telecom": ""}, "geometry": {"type": "Point", "coordinates": [88.2793769, 26.9405687]}}, {"type": "Feature", "properties": {"power": "tower", "telecom": ""}, "geometry": {"type": "Point", "coordinates": [88.2776125, 26.9422846]}}, {"type": "Feature", "properties": {"power": "tower", "telecom": ""}, "geometry": {"type": "Point", "coordinates": [88.2765126, 26.9430084]}}, {"type": "Feature", "properties": {"power": "tower", "telecom": ""}, "geometry": {"type": "Point", "coordinates": [88.2743881, 26.9444033]}}, {"type": "Feature", "properties": {"power": "tower", "telecom": ""}, "geometry": {"type": "Point", "coordinates": [88.2730754, 26.9467611]}}, {"type": "Feature", "properties": {"power": "tower", "telecom": ""}, "geometry": {"type": "Point", "coordinates": [88.2699622, 26.9512637]}}, {"type": "Feature", "properties": {"power": "tower", "telecom": ""}, "geometry": {"type": "Point", "coordinates": [88.2653759, 26.9541765]}}, {"type": "Feature", "properties": {"power": "tower", "telecom": ""}, "geometry": {"type": "Point", "coordinates": [88.2619431, 26.9544757]}}, {"type": "Feature", "properties": {"power": "tower", "telecom": ""}, "geometry": {"type": "Point", "coordinates": [88.2596534, 26.9545824]}}, {"type": "Feature", "properties": {"power": "tower", "telecom": ""}, "geometry": {"type": "Point", "coordinates": [88.2572707, 26.9547038]}}, {"type": "Feature", "properties": {"power": "tower", "telecom": ""}, "geometry": {"type": "Point", "coordinates": [88.2558816, 26.9561967]}}, {"type": "Feature", "properties": {"power": "tower", "telecom": ""}, "geometry": {"type": "Point", "coordinates": [88.2550076, 26.9574941]}}, {"type": "Feature", "properties": {"power": "tower", "telecom": ""}, "geometry": {"type": "Point", "coordinates": [88.2548148, 26.9588922]}}, {"type": "Feature", "properties": {"power": "tower", "telecom": ""}, "geometry": {"type": "Point", "coordinates": [88.2557686, 26.9609923]}}, {"type": "Feature", "properties": {"power": "tower", "telecom": ""}, "geometry": {"type": "Point", "coordinates": [88.2557221, 26.9625355]}}, {"type": "Feature", "properties": {"power": "tower", "telecom": ""}, "geometry": {"type": "Point", "coordinates": [88.2539907, 26.9642712]}}, {"type": "Feature", "properties": {"power": "tower", "telecom": ""}, "geometry": {"type": "Point", "coordinates": [88.2520001, 26.9670524]}}, {"type": "Feature", "properties": {"power": "tower", "telecom": ""}, "geometry": {"type": "Point", "coordinates": [88.2495675, 26.9699905]}}, {"type": "Feature", "properties": {"power": "tower", "telecom": ""}, "geometry": {"type": "Point", "coordinates": [88.2491388, 26.9729967]}}, {"type": "Feature", "properties": {"power": "tower", "telecom": ""}, "geometry": {"type": "Point", "coordinates": [88.249089, 26.9752416]}}, {"type": "Feature", "properties": {"power": "tower", "telecom": ""}, "geometry": {"type": "Point", "coordinates": [88.2486083, 26.9762471]}}, {"type": "Feature", "properties": {"power": "tower", "telecom": ""}, "geometry": {"type": "Point", "coordinates": [88.2474086, 26.9787289]}}, {"type": "Feature", "properties": {"power": "tower", "telecom": ""}, "geometry": {"type": "Point", "coordinates": [88.2454115, 26.9812604]}}, {"type": "Feature", "properties": {"power": "tower", "telecom": ""}, "geometry": {"type": "Point", "coordinates": [88.2438813, 26.9826378]}}, {"type": "Feature", "properties": {"power": "tower", "telecom": ""}, "geometry": {"type": "Point", "coordinates": [88.2424009, 26.9834628]}}, {"type": "Feature", "properties": {"power": "tower", "telecom": ""}, "geometry": {"type": "Point", "coordinates": [88.2423257, 26.9850166]}}, {"type": "Feature", "properties": {"power": "tower", "telecom": ""}, "geometry": {"type": "Point", "coordinates": [88.2417265, 26.9865892]}}, {"type": "Feature", "properties": {"power": "tower", "telecom": ""}, "geometry": {"type": "Point", "coordinates": [88.2412263, 26.988929]}}, {"type": "Feature", "properties": {"power": "tower", "telecom": ""}, "geometry": {"type": "Point", "coordinates": [88.2400255, 26.9934329]}}, {"type": "Feature", "properties": {"power": "tower", "telecom": ""}, "geometry": {"type": "Point", "coordinates": [88.2392245, 26.9948566]}}, {"type": "Feature", "properties": {"power": "tower", "telecom": ""}, "geometry": {"type": "Point", "coordinates": [88.2380947, 26.9966629]}}, {"type": "Feature", "properties": {"power": "tower", "telecom": ""}, "geometry": {"type": "Point", "coordinates": [88.2367053, 27.0001587]}}, {"type": "Feature", "properties": {"power": "tower", "telecom": ""}, "geometry": {"type": "Point", "coordinates": [88.2354803, 27.0423331]}}, {"type": "Feature", "properties": {"power": "tower", "telecom": ""}, "geometry": {"type": "Point", "coordinates": [88.2355069, 27.04315]}}, {"type": "Feature", "properties": {"power": "tower", "telecom": ""}, "geometry": {"type": "Point", "coordinates": [88.2361066, 27.0446104]}}, {"type": "Feature", "properties": {"power": "tower", "telecom": ""}, "geometry": {"type": "Point", "coordinates": [88.2422571, 27.079112]}}, {"type": "Feature", "properties": {"power": "tower", "telecom": ""}, "geometry": {"type": "Point", "coordinates": [88.2466679, 27.0798818]}}, {"type": "Feature", "properties": {"power": "tower", "telecom": ""}, "geometry": {"type": "Point", "coordinates": [88.4438295, 27.168077]}}, {"type": "Feature", "properties": {"power": "tower", "telecom": ""}, "geometry": {"type": "Point", "coordinates": [88.5973642, 27.2831747]}}, {"type": "Feature", "properties": {"power": "tower", "telecom": ""}, "geometry": {"type": "Point", "coordinates": [88.2343849, 27.0036115]}}, {"type": "Feature", "properties": {"power": "tower", "telecom": ""}, "geometry": {"type": "Point", "coordinates": [88.2336232, 27.0056859]}}, {"type": "Feature", "properties": {"power": "tower", "telecom": ""}, "geometry": {"type": "Point", "coordinates": [88.2348194, 27.0088785]}}, {"type": "Feature", "properties": {"power": "tower", "telecom": ""}, "geometry": {"type": "Point", "coordinates": [88.2343635, 27.0095405]}}, {"type": "Feature", "properties": {"power": "tower", "telecom": ""}, "geometry": {"type": "Point", "coordinates": [88.2332718, 27.0105322]}}, {"type": "Feature", "properties": {"power": "tower", "telecom": ""}, "geometry": {"type": "Point", "coordinates": [88.233186, 27.0120328]}}, {"type": "Feature", "properties": {"power": "tower", "telecom": ""}, "geometry": {"type": "Point", "coordinates": [88.2335749, 27.0141691]}}, {"type": "Feature", "properties": {"power": "tower", "telecom": ""}, "geometry": {"type": "Point", "coordinates": [88.2332557, 27.0163006]}}, {"type": "Feature", "properties": {"power": "tower", "telecom": ""}, "geometry": {"type": "Point", "coordinates": [88.2323116, 27.017395]}}, {"type": "Feature", "properties": {"power": "tower", "telecom": ""}, "geometry": {"type": "Point", "coordinates": [88.2319682, 27.0199828]}}, {"type": "Feature", "properties": {"power": "tower", "telecom": ""}, "geometry": {"type": "Point", "coordinates": [88.231861, 27.0209027]}}, {"type": "Feature", "properties": {"power": "tower", "telecom": ""}, "geometry": {"type": "Point", "coordinates": [88.2307639, 27.0219732]}}, {"type": "Feature", "properties": {"power": "tower", "telecom": ""}, "geometry": {"type": "Point", "coordinates": [88.2298225, 27.022905]}}, {"type": "Feature", "properties": {"power": "tower", "telecom": ""}, "geometry": {"type": "Point", "coordinates": [88.2278403, 27.0240782]}}, {"type": "Feature", "properties": {"power": "tower", "telecom": ""}, "geometry": {"type": "Point", "coordinates": [88.2279315, 27.0251678]}}, {"type": "Feature", "properties": {"power": "tower", "telecom": ""}, "geometry": {"type": "Point", "coordinates": [88.2275238, 27.0271294]}}, {"type": "Feature", "properties": {"power": "tower", "telecom": ""}, "geometry": {"type": "Point", "coordinates": [88.2273266, 27.0278211]}}, {"type": "Feature", "properties": {"power": "tower", "telecom": ""}, "geometry": {"type": "Point", "coordinates": [88.2365159, 27.0464021]}}, {"type": "Feature", "properties": {"power": "tower", "telecom": ""}, "geometry": {"type": "Point", "coordinates": [88.2350273, 27.0523849]}}, {"type": "Feature", "properties": {"power": "tower", "telecom": ""}, "geometry": {"type": "Point", "coordinates": [88.2333839, 27.0530092]}}, {"type": "Feature", "properties": {"power": "tower", "telecom": ""}, "geometry": {"type": "Point", "coordinates": [88.2537328, 27.0783113]}}, {"type": "Feature", "properties": {"power": "tower", "telecom": ""}, "geometry": {"type": "Point", "coordinates": [88.2366205, 27.0826654]}}, {"type": "Feature", "properties": {"power": "tower", "telecom": ""}, "geometry": {"type": "Point", "coordinates": [88.2363335, 27.0838905]}}, {"type": "Feature", "properties": {"power": "tower", "telecom": ""}, "geometry": {"type": "Point", "coordinates": [88.2360519, 27.0845759]}}, {"type": "Feature", "properties": {"power": "tower", "telecom": ""}, "geometry": {"type": "Point", "coordinates": [88.235722, 27.0850774]}}, {"type": "Feature", "properties": {"power": "tower", "telecom": ""}, "geometry": {"type": "Point", "coordinates": [88.2355155, 27.0884158]}}, {"type": "Feature", "properties": {"power": "tower", "telecom": ""}, "geometry": {"type": "Point", "coordinates": [88.2371731, 27.0946841]}}, {"type": "Feature", "properties": {"power": "tower", "telecom": ""}, "geometry": {"type": "Point", "coordinates": [88.2386228, 27.0955676]}}, {"type": "Feature", "properties": {"power": "tower", "telecom": ""}, "geometry": {"type": "Point", "coordinates": [88.2389152, 27.0964917]}}, {"type": "Feature", "properties": {"power": "tower", "telecom": ""}, "geometry": {"type": "Point", "coordinates": [88.239068, 27.0978718]}}, {"type": "Feature", "properties": {"power": "tower", "telecom": ""}, "geometry": {"type": "Point", "coordinates": [88.2389071, 27.0993952]}}, {"type": "Feature", "properties": {"power": "tower", "telecom": ""}, "geometry": {"type": "Point", "coordinates": [88.2387381, 27.1057703]}}, {"type": "Feature", "properties": {"power": "tower", "telecom": ""}, "geometry": {"type": "Point", "coordinates": [88.2389474, 27.1074811]}}, {"type": "Feature", "properties": {"power": "tower", "telecom": ""}, "geometry": {"type": "Point", "coordinates": [88.5680088, 27.2736831]}}, {"type": "Feature", "properties": {"power": "tower", "telecom": ""}, "geometry": {"type": "Point", "coordinates": [88.5647767, 27.2743149]}}, {"type": "Feature", "properties": {"power": "tower", "telecom": ""}, "geometry": {"type": "Point", "coordinates": [88.5643932, 27.2745318]}}, {"type": "Feature", "properties": {"power": "tower", "telecom": ""}, "geometry": {"type": "Point", "coordinates": [88.5742664, 27.2759288]}}, {"type": "Feature", "properties": {"power": "tower", "telecom": ""}, "geometry": {"type": "Point", "coordinates": [88.5751435, 27.2759312]}}, {"type": "Feature", "properties": {"power": "tower", "telecom": ""}, "geometry": {"type": "Point", "coordinates": [88.5767258, 27.2760357]}}, {"type": "Feature", "properties": {"power": "tower", "telecom": ""}, "geometry": {"type": "Point", "coordinates": [88.5810658, 27.2763222]}}, {"type": "Feature", "properties": {"power": "tower", "telecom": ""}, "geometry": {"type": "Point", "coordinates": [88.5818409, 27.2768085]}}, {"type": "Feature", "properties": {"power": "tower", "telecom": ""}, "geometry": {"type": "Point", "coordinates": [88.5825047, 27.2774825]}}, {"type": "Feature", "properties": {"power": "tower", "telecom": ""}, "geometry": {"type": "Point", "coordinates": [88.5560891, 27.2778861]}}, {"type": "Feature", "properties": {"power": "tower", "telecom": ""}, "geometry": {"type": "Point", "coordinates": [88.5874092, 27.2804488]}}, {"type": "Feature", "properties": {"power": "tower", "telecom": ""}, "geometry": {"type": "Point", "coordinates": [88.5901933, 27.2808373]}}, {"type": "Feature", "properties": {"power": "tower", "telecom": ""}, "geometry": {"type": "Point", "coordinates": [88.5932672, 27.2810257]}}, {"type": "Feature", "properties": {"power": "tower", "telecom": ""}, "geometry": {"type": "Point", "coordinates": [88.5962873, 27.2829566]}}, {"type": "Feature", "properties": {"power": "tower", "telecom": ""}, "geometry": {"type": "Point", "coordinates": [88.2804082, 26.9003341]}}, {"type": "Feature", "properties": {"power": "tower", "telecom": ""}, "geometry": {"type": "Point", "coordinates": [88.1783674, 27.0353086]}}, {"type": "Feature", "properties": {"power": "tower", "telecom": ""}, "geometry": {"type": "Point", "coordinates": [88.4447554, 27.1699394]}}, {"type": "Feature", "properties": {"power": "generator", "telecom": ""}, "geometry": {"type": "Point", "coordinates": [88.3354191, 27.1116019]}}, {"type": "Feature", "properties": {"power": "tower", "telecom": ""}, "geometry": {"type": "Point", "coordinates": [88.5258686, 27.4019611]}}, {"type": "Feature", "properties": {"power": "tower", "telecom": ""}, "geometry": {"type": "Point", "coordinates": [88.5223818, 27.4038328]}}, {"type": "Feature", "properties": {"power": "tower", "telecom": ""}, "geometry": {"type": "Point", "coordinates": [88.1603721, 27.0794606]}}, {"type": "Feature", "properties": {"power": "tower", "telecom": ""}, "geometry": {"type": "Point", "coordinates": [88.1595111, 27.0866153]}}, {"type": "Feature", "properties": {"power": "tower", "telecom": ""}, "geometry": {"type": "Point", "coordinates": [88.1585589, 27.0901591]}}, {"type": "Feature", "properties": {"power": "tower", "telecom": ""}, "geometry": {"type": "Point", "coordinates": [88.1579715, 27.0944764]}}, {"type": "Feature", "properties": {"power": "tower", "telecom": ""}, "geometry": {"type": "Point", "coordinates": [88.156735, 27.0964296]}}, {"type": "Feature", "properties": {"power": "tower", "telecom": ""}, "geometry": {"type": "Point", "coordinates": [88.1546804, 27.100219]}}, {"type": "Feature", "properties": {"power": "tower", "telecom": ""}, "geometry": {"type": "Point", "coordinates": [88.1536478, 27.1018666]}}, {"type": "Feature", "properties": {"power": "tower", "telecom": ""}, "geometry": {"type": "Point", "coordinates": [88.1514484, 27.1027739]}}, {"type": "Feature", "properties": {"power": "tower", "telecom": ""}, "geometry": {"type": "Point", "coordinates": [87.963616, 27.0136638]}}, {"type": "Feature", "properties": {"power": "tower", "telecom": ""}, "geometry": {"type": "Point", "coordinates": [87.9633075, 27.011267]}}, {"type": "Feature", "properties": {"power": "tower", "telecom": ""}, "geometry": {"type": "Point", "coordinates": [87.9633397, 27.0091139]}}, {"type": "Feature", "properties": {"power": "tower", "telecom": ""}, "geometry": {"type": "Point", "coordinates": [87.9629829, 27.0053214]}}, {"type": "Feature", "properties": {"power": "tower", "telecom": ""}, "geometry": {"type": "Point", "coordinates": [87.9633665, 26.9972868]}}, {"type": "Feature", "properties": {"power": "tower", "telecom": ""}, "geometry": {"type": "Point", "coordinates": [87.9631338, 27.0005547]}}, {"type": "Feature", "properties": {"power": "tower", "telecom": ""}, "geometry": {"type": "Point", "coordinates": [87.9627445, 27.0021171]}}, {"type": "Feature", "properties": {"power": "tower", "telecom": ""}, "geometry": {"type": "Point", "coordinates": [87.9626316, 27.0044325]}}, {"type": "Feature", "properties": {"power": "tower", "telecom": ""}, "geometry": {"type": "Point", "coordinates": [87.9643482, 26.9956808]}}, {"type": "Feature", "properties": {"power": "tower", "telecom": ""}, "geometry": {"type": "Point", "coordinates": [87.9645011, 26.9933147]}}, {"type": "Feature", "properties": {"power": "tower", "telecom": ""}, "geometry": {"type": "Point", "coordinates": [87.9630849, 26.9887329]}}, {"type": "Feature", "properties": {"power": "tower", "telecom": ""}, "geometry": {"type": "Point", "coordinates": [87.9593486, 26.9831161]}}, {"type": "Feature", "properties": {"power": "tower", "telecom": ""}, "geometry": {"type": "Point", "coordinates": [87.9595363, 26.9810939]}}, {"type": "Feature", "properties": {"power": "tower", "telecom": ""}, "geometry": {"type": "Point", "coordinates": [87.9610544, 26.9747213]}}, {"type": "Feature", "properties": {"power": "tower", "telecom": ""}, "geometry": {"type": "Point", "coordinates": [87.9608962, 26.9722663]}}, {"type": "Feature", "properties": {"power": "tower", "telecom": ""}, "geometry": {"type": "Point", "coordinates": [87.9596007, 26.9703874]}}, {"type": "Feature", "properties": {"power": "tower", "telecom": ""}, "geometry": {"type": "Point", "coordinates": [87.9568729, 26.967502]}}, {"type": "Feature", "properties": {"power": "tower", "telecom": ""}, "geometry": {"type": "Point", "coordinates": [87.9538983, 26.9644038]}}, {"type": "Feature", "properties": {"power": "tower", "telecom": ""}, "geometry": {"type": "Point", "coordinates": [87.9500145, 26.9602512]}}, {"type": "Feature", "properties": {"power": "tower", "telecom": ""}, "geometry": {"type": "Point", "coordinates": [87.9473859, 26.956701]}}, {"type": "Feature", "properties": {"power": "tower", "telecom": ""}, "geometry": {"type": "Point", "coordinates": [87.9442102, 26.953581]}}, {"type": "Feature", "properties": {"power": "tower", "telecom": ""}, "geometry": {"type": "Point", "coordinates": [87.9429549, 26.9513168]}}, {"type": "Feature", "properties": {"power": "tower", "telecom": ""}, "geometry": {"type": "Point", "coordinates": [87.9411149, 26.9466138]}}, {"type": "Feature", "properties": {"power": "tower", "telecom": ""}, "geometry": {"type": "Point", "coordinates": [87.9408896, 26.9454996]}}, {"type": "Feature", "properties": {"power": "tower", "telecom": ""}, "geometry": {"type": "Point", "coordinates": [87.9412624, 26.9419608]}}, {"type": "Feature", "properties": {"power": "tower", "telecom": ""}, "geometry": {"type": "Point", "coordinates": [87.9417586, 26.9384698]}}, {"type": "Feature", "properties": {"power": "tower", "telecom": ""}, "geometry": {"type": "Point", "coordinates": [87.9410103, 26.9359016]}}, {"type": "Feature", "properties": {"power": "tower", "telecom": ""}, "geometry": {"type": "Point", "coordinates": [87.9422238, 26.9308568]}}, {"type": "Feature", "properties": {"power": "tower", "telecom": ""}, "geometry": {"type": "Point", "coordinates": [87.9421046, 26.9318078]}}, {"type": "Feature", "properties": {"power": "tower", "telecom": ""}, "geometry": {"type": "Point", "coordinates": [87.9429817, 26.9287684]}}, {"type": "Feature", "properties": {"power": "tower", "telecom": ""}, "geometry": {"type": "Point", "coordinates": [87.9443121, 26.9254013]}}, {"type": "Feature", "properties": {"power": "tower", "telecom": ""}, "geometry": {"type": "Point", "coordinates": [87.946474, 26.9195875]}}, {"type": "Feature", "properties": {"power": "tower", "telecom": ""}, "geometry": {"type": "Point", "coordinates": [87.946997, 26.9184634]}}, {"type": "Feature", "properties": {"power": "tower", "telecom": ""}, "geometry": {"type": "Point", "coordinates": [87.9583025, 27.0243924]}}, {"type": "Feature", "properties": {"power": "tower", "telecom": ""}, "geometry": {"type": "Point", "coordinates": [87.9609337, 27.0215109]}}, {"type": "Feature", "properties": {"power": "tower", "telecom": ""}, "geometry": {"type": "Point", "coordinates": [87.9628944, 27.0162516]}}, {"type": "Feature", "properties": {"power": "tower", "telecom": ""}, "geometry": {"type": "Point", "coordinates": [87.9631734, 27.0058926]}}, {"type": "Feature", "properties": {"power": "tower", "telecom": ""}, "geometry": {"type": "Point", "coordinates": [88.1633735, 27.0780109]}}, {"type": "Feature", "properties": {"power": "tower", "telecom": ""}, "geometry": {"type": "Point", "coordinates": [87.9473162, 26.9066555]}}, {"type": "Feature", "properties": {"power": "tower", "telecom": ""}, "geometry": {"type": "Point", "coordinates": [87.9476675, 26.9008743]}}, {"type": "Feature", "properties": {"power": "tower", "telecom": ""}, "geometry": {"type": "Point", "coordinates": [87.9465678, 26.9151223]}}, {"type": "Feature", "properties": {"power": "tower", "telecom": ""}, "geometry": {"type": "Point", "coordinates": [87.9463586, 26.9092985]}}, {"type": "Feature", "properties": {"power": "tower", "telecom": ""}, "geometry": {"type": "Point", "coordinates": [88.9406455, 27.6240329]}}, {"type": "Feature", "properties": {"power": "tower", "telecom": ""}, "geometry": {"type": "Point", "coordinates": [88.9426464, 27.6260814]}}, {"type": "Feature", "properties": {"power": "tower", "telecom": ""}, "geometry": {"type": "Point", "coordinates": [88.9469245, 27.6305395]}}, {"type": "Feature", "properties": {"power": "tower", "telecom": ""}, "geometry": {"type": "Point", "coordinates": [88.9478606, 27.6314876]}}, {"type": "Feature", "properties": {"power": "tower", "telecom": ""}, "geometry": {"type": "Point", "coordinates": [88.9488047, 27.6351993]}}, {"type": "Feature", "properties": {"power": "tower", "telecom": ""}, "geometry": {"type": "Point", "coordinates": [88.9499205, 27.6393315]}}, {"type": "Feature", "properties": {"power": "tower", "telecom": ""}, "geometry": {"type": "Point", "coordinates": [88.9507654, 27.6424038]}}, {"type": "Feature", "properties": {"power": "tower", "telecom": ""}, "geometry": {"type": "Point", "coordinates": [88.9490139, 27.6460367]}}, {"type": "Feature", "properties": {"power": "tower", "telecom": ""}, "geometry": {"type": "Point", "coordinates": [88.9489737, 27.6486764]}}, {"type": "Feature", "properties": {"power": "tower", "telecom": ""}, "geometry": {"type": "Point", "coordinates": [88.9489254, 27.6518958]}}, {"type": "Feature", "properties": {"power": "tower", "telecom": ""}, "geometry": {"type": "Point", "coordinates": [88.9488986, 27.6561271]}}, {"type": "Feature", "properties": {"power": "tower", "telecom": ""}, "geometry": {"type": "Point", "coordinates": [88.9488369, 27.6607336]}}, {"type": "Feature", "properties": {"power": "tower", "telecom": ""}, "geometry": {"type": "Point", "coordinates": [88.950693, 27.6639169]}}, {"type": "Feature", "properties": {"power": "tower", "telecom": ""}, "geometry": {"type": "Point", "coordinates": [88.9521843, 27.6663091]}}, {"type": "Feature", "properties": {"power": "tower", "telecom": ""}, "geometry": {"type": "Point", "coordinates": [88.9533591, 27.6694472]}}, {"type": "Feature", "properties": {"power": "tower", "telecom": ""}, "geometry": {"type": "Point", "coordinates": [88.955116, 27.6739866]}}, {"type": "Feature", "properties": {"power": "tower", "telecom": ""}, "geometry": {"type": "Point", "coordinates": [88.9562747, 27.6768584]}}, {"type": "Feature", "properties": {"power": "tower", "telecom": ""}, "geometry": {"type": "Point", "coordinates": [88.9570981, 27.6787966]}}, {"type": "Feature", "properties": {"power": "tower", "telecom": ""}, "geometry": {"type": "Point", "coordinates": [88.958509, 27.6821956]}}, {"type": "Feature", "properties": {"power": "tower", "telecom": ""}, "geometry": {"type": "Point", "coordinates": [88.9600888, 27.6861027]}}, {"type": "Feature", "properties": {"power": "tower", "telecom": ""}, "geometry": {"type": "Point", "coordinates": [88.9612073, 27.6891428]}}, {"type": "Feature", "properties": {"power": "tower", "telecom": ""}, "geometry": {"type": "Point", "coordinates": [88.9624089, 27.6920522]}}, {"type": "Feature", "properties": {"power": "tower", "telecom": ""}, "geometry": {"type": "Point", "coordinates": [88.9632297, 27.6963271]}}, {"type": "Feature", "properties": {"power": "tower", "telecom": ""}, "geometry": {"type": "Point", "coordinates": [88.9641041, 27.7010103]}}, {"type": "Feature", "properties": {"power": "tower", "telecom": ""}, "geometry": {"type": "Point", "coordinates": [88.964383, 27.7023544]}}, {"type": "Feature", "properties": {"power": "tower", "telecom": ""}, "geometry": {"type": "Point", "coordinates": [88.9646405, 27.703594]}}, {"type": "Feature", "properties": {"power": "tower", "telecom": ""}, "geometry": {"type": "Point", "coordinates": [88.9647317, 27.7065268]}}, {"type": "Feature", "properties": {"power": "tower", "telecom": ""}, "geometry": {"type": "Point", "coordinates": [88.9649034, 27.709051]}}, {"type": "Feature", "properties": {"power": "tower", "telecom": ""}, "geometry": {"type": "Point", "coordinates": [88.9650536, 27.7116322]}}, {"type": "Feature", "properties": {"power": "tower", "telecom": ""}, "geometry": {"type": "Point", "coordinates": [88.9654076, 27.7136245]}}, {"type": "Feature", "properties": {"power": "tower", "telecom": ""}, "geometry": {"type": "Point", "coordinates": [88.9657643, 27.7181787]}}, {"type": "Feature", "properties": {"power": "tower", "telecom": ""}, "geometry": {"type": "Point", "coordinates": [88.9662579, 27.7222127]}}, {"type": "Feature", "properties": {"power": "tower", "telecom": ""}, "geometry": {"type": "Point", "coordinates": [88.9665851, 27.7246013]}}, {"type": "Feature", "properties": {"power": "tower", "telecom": ""}, "geometry": {"type": "Point", "coordinates": [88.9670652, 27.7292833]}}, {"type": "Feature", "properties": {"power": "tower", "telecom": ""}, "geometry": {"type": "Point", "coordinates": [88.967194, 27.7314603]}}, {"type": "Feature", "properties": {"power": "tower", "telecom": ""}, "geometry": {"type": "Point", "coordinates": [88.9674327, 27.7336896]}}, {"type": "Feature", "properties": {"power": "tower", "telecom": ""}, "geometry": {"type": "Point", "coordinates": [88.9676714, 27.7374002]}}, {"type": "Feature", "properties": {"power": "tower", "telecom": ""}, "geometry": {"type": "Point", "coordinates": [88.9678243, 27.7389671]}}, {"type": "Feature", "properties": {"power": "tower", "telecom": ""}, "geometry": {"type": "Point", "coordinates": [88.970603, 27.7437909]}}, {"type": "Feature", "properties": {"power": "tower", "telecom": ""}, "geometry": {"type": "Point", "coordinates": [88.9722687, 27.7466727]}}, {"type": "Feature", "properties": {"power": "tower", "telecom": ""}, "geometry": {"type": "Point", "coordinates": [88.9734086, 27.7487426]}}, {"type": "Feature", "properties": {"power": "tower", "telecom": ""}, "geometry": {"type": "Point", "coordinates": [88.9743045, 27.7502974]}}, {"type": "Feature", "properties": {"power": "tower", "telecom": ""}, "geometry": {"type": "Point", "coordinates": [88.9770538, 27.7551919]}}, {"type": "Feature", "properties": {"power": "tower", "telecom": ""}, "geometry": {"type": "Point", "coordinates": [88.9781722, 27.7570528]}}, {"type": "Feature", "properties": {"power": "tower", "telecom": ""}, "geometry": {"type": "Point", "coordinates": [88.9796689, 27.7598322]}}, {"type": "Feature", "properties": {"power": "tower", "telecom": ""}, "geometry": {"type": "Point", "coordinates": [88.9803314, 27.7618046]}}, {"type": "Feature", "properties": {"power": "tower", "telecom": ""}, "geometry": {"type": "Point", "coordinates": [88.9813453, 27.7648473]}}, {"type": "Feature", "properties": {"power": "tower", "telecom": ""}, "geometry": {"type": "Point", "coordinates": [88.9826488, 27.7686637]}}, {"type": "Feature", "properties": {"power": "tower", "telecom": ""}, "geometry": {"type": "Point", "coordinates": [88.9836037, 27.7715959]}}, {"type": "Feature", "properties": {"power": "tower", "telecom": ""}, "geometry": {"type": "Point", "coordinates": [88.9847678, 27.7750074]}}, {"type": "Feature", "properties": {"power": "tower", "telecom": ""}, "geometry": {"type": "Point", "coordinates": [88.9853579, 27.7787094]}}, {"type": "Feature", "properties": {"power": "tower", "telecom": ""}, "geometry": {"type": "Point", "coordinates": [88.9859399, 27.7825585]}}, {"type": "Feature", "properties": {"power": "tower", "telecom": ""}, "geometry": {"type": "Point", "coordinates": [88.9865568, 27.7864977]}}, {"type": "Feature", "properties": {"power": "tower", "telecom": ""}, "geometry": {"type": "Point", "coordinates": [88.9872381, 27.7909065]}}, {"type": "Feature", "properties": {"power": "tower", "telecom": ""}, "geometry": {"type": "Point", "coordinates": [88.9877155, 27.7950612]}}, {"type": "Feature", "properties": {"power": "tower", "telecom": ""}, "geometry": {"type": "Point", "coordinates": [88.9881125, 27.7979061]}}, {"type": "Feature", "properties": {"power": "tower", "telecom": ""}, "geometry": {"type": "Point", "coordinates": [88.9884129, 27.8002859]}}, {"type": "Feature", "properties": {"power": "tower", "telecom": ""}, "geometry": {"type": "Point", "coordinates": [88.9888367, 27.8031852]}}, {"type": "Feature", "properties": {"power": "tower", "telecom": ""}, "geometry": {"type": "Point", "coordinates": [88.9895609, 27.808668]}}, {"type": "Feature", "properties": {"power": "tower", "telecom": ""}, "geometry": {"type": "Point", "coordinates": [88.9881393, 27.8104379]}}, {"type": "Feature", "properties": {"power": "tower", "telecom": ""}, "geometry": {"type": "Point", "coordinates": [88.9859453, 27.8131091]}}, {"type": "Feature", "properties": {"power": "tower", "telecom": ""}, "geometry": {"type": "Point", "coordinates": [88.9848536, 27.8157638]}}, {"type": "Feature", "properties": {"power": "tower", "telecom": ""}, "geometry": {"type": "Point", "coordinates": [88.9835903, 27.8188904]}}, {"type": "Feature", "properties": {"power": "tower", "telecom": ""}, "geometry": {"type": "Point", "coordinates": [88.9837754, 27.821616]}}, {"type": "Feature", "properties": {"power": "tower", "telecom": ""}, "geometry": {"type": "Point", "coordinates": [88.9839873, 27.8245266]}}, {"type": "Feature", "properties": {"power": "tower", "telecom": ""}, "geometry": {"type": "Point", "coordinates": [88.9841026, 27.8265026]}}, {"type": "Feature", "properties": {"power": "tower", "telecom": ""}, "geometry": {"type": "Point", "coordinates": [88.9842474, 27.8284097]}}, {"type": "Feature", "properties": {"power": "tower", "telecom": ""}, "geometry": {"type": "Point", "coordinates": [88.9845103, 27.8318277]}}, {"type": "Feature", "properties": {"power": "tower", "telecom": ""}, "geometry": {"type": "Point", "coordinates": [88.9847705, 27.835516]}}, {"type": "Feature", "properties": {"power": "tower", "telecom": ""}, "geometry": {"type": "Point", "coordinates": [88.9850387, 27.8391496]}}, {"type": "Feature", "properties": {"power": "tower", "telecom": ""}, "geometry": {"type": "Point", "coordinates": [88.9825818, 27.841621]}}, {"type": "Feature", "properties": {"power": "tower", "telecom": ""}, "geometry": {"type": "Point", "coordinates": [88.9806882, 27.8435539]}}, {"type": "Feature", "properties": {"power": "tower", "telecom": ""}, "geometry": {"type": "Point", "coordinates": [88.976925, 27.8473533]}}, {"type": "Feature", "properties": {"power": "tower", "telecom": ""}, "geometry": {"type": "Point", "coordinates": [88.9741033, 27.8502158]}}, {"type": "Feature", "properties": {"power": "tower", "telecom": ""}, "geometry": {"type": "Point", "coordinates": [88.9741489, 27.8532869]}}, {"type": "Feature", "properties": {"power": "tower", "telecom": ""}, "geometry": {"type": "Point", "coordinates": [88.9742213, 27.8565286]}}, {"type": "Feature", "properties": {"power": "tower", "telecom": ""}, "geometry": {"type": "Point", "coordinates": [88.9743018, 27.860254]}}, {"type": "Feature", "properties": {"power": "tower", "telecom": ""}, "geometry": {"type": "Point", "coordinates": [88.9743689, 27.8627201]}}, {"type": "Feature", "properties": {"power": "tower", "telecom": ""}, "geometry": {"type": "Point", "coordinates": [88.974444, 27.8658596]}}, {"type": "Feature", "properties": {"power": "tower", "telecom": ""}, "geometry": {"type": "Point", "coordinates": [88.9745218, 27.8694187]}}, {"type": "Feature", "properties": {"power": "tower", "telecom": ""}, "geometry": {"type": "Point", "coordinates": [88.9746076, 27.8726363]}}, {"type": "Feature", "properties": {"power": "tower", "telecom": ""}, "geometry": {"type": "Point", "coordinates": [88.9746961, 27.87652]}}, {"type": "Feature", "properties": {"power": "tower", "telecom": ""}, "geometry": {"type": "Point", "coordinates": [88.97479, 27.8801949]}}, {"type": "Feature", "properties": {"power": "tower", "telecom": ""}, "geometry": {"type": "Point", "coordinates": [88.9766139, 27.8820039]}}, {"type": "Feature", "properties": {"power": "tower", "telecom": ""}, "geometry": {"type": "Point", "coordinates": [88.9770108, 27.8838057]}}, {"type": "Feature", "properties": {"power": "tower", "telecom": ""}, "geometry": {"type": "Point", "coordinates": [88.9768633, 27.8866791]}}, {"type": "Feature", "properties": {"power": "tower", "telecom": ""}, "geometry": {"type": "Point", "coordinates": [88.9767507, 27.8885567]}}, {"type": "Feature", "properties": {"power": "tower", "telecom": ""}, "geometry": {"type": "Point", "coordinates": [88.9766166, 27.8911834]}}, {"type": "Feature", "properties": {"power": "tower", "telecom": ""}, "geometry": {"type": "Point", "coordinates": [88.9764288, 27.8944098]}}, {"type": "Feature", "properties": {"power": "tower", "telecom": ""}, "geometry": {"type": "Point", "coordinates": [88.9793819, 27.8961]}}, {"type": "Feature", "properties": {"power": "tower", "telecom": ""}, "geometry": {"type": "Point", "coordinates": [88.982496, 27.8978779]}}, {"type": "Feature", "properties": {"power": "tower", "telecom": ""}, "geometry": {"type": "Point", "coordinates": [88.985551, 27.8996154]}}, {"type": "Feature", "properties": {"power": "tower", "telecom": ""}, "geometry": {"type": "Point", "coordinates": [88.9885792, 27.9013363]}}, {"type": "Feature", "properties": {"power": "tower", "telecom": ""}, "geometry": {"type": "Point", "coordinates": [88.9916021, 27.9030644]}}, {"type": "Feature", "properties": {"power": "tower", "telecom": ""}, "geometry": {"type": "Point", "coordinates": [88.9946598, 27.9047924]}}, {"type": "Feature", "properties": {"power": "tower", "telecom": ""}, "geometry": {"type": "Point", "coordinates": [88.9977282, 27.9065251]}}, {"type": "Feature", "properties": {"power": "tower", "telecom": ""}, "geometry": {"type": "Point", "coordinates": [88.7423657, 28.1985444]}}, {"type": "Feature", "properties": {"power": "tower", "telecom": ""}, "geometry": {"type": "Point", "coordinates": [88.7448543, 28.1971592]}}, {"type": "Feature", "properties": {"power": "tower", "telecom": ""}, "geometry": {"type": "Point", "coordinates": [88.7473485, 28.1957708]}}, {"type": "Feature", "properties": {"power": "tower", "telecom": ""}, "geometry": {"type": "Point", "coordinates": [88.7506629, 28.1939259]}}, {"type": "Feature", "properties": {"power": "tower", "telecom": ""}, "geometry": {"type": "Point", "coordinates": [88.7542523, 28.1946848]}}, {"type": "Feature", "properties": {"power": "tower", "telecom": ""}, "geometry": {"type": "Point", "coordinates": [88.7578789, 28.1954515]}}, {"type": "Feature", "properties": {"power": "tower", "telecom": ""}, "geometry": {"type": "Point", "coordinates": [88.761492, 28.1962154]}}, {"type": "Feature", "properties": {"power": "tower", "telecom": ""}, "geometry": {"type": "Point", "coordinates": [88.7652724, 28.1970147]}}, {"type": "Feature", "properties": {"power": "tower", "telecom": ""}, "geometry": {"type": "Point", "coordinates": [88.7689367, 28.1977894]}}, {"type": "Feature", "properties": {"power": "tower", "telecom": ""}, "geometry": {"type": "Point", "coordinates": [88.7725778, 28.1985592]}}, {"type": "Feature", "properties": {"power": "tower", "telecom": ""}, "geometry": {"type": "Point", "coordinates": [88.7763306, 28.1993526]}}, {"type": "Feature", "properties": {"power": "tower", "telecom": ""}, "geometry": {"type": "Point", "coordinates": [88.9990157, 27.5564778]}}, {"type": "Feature", "properties": {"power": "tower", "telecom": ""}, "geometry": {"type": "Point", "coordinates": [88.9993295, 27.5552983]}}, {"type": "Feature", "properties": {"power": "tower", "telecom": ""}, "geometry": {"type": "Point", "coordinates": [88.9996996, 27.5543638]}}, {"type": "Feature", "properties": {"power": "tower", "telecom": ""}, "geometry": {"type": "Point", "coordinates": [88.9953303, 27.5467945]}}, {"type": "Feature", "properties": {"power": "tower", "telecom": ""}, "geometry": {"type": "Point", "coordinates": [88.9947215, 27.5447421]}}, {"type": "Feature", "properties": {"power": "tower", "telecom": ""}, "geometry": {"type": "Point", "coordinates": [88.9938766, 27.5419834]}}, {"type": "Feature", "properties": {"power": "tower", "telecom": ""}, "geometry": {"type": "Point", "coordinates": [88.9944774, 27.5391794]}}, {"type": "Feature", "properties": {"power": "tower", "telecom": ""}, "geometry": {"type": "Point", "coordinates": [88.9926106, 27.5379427]}}, {"type": "Feature", "properties": {"power": "tower", "telecom": ""}, "geometry": {"type": "Point", "coordinates": [88.98826, 27.5373909]}}, {"type": "Feature", "properties": {"power": "tower", "telecom": ""}, "geometry": {"type": "Point", "coordinates": [88.9854048, 27.5347485]}}, {"type": "Feature", "properties": {"power": "tower", "telecom": ""}, "geometry": {"type": "Point", "coordinates": [88.9853203, 27.534896]}}, {"type": "Feature", "properties": {"power": "tower", "telecom": ""}, "geometry": {"type": "Point", "coordinates": [88.9851943, 27.5368249]}}, {"type": "Feature", "properties": {"power": "tower", "telecom": ""}, "geometry": {"type": "Point", "coordinates": [88.9812353, 27.5370484]}}, {"type": "Feature", "properties": {"power": "tower", "telecom": ""}, "geometry": {"type": "Point", "coordinates": [88.9786443, 27.5364182]}}, {"type": "Feature", "properties": {"power": "tower", "telecom": ""}, "geometry": {"type": "Point", "coordinates": [88.9739853, 27.5351695]}}, {"type": "Feature", "properties": {"power": "tower", "telecom": ""}, "geometry": {"type": "Point", "coordinates": [88.9729688, 27.5348722]}}, {"type": "Feature", "properties": {"power": "tower", "telecom": ""}, "geometry": {"type": "Point", "coordinates": [88.9687175, 27.5337758]}}, {"type": "Feature", "properties": {"power": "tower", "telecom": ""}, "geometry": {"type": "Point", "coordinates": [88.9674032, 27.5334571]}}, {"type": "Feature", "properties": {"power": "tower", "telecom": ""}, "geometry": {"type": "Point", "coordinates": [88.9664134, 27.5332145]}}, {"type": "Feature", "properties": {"power": "tower", "telecom": ""}, "geometry": {"type": "Point", "coordinates": [88.9614862, 27.5319325]}}, {"type": "Feature", "properties": {"power": "tower", "telecom": ""}, "geometry": {"type": "Point", "coordinates": [88.9594156, 27.5313664]}}, {"type": "Feature", "properties": {"power": "tower", "telecom": ""}, "geometry": {"type": "Point", "coordinates": [88.9568514, 27.5307456]}}, {"type": "Feature", "properties": {"power": "tower", "telecom": ""}, "geometry": {"type": "Point", "coordinates": [88.9537749, 27.5299322]}}, {"type": "Feature", "properties": {"power": "tower", "telecom": ""}, "geometry": {"type": "Point", "coordinates": [88.9504731, 27.5290474]}}, {"type": "Feature", "properties": {"power": "tower", "telecom": ""}, "geometry": {"type": "Point", "coordinates": [88.9485794, 27.5285788]}}, {"type": "Feature", "properties": {"power": "tower", "telecom": ""}, "geometry": {"type": "Point", "coordinates": [88.9460367, 27.52792]}}, {"type": "Feature", "properties": {"power": "tower", "telecom": ""}, "geometry": {"type": "Point", "coordinates": [88.9446768, 27.5275418]}}, {"type": "Feature", "properties": {"power": "tower", "telecom": ""}, "geometry": {"type": "Point", "coordinates": [88.9426035, 27.5277154]}}, {"type": "Feature", "properties": {"power": "tower", "telecom": ""}, "geometry": {"type": "Point", "coordinates": [88.9384326, 27.5281364]}}, {"type": "Feature", "properties": {"power": "tower", "telecom": ""}, "geometry": {"type": "Point", "coordinates": [88.9363861, 27.5290997]}}, {"type": "Feature", "properties": {"power": "tower", "telecom": ""}, "geometry": {"type": "Point", "coordinates": [88.9331835, 27.53066]}}, {"type": "Feature", "properties": {"power": "tower", "telecom": ""}, "geometry": {"type": "Point", "coordinates": [88.9293104, 27.53252]}}, {"type": "Feature", "properties": {"power": "tower", "telecom": ""}, "geometry": {"type": "Point", "coordinates": [88.9270091, 27.5335998]}}, {"type": "Feature", "properties": {"power": "tower", "telecom": ""}, "geometry": {"type": "Point", "coordinates": [88.9218619, 27.5359425]}}, {"type": "Feature", "properties": {"power": "tower", "telecom": ""}, "geometry": {"type": "Point", "coordinates": [88.9222053, 27.5372006]}}, {"type": "Feature", "properties": {"power": "tower", "telecom": ""}, "geometry": {"type": "Point", "coordinates": [88.9225593, 27.5384659]}}, {"type": "Feature", "properties": {"power": "tower", "telecom": ""}, "geometry": {"type": "Point", "coordinates": [88.923195, 27.5413365]}}, {"type": "Feature", "properties": {"power": "tower", "telecom": ""}, "geometry": {"type": "Point", "coordinates": [88.9234954, 27.5430179]}}, {"type": "Feature", "properties": {"power": "tower", "telecom": ""}, "geometry": {"type": "Point", "coordinates": [88.9240694, 27.5457576]}}, {"type": "Feature", "properties": {"power": "tower", "telecom": ""}, "geometry": {"type": "Point", "coordinates": [88.9248848, 27.5490988]}}, {"type": "Feature", "properties": {"power": "tower", "telecom": ""}, "geometry": {"type": "Point", "coordinates": [88.9254373, 27.5514698]}}, {"type": "Feature", "properties": {"power": "tower", "telecom": ""}, "geometry": {"type": "Point", "coordinates": [88.9258987, 27.5537527]}}, {"type": "Feature", "properties": {"power": "tower", "telecom": ""}, "geometry": {"type": "Point", "coordinates": [88.9268053, 27.55775]}}, {"type": "Feature", "properties": {"power": "tower", "telecom": ""}, "geometry": {"type": "Point", "coordinates": [88.9272076, 27.559386]}}, {"type": "Feature", "properties": {"power": "tower", "telecom": ""}, "geometry": {"type": "Point", "coordinates": [88.9264941, 27.5606153]}}, {"type": "Feature", "properties": {"power": "tower", "telecom": ""}, "geometry": {"type": "Point", "coordinates": [88.9258558, 27.5616402]}}, {"type": "Feature", "properties": {"power": "tower", "telecom": ""}, "geometry": {"type": "Point", "coordinates": [88.9249277, 27.5620515]}}, {"type": "Feature", "properties": {"power": "tower", "telecom": ""}, "geometry": {"type": "Point", "coordinates": [88.920089, 27.5654684]}}, {"type": "Feature", "properties": {"power": "tower", "telecom": ""}, "geometry": {"type": "Point", "coordinates": [88.917447, 27.5671019]}}, {"type": "Feature", "properties": {"power": "tower", "telecom": ""}, "geometry": {"type": "Point", "coordinates": [88.9152369, 27.5689208]}}, {"type": "Feature", "properties": {"power": "tower", "telecom": ""}, "geometry": {"type": "Point", "coordinates": [88.913008, 27.5709394]}}, {"type": "Feature", "properties": {"power": "tower", "telecom": ""}, "geometry": {"type": "Point", "coordinates": [88.9117742, 27.572675]}}, {"type": "Feature", "properties": {"power": "tower", "telecom": ""}, "geometry": {"type": "Point", "coordinates": [88.9108649, 27.5751073]}}, {"type": "Feature", "properties": {"power": "tower", "telecom": ""}, "geometry": {"type": "Point", "coordinates": [88.9099878, 27.5762414]}}, {"type": "Feature", "properties": {"power": "tower", "telecom": ""}, "geometry": {"type": "Point", "coordinates": [88.9089417, 27.578576]}}, {"type": "Feature", "properties": {"power": "tower", "telecom": ""}, "geometry": {"type": "Point", "coordinates": [88.907488, 27.581631]}}, {"type": "Feature", "properties": {"power": "tower", "telecom": ""}, "geometry": {"type": "Point", "coordinates": [88.9060718, 27.5848]}}, {"type": "Feature", "properties": {"power": "tower", "telecom": ""}, "geometry": {"type": "Point", "coordinates": [88.905817, 27.5858175]}}, {"type": "Feature", "properties": {"power": "tower", "telecom": ""}, "geometry": {"type": "Point", "coordinates": [88.9056239, 27.5909214]}}, {"type": "Feature", "properties": {"power": "tower", "telecom": ""}, "geometry": {"type": "Point", "coordinates": [88.9059591, 27.5923002]}}, {"type": "Feature", "properties": {"power": "tower", "telecom": ""}, "geometry": {"type": "Point", "coordinates": [88.9072573, 27.5974062]}}, {"type": "Feature", "properties": {"power": "tower", "telecom": ""}, "geometry": {"type": "Point", "coordinates": [88.9087057, 27.5985685]}}, {"type": "Feature", "properties": {"power": "tower", "telecom": ""}, "geometry": {"type": "Point", "coordinates": [88.9160667, 27.6045797]}}, {"type": "Feature", "properties": {"power": "tower", "telecom": ""}, "geometry": {"type": "Point", "coordinates": [88.9129624, 27.602008]}}, {"type": "Feature", "properties": {"power": "tower", "telecom": ""}, "geometry": {"type": "Point", "coordinates": [88.9182705, 27.6064053]}}, {"type": "Feature", "properties": {"power": "tower", "telecom": ""}, "geometry": {"type": "Point", "coordinates": [88.9210197, 27.60805]}}, {"type": "Feature", "properties": {"power": "tower", "telecom": ""}, "geometry": {"type": "Point", "coordinates": [88.9244422, 27.6098136]}}, {"type": "Feature", "properties": {"power": "tower", "telecom": ""}, "geometry": {"type": "Point", "coordinates": [88.9255258, 27.6116009]}}, {"type": "Feature", "properties": {"power": "tower", "telecom": ""}, "geometry": {"type": "Point", "coordinates": [88.9268482, 27.6126681]}}, {"type": "Feature", "properties": {"power": "tower", "telecom": ""}, "geometry": {"type": "Point", "coordinates": [88.9277333, 27.613431]}}, {"type": "Feature", "properties": {"power": "tower", "telecom": ""}, "geometry": {"type": "Point", "coordinates": [88.9322555, 27.6154274]}}, {"type": "Feature", "properties": {"power": "tower", "telecom": ""}, "geometry": {"type": "Point", "coordinates": [88.9347687, 27.6179989]}}, {"type": "Feature", "properties": {"power": "tower", "telecom": ""}, "geometry": {"type": "Point", "coordinates": [88.9378667, 27.6211716]}}, {"type": "Feature", "properties": {"power": "tower", "telecom": ""}, "geometry": {"type": "Point", "coordinates": [88.7415129, 28.1985483]}}, {"type": "Feature", "properties": {"power": "tower", "telecom": ""}, "geometry": {"type": "Point", "coordinates": [88.7444848, 28.1968675]}}, {"type": "Feature", "properties": {"power": "tower", "telecom": ""}, "geometry": {"type": "Point", "coordinates": [88.7475291, 28.1951986]}}, {"type": "Feature", "properties": {"power": "tower", "telecom": ""}, "geometry": {"type": "Point", "coordinates": [88.7505251, 28.1935415]}}, {"type": "Feature", "properties": {"power": "tower", "telecom": ""}, "geometry": {"type": "Point", "coordinates": [88.7532341, 28.1920592]}}, {"type": "Feature", "properties": {"power": "tower", "telecom": ""}, "geometry": {"type": "Point", "coordinates": [88.7562489, 28.1929339]}}, {"type": "Feature", "properties": {"power": "tower", "telecom": ""}, "geometry": {"type": "Point", "coordinates": [88.7595776, 28.1939173]}}, {"type": "Feature", "properties": {"power": "tower", "telecom": ""}, "geometry": {"type": "Point", "coordinates": [88.7629116, 28.1948984]}}, {"type": "Feature", "properties": {"power": "tower", "telecom": ""}, "geometry": {"type": "Point", "coordinates": [88.7662053, 28.1958629]}}, {"type": "Feature", "properties": {"power": "tower", "telecom": ""}, "geometry": {"type": "Point", "coordinates": [88.7695447, 28.1968557]}}, {"type": "Feature", "properties": {"power": "tower", "telecom": ""}, "geometry": {"type": "Point", "coordinates": [88.7729162, 28.1978627]}}, {"type": "Feature", "properties": {"power": "tower", "telecom": ""}, "geometry": {"type": "Point", "coordinates": [88.7764862, 28.1989005]}}, {"type": "Feature", "properties": {"power": "tower", "telecom": ""}, "geometry": {"type": "Point", "coordinates": [88.780134, 28.1996947]}}, {"type": "Feature", "properties": {"power": "portal", "telecom": ""}, "geometry": {"type": "Point", "coordinates": [87.9632726, 27.0056465]}}, {"type": "Feature", "properties": {"power": "portal", "telecom": ""}, "geometry": {"type": "Point", "coordinates": [87.9634443, 27.0058018]}}, {"type": "Feature", "properties": {"power": "tower", "telecom": ""}, "geometry": {"type": "Point", "coordinates": [88.151266, 27.0167248]}}, {"type": "Feature", "properties": {"power": "tower", "telecom": ""}, "geometry": {"type": "Point", "coordinates": [88.1529397, 27.0133412]}}, {"type": "Feature", "properties": {"power": "tower", "telecom": ""}, "geometry": {"type": "Point", "coordinates": [88.1533045, 27.0118357]}}, {"type": "Feature", "properties": {"power": "tower", "telecom": ""}, "geometry": {"type": "Point", "coordinates": [88.1548762, 27.0078402]}}, {"type": "Feature", "properties": {"power": "tower", "telecom": ""}, "geometry": {"type": "Point", "coordinates": [88.1545114, 27.006349]}}, {"type": "Feature", "properties": {"power": "tower", "telecom": ""}, "geometry": {"type": "Point", "coordinates": [88.1539857, 27.0007235]}}, {"type": "Feature", "properties": {"power": "tower", "telecom": ""}, "geometry": {"type": "Point", "coordinates": [88.154254, 26.998477]}}, {"type": "Feature", "properties": {"power": "tower", "telecom": ""}, "geometry": {"type": "Point", "coordinates": [88.1541145, 26.996871]}}, {"type": "Feature", "properties": {"power": "tower", "telecom": ""}, "geometry": {"type": "Point", "coordinates": [88.1536102, 26.9950594]}}, {"type": "Feature", "properties": {"power": "tower", "telecom": ""}, "geometry": {"type": "Point", "coordinates": [88.1519258, 26.9925212]}}, {"type": "Feature", "properties": {"power": "tower", "telecom": ""}, "geometry": {"type": "Point", "coordinates": [88.1461322, 26.9890317]}}, {"type": "Feature", "properties": {"power": "tower", "telecom": ""}, "geometry": {"type": "Point", "coordinates": [88.1438416, 26.9867659]}}, {"type": "Feature", "properties": {"power": "tower", "telecom": ""}, "geometry": {"type": "Point", "coordinates": [88.1433964, 26.9853844]}}, {"type": "Feature", "properties": {"power": "tower", "telecom": ""}, "geometry": {"type": "Point", "coordinates": [88.1415296, 26.9843518]}}, {"type": "Feature", "properties": {"power": "tower", "telecom": ""}, "geometry": {"type": "Point", "coordinates": [88.1391907, 26.9822675]}}, {"type": "Feature", "properties": {"power": "tower", "telecom": ""}, "geometry": {"type": "Point", "coordinates": [88.1396949, 26.9800541]}}, {"type": "Feature", "properties": {"power": "tower", "telecom": ""}, "geometry": {"type": "Point", "coordinates": [88.1376564, 26.9773483]}}, {"type": "Feature", "properties": {"power": "tower", "telecom": ""}, "geometry": {"type": "Point", "coordinates": [88.1356502, 26.9753404]}}, {"type": "Feature", "properties": {"power": "tower", "telecom": ""}, "geometry": {"type": "Point", "coordinates": [88.1350815, 26.9731795]}}, {"type": "Feature", "properties": {"power": "tower", "telecom": ""}, "geometry": {"type": "Point", "coordinates": [88.1356341, 26.970636]}}, {"type": "Feature", "properties": {"power": "tower", "telecom": ""}, "geometry": {"type": "Point", "coordinates": [88.1346095, 26.9654772]}}, {"type": "Feature", "properties": {"power": "tower", "telecom": ""}, "geometry": {"type": "Point", "coordinates": [88.1327748, 26.9624746]}}, {"type": "Feature", "properties": {"power": "tower", "telecom": ""}, "geometry": {"type": "Point", "coordinates": [88.1328231, 26.959644]}}, {"type": "Feature", "properties": {"power": "tower", "telecom": ""}, "geometry": {"type": "Point", "coordinates": [88.1337726, 26.9559288]}}, {"type": "Feature", "properties": {"power": "tower", "telecom": ""}, "geometry": {"type": "Point", "coordinates": [88.1361061, 26.9527729]}}, {"type": "Feature", "properties": {"power": "tower", "telecom": ""}, "geometry": {"type": "Point", "coordinates": [88.135972, 26.9472307]}}, {"type": "Feature", "properties": {"power": "tower", "telecom": ""}, "geometry": {"type": "Point", "coordinates": [88.1354731, 26.9424199]}}, {"type": "Feature", "properties": {"power": "tower", "telecom": ""}, "geometry": {"type": "Point", "coordinates": [88.1360149, 26.9402344]}}, {"type": "Feature", "properties": {"power": "tower", "telecom": ""}, "geometry": {"type": "Point", "coordinates": [88.1361383, 26.9361599]}}, {"type": "Feature", "properties": {"power": "tower", "telecom": ""}, "geometry": {"type": "Point", "coordinates": [88.1383163, 26.9340078]}}, {"type": "Feature", "properties": {"power": "tower", "telecom": ""}, "geometry": {"type": "Point", "coordinates": [88.1406337, 26.9315112]}}, {"type": "Feature", "properties": {"power": "tower", "telecom": ""}, "geometry": {"type": "Point", "coordinates": [88.1462234, 26.9289525]}}, {"type": "Feature", "properties": {"power": "tower", "telecom": ""}, "geometry": {"type": "Point", "coordinates": [88.2610434, 27.0717728]}}, {"type": "Feature", "properties": {"power": "tower", "telecom": ""}, "geometry": {"type": "Point", "coordinates": [88.4816363, 27.199173]}}, {"type": "Feature", "properties": {"power": "tower", "telecom": ""}, "geometry": {"type": "Point", "coordinates": [88.4811562, 27.1995237]}}, {"type": "Feature", "properties": {"power": "tower", "telecom": ""}, "geometry": {"type": "Point", "coordinates": [88.4788388, 27.2006091]}}, {"type": "Feature", "properties": {"power": "tower", "telecom": ""}, "geometry": {"type": "Point", "coordinates": [88.4757918, 27.2006139]}}, {"type": "Feature", "properties": {"power": "tower", "telecom": ""}, "geometry": {"type": "Point", "coordinates": [88.4730452, 27.2008477]}}, {"type": "Feature", "properties": {"power": "tower", "telecom": ""}, "geometry": {"type": "Point", "coordinates": [88.4688368, 27.2005638]}}, {"type": "Feature", "properties": {"power": "tower", "telecom": ""}, "geometry": {"type": "Point", "coordinates": [88.4667608, 27.2004517]}}, {"type": "Feature", "properties": {"power": "tower", "telecom": ""}, "geometry": {"type": "Point", "coordinates": [88.4628421, 27.2044451]}}, {"type": "Feature", "properties": {"power": "tower", "telecom": ""}, "geometry": {"type": "Point", "coordinates": [88.4603476, 27.2054088]}}, {"type": "Feature", "properties": {"power": "tower", "telecom": ""}, "geometry": {"type": "Point", "coordinates": [88.4545755, 27.2075987]}}, {"type": "Feature", "properties": {"power": "tower", "telecom": ""}, "geometry": {"type": "Point", "coordinates": [88.4519094, 27.2085672]}}, {"type": "Feature", "properties": {"power": "tower", "telecom": ""}, "geometry": {"type": "Point", "coordinates": [88.4513569, 27.2100032]}}, {"type": "Feature", "properties": {"power": "tower", "telecom": ""}, "geometry": {"type": "Point", "coordinates": [88.4502625, 27.2113819]}}, {"type": "Feature", "properties": {"power": "tower", "telecom": ""}, "geometry": {"type": "Point", "coordinates": [88.4482133, 27.2118828]}}, {"type": "Feature", "properties": {"power": "tower", "telecom": ""}, "geometry": {"type": "Point", "coordinates": [88.4467059, 27.2139438]}}, {"type": "Feature", "properties": {"power": "tower", "telecom": ""}, "geometry": {"type": "Point", "coordinates": [88.446486, 27.2161334]}}, {"type": "Feature", "properties": {"power": "tower", "telecom": ""}, "geometry": {"type": "Point", "coordinates": [88.4460247, 27.219239]}}, {"type": "Feature", "properties": {"power": "tower", "telecom": ""}, "geometry": {"type": "Point", "coordinates": [88.4464002, 27.2226975]}}, {"type": "Feature", "properties": {"power": "tower", "telecom": ""}, "geometry": {"type": "Point", "coordinates": [88.445794, 27.2237803]}}, {"type": "Feature", "properties": {"power": "tower", "telecom": ""}, "geometry": {"type": "Point", "coordinates": [88.4426236, 27.2248297]}}, {"type": "Feature", "properties": {"power": "tower", "telecom": ""}, "geometry": {"type": "Point", "coordinates": [88.4390187, 27.2252686]}}, {"type": "Feature", "properties": {"power": "tower", "telecom": ""}, "geometry": {"type": "Point", "coordinates": [88.4367925, 27.2257885]}}, {"type": "Feature", "properties": {"power": "tower", "telecom": ""}, "geometry": {"type": "Point", "coordinates": [88.4274745, 27.2306015]}}, {"type": "Feature", "properties": {"power": "tower", "telecom": ""}, "geometry": {"type": "Point", "coordinates": [88.4253073, 27.2331056]}}, {"type": "Feature", "properties": {"power": "tower", "telecom": ""}, "geometry": {"type": "Point", "coordinates": [88.425039, 27.2349992]}}, {"type": "Feature", "properties": {"power": "tower", "telecom": ""}, "geometry": {"type": "Point", "coordinates": [88.422786, 27.2376893]}}, {"type": "Feature", "properties": {"power": "tower", "telecom": ""}, "geometry": {"type": "Point", "coordinates": [88.4217828, 27.2437847]}}, {"type": "Feature", "properties": {"power": "tower", "telecom": ""}, "geometry": {"type": "Point", "coordinates": [88.4208226, 27.2481104]}}, {"type": "Feature", "properties": {"power": "tower", "telecom": ""}, "geometry": {"type": "Point", "coordinates": [88.420136, 27.2491834]}}, {"type": "Feature", "properties": {"power": "tower", "telecom": ""}, "geometry": {"type": "Point", "coordinates": [88.4160536, 27.2556549]}}, {"type": "Feature", "properties": {"power": "tower", "telecom": ""}, "geometry": {"type": "Point", "coordinates": [88.4160257, 27.2569771]}}, {"type": "Feature", "properties": {"power": "tower", "telecom": ""}, "geometry": {"type": "Point", "coordinates": [88.3745192, 27.2031811]}}, {"type": "Feature", "properties": {"power": "tower", "telecom": ""}, "geometry": {"type": "Point", "coordinates": [88.3563314, 27.1885342]}}, {"type": "Feature", "properties": {"power": "tower", "telecom": ""}, "geometry": {"type": "Point", "coordinates": [88.2155532, 27.0797615]}}, {"type": "Feature", "properties": {"power": "tower", "telecom": ""}, "geometry": {"type": "Point", "coordinates": [88.4532609, 27.3028183]}}, {"type": "Feature", "properties": {"power": "tower", "telecom": ""}, "geometry": {"type": "Point", "coordinates": [88.5221239, 27.4036378]}}, {"type": "Feature", "properties": {"power": "tower", "telecom": ""}, "geometry": {"type": "Point", "coordinates": [88.4038761, 27.2505239]}}, {"type": "Feature", "properties": {"power": "tower", "telecom": ""}, "geometry": {"type": "Point", "coordinates": [88.3161678, 27.1639035]}}, {"type": "Feature", "properties": {"power": "tower", "telecom": ""}, "geometry": {"type": "Point", "coordinates": [88.2419833, 27.1070886]}}, {"type": "Feature", "properties": {"power": "tower", "telecom": ""}, "geometry": {"type": "Point", "coordinates": [88.4598699, 27.3088338]}}, {"type": "Feature", "properties": {"power": "tower", "telecom": ""}, "geometry": {"type": "Point", "coordinates": [88.3835932, 27.233187]}}, {"type": "Feature", "properties": {"power": "tower", "telecom": ""}, "geometry": {"type": "Point", "coordinates": [88.3020272, 27.1456319]}}, {"type": "Feature", "properties": {"power": "tower", "telecom": ""}, "geometry": {"type": "Point", "coordinates": [88.2169154, 27.080311]}}, {"type": "Feature", "properties": {"power": "tower", "telecom": ""}, "geometry": {"type": "Point", "coordinates": [88.4437122, 27.282815]}}, {"type": "Feature", "properties": {"power": "tower", "telecom": ""}, "geometry": {"type": "Point", "coordinates": [88.3706167, 27.1978421]}}, {"type": "Feature", "properties": {"power": "tower", "telecom": ""}, "geometry": {"type": "Point", "coordinates": [88.2736173, 27.1202243]}}, {"type": "Feature", "properties": {"power": "tower", "telecom": ""}, "geometry": {"type": "Point", "coordinates": [88.4479072, 27.2924929]}}, {"type": "Feature", "properties": {"power": "tower", "telecom": ""}, "geometry": {"type": "Point", "coordinates": [88.4992876, 27.3680375]}}, {"type": "Feature", "properties": {"power": "tower", "telecom": ""}, "geometry": {"type": "Point", "coordinates": [88.3846178, 27.218395]}}, {"type": "Feature", "properties": {"power": "tower", "telecom": ""}, "geometry": {"type": "Point", "coordinates": [88.2909282, 27.1331246]}}, {"type": "Feature", "properties": {"power": "tower", "telecom": ""}, "geometry": {"type": "Point", "coordinates": [88.4533793, 27.1822052]}}, {"type": "Feature", "properties": {"power": "tower", "telecom": ""}, "geometry": {"type": "Point", "coordinates": [88.4557021, 27.1802654]}}, {"type": "Feature", "properties": {"power": "tower", "telecom": ""}, "geometry": {"type": "Point", "coordinates": [88.4557369, 27.1809263]}}, {"type": "Feature", "properties": {"power": "tower", "telecom": ""}, "geometry": {"type": "Point", "coordinates": [88.4559113, 27.1822624]}}, {"type": "Feature", "properties": {"power": "tower", "telecom": ""}, "geometry": {"type": "Point", "coordinates": [88.4564477, 27.183706]}}, {"type": "Feature", "properties": {"power": "tower", "telecom": ""}, "geometry": {"type": "Point", "coordinates": [88.4559622, 27.1842643]}}, {"type": "Feature", "properties": {"power": "tower", "telecom": ""}, "geometry": {"type": "Point", "coordinates": [88.4566462, 27.1864378]}}, {"type": "Feature", "properties": {"power": "tower", "telecom": ""}, "geometry": {"type": "Point", "coordinates": [88.4576547, 27.1882368]}}, {"type": "Feature", "properties": {"power": "tower", "telecom": ""}, "geometry": {"type": "Point", "coordinates": [88.4578907, 27.1891816]}}, {"type": "Feature", "properties": {"power": "tower", "telecom": ""}, "geometry": {"type": "Point", "coordinates": [88.4595108, 27.1944732]}}, {"type": "Feature", "properties": {"power": "tower", "telecom": ""}, "geometry": {"type": "Point", "coordinates": [88.4573999, 27.1942394]}}, {"type": "Feature", "properties": {"power": "tower", "telecom": ""}, "geometry": {"type": "Point", "coordinates": [88.4541947, 27.1935857]}}, {"type": "Feature", "properties": {"power": "tower", "telecom": ""}, "geometry": {"type": "Point", "coordinates": [88.4590736, 27.191491]}}, {"type": "Feature", "properties": {"power": "tower", "telecom": ""}, "geometry": {"type": "Point", "coordinates": [88.4602028, 27.1942943]}}, {"type": "Feature", "properties": {"power": "tower", "telecom": ""}, "geometry": {"type": "Point", "coordinates": [88.4614313, 27.1952557]}}, {"type": "Feature", "properties": {"power": "tower", "telecom": ""}, "geometry": {"type": "Point", "coordinates": [88.4630647, 27.19621]}}, {"type": "Feature", "properties": {"power": "tower", "telecom": ""}, "geometry": {"type": "Point", "coordinates": [88.4658274, 27.1979038]}}, {"type": "Feature", "properties": {"power": "tower", "telecom": ""}, "geometry": {"type": "Point", "coordinates": [88.4681341, 27.1995165]}}, {"type": "Feature", "properties": {"power": "tower", "telecom": ""}, "geometry": {"type": "Point", "coordinates": [88.4697434, 27.199631]}}, {"type": "Feature", "properties": {"power": "tower", "telecom": ""}, "geometry": {"type": "Point", "coordinates": [88.4716371, 27.1996096]}}, {"type": "Feature", "properties": {"power": "tower", "telecom": ""}, "geometry": {"type": "Point", "coordinates": [88.474279, 27.1994187]}}, {"type": "Feature", "properties": {"power": "tower", "telecom": ""}, "geometry": {"type": "Point", "coordinates": [88.4766582, 27.1990299]}}, {"type": "Feature", "properties": {"power": "tower", "telecom": ""}, "geometry": {"type": "Point", "coordinates": [88.4776425, 27.1991658]}}, {"type": "Feature", "properties": {"power": "tower", "telecom": ""}, "geometry": {"type": "Point", "coordinates": [88.4806895, 27.1980088]}}, {"type": "Feature", "properties": {"power": "tower", "telecom": ""}, "geometry": {"type": "Point", "coordinates": [88.481808, 27.1976319]}}, {"type": "Feature", "properties": {"power": "tower", "telecom": ""}, "geometry": {"type": "Point", "coordinates": [88.4506649, 27.1962697]}}, {"type": "Feature", "properties": {"power": "tower", "telecom": ""}, "geometry": {"type": "Point", "coordinates": [88.4664229, 27.1989177]}}, {"type": "Feature", "properties": {"power": "tower", "telecom": ""}, "geometry": {"type": "Point", "coordinates": [88.4665516, 27.199872]}}, {"type": "Feature", "properties": {"power": "tower", "telecom": ""}, "geometry": {"type": "Point", "coordinates": [88.4622011, 27.1989106]}}, {"type": "Feature", "properties": {"power": "tower", "telecom": ""}, "geometry": {"type": "Point", "coordinates": [88.4594759, 27.1986982]}}, {"type": "Feature", "properties": {"power": "tower", "telecom": ""}, "geometry": {"type": "Point", "coordinates": [88.4569842, 27.1969424]}}, {"type": "Feature", "properties": {"power": "tower", "telecom": ""}, "geometry": {"type": "Point", "coordinates": [88.4548786, 27.194144]}}, {"type": "Feature", "properties": {"power": "tower", "telecom": ""}, "geometry": {"type": "Point", "coordinates": [88.4533229, 27.1944995]}}, {"type": "Feature", "properties": {"power": "tower", "telecom": ""}, "geometry": {"type": "Point", "coordinates": [88.4517887, 27.1947881]}}, {"type": "Feature", "properties": {"power": "tower", "telecom": ""}, "geometry": {"type": "Point", "coordinates": [88.4500614, 27.1939722]}}, {"type": "Feature", "properties": {"power": "tower", "telecom": ""}, "geometry": {"type": "Point", "coordinates": [88.449313, 27.1942299]}}, {"type": "Feature", "properties": {"power": "tower", "telecom": ""}, "geometry": {"type": "Point", "coordinates": [88.4489295, 27.1960359]}}, {"type": "Feature", "properties": {"power": "tower", "telecom": ""}, "geometry": {"type": "Point", "coordinates": [88.4493345, 27.1963627]}}, {"type": "Feature", "properties": {"power": "tower", "telecom": ""}, "geometry": {"type": "Point", "coordinates": [88.4499246, 27.1964128]}}, {"type": "Feature", "properties": {"power": "tower", "telecom": ""}, "geometry": {"type": "Point", "coordinates": [88.4520194, 27.1959547]}}, {"type": "Feature", "properties": {"power": "tower", "telecom": ""}, "geometry": {"type": "Point", "coordinates": [88.4530681, 27.195604]}}, {"type": "Feature", "properties": {"power": "tower", "telecom": ""}, "geometry": {"type": "Point", "coordinates": [88.4579793, 27.19501]}}, {"type": "Feature", "properties": {"power": "tower", "telecom": ""}, "geometry": {"type": "Point", "coordinates": [88.4642959, 27.1976152]}}, {"type": "Feature", "properties": {"power": "tower", "telecom": ""}, "geometry": {"type": "Point", "coordinates": [88.4681046, 27.2000557]}}, {"type": "Feature", "properties": {"power": "tower", "telecom": ""}, "geometry": {"type": "Point", "coordinates": [88.4712481, 27.2002847]}}, {"type": "Feature", "properties": {"power": "tower", "telecom": ""}, "geometry": {"type": "Point", "coordinates": [88.4745285, 27.2002513]}}, {"type": "Feature", "properties": {"power": "tower", "telecom": ""}, "geometry": {"type": "Point", "coordinates": [88.4774333, 27.1998171]}}, {"type": "Feature", "properties": {"power": "tower", "telecom": ""}, "geometry": {"type": "Point", "coordinates": [88.4792948, 27.1999507]}}, {"type": "Feature", "properties": {"power": "tower", "telecom": ""}, "geometry": {"type": "Point", "coordinates": [88.4809095, 27.1987484]}}, {"type": "Feature", "properties": {"power": "tower", "telecom": ""}, "geometry": {"type": "Point", "coordinates": [88.4820467, 27.1987102]}}, {"type": "Feature", "properties": {"power": "tower", "telecom": ""}, "geometry": {"type": "Point", "coordinates": [88.3124828, 27.1610944]}}, {"type": "Feature", "properties": {"power": "tower", "telecom": ""}, "geometry": {"type": "Point", "coordinates": [88.3158007, 27.1656071]}}, {"type": "Feature", "properties": {"power": "tower", "telecom": ""}, "geometry": {"type": "Point", "coordinates": [88.3159429, 27.1634379]}}, {"type": "Feature", "properties": {"power": "tower", "telecom": ""}, "geometry": {"type": "Point", "coordinates": [88.3154386, 27.1639366]}}, {"type": "Feature", "properties": {"power": "tower", "telecom": ""}, "geometry": {"type": "Point", "coordinates": [88.3153582, 27.163204]}}, {"type": "Feature", "properties": {"power": "tower", "telecom": ""}, "geometry": {"type": "Point", "coordinates": [88.3149773, 27.1615789]}}, {"type": "Feature", "properties": {"power": "tower", "telecom": ""}, "geometry": {"type": "Point", "coordinates": [88.3156264, 27.1598916]}}, {"type": "Feature", "properties": {"power": "tower", "telecom": ""}, "geometry": {"type": "Point", "coordinates": [88.3153716, 27.1591638]}}, {"type": "Feature", "properties": {"power": "tower", "telecom": ""}, "geometry": {"type": "Point", "coordinates": [88.3138695, 27.1581376]}}, {"type": "Feature", "properties": {"power": "tower", "telecom": ""}, "geometry": {"type": "Point", "coordinates": [88.3126599, 27.1571877]}}, {"type": "Feature", "properties": {"power": "tower", "telecom": ""}, "geometry": {"type": "Point", "coordinates": [88.312397, 27.1556317]}}, {"type": "Feature", "properties": {"power": "tower", "telecom": ""}, "geometry": {"type": "Point", "coordinates": [88.3130133, 27.1549552]}}, {"type": "Feature", "properties": {"power": "tower", "telecom": ""}, "geometry": {"type": "Point", "coordinates": [88.3134994, 27.1525029]}}, {"type": "Feature", "properties": {"power": "tower", "telecom": ""}, "geometry": {"type": "Point", "coordinates": [88.3133921, 27.1504146]}}, {"type": "Feature", "properties": {"power": "tower", "telecom": ""}, "geometry": {"type": "Point", "coordinates": [88.3135718, 27.1492332]}}, {"type": "Feature", "properties": {"power": "tower", "telecom": ""}, "geometry": {"type": "Point", "coordinates": [88.3133277, 27.1473143]}}, {"type": "Feature", "properties": {"power": "tower", "telecom": ""}, "geometry": {"type": "Point", "coordinates": [88.3128959, 27.159443]}}, {"type": "Feature", "properties": {"power": "tower", "telecom": ""}, "geometry": {"type": "Point", "coordinates": [88.3122334, 27.1574622]}}, {"type": "Feature", "properties": {"power": "tower", "telecom": ""}, "geometry": {"type": "Point", "coordinates": [88.3113429, 27.1553573]}}, {"type": "Feature", "properties": {"power": "tower", "telecom": ""}, "geometry": {"type": "Point", "coordinates": [88.3119088, 27.1545291]}}, {"type": "Feature", "properties": {"power": "tower", "telecom": ""}, "geometry": {"type": "Point", "coordinates": [88.3128691, 27.1524958]}}, {"type": "Feature", "properties": {"power": "tower", "telecom": ""}, "geometry": {"type": "Point", "coordinates": [88.3115789, 27.1497368]}}, {"type": "Feature", "properties": {"power": "tower", "telecom": ""}, "geometry": {"type": "Point", "coordinates": [88.3118632, 27.1483525]}}, {"type": "Feature", "properties": {"power": "tower", "telecom": ""}, "geometry": {"type": "Point", "coordinates": [88.3120778, 27.1471114]}}, {"type": "Feature", "properties": {"power": "tower", "telecom": ""}, "geometry": {"type": "Point", "coordinates": [88.3132486, 27.1455863]}}, {"type": "Feature", "properties": {"power": "tower", "telecom": ""}, "geometry": {"type": "Point", "coordinates": [88.3549502, 27.1463119]}}, {"type": "Feature", "properties": {"power": "tower", "telecom": ""}, "geometry": {"type": "Point", "coordinates": [88.3522037, 27.144622]}}, {"type": "Feature", "properties": {"power": "tower", "telecom": ""}, "geometry": {"type": "Point", "coordinates": [88.3514258, 27.1443118]}}, {"type": "Feature", "properties": {"power": "tower", "telecom": ""}, "geometry": {"type": "Point", "coordinates": [88.3502671, 27.1404164]}}, {"type": "Feature", "properties": {"power": "tower", "telecom": ""}, "geometry": {"type": "Point", "coordinates": [88.3497468, 27.139235]}}, {"type": "Feature", "properties": {"power": "tower", "telecom": ""}, "geometry": {"type": "Point", "coordinates": [88.3481106, 27.1385141]}}, {"type": "Feature", "properties": {"power": "tower", "telecom": ""}, "geometry": {"type": "Point", "coordinates": [88.3436823, 27.1377455]}}, {"type": "Feature", "properties": {"power": "tower", "telecom": ""}, "geometry": {"type": "Point", "coordinates": [88.3420113, 27.1367096]}}, {"type": "Feature", "properties": {"power": "tower", "telecom": ""}, "geometry": {"type": "Point", "coordinates": [88.3397126, 27.1354349]}}, {"type": "Feature", "properties": {"power": "tower", "telecom": ""}, "geometry": {"type": "Point", "coordinates": [88.3369285, 27.1351819]}}, {"type": "Feature", "properties": {"power": "tower", "telecom": ""}, "geometry": {"type": "Point", "coordinates": [88.3357919, 27.135679]}}, {"type": "Feature", "properties": {"power": "tower", "telecom": ""}, "geometry": {"type": "Point", "coordinates": [88.3341014, 27.1360532]}}, {"type": "Feature", "properties": {"power": "tower", "telecom": ""}, "geometry": {"type": "Point", "coordinates": [88.3331251, 27.1361606]}}, {"type": "Feature", "properties": {"power": "tower", "telecom": ""}, "geometry": {"type": "Point", "coordinates": [88.3310652, 27.1381179]}}, {"type": "Feature", "properties": {"power": "tower", "telecom": ""}, "geometry": {"type": "Point", "coordinates": [88.3238178, 27.1423522]}}, {"type": "Feature", "properties": {"power": "tower", "telecom": ""}, "geometry": {"type": "Point", "coordinates": [88.3225626, 27.1428868]}}, {"type": "Feature", "properties": {"power": "tower", "telecom": ""}, "geometry": {"type": "Point", "coordinates": [88.3212644, 27.1434692]}}, {"type": "Feature", "properties": {"power": "tower", "telecom": ""}, "geometry": {"type": "Point", "coordinates": [88.3202505, 27.1442903]}}, {"type": "Feature", "properties": {"power": "tower", "telecom": ""}, "geometry": {"type": "Point", "coordinates": [88.3175388, 27.1450445]}}, {"type": "Feature", "properties": {"power": "tower", "telecom": ""}, "geometry": {"type": "Point", "coordinates": [88.3153206, 27.145307]}}, {"type": "Feature", "properties": {"power": "tower", "telecom": ""}, "geometry": {"type": "Point", "coordinates": [88.3161628, 27.1458894]}}, {"type": "Feature", "properties": {"power": "tower", "telecom": ""}, "geometry": {"type": "Point", "coordinates": [88.3170533, 27.1451591]}}, {"type": "Feature", "properties": {"power": "tower", "telecom": ""}, "geometry": {"type": "Point", "coordinates": [88.317516, 27.1446948]}}, {"type": "Feature", "properties": {"power": "tower", "telecom": ""}, "geometry": {"type": "Point", "coordinates": [88.3180457, 27.1431255]}}, {"type": "Feature", "properties": {"power": "tower", "telecom": ""}, "geometry": {"type": "Point", "coordinates": [88.3208916, 27.1393614]}}, {"type": "Feature", "properties": {"power": "tower", "telecom": ""}, "geometry": {"type": "Point", "coordinates": [88.4656343, 27.3129994]}}, {"type": "Feature", "properties": {"power": "tower", "telecom": ""}, "geometry": {"type": "Point", "coordinates": [88.5417607, 27.5257245]}}, {"type": "Feature", "properties": {"power": "tower", "telecom": ""}, "geometry": {"type": "Point", "coordinates": [88.5398644, 27.5207555]}}, {"type": "Feature", "properties": {"power": "tower", "telecom": ""}, "geometry": {"type": "Point", "coordinates": [88.5364795, 27.516607]}}, {"type": "Feature", "properties": {"power": "tower", "telecom": ""}, "geometry": {"type": "Point", "coordinates": [88.534838, 27.5128794]}}, {"type": "Feature", "properties": {"power": "tower", "telecom": ""}, "geometry": {"type": "Point", "coordinates": [88.5311338, 27.5059376]}}, {"type": "Feature", "properties": {"power": "tower", "telecom": ""}, "geometry": {"type": "Point", "coordinates": [88.530018, 27.5036038]}}, {"type": "Feature", "properties": {"power": "tower", "telecom": ""}, "geometry": {"type": "Point", "coordinates": [88.5301334, 27.5008916]}}, {"type": "Feature", "properties": {"power": "tower", "telecom": ""}, "geometry": {"type": "Point", "coordinates": [88.5288218, 27.4975869]}}, {"type": "Feature", "properties": {"power": "tower", "telecom": ""}, "geometry": {"type": "Point", "coordinates": [88.5279071, 27.4969112]}}, {"type": "Feature", "properties": {"power": "tower", "telecom": ""}, "geometry": {"type": "Point", "coordinates": [88.5267457, 27.4954456]}}, {"type": "Feature", "properties": {"power": "tower", "telecom": ""}, "geometry": {"type": "Point", "coordinates": [88.5256487, 27.4926262]}}, {"type": "Feature", "properties": {"power": "tower", "telecom": ""}, "geometry": {"type": "Point", "coordinates": [88.5265473, 27.4889739]}}, {"type": "Feature", "properties": {"power": "tower", "telecom": ""}, "geometry": {"type": "Point", "coordinates": [88.5268342, 27.4868491]}}, {"type": "Feature", "properties": {"power": "tower", "telecom": ""}, "geometry": {"type": "Point", "coordinates": [88.5259679, 27.4828992]}}, {"type": "Feature", "properties": {"power": "tower", "telecom": ""}, "geometry": {"type": "Point", "coordinates": [88.5257667, 27.4773785]}}, {"type": "Feature", "properties": {"power": "tower", "telecom": ""}, "geometry": {"type": "Point", "coordinates": [88.522312, 27.4713531]}}, {"type": "Feature", "properties": {"power": "tower", "telecom": ""}, "geometry": {"type": "Point", "coordinates": [88.5215503, 27.4669529]}}, {"type": "Feature", "properties": {"power": "tower", "telecom": ""}, "geometry": {"type": "Point", "coordinates": [88.5207751, 27.4659057]}}, {"type": "Feature", "properties": {"power": "tower", "telecom": ""}, "geometry": {"type": "Point", "coordinates": [88.5195225, 27.4627904]}}, {"type": "Feature", "properties": {"power": "tower", "telecom": ""}, "geometry": {"type": "Point", "coordinates": [88.5205203, 27.4579542]}}, {"type": "Feature", "properties": {"power": "tower", "telecom": ""}, "geometry": {"type": "Point", "coordinates": [88.5214913, 27.4571164]}}, {"type": "Feature", "properties": {"power": "tower", "telecom": ""}, "geometry": {"type": "Point", "coordinates": [88.5245436, 27.4552457]}}, {"type": "Feature", "properties": {"power": "tower", "telecom": ""}, "geometry": {"type": "Point", "coordinates": [88.5232454, 27.4501759]}}, {"type": "Feature", "properties": {"power": "tower", "telecom": ""}, "geometry": {"type": "Point", "coordinates": [88.5227144, 27.4560168]}}, {"type": "Feature", "properties": {"power": "tower", "telecom": ""}, "geometry": {"type": "Point", "coordinates": [88.5219124, 27.4500379]}}, {"type": "Feature", "properties": {"power": "tower", "telecom": ""}, "geometry": {"type": "Point", "coordinates": [88.5213733, 27.4455368]}}, {"type": "Feature", "properties": {"power": "tower", "telecom": ""}, "geometry": {"type": "Point", "coordinates": [88.521384, 27.4440562]}}, {"type": "Feature", "properties": {"power": "tower", "telecom": ""}, "geometry": {"type": "Point", "coordinates": [88.5177791, 27.4405832]}}, {"type": "Feature", "properties": {"power": "tower", "telecom": ""}, "geometry": {"type": "Point", "coordinates": [88.517999, 27.4370077]}}, {"type": "Feature", "properties": {"power": "tower", "telecom": ""}, "geometry": {"type": "Point", "coordinates": [88.4519604, 27.1930346]}}, {"type": "Feature", "properties": {"power": "tower", "telecom": ""}, "geometry": {"type": "Point", "coordinates": [88.4535107, 27.1932303]}}, {"type": "Feature", "properties": {"power": "tower", "telecom": ""}, "geometry": {"type": "Point", "coordinates": [88.4611469, 27.1965273]}}, {"type": "Feature", "properties": {"power": "tower", "telecom": ""}, "geometry": {"type": "Point", "coordinates": [88.4818053, 27.1965917]}}, {"type": "Feature", "properties": {"power": "tower", "telecom": ""}, "geometry": {"type": "Point", "coordinates": [88.4386244, 27.1383494]}}, {"type": "Feature", "properties": {"power": "tower", "telecom": ""}, "geometry": {"type": "Point", "coordinates": [88.4383616, 27.1392612]}}, {"type": "Feature", "properties": {"power": "tower", "telecom": ""}, "geometry": {"type": "Point", "coordinates": [88.4369588, 27.1446674]}}, {"type": "Feature", "properties": {"power": "tower", "telecom": ""}, "geometry": {"type": "Point", "coordinates": [88.438096, 27.1468799]}}, {"type": "Feature", "properties": {"power": "tower", "telecom": ""}, "geometry": {"type": "Point", "coordinates": [88.4384179, 27.1528967]}}, {"type": "Feature", "properties": {"power": "tower", "telecom": ""}, "geometry": {"type": "Point", "coordinates": [88.4401211, 27.1558227]}}, {"type": "Feature", "properties": {"power": "tower", "telecom": ""}, "geometry": {"type": "Point", "coordinates": [88.4404966, 27.1573667]}}, {"type": "Feature", "properties": {"power": "tower", "telecom": ""}, "geometry": {"type": "Point", "coordinates": [88.440958, 27.1580517]}}, {"type": "Feature", "properties": {"power": "tower", "telecom": ""}, "geometry": {"type": "Point", "coordinates": [88.4439513, 27.1626432]}}, {"type": "Feature", "properties": {"power": "tower", "telecom": ""}, "geometry": {"type": "Point", "coordinates": [88.4443751, 27.1640368]}}, {"type": "Feature", "properties": {"power": "tower", "telecom": ""}, "geometry": {"type": "Point", "coordinates": [88.4437931, 27.1683465]}}, {"type": "Feature", "properties": {"power": "tower", "telecom": ""}, "geometry": {"type": "Point", "coordinates": [88.4459174, 27.170938]}}, {"type": "Feature", "properties": {"power": "tower", "telecom": ""}, "geometry": {"type": "Point", "coordinates": [88.4462821, 27.1733886]}}, {"type": "Feature", "properties": {"power": "tower", "telecom": ""}, "geometry": {"type": "Point", "coordinates": [88.4494284, 27.1753214]}}, {"type": "Feature", "properties": {"power": "tower", "telecom": ""}, "geometry": {"type": "Point", "coordinates": [88.4511879, 27.1790723]}}, {"type": "Feature", "properties": {"power": "tower", "telecom": ""}, "geometry": {"type": "Point", "coordinates": [88.4511691, 27.1800315]}}, {"type": "Feature", "properties": {"power": "tower", "telecom": ""}, "geometry": {"type": "Point", "coordinates": [88.4528348, 27.1819785]}}, {"type": "Feature", "properties": {"power": "tower", "telecom": ""}, "geometry": {"type": "Point", "coordinates": [88.2797974, 27.3127134]}}, {"type": "Feature", "properties": {"power": "tower", "telecom": ""}, "geometry": {"type": "Point", "coordinates": [88.2798538, 27.3084212]}}, {"type": "Feature", "properties": {"power": "tower", "telecom": ""}, "geometry": {"type": "Point", "coordinates": [88.2813075, 27.3072582]}}, {"type": "Feature", "properties": {"power": "tower", "telecom": ""}, "geometry": {"type": "Point", "coordinates": [88.2844511, 27.3033972]}}, {"type": "Feature", "properties": {"power": "tower", "telecom": ""}, "geometry": {"type": "Point", "coordinates": [88.2849795, 27.3015929]}}, {"type": "Feature", "properties": {"power": "tower", "telecom": ""}, "geometry": {"type": "Point", "coordinates": [88.2853389, 27.2988043]}}, {"type": "Feature", "properties": {"power": "tower", "telecom": ""}, "geometry": {"type": "Point", "coordinates": [88.2869509, 27.2973647]}}, {"type": "Feature", "properties": {"power": "tower", "telecom": ""}, "geometry": {"type": "Point", "coordinates": [88.2914543, 27.2894464]}}, {"type": "Feature", "properties": {"power": "tower", "telecom": ""}, "geometry": {"type": "Point", "coordinates": [88.2912424, 27.2865835]}}, {"type": "Feature", "properties": {"power": "tower", "telecom": ""}, "geometry": {"type": "Point", "coordinates": [88.2918406, 27.2852415]}}, {"type": "Feature", "properties": {"power": "tower", "telecom": ""}, "geometry": {"type": "Point", "coordinates": [88.2919559, 27.2835466]}}, {"type": "Feature", "properties": {"power": "tower", "telecom": ""}, "geometry": {"type": "Point", "coordinates": [88.291693, 27.2819518]}}, {"type": "Feature", "properties": {"power": "tower", "telecom": ""}, "geometry": {"type": "Point", "coordinates": [88.2908347, 27.2797682]}}, {"type": "Feature", "properties": {"power": "tower", "telecom": ""}, "geometry": {"type": "Point", "coordinates": [88.2898182, 27.2768598]}}, {"type": "Feature", "properties": {"power": "tower", "telecom": ""}, "geometry": {"type": "Point", "coordinates": [88.2921785, 27.2736128]}}, {"type": "Feature", "properties": {"power": "tower", "telecom": ""}, "geometry": {"type": "Point", "coordinates": [88.2948178, 27.2714362]}}, {"type": "Feature", "properties": {"power": "tower", "telecom": ""}, "geometry": {"type": "Point", "coordinates": [88.2974356, 27.2697101]}}, {"type": "Feature", "properties": {"power": "tower", "telecom": ""}, "geometry": {"type": "Point", "coordinates": [88.2970172, 27.2663079]}}, {"type": "Feature", "properties": {"power": "tower", "telecom": ""}, "geometry": {"type": "Point", "coordinates": [88.2966873, 27.2651826]}}, {"type": "Feature", "properties": {"power": "tower", "telecom": ""}, "geometry": {"type": "Point", "coordinates": [88.2968724, 27.265266]}}, {"type": "Feature", "properties": {"power": "tower", "telecom": ""}, "geometry": {"type": "Point", "coordinates": [88.2989645, 27.2627554]}}, {"type": "Feature", "properties": {"power": "tower", "telecom": ""}, "geometry": {"type": "Point", "coordinates": [88.2995734, 27.2642313]}}, {"type": "Feature", "properties": {"power": "tower", "telecom": ""}, "geometry": {"type": "Point", "coordinates": [88.2277622, 27.0842705]}}, {"type": "Feature", "properties": {"power": "tower", "telecom": ""}, "geometry": {"type": "Point", "coordinates": [88.4502032, 27.2957155]}}, {"type": "Feature", "properties": {"power": "tower", "telecom": ""}, "geometry": {"type": "Point", "coordinates": [88.4921958, 27.3595191]}}, {"type": "Feature", "properties": {"power": "tower", "telecom": ""}, "geometry": {"type": "Point", "coordinates": [88.3837917, 27.2087583]}}, {"type": "Feature", "properties": {"power": "tower", "telecom": ""}, "geometry": {"type": "Point", "coordinates": [88.2836219, 27.124889]}}, {"type": "Feature", "properties": {"power": "tower", "telecom": ""}, "geometry": {"type": "Point", "coordinates": [88.4150984, 27.2558363]}}, {"type": "Feature", "properties": {"power": "tower", "telecom": ""}, "geometry": {"type": "Point", "coordinates": [88.3540943, 27.1873448]}}, {"type": "Feature", "properties": {"power": "tower", "telecom": ""}, "geometry": {"type": "Point", "coordinates": [88.3194401, 27.1671108]}}, {"type": "Feature", "properties": {"power": "tower", "telecom": ""}, "geometry": {"type": "Point", "coordinates": [88.2471385, 27.114657]}}, {"type": "Feature", "properties": {"power": "tower", "telecom": ""}, "geometry": {"type": "Point", "coordinates": [88.4905865, 27.3441387]}}, {"type": "Feature", "properties": {"power": "tower", "telecom": ""}, "geometry": {"type": "Point", "coordinates": [88.3636429, 27.1948839]}}, {"type": "Feature", "properties": {"power": "tower", "telecom": ""}, "geometry": {"type": "Point", "coordinates": [88.34358, 27.1780586]}}, {"type": "Feature", "properties": {"power": "tower", "telecom": ""}, "geometry": {"type": "Point", "coordinates": [88.2596698, 27.1166624]}}, {"type": "Feature", "properties": {"power": "tower", "telecom": ""}, "geometry": {"type": "Point", "coordinates": [88.4883978, 27.3251437]}}, {"type": "Feature", "properties": {"power": "tower", "telecom": ""}, "geometry": {"type": "Point", "coordinates": [88.3895531, 27.2395641]}}, {"type": "Feature", "properties": {"power": "tower", "telecom": ""}, "geometry": {"type": "Point", "coordinates": [88.3116617, 27.1580758]}}, {"type": "Feature", "properties": {"power": "tower", "telecom": ""}, "geometry": {"type": "Point", "coordinates": [88.2314261, 27.1004891]}}, {"type": "Feature", "properties": {"power": "tower", "telecom": ""}, "geometry": {"type": "Point", "coordinates": [88.4513619, 27.2992813]}}, {"type": "Feature", "properties": {"power": "tower", "telecom": ""}, "geometry": {"type": "Point", "coordinates": [88.518975, 27.3963034]}}, {"type": "Feature", "properties": {"power": "tower", "telecom": ""}, "geometry": {"type": "Point", "coordinates": [88.3852173, 27.2271865]}}, {"type": "Feature", "properties": {"power": "tower", "telecom": ""}, "geometry": {"type": "Point", "coordinates": [88.291808, 27.1384046]}}, {"type": "Feature", "properties": {"power": "tower", "telecom": ""}, "geometry": {"type": "Point", "coordinates": [88.2399448, 27.1043763]}}, {"type": "Feature", "properties": {"power": "tower", "telecom": ""}, "geometry": {"type": "Point", "coordinates": [88.4751263, 27.3144391]}}, {"type": "Feature", "properties": {"power": "tower", "telecom": ""}, "geometry": {"type": "Point", "coordinates": [88.3844569, 27.2326242]}}, {"type": "Feature", "properties": {"power": "tower", "telecom": ""}, "geometry": {"type": "Point", "coordinates": [88.3001926, 27.1442381]}}, {"type": "Feature", "properties": {"power": "tower", "telecom": ""}, "geometry": {"type": "Point", "coordinates": [88.2251498, 27.0827517]}}, {"type": "Feature", "properties": {"power": "tower", "telecom": ""}, "geometry": {"type": "Point", "coordinates": [88.4433582, 27.2801403]}}, {"type": "Feature", "properties": {"power": "tower", "telecom": ""}, "geometry": {"type": "Point", "coordinates": [88.3805955, 27.2052469]}}, {"type": "Feature", "properties": {"power": "tower", "telecom": ""}, "geometry": {"type": "Point", "coordinates": [88.2825437, 27.1232562]}}, {"type": "Feature", "properties": {"power": "tower", "telecom": ""}, "geometry": {"type": "Point", "coordinates": [88.2993025, 27.2679411]}}, {"type": "Feature", "properties": {"power": "tower", "telecom": ""}, "geometry": {"type": "Point", "coordinates": [88.2999811, 27.2643123]}}, {"type": "Feature", "properties": {"power": "tower", "telecom": ""}, "geometry": {"type": "Point", "coordinates": [88.3003888, 27.2631989]}}, {"type": "Feature", "properties": {"power": "tower", "telecom": ""}, "geometry": {"type": "Point", "coordinates": [88.3045837, 27.2611365]}}, {"type": "Feature", "properties": {"power": "tower", "telecom": ""}, "geometry": {"type": "Point", "coordinates": [88.3092964, 27.2608075]}}, {"type": "Feature", "properties": {"power": "tower", "telecom": ""}, "geometry": {"type": "Point", "coordinates": [88.3089611, 27.2601637]}}, {"type": "Feature", "properties": {"power": "tower", "telecom": ""}, "geometry": {"type": "Point", "coordinates": [88.3068904, 27.2586115]}}, {"type": "Feature", "properties": {"power": "tower", "telecom": ""}, "geometry": {"type": "Point", "coordinates": [88.3053884, 27.2557693]}}, {"type": "Feature", "properties": {"power": "tower", "telecom": ""}, "geometry": {"type": "Point", "coordinates": [88.3076146, 27.2517801]}}, {"type": "Feature", "properties": {"power": "tower", "telecom": ""}, "geometry": {"type": "Point", "coordinates": [88.308017, 27.2492383]}}, {"type": "Feature", "properties": {"power": "tower", "telecom": ""}, "geometry": {"type": "Point", "coordinates": [88.3085614, 27.2474594]}}, {"type": "Feature", "properties": {"power": "tower", "telecom": ""}, "geometry": {"type": "Point", "coordinates": [88.3070916, 27.2452679]}}, {"type": "Feature", "properties": {"power": "tower", "telecom": ""}, "geometry": {"type": "Point", "coordinates": [88.3052409, 27.2432386]}}, {"type": "Feature", "properties": {"power": "tower", "telecom": ""}, "geometry": {"type": "Point", "coordinates": [88.3048466, 27.2408181]}}, {"type": "Feature", "properties": {"power": "tower", "telecom": ""}, "geometry": {"type": "Point", "coordinates": [88.3054689, 27.2377656]}}, {"type": "Feature", "properties": {"power": "tower", "telecom": ""}, "geometry": {"type": "Point", "coordinates": [88.3056888, 27.2353951]}}, {"type": "Feature", "properties": {"power": "tower", "telecom": ""}, "geometry": {"type": "Point", "coordinates": [88.3067805, 27.2326907]}}, {"type": "Feature", "properties": {"power": "tower", "telecom": ""}, "geometry": {"type": "Point", "coordinates": [88.308202, 27.2285623]}}, {"type": "Feature", "properties": {"power": "tower", "telecom": ""}, "geometry": {"type": "Point", "coordinates": [88.3094289, 27.2247576]}}, {"type": "Feature", "properties": {"power": "tower", "telecom": ""}, "geometry": {"type": "Point", "coordinates": [88.3105168, 27.2189766]}}, {"type": "Feature", "properties": {"power": "tower", "telecom": ""}, "geometry": {"type": "Point", "coordinates": [88.3137381, 27.2169731]}}, {"type": "Feature", "properties": {"power": "tower", "telecom": ""}, "geometry": {"type": "Point", "coordinates": [88.315385, 27.215456]}}, {"type": "Feature", "properties": {"power": "tower", "telecom": ""}, "geometry": {"type": "Point", "coordinates": [88.316128, 27.2148716]}}, {"type": "Feature", "properties": {"power": "tower", "telecom": ""}, "geometry": {"type": "Point", "coordinates": [88.3164847, 27.2139485]}}, {"type": "Feature", "properties": {"power": "tower", "telecom": ""}, "geometry": {"type": "Point", "coordinates": [88.3176595, 27.2107665]}}, {"type": "Feature", "properties": {"power": "tower", "telecom": ""}, "geometry": {"type": "Point", "coordinates": [88.3193949, 27.2081593]}}, {"type": "Feature", "properties": {"power": "tower", "telecom": ""}, "geometry": {"type": "Point", "coordinates": [88.3204865, 27.2045811]}}, {"type": "Feature", "properties": {"power": "tower", "telecom": ""}, "geometry": {"type": "Point", "coordinates": [88.3211222, 27.2036483]}}, {"type": "Feature", "properties": {"power": "tower", "telecom": ""}, "geometry": {"type": "Point", "coordinates": [88.3224902, 27.2002918]}}, {"type": "Feature", "properties": {"power": "tower", "telecom": ""}, "geometry": {"type": "Point", "coordinates": [88.3233699, 27.199841]}}, {"type": "Feature", "properties": {"power": "tower", "telecom": ""}, "geometry": {"type": "Point", "coordinates": [88.3254728, 27.1979945]}}, {"type": "Feature", "properties": {"power": "tower", "telecom": ""}, "geometry": {"type": "Point", "coordinates": [88.3259743, 27.1957186]}}, {"type": "Feature", "properties": {"power": "tower", "telecom": ""}, "geometry": {"type": "Point", "coordinates": [88.3253601, 27.194113]}}, {"type": "Feature", "properties": {"power": "tower", "telecom": ""}, "geometry": {"type": "Point", "coordinates": [88.3183783, 27.2032535]}}, {"type": "Feature", "properties": {"power": "tower", "telecom": ""}, "geometry": {"type": "Point", "coordinates": [88.3180538, 27.2041051]}}, {"type": "Feature", "properties": {"power": "tower", "telecom": ""}, "geometry": {"type": "Point", "coordinates": [88.317398, 27.2055651]}}, {"type": "Feature", "properties": {"power": "tower", "telecom": ""}, "geometry": {"type": "Point", "coordinates": [88.3158329, 27.206072]}}, {"type": "Feature", "properties": {"power": "tower", "telecom": ""}, "geometry": {"type": "Point", "coordinates": [88.3165504, 27.2046264]}}, {"type": "Feature", "properties": {"power": "tower", "telecom": ""}, "geometry": {"type": "Point", "coordinates": [88.3171271, 27.2036304]}}, {"type": "Feature", "properties": {"power": "tower", "telecom": ""}, "geometry": {"type": "Point", "coordinates": [88.3176139, 27.2028253]}}, {"type": "Feature", "properties": {"power": "tower", "telecom": ""}, "geometry": {"type": "Point", "coordinates": [88.3196819, 27.1989225]}}, {"type": "Feature", "properties": {"power": "tower", "telecom": ""}, "geometry": {"type": "Point", "coordinates": [88.5170009, 27.3898258]}}, {"type": "Feature", "properties": {"power": "tower", "telecom": ""}, "geometry": {"type": "Point", "coordinates": [88.3848538, 27.2308021]}}, {"type": "Feature", "properties": {"power": "tower", "telecom": ""}, "geometry": {"type": "Point", "coordinates": [88.2970061, 27.1421854]}}, {"type": "Feature", "properties": {"power": "tower", "telecom": ""}, "geometry": {"type": "Point", "coordinates": [88.4404614, 27.2768648]}}, {"type": "Feature", "properties": {"power": "tower", "telecom": ""}, "geometry": {"type": "Point", "coordinates": [88.3836683, 27.2342698]}}, {"type": "Feature", "properties": {"power": "tower", "telecom": ""}, "geometry": {"type": "Point", "coordinates": [88.3048596, 27.1493934]}}, {"type": "Feature", "properties": {"power": "tower", "telecom": ""}, "geometry": {"type": "Point", "coordinates": [88.229672, 27.0873224]}}, {"type": "Feature", "properties": {"power": "tower", "telecom": ""}, "geometry": {"type": "Point", "coordinates": [88.4465768, 27.2846744]}}, {"type": "Feature", "properties": {"power": "tower", "telecom": ""}, "geometry": {"type": "Point", "coordinates": [88.4939661, 27.3615011]}}, {"type": "Feature", "properties": {"power": "tower", "telecom": ""}, "geometry": {"type": "Point", "coordinates": [88.3842852, 27.2094835]}}, {"type": "Feature", "properties": {"power": "tower", "telecom": ""}, "geometry": {"type": "Point", "coordinates": [88.2893243, 27.1299355]}}, {"type": "Feature", "properties": {"power": "tower", "telecom": ""}, "geometry": {"type": "Point", "coordinates": [88.4174933, 27.258793]}}, {"type": "Feature", "properties": {"power": "tower", "telecom": ""}, "geometry": {"type": "Point", "coordinates": [88.5010432, 27.3727368]}}, {"type": "Feature", "properties": {"power": "tower", "telecom": ""}, "geometry": {"type": "Point", "coordinates": [88.3447065, 27.1795475]}}, {"type": "Feature", "properties": {"power": "tower", "telecom": ""}, "geometry": {"type": "Point", "coordinates": [88.3222082, 27.1678935]}}, {"type": "Feature", "properties": {"power": "tower", "telecom": ""}, "geometry": {"type": "Point", "coordinates": [88.5097267, 27.3774602]}}, {"type": "Feature", "properties": {"power": "tower", "telecom": ""}, "geometry": {"type": "Point", "coordinates": [88.4315618, 27.2679199]}}, {"type": "Feature", "properties": {"power": "tower", "telecom": ""}, "geometry": {"type": "Point", "coordinates": [88.4911444, 27.3458732]}}, {"type": "Feature", "properties": {"power": "tower", "telecom": ""}, "geometry": {"type": "Point", "coordinates": [88.3659818, 27.1960863]}}, {"type": "Feature", "properties": {"power": "tower", "telecom": ""}, "geometry": {"type": "Point", "coordinates": [88.3304747, 27.1750903]}}, {"type": "Feature", "properties": {"power": "tower", "telecom": ""}, "geometry": {"type": "Point", "coordinates": [88.2635214, 27.1190116]}}, {"type": "Feature", "properties": {"power": "tower", "telecom": ""}, "geometry": {"type": "Point", "coordinates": [88.4906509, 27.355193]}}, {"type": "Feature", "properties": {"power": "tower", "telecom": ""}, "geometry": {"type": "Point", "coordinates": [88.4847822, 27.3195008]}}, {"type": "Feature", "properties": {"power": "tower", "telecom": ""}, "geometry": {"type": "Point", "coordinates": [88.3917471, 27.2400982]}}, {"type": "Feature", "properties": {"power": "tower", "telecom": ""}, "geometry": {"type": "Point", "coordinates": [88.3147892, 27.1598561]}}, {"type": "Feature", "properties": {"power": "tower", "telecom": ""}, "geometry": {"type": "Point", "coordinates": [88.2308843, 27.0902931]}}, {"type": "Feature", "properties": {"power": "tower", "telecom": ""}, "geometry": {"type": "Point", "coordinates": [88.2147056, 27.0793507]}}, {"type": "Feature", "properties": {"power": "tower", "telecom": ""}, "geometry": {"type": "Point", "coordinates": [88.2068253, 27.0742972]}}, {"type": "Feature", "properties": {"power": "tower", "telecom": ""}, "geometry": {"type": "Point", "coordinates": [88.2054305, 27.0726445]}}, {"type": "Feature", "properties": {"power": "tower", "telecom": ""}, "geometry": {"type": "Point", "coordinates": [88.2039446, 27.0705953]}}, {"type": "Feature", "properties": {"power": "tower", "telecom": ""}, "geometry": {"type": "Point", "coordinates": [88.2034296, 27.0697164]}}, {"type": "Feature", "properties": {"power": "tower", "telecom": ""}, "geometry": {"type": "Point", "coordinates": [88.1989342, 27.0657755]}}, {"type": "Feature", "properties": {"power": "tower", "telecom": ""}, "geometry": {"type": "Point", "coordinates": [88.1961286, 27.063559]}}, {"type": "Feature", "properties": {"power": "tower", "telecom": ""}, "geometry": {"type": "Point", "coordinates": [88.1927276, 27.0621306]}}, {"type": "Feature", "properties": {"power": "tower", "telecom": ""}, "geometry": {"type": "Point", "coordinates": [88.1898415, 27.0612851]}}, {"type": "Feature", "properties": {"power": "tower", "telecom": ""}, "geometry": {"type": "Point", "coordinates": [88.1877279, 27.059078]}}, {"type": "Feature", "properties": {"power": "tower", "telecom": ""}, "geometry": {"type": "Point", "coordinates": [88.1851852, 27.0565078]}}, {"type": "Feature", "properties": {"power": "tower", "telecom": ""}, "geometry": {"type": "Point", "coordinates": [88.1832755, 27.0538516]}}, {"type": "Feature", "properties": {"power": "tower", "telecom": ""}, "geometry": {"type": "Point", "coordinates": [88.181473, 27.0519932]}}, {"type": "Feature", "properties": {"power": "tower", "telecom": ""}, "geometry": {"type": "Point", "coordinates": [88.4517431, 27.1697544]}}, {"type": "Feature", "properties": {"power": "tower", "telecom": ""}, "geometry": {"type": "Point", "coordinates": [88.4478271, 27.1672107]}}, {"type": "Feature", "properties": {"power": "tower", "telecom": ""}, "geometry": {"type": "Point", "coordinates": [88.4436589, 27.1645666]}}, {"type": "Feature", "properties": {"power": "tower", "telecom": ""}, "geometry": {"type": "Point", "coordinates": [88.4385735, 27.1610729]}}, {"type": "Feature", "properties": {"power": "tower", "telecom": ""}, "geometry": {"type": "Point", "coordinates": [88.4350812, 27.1576126]}}, {"type": "Feature", "properties": {"power": "tower", "telecom": ""}, "geometry": {"type": "Point", "coordinates": [88.4339172, 27.1572737]}}, {"type": "Feature", "properties": {"power": "tower", "telecom": ""}, "geometry": {"type": "Point", "coordinates": [88.4275925, 27.1571877]}}, {"type": "Feature", "properties": {"power": "tower", "telecom": ""}, "geometry": {"type": "Point", "coordinates": [88.4210989, 27.1567224]}}, {"type": "Feature", "properties": {"power": "tower", "telecom": ""}, "geometry": {"type": "Point", "coordinates": [88.420077, 27.1570279]}}, {"type": "Feature", "properties": {"power": "tower", "telecom": ""}, "geometry": {"type": "Point", "coordinates": [88.4152275, 27.1595361]}}, {"type": "Feature", "properties": {"power": "tower", "telecom": ""}, "geometry": {"type": "Point", "coordinates": [88.4141815, 27.1601661]}}, {"type": "Feature", "properties": {"power": "tower", "telecom": ""}, "geometry": {"type": "Point", "coordinates": [88.4090933, 27.1613378]}}, {"type": "Feature", "properties": {"power": "tower", "telecom": ""}, "geometry": {"type": "Point", "coordinates": [88.4080955, 27.1613545]}}, {"type": "Feature", "properties": {"power": "tower", "telecom": ""}, "geometry": {"type": "Point", "coordinates": [88.4071327, 27.1610538]}}, {"type": "Feature", "properties": {"power": "tower", "telecom": ""}, "geometry": {"type": "Point", "coordinates": [88.4029886, 27.1599107]}}, {"type": "Feature", "properties": {"power": "tower", "telecom": ""}, "geometry": {"type": "Point", "coordinates": [88.40128, 27.1594621]}}, {"type": "Feature", "properties": {"power": "tower", "telecom": ""}, "geometry": {"type": "Point", "coordinates": [88.3980606, 27.1573046]}}, {"type": "Feature", "properties": {"power": "tower", "telecom": ""}, "geometry": {"type": "Point", "coordinates": [88.396267, 27.1571949]}}, {"type": "Feature", "properties": {"power": "tower", "telecom": ""}, "geometry": {"type": "Point", "coordinates": [88.3951968, 27.15735]}}, {"type": "Feature", "properties": {"power": "tower", "telecom": ""}, "geometry": {"type": "Point", "coordinates": [88.392705, 27.1564026]}}, {"type": "Feature", "properties": {"power": "tower", "telecom": ""}, "geometry": {"type": "Point", "coordinates": [88.3908677, 27.1542141]}}, {"type": "Feature", "properties": {"power": "tower", "telecom": ""}, "geometry": {"type": "Point", "coordinates": [88.3905405, 27.1534552]}}, {"type": "Feature", "properties": {"power": "tower", "telecom": ""}, "geometry": {"type": "Point", "coordinates": [88.3877483, 27.1518561]}}, {"type": "Feature", "properties": {"power": "tower", "telecom": ""}, "geometry": {"type": "Point", "coordinates": [88.3848542, 27.1527845]}}, {"type": "Feature", "properties": {"power": "tower", "telecom": ""}, "geometry": {"type": "Point", "coordinates": [88.3840737, 27.1527464]}}, {"type": "Feature", "properties": {"power": "tower", "telecom": ""}, "geometry": {"type": "Point", "coordinates": [88.3823594, 27.1527043]}}, {"type": "Feature", "properties": {"power": "tower", "telecom": ""}, "geometry": {"type": "Point", "coordinates": [88.3804983, 27.1530805]}}, {"type": "Feature", "properties": {"power": "tower", "telecom": ""}, "geometry": {"type": "Point", "coordinates": [88.3791894, 27.1535292]}}, {"type": "Feature", "properties": {"power": "tower", "telecom": ""}, "geometry": {"type": "Point", "coordinates": [88.3762389, 27.1541401]}}, {"type": "Feature", "properties": {"power": "tower", "telecom": ""}, "geometry": {"type": "Point", "coordinates": [88.3746859, 27.154417]}}, {"type": "Feature", "properties": {"power": "tower", "telecom": ""}, "geometry": {"type": "Point", "coordinates": [88.3712125, 27.1538871]}}, {"type": "Feature", "properties": {"power": "tower", "telecom": ""}, "geometry": {"type": "Point", "coordinates": [88.3685651, 27.1529015]}}, {"type": "Feature", "properties": {"power": "tower", "telecom": ""}, "geometry": {"type": "Point", "coordinates": [88.3669504, 27.1525888]}}, {"type": "Feature", "properties": {"power": "tower", "telecom": ""}, "geometry": {"type": "Point", "coordinates": [88.3634099, 27.1523311]}}, {"type": "Feature", "properties": {"power": "tower", "telecom": ""}, "geometry": {"type": "Point", "coordinates": [88.3597782, 27.1497201]}}, {"type": "Feature", "properties": {"power": "tower", "telecom": ""}, "geometry": {"type": "Point", "coordinates": [88.359282, 27.1495363]}}, {"type": "Feature", "properties": {"power": "tower", "telecom": ""}, "geometry": {"type": "Point", "coordinates": [88.3214951, 27.1812556]}}, {"type": "Feature", "properties": {"power": "tower", "telecom": ""}, "geometry": {"type": "Point", "coordinates": [88.3207816, 27.1802749]}}, {"type": "Feature", "properties": {"power": "tower", "telecom": ""}, "geometry": {"type": "Point", "coordinates": [88.3174369, 27.1786214]}}, {"type": "Feature", "properties": {"power": "tower", "telecom": ""}, "geometry": {"type": "Point", "coordinates": [88.3169138, 27.1747631]}}, {"type": "Feature", "properties": {"power": "tower", "telecom": ""}, "geometry": {"type": "Point", "coordinates": [88.3169594, 27.1723244]}}, {"type": "Feature", "properties": {"power": "tower", "telecom": ""}, "geometry": {"type": "Point", "coordinates": [88.3161038, 27.1708616]}}, {"type": "Feature", "properties": {"power": "tower", "telecom": ""}, "geometry": {"type": "Point", "coordinates": [88.3152509, 27.1674588]}}, {"type": "Feature", "properties": {"power": "tower", "telecom": ""}, "geometry": {"type": "Point", "coordinates": [88.3141619, 27.1661082]}}, {"type": "Feature", "properties": {"power": "tower", "telecom": ""}, "geometry": {"type": "Point", "coordinates": [88.3146554, 27.1640893]}}, {"type": "Feature", "properties": {"power": "tower", "telecom": ""}, "geometry": {"type": "Point", "coordinates": [88.3212993, 27.1953869]}}, {"type": "Feature", "properties": {"power": "tower", "telecom": ""}, "geometry": {"type": "Point", "coordinates": [88.3201861, 27.191899]}}, {"type": "Feature", "properties": {"power": "tower", "telecom": ""}, "geometry": {"type": "Point", "coordinates": [88.322981, 27.189642]}}, {"type": "Feature", "properties": {"power": "tower", "telecom": ""}, "geometry": {"type": "Point", "coordinates": [88.3219644, 27.1875568]}}, {"type": "Feature", "properties": {"power": "tower", "telecom": ""}, "geometry": {"type": "Point", "coordinates": [88.3213288, 27.1870725]}}, {"type": "Feature", "properties": {"power": "tower", "telecom": ""}, "geometry": {"type": "Point", "coordinates": [88.3222273, 27.1831977]}}, {"type": "Feature", "properties": {"power": "tower", "telecom": ""}, "geometry": {"type": "Point", "coordinates": [88.322399, 27.1823149]}}, {"type": "Feature", "properties": {"power": "tower", "telecom": ""}, "geometry": {"type": "Point", "coordinates": [88.3221549, 27.1819714]}}, {"type": "Feature", "properties": {"power": "tower", "telecom": ""}, "geometry": {"type": "Point", "coordinates": [88.3218116, 27.1819642]}}, {"type": "Feature", "properties": {"power": "tower", "telecom": ""}, "geometry": {"type": "Point", "coordinates": [88.3218411, 27.1803489]}}, {"type": "Feature", "properties": {"power": "tower", "telecom": ""}, "geometry": {"type": "Point", "coordinates": [88.3213556, 27.1785641]}}, {"type": "Feature", "properties": {"power": "tower", "telecom": ""}, "geometry": {"type": "Point", "coordinates": [88.3212268, 27.1758034]}}, {"type": "Feature", "properties": {"power": "tower", "telecom": ""}, "geometry": {"type": "Point", "coordinates": [88.3181477, 27.1727897]}}, {"type": "Feature", "properties": {"power": "tower", "telecom": ""}, "geometry": {"type": "Point", "coordinates": [88.3169943, 27.1712506]}}, {"type": "Feature", "properties": {"power": "tower", "telecom": ""}, "geometry": {"type": "Point", "coordinates": [88.3173108, 27.1702102]}}, {"type": "Feature", "properties": {"power": "tower", "telecom": ""}, "geometry": {"type": "Point", "coordinates": [88.3179036, 27.1687355]}}, {"type": "Feature", "properties": {"power": "tower", "telecom": ""}, "geometry": {"type": "Point", "coordinates": [88.3174986, 27.1681819]}}, {"type": "Feature", "properties": {"power": "tower", "telecom": ""}, "geometry": {"type": "Point", "coordinates": [88.3157632, 27.1669386]}}, {"type": "Feature", "properties": {"power": "tower", "telecom": ""}, "geometry": {"type": "Point", "coordinates": [88.4530212, 27.1822732]}}, {"type": "Feature", "properties": {"power": "tower", "telecom": ""}, "geometry": {"type": "Point", "coordinates": [88.4538245, 27.174083]}}, {"type": "Feature", "properties": {"power": "tower", "telecom": ""}, "geometry": {"type": "Point", "coordinates": [88.4534758, 27.1728947]}}, {"type": "Feature", "properties": {"power": "tower", "telecom": ""}, "geometry": {"type": "Point", "coordinates": [88.4534168, 27.1723316]}}, {"type": "Feature", "properties": {"power": "tower", "telecom": ""}, "geometry": {"type": "Point", "coordinates": [88.4530359, 27.1716443]}}, {"type": "Feature", "properties": {"power": "tower", "telecom": ""}, "geometry": {"type": "Point", "coordinates": [88.3236703, 27.1342199]}}, {"type": "Feature", "properties": {"power": "tower", "telecom": ""}, "geometry": {"type": "Point", "coordinates": [88.3267736, 27.1309473]}}, {"type": "Feature", "properties": {"power": "tower", "telecom": ""}, "geometry": {"type": "Point", "coordinates": [88.3292332, 27.1303076]}}, {"type": "Feature", "properties": {"power": "tower", "telecom": ""}, "geometry": {"type": "Point", "coordinates": [88.3350563, 27.1253375]}}, {"type": "Feature", "properties": {"power": "tower", "telecom": ""}, "geometry": {"type": "Point", "coordinates": [88.3367676, 27.1233776]}}, {"type": "Feature", "properties": {"power": "tower", "telecom": ""}, "geometry": {"type": "Point", "coordinates": [88.3358905, 27.1214678]}}, {"type": "Feature", "properties": {"power": "tower", "telecom": ""}, "geometry": {"type": "Point", "coordinates": [88.335928, 27.1203697]}}, {"type": "Feature", "properties": {"power": "tower", "telecom": ""}, "geometry": {"type": "Point", "coordinates": [88.3360863, 27.1186866]}}, {"type": "Feature", "properties": {"power": "tower", "telecom": ""}, "geometry": {"type": "Point", "coordinates": [88.3355176, 27.1158218]}}, {"type": "Feature", "properties": {"power": "tower", "telecom": ""}, "geometry": {"type": "Point", "coordinates": [88.3349302, 27.113463]}}, {"type": "Feature", "properties": {"power": "tower", "telecom": ""}, "geometry": {"type": "Point", "coordinates": [88.3337849, 27.1095284]}}, {"type": "Feature", "properties": {"power": "tower", "telecom": ""}, "geometry": {"type": "Point", "coordinates": [88.3336696, 27.1087023]}}, {"type": "Feature", "properties": {"power": "tower", "telecom": ""}, "geometry": {"type": "Point", "coordinates": [88.3341283, 27.1074942]}}, {"type": "Feature", "properties": {"power": "tower", "telecom": ""}, "geometry": {"type": "Point", "coordinates": [88.3037134, 27.1489623]}}, {"type": "Feature", "properties": {"power": "tower", "telecom": ""}, "geometry": {"type": "Point", "coordinates": [88.303303, 27.1497547]}}, {"type": "Feature", "properties": {"power": "tower", "telecom": ""}, "geometry": {"type": "Point", "coordinates": [88.3023709, 27.1508776]}}, {"type": "Feature", "properties": {"power": "tower", "telecom": ""}, "geometry": {"type": "Point", "coordinates": [88.2947977, 27.1557821]}}, {"type": "Feature", "properties": {"power": "tower", "telecom": ""}, "geometry": {"type": "Point", "coordinates": [88.2830375, 27.1572068]}}, {"type": "Feature", "properties": {"power": "tower", "telecom": ""}, "geometry": {"type": "Point", "coordinates": [88.2822007, 27.1568799]}}, {"type": "Feature", "properties": {"power": "tower", "telecom": ""}, "geometry": {"type": "Point", "coordinates": [88.2800576, 27.1567773]}}, {"type": "Feature", "properties": {"power": "tower", "telecom": ""}, "geometry": {"type": "Point", "coordinates": [88.2780352, 27.1545339]}}, {"type": "Feature", "properties": {"power": "tower", "telecom": ""}, "geometry": {"type": "Point", "coordinates": [88.2751438, 27.1517225]}}, {"type": "Feature", "properties": {"power": "tower", "telecom": ""}, "geometry": {"type": "Point", "coordinates": [88.2720941, 27.1466484]}}, {"type": "Feature", "properties": {"power": "tower", "telecom": ""}, "geometry": {"type": "Point", "coordinates": [88.2656434, 27.139254]}}, {"type": "Feature", "properties": {"power": "tower", "telecom": ""}, "geometry": {"type": "Point", "coordinates": [88.264305, 27.1380367]}}, {"type": "Feature", "properties": {"power": "tower", "telecom": ""}, "geometry": {"type": "Point", "coordinates": [88.262237, 27.1363802]}}, {"type": "Feature", "properties": {"power": "tower", "telecom": ""}, "geometry": {"type": "Point", "coordinates": [88.2591967, 27.1322841]}}, {"type": "Feature", "properties": {"power": "tower", "telecom": ""}, "geometry": {"type": "Point", "coordinates": [88.2580957, 27.1305582]}}, {"type": "Feature", "properties": {"power": "tower", "telecom": ""}, "geometry": {"type": "Point", "coordinates": [88.2567331, 27.1285089]}}, {"type": "Feature", "properties": {"power": "tower", "telecom": ""}, "geometry": {"type": "Point", "coordinates": [88.2545739, 27.1229527]}}, {"type": "Feature", "properties": {"power": "tower", "telecom": ""}, "geometry": {"type": "Point", "coordinates": [88.2527715, 27.1221924]}}, {"type": "Feature", "properties": {"power": "tower", "telecom": ""}, "geometry": {"type": "Point", "coordinates": [88.2515833, 27.1211121]}}, {"type": "Feature", "properties": {"power": "tower", "telecom": ""}, "geometry": {"type": "Point", "coordinates": [88.2491934, 27.1207445]}}, {"type": "Feature", "properties": {"power": "tower", "telecom": ""}, "geometry": {"type": "Point", "coordinates": [88.2425324, 27.1144571]}}, {"type": "Feature", "properties": {"power": "tower", "telecom": ""}, "geometry": {"type": "Point", "coordinates": [88.2451272, 27.1164974]}}, {"type": "Feature", "properties": {"power": "tower", "telecom": ""}, "geometry": {"type": "Point", "coordinates": [88.2420145, 27.1135203]}}, {"type": "Feature", "properties": {"power": "tower", "telecom": ""}, "geometry": {"type": "Point", "coordinates": [88.5183853, 27.4341321]}}, {"type": "Feature", "properties": {"power": "tower", "telecom": ""}, "geometry": {"type": "Point", "coordinates": [88.5182458, 27.4323895]}}, {"type": "Feature", "properties": {"power": "tower", "telecom": ""}, "geometry": {"type": "Point", "coordinates": [88.5188305, 27.4248379]}}, {"type": "Feature", "properties": {"power": "tower", "telecom": ""}, "geometry": {"type": "Point", "coordinates": [88.5189807, 27.4230476]}}, {"type": "Feature", "properties": {"power": "tower", "telecom": ""}, "geometry": {"type": "Point", "coordinates": [88.5181385, 27.4210619]}}, {"type": "Feature", "properties": {"power": "tower", "telecom": ""}, "geometry": {"type": "Point", "coordinates": [88.5197479, 27.4168073]}}, {"type": "Feature", "properties": {"power": "tower", "telecom": ""}, "geometry": {"type": "Point", "coordinates": [88.5208046, 27.415843]}}, {"type": "Feature", "properties": {"power": "tower", "telecom": ""}, "geometry": {"type": "Point", "coordinates": [88.5227734, 27.412162]}}, {"type": "Feature", "properties": {"power": "tower", "telecom": ""}, "geometry": {"type": "Point", "coordinates": [88.4155279, 27.2558385]}}, {"type": "Feature", "properties": {"power": "tower", "telecom": ""}, "geometry": {"type": "Point", "coordinates": [88.4538782, 27.1855383]}}, {"type": "Feature", "properties": {"power": "tower", "telecom": ""}, "geometry": {"type": "Point", "coordinates": [88.4530655, 27.1836845]}}, {"type": "Feature", "properties": {"power": "tower", "telecom": ""}, "geometry": {"type": "Point", "coordinates": [88.4512228, 27.1949933]}}, {"type": "Feature", "properties": {"power": "tower", "telecom": ""}, "geometry": {"type": "Point", "coordinates": [88.4519362, 27.1957019]}}, {"type": "Feature", "properties": {"power": "tower", "telecom": ""}, "geometry": {"type": "Point", "coordinates": [88.4523332, 27.1956899]}}, {"type": "Feature", "properties": {"power": "tower", "telecom": ""}, "geometry": {"type": "Point", "coordinates": [88.4564853, 27.1984358]}}, {"type": "Feature", "properties": {"power": "tower", "telecom": ""}, "geometry": {"type": "Point", "coordinates": [88.4526792, 27.1955086]}}, {"type": "Feature", "properties": {"power": "tower", "telecom": ""}, "geometry": {"type": "Point", "coordinates": [88.452065, 27.1944255]}}, {"type": "Feature", "properties": {"power": "tower", "telecom": ""}, "geometry": {"type": "Point", "coordinates": [88.4515715, 27.1934092]}}, {"type": "Feature", "properties": {"power": "tower", "telecom": ""}, "geometry": {"type": "Point", "coordinates": [88.5135033, 27.3800516]}}, {"type": "Feature", "properties": {"power": "tower", "telecom": ""}, "geometry": {"type": "Point", "coordinates": [88.4290256, 27.2668525]}}, {"type": "Feature", "properties": {"power": "tower", "telecom": ""}, "geometry": {"type": "Point", "coordinates": [88.3473244, 27.1831551]}}, {"type": "Feature", "properties": {"power": "tower", "telecom": ""}, "geometry": {"type": "Point", "coordinates": [88.3292892, 27.1741835]}}, {"type": "Feature", "properties": {"power": "tower", "telecom": ""}, "geometry": {"type": "Point", "coordinates": [88.2445421, 27.1133391]}}, {"type": "Feature", "properties": {"power": "tower", "telecom": ""}, "geometry": {"type": "Point", "coordinates": [88.4908279, 27.3500186]}}, {"type": "Feature", "properties": {"power": "tower", "telecom": ""}, "geometry": {"type": "Point", "coordinates": [88.4817781, 27.3181282]}}, {"type": "Feature", "properties": {"power": "tower", "telecom": ""}, "geometry": {"type": "Point", "coordinates": [88.3407047, 27.1760447]}}, {"type": "Feature", "properties": {"power": "tower", "telecom": ""}, "geometry": {"type": "Point", "coordinates": [88.2710316, 27.1206063]}}, {"type": "Feature", "properties": {"power": "tower", "telecom": ""}, "geometry": {"type": "Point", "coordinates": [88.4875073, 27.3238379]}}, {"type": "Feature", "properties": {"power": "tower", "telecom": ""}, "geometry": {"type": "Point", "coordinates": [88.5212924, 27.4074287]}}, {"type": "Feature", "properties": {"power": "tower", "telecom": ""}, "geometry": {"type": "Point", "coordinates": [88.4008076, 27.2462316]}}, {"type": "Feature", "properties": {"power": "tower", "telecom": ""}, "geometry": {"type": "Point", "coordinates": [88.3164307, 27.1619085]}}, {"type": "Feature", "properties": {"power": "tower", "telecom": ""}, "geometry": {"type": "Point", "coordinates": [88.2313188, 27.0983354]}}, {"type": "Feature", "properties": {"power": "tower", "telecom": ""}, "geometry": {"type": "Point", "coordinates": [88.4580352, 27.307585]}}, {"type": "Feature", "properties": {"power": "tower", "telecom": ""}, "geometry": {"type": "Point", "coordinates": [88.5194793, 27.3975512]}}, {"type": "Feature", "properties": {"power": "tower", "telecom": ""}, "geometry": {"type": "Point", "coordinates": [88.3844783, 27.2245677]}}, {"type": "Feature", "properties": {"power": "tower", "telecom": ""}, "geometry": {"type": "Point", "coordinates": [88.2909873, 27.1362516]}}, {"type": "Feature", "properties": {"power": "tower", "telecom": ""}, "geometry": {"type": "Point", "coordinates": [88.4723797, 27.3131808]}}, {"type": "Feature", "properties": {"power": "tower", "telecom": ""}, "geometry": {"type": "Point", "coordinates": [88.3849745, 27.2356816]}}, {"type": "Feature", "properties": {"power": "tower", "telecom": ""}, "geometry": {"type": "Point", "coordinates": [88.3064368, 27.1510354]}}, {"type": "Feature", "properties": {"power": "tower", "telecom": ""}, "geometry": {"type": "Point", "coordinates": [88.2224997, 27.082403]}}, {"type": "Feature", "properties": {"power": "tower", "telecom": ""}, "geometry": {"type": "Point", "coordinates": [88.448036, 27.2907004]}}, {"type": "Feature", "properties": {"power": "tower", "telecom": ""}, "geometry": {"type": "Point", "coordinates": [88.3749619, 27.2036057]}}, {"type": "Feature", "properties": {"power": "tower", "telecom": ""}, "geometry": {"type": "Point", "coordinates": [88.2800975, 27.1223729]}}, {"type": "Feature", "properties": {"power": "tower", "telecom": ""}, "geometry": {"type": "Point", "coordinates": [88.4101953, 27.2529656]}}, {"type": "Feature", "properties": {"power": "tower", "telecom": ""}, "geometry": {"type": "Point", "coordinates": [88.3465787, 27.1826445]}}, {"type": "Feature", "properties": {"power": "tower", "telecom": ""}, "geometry": {"type": "Point", "coordinates": [88.4347698, 27.272278]}}, {"type": "Feature", "properties": {"power": "tower", "telecom": ""}, "geometry": {"type": "Point", "coordinates": [88.4880062, 27.3352706]}}, {"type": "Feature", "properties": {"power": "tower", "telecom": ""}, "geometry": {"type": "Point", "coordinates": [88.3575996, 27.1889021]}}, {"type": "Feature", "properties": {"power": "tower", "telecom": ""}, "geometry": {"type": "Point", "coordinates": [88.333909, 27.1751154]}}, {"type": "Feature", "properties": {"power": "tower", "telecom": ""}, "geometry": {"type": "Point", "coordinates": [88.2539299, 27.1160894]}}, {"type": "Feature", "properties": {"power": "tower", "telecom": ""}, "geometry": {"type": "Point", "coordinates": [88.490093, 27.3578706]}}, {"type": "Feature", "properties": {"power": "tower", "telecom": ""}, "geometry": {"type": "Point", "coordinates": [88.4862735, 27.320902]}}, {"type": "Feature", "properties": {"power": "tower", "telecom": ""}, "geometry": {"type": "Point", "coordinates": [88.3872625, 27.2360513]}}, {"type": "Feature", "properties": {"power": "tower", "telecom": ""}, "geometry": {"type": "Point", "coordinates": [88.3069196, 27.1526393]}}, {"type": "Feature", "properties": {"power": "tower", "telecom": ""}, "geometry": {"type": "Point", "coordinates": [88.230541, 27.0963487]}}, {"type": "Feature", "properties": {"power": "tower", "telecom": ""}, "geometry": {"type": "Point", "coordinates": [88.4882691, 27.3292518]}}, {"type": "Feature", "properties": {"power": "tower", "telecom": ""}, "geometry": {"type": "Point", "coordinates": [88.5205414, 27.3992848]}}, {"type": "Feature", "properties": {"power": "tower", "telecom": ""}, "geometry": {"type": "Point", "coordinates": [88.407202, 27.2516017]}}, {"type": "Feature", "properties": {"power": "tower", "telecom": ""}, "geometry": {"type": "Point", "coordinates": [88.3185067, 27.166433]}}, {"type": "Feature", "properties": {"power": "tower", "telecom": ""}, "geometry": {"type": "Point", "coordinates": [88.2345321, 27.1029102]}}, {"type": "Feature", "properties": {"power": "tower", "telecom": ""}, "geometry": {"type": "Point", "coordinates": [88.4669831, 27.3141245]}}, {"type": "Feature", "properties": {"power": "tower", "telecom": ""}, "geometry": {"type": "Point", "coordinates": [88.5161855, 27.3915405]}}, {"type": "Feature", "properties": {"power": "tower", "telecom": ""}, "geometry": {"type": "Point", "coordinates": [88.3850604, 27.2302381]}}, {"type": "Feature", "properties": {"power": "tower", "telecom": ""}, "geometry": {"type": "Point", "coordinates": [88.2934656, 27.1401804]}}, {"type": "Feature", "properties": {"power": "tower", "telecom": ""}, "geometry": {"type": "Point", "coordinates": [88.2186105, 27.0809128]}}, {"type": "Feature", "properties": {"power": "tower", "telecom": ""}, "geometry": {"type": "Point", "coordinates": [88.4370228, 27.2745905]}}, {"type": "Feature", "properties": {"power": "tower", "telecom": ""}, "geometry": {"type": "Point", "coordinates": [88.3721616, 27.2001705]}}, {"type": "Feature", "properties": {"power": "tower", "telecom": ""}, "geometry": {"type": "Point", "coordinates": [88.2775172, 27.1216949]}}, {"type": "Feature", "properties": {"power": "tower", "telecom": ""}, "geometry": {"type": "Point", "coordinates": [88.2637069, 27.0714312]}}, {"type": "Feature", "properties": {"power": "tower", "telecom": ""}, "geometry": {"type": "Point", "coordinates": [88.2655938, 27.0705475]}}, {"type": "Feature", "properties": {"power": "tower", "telecom": ""}, "geometry": {"type": "Point", "coordinates": [88.2720378, 27.0676205]}}, {"type": "Feature", "properties": {"power": "tower", "telecom": ""}, "geometry": {"type": "Point", "coordinates": [88.2759686, 27.0658949]}}, {"type": "Feature", "properties": {"power": "tower", "telecom": ""}, "geometry": {"type": "Point", "coordinates": [88.2770884, 27.0653647]}}, {"type": "Feature", "properties": {"power": "tower", "telecom": ""}, "geometry": {"type": "Point", "coordinates": [88.2774639, 27.0648034]}}, {"type": "Feature", "properties": {"power": "tower", "telecom": ""}, "geometry": {"type": "Point", "coordinates": [88.2766043, 27.063135]}}, {"type": "Feature", "properties": {"power": "tower", "telecom": ""}, "geometry": {"type": "Point", "coordinates": [88.2547671, 27.0768526]}}, {"type": "Feature", "properties": {"power": "tower", "telecom": ""}, "geometry": {"type": "Point", "coordinates": [88.4816256, 27.1940247]}}, {"type": "Feature", "properties": {"power": "tower", "telecom": ""}, "geometry": {"type": "Point", "coordinates": [88.480247, 27.1932589]}}, {"type": "Feature", "properties": {"power": "tower", "telecom": ""}, "geometry": {"type": "Point", "coordinates": [88.4785706, 27.1926147]}}, {"type": "Feature", "properties": {"power": "tower", "telecom": ""}, "geometry": {"type": "Point", "coordinates": [88.4775916, 27.1917511]}}, {"type": "Feature", "properties": {"power": "tower", "telecom": ""}, "geometry": {"type": "Point", "coordinates": [88.4766313, 27.1914719]}}, {"type": "Feature", "properties": {"power": "tower", "telecom": ""}, "geometry": {"type": "Point", "coordinates": [88.4746385, 27.1909017]}}, {"type": "Feature", "properties": {"power": "tower", "telecom": ""}, "geometry": {"type": "Point", "coordinates": [88.473174, 27.1900476]}}, {"type": "Feature", "properties": {"power": "tower", "telecom": ""}, "geometry": {"type": "Point", "coordinates": [88.470525, 27.1887171]}}, {"type": "Feature", "properties": {"power": "tower", "telecom": ""}, "geometry": {"type": "Point", "coordinates": [88.471908, 27.1890384]}}, {"type": "Feature", "properties": {"power": "tower", "telecom": ""}, "geometry": {"type": "Point", "coordinates": [88.4695664, 27.1884945]}}, {"type": "Feature", "properties": {"power": "tower", "telecom": ""}, "geometry": {"type": "Point", "coordinates": [88.467654, 27.1881867]}}, {"type": "Feature", "properties": {"power": "tower", "telecom": ""}, "geometry": {"type": "Point", "coordinates": [88.4647572, 27.1875711]}}, {"type": "Feature", "properties": {"power": "tower", "telecom": ""}, "geometry": {"type": "Point", "coordinates": [88.4576762, 27.1846389]}}, {"type": "Feature", "properties": {"power": "tower", "telecom": ""}, "geometry": {"type": "Point", "coordinates": [88.4567615, 27.1844122]}}, {"type": "Feature", "properties": {"power": "tower", "telecom": ""}, "geometry": {"type": "Point", "coordinates": [88.4557369, 27.1834578]}}, {"type": "Feature", "properties": {"power": "tower", "telecom": ""}, "geometry": {"type": "Point", "coordinates": [88.4537387, 27.1821431]}}, {"type": "Feature", "properties": {"power": "tower", "telecom": ""}, "geometry": {"type": "Point", "coordinates": [88.4126657, 27.253489]}}, {"type": "Feature", "properties": {"power": "tower", "telecom": ""}, "geometry": {"type": "Point", "coordinates": [88.4972813, 27.365322]}}, {"type": "Feature", "properties": {"power": "tower", "telecom": ""}, "geometry": {"type": "Point", "coordinates": [88.3832123, 27.2159525]}}, {"type": "Feature", "properties": {"power": "tower", "telecom": ""}, "geometry": {"type": "Point", "coordinates": [88.2900968, 27.1303174]}}, {"type": "Feature", "properties": {"power": "tower", "telecom": ""}, "geometry": {"type": "Point", "coordinates": [88.5142114, 27.383729]}}, {"type": "Feature", "properties": {"power": "tower", "telecom": ""}, "geometry": {"type": "Point", "coordinates": [88.4231021, 27.2614729]}}, {"type": "Feature", "properties": {"power": "tower", "telecom": ""}, "geometry": {"type": "Point", "coordinates": [88.4897926, 27.3421088]}}, {"type": "Feature", "properties": {"power": "tower", "telecom": ""}, "geometry": {"type": "Point", "coordinates": [88.3598664, 27.191124]}}, {"type": "Feature", "properties": {"power": "tower", "telecom": ""}, "geometry": {"type": "Point", "coordinates": [88.3267733, 27.1734438]}}, {"type": "Feature", "properties": {"power": "tower", "telecom": ""}, "geometry": {"type": "Point", "coordinates": [88.2568696, 27.1161945]}}, {"type": "Feature", "properties": {"power": "tower", "telecom": ""}, "geometry": {"type": "Point", "coordinates": [88.4906294, 27.3478363]}}, {"type": "Feature", "properties": {"power": "tower", "telecom": ""}, "geometry": {"type": "Point", "coordinates": [88.4796967, 27.3159071]}}, {"type": "Feature", "properties": {"power": "tower", "telecom": ""}, "geometry": {"type": "Point", "coordinates": [88.3878043, 27.2375513]}}, {"type": "Feature", "properties": {"power": "tower", "telecom": ""}, "geometry": {"type": "Point", "coordinates": [88.3097091, 27.1550258]}}, {"type": "Feature", "properties": {"power": "tower", "telecom": ""}, "geometry": {"type": "Point", "coordinates": [88.2673463, 27.1189781]}}, {"type": "Feature", "properties": {"power": "tower", "telecom": ""}, "geometry": {"type": "Point", "coordinates": [88.4879043, 27.332521]}}, {"type": "Feature", "properties": {"power": "tower", "telecom": ""}, "geometry": {"type": "Point", "coordinates": [88.5226336, 27.4114575]}}, {"type": "Feature", "properties": {"power": "tower", "telecom": ""}, "geometry": {"type": "Point", "coordinates": [88.398694, 27.2433892]}}, {"type": "Feature", "properties": {"power": "tower", "telecom": ""}, "geometry": {"type": "Point", "coordinates": [88.315744, 27.1610828]}}, {"type": "Feature", "properties": {"power": "tower", "telecom": ""}, "geometry": {"type": "Point", "coordinates": [88.2368335, 27.1035979]}}, {"type": "Feature", "properties": {"power": "tower", "telecom": ""}, "geometry": {"type": "Point", "coordinates": [88.4571018, 27.3063266]}}, {"type": "Feature", "properties": {"power": "tower", "telecom": ""}, "geometry": {"type": "Point", "coordinates": [88.1801212, 27.0506411]}}, {"type": "Feature", "properties": {"power": "tower", "telecom": ""}, "geometry": {"type": "Point", "coordinates": [88.1760818, 27.0489069]}}, {"type": "Feature", "properties": {"power": "tower", "telecom": ""}, "geometry": {"type": "Point", "coordinates": [88.1740004, 27.0479752]}}, {"type": "Feature", "properties": {"power": "tower", "telecom": ""}, "geometry": {"type": "Point", "coordinates": [88.1708622, 27.0451707]}}, {"type": "Feature", "properties": {"power": "tower", "telecom": ""}, "geometry": {"type": "Point", "coordinates": [88.1694353, 27.0428391]}}, {"type": "Feature", "properties": {"power": "tower", "telecom": ""}, "geometry": {"type": "Point", "coordinates": [88.1608415, 27.0371054]}}, {"type": "Feature", "properties": {"power": "tower", "telecom": ""}, "geometry": {"type": "Point", "coordinates": [88.163411, 27.0384768]}}, {"type": "Feature", "properties": {"power": "tower", "telecom": ""}, "geometry": {"type": "Point", "coordinates": [88.1593716, 27.0357198]}}, {"type": "Feature", "properties": {"power": "tower", "telecom": ""}, "geometry": {"type": "Point", "coordinates": [88.1557453, 27.0286048]}}, {"type": "Feature", "properties": {"power": "tower", "telecom": ""}, "geometry": {"type": "Point", "coordinates": [88.1555039, 27.0268415]}}, {"type": "Feature", "properties": {"power": "tower", "telecom": ""}, "geometry": {"type": "Point", "coordinates": [88.1522047, 27.0225311]}}, {"type": "Feature", "properties": {"power": "tower", "telecom": ""}, "geometry": {"type": "Point", "coordinates": [88.1466258, 26.9284503]}}, {"type": "Feature", "properties": {"power": "tower", "telecom": ""}, "geometry": {"type": "Point", "coordinates": [88.146674, 26.9270681]}}, {"type": "Feature", "properties": {"power": "tower", "telecom": ""}, "geometry": {"type": "Point", "coordinates": [88.1472266, 26.9233566]}}, {"type": "Feature", "properties": {"power": "tower", "telecom": ""}, "geometry": {"type": "Point", "coordinates": [88.1498229, 26.918076]}}, {"type": "Feature", "properties": {"power": "tower", "telecom": ""}, "geometry": {"type": "Point", "coordinates": [88.1506973, 26.9149525]}}, {"type": "Feature", "properties": {"power": "tower", "telecom": ""}, "geometry": {"type": "Point", "coordinates": [88.153165, 26.9100878]}}, {"type": "Feature", "properties": {"power": "tower", "telecom": ""}, "geometry": {"type": "Point", "coordinates": [88.1541949, 26.9077151]}}, {"type": "Feature", "properties": {"power": "tower", "telecom": ""}, "geometry": {"type": "Point", "coordinates": [88.1538033, 26.9030127]}}, {"type": "Feature", "properties": {"power": "tower", "telecom": ""}, "geometry": {"type": "Point", "coordinates": [88.1543076, 26.9015105]}}, {"type": "Feature", "properties": {"power": "tower", "telecom": ""}, "geometry": {"type": "Point", "coordinates": [88.1546992, 26.900018]}}, {"type": "Feature", "properties": {"power": "tower", "telecom": ""}, "geometry": {"type": "Point", "coordinates": [88.4813778, 27.1942513]}}, {"type": "Feature", "properties": {"power": "tower", "telecom": ""}, "geometry": {"type": "Point", "coordinates": [88.4812384, 27.1948346]}}, {"type": "Feature", "properties": {"power": "tower", "telecom": ""}, "geometry": {"type": "Point", "coordinates": [88.5063556, 26.9221704]}}, {"type": "Feature", "properties": {"power": "tower", "telecom": ""}, "geometry": {"type": "Point", "coordinates": [88.5090163, 26.9216275]}}, {"type": "Feature", "properties": {"power": "tower", "telecom": ""}, "geometry": {"type": "Point", "coordinates": [88.5127366, 26.9215103]}}, {"type": "Feature", "properties": {"power": "tower", "telecom": ""}, "geometry": {"type": "Point", "coordinates": [88.5145229, 26.9221321]}}, {"type": "Feature", "properties": {"power": "tower", "telecom": ""}, "geometry": {"type": "Point", "coordinates": [88.5110655, 26.9201041]}}, {"type": "Feature", "properties": {"power": "tower", "telecom": ""}, "geometry": {"type": "Point", "coordinates": [88.5125998, 26.9198601]}}, {"type": "Feature", "properties": {"power": "tower", "telecom": ""}, "geometry": {"type": "Point", "coordinates": [88.4473953, 27.000126]}}, {"type": "Feature", "properties": {"power": "tower", "telecom": ""}, "geometry": {"type": "Point", "coordinates": [88.4538755, 26.9999133]}}, {"type": "Feature", "properties": {"power": "tower", "telecom": ""}, "geometry": {"type": "Point", "coordinates": [88.4568956, 26.9999205]}}, {"type": "Feature", "properties": {"power": "tower", "telecom": ""}, "geometry": {"type": "Point", "coordinates": [88.4577244, 26.9997341]}}, {"type": "Feature", "properties": {"power": "tower", "telecom": ""}, "geometry": {"type": "Point", "coordinates": [88.4581536, 27.0000041]}}, {"type": "Feature", "properties": {"power": "tower", "telecom": ""}, "geometry": {"type": "Point", "coordinates": [88.4603181, 26.9992824]}}, {"type": "Feature", "properties": {"power": "tower", "telecom": ""}, "geometry": {"type": "Point", "coordinates": [88.460758, 26.9990243]}}, {"type": "Feature", "properties": {"power": "tower", "telecom": ""}, "geometry": {"type": "Point", "coordinates": [88.4621206, 26.9982356]}}, {"type": "Feature", "properties": {"power": "tower", "telecom": ""}, "geometry": {"type": "Point", "coordinates": [88.4633088, 26.9957525]}}, {"type": "Feature", "properties": {"power": "tower", "telecom": ""}, "geometry": {"type": "Point", "coordinates": [88.4640759, 26.9934748]}}, {"type": "Feature", "properties": {"power": "tower", "telecom": ""}, "geometry": {"type": "Point", "coordinates": [88.4640196, 26.9909533]}}, {"type": "Feature", "properties": {"power": "tower", "telecom": ""}, "geometry": {"type": "Point", "coordinates": [88.4634081, 26.9891823]}}, {"type": "Feature", "properties": {"power": "tower", "telecom": ""}, "geometry": {"type": "Point", "coordinates": [88.4630486, 26.9879514]}}, {"type": "Feature", "properties": {"power": "tower", "telecom": ""}, "geometry": {"type": "Point", "coordinates": [88.4424198, 27.0022733]}}, {"type": "Feature", "properties": {"power": "tower", "telecom": ""}, "geometry": {"type": "Point", "coordinates": [88.4451127, 26.9998512]}}, {"type": "Feature", "properties": {"power": "tower", "telecom": ""}, "geometry": {"type": "Point", "coordinates": [88.447119, 26.9996815]}}, {"type": "Feature", "properties": {"power": "tower", "telecom": ""}, "geometry": {"type": "Point", "coordinates": [88.4528294, 26.9994807]}}, {"type": "Feature", "properties": {"power": "tower", "telecom": ""}, "geometry": {"type": "Point", "coordinates": [88.454774, 26.9991199]}}, {"type": "Feature", "properties": {"power": "tower", "telecom": ""}, "geometry": {"type": "Point", "coordinates": [88.4570754, 26.9988259]}}, {"type": "Feature", "properties": {"power": "tower", "telecom": ""}, "geometry": {"type": "Point", "coordinates": [88.4580597, 26.9988068]}}, {"type": "Feature", "properties": {"power": "tower", "telecom": ""}, "geometry": {"type": "Point", "coordinates": [88.4590226, 26.9985463]}}, {"type": "Feature", "properties": {"power": "tower", "telecom": ""}, "geometry": {"type": "Point", "coordinates": [88.4595618, 26.9984364]}}, {"type": "Feature", "properties": {"power": "tower", "telecom": ""}, "geometry": {"type": "Point", "coordinates": [88.459999, 26.9983432]}}, {"type": "Feature", "properties": {"power": "tower", "telecom": ""}, "geometry": {"type": "Point", "coordinates": [88.4604737, 26.9983001]}}, {"type": "Feature", "properties": {"power": "tower", "telecom": ""}, "geometry": {"type": "Point", "coordinates": [88.4611335, 26.9983169]}}, {"type": "Feature", "properties": {"power": "tower", "telecom": ""}, "geometry": {"type": "Point", "coordinates": [88.4630272, 26.9956354]}}, {"type": "Feature", "properties": {"power": "tower", "telecom": ""}, "geometry": {"type": "Point", "coordinates": [88.4634671, 26.9936302]}}, {"type": "Feature", "properties": {"power": "tower", "telecom": ""}, "geometry": {"type": "Point", "coordinates": [88.4632444, 26.9903725]}}, {"type": "Feature", "properties": {"power": "tower", "telecom": ""}, "geometry": {"type": "Point", "coordinates": [88.4625712, 26.9881761]}}, {"type": "Feature", "properties": {"power": "tower", "telecom": ""}, "geometry": {"type": "Point", "coordinates": [88.4626731, 26.987753]}}, {"type": "Feature", "properties": {"power": "tower", "telecom": ""}, "geometry": {"type": "Point", "coordinates": [88.4635502, 26.9821361]}}, {"type": "Feature", "properties": {"power": "tower", "telecom": ""}, "geometry": {"type": "Point", "coordinates": [88.4637514, 26.9817799]}}, {"type": "Feature", "properties": {"power": "tower", "telecom": ""}, "geometry": {"type": "Point", "coordinates": [88.4657595, 26.9786364]}}, {"type": "Feature", "properties": {"power": "tower", "telecom": ""}, "geometry": {"type": "Point", "coordinates": [88.4652695, 26.9777571]}}, {"type": "Feature", "properties": {"power": "tower", "telecom": ""}, "geometry": {"type": "Point", "coordinates": [88.4638104, 26.9824922]}}, {"type": "Feature", "properties": {"power": "tower", "telecom": ""}, "geometry": {"type": "Point", "coordinates": [88.4642208, 26.9819066]}}, {"type": "Feature", "properties": {"power": "tower", "telecom": ""}, "geometry": {"type": "Point", "coordinates": [88.4664282, 26.9780654]}}, {"type": "Feature", "properties": {"power": "tower", "telecom": ""}, "geometry": {"type": "Point", "coordinates": [88.4707841, 26.9747022]}}, {"type": "Feature", "properties": {"power": "tower", "telecom": ""}, "geometry": {"type": "Point", "coordinates": [88.4723854, 26.9740663]}}, {"type": "Feature", "properties": {"power": "tower", "telecom": ""}, "geometry": {"type": "Point", "coordinates": [88.4779671, 26.9716854]}}, {"type": "Feature", "properties": {"power": "tower", "telecom": ""}, "geometry": {"type": "Point", "coordinates": [88.4814298, 26.971279]}}, {"type": "Feature", "properties": {"power": "tower", "telecom": ""}, "geometry": {"type": "Point", "coordinates": [88.4829614, 26.9699332]}}, {"type": "Feature", "properties": {"power": "tower", "telecom": ""}, "geometry": {"type": "Point", "coordinates": [88.4838438, 26.9697444]}}, {"type": "Feature", "properties": {"power": "tower", "telecom": ""}, "geometry": {"type": "Point", "coordinates": [88.4846967, 26.9695746]}}, {"type": "Feature", "properties": {"power": "tower", "telecom": ""}, "geometry": {"type": "Point", "coordinates": [88.4876928, 26.9676861]}}, {"type": "Feature", "properties": {"power": "tower", "telecom": ""}, "geometry": {"type": "Point", "coordinates": [88.48894, 26.966149]}}, {"type": "Feature", "properties": {"power": "tower", "telecom": ""}, "geometry": {"type": "Point", "coordinates": [88.4658354, 26.9772049]}}, {"type": "Feature", "properties": {"power": "tower", "telecom": ""}, "geometry": {"type": "Point", "coordinates": [88.4718195, 26.9737269]}}, {"type": "Feature", "properties": {"power": "tower", "telecom": ""}, "geometry": {"type": "Point", "coordinates": [88.4783345, 26.9703707]}}, {"type": "Feature", "properties": {"power": "tower", "telecom": ""}, "geometry": {"type": "Point", "coordinates": [88.4787825, 26.9702774]}}, {"type": "Feature", "properties": {"power": "tower", "telecom": ""}, "geometry": {"type": "Point", "coordinates": [88.4794316, 26.9698495]}}, {"type": "Feature", "properties": {"power": "tower", "telecom": ""}, "geometry": {"type": "Point", "coordinates": [88.4825188, 26.9697109]}}, {"type": "Feature", "properties": {"power": "tower", "telecom": ""}, "geometry": {"type": "Point", "coordinates": [88.4842488, 26.969381]}}, {"type": "Feature", "properties": {"power": "tower", "telecom": ""}, "geometry": {"type": "Point", "coordinates": [88.4873655, 26.9672773]}}, {"type": "Feature", "properties": {"power": "tower", "telecom": ""}, "geometry": {"type": "Point", "coordinates": [88.4882051, 26.9662518]}}, {"type": "Feature", "properties": {"power": "tower", "telecom": ""}, "geometry": {"type": "Point", "coordinates": [88.4884679, 26.965788]}}, {"type": "Feature", "properties": {"power": "tower", "telecom": ""}, "geometry": {"type": "Point", "coordinates": [88.490198, 26.9619128]}}, {"type": "Feature", "properties": {"power": "tower", "telecom": ""}, "geometry": {"type": "Point", "coordinates": [88.4911582, 26.9622212]}}, {"type": "Feature", "properties": {"power": "tower", "telecom": ""}, "geometry": {"type": "Point", "coordinates": [88.4923357, 26.9597133]}}, {"type": "Feature", "properties": {"power": "tower", "telecom": ""}, "geometry": {"type": "Point", "coordinates": [88.4876633, 26.9529091]}}, {"type": "Feature", "properties": {"power": "tower", "telecom": ""}, "geometry": {"type": "Point", "coordinates": [88.4865019, 26.9522038]}}, {"type": "Feature", "properties": {"power": "tower", "telecom": ""}, "geometry": {"type": "Point", "coordinates": [88.4846833, 26.9439813]}}, {"type": "Feature", "properties": {"power": "tower", "telecom": ""}, "geometry": {"type": "Point", "coordinates": [88.4840745, 26.9418915]}}, {"type": "Feature", "properties": {"power": "tower", "telecom": ""}, "geometry": {"type": "Point", "coordinates": [88.4835622, 26.9404807]}}, {"type": "Feature", "properties": {"power": "tower", "telecom": ""}, "geometry": {"type": "Point", "coordinates": [88.4832618, 26.9399451]}}, {"type": "Feature", "properties": {"power": "tower", "telecom": ""}, "geometry": {"type": "Point", "coordinates": [88.4834656, 26.9394884]}}, {"type": "Feature", "properties": {"power": "tower", "telecom": ""}, "geometry": {"type": "Point", "coordinates": [88.483986, 26.939278]}}, {"type": "Feature", "properties": {"power": "tower", "telecom": ""}, "geometry": {"type": "Point", "coordinates": [88.4853378, 26.9395888]}}, {"type": "Feature", "properties": {"power": "tower", "telecom": ""}, "geometry": {"type": "Point", "coordinates": [88.4861129, 26.9399571]}}, {"type": "Feature", "properties": {"power": "tower", "telecom": ""}, "geometry": {"type": "Point", "coordinates": [88.4858903, 26.954138]}}, {"type": "Feature", "properties": {"power": "tower", "telecom": ""}, "geometry": {"type": "Point", "coordinates": [88.4853539, 26.9535021]}}, {"type": "Feature", "properties": {"power": "tower", "telecom": ""}, "geometry": {"type": "Point", "coordinates": [88.5527068, 26.9228615]}}, {"type": "Feature", "properties": {"power": "tower", "telecom": ""}, "geometry": {"type": "Point", "coordinates": [88.5541767, 26.9208861]}}, {"type": "Feature", "properties": {"power": "tower", "telecom": ""}, "geometry": {"type": "Point", "coordinates": [88.5544181, 26.9205202]}}, {"type": "Feature", "properties": {"power": "tower", "telecom": ""}, "geometry": {"type": "Point", "coordinates": [88.5568884, 26.9170285]}}, {"type": "Feature", "properties": {"power": "tower", "telecom": ""}, "geometry": {"type": "Point", "coordinates": [88.5608742, 26.9092363]}}, {"type": "Feature", "properties": {"power": "tower", "telecom": ""}, "geometry": {"type": "Point", "coordinates": [88.563087, 26.9067775]}}, {"type": "Feature", "properties": {"power": "tower", "telecom": ""}, "geometry": {"type": "Point", "coordinates": [88.5650289, 26.9033858]}}, {"type": "Feature", "properties": {"power": "tower", "telecom": ""}, "geometry": {"type": "Point", "coordinates": [88.5649833, 26.9003624]}}, {"type": "Feature", "properties": {"power": "tower", "telecom": ""}, "geometry": {"type": "Point", "coordinates": [88.5526049, 26.9214218]}}, {"type": "Feature", "properties": {"power": "tower", "telecom": ""}, "geometry": {"type": "Point", "coordinates": [88.5532352, 26.9212544]}}, {"type": "Feature", "properties": {"power": "tower", "telecom": ""}, "geometry": {"type": "Point", "coordinates": [88.5536832, 26.9208765]}}, {"type": "Feature", "properties": {"power": "tower", "telecom": ""}, "geometry": {"type": "Point", "coordinates": [88.5540721, 26.9201328]}}, {"type": "Feature", "properties": {"power": "tower", "telecom": ""}, "geometry": {"type": "Point", "coordinates": [88.5563788, 26.9165789]}}, {"type": "Feature", "properties": {"power": "tower", "telecom": ""}, "geometry": {"type": "Point", "coordinates": [88.5565102, 26.9161268]}}, {"type": "Feature", "properties": {"power": "tower", "telecom": ""}, "geometry": {"type": "Point", "coordinates": [88.5603404, 26.9089899]}}, {"type": "Feature", "properties": {"power": "tower", "telecom": ""}, "geometry": {"type": "Point", "coordinates": [88.5629716, 26.906347]}}, {"type": "Feature", "properties": {"power": "tower", "telecom": ""}, "geometry": {"type": "Point", "coordinates": [88.5639212, 26.9041967]}}, {"type": "Feature", "properties": {"power": "tower", "telecom": ""}, "geometry": {"type": "Point", "coordinates": [88.5643503, 26.9037757]}}, {"type": "Feature", "properties": {"power": "tower", "telecom": ""}, "geometry": {"type": "Point", "coordinates": [88.4604335, 26.9267333]}}, {"type": "Feature", "properties": {"power": "tower", "telecom": ""}, "geometry": {"type": "Point", "coordinates": [88.4609002, 26.926927]}}, {"type": "Feature", "properties": {"power": "tower", "telecom": ""}, "geometry": {"type": "Point", "coordinates": [88.4610021, 26.9278118]}}, {"type": "Feature", "properties": {"power": "tower", "telecom": ""}, "geometry": {"type": "Point", "coordinates": [88.4617397, 26.9283355]}}, {"type": "Feature", "properties": {"power": "tower", "telecom": ""}, "geometry": {"type": "Point", "coordinates": [88.4625792, 26.9285197]}}, {"type": "Feature", "properties": {"power": "tower", "telecom": ""}, "geometry": {"type": "Point", "coordinates": [88.4633893, 26.9279266]}}, {"type": "Feature", "properties": {"power": "tower", "telecom": ""}, "geometry": {"type": "Point", "coordinates": [88.4645265, 26.9262311]}}, {"type": "Feature", "properties": {"power": "tower", "telecom": ""}, "geometry": {"type": "Point", "coordinates": [88.4672222, 26.9250067]}}, {"type": "Feature", "properties": {"power": "tower", "telecom": ""}, "geometry": {"type": "Point", "coordinates": [88.4688154, 26.9243131]}}, {"type": "Feature", "properties": {"power": "tower", "telecom": ""}, "geometry": {"type": "Point", "coordinates": [88.4696013, 26.9239305]}}, {"type": "Feature", "properties": {"power": "tower", "telecom": ""}, "geometry": {"type": "Point", "coordinates": [88.4714037, 26.9232513]}}, {"type": "Feature", "properties": {"power": "tower", "telecom": ""}, "geometry": {"type": "Point", "coordinates": [88.4725571, 26.9229763]}}, {"type": "Feature", "properties": {"power": "tower", "telecom": ""}, "geometry": {"type": "Point", "coordinates": [88.4738392, 26.9224286]}}, {"type": "Feature", "properties": {"power": "tower", "telecom": ""}, "geometry": {"type": "Point", "coordinates": [88.4750032, 26.9227922]}}, {"type": "Feature", "properties": {"power": "tower", "telecom": ""}, "geometry": {"type": "Point", "coordinates": [88.4759527, 26.923799]}}, {"type": "Feature", "properties": {"power": "tower", "telecom": ""}, "geometry": {"type": "Point", "coordinates": [88.4776935, 26.9247556]}}, {"type": "Feature", "properties": {"power": "tower", "telecom": ""}, "geometry": {"type": "Point", "coordinates": [88.4603745, 26.9264535]}}, {"type": "Feature", "properties": {"power": "tower", "telecom": ""}, "geometry": {"type": "Point", "coordinates": [88.4613106, 26.9267046]}}, {"type": "Feature", "properties": {"power": "tower", "telecom": ""}, "geometry": {"type": "Point", "coordinates": [88.461509, 26.9276396]}}, {"type": "Feature", "properties": {"power": "tower", "telecom": ""}, "geometry": {"type": "Point", "coordinates": [88.4618685, 26.9279075]}}, {"type": "Feature", "properties": {"power": "tower", "telecom": ""}, "geometry": {"type": "Point", "coordinates": [88.4627938, 26.9279314]}}, {"type": "Feature", "properties": {"power": "tower", "telecom": ""}, "geometry": {"type": "Point", "coordinates": [88.4642851, 26.9260637]}}, {"type": "Feature", "properties": {"power": "tower", "telecom": ""}, "geometry": {"type": "Point", "coordinates": [88.4670854, 26.924746]}}, {"type": "Feature", "properties": {"power": "tower", "telecom": ""}, "geometry": {"type": "Point", "coordinates": [88.4684184, 26.9240214]}}, {"type": "Feature", "properties": {"power": "tower", "telecom": ""}, "geometry": {"type": "Point", "coordinates": [88.4694242, 26.9235072]}}, {"type": "Feature", "properties": {"power": "tower", "telecom": ""}, "geometry": {"type": "Point", "coordinates": [88.4710926, 26.9229715]}}, {"type": "Feature", "properties": {"power": "tower", "telecom": ""}, "geometry": {"type": "Point", "coordinates": [88.5075089, 26.9300549]}}, {"type": "Feature", "properties": {"power": "tower", "telecom": ""}, "geometry": {"type": "Point", "coordinates": [88.5104862, 26.9294882]}}, {"type": "Feature", "properties": {"power": "tower", "telecom": ""}, "geometry": {"type": "Point", "coordinates": [88.5135439, 26.9293208]}}, {"type": "Feature", "properties": {"power": "tower", "telecom": ""}, "geometry": {"type": "Point", "coordinates": [88.5153007, 26.9299401]}}, {"type": "Feature", "properties": {"power": "tower", "telecom": ""}, "geometry": {"type": "Point", "coordinates": [88.5158318, 26.9298732]}}, {"type": "Feature", "properties": {"power": "tower", "telecom": ""}, "geometry": {"type": "Point", "coordinates": [88.5166928, 26.9297799]}}, {"type": "Feature", "properties": {"power": "tower", "telecom": ""}, "geometry": {"type": "Point", "coordinates": [88.5014445, 26.9329675]}}, {"type": "Feature", "properties": {"power": "tower", "telecom": ""}, "geometry": {"type": "Point", "coordinates": [88.5020748, 26.9317049]}}, {"type": "Feature", "properties": {"power": "tower", "telecom": ""}, "geometry": {"type": "Point", "coordinates": [88.5040757, 26.9291582]}}, {"type": "Feature", "properties": {"power": "tower", "telecom": ""}, "geometry": {"type": "Point", "coordinates": [88.505111, 26.9292682]}}, {"type": "Feature", "properties": {"power": "tower", "telecom": ""}, "geometry": {"type": "Point", "coordinates": [88.5061839, 26.9287397]}}, {"type": "Feature", "properties": {"power": "tower", "telecom": ""}, "geometry": {"type": "Point", "coordinates": [88.5073721, 26.9278118]}}, {"type": "Feature", "properties": {"power": "tower", "telecom": ""}, "geometry": {"type": "Point", "coordinates": [88.5085067, 26.9279003]}}, {"type": "Feature", "properties": {"power": "tower", "telecom": ""}, "geometry": {"type": "Point", "coordinates": [88.509534, 26.9282136]}}, {"type": "Feature", "properties": {"power": "tower", "telecom": ""}, "geometry": {"type": "Point", "coordinates": [88.5108536, 26.9284599]}}, {"type": "Feature", "properties": {"power": "tower", "telecom": ""}, "geometry": {"type": "Point", "coordinates": [88.5121277, 26.9286273]}}, {"type": "Feature", "properties": {"power": "tower", "telecom": ""}, "geometry": {"type": "Point", "coordinates": [88.5130316, 26.9287612]}}, {"type": "Feature", "properties": {"power": "tower", "telecom": ""}, "geometry": {"type": "Point", "coordinates": [88.5146168, 26.9289525]}}, {"type": "Feature", "properties": {"power": "tower", "telecom": ""}, "geometry": {"type": "Point", "coordinates": [88.515797, 26.9290362]}}, {"type": "Feature", "properties": {"power": "tower", "telecom": ""}, "geometry": {"type": "Point", "coordinates": [88.5192275, 26.9278596]}}, {"type": "Feature", "properties": {"power": "tower", "telecom": ""}, "geometry": {"type": "Point", "coordinates": [88.5198069, 26.9269198]}}, {"type": "Feature", "properties": {"power": "tower", "telecom": ""}, "geometry": {"type": "Point", "coordinates": [88.5195842, 26.9281968]}}, {"type": "Feature", "properties": {"power": "tower", "telecom": ""}, "geometry": {"type": "Point", "coordinates": [88.520287, 26.9270394]}}, {"type": "Feature", "properties": {"power": "tower", "telecom": ""}, "geometry": {"type": "Point", "coordinates": [88.5211721, 26.9265396]}}, {"type": "Feature", "properties": {"power": "tower", "telecom": ""}, "geometry": {"type": "Point", "coordinates": [88.5221752, 26.9268146]}}, {"type": "Feature", "properties": {"power": "tower", "telecom": ""}, "geometry": {"type": "Point", "coordinates": [88.5196567, 26.9254323]}}, {"type": "Feature", "properties": {"power": "tower", "telecom": ""}, "geometry": {"type": "Point", "coordinates": [88.5186213, 26.9242007]}}, {"type": "Feature", "properties": {"power": "tower", "telecom": ""}, "geometry": {"type": "Point", "coordinates": [88.4724095, 26.922675]}}, {"type": "Feature", "properties": {"power": "tower", "telecom": ""}, "geometry": {"type": "Point", "coordinates": [88.4732062, 26.9220819]}}, {"type": "Feature", "properties": {"power": "tower", "telecom": ""}, "geometry": {"type": "Point", "coordinates": [88.4740269, 26.9219169]}}, {"type": "Feature", "properties": {"power": "tower", "telecom": ""}, "geometry": {"type": "Point", "coordinates": [88.4760869, 26.9216921]}}, {"type": "Feature", "properties": {"power": "tower", "telecom": ""}, "geometry": {"type": "Point", "coordinates": [88.4771892, 26.9222086]}}, {"type": "Feature", "properties": {"power": "tower", "telecom": ""}, "geometry": {"type": "Point", "coordinates": [88.4777445, 26.9223449]}}, {"type": "Feature", "properties": {"power": "tower", "telecom": ""}, "geometry": {"type": "Point", "coordinates": [88.4809819, 26.9225865]}}, {"type": "Feature", "properties": {"power": "tower", "telecom": ""}, "geometry": {"type": "Point", "coordinates": [88.4792089, 26.9249254]}}, {"type": "Feature", "properties": {"power": "tower", "telecom": ""}, "geometry": {"type": "Point", "coordinates": [88.4804937, 26.9247532]}}, {"type": "Feature", "properties": {"power": "tower", "telecom": ""}, "geometry": {"type": "Point", "coordinates": [88.4872931, 26.9240596]}}, {"type": "Feature", "properties": {"power": "tower", "telecom": ""}, "geometry": {"type": "Point", "coordinates": [88.4900048, 26.9235622]}}, {"type": "Feature", "properties": {"power": "tower", "telecom": ""}, "geometry": {"type": "Point", "coordinates": [88.4872234, 26.9236746]}}, {"type": "Feature", "properties": {"power": "tower", "telecom": ""}, "geometry": {"type": "Point", "coordinates": [88.4894577, 26.9231604]}}, {"type": "Feature", "properties": {"power": "tower", "telecom": ""}, "geometry": {"type": "Point", "coordinates": [88.4963483, 26.9229069]}}, {"type": "Feature", "properties": {"power": "tower", "telecom": ""}, "geometry": {"type": "Point", "coordinates": [88.5009751, 26.9228328]}}, {"type": "Feature", "properties": {"power": "tower", "telecom": ""}, "geometry": {"type": "Point", "coordinates": [88.5029411, 26.9225363]}}, {"type": "Feature", "properties": {"power": "tower", "telecom": ""}, "geometry": {"type": "Point", "coordinates": [88.5010314, 26.9234403]}}, {"type": "Feature", "properties": {"power": "tower", "telecom": ""}, "geometry": {"type": "Point", "coordinates": [88.5018039, 26.9231628]}}, {"type": "Feature", "properties": {"power": "tower", "telecom": ""}, "geometry": {"type": "Point", "coordinates": [88.4849998, 26.9529856]}}, {"type": "Feature", "properties": {"power": "tower", "telecom": ""}, "geometry": {"type": "Point", "coordinates": [88.4842113, 26.9482038]}}, {"type": "Feature", "properties": {"power": "tower", "telecom": ""}, "geometry": {"type": "Point", "coordinates": [88.4825268, 26.9432233]}}, {"type": "Feature", "properties": {"power": "tower", "telecom": ""}, "geometry": {"type": "Point", "coordinates": [88.4825563, 26.940507]}}, {"type": "Feature", "properties": {"power": "tower", "telecom": ""}, "geometry": {"type": "Point", "coordinates": [88.482728, 26.9401651]}}, {"type": "Feature", "properties": {"power": "tower", "telecom": ""}, "geometry": {"type": "Point", "coordinates": [88.4828138, 26.9395314]}}, {"type": "Feature", "properties": {"power": "tower", "telecom": ""}, "geometry": {"type": "Point", "coordinates": [88.4832966, 26.9389623]}}, {"type": "Feature", "properties": {"power": "tower", "telecom": ""}, "geometry": {"type": "Point", "coordinates": [88.4841442, 26.9388834]}}, {"type": "Feature", "properties": {"power": "tower", "telecom": ""}, "geometry": {"type": "Point", "coordinates": [88.4850481, 26.9390652]}}, {"type": "Feature", "properties": {"power": "tower", "telecom": ""}, "geometry": {"type": "Point", "coordinates": [88.4867325, 26.9396127]}}, {"type": "Feature", "properties": {"power": "tower", "telecom": ""}, "geometry": {"type": "Point", "coordinates": [88.4940657, 26.9384793]}}, {"type": "Feature", "properties": {"power": "tower", "telecom": ""}, "geometry": {"type": "Point", "coordinates": [88.4960049, 26.935959]}}, {"type": "Feature", "properties": {"power": "tower", "telecom": ""}, "geometry": {"type": "Point", "coordinates": [88.4870973, 26.9401675]}}, {"type": "Feature", "properties": {"power": "tower", "telecom": ""}, "geometry": {"type": "Point", "coordinates": [88.4943742, 26.9388954]}}, {"type": "Feature", "properties": {"power": "tower", "telecom": ""}, "geometry": {"type": "Point", "coordinates": [88.4964395, 26.9366692]}}, {"type": "Feature", "properties": {"power": "tower", "telecom": ""}, "geometry": {"type": "Point", "coordinates": [88.5018495, 26.933068]}}, {"type": "Feature", "properties": {"power": "tower", "telecom": ""}, "geometry": {"type": "Point", "coordinates": [88.5024798, 26.9318125]}}, {"type": "Feature", "properties": {"power": "tower", "telecom": ""}, "geometry": {"type": "Point", "coordinates": [88.5039631, 26.9303825]}}, {"type": "Feature", "properties": {"power": "tower", "telecom": ""}, "geometry": {"type": "Point", "coordinates": [88.506707, 26.9301434]}}, {"type": "Feature", "properties": {"power": "tower", "telecom": ""}, "geometry": {"type": "Point", "coordinates": [88.5188761, 26.9209029]}}, {"type": "Feature", "properties": {"power": "tower", "telecom": ""}, "geometry": {"type": "Point", "coordinates": [88.5241875, 26.9263812]}}, {"type": "Feature", "properties": {"power": "tower", "telecom": ""}, "geometry": {"type": "Point", "coordinates": [88.5274807, 26.9260135]}}, {"type": "Feature", "properties": {"power": "tower", "telecom": ""}, "geometry": {"type": "Point", "coordinates": [88.5167089, 26.9218427]}}, {"type": "Feature", "properties": {"power": "tower", "telecom": ""}, "geometry": {"type": "Point", "coordinates": [88.5318194, 26.9267348]}}, {"type": "Feature", "properties": {"power": "tower", "telecom": ""}, "geometry": {"type": "Point", "coordinates": [88.5306135, 26.9265085]}}, {"type": "Feature", "properties": {"power": "tower", "telecom": ""}, "geometry": {"type": "Point", "coordinates": [88.5137156, 26.919731]}}, {"type": "Feature", "properties": {"power": "tower", "telecom": ""}, "geometry": {"type": "Point", "coordinates": [88.5168377, 26.9206111]}}, {"type": "Feature", "properties": {"power": "tower", "telecom": ""}, "geometry": {"type": "Point", "coordinates": [88.5216549, 26.9216466]}}, {"type": "Feature", "properties": {"power": "tower", "telecom": ""}, "geometry": {"type": "Point", "coordinates": [88.5235673, 26.9222517]}}, {"type": "Feature", "properties": {"power": "tower", "telecom": ""}, "geometry": {"type": "Point", "coordinates": [88.5269898, 26.9238229]}}, {"type": "Feature", "properties": {"power": "tower", "telecom": ""}, "geometry": {"type": "Point", "coordinates": [88.5299778, 26.9245738]}}, {"type": "Feature", "properties": {"power": "tower", "telecom": ""}, "geometry": {"type": "Point", "coordinates": [88.5454863, 26.9272809]}}, {"type": "Feature", "properties": {"power": "tower", "telecom": ""}, "geometry": {"type": "Point", "coordinates": [88.5425708, 26.9276516]}}, {"type": "Feature", "properties": {"power": "tower", "telecom": ""}, "geometry": {"type": "Point", "coordinates": [88.5396633, 26.9277233]}}, {"type": "Feature", "properties": {"power": "tower", "telecom": ""}, "geometry": {"type": "Point", "coordinates": [88.5391134, 26.9276755]}}, {"type": "Feature", "properties": {"power": "tower", "telecom": ""}, "geometry": {"type": "Point", "coordinates": [88.5392287, 26.9281586]}}, {"type": "Feature", "properties": {"power": "tower", "telecom": ""}, "geometry": {"type": "Point", "coordinates": [88.5339394, 26.9271327]}}, {"type": "Feature", "properties": {"power": "tower", "telecom": ""}, "geometry": {"type": "Point", "coordinates": [88.5334405, 26.9254897]}}, {"type": "Feature", "properties": {"power": "tower", "telecom": ""}, "geometry": {"type": "Point", "coordinates": [88.5408059, 26.927104]}}, {"type": "Feature", "properties": {"power": "tower", "telecom": ""}, "geometry": {"type": "Point", "coordinates": [88.5423294, 26.9269605]}}, {"type": "Feature", "properties": {"power": "tower", "telecom": ""}, "geometry": {"type": "Point", "coordinates": [88.5453254, 26.9269868]}}, {"type": "Feature", "properties": {"power": "tower", "telecom": ""}, "geometry": {"type": "Point", "coordinates": [88.5513389, 26.9249493]}}, {"type": "Feature", "properties": {"power": "tower", "telecom": ""}, "geometry": {"type": "Point", "coordinates": [88.4864026, 27.2478409]}}, {"type": "Feature", "properties": {"power": "tower", "telecom": ""}, "geometry": {"type": "Point", "coordinates": [88.4866279, 27.2469944]}}, {"type": "Feature", "properties": {"power": "tower", "telecom": ""}, "geometry": {"type": "Point", "coordinates": [88.4860593, 27.2443403]}}, {"type": "Feature", "properties": {"power": "tower", "telecom": ""}, "geometry": {"type": "Point", "coordinates": [88.4857723, 27.2438252]}}, {"type": "Feature", "properties": {"power": "tower", "telecom": ""}, "geometry": {"type": "Point", "coordinates": [88.4832162, 27.2389675]}}, {"type": "Feature", "properties": {"power": "tower", "telecom": ""}, "geometry": {"type": "Point", "coordinates": [88.483766, 27.2355573]}}, {"type": "Feature", "properties": {"power": "tower", "telecom": ""}, "geometry": {"type": "Point", "coordinates": [88.4853914, 27.2334395]}}, {"type": "Feature", "properties": {"power": "tower", "telecom": ""}, "geometry": {"type": "Point", "coordinates": [88.4857482, 27.231751]}}, {"type": "Feature", "properties": {"power": "tower", "telecom": ""}, "geometry": {"type": "Point", "coordinates": [88.4861344, 27.2304679]}}, {"type": "Feature", "properties": {"power": "tower", "telecom": ""}, "geometry": {"type": "Point", "coordinates": [88.4866065, 27.2291991]}}, {"type": "Feature", "properties": {"power": "tower", "telecom": ""}, "geometry": {"type": "Point", "coordinates": [88.4865206, 27.2278492]}}, {"type": "Feature", "properties": {"power": "tower", "telecom": ""}, "geometry": {"type": "Point", "coordinates": [88.4858447, 27.226027]}}, {"type": "Feature", "properties": {"power": "tower", "telecom": ""}, "geometry": {"type": "Point", "coordinates": [88.4858501, 27.224534]}}, {"type": "Feature", "properties": {"power": "tower", "telecom": ""}, "geometry": {"type": "Point", "coordinates": [88.4854424, 27.2230314]}}, {"type": "Feature", "properties": {"power": "tower", "telecom": ""}, "geometry": {"type": "Point", "coordinates": [88.4840316, 27.2194537]}}, {"type": "Feature", "properties": {"power": "tower", "telecom": ""}, "geometry": {"type": "Point", "coordinates": [88.4838787, 27.2171901]}}, {"type": "Feature", "properties": {"power": "tower", "telecom": ""}, "geometry": {"type": "Point", "coordinates": [88.5257359, 27.4089904]}}, {"type": "Feature", "properties": {"power": "tower", "telecom": ""}, "geometry": {"type": "Point", "coordinates": [88.5249855, 27.4108934]}}, {"type": "Feature", "properties": {"power": "tower", "telecom": ""}, "geometry": {"type": "Point", "coordinates": [88.5249835, 27.4127191]}}, {"type": "Feature", "properties": {"power": "tower", "telecom": ""}, "geometry": {"type": "Point", "coordinates": [88.5314879, 27.387438]}}, {"type": "Feature", "properties": {"power": "tower", "telecom": ""}, "geometry": {"type": "Point", "coordinates": [88.5252235, 27.3931807]}}, {"type": "Feature", "properties": {"power": "tower", "telecom": ""}, "geometry": {"type": "Point", "coordinates": [88.5260201, 27.3935227]}}, {"type": "Feature", "properties": {"power": "tower", "telecom": ""}, "geometry": {"type": "Point", "coordinates": [88.5272463, 27.3936252]}}, {"type": "Feature", "properties": {"power": "tower", "telecom": ""}, "geometry": {"type": "Point", "coordinates": [88.5278422, 27.3944441]}}, {"type": "Feature", "properties": {"power": "tower", "telecom": ""}, "geometry": {"type": "Point", "coordinates": [88.5277551, 27.3949029]}}, {"type": "Feature", "properties": {"power": "tower", "telecom": ""}, "geometry": {"type": "Point", "coordinates": [88.5282091, 27.3955004]}}, {"type": "Feature", "properties": {"power": "tower", "telecom": ""}, "geometry": {"type": "Point", "coordinates": [88.5283261, 27.396049]}}, {"type": "Feature", "properties": {"power": "tower", "telecom": ""}, "geometry": {"type": "Point", "coordinates": [88.5281294, 27.3973786]}}, {"type": "Feature", "properties": {"power": "tower", "telecom": ""}, "geometry": {"type": "Point", "coordinates": [88.5243798, 27.3923741]}}, {"type": "Feature", "properties": {"power": "tower", "telecom": ""}, "geometry": {"type": "Point", "coordinates": [88.5233991, 27.391425]}}, {"type": "Feature", "properties": {"power": "tower", "telecom": ""}, "geometry": {"type": "Point", "coordinates": [88.522673, 27.391094]}}, {"type": "Feature", "properties": {"power": "tower", "telecom": ""}, "geometry": {"type": "Point", "coordinates": [88.5218904, 27.3906063]}}, {"type": "Feature", "properties": {"power": "tower", "telecom": ""}, "geometry": {"type": "Point", "coordinates": [88.5199415, 27.3881413]}}, {"type": "Feature", "properties": {"power": "tower", "telecom": ""}, "geometry": {"type": "Point", "coordinates": [88.5183615, 27.3870626]}}, {"type": "Feature", "properties": {"power": "tower", "telecom": ""}, "geometry": {"type": "Point", "coordinates": [88.5184411, 27.3857707]}}, {"type": "Feature", "properties": {"power": "tower", "telecom": ""}, "geometry": {"type": "Point", "coordinates": [88.5183569, 27.3847684]}}, {"type": "Feature", "properties": {"power": "tower", "telecom": ""}, "geometry": {"type": "Point", "coordinates": [88.5182904, 27.3835105]}}, {"type": "Feature", "properties": {"power": "tower", "telecom": ""}, "geometry": {"type": "Point", "coordinates": [88.5174565, 27.3819235]}}, {"type": "Feature", "properties": {"power": "tower", "telecom": ""}, "geometry": {"type": "Point", "coordinates": [88.5180648, 27.3803202]}}, {"type": "Feature", "properties": {"power": "tower", "telecom": ""}, "geometry": {"type": "Point", "coordinates": [88.5187725, 27.3795523]}}, {"type": "Feature", "properties": {"power": "tower", "telecom": ""}, "geometry": {"type": "Point", "coordinates": [88.5189634, 27.3785848]}}, {"type": "Feature", "properties": {"power": "tower", "telecom": ""}, "geometry": {"type": "Point", "coordinates": [88.518458, 27.3764454]}}, {"type": "Feature", "properties": {"power": "tower", "telecom": ""}, "geometry": {"type": "Point", "coordinates": [88.5165822, 27.3752934]}}, {"type": "Feature", "properties": {"power": "tower", "telecom": ""}, "geometry": {"type": "Point", "coordinates": [88.5160319, 27.3739169]}}, {"type": "Feature", "properties": {"power": "tower", "telecom": ""}, "geometry": {"type": "Point", "coordinates": [88.5157623, 27.3733484]}}, {"type": "Feature", "properties": {"power": "tower", "telecom": ""}, "geometry": {"type": "Point", "coordinates": [88.5132913, 27.3721016]}}, {"type": "Feature", "properties": {"power": "tower", "telecom": ""}, "geometry": {"type": "Point", "coordinates": [88.5127634, 27.3716727]}}, {"type": "Feature", "properties": {"power": "tower", "telecom": ""}, "geometry": {"type": "Point", "coordinates": [88.5118423, 27.3709296]}}, {"type": "Feature", "properties": {"power": "tower", "telecom": ""}, "geometry": {"type": "Point", "coordinates": [88.5108932, 27.3710742]}}, {"type": "Feature", "properties": {"power": "tower", "telecom": ""}, "geometry": {"type": "Point", "coordinates": [88.5105282, 27.3707301]}}, {"type": "Feature", "properties": {"power": "tower", "telecom": ""}, "geometry": {"type": "Point", "coordinates": [88.5105057, 27.3697476]}}, {"type": "Feature", "properties": {"power": "tower", "telecom": ""}, "geometry": {"type": "Point", "coordinates": [88.5103092, 27.3689546]}}, {"type": "Feature", "properties": {"power": "tower", "telecom": ""}, "geometry": {"type": "Point", "coordinates": [88.5100958, 27.3681367]}}, {"type": "Feature", "properties": {"power": "tower", "telecom": ""}, "geometry": {"type": "Point", "coordinates": [88.5099048, 27.3674085]}}, {"type": "Feature", "properties": {"power": "tower", "telecom": ""}, "geometry": {"type": "Point", "coordinates": [88.509214, 27.3666455]}}, {"type": "Feature", "properties": {"power": "tower", "telecom": ""}, "geometry": {"type": "Point", "coordinates": [88.5922593, 27.5256635]}}, {"type": "Feature", "properties": {"power": "tower", "telecom": ""}, "geometry": {"type": "Point", "coordinates": [88.5922247, 27.5231401]}}, {"type": "Feature", "properties": {"power": "tower", "telecom": ""}, "geometry": {"type": "Point", "coordinates": [88.592385, 27.5224136]}}, {"type": "Feature", "properties": {"power": "tower", "telecom": ""}, "geometry": {"type": "Point", "coordinates": [88.5923811, 27.5198966]}}, {"type": "Feature", "properties": {"power": "tower", "telecom": ""}, "geometry": {"type": "Point", "coordinates": [88.5915877, 27.518638]}}, {"type": "Feature", "properties": {"power": "tower", "telecom": ""}, "geometry": {"type": "Point", "coordinates": [88.5907831, 27.5177031]}}, {"type": "Feature", "properties": {"power": "tower", "telecom": ""}, "geometry": {"type": "Point", "coordinates": [88.5897476, 27.5166394]}}, {"type": "Feature", "properties": {"power": "tower", "telecom": ""}, "geometry": {"type": "Point", "coordinates": [88.5888722, 27.5158729]}}, {"type": "Feature", "properties": {"power": "tower", "telecom": ""}, "geometry": {"type": "Point", "coordinates": [88.5871364, 27.5153906]}}, {"type": "Feature", "properties": {"power": "tower", "telecom": ""}, "geometry": {"type": "Point", "coordinates": [88.5860264, 27.5150735]}}, {"type": "Feature", "properties": {"power": "tower", "telecom": ""}, "geometry": {"type": "Point", "coordinates": [88.5856949, 27.5145978]}}, {"type": "Feature", "properties": {"power": "tower", "telecom": ""}, "geometry": {"type": "Point", "coordinates": [88.5852404, 27.5140626]}}, {"type": "Feature", "properties": {"power": "tower", "telecom": ""}, "geometry": {"type": "Point", "coordinates": [88.5844917, 27.5136397]}}, {"type": "Feature", "properties": {"power": "tower", "telecom": ""}, "geometry": {"type": "Point", "coordinates": [88.5839852, 27.51333]}}, {"type": "Feature", "properties": {"power": "tower", "telecom": ""}, "geometry": {"type": "Point", "coordinates": [88.5282735, 27.3870391]}}, {"type": "Feature", "properties": {"power": "tower", "telecom": ""}, "geometry": {"type": "Point", "coordinates": [88.5270212, 27.3862022]}}, {"type": "Feature", "properties": {"power": "tower", "telecom": ""}, "geometry": {"type": "Point", "coordinates": [88.5251958, 27.3847228]}}, {"type": "Feature", "properties": {"power": "tower", "telecom": ""}, "geometry": {"type": "Point", "coordinates": [88.5243907, 27.3840615]}}, {"type": "Feature", "properties": {"power": "tower", "telecom": ""}, "geometry": {"type": "Point", "coordinates": [88.5227935, 27.3812899]}}, {"type": "Feature", "properties": {"power": "tower", "telecom": ""}, "geometry": {"type": "Point", "coordinates": [88.5225518, 27.3808552]}}, {"type": "Feature", "properties": {"power": "tower", "telecom": ""}, "geometry": {"type": "Point", "coordinates": [88.5216103, 27.3790466]}}, {"type": "Feature", "properties": {"power": "tower", "telecom": ""}, "geometry": {"type": "Point", "coordinates": [88.519974, 27.3773219]}}, {"type": "Feature", "properties": {"power": "tower", "telecom": ""}, "geometry": {"type": "Point", "coordinates": [88.5187423, 27.3760208]}}, {"type": "Feature", "properties": {"power": "tower", "telecom": ""}, "geometry": {"type": "Point", "coordinates": [88.5179643, 27.3740381]}}, {"type": "Feature", "properties": {"power": "tower", "telecom": ""}, "geometry": {"type": "Point", "coordinates": [88.5180162, 27.3729098]}}, {"type": "Feature", "properties": {"power": "tower", "telecom": ""}, "geometry": {"type": "Point", "coordinates": [88.5182848, 27.3704757]}}, {"type": "Feature", "properties": {"power": "tower", "telecom": ""}, "geometry": {"type": "Point", "coordinates": [88.5182544, 27.3693181]}}, {"type": "Feature", "properties": {"power": "tower", "telecom": ""}, "geometry": {"type": "Point", "coordinates": [88.5168558, 27.3682853]}}, {"type": "Feature", "properties": {"power": "tower", "telecom": ""}, "geometry": {"type": "Point", "coordinates": [88.5158259, 27.3681098]}}, {"type": "Feature", "properties": {"power": "tower", "telecom": ""}, "geometry": {"type": "Point", "coordinates": [88.5147351, 27.3687039]}}, {"type": "Feature", "properties": {"power": "tower", "telecom": ""}, "geometry": {"type": "Point", "coordinates": [88.5125765, 27.369227]}}, {"type": "Feature", "properties": {"power": "tower", "telecom": ""}, "geometry": {"type": "Point", "coordinates": [88.5118088, 27.3689907]}}, {"type": "Feature", "properties": {"power": "tower", "telecom": ""}, "geometry": {"type": "Point", "coordinates": [88.5111133, 27.3682955]}}, {"type": "Feature", "properties": {"power": "tower", "telecom": ""}, "geometry": {"type": "Point", "coordinates": [88.5102924, 27.3669353]}}, {"type": "Feature", "properties": {"power": "tower", "telecom": ""}, "geometry": {"type": "Point", "coordinates": [88.5093955, 27.3659329]}}, {"type": "Feature", "properties": {"power": "tower", "telecom": ""}, "geometry": {"type": "Point", "coordinates": [88.5084036, 27.3642993]}}, {"type": "Feature", "properties": {"power": "tower", "telecom": ""}, "geometry": {"type": "Point", "coordinates": [88.5076853, 27.3624227]}}, {"type": "Feature", "properties": {"power": "tower", "telecom": ""}, "geometry": {"type": "Point", "coordinates": [88.507328, 27.3618793]}}, {"type": "Feature", "properties": {"power": "tower", "telecom": ""}, "geometry": {"type": "Point", "coordinates": [88.5061727, 27.3605393]}}, {"type": "Feature", "properties": {"power": "tower", "telecom": ""}, "geometry": {"type": "Point", "coordinates": [88.5057166, 27.3594659]}}, {"type": "Feature", "properties": {"power": "tower", "telecom": ""}, "geometry": {"type": "Point", "coordinates": [88.505481, 27.3587706]}}, {"type": "Feature", "properties": {"power": "tower", "telecom": ""}, "geometry": {"type": "Point", "coordinates": [88.5045005, 27.3577546]}}, {"type": "Feature", "properties": {"power": "tower", "telecom": ""}, "geometry": {"type": "Point", "coordinates": [88.5085564, 27.3654227]}}, {"type": "Feature", "properties": {"power": "tower", "telecom": ""}, "geometry": {"type": "Point", "coordinates": [88.5078125, 27.3638083]}}, {"type": "Feature", "properties": {"power": "tower", "telecom": ""}, "geometry": {"type": "Point", "coordinates": [88.5072923, 27.3625564]}}, {"type": "Feature", "properties": {"power": "tower", "telecom": ""}, "geometry": {"type": "Point", "coordinates": [88.5061736, 27.3617517]}}, {"type": "Feature", "properties": {"power": "tower", "telecom": ""}, "geometry": {"type": "Point", "coordinates": [88.5058156, 27.3606836]}}, {"type": "Feature", "properties": {"power": "tower", "telecom": ""}, "geometry": {"type": "Point", "coordinates": [88.5051891, 27.3601421]}}, {"type": "Feature", "properties": {"power": "tower", "telecom": ""}, "geometry": {"type": "Point", "coordinates": [88.5048927, 27.3594914]}}, {"type": "Feature", "properties": {"power": "tower", "telecom": ""}, "geometry": {"type": "Point", "coordinates": [88.5048032, 27.3586667]}}, {"type": "Feature", "properties": {"power": "tower", "telecom": ""}, "geometry": {"type": "Point", "coordinates": [88.5039922, 27.3578222]}}, {"type": "Feature", "properties": {"power": "tower", "telecom": ""}, "geometry": {"type": "Point", "coordinates": [88.5959203, 27.52761]}}, {"type": "Feature", "properties": {"power": "tower", "telecom": ""}, "geometry": {"type": "Point", "coordinates": [88.5923453, 27.5264479]}}, {"type": "Feature", "properties": {"power": "tower", "telecom": ""}, "geometry": {"type": "Point", "coordinates": [88.5929862, 27.5268474]}}, {"type": "Feature", "properties": {"power": "tower", "telecom": ""}, "geometry": {"type": "Point", "coordinates": [88.5939864, 27.5269091]}}, {"type": "Feature", "properties": {"power": "tower", "telecom": ""}, "geometry": {"type": "Point", "coordinates": [88.5451636, 27.5108929]}}, {"type": "Feature", "properties": {"power": "tower", "telecom": ""}, "geometry": {"type": "Point", "coordinates": [88.5455834, 27.514124]}}, {"type": "Feature", "properties": {"power": "tower", "telecom": ""}, "geometry": {"type": "Point", "coordinates": [88.5459655, 27.5161672]}}, {"type": "Feature", "properties": {"power": "tower", "telecom": ""}, "geometry": {"type": "Point", "coordinates": [88.5467981, 27.5172002]}}, {"type": "Feature", "properties": {"power": "tower", "telecom": ""}, "geometry": {"type": "Point", "coordinates": [88.5486659, 27.5226212]}}, {"type": "Feature", "properties": {"power": "tower", "telecom": ""}, "geometry": {"type": "Point", "coordinates": [88.5362157, 27.5172329]}}, {"type": "Feature", "properties": {"power": "tower", "telecom": ""}, "geometry": {"type": "Point", "coordinates": [88.5355384, 27.5163244]}}, {"type": "Feature", "properties": {"power": "tower", "telecom": ""}, "geometry": {"type": "Point", "coordinates": [88.535188, 27.5157177]}}, {"type": "Feature", "properties": {"power": "tower", "telecom": ""}, "geometry": {"type": "Point", "coordinates": [88.5341002, 27.514457]}}, {"type": "Feature", "properties": {"power": "tower", "telecom": ""}, "geometry": {"type": "Point", "coordinates": [88.533603, 27.5129122]}}, {"type": "Feature", "properties": {"power": "tower", "telecom": ""}, "geometry": {"type": "Point", "coordinates": [88.5320181, 27.510157]}}, {"type": "Feature", "properties": {"power": "tower", "telecom": ""}, "geometry": {"type": "Point", "coordinates": [88.5311672, 27.5088252]}}, {"type": "Feature", "properties": {"power": "tower", "telecom": ""}, "geometry": {"type": "Point", "coordinates": [88.5397009, 27.5200623]}}, {"type": "Feature", "properties": {"power": "tower", "telecom": ""}, "geometry": {"type": "Point", "coordinates": [88.5408855, 27.5210743]}}, {"type": "Feature", "properties": {"power": "tower", "telecom": ""}, "geometry": {"type": "Point", "coordinates": [88.5462063, 27.523074]}}, {"type": "Feature", "properties": {"power": "tower", "telecom": ""}, "geometry": {"type": "Point", "coordinates": [88.5471923, 27.5227775]}}, {"type": "Feature", "properties": {"power": "tower", "telecom": ""}, "geometry": {"type": "Point", "coordinates": [88.5499011, 27.4918607]}}, {"type": "Feature", "properties": {"power": "tower", "telecom": ""}, "geometry": {"type": "Point", "coordinates": [88.5448351, 27.4904671]}}, {"type": "Feature", "properties": {"power": "tower", "telecom": ""}, "geometry": {"type": "Point", "coordinates": [88.5443067, 27.4914186]}}, {"type": "Feature", "properties": {"power": "tower", "telecom": ""}, "geometry": {"type": "Point", "coordinates": [88.5436712, 27.4892656]}}, {"type": "Feature", "properties": {"power": "tower", "telecom": ""}, "geometry": {"type": "Point", "coordinates": [88.5450525, 27.4927141]}}, {"type": "Feature", "properties": {"power": "tower", "telecom": ""}, "geometry": {"type": "Point", "coordinates": [88.5443566, 27.4917116]}}, {"type": "Feature", "properties": {"power": "tower", "telecom": ""}, "geometry": {"type": "Point", "coordinates": [88.5459469, 27.4923204]}}, {"type": "Feature", "properties": {"power": "tower", "telecom": ""}, "geometry": {"type": "Point", "coordinates": [88.5464965, 27.49181]}}, {"type": "Feature", "properties": {"power": "tower", "telecom": ""}, "geometry": {"type": "Point", "coordinates": [88.5041642, 27.374435]}}, {"type": "Feature", "properties": {"power": "tower", "telecom": ""}, "geometry": {"type": "Point", "coordinates": [88.5110521, 27.3782983]}}, {"type": "Feature", "properties": {"power": "tower", "telecom": ""}, "geometry": {"type": "Point", "coordinates": [88.5293367, 27.4005347]}}, {"type": "Feature", "properties": {"power": "tower", "telecom": ""}, "geometry": {"type": "Point", "coordinates": [88.5161141, 27.4337285]}}, {"type": "Feature", "properties": {"power": "tower", "telecom": ""}, "geometry": {"type": "Point", "coordinates": [88.5163287, 27.4348903]}}, {"type": "Feature", "properties": {"power": "tower", "telecom": ""}, "geometry": {"type": "Point", "coordinates": [88.4208749, 27.2159882]}}, {"type": "Feature", "properties": {"power": "tower", "telecom": ""}, "geometry": {"type": "Point", "coordinates": [88.4243722, 27.2137618]}}, {"type": "Feature", "properties": {"power": "tower", "telecom": ""}, "geometry": {"type": "Point", "coordinates": [88.4270616, 27.212937]}}, {"type": "Feature", "properties": {"power": "tower", "telecom": ""}, "geometry": {"type": "Point", "coordinates": [88.4292522, 27.2118137]}}, {"type": "Feature", "properties": {"power": "tower", "telecom": ""}, "geometry": {"type": "Point", "coordinates": [88.4115992, 27.1607607]}}, {"type": "Feature", "properties": {"power": "tower", "telecom": ""}, "geometry": {"type": "Point", "coordinates": [88.4129369, 27.1616936]}}, {"type": "Feature", "properties": {"power": "tower", "telecom": ""}, "geometry": {"type": "Point", "coordinates": [88.3518058, 27.1857763]}}, {"type": "Feature", "properties": {"power": "tower", "telecom": ""}, "geometry": {"type": "Point", "coordinates": [88.403974, 27.2345367]}}, {"type": "Feature", "properties": {"power": "tower", "telecom": ""}, "geometry": {"type": "Point", "coordinates": [88.4058399, 27.2331563]}}, {"type": "Feature", "properties": {"power": "tower", "telecom": ""}, "geometry": {"type": "Point", "coordinates": [88.4089016, 27.2314196]}}, {"type": "Feature", "properties": {"power": "tower", "telecom": ""}, "geometry": {"type": "Point", "coordinates": [88.4137592, 27.223304]}}, {"type": "Feature", "properties": {"power": "tower", "telecom": ""}, "geometry": {"type": "Point", "coordinates": [88.415979, 27.2185051]}}, {"type": "Feature", "properties": {"power": "tower", "telecom": ""}, "geometry": {"type": "Point", "coordinates": [88.3969619, 27.2329026]}}, {"type": "Feature", "properties": {"power": "tower", "telecom": ""}, "geometry": {"type": "Point", "coordinates": [88.4308326, 27.210256]}}, {"type": "Feature", "properties": {"power": "tower", "telecom": ""}, "geometry": {"type": "Point", "coordinates": [88.3850205, 27.2314219]}}, {"type": "Feature", "properties": {"power": "tower", "telecom": ""}, "geometry": {"type": "Point", "coordinates": [88.3867559, 27.2307064]}}, {"type": "Feature", "properties": {"power": "tower", "telecom": ""}, "geometry": {"type": "Point", "coordinates": [88.3881935, 27.229753]}}, {"type": "Feature", "properties": {"power": "tower", "telecom": ""}, "geometry": {"type": "Point", "coordinates": [88.3908811, 27.230521]}}, {"type": "Feature", "properties": {"power": "tower", "telecom": ""}, "geometry": {"type": "Point", "coordinates": [88.3929076, 27.2309842]}}, {"type": "Feature", "properties": {"power": "tower", "telecom": ""}, "geometry": {"type": "Point", "coordinates": [88.3992576, 27.2347703]}}, {"type": "Feature", "properties": {"power": "tower", "telecom": ""}, "geometry": {"type": "Point", "coordinates": [88.4110486, 27.2289606]}}, {"type": "Feature", "properties": {"power": "tower", "telecom": ""}, "geometry": {"type": "Point", "coordinates": [88.4121323, 27.2271289]}}, {"type": "Feature", "properties": {"power": "tower", "telecom": ""}, "geometry": {"type": "Point", "coordinates": [88.4131086, 27.2253354]}}, {"type": "Feature", "properties": {"power": "tower", "telecom": ""}, "geometry": {"type": "Point", "coordinates": [88.4144282, 27.2211853]}}, {"type": "Feature", "properties": {"power": "tower", "telecom": ""}, "geometry": {"type": "Point", "coordinates": [88.4191945, 27.216174]}}, {"type": "Feature", "properties": {"power": "tower", "telecom": ""}, "geometry": {"type": "Point", "coordinates": [88.4219599, 27.2604856]}}, {"type": "Feature", "properties": {"power": "tower", "telecom": ""}, "geometry": {"type": "Point", "coordinates": [88.3627287, 27.1322005]}}, {"type": "Feature", "properties": {"power": "tower", "telecom": ""}, "geometry": {"type": "Point", "coordinates": [88.4796247, 27.1516318]}}, {"type": "Feature", "properties": {"power": "tower", "telecom": ""}, "geometry": {"type": "Point", "coordinates": [88.4817275, 27.1506055]}}, {"type": "Feature", "properties": {"power": "tower", "telecom": ""}, "geometry": {"type": "Point", "coordinates": [88.4809658, 27.150806]}}, {"type": "Feature", "properties": {"power": "tower", "telecom": ""}, "geometry": {"type": "Point", "coordinates": [88.4801316, 27.1513275]}}, {"type": "Feature", "properties": {"power": "tower", "telecom": ""}, "geometry": {"type": "Point", "coordinates": [88.4801249, 27.1511628]}}, {"type": "Feature", "properties": {"power": "tower", "telecom": ""}, "geometry": {"type": "Point", "coordinates": [88.3808764, 27.149181]}}, {"type": "Feature", "properties": {"power": "tower", "telecom": ""}, "geometry": {"type": "Point", "coordinates": [88.3361024, 27.1259916]}}, {"type": "Feature", "properties": {"power": "tower", "telecom": ""}, "geometry": {"type": "Point", "coordinates": [88.3360722, 27.1273798]}}, {"type": "Feature", "properties": {"power": "tower", "telecom": ""}, "geometry": {"type": "Point", "coordinates": [88.3353031, 27.1272688]}}, {"type": "Feature", "properties": {"power": "tower", "telecom": ""}, "geometry": {"type": "Point", "coordinates": [88.3514768, 27.1211217]}}, {"type": "Feature", "properties": {"power": "tower", "telecom": ""}, "geometry": {"type": "Point", "coordinates": [88.3485585, 27.122258]}}, {"type": "Feature", "properties": {"power": "tower", "telecom": ""}, "geometry": {"type": "Point", "coordinates": [88.3455276, 27.1239816]}}, {"type": "Feature", "properties": {"power": "tower", "telecom": ""}, "geometry": {"type": "Point", "coordinates": [88.4291147, 27.228684]}}, {"type": "Feature", "properties": {"power": "tower", "telecom": ""}, "geometry": {"type": "Point", "coordinates": [88.3495831, 27.121931]}}, {"type": "Feature", "properties": {"power": "tower", "telecom": ""}, "geometry": {"type": "Point", "coordinates": [88.3745451, 27.1762067]}}, {"type": "Feature", "properties": {"power": "tower", "telecom": ""}, "geometry": {"type": "Point", "coordinates": [88.9132266, 27.4915934]}}, {"type": "Feature", "properties": {"power": "tower", "telecom": ""}, "geometry": {"type": "Point", "coordinates": [88.9153894, 27.4907756]}}, {"type": "Feature", "properties": {"power": "tower", "telecom": ""}, "geometry": {"type": "Point", "coordinates": [88.916057, 27.4915607]}}, {"type": "Feature", "properties": {"power": "tower", "telecom": ""}, "geometry": {"type": "Point", "coordinates": [88.9138993, 27.4889698]}}, {"type": "Feature", "properties": {"power": "tower", "telecom": ""}, "geometry": {"type": "Point", "coordinates": [88.9129159, 27.4877325]}}, {"type": "Feature", "properties": {"power": "tower", "telecom": ""}, "geometry": {"type": "Point", "coordinates": [88.9101515, 27.4842863]}}, {"type": "Feature", "properties": {"power": "tower", "telecom": ""}, "geometry": {"type": "Point", "coordinates": [88.9104376, 27.4835618]}}, {"type": "Feature", "properties": {"power": "tower", "telecom": ""}, "geometry": {"type": "Point", "coordinates": [88.9127264, 27.478496]}}, {"type": "Feature", "properties": {"power": "pole", "telecom": ""}, "geometry": {"type": "Point", "coordinates": [88.8780517, 27.4527741]}}, {"type": "Feature", "properties": {"power": "pole", "telecom": ""}, "geometry": {"type": "Point", "coordinates": [88.8784636, 27.4527906]}}, {"type": "Feature", "properties": {"power": "pole", "telecom": ""}, "geometry": {"type": "Point", "coordinates": [88.8788172, 27.4528082]}}, {"type": "Feature", "properties": {"power": "pole", "telecom": ""}, "geometry": {"type": "Point", "coordinates": [88.8791761, 27.4528188]}}, {"type": "Feature", "properties": {"power": "tower", "telecom": ""}, "geometry": {"type": "Point", "coordinates": [87.9993637, 28.1999794]}}, {"type": "Feature", "properties": {"power": "tower", "telecom": ""}, "geometry": {"type": "Point", "coordinates": [87.9975081, 28.1996511]}}, {"type": "Feature", "properties": {"power": "tower", "telecom": ""}, "geometry": {"type": "Point", "coordinates": [87.9953182, 28.1992637]}}, {"type": "Feature", "properties": {"power": "tower", "telecom": ""}, "geometry": {"type": "Point", "coordinates": [87.9931501, 28.1988801]}}, {"type": "Feature", "properties": {"power": "tower", "telecom": ""}, "geometry": {"type": "Point", "coordinates": [87.991114, 28.1985199]}}, {"type": "Feature", "properties": {"power": "tower", "telecom": ""}, "geometry": {"type": "Point", "coordinates": [87.9886276, 28.1981086]}}, {"type": "Feature", "properties": {"power": "tower", "telecom": ""}, "geometry": {"type": "Point", "coordinates": [87.9864684, 28.1977138]}}, {"type": "Feature", "properties": {"power": "tower", "telecom": ""}, "geometry": {"type": "Point", "coordinates": [87.9843762, 28.1972387]}}, {"type": "Feature", "properties": {"power": "tower", "telecom": ""}, "geometry": {"type": "Point", "coordinates": [87.9819192, 28.1966954]}}, {"type": "Feature", "properties": {"power": "tower", "telecom": ""}, "geometry": {"type": "Point", "coordinates": [87.9797833, 28.1962232]}}, {"type": "Feature", "properties": {"power": "tower", "telecom": ""}, "geometry": {"type": "Point", "coordinates": [87.9776109, 28.1957429]}}, {"type": "Feature", "properties": {"power": "tower", "telecom": ""}, "geometry": {"type": "Point", "coordinates": [87.9754327, 28.1952613]}}, {"type": "Feature", "properties": {"power": "tower", "telecom": ""}, "geometry": {"type": "Point", "coordinates": [87.9732508, 28.1947789]}}, {"type": "Feature", "properties": {"power": "tower", "telecom": ""}, "geometry": {"type": "Point", "coordinates": [87.9710544, 28.1942933]}}, {"type": "Feature", "properties": {"power": "tower", "telecom": ""}, "geometry": {"type": "Point", "coordinates": [87.968798, 28.1937944]}}, {"type": "Feature", "properties": {"power": "tower", "telecom": ""}, "geometry": {"type": "Point", "coordinates": [87.9667112, 28.1933358]}}, {"type": "Feature", "properties": {"power": "tower", "telecom": ""}, "geometry": {"type": "Point", "coordinates": [87.9642154, 28.192785]}}, {"type": "Feature", "properties": {"power": "tower", "telecom": ""}, "geometry": {"type": "Point", "coordinates": [87.9617089, 28.1928748]}}, {"type": "Feature", "properties": {"power": "tower", "telecom": ""}, "geometry": {"type": "Point", "coordinates": [87.9539509, 28.1931644]}}, {"type": "Feature", "properties": {"power": "tower", "telecom": ""}, "geometry": {"type": "Point", "coordinates": [87.9468183, 28.1934142]}}, {"type": "Feature", "properties": {"power": "tower", "telecom": ""}, "geometry": {"type": "Point", "coordinates": [87.949098, 28.1933344]}}, {"type": "Feature", "properties": {"power": "tower", "telecom": ""}, "geometry": {"type": "Point", "coordinates": [87.951544, 28.1932487]}}, {"type": "Feature", "properties": {"power": "tower", "telecom": ""}, "geometry": {"type": "Point", "coordinates": [87.9570569, 28.1930556]}}, {"type": "Feature", "properties": {"power": "tower", "telecom": ""}, "geometry": {"type": "Point", "coordinates": [87.9591796, 28.1929812]}}, {"type": "Feature", "properties": {"power": "tower", "telecom": ""}, "geometry": {"type": "Point", "coordinates": [87.9446715, 28.1934895]}}, {"type": "Feature", "properties": {"power": "tower", "telecom": ""}, "geometry": {"type": "Point", "coordinates": [87.9424453, 28.193532]}}, {"type": "Feature", "properties": {"power": "tower", "telecom": ""}, "geometry": {"type": "Point", "coordinates": [87.9401681, 28.1932956]}}, {"type": "Feature", "properties": {"power": "tower", "telecom": ""}, "geometry": {"type": "Point", "coordinates": [87.9378372, 28.1929481]}}, {"type": "Feature", "properties": {"power": "tower", "telecom": ""}, "geometry": {"type": "Point", "coordinates": [87.9356888, 28.1925628]}}, {"type": "Feature", "properties": {"power": "tower", "telecom": ""}, "geometry": {"type": "Point", "coordinates": [87.9335328, 28.1922267]}}, {"type": "Feature", "properties": {"power": "tower", "telecom": ""}, "geometry": {"type": "Point", "coordinates": [87.9313405, 28.1918849]}}, {"type": "Feature", "properties": {"power": "tower", "telecom": ""}, "geometry": {"type": "Point", "coordinates": [87.9292214, 28.1915546]}}, {"type": "Feature", "properties": {"power": "tower", "telecom": ""}, "geometry": {"type": "Point", "coordinates": [87.9270456, 28.1912154]}}, {"type": "Feature", "properties": {"power": "tower", "telecom": ""}, "geometry": {"type": "Point", "coordinates": [87.9248517, 28.1908734]}}, {"type": "Feature", "properties": {"power": "tower", "telecom": ""}, "geometry": {"type": "Point", "coordinates": [87.9226792, 28.1905347]}}, {"type": "Feature", "properties": {"power": "tower", "telecom": ""}, "geometry": {"type": "Point", "coordinates": [87.9205141, 28.1901972]}}, {"type": "Feature", "properties": {"power": "tower", "telecom": ""}, "geometry": {"type": "Point", "coordinates": [87.9183151, 28.1898544]}}, {"type": "Feature", "properties": {"power": "tower", "telecom": ""}, "geometry": {"type": "Point", "coordinates": [87.9161035, 28.1895096]}}, {"type": "Feature", "properties": {"power": "tower", "telecom": ""}, "geometry": {"type": "Point", "coordinates": [87.9140025, 28.1891821]}}, {"type": "Feature", "properties": {"power": "tower", "telecom": ""}, "geometry": {"type": "Point", "coordinates": [87.9117815, 28.1888359]}}, {"type": "Feature", "properties": {"power": "tower", "telecom": ""}, "geometry": {"type": "Point", "coordinates": [87.9096363, 28.1885014]}}, {"type": "Feature", "properties": {"power": "tower", "telecom": ""}, "geometry": {"type": "Point", "coordinates": [87.9074871, 28.1881664]}}, {"type": "Feature", "properties": {"power": "tower", "telecom": ""}, "geometry": {"type": "Point", "coordinates": [87.9053319, 28.1878304]}}, {"type": "Feature", "properties": {"power": "tower", "telecom": ""}, "geometry": {"type": "Point", "coordinates": [87.9031827, 28.1874954]}}, {"type": "Feature", "properties": {"power": "tower", "telecom": ""}, "geometry": {"type": "Point", "coordinates": [87.9010314, 28.18716]}}, {"type": "Feature", "properties": {"power": "tower", "telecom": ""}, "geometry": {"type": "Point", "coordinates": [88.7443438, 28.198172]}}, {"type": "Feature", "properties": {"power": "tower", "telecom": ""}, "geometry": {"type": "Point", "coordinates": [88.7507215, 28.1969245]}}, {"type": "Feature", "properties": {"power": "tower", "telecom": ""}, "geometry": {"type": "Point", "coordinates": [88.754872, 28.1977482]}}, {"type": "Feature", "properties": {"power": "tower", "telecom": ""}, "geometry": {"type": "Point", "coordinates": [88.761649, 28.19909]}}, {"type": "Feature", "properties": {"power": "tower", "telecom": ""}, "geometry": {"type": "Point", "coordinates": [88.7651618, 28.1997841]}}, {"type": "Feature", "properties": {"power": "tower", "telecom": ""}, "geometry": {"type": "Point", "coordinates": [88.7581533, 28.1983993]}}, {"type": "Feature", "properties": {"power": "tower", "telecom": ""}, "geometry": {"type": "Point", "coordinates": [88.7477303, 28.1963309]}}, {"type": "Feature", "properties": {"power": "tower", "telecom": ""}, "geometry": {"type": "Point", "coordinates": [88.3257777, 28.1983178]}}, {"type": "Feature", "properties": {"power": "tower", "telecom": ""}, "geometry": {"type": "Point", "coordinates": [88.3256298, 28.1974909]}}, {"type": "Feature", "properties": {"power": "tower", "telecom": ""}, "geometry": {"type": "Point", "coordinates": [88.3254732, 28.196616]}}, {"type": "Feature", "properties": {"power": "tower", "telecom": ""}, "geometry": {"type": "Point", "coordinates": [88.325314, 28.1957257]}}, {"type": "Feature", "properties": {"power": "tower", "telecom": ""}, "geometry": {"type": "Point", "coordinates": [88.3251873, 28.1950179]}}, {"type": "Feature", "properties": {"power": "tower", "telecom": ""}, "geometry": {"type": "Point", "coordinates": [88.32506, 28.1943061]}}, {"type": "Feature", "properties": {"power": "tower", "telecom": ""}, "geometry": {"type": "Point", "coordinates": [88.3249069, 28.1934505]}}, {"type": "Feature", "properties": {"power": "tower", "telecom": ""}, "geometry": {"type": "Point", "coordinates": [88.3247701, 28.1926856]}}, {"type": "Feature", "properties": {"power": "tower", "telecom": ""}, "geometry": {"type": "Point", "coordinates": [88.3246177, 28.1918341]}}, {"type": "Feature", "properties": {"power": "tower", "telecom": ""}, "geometry": {"type": "Point", "coordinates": [88.3244704, 28.1910106]}}, {"type": "Feature", "properties": {"power": "tower", "telecom": ""}, "geometry": {"type": "Point", "coordinates": [88.3243092, 28.1901092]}}, {"type": "Feature", "properties": {"power": "tower", "telecom": ""}, "geometry": {"type": "Point", "coordinates": [88.3241523, 28.1892322]}}, {"type": "Feature", "properties": {"power": "tower", "telecom": ""}, "geometry": {"type": "Point", "coordinates": [88.3240786, 28.1888206]}}, {"type": "Feature", "properties": {"power": "tower", "telecom": ""}, "geometry": {"type": "Point", "coordinates": [88.3239032, 28.1878397]}}, {"type": "Feature", "properties": {"power": "tower", "telecom": ""}, "geometry": {"type": "Point", "coordinates": [88.3231163, 28.1838502]}}, {"type": "Feature", "properties": {"power": "tower", "telecom": ""}, "geometry": {"type": "Point", "coordinates": [88.3225949, 28.1813471]}}, {"type": "Feature", "properties": {"power": "tower", "telecom": ""}, "geometry": {"type": "Point", "coordinates": [88.3236348, 28.1863394]}}, {"type": "Feature", "properties": {"power": "tower", "telecom": ""}, "geometry": {"type": "Point", "coordinates": [88.3202781, 28.1774785]}}, {"type": "Feature", "properties": {"power": "tower", "telecom": ""}, "geometry": {"type": "Point", "coordinates": [88.3190926, 28.1766249]}}, {"type": "Feature", "properties": {"power": "tower", "telecom": ""}, "geometry": {"type": "Point", "coordinates": [88.3174087, 28.1754123]}}, {"type": "Feature", "properties": {"power": "tower", "telecom": ""}, "geometry": {"type": "Point", "coordinates": [88.3153126, 28.1728593]}}, {"type": "Feature", "properties": {"power": "tower", "telecom": ""}, "geometry": {"type": "Point", "coordinates": [88.3158892, 28.1743182]}}, {"type": "Feature", "properties": {"power": "tower", "telecom": ""}, "geometry": {"type": "Point", "coordinates": [88.3220556, 28.1787585]}}, {"type": "Feature", "properties": {"power": "tower", "telecom": ""}, "geometry": {"type": "Point", "coordinates": [88.3259395, 28.199222]}}, {"type": "Feature", "properties": {"power": "tower", "telecom": ""}, "geometry": {"type": "Point", "coordinates": [88.3237883, 28.1999453]}}, {"type": "Feature", "properties": {"power": "transformer", "telecom": ""}, "geometry": {"type": "Point", "coordinates": [88.4837559, 27.1967823]}}, {"type": "Feature", "properties": {"power": "transformer", "telecom": ""}, "geometry": {"type": "Point", "coordinates": [88.4837693, 27.1971759]}}, {"type": "Feature", "properties": {"power": "transformer", "telecom": ""}, "geometry": {"type": "Point", "coordinates": [88.4831444, 27.1966105]}}, {"type": "Feature", "properties": {"power": "transformer", "telecom": ""}, "geometry": {"type": "Point", "coordinates": [88.4837695, 27.1986575]}}, {"type": "Feature", "properties": {"power": "transformer", "telecom": ""}, "geometry": {"type": "Point", "coordinates": [88.4837642, 27.1982567]}}, {"type": "Feature", "properties": {"power": "transformer", "telecom": ""}, "geometry": {"type": "Point", "coordinates": [88.4837561, 27.197844]}}, {"type": "Feature", "properties": {"power": "tower", "telecom": ""}, "geometry": {"type": "Point", "coordinates": [88.4819081, 27.1963819]}}, {"type": "Feature", "properties": {"power": "transformer", "telecom": ""}, "geometry": {"type": "Point", "coordinates": [88.4831311, 27.1964798]}}, {"type": "Feature", "properties": {"power": "tower", "telecom": ""}, "geometry": {"type": "Point", "coordinates": [88.4819394, 27.197274]}}, {"type": "Feature", "properties": {"power": "tower", "telecom": ""}, "geometry": {"type": "Point", "coordinates": [88.4816775, 27.1997552]}}, {"type": "Feature", "properties": {"power": "tower", "telecom": ""}, "geometry": {"type": "Point", "coordinates": [88.4807921, 27.2000696]}}, {"type": "Feature", "properties": {"power": "tower", "telecom": ""}, "geometry": {"type": "Point", "coordinates": [88.4821599, 27.1996977]}}, {"type": "Feature", "properties": {"power": "tower", "telecom": ""}, "geometry": {"type": "Point", "coordinates": [88.4559725, 27.204415]}}, {"type": "Feature", "properties": {"power": "tower", "telecom": ""}, "geometry": {"type": "Point", "coordinates": [88.4544973, 27.2043196]}}, {"type": "Feature", "properties": {"power": "tower", "telecom": ""}, "geometry": {"type": "Point", "coordinates": [88.4584669, 27.2041192]}}, {"type": "Feature", "properties": {"power": "tower", "telecom": ""}, "geometry": {"type": "Point", "coordinates": [88.4601889, 27.2045247]}}, {"type": "Feature", "properties": {"power": "tower", "telecom": ""}, "geometry": {"type": "Point", "coordinates": [88.4619806, 27.2044579]}}, {"type": "Feature", "properties": {"power": "tower", "telecom": ""}, "geometry": {"type": "Point", "coordinates": [88.5309112, 27.4784351]}}, {"type": "Feature", "properties": {"power": "tower", "telecom": ""}, "geometry": {"type": "Point", "coordinates": [88.5311687, 27.4791347]}}, {"type": "Feature", "properties": {"power": "tower", "telecom": ""}, "geometry": {"type": "Point", "coordinates": [88.5316944, 27.4798343]}}, {"type": "Feature", "properties": {"power": "tower", "telecom": ""}, "geometry": {"type": "Point", "coordinates": [88.5326064, 27.4807338]}}, {"type": "Feature", "properties": {"power": "tower", "telecom": ""}, "geometry": {"type": "Point", "coordinates": [88.5342371, 27.4811954]}}, {"type": "Feature", "properties": {"power": "tower", "telecom": ""}, "geometry": {"type": "Point", "coordinates": [88.5343552, 27.4816428]}}, {"type": "Feature", "properties": {"power": "tower", "telecom": ""}, "geometry": {"type": "Point", "coordinates": [88.5354763, 27.482033]}}, {"type": "Feature", "properties": {"power": "tower", "telecom": ""}, "geometry": {"type": "Point", "coordinates": [88.5355675, 27.4822424]}}, {"type": "Feature", "properties": {"power": "tower", "telecom": ""}, "geometry": {"type": "Point", "coordinates": [88.5361147, 27.4844458]}}, {"type": "Feature", "properties": {"power": "tower", "telecom": ""}, "geometry": {"type": "Point", "coordinates": [88.5375094, 27.4851835]}}, {"type": "Feature", "properties": {"power": "tower", "telecom": ""}, "geometry": {"type": "Point", "coordinates": [88.5402238, 27.4879389]}}, {"type": "Feature", "properties": {"power": "tower", "telecom": ""}, "geometry": {"type": "Point", "coordinates": [88.5427237, 27.4883624]}}, {"type": "Feature", "properties": {"power": "tower", "telecom": ""}, "geometry": {"type": "Point", "coordinates": [88.5569072, 27.5229915]}}, {"type": "Feature", "properties": {"power": "tower", "telecom": ""}, "geometry": {"type": "Point", "coordinates": [88.5552657, 27.52302]}}, {"type": "Feature", "properties": {"power": "tower", "telecom": ""}, "geometry": {"type": "Point", "coordinates": [88.5519075, 27.5230296]}}, {"type": "Feature", "properties": {"power": "tower", "telecom": ""}, "geometry": {"type": "Point", "coordinates": [88.5511994, 27.5232722]}}, {"type": "Feature", "properties": {"power": "tower", "telecom": ""}, "geometry": {"type": "Point", "coordinates": [88.5507703, 27.5228345]}}, {"type": "Feature", "properties": {"power": "tower", "telecom": ""}, "geometry": {"type": "Point", "coordinates": [88.5506093, 27.492788]}}, {"type": "Feature", "properties": {"power": "tower", "telecom": ""}, "geometry": {"type": "Point", "coordinates": [88.5510063, 27.4946058]}}, {"type": "Feature", "properties": {"power": "tower", "telecom": ""}, "geometry": {"type": "Point", "coordinates": [88.5508454, 27.4972896]}}, {"type": "Feature", "properties": {"power": "tower", "telecom": ""}, "geometry": {"type": "Point", "coordinates": [88.5490107, 27.5016577]}}, {"type": "Feature", "properties": {"power": "tower", "telecom": ""}, "geometry": {"type": "Point", "coordinates": [88.5481954, 27.5025951]}}, {"type": "Feature", "properties": {"power": "tower", "telecom": ""}, "geometry": {"type": "Point", "coordinates": [88.547337, 27.5036276]}}, {"type": "Feature", "properties": {"power": "tower", "telecom": ""}, "geometry": {"type": "Point", "coordinates": [88.5467684, 27.5045697]}}, {"type": "Feature", "properties": {"power": "tower", "telecom": ""}, "geometry": {"type": "Point", "coordinates": [88.545599, 27.5056926]}}, {"type": "Feature", "properties": {"power": "tower", "telecom": ""}, "geometry": {"type": "Point", "coordinates": [88.5458672, 27.5071771]}}, {"type": "Feature", "properties": {"power": "tower", "telecom": ""}, "geometry": {"type": "Point", "coordinates": [88.6277926, 27.5364158]}}, {"type": "Feature", "properties": {"power": "tower", "telecom": ""}, "geometry": {"type": "Point", "coordinates": [88.6258668, 27.5353503]}}, {"type": "Feature", "properties": {"power": "tower", "telecom": ""}, "geometry": {"type": "Point", "coordinates": [88.6253571, 27.5351172]}}, {"type": "Feature", "properties": {"power": "tower", "telecom": ""}, "geometry": {"type": "Point", "coordinates": [88.6242306, 27.5343894]}}, {"type": "Feature", "properties": {"power": "tower", "telecom": ""}, "geometry": {"type": "Point", "coordinates": [88.6237639, 27.5341135]}}, {"type": "Feature", "properties": {"power": "tower", "telecom": ""}, "geometry": {"type": "Point", "coordinates": [88.6215377, 27.5331907]}}, {"type": "Feature", "properties": {"power": "tower", "telecom": ""}, "geometry": {"type": "Point", "coordinates": [88.6195099, 27.532734]}}, {"type": "Feature", "properties": {"power": "tower", "telecom": ""}, "geometry": {"type": "Point", "coordinates": [88.6184102, 27.5331764]}}, {"type": "Feature", "properties": {"power": "tower", "telecom": ""}, "geometry": {"type": "Point", "coordinates": [88.6164039, 27.5323582]}}, {"type": "Feature", "properties": {"power": "tower", "telecom": ""}, "geometry": {"type": "Point", "coordinates": [88.6148751, 27.5328529]}}, {"type": "Feature", "properties": {"power": "tower", "telecom": ""}, "geometry": {"type": "Point", "coordinates": [88.6147892, 27.5337377]}}, {"type": "Feature", "properties": {"power": "tower", "telecom": ""}, "geometry": {"type": "Point", "coordinates": [88.6125791, 27.5345939]}}, {"type": "Feature", "properties": {"power": "tower", "telecom": ""}, "geometry": {"type": "Point", "coordinates": [88.6111307, 27.5339137]}}, {"type": "Feature", "properties": {"power": "tower", "telecom": ""}, "geometry": {"type": "Point", "coordinates": [88.6045131, 27.5290526]}}, {"type": "Feature", "properties": {"power": "tower", "telecom": ""}, "geometry": {"type": "Point", "coordinates": [88.6104602, 27.5324771]}}, {"type": "Feature", "properties": {"power": "tower", "telecom": ""}, "geometry": {"type": "Point", "coordinates": [88.5999191, 27.5284052]}}, {"type": "Feature", "properties": {"power": "tower", "telecom": ""}, "geometry": {"type": "Point", "coordinates": [88.5991305, 27.5286525]}}, {"type": "Feature", "properties": {"power": "tower", "telecom": ""}, "geometry": {"type": "Point", "coordinates": [88.5983956, 27.5282054]}}, {"type": "Feature", "properties": {"power": "tower", "telecom": ""}, "geometry": {"type": "Point", "coordinates": [88.5809934, 27.5144185]}}, {"type": "Feature", "properties": {"power": "tower", "telecom": ""}, "geometry": {"type": "Point", "coordinates": [88.5796952, 27.5165499]}}, {"type": "Feature", "properties": {"power": "tower", "telecom": ""}, "geometry": {"type": "Point", "coordinates": [88.5788691, 27.5177203]}}, {"type": "Feature", "properties": {"power": "tower", "telecom": ""}, "geometry": {"type": "Point", "coordinates": [88.5785472, 27.5191475]}}, {"type": "Feature", "properties": {"power": "tower", "telecom": ""}, "geometry": {"type": "Point", "coordinates": [88.5766804, 27.5205843]}}, {"type": "Feature", "properties": {"power": "tower", "telecom": ""}, "geometry": {"type": "Point", "coordinates": [88.5758221, 27.5207746]}}, {"type": "Feature", "properties": {"power": "tower", "telecom": ""}, "geometry": {"type": "Point", "coordinates": [88.570168, 27.5202227]}}, {"type": "Feature", "properties": {"power": "tower", "telecom": ""}, "geometry": {"type": "Point", "coordinates": [88.5691273, 27.5196423]}}, {"type": "Feature", "properties": {"power": "tower", "telecom": ""}, "geometry": {"type": "Point", "coordinates": [88.5676145, 27.5190238]}}, {"type": "Feature", "properties": {"power": "tower", "telecom": ""}, "geometry": {"type": "Point", "coordinates": [88.5660589, 27.5195472]}}, {"type": "Feature", "properties": {"power": "tower", "telecom": ""}, "geometry": {"type": "Point", "coordinates": [88.5642457, 27.5195757]}}, {"type": "Feature", "properties": {"power": "tower", "telecom": ""}, "geometry": {"type": "Point", "coordinates": [88.5630548, 27.5202417]}}, {"type": "Feature", "properties": {"power": "tower", "telecom": ""}, "geometry": {"type": "Point", "coordinates": [88.5611343, 27.5201751]}}, {"type": "Feature", "properties": {"power": "tower", "telecom": ""}, "geometry": {"type": "Point", "coordinates": [88.5473263, 27.5174967]}}, {"type": "Feature", "properties": {"power": "tower", "telecom": ""}, "geometry": {"type": "Point", "coordinates": [88.5493272, 27.5192379]}}, {"type": "Feature", "properties": {"power": "tower", "telecom": ""}, "geometry": {"type": "Point", "coordinates": [88.5494024, 27.5207222]}}, {"type": "Feature", "properties": {"power": "tower", "telecom": ""}, "geometry": {"type": "Point", "coordinates": [88.5498798, 27.5221019]}}, {"type": "Feature", "properties": {"power": "tower", "telecom": ""}, "geometry": {"type": "Point", "coordinates": [88.5505074, 27.5224587]}}, {"type": "Feature", "properties": {"power": "tower", "telecom": ""}, "geometry": {"type": "Point", "coordinates": [88.6364186, 27.540359]}}, {"type": "Feature", "properties": {"power": "tower", "telecom": ""}, "geometry": {"type": "Point", "coordinates": [88.637175, 27.5422426]}}, {"type": "Feature", "properties": {"power": "tower", "telecom": ""}, "geometry": {"type": "Point", "coordinates": [88.6389989, 27.5427896]}}, {"type": "Feature", "properties": {"power": "tower", "telecom": ""}, "geometry": {"type": "Point", "coordinates": [88.6474746, 27.5469324]}}, {"type": "Feature", "properties": {"power": "tower", "telecom": ""}, "geometry": {"type": "Point", "coordinates": [88.6496043, 27.5475697]}}, {"type": "Feature", "properties": {"power": "tower", "telecom": ""}, "geometry": {"type": "Point", "coordinates": [88.6528927, 27.549339]}}, {"type": "Feature", "properties": {"power": "tower", "telecom": ""}, "geometry": {"type": "Point", "coordinates": [88.649556, 27.5718572]}}, {"type": "Feature", "properties": {"power": "tower", "telecom": ""}, "geometry": {"type": "Point", "coordinates": [88.6495346, 27.5705114]}}, {"type": "Feature", "properties": {"power": "tower", "telecom": ""}, "geometry": {"type": "Point", "coordinates": [88.6483973, 27.569199]}}, {"type": "Feature", "properties": {"power": "tower", "telecom": ""}, "geometry": {"type": "Point", "coordinates": [88.6483705, 27.5669117]}}, {"type": "Feature", "properties": {"power": "tower", "telecom": ""}, "geometry": {"type": "Point", "coordinates": [88.4582609, 27.2631178]}}, {"type": "Feature", "properties": {"power": "tower", "telecom": ""}, "geometry": {"type": "Point", "coordinates": [88.4584701, 27.2642813]}}, {"type": "Feature", "properties": {"power": "tower", "telecom": ""}, "geometry": {"type": "Point", "coordinates": [88.4582341, 27.2658549]}}, {"type": "Feature", "properties": {"power": "tower", "telecom": ""}, "geometry": {"type": "Point", "coordinates": [88.4581214, 27.2662602]}}, {"type": "Feature", "properties": {"power": "tower", "telecom": ""}, "geometry": {"type": "Point", "coordinates": [88.4556055, 27.2683821]}}, {"type": "Feature", "properties": {"power": "tower", "telecom": ""}, "geometry": {"type": "Point", "coordinates": [88.4541249, 27.2692118]}}, {"type": "Feature", "properties": {"power": "tower", "telecom": ""}, "geometry": {"type": "Point", "coordinates": [88.4529018, 27.270976]}}, {"type": "Feature", "properties": {"power": "tower", "telecom": ""}, "geometry": {"type": "Point", "coordinates": [88.4530199, 27.2713813]}}, {"type": "Feature", "properties": {"power": "tower", "telecom": ""}, "geometry": {"type": "Point", "coordinates": [88.4530145, 27.2725591]}}, {"type": "Feature", "properties": {"power": "tower", "telecom": ""}, "geometry": {"type": "Point", "coordinates": [88.4532773, 27.2737368]}}, {"type": "Feature", "properties": {"power": "tower", "telecom": ""}, "geometry": {"type": "Point", "coordinates": [88.4531057, 27.2743709]}}, {"type": "Feature", "properties": {"power": "tower", "telecom": ""}, "geometry": {"type": "Point", "coordinates": [88.4529769, 27.2748048]}}, {"type": "Feature", "properties": {"power": "tower", "telecom": ""}, "geometry": {"type": "Point", "coordinates": [88.4528911, 27.2755581]}}, {"type": "Feature", "properties": {"power": "tower", "telecom": ""}, "geometry": {"type": "Point", "coordinates": [88.4527838, 27.276321]}}, {"type": "Feature", "properties": {"power": "tower", "telecom": ""}, "geometry": {"type": "Point", "coordinates": [88.4523922, 27.276979]}}, {"type": "Feature", "properties": {"power": "tower", "telecom": ""}, "geometry": {"type": "Point", "coordinates": [88.4520972, 27.2777371]}}, {"type": "Feature", "properties": {"power": "tower", "telecom": ""}, "geometry": {"type": "Point", "coordinates": [88.4519255, 27.2783235]}}, {"type": "Feature", "properties": {"power": "tower", "telecom": ""}, "geometry": {"type": "Point", "coordinates": [88.4516734, 27.2789243]}}, {"type": "Feature", "properties": {"power": "tower", "telecom": ""}, "geometry": {"type": "Point", "coordinates": [88.4525424, 27.2800638]}}, {"type": "Feature", "properties": {"power": "tower", "telecom": ""}, "geometry": {"type": "Point", "coordinates": [88.4567052, 27.285251]}}, {"type": "Feature", "properties": {"power": "tower", "telecom": ""}, "geometry": {"type": "Point", "coordinates": [88.4554338, 27.2836968]}}, {"type": "Feature", "properties": {"power": "tower", "telecom": ""}, "geometry": {"type": "Point", "coordinates": [88.4542268, 27.2823857]}}, {"type": "Feature", "properties": {"power": "tower", "telecom": ""}, "geometry": {"type": "Point", "coordinates": [88.4529823, 27.281127]}}, {"type": "Feature", "properties": {"power": "tower", "telecom": ""}, "geometry": {"type": "Point", "coordinates": [88.4535885, 27.2820996]}}, {"type": "Feature", "properties": {"power": "tower", "telecom": ""}, "geometry": {"type": "Point", "coordinates": [88.4539291, 27.2826407]}}, {"type": "Feature", "properties": {"power": "tower", "telecom": ""}, "geometry": {"type": "Point", "coordinates": [88.4634054, 27.2848267]}}, {"type": "Feature", "properties": {"power": "tower", "telecom": ""}, "geometry": {"type": "Point", "coordinates": [88.4639203, 27.2855418]}}, {"type": "Feature", "properties": {"power": "tower", "telecom": ""}, "geometry": {"type": "Point", "coordinates": [88.4650201, 27.2864715]}}, {"type": "Feature", "properties": {"power": "tower", "telecom": ""}, "geometry": {"type": "Point", "coordinates": [88.4659427, 27.2877349]}}, {"type": "Feature", "properties": {"power": "tower", "telecom": ""}, "geometry": {"type": "Point", "coordinates": [88.4678042, 27.2885358]}}, {"type": "Feature", "properties": {"power": "tower", "telecom": ""}, "geometry": {"type": "Point", "coordinates": [88.4695262, 27.2892938]}}, {"type": "Feature", "properties": {"power": "tower", "telecom": ""}, "geometry": {"type": "Point", "coordinates": [88.4709692, 27.2898325]}}, {"type": "Feature", "properties": {"power": "tower", "telecom": ""}, "geometry": {"type": "Point", "coordinates": [88.4721386, 27.2923735]}}, {"type": "Feature", "properties": {"power": "tower", "telecom": ""}, "geometry": {"type": "Point", "coordinates": [88.4722674, 27.2938179]}}, {"type": "Feature", "properties": {"power": "tower", "telecom": ""}, "geometry": {"type": "Point", "coordinates": [88.4727126, 27.2948572]}}, {"type": "Feature", "properties": {"power": "tower", "telecom": ""}, "geometry": {"type": "Point", "coordinates": [88.4724712, 27.2956581]}}, {"type": "Feature", "properties": {"power": "tower", "telecom": ""}, "geometry": {"type": "Point", "coordinates": [88.6489606, 27.5660842]}}, {"type": "Feature", "properties": {"power": "tower", "telecom": ""}, "geometry": {"type": "Point", "coordinates": [88.6496794, 27.5657276]}}, {"type": "Feature", "properties": {"power": "tower", "telecom": ""}, "geometry": {"type": "Point", "coordinates": [88.6506289, 27.5658227]}}, {"type": "Feature", "properties": {"power": "tower", "telecom": ""}, "geometry": {"type": "Point", "coordinates": [88.6519003, 27.5660795]}}, {"type": "Feature", "properties": {"power": "tower", "telecom": ""}, "geometry": {"type": "Point", "coordinates": [88.6525279, 27.5653424]}}, {"type": "Feature", "properties": {"power": "tower", "telecom": ""}, "geometry": {"type": "Point", "coordinates": [88.6542392, 27.5619564]}}, {"type": "Feature", "properties": {"power": "tower", "telecom": ""}, "geometry": {"type": "Point", "coordinates": [88.6543733, 27.561419]}}, {"type": "Feature", "properties": {"power": "tower", "telecom": ""}, "geometry": {"type": "Point", "coordinates": [88.6540192, 27.555617]}}, {"type": "Feature", "properties": {"power": "tower", "telecom": ""}, "geometry": {"type": "Point", "coordinates": [88.6561704, 27.551641]}}, {"type": "Feature", "properties": {"power": "tower", "telecom": ""}, "geometry": {"type": "Point", "coordinates": [88.6557734, 27.5509989]}}, {"type": "Feature", "properties": {"power": "tower", "telecom": ""}, "geometry": {"type": "Point", "coordinates": [88.6547059, 27.5502142]}}, {"type": "Feature", "properties": {"power": "tower", "telecom": ""}, "geometry": {"type": "Point", "coordinates": [88.5259652, 27.1821956]}}, {"type": "Feature", "properties": {"power": "tower", "telecom": ""}, "geometry": {"type": "Point", "coordinates": [88.5307503, 27.1822338]}}, {"type": "Feature", "properties": {"power": "tower", "telecom": ""}, "geometry": {"type": "Point", "coordinates": [88.4877652, 27.1936358]}}, {"type": "Feature", "properties": {"power": "tower", "telecom": ""}, "geometry": {"type": "Point", "coordinates": [88.4833342, 27.1941774]}}, {"type": "Feature", "properties": {"power": "tower", "telecom": ""}, "geometry": {"type": "Point", "coordinates": [88.4823552, 27.1942585]}}, {"type": "Feature", "properties": {"power": "tower", "telecom": ""}, "geometry": {"type": "Point", "coordinates": [88.4805822, 27.1965154]}}, {"type": "Feature", "properties": {"power": "tower", "telecom": ""}, "geometry": {"type": "Point", "coordinates": [88.4815907, 27.1970068]}}, {"type": "Feature", "properties": {"power": "tower", "telecom": ""}, "geometry": {"type": "Point", "coordinates": [88.4838921, 27.1921543]}}, {"type": "Feature", "properties": {"power": "tower", "telecom": ""}, "geometry": {"type": "Point", "coordinates": [88.4860539, 27.1914529]}}, {"type": "Feature", "properties": {"power": "tower", "telecom": ""}, "geometry": {"type": "Point", "coordinates": [88.4871697, 27.1908564]}}, {"type": "Feature", "properties": {"power": "tower", "telecom": ""}, "geometry": {"type": "Point", "coordinates": [88.4891546, 27.1901216]}}, {"type": "Feature", "properties": {"power": "tower", "telecom": ""}, "geometry": {"type": "Point", "coordinates": [88.4914881, 27.188714]}}, {"type": "Feature", "properties": {"power": "tower", "telecom": ""}, "geometry": {"type": "Point", "coordinates": [88.493768, 27.1876355]}}, {"type": "Feature", "properties": {"power": "tower", "telecom": ""}, "geometry": {"type": "Point", "coordinates": [88.500495, 27.1894679]}}, {"type": "Feature", "properties": {"power": "tower", "telecom": ""}, "geometry": {"type": "Point", "coordinates": [88.5069483, 27.1897494]}}, {"type": "Feature", "properties": {"power": "tower", "telecom": ""}, "geometry": {"type": "Point", "coordinates": [88.5085416, 27.1883847]}}, {"type": "Feature", "properties": {"power": "tower", "telecom": ""}, "geometry": {"type": "Point", "coordinates": [88.512184, 27.1852544]}}, {"type": "Feature", "properties": {"power": "tower", "telecom": ""}, "geometry": {"type": "Point", "coordinates": [88.512978, 27.1850492]}}, {"type": "Feature", "properties": {"power": "tower", "telecom": ""}, "geometry": {"type": "Point", "coordinates": [88.5151559, 27.1853833]}}, {"type": "Feature", "properties": {"power": "tower", "telecom": ""}, "geometry": {"type": "Point", "coordinates": [88.5172105, 27.1854214]}}, {"type": "Feature", "properties": {"power": "tower", "telecom": ""}, "geometry": {"type": "Point", "coordinates": [88.5188091, 27.1851017]}}, {"type": "Feature", "properties": {"power": "tower", "telecom": ""}, "geometry": {"type": "Point", "coordinates": [88.5207725, 27.1844528]}}, {"type": "Feature", "properties": {"power": "tower", "telecom": ""}, "geometry": {"type": "Point", "coordinates": [88.522827, 27.183465]}}, {"type": "Feature", "properties": {"power": "tower", "telecom": ""}, "geometry": {"type": "Point", "coordinates": [88.5350418, 27.1835509]}}, {"type": "Feature", "properties": {"power": "tower", "telecom": ""}, "geometry": {"type": "Point", "coordinates": [88.5371929, 27.1826776]}}, {"type": "Feature", "properties": {"power": "tower", "telecom": ""}, "geometry": {"type": "Point", "coordinates": [88.538003, 27.1809287]}}, {"type": "Feature", "properties": {"power": "tower", "telecom": ""}, "geometry": {"type": "Point", "coordinates": [88.538239, 27.1800411]}}, {"type": "Feature", "properties": {"power": "tower", "telecom": ""}, "geometry": {"type": "Point", "coordinates": [88.4720474, 27.296621]}}, {"type": "Feature", "properties": {"power": "tower", "telecom": ""}, "geometry": {"type": "Point", "coordinates": [88.4725785, 27.2994669]}}, {"type": "Feature", "properties": {"power": "tower", "telecom": ""}, "geometry": {"type": "Point", "coordinates": [88.4739304, 27.3003679]}}, {"type": "Feature", "properties": {"power": "tower", "telecom": ""}, "geometry": {"type": "Point", "coordinates": [88.4750247, 27.3017741]}}, {"type": "Feature", "properties": {"power": "tower", "telecom": ""}, "geometry": {"type": "Point", "coordinates": [88.4765053, 27.3019362]}}, {"type": "Feature", "properties": {"power": "tower", "telecom": ""}, "geometry": {"type": "Point", "coordinates": [88.4791177, 27.3029372]}}, {"type": "Feature", "properties": {"power": "tower", "telecom": ""}, "geometry": {"type": "Point", "coordinates": [88.4804481, 27.3033185]}}, {"type": "Feature", "properties": {"power": "tower", "telecom": ""}, "geometry": {"type": "Point", "coordinates": [88.4808826, 27.3041193]}}, {"type": "Feature", "properties": {"power": "tower", "telecom": ""}, "geometry": {"type": "Point", "coordinates": [88.4839243, 27.3051251]}}, {"type": "Feature", "properties": {"power": "tower", "telecom": ""}, "geometry": {"type": "Point", "coordinates": [88.4882909, 27.3071795]}}, {"type": "Feature", "properties": {"power": "tower", "telecom": ""}, "geometry": {"type": "Point", "coordinates": [88.490898, 27.3107687]}}, {"type": "Feature", "properties": {"power": "tower", "telecom": ""}, "geometry": {"type": "Point", "coordinates": [88.4929365, 27.3108307]}}, {"type": "Feature", "properties": {"power": "tower", "telecom": ""}, "geometry": {"type": "Point", "coordinates": [88.4950232, 27.3120128]}}, {"type": "Feature", "properties": {"power": "tower", "telecom": ""}, "geometry": {"type": "Point", "coordinates": [88.4955329, 27.3120652]}}, {"type": "Feature", "properties": {"power": "tower", "telecom": ""}, "geometry": {"type": "Point", "coordinates": [88.4985208, 27.3110786]}}, {"type": "Feature", "properties": {"power": "tower", "telecom": ""}, "geometry": {"type": "Point", "coordinates": [88.4995133, 27.311069]}}, {"type": "Feature", "properties": {"power": "tower", "telecom": ""}, "geometry": {"type": "Point", "coordinates": [88.5009724, 27.3114217]}}, {"type": "Feature", "properties": {"power": "tower", "telecom": ""}, "geometry": {"type": "Point", "coordinates": [88.5037565, 27.309906]}}, {"type": "Feature", "properties": {"power": "tower", "telecom": ""}, "geometry": {"type": "Point", "coordinates": [88.5065997, 27.3098965]}}, {"type": "Feature", "properties": {"power": "tower", "telecom": ""}, "geometry": {"type": "Point", "coordinates": [88.5070932, 27.3104637]}}, {"type": "Feature", "properties": {"power": "tower", "telecom": ""}, "geometry": {"type": "Point", "coordinates": [88.5071039, 27.3125752]}}, {"type": "Feature", "properties": {"power": "tower", "telecom": ""}, "geometry": {"type": "Point", "coordinates": [88.5071683, 27.313762]}}, {"type": "Feature", "properties": {"power": "tower", "telecom": ""}, "geometry": {"type": "Point", "coordinates": [88.5077101, 27.3149059]}}, {"type": "Feature", "properties": {"power": "tower", "telecom": ""}, "geometry": {"type": "Point", "coordinates": [88.5097164, 27.3178133]}}, {"type": "Feature", "properties": {"power": "tower", "telecom": ""}, "geometry": {"type": "Point", "coordinates": [88.5113901, 27.3182232]}}, {"type": "Feature", "properties": {"power": "tower", "telecom": ""}, "geometry": {"type": "Point", "coordinates": [88.5129136, 27.3190621]}}, {"type": "Feature", "properties": {"power": "tower", "telecom": ""}, "geometry": {"type": "Point", "coordinates": [88.5129511, 27.3213688]}}, {"type": "Feature", "properties": {"power": "tower", "telecom": ""}, "geometry": {"type": "Point", "coordinates": [88.5136431, 27.3226318]}}, {"type": "Feature", "properties": {"power": "tower", "telecom": ""}, "geometry": {"type": "Point", "coordinates": [88.5130477, 27.3241998]}}, {"type": "Feature", "properties": {"power": "tower", "telecom": ""}, "geometry": {"type": "Point", "coordinates": [88.5132515, 27.3248241]}}, {"type": "Feature", "properties": {"power": "tower", "telecom": ""}, "geometry": {"type": "Point", "coordinates": [88.5136485, 27.3268162]}}, {"type": "Feature", "properties": {"power": "tower", "telecom": ""}, "geometry": {"type": "Point", "coordinates": [88.5143781, 27.3272547]}}, {"type": "Feature", "properties": {"power": "tower", "telecom": ""}, "geometry": {"type": "Point", "coordinates": [88.5142279, 27.3289227]}}, {"type": "Feature", "properties": {"power": "tower", "telecom": ""}, "geometry": {"type": "Point", "coordinates": [88.5129297, 27.3301903]}}, {"type": "Feature", "properties": {"power": "tower", "telecom": ""}, "geometry": {"type": "Point", "coordinates": [88.5128277, 27.332006]}}, {"type": "Feature", "properties": {"power": "tower", "telecom": ""}, "geometry": {"type": "Point", "coordinates": [88.5122001, 27.3345556]}}, {"type": "Feature", "properties": {"power": "tower", "telecom": ""}, "geometry": {"type": "Point", "coordinates": [88.5116583, 27.3354419]}}, {"type": "Feature", "properties": {"power": "tower", "telecom": ""}, "geometry": {"type": "Point", "coordinates": [88.5103923, 27.3366285]}}, {"type": "Feature", "properties": {"power": "tower", "telecom": ""}, "geometry": {"type": "Point", "coordinates": [88.5096735, 27.3377579]}}, {"type": "Feature", "properties": {"power": "tower", "telecom": ""}, "geometry": {"type": "Point", "coordinates": [88.4997654, 27.3459443]}}, {"type": "Feature", "properties": {"power": "tower", "telecom": ""}, "geometry": {"type": "Point", "coordinates": [88.503617, 27.3452487]}}, {"type": "Feature", "properties": {"power": "tower", "telecom": ""}, "geometry": {"type": "Point", "coordinates": [88.5052693, 27.3423896]}}, {"type": "Feature", "properties": {"power": "tower", "telecom": ""}, "geometry": {"type": "Point", "coordinates": [88.5045558, 27.3435809]}}, {"type": "Feature", "properties": {"power": "tower", "telecom": ""}, "geometry": {"type": "Point", "coordinates": [88.5018253, 27.3472833]}}, {"type": "Feature", "properties": {"power": "tower", "telecom": ""}, "geometry": {"type": "Point", "coordinates": [88.5013694, 27.3487747]}}, {"type": "Feature", "properties": {"power": "tower", "telecom": ""}, "geometry": {"type": "Point", "coordinates": [88.5024905, 27.3473643]}}, {"type": "Feature", "properties": {"power": "tower", "telecom": ""}, "geometry": {"type": "Point", "coordinates": [88.4997922, 27.3564458]}}, {"type": "Feature", "properties": {"power": "tower", "telecom": ""}, "geometry": {"type": "Point", "coordinates": [88.4995347, 27.3562028]}}, {"type": "Feature", "properties": {"power": "tower", "telecom": ""}, "geometry": {"type": "Point", "coordinates": [88.5014713, 27.3503042]}}, {"type": "Feature", "properties": {"power": "tower", "telecom": ""}, "geometry": {"type": "Point", "coordinates": [88.5012031, 27.3502661]}}, {"type": "Feature", "properties": {"power": "tower", "telecom": ""}, "geometry": {"type": "Point", "coordinates": [88.5005861, 27.3520147]}}, {"type": "Feature", "properties": {"power": "tower", "telecom": ""}, "geometry": {"type": "Point", "coordinates": [88.499583, 27.3521719]}}, {"type": "Feature", "properties": {"power": "tower", "telecom": ""}, "geometry": {"type": "Point", "coordinates": [88.4998405, 27.3523578]}}, {"type": "Feature", "properties": {"power": "tower", "telecom": ""}, "geometry": {"type": "Point", "coordinates": [88.4990895, 27.353263]}}, {"type": "Feature", "properties": {"power": "tower", "telecom": ""}, "geometry": {"type": "Point", "coordinates": [88.4987515, 27.3530725]}}, {"type": "Feature", "properties": {"power": "tower", "telecom": ""}, "geometry": {"type": "Point", "coordinates": [88.4986174, 27.354054]}}, {"type": "Feature", "properties": {"power": "tower", "telecom": ""}, "geometry": {"type": "Point", "coordinates": [88.4988749, 27.3540397]}}, {"type": "Feature", "properties": {"power": "tower", "telecom": ""}, "geometry": {"type": "Point", "coordinates": [88.499009, 27.3547258]}}, {"type": "Feature", "properties": {"power": "tower", "telecom": ""}, "geometry": {"type": "Point", "coordinates": [88.4997225, 27.354478]}}, {"type": "Feature", "properties": {"power": "tower", "telecom": ""}, "geometry": {"type": "Point", "coordinates": [88.5017288, 27.3558883]}}, {"type": "Feature", "properties": {"power": "tower", "telecom": ""}, "geometry": {"type": "Point", "coordinates": [88.5024637, 27.3554309]}}, {"type": "Feature", "properties": {"power": "tower", "telecom": ""}, "geometry": {"type": "Point", "coordinates": [88.5035473, 27.356098]}}, {"type": "Feature", "properties": {"power": "tower", "telecom": ""}, "geometry": {"type": "Point", "coordinates": [88.5775924, 27.3947647]}}, {"type": "Feature", "properties": {"power": "tower", "telecom": ""}, "geometry": {"type": "Point", "coordinates": [88.5748029, 27.3935835]}}, {"type": "Feature", "properties": {"power": "tower", "telecom": ""}, "geometry": {"type": "Point", "coordinates": [88.5722065, 27.3935359]}}, {"type": "Feature", "properties": {"power": "tower", "telecom": ""}, "geometry": {"type": "Point", "coordinates": [88.569181, 27.3939264]}}, {"type": "Feature", "properties": {"power": "tower", "telecom": ""}, "geometry": {"type": "Point", "coordinates": [88.565458, 27.3921356]}}, {"type": "Feature", "properties": {"power": "tower", "telecom": ""}, "geometry": {"type": "Point", "coordinates": [88.5618961, 27.3921356]}}, {"type": "Feature", "properties": {"power": "tower", "telecom": ""}, "geometry": {"type": "Point", "coordinates": [88.5564136, 27.3912306]}}, {"type": "Feature", "properties": {"power": "tower", "telecom": ""}, "geometry": {"type": "Point", "coordinates": [88.5554802, 27.3904209]}}, {"type": "Feature", "properties": {"power": "tower", "telecom": ""}, "geometry": {"type": "Point", "coordinates": [88.55003, 27.3896588]}}, {"type": "Feature", "properties": {"power": "tower", "telecom": ""}, "geometry": {"type": "Point", "coordinates": [88.5449874, 27.3898112]}}, {"type": "Feature", "properties": {"power": "tower", "telecom": ""}, "geometry": {"type": "Point", "coordinates": [88.5430938, 27.3908591]}}, {"type": "Feature", "properties": {"power": "tower", "telecom": ""}, "geometry": {"type": "Point", "coordinates": [88.5402077, 27.3910544]}}, {"type": "Feature", "properties": {"power": "tower", "telecom": ""}, "geometry": {"type": "Point", "coordinates": [88.5380995, 27.3914687]}}, {"type": "Feature", "properties": {"power": "tower", "telecom": ""}, "geometry": {"type": "Point", "coordinates": [88.5364312, 27.3919117]}}, {"type": "Feature", "properties": {"power": "tower", "telecom": ""}, "geometry": {"type": "Point", "coordinates": [88.5351491, 27.3916974]}}, {"type": "Feature", "properties": {"power": "tower", "telecom": ""}, "geometry": {"type": "Point", "coordinates": [88.5347897, 27.3909972]}}, {"type": "Feature", "properties": {"power": "tower", "telecom": ""}, "geometry": {"type": "Point", "coordinates": [88.5264963, 27.4064283]}}, {"type": "Feature", "properties": {"power": "tower", "telecom": ""}, "geometry": {"type": "Point", "coordinates": [88.5230899, 27.4154716]}}, {"type": "Feature", "properties": {"power": "tower", "telecom": ""}, "geometry": {"type": "Point", "coordinates": [88.5224891, 27.4167097]}}, {"type": "Feature", "properties": {"power": "tower", "telecom": ""}, "geometry": {"type": "Point", "coordinates": [88.5223925, 27.4175382]}}, {"type": "Feature", "properties": {"power": "tower", "telecom": ""}, "geometry": {"type": "Point", "coordinates": [88.5218882, 27.4187192]}}, {"type": "Feature", "properties": {"power": "tower", "telecom": ""}, "geometry": {"type": "Point", "coordinates": [88.5216737, 27.4194811]}}, {"type": "Feature", "properties": {"power": "tower", "telecom": ""}, "geometry": {"type": "Point", "coordinates": [88.5202682, 27.4223]}}, {"type": "Feature", "properties": {"power": "tower", "telecom": ""}, "geometry": {"type": "Point", "coordinates": [88.5198873, 27.4248712]}}, {"type": "Feature", "properties": {"power": "tower", "telecom": ""}, "geometry": {"type": "Point", "coordinates": [88.5201341, 27.4261092]}}, {"type": "Feature", "properties": {"power": "tower", "telecom": ""}, "geometry": {"type": "Point", "coordinates": [88.5194957, 27.4284423]}}, {"type": "Feature", "properties": {"power": "tower", "telecom": ""}, "geometry": {"type": "Point", "coordinates": [88.5192114, 27.429366]}}, {"type": "Feature", "properties": {"power": "tower", "telecom": ""}, "geometry": {"type": "Point", "coordinates": [88.5179615, 27.4301755]}}, {"type": "Feature", "properties": {"power": "tower", "telecom": ""}, "geometry": {"type": "Point", "coordinates": [88.5172641, 27.4307992]}}, {"type": "Feature", "properties": {"power": "tower", "telecom": ""}, "geometry": {"type": "Point", "coordinates": [88.5162502, 27.4317181]}}, {"type": "Feature", "properties": {"power": "tower", "telecom": ""}, "geometry": {"type": "Point", "coordinates": [88.5172749, 27.437241]}}, {"type": "Feature", "properties": {"power": "tower", "telecom": ""}, "geometry": {"type": "Point", "coordinates": [88.5169852, 27.4391978]}}, {"type": "Feature", "properties": {"power": "tower", "telecom": ""}, "geometry": {"type": "Point", "coordinates": [88.5162342, 27.4406023]}}, {"type": "Feature", "properties": {"power": "tower", "telecom": ""}, "geometry": {"type": "Point", "coordinates": [88.516835, 27.443235]}}, {"type": "Feature", "properties": {"power": "tower", "telecom": ""}, "geometry": {"type": "Point", "coordinates": [88.5180634, 27.444587]}}, {"type": "Feature", "properties": {"power": "tower", "telecom": ""}, "geometry": {"type": "Point", "coordinates": [88.5192329, 27.4455963]}}, {"type": "Feature", "properties": {"power": "tower", "telecom": ""}, "geometry": {"type": "Point", "coordinates": [88.5202253, 27.4463818]}}, {"type": "Feature", "properties": {"power": "tower", "telecom": ""}, "geometry": {"type": "Point", "coordinates": [88.5221243, 27.4482003]}}, {"type": "Feature", "properties": {"power": "tower", "telecom": ""}, "geometry": {"type": "Point", "coordinates": [88.5288727, 27.4622049]}}, {"type": "Feature", "properties": {"power": "tower", "telecom": ""}, "geometry": {"type": "Point", "coordinates": [88.5304123, 27.4635425]}}, {"type": "Feature", "properties": {"power": "tower", "telecom": ""}, "geometry": {"type": "Point", "coordinates": [88.5302728, 27.4649276]}}, {"type": "Feature", "properties": {"power": "tower", "telecom": ""}, "geometry": {"type": "Point", "coordinates": [88.5301548, 27.4701823]}}, {"type": "Feature", "properties": {"power": "portal", "telecom": ""}, "geometry": {"type": "Point", "coordinates": [88.2764259, 27.0626322]}}, {"type": "Feature", "properties": {"power": "portal", "telecom": ""}, "geometry": {"type": "Point", "coordinates": [88.9244449, 27.428628]}}, {"type": "Feature", "properties": {"power": "tower", "telecom": ""}, "geometry": {"type": "Point", "coordinates": [88.9224064, 27.4289042]}}, {"type": "Feature", "properties": {"power": "tower", "telecom": ""}, "geometry": {"type": "Point", "coordinates": [88.9197779, 27.4326275]}}, {"type": "Feature", "properties": {"power": "tower", "telecom": ""}, "geometry": {"type": "Point", "coordinates": [88.9163178, 27.43756]}}, {"type": "Feature", "properties": {"power": "tower", "telecom": ""}, "geometry": {"type": "Point", "coordinates": [88.913818, 27.4412259]}}, {"type": "Feature", "properties": {"power": "tower", "telecom": ""}, "geometry": {"type": "Point", "coordinates": [88.9133406, 27.4442871]}}, {"type": "Feature", "properties": {"power": "tower", "telecom": ""}, "geometry": {"type": "Point", "coordinates": [88.910079, 27.4478195]}}, {"type": "Feature", "properties": {"power": "tower", "telecom": ""}, "geometry": {"type": "Point", "coordinates": [88.9128953, 27.4529988]}}, {"type": "Feature", "properties": {"power": "tower", "telecom": ""}, "geometry": {"type": "Point", "coordinates": [88.9174122, 27.4609007]}}, {"type": "Feature", "properties": {"power": "tower", "telecom": ""}, "geometry": {"type": "Point", "coordinates": [88.9188605, 27.4633997]}}, {"type": "Feature", "properties": {"power": "tower", "telecom": ""}, "geometry": {"type": "Point", "coordinates": [88.9193165, 27.4642136]}}, {"type": "Feature", "properties": {"power": "tower", "telecom": ""}, "geometry": {"type": "Point", "coordinates": [88.9161622, 27.4710866]}}, {"type": "Feature", "properties": {"power": "tower", "telecom": ""}, "geometry": {"type": "Point", "coordinates": [88.9150572, 27.4735044]}}, {"type": "Feature", "properties": {"power": "tower", "telecom": ""}, "geometry": {"type": "Point", "coordinates": [88.9118707, 27.4919267]}}, {"type": "Feature", "properties": {"power": "tower", "telecom": ""}, "geometry": {"type": "Point", "coordinates": [88.9781427, 27.5236765]}}, {"type": "Feature", "properties": {"power": "tower", "telecom": ""}, "geometry": {"type": "Point", "coordinates": [88.9793068, 27.5260599]}}, {"type": "Feature", "properties": {"power": "tower", "telecom": ""}, "geometry": {"type": "Point", "coordinates": [88.9796984, 27.5270589]}}, {"type": "Feature", "properties": {"power": "tower", "telecom": ""}, "geometry": {"type": "Point", "coordinates": [88.9818174, 27.5291187]}}, {"type": "Feature", "properties": {"power": "tower", "telecom": ""}, "geometry": {"type": "Point", "coordinates": [88.9839417, 27.5306362]}}, {"type": "Feature", "properties": {"power": "tower", "telecom": ""}, "geometry": {"type": "Point", "coordinates": [88.9850628, 27.5314401]}}, {"type": "Feature", "properties": {"power": "portal", "telecom": ""}, "geometry": {"type": "Point", "coordinates": [88.9848322, 27.5342895]}}, {"type": "Feature", "properties": {"power": "tower", "telecom": ""}, "geometry": {"type": "Point", "coordinates": [88.9845532, 27.5341492]}}, {"type": "Feature", "properties": {"power": "tower", "telecom": ""}, "geometry": {"type": "Point", "coordinates": [88.9843708, 27.5335807]}}, {"type": "Feature", "properties": {"power": "tower", "telecom": ""}, "geometry": {"type": "Point", "coordinates": [88.9848536, 27.5338709]}}, {"type": "Feature", "properties": {"power": "tower", "telecom": ""}, "geometry": {"type": "Point", "coordinates": [88.9845988, 27.5337544]}}, {"type": "Feature", "properties": {"power": "tower", "telecom": ""}, "geometry": {"type": "Point", "coordinates": [88.9763832, 27.5204083]}}, {"type": "Feature", "properties": {"power": "tower", "telecom": ""}, "geometry": {"type": "Point", "coordinates": [88.9771825, 27.5213883]}}, {"type": "Feature", "properties": {"power": "tower", "telecom": ""}, "geometry": {"type": "Point", "coordinates": [88.9740926, 27.5181389]}}, {"type": "Feature", "properties": {"power": "tower", "telecom": ""}, "geometry": {"type": "Point", "coordinates": [88.9707184, 27.5160694]}}, {"type": "Feature", "properties": {"power": "tower", "telecom": ""}, "geometry": {"type": "Point", "coordinates": [88.9694899, 27.5151417]}}, {"type": "Feature", "properties": {"power": "tower", "telecom": ""}, "geometry": {"type": "Point", "coordinates": [88.967945, 27.5151179]}}, {"type": "Feature", "properties": {"power": "tower", "telecom": ""}, "geometry": {"type": "Point", "coordinates": [88.9669633, 27.514114]}}, {"type": "Feature", "properties": {"power": "tower", "telecom": ""}, "geometry": {"type": "Point", "coordinates": [88.964662, 27.511326]}}, {"type": "Feature", "properties": {"power": "tower", "telecom": ""}, "geometry": {"type": "Point", "coordinates": [88.9611858, 27.5092753]}}, {"type": "Feature", "properties": {"power": "tower", "telecom": ""}, "geometry": {"type": "Point", "coordinates": [88.9583909, 27.5086521]}}, {"type": "Feature", "properties": {"power": "tower", "telecom": ""}, "geometry": {"type": "Point", "coordinates": [88.9555371, 27.5079812]}}, {"type": "Feature", "properties": {"power": "tower", "telecom": ""}, "geometry": {"type": "Point", "coordinates": [88.9538687, 27.5076196]}}, {"type": "Feature", "properties": {"power": "tower", "telecom": ""}, "geometry": {"type": "Point", "coordinates": [88.9525276, 27.5061351]}}, {"type": "Feature", "properties": {"power": "tower", "telecom": ""}, "geometry": {"type": "Point", "coordinates": [88.9510417, 27.5044983]}}, {"type": "Feature", "properties": {"power": "tower", "telecom": ""}, "geometry": {"type": "Point", "coordinates": [88.9483058, 27.5034658]}}, {"type": "Feature", "properties": {"power": "tower", "telecom": ""}, "geometry": {"type": "Point", "coordinates": [88.9455861, 27.5024142]}}, {"type": "Feature", "properties": {"power": "tower", "telecom": ""}, "geometry": {"type": "Point", "coordinates": [88.9446258, 27.5025475]}}, {"type": "Feature", "properties": {"power": "tower", "telecom": ""}, "geometry": {"type": "Point", "coordinates": [88.9420992, 27.5025332]}}, {"type": "Feature", "properties": {"power": "tower", "telecom": ""}, "geometry": {"type": "Point", "coordinates": [88.9393794, 27.5024428]}}, {"type": "Feature", "properties": {"power": "tower", "telecom": ""}, "geometry": {"type": "Point", "coordinates": [88.9404845, 27.5025284]}}, {"type": "Feature", "properties": {"power": "tower", "telecom": ""}, "geometry": {"type": "Point", "coordinates": [88.9353937, 27.5005585]}}, {"type": "Feature", "properties": {"power": "tower", "telecom": ""}, "geometry": {"type": "Point", "coordinates": [88.9326042, 27.4992072]}}, {"type": "Feature", "properties": {"power": "tower", "telecom": ""}, "geometry": {"type": "Point", "coordinates": [88.9319658, 27.4988931]}}, {"type": "Feature", "properties": {"power": "tower", "telecom": ""}, "geometry": {"type": "Point", "coordinates": [88.92452, 27.4961808]}}, {"type": "Feature", "properties": {"power": "tower", "telecom": ""}, "geometry": {"type": "Point", "coordinates": [88.9201641, 27.4945963]}}, {"type": "Feature", "properties": {"power": "tower", "telecom": ""}, "geometry": {"type": "Point", "coordinates": [88.8763532, 27.002232]}}, {"type": "Feature", "properties": {"power": "tower", "telecom": ""}, "geometry": {"type": "Point", "coordinates": [88.8781483, 27.0016966]}}, {"type": "Feature", "properties": {"power": "tower", "telecom": ""}, "geometry": {"type": "Point", "coordinates": [88.8798727, 26.9984801]}}, {"type": "Feature", "properties": {"power": "tower", "telecom": ""}, "geometry": {"type": "Point", "coordinates": [88.8877432, 26.9994984]}}, {"type": "Feature", "properties": {"power": "tower", "telecom": ""}, "geometry": {"type": "Point", "coordinates": [88.8865701, 26.998717]}}, {"type": "Feature", "properties": {"power": "tower", "telecom": ""}, "geometry": {"type": "Point", "coordinates": [88.8844333, 26.9986305]}}, {"type": "Feature", "properties": {"power": "tower", "telecom": ""}, "geometry": {"type": "Point", "coordinates": [88.8822749, 26.9993264]}}, {"type": "Feature", "properties": {"power": "tower", "telecom": ""}, "geometry": {"type": "Point", "coordinates": [88.8802122, 26.9999699]}}, {"type": "Feature", "properties": {"power": "tower", "telecom": ""}, "geometry": {"type": "Point", "coordinates": [88.8965659, 27.0061547]}}, {"type": "Feature", "properties": {"power": "tower", "telecom": ""}, "geometry": {"type": "Point", "coordinates": [88.8987756, 27.0062686]}}, {"type": "Feature", "properties": {"power": "tower", "telecom": ""}, "geometry": {"type": "Point", "coordinates": [88.9014682, 27.006706]}}, {"type": "Feature", "properties": {"power": "tower", "telecom": ""}, "geometry": {"type": "Point", "coordinates": [88.9028828, 27.0072891]}}, {"type": "Feature", "properties": {"power": "tower", "telecom": ""}, "geometry": {"type": "Point", "coordinates": [88.9059422, 27.0084828]}}, {"type": "Feature", "properties": {"power": "tower", "telecom": ""}, "geometry": {"type": "Point", "coordinates": [88.9095551, 27.0085307]}}, {"type": "Feature", "properties": {"power": "tower", "telecom": ""}, "geometry": {"type": "Point", "coordinates": [88.9111087, 27.0085967]}}, {"type": "Feature", "properties": {"power": "tower", "telecom": ""}, "geometry": {"type": "Point", "coordinates": [88.9120632, 27.0082505]}}, {"type": "Feature", "properties": {"power": "tower", "telecom": ""}, "geometry": {"type": "Point", "coordinates": [88.913537, 27.007665]}}, {"type": "Feature", "properties": {"power": "tower", "telecom": ""}, "geometry": {"type": "Point", "coordinates": [88.9160451, 27.0066991]}}, {"type": "Feature", "properties": {"power": "tower", "telecom": ""}, "geometry": {"type": "Point", "coordinates": [88.9230386, 27.0042526]}}, {"type": "Feature", "properties": {"power": "tower", "telecom": ""}, "geometry": {"type": "Point", "coordinates": [88.9250204, 27.002134]}}, {"type": "Feature", "properties": {"power": "tower", "telecom": ""}, "geometry": {"type": "Point", "coordinates": [88.9277199, 26.9996647]}}, {"type": "Feature", "properties": {"power": "tower", "telecom": ""}, "geometry": {"type": "Point", "coordinates": [88.9330709, 26.995972]}}, {"type": "Feature", "properties": {"power": "tower", "telecom": ""}, "geometry": {"type": "Point", "coordinates": [88.9344787, 26.9949652]}}, {"type": "Feature", "properties": {"power": "tower", "telecom": ""}, "geometry": {"type": "Point", "coordinates": [88.9368774, 26.9925436]}}, {"type": "Feature", "properties": {"power": "tower", "telecom": ""}, "geometry": {"type": "Point", "coordinates": [88.938431, 26.9909855]}}, {"type": "Feature", "properties": {"power": "tower", "telecom": ""}, "geometry": {"type": "Point", "coordinates": [88.9394607, 26.9899536]}}, {"type": "Feature", "properties": {"power": "tower", "telecom": ""}, "geometry": {"type": "Point", "coordinates": [88.9422808, 26.9870742]}}, {"type": "Feature", "properties": {"power": "tower", "telecom": ""}, "geometry": {"type": "Point", "coordinates": [88.9455771, 26.9838189]}}, {"type": "Feature", "properties": {"power": "tower", "telecom": ""}, "geometry": {"type": "Point", "coordinates": [88.9472036, 26.9819737]}}, {"type": "Feature", "properties": {"power": "tower", "telecom": ""}, "geometry": {"type": "Point", "coordinates": [88.9483426, 26.9801992]}}, {"type": "Feature", "properties": {"power": "tower", "telecom": ""}, "geometry": {"type": "Point", "coordinates": [88.9513518, 26.9787686]}}, {"type": "Feature", "properties": {"power": "tower", "telecom": ""}, "geometry": {"type": "Point", "coordinates": [88.952689, 26.9776888]}}, {"type": "Feature", "properties": {"power": "tower", "telecom": ""}, "geometry": {"type": "Point", "coordinates": [88.9565252, 26.9751374]}}, {"type": "Feature", "properties": {"power": "tower", "telecom": ""}, "geometry": {"type": "Point", "coordinates": [88.958138, 26.9731738]}}, {"type": "Feature", "properties": {"power": "tower", "telecom": ""}, "geometry": {"type": "Point", "coordinates": [88.9601882, 26.9714881]}}, {"type": "Feature", "properties": {"power": "tower", "telecom": ""}, "geometry": {"type": "Point", "coordinates": [88.9741501, 26.9610434]}}, {"type": "Feature", "properties": {"power": "tower", "telecom": ""}, "geometry": {"type": "Point", "coordinates": [88.971216, 26.9633306]}}, {"type": "Feature", "properties": {"power": "tower", "telecom": ""}, "geometry": {"type": "Point", "coordinates": [88.9683298, 26.9648204]}}, {"type": "Feature", "properties": {"power": "tower", "telecom": ""}, "geometry": {"type": "Point", "coordinates": [88.9645164, 26.9685244]}}, {"type": "Feature", "properties": {"power": "tower", "telecom": ""}, "geometry": {"type": "Point", "coordinates": [88.9803986, 26.9545101]}}, {"type": "Feature", "properties": {"power": "tower", "telecom": ""}, "geometry": {"type": "Point", "coordinates": [88.9817404, 26.9542778]}}, {"type": "Feature", "properties": {"power": "tower", "telecom": ""}, "geometry": {"type": "Point", "coordinates": [88.9833783, 26.9539406]}}, {"type": "Feature", "properties": {"power": "tower", "telecom": ""}, "geometry": {"type": "Point", "coordinates": [88.9854125, 26.9535967]}}, {"type": "Feature", "properties": {"power": "tower", "telecom": ""}, "geometry": {"type": "Point", "coordinates": [88.989317, 26.952788]}}, {"type": "Feature", "properties": {"power": "tower", "telecom": ""}, "geometry": {"type": "Point", "coordinates": [88.9916064, 26.9519656]}}, {"type": "Feature", "properties": {"power": "tower", "telecom": ""}, "geometry": {"type": "Point", "coordinates": [88.995864, 26.9507924]}}, {"type": "Feature", "properties": {"power": "tower", "telecom": ""}, "geometry": {"type": "Point", "coordinates": [88.9983447, 26.9496671]}}, {"type": "Feature", "properties": {"power": "tower", "telecom": ""}, "geometry": {"type": "Point", "coordinates": [88.4759313, 27.1944446]}}, {"type": "Feature", "properties": {"power": "tower", "telecom": ""}, "geometry": {"type": "Point", "coordinates": [88.4759152, 27.1967158]}}, {"type": "Feature", "properties": {"power": "tower", "telecom": ""}, "geometry": {"type": "Point", "coordinates": [88.4769773, 27.1981901]}}, {"type": "Feature", "properties": {"power": "tower", "telecom": ""}, "geometry": {"type": "Point", "coordinates": [88.4781468, 27.1992112]}}, {"type": "Feature", "properties": {"power": "tower", "telecom": ""}, "geometry": {"type": "Point", "coordinates": [88.4796274, 27.2016015]}}, {"type": "Feature", "properties": {"power": "tower", "telecom": ""}, "geometry": {"type": "Point", "coordinates": [88.47974, 27.2025128]}}, {"type": "Feature", "properties": {"power": "tower", "telecom": ""}, "geometry": {"type": "Point", "coordinates": [88.480711, 27.2034766]}}, {"type": "Feature", "properties": {"power": "tower", "telecom": ""}, "geometry": {"type": "Point", "coordinates": [88.536391, 27.17907]}}, {"type": "Feature", "properties": {"power": "tower", "telecom": ""}, "geometry": {"type": "Point", "coordinates": [88.538526, 27.1791272]}}, {"type": "Feature", "properties": {"power": "tower", "telecom": ""}, "geometry": {"type": "Point", "coordinates": [88.4844983, 27.2211185]}}, {"type": "Feature", "properties": {"power": "tower", "telecom": ""}, "geometry": {"type": "Point", "coordinates": [88.4851018, 27.2144518]}}, {"type": "Feature", "properties": {"power": "tower", "telecom": ""}, "geometry": {"type": "Point", "coordinates": [88.4835005, 27.2133808]}}, {"type": "Feature", "properties": {"power": "tower", "telecom": ""}, "geometry": {"type": "Point", "coordinates": [88.4833449, 27.2154131]}}, {"type": "Feature", "properties": {"power": "tower", "telecom": ""}, "geometry": {"type": "Point", "coordinates": [88.4850944, 27.2128849]}}, {"type": "Feature", "properties": {"power": "tower", "telecom": ""}, "geometry": {"type": "Point", "coordinates": [88.4844232, 27.2171448]}}, {"type": "Feature", "properties": {"power": "tower", "telecom": ""}, "geometry": {"type": "Point", "coordinates": [88.4847236, 27.2151221]}}, {"type": "Feature", "properties": {"power": "tower", "telecom": ""}, "geometry": {"type": "Point", "coordinates": [88.4850669, 27.2136766]}}, {"type": "Feature", "properties": {"power": "tower", "telecom": ""}, "geometry": {"type": "Point", "coordinates": [88.4817919, 27.2047242]}}, {"type": "Feature", "properties": {"power": "tower", "telecom": ""}, "geometry": {"type": "Point", "coordinates": [88.4821916, 27.2054136]}}, {"type": "Feature", "properties": {"power": "tower", "telecom": ""}, "geometry": {"type": "Point", "coordinates": [88.4824705, 27.2068067]}}, {"type": "Feature", "properties": {"power": "tower", "telecom": ""}, "geometry": {"type": "Point", "coordinates": [88.4825402, 27.2079183]}}, {"type": "Feature", "properties": {"power": "tower", "telecom": ""}, "geometry": {"type": "Point", "coordinates": [88.4821272, 27.2089059]}}, {"type": "Feature", "properties": {"power": "tower", "telecom": ""}, "geometry": {"type": "Point", "coordinates": [88.4828567, 27.2101606]}}, {"type": "Feature", "properties": {"power": "tower", "telecom": ""}, "geometry": {"type": "Point", "coordinates": [88.4851903, 27.2101224]}}, {"type": "Feature", "properties": {"power": "tower", "telecom": ""}, "geometry": {"type": "Point", "coordinates": [88.4838545, 27.2089822]}}, {"type": "Feature", "properties": {"power": "tower", "telecom": ""}, "geometry": {"type": "Point", "coordinates": [88.4830499, 27.2067256]}}, {"type": "Feature", "properties": {"power": "tower", "telecom": ""}, "geometry": {"type": "Point", "coordinates": [88.4821594, 27.2043592]}}, {"type": "Feature", "properties": {"power": "tower", "telecom": ""}, "geometry": {"type": "Point", "coordinates": [88.8734052, 27.0271736]}}, {"type": "Feature", "properties": {"power": "tower", "telecom": ""}, "geometry": {"type": "Point", "coordinates": [88.8734132, 27.0286693]}}, {"type": "Feature", "properties": {"power": "tower", "telecom": ""}, "geometry": {"type": "Point", "coordinates": [88.8738102, 27.0289297]}}, {"type": "Feature", "properties": {"power": "tower", "telecom": ""}, "geometry": {"type": "Point", "coordinates": [88.3607599, 27.3008946]}}, {"type": "Feature", "properties": {"power": "tower", "telecom": ""}, "geometry": {"type": "Point", "coordinates": [88.3612508, 27.3008684]}}, {"type": "Feature", "properties": {"power": "tower", "telecom": ""}, "geometry": {"type": "Point", "coordinates": [88.1538905, 27.1395524]}}, {"type": "Feature", "properties": {"power": "tower", "telecom": ""}, "geometry": {"type": "Point", "coordinates": [88.313645, 27.2608592]}}, {"type": "Feature", "properties": {"power": "tower", "telecom": ""}, "geometry": {"type": "Point", "coordinates": [88.3125103, 27.2601248]}}, {"type": "Feature", "properties": {"power": "tower", "telecom": ""}, "geometry": {"type": "Point", "coordinates": [88.3112591, 27.2605412]}}, {"type": "Feature", "properties": {"power": "tower", "telecom": ""}, "geometry": {"type": "Point", "coordinates": [88.3125097, 28.1657185]}}, {"type": "Feature", "properties": {"power": "tower", "telecom": ""}, "geometry": {"type": "Point", "coordinates": [88.3134511, 28.1681162]}}, {"type": "Feature", "properties": {"power": "tower", "telecom": ""}, "geometry": {"type": "Point", "coordinates": [88.3143952, 28.1704547]}}, {"type": "Feature", "properties": {"power": "tower", "telecom": ""}, "geometry": {"type": "Point", "coordinates": [88.2588118, 28.0750285]}}, {"type": "Feature", "properties": {"power": "tower", "telecom": ""}, "geometry": {"type": "Point", "coordinates": [88.2591337, 28.0755823]}}, {"type": "Feature", "properties": {"power": "tower", "telecom": ""}, "geometry": {"type": "Point", "coordinates": [88.26011, 28.0771206]}}, {"type": "Feature", "properties": {"power": "tower", "telecom": ""}, "geometry": {"type": "Point", "coordinates": [88.260684, 28.0781311]}}, {"type": "Feature", "properties": {"power": "tower", "telecom": ""}, "geometry": {"type": "Point", "coordinates": [88.2619554, 28.0802799]}}, {"type": "Feature", "properties": {"power": "tower", "telecom": ""}, "geometry": {"type": "Point", "coordinates": [88.2632428, 28.0824854]}}, {"type": "Feature", "properties": {"power": "tower", "telecom": ""}, "geometry": {"type": "Point", "coordinates": [88.2642218, 28.0841372]}}, {"type": "Feature", "properties": {"power": "tower", "telecom": ""}, "geometry": {"type": "Point", "coordinates": [88.2647556, 28.0850175]}}, {"type": "Feature", "properties": {"power": "tower", "telecom": ""}, "geometry": {"type": "Point", "coordinates": [88.2659331, 28.0870218]}}, {"type": "Feature", "properties": {"power": "tower", "telecom": ""}, "geometry": {"type": "Point", "coordinates": [88.2669094, 28.0887113]}}, {"type": "Feature", "properties": {"power": "tower", "telecom": ""}, "geometry": {"type": "Point", "coordinates": [88.2685912, 28.091565]}}, {"type": "Feature", "properties": {"power": "tower", "telecom": ""}, "geometry": {"type": "Point", "coordinates": [88.269884, 28.0937325]}}, {"type": "Feature", "properties": {"power": "tower", "telecom": ""}, "geometry": {"type": "Point", "coordinates": [88.2711393, 28.0958952]}}, {"type": "Feature", "properties": {"power": "tower", "telecom": ""}, "geometry": {"type": "Point", "coordinates": [88.2724187, 28.098098]}}, {"type": "Feature", "properties": {"power": "tower", "telecom": ""}, "geometry": {"type": "Point", "coordinates": [88.273623, 28.1001589]}}, {"type": "Feature", "properties": {"power": "tower", "telecom": ""}, "geometry": {"type": "Point", "coordinates": [88.2749265, 28.1023758]}}, {"type": "Feature", "properties": {"power": "tower", "telecom": ""}, "geometry": {"type": "Point", "coordinates": [88.276155, 28.1044863]}}, {"type": "Feature", "properties": {"power": "tower", "telecom": ""}, "geometry": {"type": "Point", "coordinates": [88.2766861, 28.1053688]}}, {"type": "Feature", "properties": {"power": "tower", "telecom": ""}, "geometry": {"type": "Point", "coordinates": [88.2779279, 28.1075596]}}, {"type": "Feature", "properties": {"power": "tower", "telecom": ""}, "geometry": {"type": "Point", "coordinates": [88.2790491, 28.1096274]}}, {"type": "Feature", "properties": {"power": "tower", "telecom": ""}, "geometry": {"type": "Point", "coordinates": [88.2801971, 28.1117519]}}, {"type": "Feature", "properties": {"power": "tower", "telecom": ""}, "geometry": {"type": "Point", "coordinates": [88.2815033, 28.1140277]}}, {"type": "Feature", "properties": {"power": "tower", "telecom": ""}, "geometry": {"type": "Point", "coordinates": [88.2821095, 28.1150923]}}, {"type": "Feature", "properties": {"power": "tower", "telecom": ""}, "geometry": {"type": "Point", "coordinates": [88.2837081, 28.1180328]}}, {"type": "Feature", "properties": {"power": "tower", "telecom": ""}, "geometry": {"type": "Point", "coordinates": [88.2847407, 28.1198828]}}, {"type": "Feature", "properties": {"power": "tower", "telecom": ""}, "geometry": {"type": "Point", "coordinates": [88.2858512, 28.1218675]}}, {"type": "Feature", "properties": {"power": "tower", "telecom": ""}, "geometry": {"type": "Point", "coordinates": [88.2871011, 28.124129]}}, {"type": "Feature", "properties": {"power": "tower", "telecom": ""}, "geometry": {"type": "Point", "coordinates": [88.2883349, 28.1263998]}}, {"type": "Feature", "properties": {"power": "tower", "telecom": ""}, "geometry": {"type": "Point", "coordinates": [88.2896116, 28.128647]}}, {"type": "Feature", "properties": {"power": "tower", "telecom": ""}, "geometry": {"type": "Point", "coordinates": [88.2908079, 28.1308303]}}, {"type": "Feature", "properties": {"power": "tower", "telecom": ""}, "geometry": {"type": "Point", "coordinates": [88.2919586, 28.1328574]}}, {"type": "Feature", "properties": {"power": "tower", "telecom": ""}, "geometry": {"type": "Point", "coordinates": [88.2933962, 28.1349436]}}, {"type": "Feature", "properties": {"power": "tower", "telecom": ""}, "geometry": {"type": "Point", "coordinates": [88.2948098, 28.1369871]}}, {"type": "Feature", "properties": {"power": "tower", "telecom": ""}, "geometry": {"type": "Point", "coordinates": [88.2961616, 28.1389503]}}, {"type": "Feature", "properties": {"power": "tower", "telecom": ""}, "geometry": {"type": "Point", "coordinates": [88.2975456, 28.1409607]}}, {"type": "Feature", "properties": {"power": "tower", "telecom": ""}, "geometry": {"type": "Point", "coordinates": [88.2989806, 28.1430041]}}, {"type": "Feature", "properties": {"power": "tower", "telecom": ""}, "geometry": {"type": "Point", "coordinates": [88.3003378, 28.1450239]}}, {"type": "Feature", "properties": {"power": "tower", "telecom": ""}, "geometry": {"type": "Point", "coordinates": [88.3021429, 28.147597]}}, {"type": "Feature", "properties": {"power": "tower", "telecom": ""}, "geometry": {"type": "Point", "coordinates": [88.3035886, 28.149683]}}, {"type": "Feature", "properties": {"power": "tower", "telecom": ""}, "geometry": {"type": "Point", "coordinates": [88.304978, 28.1516364]}}, {"type": "Feature", "properties": {"power": "tower", "telecom": ""}, "geometry": {"type": "Point", "coordinates": [88.3065873, 28.1540178]}}, {"type": "Feature", "properties": {"power": "tower", "telecom": ""}, "geometry": {"type": "Point", "coordinates": [88.3078828, 28.1559215]}}, {"type": "Feature", "properties": {"power": "tower", "telecom": ""}, "geometry": {"type": "Point", "coordinates": [88.3088323, 28.1578512]}}, {"type": "Feature", "properties": {"power": "tower", "telecom": ""}, "geometry": {"type": "Point", "coordinates": [88.3096692, 28.1597406]}}, {"type": "Feature", "properties": {"power": "tower", "telecom": ""}, "geometry": {"type": "Point", "coordinates": [88.3107501, 28.161954]}}, {"type": "Feature", "properties": {"power": "tower", "telecom": ""}, "geometry": {"type": "Point", "coordinates": [88.311646, 28.1638741]}}, {"type": "Feature", "properties": {"power": "line", "telecom": ""}, "geometry": {"type": "Point", "coordinates": [88.26552, 27.011665]}}, {"type": "Feature", "properties": {"power": "line", "telecom": ""}, "geometry": {"type": "Point", "coordinates": [88.3133188, 26.9197956]}}, {"type": "Feature", "properties": {"power": "plant", "telecom": ""}, "geometry": {"type": "Point", "coordinates": [88.5999053, 27.2884474]}}, {"type": "Feature", "properties": {"power": "line", "telecom": ""}, "geometry": {"type": "Point", "coordinates": [88.1405812, 26.6643908]}}, {"type": "Feature", "properties": {"power": "line", "telecom": ""}, "geometry": {"type": "Point", "coordinates": [88.5436142, 26.7705447]}}, {"type": "Feature", "properties": {"power": "line", "telecom": ""}, "geometry": {"type": "Point", "coordinates": [88.5362968, 26.8061516]}}, {"type": "Feature", "properties": {"power": "line", "telecom": ""}, "geometry": {"type": "Point", "coordinates": [88.1862438, 26.9713191]}}, {"type": "Feature", "properties": {"power": "line", "telecom": ""}, "geometry": {"type": "Point", "coordinates": [87.9382839, 28.1913133]}}, {"type": "Feature", "properties": {"power": "substation", "telecom": ""}, "geometry": {"type": "Point", "coordinates": [88.5996569, 27.2888939]}}, {"type": "Feature", "properties": {"power": "substation", "telecom": ""}, "geometry": {"type": "Point", "coordinates": [88.5976024, 27.2837919]}}, {"type": "Feature", "properties": {"power": "substation", "telecom": ""}, "geometry": {"type": "Point", "coordinates": [88.6049218, 27.3431328]}}, {"type": "Feature", "properties": {"power": "plant", "telecom": ""}, "geometry": {"type": "Point", "coordinates": [88.6655182, 27.2094727]}}, {"type": "Feature", "properties": {"power": "line", "telecom": ""}, "geometry": {"type": "Point", "coordinates": [88.1728228, 27.0896077]}}, {"type": "Feature", "properties": {"power": "substation", "telecom": ""}, "geometry": {"type": "Point", "coordinates": [88.1365718, 27.1136158]}}, {"type": "Feature", "properties": {"power": "line", "telecom": ""}, "geometry": {"type": "Point", "coordinates": [88.9916851, 26.959838]}}, {"type": "Feature", "properties": {"power": "plant", "telecom": ""}, "geometry": {"type": "Point", "coordinates": [88.4418652, 27.0023196]}}, {"type": "Feature", "properties": {"power": "line", "telecom": ""}, "geometry": {"type": "Point", "coordinates": [87.9454025, 26.9412745]}}, {"type": "Feature", "properties": {"power": "line", "telecom": ""}, "geometry": {"type": "Point", "coordinates": [88.5767266, 27.2784289]}}, {"type": "Feature", "properties": {"power": "tower", "telecom": ""}, "geometry": {"type": "Point", "coordinates": [88.2801515, 26.9315023]}}, {"type": "Feature", "properties": {"power": "plant", "telecom": ""}, "geometry": {"type": "Point", "coordinates": [88.2332139, 26.9549469]}}, {"type": "Feature", "properties": {"power": "plant", "telecom": ""}, "geometry": {"type": "Point", "coordinates": [88.4571782, 26.927492]}}, {"type": "Feature", "properties": {"power": "generator", "telecom": ""}, "geometry": {"type": "Point", "coordinates": [88.8747339, 27.0296636]}}, {"type": "Feature", "properties": {"power": "plant", "telecom": ""}, "geometry": {"type": "Point", "coordinates": [88.2919471, 27.1600265]}}, {"type": "Feature", "properties": {"power": "substation", "telecom": ""}, "geometry": {"type": "Point", "coordinates": [88.8742519, 27.0286569]}}, {"type": "Feature", "properties": {"power": "substation", "telecom": ""}, "geometry": {"type": "Point", "coordinates": [88.6886298, 27.2104718]}}, {"type": "Feature", "properties": {"power": "substation", "telecom": ""}, "geometry": {"type": "Point", "coordinates": [88.5268034, 27.4014395]}}, {"type": "Feature", "properties": {"power": "line", "telecom": ""}, "geometry": {"type": "Point", "coordinates": [88.5239962, 27.4028969]}}, {"type": "Feature", "properties": {"power": "plant", "telecom": ""}, "geometry": {"type": "Point", "coordinates": [88.6504412, 27.5975417]}}, {"type": "Feature", "properties": {"power": "substation", "telecom": ""}, "geometry": {"type": "Point", "coordinates": [87.9579129, 27.0246134]}}, {"type": "Feature", "properties": {"power": "line", "telecom": ""}, "geometry": {"type": "Point", "coordinates": [87.9609593, 27.0151425]}}, {"type": "Feature", "properties": {"power": "substation", "telecom": ""}, "geometry": {"type": "Point", "coordinates": [87.9634765, 27.0054661]}}, {"type": "Feature", "properties": {"power": "substation", "telecom": ""}, "geometry": {"type": "Point", "coordinates": [88.4833154, 27.1977965]}}, {"type": "Feature", "properties": {"power": "substation", "telecom": ""}, "geometry": {"type": "Point", "coordinates": [88.5423201, 27.5258067]}}, {"type": "Feature", "properties": {"power": "line", "telecom": ""}, "geometry": {"type": "Point", "coordinates": [88.4784296, 27.3907804]}}, {"type": "Feature", "properties": {"power": "line", "telecom": ""}, "geometry": {"type": "Point", "coordinates": [88.4545823, 27.1969722]}}, {"type": "Feature", "properties": {"power": "line", "telecom": ""}, "geometry": {"type": "Point", "coordinates": [88.4529716, 27.1895965]}}, {"type": "Feature", "properties": {"power": "line", "telecom": ""}, "geometry": {"type": "Point", "coordinates": [88.4553668, 27.1943683]}}, {"type": "Feature", "properties": {"power": "line", "telecom": ""}, "geometry": {"type": "Point", "coordinates": [88.2992689, 27.2634934]}}, {"type": "Feature", "properties": {"power": "line", "telecom": ""}, "geometry": {"type": "Point", "coordinates": [88.2945469, 27.2867605]}}, {"type": "Feature", "properties": {"power": "line", "telecom": ""}, "geometry": {"type": "Point", "coordinates": [88.3178882, 27.2044093]}}, {"type": "Feature", "properties": {"power": "line", "telecom": ""}, "geometry": {"type": "Point", "coordinates": [88.3185661, 27.1989855]}}, {"type": "Feature", "properties": {"power": "line", "telecom": ""}, "geometry": {"type": "Point", "coordinates": [88.3154105, 27.2213858]}}, {"type": "Feature", "properties": {"power": "substation", "telecom": ""}, "geometry": {"type": "Point", "coordinates": [88.320795, 27.1828995]}}, {"type": "Feature", "properties": {"power": "substation", "telecom": ""}, "geometry": {"type": "Point", "coordinates": [88.3344662, 27.1065284]}}, {"type": "Feature", "properties": {"power": "line", "telecom": ""}, "geometry": {"type": "Point", "coordinates": [88.3245823, 27.1439216]}}, {"type": "Feature", "properties": {"power": "substation", "telecom": ""}, "geometry": {"type": "Point", "coordinates": [88.247798, 26.8995144]}}, {"type": "Feature", "properties": {"power": "substation", "telecom": ""}, "geometry": {"type": "Point", "coordinates": [88.2765017, 27.0624172]}}, {"type": "Feature", "properties": {"power": "line", "telecom": ""}, "geometry": {"type": "Point", "coordinates": [88.2427196, 27.071257]}}, {"type": "Feature", "properties": {"power": "line", "telecom": ""}, "geometry": {"type": "Point", "coordinates": [88.462362, 27.1663039]}}, {"type": "Feature", "properties": {"power": "line", "telecom": ""}, "geometry": {"type": "Point", "coordinates": [88.3965755, 27.1674065]}}, {"type": "Feature", "properties": {"power": "line", "telecom": ""}, "geometry": {"type": "Point", "coordinates": [88.4750757, 27.1994974]}}, {"type": "Feature", "properties": {"power": "line", "telecom": ""}, "geometry": {"type": "Point", "coordinates": [88.4602649, 27.2245124]}}, {"type": "Feature", "properties": {"power": "line", "telecom": ""}, "geometry": {"type": "Point", "coordinates": [88.4591518, 27.1978298]}}, {"type": "Feature", "properties": {"power": "line", "telecom": ""}, "geometry": {"type": "Point", "coordinates": [88.4585171, 27.1970139]}}, {"type": "Feature", "properties": {"power": "line", "telecom": ""}, "geometry": {"type": "Point", "coordinates": [88.4483674, 27.2275057]}}, {"type": "Feature", "properties": {"power": "substation", "telecom": ""}, "geometry": {"type": "Point", "coordinates": [88.4594438, 26.925913]}}, {"type": "Feature", "properties": {"power": "substation", "telecom": ""}, "geometry": {"type": "Point", "coordinates": [88.4424292, 27.0022989]}}, {"type": "Feature", "properties": {"power": "line", "telecom": ""}, "geometry": {"type": "Point", "coordinates": [88.4437662, 27.0010622]}}, {"type": "Feature", "properties": {"power": "line", "telecom": ""}, "geometry": {"type": "Point", "coordinates": [88.4824598, 26.9606807]}}, {"type": "Feature", "properties": {"power": "substation", "telecom": ""}, "geometry": {"type": "Point", "coordinates": [88.5371545, 27.1790329]}}, {"type": "Feature", "properties": {"power": "plant", "telecom": ""}, "geometry": {"type": "Point", "coordinates": [88.9618726, 27.5126261]}}, {"type": "Feature", "properties": {"power": "plant", "telecom": ""}, "geometry": {"type": "Point", "coordinates": [88.6036412, 27.6600589]}}, {"type": "Feature", "properties": {"power": "substation", "telecom": ""}, "geometry": {"type": "Point", "coordinates": [88.3233207, 28.2001066]}}, {"type": "Feature", "properties": {"power": "plant", "telecom": ""}, "geometry": {"type": "Point", "coordinates": [88.7469563, 27.6847251]}}, {"type": "Feature", "properties": {"power": "generator", "telecom": ""}, "geometry": {"type": "Point", "coordinates": [88.5498161, 27.8456189]}}, {"type": "Feature", "properties": {"power": "substation", "telecom": ""}, "geometry": {"type": "Point", "coordinates": [88.9849724, 27.5344187]}}, {"type": "Feature", "properties": {"power": "line", "telecom": ""}, "geometry": {"type": "Point", "coordinates": [88.6034703, 27.5425936]}}, {"type": "Feature", "properties": {"power": "line", "telecom": ""}, "geometry": {"type": "Point", "coordinates": [88.5385635, 27.3750978]}}, {"type": "Feature", "properties": {"power": "line", "telecom": ""}, "geometry": {"type": "Point", "coordinates": [88.5399166, 27.5159496]}}, {"type": "Feature", "properties": {"power": "line", "telecom": ""}, "geometry": {"type": "Point", "coordinates": [88.5253992, 27.4391735]}}, {"type": "Feature", "properties": {"power": "line", "telecom": ""}, "geometry": {"type": "Point", "coordinates": [88.4079265, 27.2225131]}}, {"type": "Feature", "properties": {"power": "plant", "telecom": ""}, "geometry": {"type": "Point", "coordinates": [88.3349885, 27.1067409]}}, {"type": "Feature", "properties": {"power": "plant", "telecom": ""}, "geometry": {"type": "Point", "coordinates": [88.2919241, 27.2944667]}}, {"type": "Feature", "properties": {"power": "plant", "telecom": ""}, "geometry": {"type": "Point", "coordinates": [88.4777218, 27.2420706]}}, {"type": "Feature", "properties": {"power": "line", "telecom": ""}, "geometry": {"type": "Point", "coordinates": [88.6506758, 28.2284363]}}, {"type": "Feature", "properties": {"power": "line", "telecom": ""}, "geometry": {"type": "Point", "coordinates": [88.3091274, 28.1670337]}}, {"type": "Feature", "properties": {"power": "line", "telecom": ""}, "geometry": {"type": "Point", "coordinates": [88.3713385, 28.222527]}}, {"type": "Feature", "properties": {"power": "line", "telecom": ""}, "geometry": {"type": "Point", "coordinates": [88.48339, 27.1990951]}}, {"type": "Feature", "properties": {"power": "line", "telecom": ""}, "geometry": {"type": "Point", "coordinates": [88.4831527, 27.1973231]}}, {"type": "Feature", "properties": {"power": "line", "telecom": ""}, "geometry": {"type": "Point", "coordinates": [88.4828307, 27.1965597]}}, {"type": "Feature", "properties": {"power": "line", "telecom": ""}, "geometry": {"type": "Point", "coordinates": [88.482513, 27.1991599]}}, {"type": "Feature", "properties": {"power": "line", "telecom": ""}, "geometry": {"type": "Point", "coordinates": [88.4827745, 27.199483]}}, {"type": "Feature", "properties": {"power": "line", "telecom": ""}, "geometry": {"type": "Point", "coordinates": [88.4825132, 27.1991302]}}, {"type": "Feature", "properties": {"power": "line", "telecom": ""}, "geometry": {"type": "Point", "coordinates": [88.4827188, 27.1988449]}}, {"type": "Feature", "properties": {"power": "line", "telecom": ""}, "geometry": {"type": "Point", "coordinates": [88.482719, 27.198744]}}, {"type": "Feature", "properties": {"power": "line", "telecom": ""}, "geometry": {"type": "Point", "coordinates": [88.4827189, 27.1988031]}}, {"type": "Feature", "properties": {"power": "line", "telecom": ""}, "geometry": {"type": "Point", "coordinates": [88.482719, 27.1987792]}}, {"type": "Feature", "properties": {"power": "line", "telecom": ""}, "geometry": {"type": "Point", "coordinates": [88.4836864, 27.1979195]}}, {"type": "Feature", "properties": {"power": "line", "telecom": ""}, "geometry": {"type": "Point", "coordinates": [88.4836725, 27.1984372]}}, {"type": "Feature", "properties": {"power": "line", "telecom": ""}, "geometry": {"type": "Point", "coordinates": [88.4836633, 27.1988129]}}, {"type": "Feature", "properties": {"power": "line", "telecom": ""}, "geometry": {"type": "Point", "coordinates": [88.4838653, 27.1975098]}}, {"type": "Feature", "properties": {"power": "line", "telecom": ""}, "geometry": {"type": "Point", "coordinates": [88.4838553, 27.1978448]}}, {"type": "Feature", "properties": {"power": "line", "telecom": ""}, "geometry": {"type": "Point", "coordinates": [88.483847, 27.1984563]}}, {"type": "Feature", "properties": {"power": "line", "telecom": ""}, "geometry": {"type": "Point", "coordinates": [88.4834544, 27.1970543]}}, {"type": "Feature", "properties": {"power": "line", "telecom": ""}, "geometry": {"type": "Point", "coordinates": [88.4829886, 27.196612]}}, {"type": "Feature", "properties": {"power": "line", "telecom": ""}, "geometry": {"type": "Point", "coordinates": [88.4829795, 27.1964834]}}, {"type": "Feature", "properties": {"power": "line", "telecom": ""}, "geometry": {"type": "Point", "coordinates": [88.4823191, 27.1966026]}}, {"type": "Feature", "properties": {"power": "line", "telecom": ""}, "geometry": {"type": "Point", "coordinates": [88.5095541, 27.1882006]}}, {"type": "Feature", "properties": {"power": "line", "telecom": ""}, "geometry": {"type": "Point", "coordinates": [88.4831486, 27.1968925]}}, {"type": "Feature", "properties": {"power": "line", "telecom": ""}, "geometry": {"type": "Point", "coordinates": [88.4832, 27.1966114]}}, {"type": "Feature", "properties": {"power": "line", "telecom": ""}, "geometry": {"type": "Point", "coordinates": [88.4831933, 27.196546]}}, {"type": "Feature", "properties": {"power": "line", "telecom": ""}, "geometry": {"type": "Point", "coordinates": [88.4834613, 27.1972573]}}, {"type": "Feature", "properties": {"power": "line", "telecom": ""}, "geometry": {"type": "Point", "coordinates": [88.4838496, 27.1986577]}}, {"type": "Feature", "properties": {"power": "line", "telecom": ""}, "geometry": {"type": "Point", "coordinates": [88.4835601, 27.1980509]}}, {"type": "Feature", "properties": {"power": "line", "telecom": ""}, "geometry": {"type": "Point", "coordinates": [88.4835561, 27.1978431]}}, {"type": "Feature", "properties": {"power": "line", "telecom": ""}, "geometry": {"type": "Point", "coordinates": [88.4832557, 27.197626]}}, {"type": "Feature", "properties": {"power": "line", "telecom": ""}, "geometry": {"type": "Point", "coordinates": [88.4824817, 27.1975736]}}, {"type": "Feature", "properties": {"power": "line", "telecom": ""}, "geometry": {"type": "Point", "coordinates": [88.4825446, 27.1973411]}}, {"type": "Feature", "properties": {"power": "line", "telecom": ""}, "geometry": {"type": "Point", "coordinates": [88.4827746, 27.1994621]}}, {"type": "Feature", "properties": {"power": "line", "telecom": ""}, "geometry": {"type": "Point", "coordinates": [88.48371, 27.2237693]}}, {"type": "Feature", "properties": {"power": "line", "telecom": ""}, "geometry": {"type": "Point", "coordinates": [88.458239, 27.2043219]}}, {"type": "Feature", "properties": {"power": "plant", "telecom": ""}, "geometry": {"type": "Point", "coordinates": [88.4591487, 27.2514344]}}, {"type": "Feature", "properties": {"power": "plant", "telecom": ""}, "geometry": {"type": "Point", "coordinates": [88.5272782, 27.4012313]}}, {"type": "Feature", "properties": {"power": "plant", "telecom": ""}, "geometry": {"type": "Point", "coordinates": [88.2332303, 27.3400494]}}, {"type": "Feature", "properties": {"power": "plant", "telecom": ""}, "geometry": {"type": "Point", "coordinates": [88.2804988, 27.3125001]}}, {"type": "Feature", "properties": {"power": "substation", "telecom": ""}, "geometry": {"type": "Point", "coordinates": [88.2806825, 27.312748]}}, {"type": "Feature", "properties": {"power": "plant", "telecom": ""}, "geometry": {"type": "Point", "coordinates": [88.5507086, 27.5221982]}}, {"type": "Feature", "properties": {"power": "line", "telecom": ""}, "geometry": {"type": "Point", "coordinates": [88.4550718, 27.2728793]}}, {"type": "Feature", "properties": {"power": "line", "telecom": ""}, "geometry": {"type": "Point", "coordinates": [88.5002214, 27.350335]}}, {"type": "Feature", "properties": {"power": "line", "telecom": ""}, "geometry": {"type": "Point", "coordinates": [88.4888917, 27.3196523]}}, {"type": "Feature", "properties": {"power": "substation", "telecom": ""}, "geometry": {"type": "Point", "coordinates": [88.498671, 27.355955]}}, {"type": "Feature", "properties": {"power": "substation", "telecom": ""}, "geometry": {"type": "Point", "coordinates": [88.6655353, 27.2099662]}}, {"type": "Feature", "properties": {"power": "line", "telecom": ""}, "geometry": {"type": "Point", "coordinates": [88.482368, 27.1964368]}}, {"type": "Feature", "properties": {"power": "substation", "telecom": ""}, "geometry": {"type": "Point", "coordinates": [88.9246742, 27.4286162]}}, {"type": "Feature", "properties": {"power": "line", "telecom": ""}, "geometry": {"type": "Point", "coordinates": [88.9475709, 27.4814588]}}, {"type": "Feature", "properties": {"power": "line", "telecom": ""}, "geometry": {"type": "Point", "coordinates": [88.8772508, 27.0019643]}}, {"type": "Feature", "properties": {"power": "line", "telecom": ""}, "geometry": {"type": "Point", "coordinates": [88.4793859, 27.2023026]}}, {"type": "Feature", "properties": {"power": "plant", "telecom": ""}, "geometry": {"type": "Point", "coordinates": [88.0877888, 27.0791107]}}, {"type": "Feature", "properties": {"power": "line", "telecom": ""}, "geometry": {"type": "Point", "coordinates": [88.8736077, 27.0280517]}}, {"type": "Feature", "properties": {"power": "substation", "telecom": ""}, "geometry": {"type": "Point", "coordinates": [88.3536923, 27.0042903]}}, {"type": "Feature", "properties": {"power": "plant", "telecom": ""}, "geometry": {"type": "Point", "coordinates": [88.5366675, 27.1795353]}}, {"type": "Feature", "properties": {"power": "plant", "telecom": ""}, "geometry": {"type": "Point", "coordinates": [88.8789734, 27.0614403]}}, {"type": "Feature", "properties": {"power": "plant", "telecom": ""}, "geometry": {"type": "Point", "coordinates": [88.7620867, 26.9689071]}}, {"type": "Feature", "properties": {"power": "plant", "telecom": ""}, "geometry": {"type": "Point", "coordinates": [88.5592393, 27.2591265]}}, {"type": "Feature", "properties": {"power": "plant", "telecom": ""}, "geometry": {"type": "Point", "coordinates": [88.1375197, 27.1139477]}}, {"type": "Feature", "properties": {"power": "plant", "telecom": ""}, "geometry": {"type": "Point", "coordinates": [88.5033971, 27.3867318]}}, {"type": "Feature", "properties": {"power": "plant", "telecom": ""}, "geometry": {"type": "Point", "coordinates": [88.7099822, 27.2379051]}}, {"type": "Feature", "properties": {"power": "substation", "telecom": ""}, "geometry": {"type": "Point", "coordinates": [88.7502019, 27.684309]}}, {"type": "Feature", "properties": {"power": "substation", "telecom": ""}, "geometry": {"type": "Point", "coordinates": [88.186995, 26.94523]}}, {"type": "Feature", "properties": {"power": "plant", "telecom": ""}, "geometry": {"type": "Point", "coordinates": [88.5323167, 27.2510183]}}, {"type": "Feature", "properties": {"power": "substation", "telecom": ""}, "geometry": {"type": "Point", "coordinates": [88.3607431, 27.3012253]}}, {"type": "Feature", "properties": {"power": "substation", "telecom": ""}, "geometry": {"type": "Point", "coordinates": [88.3653444, 27.1681216]}}, {"type": "Feature", "properties": {"power": "substation", "telecom": ""}, "geometry": {"type": "Point", "coordinates": [88.2985387, 27.1686359]}}, {"type": "Feature", "properties": {"power": "substation", "telecom": ""}, "geometry": {"type": "Point", "coordinates": [88.1536471, 27.1391562]}}, {"type": "Feature", "properties": {"power": "substation", "telecom": ""}, "geometry": {"type": "Point", "coordinates": [88.620969, 27.3434916]}}, {"type": "Feature", "properties": {"power": "plant", "telecom": ""}, "geometry": {"type": "Point", "coordinates": [88.2151736, 26.9408704]}}, {"type": "Feature", "properties": {"power": "substation", "telecom": ""}, "geometry": {"type": "Point", "coordinates": [88.595936, 27.3179909]}}, {"type": "Feature", "properties": {"power": "substation", "telecom": ""}, "geometry": {"type": "Point", "coordinates": [88.3143245, 27.2604332]}}, {"type": "Feature", "properties": {"power": "line", "telecom": ""}, "geometry": {"type": "Point", "coordinates": [88.8047326, 28.233782]}}, {"type": "Feature", "properties": {"power": "line", "telecom": ""}, "geometry": {"type": "Point", "coordinates": [88.804832, 28.2349551]}}, {"type": "Feature", "properties": {"power": "line", "telecom": ""}, "geometry": {"type": "Point", "coordinates": [89.0346045, 27.9476028]}}, {"type": "Feature", "properties": {"power": "line", "telecom": ""}, "geometry": {"type": "Point", "coordinates": [88.9786926, 27.8166885]}}, {"type": "Feature", "properties": {"power": "line", "telecom": ""}, "geometry": {"type": "Point", "coordinates": [88.9375408, 27.6681866]}}, {"type": "Feature", "properties": {"power": "line", "telecom": ""}, "geometry": {"type": "Point", "coordinates": [88.9454721, 27.562474]}}, {"type": "Feature", "properties": {"power": "line", "telecom": ""}, "geometry": {"type": "Point", "coordinates": [89.0165513, 27.5892486]}}, {"type": "Feature", "properties": {"power": "line", "telecom": ""}, "geometry": {"type": "Point", "coordinates": [88.2753852, 28.103943]}}]}