lon,lat,label,predicted_probability
93.386139,23.788666,1,0.3040852239048895
93.056946,24.047916,1,0.6154134979719935
92.922576,24.062429,1,0.7355498941543984
92.64,24.28,1,0.4689254107329292
92.858612,23.080278,1,0.40774238304522886
92.757203,23.397126,1,0.593289700535033
92.720505,23.014982,1,0.5691217358213596
93.082939,23.636647,1,0.7433260622407943
92.677083,24.005278,1,0.7891595422133942
93.084944,23.640693,1,0.779994014690573
93.020859,23.959278,1,0.6662863894233156
92.850377,23.275305,1,0.5929695279961609
92.854599,23.454968,1,0.7364638301904439
92.742799,23.762482,1,0.4584221368538892
92.683333,23.983667,1,0.5947254636261828
92.680833,23.940333,1,0.3739738988318696
92.85748,23.28611,1,0.7017192381759583
92.993156,24.199201,1,0.5990814775429149
92.696194,23.747444,1,0.7813326689220002
93.345642,23.935917,1,0.5217441413336981
92.39,24.08,1,0.3622186925053669
92.823021,22.890068,1,0.7224845569467182
92.877944,23.697056,1,0.6405397570687544
93.081083,23.340722,1,0.7986922722548083
93.370459,23.395474,1,0.6697207616798856
92.62294,23.135794,1,0.7752740263505769
92.69,22.34,1,0.5880374358010876
92.570804,23.811938,1,0.24809553257735792
93.201572,23.500803,1,0.6165160794876556
92.69,22.33,1,0.7441500802597399
92.965389,23.740306,1,0.6797286417070577
92.67,22.49,1,0.705124012561448
92.65,22.08,1,0.20545881944952954
92.768059,22.309944,1,0.4616931467478539
92.5,23.81,1,0.33947808012142366
92.47,22.91,1,0.19873290322912482
92.67,22.65,1,0.4220458779096784
93.369426,23.395375,1,0.7848032561025876
93.02803,23.927389,1,0.449015387713831
92.914167,24.080938,1,0.6899425057831583
92.771891,24.022188,1,0.7522999424673337
93.287758,23.14953,1,0.4865500666310699
92.861819,23.44608,1,0.41576218368534434
92.64739,23.8985,1,0.5950491774673324
92.64,22.39,1,0.06997493299721358
92.692902,23.470964,1,0.6589376599655014
92.49,23.18,1,0.39012002656471056
92.684456,23.193548,1,0.5749807764199144
92.623583,23.621722,1,0.18528523934754235
92.69,23.88,1,0.608947428820905
92.673973,23.230371,1,0.34675822480663493
92.57,22.68,1,0.5869985014850133
93.057068,23.299073,1,0.461493825862901
92.737465,22.9634,1,0.47527447695670183
92.77308,24.022376,1,0.6954713046334688
93.12,22.21,1,0.6566557740676762
92.549866,22.897339,1,0.3539707012443883
93.058052,23.172249,1,0.5572157975071305
92.74,22.5,1,0.5299190170358485
92.66,22.68,1,0.46592601435194836
93.201279,23.863417,1,0.5823933766207815
93.07526,23.336955,1,0.8323226637849206
92.67,22.61,1,0.48761809463893807
92.637703,23.271781,1,0.528334342372954
93.01,22.17,1,0.5971601391346578
92.572139,23.533361,1,0.22293469932106438
92.845102,23.388377,1,0.6347805502776518
92.825165,22.788198,1,0.7878852707790054
92.8,22.16,1,0.47742364637172613
92.89,24.37,1,0.49708956714156033
92.38,24.05,1,0.4373094083842395
92.49,22.9,1,0.5947388770760298
92.571583,23.678583,1,0.4860773170588006
93.209889,23.448329,1,0.3374400723583418
92.837833,23.788722,1,0.8127809427006797
93.329028,23.206,1,0.6454662274783295
92.79612,23.117416,1,0.6828741852709278
92.747293,23.460697,1,0.3786275011639585
92.772003,22.320999,1,0.5237119709440085
92.83319,22.9015,1,0.6651505449941947
92.855013,23.497388,1,0.5525591870123185
93.280821,23.163158,1,0.6425093775941169
92.68,22.57,1,0.5594623471459618
92.882004,22.448,1,0.4915879390645738
92.660167,23.71125,1,0.6842221879734383
92.873933,23.43481,1,0.6634629535265044
93.058403,23.710517,1,0.7272828803222864
92.906944,23.047222,1,0.5862353667344
93.276033,23.059174,1,0.6613862286873479
92.793089,24.081381,1,0.37808281321330495
92.873001,22.468,1,0.521931951942745
92.943311,24.191114,1,0.7458453512677817
92.844697,23.385211,1,0.7257705992310416
92.833038,22.940655,1,0.8306936325881977
92.555168,23.089111,1,0.3115222244904666
92.80175,22.827084,1,0.5330692879403545
93.03,22.26,1,0.44775520641916794
92.854734,23.321505,1,0.6764373080403259
93.33848,23.141445,1,0.7396061521224347
92.946348,24.198831,1,0.8073690424895755
92.8599,23.449827,1,0.30949263292074686
92.824974,22.869579,1,0.5452590448615174
92.884167,23.695528,1,0.5593846561497785
92.70697,22.97032,1,0.6962379564878236
92.855003,22.518,1,0.6505417496661675
92.812057,22.806564,1,0.6152563579690586
92.737099,23.182264,1,0.8138472639768273
92.88,24.36,1,0.2329610851230133
92.624512,22.822599,1,0.5677127657447136
93.159164,23.803364,1,0.514674915371054
92.71,24.31,1,0.4173431004484333
93.336861,23.427611,1,0.7564594501631208
93.185776,23.905027,1,0.6431774918666701
92.760933,22.829491,1,0.5694673466451013
92.47,22.9,1,0.20840775828735864
92.886002,22.533001,1,0.5179489862532775
92.634239,23.254946,1,0.7012272232174658
93.01,22.18,1,0.1847376169955736
92.683334,23.199167,1,0.6756544680233973
92.741531,23.918461,1,0.2956514600999078
92.48,22.89,1,0.38318066089673697
92.915441,24.100401,1,0.1808163920085348
92.841003,22.691,1,0.6945018790329878
92.64,22.63,1,0.20346676637925762
93.243069,23.473611,1,0.6211839246702251
93.279722,23.157667,1,0.4600601767668141
93.100523,23.56952,1,0.8165996316390123
92.602028,23.682611,1,0.5888047102706
92.85,24.35,1,0.693742894521622
92.63,22.26,1,0.5187429520657919
92.608917,23.17411,1,0.5568938181405387
92.744614,23.11375,1,0.6557936964933433
93.0,22.17,1,0.45491794443618916
92.831766,23.28328,1,0.8449644457727171
92.767346,24.00977,1,0.836105827264053
93.072462,23.555561,1,0.8340506132270993
92.877998,22.462999,1,0.5667226307941727
92.771361,24.024289,1,0.44874764531280364
93.238127,23.254263,1,0.6591811527851141
93.08682,23.605611,1,0.674971169774242
93.310454,23.496347,1,0.2975564295589396
92.796134,24.091664,1,0.7556682055671623
92.65703,23.92294,1,0.201650442574528
92.49,22.87,1,0.4345952751877481
92.761489,23.708217,1,0.4557574810156335
93.384639,23.375972,1,0.7435856577928307
93.260445,23.876139,1,0.2838150369655175
93.340668,23.936806,1,0.6286774272049159
92.79,24.39,1,0.3991616417435718
93.207362,23.597919,1,0.7534834160223344
92.893059,22.53544,1,0.3741425240684167
92.945618,24.175865,1,0.7168897509859236
92.882004,22.683001,1,0.8305837943522071
93.3845,23.397861,1,0.3354590182401901
92.877444,23.869861,1,0.38084001215742036
92.853889,23.087177,1,0.5201438449284232
92.6,22.41,1,0.6032384001982588
93.384944,23.382417,1,0.5143505241510365
92.724503,22.886652,1,0.7066879545672791
92.948994,24.246076,1,0.09342428882095027
92.748711,22.872849,1,0.624099706277526
92.868053,23.719694,1,0.7304465500466558
92.6985,23.652972,1,0.8347621345422445
92.708145,22.959173,1,0.6640104216404933
92.77647,24.053275,1,0.8335583006224261
92.955048,22.844219,1,0.45911338037551036
92.963806,24.194252,1,0.16908659838741458
92.8589,23.321765,1,0.5064334895921342
92.66,22.35,1,0.4327431111438858
93.355925,23.603629,1,0.4749801769360143
92.854946,23.497919,1,0.2815681978114924
92.825842,23.732867,1,0.823564552702721
93.088782,23.607124,1,0.6518998327824064
93.315306,23.640073,1,0.631053722700552
93.371971,23.846056,1,0.6048632773667175
93.029927,23.653812,1,0.6703889436952457
92.803968,24.09176,1,0.6648265381940911
92.873001,22.459,1,0.5613664461533333
92.73,22.46,1,0.5149739985215914
93.041779,23.808111,1,0.12709491954778435
92.50975,23.208694,1,0.5183474719949963
93.299727,23.647667,1,0.614970605481474
92.679802,23.196638,1,0.5398518652827416
92.910972,23.839417,1,0.08481083786636474
92.63,22.27,1,0.5120229924288536
92.729332,22.969294,1,0.35725333804762016
92.92083,22.466166,1,0.513267473515539
92.750557,22.872238,1,0.7400676930736411
92.704918,23.053806,1,0.6946612049600193
92.36,24.12,1,0.4222308382120156
92.74826,23.150719,1,0.7636372364792107
93.351351,23.607873,1,0.5527978135403453
92.709806,23.9865,1,0.7754329479021442
92.546501,23.249056,1,0.6202139560303496
93.154836,23.411942,1,0.7615391803575206
92.595278,23.637472,1,0.8011927855355413
92.692389,23.717028,1,0.8246926452778189
92.775423,24.043492,1,0.625036072139958
92.922461,24.037395,1,0.4548382581166797
92.720192,23.005587,1,0.5328639575797139
92.891235,22.841455,1,0.679082807541467
92.508827,22.913624,1,0.4588611233472592
93.306778,23.304833,1,0.5019488858962518
92.927345,22.920202,1,0.5322374760400935
92.798134,23.242828,1,0.7804795796085785
93.019874,23.685795,1,0.7359651489643337
93.145889,23.124069,1,0.5309991195641877
92.820023,23.125311,1,0.7031437326231242
92.68,22.67,1,0.6189823073774596
93.2615,23.453389,1,0.667467396440919
93.384281,23.397884,1,0.3354590182401901
93.385565,23.379469,1,0.6011900156299946
92.857686,23.457031,1,0.7116548770176963
92.62,22.22,1,0.5541034485499481
92.752193,23.411146,1,0.34071308001672423
92.957167,23.655417,1,0.39351035320462946
92.856217,23.316221,1,0.6755683906857262
93.087169,23.657186,1,0.7137004193055313
92.93174,22.906252,1,0.5162492384460127
93.047249,24.012472,1,0.5573646259187771
93.102716,23.573051,1,0.7321084866326806
93.202332,23.885195,1,0.7298468720132973
93.031219,23.143806,1,0.6260629515955112
92.931114,23.223055,1,0.5194296952087908
92.673377,24.030186,1,0.388088648196698
92.833784,23.856821,1,0.6463275944460327
92.573694,23.68225,1,0.5695008085265282
92.65,22.73,1,0.5178898381353688
93.09,22.45,1,0.49524715786905515
92.739528,23.741389,1,0.28066433400875807
92.65,24.26,1,0.29992001931190165
92.918457,24.069857,1,0.4119840307619306
93.048668,23.633591,1,0.7388549588194033
93.384813,23.379812,1,0.8082178423256673
92.681581,23.986109,1,0.4537132522069102
93.246639,23.470722,1,0.817489088857539
92.861,22.363001,1,0.5180382178283761
92.770981,23.021145,1,0.6904728919083786
92.69914,22.85558,1,0.491031961031595
93.158251,23.538538,1,0.2888909145150902
92.87265,22.901035,1,0.7804515322984564
92.706055,22.862419,1,0.7457799292697643
93.241556,23.474611,1,0.6173848932468773
92.949684,23.217224,1,0.7024866864801189
92.963722,23.658861,1,0.6766136994023711
93.092328,23.603808,1,0.5045126725037925
93.311889,23.498889,1,0.4239936240205216
92.65,22.66,1,0.6071633503248631
92.789948,23.092278,1,0.2938053233239488
92.7,24.3,1,0.40960771423945225
92.780045,24.039744,1,0.8200602959692124
92.920555,23.018333,1,0.7239736212374527
92.854689,23.322363,1,0.6223962293488785
92.977997,22.424,1,0.615032582275596
93.078826,23.63797,1,0.7962630784601704
92.5795,23.519139,1,0.5347627777545364
93.033627,23.626738,1,0.7127042585653978
92.37,23.84,1,0.23597692808412732
92.84,24.34,1,0.6795033809899527
93.12458,23.853333,1,0.714729943966713
92.795685,23.084101,1,0.49503031230003036
93.13,22.34,1,0.4965696579109308
93.261139,23.21475,1,0.5398452106805115
92.725781,23.413501,1,0.5908007576875025
92.886108,22.458916,1,0.25119601306534844
93.244469,23.874056,1,0.6916938941107027
93.207726,23.885279,1,0.8302138289148951
92.703083,23.727639,1,0.6481874480744321
92.923904,23.002401,1,0.5289710496778602
92.628441,22.823553,1,0.5958191954248115
92.599,23.588472,1,0.5831936571854851
92.856546,23.285967,1,0.48657153857128976
92.954002,22.483999,1,0.42079211324605825
93.065289,23.635122,1,0.6342062511747523
93.384499,23.375634,1,0.7720065965650964
92.780208,23.349857,1,0.6882824121798056
92.860001,22.395,1,0.4697029745961941
92.771004,22.326,1,0.4860974208332112
92.33,24.19,1,0.43889505722799216
93.339128,23.43179,1,0.6801931050477446
92.573056,23.531417,1,0.7526944913174786
93.311672,23.307833,1,0.5210550238020756
92.789719,23.111111,1,0.44508875389395464
92.703873,22.870518,1,0.5354760881750483
93.102306,23.340389,1,0.24328748612936324
92.54953,23.189917,1,0.6578848901747263
92.978,23.720833,1,0.3166636544119643
92.81588,22.853046,1,0.34459335584590745
92.860001,22.535999,1,0.49131623637758365
92.58,22.68,1,0.5156173248410967
92.612062,24.23782,1,0.31442838461476297
92.695903,23.442296,1,0.5810536450664041
92.48,22.87,1,0.28222971029426736
92.714694,23.706667,1,0.6273843785692285
92.59,22.68,1,0.3922223275411781
92.556969,23.083221,1,0.4866645255152628
93.317472,23.462667,1,0.20287326249062088
93.092151,23.322995,1,0.6861004536386621
92.574556,23.546,1,0.6902224967680339
92.518692,23.208918,1,0.6439004973895938
93.394447,23.790138,1,0.35545119992459356
92.913652,23.476232,1,0.7072804070932692
92.911942,22.45138,1,0.3831104594187667
92.75,22.41,1,0.4972283706585814
92.5905,23.657194,1,0.8193084087286023
92.825745,22.865692,1,0.24971914283557936
92.909447,23.143888,1,0.6687200245331452
92.862106,23.443793,1,0.42481093552975746
92.787738,24.070285,1,0.6850534668289929
92.962914,23.003361,1,0.5431106701279867
92.857281,23.477108,1,0.3049102992835148
92.695808,23.094528,1,0.30406180397493265
92.914114,24.078041,1,0.5889993378670152
92.681722,23.997222,1,0.8101876456118102
93.05,22.36,1,0.4067797612554034
92.649524,23.302106,1,0.49556336392972034
92.712611,23.716111,1,0.059430595419013625
92.63,22.31,1,0.5927868878359246
92.573694,23.684472,1,0.7845666397059409
92.684139,23.979472,1,0.6599889380438927
93.099227,23.749805,1,0.5721337930014901
92.68075,23.99016,1,0.6674560740995342
92.826497,23.822086,1,0.7361796524978277
92.81,24.37,1,0.29692780823611215
92.61,22.18,1,0.5684620928910145
92.728528,23.670556,1,0.5404074126419762
92.877998,22.475,1,0.7546674378696118
92.84,24.33,1,0.6080530056939759
92.943345,23.95942,1,0.8298787718450704
92.73033,22.89061,1,0.5766914335764823
92.736252,22.884092,1,0.6522825019426308
92.37,23.86,1,0.41982042764668026
92.80092,22.83653,1,0.5051435876973958
93.020091,23.68054,1,0.7639565565397273
92.5,23.88,1,0.5150650797633654
92.679962,23.184711,1,0.6851607990684767
92.735397,22.883968,1,0.6841144092522976
93.043251,23.992805,1,0.5991254052986756
92.893593,24.066822,1,0.42899977250852467
92.6955,23.745083,1,0.8285892114230577
92.947295,24.197474,1,0.7251261381397799
92.851014,23.405305,1,0.739230412329725
92.985825,22.485666,1,0.5650723640900289
92.852551,23.283951,1,0.4007340260237409
93.246498,23.182417,1,0.7889989087305199
92.916817,24.056205,1,0.4013557264600182
92.5,22.93,1,0.462380184236769
93.1,22.44,1,0.15809234682982046
92.769997,22.328888,1,0.5388014158825052
93.051361,23.844444,1,0.7777559502274006
92.54,24.18,1,0.5828921433757722
92.705612,23.045416,1,0.6954489305098732
93.235031,23.183584,1,0.697332264337127
92.694528,23.736778,1,0.4940342376215065
92.634417,23.619583,1,0.8292513678368576
92.592663,23.805313,1,0.7789316874549606
92.964056,23.658944,1,0.7585775703010722
92.72978,22.88408,1,0.5300161081383509
92.66,22.64,1,0.6911672377086774
92.56,22.68,1,0.5061699906141838
92.851111,23.887333,1,0.699524380595716
92.896004,22.528,1,0.42829070136194636
92.975998,22.496,1,0.643409432206335
92.695419,23.091749,1,0.524346575175169
92.74,22.33,1,0.607248997431517
93.287063,23.145214,1,0.7569907202558387
92.922489,24.037574,1,0.5381507165587606
93.376078,23.391983,1,0.814446417128869
92.71,22.34,1,0.36949775915567346
93.318763,23.404207,1,0.7403632172029498
93.025944,23.470139,1,0.26602355992718774
92.74119,23.297637,1,0.7073248046481881
92.61,22.39,1,0.33124623595083036
92.533889,23.767139,1,0.5585560182651309
92.985001,22.704,1,0.4204861871143642
92.687386,23.147697,1,0.5301771242175197
92.964996,22.487,1,0.5725818492584733
92.666553,23.855092,1,0.5471881810963982
92.71,22.65,1,0.4776902556797878
92.549889,23.189638,1,0.5887510330935781
92.693054,23.107222,1,0.6800752874076871
93.278222,23.484639,1,0.679118808714215
92.764168,23.016111,1,0.7947476036533452
93.112917,23.381167,1,0.5146126411541674
93.006694,23.456861,1,0.6314933844227961
93.311639,23.306444,1,0.6335196226208953
92.679258,24.211504,1,0.669597868963236
93.09659,23.583574,1,0.7678466220227166
92.842003,22.688,1,0.5420838603484265
93.197586,23.181417,1,0.682202257732684
92.696873,23.491004,1,0.6794444826868321
92.771278,24.036893,1,0.8430461415428842
92.63,22.47,1,0.24833030800942216
92.791628,24.102008,1,0.6428422338341188
92.650724,23.833698,1,0.7034072713056753
92.897736,22.861877,1,0.5696217642505967
93.0,22.14,1,0.3272260998390368
92.927889,23.9395,1,0.5811432739492532
92.948997,22.455999,1,0.6102519211996551
92.950081,22.891706,1,0.6387210002243306
92.758148,23.393332,1,0.5774204369055271
93.349683,23.657642,1,0.26504580733875843
92.538406,23.205961,1,0.487959692148506
92.930006,23.844165,1,0.4361544883854373
92.725389,23.742861,1,0.42446460056356805
93.163009,23.418808,1,0.15961255604248048
92.74,22.34,1,0.5231359098428391
92.65,24.29,1,0.37646969168160205
92.62,22.24,1,0.37125192133568846
92.702301,23.439894,1,0.6640202510019445
93.26673,23.026818,1,0.8111949502735649
92.705917,23.032444,1,0.641217285856359
92.964996,22.475,1,0.633143746637111
92.65,24.28,1,0.3318445114289689
92.858002,22.375,1,0.23869456728375363
93.314456,23.312747,1,0.9010982003660518
92.69,24.26,1,0.5608971949889187
92.63,22.15,1,0.430381295317331
92.602611,23.681778,1,0.6534021479441774
92.730515,23.791511,1,0.7561424200394417
93.384778,23.376472,1,0.6619394486296244
92.750935,23.409674,1,0.6477367373209493
92.54,22.55,1,0.570320228129016
93.366956,23.518162,1,0.506073741487212
92.699109,23.301399,1,0.6539844247581521
93.015694,23.463222,1,0.38083590397204276
93.12,22.4,1,0.2547104526133262
93.080389,23.341194,1,0.7759867731727629
92.833969,22.777763,1,0.7180403947144205
92.56,22.7,1,0.6045249061952755
92.598056,23.587917,1,0.5871974331733018
92.854894,23.434706,1,0.4548334662603434
92.84,23.78,1,0.6536516352484009
92.86,24.37,1,0.25623358104989297
92.750288,23.403402,1,0.5686507199952423
92.86,22.1,1,0.5641229913568898
92.946724,22.893372,1,0.7201132939215513
92.690083,23.65475,1,0.8753481431362201
93.091406,23.33101,1,0.8329403224875942
92.91124,23.143007,1,0.6324212835179531
92.754898,22.865286,1,0.7026900243264377
92.697611,23.715278,1,0.6000945017180198
92.940269,23.222652,1,0.6869628151150582
92.53,24.17,1,0.701946305468795
93.08,22.28,1,0.38188080915986006
92.88,22.14,1,0.20045497987059738
92.970001,22.5886,1,0.7309704370086378
93.192172,23.689256,1,0.6605346303850016
93.384772,23.54294,1,0.6307865868591583
93.033971,23.631956,1,0.3988968625041437
92.93,22.23,1,0.5041989285519023
92.642611,23.618917,1,0.7947623925782389
92.731528,23.751694,1,0.6886867814179436
92.557778,23.726694,1,0.7385750101759346
92.65,24.27,1,0.4940254352491608
92.614889,23.625444,1,0.20859629490969508
92.75136,22.87506,1,0.3529638475114144
92.69,22.68,1,0.4778761607652609
92.6839,23.973513,1,0.4348344133058896
92.36,23.78,1,0.4340605622549834
93.313698,23.945055,1,0.7479477099662123
93.033595,23.63341,1,0.5447071529151318
93.217056,23.950277,1,0.5664653846021146
93.041829,23.696979,1,0.5991332341415352
92.676444,23.719472,1,0.25589373266980775
92.647873,23.2747,1,0.6068561022457678
92.859431,23.321864,1,0.7488660119586568
93.304222,23.468361,1,0.6272545410534955
92.870601,23.479766,1,0.7335902945061209
92.705854,23.476702,1,0.42463905175507854
92.668422,24.030588,1,0.7157304770565643
92.907501,23.048967,1,0.5854114960547897
93.364944,23.861805,1,0.7498573153015041
92.72,22.52,1,0.5206564756706836
92.579556,23.51975,1,0.6256036030054963
92.981003,22.490999,1,0.3570342675660169
92.781701,23.351772,1,0.7243585178532302
93.198942,23.612312,1,0.3107849966649227
92.829525,23.735086,1,0.4187230988221132
93.321054,23.081345,1,0.8150893135623606
93.383061,23.373849,1,0.773415584117236
92.705765,22.954966,1,0.6573345763409755
92.795174,23.038607,1,0.6060781833993232
92.758766,22.834824,1,0.7536128949886638
92.860445,23.28985,1,0.6733388860752607
92.4,24.09,1,0.6391613145161277
93.156212,23.542899,1,0.7395046908525857
92.914807,24.025676,1,0.6185825507881763
93.145528,23.384222,1,0.8164985298996047
93.02,22.31,1,0.3891254345513014
93.152916,23.780138,1,0.69871998777682
92.71,22.52,1,0.683341371701773
92.85,22.11,1,0.6756454938648624
92.816734,22.804701,1,0.6232705304429031
92.37,24.09,1,0.6109177681443303
92.61,22.21,1,0.5907209135912588
92.74161389,23.74190833,1,0.6584755853196862
92.873298,23.272218,1,0.5635181459771771
92.878361,23.700889,1,0.7114645783284889
92.809736,23.305259,1,0.36562800720328476
92.911476,23.841713,1,0.6121044529651524
93.1,22.24,1,0.4711512744491836
93.019927,23.681206,1,0.5821248848609676
93.259686,23.451972,1,0.7701191430856578
92.62,22.53,1,0.48836761746508167
93.059998,23.852861,1,0.6318422875887775
92.75016,23.148273,1,0.6449724595956202
92.978777,24.233808,1,0.41626673737835035
93.187183,23.707126,1,0.8350535691333176
93.04,22.34,1,0.5338702549212256
92.919955,23.871694,1,0.6870314357963492
92.718606,23.681531,1,0.7191954933234622
92.82,24.35,1,0.4888339395651007
92.48,22.88,1,0.49147921132746414
92.9053,23.458124,1,0.49900326300403025
92.855527,23.460792,1,0.223852769922245
92.928337,22.915947,1,0.3769066098477063
92.66025,23.712694,1,0.7497793485193246
92.46,22.88,1,0.05672811173455778
92.917,22.591,1,0.6672687350364533
92.70186,22.85258,1,0.5323135353845191
92.708267,22.933441,1,0.5887057539274857
93.315376,23.075575,1,0.8623298236632847
92.743111,23.739306,1,0.4599798495062915
92.69524,23.750454,1,0.5610185525150096
92.81,24.27,1,0.6661130337150392
93.311834,23.466951,1,0.5593775108021489
93.183335,23.694333,1,0.5594593159721012
92.83,24.36,1,0.26914001087843864
92.66,22.7,1,0.6739905013817785
92.917745,24.094248,1,0.7244630930946419
92.811996,22.518,1,0.545991811526828
92.844002,22.673,1,0.4872542928746042
92.946417,24.193682,1,0.78213090149533
92.81,24.28,1,0.7401641422613623
92.790905,24.07814,1,0.7765691345646708
93.026642,23.888081,1,0.6800181466559347
93.080583,23.341111,1,0.8106043795735537
93.31066,23.303412,1,0.41775906883619446
92.741167,23.710194,1,0.5838602764081594
93.343897,23.410218,1,0.2533240531608576
93.243973,24.02025,1,0.7778506626441863
92.9,24.37,1,0.5930557220602173
92.798909,24.183717,1,0.4121535731293041
93.285309,23.999111,1,0.37916190875060224
92.833778,22.779978,1,0.6096160487411052
93.300556,23.354778,1,0.6842060955545737
92.845792,23.383745,1,0.5892950890142697
92.969002,22.462999,1,0.5231542651520328
92.594944,23.615139,1,0.7724871990954543
93.023551,23.675142,1,0.6617320548645451
93.335999,23.87211,1,0.3767605094690782
92.680779,23.194187,1,0.6451129443008505
93.05,22.46,1,0.5999839320217125
92.86,22.11,1,0.5760304344873824
92.33,23.85,1,0.5119833541515125
92.49,22.93,1,0.438839018420915
92.674942,22.845263,1,0.23438148169530493
93.015114,23.907555,1,0.6215392887708128
92.699056,23.716556,1,0.5721254776149132
92.74,22.49,1,0.6584086085084448
92.63,22.25,1,0.6159048494505349
92.949989,24.183115,1,0.610486778519131
92.792189,24.078422,1,0.8242373743127794
93.135307,23.848917,1,0.7514609437266685
93.258861,23.207528,1,0.6624456524342647
92.80347,22.83664,1,0.6420661869927549
92.952003,22.459,1,0.5566157025936014
92.791,22.356001,1,0.37089571049987047
92.78,24.45,1,0.3728467577676822
92.74,22.35,1,0.3046834364869058
92.917519,22.573833,1,0.5241504215226244
92.68,22.26,1,0.5986654620880021
93.301888,23.832916,1,0.3885329824837267
93.31485,23.136712,1,0.8132530796294395
93.283462,23.15114,1,0.5526473806385785
92.753403,22.914276,1,0.7173187110115912
92.595278,24.188117,1,0.4233906651706624
92.875456,23.436999,1,0.37414475864647745
92.85708333,23.68416667,1,0.3407749209196776
92.655892,23.846786,1,0.46350127185606466
92.985893,23.005156,1,0.5310410657164191
92.943611,23.222778,1,0.6418237203155411
92.608917,22.82402,1,0.7032584738540633
92.72,22.33,1,0.5611249163438123
93.299361,23.353111,1,0.5376636792238411
92.571589,23.751155,1,0.7264059856551656
92.85,24.37,1,0.4026455896226468
92.822884,22.892199,1,0.6250413464334341
92.559998,23.104166,1,0.6092970250233767
93.343361,23.411417,1,0.7339676948031
92.858383,23.682158,1,0.31719080488574436
92.994003,22.700001,1,0.6186868499314471
92.791954,22.838732,1,0.21681900574866664
92.825019,23.824586,1,0.2227620689522475
92.7,22.45,1,0.6277060223310091
92.96,22.22,1,0.4066625873060995
92.676277,23.208017,1,0.6498977327333687
92.638527,23.226894,1,0.7026146869513152
92.681472,23.722111,1,0.6201219486504568
93.192778,23.487306,1,0.47810152372369485
92.741413,23.470794,1,0.47426531750706774
92.704163,23.053747,1,0.5268343811181443
93.036804,22.823893,1,0.7413668888167165
92.795578,23.035839,1,0.5960830398039682
92.78,22.15,1,0.4223449063196762
93.289294,23.139244,1,0.8368456605586055
93.030106,23.681548,1,0.4510645340676316
92.75,22.33,1,0.38426560968184104
92.592278,23.669278,1,0.10459534213543303
92.877502,22.561611,1,0.48804228661867416
92.947433,22.892977,1,0.6142112868473432
92.63958,23.248526,1,0.2832420594801568
92.607333,23.590139,1,0.2008157703645854
93.232917,23.279667,1,0.61413955603587
93.207472,23.448278,1,0.47228241657684294
92.865466,23.47831,1,0.6483518991470412
92.72,24.33,1,0.39385631950034755
92.726417,23.604611,1,0.6162649300244454
93.096806,23.3305,1,0.2609100111579851
92.716167,23.699472,1,0.7719423753184972
92.915628,24.025506,1,0.7389399858137068
92.837952,22.882607,1,0.6402262476275142
93.229667,23.474194,1,0.325896073534774
93.066239,23.639272,1,0.26714801710233527
93.205643,23.867277,1,0.8674498412164083
92.76,24.47,1,0.6349143504128488
93.025409,23.470244,1,0.5707788839754516
92.963889,23.657444,1,0.7125556354185583
93.094131,23.597403,1,0.6531321282830347
93.108017,23.168705,1,0.4275859583880549
92.781878,23.333984,1,0.6707350016698737
92.869,23.88319,1,0.5255520506020065
92.929703,22.957235,1,0.6659673682641638
92.750005,23.40178,1,0.595176478403086
93.295194,23.261944,1,0.6078047217822524
92.739754,23.173716,1,0.5843076715141822
93.360549,23.40555,1,0.7182775506558037
92.73,22.33,1,0.34550608643970815
92.920921,23.019981,1,0.18142016238350242
92.925222,23.82325,1,0.5563607359242082
92.857468,23.28388,1,0.5786004761271134
93.318111,23.407528,1,0.43833037367294947
92.928406,22.914797,1,0.5630086326274216
92.46,22.91,1,0.2829781076715276
92.962111,23.626194,1,0.18330048868547685
92.918738,24.097858,1,0.7250900493117153
92.898277,23.083004,1,0.6604382978275187
92.940842,23.222925,1,0.6512317462507333
92.792801,22.838875,1,0.6216769720955714
92.703726,23.440648,1,0.667430240540661
93.255917,23.207889,1,0.26789064640682114
92.892799,22.8363,1,0.5997643066567981
93.362276,23.455367,1,0.410707535725822
92.795724,24.09109,1,0.7117003572341304
93.232644,23.543891,1,0.6236243514239705
92.943036,24.188702,1,0.5170534840530243
92.848482,23.401015,1,0.6892592307278737
92.920723,23.017822,1,0.5990542834037975
92.54,22.71,1,0.4957510643719928
92.596889,23.674167,1,0.8037615901753056
92.754501,22.913414,1,0.4696619970671202
92.750099,23.412046,1,0.6318246990988694
92.826453,23.822054,1,0.7318571831282115
93.116165,23.782249,1,0.10516651201034304
92.852377,23.282258,1,0.7112982742921384
92.944079,24.201154,1,0.7051855872535443
92.75,22.5,1,0.5343756360336586
92.47,22.89,1,0.32305988106615513
93.339182,23.428061,1,0.716315129571868
92.933604,23.943241,1,0.6120154803952695
93.338272,23.141408,1,0.7504162289724859
92.755639,23.730867,1,0.6539509501972538
92.58889,23.213055,1,0.49810475040001073
92.808662,23.314408,1,0.7614474906167398
93.030704,23.650925,1,0.6226021056089154
93.311043,23.390204,1,0.21417989385178476
92.802591,24.216509,1,0.3902642008591496
92.736875,23.463981,1,0.7584962645167905
93.12,22.38,1,0.4406248717522927
92.795582,24.091081,1,0.7117003572341304
92.67,22.6,1,0.5311350507333764
92.904892,23.213892,1,0.6396768325703571
92.596306,23.609111,1,0.516678653641314
92.890915,23.255426,1,0.6621394185801383
92.753304,22.869707,1,0.7587094657922664
92.695972,23.746722,1,0.8226881223746523
93.37664,23.836056,1,0.6597052632240505
92.877502,23.438997,1,0.3328843267970156
92.59,22.38,1,0.6297824431770098
92.885551,22.483166,1,0.6809835327032855
92.67,22.64,1,0.34077074393002926
92.978996,22.392,1,0.5851890756672893
92.714959,23.427681,1,0.6102424639622497
93.315391,23.075703,1,0.8124748140362692
92.736528,23.922639,1,0.7091184853711312
92.951385,22.841801,1,0.5351918071906969
93.241028,23.475139,1,0.6969049142632968
92.772075,24.022347,1,0.5241947450075609
92.857249,23.28621,1,0.7017192381759583
93.038719,23.948917,1,0.5425028274397286
92.98517,24.200746,1,0.7349007420769336
93.310052,23.482322,1,0.377783234552679
92.551529,23.140694,1,0.6058687978792521
93.250636,23.467679,1,0.8073951751465074
93.305275,23.833166,1,0.39366949693684455
92.77,24.5,1,0.3204806064274539
92.67,22.56,1,0.5284737718151307
92.804893,22.846241,1,0.4711862500217734
93.092333,23.325028,1,0.5188202139441004
92.798117,24.237872,1,0.7566882874207606
92.865395,23.44129,1,0.576774280651173
92.46,22.9,1,0.3024137469208322
93.007639,23.457083,1,0.8009726905773891
92.39,24.06,1,0.19806279463648907
92.75401,23.412879,1,0.6854559555742317
93.248947,23.882389,1,0.6163663439734528
92.49,22.88,1,0.4457656743533524
92.856803,23.459019,1,0.6744075585759147
92.866156,23.716125,1,0.6640926074443704
92.752975,23.021692,1,0.7131024930513465
92.786906,23.315355,1,0.6454383291822289
92.76861,23.50994,1,0.5227202278424891
92.839996,22.711,1,0.6808747783827372
92.705399,22.966381,1,0.6416091143823311
92.645801,24.243567,1,0.49719772131366285
92.790809,24.077014,1,0.8641257313933708
92.760002,23.078611,1,0.43246445401178163
93.257389,23.208139,1,0.49187484940145026
92.33,24.17,1,0.34086637629270994
93.314856,23.136654,1,0.8132530796294395
92.920237,24.013044,1,0.5668460794182392
92.831108,22.880117,1,0.4868667183188765
92.869058,23.719306,1,0.8021979219851942
92.81525,24.232551,1,0.6643092396747902
92.802961,24.220596,1,0.7081862429893959
92.73,22.32,1,0.670169390487464
92.985172,24.200487,1,0.6852205513363417
93.329472,23.304778,1,0.3665069812897697
93.009163,23.777472,1,0.5450436296640045
92.47,23.57,1,0.6164816193967358
92.553695,23.783956,1,0.34977630492292056
92.861,22.405001,1,0.403533643722627
93.306394,23.051673,1,0.8409685009216481
92.805611,24.225969,1,0.4891096607042631
92.656696,23.923047,1,0.3089998993375217
93.383565,23.379732,1,0.7972851700955919
93.171166,23.429181,1,0.6090289818664419
92.695111,23.735,1,0.4437688853545315
92.911915,24.026556,1,0.6661361757575679
92.696358,23.097,1,0.6048339921502283
93.359164,23.512147,1,0.5476708973273213
92.888889,23.669056,1,0.732136636406805
92.45,23.91,1,0.34811633409227294
93.102871,23.577354,1,0.5684772693251345
93.380083,23.367333,1,0.7832275853831886
93.147734,23.546048,1,0.6775882658562943
92.992916,24.199114,1,0.5990814775429149
93.306889,23.146056,1,0.48936374175072644
93.222167,23.473361,1,0.7636023586542449
93.27075,23.468389,1,0.4746917233031574
93.205278,23.461083,1,0.5605685077083074
92.690737,24.180261,1,0.6498950224879602
92.771561,22.865734,1,0.5455383611654386
92.66,22.65,1,0.48560954971195447
93.374861,23.394333,1,0.4646739183203934
92.77,22.18,1,0.3416674544506799
92.35,23.86,1,0.2964680161005763
92.63,22.29,1,0.5106325403304026
92.797028,22.850847,1,0.3720181250292228
92.85265,23.727472,1,0.7003699164424606
93.381058,23.546627,1,0.4538445916599479
93.186775,23.851723,1,0.7189049264006782
92.927841,22.916008,1,0.4034185961436658
93.023918,23.779444,1,0.4318732799401567
92.62,22.16,1,0.7070403606832233
92.690207,23.754359,1,0.8530000419030649
92.767128,22.908125,1,0.5479796641190267
93.035248,23.804193,1,0.5943115436315882
92.743028,23.856861,1,0.6684784251691106
93.075702,23.517632,1,0.7874823064459503
92.728694,23.714694,1,0.7304858188036373
92.677265,24.004867,1,0.8111966618691807
92.92672,23.223555,1,0.7717387438073472
92.75764,22.86739,1,0.46202574880748093
92.941536,23.222853,1,0.6820619494089318
92.924156,23.010895,1,0.4709539847343916
92.81508,23.298413,1,0.15595390385992014
92.722199,23.415165,1,0.4402453606179163
92.632911,23.360199,1,0.38882399985166205
92.6,22.34,1,0.4529639874425423
92.846042,23.535189,1,0.1881344281119577
93.044479,23.459737,1,0.3860012727162535
92.82,24.36,1,0.45198983457702613
93.313134,23.311604,1,0.6906536827759833
92.70755,23.05374,1,0.7370487297047119
92.49,23.69,1,0.5639234379554113
92.639369,24.239118,1,0.602358832119888
92.870003,22.586,1,0.6235677941199103
92.934998,22.368999,1,0.632659417927424
92.859192,23.315806,1,0.4588323202092217
92.960437,23.801624,1,0.5160308766836091
93.033974,23.888945,1,0.7071307429842804
92.673714,23.231653,1,0.2612777040184377
93.33801,23.619791,1,0.3713426679602091
92.885002,22.476999,1,0.5222722309261386
92.637703,22.82106,1,0.41568503977220045
93.310111,23.477806,1,0.6581454808309516
92.878334,22.469469,1,0.6487743395280974
93.281056,23.163528,1,0.6147936611477909
93.018316,23.463765,1,0.39833186597279535
92.968472,23.74425,1,0.6463955962605961
93.041184,23.45769,1,0.4981272387712192
92.864998,22.416,1,0.5491671957755089
92.715972,23.700556,1,0.8692860712782527
93.079723,23.630914,1,0.6046736350045748
92.69,22.67,1,0.4401501978676659
93.177726,23.701575,1,0.8075385078783891
92.864298,23.440711,1,0.17365540656557601
92.785835,23.094999,1,0.5554330643875202
92.686775,23.153805,1,0.6597946569815324
92.893478,22.898329,1,0.70609759716605
93.11,22.22,1,0.4180989355067117
93.023297,23.663354,1,0.5685863673918838
92.703251,23.498881,1,0.8165422253158151
92.916676,24.099117,1,0.6432584093735985
92.84,24.35,1,0.5290533379141574
92.39,24.11,1,0.2820005699140758
92.796631,23.249727,1,0.44959776353598235
92.7,22.53,1,0.5659955797048788
93.30675,23.146333,1,0.5523554439200712
92.705795,22.860407,1,0.7389833372450971
92.59,22.3,1,0.50201091425443
92.935677,22.899151,1,0.6346667161799813
93.257027,23.881361,1,0.4491351978612502
92.84,23.816,1,0.268254865841195
93.01,22.15,1,0.18615504171261632
92.743083,23.850861,1,0.6464464678661489
92.798889,22.838051,1,0.7905491204243689
93.168762,23.801054,1,0.7133542574496446
92.772781,23.0425,1,0.6309930870903274
92.650833,23.918917,1,0.14265522356857102
93.076258,23.337519,1,0.796736295345267
93.287022,23.654025,1,0.6266615288329805
93.306249,23.146464,1,0.8071687322889619
92.63,22.28,1,0.6875057419624809
93.335544,23.427418,1,0.6807486795924207
92.702889,23.744972,1,0.7719141329320025
93.229,23.474833,1,0.8826429496895423
92.720558,23.011667,1,0.616086343503511
92.553747,23.783846,1,0.34977630492292056
92.70778,22.86025,1,0.4419207034703583
92.796333,22.846123,1,0.6903872013772822
93.20758,23.487813,1,0.8510459175228607
93.20387,23.605864,1,0.728952652443585
93.116001,23.382695,1,0.8076893168864183
93.378917,23.393194,1,0.18028629626683298
92.900558,23.172501,1,0.5568096593150824
92.640587,23.242306,1,0.623391932365266
93.181274,24.019306,1,0.4225441110629323
93.088283,23.684707,1,0.7199131173817167
92.61,22.2,1,0.4846752917152371
92.591717,23.468357,1,0.4292991392026517
92.789795,23.111578,1,0.5670935497407493
92.992996,22.42,1,0.4969186981602032
93.190067,23.69159,1,0.6667906844481445
92.703889,23.737083,1,0.3876344127541815
92.772026,22.866783,1,0.5615776244489556
92.796936,23.736217,1,0.30849577269258155
93.307373,23.05214,1,0.7961500747453992
92.63,22.37,1,0.45242440742953904
92.795959,22.83779,1,0.8338695460199225
92.858394,23.711722,1,0.8524684558839605
92.99,22.15,1,0.6101978072546305
92.85593,23.443878,1,0.6261041204185257
93.204025,23.862638,1,0.8619530883087826
92.96,22.21,1,0.49461542138933673
92.835556,22.963112,1,0.6783177991544209
93.306544,23.14572,1,0.7565663117100995
93.03,22.38,1,0.5061581641202445
92.862999,22.389999,1,0.574410864606271
93.075313,23.573731,1,0.8172137819535966
92.63,22.33,1,0.41613682429162646
93.007805,23.197752,1,0.7439626514882468
93.022781,23.958944,1,0.6390551440055777
92.810555,23.005556,1,0.8535243675858974
93.349052,23.659891,1,0.29679248242897843
92.752853,22.870546,1,0.8183965526934491
92.793313,24.030793,1,0.629608707665218
92.854305,23.493913,1,0.24570537700650666
92.570306,23.6935,1,0.5377631787585281
93.323501,23.311082,1,0.46485387159890196
92.856282,23.486909,1,0.3840573979320087
93.369982,23.514479,1,0.3354271646424732
93.375863,23.392598,1,0.8158469762563613
92.955582,22.83358,1,0.5859978096561376
93.236333,23.477778,1,0.43294187003377554
92.728073,22.889551,1,0.7174571098326996
93.240166,24.026138,1,0.7297610541808975
93.378058,23.742696,1,0.2271508565355702
92.91546,24.025542,1,0.7017455853506571
93.080056,23.341333,1,0.814673355120349
92.709861,23.740028,1,0.8533607048311842
92.70764,22.85697,1,0.5052750223148534
93.30625,23.1465,1,0.8071687322889619
92.75403,22.87075,1,0.22290187552754578
92.901491,24.030416,1,0.5938917900778582
93.148865,23.782249,1,0.7783661293908859
92.930771,23.212713,1,0.3353470882875137
93.361278,23.408528,1,0.5375390571888048
92.732129,23.771587,1,0.8951109555637893
93.262259,23.46243,1,0.7166750253394605
92.835194,23.812167,1,0.786168952022952
92.923225,23.001865,1,0.8360734722553281
92.73,22.5,1,0.1836848707819199
92.893076,24.067576,1,0.2733779232006616
92.848362,23.2741,1,0.7080959706301083
92.702759,23.49901,1,0.8037151199492935
92.855433,23.38533,1,0.4665717687658457
92.862258,23.308769,1,0.5423287916821791
92.890999,22.530001,1,0.6404175102957903
92.927508,23.847224,1,0.35611190847316987
92.753033,23.732894,1,0.48690624343261635
92.70047,23.056194,1,0.516773988880353
93.00489,23.777805,1,0.6498066326746375
92.858505,23.478601,1,0.5834816604127118
92.697694,23.719972,1,0.8295167100155088
92.870285,23.277412,1,0.7079332905323419
93.083183,23.636699,1,0.700903167703104
92.853533,23.302456,1,0.6152389599914226
93.02375,23.909111,1,0.5727770038835891
92.729706,22.969807,1,0.5318738687027665
92.85128,22.8846,1,0.7560753268362705
92.66,22.63,1,0.6768364405209844
93.379028,23.810806,1,0.5298046151724318
92.952639,24.222837,1,0.14938961101089804
92.793564,23.088409,1,0.5244038419920882
93.314889,23.469833,1,0.4666142469316116
93.128917,23.380806,1,0.2799024475581426
93.020531,23.08989,1,0.7457068158608297
93.006652,23.456613,1,0.5922966165492847
92.675528,23.7195,1,0.5237556445149523
93.076363,23.644962,1,0.35557201887168566
92.75267,22.917629,1,0.5945600014384534
92.71944444,23.70166667,1,0.805935926647796
93.212611,23.48375,1,0.7919575302836273
92.901688,22.874456,1,0.674887917699663
93.311778,23.46718,1,0.5623772668537752
93.311722,23.478556,1,0.7513351455535834
93.384861,23.3765,1,0.6619394486296244
92.790672,24.076035,1,0.2433382105028592
92.815475,22.803982,1,0.6080360120633987
93.204311,23.603865,1,0.7906296851307304
92.605749,23.475392,1,0.5014368396147737
92.870003,22.5273,1,0.38627809463476237
93.048164,23.85,1,0.27705605134609645
92.782928,23.09951,1,0.5468400473075486
92.57,22.45,1,0.49817684975958193
93.241869,23.473258,1,0.5933984475282195
93.313978,23.475522,1,0.3553208538247512
92.7145,23.704333,1,0.6884035456523937
92.692722,23.720611,1,0.6637695314967029
93.384583,23.79125,1,0.43524051425534327
92.568444,23.697889,1,0.6410501325554087
92.791224,23.3154,1,0.7972997843848724
92.62,22.15,1,0.5901580614686908
92.674861,23.823222,1,0.5265500318216931
93.320633,23.081569,1,0.827706859707378
92.592667,23.669694,1,0.2467737505358203
92.905021,23.499418,1,0.3383134116965829
93.270788,23.468508,1,0.6478995626954573
93.035667,23.789749,1,0.4957229228006841
92.37,23.94,1,0.4746936939756645
92.864998,22.525,1,0.5704638325718101
92.836769,22.887474,1,0.7764499184309503
92.808693,23.007998,1,0.519839987707227
93.381139,23.367806,1,0.5238021450828603
92.888813,23.255288,1,0.6248345116358197
93.296204,23.127266,1,0.5412247104112261
93.263265,23.457971,1,0.7338939813389249
92.908569,23.145016,1,0.3665898197303229
93.312,23.310611,1,0.7429295569408695
93.046112,23.856972,1,0.8400206380499782
93.05,22.26,1,0.27577683243103096
93.04039,23.795444,1,0.7164350335450692
93.225722,23.479667,1,0.44572308796832755
93.040585,23.480549,1,0.5521051891354058
92.59,22.39,1,0.4427282426744992
93.147806,23.387194,1,0.7215300957985564
92.894722,22.654861,1,0.8168344126060505
92.682278,23.965889,1,0.3564673134794576
93.160164,23.803055,1,0.6875177132108241
93.214835,23.481881,1,0.597138616042276
93.068299,23.644469,1,0.2880363693010099
92.729443,23.788032,1,0.7709107032303105
92.891663,22.501471,1,0.5085817446756652
92.598639,23.675722,1,0.87486572433807
92.889938,22.897387,1,0.6275496622492587
92.81369,22.80291,1,0.5713814592876914
92.52,24.17,1,0.5015235436144747
93.350321,23.682274,1,0.2976078814190048
92.963562,23.003996,1,0.16647894506187813
92.84925,23.891722,1,0.7551485651493687
92.92778,23.222778,1,0.589908023829813
93.377907,23.36545,1,0.7643727223942278
93.380028,23.366333,1,0.6972660163648807
92.898506,22.867741,1,0.6912434046201864
93.068219,23.647593,1,0.7651315791434165
92.687556,23.753417,1,0.7363044367825529
92.842404,23.40002,1,0.6331941090816692
93.2775,23.161889,1,0.504251248195564
92.930191,22.908737,1,0.27386686032101204
92.51,24.08,1,0.5298748411615231
92.95668,22.839445,1,0.4715590082114934
92.797165,22.837624,1,0.8088412471225573
92.65731,23.273513,1,0.23061037717899258
92.692528,23.71,1,0.8200261889721643
93.023941,23.913445,1,0.7318070368297217
92.772028,23.984972,1,0.3554363037974516
92.873933,23.714703,1,0.5517135347991357
92.971519,22.826855,1,0.5997516988991628
93.206222,23.449083,1,0.5634603217499926
93.168648,23.801399,1,0.6973863017872619
92.735472,23.868917,1,0.5377626860144441
93.05,22.27,1,0.5093330784436838
92.38,24.12,1,0.37361492557562237
92.42,24.1,1,0.2731838680437699
93.00705,23.199879,1,0.5003494058318705
92.557833,23.733222,1,0.7115466703461926
92.755951,22.873558,1,0.5961858495462479
92.82,24.29,1,0.5872257375268315
93.296677,23.350776,1,0.8219173348412346
92.68,24.25,1,0.7254591784829966
92.99,22.17,1,0.33057911422414016
93.286358,23.150818,1,0.6622648310906724
92.742417,23.915778,1,0.6032761713849678
92.48,22.9,1,0.6027505000822849
92.522781,23.210028,1,0.6821257055190738
92.965056,23.654556,1,0.6995184588323206
92.558056,23.735833,1,0.701081794740195
92.61,22.19,1,0.6618418925717469
93.041473,23.966917,1,0.6782295612250991
93.041695,23.855028,1,0.4988989851984182
92.944583,24.19265,1,0.7622916289422101
92.8,24.41,1,0.2613558940643346
92.988426,23.004421,1,0.4960746644886626
92.928202,23.849497,1,0.38042199563189083
92.834671,22.785034,1,0.6440382554118517
92.704414,23.015444,1,0.4947689874342834
93.154137,23.785944,1,0.7084773509755411
92.770557,23.417482,1,0.5245877483417533
93.378258,23.747111,1,0.6334823256939052
92.840324,22.771872,1,0.6709781608463982
92.674472,23.7335,1,0.6661092257744442
92.556417,23.718194,1,0.5592503864328396
93.315107,23.467005,1,0.24807089787588477
92.564045,23.802567,1,0.44356392534792577
92.730472,23.744167,1,0.6534424641087024
92.979797,23.176575,1,0.5586762445092771
93.041426,23.695088,1,0.6187247615683783
93.13,22.2,1,0.539812753181061
92.47,22.88,1,0.46114374258640356
93.061638,24.048695,1,0.7205019087785867
92.68,22.34,1,0.6767317240336729
93.208611,23.870445,1,0.8544302452406562
92.679028,23.743694,1,0.6445012951870899
92.805884,24.225579,1,0.5843129537698948
92.877639,23.882583,1,0.6431560107062736
92.687469,23.13114,1,0.5137057156703785
92.817093,22.873062,1,0.7204285647765674
92.72,22.69,1,0.43575916303366946
93.33925,23.431639,1,0.6985558527614156
92.696714,23.299407,1,0.6068626395747839
92.944562,24.194015,1,0.7429735540906539
92.792755,22.841097,1,0.4156334883104118
92.816559,22.804358,1,0.6193961750424343
92.707482,23.306654,1,0.6070615957141785
93.115972,23.383778,1,0.8033785252274441
93.273139,23.46925,1,0.5619371662456707
92.838905,22.751808,1,0.5597955883585065
92.934998,22.369862,1,0.6641215196209383
92.736,23.727694,1,0.5696777403831379
92.876999,22.534,1,0.743284619991783
93.260137,23.454924,1,0.4716313988936873
92.951214,24.218066,1,0.38555716937044116
93.232864,24.039833,1,0.8496059774421675
92.702461,23.05479,1,0.4550726878396186
92.850991,23.276999,1,0.3944032923009303
92.923164,23.227602,1,0.7497481518998171
93.360333,23.510275,1,0.5622140804650125
92.79944,22.84553,1,0.43378825503756435
93.09,22.28,1,0.4244330041262013
92.917333,23.859417,1,0.30975112253692905
93.340556,23.296,1,0.25847255144163434
92.67,22.66,1,0.39676520718579456
93.357889,23.339889,1,0.4088822728201479
93.312845,23.473662,1,0.6143906857831899
92.75,22.34,1,0.3634469959761355
93.08,22.29,1,0.39653340420261846
92.80519,22.83528,1,0.567841537676108
92.774277,24.040703,1,0.29323797822823083
93.330175,23.301117,1,0.6990632222644623
92.35,23.69,1,0.530912542839451
92.754616,22.91312,1,0.7864259320316145
93.002747,23.068354,1,0.5991096599722352
92.913002,22.615999,1,0.5193489284143453
92.944511,22.844894,1,0.5445426005240471
93.282333,23.151444,1,0.7285754022999968
92.672097,23.790132,1,0.6867251192605294
92.554054,23.246555,1,0.5406476758227834
92.992996,22.513,1,0.7177551501810027
92.62,22.23,1,0.5478693183897688
93.209908,23.884083,1,0.43483679800744907
93.012863,23.461248,1,0.15774756169753104
93.029892,23.792555,1,0.6153351224510528
92.720114,23.744303,1,0.4970919541231307
92.83233,22.90175,1,0.6330103455746887
92.769158,24.025094,1,0.4207571321722568
92.977722,23.610611,1,0.5212044544055504
92.69,22.43,1,0.6452376624610316
92.857178,23.286001,1,0.759420097048221
92.681538,24.238745,1,0.24585743174817967
92.945999,22.434999,1,0.6668463606427606
93.222809,23.866138,1,0.5899480353776929
92.613693,23.145,1,0.807097839901623
92.868828,22.899906,1,0.7363277625934597
92.37,24.1,1,0.5497056562569305
92.65,22.33,1,0.2971029797156284
92.577806,23.562444,1,0.6555755169399777
92.721306,22.899078,1,0.5606039194916833
92.727694,23.716278,1,0.5712281781691557
92.75,22.43,1,0.5626505771935175
93.333333,23.419417,1,0.052428531398006926
92.886002,22.51,1,0.3272669977825782
93.263247,23.45835,1,0.8422778476856434
93.15889,23.800556,1,0.7994817352475035
93.238556,23.476694,1,0.771006323206241
92.802452,24.215868,1,0.5365928682627871
92.951257,24.184022,1,0.60198231460128
92.37,23.95,1,0.3495791884958623
93.222581,23.439142,1,0.577090287137601
92.902039,22.873812,1,0.6458284976866256
93.203804,23.860361,1,0.6312256415956253
92.82,24.38,1,0.5175673580897212
92.661222,23.817333,1,0.29966275367576256
93.200974,23.08964,1,0.771021546780018
93.274236,23.485194,1,0.7566254303566683
92.775169,24.045278,1,0.5728615239986871
92.840388,23.277886,1,0.5660573784553556
92.856169,23.297759,1,0.5422223610221812
92.959917,23.811722,1,0.6751780492545251
92.8546,23.498802,1,0.5860370838131004
92.599111,23.598139,1,0.6303182936019078
93.068776,23.646848,1,0.8063349628252667
92.98,22.19,1,0.5941049970369381
92.681442,23.202129,1,0.7396356341910884
92.916556,23.83675,1,0.4483909292370317
92.857654,23.281103,1,0.645505597353983
92.815781,22.852823,1,0.45466592439551845
92.877998,22.482,1,0.2693328349840053
92.955406,24.242764,1,0.22714233808150264
93.382376,23.541929,1,0.6175025437883578
92.71097,22.86428,1,0.4393125210550239
93.118858,23.936333,1,0.8736480132748607
92.614983,22.790684,1,0.7800922992269058
93.094276,23.872055,1,0.6530724134446618
92.951981,22.842268,1,0.4489644701298751
92.95,24.29,1,0.45508868667649305
92.601667,23.587111,1,0.6805649654937995
92.754234,22.867477,1,0.9258802137355129
93.337222,23.26125,1,0.6862681611365898
93.293333,23.270139,1,0.6611428065369231
92.826983,23.819269,1,0.6881844554830174
92.46,24.12,1,0.22954461984378655
92.96,24.26,1,0.5433890405739954
93.180832,23.908806,1,0.748112575794903
92.849403,23.088615,1,0.7232523439745626
92.991173,22.796106,1,0.5654408454423477
92.797605,24.162021,1,0.6594141557958498
92.681946,23.201111,1,0.6648413953860626
92.870552,22.579611,1,0.7010606364347122
92.776726,22.866318,1,0.5899544074466473
93.379051,23.540457,1,0.6272726948009768
92.91857,24.069401,1,0.6892798175238866
92.867996,22.52,1,0.6704385510473909
92.916,22.615,1,0.057006533842905466
93.071945,23.840334,1,0.5641439515893161
92.833861,23.810083,1,0.7250893624506937
92.6,22.24,1,0.5383793254858442
92.90062,23.195522,1,0.660201939395404
92.962997,22.455999,1,0.6641221911390919
92.804405,22.821659,1,0.693656085040159
92.595583,23.688389,1,0.6101097634106386
93.09,22.25,1,0.5370004724276862
92.853099,23.318805,1,0.27346763682382946
92.850583,23.608306,1,0.8076911530517437
92.916832,23.228361,1,0.7316810170042678
92.641325,24.170329,1,0.25209336743190014
92.78,24.37,1,0.23294558989388192
93.084222,23.602395,1,0.9017731303537211
92.88,22.11,1,0.5469445941890172
92.888859,24.024826,1,0.2846740131561597
92.969556,23.665806,1,0.5733127342893706
92.811355,24.10246,1,0.9243956140593558
93.218843,23.378571,1,0.6886794670113645
92.866778,23.88375,1,0.6239549648796899
92.69,22.24,1,0.5239836137976659
92.75831,22.86003,1,0.41146906765183533
92.68,22.24,1,0.5003094273514925
93.066307,24.043417,1,0.6756796105580818
92.52,22.74,1,0.19255495542733617
92.77,24.34,1,0.2742090039341923
92.741186,23.30028,1,0.8000031155268272
92.869602,23.279612,1,0.725676272443318
92.936401,23.223957,1,0.6808869812412627
92.64,22.62,1,0.25427734554255016
92.616661,23.135416,1,0.7398126602894399
93.239194,23.473778,1,0.7137264820123935
92.75194,23.73436,1,0.5986083321915145
93.078529,23.87075,1,0.8442828422006149
92.73,22.48,1,0.2480154315442978
92.882734,23.260038,1,0.5194812314894409
93.2446,23.388585,1,0.7260647779016322
92.731268,23.308202,1,0.7333501521818446
92.922556,23.902111,1,0.144206244029177
92.551819,23.135889,1,0.29667640579125165
92.645028,23.618083,1,0.7359027062842565
92.540611,23.209055,1,0.7891026117497387
92.538361,23.20875,1,0.8426306984193515
92.725278,23.787414,1,0.7601650825307595
93.245804,23.881056,1,0.732332895608335
92.64373,23.133568,1,0.3633427597577685
92.886002,22.507,1,0.7792278071881659
92.874725,22.656334,1,0.654980782357639
93.01,22.49,1,0.5207329259403075
92.570639,23.695083,1,0.7296607570294878
93.381271,23.394732,1,0.16984894281299415
93.368299,23.135405,1,0.5956293783142752
92.904846,23.243479,1,0.6650079790599658
92.889,22.503,1,0.5063627934052156
92.868857,23.281521,1,0.6528521868812339
93.0,22.16,1,0.3108753239437858
92.933611,23.94325,1,0.6120154803952695
93.353859,23.870445,1,0.6474458743452912
93.194336,24.023916,1,0.8461959971816833
92.7,22.71,1,0.5338159628475334
92.76,24.48,1,0.5046235031686038
92.74,24.34,1,0.37495066698447144
92.857861,23.885639,1,0.7613638564578213
93.190913,23.701047,1,0.851505427140966
92.981087,22.78916,1,0.5646373634003637
93.11,22.39,1,0.49704455399076636
92.854306,23.716025,1,0.5089126579908891
92.757401,22.903807,1,0.6052499293763878
93.120444,23.370167,1,0.28950764178345917
92.993923,24.197817,1,0.5190414520743134
92.679635,23.750676,1,0.40746374459150053
92.818801,23.477601,1,0.6975011192562472
92.918457,24.069728,1,0.2319006900820078
92.861917,23.883306,1,0.3065466409962265
92.932389,23.654361,1,0.330100650878577
93.094558,23.742754,1,0.8163240571141432
93.028969,23.961,1,0.5001318109422379
93.283077,23.151417,1,0.582912216492048
92.871814,23.435405,1,0.6636762579977131
92.69,22.19,1,0.3008966605253995
92.925222,23.92425,1,0.7403779134867744
93.168278,23.425583,1,0.6223882020632667
92.947998,22.427999,1,0.642379201902246
92.854748,23.320815,1,0.6611321602750511
92.642417,23.798861,1,0.2894596158440085
93.02,22.41,1,0.3563094173823179
93.066302,23.6377,1,0.2584349599370162
92.560444,23.712611,1,0.7128887181420248
92.62,22.25,1,0.37461504955795916
93.315313,23.075896,1,0.8124748140362692
93.053261,23.708377,1,0.7364416855201658
93.190277,23.84461,1,0.5624097144763711
92.606156,23.487102,1,0.527489780351145
93.040916,23.797361,1,0.7763080243344668
93.248192,24.023861,1,0.5193593661245178
93.285718,23.320197,1,0.5916213169822232
93.223889,23.445083,1,0.7282164769918462
92.8,24.4,1,0.18738504139369325
92.86293,23.309091,1,0.8287685101043962
93.19007,23.705705,1,0.6012156513726323
93.28563,23.150924,1,0.5512963032992306
92.920555,23.018612,1,0.7706556329952823
92.923472,23.918389,1,0.6029422256721154
93.386887,23.78775,1,0.5935419829880823
92.695667,23.720417,1,0.8512351294841749
92.588608,23.214001,1,0.5994445829794685
92.71,22.66,1,0.4162262162338528
92.964996,22.399,1,0.5044555435105276
92.646222,23.857278,1,0.5328019494863544
92.752235,23.097061,1,0.5110676734904984
93.014893,23.972027,1,0.5765178347787195
92.841003,22.691999,1,0.7013421183262859
92.929916,22.968073,1,0.6103840511864758
92.836403,22.955112,1,0.6595904631818617
92.950996,22.405001,1,0.43306028783306744
92.768333,22.309944,1,0.3946524878202293
92.941025,22.902401,1,0.7778383595643849
92.949911,24.182783,1,0.5635877658069521
93.102938,23.57348,1,0.7616560461689375
93.280568,23.058,1,0.7906133470657257
92.64,22.61,1,0.2900352676050821
93.225889,23.474056,1,0.6105747161137366
92.857002,22.538,1,0.5752568887656506
92.682781,23.971078,1,0.5723131153795631
92.71631,23.70272,1,0.7660426890445163
92.683868,23.973684,1,0.4348344133058896
93.167306,23.424417,1,0.7222459791757759
92.859617,23.680931,1,0.2955939568740135
93.246333,23.471889,1,0.728014589817338
92.96,24.29,1,0.6896783009474314
92.919952,23.022125,1,0.1895626411301474
92.794724,23.183332,1,0.6117549832117642
93.028012,23.657,1,0.7573649599578903
93.041084,23.956528,1,0.5319044979170459
93.285548,23.660361,1,0.6668878116389124
93.076691,23.848083,1,0.6662772088655688
92.89,24.36,1,0.380257370796471
92.57457,23.204981,1,0.6944041595295091
92.738541,22.962877,1,0.7270219438237421
92.992094,24.199185,1,0.5306532807342912
92.601222,23.683417,1,0.597736554471859
93.275647,23.059264,1,0.6145744099021744
93.213531,23.942722,1,0.5506894783996577
92.601278,23.587361,1,0.724642418389857
92.794306,23.353803,1,0.45082584769472095
92.876999,22.469,1,0.4007770378193509
92.699997,23.056612,1,0.6197334972663674
92.992877,24.193061,1,0.7290172303502152
93.14,22.32,1,0.36951009588239025
92.925342,24.061004,1,0.7828786757024583
92.924018,24.014332,1,0.6485786182384662
93.087476,23.606539,1,0.7762324123685118
93.247528,23.883944,1,0.5787528148305366
92.874083,23.872722,1,0.434132691392871
92.64,22.41,1,0.3444878350422744
93.042191,23.617227,1,0.728069425722936
92.693264,23.470198,1,0.6147962905987129
92.855003,22.66,1,0.5724853672199505
92.990194,23.6445,1,0.30837564932639033
93.102493,23.586582,1,0.5017308481722429
92.556028,23.7155,1,0.6483995243263388
92.694833,23.717222,1,0.7813780838332195
93.377281,23.753222,1,0.6649599071454593
92.879997,22.517,1,0.7513474680645353
93.368506,23.135434,1,0.27728782241468164
93.313017,23.467715,1,0.08902760793542668
92.69,22.46,1,0.7059963042758503
92.694008,23.29659,1,0.599116793293121
92.855821,23.459786,1,0.6520566287340563
93.156387,23.791277,1,0.6847296733677064
93.294554,23.30622,1,0.7297706863470119
92.71,24.34,1,0.5597849487081624
92.87944,22.568556,1,0.6934059981758582
92.941421,24.240415,1,0.6943775179275359
93.16378,23.798611,1,0.7019499357373841
93.015587,23.900694,1,0.502247314490531
92.813881,22.795282,1,0.49854430945679706
92.68,22.54,1,0.5379231395523871
93.234642,23.881639,1,0.5695501387846256
92.673778,24.021514,1,0.7530107514592782
92.858002,22.385,1,0.5306308368357824
93.286924,23.657018,1,0.5878952364723988
93.028404,23.685602,1,0.7058391807057351
93.066154,23.322151,1,0.6056652645023931
93.1185,23.37492,1,0.30766715635229674
92.688639,23.716333,1,0.3253385221585553
92.774925,22.866833,1,0.6283345499132309
93.299909,23.361979,1,0.7279214911604546
93.016335,23.969223,1,0.6021888653828694
92.64775,23.712528,1,0.5994548731228251
93.166,23.422583,1,0.17034557549862603
93.314167,23.474639,1,0.5746533328916907
92.890889,23.666722,1,0.7039426924067756
92.51,24.1,1,0.7259739228494687
93.21302,23.875174,1,0.6660995666806148
93.06,22.27,1,0.47085171464813064
92.575111,23.691722,1,0.6624336770154703
93.223472,23.442083,1,0.20320622250248113
92.797666,24.015858,1,0.7677236379890467
92.61,22.64,1,0.4003114783410234
92.927167,23.970444,1,0.11974329000525953
92.919724,23.23,1,0.660738596296397
92.975972,23.666361,1,0.5641308875319831
92.68,22.27,1,0.52139171469311
92.795083,23.740417,1,0.20143237171002526
93.194778,23.860167,1,0.7260524917531844
93.095813,23.296419,1,0.7248929512139568
92.667222,23.934417,1,0.36294168179509656
93.041115,23.966249,1,0.5951201200400583
92.964417,23.670389,1,0.4561598650703837
92.933397,23.387328,1,0.42227755852810184
93.250867,23.467623,1,0.6224703105821127
92.573908,23.761734,1,0.6171547967804321
92.779999,22.358999,1,0.575999079230957
93.159176,23.537491,1,0.7447054513636866
92.79922,22.83675,1,0.5456720674998484
92.887001,22.5,1,0.6456984673631043
92.48,22.93,1,0.44621693082665087
93.379667,23.368361,1,0.2805230268063411
92.597217,23.460968,1,0.5847760366908842
92.796528,24.146606,1,0.6367077060962466
92.693781,23.749722,1,0.8316514960614981
93.374335,23.395159,1,0.6892763065542842
93.311528,23.305111,1,0.12172696556991316
93.195663,24.023945,1,0.7741742617393829
93.177193,23.91011,1,0.4426105541334193
92.879114,23.607347,1,0.6147188364421184
93.312962,23.388162,1,0.3550182200367941
93.337667,23.262222,1,0.716023451193282
92.892998,22.577,1,0.6191668828022313
93.077474,23.629553,1,0.775425843516872
92.943593,24.190711,1,0.783015975926152
92.84,24.32,1,0.5916392846273881
92.66,22.06,1,0.32570904421778535
92.54654,23.796268,1,0.3802349269749255
93.349595,23.672022,1,0.2603257913546743
93.374597,23.747943,1,0.6295179542595043
92.79808,23.23035,1,0.5815129737298305
93.361493,23.336425,1,0.7608827958445623
92.873337,22.574112,1,0.6593177653730529
92.884003,22.681,1,0.7652401244952286
92.729607,22.970823,1,0.59098727640166
92.740615,23.470109,1,0.723377633616368
92.905313,23.458593,1,0.6181169771238765
93.159225,23.803085,1,0.6446241697341671
92.72,24.35,1,0.20134150160407238
92.954177,24.248558,1,0.5750877059592789
92.822105,22.87056,1,0.46573125132627446
92.36,24.24,1,0.2840106538487317
93.123558,23.959278,1,0.7115220200478706
92.699917,23.739417,1,0.8347222725107131
92.98575,23.704861,1,0.2920996841431086
93.002944,23.451278,1,0.0900727074941672
93.08625,23.734427,1,0.8155621818210032
93.074047,23.513436,1,0.5130084221940817
92.770846,24.036336,1,0.7928006284553254
93.178864,23.914278,1,0.39809712457514584
93.177391,23.908806,1,0.6771016742147423
92.984001,22.490999,1,0.3917205148606986
93.13075,23.38075,1,0.6671787225206223
92.928779,23.844109,1,0.5729494507917497
92.877669,23.705117,1,0.5569326336073794
93.098167,23.750139,1,0.5639321705753456
92.819002,24.229303,1,0.21068402305445033
92.802696,22.815697,1,0.6220087234196964
92.705503,23.491497,1,0.6409884866315733
92.89209,22.83885,1,0.6177595618678954
92.944635,24.192522,1,0.7462508442684921
92.909301,24.028721,1,0.5655078450322314
92.75325,23.406389,1,0.3944133442669325
92.48,23.25,1,0.5523092041199157
93.142487,23.14085,1,0.656521602003796
93.343504,23.140461,1,0.7252259894970566
92.580803,23.201084,1,0.5269828999082357
92.696028,23.735028,1,0.7358006074723453
92.81369,22.801022,1,0.6526562879084966
92.558056,23.710278,1,0.5564890494804312
92.74256,22.88392,1,0.6420923306000714
92.757759,23.022377,1,0.778332678055789
92.885002,22.537416,1,0.43524417552440475
92.72281,22.90442,1,0.574856581573439
92.805727,24.237794,1,0.5531685541531858
93.303877,23.647342,1,0.5634526470712216
93.011055,23.982639,1,0.6120200221123383
92.98938,23.006939,1,0.5546906100956314
92.820396,22.789967,1,0.7267231264694073
92.959999,22.455,1,0.5547975257448382
92.577909,23.780864,1,0.7367380425411939
92.740634,23.467262,1,0.7360771377603555
92.916107,22.464916,1,0.4963355050017437
92.993222,23.702056,1,0.42308939438554377
92.590111,23.664583,1,0.6333296352993074
93.09,22.27,1,0.43219659091633256
92.694361,23.745639,1,0.864974058710031
92.883888,22.552301,1,0.27078036095374663
92.72525,23.741806,1,0.59494588215785
93.377004,23.741851,1,0.48887644406687014
92.726112,22.979994,1,0.4814616795236596
92.978,23.667361,1,0.773624833223724
93.28066,23.152298,1,0.7193082346356628
92.590111,23.589167,1,0.6041850016673892
93.349412,23.673104,1,0.4898988683860631
93.125061,23.950195,1,0.2613750933336265
92.747276,23.13732,1,0.7469907209665496
93.07666,23.635733,1,0.7859172596031446
93.168778,23.42425,1,0.6461183838453877
93.343507,23.14046,1,0.7252259894970566
92.651804,23.28113,1,0.7716990232406491
93.218956,23.072695,1,0.5637213750813308
92.683014,24.24496,1,0.3594783295979964
92.713972,23.717111,1,0.678991043583901
93.004524,23.993778,1,0.7359636219866273
92.632545,24.217097,1,0.12685911034646363
92.65,22.65,1,0.48738023195815267
92.882271,22.901287,1,0.597604972939875
93.055832,23.148056,1,0.6066829262348998
92.680592,23.940106,1,0.5164468653700748
92.747818,22.880322,1,0.5944017680513114
92.507889,23.208082,1,0.5470661183224733
93.291988,23.648967,1,0.4474088396045838
92.929871,22.91165,1,0.5186564863868759
93.293979,23.131158,1,0.6939188206579568
93.309244,23.393889,1,0.5421637440322257
92.730354,22.874741,1,0.7345962965595381
92.557152,22.883036,1,0.24605928479081446
92.815636,22.803709,1,0.5664212877533908
92.662306,23.816611,1,0.35387790203045505
93.037109,23.950417,1,0.3780707487162589
93.343559,23.640448,1,0.5377140299390075
92.71617,23.6995,1,0.7719423753184972
93.161682,23.537082,1,0.6214811348191518
93.09,22.29,1,0.5978521009527141
92.716106,23.425424,1,0.5426459693987778
92.736528,23.889306,1,0.6324117993618454
93.311889,23.310167,1,0.6544510000144672
93.171889,23.430917,1,0.4796586772591084
92.880528,23.883944,1,0.5417192001799175
93.360825,23.5087,1,0.5581456878292772
93.287392,23.981083,1,0.8354833734718802
92.737583,23.464206,1,0.7925834099684188
93.368237,23.396738,1,0.6193276941714938
92.858696,23.454817,1,0.7139242674041378
92.857002,22.385,1,0.49826575007285623
93.019279,23.894444,1,0.6107561373520485
92.722754,23.754475,1,0.7549511213900356
92.599917,23.684222,1,0.6405529131732146
92.41,24.15,1,0.5316927345686668
92.876781,23.566631,1,0.521937171383944
92.796008,24.091359,1,0.7252514025139865
92.861729,23.447697,1,0.633013628048828
92.955475,23.21685,1,0.7959946093016836
92.61,22.36,1,0.3233074640317397
93.295668,23.555929,1,0.6909551355518686
92.5,23.87,1,0.35046059791924045
92.694972,22.851028,1,0.5474455676480701
92.879997,22.440001,1,0.6905265522021546
93.324774,23.459039,1,0.08360047730934102
92.681551,24.245649,1,0.6245125005201664
92.546265,22.904324,1,0.32245880891873785
93.13,22.4,1,0.6267146561344346
92.39,23.9,1,0.43326262893260986
93.004639,22.802805,1,0.6365756689770786
92.52,24.13,1,0.4206277071896932
93.140945,24.038279,1,0.5318145554072461
92.922455,24.037336,1,0.4548382581166797
92.81,24.26,1,0.39678074807465863
92.627389,23.618722,1,0.4691948832381516
92.858002,22.379,1,0.3137211064992814
92.571917,23.68075,1,0.3894568554670901
92.675611,23.733083,1,0.8070552108814764
93.356052,23.406236,1,0.1928936850441772
92.874001,22.445999,1,0.6163714873504413
93.342403,23.618316,1,0.7396322685885692
92.768997,22.341,1,0.3169008402754324
93.136912,23.545796,1,0.6375329434761936
93.078697,24.040972,1,0.6631602350465601
92.66,24.34,1,0.33851310217677
92.46,22.89,1,0.3332591105036485
93.092644,23.60753,1,0.6886433451803503
93.267609,23.877806,1,0.6525270096153586
92.597361,23.674694,1,0.8671512616719569
92.975822,22.827406,1,0.575218621108865
93.260555,23.458538,1,0.7678053090646506
92.90416,23.057276,1,0.536939486786666
93.215149,23.870567,1,0.7624084122294558
93.041885,23.848,1,0.6700459312332876
92.841972,23.784222,1,0.3312755047747207
93.33564,23.427713,1,0.34817700514491734
92.771729,24.022079,1,0.7385398453995525
92.805874,24.125996,1,0.6081574601577447
93.038437,22.983683,1,0.49035446219903606
93.303415,23.647375,1,0.683552823826108
92.67,24.26,1,0.7417124011314347
92.861256,23.47803,1,0.7712471934854164
92.585861,23.205305,1,0.7473366379193785
92.77542,24.043187,1,0.5626465003318218
92.773987,23.031231,1,0.614496008043531
92.69,22.54,1,0.48192701052068637
92.857453,23.454081,1,0.6679141069217028
92.870003,22.43,1,0.7061439176437265
93.263222,23.458778,1,0.8339602411649532
92.721222,23.722,1,0.5389787364255629
93.120567,23.563275,1,0.7208428682896041
93.087973,23.677967,1,0.8100534284336535
92.68,22.5,1,0.5844282989279864
92.774357,24.040967,1,0.27402103455672794
92.969002,22.472,1,0.6392061639330895
92.871451,23.293769,1,0.2311505377788823
92.719056,23.693667,1,0.5736333906931923
92.767056,24.010279,1,0.8255468689368874
92.775525,24.050391,1,0.8772238069060226
92.69873,23.076319,1,0.7335660167644011
92.718028,23.982,1,0.5563337826038754
92.798233,23.245819,1,0.7160859696649438
93.03,22.19,1,0.492057473099053
92.856093,23.462805,1,0.14919424686218508
92.66,22.61,1,0.4562132049440096
92.673058,23.235651,1,0.7304207147575661
93.006722,23.457028,1,0.5661052167414343
92.597111,23.784278,1,0.5117884399399799
93.323502,24.003889,1,0.3760629796707935
93.296417,23.470917,1,0.7412288560636339
93.165944,23.423972,1,0.7589285166620092
92.49,22.89,1,0.3898213030914524
93.02,22.5,1,0.38355265552705425
92.851889,23.613722,1,0.6482364149642732
93.132919,23.799166,1,0.26376029326240247
93.296657,23.369857,1,0.4706710833382829
93.024612,23.785444,1,0.24086040228592
92.54,22.61,1,0.4898930324831937
92.795928,24.09123,1,0.7838781218166
92.704583,23.657278,1,0.34712886176976926
92.863082,23.447093,1,0.4313512728129707
92.85,22.1,1,0.6175238199921437
92.66,22.05,1,0.23488776046657037
92.687721,23.145231,1,0.21031105507114134
93.077509,23.548132,1,0.8099258823051204
92.620659,22.786274,1,0.6240112131062457
92.70785833,23.74150833,1,0.5290568986825068
93.203106,23.687031,1,0.815777425691688
92.675056,23.721167,1,0.6343347718086434
92.633859,24.187212,1,0.4770101123804448
92.857091,23.293142,1,0.5737013334127369
92.622917,23.584417,1,0.463692013068998
93.052414,23.835361,1,0.6352317024430065
93.278641,23.901638,1,0.48375540448607085
92.809196,23.129629,1,0.7128575584881459
92.798942,23.713131,1,0.6447354359165085
92.832611,22.89682,1,0.7216519059078352
93.387474,23.793417,1,0.5841281989060594
92.975006,23.221762,1,0.55268710283872
93.223611,23.447639,1,0.6395336025674608
93.066182,23.638822,1,0.38480158360050654
92.698861,23.744028,1,0.7445063862405789
93.01125,23.46025,1,0.6866167923013029
92.798363,23.225542,1,0.6561874487142493
93.241611,23.474528,1,0.6046962622051809
92.70108,23.083611,1,0.5570590209639552
93.215688,23.55097,1,0.645000188952943
92.891998,22.527,1,0.5416934896774354
93.320472,23.461111,1,0.5503325139885796
92.704483,22.857729,1,0.8115018737870157
92.927341,23.847246,1,0.35611190847316987
92.557167,23.737167,1,0.38594473773277327
93.377656,23.746832,1,0.6366681158785363
92.68325,23.972222,1,0.7223440102989788
92.909523,23.040543,1,0.7513755881154645
92.66,22.71,1,0.4557824714888572
92.675083,23.719389,1,0.49258568965383204
93.322667,23.474472,1,0.3991868097084961
93.236611,23.477806,1,0.23055586817464555
92.857432,23.288105,1,0.7386454439790885
92.862999,22.532,1,0.6813925198560685
92.759361,22.836016,1,0.5357826889302876
93.301356,23.35691,1,0.31221339873872755
92.882004,22.486,1,0.5896603167216945
92.707161,22.957518,1,0.536547948574322
92.815971,22.872299,1,0.6970525576346979
92.90097,23.168777,1,0.7008935401909137
92.805948,24.125631,1,0.5664017228130589
92.74,22.51,1,0.6288704520036497
92.587278,23.67425,1,0.45915661101531563
93.07382,23.570595,1,0.8167816947135216
92.665508,23.268811,1,0.7873935588858801
92.888,22.525999,1,0.2879893166492003
93.010582,23.990028,1,0.6550952390992121
92.933,23.844139,1,0.6869871552069876
92.899862,23.448368,1,0.3887453508954216
92.904068,24.004313,1,0.7467146625268937
93.168479,23.534307,1,0.6439243916538658
92.964996,22.490999,1,0.6451544198013114
92.900845,23.451505,1,0.32723834978924154
93.112473,23.777555,1,0.8012973953626078
92.805445,24.225691,1,0.5563809439277261
92.547783,23.189108,1,0.5685151390455292
92.794441,23.038668,1,0.6162327876339277
93.035309,23.962278,1,0.7597750841057952
93.308461,23.237767,1,0.6030317711659492
93.037613,24.001167,1,0.6323671986107011
93.01,22.5,1,0.4104543531286544
92.859084,23.456101,1,0.5965145560906141
92.58575,23.501778,1,0.32992997864690005
93.121277,23.938028,1,0.8785622827000624
92.621895,22.789585,1,0.7530746659542665
92.925728,22.96703,1,0.3768147653638482
92.597417,23.588444,1,0.5869545537873467
93.312778,23.466139,1,0.5297491137330925
92.539681,23.76821,1,0.6146004229706403
93.024666,23.7885,1,0.4814398063737363
92.623497,23.133902,1,0.7456228544404567
92.570139,23.690722,1,0.6225840297856277
93.039041,23.689282,1,0.7206205798200859
92.807343,22.812588,1,0.6909081936341103
93.248874,23.469712,1,0.11256697542517578
93.288852,23.138981,1,0.7402158760465273
92.557833,23.728778,1,0.7672769553768348
92.715601,23.421903,1,0.46479018563132013
92.866917,23.447015,1,0.34663575038123595
92.622389,23.587,1,0.32143917358589374
93.116943,23.792749,1,0.8115603707081227
92.600889,23.588417,1,0.6647235732532912
93.311361,23.303639,1,0.20662660977203381
93.213997,23.938583,1,0.5593196998754987
93.05583,23.708507,1,0.7043802965399374
93.28653,23.980749,1,0.7537368856439954
92.874917,23.699611,1,0.4071018377089885
93.38797,23.795778,1,0.5632668435706285
92.848167,23.760222,1,0.7088052724895326
92.833511,22.791958,1,0.10918068102510015
92.744,23.750722,1,0.5272432501908308
92.855608,23.464394,1,0.45390938674078085
92.950748,24.182669,1,0.725558695850498
92.95,22.22,1,0.4970036769964864
92.674267,24.033563,1,0.7588400209035583
92.865997,22.525,1,0.2327414062362923
92.70578,22.977497,1,0.7842663468755573
92.854914,23.320289,1,0.5981508090658154
93.026138,23.182667,1,0.10555413272381717
92.585889,23.500083,1,0.24915580407766613
92.37,23.93,1,0.37010431277737477
92.5,23.8,1,0.30503248060344035
92.591139,23.580139,1,0.356289719175304
92.749556,23.745444,1,0.1266283752562661
92.641035,24.171459,1,0.4030268784305886
93.300278,24.000334,1,0.770347018895523
92.596889,23.608389,1,0.587470767147328
92.91518,24.07462,1,0.671840636152333
92.999901,22.986418,1,0.5600688949501479
92.856607,23.447985,1,0.5023938981972818
92.744806,23.924278,1,0.3923608031549559
93.136272,23.414113,1,0.6507164592194445
92.41,24.14,1,0.6227007445347171
92.809334,22.849134,1,0.42080964142985816
92.740389,23.918694,1,0.34273826377550437
92.680404,24.214366,1,0.5842213988877826
93.270428,23.164508,1,0.2316755659267883
93.303889,23.306444,1,0.8419302475462079
93.02425,23.66958,1,0.23654889549388297
92.55249,23.188799,1,0.4325316902353099
93.33833,23.412845,1,0.6445407685870707
93.095444,23.870583,1,0.4982652494605826
92.94432,24.190369,1,0.7909794798231463
92.904111,24.004186,1,0.7498031458870729
93.344976,23.140294,1,0.7372086312662344
92.561473,23.757805,1,0.7485663023205582
92.741035,23.118336,1,0.5108020613245162
93.380632,23.368386,1,0.7604821746926308
92.907485,24.025487,1,0.636209354748502
92.882004,22.447001,1,0.7382368761979538
92.79831,22.84808,1,0.3294854618825116
93.200279,23.886723,1,0.6365041517600432
92.648953,23.855535,1,0.5382606636566944
92.67691,23.219172,1,0.5847161026318209
92.888333,23.671,1,0.7072380817345849
93.041222,23.882055,1,0.6424020478397195
93.214195,23.939194,1,0.8650732634882079
92.731926,22.965527,1,0.6593890703310773
92.671333,23.24774,1,0.4203524889700184
92.62748,22.786629,1,0.4851480890749317
92.742222,23.851361,1,0.42920060661547355
92.858096,23.314208,1,0.6239683347999547
92.893471,24.067478,1,0.4508288539450452
92.72417,23.74372,1,0.5756052162168577
92.715782,22.883656,1,0.41110804968004044
93.03,22.25,1,0.48952985050554093
93.222557,23.868279,1,0.5832527610761817
92.892761,22.832573,1,0.4664149934272409
93.026558,23.957556,1,0.610688516224598
92.690145,23.754493,1,0.38711527709772997
92.817886,23.125807,1,0.7234201567087877
93.26728,23.470329,1,0.5488464213157629
92.743306,23.852722,1,0.24758696804014102
92.649528,23.712306,1,0.563179676796876
92.63,22.74,1,0.4289296968518942
92.694292,24.240244,1,0.5407566058383075
92.932639,23.865694,1,0.5065956387721022
93.015587,23.899305,1,0.4935176370850461
92.91922,23.025131,1,0.4125419746428441
93.331917,23.4195,1,0.5544892393322354
93.04575,23.462917,1,0.39174325234543933
92.978028,23.667306,1,0.6978989336108224
93.377213,23.476989,1,0.652500886956507
92.673871,23.933904,1,0.35455017040019293
92.861667,23.695444,1,0.6732624481797541
92.860374,23.291063,1,0.6166139174493998
92.703522,23.005594,1,0.730151311062439
92.65,22.35,1,0.34499852802598097
92.771515,23.017555,1,0.5559658319984642
92.934364,22.897877,1,0.6966984484670901
92.922778,23.929083,1,0.3962021058083601
92.798332,23.132685,1,0.6702286467266655
92.903984,22.889872,1,0.6483802310064459
92.56,22.67,1,0.7189105920746308
93.275024,23.890694,1,0.4353952261890052
93.380139,23.366694,1,0.7485552479276
93.080002,23.057222,1,0.19304649741921695
93.201022,23.608133,1,0.6552788085783496
93.33685,23.490702,1,0.2158830113766342
93.032189,23.639484,1,0.6432201789639916
93.044418,23.983694,1,0.2250808208500842
92.8983,23.103046,1,0.7856724579681474
93.373917,23.842167,1,0.6008632201518919
92.722444,23.687833,1,0.7770260355265908
92.798653,22.837809,1,0.7906674928992652
92.603833,23.826694,1,0.678066177770414
93.008904,23.705262,1,0.6659266586518162
92.740677,23.297332,1,0.8315208996684018
93.332441,23.297894,1,0.6395885494975007
92.61,22.65,1,0.4890278892311103
93.083824,23.602028,1,0.7836630701510955
93.243027,23.88139,1,0.7330172249210867
92.88,22.15,1,0.22115919831375047
92.595222,23.808528,1,0.5752923422331161
92.834056,23.860102,1,0.5066318784367521
93.115608,23.85075,1,0.7543128683739737
92.954167,23.812139,1,0.21869525072516818
92.71,22.43,1,0.5316500096799209
93.296893,23.351115,1,0.7433252724008632
92.870277,22.577583,1,0.7918241116874628
93.250969,23.881971,1,0.7137170137369604
92.793999,22.513,1,0.5353694289930356
92.896141,23.092573,1,0.5666294744991646
92.42,24.2,1,0.28343734874332077
92.683312,23.976412,1,0.6386055489535805
92.978996,22.381001,1,0.7032751007493829
93.166359,23.801001,1,0.6996493070737556
92.886963,22.848185,1,0.5072882888926025
92.829948,22.902414,1,0.37153987516331544
92.830469,23.825205,1,0.8159786091829992
93.04422,24.046499,1,0.531536465130061
92.966003,22.478001,1,0.5833566303491897
92.615556,23.503611,1,0.7272788106486995
93.350691,23.666608,1,0.2599956077784172
92.72374,22.993277,1,0.5708525465642926
92.682278,23.722222,1,0.19727208398786075
92.920425,23.017494,1,0.6429894164857909
92.868912,23.442118,1,0.5245212353499048
92.36,23.79,1,0.5077023679001462
92.891212,23.113066,1,0.6447715096357453
92.648759,23.298044,1,0.6660009780169521
92.604694,23.590722,1,0.1501869597947012
92.892639,23.665806,1,0.6647786157392042
92.730611,23.934222,1,0.4791460303265481
92.842003,22.705,1,0.6924145583083569
93.385722,23.397417,1,0.17218411868389707
92.805847,24.125294,1,0.2322829367528522
92.870544,23.07859,1,0.46331562737470205
92.805801,22.813019,1,0.5903808123620947
93.298884,23.359579,1,0.7305777971261439
93.204251,23.604431,1,0.7873111455701667
92.750961,23.142357,1,0.7849724132248617
92.795555,23.208055,1,0.6555621898429281
92.870003,22.450001,1,0.5763818992912046
92.964611,23.656556,1,0.5982064519296828
93.074722,23.336389,1,0.7803261375404543
93.095612,23.887251,1,0.699298072374421
93.099533,23.244541,1,0.49248726751972727
92.715571,23.423348,1,0.4451883575400526
92.74583,22.88281,1,0.5901902409869261
92.65,22.34,1,0.10303053624187469
93.02,22.32,1,0.4569367018582604
93.027115,23.805779,1,0.6032233564105032
92.569325,23.821894,1,0.42340422959750257
93.376359,23.391352,1,0.6553501944951663
93.131588,23.548173,1,0.7621219524331092
92.826431,22.862442,1,0.3781647661431913
93.014317,23.462173,1,0.20352781607875567
93.085929,23.64119,1,0.6900122460310134
92.87,24.37,1,0.5681085346340774
93.025055,23.794195,1,0.2952619748580682
92.87909,23.440973,1,0.5439942244207285
93.19938,23.908861,0,0.44764821700364554
92.612619,23.121759,0,0.733777622172257
93.029428,22.20464,0,0.3457433634003771
93.100534,22.468886,0,0.7032947127063703
92.858383,23.523722,0,0.6463130541990747
93.142346,23.226868,0,0.3285697381352612
92.9658,24.005115,0,0.1010383951540316
92.931023,22.957359,0,0.2266538769059738
93.314167,23.442269,0,0.8413435814009794
92.98201,23.388693,0,0.727190206544748
92.58141,23.050233,0,0.2737550983004835
92.42257,23.264827,0,0.22248857640685216
93.22991,23.987458,0,0.4364470248181456
93.100835,23.316829,0,0.4911175860473109
93.225879,23.237206,0,0.2857151064491971
92.775189,23.037864,0,0.7575442103817009
92.911357,22.61308,0,0.2944797107227468
93.118388,23.257503,0,0.49109442749032656
93.185106,23.442255,0,0.2611048845958039
93.174864,23.525975,0,0.21733608481119665
92.746335,23.727807,0,0.6700502713209191
92.771911,23.278099,0,0.06403308323924922
93.218043,23.065358,0,0.42393771698404753
92.85622,23.024276,0,0.5264685159623413
93.1578,23.410987,0,0.1498445972137735
92.808508,22.676775,0,0.28391587348619013
93.128892,22.919032,0,0.3370141603850774
92.752439,23.315229,0,0.6698082080050513
92.502864,22.786298,0,0.11010878208118349
92.70516,23.72982,0,0.26110054076784317
92.599384,22.096332,0,0.6090378617701281
92.556133,23.785788,0,0.697045689089986
92.947043,23.771208,0,0.2411532390574754
93.187776,23.523153,0,0.26689161180524223
93.071123,22.74627,0,0.32633748399852597
92.677104,23.209588,0,0.7088357841127547
93.124323,23.984862,0,0.15736664255531263
92.754463,22.86622,0,0.7168156262059237
93.144598,23.109094,0,0.176866962679587
92.97923,23.735403,0,0.6949451587445689
93.18327,23.6259,0,0.4473470121024526
92.711506,22.851179,0,0.6415599002594579
92.837735,22.813784,0,0.8163127821681136
92.853766,23.891069,0,0.8288391412621511
93.095053,23.28085,0,0.3547035744785798
92.928232,23.693917,0,0.16838013146718556
92.808877,22.118359,0,0.37482512216890335
92.967655,22.488449,0,0.3858406412852454
92.581553,23.860026,0,0.37286412985681955
92.714057,22.336849,0,0.5445489432597141
92.942634,22.874297,0,0.40675310635866446
92.920456,23.879604,0,0.6361680668126767
92.363172,23.181328,0,0.40861265934110835
93.315941,23.410034,0,0.3405152857154051
92.60702,22.337534,0,0.41626323315737246
92.628188,23.815074,0,0.7167374280948449
92.754557,23.729472,0,0.18915091989769578
93.095648,23.289212,0,0.3509103418515456
92.504646,22.862701,0,0.5321964717590697
93.10391,22.919948,0,0.6630513424898615
93.089746,22.860336,0,0.64646121789645
93.227346,23.547918,0,0.752596584364603
92.389417,22.934399,0,0.45880795663486945
92.749297,23.765237,0,0.2421507503251323
92.48309,23.225024,0,0.7275233848057499
92.492854,23.701586,0,0.43071468313856703
93.249501,23.58534,0,0.11507081414516004
92.774455,23.271704,0,0.3804304239823901
92.857536,23.445535,0,0.14787371698976923
92.507604,22.915473,0,0.4805031184500564
92.986963,23.781665,0,0.5482197170650313
92.91798,22.468037,0,0.6441440265242205
92.436676,23.061618,0,0.34310333128350645
93.100064,22.978,0,0.4284111071214878
92.645669,23.446457,0,0.356793209497878
92.71389,22.87735,0,0.23729013586807843
92.962907,23.552079,0,0.2676457465618925
92.60668,22.338098,0,0.5709481564934042
92.900489,23.750242,0,0.7809138138207029
92.978966,23.209258,0,0.6627655599355812
92.446328,23.911977,0,0.3503551658644993
92.580283,23.645887,0,0.8055398725582993
92.742986,23.743065,0,0.581908800165303
92.734626,23.819162,0,0.19451793339409895
93.079343,23.310674,0,0.5827191859436772
92.547691,23.18705,0,0.4460505591059491
92.701742,23.482632,0,0.3356044854701352
92.928765,22.943702,0,0.6682889990891855
92.74178,23.770962,0,0.46332898723904087
92.725985,22.628846,0,0.3038086370671407
92.617329,22.089959,0,0.3223396219888134
92.961414,22.367482,0,0.46910567378078705
93.050425,23.842924,0,0.7736617132775976
92.769407,22.314934,0,0.5067391043051941
92.319509,23.757884,0,0.5117952753361675
92.941052,23.96729,0,0.4256516004660674
93.318307,23.129515,0,0.7030716159676876
92.4096,22.965893,0,0.12543905703909602
93.000224,22.497677,0,0.6828118057514498
93.182713,23.522247,0,0.2450260412335186
93.134859,23.17062,0,0.3636800482849836
92.981826,22.794263,0,0.397065399455199
92.87797,22.55398,0,0.6362126258731751
92.653003,24.263478,0,0.4800646777664745
92.650267,23.841335,0,0.3762308897315779
92.471211,23.750281,0,0.5523778807684279
92.97247,23.691815,0,0.15461850398818738
93.347158,23.244534,0,0.5333856065717679
92.84856,22.102503,0,0.18320838800948935
93.070619,23.838818,0,0.5619227846001827
93.295826,23.464106,0,0.39182363463671555
92.781037,22.501671,0,0.481123964472982
92.895904,22.333305,0,0.4479275671979489
93.135806,23.217856,0,0.6848553994513645
92.641622,23.836036,0,0.16525720054778073
92.897106,23.092225,0,0.6537565312784089
93.0464,23.128349,0,0.137958223007003
92.40568,23.258692,0,0.1284630234943073
92.781836,23.048544,0,0.5338425798114852
92.919856,24.115657,0,0.26820502561433346
92.364793,23.40559,0,0.12159969807674043
92.95115,22.549186,0,0.6985850479426973
92.782647,23.436175,0,0.34536854196210237
92.607333,22.178374,0,0.5954267999349531
93.413909,23.666118,0,0.11859428648839089
93.37021,23.607883,0,0.3432171604125903
92.793395,23.257097,0,0.7700933219016377
93.341866,23.475798,0,0.08338438331769957
92.643419,22.370444,0,0.4592025498190202
93.219118,23.051762,0,0.3457005192670814
92.706371,23.494148,0,0.11516259158944794
92.975325,23.692083,0,0.47271238258550075
92.984152,23.659708,0,0.7159709156813334
93.120438,23.778792,0,0.19494400790973185
92.60802,22.956801,0,0.36994838985954537
92.403024,23.275236,0,0.09900656723956305
92.676752,24.237432,0,0.17307680889520963
92.938989,23.285486,0,0.42101225397707714
92.58796,22.677274,0,0.7316068319122216
92.543303,23.767377,0,0.38293694920681387
92.75841,22.369957,0,0.3424367839552856
92.473212,22.795405,0,0.20422852848825046
93.109624,22.493037,0,0.14312379841648423
92.581683,23.853235,0,0.6546276816426475
92.541425,24.193914,0,0.12358218321145986
93.29908,23.305009,0,0.8613795943705383
92.893965,22.518492,0,0.43969771440818883
92.843467,22.680901,0,0.6224622123882121
93.11784,23.158939,0,0.24992966598798508
92.950598,23.559252,0,0.5733499654873458
92.854043,23.732331,0,0.5673391649533549
92.528135,22.784403,0,0.6837678190534466
93.153599,23.486172,0,0.7074039515453078
92.723868,23.727462,0,0.41399973784602906
92.58441,22.287737,0,0.4615628448165876
92.713768,23.761353,0,0.5354360996584407
93.143368,23.211857,0,0.6543141797964492
92.781462,23.045338,0,0.7190726615262899
93.410683,23.664174,0,0.0762979042333397
93.217505,23.634113,0,0.19179120675761469
92.771952,22.499548,0,0.3369385978492327
92.671706,23.224384,0,0.5353899233818837
93.3447,23.483913,0,0.13612897429206983
92.653644,23.808335,0,0.29902437785028124
92.674242,23.657782,0,0.39667549252093615
93.381374,23.36048,0,0.09622242169685896
92.596566,24.190842,0,0.3175038531278084
93.329938,23.212633,0,0.5970166085200539
92.721851,23.627952,0,0.3387640280108775
93.377421,23.690697,0,0.29242348504592536
92.745056,23.763599,0,0.5881777397965261
93.215092,23.22555,0,0.4283077070604109
92.931356,22.957602,0,0.33573595079241514
92.854811,22.265544,0,0.28808327427353825
93.242037,23.578117,0,0.23931462857494115
93.050183,23.468632,0,0.16928989427410643
92.5689,24.147471,0,0.4343921663797978
92.560253,23.779038,0,0.48260796828246233
92.821559,22.251432,0,0.46829018094385344
92.848296,22.891868,0,0.6909710586074344
93.040332,23.093192,0,0.22374288090604427
93.079886,22.292983,0,0.3009059848518231
93.334189,23.483528,0,0.22463430776810436
93.077993,22.29526,0,0.24136798040677354
93.079846,23.765108,0,0.25466945432108684
92.722641,24.342,0,0.613107407034675
92.89468,22.461234,0,0.2980277415120691
92.705335,22.939017,0,0.5713222457125462
92.270291,23.751916,0,0.663960000392672
92.919768,23.869345,0,0.5126728364367109
92.742153,23.883285,0,0.5320731648623384
92.743042,23.839312,0,0.4059998890516054
93.046133,23.438231,0,0.18607815391997196
93.018647,23.189203,0,0.19375047104182108
92.954824,22.502922,0,0.5747524633167915
92.975222,22.161788,0,0.5213274333055337
92.80101,23.452458,0,0.20295778351443045
93.377018,23.589391,0,0.19138309259809785
93.145492,23.475528,0,0.5931390960041117
92.780258,23.345278,0,0.635940908946932
93.094879,23.010669,0,0.316606393959617
92.962554,23.683726,0,0.3906856910463693
93.128598,23.38175,0,0.32733304509439576
92.753511,23.381291,0,0.5893249560522454
92.966425,23.50679,0,0.6798533146362703
93.065794,23.710264,0,0.5309051966257934
92.680645,24.24296,0,0.4669196377345771
92.737208,22.329151,0,0.2399596590814087
92.636015,22.726875,0,0.4018913461433107
92.729404,23.759145,0,0.3798255154522195
93.127615,23.233665,0,0.17690911502632234
92.765865,23.266279,0,0.19016300810407508
92.715083,23.650311,0,0.4257500566136473
92.724952,23.471583,0,0.2808568559430339
92.963497,23.654354,0,0.5412970828306102
92.528553,22.907321,0,0.12735752311820783
92.764733,23.295702,0,0.21049112535396247
93.063593,23.632364,0,0.033400679527099075
92.489052,23.845161,0,0.2584302814253888
92.960154,22.951265,0,0.6497418403485643
93.37403,23.36574,0,0.14065190513551534
93.122016,22.364114,0,0.4470734818421975
92.77486,23.034065,0,0.4161189052820165
93.222714,23.566543,0,0.27945047117162486
92.619007,22.60614,0,0.25302662841177403
93.305126,23.713048,0,0.328041939424583
92.760548,22.902428,0,0.34737517324268236
92.88993,23.111948,0,0.3078623133828421
93.203462,23.073215,0,0.5883018722691027
92.727484,23.728226,0,0.5239238596016642
93.058748,22.972391,0,0.5057685259090395
92.995928,22.155056,0,0.4215479652867652
93.084983,22.296383,0,0.4867898629670537
92.626721,23.780873,0,0.31150341954046373
92.862737,23.708071,0,0.42226495798171937
92.636332,22.680944,0,0.6398465112785061
93.122955,23.133493,0,0.2895432146218469
93.343582,23.452733,0,0.09311700806682983
93.045964,22.735427,0,0.48521094147935095
92.594827,23.003123,0,0.2504113459108491
93.377632,23.39132,0,0.2704219320302875
92.960676,24.276101,0,0.7244240443438672
93.321049,23.479902,0,0.5202231540852268
92.907513,22.770309,0,0.6288788762278889
92.961557,22.363734,0,0.5088103525145684
92.984538,22.392164,0,0.4941323886242847
92.758995,23.301953,0,0.4880798010904574
93.045803,23.435434,0,0.10229002445064211
92.712607,23.751567,0,0.766724805676098
92.797294,23.171409,0,0.31243837656029805
92.633644,22.82287,0,0.4561123973341715
92.501854,22.934607,0,0.2015019048509023
92.721016,23.707693,0,0.5664914293807084
92.727949,23.791431,0,0.4476737279658877
93.372005,23.536536,0,0.13132865876012195
92.803982,22.34813,0,0.46257689219300135
93.353542,23.230576,0,0.5061789166037074
92.633911,22.450914,0,0.04579935001674335
93.231507,23.165358,0,0.22716121556285118
93.088713,23.416429,0,0.2816403275951384
92.93771,23.36593,0,0.6476573551939822
92.595306,23.852056,0,0.4097989176800932
93.342355,23.437682,0,0.3301924857676952
93.356751,23.467951,0,0.10319016598860116
93.294627,23.07865,0,0.20355680281269836
92.483035,23.233996,0,0.659991226274182
92.724469,22.512973,0,0.5649059500968473
93.011733,22.32602,0,0.35192754456134656
93.355965,23.472393,0,0.3197696557009695
92.895847,23.089305,0,0.45677973943520445
92.855786,23.858548,0,0.5324752026290036
93.088333,22.874664,0,0.17504049710115507
93.206775,23.659616,0,0.31132368522877746
92.863549,22.369642,0,0.3683675187780617
92.665322,22.839523,0,0.4595214354046136
93.016576,23.900126,0,0.19908084908489668
92.934743,23.534013,0,0.1379596794820958
92.917768,24.125528,0,0.2905702843116957
92.438645,23.040722,0,0.5278219051468078
93.112113,23.396927,0,0.6058136814712763
92.956946,23.393709,0,0.6650152671217325
93.254671,23.229673,0,0.4582277615126089
92.633103,24.219345,0,0.12473162516252634
92.492173,23.812576,0,0.6543460585839289
93.099985,23.595132,0,0.20064113965920433
92.961924,22.452974,0,0.4132802481821453
92.647583,23.522851,0,0.4595566417285511
93.299048,23.288661,0,0.6099403072173637
93.091325,23.753889,0,0.729989151011439
92.92243,24.069912,0,0.7159781062349289
93.261561,23.871142,0,0.5309765220647913
93.159922,23.438788,0,0.12125936344555353
92.764068,23.426712,0,0.4495970001704139
93.402992,23.545441,0,0.6991140296309721
92.649244,22.356543,0,0.35830719389318066
93.200644,23.423325,0,0.185677179116853
93.083285,23.174029,0,0.6420437107806545
92.854906,23.477593,0,0.6135618788695736
92.715081,24.334555,0,0.43733423529212634
92.327675,24.080567,0,0.24442704816579322
92.838105,22.2755,0,0.2420560294590305
92.792398,23.742734,0,0.22780578645806307
93.220128,23.674947,0,0.8186426412880088
92.87732,23.868462,0,0.33632727544714364
93.139737,23.749939,0,0.07685601554182148
93.185304,23.49508,0,0.09292389991099097
92.793061,23.706917,0,0.5176904685089471
92.949773,22.997231,0,0.5950413853343939
92.39808,23.037513,0,0.12836060844987685
93.069324,23.760752,0,0.558617509913079
92.672061,24.232109,0,0.0835341209886925
92.733076,22.621464,0,0.39061912398218734
93.046433,22.264688,0,0.3871160286798673
92.87124,22.455664,0,0.33789246933584155
93.017221,22.321584,0,0.30484895524640077
92.495497,22.785737,0,0.1604410160436268
92.81385,22.815007,0,0.5015198602393747
93.390658,23.47498,0,0.7414835822623368
92.698219,22.70549,0,0.48810336798328346
92.408932,23.271636,0,0.15942745862175697
92.731345,23.789754,0,0.29960290691218316
93.351229,23.624921,0,0.5593039865076626
92.405588,22.921223,0,0.38022798139987485
93.078782,22.485068,0,0.12624231771375424
92.717852,23.582322,0,0.33492114526276207
92.797364,22.288861,0,0.4124284469446273
93.050831,23.972108,0,0.12726782896575214
93.192766,23.544199,0,0.614705956941192
92.669556,23.307938,0,0.7059476301515297
93.011172,22.643453,0,0.5083449899852575
92.820327,22.823725,0,0.29539435079354487
92.713225,23.701014,0,0.21604707032051215
93.208748,23.569288,0,0.4503409839751028
93.013767,23.517889,0,0.7172123856168642
92.881929,22.254618,0,0.5079291199751238
92.461897,22.876513,0,0.12733620246636504
92.952789,22.492515,0,0.24044597948847912
92.623373,23.923807,0,0.34199235362055985
92.993083,23.792255,0,0.29422853687698136
92.925384,22.021322,0,0.49590198098879085
92.696295,23.740252,0,0.27960192040698517
92.730084,23.749011,0,0.8357825713986932
92.46241,23.585656,0,0.39027933313424523
92.898457,22.178883,0,0.476368061974964
92.845012,22.958104,0,0.6122265045679107
93.332934,23.478519,0,0.631323676392861
93.115338,23.61085,0,0.7259296823707694
92.748562,23.400117,0,0.24848772116397716
92.494562,23.892771,0,0.3424884521356675
93.215171,23.985477,0,0.1803562602825865
93.094579,23.327724,0,0.6599661668676311
93.258724,23.455697,0,0.2964943438165689
92.588852,22.849231,0,0.3016257000438028
92.829067,22.91269,0,0.635539329565298
92.831688,23.116925,0,0.6531378009718573
92.943386,22.534039,0,0.6932782893934121
92.825909,22.689299,0,0.7257343836574559
93.181527,23.463144,0,0.1888075548761437
92.9274,22.547404,0,0.7559248663797157
92.676353,24.224737,0,0.08257112657077255
93.038797,23.947445,0,0.624283465206056
92.629062,23.803979,0,0.5951182820880787
92.990291,23.840379,0,0.5273323656625337
92.957938,24.229562,0,0.6853296923357042
92.536543,22.622324,0,0.2899975949171697
93.219505,23.28249,0,0.5978236105403515
92.559339,23.709393,0,0.33648576618562176
92.782124,23.969379,0,0.36750231250186943
92.482195,23.243836,0,0.44486219660371407
92.506392,22.846934,0,0.3961097214978146
92.910944,22.68432,0,0.2043185820663158
92.857578,22.656885,0,0.5411116889942296
92.705505,23.484708,0,0.16278143246347634
93.329343,23.485958,0,0.3931669861387973
92.987175,22.493283,0,0.3444052893277373
92.676907,22.846495,0,0.32357806970982766
93.292773,23.472769,0,0.7549876683090608
92.820389,22.857654,0,0.35883690630134524
92.787644,23.045449,0,0.46400265455598877
92.778978,23.417587,0,0.28503197758104937
93.248819,23.63972,0,0.15922743871713402
92.686696,22.540397,0,0.3219742470532957
92.753915,22.400289,0,0.5629285926195048
92.669794,23.738326,0,0.20739390835878604
92.628204,23.888975,0,0.10442353987620125
93.122112,22.392525,0,0.6847617720409115
92.662349,22.242374,0,0.2675145300130581
92.810689,23.431866,0,0.12338053275212806
93.121658,23.890243,0,0.20169494420247738
93.210089,23.088912,0,0.22814414089805515
92.979749,22.527622,0,0.7000865016019727
92.471068,23.711655,0,0.5737660242929068
93.187004,23.454151,0,0.4844313582408881
92.737948,23.768999,0,0.3918880062896622
93.042463,23.115677,0,0.11025500382683896
92.697869,23.737831,0,0.141079904240071
92.442123,23.162585,0,0.3639904249126169
92.768274,23.267665,0,0.0869466236179266
92.605052,24.162589,0,0.5924089815060546
93.298565,23.080243,0,0.1403316969482926
93.196463,23.081176,0,0.6331584427080298
93.032452,22.332279,0,0.5337139855017358
93.01283,22.625845,0,0.5864587040298624
92.867542,23.532462,0,0.3448357914524423
92.471168,22.89599,0,0.11107144683910385
93.419199,23.633669,0,0.12388241896374654
92.764713,22.900807,0,0.39823273185978075
92.627347,22.323262,0,0.38642036548197234
92.76655,24.341607,0,0.5360595977844482
93.04983,22.718837,0,0.38134097632272734
93.060723,23.647006,0,0.8431436092628198
92.623503,22.665841,0,0.1305493119203355
92.606192,23.483735,0,0.677093618400373
93.326631,23.838017,0,0.1673586428876003
92.819352,23.8011,0,0.2240082469242801
92.46478,23.572192,0,0.7650282774700259
92.578119,23.038405,0,0.23444716548693492
92.633637,22.621753,0,0.5256116397818414
92.922232,24.004056,0,0.16950592793455124
92.958396,23.50009,0,0.4821703993507529
92.81527,22.994799,0,0.7180262143754678
92.639527,23.866421,0,0.18242576421428525
92.681943,23.99289,0,0.6938474522268753
92.666714,23.714306,0,0.21929603908681264
92.4937,22.899379,0,0.6436387705784986
93.331661,23.480794,0,0.32381980031110974
93.351752,23.280294,0,0.28116343528729293
92.961713,23.637769,0,0.3872353029139686
93.375079,23.645249,0,0.4118338662840902
92.971521,22.499894,0,0.44444203778753905
92.696105,23.808854,0,0.5301614983234856
92.896547,22.333026,0,0.6046760056620909
92.854027,23.290326,0,0.655804906113324
92.766038,22.887793,0,0.49854127567361217
92.857167,24.373558,0,0.27312077122960543
92.799282,23.23743,0,0.6407121732763573
92.910412,22.956684,0,0.29155093403171845
92.881818,22.541994,0,0.2082814414821691
92.720603,23.678149,0,0.7990288749527806
93.185311,23.528178,0,0.038566077011537254
92.762614,22.248263,0,0.4897963115106251
92.958985,22.106641,0,0.2913019474005732
92.734335,23.741423,0,0.6132690245041387
92.451698,23.495488,0,0.28241587483725245
92.758149,23.554337,0,0.49961499891762656
93.174085,23.173738,0,0.4785592226640325
93.017661,23.890252,0,0.5922776968109821
92.934069,22.00904,0,0.43691925999395087
93.113989,23.52779,0,0.2560168379708972
92.64876,22.09174,0,0.2147379708659283
92.721243,24.367091,0,0.5878918766687278
93.266931,23.538938,0,0.20337519297880607
92.840643,22.728462,0,0.33835846419328275
92.658376,23.933886,0,0.11058835050768769
92.730982,23.757476,0,0.6380697842125468
92.88673,22.378914,0,0.3757396594490292
93.302275,23.467018,0,0.43429180056557365
92.853872,23.644815,0,0.5130057102411719
93.180422,24.017317,0,0.5733245875671878
92.948044,23.755955,0,0.6450365981747638
92.288535,23.703995,0,0.19581918459375056
93.343909,23.649422,0,0.16884112619406738
92.492273,23.984116,0,0.5618484032550065
93.339848,23.439865,0,0.2701435063955342
92.924227,22.978094,0,0.05119617211893957
93.153171,23.315455,0,0.4655208379678576
92.999293,22.68476,0,0.6453058458991344
92.525254,23.775977,0,0.6623610851975288
93.063266,23.386166,0,0.4796419032806061
93.031538,22.584207,0,0.5325516457509821
93.401384,23.549992,0,0.31136218097797586
92.676336,23.744141,0,0.23013652530362677
92.499938,22.986467,0,0.2605627454491588
92.768677,23.053569,0,0.5036354971166573
92.987084,22.481963,0,0.1445134744641812
92.76532,23.266414,0,0.026954628516947358
93.231483,24.0403,0,0.30744662802022127
93.014417,23.257242,0,0.24365828479318197
92.458732,22.882938,0,0.20034320081382248
92.612801,23.770189,0,0.18057426942214946
93.331142,23.477961,0,0.2829192032371757
92.643268,23.762974,0,0.5058312258667401
93.07107,23.734557,0,0.5280271743809081
93.036728,22.840927,0,0.19073900315849196
93.232277,23.986519,0,0.3545456408370796
92.644624,23.782027,0,0.3453405934326777
92.42774,23.437327,0,0.6810885137628298
93.190753,23.857451,0,0.4362590293589338
92.380023,24.250033,0,0.2481563192945623
92.670483,22.662722,0,0.44338261894068076
92.891533,22.812093,0,0.5202991878454433
92.678687,24.245617,0,0.4315607605456879
92.912536,23.429577,0,0.7329968901892119
93.358317,23.875331,0,0.4322140426231972
92.422978,23.26137,0,0.3455868721534951
92.849276,23.448824,0,0.1422501481369714
93.387358,23.710513,0,0.4388677350969954
93.01147,23.527373,0,0.7447944155690152
92.901419,23.858807,0,0.04988863080157806
92.665897,22.34803,0,0.5201822371601138
92.965155,23.599723,0,0.48578885196770955
92.619483,22.092841,0,0.5198573341105067
92.85567,23.74072,0,0.1458905517390686
93.231839,23.258944,0,0.3315225975502446
92.807173,22.159935,0,0.5398661062738779
92.675871,24.209329,0,0.37997555680544143
93.097846,22.975239,0,0.6751482759526809
93.188825,23.558654,0,0.6993898374154579
92.920622,24.029921,0,0.6947788062835698
92.635481,22.351081,0,0.2900655619487459
93.161361,22.915411,0,0.5276988038571289
92.998944,22.802922,0,0.20105374036505602
92.732481,23.71795,0,0.5149609273859016
92.876121,23.294407,0,0.7022960788955352
93.238447,23.502451,0,0.14762495228011838
92.769874,23.373004,0,0.46472449904576896
92.76104,23.719153,0,0.617686867771972
93.022904,23.234149,0,0.5495532560369851
93.278343,23.200618,0,0.13356667462351357
93.185354,23.523118,0,0.5291613547439928
92.903281,23.295976,0,0.35204032843550515
92.980722,23.926749,0,0.7510556745347566
92.41292,23.198028,0,0.17527782438303105
93.195129,23.646923,0,0.751786974732379
93.006601,23.997472,0,0.1975294749366855
93.226877,23.046994,0,0.42747083963392934
93.206576,23.086973,0,0.48646650797321334
92.73785,22.884296,0,0.6352958007581054
93.366522,23.839423,0,0.4552426065975114
93.122515,23.925888,0,0.33453317538914057
92.606163,22.82623,0,0.4550907607616557
92.757303,22.833043,0,0.32544688973426505
92.376128,24.232844,0,0.19173555094921188
93.201705,23.211581,0,0.5895093705284331
92.826484,23.509592,0,0.4928979258838485
93.390913,23.691379,0,0.5492465891495396
92.639846,22.72256,0,0.5249597769107048
93.099135,23.571091,0,0.6948900895252025
93.007606,22.61744,0,0.5237958157829407
92.471515,23.267392,0,0.3186918397193316
93.002503,22.302106,0,0.3897107229399835
92.995724,22.345533,0,0.3890876322477683
93.086991,22.849578,0,0.2426215135201061
93.26244,23.533046,0,0.09432572075985719
92.829808,23.558977,0,0.8731065600211616
93.009813,22.325729,0,0.4644127631970206
92.494636,23.912012,0,0.71253328953053
92.426601,23.355181,0,0.7331263431202532
93.134995,23.383904,0,0.8083952029570348
92.700214,23.084676,0,0.6180391626151188
93.371141,23.137544,0,0.3093663844570357
92.645168,22.730579,0,0.5569620126206872
93.090839,22.709483,0,0.5571180221905653
92.831621,23.792335,0,0.18264614441928395
92.724907,23.964628,0,0.37227765864084134
93.032826,23.181455,0,0.2559293459211328
92.908865,24.178287,0,0.588979406457169
92.905136,22.440993,0,0.49731009504741575
92.856448,23.32889,0,0.27032311045014673
92.488216,23.523295,0,0.5755568194743295
92.73826,22.494668,0,0.524574703021225
92.935754,23.377004,0,0.339010239622676
92.77565,24.013072,0,0.7365630787077532
92.796234,23.740716,0,0.40814849766899836
92.779682,24.455885,0,0.3511762399738775
92.950414,22.541508,0,0.35581400782218153
93.062015,23.424611,0,0.13852707339124
93.096838,22.877554,0,0.34718204181878515
93.006069,22.636528,0,0.06576539393576616
93.232372,23.677457,0,0.47023385192955025
92.691443,23.75376,0,0.49567801387660315
93.158973,23.175961,0,0.297693651448954
93.013721,23.026978,0,0.7574706327579276
92.442538,22.98618,0,0.4104630669708092
93.031517,22.25053,0,0.5258894195957844
92.466839,22.906384,0,0.2519636323038284
92.922835,22.851215,0,0.583387081272639
92.596625,23.806014,0,0.745635783798366
92.640704,23.881615,0,0.29234787726578876
92.794125,22.66823,0,0.31525932187304445
92.79275,22.511945,0,0.4337556845541652
92.797403,23.195854,0,0.31569404834645004
93.280975,23.997601,0,0.3654694485345562
92.746379,23.106678,0,0.21510578882954998
93.12389,23.96244,0,0.5173066532648458
93.069143,22.359117,0,0.3423404746685585
92.699951,23.509912,0,0.4589075782162964
92.565076,22.841229,0,0.1907279846865615
92.636058,23.854724,0,0.23261705753787704
93.113381,23.935474,0,0.4271014162371881
93.227869,23.445559,0,0.31526012222646266
92.701716,22.526819,0,0.6293485909341129
92.842152,23.390072,0,0.47238716059173774
92.382535,23.222339,0,0.3667929252542954
93.216864,23.879727,0,0.5666037490299578
93.302432,23.544109,0,0.31732546598703004
93.206382,23.111562,0,0.3318935002877154
92.940417,22.912139,0,0.1928981589965755
92.932107,22.777602,0,0.11322534626802709
92.651432,23.236544,0,0.6889640223596186
92.757066,22.370562,0,0.3244361067778012
92.605722,22.782898,0,0.7151127157612103
93.205463,23.816314,0,0.4406373197848744
93.118516,23.257764,0,0.46722469226746893
92.818698,22.849551,0,0.30388349167338274
92.854673,24.386048,0,0.31865279325262086
92.612671,22.732598,0,0.40293565279319166
93.1389,22.304141,0,0.5051510801690882
92.906175,22.76802,0,0.5544033455267227
92.418736,23.502987,0,0.6547908158437626
92.360692,23.929275,0,0.35291033252362236
92.885232,22.378649,0,0.5777570646883124
92.375728,23.876116,0,0.47337328294087316
93.250488,23.039994,0,0.6160001932905157
93.151269,23.276715,0,0.4801547377102349
92.902682,22.905251,0,0.5027383737674186
92.543245,22.908029,0,0.27594775062585214
92.685245,22.197726,0,0.3098143081893323
92.662208,22.316468,0,0.1437885934965826
93.217942,23.562909,0,0.5622983449075789
93.378118,23.586208,0,0.32685343927210964
92.733076,23.366684,0,0.5358007211643887
93.295778,23.119026,0,0.35649585539686807
93.081514,23.09804,0,0.47140964892196063
92.871556,23.085269,0,0.3867208345094312
93.126259,23.995159,0,0.09696052706783476
92.902801,23.085017,0,0.3352459022928828
92.757694,22.501533,0,0.21072684740467892
92.756095,23.373891,0,0.10320699053680812
92.740534,23.568539,0,0.5095961088677468
92.734376,23.819495,0,0.23491996972115256
93.114038,22.236406,0,0.5448477622116383
92.605959,23.473654,0,0.6543125977070867
93.299286,23.832812,0,0.3260177588383389
93.194591,23.116033,0,0.6113795301895149
93.339316,23.439857,0,0.3111820411046046
93.004131,22.809095,0,0.5270292115100519
93.292845,23.45122,0,0.25448979313614545
93.243492,23.093434,0,0.0981548816473266
92.644221,23.706627,0,0.14008968821662318
92.695776,23.754982,0,0.2119496312078608
93.032787,23.641193,0,0.5963141428811183
92.803537,23.727679,0,0.41750102742284667
93.349547,23.111621,0,0.27767837921197813
92.653199,24.250027,0,0.043251034534552014
93.002423,23.213022,0,0.33273260206184124
93.000008,23.267559,0,0.3422387353230925
92.820644,22.825012,0,0.30741065518835364
92.630252,23.135599,0,0.4994375478832824
92.657658,22.229123,0,0.3973238992096592
92.970481,23.18015,0,0.36696696683060553
93.050644,23.252432,0,0.11977393108277636
92.775634,22.884447,0,0.444316452390999
93.08549,23.131608,0,0.2217722721835968
92.712581,23.722056,0,0.3113669931010308
92.68971,23.29734,0,0.5402590295047554
92.9577,23.656323,0,0.2687943713666232
93.082736,23.124658,0,0.5101674273642308
93.039313,23.95162,0,0.26702753836720694
92.683941,23.287266,0,0.4109930331315824
92.626489,23.783183,0,0.24136450095936798
92.593091,22.249048,0,0.5166084394447888
93.360059,23.866629,0,0.45552577845237313
92.660401,23.863175,0,0.21829548001717658
92.755775,22.888659,0,0.5676148066463599
93.02847,23.694639,0,0.32013506439544404
93.295002,23.548454,0,0.7571091995527667
93.008119,23.017158,0,0.59291908126528
93.130277,23.300969,0,0.5527085566048329
93.211763,23.56136,0,0.24479771669230782
92.490952,22.752998,0,0.14566257425780477
92.897301,22.529164,0,0.4141933570161353
92.84402,23.707121,0,0.3431250268166849
92.747909,23.398568,0,0.6222376930443678
92.354702,23.202443,0,0.20164424303487496
93.369842,23.851129,0,0.2864864536301471
93.384065,23.803915,0,0.32183227187364416
92.832425,22.764008,0,0.5691967206825521
93.181723,23.442356,0,0.782642288102378
93.420158,23.655439,0,0.07260765093075315
92.710704,23.711636,0,0.7876633402054044
92.879675,22.141509,0,0.4382564263357617
92.769051,22.91526,0,0.13194834419600532
92.848536,24.367576,0,0.11121530366870713
93.376225,23.213325,0,0.2419588426787248
92.684295,23.655993,0,0.7644047983433554
92.677332,23.762952,0,0.27602519531620057
92.930377,23.4901,0,0.5716011771269873
93.230692,23.60253,0,0.05232982571298795
92.9005,22.416202,0,0.5243283280332499
92.862175,24.376881,0,0.4111142365182319
93.220532,23.283594,0,0.4430802616671889
93.361011,23.5602,0,0.4734850629487544
92.646841,23.800263,0,0.2250860477550959
93.149044,23.329408,0,0.7755023834077508
92.802969,24.187169,0,0.5529214516363689
93.314023,23.472646,0,0.2939602723432761
93.015019,22.745529,0,0.31499955939966157
93.154914,23.670027,0,0.7340489231134052
93.279176,23.715186,0,0.5565073659488374
92.84566,22.527535,0,0.30964608572093605
93.181008,24.00831,0,0.20985719826403654
93.342177,23.518775,0,0.19945853131324373
92.806386,24.411299,0,0.10337438584629254
93.356977,23.464112,0,0.34170722223378314
92.703671,23.500362,0,0.755238691189303
92.727299,23.726942,0,0.5063866326456838
92.875354,23.296683,0,0.7072649536463426
93.131988,24.014684,0,0.21203966624340725
93.287886,23.133375,0,0.32923700834925984
93.406666,23.595744,0,0.6566496299118916
92.372139,23.226775,0,0.34139880569704695
92.904974,23.296268,0,0.2694701818085628
92.739931,23.816356,0,0.5914514218088568
93.385519,23.593075,0,0.3587378441375398
92.657312,23.98777,0,0.2626478827312221
92.639677,23.257877,0,0.3727475626314267
92.634184,23.913579,0,0.13802891757497504
92.532243,22.936763,0,0.4079078957752558
92.772878,23.271863,0,0.025693754854303516
92.619644,22.251376,0,0.43739092325331785
93.319718,23.475932,0,0.5235703277689481
93.136606,22.301453,0,0.5796361141500241
92.622181,22.953906,0,0.16604343116127354
93.197978,23.202188,0,0.5505093003779209
92.92673,22.921255,0,0.41246042347800005
93.349115,23.733422,0,0.4096626297947558
92.90569,24.11681,0,0.6595657421817933
93.163316,23.9475,0,0.31954929114722547
92.682434,22.157319,0,0.44985176539474786
93.353132,23.367078,0,0.35325058679307875
93.106284,23.581404,0,0.6102618685658417
92.87586,22.105689,0,0.258958888210691
92.545139,22.912035,0,0.2481054104479728
92.4388,23.195375,0,0.1379586418460235
92.741953,23.728004,0,0.5932147611046775
93.188207,23.524823,0,0.24823014915396702
92.763975,23.282968,0,0.1651927236450792
92.924807,23.853221,0,0.6190104886732765
92.663232,23.931565,0,0.2612515337444573
92.722411,23.732471,0,0.33853011835215546
92.558554,24.086345,0,0.4808678665128427
92.546799,22.903452,0,0.40563224134970743
92.883005,22.571996,0,0.17219975512176833
92.708363,23.725864,0,0.10086497835923122
92.567537,23.916071,0,0.597049986100605
93.115194,23.481203,0,0.2651621703231976
93.389006,23.738204,0,0.2720434035436027
93.152977,22.340436,0,0.3893905628595559
92.99812,23.270369,0,0.6835461900970552
93.219031,23.262968,0,0.5867265984760053
92.877656,22.438005,0,0.6403615539762335
92.85482,23.262326,0,0.03808228144213308
92.419292,22.924494,0,0.07544727905929337
92.604692,24.158418,0,0.6689673803983377
92.86928,22.636424,0,0.5327913553800696
93.292117,23.451955,0,0.1582215642977096
92.662208,23.729048,0,0.8202403327649741
92.855336,23.276935,0,0.42105136883432154
92.910869,24.025863,0,0.5311567319274055
92.905404,23.068125,0,0.2457852784574237
92.485292,22.790773,0,0.07511535122907716
92.705138,23.016371,0,0.35695517858961945
92.601984,23.799647,0,0.3345092908819938
92.76623,22.885298,0,0.4692045481241894
93.284632,23.658752,0,0.467482484046614
92.714197,23.73197,0,0.2437071389207031
92.96292,23.66852,0,0.34293463111256883
93.233774,23.715579,0,0.4088733117438009
92.674901,23.738688,0,0.15307476996568628
92.665405,23.875811,0,0.24989997678245127
92.90568,22.236398,0,0.1625078028303835
93.211909,23.093991,0,0.5401902148149074
93.355582,23.483252,0,0.03339980469503965
93.337864,23.069455,0,0.31456166626925686
92.843427,22.271514,0,0.4817491713715787
92.944509,24.154266,0,0.8036555213763017
93.189159,23.979939,0,0.7513408999299414
92.588548,23.857535,0,0.41590505249641796
92.657082,23.773068,0,0.39241166217637125
92.516842,23.759069,0,0.36577818778081345
92.357311,23.222976,0,0.24758749212984124
92.947999,24.1118,0,0.1497678318195504
93.082632,22.933344,0,0.09102710080275275
93.146936,23.172362,0,0.4666429361023143
92.843908,23.245194,0,0.5523836270857212
92.721488,23.46864,0,0.2401806347454485
92.739202,22.801225,0,0.0781303744231883
92.752587,22.872166,0,0.1639394311582776
92.643344,23.707983,0,0.8123050835020957
93.115507,23.472357,0,0.7026225741955319
92.607036,23.698326,0,0.1350082470734058
93.386224,23.468322,0,0.4249203050935621
93.127973,23.243883,0,0.1877831417278871
92.880486,23.350916,0,0.30159300931512145
92.679473,24.343115,0,0.4874988686112863
92.82531,23.74936,0,0.7225310815756679
93.352039,23.622009,0,0.1886856062628428
92.840111,23.093418,0,0.35572611294607354
93.381423,23.695992,0,0.10670424823222424
92.491417,23.737951,0,0.7494279718789666
92.681471,23.203797,0,0.7643340998218339
93.000712,24.385353,0,0.24735492267711184
93.040894,23.790778,0,0.28772432448910507
93.254598,23.204076,0,0.4192414527450764
93.106286,23.066714,0,0.5781196338843799
92.60783,23.785972,0,0.15736318877186692
92.95106,23.390779,0,0.33465808439268535
93.083787,23.138587,0,0.5832416348978214
92.623437,23.808254,0,0.431647627143053
93.316228,23.497895,0,0.1401597669162411
92.857678,23.298674,0,0.43813295556878595
92.47677,23.005546,0,0.18006393692539646
92.989799,23.41768,0,0.50877471851541
92.649481,23.732462,0,0.7763824619882809
92.812132,24.250204,0,0.2307174423843909
92.877858,22.398036,0,0.4370475055504449
92.888473,23.196234,0,0.6669524922898269
92.658691,23.981429,0,0.48858881067558796
93.2041,23.657827,0,0.22007415852175144
92.793925,22.838236,0,0.6339354825356902
92.863047,23.11154,0,0.6744629953020657
92.606459,23.859154,0,0.14263933777748763
92.764641,23.418443,0,0.3882226053010595
92.73594,23.772647,0,0.583658710034821
93.049718,22.232598,0,0.6426193568741859
93.163319,23.220131,0,0.6808742920082553
92.86516,23.644578,0,0.32539807804290033
92.748491,22.937652,0,0.5568585191602051
92.973042,23.683602,0,0.4392768925972467
92.607117,22.121267,0,0.45838367068457764
92.61433,22.348662,0,0.5049185395055401
92.904195,23.42663,0,0.1430120259006349
92.594843,23.465583,0,0.5253489411500301
93.214319,23.879429,0,0.43350376583929334
93.020676,22.584719,0,0.6136152769276314
92.813659,23.12738,0,0.13838612356131777
92.929799,22.970077,0,0.5816896912446604
92.962548,23.742825,0,0.212807790851935
92.968748,22.476137,0,0.6465274310103514
92.810754,24.099851,0,0.46678834433097915
92.858566,22.804429,0,0.6425625773673641
92.409989,22.969342,0,0.08080793876632596
93.034256,22.268398,0,0.48310015264342193
92.746365,24.336094,0,0.2071487514192425
93.010531,23.777681,0,0.6312394735332464
92.511495,22.832203,0,0.6864384306685082
93.207091,23.456913,0,0.221874906218632
92.597108,22.78106,0,0.4340059224665405
93.071958,22.996459,0,0.3319181221865555
92.702529,22.66408,0,0.3306176711684084
92.989608,23.790849,0,0.6334461170000956
92.959166,23.658788,0,0.3820984607317113
92.840866,23.275762,0,0.5158197353549698
92.733824,23.735437,0,0.358623758200045
93.187728,23.885972,0,0.7234633797748348
92.667877,24.259044,0,0.43432153254845685
92.661596,23.665595,0,0.2020186635897191
92.433357,23.337662,0,0.737088261808894
93.299709,23.350923,0,0.5105688105192815
93.146268,23.119533,0,0.2014539268792339
92.907093,23.52171,0,0.13963429610827086
92.459864,22.836517,0,0.2852073591970906
92.899321,22.90588,0,0.44014560902770256
93.200865,23.544083,0,0.28190363845370603
93.223618,23.965462,0,0.2888743380643011
93.122906,23.359708,0,0.5785514869001113
93.104688,23.402689,0,0.7147187176332315
92.958375,22.486144,0,0.44622870163596967
92.384778,23.002627,0,0.05828320368274857
93.335899,23.540803,0,0.1115309537110627
92.738898,23.198812,0,0.6726752260843875
93.035354,22.555215,0,0.43922248726170116
93.066833,23.32707,0,0.6595983035841343
92.397122,23.265815,0,0.19944808840717893
92.983351,22.698497,0,0.561208795255647
92.694369,22.534524,0,0.42737767613659455
92.418838,23.048486,0,0.4659378635052128
93.113076,23.396271,0,0.7488250152293604
93.322641,23.479308,0,0.42679498266135096
93.050468,23.160019,0,0.0659536916747921
93.127262,23.22396,0,0.3227994613694431
92.393935,23.033723,0,0.3693200556620894
92.686072,22.195763,0,0.39141721063666673
93.348021,23.346239,0,0.29086867141367
92.703157,24.33949,0,0.45967305083116977
92.863806,22.371167,0,0.5184317003792748
92.783308,22.282608,0,0.5335877812927696
93.269227,23.244168,0,0.5090396565683144
92.851766,24.338949,0,0.5454370683286178
93.34374,23.944945,0,0.5991057378253882
93.046778,22.749213,0,0.5683941973037981
93.191525,23.509465,0,0.2802069804515128
93.346531,23.475871,0,0.131104535168536
92.370651,23.229854,0,0.24575171164095053
92.713962,22.916066,0,0.5552673490912341
92.922779,23.852616,0,0.5444220392650317
93.015411,23.025777,0,0.6418789608842992
92.746704,22.874861,0,0.6233882806897395
92.888532,23.919295,0,0.20519924418968763
93.08025,22.47692,0,0.2532009906047481
93.215347,23.160557,0,0.33155736577505973
92.589904,22.874663,0,0.5802194173642475
93.013548,22.499007,0,0.44272637852702623
92.873075,22.263472,0,0.6814775430760855
92.687336,22.550242,0,0.4090140097765279
92.748369,23.77234,0,0.5594345878726807
92.852423,23.555164,0,0.8147376263254498
93.098818,22.89204,0,0.6715268852493728
92.577124,23.077491,0,0.31369975296030544
93.346859,23.235474,0,0.3681686770334441
92.897739,22.854876,0,0.469248949713629
92.917124,22.702024,0,0.7810918811657694
93.217362,23.128215,0,0.40835889863727765
92.844799,23.386194,0,0.6020164917232823
93.096075,22.858017,0,0.3851310953589757
93.32907,23.475276,0,0.5376258485187666
92.723426,23.719649,0,0.36352691349219923
92.975583,22.50392,0,0.6351737764291429
92.940381,23.776227,0,0.6105189110411618
92.967575,23.721599,0,0.7574795787037215
92.937562,22.957035,0,0.508533000389609
92.994648,23.419639,0,0.6773537316321707
92.851378,23.625447,0,0.2824184569639946
93.195456,23.690792,0,0.754483261030828
93.026885,22.321011,0,0.6329089915084032
93.379314,23.691698,0,0.1406970169317452
93.225598,23.608328,0,0.6141320780824896
93.0605,22.990954,0,0.6149173877311704
92.855666,23.485943,0,0.592008782066759
93.272456,23.56198,0,0.35866016218406943
92.725275,22.935464,0,0.6574187890581203
92.856552,23.718846,0,0.12748471824818375
92.814002,24.264737,0,0.18500177124864728
93.032602,22.543614,0,0.34488058966815616
93.03895,23.99328,0,0.211690283077947
92.663938,23.716454,0,0.2088636268134562
92.529297,22.779782,0,0.7305005817463254
93.028287,22.236286,0,0.5180272938505606
92.621802,22.782507,0,0.5489299829627218
93.109603,23.734021,0,0.28673448217462694
92.763652,22.885399,0,0.43152005160951384
92.927591,24.365358,0,0.4274262416439445
93.103979,23.110221,0,0.5155635521340275
93.405027,23.66017,0,0.13368711962771368
92.464051,23.275273,0,0.4526091238122781
92.482631,23.666074,0,0.4608213908501987
92.767368,24.012936,0,0.0954209197207589
92.658423,22.226881,0,0.45650514410942217
92.697066,22.679105,0,0.3675245314423373
93.077459,23.078009,0,0.48185987615602166
93.135324,22.922549,0,0.5968999677486742
93.09927,23.3068,0,0.1552635355867851
92.73969,23.376275,0,0.4188651956030143
93.051485,23.767957,0,0.589476744062628
92.742994,23.728719,0,0.44934831227066924
92.932975,22.919807,0,0.4772582776322367
92.473269,22.85398,0,0.1753668121002874
93.040611,23.691837,0,0.39494261716005175
92.942078,22.858332,0,0.36971343017569397
92.998851,22.981978,0,0.12411258872616932
93.014196,22.713754,0,0.5201900317194385
92.709628,22.341032,0,0.385087796933203
92.611638,22.172219,0,0.16608714484219692
93.069082,22.828139,0,0.26866284309059796
92.626769,22.614728,0,0.370859002347602
93.234538,23.282905,0,0.10805173256404804
92.776391,22.533671,0,0.30919375567277313
92.757161,23.39422,0,0.19897038571125564
92.816966,22.839081,0,0.5513618724933441
92.854197,23.318592,0,0.5895578628795011
93.242326,23.421132,0,0.11931021707418829
92.834851,22.696246,0,0.4571407537111415
92.744023,22.946072,0,0.6584319091051503
93.051198,23.76784,0,0.6115780710833191
92.753749,23.239261,0,0.5101053515910816
92.378641,24.116428,0,0.46194637756954393
93.050649,23.440845,0,0.2962893456334152
92.466634,22.872648,0,0.11845468123691182
92.796412,24.404037,0,0.42753685318950185
92.883443,22.469756,0,0.7294632860944186
92.970518,23.773382,0,0.3492596809614631
93.109703,23.544855,0,0.3815093034269416
92.886356,22.487331,0,0.6834126671439607
93.121289,23.785337,0,0.19452974380086258
92.847387,22.387885,0,0.370717661209512
92.593837,23.810676,0,0.32622297013405066
93.162397,23.307244,0,0.07247608072641415
93.085118,22.638953,0,0.6914542189254864
93.155054,23.542399,0,0.4261777787501876
92.461167,23.274191,0,0.5923342075904272
92.738023,23.732123,0,0.4312288996008107
93.313874,24.039697,0,0.8313609030762033
92.732267,23.816574,0,0.5806978559021484
92.791933,23.741666,0,0.4181279894360441
93.339454,23.533041,0,0.5057870193141105
92.88309,22.110761,0,0.23464523317288385
92.600498,22.945088,0,0.24593322663915762
92.987676,22.473115,0,0.6151459335125247
93.040974,22.303256,0,0.409694043116799
93.146407,23.122132,0,0.2627531296749586
93.26867,23.294531,0,0.07062613605801014
92.635127,23.797322,0,0.16390724617805866
92.893027,22.759755,0,0.8639820929877775
92.806126,24.24089,0,0.4363561431330916
93.268215,23.458293,0,0.6231891070656888
92.852032,22.692356,0,0.6307808858261184
92.947225,24.158739,0,0.6505174097399493
92.795858,23.036807,0,0.724991061774428
93.056229,23.131961,0,0.5880007444578751
93.127434,23.251539,0,0.2911063700695541
92.44182,23.167585,0,0.12165016006727643
93.187986,23.831778,0,0.19167432166174864
93.009671,22.506177,0,0.4173211904819544
93.04628,22.704093,0,0.5793479508333413
92.671129,23.307082,0,0.6119542666740724
92.866617,24.373923,0,0.19195601293845216
93.104874,23.1803,0,0.3608348371066566
93.219857,23.092503,0,0.738379686587103
92.719697,22.885868,0,0.42417791934066185
92.673041,23.655754,0,0.20749109989785933
93.317998,23.764013,0,0.1949170210399376
92.982126,23.640917,0,0.4626293407903545
93.113473,23.283435,0,0.6155940869694958
93.083972,23.166902,0,0.45382244391714266
92.695422,23.715306,0,0.8472314191312385
93.195714,23.546964,0,0.49495789876482255
92.770588,22.504962,0,0.3309288583478163
93.074035,23.565564,0,0.06899781060191311
93.053813,23.819003,0,0.6062133072411788
92.387183,24.074776,0,0.2861727301116389
92.622158,22.7575,0,0.6132862732968708
93.154579,22.274014,0,0.48248427015534767
93.219663,24.021378,0,0.3012399813311299
93.387085,23.438085,0,0.3304791248136692
92.953752,22.380851,0,0.37141578202520287
92.683067,23.760901,0,0.5696729538427444
92.70204,23.482817,0,0.5136387547615969
93.038864,23.621014,0,0.1608109011625247
92.994277,23.668535,0,0.3688923706201704
92.42386,22.930133,0,0.22898503628030042
92.960038,24.281295,0,0.7606565218842708
93.050122,23.288306,0,0.42031413033965154
92.85081,22.665528,0,0.7344767484648765
92.98167,23.66124,0,0.5498681104675833
93.393751,23.680763,0,0.2854273092067219
92.850519,22.805516,0,0.5537533657741088
93.290258,23.090313,0,0.19117859293414413
92.878001,23.866703,0,0.2582107031207804
93.226125,23.17799,0,0.5075054413080505
92.903751,22.956573,0,0.41329615331396935
92.920021,23.855107,0,0.1547955074081204
92.710417,23.720166,0,0.6345314359383597
93.012768,22.558558,0,0.6672545323193149
92.488041,23.8212,0,0.6511299802336112
92.635516,23.706291,0,0.7594670782237829
93.210719,23.107977,0,0.5597154921663975
93.201533,23.206406,0,0.1939312129478508
92.648518,23.791608,0,0.2725179287634311
93.113425,23.72234,0,0.17434036224034194
93.061136,24.058905,0,0.27698048650923773
93.146964,23.378826,0,0.24313225164463328
92.529195,22.637343,0,0.15579760460682013
92.945171,23.766703,0,0.20344602416937652
92.641416,22.363538,0,0.33571410846344985
92.90882,23.09767,0,0.7934852342276479
93.095979,23.746057,0,0.2676755041011936
92.675785,23.714993,0,0.29732856649348677
93.132221,23.105738,0,0.5100832278694284
92.729987,23.411668,0,0.2886402455313432
92.470858,23.267462,0,0.3231837516500636
92.921835,23.52498,0,0.5824730312517665
93.066188,22.958915,0,0.5230007718562186
92.377009,24.015469,0,0.25917489327597026
92.359472,24.249141,0,0.3457717798582785
93.25866,23.236804,0,0.6987043396478144
92.767574,22.910316,0,0.5760143034703656
92.726278,23.643947,0,0.504531435659375
93.084232,23.753579,0,0.2643139527779647
92.484956,23.156425,0,0.4831737294145782
93.280795,23.993279,0,0.1842680373287494
93.248627,23.874657,0,0.7711987083042505
93.197346,23.859733,0,0.579228918591847
92.966686,23.644589,0,0.31409189381582475
92.762691,22.498909,0,0.4855719954443646
92.94952,24.184985,0,0.5463253013159944
92.949475,24.170601,0,0.7477609187470735
92.37959,23.385869,0,0.3941405478049403
93.189248,24.024215,0,0.2192418533683197
93.174717,23.99052,0,0.4527422114598113
92.625572,23.829368,0,0.37351366921969464
93.200109,23.644574,0,0.6829288170626173
92.876467,24.364319,0,0.2988202197415776
93.367409,23.708251,0,0.5888200096905348
92.705389,24.227679,0,0.484588908121685
93.343773,23.44814,0,0.44870820128831923
92.89609,23.078764,0,0.48446217713432416
92.648393,23.268926,0,0.2378625118149733
93.019041,23.687055,0,0.689825235466122
92.703236,24.306334,0,0.3233371328155265
93.224147,24.015416,0,0.7445571168994456
92.803391,23.207387,0,0.6212215279428768
93.201116,23.405834,0,0.18244073077706985
93.24612,23.55726,0,0.7172568377405724
92.73521,23.720976,0,0.34135990642292496
92.93915,22.913326,0,0.6504770035651002
92.715693,23.705068,0,0.42490407645044265
92.852967,23.265594,0,0.5636138974686149
92.999667,23.008442,0,0.497410084620808
92.896308,23.188194,0,0.6281098981720363
93.071339,23.725846,0,0.5374755917311212
92.632281,22.462718,0,0.17229171890322365
92.879239,22.448853,0,0.637929381288072
93.095557,23.710203,0,0.4831534794104792
92.83299,23.792726,0,0.3118325092821797
93.20868,23.288717,0,0.38682634381048187
93.017216,22.744957,0,0.558877470699792
92.364934,23.380197,0,0.38673356293931743
92.661956,23.713019,0,0.6425630232814424
93.126914,23.386122,0,0.47675981655970695
92.735257,22.471055,0,0.6684620950442457
92.765322,22.216137,0,0.5766790851647354
93.235896,23.724545,0,0.520331535022313
93.153605,23.346163,0,0.29300679079718617
92.747983,23.398546,0,0.5971530303797299
93.126289,23.993003,0,0.04628555940909239
92.587539,23.198305,0,0.05920544202030081
92.762776,23.721205,0,0.5610981795179872
93.348124,23.535249,0,0.0628375973096046
92.651467,23.775625,0,0.5249199753627943
92.965965,22.445111,0,0.5589329692942415
93.036063,23.963028,0,0.8544650253828534
92.987147,23.006997,0,0.6830651080192531
93.070783,23.388865,0,0.7208884239398622
92.765442,22.330354,0,0.7490297265352471
92.418896,23.52824,0,0.6389710928981085
92.789044,23.355813,0,0.2722480508097638
93.047445,22.757653,0,0.04416001247122347
93.257877,23.22921,0,0.6907274370520027
92.415027,23.098852,0,0.5253373353672895
92.970616,24.235141,0,0.3303494333199435
92.964187,23.68809,0,0.23988736425293303
92.843425,23.324382,0,0.5982402960801942
93.323783,23.627815,0,0.5667311436110448
93.019673,23.045954,0,0.12116900606511931
92.639373,23.232436,0,0.3541125604145975
92.938077,22.615202,0,0.4140236809213293
93.005392,22.798958,0,0.44328258628510053
93.032574,22.990854,0,0.8170688139577674
92.904206,23.527462,0,0.12755400216662183
92.638395,22.393209,0,0.08668452673903172
92.784366,23.798261,0,0.31385363313878484
92.478445,23.708262,0,0.44384621520505724
92.733931,23.7532,0,0.7140205993449671
93.113231,23.731056,0,0.32518917244406786
92.73874,23.820639,0,0.40309790975542636
92.385733,24.075064,0,0.2976003890802421
92.836832,23.862167,0,0.5746908436504138
93.050226,23.420892,0,0.17327013252297577
92.712606,22.921681,0,0.4880849687947819
92.413818,23.056785,0,0.4299842464271165
93.158338,23.261656,0,0.3024454096971895
93.262665,23.763579,0,0.2544259885253397
93.209575,23.173577,0,0.16323668038019906
92.853189,23.886778,0,0.7424603037700558
93.373143,23.770166,0,0.21498820169942306
92.647577,22.253368,0,0.4444158565665375
92.541094,22.666263,0,0.5812238422441247
92.758171,22.286652,0,0.5486691746742206
92.838797,23.506371,0,0.46699313679195326
92.784262,22.358985,0,0.3952040526108259
92.729106,23.411268,0,0.34274537611820977
92.752522,23.308349,0,0.4326825351738922
92.603786,23.819321,0,0.7007601297557671
92.539555,22.620123,0,0.2890702071227177
93.168539,23.287326,0,0.6635310793306215
92.61467,24.17992,0,0.16225603298048444
92.692528,24.139574,0,0.4026553380729805
92.516248,22.709922,0,0.08644062516253184
93.288478,23.938545,0,0.22024290180632866
92.332673,24.080346,0,0.2220279279558887
92.428428,23.432194,0,0.54065023259005
93.309287,23.302222,0,0.5991068216969024
92.979911,22.470171,0,0.27776387267461433
92.93752,24.022619,0,0.7554081196977733
93.244231,23.473567,0,0.6566846741906088
93.251598,23.096629,0,0.20826560384952597
93.087852,22.302709,0,0.5470767154050283
92.744859,23.470733,0,0.44157428381266056
93.045715,23.437714,0,0.07668301260073526
93.102158,23.173934,0,0.20453396066251867
92.838247,22.520966,0,0.5109599102973476
93.323045,23.471597,0,0.08902135103850702
92.912924,22.524921,0,0.5208688170296502
92.677236,23.210871,0,0.7307643092950492
93.019094,23.90617,0,0.6483456292903776
92.708711,23.233437,0,0.7318839573197651
92.688686,24.004463,0,0.29174421572809384
93.311352,23.545905,0,0.4183081455254552
93.124547,23.739898,0,0.4995258922512857
93.40741,23.705112,0,0.2214109555654096
92.497817,22.926558,0,0.5209742229811978
93.322418,23.068223,0,0.2763374224168499
93.275731,23.238983,0,0.22678300359017498
92.364875,23.788121,0,0.43730316525000434
92.72843,23.699345,0,0.9473229822787226
92.310686,23.967102,0,0.3622325761973281
92.716187,23.705575,0,0.6304682518523922
93.357144,23.278811,0,0.19190715583951837
92.958999,22.400865,0,0.38887886706212155
93.187449,23.52283,0,0.17294233640064594
93.364857,23.473513,0,0.39063124968246504
92.663012,23.737617,0,0.10750474351928586
93.161614,23.678887,0,0.4064157074311372
93.004155,22.495186,0,0.553170942492527
92.892046,22.813511,0,0.5847409089159996
92.658099,23.275761,0,0.5051840544292869
92.714404,23.263529,0,0.36433912710856536
92.793968,24.406862,0,0.35574538298365604
92.610514,22.34282,0,0.662844173022953
93.120968,23.159697,0,0.334856267076386
92.962827,23.717651,0,0.19232712657890494
92.834093,22.894163,0,0.7176724941875177
93.068817,22.827966,0,0.2770723778181985
92.910927,24.010992,0,0.7801592428997132
93.020386,23.162717,0,0.5344134002248407
93.065015,22.812653,0,0.5266383482836117
92.88458,23.671496,0,0.6519916192476995
93.239555,23.864742,0,0.46327904677799986
92.901159,22.504394,0,0.5378632916158463
92.64665,22.416816,0,0.29271258328474714
93.391101,23.694022,0,0.2893429435834297
92.503552,22.750803,0,0.16712436037460512
93.176291,23.38499,0,0.8196244801152532
92.810372,24.243158,0,0.23055483322441853
92.589499,22.871743,0,0.5920894645321076
92.86165,23.015284,0,0.3202263592665435
93.268165,23.23308,0,0.534018972908675
93.376633,23.47141,0,0.4035463661871844
92.871269,23.273557,0,0.4977815336563587
92.900312,22.428056,0,0.3947814718459271
92.967365,23.611539,0,0.5628789217058742
92.578371,22.91862,0,0.7513175050061262
92.713143,23.574668,0,0.30158942108119824
93.235722,23.726748,0,0.2857934080093531
93.049193,23.260808,0,0.5520161334802687
92.775323,22.540269,0,0.1413165376708123
92.528187,22.920388,0,0.6393482638186353
93.059417,23.541257,0,0.5143400065818814
93.29473,23.970301,0,0.43772690373211515
93.206861,23.494977,0,0.4203656376289204
92.692801,22.852829,0,0.6183304961221201
92.432158,23.341491,0,0.7718975972157537
92.38038,24.238394,0,0.42471524183260667
92.65202,23.844697,0,0.2481348778526844
92.978967,22.385833,0,0.3308092449236332
93.232751,23.702456,0,0.37133012844300933
93.029405,23.694659,0,0.747569074998395
93.093272,22.993889,0,0.6228217811326999
93.08095,22.63267,0,0.5934100612578309
92.813529,22.842366,0,0.5768437632193025
93.015937,22.744832,0,0.0726705712874675
92.690656,24.000887,0,0.16266285836136332
92.663872,23.820607,0,0.18622330152340197
92.720219,24.401746,0,0.17013156121294304
93.257542,23.585281,0,0.24244222719003156
92.792825,22.219706,0,0.38272139418109685
92.77901,23.236311,0,0.5965005666369663
92.997595,23.522996,0,0.5986156271957707
92.64997,22.080927,0,0.07810823664713826
93.205604,23.057209,0,0.500781685232148
93.311244,23.469816,0,0.36118388110075456
92.638016,22.615192,0,0.2729197660442235
93.141699,23.475556,0,0.7364900175271326
93.001286,23.980392,0,0.3860838147377775
92.483307,23.696225,0,0.41486685567579934
93.007408,22.876625,0,0.5593615123312394
92.362939,23.225412,0,0.5033894047696609
92.875636,22.468022,0,0.6823501222436869
92.705649,23.725465,0,0.22654009399484573
93.337928,23.192568,0,0.20869538427715345
93.290537,23.122146,0,0.30144096189238223
92.853855,24.358921,0,0.36989803445418884
92.707817,23.56073,0,0.32985386368494385
92.412293,22.918193,0,0.3362937477541692
92.652781,22.343186,0,0.15516731145245363
93.342636,23.482662,0,0.12399191004805434
92.959729,23.153532,0,0.7173502832217535
93.004272,22.413033,0,0.2539305717430369
93.107128,22.474685,0,0.568674739121494
92.708367,22.691251,0,0.4069346498303448
92.747102,23.773007,0,0.4684624528528808
93.007564,22.554247,0,0.6583245315632027
92.772472,23.030239,0,0.4968110738529931
92.383894,23.021901,0,0.189425987082031
92.379944,23.355932,0,0.3597353405576198
93.02999,23.033086,0,0.37495255015794704
92.36792,23.169493,0,0.4225902664017827
93.017049,23.511567,0,0.6803752481813365
93.186394,24.029062,0,0.17598272626794728
92.766565,23.267706,0,0.46438327555305925
93.072887,23.541373,0,0.7662076927646551
92.733962,23.800758,0,0.6902072430509525
92.920595,24.354264,0,0.26385627585532284
93.058511,22.819581,0,0.5410096722917046
93.029961,22.197135,0,0.5321702590997056
93.072213,23.171175,0,0.41234674102242275
92.798144,24.166438,0,0.46622976810177513
93.050286,23.286548,0,0.7158550135547097
93.239853,23.021045,0,0.21758821309054013
93.146006,23.208834,0,0.7386719718615145
92.961419,23.799907,0,0.5995145556594477
93.103963,22.612909,0,0.6121568148252606
93.137545,22.322106,0,0.4167295839315797
93.309109,23.37416,0,0.5043239849823952
92.943954,22.454766,0,0.6069896910833137
92.79928,22.199183,0,0.2071352462093274
93.329317,23.48301,0,0.1527303185919875
93.169234,22.264228,0,0.5752151150359717
92.999185,23.004616,0,0.5344779407302734
93.082539,23.772388,0,0.42260736272341753
93.01187,22.649536,0,0.5156927632269745
92.784584,23.109691,0,0.4954384304741985
93.062054,23.605849,0,0.547780795231812
93.122766,23.178545,0,0.4241644531726609
93.367908,23.597614,0,0.493627493674486
92.414829,23.088108,0,0.5063697619497582
92.701741,23.730499,0,0.21849918893725787
92.820464,22.449423,0,0.6575476977858569
93.256244,23.241578,0,0.12327711348143473
93.040287,23.107465,0,0.0374051833306515
93.085265,23.856481,0,0.5104490474069358
92.795874,24.095331,0,0.21855979789145047
92.623466,22.911117,0,0.3051918075683097
92.626849,22.754899,0,0.6505001304651461
92.686764,22.549828,0,0.7951919859256882
92.610448,23.790653,0,0.5328249251095009
92.715094,23.670653,0,0.5162185909968262
92.4978,22.794926,0,0.34636710640580615
92.943281,22.868175,0,0.6030605697536848
92.292088,23.693183,0,0.3939412034158906
93.009377,22.488913,0,0.3827474074900532
92.733506,23.707489,0,0.4643496196986582
92.980621,23.396031,0,0.4434919542224327
93.277214,23.271706,0,0.5158347697345947
92.388824,24.073799,0,0.22530740663210333
92.7149,23.728806,0,0.3601431554687056
92.930663,23.969697,0,0.20091928397799527
92.721932,23.634852,0,0.3542142248117281
92.708079,22.951378,0,0.7177822492695966
93.167144,23.202507,0,0.6380467523561244
93.401261,23.681204,0,0.3328731282054696
93.387188,23.439168,0,0.532089898619808
92.671538,23.791651,0,0.6410389653908872
93.119227,23.779768,0,0.11628152433811112
93.0708,22.829191,0,0.6592457993747268
92.728854,23.235877,0,0.5955523408843233
92.714606,23.751327,0,0.4375315777221668
92.629881,22.848014,0,0.19023644470573856
93.271292,23.166218,0,0.6036660414165844
92.707392,23.733936,0,0.6216457072846676
93.009578,23.19301,0,0.23991455615565485
93.012108,22.746808,0,0.8353138315612701
93.311339,23.545155,0,0.30118823336406064
93.154876,22.290834,0,0.5352216677125277
92.740911,23.87973,0,0.1721870232113975
92.611951,23.382406,0,0.5280836036809992
92.760341,23.652028,0,0.7628520472116818
93.054434,23.298334,0,0.5052274773706409
93.311809,23.48354,0,0.5159875774612638
93.192921,23.633828,0,0.3833811469023213
93.04532,23.977006,0,0.7042503823478341
93.087362,22.847364,0,0.5263143829564308
93.097812,22.594574,0,0.609931519442037
93.317419,23.408238,0,0.32351689376195364
93.050741,22.556607,0,0.5908998809399114
92.837621,22.959317,0,0.7307030430879179
93.050498,24.039671,0,0.08972449641047318
93.043383,23.971728,0,0.643058845638469
92.793958,22.359783,0,0.47911749635223394
93.201195,23.972621,0,0.5682961994078644
93.125929,23.367028,0,0.7097784201249767
92.93896,23.758078,0,0.41766534717451903
93.027479,22.59804,0,0.49385354839626233
92.735086,23.803699,0,0.45815421992531014
92.754837,22.879244,0,0.49963884071513226
93.070688,23.655285,0,0.2861294512614945
92.423103,23.546633,0,0.5027734248595694
93.381115,23.390777,0,0.2769785282989581
92.977062,22.241563,0,0.3283446978630438
92.932411,23.224732,0,0.27166706107677785
92.513908,23.772902,0,0.2143301074790429
92.621889,22.248194,0,0.48967632025077007
92.641351,22.083927,0,0.24104248584827592
93.221093,23.250395,0,0.31848244919305657
92.796268,22.793894,0,0.5625058956794154
92.868296,23.530958,0,0.5810471279511956
93.334775,23.457044,0,0.21479280268721643
92.49034,22.896482,0,0.5062078526576775
93.338577,23.45292,0,0.04318278722522151
93.124433,23.476879,0,0.25329702340782645
93.282808,23.494612,0,0.33581511801194824
93.062489,23.626685,0,0.3208705673172217
92.755319,24.482234,0,0.37914712889145397
92.602603,24.082085,0,0.20120172925019514
93.158966,23.310482,0,0.2817340279779789
92.739982,22.888764,0,0.639596421393448
92.590812,23.667433,0,0.6100764050234937
93.380744,23.555345,0,0.39437601721996485
92.647735,23.270342,0,0.5781026032867477
92.335242,24.11095,0,0.2265910946062452
93.209466,23.872449,0,0.791597978741032
92.614352,24.133966,0,0.4119858200092667
92.441764,22.897945,0,0.6588101859629106
93.190223,23.541239,0,0.10860119087784408
92.971211,22.466619,0,0.679285937962027
92.924925,23.217096,0,0.12403896100574174
93.255554,23.241405,0,0.6377936684904638
92.762289,23.815158,0,0.5816166551326272
93.132618,23.380274,0,0.11333321469106462
92.534889,22.633779,0,0.3238965693342887
92.748428,23.395969,0,0.22730538720818874
92.99234,23.4261,0,0.4996972498022066
93.106417,23.403685,0,0.6955263453468631
92.56665,23.219568,0,0.44642768548985656
92.749062,23.477754,0,0.32063323178602315
92.671182,22.655774,0,0.6414920005832055
92.882478,22.163285,0,0.4304527623771817
92.722594,23.636206,0,0.13718898078522257
93.23429,23.08301,0,0.744094285266674
92.581425,23.078435,0,0.23877348483048327
92.825776,23.823415,0,0.6909766983671733
92.740444,22.801677,0,0.5825798819879379
93.189746,23.513205,0,0.11709395460354806
93.169426,23.315223,0,0.7951182847450644
93.349831,23.280633,0,0.06955883766080653
93.146442,23.118479,0,0.13904491205618372
92.508323,22.848229,0,0.5906956685815237
93.314531,23.948211,0,0.36172582987497026
92.736717,23.772417,0,0.30575161800344997
92.791631,22.2179,0,0.7211675631009333
92.729109,23.459462,0,0.63789719271878
92.740456,23.311627,0,0.5900731880125931
92.395699,23.087219,0,0.2755265519354522
92.901931,22.384701,0,0.593823467211463
92.721108,22.950116,0,0.5446691917766929
93.101236,23.86355,0,0.3093167806549626
92.855568,22.387975,0,0.6189969180402982
92.921105,24.134602,0,0.39741643988829706
92.988294,23.35463,0,0.5602385545874038
92.849934,23.736027,0,0.6300837817065871
92.495694,23.893563,0,0.3422254903955045
92.400613,24.105126,0,0.42036059579482127
92.678912,22.119006,0,0.26095199661115714
92.692817,24.137139,0,0.377813400752109
92.547624,22.914481,0,0.32799050893241183
92.929243,22.102011,0,0.28779240972800285
93.070066,23.734721,0,0.33268054154929044
92.862942,23.010652,0,0.7306067104356991
92.398913,23.158178,0,0.3725275927881311
93.024505,23.677334,0,0.7255853385727989
92.987897,24.313691,0,0.26113048104969677
93.134712,23.167762,0,0.332447086895003
92.913417,23.850692,0,0.3998634770464093
93.017052,22.462811,0,0.48967711370534917
92.742746,23.763841,0,0.42013730343194194
93.119782,23.893768,0,0.32006654920765953
93.310175,23.514916,0,0.3671851185869581
92.93071,22.961818,0,0.4948854615965551
93.1306,24.016756,0,0.04689984285073342
93.074518,23.30215,0,0.6281692034896351
93.20308,23.698573,0,0.3913422320439464
92.480074,22.928332,0,0.5464059564672397
92.945592,24.167588,0,0.5885960330368568
92.476214,23.688947,0,0.4184188501973846
92.606999,23.695354,0,0.44385170471829705
93.244829,23.579394,0,0.8330236752689961
92.795876,24.403724,0,0.22935416246497223
92.826248,22.169921,0,0.5718773901251643
92.984977,23.962345,0,0.7245326677565319
92.365202,23.149288,0,0.2904221864739863
92.974151,22.717403,0,0.051809349579568585
92.532742,22.706794,0,0.22313478276742932
92.885102,22.178396,0,0.38201776374182533
93.088905,23.298362,0,0.7708858223927902
92.851378,23.612257,0,0.47359770304860327
93.047536,23.436941,0,0.23636718101935553
92.708943,23.989782,0,0.3533818303650278
93.227859,23.187228,0,0.5474960464952681
93.208414,23.153946,0,0.2600858013426212
92.415722,23.25689,0,0.37571784883741705
92.730736,24.369709,0,0.37432655588045544
92.963044,23.601203,0,0.448705681389649
93.103122,23.289027,0,0.3095464815899868
93.175095,23.408066,0,0.8581140007799772
93.013332,23.070866,0,0.7241365209261107
92.822169,22.889531,0,0.6585274237154154
93.114724,23.609462,0,0.20535280666658487
92.756346,24.349496,0,0.0893240143285151
92.90589,22.099273,0,0.3878846630048724
93.066739,23.182894,0,0.25606147810314245
93.242347,23.863688,0,0.6629010257022572
92.387045,23.021987,0,0.17668869829253595
92.556883,23.732459,0,0.412004801582799
93.274972,23.921075,0,0.7384398703193272
93.384675,23.592205,0,0.44999487728087567
92.868007,23.757693,0,0.578035400596517
93.097476,23.712443,0,0.4925791717630159
92.71274,22.871022,0,0.6465379676958495
92.864054,22.648027,0,0.7483778036186741
92.893274,23.414745,0,0.4861535222391234
92.469989,22.934088,0,0.576699375164792
93.139927,23.678122,0,0.0828000699724575
92.684201,22.292908,0,0.32775512127091383
92.802893,24.413392,0,0.5575761023189035
92.59527,22.034293,0,0.6945186830765779
92.833432,23.738463,0,0.7735511342498531
92.916847,24.125097,0,0.681809503628784
92.651036,23.848912,0,0.6390173501335629
92.622971,22.76642,0,0.643842825124989
92.793611,23.597437,0,0.7047445046316044
93.071029,22.965592,0,0.5216292695062795
93.309155,23.750154,0,0.5972836619352875
93.019834,23.089095,0,0.6104213670339068
92.490097,23.822909,0,0.3706567994787658
92.959512,23.662063,0,0.5872934561786383
93.301763,23.254158,0,0.16877121130441441
93.068526,23.522218,0,0.8048962273381978
93.269189,23.153361,0,0.6452043937804348
93.038006,23.225673,0,0.5795379244016726
92.3247,24.204081,0,0.27709050584790296
93.350077,23.619483,0,0.21329234501198208
92.900784,23.174589,0,0.5969881727653235
93.331824,23.243975,0,0.6700731983107285
93.17727,23.458412,0,0.7392591842138113
93.116778,23.783964,0,0.1437336633137517
92.657333,23.280601,0,0.533156275369326
93.129408,22.229532,0,0.5371782881436445
92.633393,23.344264,0,0.6785674924050277
93.15656,23.350418,0,0.25514748106036655
92.684676,23.740168,0,0.39311046271049366
93.100557,23.784353,0,0.3551725245594644
93.243625,23.590862,0,0.2165337945108556
92.99755,22.807627,0,0.2466581009072746
93.293083,23.076306,0,0.2792930476363211
93.067993,22.835362,0,0.7045342705476827
93.028446,22.849626,0,0.3224843627354475
93.003427,23.430804,0,0.29625961333261486
93.087516,22.992241,0,0.2388375689598823
92.963087,22.906972,0,0.2317061883609045
92.375569,24.247145,0,0.28271250758566935
92.434272,23.294488,0,0.2908855474710078
92.607486,22.1834,0,0.6536886822328297
92.97207,23.4958,0,0.3188580163031183
92.803178,22.349824,0,0.28835958403577816
92.911787,23.225195,0,0.7556965953520766
92.714815,23.98339,0,0.3000939081808414
93.299231,23.520346,0,0.2861484340125184
92.770216,23.266712,0,0.4889162164531703
92.878041,23.203179,0,0.7102099793969364
93.312706,23.517661,0,0.3929088074992869
92.986746,23.309755,0,0.8417475157458809
92.495651,23.896276,0,0.41896788215107256
92.484938,22.902919,0,0.05218742229616362
92.811139,22.519346,0,0.7402032717903051
92.494726,23.761835,0,0.440355761965921
93.205496,23.56716,0,0.43893744224327236
92.685076,22.241325,0,0.3831472750154449
92.460848,23.274161,0,0.6636346447638928
92.413492,23.121037,0,0.28148356155463017
93.332021,23.446699,0,0.23912664247035417
93.023747,24.055109,0,0.2849929727341465
92.647807,23.859822,0,0.38835060156987344
92.363884,23.930272,0,0.5228148643794247
92.422628,22.934956,0,0.1779442744694773
93.238798,23.877345,0,0.4970284473899258
93.038062,22.310723,0,0.3716592488678066
92.506916,23.207858,0,0.5153079174537978
93.18942,23.516437,0,0.15733765930240456
93.194709,23.885305,0,0.7780926485772927
93.014027,23.902613,0,0.2514553235368409
92.701169,23.50032,0,0.6686064139806406
93.087324,23.007488,0,0.642693006533829
93.204941,23.701427,0,0.2395133224256009
92.257998,23.807939,0,0.2831955691884707
93.002157,22.992437,0,0.499316977108716
92.855383,23.333439,0,0.2774112185507321
92.650358,24.323483,0,0.22185833389562093
92.561564,22.857086,0,0.1838777143774343
92.851583,23.34924,0,0.41409434965325287
92.891826,23.441911,0,0.38609002058176184
93.188776,23.521719,0,0.18295517395321123
92.749672,23.734777,0,0.19057189241785893
92.680463,23.721033,0,0.26557615416554275
93.355503,23.197417,0,0.41921961377051353
92.997784,22.800625,0,0.14205829822273827
92.927632,22.974724,0,0.2925804136827654
93.214805,23.815279,0,0.611418807963099
92.538502,22.65716,0,0.5256768496980851
92.754786,22.511176,0,0.5463763317516904
92.654292,22.050331,0,0.19099206005134411
92.396794,23.070686,0,0.08656544111295623
93.05454,22.459914,0,0.11258921405839213
92.705636,23.716626,0,0.5657043786595523
92.984683,22.184894,0,0.46563713472937235
92.697926,22.916334,0,0.4468682414808037
92.512754,22.72978,0,0.20739486151107017
92.728244,23.727643,0,0.5094119635876501
92.906102,24.029492,0,0.6810967332959492
93.047739,23.631114,0,0.5596801236620432
92.489839,23.748294,0,0.5810913253929969
92.64445,23.897759,0,0.3350287924405727
93.337863,23.286341,0,0.389114916589473
93.308194,23.838806,0,0.23794002802810538
93.100708,23.338572,0,0.2723851849522241
93.126398,23.151936,0,0.217538982285122
92.629206,22.192443,0,0.6043198337443988
92.743019,22.501632,0,0.6427669245199742
93.329257,23.42175,0,0.7981610471207531
92.630116,22.261592,0,0.37384949691209135
92.979589,22.644447,0,0.37160636261315844
93.320345,23.373247,0,0.16074742598046365
92.91861,22.978051,0,0.3302861000250791
92.591518,23.58632,0,0.6790489141047715
92.708564,23.722595,0,0.7077906906057241
92.517182,22.750896,0,0.15528168358440173
92.990053,23.704582,0,0.690374988624502
93.007967,22.166393,0,0.46069904038264636
92.682543,22.243168,0,0.44503748945116656
92.882224,22.199928,0,0.4471108493401568
93.049112,23.459392,0,0.5364062974385987
92.641997,22.81868,0,0.2264475909209328
92.4853,22.806484,0,0.07637329849817735
92.735512,23.052341,0,0.2710840745577666
93.368361,23.593626,0,0.17788874183166717
92.789005,24.42473,0,0.43690621013718367
92.474514,22.8993,0,0.47230589989103805
93.219024,23.163939,0,0.1922983452190625
92.70937,22.929704,0,0.701549233264176
92.492877,23.812235,0,0.6846504751543099
92.839495,22.956335,0,0.5862752496666912
92.35887,23.216825,0,0.24862503470963812
92.999752,22.487151,0,0.6481619345484523
92.765147,22.90254,0,0.6311414648169412
92.758768,23.934373,0,0.7983151349053261
93.242885,23.537486,0,0.31528097789066023
92.975357,24.287118,0,0.3758494384682671
93.135402,23.092909,0,0.7587980758762215
92.596748,23.620331,0,0.746409685483178
92.466635,22.92687,0,0.4596723229533447
93.030904,22.520448,0,0.518244337058396
92.650422,23.83512,0,0.7265029812174362
92.978449,22.491961,0,0.32265102388196437
92.96456,22.477391,0,0.4764041798376031
93.289596,23.56143,0,0.7289060743756317
93.185297,23.503767,0,0.10022080173427732
93.002405,22.671466,0,0.4613850494532964
93.14714,24.047677,0,0.5360366968402013
93.013574,23.926616,0,0.35873474001111316
93.025873,23.851738,0,0.5671685260170745
92.446058,23.309447,0,0.7376368503847905
92.845923,23.381614,0,0.3121684572482651
92.811039,22.134559,0,0.7025923032013602
92.62061,22.541564,0,0.6460136154957252
92.964959,23.634993,0,0.2377015917597359
92.578228,22.817059,0,0.5143818289203177
92.958726,23.562717,0,0.2796796859618697
93.115265,23.97309,0,0.19661355495277963
92.798826,23.183741,0,0.4202146025550904
92.748539,22.92958,0,0.6066930423716632
92.838576,23.377007,0,0.37121550776178885
92.722521,22.949617,0,0.7254457781400603
93.101202,22.97182,0,0.1204342729907387
92.701145,23.003145,0,0.6713438444662749
93.292347,23.972024,0,0.4554214016756086
93.225525,23.178815,0,0.2643310539120789
92.869891,22.576558,0,0.3463397382952257
92.772414,23.789816,0,0.31624773319645144
93.171272,23.405423,0,0.26170857252334273
93.074608,23.105051,0,0.4304563392298127
92.731679,23.811364,0,0.7436608662878815
92.808298,23.456839,0,0.2546501288096632
92.846486,22.528193,0,0.4080717735120986
92.920961,24.029782,0,0.6121969775668354
93.167946,24.031272,0,0.19866811682001503
92.855321,22.663034,0,0.4708972499792434
92.854662,23.326988,0,0.4610999214517913
92.636444,24.237823,0,0.08868292108830741
92.922401,23.412669,0,0.7671426471846187
92.813208,22.320918,0,0.5501978122868739
93.002739,23.442204,0,0.1716097768162341
92.861784,22.402816,0,0.35908613175096105
92.710303,23.71811,0,0.4476669955353321
93.315995,23.469536,0,0.5551626875929101
92.637168,22.620842,0,0.2972173396249285
93.26127,23.759594,0,0.7877386878616325
93.084955,22.868633,0,0.35107984727544184
93.01964,23.176512,0,0.5838242858357889
93.099105,22.447016,0,0.4040361424933625
93.03881,23.538612,0,0.29925882340913307
93.182493,23.784176,0,0.21163122869497486
93.299708,23.449453,0,0.29107186202248003
93.129911,23.469904,0,0.2768439462620156
92.612273,23.38035,0,0.28319179534607486
93.262176,23.054465,0,0.8230725931249464
92.402212,24.150094,0,0.22787163639514574
93.341525,23.250509,0,0.4734769169195197
92.751551,22.921081,0,0.5875442539623731
92.54418,23.7465,0,0.31018793626316987
92.60215,22.828098,0,0.4622634174499094
92.882416,22.410601,0,0.48817922958351034
93.147241,23.086658,0,0.4299621194374615
92.420441,23.48785,0,0.427370588934783
93.203756,23.093405,0,0.3778554985835412
92.663845,23.828173,0,0.28351961131687614
92.581853,22.915904,0,0.7214485063304641
92.506279,22.909573,0,0.38783519399873156
92.869054,23.252779,0,0.058761074827809096
93.10356,22.237466,0,0.2889599163420656
93.19044,23.846933,0,0.7704023770334344
92.442523,23.15624,0,0.06326283141846324
92.775616,22.302821,0,0.4920153510894743
93.187657,23.476866,0,0.1870821883382748
92.854273,22.883709,0,0.6824471178168348
93.197667,23.444657,0,0.12517800240099344
93.055905,22.775107,0,0.5234152904214021
92.938968,23.551624,0,0.6310145151731086
92.670346,23.78953,0,0.18302222598332948
92.984142,22.181375,0,0.5413644858110485
92.659073,23.918646,0,0.4889794848447075
92.922043,24.031096,0,0.3572776994187468
92.679532,23.764613,0,0.7460511023020335
92.640555,23.21772,0,0.5704196506807545
92.838771,23.523017,0,0.6041815185548584
93.384146,23.370684,0,0.31956515070187547
92.763856,23.300024,0,0.2745236515910185
92.884006,23.25338,0,0.5136570654264397
92.433654,23.263198,0,0.395508684048282
92.737595,23.738045,0,0.3051896977702212
93.062534,23.73451,0,0.723517525588968
92.707425,23.540524,0,0.20652606861819306
92.796948,24.157756,0,0.27595094246511154
92.827484,24.354725,0,0.293496718797319
93.246207,23.516787,0,0.24401338424657046
92.563451,23.77136,0,0.7413772946435895
92.922075,23.823987,0,0.6113737416603389
92.774452,22.140164,0,0.5034408631996089
92.631632,22.242027,0,0.6996085190450358
92.885002,24.005193,0,0.2855334647426994
93.109305,22.491821,0,0.16122458082544266
93.240308,24.030844,0,0.7675023470811329
92.643003,22.609521,0,0.4441280458915294
92.714257,23.713015,0,0.055855667827078875
92.735826,23.174223,0,0.7313905184943014
92.909442,22.77649,0,0.7293611683070238
92.838638,23.243325,0,0.2814995738755587
93.066629,22.97176,0,0.6601058079970444
93.033241,23.456201,0,0.5963593515826602
93.312529,23.385584,0,0.6882671470905317
93.089396,22.873317,0,0.6946606732170024
92.495051,23.973963,0,0.496926487647987
93.315297,23.309963,0,0.189745050262355
92.487587,23.847351,0,0.47092374964818684
93.320137,23.451359,0,0.3488778252327064
92.880712,22.562182,0,0.47817357682544165
93.359573,23.463371,0,0.19939906057159473
93.182594,23.527016,0,0.7526281081580755
92.953268,23.21762,0,0.5851869774532038
93.337174,23.147706,0,0.7904853988517064
92.728896,23.759572,0,0.26364968394988686
93.296775,23.287034,0,0.6884943076542119
93.191755,22.280308,0,0.4841167254658124
93.184589,23.53238,0,0.04176010106983174
92.738698,22.334874,0,0.5530274561509277
93.183594,23.788922,0,0.28835779600236283
92.717927,23.616993,0,0.6848342847758051
93.287963,23.075656,0,0.7481414563614512
92.650855,23.924133,0,0.25075850316971626
92.500135,23.877532,0,0.3080053755569731
92.928495,22.614302,0,0.6912821051486383
92.92548,22.167785,0,0.5067679704689017
93.033721,22.282544,0,0.4966852073952098
93.08798,22.289403,0,0.4982284275963255
92.709571,24.235406,0,0.575471938580328
92.670794,22.100274,0,0.4320695595489239
92.528406,22.6395,0,0.2193433779274465
92.760771,23.368096,0,0.5887001107297656
93.301874,23.153422,0,0.7315668852468848
92.651765,22.049914,0,0.27917357103804846
92.353092,23.464034,0,0.49962116608036006
92.776373,23.791694,0,0.45415997952642667
92.797153,23.248659,0,0.25811975972741136
92.950836,22.217523,0,0.3352848998254751
92.845612,22.536194,0,0.3369210732430739
92.626227,23.821135,0,0.45134907864682333
93.084051,23.07492,0,0.657046357822982
93.31594,23.499235,0,0.16117872211169704
92.508669,22.848124,0,0.08544604035763442
92.418679,23.056642,0,0.5357795217174327
92.773725,24.039621,0,0.21825129850047656
92.968277,23.183164,0,0.5048001915149912
92.954759,23.748862,0,0.5287322588690643
93.112173,22.214808,0,0.46895027770403774
93.003518,22.994985,0,0.15055633437256674
92.388955,22.98952,0,0.14953286861835194
93.123065,23.241578,0,0.20679346737642018
92.71425,23.46766,0,0.3436324089269981
92.964259,22.356942,0,0.44079887275291346
92.973864,23.789899,0,0.4019259256552479
92.471481,22.931819,0,0.5187026127278981
92.999424,23.216959,0,0.6334324104594475
92.898668,23.192559,0,0.4344775876337981
92.4072,24.099499,0,0.5414013727139345
92.587544,22.87748,0,0.2397418342424407
92.965344,23.660928,0,0.17155400319525457
92.488898,23.82735,0,0.23477608502234493
92.884957,22.517378,0,0.5801322812910513
93.080122,23.205092,0,0.6793571849733411
92.909961,22.432918,0,0.19050923385625818
93.000885,22.98766,0,0.2542371982857703
93.078532,23.863498,0,0.7407951963541325
93.335729,23.465578,0,0.2561242549720811
93.072705,22.752779,0,0.2851667835703743
92.879273,23.485195,0,0.17371246818068037
92.726739,23.70079,0,0.6139973369507674
92.685947,22.230504,0,0.26608675449002994
92.52758,22.670676,0,0.20980332500855706
92.846159,22.769806,0,0.7135183679342101
92.883652,22.602545,0,0.5627174674100952
92.683797,22.674257,0,0.387311907221779
93.407385,23.704078,0,0.37705042102292763
92.607952,22.835295,0,0.2796149057353495
92.859005,23.440136,0,0.5489419314658459
93.213981,23.889982,0,0.6178818834975809
92.677097,22.135648,0,0.36185873493914256
92.951628,22.510134,0,0.17018868268186224
93.054814,23.266948,0,0.5322031215470624
93.115878,23.923023,0,0.43928266129014426
93.059907,23.169197,0,0.7811427054165727
92.501796,22.876024,0,0.46390371204391606
93.175582,23.530007,0,0.2409289967898542
92.623198,23.903879,0,0.35319580172345943
92.797954,23.27189,0,0.3566592730171778
92.731353,23.755385,0,0.37450494740645207
93.077052,23.197481,0,0.6999701703845258
92.944764,23.547434,0,0.1434359434680237
92.45207,23.717789,0,0.2343863392365781
93.137972,23.545641,0,0.47525471829728644
92.91573,22.978802,0,0.42247267361430374
93.093041,23.283675,0,0.36757397344030496
92.695803,23.731727,0,0.560024539009362
92.853694,22.268685,0,0.46620943006778587
92.830458,22.920712,0,0.08871953634948894
93.181919,23.101543,0,0.3068420498762658
92.951312,22.926291,0,0.5683656625206334
92.712301,23.697016,0,0.7791530159526965
93.111422,23.17665,0,0.31122217482431996
92.406338,22.967076,0,0.20961106265272406
92.507806,22.936385,0,0.38144797170766376
92.999703,22.520261,0,0.5126546339845439
92.945841,23.618158,0,0.4017336151691285
93.332989,23.509715,0,0.18096122773713808
92.645185,23.985014,0,0.4225973913587425
92.739713,22.954213,0,0.3345342303745898
93.083327,23.759363,0,0.6143142837787926
93.146995,23.123924,0,0.3067438595090863
93.085282,22.989173,0,0.42165681154326634
93.341823,23.61586,0,0.43384472509460514
93.262178,23.209554,0,0.2639296975039959
93.064636,22.971816,0,0.6633751133785999
92.768003,23.263187,0,0.5106779203794796
92.670081,24.047903,0,0.8517585864712549
92.482583,23.707539,0,0.4721149470044122
92.729927,23.756236,0,0.2355208208092
