segment_id,osm_id,highway,name,ref,elevation,slope,curvature,distance_to_drainage,land_cover_class,susceptibility_score,risk_tier,model_version
44848664_00_000,44848664,trunk,,NH10,325.1991271972656,32.07967758178711,-0.0671512633562088,123.70802350161468,tree_cover,0.6615554306509023,high,random_forest-extended-v1-20260902
44848699_00_000,44848699,primary,,SH,616.32373046875,37.75436782836914,0.013108639046549797,120.22258900738453,tree_cover,0.5934481402397112,moderate,random_forest-extended-v1-20260902
44848699_00_001,44848699,primary,,SH,629.9442138671875,39.03540802001953,-0.05616757646203041,116.63304307356871,tree_cover,0.5996256839420764,high,random_forest-extended-v1-20260902
44848699_00_002,44848699,primary,,SH,645.760986328125,39.06930923461914,-0.033209510147571564,130.39970636758034,tree_cover,0.576900404302398,moderate,random_forest-extended-v1-20260902
44848699_00_003,44848699,primary,,SH,662.9812622070312,38.0521240234375,-0.031127633526921272,184.41303327450134,tree_cover,0.5649895883149532,moderate,random_forest-extended-v1-20260902
44848704_00_000,44848704,trunk,,NH710,345.96470642089844,32.71876525878906,-0.023467766121029854,195.5995595513705,tree_cover,0.6260194905967124,high,random_forest-extended-v1-20260902
44848704_00_001,44848704,trunk,,NH710,356.1754913330078,33.360572814941406,0.06967464089393616,145.79130384196088,tree_cover,0.6484255783922007,high,random_forest-extended-v1-20260902
44848705_00_000,44848705,primary,,SH,361.5667724609375,23.230470657348633,-0.06516989320516586,145.79130384196088,tree_cover,0.31466967722268496,low,random_forest-extended-v1-20260902
44848706_00_000,44848706,trunk,,NH710,348.71022033691406,31.649044036865234,-0.043593764305114746,145.79130384196088,tree_cover,0.6348714591121881,high,random_forest-extended-v1-20260902
44848706_00_001,44848706,trunk,,NH710,334.7930908203125,29.2113094329834,-0.03234804421663284,157.02203972719624,tree_cover,0.5420792180713114,moderate,random_forest-extended-v1-20260902
44848706_00_002,44848706,trunk,,NH710,333.69482421875,27.319387435913086,-0.016493482515215874,123.70802350161468,tree_cover,0.5340560260184982,moderate,random_forest-extended-v1-20260902
44848708_00_000,44848708,trunk,,NH710,340.72515869140625,27.337350845336914,-0.01806565746665001,157.02203972719624,tree_cover,0.5187216877363452,moderate,random_forest-extended-v1-20260902
44848708_00_001,44848708,trunk,,NH710,333.84381103515625,24.96579933166504,-0.04466700553894043,195.5995595513705,tree_cover,0.35186193382786696,low,random_forest-extended-v1-20260902
44848708_00_002,44848708,trunk,,NH710,326.8732604980469,23.016252517700195,-0.04466700553894043,157.02203972719624,tree_cover,0.2781856967493552,low,random_forest-extended-v1-20260902
44848708_00_003,44848708,trunk,,NH710,334.67315673828125,22.171710968017578,0.013241448439657688,157.02203972719624,tree_cover,0.2679119471305198,low,random_forest-extended-v1-20260902
44848708_00_004,44848708,trunk,,NH710,306.28968811035156,21.381134033203125,-0.04344659298658371,145.79130384196088,tree_cover,0.2660109606010393,low,random_forest-extended-v1-20260902
44848709_00_000,44848709,trunk,,NH710,398.341064453125,24.932022094726562,0.01921427808701992,204.10782537874525,tree_cover,0.3417784469543152,low,random_forest-extended-v1-20260902
44848709_00_001,44848709,trunk,,NH710,499.73095703125,28.432373046875,0.015154620632529259,222.06269817368786,tree_cover,0.4593717008394346,moderate,random_forest-extended-v1-20260902
44848710_00_000,44848710,primary,,SH,343.875,24.19178581237793,0.0030546144116669893,170.02041587784976,tree_cover,0.31716399774592235,low,random_forest-extended-v1-20260902
44848710_00_001,44848710,primary,,SH,343.8555450439453,25.353946685791016,-0.0167878158390522,184.41303327450134,tree_cover,0.39274052639817714,low,random_forest-extended-v1-20260902
44848710_00_002,44848710,primary,,SH,358.7129211425781,24.72374153137207,0.019289657473564148,204.10782537874525,tree_cover,0.3288245253646174,low,random_forest-extended-v1-20260902
44848710_00_003,44848710,primary,,SH,380.93406677246094,25.518177032470703,0.03146862983703613,152.85029018382744,tree_cover,0.45641154156944275,moderate,random_forest-extended-v1-20260902
44848711_00_000,44848711,primary,,SH,397.4895935058594,25.257204055786133,-0.0028571952134370804,145.79130384196088,tree_cover,0.4199531320719078,low,random_forest-extended-v1-20260902
44848711_00_001,44848711,primary,,SH,346.74127197265625,23.179824829101562,-0.030223093926906586,120.22258900738453,tree_cover,0.3260918795541973,low,random_forest-extended-v1-20260902
44848711_00_002,44848711,primary,,SH,345.52162170410156,22.010820388793945,-0.00911359116435051,152.85029018382744,tree_cover,0.28646215847491047,low,random_forest-extended-v1-20260902
44848711_00_003,44848711,primary,,SH,324.3008575439453,20.091644287109375,-0.04860462248325348,145.79130384196088,tree_cover,0.21152870360667606,low,random_forest-extended-v1-20260902
44848714_00_000,44848714,primary,,SH,417.5713806152344,29.966215133666992,-0.029146261513233185,116.63304307356871,tree_cover,0.5331500573612082,moderate,random_forest-extended-v1-20260902
44848714_00_001,44848714,primary,,SH,379.8616943359375,29.32550811767578,-0.029792360961437225,120.22258900738453,tree_cover,0.5641931771330703,moderate,random_forest-extended-v1-20260902
44848714_00_002,44848714,primary,,SH,368.1754455566406,25.735824584960938,-0.04102013260126114,116.63304307356871,tree_cover,0.49278411210791784,moderate,random_forest-extended-v1-20260902
44848714_00_003,44848714,primary,,SH,394.7099609375,27.984573364257812,-0.015377165749669075,116.63304307356871,tree_cover,0.5714345485194772,moderate,random_forest-extended-v1-20260902
44848714_00_004,44848714,primary,,SH,393.55242919921875,28.291006088256836,-0.03582262247800827,120.22258900738453,tree_cover,0.5726523473829389,moderate,random_forest-extended-v1-20260902
44848714_00_005,44848714,primary,,SH,342.3804016113281,25.38125991821289,-0.009878141805529594,145.79130384196088,tree_cover,0.4339412057418604,moderate,random_forest-extended-v1-20260902
44848715_00_000,44848715,primary,,SH,322.6056213378906,12.610708236694336,-0.01872970350086689,157.02203972719624,tree_cover,0.16514024219213333,low,random_forest-extended-v1-20260902
44848715_00_001,44848715,primary,,SH,342.87078857421875,14.981012344360352,-0.04417884349822998,195.5995595513705,tree_cover,0.15720036499390566,low,random_forest-extended-v1-20260902
44848715_00_002,44848715,primary,,SH,354.1386413574219,20.421640396118164,-0.1146036759018898,157.02203972719624,tree_cover,0.1936346730182089,low,random_forest-extended-v1-20260902
44848719_00_000,44848719,primary,,SH,398.42181396484375,27.089021682739258,-0.08979345858097076,145.79130384196088,tree_cover,0.4887556581252958,moderate,random_forest-extended-v1-20260902
44848719_00_001,44848719,primary,,SH,439.87933349609375,28.222944259643555,-0.0771011933684349,157.02203972719624,tree_cover,0.5026599549701947,moderate,random_forest-extended-v1-20260902
44848719_00_002,44848719,primary,,SH,395.5583190917969,24.80528450012207,-0.11756855249404907,123.70802350161468,tree_cover,0.4144116100307794,low,random_forest-extended-v1-20260902
44848719_00_003,44848719,primary,,SH,443.32525634765625,25.699129104614258,-0.04445163905620575,170.02041587784976,tree_cover,0.4237570673427679,moderate,random_forest-extended-v1-20260902
44848719_00_004,44848719,primary,,SH,409.5482635498047,24.54007911682129,-0.07862670719623566,164.94403133548627,tree_cover,0.3324913047795467,low,random_forest-extended-v1-20260902
44848719_00_005,44848719,primary,,SH,398.63218688964844,24.172832489013672,-0.077517569065094,145.79130384196088,tree_cover,0.3426956196041911,low,random_forest-extended-v1-20260902
44848719_00_006,44848719,primary,,SH,414.8596496582031,25.534420013427734,-0.07437322288751602,145.79130384196088,tree_cover,0.42740444248845166,moderate,random_forest-extended-v1-20260902
44848719_00_007,44848719,primary,,SH,435.6515197753906,27.7593994140625,-0.06739534437656403,184.41303327450134,tree_cover,0.49405815871411546,moderate,random_forest-extended-v1-20260902
44848719_00_008,44848719,primary,,SH,426.6248321533203,28.79025650024414,-0.08032092452049255,184.41303327450134,tree_cover,0.4820448862644297,moderate,random_forest-extended-v1-20260902
44848719_00_009,44848719,primary,,SH,420.9423828125,28.447940826416016,-0.0951632633805275,123.70802350161468,tree_cover,0.5202089897083747,moderate,random_forest-extended-v1-20260902
44848719_00_010,44848719,primary,,SH,457.75592041015625,30.73764419555664,-0.050065524876117706,123.70802350161468,tree_cover,0.623675791388329,high,random_forest-extended-v1-20260902
44848721_00_000,44848721,primary,,SH,467.75962829589844,30.907325744628906,-0.06889214366674423,145.79130384196088,tree_cover,0.5971201585170703,high,random_forest-extended-v1-20260902
44848721_00_001,44848721,primary,,SH,454.4575653076172,29.418527603149414,-0.07308819890022278,145.79130384196088,tree_cover,0.5086261778343012,moderate,random_forest-extended-v1-20260902
44848721_00_002,44848721,primary,,SH,474.5757141113281,31.248022079467773,-0.1049121841788292,145.79130384196088,tree_cover,0.5946181032753769,moderate,random_forest-extended-v1-20260902
44848721_00_003,44848721,primary,,SH,472.903076171875,31.418975830078125,-0.11066964268684387,120.22258900738453,tree_cover,0.6280876204059589,high,random_forest-extended-v1-20260902
44848721_00_004,44848721,primary,,SH,497.1608123779297,32.913368225097656,-0.1086416095495224,145.79130384196088,tree_cover,0.5759768777044859,moderate,random_forest-extended-v1-20260902
44848721_00_005,44848721,primary,,SH,473.2201385498047,32.804996490478516,-0.1200452670454979,212.27534257419205,tree_cover,0.5965403475145211,high,random_forest-extended-v1-20260902
44848721_00_006,44848721,primary,,SH,466.4148712158203,30.703716278076172,-0.12292040884494781,233.26608614713743,tree_cover,0.5812834343812979,moderate,random_forest-extended-v1-20260902
44848721_00_007,44848721,primary,,SH,421.325927734375,25.859392166137695,-0.17499244213104248,145.79130384196088,tree_cover,0.4249434365865984,moderate,random_forest-extended-v1-20260902
44848722_00_000,44848722,primary,,SH,454.2767333984375,28.39957618713379,-0.1045747771859169,145.79130384196088,tree_cover,0.5115416968287224,moderate,random_forest-extended-v1-20260902
44848722_00_001,44848722,primary,,SH,474.115966796875,30.508121490478516,-0.07158063352108002,145.79130384196088,tree_cover,0.5903440090090267,moderate,random_forest-extended-v1-20260902
44848722_00_002,44848722,primary,,SH,503.8033752441406,30.715543746948242,-0.11991605162620544,157.02203972719624,tree_cover,0.5813936496072611,moderate,random_forest-extended-v1-20260902
44848722_00_003,44848722,primary,,SH,535.7563171386719,28.55947494506836,-0.09127949178218842,157.02203972719624,tree_cover,0.4564645573192467,moderate,random_forest-extended-v1-20260902
44848724_00_000,44848724,trunk,,NH710,339.34385681152344,29.48698616027832,-0.058967337012290955,170.02041587784976,tree_cover,0.5404681465531841,moderate,random_forest-extended-v1-20260902
44848725_00_000,44848725,trunk,Melli Bridge,NH710,321.0764617919922,30.22140884399414,-0.07498881220817566,145.79130384196088,tree_cover,0.6331317234705769,high,random_forest-extended-v1-20260902
44848726_00_000,44848726,secondary,,NH510,673.9652099609375,31.200279235839844,-0.03598055616021156,145.79130384196088,tree_cover,0.50756604188839,moderate,random_forest-extended-v1-20260902
44848726_00_001,44848726,secondary,,NH510,686.376708984375,31.03944206237793,-0.0394766740500927,123.70802350161468,tree_cover,0.5077645501258264,moderate,random_forest-extended-v1-20260902
44848726_00_002,44848726,secondary,,NH510,663.0221557617188,31.285037994384766,-0.0931316390633583,116.63304307356871,tree_cover,0.5650371224385946,moderate,random_forest-extended-v1-20260902
44848726_00_003,44848726,secondary,,NH510,630.8624267578125,31.047100067138672,-0.1059315875172615,130.39970636758034,tree_cover,0.5612836117399039,moderate,random_forest-extended-v1-20260902
44848726_00_004,44848726,secondary,,NH510,691.2765197753906,30.24859046936035,-0.0996285229921341,145.79130384196088,tree_cover,0.4845286770394977,moderate,random_forest-extended-v1-20260902
44848726_00_005,44848726,secondary,,NH510,698.10400390625,29.887502670288086,-0.07478959858417511,164.94403133548627,tree_cover,0.38390825739713386,low,random_forest-extended-v1-20260902
44848726_00_006,44848726,secondary,,NH510,746.4957275390625,30.49201774597168,-0.03537753224372864,227.73329671633672,tree_cover,0.4826562520483446,moderate,random_forest-extended-v1-20260902
44848726_00_007,44848726,secondary,,NH510,857.9014892578125,30.686138153076172,0.05150130018591881,340.0408317556995,tree_cover,0.4717070947939963,moderate,random_forest-extended-v1-20260902
44848726_00_008,44848726,secondary,,NH510,847.7230834960938,29.53572654724121,0.008341860957443714,268.82588145153073,tree_cover,0.36170635077637103,low,random_forest-extended-v1-20260902
44848726_00_009,44848726,secondary,,NH510,968.8865661621094,29.347946166992188,-0.004558590240776539,314.0440794543925,tree_cover,0.35690468621788535,low,random_forest-extended-v1-20260902
44848726_00_010,44848726,secondary,,NH510,1006.3845520019531,31.43657684326172,-0.006697896867990494,227.73329671633672,tree_cover,0.4901142440619632,moderate,random_forest-extended-v1-20260902
44848726_00_011,44848726,secondary,,NH510,1034.7244262695312,32.906349182128906,-0.08454569429159164,233.26608614713743,tree_cover,0.5116152523265354,moderate,random_forest-extended-v1-20260902
44848726_00_012,44848726,secondary,,NH510,1086.8572998046875,29.190000534057617,0.017459042370319366,405.07950455465993,tree_cover,0.37616728852374337,low,random_forest-extended-v1-20260902
44848726_00_013,44848726,secondary,,NH510,1029.457763671875,28.522708892822266,0.02946213260293007,433.46870913515824,tree_cover,0.37324905655991697,low,random_forest-extended-v1-20260902
44848726_00_014,44848726,secondary,,NH510,1038.0187377929688,29.498218536376953,0.08633323758840561,532.0883281519216,tree_cover,0.39336461565649244,low,random_forest-extended-v1-20260902
44848726_00_015,44848726,secondary,,NH510,1041.7066650390625,29.165464401245117,0.07265029102563858,495.690433062667,tree_cover,0.3960642307149302,low,random_forest-extended-v1-20260902
44848726_00_016,44848726,secondary,,NH510,1103.97900390625,24.40018653869629,0.023805173113942146,437.3739115258827,tree_cover,0.23822238530471557,low,random_forest-extended-v1-20260902
44848726_00_017,44848726,secondary,,NH510,1196.00048828125,21.751590728759766,-0.04578690975904465,275.84901592217506,tree_cover,0.24522293107186197,low,random_forest-extended-v1-20260902
44848726_00_018,44848726,secondary,,NH510,1223.8526611328125,23.64262580871582,-0.01754518784582615,177.36277605064052,tree_cover,0.3123449889347113,low,random_forest-extended-v1-20260902
44848726_00_019,44848726,secondary,,NH510,1225.3801879882812,23.796911239624023,-0.10425172746181488,116.63304307356871,tree_cover,0.37833870984133033,low,random_forest-extended-v1-20260902
44848726_00_020,44848726,secondary,,NH510,1273.196044921875,22.93019676208496,-0.022800130769610405,145.79130384196088,tree_cover,0.37208828313476505,low,random_forest-extended-v1-20260902
44848726_00_021,44848726,secondary,,NH510,1321.6608276367188,21.908309936523438,-0.022785771638154984,247.41604700322935,tree_cover,0.3022321098050725,low,random_forest-extended-v1-20260902
44848726_00_022,44848726,secondary,,NH510,1282.805908203125,21.762554168701172,0.025729114189743996,501.65768670191557,tree_cover,0.2894806877342958,low,random_forest-extended-v1-20260902
44848726_00_023,44848726,secondary,,NH510,1289.8931884765625,23.124662399291992,0.05530611053109169,615.0941847487371,tree_cover,0.29973729510580843,low,random_forest-extended-v1-20260902
44848726_00_024,44848726,secondary,,NH510,1332.948974609375,23.54619026184082,0.05691417679190636,594.7141625618347,tree_cover,0.26766631354111126,low,random_forest-extended-v1-20260902
44848726_00_025,44848726,secondary,,NH510,1355.998779296875,23.56891441345215,0.04818465933203697,563.1395526838879,tree_cover,0.2657945265888177,low,random_forest-extended-v1-20260902
44848726_00_026,44848726,secondary,,NH510,1445.6749267578125,22.239301681518555,0.009361262433230877,496.54728838338445,tree_cover,0.2828873070280484,low,random_forest-extended-v1-20260902
44848726_00_027,44848726,secondary,,NH510,1492.621337890625,22.612884521484375,-0.010481168515980244,524.8486938310592,tree_cover,0.28754238970800033,low,random_forest-extended-v1-20260902
44848730_00_000,44848730,primary,,SH,620.4043884277344,34.71107482910156,-0.03032359853386879,130.39970636758034,tree_cover,0.5791046301867646,moderate,random_forest-extended-v1-20260902
44848730_00_001,44848730,primary,,SH,599.9829711914062,31.837581634521484,-0.060453370213508606,116.63304307356871,tree_cover,0.5947557155191961,moderate,random_forest-extended-v1-20260902
44848730_00_002,44848730,primary,,SH,599.8914794921875,30.565401077270508,-0.11319661885499954,145.79130384196088,tree_cover,0.5378793805632409,moderate,random_forest-extended-v1-20260902
44848730_00_003,44848730,primary,,SH,611.06005859375,32.56941223144531,-0.13634133338928223,195.5995595513705,tree_cover,0.5674352899326472,moderate,random_forest-extended-v1-20260902
44848730_00_004,44848730,primary,,SH,655.6007690429688,34.18467330932617,-0.12705186009407043,195.5995595513705,tree_cover,0.5697243681974977,moderate,random_forest-extended-v1-20260902
44848730_00_005,44848730,primary,,SH,664.6515808105469,35.902259826660156,-0.1363556981086731,180.88790466257092,tree_cover,0.574632271217872,moderate,random_forest-extended-v1-20260902
44848731_00_000,44848731,primary,,SH,673.0466918945312,34.4155387878418,-0.12699443101882935,164.94403133548627,tree_cover,0.5612872527617989,moderate,random_forest-extended-v1-20260902
44848731_00_001,44848731,primary,,SH,650.7750549316406,32.3580207824707,-0.11868846416473389,138.0955051047706,tree_cover,0.551227072208811,moderate,random_forest-extended-v1-20260902
44849422_00_000,44849422,primary,Akar Bridge,SH,355.81256103515625,21.825794219970703,-0.09155228734016418,130.39970636758034,tree_cover,0.29160243469618674,low,random_forest-extended-v1-20260902
44851378_00_000,44851378,secondary,,MDR,1350.2952270507812,28.375295639038086,-0.08522769063711166,92.20651663725067,tree_cover,0.5514811274747599,moderate,random_forest-extended-v1-20260902
44851378_00_001,44851378,secondary,,MDR,1343.832763671875,32.309818267822266,-0.09002318233251572,116.63304307356871,tree_cover,0.5759051213784735,moderate,random_forest-extended-v1-20260902
44851378_00_002,44851378,secondary,,MDR,1337.260009765625,35.440895080566406,-0.11292381584644318,145.79130384196088,tree_cover,0.5858388739189603,moderate,random_forest-extended-v1-20260902
44851378_00_003,44851378,secondary,,MDR,1327.8368530273438,36.03032302856445,-0.1390836536884308,210.26320860757602,tree_cover,0.6008234126614443,high,random_forest-extended-v1-20260902
44851378_00_004,44851378,secondary,,MDR,1281.0194702148438,34.986358642578125,-0.11800646781921387,174.94956461035306,tree_cover,0.5964046223498883,high,random_forest-extended-v1-20260902
44851378_00_005,44851378,secondary,,MDR,1249.1591796875,33.477203369140625,-0.051687952131032944,170.02041587784976,tree_cover,0.5991215060290641,high,random_forest-extended-v1-20260902
44851378_00_006,44851378,secondary,,MDR,1212.738037109375,32.68161392211914,-0.07325331121683121,186.70396624747931,tree_cover,0.5674843957822702,moderate,random_forest-extended-v1-20260902
44851378_00_007,44851378,secondary,,MDR,1173.4134521484375,30.97139549255371,-0.08482567220926285,148.67854064045866,tree_cover,0.47035102103121196,moderate,random_forest-extended-v1-20260902
44851383_00_000,44851383,secondary,,MDR,1350.492431640625,26.395751953125,-0.08380626887083054,105.13160430378801,tree_cover,0.4917299146743085,moderate,random_forest-extended-v1-20260902
44851383_00_001,44851383,secondary,,MDR,1352.6297607421875,29.17458724975586,-0.04959172010421753,105.13160430378801,tree_cover,0.5248046250857886,moderate,random_forest-extended-v1-20260902
44851383_00_002,44851383,secondary,,MDR,1370.8626708984375,30.434751510620117,-0.037215325981378555,130.39970636758034,tree_cover,0.5465346515203765,moderate,random_forest-extended-v1-20260902
44851383_00_003,44851383,secondary,,MDR,1364.931396484375,30.928852081298828,-0.03147222101688385,145.79130384196088,tree_cover,0.5368422882007184,moderate,random_forest-extended-v1-20260902
44851383_00_004,44851383,secondary,,MDR,1472.1859130859375,27.365564346313477,0.01102676335722208,170.02041587784976,tree_cover,0.45393059251617435,moderate,random_forest-extended-v1-20260902
44851383_00_005,44851383,secondary,,MDR,1428.7760009765625,25.578765869140625,-0.0031299926340579987,116.63304307356871,tree_cover,0.448035213387645,moderate,random_forest-extended-v1-20260902
44851383_00_006,44851383,secondary,,MDR,1467.5069580078125,19.944293975830078,0.0040488895028829575,130.39970636758034,tree_cover,0.298353061806064,low,random_forest-extended-v1-20260902
44851383_00_007,44851383,secondary,,MDR,1463.669189453125,19.211618423461914,0.003560725599527359,116.63304307356871,tree_cover,0.31231901902897613,low,random_forest-extended-v1-20260902
44851383_00_008,44851383,secondary,,MDR,1503.129638671875,18.040687561035156,0.0015219231136143208,92.20651663725067,tree_cover,0.3420786365440206,low,random_forest-extended-v1-20260902
44851383_00_009,44851383,secondary,,MDR,1552.9852294921875,17.521230697631836,-0.021062839776277542,87.47478230517653,tree_cover,0.37016579466456206,low,random_forest-extended-v1-20260902
44851383_00_010,44851383,secondary,,MDR,1568.357421875,16.471900939941406,-0.022857561707496643,123.70802350161468,tree_cover,0.2682034115997418,low,random_forest-extended-v1-20260902
44851383_00_011,44851383,secondary,,MDR,1566.6705322265625,17.90872573852539,0.032147035002708435,177.36277605064052,tree_cover,0.25282416640364874,low,random_forest-extended-v1-20260902
44851383_00_012,44851383,secondary,,MDR,1561.7281494140625,21.984874725341797,0.030984055250883102,206.18003916935783,tree_cover,0.29745507001959454,low,random_forest-extended-v1-20260902
44851383_00_013,44851383,secondary,,MDR,1646.636962890625,22.908510208129883,0.025154802948236465,235.08141380687945,tree_cover,0.30641161537023115,low,random_forest-extended-v1-20260902
44851383_00_014,44851383,secondary,,MDR,1651.281494140625,23.93262481689453,-0.0002871553006116301,268.82588145153073,tree_cover,0.30304258010107626,low,random_forest-extended-v1-20260902
44851383_00_015,44851383,secondary,,MDR,1650.6373291015625,25.408559799194336,0.015190515667200089,380.1772074656567,tree_cover,0.35100640117970994,low,random_forest-extended-v1-20260902
44851383_00_016,44851383,secondary,,MDR,1734.7262573242188,28.332298278808594,0.025355812162160873,474.66209594294867,tree_cover,0.4907485156928744,moderate,random_forest-extended-v1-20260902
44851383_00_017,44851383,secondary,,MDR,1761.4832763671875,30.091676712036133,-0.0845385193824768,577.3041096742019,tree_cover,0.5239820021661589,moderate,random_forest-extended-v1-20260902
44851383_00_018,44851383,secondary,,MDR,1794.5895385742188,29.83053970336914,-0.039196696132421494,586.0737881011005,tree_cover,0.46957413078781657,moderate,random_forest-extended-v1-20260902
44851383_00_019,44851383,secondary,,MDR,1842.7862548828125,28.54606056213379,0.002239811234176159,657.8403476970057,tree_cover,0.4616351062825035,moderate,random_forest-extended-v1-20260902
44851383_00_020,44851383,secondary,,MDR,1852.165771484375,26.881710052490234,0.06604571640491486,655.250415012434,tree_cover,0.4101255967952583,low,random_forest-extended-v1-20260902
44851383_00_021,44851383,secondary,,MDR,1820.6629638671875,26.414960861206055,0.060891278088092804,550.1569638651962,tree_cover,0.4124371164314016,low,random_forest-extended-v1-20260902
44851389_00_000,44851389,tertiary,,,1878.354248046875,27.19705581665039,0.04182416945695877,520.3734494852304,tree_cover,0.4215746550699377,low,random_forest-extended-v1-20260902
44851389_00_001,44851389,tertiary,,,1794.403564453125,30.673931121826172,0.0937274843454361,566.1510156143496,tree_cover,0.5693085292560767,moderate,random_forest-extended-v1-20260902
44851389_00_002,44851389,tertiary,,,1777.43798828125,28.90672492980957,0.12126567959785461,693.0839463125809,tree_cover,0.46059515946684104,moderate,random_forest-extended-v1-20260902
44851389_00_003,44851389,tertiary,,,1748.3057250976562,25.855209350585938,0.031213779002428055,730.7039204846151,tree_cover,0.39004739088836055,low,random_forest-extended-v1-20260902
44851389_00_004,44851389,tertiary,,,1776.164794921875,23.476367950439453,0.01619555801153183,651.9985318379016,tree_cover,0.2798120420791696,low,random_forest-extended-v1-20260902
44851389_00_005,44851389,tertiary,,,1764.3685913085938,24.296680450439453,-0.03530574217438698,300.2026684258173,tree_cover,0.2888943961998001,low,random_forest-extended-v1-20260902
44851389_00_006,44851389,tertiary,,,1716.7032470703125,24.278514862060547,-0.013438867405056953,519.1480735001394,tree_cover,0.2941259026339791,low,random_forest-extended-v1-20260902
44851389_00_007,44851389,tertiary,,,1659.100830078125,24.496692657470703,0.01427161879837513,676.3208144203506,tree_cover,0.31360584101980704,low,random_forest-extended-v1-20260902
44851389_00_008,44851389,tertiary,,,1564.599853515625,25.554134368896484,0.02946213260293007,661.0634946155362,tree_cover,0.40721561283088803,low,random_forest-extended-v1-20260902
44851389_00_009,44851389,tertiary,,,1556.27001953125,25.02047348022461,0.019641421735286713,655.250415012434,tree_cover,0.36484430209219554,low,random_forest-extended-v1-20260902
44851389_00_010,44851389,tertiary,,,1502.7412109375,25.977615356445312,0.06349003314971924,626.0544088562227,tree_cover,0.4038352811655206,low,random_forest-extended-v1-20260902
44851389_00_011,44851389,tertiary,,,1481.8428955078125,26.27147674560547,0.06394948065280914,619.9131272274983,tree_cover,0.4249991734710674,moderate,random_forest-extended-v1-20260902
44851389_00_012,44851389,tertiary,,,1482.3304443359375,29.600570678710938,0.04247026890516281,560.1118987424379,tree_cover,0.47628821402788285,moderate,random_forest-extended-v1-20260902
44851389_00_013,44851389,tertiary,,,1531.0009765625,29.415103912353516,-0.018923534080386162,461.03258318625336,tree_cover,0.49787530445253403,moderate,random_forest-extended-v1-20260902
44851389_00_014,44851389,tertiary,,,1460.028564453125,31.707786560058594,-0.04166623204946518,453.59608617258715,tree_cover,0.5955430608343367,high,random_forest-extended-v1-20260902
44851389_00_015,44851389,tertiary,,,1355.5924072265625,30.644092559814453,-0.028887823224067688,392.284278244487,tree_cover,0.5407706924078917,moderate,random_forest-extended-v1-20260902
44851389_00_016,44851389,tertiary,,,1316.2752075195312,30.09174346923828,0.018248718231916428,408.2156507574905,tree_cover,0.49912471234375944,moderate,random_forest-extended-v1-20260902
44851389_00_017,44851389,tertiary,,,1250.7911376953125,29.173839569091797,0.0033310013823211193,409.25569231765,tree_cover,0.44077108802518966,moderate,random_forest-extended-v1-20260902
44851389_00_018,44851389,tertiary,,,1277.08935546875,27.580474853515625,-0.013352720998227596,351.11195479568335,tree_cover,0.4297670658064888,moderate,random_forest-extended-v1-20260902
44851389_00_019,44851389,tertiary,,,1186.1348266601562,27.257526397705078,0.0016798584256321192,474.66209594294867,tree_cover,0.34459801095254755,low,random_forest-extended-v1-20260902
44851389_00_020,44851389,tertiary,,,1139.6273193359375,30.151134490966797,0.005455950275063515,560.8703444503877,tree_cover,0.5035765755235512,moderate,random_forest-extended-v1-20260902
44851389_00_021,44851389,tertiary,,,1123.8225708007812,30.467857360839844,-0.004522696137428284,600.4053368516346,tree_cover,0.525931223416112,moderate,random_forest-extended-v1-20260902
44851389_00_022,44851389,tertiary,,,1124.7205810546875,30.98130226135254,-0.02219710499048233,583.1652153678435,tree_cover,0.5407087222244727,moderate,random_forest-extended-v1-20260902
44851389_00_023,44851389,tertiary,,,1140.5101318359375,31.678640365600586,0.08281558752059937,578.7749505540111,tree_cover,0.584629739814777,moderate,random_forest-extended-v1-20260902
44851389_00_024,44851389,tertiary,,,1109.46240234375,31.380504608154297,0.06321723759174347,553.239099823504,tree_cover,0.5767423427867348,moderate,random_forest-extended-v1-20260902
44851389_00_025,44851389,tertiary,,,1092.3997802734375,32.56748962402344,0.10548649728298187,536.0681018403303,tree_cover,0.5775688604659732,moderate,random_forest-extended-v1-20260902
44851389_00_026,44851389,tertiary,,,1016.4894409179688,35.51000213623047,0.02917497605085373,405.07950455465993,tree_cover,0.56588243452174,moderate,random_forest-extended-v1-20260902
44851389_00_027,44851389,tertiary,,,1020.8780517578125,36.65184020996094,0.12787026166915894,412.36007833871565,tree_cover,0.5606903119255582,moderate,random_forest-extended-v1-20260902
44851389_00_028,44851389,tertiary,,,968.2847290039062,37.84885025024414,0.09774766117334366,352.3206053745417,tree_cover,0.551566021106374,moderate,random_forest-extended-v1-20260902
44851389_00_029,44851389,tertiary,,,894.8100891113281,38.30501174926758,0.03842855617403984,276.619549911752,tree_cover,0.5324278468366538,moderate,random_forest-extended-v1-20260902
44851389_00_030,44851389,tertiary,,,929.7620544433594,36.26362609863281,0.08157363533973694,315.39481291136406,tree_cover,0.5448528983049052,moderate,random_forest-extended-v1-20260902
44851389_00_031,44851389,tertiary,,,842.4153442382812,34.423309326171875,0.008255714550614357,186.70396624747931,tree_cover,0.5058059291671303,moderate,random_forest-extended-v1-20260902
44851389_00_032,44851389,tertiary,,,866.610107421875,32.705604553222656,0.023446230217814445,195.5995595513705,tree_cover,0.5006336617852741,moderate,random_forest-extended-v1-20260902
44851389_00_033,44851389,tertiary,,,877.3794555664062,31.274520874023438,-0.07707247883081436,195.5995595513705,tree_cover,0.4738761048303361,moderate,random_forest-extended-v1-20260902
44851389_00_034,44851389,tertiary,,,869.0791015625,31.22765350341797,-0.06024517863988876,186.70396624747931,tree_cover,0.482222804628123,moderate,random_forest-extended-v1-20260902
44851389_00_035,44851389,tertiary,,,838.9347534179688,33.066097259521484,0.017358537763357162,170.02041587784976,tree_cover,0.49535238000229803,moderate,random_forest-extended-v1-20260902
44851389_00_036,44851389,tertiary,,,788.4755554199219,33.073543548583984,-0.03459503501653671,145.79130384196088,tree_cover,0.4683495658732073,moderate,random_forest-extended-v1-20260902
44851389_00_037,44851389,tertiary,,,759.1842346191406,33.67750549316406,-0.10283748805522919,145.79130384196088,tree_cover,0.5033757715860928,moderate,random_forest-extended-v1-20260902
44851389_00_038,44851389,tertiary,,,751.99462890625,33.13513946533203,-0.09593858569860458,145.79130384196088,tree_cover,0.49690288809257405,moderate,random_forest-extended-v1-20260902
44851769_00_000,44851769,secondary,,MDR,310.9794158935547,29.008163452148438,-0.06567959487438202,170.02041587784976,tree_cover,0.5332315090547298,moderate,random_forest-extended-v1-20260902
44851769_00_001,44851769,secondary,,MDR,296.1010437011719,26.097339630126953,-0.12010090053081512,130.39970636758034,tree_cover,0.4876709900736726,moderate,random_forest-extended-v1-20260902
44851769_00_002,44851769,secondary,,MDR,297.8887634277344,25.40143585205078,-0.11204081773757935,145.79130384196088,tree_cover,0.423907841729724,moderate,random_forest-extended-v1-20260902
44851769_00_003,44851769,secondary,,MDR,301.5556182861328,25.314836502075195,-0.13247011601924896,130.39970636758034,tree_cover,0.42508084764141496,moderate,random_forest-extended-v1-20260902
44851769_00_004,44851769,secondary,,MDR,400.1235809326172,25.976253509521484,-0.05581580847501755,170.02041587784976,tree_cover,0.44681001469451653,moderate,random_forest-extended-v1-20260902
47415174_00_000,47415174,tertiary,North Sikkim Highway,NH310A,1534.4077758789062,28.36556625366211,-0.024853289127349854,227.73329671633672,tree_cover,0.5115143597144597,moderate,random_forest-extended-v1-20260902
47415174_00_001,47415174,tertiary,North Sikkim Highway,NH310A,1451.1842041015625,32.816993713378906,0.005427234806120396,380.1772074656567,tree_cover,0.6084578457525176,high,random_forest-extended-v1-20260902
47415174_00_002,47415174,tertiary,North Sikkim Highway,NH310A,1378.8839111328125,34.09434509277344,-0.004163751844316721,352.3206053745417,tree_cover,0.6262065878932995,high,random_forest-extended-v1-20260902
47415174_00_003,47415174,tertiary,North Sikkim Highway,NH310A,1444.1492919921875,33.762168884277344,0.0847969576716423,430.5165609894557,tree_cover,0.62452920562056,high,random_forest-extended-v1-20260902
47415174_00_004,47415174,tertiary,North Sikkim Highway,NH310A,1445.137939453125,33.731204986572266,-0.09082721173763275,275.0784819325981,tree_cover,0.6166282044413226,high,random_forest-extended-v1-20260902
47415174_00_005,47415174,tertiary,North Sikkim Highway,NH310A,1587.19482421875,36.833980560302734,0.02182380110025406,235.08141380687945,tree_cover,0.6336030238138093,high,random_forest-extended-v1-20260902
47415175_00_000,47415175,secondary,North Sikkim Highway,NH310A,1463.8460693359375,24.157001495361328,0.024810217320919037,105.13160430378801,tree_cover,0.42159439984741304,low,random_forest-extended-v1-20260902
47415175_00_001,47415175,secondary,North Sikkim Highway,NH310A,1504.831298828125,24.99677085876465,-0.023460587486624718,123.70802350161468,tree_cover,0.4140025281390605,low,random_forest-extended-v1-20260902
47415176_00_000,47415176,secondary,North Sikkim Highway,NH310A,1224.8012084960938,23.70755386352539,-0.05473179742693901,164.94403133548627,tree_cover,0.316119391035502,low,random_forest-extended-v1-20260902
47415176_00_001,47415176,secondary,North Sikkim Highway,NH310A,1236.72216796875,26.970781326293945,-0.11520670354366302,204.10782537874525,tree_cover,0.3923384360539909,low,random_forest-extended-v1-20260902
47415176_00_002,47415176,secondary,North Sikkim Highway,NH310A,1255.9996337890625,31.38220977783203,-0.04993630573153496,341.2886922125395,tree_cover,0.5781004735930237,moderate,random_forest-extended-v1-20260902
47415177_00_000,47415177,secondary,North Sikkim Highway,NH310A,1178.3369140625,34.3251838684082,0.019239405170083046,466.53217229427486,tree_cover,0.5674191957402208,moderate,random_forest-extended-v1-20260902
47415177_00_001,47415177,secondary,North Sikkim Highway,NH310A,1273.9736938476562,32.48529052734375,-0.020230090245604515,444.1253963473757,tree_cover,0.6016164977143524,high,random_forest-extended-v1-20260902
47415178_00_000,47415178,secondary,North Sikkim Highway,NH310A,1376.0045166015625,23.3415470123291,0.0013209143653512,145.79130384196088,tree_cover,0.34398779583747,low,random_forest-extended-v1-20260902
47415178_00_001,47415178,secondary,North Sikkim Highway,NH310A,1400.580810546875,25.00912094116211,0.00574310589581728,130.39970636758034,tree_cover,0.3999291639374638,low,random_forest-extended-v1-20260902
47415178_00_002,47415178,secondary,North Sikkim Highway,NH310A,1401.660400390625,24.820987701416016,0.03845009207725525,164.94403133548627,tree_cover,0.3171920306782047,low,random_forest-extended-v1-20260902
47415178_00_003,47415178,secondary,North Sikkim Highway,NH310A,1433.7735595703125,23.770511627197266,0.029088830575346947,170.02041587784976,tree_cover,0.3016689525218579,low,random_forest-extended-v1-20260902
47415179_00_000,47415179,secondary,North Sikkim Highway,NH310A,1311.48974609375,20.308441162109375,-0.030007727444171906,288.65205483710093,tree_cover,0.2669336736341671,low,random_forest-extended-v1-20260902
47415179_00_001,47415179,secondary,North Sikkim Highway,NH310A,1333.0828857421875,19.043407440185547,-0.04531310498714447,157.02203972719624,tree_cover,0.26431923991279904,low,random_forest-extended-v1-20260902
47415180_00_000,47415180,tertiary,North Sikkim Highway,NH310A,1693.814697265625,36.93112564086914,-0.1723218858242035,157.02203972719624,tree_cover,0.6058359124441841,high,random_forest-extended-v1-20260902
47415180_00_001,47415180,tertiary,North Sikkim Highway,NH310A,1670.4920654296875,38.184574127197266,-0.16755510866641998,184.41303327450134,tree_cover,0.6127297243509465,high,random_forest-extended-v1-20260902
47415180_00_002,47415180,tertiary,North Sikkim Highway,NH310A,1659.9852294921875,36.831565856933594,-0.16531530022621155,177.36277605064052,tree_cover,0.6088300047762091,high,random_forest-extended-v1-20260902
47415182_00_000,47415182,tertiary,North Sikkim Highway,NH310A,1484.5499267578125,37.180686950683594,-0.012433824129402637,222.06269817368786,tree_cover,0.6143198891192965,high,random_forest-extended-v1-20260902
47415182_00_001,47415182,tertiary,North Sikkim Highway,NH310A,1377.9800415039062,36.46478271484375,-0.020818758755922318,227.73329671633672,tree_cover,0.6218628539220804,high,random_forest-extended-v1-20260902
47415182_00_002,47415182,tertiary,North Sikkim Highway,NH310A,1414.6864624023438,31.71645736694336,-0.0020531602203845978,206.18003916935783,tree_cover,0.5642325297955684,moderate,random_forest-extended-v1-20260902
47415182_00_003,47415182,tertiary,North Sikkim Highway,NH310A,1401.6541137695312,28.204914093017578,0.009433051571249962,204.10782537874525,tree_cover,0.456188451692038,moderate,random_forest-extended-v1-20260902
47415182_00_004,47415182,tertiary,North Sikkim Highway,NH310A,1381.296630859375,25.977750778198242,-0.015334092080593109,184.41303327450134,tree_cover,0.3910586524357958,low,random_forest-extended-v1-20260902
47415182_00_005,47415182,tertiary,North Sikkim Highway,NH310A,1377.8976440429688,26.112213134765625,-0.03187423571944237,157.02203972719624,tree_cover,0.4185923702105189,low,random_forest-extended-v1-20260902
47415182_00_006,47415182,tertiary,North Sikkim Highway,NH310A,1390.373046875,28.78483772277832,0.0039053119253367186,123.70802350161468,tree_cover,0.4777525927216894,moderate,random_forest-extended-v1-20260902
47415182_00_007,47415182,tertiary,North Sikkim Highway,NH310A,1386.6091918945312,29.600093841552734,0.02732282504439354,123.70802350161468,tree_cover,0.4869980024734909,moderate,random_forest-extended-v1-20260902
47415182_00_008,47415182,tertiary,North Sikkim Highway,NH310A,1415.5541381835938,31.371355056762695,0.030783046036958694,145.79130384196088,tree_cover,0.5665918838448202,moderate,random_forest-extended-v1-20260902
47415184_00_000,47415184,tertiary,North Sikkim Highway,NH310A,1419.4730224609375,32.274391174316406,-0.006073334254324436,116.63304307356871,tree_cover,0.589832273989158,moderate,random_forest-extended-v1-20260902
47415185_00_000,47415185,tertiary,North Sikkim Highway,NH310A,1719.0302124023438,30.75406837463379,-0.10466810315847397,92.20651663725067,tree_cover,0.5917015739233841,moderate,random_forest-extended-v1-20260902
47415185_00_001,47415185,tertiary,North Sikkim Highway,NH310A,1709.8698120117188,33.75703430175781,-0.1764281988143921,105.13160430378801,tree_cover,0.6412250936938872,high,random_forest-extended-v1-20260902
47415186_00_000,47415186,tertiary,North Sikkim Highway,NH310A,1645.5159912109375,35.09101867675781,-0.06063283979892731,184.41303327450134,tree_cover,0.6168264691931694,high,random_forest-extended-v1-20260902
47415186_00_001,47415186,tertiary,North Sikkim Highway,NH310A,1647.880615234375,32.53141784667969,-0.016712438315153122,145.79130384196088,tree_cover,0.578786057651001,moderate,random_forest-extended-v1-20260902
47415186_00_002,47415186,tertiary,North Sikkim Highway,NH310A,1706.641357421875,29.976293563842773,0.018234360963106155,116.63304307356871,tree_cover,0.5170553115944165,moderate,random_forest-extended-v1-20260902
47415189_00_000,47415189,tertiary,North Sikkim Highway,NH310A,1547.5977172851562,34.26580810546875,-0.16110846400260925,170.02041587784976,tree_cover,0.6110328995715238,high,random_forest-extended-v1-20260902
47415189_00_001,47415189,tertiary,North Sikkim Highway,NH310A,1539.2208251953125,31.03341293334961,-0.18060632050037384,116.63304307356871,tree_cover,0.5930496502283155,moderate,random_forest-extended-v1-20260902
47416074_00_000,47416074,trunk,North Sikkim Highway,NH310A,1668.74853515625,23.4854736328125,-0.02241247147321701,304.421179688756,tree_cover,0.3014683106932626,low,random_forest-extended-v1-20260902
47416074_00_001,47416074,trunk,North Sikkim Highway,NH310A,1719.4464721679688,24.90491485595703,0.03018002212047577,445.08153393704293,tree_cover,0.31786120205392104,low,random_forest-extended-v1-20260902
47416074_00_002,47416074,trunk,North Sikkim Highway,NH310A,1648.6126708984375,29.623531341552734,-0.007552184164524078,409.25569231765,tree_cover,0.48110068416168134,moderate,random_forest-extended-v1-20260902
47416074_00_003,47416074,trunk,North Sikkim Highway,NH310A,1716.3885498046875,32.51790237426758,0.07242056727409363,461.03258318625336,tree_cover,0.6125627294018269,high,random_forest-extended-v1-20260902
47416074_00_004,47416074,trunk,North Sikkim Highway,NH310A,1676.855712890625,34.297157287597656,-0.011888228356838226,340.0408317556995,tree_cover,0.6052179678146423,high,random_forest-extended-v1-20260902
47416074_00_005,47416074,trunk,North Sikkim Highway,NH310A,1687.7259521484375,34.320953369140625,-0.009145895950496197,420.52641721515204,tree_cover,0.6189304281788147,high,random_forest-extended-v1-20260902
47416074_00_006,47416074,trunk,North Sikkim Highway,NH310A,1700.6751708984375,29.264354705810547,0.022599121555685997,544.7212642187818,tree_cover,0.4903049890724532,moderate,random_forest-extended-v1-20260902
47416074_00_007,47416074,trunk,North Sikkim Highway,NH310A,1636.0885620117188,26.359956741333008,0.020632106810808182,444.1253963473757,tree_cover,0.43462968953184294,moderate,random_forest-extended-v1-20260902
47416074_00_008,47416074,trunk,North Sikkim Highway,NH310A,1673.652587890625,22.87392234802246,-0.015592532232403755,354.72555210128104,tree_cover,0.30643913111826326,low,random_forest-extended-v1-20260902
47416074_00_009,47416074,trunk,North Sikkim Highway,NH310A,1716.5722045898438,21.937664031982422,-0.06712254881858826,212.27534257419205,tree_cover,0.3098248720614656,low,random_forest-extended-v1-20260902
47416074_00_010,47416074,trunk,North Sikkim Highway,NH310A,1669.4910888671875,21.869579315185547,-0.10590287297964096,206.18003916935783,tree_cover,0.30897181375759053,low,random_forest-extended-v1-20260902
47416074_00_011,47416074,trunk,North Sikkim Highway,NH310A,1635.6216430664062,23.33262825012207,-0.009246399626135826,379.05738998909834,tree_cover,0.287371864958799,low,random_forest-extended-v1-20260902
47416074_00_012,47416074,trunk,North Sikkim Highway,NH310A,1563.8336181640625,29.1001033782959,0.07974302768707275,509.2271321978585,tree_cover,0.5064200526603011,moderate,random_forest-extended-v1-20260902
47416075_00_000,47416075,trunk,North Sikkim Highway,NH310A,1551.1173095703125,25.3789119720459,-0.002928983885794878,227.73329671633672,tree_cover,0.37247311824815665,low,random_forest-extended-v1-20260902
47416075_00_001,47416075,trunk,North Sikkim Highway,NH310A,1553.3228149414062,26.72941780090332,0.056325510144233704,186.70396624747931,tree_cover,0.4489642140013269,moderate,random_forest-extended-v1-20260902
47416075_00_002,47416075,trunk,North Sikkim Highway,NH310A,1609.698974609375,22.330368041992188,-0.0011486212024465203,157.02203972719624,tree_cover,0.32535920440129135,low,random_forest-extended-v1-20260902
47416075_00_003,47416075,trunk,North Sikkim Highway,NH310A,1641.2459716796875,22.828725814819336,-0.008471081033349037,105.13160430378801,tree_cover,0.45134443020790505,moderate,random_forest-extended-v1-20260902
47416076_00_000,47416076,trunk,North Sikkim Highway,NH310A,1436.4959716796875,25.256942749023438,0.037071749567985535,583.1652153678435,tree_cover,0.33076247611882226,low,random_forest-extended-v1-20260902
47416076_00_001,47416076,trunk,North Sikkim Highway,NH310A,1374.345947265625,24.962814331054688,0.026131130754947662,433.46870913515824,tree_cover,0.3148511723816843,low,random_forest-extended-v1-20260902
47416076_00_002,47416076,trunk,North Sikkim Highway,NH310A,1426.8037109375,23.101469039916992,0.013467582874000072,471.06611918158865,tree_cover,0.28481449691149185,low,random_forest-extended-v1-20260902
47416082_00_000,47416082,trunk,North Sikkim Highway,NH310A,1607.4644165039062,25.419387817382812,-0.02541324310004711,105.13160430378801,tree_cover,0.49408841240596973,moderate,random_forest-extended-v1-20260902
47416082_00_001,47416082,trunk,North Sikkim Highway,NH310A,1640.9420166015625,26.235919952392578,-0.03655486926436424,130.39970636758034,tree_cover,0.48231291165929385,moderate,random_forest-extended-v1-20260902
47416082_00_002,47416082,trunk,North Sikkim Highway,NH310A,1717.1400756835938,25.852825164794922,0.04887383058667183,174.94956461035306,tree_cover,0.3906293222210956,low,random_forest-extended-v1-20260902
47416086_00_000,47416086,primary,Baluakhani,,1714.7554931640625,21.657732009887695,0.06354746222496033,612.3234761362357,tree_cover,0.26916800353125975,low,random_forest-extended-v1-20260902
47416088_00_000,47416088,tertiary,Tibet Road,,1667.7357788085938,21.203445434570312,0.09582372009754181,655.250415012434,built_up,0.8563493343135749,high,random_forest-extended-v1-20260902
47416090_00_000,47416090,trunk,North Sikkim Highway,NH310A,1410.7476806640625,26.207935333251953,-0.022139672189950943,164.94403133548627,tree_cover,0.42700806612827186,moderate,random_forest-extended-v1-20260902
47416090_00_001,47416090,trunk,North Sikkim Highway,NH310A,1360.604736328125,26.207935333251953,-0.08287301659584045,145.79130384196088,tree_cover,0.4360866145131416,moderate,random_forest-extended-v1-20260902
47416090_00_002,47416090,trunk,North Sikkim Highway,NH310A,1412.0260009765625,27.168712615966797,-0.03454478085041046,424.5506851483841,tree_cover,0.3908053819338954,low,random_forest-extended-v1-20260902
47416091_00_000,47416091,trunk,North Sikkim Highway,NH310A,1409.6190795898438,24.206771850585938,-0.0863906666636467,105.13160430378801,tree_cover,0.43137337258028663,moderate,random_forest-extended-v1-20260902
47416091_00_001,47416091,trunk,North Sikkim Highway,NH310A,1387.5771484375,25.912229537963867,-0.036009274423122406,116.63304307356871,tree_cover,0.42117201771068613,low,random_forest-extended-v1-20260902
47416092_00_000,47416092,trunk,North Sikkim Highway,NH310A,1507.3153076171875,24.106891632080078,-0.022441186010837555,164.94403133548627,tree_cover,0.31703313389025833,low,random_forest-extended-v1-20260902
47416092_00_001,47416092,trunk,North Sikkim Highway,NH310A,1460.955810546875,22.878122329711914,-0.0427861362695694,145.79130384196088,tree_cover,0.3642902659434137,low,random_forest-extended-v1-20260902
47416094_00_000,47416094,trunk,North Sikkim Highway,NH310A,1574.06103515625,25.984716415405273,0.12930603325366974,729.5394513455126,tree_cover,0.4353717828177927,moderate,random_forest-extended-v1-20260902
47416094_00_001,47416094,trunk,North Sikkim Highway,NH310A,1572.375732421875,24.873708724975586,0.06960644572973251,717.1983850216918,tree_cover,0.37072960333105875,low,random_forest-extended-v1-20260902
47416094_00_002,47416094,trunk,North Sikkim Highway,NH310A,1590.2374267578125,24.646129608154297,-0.0005168795469217002,651.9985318379016,tree_cover,0.3181621724203785,low,random_forest-extended-v1-20260902
47416094_00_003,47416094,trunk,North Sikkim Highway,NH310A,1538.2205810546875,25.401836395263672,0.006259985268115997,389.01971986608265,tree_cover,0.3596402450063752,low,random_forest-extended-v1-20260902
47416094_00_004,47416094,trunk,North Sikkim Highway,NH310A,1526.4671630859375,24.563838958740234,-0.015506385825574398,291.58260768392176,tree_cover,0.31737508898589395,low,random_forest-extended-v1-20260902
47416095_00_000,47416095,trunk,North Sikkim Highway,NH310A,1886.5799560546875,34.19023895263672,0.017143171280622482,438.344776009123,tree_cover,0.5984794504489602,high,random_forest-extended-v1-20260902
47416095_00_001,47416095,trunk,North Sikkim Highway,NH310A,1724.280517578125,34.708309173583984,0.014013177715241909,287.1755640555846,tree_cover,0.6143752322236136,high,random_forest-extended-v1-20260902
47416095_00_002,47416095,trunk,North Sikkim Highway,NH310A,1664.7809448242188,34.68379592895508,0.014860285446047783,204.10782537874525,tree_cover,0.6017632941824753,high,random_forest-extended-v1-20260902
47416095_00_003,47416095,trunk,North Sikkim Highway,NH310A,1767.1602783203125,35.04242706298828,-0.10492654144763947,204.10782537874525,tree_cover,0.6067568208509614,high,random_forest-extended-v1-20260902
47416095_00_004,47416095,trunk,North Sikkim Highway,NH310A,1801.7275390625,34.33833312988281,-0.10966460406780243,170.02041587784976,tree_cover,0.584448983291604,moderate,random_forest-extended-v1-20260902
47416095_00_005,47416095,trunk,North Sikkim Highway,NH310A,1775.4522094726562,34.05896759033203,-0.1671961545944214,170.02041587784976,tree_cover,0.5966129857709906,high,random_forest-extended-v1-20260902
47416095_00_006,47416095,trunk,North Sikkim Highway,NH310A,1663.0714111328125,33.68886947631836,-0.17176192998886108,164.94403133548627,tree_cover,0.6052168858808485,high,random_forest-extended-v1-20260902
47416095_00_007,47416095,trunk,North Sikkim Highway,NH310A,1602.5604858398438,34.74163818359375,-0.09756100922822952,145.79130384196088,tree_cover,0.5964697381851572,high,random_forest-extended-v1-20260902
47416095_00_008,47416095,trunk,North Sikkim Highway,NH310A,1678.6671142578125,38.32501983642578,-0.06618929654359818,157.02203972719624,tree_cover,0.5950921798515233,moderate,random_forest-extended-v1-20260902
47416095_00_009,47416095,trunk,North Sikkim Highway,NH310A,1677.4837036132812,38.428314208984375,-0.09991568326950073,170.02041587784976,tree_cover,0.5935196046172491,moderate,random_forest-extended-v1-20260902
47416095_00_010,47416095,trunk,North Sikkim Highway,NH310A,1617.8964233398438,33.89422607421875,-0.11499133706092834,233.26608614713743,tree_cover,0.627467927967813,high,random_forest-extended-v1-20260902
47416095_00_011,47416095,trunk,North Sikkim Highway,NH310A,1537.3299560546875,32.293827056884766,-0.03623899817466736,262.4243469155296,tree_cover,0.6055148353250591,high,random_forest-extended-v1-20260902
47416095_00_012,47416095,trunk,North Sikkim Highway,NH310A,1531.3243408203125,29.97606658935547,-0.015377165749669075,314.0440794543925,tree_cover,0.4912478894229329,moderate,random_forest-extended-v1-20260902
47416095_00_013,47416095,trunk,North Sikkim Highway,NH310A,1598.0770263671875,26.65369987487793,-0.006676360499113798,417.4827601981901,tree_cover,0.43920371518568696,moderate,random_forest-extended-v1-20260902
47416095_00_014,47416095,trunk,North Sikkim Highway,NH310A,1619.7598876953125,26.11067771911621,-0.025068657472729683,510.06124763354927,tree_cover,0.4389348609290007,moderate,random_forest-extended-v1-20260902
47416095_00_015,47416095,trunk,North Sikkim Highway,NH310A,1621.5894165039062,25.632070541381836,0.029203692451119423,642.1440827051323,tree_cover,0.4049534307909602,low,random_forest-extended-v1-20260902
47416095_00_016,47416095,trunk,North Sikkim Highway,NH310A,1588.4534912109375,26.141881942749023,0.071257583796978,709.4511042025621,tree_cover,0.4530456488373681,moderate,random_forest-extended-v1-20260902
47416096_00_000,47416096,trunk,North Sikkim Highway,NH310A,1647.843505859375,25.07473373413086,-0.04110627993941307,130.39970636758034,tree_cover,0.41111775565523023,low,random_forest-extended-v1-20260902
47416096_00_001,47416096,trunk,North Sikkim Highway,NH310A,1561.9240112304688,24.070634841918945,-0.07679968327283859,164.94403133548627,tree_cover,0.32203279568774934,low,random_forest-extended-v1-20260902
47416097_00_000,47416097,trunk,North Sikkim Highway,NH310A,1499.205078125,22.788301467895508,-0.05332473665475845,515.8622931895253,tree_cover,0.28944111473975126,low,random_forest-extended-v1-20260902
47416097_00_001,47416097,trunk,North Sikkim Highway,NH310A,1527.099609375,24.904170989990234,-0.14619076251983643,379.05738998909834,tree_cover,0.3263491468722736,low,random_forest-extended-v1-20260902
47416097_00_002,47416097,trunk,North Sikkim Highway,NH310A,1595.419921875,24.343997955322266,-0.13852371275424957,157.02203972719624,tree_cover,0.32233395144021215,low,random_forest-extended-v1-20260902
47416222_00_000,47416222,trunk,,NH10,1217.65966796875,19.751819610595703,0.0065758563578128815,574.3511281111691,tree_cover,0.2298653995300767,low,random_forest-extended-v1-20260902
47416222_00_001,47416222,trunk,,NH10,1215.3265991210938,20.023395538330078,-0.020287521183490753,430.5165609894557,tree_cover,0.24871417304732538,low,random_forest-extended-v1-20260902
47416222_00_002,47416222,trunk,,NH10,1168.5521240234375,20.510889053344727,-0.017171885818243027,293.03689405055025,tree_cover,0.20151645658337186,low,random_forest-extended-v1-20260902
47416222_00_003,47416222,trunk,,NH10,1155.412353515625,19.83196258544922,0.0009045391343533993,341.2886922125395,tree_cover,0.189199025193381,low,random_forest-extended-v1-20260902
47416222_00_004,47416222,trunk,,NH10,1084.3097534179688,19.834510803222656,-0.029971834272146225,268.82588145153073,tree_cover,0.16434887524378208,low,random_forest-extended-v1-20260902
47416223_00_000,47416223,trunk,,NH10,1402.2071533203125,24.451662063598633,-0.0011773366713896394,691.2414513924261,tree_cover,0.3335598364412882,low,random_forest-extended-v1-20260902
47416223_00_001,47416223,trunk,,NH10,1363.0579833984375,22.367786407470703,0.030223093926906586,628.764250282186,tree_cover,0.2828571758534478,low,random_forest-extended-v1-20260902
47416223_00_002,47416223,trunk,,NH10,1338.8402099609375,21.227632522583008,0.09748922288417816,647.4184553451627,tree_cover,0.256818125745652,low,random_forest-extended-v1-20260902
47416223_00_003,47416223,trunk,,NH10,1252.9010009765625,20.46813201904297,0.060273896902799606,651.9985318379016,tree_cover,0.2605119733295242,low,random_forest-extended-v1-20260902
47416225_00_000,47416225,trunk,,NH10,336.6423797607422,21.485279083251953,-0.06969258934259415,130.39970636758034,tree_cover,0.27732592883974183,low,random_forest-extended-v1-20260902
47416225_00_001,47416225,trunk,,NH10,384.09124755859375,27.819293975830078,-0.01457672007381916,164.94403133548627,tree_cover,0.5563840193700844,moderate,random_forest-extended-v1-20260902
47416225_00_002,47416225,trunk,,NH10,366.10931396484375,28.962535858154297,-0.06750302761793137,120.22258900738453,tree_cover,0.5641500325588379,moderate,random_forest-extended-v1-20260902
47416225_00_003,47416225,trunk,,NH10,356.43621826171875,29.31981658935547,-0.0852348655462265,157.02203972719624,tree_cover,0.5452969547876492,moderate,random_forest-extended-v1-20260902
47416225_00_004,47416225,trunk,,NH10,353.2882995605469,27.916046142578125,-0.02425026334822178,164.94403133548627,tree_cover,0.5534357269996728,moderate,random_forest-extended-v1-20260902
47416225_00_005,47416225,trunk,,NH10,334.82720947265625,25.406085968017578,-0.05898169428110123,148.67854064045866,tree_cover,0.43296258115916725,moderate,random_forest-extended-v1-20260902
47416225_00_006,47416225,trunk,,NH10,329.822265625,23.259124755859375,-0.05553583428263664,145.79130384196088,tree_cover,0.3153206035524038,low,random_forest-extended-v1-20260902
47416226_00_000,47416226,trunk,,NH10,352.8690948486328,29.565013885498047,-0.09878860414028168,148.67854064045866,tree_cover,0.5468571781990214,moderate,random_forest-extended-v1-20260902
47416226_00_001,47416226,trunk,,NH10,327.633056640625,30.26191520690918,-0.11150240153074265,145.79130384196088,tree_cover,0.6368538791987862,high,random_forest-extended-v1-20260902
47416226_00_002,47416226,trunk,,NH10,370.09228515625,28.37318992614746,-0.036102600395679474,210.26320860757602,tree_cover,0.5279429064856366,moderate,random_forest-extended-v1-20260902
47416226_00_003,47416226,trunk,,NH10,365.2996826171875,26.04478645324707,-0.04748471826314926,233.26608614713743,tree_cover,0.44553595123653894,moderate,random_forest-extended-v1-20260902
47416226_00_004,47416226,trunk,,NH10,318.3760986328125,27.84935188293457,-0.08542869985103607,184.41303327450134,tree_cover,0.5355488495140374,moderate,random_forest-extended-v1-20260902
47416226_00_005,47416226,trunk,,NH10,318.3760986328125,26.07309341430664,-0.07405734807252884,186.70396624747931,tree_cover,0.4578173357612729,moderate,random_forest-extended-v1-20260902
47416226_00_006,47416226,trunk,,NH10,324.65765380859375,26.371177673339844,-0.08712291717529297,184.41303327450134,tree_cover,0.4697197658251777,moderate,random_forest-extended-v1-20260902
47416226_00_007,47416226,trunk,,NH10,340.3826141357422,26.831405639648438,-0.04268563538789749,164.94403133548627,tree_cover,0.48549201535284225,moderate,random_forest-extended-v1-20260902
47416226_00_008,47416226,trunk,,NH10,356.69427490234375,29.07084083557129,-0.03217574954032898,145.79130384196088,tree_cover,0.5393586044282659,moderate,random_forest-extended-v1-20260902
47416226_00_009,47416226,trunk,,NH10,376.4289093017578,30.27823257446289,0.05327089503407478,174.94956461035306,tree_cover,0.6504565039765398,high,random_forest-extended-v1-20260902
47416226_00_010,47416226,trunk,,NH10,330.18353271484375,28.610389709472656,-0.016525786370038986,145.79130384196088,tree_cover,0.5406351489493335,moderate,random_forest-extended-v1-20260902
47416226_00_011,47416226,trunk,,NH10,314.4512176513672,28.668371200561523,-0.06010878086090088,123.70802350161468,tree_cover,0.5488901726300006,moderate,random_forest-extended-v1-20260902
47416232_00_000,47416232,trunk,RANGPO-GANGTOK Rd,NH10,425.8490295410156,26.918737411499023,-0.13909801840782166,157.02203972719624,tree_cover,0.4358756744126558,moderate,random_forest-extended-v1-20260902
47416232_00_001,47416232,trunk,RANGPO-GANGTOK Rd,NH10,428.08038330078125,27.33697509765625,-0.10507729649543762,145.79130384196088,tree_cover,0.4752562088413984,moderate,random_forest-extended-v1-20260902
47416232_00_002,47416232,trunk,RANGPO-GANGTOK Rd,NH10,449.9278564453125,28.347734451293945,-0.11096039414405823,176.1561703304968,tree_cover,0.5070942851554013,moderate,random_forest-extended-v1-20260902
47416232_00_003,47416232,trunk,RANGPO-GANGTOK Rd,NH10,403.9654541015625,26.820758819580078,-0.11578819155693054,130.39970636758034,tree_cover,0.4803730818977914,moderate,random_forest-extended-v1-20260902
47416232_00_004,47416232,trunk,RANGPO-GANGTOK Rd,NH10,384.9931945800781,24.59811019897461,-0.15911632776260376,116.63304307356871,tree_cover,0.412342969303471,low,random_forest-extended-v1-20260902
47416232_00_005,47416232,trunk,RANGPO-GANGTOK Rd,NH10,406.5480194091797,28.95831298828125,-0.14571695029735565,145.79130384196088,tree_cover,0.5034084324273738,moderate,random_forest-extended-v1-20260902
47416232_00_006,47416232,trunk,RANGPO-GANGTOK Rd,NH10,436.6641845703125,32.52264404296875,-0.1270015984773636,204.10782537874525,tree_cover,0.562807119121658,moderate,random_forest-extended-v1-20260902
47416232_00_007,47416232,trunk,RANGPO-GANGTOK Rd,NH10,394.3072509765625,30.260704040527344,-0.049742475152015686,145.79130384196088,tree_cover,0.6377852292560782,high,random_forest-extended-v1-20260902
47416232_00_008,47416232,trunk,RANGPO-GANGTOK Rd,NH10,356.41029357910156,18.272546768188477,-0.03672716021537781,116.63304307356871,tree_cover,0.2350924166134393,low,random_forest-extended-v1-20260902
47416232_00_009,47416232,trunk,RANGPO-GANGTOK Rd,NH10,358.96112060546875,16.324129104614258,-0.08118598163127899,120.22258900738453,tree_cover,0.20724937037820795,low,random_forest-extended-v1-20260902
47416232_00_010,47416232,trunk,RANGPO-GANGTOK Rd,NH10,369.86578369140625,22.392959594726562,-0.09262193739414215,145.79130384196088,tree_cover,0.3032966052412196,low,random_forest-extended-v1-20260902
47416232_00_011,47416232,trunk,RANGPO-GANGTOK Rd,NH10,369.42352294921875,19.468767166137695,-0.06313109397888184,206.18003916935783,tree_cover,0.1685961421937363,low,random_forest-extended-v1-20260902
47416232_00_012,47416232,trunk,RANGPO-GANGTOK Rd,NH10,364.5514831542969,15.535022735595703,-0.07443065196275711,145.79130384196088,tree_cover,0.20060067276842292,low,random_forest-extended-v1-20260902
47416232_00_013,47416232,trunk,RANGPO-GANGTOK Rd,NH10,384.6345520019531,22.005603790283203,-0.08514154702425003,186.70396624747931,tree_cover,0.24302279741694136,low,random_forest-extended-v1-20260902
47416232_00_014,47416232,trunk,RANGPO-GANGTOK Rd,NH10,394.86676025390625,21.63555145263672,-0.03918951749801636,177.36277605064052,tree_cover,0.23109943849774187,low,random_forest-extended-v1-20260902
47416238_00_000,47416238,trunk,,NH10,527.3208923339844,26.804519653320312,-0.10125096142292023,145.79130384196088,tree_cover,0.4238511215484001,moderate,random_forest-extended-v1-20260902
47416238_00_001,47416238,trunk,,NH10,506.9924011230469,26.8035831451416,-0.06985052675008774,174.94956461035306,tree_cover,0.42417535988148797,moderate,random_forest-extended-v1-20260902
47416238_00_002,47416238,trunk,,NH10,483.63983154296875,26.22670555114746,-0.06907520443201065,123.70802350161468,tree_cover,0.48166563721373945,moderate,random_forest-extended-v1-20260902
47416238_00_003,47416238,trunk,,NH10,480.88035583496094,27.252681732177734,-0.04487878084182739,148.67854064045866,tree_cover,0.4761905438579897,moderate,random_forest-extended-v1-20260902
47416238_00_004,47416238,trunk,,NH10,465.4223937988281,27.535924911499023,-0.1307920515537262,170.02041587784976,tree_cover,0.48567660559669584,moderate,random_forest-extended-v1-20260902
47416238_00_005,47416238,trunk,,NH10,451.89215087890625,27.28931427001953,-0.09636213630437851,199.85369246505786,tree_cover,0.4536011783894574,moderate,random_forest-extended-v1-20260902
47416243_00_000,47416243,trunk,,NH10,1058.692138671875,21.21337127685547,-0.033654600381851196,325.9992659189508,tree_cover,0.16729297779296035,low,random_forest-extended-v1-20260902
47416243_00_001,47416243,trunk,,NH10,1020.8389587402344,22.181684494018555,-0.05455232411623001,314.0440794543925,tree_cover,0.17295406111066625,low,random_forest-extended-v1-20260902
47416243_00_002,47416243,trunk,,NH10,967.7654418945312,22.222536087036133,-0.020876189693808556,233.26608614713743,tree_cover,0.18458403499812287,low,random_forest-extended-v1-20260902
47416244_00_000,47416244,primary,,,1411.1148681640625,24.861591339111328,-0.016310419887304306,746.8158649899173,tree_cover,0.3800012264445564,low,random_forest-extended-v1-20260902
47416608_00_000,47416608,secondary,,,1150.3951416015625,24.100872039794922,0.04172366484999657,583.1652153678435,tree_cover,0.23845778255291472,low,random_forest-extended-v1-20260902
47416608_00_001,47416608,secondary,,,1122.5956420898438,25.19161605834961,0.06593803316354752,572.868929180574,tree_cover,0.2620056339818063,low,random_forest-extended-v1-20260902
47416608_00_002,47416608,secondary,,,1015.5698547363281,26.801597595214844,0.03382689505815506,532.0883281519216,tree_cover,0.31705859432215455,low,random_forest-extended-v1-20260902
47416608_00_003,47416608,secondary,,,941.215087890625,26.50806999206543,0.0231877900660038,478.2310341342386,tree_cover,0.3162517917333332,low,random_forest-extended-v1-20260902
47416612_00_000,47416612,secondary,,,567.9909057617188,25.045143127441406,0.07850466668605804,456.39897228653115,tree_cover,0.2880409688038161,low,random_forest-extended-v1-20260902
47416612_00_001,47416612,secondary,,,543.283935546875,24.23389434814453,0.06316698342561722,466.53217229427486,tree_cover,0.24422370081880204,low,random_forest-extended-v1-20260902
47416612_00_002,47416612,secondary,,,538.9310913085938,22.197935104370117,0.11726704239845276,509.2271321978585,tree_cover,0.2275271513401109,low,random_forest-extended-v1-20260902
47416612_00_003,47416612,secondary,,,517.6911010742188,21.958065032958984,0.11740344017744064,480.8903560295381,tree_cover,0.22738588783105015,low,random_forest-extended-v1-20260902
47416612_00_004,47416612,secondary,,,469.56422424316406,23.625741958618164,0.11864179372787476,386.2683809884938,tree_cover,0.2336593955341122,low,random_forest-extended-v1-20260902
47416613_00_000,47416613,secondary,,,653.5507507324219,31.441364288330078,0.06863011419773102,320.740868452314,tree_cover,0.5620920938236543,moderate,random_forest-extended-v1-20260902
47416613_00_001,47416613,secondary,,,648.4679565429688,30.08853530883789,0.11131574958562851,417.4827601981901,tree_cover,0.48744719808729514,moderate,random_forest-extended-v1-20260902
47416613_00_002,47416613,secondary,,,609.7427368164062,26.169221878051758,0.04453778639435768,456.39897228653115,tree_cover,0.37759991182433067,low,random_forest-extended-v1-20260902
47416615_00_000,47416615,secondary,,,881.7562255859375,25.005157470703125,0.026935165748000145,456.39897228653115,tree_cover,0.24402700973340302,low,random_forest-extended-v1-20260902
47416615_00_001,47416615,secondary,,,827.6198425292969,24.613218307495117,0.07043201476335526,495.690433062667,tree_cover,0.24117986333437733,low,random_forest-extended-v1-20260902
47416615_00_002,47416615,secondary,,,769.5690307617188,26.7552547454834,0.08461030572652817,494.8320940064587,tree_cover,0.3423445051074514,low,random_forest-extended-v1-20260902
47416615_00_003,47416615,secondary,,,691.8797912597656,30.540027618408203,0.08408624678850174,365.35196024230754,tree_cover,0.5122890500845066,moderate,random_forest-extended-v1-20260902
47416620_00_000,47416620,secondary,,,423.8621063232422,25.50273323059082,-0.09107847511768341,195.5995595513705,tree_cover,0.37500235275636773,low,random_forest-extended-v1-20260902
47416620_00_001,47416620,secondary,,,392.770263671875,25.69791030883789,-0.1276405304670334,145.79130384196088,tree_cover,0.46002383838159894,moderate,random_forest-extended-v1-20260902
47416620_00_002,47416620,secondary,,,375.1210632324219,23.379737854003906,-0.08910428732633591,145.79130384196088,tree_cover,0.32834654625397786,low,random_forest-extended-v1-20260902
47416621_00_000,47416621,secondary,,,322.7366943359375,11.8810453414917,-0.02547067403793335,145.79130384196088,tree_cover,0.18411901404395162,low,random_forest-extended-v1-20260902
47416621_00_001,47416621,secondary,,,341.85386657714844,17.115989685058594,-0.005118543282151222,170.02041587784976,tree_cover,0.19434824363705222,low,random_forest-extended-v1-20260902
47416621_00_002,47416621,secondary,,,389.8056945800781,21.245067596435547,-0.0547102615237236,164.94403133548627,tree_cover,0.22252415919145402,low,random_forest-extended-v1-20260902
47416622_00_000,47416622,secondary,,,333.8396301269531,19.69203758239746,-0.0607118085026741,148.67854064045866,tree_cover,0.20980014274594944,low,random_forest-extended-v1-20260902
47416622_00_001,47416622,secondary,,,358.575927734375,20.914718627929688,-0.03082611970603466,206.18003916935783,tree_cover,0.19318682240620502,low,random_forest-extended-v1-20260902
47416622_00_002,47416622,secondary,,,363.0691833496094,22.34380340576172,-0.062219373881816864,210.26320860757602,tree_cover,0.24626882492445484,low,random_forest-extended-v1-20260902
47416623_00_000,47416623,secondary,,,439.3772888183594,23.80253791809082,0.07148730754852295,332.4553236675307,tree_cover,0.244046324297282,low,random_forest-extended-v1-20260902
47416623_00_001,47416623,secondary,,,454.6847229003906,22.011829376220703,0.06507657468318939,414.41674984197584,tree_cover,0.23275351177797024,low,random_forest-extended-v1-20260902
47416623_00_002,47416623,secondary,,,389.8360900878906,22.025257110595703,-0.05615321546792984,268.82588145153073,tree_cover,0.22464384977780047,low,random_forest-extended-v1-20260902
47417225_00_000,47417225,secondary,,MDR,1716.0838623046875,32.696651458740234,-0.04921841621398926,145.79130384196088,tree_cover,0.5829044955187377,moderate,random_forest-extended-v1-20260902
47417225_00_001,47417225,secondary,,MDR,1635.9942626953125,34.61100769042969,-0.12235686928033829,206.18003916935783,tree_cover,0.6117075520783546,high,random_forest-extended-v1-20260902
47417225_00_002,47417225,secondary,,MDR,1567.3682250976562,31.5911808013916,-0.1322062909603119,247.41604700322935,tree_cover,0.5945957739126355,moderate,random_forest-extended-v1-20260902
47417225_00_003,47417225,secondary,,MDR,1525.97509765625,28.44921112060547,-0.07081249356269836,288.65205483710093,tree_cover,0.5022307174947471,moderate,random_forest-extended-v1-20260902
47417225_00_004,47417225,secondary,,MDR,1496.7584228515625,26.00827407836914,-0.010308874770998955,373.40793249495863,tree_cover,0.40300831336813653,low,random_forest-extended-v1-20260902
47417225_00_005,47417225,secondary,,MDR,1477.5775756835938,29.366352081298828,-0.018794313073158264,525.6580215189401,tree_cover,0.47073642980965713,moderate,random_forest-extended-v1-20260902
47417225_00_006,47417225,secondary,,MDR,1498.3397216796875,34.34537124633789,0.04258513078093529,701.0121331758165,tree_cover,0.6181955968130928,high,random_forest-extended-v1-20260902
47417225_00_007,47417225,secondary,,MDR,1446.9804077148438,34.68598937988281,0.04323123022913933,804.3664427110209,tree_cover,0.6365433739039181,high,random_forest-extended-v1-20260902
47417225_00_008,47417225,secondary,,MDR,1427.2620849609375,32.77070236206055,0.04367632046341896,825.2354457977943,tree_cover,0.606825528208712,high,random_forest-extended-v1-20260902
47417225_00_009,47417225,secondary,,MDR,1420.7737426757812,31.57931137084961,0.06364797055721283,824.7201566774313,tree_cover,0.5998576452429876,high,random_forest-extended-v1-20260902
47417225_00_010,47417225,secondary,,MDR,1326.683837890625,31.030576705932617,0.02911754697561264,730.7039204846151,tree_cover,0.5392990903452968,moderate,random_forest-extended-v1-20260902
47417225_00_011,47417225,secondary,,MDR,1358.82958984375,26.59501075744629,0.05774692818522453,495.690433062667,tree_cover,0.3831331189576555,low,random_forest-extended-v1-20260902
47417225_00_012,47417225,secondary,,MDR,1391.1317138671875,22.300243377685547,-0.0053410883992910385,349.89912922070613,tree_cover,0.28561456877021413,low,random_forest-extended-v1-20260902
47417225_00_013,47417225,secondary,,MDR,1373.8919677734375,21.456607818603516,-0.023460587486624718,276.619549911752,tree_cover,0.28825795166252327,low,random_forest-extended-v1-20260902
47417225_00_014,47417225,secondary,,MDR,1341.8927001953125,22.03214454650879,-0.02232632413506508,240.44517801476906,tree_cover,0.2979973598342452,low,random_forest-extended-v1-20260902
47417225_00_015,47417225,secondary,,MDR,1324.277099609375,21.92409324645996,-0.004996501840651035,262.4243469155296,tree_cover,0.2977150967115497,low,random_forest-extended-v1-20260902
47417225_00_016,47417225,secondary,,MDR,1265.4702758789062,21.843034744262695,0.047983646392822266,240.44517801476906,tree_cover,0.293256820865597,low,random_forest-extended-v1-20260902
47417225_00_017,47417225,secondary,,MDR,1227.8064575195312,22.279726028442383,0.052563779056072235,233.26608614713743,tree_cover,0.29304766695352463,low,random_forest-extended-v1-20260902
47417225_00_018,47417225,secondary,,MDR,1213.1542358398438,22.588790893554688,0.0071358089335262775,204.10782537874525,tree_cover,0.31845833515723193,low,random_forest-extended-v1-20260902
47417225_00_019,47417225,secondary,,MDR,1163.723388671875,22.59012222290039,-0.01840665377676487,164.94403133548627,tree_cover,0.2518836874433012,low,random_forest-extended-v1-20260902
47417225_00_020,47417225,secondary,,MDR,1129.410400390625,22.897214889526367,-0.014465447515249252,262.4243469155296,tree_cover,0.21928278452473624,low,random_forest-extended-v1-20260902
47417225_00_021,47417225,secondary,,MDR,1087.8836669921875,23.060514450073242,0.023891320452094078,466.53217229427486,tree_cover,0.23000312454786895,low,random_forest-extended-v1-20260902
47417225_00_022,47417225,secondary,,MDR,1038.201416015625,22.390933990478516,0.07540697604417801,626.0544088562227,tree_cover,0.20719096259115583,low,random_forest-extended-v1-20260902
47417225_00_023,47417225,secondary,,MDR,1024.7625732421875,21.890331268310547,0.009318188764154911,304.421179688756,tree_cover,0.18606722497254413,low,random_forest-extended-v1-20260902
47417225_00_024,47417225,secondary,,MDR,996.5379638671875,21.77507209777832,0.0021967380307614803,174.94956461035306,tree_cover,0.1918064618576196,low,random_forest-extended-v1-20260902
47417225_00_025,47417225,secondary,,MDR,971.1817626953125,21.988056182861328,0.0027638697065413,145.79130384196088,tree_cover,0.21181032193555555,low,random_forest-extended-v1-20260902
47417225_00_026,47417225,secondary,,MDR,945.508056640625,22.105876922607422,0.0038407021202147007,87.47478230517653,tree_cover,0.29239826768537847,low,random_forest-extended-v1-20260902
47417225_00_027,47417225,secondary,,MDR,904.3478088378906,22.69495391845703,0.03379099816083908,130.39970636758034,tree_cover,0.2483080334910063,low,random_forest-extended-v1-20260902
47417225_00_028,47417225,secondary,,MDR,815.220458984375,24.280845642089844,0.035707760602235794,174.94956461035306,tree_cover,0.23805077277094913,low,random_forest-extended-v1-20260902
47417225_00_029,47417225,secondary,,MDR,769.072265625,24.559864044189453,0.02185969613492489,164.94403133548627,tree_cover,0.25694082482452557,low,random_forest-extended-v1-20260902
47417225_00_030,47417225,secondary,,MDR,803.8643798828125,22.99750328063965,0.00275669083930552,116.63304307356871,tree_cover,0.2613415957098017,low,random_forest-extended-v1-20260902
47417225_00_031,47417225,secondary,,MDR,760.445068359375,21.917457580566406,-0.014386479742825031,65.19985318379017,tree_cover,0.35844872159377006,low,random_forest-extended-v1-20260902
47417225_00_032,47417225,secondary,,MDR,717.570068359375,21.63580322265625,-0.041242677718400955,87.47478230517653,tree_cover,0.2861423021545636,low,random_forest-extended-v1-20260902
47417225_00_033,47417225,secondary,,MDR,676.9879760742188,21.81517791748047,-0.019138900563120842,116.63304307356871,tree_cover,0.25308374187970883,low,random_forest-extended-v1-20260902
47417225_00_034,47417225,secondary,,MDR,620.39111328125,22.477155685424805,-0.04323123022913933,148.67854064045866,tree_cover,0.25710109335566345,low,random_forest-extended-v1-20260902
47417233_00_000,47417233,trunk,,NH510,1703.8895263671875,19.385562896728516,0.02412104420363903,586.7986786541115,tree_cover,0.2184330922755127,low,random_forest-extended-v1-20260902
47417233_00_001,47417233,trunk,,NH510,1757.7487182617188,18.711910247802734,0.0005599528085440397,528.0785624320677,tree_cover,0.20783068657389756,low,random_forest-extended-v1-20260902
47417233_00_002,47417233,trunk,,NH510,1798.784912109375,18.793540954589844,-0.012218457646667957,391.741698673614,tree_cover,0.20876597653447482,low,random_forest-extended-v1-20260902
47417237_00_000,47417237,trunk,,NH510,1897.7572021484375,17.08498764038086,-0.014903359115123749,148.67854064045866,tree_cover,0.26552590774056545,low,random_forest-extended-v1-20260902
47417237_00_001,47417237,trunk,,NH510,1933.760009765625,17.636388778686523,-0.00034458635491319,322.06351682017964,tree_cover,0.23106905767803862,low,random_forest-extended-v1-20260902
47417237_00_002,47417237,trunk,,NH510,1953.3726806640625,16.879716873168945,-0.0022972424048930407,498.256578424176,tree_cover,0.194028084702258,low,random_forest-extended-v1-20260902
47417238_00_000,47417238,primary,,NH510,787.9926452636719,26.32619857788086,0.014228545129299164,414.41674984197584,tree_cover,0.3145924578530731,low,random_forest-extended-v1-20260902
47417238_00_001,47417238,primary,,NH510,856.9470825195312,27.031400680541992,0.027093101292848587,525.6580215189401,tree_cover,0.32269044302727734,low,random_forest-extended-v1-20260902
47417239_00_000,47417239,primary,,NH510,888.483154296875,26.735191345214844,0.02396310865879059,584.9837524794692,tree_cover,0.3213858602618177,low,random_forest-extended-v1-20260902
47417239_00_001,47417239,primary,,NH510,858.8980712890625,25.906766891479492,0.06000827997922897,528.0785624320677,tree_cover,0.2944064817141335,low,random_forest-extended-v1-20260902
47417239_00_002,47417239,primary,,NH510,929.1544189453125,26.78868865966797,0.022857561707496643,659.7761253419451,tree_cover,0.3211511161616105,low,random_forest-extended-v1-20260902
47417239_00_003,47417239,primary,,NH510,985.2677001953125,29.206026077270508,0.01495361141860485,758.6753085427436,tree_cover,0.39902872126113553,low,random_forest-extended-v1-20260902
47417241_00_000,47417241,primary,,NH510,737.3216552734375,28.85213279724121,0.0063963839784264565,275.0784819325981,tree_cover,0.3636943222374758,low,random_forest-extended-v1-20260902
47417241_00_001,47417241,primary,,NH510,768.3463134765625,28.087526321411133,0.00485292449593544,351.11195479568335,tree_cover,0.3746798646901268,low,random_forest-extended-v1-20260902
47417241_00_002,47417241,primary,,NH510,746.5771484375,26.670455932617188,0.0008327503455802798,340.0408317556995,tree_cover,0.3108186096994231,low,random_forest-extended-v1-20260902
47417242_00_000,47417242,trunk,,NH510,994.11328125,30.919557571411133,0.056016817688941956,562.0049485671378,tree_cover,0.5299391010748802,moderate,random_forest-extended-v1-20260902
47417242_00_001,47417242,trunk,,NH510,1020.7777709960938,30.6335391998291,-0.010366305708885193,405.07950455465993,tree_cover,0.4798712682117712,moderate,random_forest-extended-v1-20260902
47417242_00_002,47417242,trunk,,NH510,1120.662109375,29.302167892456055,-0.023460587486624718,309.95656361374915,tree_cover,0.36339978020291214,low,random_forest-extended-v1-20260902
47417242_00_003,47417242,trunk,,NH510,1164.2677001953125,25.123491287231445,-0.04617457091808319,288.65205483710093,tree_cover,0.25299635480159127,low,random_forest-extended-v1-20260902
47417244_00_000,47417244,trunk,,NH510,1232.605712890625,31.037405014038086,0.05849353224039078,914.193543633636,tree_cover,0.5495224110396038,moderate,random_forest-extended-v1-20260902
47417244_00_001,47417244,trunk,,NH510,1314.9900512695312,28.687353134155273,0.09332546591758728,932.3804465825208,tree_cover,0.4311806876726924,moderate,random_forest-extended-v1-20260902
47417244_00_002,47417244,trunk,,NH510,1379.8507080078125,28.33943748474121,0.09312446415424347,800.6584446331152,tree_cover,0.44441547086533206,moderate,random_forest-extended-v1-20260902
47417244_00_003,47417244,trunk,,NH510,1439.0135498046875,27.6676025390625,0.06261420994997025,693.0839463125809,tree_cover,0.46883713507242236,moderate,random_forest-extended-v1-20260902
47417244_00_004,47417244,trunk,,NH510,1476.8736572265625,27.36341094970703,0.06504067778587341,747.3848676362641,tree_cover,0.4562881976881538,moderate,random_forest-extended-v1-20260902
47417244_00_005,47417244,trunk,,NH510,1494.611572265625,27.033964157104492,0.11408679932355881,847.5980913892722,tree_cover,0.4254521814149447,moderate,random_forest-extended-v1-20260902
47417244_00_006,47417244,trunk,,NH510,1533.384765625,26.904525756835938,0.09780509024858475,813.3012019339578,tree_cover,0.4558893142163946,moderate,random_forest-extended-v1-20260902
47417248_00_000,47417248,trunk,,NH510,1599.7158203125,23.485511779785156,0.09504839777946472,789.4299572289681,tree_cover,0.3665026307641127,low,random_forest-extended-v1-20260902
47417248_00_001,47417248,trunk,,NH510,1646.5831298828125,20.806312561035156,0.047337546944618225,758.6753085427436,tree_cover,0.3059033215549053,low,random_forest-extended-v1-20260902
47417250_00_000,47417250,trunk,,NH510,1194.6448974609375,25.39908218383789,-0.04330301657319069,315.39481291136406,tree_cover,0.28396609822171076,low,random_forest-extended-v1-20260902
47417250_00_001,47417250,trunk,,NH510,1195.16259765625,29.515480041503906,-0.027566907927393913,461.03258318625336,tree_cover,0.372061523661333,low,random_forest-extended-v1-20260902
47417251_00_000,47417251,trunk,,NH510,1183.13427734375,30.929691314697266,0.050280891358852386,742.2481410096881,tree_cover,0.5343000621225082,moderate,random_forest-extended-v1-20260902
47417251_00_001,47417251,trunk,,NH510,1183.2222900390625,31.536640167236328,0.05737362802028656,857.5701766896328,tree_cover,0.5766806439091235,moderate,random_forest-extended-v1-20260902
47417252_00_000,47417252,trunk,,NH510,1660.33349609375,20.87862777709961,0.03422890976071358,743.3927032022933,tree_cover,0.3055720812052735,low,random_forest-extended-v1-20260902
47417252_00_001,47417252,trunk,,NH510,1667.826171875,19.929439544677734,0.04376246780157089,682.577384425079,tree_cover,0.2537144386653915,low,random_forest-extended-v1-20260902
47417256_00_000,47417256,trunk,,NH510,1829.9197387695312,17.27392578125,-0.029950298368930817,170.02041587784976,tree_cover,0.2328420603494314,low,random_forest-extended-v1-20260902
47417256_00_001,47417256,trunk,,NH510,1855.1278076171875,16.45658302307129,-0.04137907922267914,116.63304307356871,tree_cover,0.26047280928718003,low,random_forest-extended-v1-20260902
47417256_00_002,47417256,trunk,,NH510,1876.0206298828125,16.697105407714844,-0.03804807737469673,120.22258900738453,tree_cover,0.2659963955057025,low,random_forest-extended-v1-20260902
47417263_00_000,47417263,trunk,,NH510,2033.7215576171875,19.41960906982422,0.007580899633467197,509.2271321978585,tree_cover,0.19682192435256435,low,random_forest-extended-v1-20260902
47417263_00_001,47417263,trunk,,NH510,2068.1416015625,17.779998779296875,0.040833480656147,666.1880945210636,tree_cover,0.22437011738439988,low,random_forest-extended-v1-20260902
47417263_00_002,47417263,trunk,,NH510,2091.602783203125,19.682144165039062,0.0523771233856678,808.5833336941113,tree_cover,0.24004178565998283,low,random_forest-extended-v1-20260902
47417263_00_003,47417263,trunk,,NH510,2117.218505859375,19.219541549682617,0.04574383795261383,940.3256552275178,tree_cover,0.2397628500207764,low,random_forest-extended-v1-20260902
47417263_00_004,47417263,trunk,,NH510,2147.0589599609375,20.27688217163086,0.06159481033682823,892.0712438427521,tree_cover,0.24043089773124776,low,random_forest-extended-v1-20260902
47417263_00_005,47417263,trunk,,NH510,2154.010498046875,22.212051391601562,0.07649816572666168,720.1559166825685,tree_cover,0.30788106798621095,low,random_forest-extended-v1-20260902
47417263_00_006,47417263,trunk,,NH510,2166.2774658203125,26.85366439819336,0.10756836831569672,589.6893300326549,tree_cover,0.3777212886891624,low,random_forest-extended-v1-20260902
47417263_00_007,47417263,trunk,,NH510,2135.843505859375,28.662212371826172,0.025298381224274635,509.2271321978585,tree_cover,0.4356562654517294,moderate,random_forest-extended-v1-20260902
47417263_00_008,47417263,trunk,,NH510,2198.55859375,26.676427841186523,0.06650516390800476,630.7896258227281,tree_cover,0.3901040422629037,low,random_forest-extended-v1-20260902
47417263_00_009,47417263,trunk,,NH510,2175.52490234375,25.715534210205078,0.06443764269351959,747.3848676362641,tree_cover,0.380112435459965,low,random_forest-extended-v1-20260902
47417263_00_010,47417263,trunk,,NH510,2153.667724609375,24.1011962890625,0.06483966112136841,763.1447157392414,tree_cover,0.30848907756604427,low,random_forest-extended-v1-20260902
47417263_00_011,47417263,trunk,,NH510,2157.411865234375,24.076204299926758,0.10940616577863693,724.276172140278,tree_cover,0.29046846905090606,low,random_forest-extended-v1-20260902
47417263_00_012,47417263,trunk,,NH510,2180.8193359375,24.159170150756836,0.08160953223705292,659.7761253419451,tree_cover,0.25175682956438106,low,random_forest-extended-v1-20260902
47417263_00_013,47417263,trunk,,NH510,2218.447021484375,24.038719177246094,0.12258659303188324,633.8078267726521,tree_cover,0.24979326699009255,low,random_forest-extended-v1-20260902
47417263_00_014,47417263,trunk,,NH510,2227.7449951171875,23.938270568847656,0.09889627993106842,623.3324202736162,tree_cover,0.23633503583974313,low,random_forest-extended-v1-20260902
47417263_00_015,47417263,trunk,,NH510,2203.2606201171875,23.8350830078125,0.08993703871965408,720.1559166825685,tree_cover,0.2909957283300754,low,random_forest-extended-v1-20260902
47417263_00_016,47417263,trunk,,NH510,2139.481201171875,26.176010131835938,0.11124396324157715,702.2239095913667,tree_cover,0.3964648831766587,low,random_forest-extended-v1-20260902
47417263_00_017,47417263,trunk,,NH510,2116.197021484375,29.67076873779297,0.07730220258235931,586.7986786541115,tree_cover,0.45745214181160976,moderate,random_forest-extended-v1-20260902
47417263_00_018,47417263,trunk,,NH510,2185.521484375,29.1289119720459,0.07980045676231384,509.2271321978585,tree_cover,0.42615051450240005,moderate,random_forest-extended-v1-20260902
47417263_00_019,47417263,trunk,,NH510,2173.76708984375,25.85723114013672,-0.0022972424048930407,525.6580215189401,tree_cover,0.34883320960996206,low,random_forest-extended-v1-20260902
47417263_00_020,47417263,trunk,,NH510,2101.17333984375,24.982179641723633,-0.03256341069936752,566.1510156143496,tree_cover,0.2911899563759256,low,random_forest-extended-v1-20260902
47417263_00_021,47417263,trunk,,NH510,2022.9155883789062,24.50058937072754,0.05045318603515625,601.1129450369226,tree_cover,0.24029354377881332,low,random_forest-extended-v1-20260902
47417263_00_022,47417263,trunk,,NH510,1988.07958984375,25.635358810424805,0.11285202950239182,612.3234761362357,tree_cover,0.35290213576178825,low,random_forest-extended-v1-20260902
47417263_00_023,47417263,trunk,,NH510,1985.1416015625,28.82798194885254,0.06462429463863373,590.4097815292349,tree_cover,0.4465154556602941,moderate,random_forest-extended-v1-20260902
55488085_00_000,55488085,trunk,,NH710,305.7211608886719,29.999958038330078,-0.14260131120681763,123.70802350161468,tree_cover,0.5593230906091615,moderate,random_forest-extended-v1-20260902
56052261_00_000,56052261,tertiary,,,1770.7411499023438,30.770591735839844,0.020100869238376617,682.577384425079,tree_cover,0.5531647163904718,moderate,random_forest-extended-v1-20260902
56052261_00_001,56052261,tertiary,,,1747.7335815429688,30.616147994995117,-0.012950703501701355,702.2239095913667,tree_cover,0.5429284586708677,moderate,random_forest-extended-v1-20260902
56052261_00_002,56052261,tertiary,,,1723.591796875,30.128219604492188,0.020100871101021767,700.4054587798921,tree_cover,0.509017946687448,moderate,random_forest-extended-v1-20260902
56052261_00_003,56052261,tertiary,,,1704.1865234375,29.925758361816406,0.009303831495344639,645.4456164607546,tree_cover,0.4842710751348356,moderate,random_forest-extended-v1-20260902
56052261_00_004,56052261,tertiary,,,1710.0379638671875,30.39759635925293,-0.013065565377473831,525.6580215189401,tree_cover,0.5693964346892575,moderate,random_forest-extended-v1-20260902
56052261_00_005,56052261,tertiary,,,1641.1507568359375,29.281042098999023,-0.013065565377473831,574.3511281111691,tree_cover,0.4969333960457461,moderate,random_forest-extended-v1-20260902
56052261_00_006,56052261,tertiary,,,1629.9818725585938,30.02398109436035,0.059828802943229675,709.4511042025621,tree_cover,0.49591083165256444,moderate,random_forest-extended-v1-20260902
56052261_00_007,56052261,tertiary,,,1522.9271240234375,31.233226776123047,0.057057756930589676,701.0121331758165,tree_cover,0.5999063113848644,high,random_forest-extended-v1-20260902
56052261_00_008,56052261,tertiary,,,1490.42578125,31.241397857666016,0.0656149834394455,673.1707236377847,tree_cover,0.6156748699470902,high,random_forest-extended-v1-20260902
56052261_00_009,56052261,tertiary,,,1549.2030639648438,30.02975082397461,0.0009906857740134,700.1018586106522,tree_cover,0.5081429233459493,moderate,random_forest-extended-v1-20260902
56052261_00_010,56052261,tertiary,,,1495.9517211914062,30.178680419921875,-0.007437322288751602,666.1880945210636,tree_cover,0.5527367086804601,moderate,random_forest-extended-v1-20260902
56052261_00_011,56052261,tertiary,,,1444.8911743164062,29.636112213134766,0.0189809650182724,630.7896258227281,tree_cover,0.4674449096169457,moderate,random_forest-extended-v1-20260902
56052261_00_012,56052261,tertiary,,,1364.2327270507812,29.58205223083496,0.06544269621372223,655.250415012434,tree_cover,0.45156840752001803,moderate,random_forest-extended-v1-20260902
56052261_00_013,56052261,tertiary,,,1316.598388671875,29.707599639892578,0.04387732967734337,626.0544088562227,tree_cover,0.4529411493773721,moderate,random_forest-extended-v1-20260902
56052261_00_014,56052261,tertiary,,,1241.5400390625,29.296045303344727,0.0684865340590477,642.1440827051323,tree_cover,0.44339831138184865,moderate,random_forest-extended-v1-20260902
56052261_00_015,56052261,tertiary,,,1196.7420043945312,29.41458511352539,0.04186724126338959,578.0395301141065,tree_cover,0.3955955536051351,low,random_forest-extended-v1-20260902
56052261_00_016,56052261,tertiary,,,1149.8224487304688,28.90027618408203,0.03774656355381012,589.6893300326549,tree_cover,0.3798868069128244,low,random_forest-extended-v1-20260902
56052261_00_017,56052261,tertiary,,,1127.4339599609375,28.956199645996094,0.019670138135552406,659.7761253419451,tree_cover,0.38162415407737665,low,random_forest-extended-v1-20260902
56052261_00_018,56052261,tertiary,,,1079.2293701171875,27.033973693847656,0.0369856022298336,630.7896258227281,tree_cover,0.32899789229363025,low,random_forest-extended-v1-20260902
56052261_00_019,56052261,tertiary,,,1063.058349609375,25.521432876586914,0.03190295398235321,664.9106473350614,tree_cover,0.2980952709750525,low,random_forest-extended-v1-20260902
56052263_00_000,56052263,primary,,,1440.7472534179688,26.122467041015625,0.01676986739039421,800.6584446331152,tree_cover,0.42726901026903336,moderate,random_forest-extended-v1-20260902
56052263_00_001,56052263,primary,,,1518.241943359375,24.28692054748535,0.04258513078093529,746.8158649899173,tree_cover,0.37319682034280605,low,random_forest-extended-v1-20260902
56052263_00_002,56052263,primary,,,1614.75,20.963804244995117,0.06854397058486938,676.3208144203506,built_up,0.8510334111063474,high,random_forest-extended-v1-20260902
56052263_00_003,56052263,primary,,,1667.2286376953125,20.97541618347168,0.05651216208934784,641.481736904628,built_up,0.8497722539864947,high,random_forest-extended-v1-20260902
56052398_00_000,56052398,tertiary,,,1845.7720336914062,29.501880645751953,0.04495415836572647,702.2239095913667,tree_cover,0.44817592954318497,moderate,random_forest-extended-v1-20260902
56052398_00_001,56052398,tertiary,,,1893.7543334960938,29.410114288330078,0.08308838307857513,606.7441026159734,tree_cover,0.45977909352105667,moderate,random_forest-extended-v1-20260902
56052398_00_002,56052398,tertiary,,,1810.8563232421875,33.314109802246094,0.1375330239534378,536.8599323716959,tree_cover,0.6208396241638002,high,random_forest-extended-v1-20260902
56052398_00_003,56052398,tertiary,,,1775.2688598632812,33.83290100097656,0.09280858933925629,710.0500499438558,tree_cover,0.5856076848454156,moderate,random_forest-extended-v1-20260902
56052398_00_004,56052398,tertiary,,,1724.72412109375,29.25507926940918,0.08565842360258102,849.1013702967682,tree_cover,0.45220412526089926,moderate,random_forest-extended-v1-20260902
56052398_00_005,56052398,tertiary,,,1691.2911376953125,27.160493850708008,0.09240657091140747,959.1250768604885,tree_cover,0.44146699134203704,moderate,random_forest-extended-v1-20260902
56052398_00_006,56052398,tertiary,,,1712.82666015625,25.13697624206543,0.12367778271436691,926.6640236611834,tree_cover,0.3957904091423873,low,random_forest-extended-v1-20260902
56052398_00_007,56052398,tertiary,,,1721.5794677734375,25.718290328979492,0.03147222101688385,793.1904478546078,tree_cover,0.4239077195019629,moderate,random_forest-extended-v1-20260902
56052398_00_008,56052398,tertiary,,,1711.0394287109375,24.462522506713867,0.06983616948127747,800.6584446331152,tree_cover,0.36823438175301115,low,random_forest-extended-v1-20260902
56052398_00_009,56052398,tertiary,,,1696.9505615234375,21.622901916503906,0.08175311237573624,879.1106821516506,tree_cover,0.34024871027570003,low,random_forest-extended-v1-20260902
56052398_00_010,56052398,tertiary,,,1676.2169799804688,22.344633102416992,0.07656995952129364,800.6584446331152,tree_cover,0.38212463814275205,low,random_forest-extended-v1-20260902
56052398_00_011,56052398,tertiary,,,1666.083740234375,24.91362190246582,0.021651508286595345,665.5496774175223,tree_cover,0.3452598642241425,low,random_forest-extended-v1-20260902
56052398_00_012,56052398,tertiary,,,1643.6814575195312,23.91632843017578,-0.004235540516674519,664.9106473350614,tree_cover,0.3100783905348345,low,random_forest-extended-v1-20260902
56052398_00_013,56052398,tertiary,,,1645.2493896484375,20.888896942138672,0.03376946225762367,805.4220435328066,tree_cover,0.3167331469775536,low,random_forest-extended-v1-20260902
56052398_00_014,56052398,tertiary,,,1605.478759765625,20.11150550842285,0.07758936285972595,949.3241918858973,tree_cover,0.3041577922207839,low,random_forest-extended-v1-20260902
56052398_00_015,56052398,tertiary,,,1559.1537475585938,20.584938049316406,0.08050398528575897,952.0071671610658,tree_cover,0.3117550202368421,low,random_forest-extended-v1-20260902
56052398_00_016,56052398,tertiary,,,1595.9774169921875,20.476064682006836,0.014386479742825031,760.3544149313134,tree_cover,0.3008469895067395,low,random_forest-extended-v1-20260902
56052398_00_017,56052398,tertiary,,,1585.864990234375,21.110239028930664,-0.004967786371707916,664.9106473350614,tree_cover,0.2904733066163355,low,random_forest-extended-v1-20260902
56052398_00_018,56052398,tertiary,,,1533.9019775390625,20.255617141723633,0.03876596316695213,823.1723539556792,tree_cover,0.30256745171295907,low,random_forest-extended-v1-20260902
56052398_00_019,56052398,tertiary,,,1493.1971435546875,21.194244384765625,0.05902476981282234,941.6808093000379,tree_cover,0.3310570495274203,low,random_forest-extended-v1-20260902
56052398_00_020,56052398,tertiary,,,1501.801025390625,20.347579956054688,0.041694946587085724,761.7495653352773,tree_cover,0.3007270355135701,low,random_forest-extended-v1-20260902
83686946_00_000,83686946,tertiary,,,1493.332763671875,28.1778564453125,-0.037775278091430664,470.1628276137589,tree_cover,0.4703254833380624,moderate,random_forest-extended-v1-20260902
83686946_00_001,83686946,tertiary,,,1506.5264892578125,27.09653663635254,-0.10383535176515579,550.1569638651962,tree_cover,0.4306649368644995,moderate,random_forest-extended-v1-20260902
83686946_00_002,83686946,tertiary,,,1528.7655029296875,26.533485412597656,-0.06538525968790054,578.7749505540111,tree_cover,0.4541735692624976,moderate,random_forest-extended-v1-20260902
83686946_00_003,83686946,tertiary,,,1520.8316650390625,28.478473663330078,-0.09461766481399536,498.256578424176,tree_cover,0.5103768683788258,moderate,random_forest-extended-v1-20260902
83686946_00_004,83686946,tertiary,,,1485.4080200195312,29.401918411254883,-0.14349150657653809,332.4553236675307,tree_cover,0.4622356348402474,moderate,random_forest-extended-v1-20260902
83686946_00_005,83686946,tertiary,,,1503.6082763671875,29.616323471069336,-0.1167573407292366,349.89912922070613,tree_cover,0.48534994831239214,moderate,random_forest-extended-v1-20260902
83686946_00_006,83686946,tertiary,,,1445.4375,28.742206573486328,-0.01720060221850872,433.46870913515824,tree_cover,0.4630198807141557,moderate,random_forest-extended-v1-20260902
83686946_00_007,83686946,tertiary,,,1372.353759765625,27.27798843383789,0.05217611789703369,560.1118987424379,tree_cover,0.41838722906317005,low,random_forest-extended-v1-20260902
83686946_00_008,83686946,tertiary,,,1411.4854125976562,21.616943359375,0.028557593002915382,579.8745902674602,tree_cover,0.2650587513906515,low,random_forest-extended-v1-20260902
83686946_00_009,83686946,tertiary,,,1428.4649658203125,20.5269775390625,-0.009002318605780602,412.36007833871565,tree_cover,0.2603135016670368,low,random_forest-extended-v1-20260902
83686946_00_010,83686946,tertiary,,,1458.2843627929688,20.239933013916016,-0.04732318967580795,233.26608614713743,tree_cover,0.2532728535184611,low,random_forest-extended-v1-20260902
83686946_00_011,83686946,tertiary,,,1452.013916015625,21.00729751586914,-0.03534881770610809,184.41303327450134,tree_cover,0.2771937453181542,low,random_forest-extended-v1-20260902
83686946_00_012,83686946,tertiary,,,1423.9820556640625,21.309268951416016,-0.04809851199388504,164.94403133548627,tree_cover,0.28729031360419083,low,random_forest-extended-v1-20260902
83686946_00_013,83686946,tertiary,,,1458.4207763671875,23.492650985717773,-0.05203253775835037,145.79130384196088,tree_cover,0.35366511623223,low,random_forest-extended-v1-20260902
83686946_00_014,83686946,tertiary,,,1457.5078735351562,26.774778366088867,-0.039225414395332336,120.22258900738453,tree_cover,0.46147288800350866,moderate,random_forest-extended-v1-20260902
83686946_00_015,83686946,tertiary,,,1423.322998046875,29.22658920288086,-0.05820637568831444,130.39970636758034,tree_cover,0.4973979663049468,moderate,random_forest-extended-v1-20260902
83686946_00_016,83686946,tertiary,,,1444.7550048828125,28.303997039794922,-0.0797717422246933,157.02203972719624,tree_cover,0.4871444323313898,moderate,random_forest-extended-v1-20260902
83686946_00_017,83686946,tertiary,,,1362.372802734375,29.908071517944336,-0.03440120443701744,287.1755640555846,tree_cover,0.4368838103117664,moderate,random_forest-extended-v1-20260902
83686946_00_018,83686946,tertiary,,,1254.2745361328125,31.236862182617188,-0.04275742173194885,379.05738998909834,tree_cover,0.5949378022790817,moderate,random_forest-extended-v1-20260902
83686946_00_019,83686946,tertiary,,,1322.2461547851562,30.106550216674805,0.011672861874103546,474.66209594294867,tree_cover,0.5011439698622667,moderate,random_forest-extended-v1-20260902
83686946_00_020,83686946,tertiary,,,1331.948974609375,25.791481018066406,0.024092327803373337,430.5165609894557,tree_cover,0.3373042850351899,low,random_forest-extended-v1-20260902
83686946_00_021,83686946,tertiary,,,1301.8901977539062,21.757080078125,0.028514519333839417,266.4325813337823,tree_cover,0.2854568800765798,low,random_forest-extended-v1-20260902
83686946_00_022,83686946,tertiary,,,1309.3115234375,20.043842315673828,-0.04112063720822334,170.02041587784976,tree_cover,0.27042294239554754,low,random_forest-extended-v1-20260902
83686946_00_023,83686946,tertiary,,,1335.080810546875,23.48052978515625,-0.082901731133461,145.79130384196088,tree_cover,0.346338043147998,low,random_forest-extended-v1-20260902
83688411_00_000,83688411,secondary,,MDR,1866.1153564453125,25.241186141967773,0.040632475167512894,812.2551549391025,tree_cover,0.3491755007485655,low,random_forest-extended-v1-20260902
83688411_00_001,83688411,secondary,,MDR,1916.2290649414062,24.01055335998535,0.030510250478982925,874.2615817546634,tree_cover,0.30970082842560126,low,random_forest-extended-v1-20260902
83688411_00_002,83688411,secondary,,MDR,1964.9093017578125,23.0187931060791,0.08608915656805038,894.4507392508223,tree_cover,0.3145515924202993,low,random_forest-extended-v1-20260902
83688411_00_003,83688411,secondary,,MDR,1970.8099975585938,22.20953369140625,0.09512019157409668,940.3256552275178,tree_cover,0.31867362504859326,low,random_forest-extended-v1-20260902
83688411_00_004,83688411,secondary,,MDR,1960.6632080078125,22.807479858398438,0.10641974955797195,944.3856073757153,tree_cover,0.3249380608193799,low,random_forest-extended-v1-20260902
83688411_00_005,83688411,secondary,,MDR,1924.5213012695312,24.896848678588867,0.09761844575405121,849.6017248430085,tree_cover,0.31916951928591847,low,random_forest-extended-v1-20260902
83688411_00_006,83688411,secondary,,MDR,1878.980712890625,26.019054412841797,0.04267127811908722,792.1178436481015,tree_cover,0.4199566097919437,low,random_forest-extended-v1-20260902
83688773_00_000,83688773,tertiary,,,1209.5140991210938,30.874771118164062,-0.06710819154977798,199.85369246505786,tree_cover,0.5246327769135696,moderate,random_forest-extended-v1-20260902
83688773_00_001,83688773,tertiary,,,1231.9624633789062,31.240428924560547,-0.10086329281330109,227.73329671633672,tree_cover,0.5642250139001056,moderate,random_forest-extended-v1-20260902
83688773_00_002,83688773,tertiary,,,1290.0960083007812,33.2192268371582,0.004953428637236357,293.03689405055025,tree_cover,0.5998386595186593,high,random_forest-extended-v1-20260902
83688773_00_003,83688773,tertiary,,,1247.683837890625,33.2176399230957,-0.05843610316514969,210.26320860757602,tree_cover,0.5919574746165843,moderate,random_forest-extended-v1-20260902
83688773_00_004,83688773,tertiary,,,1326.548828125,33.379913330078125,-0.03454478085041046,262.4243469155296,tree_cover,0.6078812856214963,high,random_forest-extended-v1-20260902
83688773_00_005,83688773,tertiary,,,1411.0751953125,32.509742736816406,-0.058335594832897186,227.73329671633672,tree_cover,0.5976266076821171,high,random_forest-extended-v1-20260902
83688773_00_006,83688773,tertiary,,,1481.4183349609375,33.357295989990234,-0.048902545124292374,233.26608614713743,tree_cover,0.6191431631039834,high,random_forest-extended-v1-20260902
83688773_00_007,83688773,tertiary,,,1516.8258056640625,34.173587799072266,-0.09467510133981705,212.27534257419205,tree_cover,0.6156321154538845,high,random_forest-extended-v1-20260902
83688773_00_008,83688773,tertiary,,,1548.4149169921875,34.25115203857422,-0.04450906813144684,174.94956461035306,tree_cover,0.6082809160834264,high,random_forest-extended-v1-20260902
83688773_00_009,83688773,tertiary,,,1627.7884521484375,34.381752014160156,-0.028026355430483818,233.26608614713743,tree_cover,0.6272897182914876,high,random_forest-extended-v1-20260902
83688773_00_010,83688773,tertiary,,,1690.1168212890625,34.41407012939453,-0.07262156903743744,222.06269817368786,tree_cover,0.6099264959924675,high,random_forest-extended-v1-20260902
83688773_00_011,83688773,tertiary,,,1750.1455078125,32.27265167236328,-0.0725354254245758,195.5995595513705,tree_cover,0.5847185689491441,moderate,random_forest-extended-v1-20260902
83688773_00_012,83688773,tertiary,,,1768.20849609375,31.927398681640625,0.024523062631487846,195.5995595513705,tree_cover,0.5749295615798906,moderate,random_forest-extended-v1-20260902
83688773_00_013,83688773,tertiary,,,1716.295166015625,33.41065216064453,0.06567241251468658,233.26608614713743,tree_cover,0.6228817254577915,high,random_forest-extended-v1-20260902
83688773_00_014,83688773,tertiary,,,1623.3534545898438,34.24260711669922,-0.028126860037446022,268.82588145153073,tree_cover,0.6249313620019145,high,random_forest-extended-v1-20260902
83688773_00_015,83688773,tertiary,,,1659.9512939453125,33.40206527709961,0.053755469620227814,424.5506851483841,tree_cover,0.6210157672940513,high,random_forest-extended-v1-20260902
83688773_00_016,83688773,tertiary,,,1757.1197509765625,29.3336124420166,0.07476087659597397,437.3739115258827,tree_cover,0.47623393702468036,moderate,random_forest-extended-v1-20260902
83688773_00_017,83688773,tertiary,,,1789.64306640625,24.42193031311035,0.0,287.1755640555846,tree_cover,0.28702320101392975,low,random_forest-extended-v1-20260902
83698799_00_000,83698799,trunk,,NH710,1921.763427734375,31.818418502807617,0.010064792819321156,461.03258318625336,tree_cover,0.5721375305792845,moderate,random_forest-extended-v1-20260902
83698799_00_001,83698799,trunk,,NH710,2004.2515869140625,33.34023666381836,0.02624599263072014,498.256578424176,tree_cover,0.5837927908752729,moderate,random_forest-extended-v1-20260902
83698799_00_002,83698799,trunk,,NH710,1960.4239501953125,33.38919448852539,-0.023661596700549126,441.2445525642225,tree_cover,0.5857433022541929,moderate,random_forest-extended-v1-20260902
83698799_00_003,83698799,trunk,,NH710,1888.3216552734375,32.97571563720703,0.07095607370138168,482.65509721155024,tree_cover,0.5871730851385512,moderate,random_forest-extended-v1-20260902
83698799_00_004,83698799,trunk,,NH710,1833.2360229492188,33.38725662231445,0.05964215472340584,525.6580215189401,tree_cover,0.6266372787460692,high,random_forest-extended-v1-20260902
83698799_00_005,83698799,trunk,,NH710,1865.1690673828125,33.59994888305664,0.07626844197511673,623.3324202736162,tree_cover,0.6125896245074499,high,random_forest-extended-v1-20260902
83698799_00_006,83698799,trunk,,NH710,1827.1390991210938,34.00037384033203,0.037990644574165344,673.1707236377847,tree_cover,0.6149862507083778,high,random_forest-extended-v1-20260902
83698799_00_007,83698799,trunk,,NH710,1717.9080200195312,33.91228485107422,0.0946463793516159,625.0342197078971,tree_cover,0.6345316481361867,high,random_forest-extended-v1-20260902
83698799_00_008,83698799,trunk,,NH710,1725.9129638671875,30.2155818939209,-0.0031587081030011177,536.0681018403303,tree_cover,0.5697711741508581,moderate,random_forest-extended-v1-20260902
83698799_00_009,83698799,trunk,,NH710,1715.064697265625,30.52239990234375,-0.04804107919335365,383.5170421109049,tree_cover,0.5579442642785392,moderate,random_forest-extended-v1-20260902
83698799_00_010,83698799,trunk,,NH710,1670.881591796875,26.54935073852539,0.08614658564329147,536.0681018403303,tree_cover,0.4544304813021429,moderate,random_forest-extended-v1-20260902
83698799_00_011,83698799,trunk,,NH710,1595.0701904296875,25.533174514770508,0.06380590796470642,615.0941847487371,tree_cover,0.3956366608843284,low,random_forest-extended-v1-20260902
83698799_00_012,83698799,trunk,,NH710,1497.083740234375,24.922462463378906,0.08801309764385223,691.2414513924261,tree_cover,0.33962980194019704,low,random_forest-extended-v1-20260902
83698799_00_013,83698799,trunk,,NH710,1449.556640625,24.771991729736328,0.07789087295532227,705.2442414206383,tree_cover,0.34079794518224926,low,random_forest-extended-v1-20260902
83698799_00_014,83698799,trunk,,NH710,1442.6580810546875,24.45387840270996,0.05467436835169792,695.533013824916,tree_cover,0.3256914039038475,low,random_forest-extended-v1-20260902
83699325_00_000,83699325,secondary,,SH,1787.1148071289062,31.074642181396484,0.05823509395122528,309.95656361374915,tree_cover,0.5562637867196746,moderate,random_forest-extended-v1-20260902
83699325_00_001,83699325,secondary,,SH,1872.0679931640625,31.95490074157715,-0.039225414395332336,268.82588145153073,tree_cover,0.5666308769170297,moderate,random_forest-extended-v1-20260902
83699325_00_002,83699325,secondary,,SH,1790.125,31.961685180664062,-0.0825427919626236,170.02041587784976,tree_cover,0.5604690258652024,moderate,random_forest-extended-v1-20260902
83699325_00_003,83699325,secondary,,SH,1764.4979248046875,29.394664764404297,-0.06664873659610748,157.02203972719624,tree_cover,0.48061621538711524,moderate,random_forest-extended-v1-20260902
83699325_00_004,83699325,secondary,,SH,1702.204345703125,28.975540161132812,0.0028859106823801994,130.39970636758034,tree_cover,0.49992985915107385,moderate,random_forest-extended-v1-20260902
83699325_00_005,83699325,secondary,,SH,1689.6856079101562,29.497589111328125,-0.00331664364784956,145.79130384196088,tree_cover,0.49721153141890073,moderate,random_forest-extended-v1-20260902
83699325_00_006,83699325,secondary,,SH,1706.6722412109375,31.23089027404785,0.010854469612240791,130.39970636758034,tree_cover,0.5784316469700307,moderate,random_forest-extended-v1-20260902
83699325_00_007,83699325,secondary,,SH,1598.041748046875,31.482742309570312,-0.010466810315847397,145.79130384196088,tree_cover,0.5751408740571756,moderate,random_forest-extended-v1-20260902
83699325_00_008,83699325,secondary,,SH,1542.3071899414062,32.376075744628906,-0.0696638748049736,145.79130384196088,tree_cover,0.5856709674352194,moderate,random_forest-extended-v1-20260902
83699325_00_009,83699325,secondary,,SH,1631.6630859375,31.92477035522461,0.030711259692907333,262.4243469155296,tree_cover,0.594658260098737,moderate,random_forest-extended-v1-20260902
83699325_00_010,83699325,secondary,,SH,1555.1962890625,32.58930969238281,0.0040776049718260765,249.128289212088,tree_cover,0.6143902916686943,high,random_forest-extended-v1-20260902
83699325_00_011,83699325,secondary,,SH,1447.503173828125,33.84324264526367,0.03661229833960533,276.619549911752,tree_cover,0.6197910373782255,high,random_forest-extended-v1-20260902
83699325_00_012,83699325,secondary,,SH,1461.9924926757812,30.870040893554688,0.1043953076004982,437.3739115258827,tree_cover,0.5575926717779903,moderate,random_forest-extended-v1-20260902
83699325_00_013,83699325,secondary,,SH,1386.5711669921875,28.643985748291016,0.10303131490945816,471.06611918158865,tree_cover,0.45013089392146727,moderate,random_forest-extended-v1-20260902
83699325_00_014,83699325,secondary,,SH,1372.277587890625,27.037738800048828,0.09358391165733337,496.54728838338445,tree_cover,0.38163187379097263,low,random_forest-extended-v1-20260902
83699325_00_015,83699325,secondary,,SH,1304.6405639648438,27.371501922607422,0.07579463720321655,470.1628276137589,tree_cover,0.4298509738991683,moderate,random_forest-extended-v1-20260902
83699325_00_016,83699325,secondary,,SH,1313.49169921875,28.877897262573242,0.10564443469047546,437.3739115258827,tree_cover,0.45682741267346405,moderate,random_forest-extended-v1-20260902
83699325_00_017,83699325,secondary,,SH,1311.9448852539062,33.231529235839844,0.024810217320919037,264.0392812160338,tree_cover,0.6098187115419177,high,random_forest-extended-v1-20260902
83699325_00_018,83699325,secondary,,SH,1327.2161865234375,34.95100021362305,-0.030208736658096313,204.10782537874525,tree_cover,0.5956519102862369,high,random_forest-extended-v1-20260902
83699325_00_019,83699325,secondary,,SH,1399.7691040039062,34.27587890625,-0.06954900920391083,145.79130384196088,tree_cover,0.58797378093973,moderate,random_forest-extended-v1-20260902
83700088_00_000,83700088,trunk,,NH510,501.4418182373047,27.540531158447266,-0.05469590425491333,204.10782537874525,tree_cover,0.4340659034558205,moderate,random_forest-extended-v1-20260902
83700088_00_001,83700088,trunk,,NH510,490.9266662597656,27.601028442382812,-0.060187749564647675,186.70396624747931,tree_cover,0.460067301052332,moderate,random_forest-extended-v1-20260902
83700088_00_002,83700088,trunk,,NH510,439.56956481933594,27.06351089477539,-0.10351589322090149,164.94403133548627,tree_cover,0.4529471343476023,moderate,random_forest-extended-v1-20260902
83700088_00_003,83700088,trunk,,NH510,429.5240173339844,26.737030029296875,-0.10343333333730698,145.79130384196088,tree_cover,0.4622006362531355,moderate,random_forest-extended-v1-20260902
83700088_00_004,83700088,trunk,,NH510,446.3893127441406,27.319683074951172,-0.07072634994983673,164.94403133548627,tree_cover,0.4752365787050882,moderate,random_forest-extended-v1-20260902
83700092_00_000,83700092,trunk,Sirwani Bridge,NH510,436.7451171875,25.989599227905273,-0.08145159482955933,145.79130384196088,tree_cover,0.4492567972046296,moderate,random_forest-extended-v1-20260902
83700095_00_000,83700095,trunk,,NH510,426.7720031738281,24.495452880859375,-0.08658450096845627,130.39970636758034,tree_cover,0.3715878966087742,low,random_forest-extended-v1-20260902
83700095_00_001,83700095,trunk,,NH510,439.87939453125,24.34808921813965,-0.12087801843881607,164.94403133548627,tree_cover,0.3247993578915973,low,random_forest-extended-v1-20260902
83700095_00_002,83700095,trunk,,NH510,450.23602294921875,26.386112213134766,-0.08856227993965149,145.79130384196088,tree_cover,0.47347030533144097,moderate,random_forest-extended-v1-20260902
83700095_00_003,83700095,trunk,,NH510,442.94020080566406,27.792160034179688,-0.05392058566212654,145.79130384196088,tree_cover,0.5066570897133851,moderate,random_forest-extended-v1-20260902
83700095_00_004,83700095,trunk,,NH510,418.58567810058594,26.236984252929688,-0.08877764642238617,145.79130384196088,tree_cover,0.4751050634995549,moderate,random_forest-extended-v1-20260902
83700095_00_005,83700095,trunk,,NH510,423.626953125,26.03790855407715,-0.12504176795482635,157.02203972719624,tree_cover,0.4391097940877622,moderate,random_forest-extended-v1-20260902
83700973_00_000,83700973,trunk,,NH310,1828.9366455078125,23.699159622192383,0.04588741436600685,542.3750023544552,tree_cover,0.23762928565962715,low,random_forest-extended-v1-20260902
83700973_00_001,83700973,trunk,,NH310,1795.134765625,24.151235580444336,0.016310419887304306,499.1090282834049,tree_cover,0.24976763604759605,low,random_forest-extended-v1-20260902
83700973_00_002,83700973,trunk,,NH310,1792.7969360351562,23.974729537963867,-0.008284430019557476,438.344776009123,tree_cover,0.2636901657493684,low,random_forest-extended-v1-20260902
83700973_00_003,83700973,trunk,,NH310,1774.2330322265625,27.028575897216797,-0.032850563526153564,206.18003916935783,tree_cover,0.4068710247927946,low,random_forest-extended-v1-20260902
83701553_00_000,83701553,trunk,North Sikkim Highway,NH310A,1509.831787109375,32.39412307739258,0.029663141816854477,496.54728838338445,tree_cover,0.6277193641306288,high,random_forest-extended-v1-20260902
83701553_00_001,83701553,trunk,North Sikkim Highway,NH310A,1560.2176513671875,33.84568786621094,0.025427600368857384,495.690433062667,tree_cover,0.6407027201011493,high,random_forest-extended-v1-20260902
83701553_00_002,83701553,trunk,North Sikkim Highway,NH310A,1604.76513671875,35.095706939697266,-0.027911493554711342,461.03258318625336,tree_cover,0.6350610203027578,high,random_forest-extended-v1-20260902
83701553_00_003,83701553,trunk,North Sikkim Highway,NH310A,1536.8079833984375,36.667850494384766,0.046145856380462646,598.2774908074114,tree_cover,0.6529335339477389,high,random_forest-extended-v1-20260902
83701553_00_004,83701553,trunk,North Sikkim Highway,NH310A,1428.8923950195312,35.918827056884766,0.08910428732633591,756.9924776900458,tree_cover,0.6312265025394277,high,random_forest-extended-v1-20260902
83701553_00_005,83701553,trunk,North Sikkim Highway,NH310A,1377.1554565429688,34.97301483154297,0.09770458936691284,782.9411935245209,tree_cover,0.6319912184842241,high,random_forest-extended-v1-20260902
83701553_00_006,83701553,trunk,North Sikkim Highway,NH310A,1358.6317138671875,33.441261291503906,0.1006479263305664,730.7039204846151,tree_cover,0.6004941541308423,high,random_forest-extended-v1-20260902
83701553_00_007,83701553,trunk,North Sikkim Highway,NH310A,1353.457763671875,29.734447479248047,0.03402790054678917,528.0785624320677,tree_cover,0.4456242753856807,moderate,random_forest-extended-v1-20260902
83701553_00_008,83701553,trunk,North Sikkim Highway,NH310A,1353.3402099609375,24.503559112548828,-0.0110554788261652,262.4243469155296,tree_cover,0.2959890774942203,low,random_forest-extended-v1-20260902
83701553_00_009,83701553,trunk,North Sikkim Highway,NH310A,1334.77099609375,21.899349212646484,-0.06443765014410019,164.94403133548627,tree_cover,0.3046155249401359,low,random_forest-extended-v1-20260902
83701553_00_010,83701553,trunk,North Sikkim Highway,NH310A,1311.9171142578125,21.809223175048828,-0.09085593372583389,92.20651663725067,tree_cover,0.4071712027082921,low,random_forest-extended-v1-20260902
83701553_00_011,83701553,trunk,North Sikkim Highway,NH310A,1307.879638671875,22.07965087890625,-0.025958837941288948,174.94956461035306,tree_cover,0.31511253054672195,low,random_forest-extended-v1-20260902
83701553_00_012,83701553,trunk,North Sikkim Highway,NH310A,1286.221435546875,23.70680809020996,0.03847881034016609,260.7994127351607,tree_cover,0.3065542030346211,low,random_forest-extended-v1-20260902
83701553_00_013,83701553,trunk,North Sikkim Highway,NH310A,1241.4158935546875,26.075302124023438,-0.024953795596957207,332.4553236675307,tree_cover,0.39891157259284554,low,random_forest-extended-v1-20260902
83701553_00_014,83701553,trunk,North Sikkim Highway,NH310A,1173.045166015625,26.46600341796875,-0.07141552120447159,291.58260768392176,tree_cover,0.3032733291180012,low,random_forest-extended-v1-20260902
83701553_00_015,83701553,trunk,North Sikkim Highway,NH310A,1218.2164306640625,25.929656982421875,-0.014242902398109436,249.128289212088,tree_cover,0.35416587870903093,low,random_forest-extended-v1-20260902
83701553_00_016,83701553,trunk,North Sikkim Highway,NH310A,1179.905029296875,25.029491424560547,-0.04558590054512024,105.13160430378801,tree_cover,0.3852792944287249,low,random_forest-extended-v1-20260902
83701553_00_017,83701553,trunk,North Sikkim Highway,NH310A,1153.0642700195312,24.339092254638672,-0.0026561864651739597,145.79130384196088,tree_cover,0.272800114460466,low,random_forest-extended-v1-20260902
83701553_00_018,83701553,trunk,North Sikkim Highway,NH310A,1106.207275390625,23.554954528808594,-0.006963515654206276,195.5995595513705,tree_cover,0.22463519616701874,low,random_forest-extended-v1-20260902
83701553_00_019,83701553,trunk,North Sikkim Highway,NH310A,1089.4808959960938,22.605438232421875,-0.03718660771846771,275.0784819325981,tree_cover,0.2288555504903116,low,random_forest-extended-v1-20260902
83701553_00_020,83701553,trunk,North Sikkim Highway,NH310A,1106.272705078125,22.307687759399414,-0.06960644572973251,287.1755640555846,tree_cover,0.2024349194059989,low,random_forest-extended-v1-20260902
83701553_00_021,83701553,trunk,North Sikkim Highway,NH310A,1038.4405517578125,22.219356536865234,-0.047265760600566864,227.73329671633672,tree_cover,0.18568652753718495,low,random_forest-extended-v1-20260902
83701553_00_022,83701553,trunk,North Sikkim Highway,NH310A,998.439697265625,24.188007354736328,-0.026346497237682343,170.02041587784976,tree_cover,0.21708218812625701,low,random_forest-extended-v1-20260902
83701553_00_023,83701553,trunk,North Sikkim Highway,NH310A,1003.097412109375,25.508468627929688,-0.02888782136142254,184.41303327450134,tree_cover,0.2597657213834285,low,random_forest-extended-v1-20260902
83701553_00_024,83701553,trunk,North Sikkim Highway,NH310A,959.69140625,24.3901309967041,-0.008119315840303898,174.94956461035306,tree_cover,0.22023915573797637,low,random_forest-extended-v1-20260902
83701553_00_025,83701553,trunk,North Sikkim Highway,NH310A,962.4880065917969,23.284442901611328,-0.029060114175081253,186.70396624747931,tree_cover,0.20771467949338698,low,random_forest-extended-v1-20260902
83701553_00_026,83701553,trunk,North Sikkim Highway,NH310A,929.7224426269531,23.804279327392578,-0.026454180479049683,170.02041587784976,tree_cover,0.2180477010831425,low,random_forest-extended-v1-20260902
83701553_00_027,83701553,trunk,North Sikkim Highway,NH310A,887.4150390625,25.218935012817383,-0.07304512709379196,170.02041587784976,tree_cover,0.24006476411354935,low,random_forest-extended-v1-20260902
83701553_00_028,83701553,trunk,North Sikkim Highway,NH310A,863.5950622558594,27.125661849975586,-0.05653369799256325,206.18003916935783,tree_cover,0.2846297262325219,low,random_forest-extended-v1-20260902
83701553_00_029,83701553,trunk,North Sikkim Highway,NH310A,807.9674072265625,30.262216567993164,-0.1069868803024292,174.94956461035306,tree_cover,0.4679899008273176,moderate,random_forest-extended-v1-20260902
83702523_00_000,83702523,trunk,North Sikkim Highway,NH310A,804.1819458007812,27.700536727905273,-0.10678587108850479,130.39970636758034,tree_cover,0.361960609635771,low,random_forest-extended-v1-20260902
83702523_00_001,83702523,trunk,North Sikkim Highway,NH310A,838.4381713867188,26.21530532836914,-0.12662112712860107,145.79130384196088,tree_cover,0.3096278746961196,low,random_forest-extended-v1-20260902
83702523_00_002,83702523,trunk,North Sikkim Highway,NH310A,833.9341430664062,28.18498992919922,-0.13562344014644623,145.79130384196088,tree_cover,0.3600955493761472,low,random_forest-extended-v1-20260902
83702523_00_003,83702523,trunk,North Sikkim Highway,NH310A,875.334228515625,26.32505989074707,-0.12955011427402496,145.79130384196088,tree_cover,0.30460305254591,low,random_forest-extended-v1-20260902
83702523_00_004,83702523,trunk,North Sikkim Highway,NH310A,870.8958129882812,27.318828582763672,-0.13470454514026642,145.79130384196088,tree_cover,0.31792306579219654,low,random_forest-extended-v1-20260902
83702523_00_005,83702523,trunk,North Sikkim Highway,NH310A,907.3472290039062,28.045368194580078,-0.13206271827220917,170.02041587784976,tree_cover,0.3611824858807495,low,random_forest-extended-v1-20260902
83702523_00_006,83702523,trunk,North Sikkim Highway,NH310A,941.2379150390625,27.69219207763672,-0.1139862909913063,184.41303327450134,tree_cover,0.3570124051279785,low,random_forest-extended-v1-20260902
83702523_00_007,83702523,trunk,North Sikkim Highway,NH310A,966.3477783203125,27.431930541992188,-0.11089219152927399,208.22162388846692,tree_cover,0.29923941290475786,low,random_forest-extended-v1-20260902
83703203_00_000,83703203,trunk,North Sikkim Highway,NH310A,1102.7432861328125,27.382261276245117,0.05128593370318413,287.1755640555846,tree_cover,0.32134134480423143,low,random_forest-extended-v1-20260902
83703203_00_001,83703203,trunk,North Sikkim Highway,NH310A,1162.7227783203125,23.455856323242188,0.0006460993899963796,227.73329671633672,tree_cover,0.24459168544929943,low,random_forest-extended-v1-20260902
83703203_00_002,83703203,trunk,North Sikkim Highway,NH310A,1161.2257080078125,21.906856536865234,-0.04829952120780945,145.79130384196088,tree_cover,0.2494292544832489,low,random_forest-extended-v1-20260902
83704268_00_000,83704268,primary,Rannipool - Rumtek - Sirwani Road,SH1,432.8166961669922,23.5135498046875,-0.11671426892280579,164.94403133548627,tree_cover,0.27627691194039944,low,random_forest-extended-v1-20260902
83704268_00_001,83704268,primary,Rannipool - Rumtek - Sirwani Road,SH1,450.7451629638672,23.157878875732422,-0.07018075883388519,170.02041587784976,tree_cover,0.2664659143829154,low,random_forest-extended-v1-20260902
83704268_00_002,83704268,primary,Rannipool - Rumtek - Sirwani Road,SH1,509.55706787109375,23.939821243286133,-0.06621082872152328,291.58260768392176,tree_cover,0.24783278407604772,low,random_forest-extended-v1-20260902
83704268_00_003,83704268,primary,Rannipool - Rumtek - Sirwani Road,SH1,594.2376403808594,25.96595001220703,-0.011823618784546852,488.7815177168158,tree_cover,0.33749148287400343,low,random_forest-extended-v1-20260902
83704268_00_004,83704268,primary,Rannipool - Rumtek - Sirwani Road,SH1,632.3179321289062,24.46842384338379,0.027380255982279778,474.66209594294867,tree_cover,0.26353042177737823,low,random_forest-extended-v1-20260902
83704268_00_005,83704268,primary,Rannipool - Rumtek - Sirwani Road,SH1,708.7356567382812,24.45486831665039,0.010710892267525196,615.0941847487371,tree_cover,0.23092823849530775,low,random_forest-extended-v1-20260902
83704268_00_006,83704268,primary,Rannipool - Rumtek - Sirwani Road,SH1,776.6135559082031,24.10739517211914,0.010129403322935104,664.9106473350614,tree_cover,0.24476613559013088,low,random_forest-extended-v1-20260902
83704268_00_007,83704268,primary,Rannipool - Rumtek - Sirwani Road,SH1,873.6273193359375,22.555925369262695,0.018866103142499924,743.3927032022933,tree_cover,0.31357687159768616,low,random_forest-extended-v1-20260902
83704268_00_008,83704268,primary,Rannipool - Rumtek - Sirwani Road,SH1,931.9232788085938,22.20030975341797,-0.012965060770511627,787.812823491353,tree_cover,0.2934298189241358,low,random_forest-extended-v1-20260902
83704268_00_009,83704268,primary,Rannipool - Rumtek - Sirwani Road,SH1,1015.9765625,24.30605697631836,0.018866103142499924,782.398238205482,tree_cover,0.32330416058150113,low,random_forest-extended-v1-20260902
83704268_00_010,83704268,primary,Rannipool - Rumtek - Sirwani Road,SH1,1060.761474609375,22.788562774658203,-0.01002171915024519,557.0677897964563,tree_cover,0.22700740772453581,low,random_forest-extended-v1-20260902
83704268_00_011,83704268,primary,Rannipool - Rumtek - Sirwani Road,SH1,1138.49072265625,24.579254150390625,-0.029074473306536674,553.239099823504,tree_cover,0.24913834911251864,low,random_forest-extended-v1-20260902
83704268_00_012,83704268,primary,Rannipool - Rumtek - Sirwani Road,SH1,1177.0125732421875,26.421262741088867,0.039282843470573425,629.4403416555871,tree_cover,0.33704899239135927,low,random_forest-extended-v1-20260902
83704268_00_013,83704268,primary,Rannipool - Rumtek - Sirwani Road,SH1,1124.3470458984375,28.257041931152344,-0.08702240884304047,590.4097815292349,tree_cover,0.3754874758763478,low,random_forest-extended-v1-20260902
83704268_00_014,83704268,primary,Rannipool - Rumtek - Sirwani Road,SH1,1166.131103515625,29.422622680664062,-0.05599528178572655,758.1147799781967,tree_cover,0.39866427133984367,low,random_forest-extended-v1-20260902
83704268_00_015,83704268,primary,Rannipool - Rumtek - Sirwani Road,SH1,1236.622314453125,27.02736473083496,0.0033310013823211193,770.3521995712193,tree_cover,0.39352334068619466,low,random_forest-extended-v1-20260902
83704268_00_016,83704268,primary,Rannipool - Rumtek - Sirwani Road,SH1,1300.4107666015625,21.256858825683594,0.05516253039240837,721.9246199195753,tree_cover,0.30920955853605075,low,random_forest-extended-v1-20260902
83704268_00_017,83704268,primary,Rannipool - Rumtek - Sirwani Road,SH1,1320.8709716796875,20.968278884887695,0.05516253039240837,745.1062499318642,tree_cover,0.30688047389987694,low,random_forest-extended-v1-20260902
83704268_00_018,83704268,primary,Rannipool - Rumtek - Sirwani Road,SH1,1358.9590454101562,20.994644165039062,0.05600963905453682,776.3985814423086,tree_cover,0.31862750033643533,low,random_forest-extended-v1-20260902
83704268_00_019,83704268,primary,Rannipool - Rumtek - Sirwani Road,SH1,1421.9849853515625,19.899381637573242,0.022800130769610405,746.8158649899173,tree_cover,0.3026690577898736,low,random_forest-extended-v1-20260902
83704268_00_020,83704268,primary,Rannipool - Rumtek - Sirwani Road,SH1,1444.250732421875,21.917200088500977,0.03434377163648605,721.9246199195753,tree_cover,0.3516794258088911,low,random_forest-extended-v1-20260902
83704268_00_021,83704268,primary,Rannipool - Rumtek - Sirwani Road,SH1,1445.5216064453125,23.640968322753906,-0.000172293177456595,601.1129450369226,tree_cover,0.2846978265088558,low,random_forest-extended-v1-20260902
83704268_00_022,83704268,primary,Rannipool - Rumtek - Sirwani Road,SH1,1438.540283203125,24.165599822998047,-0.02762433886528015,406.1275774695512,tree_cover,0.29435676418906287,low,random_forest-extended-v1-20260902
83704268_00_023,83704268,primary,Rannipool - Rumtek - Sirwani Road,SH1,1443.93896484375,25.91739273071289,-0.06558626890182495,210.26320860757602,tree_cover,0.3650337369362648,low,random_forest-extended-v1-20260902
83704268_00_024,83704268,primary,Rannipool - Rumtek - Sirwani Road,SH1,1404.4166259765625,24.02044677734375,-0.05151565745472908,130.39970636758034,tree_cover,0.37038863332179855,low,random_forest-extended-v1-20260902
83704268_00_025,83704268,primary,Rannipool - Rumtek - Sirwani Road,SH1,1431.386474609375,25.432172775268555,-0.05180281400680542,120.22258900738453,tree_cover,0.43632249296839726,moderate,random_forest-extended-v1-20260902
83704268_00_026,83704268,primary,Rannipool - Rumtek - Sirwani Road,SH1,1384.71728515625,24.819520950317383,-0.10171040147542953,116.63304307356871,tree_cover,0.41372297226583815,low,random_forest-extended-v1-20260902
83704268_00_027,83704268,primary,Rannipool - Rumtek - Sirwani Road,SH1,1352.1736450195312,24.375898361206055,-0.09694363176822662,293.03689405055025,tree_cover,0.29389055602408326,low,random_forest-extended-v1-20260902
83704268_00_028,83704268,primary,Rannipool - Rumtek - Sirwani Road,SH1,1402.636474609375,22.361528396606445,-0.007896770723164082,437.3739115258827,tree_cover,0.294318379248462,low,random_forest-extended-v1-20260902
83704268_00_029,83704268,primary,Rannipool - Rumtek - Sirwani Road,SH1,1381.0654296875,18.133312225341797,-0.012060522101819515,424.5506851483841,tree_cover,0.2589308211183118,low,random_forest-extended-v1-20260902
83704268_00_030,83704268,primary,Rannipool - Rumtek - Sirwani Road,SH1,1401.0590209960938,16.922584533691406,-0.002785406308248639,268.82588145153073,tree_cover,0.2768489160528918,low,random_forest-extended-v1-20260902
83704268_00_031,83704268,primary,Rannipool - Rumtek - Sirwani Road,SH1,1435.2068481445312,12.444921493530273,-0.038636744022369385,130.39970636758034,tree_cover,0.1973442566127895,low,random_forest-extended-v1-20260902
83704268_00_032,83704268,primary,Rannipool - Rumtek - Sirwani Road,SH1,1467.81396484375,13.183862686157227,-0.0718175396323204,105.13160430378801,tree_cover,0.22134295251739103,low,random_forest-extended-v1-20260902
83704268_00_033,83704268,primary,Rannipool - Rumtek - Sirwani Road,SH1,1502.243896484375,17.801551818847656,-0.11885357648134232,123.70802350161468,tree_cover,0.292560564048723,low,random_forest-extended-v1-20260902
83704268_00_034,83704268,primary,Rannipool - Rumtek - Sirwani Road,SH1,1505.228515625,24.830604553222656,-0.06389205157756805,212.27534257419205,tree_cover,0.3226497697657681,low,random_forest-extended-v1-20260902
83704268_00_035,83704268,primary,Rannipool - Rumtek - Sirwani Road,SH1,1474.06396484375,27.28021812438965,-0.0070783779956400394,351.11195479568335,tree_cover,0.43125059938795934,moderate,random_forest-extended-v1-20260902
83704268_00_036,83704268,primary,Rannipool - Rumtek - Sirwani Road,SH1,1470.6082153320312,29.425945281982422,-0.03352538123726845,360.66776702215355,tree_cover,0.46816961194986256,moderate,random_forest-extended-v1-20260902
83704268_00_037,83704268,primary,Rannipool - Rumtek - Sirwani Road,SH1,1566.6181640625,34.99142837524414,0.03526267036795616,389.01971986608265,tree_cover,0.6431516615132045,high,random_forest-extended-v1-20260902
83704268_00_038,83704268,primary,Rannipool - Rumtek - Sirwani Road,SH1,1686.8395385742188,37.214881896972656,0.10443837940692902,501.65768670191557,tree_cover,0.6423712209530463,high,random_forest-extended-v1-20260902
83704268_00_039,83704268,primary,Rannipool - Rumtek - Sirwani Road,SH1,1586.6320190429688,40.03767395019531,0.07715862989425659,468.80265372564065,tree_cover,0.6282667479320253,high,random_forest-extended-v1-20260902
83704268_00_040,83704268,primary,Rannipool - Rumtek - Sirwani Road,SH1,1596.1031494140625,36.0448112487793,0.16066338121891022,430.5165609894557,tree_cover,0.6339147944424373,high,random_forest-extended-v1-20260902
83704268_00_041,83704268,primary,Rannipool - Rumtek - Sirwani Road,SH1,1588.297119140625,29.390981674194336,0.12832969427108765,392.284278244487,tree_cover,0.49683130083720956,moderate,random_forest-extended-v1-20260902
83704268_00_042,83704268,primary,Rannipool - Rumtek - Sirwani Road,SH1,1585.6531982421875,24.706920623779297,0.06389205157756805,340.0408317556995,tree_cover,0.2870100444722942,low,random_forest-extended-v1-20260902
83704268_00_043,83704268,primary,Rannipool - Rumtek - Sirwani Road,SH1,1621.9454345703125,22.97750473022461,0.08465337753295898,291.58260768392176,tree_cover,0.2760447245802847,low,random_forest-extended-v1-20260902
83704268_00_044,83704268,primary,Rannipool - Rumtek - Sirwani Road,SH1,1611.927490234375,21.226486206054688,0.0499650202691555,268.82588145153073,tree_cover,0.2573443767336147,low,random_forest-extended-v1-20260902
83704268_00_045,83704268,primary,Rannipool - Rumtek - Sirwani Road,SH1,1549.6788330078125,20.062726974487305,0.029103189706802368,291.58260768392176,tree_cover,0.26707230114243247,low,random_forest-extended-v1-20260902
83704268_00_046,83704268,primary,Rannipool - Rumtek - Sirwani Road,SH1,1512.15625,18.454030990600586,-0.013209143653512001,291.58260768392176,tree_cover,0.2662371304386704,low,random_forest-extended-v1-20260902
83704268_00_047,83704268,primary,Rannipool - Rumtek - Sirwani Road,SH1,1514.0767822265625,18.477693557739258,-0.020646465942263603,262.4243469155296,tree_cover,0.2666996983181169,low,random_forest-extended-v1-20260902
83704268_00_048,83704268,primary,Rannipool - Rumtek - Sirwani Road,SH1,1473.5584106445312,17.733871459960938,-0.0008183926111087203,268.82588145153073,tree_cover,0.2877761088309959,low,random_forest-extended-v1-20260902
83704268_00_049,83704268,primary,Rannipool - Rumtek - Sirwani Road,SH1,1406.4095458984375,17.142475128173828,0.007379890885204077,386.2683809884938,tree_cover,0.25924619452061237,low,random_forest-extended-v1-20260902
83704268_00_050,83704268,primary,Rannipool - Rumtek - Sirwani Road,SH1,1344.82763671875,19.99297332763672,0.012003091163933277,373.40793249495863,tree_cover,0.24925488691392578,low,random_forest-extended-v1-20260902
83704268_00_051,83704268,primary,Rannipool - Rumtek - Sirwani Road,SH1,1309.5941772460938,19.449317932128906,0.006963515654206276,352.3206053745417,tree_cover,0.2596959811392786,low,random_forest-extended-v1-20260902
83704268_00_052,83704268,primary,Rannipool - Rumtek - Sirwani Road,SH1,1327.8018798828125,17.194042205810547,0.004795493558049202,309.95656361374915,tree_cover,0.256895743619326,low,random_forest-extended-v1-20260902
83704268_00_053,83704268,primary,Rannipool - Rumtek - Sirwani Road,SH1,1292.2158203125,17.504100799560547,0.008097779005765915,247.41604700322935,tree_cover,0.29647493642066736,low,random_forest-extended-v1-20260902
84626067_00_000,84626067,trunk,,NH10,587.2979125976562,28.674530029296875,-0.14543338119983673,145.79130384196088,tree_cover,0.42476562381043126,moderate,random_forest-extended-v1-20260902
84626067_00_001,84626067,trunk,,NH10,617.81787109375,32.21678161621094,-0.09665647149085999,157.02203972719624,tree_cover,0.5680785206977138,moderate,random_forest-extended-v1-20260902
84626067_00_002,84626067,trunk,,NH10,637.4472961425781,32.8564453125,-0.09005189687013626,186.70396624747931,tree_cover,0.5769575436992076,moderate,random_forest-extended-v1-20260902
84626067_00_003,84626067,trunk,,NH10,663.6519165039062,33.12533187866211,-0.09191840887069702,195.5995595513705,tree_cover,0.5446328903005155,moderate,random_forest-extended-v1-20260902
84626067_00_004,84626067,trunk,,NH10,673.7694396972656,34.6747932434082,-0.15747596323490143,186.70396624747931,tree_cover,0.558426895778345,moderate,random_forest-extended-v1-20260902
84626067_00_005,84626067,trunk,,NH10,675.5093994140625,32.15340042114258,-0.1040363609790802,145.79130384196088,tree_cover,0.5038294929918474,moderate,random_forest-extended-v1-20260902
84626067_00_006,84626067,trunk,,NH10,679.4325256347656,31.989898681640625,-0.18000328540802002,116.63304307356871,tree_cover,0.5434232088500341,moderate,random_forest-extended-v1-20260902
84626081_00_000,84626081,trunk,,NH10,577.2001953125,28.18096923828125,-0.10040384531021118,145.79130384196088,tree_cover,0.44031329849687223,moderate,random_forest-extended-v1-20260902
84626081_00_001,84626081,trunk,,NH10,559.6951293945312,27.110233306884766,-0.1049121841788292,130.39970636758034,tree_cover,0.40875814822455864,low,random_forest-extended-v1-20260902
84696281_00_000,84696281,trunk,,NH310,1841.2706909179688,23.06794548034668,0.014501342549920082,557.0677897964563,tree_cover,0.2522997005256252,low,random_forest-extended-v1-20260902
84696281_00_001,84696281,trunk,,NH310,1843.1488647460938,22.14400863647461,0.04653351381421089,598.2774908074114,tree_cover,0.24620089358460467,low,random_forest-extended-v1-20260902
84696282_00_000,84696282,primary,Gangtok - Assam - Pakyong Road,SH2,1676.35009765625,21.84360694885254,0.04554282873868942,594.7141625618347,tree_cover,0.28119741991758807,low,random_forest-extended-v1-20260902
84696283_00_000,84696283,primary,,,1711.5122680664062,21.828075408935547,0.04462393373250961,615.0941847487371,tree_cover,0.2847332138170991,low,random_forest-extended-v1-20260902
84696285_00_000,84696285,primary,Gangtok - Assam - Pakyong Road,SH2,1442.5381469726562,29.486637115478516,-0.06954900920391083,120.22258900738453,tree_cover,0.5045014162370346,moderate,random_forest-extended-v1-20260902
84696285_00_001,84696285,primary,Gangtok - Assam - Pakyong Road,SH2,1463.1556396484375,29.589000701904297,-0.051486942917108536,145.79130384196088,tree_cover,0.49420902764594604,moderate,random_forest-extended-v1-20260902
84696285_00_002,84696285,primary,Gangtok - Assam - Pakyong Road,SH2,1505.4085693359375,31.01259422302246,-0.023460587486624718,170.02041587784976,tree_cover,0.5567388675599338,moderate,random_forest-extended-v1-20260902
84696285_00_003,84696285,primary,Gangtok - Assam - Pakyong Road,SH2,1504.4027099609375,32.42238235473633,-0.007753192447125912,195.5995595513705,tree_cover,0.5957879181085958,high,random_forest-extended-v1-20260902
84696285_00_004,84696285,primary,Gangtok - Assam - Pakyong Road,SH2,1521.017578125,32.4632568359375,0.00956227071583271,186.70396624747931,tree_cover,0.6034291003509549,high,random_forest-extended-v1-20260902
84696285_00_005,84696285,primary,Gangtok - Assam - Pakyong Road,SH2,1553.47705078125,32.51123046875,-0.023460587486624718,235.08141380687945,tree_cover,0.6104074946130863,high,random_forest-extended-v1-20260902
84696285_00_006,84696285,primary,Gangtok - Assam - Pakyong Road,SH2,1561.771240234375,30.788589477539062,-0.031070202589035034,275.0784819325981,tree_cover,0.5652843486787913,moderate,random_forest-extended-v1-20260902
84696285_00_007,84696285,primary,Gangtok - Assam - Pakyong Road,SH2,1588.3541259765625,30.961294174194336,-0.050424471497535706,329.88806267097254,tree_cover,0.5669076973017698,moderate,random_forest-extended-v1-20260902
84696285_00_008,84696285,primary,Gangtok - Assam - Pakyong Road,SH2,1646.4854125976562,30.382686614990234,-0.02604498527944088,262.4243469155296,tree_cover,0.5515009092554249,moderate,random_forest-extended-v1-20260902
84696285_00_009,84696285,primary,Gangtok - Assam - Pakyong Road,SH2,1688.019775390625,28.493070602416992,-0.04071861878037453,157.02203972719624,tree_cover,0.5019145137448562,moderate,random_forest-extended-v1-20260902
84696285_00_010,84696285,primary,Gangtok - Assam - Pakyong Road,SH2,1725.2384643554688,29.777891159057617,0.0955222100019455,291.58260768392176,tree_cover,0.47027754929188,moderate,random_forest-extended-v1-20260902
84696285_00_011,84696285,primary,Gangtok - Assam - Pakyong Road,SH2,1722.2109375,29.958499908447266,0.03974229097366333,412.36007833871565,tree_cover,0.4756832940267202,moderate,random_forest-extended-v1-20260902
84696285_00_012,84696285,primary,Gangtok - Assam - Pakyong Road,SH2,1755.0062255859375,29.97513198852539,0.039570000022649765,414.41674984197584,tree_cover,0.4823288261549926,moderate,random_forest-extended-v1-20260902
84696285_00_013,84696285,primary,Gangtok - Assam - Pakyong Road,SH2,1725.796630859375,27.824199676513672,-0.035492394119501114,329.88806267097254,tree_cover,0.4865566958982149,moderate,random_forest-extended-v1-20260902
84696285_00_014,84696285,primary,Gangtok - Assam - Pakyong Road,SH2,1826.628662109375,28.913715362548828,-0.02056031860411167,250.82884335095778,tree_cover,0.44591027371446545,moderate,random_forest-extended-v1-20260902
84696285_00_015,84696285,primary,Gangtok - Assam - Pakyong Road,SH2,1815.319091796875,28.570911407470703,-0.09918344020843506,212.27534257419205,tree_cover,0.4550444708204637,moderate,random_forest-extended-v1-20260902
84696285_00_016,84696285,primary,Gangtok - Assam - Pakyong Road,SH2,1773.415771484375,28.323211669921875,-0.037703488022089005,227.73329671633672,tree_cover,0.47663664311908593,moderate,random_forest-extended-v1-20260902
84696285_00_017,84696285,primary,Gangtok - Assam - Pakyong Road,SH2,1777.3198852539062,31.093761444091797,-0.00992121547460556,307.1888716512526,tree_cover,0.5544362646491398,moderate,random_forest-extended-v1-20260902
84696285_00_018,84696285,primary,Gangtok - Assam - Pakyong Road,SH2,1774.6140747070312,30.260051727294922,-0.004264255985617638,325.9992659189508,tree_cover,0.5342514675944581,moderate,random_forest-extended-v1-20260902
84696285_00_019,84696285,primary,Gangtok - Assam - Pakyong Road,SH2,1826.0830078125,26.94456672668457,0.08057577162981033,380.1772074656567,tree_cover,0.40033020090079235,low,random_forest-extended-v1-20260902
84696285_00_020,84696285,primary,Gangtok - Assam - Pakyong Road,SH2,1791.0300903320312,27.34799575805664,0.01035194844007492,354.72555210128104,tree_cover,0.4355234575759661,moderate,random_forest-extended-v1-20260902
84696285_00_021,84696285,primary,Gangtok - Assam - Pakyong Road,SH2,1702.3238525390625,22.68210220336914,-0.005254941992461681,470.1628276137589,tree_cover,0.3054676555871018,low,random_forest-extended-v1-20260902
84994684_00_000,84994684,trunk,,NH710,723.3649291992188,22.806203842163086,0.08402163535356522,594.7141625618347,tree_cover,0.2305227495620484,low,random_forest-extended-v1-20260902
84994684_00_001,84994684,trunk,,NH710,698.1174926757812,23.751665115356445,0.08752493560314178,589.6893300326549,tree_cover,0.23640518855368114,low,random_forest-extended-v1-20260902
84994684_00_002,84994684,trunk,,NH710,666.1390686035156,24.224027633666992,0.1098368912935257,618.5401175080734,tree_cover,0.23397805109790057,low,random_forest-extended-v1-20260902
84994684_00_003,84994684,trunk,,NH710,721.3115844726562,24.16701889038086,0.12733902037143707,618.5401175080734,tree_cover,0.2285123158577534,low,random_forest-extended-v1-20260902
84994684_00_004,84994684,trunk,,NH710,688.2319641113281,25.076549530029297,0.12567350268363953,613.0173273232991,tree_cover,0.24633709379378776,low,random_forest-extended-v1-20260902
84994684_00_005,84994684,trunk,,NH710,611.022216796875,24.69598960876465,0.11806389689445496,589.6893300326549,tree_cover,0.23973239485046316,low,random_forest-extended-v1-20260902
84994684_00_006,84994684,trunk,,NH710,559.0534057617188,25.500736236572266,0.13103613257408142,496.54728838338445,tree_cover,0.31600255690289913,low,random_forest-extended-v1-20260902
84994684_00_007,84994684,trunk,,NH710,555.015625,26.181198120117188,0.062126047909259796,438.344776009123,tree_cover,0.38930317322128954,low,random_forest-extended-v1-20260902
84994684_00_008,84994684,trunk,,NH710,493.9185333251953,25.686214447021484,0.08136186003684998,379.05738998909834,tree_cover,0.3507562693348493,low,random_forest-extended-v1-20260902
84994684_00_009,84994684,trunk,,NH710,430.7158203125,26.123796463012695,0.036572813987731934,287.1755640555846,tree_cover,0.4068281709845737,low,random_forest-extended-v1-20260902
84994684_00_010,84994684,trunk,,NH710,407.81361389160156,25.019752502441406,0.030589215457439423,262.4243469155296,tree_cover,0.31346786020225886,low,random_forest-extended-v1-20260902
84994684_00_011,84994684,trunk,,NH710,448.8419189453125,23.90115737915039,0.08008760958909988,380.1772074656567,tree_cover,0.25213304109858026,low,random_forest-extended-v1-20260902
84994684_00_012,84994684,trunk,,NH710,392.4175720214844,24.38530158996582,0.056935716420412064,260.7994127351607,tree_cover,0.2835328191413023,low,random_forest-extended-v1-20260902
84994684_00_013,84994684,trunk,,NH710,381.1605529785156,25.871017456054688,0.022491438314318657,184.41303327450134,tree_cover,0.43109446351536207,moderate,random_forest-extended-v1-20260902
84994695_00_000,84994695,trunk,,NH710,773.0143432617188,22.709110260009766,0.11734601110219955,619.9131272274983,tree_cover,0.22906892225126949,low,random_forest-extended-v1-20260902
84994695_00_001,84994695,trunk,,NH710,817.9124755859375,24.453336715698242,0.10815703868865967,580.9742299809095,tree_cover,0.23764754946708447,low,random_forest-extended-v1-20260902
84994695_00_002,84994695,trunk,,NH710,858.1099853515625,24.402896881103516,0.09066928178071976,618.5401175080734,tree_cover,0.2424487374196613,low,random_forest-extended-v1-20260902
84994695_00_003,84994695,trunk,,NH710,888.3190612792969,23.760650634765625,0.018090782687067986,590.4097815292349,tree_cover,0.23445597688307132,low,random_forest-extended-v1-20260902
84994695_00_004,84994695,trunk,,NH710,935.2945556640625,26.420391082763672,0.008262893185019493,614.0557560360181,tree_cover,0.3164770434171931,low,random_forest-extended-v1-20260902
84994695_00_005,84994695,trunk,,NH710,954.0968017578125,25.33839988708496,0.04560026153922081,673.1707236377847,tree_cover,0.26294360352260016,low,random_forest-extended-v1-20260902
84994695_00_006,84994695,trunk,,NH710,992.6946105957031,24.712696075439453,0.06710819154977798,734.1862464237614,tree_cover,0.2944256158212407,low,random_forest-extended-v1-20260902
84994695_00_007,84994695,trunk,,NH710,1074.6948852539062,27.010345458984375,0.06706511974334717,756.4307021190222,tree_cover,0.36671637835816756,low,random_forest-extended-v1-20260902
84994695_00_008,84994695,trunk,,NH710,1133.6650390625,29.729290008544922,0.05895297974348068,721.9246199195753,tree_cover,0.4025360055690817,low,random_forest-extended-v1-20260902
84994695_00_009,84994695,trunk,,NH710,1091.9373779296875,26.754222869873047,0.08801309764385223,742.2481410096881,tree_cover,0.3558058561281496,low,random_forest-extended-v1-20260902
84994695_00_010,84994695,trunk,,NH710,1107.7645874023438,28.954612731933594,0.027308467775583267,627.0712838825038,tree_cover,0.3870571648968268,low,random_forest-extended-v1-20260902
84994695_00_011,84994695,trunk,,NH710,1204.33154296875,31.36253547668457,0.027164889499545097,396.5952239273039,tree_cover,0.567190783329163,moderate,random_forest-extended-v1-20260902
84994695_00_012,84994695,trunk,,NH710,1295.007080078125,31.428508758544922,0.10650590062141418,287.1755640555846,tree_cover,0.579510070690785,moderate,random_forest-extended-v1-20260902
84994695_00_013,84994695,trunk,,NH710,1264.9686889648438,31.897937774658203,0.07359790056943893,322.06351682017964,tree_cover,0.5677234466884045,moderate,random_forest-extended-v1-20260902
84994695_00_014,84994695,trunk,,NH710,1217.3407592773438,33.146060943603516,0.04973529651761055,453.59608617258715,tree_cover,0.5902234811673317,moderate,random_forest-extended-v1-20260902
84994695_00_015,84994695,trunk,,NH710,1253.3226318359375,32.79473114013672,0.04973529651761055,408.2156507574905,tree_cover,0.6145081895988386,high,random_forest-extended-v1-20260902
84994695_00_016,84994695,trunk,,NH710,1310.7352294921875,31.80807113647461,0.07443065196275711,360.66776702215355,tree_cover,0.5977610710156108,high,random_forest-extended-v1-20260902
84997650_00_000,84997650,secondary,,MDR,1003.4625854492188,20.0069580078125,0.053769826889038086,769.8001735601117,tree_cover,0.23305169274791865,low,random_forest-extended-v1-20260902
84997652_00_000,84997652,secondary,,MDR,979.8307800292969,18.931316375732422,0.09694363176822662,851.6009381717691,tree_cover,0.21624521699760876,low,random_forest-extended-v1-20260902
84997652_00_001,84997652,secondary,,MDR,1005.0740356445312,20.528879165649414,0.06712254881858826,767.0340842218098,tree_cover,0.2386679695354127,low,random_forest-extended-v1-20260902
84997652_00_002,84997652,secondary,,MDR,1009.9940795898438,21.800479888916016,0.043963473290205,661.0634946155362,tree_cover,0.20715894815747204,low,random_forest-extended-v1-20260902
84997652_00_003,84997652,secondary,,MDR,946.4141540527344,20.850311279296875,0.04865846037864685,743.3927032022933,tree_cover,0.22941561708104866,low,random_forest-extended-v1-20260902
84997652_00_004,84997652,secondary,,MDR,912.1268920898438,20.32282257080078,0.08285865932703018,873.7753404575615,tree_cover,0.2405607223632854,low,random_forest-extended-v1-20260902
84997652_00_005,84997652,secondary,,MDR,900.9756164550781,19.96181869506836,0.056540876626968384,908.1288707592286,tree_cover,0.24221856634900799,low,random_forest-extended-v1-20260902
84997652_00_006,84997652,secondary,,MDR,850.9598999023438,21.570287704467773,0.03481758013367653,789.4299572289681,tree_cover,0.2989548321504071,low,random_forest-extended-v1-20260902
84997653_00_000,84997653,secondary,,MDR,492.5572509765625,28.394620895385742,-0.018176930025219917,212.27534257419205,tree_cover,0.46949965086695633,moderate,random_forest-extended-v1-20260902
84997653_00_001,84997653,secondary,,MDR,499.8759765625,26.761171340942383,-0.0033597168512642384,240.44517801476906,tree_cover,0.4235755291927007,moderate,random_forest-extended-v1-20260902
84997653_00_002,84997653,secondary,,MDR,478.425048828125,24.479232788085938,0.04407115653157234,320.740868452314,tree_cover,0.2752173326271565,low,random_forest-extended-v1-20260902
84997653_00_003,84997653,secondary,,MDR,531.4739379882812,23.291324615478516,0.06707947701215744,379.05738998909834,tree_cover,0.23239961120640393,low,random_forest-extended-v1-20260902
84997653_00_004,84997653,secondary,,MDR,539.12060546875,23.734844207763672,0.054401569068431854,383.5170421109049,tree_cover,0.24170352225961855,low,random_forest-extended-v1-20260902
84997653_00_005,84997653,secondary,,MDR,596.5834655761719,25.74956512451172,0.025427600368857384,412.36007833871565,tree_cover,0.31630937549200017,low,random_forest-extended-v1-20260902
84997653_00_006,84997653,secondary,,MDR,614.6177062988281,25.125308990478516,0.037843480706214905,454.5313398026303,tree_cover,0.27993345857808966,low,random_forest-extended-v1-20260902
84997653_00_007,84997653,secondary,,MDR,659.7325134277344,22.77017593383789,0.04979272931814194,524.8486938310592,tree_cover,0.24383166574675802,low,random_forest-extended-v1-20260902
84997653_00_008,84997653,secondary,,MDR,710.28076171875,22.230012893676758,0.02277141436934471,655.250415012434,tree_cover,0.2255833027272243,low,random_forest-extended-v1-20260902
84997653_00_009,84997653,secondary,,MDR,715.5455932617188,22.604511260986328,0.0418098121881485,686.3039492490243,tree_cover,0.24042617130705396,low,random_forest-extended-v1-20260902
84997653_00_010,84997653,secondary,,MDR,732.9717407226562,22.951322555541992,0.06073334440588951,702.2239095913667,tree_cover,0.2761398653484587,low,random_forest-extended-v1-20260902
84997653_00_011,84997653,secondary,,MDR,783.3154296875,22.082521438598633,-0.0016942161601036787,785.1101986359812,tree_cover,0.30512180076192824,low,random_forest-extended-v1-20260902
84997653_00_012,84997653,secondary,,MDR,811.0115356445312,21.479570388793945,0.01487464364618063,828.8334996839517,tree_cover,0.28976435973552794,low,random_forest-extended-v1-20260902
84997653_00_013,84997653,secondary,,MDR,798.1956176757812,21.84018898010254,0.04166623204946518,709.4511042025621,tree_cover,0.2764586707303211,low,random_forest-extended-v1-20260902
84997653_00_014,84997653,secondary,,MDR,822.6722412109375,22.85674285888672,0.08311709761619568,583.1652153678435,tree_cover,0.23301803918975192,low,random_forest-extended-v1-20260902
117990869_00_000,117990869,tertiary,North Sikkim Highway,NH310AG,1776.521484375,33.20161437988281,-0.20690974593162537,116.63304307356871,tree_cover,0.5907281759493711,moderate,random_forest-extended-v1-20260902
117990869_00_001,117990869,tertiary,North Sikkim Highway,NH310AG,1767.7919311523438,36.45248794555664,-0.1797017753124237,105.13160430378801,tree_cover,0.6355402526247648,high,random_forest-extended-v1-20260902
117990869_00_002,117990869,tertiary,North Sikkim Highway,NH310AG,1765.9077758789062,38.128662109375,-0.13569523394107819,145.79130384196088,tree_cover,0.611778286136612,high,random_forest-extended-v1-20260902
117990869_00_003,117990869,tertiary,North Sikkim Highway,NH310AG,1688.2655029296875,37.055057525634766,-0.08419393002986908,186.70396624747931,tree_cover,0.6112742134373665,high,random_forest-extended-v1-20260902
117990869_00_004,117990869,tertiary,North Sikkim Highway,NH310AG,1646.654052734375,34.691402435302734,-0.11176083981990814,148.67854064045866,tree_cover,0.5970771684377804,high,random_forest-extended-v1-20260902
117990871_00_000,117990871,tertiary,,,2714.48046875,17.043182373046875,-0.03715789318084717,195.5995595513705,tree_cover,0.24962082630058138,low,random_forest-extended-v1-20260902
117990871_00_001,117990871,tertiary,,,2691.4791259765625,14.5283784866333,-0.03253469616174698,195.5995595513705,tree_cover,0.17564767963807573,low,random_forest-extended-v1-20260902
117990871_00_002,117990871,tertiary,,,2660.1826171875,13.193753242492676,-0.03310900181531906,145.79130384196088,tree_cover,0.17402096170605846,low,random_forest-extended-v1-20260902
117990879_00_000,117990879,tertiary,,,3100.5169677734375,15.953022003173828,-0.15526485443115234,145.79130384196088,tree_cover,0.19561883318883763,low,random_forest-extended-v1-20260902
117990879_00_001,117990879,tertiary,,,3100.1630859375,19.823589324951172,-0.17757682502269745,170.02041587784976,tree_cover,0.24392107916761996,low,random_forest-extended-v1-20260902
117990879_00_002,117990879,tertiary,,,3092.856689453125,23.808990478515625,-0.1350204199552536,186.70396624747931,tree_cover,0.27359059975461886,low,random_forest-extended-v1-20260902
117990879_00_003,117990879,tertiary,,,3064.48193359375,25.55795669555664,-0.1321488618850708,157.02203972719624,tree_cover,0.31226944049587135,low,random_forest-extended-v1-20260902
117990879_00_004,117990879,tertiary,,,3055.337158203125,21.965822219848633,-0.09688619524240494,184.41303327450134,tree_cover,0.2840777759564029,low,random_forest-extended-v1-20260902
117990879_00_005,117990879,tertiary,,,3032.3822021484375,21.332183837890625,-0.07072634994983673,164.94403133548627,tree_cover,0.27164126176051323,low,random_forest-extended-v1-20260902
117990879_00_006,117990879,tertiary,,,3027.36962890625,16.765750885009766,-0.11569486558437347,105.13160430378801,tree_cover,0.2916532074989775,low,random_forest-extended-v1-20260902
117990881_00_000,117990881,tertiary,,,3015.807861328125,14.562957763671875,-0.09269373118877411,87.47478230517653,tree_cover,0.23933369341182237,low,random_forest-extended-v1-20260902
117990884_00_000,117990884,tertiary,North Sikkim Highway,NH310AG,1960.099853515625,32.2879753112793,-0.16637776792049408,105.13160430378801,tree_cover,0.5522736080979072,moderate,random_forest-extended-v1-20260902
117990884_00_001,117990884,tertiary,North Sikkim Highway,NH310AG,1955.4808349609375,37.97146987915039,-0.19974522292613983,120.22258900738453,tree_cover,0.5755500181894747,moderate,random_forest-extended-v1-20260902
117990884_00_002,117990884,tertiary,North Sikkim Highway,NH310AG,1949.551025390625,39.340415954589844,-0.14914846420288086,123.70802350161468,tree_cover,0.5708884431312523,moderate,random_forest-extended-v1-20260902
117990884_00_003,117990884,tertiary,North Sikkim Highway,NH310AG,1933.479248046875,35.80068588256836,-0.17909875512123108,120.22258900738453,tree_cover,0.5820959005160474,moderate,random_forest-extended-v1-20260902
117990893_00_000,117990893,tertiary,,NH310A,2609.114501953125,18.798778533935547,-0.16896218061447144,92.20651663725067,tree_cover,0.3314167371872982,low,random_forest-extended-v1-20260902
117990894_00_000,117990894,tertiary,North Sikkim Highway,NH310AG,1877.1826171875,31.712308883666992,-0.1926811933517456,92.20651663725067,tree_cover,0.5674538283377242,moderate,random_forest-extended-v1-20260902
117990896_00_000,117990896,tertiary,North Sikkim Highway,NH310AG,1774.8446044921875,32.47681427001953,-0.2114611566066742,120.22258900738453,tree_cover,0.5806846739043335,moderate,random_forest-extended-v1-20260902
117990901_00_000,117990901,tertiary,North Sikkim Highway,NH310A,1624.4090576171875,31.958776473999023,-0.15059858560562134,145.79130384196088,tree_cover,0.5769357639538342,moderate,random_forest-extended-v1-20260902
117990903_00_000,117990903,tertiary,North Sikkim Highway,NH310AG,1843.345947265625,35.12434005737305,-0.2025306224822998,130.39970636758034,tree_cover,0.592832952415025,moderate,random_forest-extended-v1-20260902
117990904_00_000,117990904,tertiary,,,2667.6455078125,13.087972640991211,-0.07236313819885254,116.63304307356871,grassland,0.22964769652247408,low,random_forest-extended-v1-20260902
117990905_00_000,117990905,tertiary,,NH310A,2265.684814453125,38.930171966552734,-0.07293744385242462,130.39970636758034,tree_cover,0.4536517217556186,moderate,random_forest-extended-v1-20260902
117990906_00_000,117990906,tertiary,,,3043.3721923828125,17.35150146484375,-0.10940616577863693,105.13160430378801,tree_cover,0.31614872062415217,low,random_forest-extended-v1-20260902
117990907_00_000,117990907,tertiary,,,3424.8642578125,20.685768127441406,-0.046921174973249435,82.47201566774314,tree_cover,0.3724330476373821,low,random_forest-extended-v1-20260902
117990912_00_000,117990912,tertiary,,,4602.73095703125,17.321504592895508,-0.06834295392036438,145.79130384196088,bare_sparse_vegetation,0.3733031827788897,low,random_forest-extended-v1-20260902
117990914_00_000,117990914,tertiary,North Sikkim Highway,NH310A,1654.2120361328125,35.12336730957031,-0.1277410387992859,164.94403133548627,tree_cover,0.607286357519075,high,random_forest-extended-v1-20260902
117990915_00_000,117990915,tertiary,,,2671.458984375,19.105304718017578,-0.09269373118877411,92.20651663725067,grassland,0.4514254842795425,moderate,random_forest-extended-v1-20260902
117990920_00_000,117990920,tertiary,,,4548.682373046875,20.260478973388672,-0.048184655606746674,123.70802350161468,grassland,0.39589241611341425,low,random_forest-extended-v1-20260902
117990920_00_001,117990920,tertiary,,,4534.125,19.77031707763672,-0.05972830206155777,116.63304307356871,grassland,0.3724397199269573,low,random_forest-extended-v1-20260902
117990920_00_002,117990920,tertiary,,,4532.7314453125,19.699718475341797,-0.06403563171625137,120.22258900738453,grassland,0.3623699962782863,low,random_forest-extended-v1-20260902
117990920_00_003,117990920,tertiary,,,4486.115234375,23.774581909179688,-0.0869506224989891,123.70802350161468,grassland,0.46727967004314724,moderate,random_forest-extended-v1-20260902
117990920_00_004,117990920,tertiary,,,4479.99560546875,27.818660736083984,-0.05053932964801788,174.94956461035306,grassland,0.5137402193101024,moderate,random_forest-extended-v1-20260902
117990920_00_005,117990920,tertiary,,,4438.53955078125,30.210844039916992,-0.03216139227151871,177.36277605064052,grassland,0.5106759480950788,moderate,random_forest-extended-v1-20260902
117990920_00_006,117990920,tertiary,,,4407.767822265625,30.70932388305664,-0.05071162432432175,145.79130384196088,grassland,0.5095504267252629,moderate,random_forest-extended-v1-20260902
117990920_00_007,117990920,tertiary,,,4351.31640625,31.426860809326172,-0.10538598895072937,145.79130384196088,grassland,0.5181600387333481,moderate,random_forest-extended-v1-20260902
117990920_00_008,117990920,tertiary,,,4279.72119140625,30.003753662109375,-0.16172584891319275,116.63304307356871,grassland,0.5464291889804934,moderate,random_forest-extended-v1-20260902
117990920_00_009,117990920,tertiary,,,4291.806884765625,27.235065460205078,-0.14886130392551422,116.63304307356871,grassland,0.5411650104664245,moderate,random_forest-extended-v1-20260902
117990920_00_010,117990920,tertiary,,,4273.37548828125,25.881677627563477,-0.1581651270389557,116.63304307356871,grassland,0.5080158640961137,moderate,random_forest-extended-v1-20260902
117990920_00_011,117990920,tertiary,,,4255.903076171875,26.548179626464844,-0.16172584891319275,116.63304307356871,grassland,0.5194590572416333,moderate,random_forest-extended-v1-20260902
117990921_00_000,117990921,tertiary,,,3807.5733642578125,25.257328033447266,-0.04410704970359802,130.39970636758034,tree_cover,0.3342591258311117,low,random_forest-extended-v1-20260902
117990921_00_001,117990921,tertiary,,,3842.907470703125,25.435089111328125,-0.07908256351947784,145.79130384196088,grassland,0.5226388702580055,moderate,random_forest-extended-v1-20260902
117990921_00_002,117990921,tertiary,,,3850.02294921875,24.19243812561035,-0.06354746222496033,148.67854064045866,grassland,0.49406678245085667,moderate,random_forest-extended-v1-20260902
117990921_00_003,117990921,tertiary,,,3904.00341796875,24.06614875793457,-0.046634018421173096,174.94956461035306,grassland,0.48182341010487517,moderate,random_forest-extended-v1-20260902
117990921_00_004,117990921,tertiary,,,3972.9150390625,23.943721771240234,-0.05834995582699776,249.128289212088,grassland,0.4140400521289718,low,random_forest-extended-v1-20260902
117990921_00_005,117990921,tertiary,,,3920.636474609375,21.87632179260254,-0.06406434625387192,262.4243469155296,grassland,0.41462785987052325,low,random_forest-extended-v1-20260902
117990921_00_006,117990921,tertiary,,,3976.727294921875,21.10381317138672,-0.04847181215882301,325.9992659189508,grassland,0.34506385006492013,low,random_forest-extended-v1-20260902
117990921_00_007,117990921,tertiary,,,3988.2236328125,21.62958526611328,-0.03704303130507469,424.5506851483841,grassland,0.3714481154148582,low,random_forest-extended-v1-20260902
117990921_00_008,117990921,tertiary,,,4024.183837890625,22.135513305664062,-0.05898169428110123,536.8599323716959,grassland,0.3893152355916837,low,random_forest-extended-v1-20260902
117990921_00_009,117990921,tertiary,,,4046.03369140625,21.81220245361328,-0.038134220987558365,566.1510156143496,grassland,0.382826183047856,low,random_forest-extended-v1-20260902
117990921_00_010,117990921,tertiary,,,4085.703369140625,23.504323959350586,-0.04723704606294632,606.7441026159734,grassland,0.406821699977626,low,random_forest-extended-v1-20260902
117990921_00_011,117990921,tertiary,,,4097.358642578125,23.49024200439453,-0.038909539580345154,485.2901764690933,grassland,0.39884218173238456,low,random_forest-extended-v1-20260902
117990921_00_012,117990921,tertiary,,,4154.230224609375,23.281452178955078,-0.08887456357479095,249.128289212088,grassland,0.39217397155803924,low,random_forest-extended-v1-20260902
117990921_00_013,117990921,tertiary,,,4204.203125,20.821725845336914,-0.15247945487499237,116.63304307356871,grassland,0.4296313343413284,moderate,random_forest-extended-v1-20260902
117990923_00_000,117990923,tertiary,,,3457.281982421875,22.340538024902344,-0.03730147331953049,105.13160430378801,tree_cover,0.4106237144973254,low,random_forest-extended-v1-20260902
117990923_00_001,117990923,tertiary,,,3477.215087890625,22.11951446533203,-0.09832197427749634,87.47478230517653,tree_cover,0.4163974330741225,low,random_forest-extended-v1-20260902
117990923_00_002,117990923,tertiary,,,3513.487548828125,25.302518844604492,-0.09987261146306992,87.47478230517653,tree_cover,0.4006357381405861,low,random_forest-extended-v1-20260902
117990923_00_003,117990923,tertiary,,,3528.3931884765625,26.14945411682129,-0.12264402210712433,105.13160430378801,tree_cover,0.40865630480092907,low,random_forest-extended-v1-20260902
117990923_00_004,117990923,tertiary,,,3554.8016357421875,28.198810577392578,-0.12525713443756104,116.63304307356871,tree_cover,0.40603886599155076,low,random_forest-extended-v1-20260902
117990923_00_005,117990923,tertiary,,,3617.9576416015625,32.03670120239258,-0.10119352489709854,105.13160430378801,tree_cover,0.44647372057968093,moderate,random_forest-extended-v1-20260902
117990923_00_006,117990923,tertiary,,,3675.85693359375,28.0889892578125,-0.09352647513151169,105.13160430378801,tree_cover,0.4305153680910365,moderate,random_forest-extended-v1-20260902
117990923_00_007,117990923,tertiary,,,3690.3692626953125,27.223817825317383,-0.09530684351921082,87.47478230517653,tree_cover,0.4361776319557519,moderate,random_forest-extended-v1-20260902
117990923_00_008,117990923,tertiary,,,3721.9189453125,26.818031311035156,-0.07891027629375458,92.20651663725067,tree_cover,0.4081505928744205,low,random_forest-extended-v1-20260902
117990923_00_009,117990923,tertiary,,,3752.1575927734375,26.491687774658203,-0.07885284721851349,105.13160430378801,tree_cover,0.40535749301491175,low,random_forest-extended-v1-20260902
117990923_00_010,117990923,tertiary,,,3770.281005859375,26.13495635986328,-0.056971609592437744,116.63304307356871,tree_cover,0.3749968116528549,low,random_forest-extended-v1-20260902
117990923_00_011,117990923,tertiary,,,3795.1793212890625,25.492326736450195,-0.047552913427352905,120.22258900738453,tree_cover,0.3610825045695267,low,random_forest-extended-v1-20260902
117990924_00_000,117990924,tertiary,,NH310A,2623.9871826171875,19.912044525146484,-0.08893199265003204,105.13160430378801,grassland,0.48601392206220206,moderate,random_forest-extended-v1-20260902
117990924_00_001,117990924,tertiary,,NH310A,2645.51220703125,23.585872650146484,-0.06811323761940002,105.13160430378801,grassland,0.6514856844526302,high,random_forest-extended-v1-20260902
117990924_00_002,117990924,tertiary,,NH310A,2675.703369140625,27.03038787841797,-0.08827153593301773,105.13160430378801,grassland,0.7468815347388413,high,random_forest-extended-v1-20260902
117990924_00_003,117990924,tertiary,,NH310A,2696.17626953125,21.132564544677734,-0.11934173852205276,105.13160430378801,grassland,0.5941093784589424,moderate,random_forest-extended-v1-20260902
117990924_00_004,117990924,tertiary,,NH310A,2724.4609375,18.735721588134766,-0.08683575689792633,116.63304307356871,grassland,0.42923496904604963,moderate,random_forest-extended-v1-20260902
117990924_00_005,117990924,tertiary,,NH310A,2746.998291015625,18.6505126953125,-0.09194712340831757,116.63304307356871,grassland,0.4269878424239229,moderate,random_forest-extended-v1-20260902
117990924_00_006,117990924,tertiary,,NH310A,2776.342041015625,17.120851516723633,-0.12807126343250275,145.79130384196088,tree_cover,0.2623111045265455,low,random_forest-extended-v1-20260902
117990924_00_007,117990924,tertiary,,NH310A,2806.537109375,17.42725372314453,-0.1455877274274826,195.5995595513705,grassland,0.31086207308394637,low,random_forest-extended-v1-20260902
117990924_00_008,117990924,tertiary,,NH310A,2861.33740234375,21.264448165893555,-0.12577401101589203,170.02041587784976,tree_cover,0.26925681913650346,low,random_forest-extended-v1-20260902
117990924_00_009,117990924,tertiary,,NH310A,2881.677490234375,21.502073287963867,-0.1657460331916809,105.13160430378801,tree_cover,0.3737147243579559,low,random_forest-extended-v1-20260902
117990924_00_010,117990924,tertiary,,NH310A,2898.0029296875,21.290409088134766,-0.16551630198955536,105.13160430378801,tree_cover,0.3606303608196282,low,random_forest-extended-v1-20260902
117990924_00_011,117990924,tertiary,,NH310A,2912.7291259765625,15.845303535461426,-0.14366379380226135,89.8406494712136,tree_cover,0.2522470370080366,low,random_forest-extended-v1-20260902
117990924_00_012,117990924,tertiary,,NH310A,2960.0244140625,15.210519790649414,-0.09266501665115356,87.47478230517653,tree_cover,0.2576884689104858,low,random_forest-extended-v1-20260902
117990924_00_013,117990924,tertiary,,NH310A,2989.77734375,14.269850730895996,-0.06880240887403488,87.47478230517653,tree_cover,0.22336612680874127,low,random_forest-extended-v1-20260902
117990926_00_000,117990926,tertiary,,NH310A,2278.200927734375,37.07622528076172,-0.053353451192379,123.70802350161468,tree_cover,0.48698644713237343,moderate,random_forest-extended-v1-20260902
117990926_00_001,117990926,tertiary,,NH310A,2281.458984375,34.25189208984375,-0.0288303904235363,123.70802350161468,tree_cover,0.4794680550299583,moderate,random_forest-extended-v1-20260902
117990926_00_002,117990926,tertiary,,NH310A,2286.482666015625,34.184574127197266,-0.07293744385242462,130.39970636758034,tree_cover,0.4740107617683297,moderate,random_forest-extended-v1-20260902
117990926_00_003,117990926,tertiary,,NH310A,2302.4820556640625,32.856361389160156,-0.1526230424642563,145.79130384196088,tree_cover,0.4559086047915464,moderate,random_forest-extended-v1-20260902
117990926_00_004,117990926,tertiary,,NH310A,2320.598876953125,28.757844924926758,-0.12669292092323303,145.79130384196088,tree_cover,0.418918899365187,low,random_forest-extended-v1-20260902
117990926_00_005,117990926,tertiary,,NH310A,2329.085693359375,29.01984977722168,-0.14914846420288086,123.70802350161468,tree_cover,0.4220652441210479,low,random_forest-extended-v1-20260902
117990926_00_006,117990926,tertiary,,NH310A,2369.9248046875,28.380661010742188,-0.11468982696533203,123.70802350161468,tree_cover,0.4408267722657329,moderate,random_forest-extended-v1-20260902
117990926_00_007,117990926,tertiary,,NH310A,2393.787353515625,25.977863311767578,-0.06929057091474533,105.13160430378801,tree_cover,0.4492362971609027,moderate,random_forest-extended-v1-20260902
117990926_00_008,117990926,tertiary,,NH310A,2434.7598876953125,27.303653717041016,-0.081666961312294,98.66906047051934,tree_cover,0.46472098846022336,moderate,random_forest-extended-v1-20260902
117990926_00_009,117990926,tertiary,,NH310A,2454.288818359375,28.727272033691406,-0.033281296491622925,105.13160430378801,tree_cover,0.4566384522972523,moderate,random_forest-extended-v1-20260902
117990926_00_010,117990926,tertiary,,NH310A,2487.343017578125,28.988407135009766,-0.045485399663448334,87.47478230517653,tree_cover,0.4416600405472217,moderate,random_forest-extended-v1-20260902
117990939_00_000,117990939,tertiary,,NH310A,3361.3095703125,12.09323787689209,-0.02653314918279648,105.13160430378801,tree_cover,0.21540369690694566,low,random_forest-extended-v1-20260902
117990939_00_001,117990939,tertiary,,NH310A,3327.5029296875,12.5613431930542,-0.03420019522309303,82.47201566774314,tree_cover,0.23119054297390554,low,random_forest-extended-v1-20260902
117990939_00_002,117990939,tertiary,,NH310A,3289.567138671875,11.613279342651367,-0.0502234622836113,65.19985318379017,tree_cover,0.253215598978604,low,random_forest-extended-v1-20260902
117990939_00_003,117990939,tertiary,,NH310A,3265.871826171875,10.591529846191406,-0.05180281400680542,58.31652153678436,tree_cover,0.25588563195533537,low,random_forest-extended-v1-20260902
117990939_00_004,117990939,tertiary,,NH310A,3241.66650390625,10.361526489257812,-0.0562250055372715,65.19985318379017,tree_cover,0.2523006805636856,low,random_forest-extended-v1-20260902
117990939_00_005,117990939,tertiary,,NH310A,3224.81005859375,11.689315795898438,-0.09585243463516235,92.20651663725067,tree_cover,0.21115508921536205,low,random_forest-extended-v1-20260902
117990939_00_006,117990939,tertiary,,NH310A,3218.4764404296875,20.781707763671875,-0.12206971645355225,145.79130384196088,tree_cover,0.28145773467266916,low,random_forest-extended-v1-20260902
117990939_00_007,117990939,tertiary,,NH310A,3192.4901123046875,21.933544158935547,-0.15474799275398254,120.22258900738453,tree_cover,0.34750863522880887,low,random_forest-extended-v1-20260902
117990939_00_008,117990939,tertiary,,NH310A,3183.194580078125,22.409635543823242,-0.1513882726430893,123.70802350161468,tree_cover,0.34989165814570955,low,random_forest-extended-v1-20260902
117990939_00_009,117990939,tertiary,,NH310A,3174.701171875,21.832616806030273,-0.11779110133647919,145.79130384196088,tree_cover,0.31662525590297075,low,random_forest-extended-v1-20260902
117990939_00_010,117990939,tertiary,,NH310A,3132.7216796875,21.50532341003418,-0.11038248986005783,145.79130384196088,tree_cover,0.31402881788767784,low,random_forest-extended-v1-20260902
117990939_00_011,117990939,tertiary,,NH310A,3079.25537109375,18.091899871826172,-0.1254294365644455,120.22258900738453,tree_cover,0.2927178743317553,low,random_forest-extended-v1-20260902
117990939_00_012,117990939,tertiary,,NH310A,3044.68896484375,16.147502899169922,-0.14237159490585327,105.13160430378801,tree_cover,0.24563007704163833,low,random_forest-extended-v1-20260902
117990939_00_013,117990939,tertiary,,NH310A,3014.6007080078125,14.120677947998047,-0.09837940335273743,87.47478230517653,tree_cover,0.21629712938104823,low,random_forest-extended-v1-20260902
117990942_00_000,117990942,tertiary,,NH310A,1684.368896484375,36.421730041503906,-0.1263483315706253,186.70396624747931,tree_cover,0.6144471821459326,high,random_forest-extended-v1-20260902
117990942_00_001,117990942,tertiary,,NH310A,1736.890869140625,37.70353317260742,-0.2147921621799469,206.18003916935783,tree_cover,0.619095104626476,high,random_forest-extended-v1-20260902
117990942_00_002,117990942,tertiary,,NH310A,1750.0474853515625,36.16127395629883,-0.25826746225357056,170.02041587784976,tree_cover,0.6142262805264752,high,random_forest-extended-v1-20260902
117990942_00_003,117990942,tertiary,,NH310A,1756.701171875,36.10300064086914,-0.24724070727825165,164.94403133548627,tree_cover,0.6135615239522038,high,random_forest-extended-v1-20260902
117990942_00_004,117990942,tertiary,,NH310A,1760.7097778320312,37.024330139160156,-0.24233034253120422,206.18003916935783,tree_cover,0.6175642968739306,high,random_forest-extended-v1-20260902
117990942_00_005,117990942,tertiary,,NH310A,1768.7720947265625,37.291954040527344,-0.22047783434391022,186.70396624747931,tree_cover,0.6198805293259113,high,random_forest-extended-v1-20260902
117990942_00_006,117990942,tertiary,,NH310A,1794.626708984375,35.724178314208984,-0.21680223941802979,145.79130384196088,tree_cover,0.6051098186974275,high,random_forest-extended-v1-20260902
117990942_00_007,117990942,tertiary,,NH310A,1854.5812377929688,33.662132263183594,-0.11520670354366302,105.13160430378801,tree_cover,0.6008490418150582,high,random_forest-extended-v1-20260902
117990942_00_008,117990942,tertiary,,NH310A,1902.667724609375,32.39857864379883,-0.08410778641700745,105.13160430378801,tree_cover,0.5694849758594881,moderate,random_forest-extended-v1-20260902
117990942_00_009,117990942,tertiary,,NH310A,1914.5704345703125,34.386356353759766,-0.07888156175613403,105.13160430378801,tree_cover,0.5835966221850769,moderate,random_forest-extended-v1-20260902
117990942_00_010,117990942,tertiary,,NH310A,1924.9591064453125,36.13108825683594,-0.19012551009655,145.79130384196088,tree_cover,0.5875238635077747,moderate,random_forest-extended-v1-20260902
117990942_00_011,117990942,tertiary,,NH310A,1989.2415161132812,37.64908981323242,-0.196945458650589,145.79130384196088,tree_cover,0.571048059598201,moderate,random_forest-extended-v1-20260902
117990943_00_000,117990943,tertiary,,,2743.1513671875,21.734054565429688,-0.036066703498363495,170.02041587784976,tree_cover,0.28424888504414614,low,random_forest-extended-v1-20260902
117990946_00_000,117990946,tertiary,North Sikkim Highway,NH310AG,1821.6861572265625,34.54415512084961,-0.1907859742641449,145.79130384196088,tree_cover,0.5830081374870789,moderate,random_forest-extended-v1-20260902
117990949_00_000,117990949,tertiary,,,2676.78564453125,11.642614364624023,-0.04772520810365677,116.63304307356871,grassland,0.22927122114599868,low,random_forest-extended-v1-20260902
117990949_00_001,117990949,tertiary,,,2700.4788818359375,12.00644302368164,-0.04473879188299179,130.39970636758034,grassland,0.21468996712788907,low,random_forest-extended-v1-20260902
117990949_00_002,117990949,tertiary,,,2748.02587890625,18.38026237487793,-0.05059676244854927,145.79130384196088,grassland,0.35652567053278533,low,random_forest-extended-v1-20260902
117990949_00_003,117990949,tertiary,,,2791.6802978515625,22.89468765258789,-0.03787578269839287,174.94956461035306,grassland,0.5253595971594447,moderate,random_forest-extended-v1-20260902
117990949_00_004,117990949,tertiary,,,2819.2147216796875,23.329303741455078,-0.03661229833960533,148.67854064045866,grassland,0.534550628499912,moderate,random_forest-extended-v1-20260902
117990949_00_005,117990949,tertiary,,,2829.625732421875,24.57307243347168,-0.02860066667199135,170.02041587784976,grassland,0.5409872639864628,moderate,random_forest-extended-v1-20260902
117990949_00_006,117990949,tertiary,,,2822.8968505859375,24.915340423583984,-0.01834922283887863,240.44517801476906,grassland,0.5623578753476663,moderate,random_forest-extended-v1-20260902
117990949_00_007,117990949,tertiary,,,2840.1004638671875,25.50796127319336,-0.013209143653512001,233.26608614713743,grassland,0.5988048797160914,high,random_forest-extended-v1-20260902
117990949_00_008,117990949,tertiary,,,2857.212646484375,26.732349395751953,-0.04858667403459549,233.26608614713743,grassland,0.6381887742986629,high,random_forest-extended-v1-20260902
117990949_00_009,117990949,tertiary,,,2863.6435546875,26.004220962524414,-0.021421784535050392,206.18003916935783,grassland,0.6064785920545287,high,random_forest-extended-v1-20260902
117990949_00_010,117990949,tertiary,,,2898.66845703125,24.534439086914062,-0.04674888029694557,206.18003916935783,grassland,0.5148885105838231,moderate,random_forest-extended-v1-20260902
117990949_00_011,117990949,tertiary,,,2934.697998046875,27.439666748046875,-0.03445863351225853,222.06269817368786,grassland,0.6608382497547683,high,random_forest-extended-v1-20260902
117990949_00_012,117990949,tertiary,,,2974.2451171875,28.521223068237305,-0.062255267053842545,206.18003916935783,tree_cover,0.35821832230039513,low,random_forest-extended-v1-20260902
117990949_00_013,117990949,tertiary,,,2997.35791015625,27.905532836914062,-0.014702350832521915,222.06269817368786,grassland,0.6863465335443285,high,random_forest-extended-v1-20260902
117990949_00_014,117990949,tertiary,,,3007.192138671875,28.16862678527832,-0.07155910134315491,186.70396624747931,grassland,0.6981308050464918,high,random_forest-extended-v1-20260902
117990949_00_015,117990949,tertiary,,,3054.9697265625,30.75181770324707,-0.12393622100353241,145.79130384196088,grassland,0.6977632018780522,high,random_forest-extended-v1-20260902
117990949_00_016,117990949,tertiary,,,3139.2662353515625,33.60597229003906,-0.13987334072589874,233.26608614713743,grassland,0.7129851723107482,high,random_forest-extended-v1-20260902
117990949_00_017,117990949,tertiary,,,3222.7490234375,27.582622528076172,-0.09717334806919098,145.79130384196088,tree_cover,0.39297976004113894,low,random_forest-extended-v1-20260902
117990949_00_018,117990949,tertiary,,,3253.6845703125,29.92127227783203,-0.07560798525810242,164.94403133548627,tree_cover,0.3750719858874851,low,random_forest-extended-v1-20260902
117990949_00_019,117990949,tertiary,,,3263.916259765625,29.677295684814453,-0.09341161698102951,164.94403133548627,tree_cover,0.37935341809975487,low,random_forest-extended-v1-20260902
117990949_00_020,117990949,tertiary,,,3293.90966796875,28.47098159790039,-0.09837940335273743,120.22258900738453,tree_cover,0.39949022729447825,low,random_forest-extended-v1-20260902
117990949_00_021,117990949,tertiary,,,3323.45458984375,32.102394104003906,-0.04944813996553421,177.36277605064052,tree_cover,0.4227355567571215,low,random_forest-extended-v1-20260902
117990949_00_022,117990949,tertiary,,,3346.236328125,32.13555145263672,-0.032218821346759796,164.94403133548627,tree_cover,0.4221672016070885,low,random_forest-extended-v1-20260902
117990949_00_023,117990949,tertiary,,,3358.135009765625,29.898231506347656,-0.09476124495267868,116.63304307356871,tree_cover,0.4013229050582114,low,random_forest-extended-v1-20260902
117990949_00_024,117990949,tertiary,,,3383.166015625,33.05083465576172,-0.02974928729236126,148.67854064045866,tree_cover,0.4330920989362443,moderate,random_forest-extended-v1-20260902
117990949_00_025,117990949,tertiary,,,3398.39208984375,29.17691993713379,-0.10119352489709854,105.13160430378801,tree_cover,0.4114150592684694,low,random_forest-extended-v1-20260902
117990950_00_000,117990950,tertiary,North Sikkim Highway,NH310AG,1897.1637573242188,33.979278564453125,-0.1271236538887024,123.70802350161468,tree_cover,0.5669885893893741,moderate,random_forest-extended-v1-20260902
117990950_00_001,117990950,tertiary,North Sikkim Highway,NH310AG,1889.2310791015625,35.90629196166992,-0.07006589323282242,170.02041587784976,tree_cover,0.5801408826559533,moderate,random_forest-extended-v1-20260902
129502020_00_000,129502020,tertiary,,,1536.3694458007812,30.379714965820312,0.039124906063079834,281.8975569836683,tree_cover,0.5638869509828549,moderate,random_forest-extended-v1-20260902
129502021_00_000,129502021,tertiary,,,1590.345703125,27.03423309326172,-0.1006479263305664,145.79130384196088,tree_cover,0.47424329654540714,moderate,random_forest-extended-v1-20260902
129502022_00_000,129502022,tertiary,,,1573.0330810546875,25.219697952270508,-0.09797738492488861,145.79130384196088,tree_cover,0.39914684136810424,low,random_forest-extended-v1-20260902
129502023_00_000,129502023,tertiary,,,1232.504638671875,20.87684440612793,0.008413650095462799,222.06269817368786,tree_cover,0.2660752490045384,low,random_forest-extended-v1-20260902
129502023_00_001,129502023,tertiary,,,1277.6988525390625,22.583227157592773,-0.03497551381587982,177.36277605064052,tree_cover,0.34666612427703275,low,random_forest-extended-v1-20260902
129502023_00_002,129502023,tertiary,,,1325.7845458984375,23.95437240600586,-0.00011486211587907746,130.39970636758034,tree_cover,0.35552964281388894,low,random_forest-extended-v1-20260902
129502024_00_000,129502024,tertiary,,,1450.0291137695312,29.832923889160156,0.010552956722676754,235.08141380687945,tree_cover,0.4666686558296099,moderate,random_forest-extended-v1-20260902
129502024_00_001,129502024,tertiary,,,1422.3955078125,28.347496032714844,-0.04473879560828209,195.5995595513705,tree_cover,0.47367577398294014,moderate,random_forest-extended-v1-20260902
129502024_00_002,129502024,tertiary,,,1542.5050048828125,26.903057098388672,-0.03282184898853302,233.26608614713743,tree_cover,0.4426952410273433,moderate,random_forest-extended-v1-20260902
129502024_00_003,129502024,tertiary,,,1569.640625,23.549907684326172,-0.07072634994983673,240.44517801476906,tree_cover,0.3121647848368424,low,random_forest-extended-v1-20260902
129502024_00_004,129502024,tertiary,,,1531.1618041992188,22.604156494140625,-0.02311599999666214,293.03689405055025,tree_cover,0.3194460955092543,low,random_forest-extended-v1-20260902
129502024_00_005,129502024,tertiary,,,1533.846923828125,28.161388397216797,-0.014285976067185402,309.95656361374915,tree_cover,0.49863669001499894,moderate,random_forest-extended-v1-20260902
129502024_00_006,129502024,tertiary,,,1575.6202392578125,31.423294067382812,0.0014932075282558799,247.41604700322935,tree_cover,0.596779537552213,high,random_forest-extended-v1-20260902
129502024_00_007,129502024,tertiary,,,1637.9677734375,27.872365951538086,-0.047409337013959885,235.08141380687945,tree_cover,0.5051645708956225,moderate,random_forest-extended-v1-20260902
129502024_00_008,129502024,tertiary,,,1690.203369140625,25.675710678100586,-0.041063208132982254,235.08141380687945,tree_cover,0.3959478825905653,low,random_forest-extended-v1-20260902
129502024_00_009,129502024,tertiary,,,1727.3670654296875,26.95125961303711,-0.052549418061971664,148.67854064045866,tree_cover,0.4568275308285519,moderate,random_forest-extended-v1-20260902
129502026_00_000,129502026,tertiary,,,1573.240234375,28.342348098754883,-0.03997201472520828,195.5995595513705,tree_cover,0.5100714793235674,moderate,random_forest-extended-v1-20260902
129502029_00_000,129502029,tertiary,,,1585.7933959960938,26.236236572265625,-0.0915163904428482,148.67854064045866,tree_cover,0.47706753084474685,moderate,random_forest-extended-v1-20260902
129509882_00_000,129509882,tertiary,,,1326.4002685546875,23.824359893798828,-0.038277801126241684,123.70802350161468,tree_cover,0.35959192909061977,low,random_forest-extended-v1-20260902
129509885_00_000,129509885,tertiary,,,1316.2955932617188,23.517820358276367,-0.025944480672478676,123.70802350161468,tree_cover,0.35603249681435656,low,random_forest-extended-v1-20260902
129509886_00_000,129509886,tertiary,,,1334.8535766601562,24.267457962036133,0.018076425418257713,116.63304307356871,tree_cover,0.36265885573821677,low,random_forest-extended-v1-20260902
129509888_00_000,129509888,tertiary,,,1313.8426513671875,24.088756561279297,-0.012491255067288876,170.02041587784976,tree_cover,0.3092594243765023,low,random_forest-extended-v1-20260902
129509888_00_001,129509888,tertiary,,,1278.0115356445312,22.612890243530273,0.002268526703119278,240.44517801476906,tree_cover,0.3289041735781144,low,random_forest-extended-v1-20260902
129509888_00_002,129509888,tertiary,,,1276.4671630859375,21.596101760864258,0.018808672204613686,264.0392812160338,tree_cover,0.2923635890662009,low,random_forest-extended-v1-20260902
129509888_00_003,129509888,tertiary,,,1306.06640625,21.569040298461914,0.01198873296380043,297.3570812809173,tree_cover,0.2759328812851699,low,random_forest-extended-v1-20260902
129509888_00_004,129509888,tertiary,,,1289.5140991210938,22.697834014892578,-0.11609688401222229,177.36277605064052,tree_cover,0.34670646190715493,low,random_forest-extended-v1-20260902
129509888_00_005,129509888,tertiary,,,1323.89892578125,25.878597259521484,-0.13493427634239197,145.79130384196088,tree_cover,0.4034456903441283,low,random_forest-extended-v1-20260902
129509888_00_006,129509888,tertiary,,,1322.91943359375,25.090656280517578,-0.10927695035934448,123.70802350161468,tree_cover,0.4012181593075283,low,random_forest-extended-v1-20260902
129509888_00_007,129509888,tertiary,,,1301.5597534179688,20.901981353759766,-0.10845855623483658,116.63304307356871,tree_cover,0.3273628452662102,low,random_forest-extended-v1-20260902
129509888_00_008,129509888,tertiary,,,1306.54052734375,18.352066040039062,-0.0545307882130146,170.02041587784976,tree_cover,0.2800556032445087,low,random_forest-extended-v1-20260902
129509888_00_009,129509888,tertiary,,,1339.064453125,17.555051803588867,-0.037358902394771576,383.5170421109049,tree_cover,0.2586929553937658,low,random_forest-extended-v1-20260902
129509888_00_010,129509888,tertiary,,,1357.2659912109375,17.528160095214844,0.0029864150565117598,600.4053368516346,tree_cover,0.2512297358011574,low,random_forest-extended-v1-20260902
129509888_00_011,129509888,tertiary,,,1324.4443359375,18.633474349975586,0.004651915747672319,670.6399976730202,tree_cover,0.258655026335261,low,random_forest-extended-v1-20260902
129636077_00_000,129636077,trunk,,NH10,942.49462890625,22.433170318603516,-0.06644773483276367,164.94403133548627,tree_cover,0.19937633941130725,low,random_forest-extended-v1-20260902
129636080_00_000,129636080,trunk,,NH10,929.6216735839844,21.63705825805664,-0.06699332594871521,145.79130384196088,tree_cover,0.19858397302160077,low,random_forest-extended-v1-20260902
129636086_00_000,129636086,primary,Rannipool - Rumtek - Sirwani Road,SH1,939.1278381347656,22.16970443725586,-0.07205444574356079,145.79130384196088,tree_cover,0.20648963236003526,low,random_forest-extended-v1-20260902
129636092_00_000,129636092,primary,Rannipool - Rumtek - Sirwani Road,SH1,932.2667846679688,21.764144897460938,-0.058321237564086914,145.79130384196088,tree_cover,0.20099154226449245,low,random_forest-extended-v1-20260902
129678883_00_000,129678883,tertiary,,,1560.908203125,28.517786026000977,0.09677132964134216,804.3664427110209,tree_cover,0.5149132449067899,moderate,random_forest-extended-v1-20260902
129678883_00_001,129678883,tertiary,,,1636.1102294921875,22.902952194213867,0.12488383799791336,760.3544149313134,tree_cover,0.390827959579561,low,random_forest-extended-v1-20260902
129678887_00_000,129678887,tertiary,,,1461.9769287109375,28.9609432220459,0.030151305720210075,785.1101986359812,tree_cover,0.46192164531375035,moderate,random_forest-extended-v1-20260902
129735611_00_000,129735611,trunk,,NH10,925.2201538085938,19.701448440551758,-0.01280712615698576,145.79130384196088,tree_cover,0.1569318388130297,low,random_forest-extended-v1-20260902
129776806_00_000,129776806,trunk,,NH310,2361.19580078125,31.20183563232422,-0.01975628361105919,496.1188607230257,tree_cover,0.479309727600671,moderate,random_forest-extended-v1-20260902
129776806_00_001,129776806,trunk,,NH310,2378.966552734375,29.15945816040039,0.03847881034016609,642.1440827051323,tree_cover,0.4122766691462801,low,random_forest-extended-v1-20260902
129776806_00_002,129776806,trunk,,NH310,2381.1324462890625,28.841876983642578,0.06027389317750931,638.1583055658984,tree_cover,0.4162154711443845,low,random_forest-extended-v1-20260902
129776806_00_003,129776806,trunk,,NH310,2364.779296875,29.720579147338867,0.04600227624177933,528.0785624320677,tree_cover,0.4394265975131274,moderate,random_forest-extended-v1-20260902
129776806_00_004,129776806,trunk,,NH310,2354.3701171875,27.75881004333496,0.017286747694015503,613.0173273232991,tree_cover,0.4291394088817615,moderate,random_forest-extended-v1-20260902
129776806_00_005,129776806,trunk,,NH310,2332.4425048828125,25.00324821472168,0.046978604048490524,705.8467569012479,tree_cover,0.3099485923902023,low,random_forest-extended-v1-20260902
129776806_00_006,129776806,trunk,,NH310,2305.14111328125,25.134891510009766,0.07876669615507126,668.4140460970418,tree_cover,0.29575609405534525,low,random_forest-extended-v1-20260902
129776806_00_007,129776806,trunk,,NH310,2226.157958984375,25.275869369506836,0.1258314549922943,601.1129450369226,tree_cover,0.2978285797853162,low,random_forest-extended-v1-20260902
129776806_00_008,129776806,trunk,,NH310,2180.09765625,26.759313583374023,0.09820710867643356,550.1569638651962,tree_cover,0.37734079698298,low,random_forest-extended-v1-20260902
129776806_00_009,129776806,trunk,,NH310,2211.54443359375,23.776432037353516,0.0024121045134961605,495.690433062667,tree_cover,0.2509244462426606,low,random_forest-extended-v1-20260902
129776807_00_000,129776807,trunk,,NH310,1757.368408203125,28.75394058227539,0.09344033151865005,116.63304307356871,tree_cover,0.5091668870767767,moderate,random_forest-extended-v1-20260902
129776808_00_000,129776808,unclassified,,NH310,2436.2889404296875,35.49071502685547,-0.02239811234176159,340.0408317556995,tree_cover,0.4997292615551673,moderate,random_forest-extended-v1-20260902
129776811_00_000,129776811,trunk,,NH310,1966.336181640625,28.153274536132812,0.09200455248355865,461.03258318625336,tree_cover,0.4478069174119882,moderate,random_forest-extended-v1-20260902
129776811_00_001,129776811,trunk,,NH310,2000.808349609375,29.287235260009766,0.024221548810601234,412.36007833871565,tree_cover,0.4424321774280162,moderate,random_forest-extended-v1-20260902
129776811_00_002,129776811,trunk,,NH310,2084.757080078125,30.72679901123047,-0.030065158382058144,412.36007833871565,tree_cover,0.5195231280717124,moderate,random_forest-extended-v1-20260902
129776811_00_003,129776811,trunk,,NH310,2040.6615600585938,28.94771957397461,-0.04597356170415878,471.06611918158865,tree_cover,0.44286730690138276,moderate,random_forest-extended-v1-20260902
129776811_00_004,129776811,trunk,,NH310,2036.2904052734375,29.133468627929688,0.08063320815563202,466.53217229427486,tree_cover,0.4484861519489277,moderate,random_forest-extended-v1-20260902
129776811_00_005,129776811,trunk,,NH310,2100.8717041015625,26.662418365478516,0.05829252302646637,444.1253963473757,tree_cover,0.3986119776416818,low,random_forest-extended-v1-20260902
129776811_00_006,129776811,trunk,,NH310,2179.40234375,23.763988494873047,-0.015750467777252197,437.8593437675029,tree_cover,0.26762800997867203,low,random_forest-extended-v1-20260902
129776812_00_000,129776812,primary,,,1841.6878662109375,28.255672454833984,0.09553655982017517,145.79130384196088,tree_cover,0.4859216335941052,moderate,random_forest-extended-v1-20260902
129776815_00_000,129776815,primary,,,1843.906005859375,28.151592254638672,-0.005628243554383516,177.36277605064052,tree_cover,0.46532112067012366,moderate,random_forest-extended-v1-20260902
129776816_00_000,129776816,trunk,Lower Burtuk Road,NH310,1681.38330078125,26.707366943359375,-0.0038478809874504805,130.39970636758034,tree_cover,0.4833817952533205,moderate,random_forest-extended-v1-20260902
129776816_00_001,129776816,trunk,Lower Burtuk Road,NH310,1603.1350708007812,23.894372940063477,-0.0023546733427792788,222.06269817368786,tree_cover,0.3010244343325011,low,random_forest-extended-v1-20260902
129776816_00_002,129776816,trunk,Lower Burtuk Road,NH310,1600.7095947265625,22.980972290039062,-0.0069778733886778355,250.82884335095778,tree_cover,0.31702739123591733,low,random_forest-extended-v1-20260902
129776816_00_003,129776816,trunk,Lower Burtuk Road,NH310,1613.8065795898438,22.3416690826416,-0.06010160222649574,206.18003916935783,tree_cover,0.3087604136726923,low,random_forest-extended-v1-20260902
129776816_00_004,129776816,trunk,Lower Burtuk Road,NH310,1601.095458984375,21.924285888671875,-0.019497843459248543,276.619549911752,tree_cover,0.3076150529693237,low,random_forest-extended-v1-20260902
129776816_00_005,129776816,trunk,Lower Burtuk Road,NH310,1514.270751953125,21.64440155029297,0.005010860040783882,309.95656361374915,tree_cover,0.2735984154009813,low,random_forest-extended-v1-20260902
129776817_00_000,129776817,unclassified,,NH310,2384.85986328125,34.2402229309082,-0.025786545127630234,379.05738998909834,tree_cover,0.49692435230640236,moderate,random_forest-extended-v1-20260902
129776817_00_001,129776817,unclassified,,NH310,2301.162109375,32.551490783691406,-0.035722117871046066,414.41674984197584,tree_cover,0.5027655105986344,moderate,random_forest-extended-v1-20260902
129776817_00_002,129776817,unclassified,,NH310,2359.476806640625,28.96893882751465,-0.10492654144763947,461.03258318625336,tree_cover,0.4062917843326233,low,random_forest-extended-v1-20260902
129776817_00_003,129776817,unclassified,,NH310,2450.608154296875,28.05858039855957,-0.03658358380198479,391.199119102741,tree_cover,0.40758951981310493,low,random_forest-extended-v1-20260902
129842066_00_000,129842066,primary,Gangtok - Assam - Pakyong Road,SH2,1465.8738403320312,22.80426788330078,-0.004537053406238556,123.70802350161468,tree_cover,0.38432682551432945,low,random_forest-extended-v1-20260902
129842074_00_000,129842074,primary,Gangtok - Assam - Pakyong Road,SH2,1495.9688720703125,30.067337036132812,-0.04712218418717384,116.63304307356871,tree_cover,0.5320626001798495,moderate,random_forest-extended-v1-20260902
129842075_00_000,129842075,primary,Gangtok - Assam - Pakyong Road,SH2,1463.0577392578125,22.757368087768555,-0.035004228353500366,123.70802350161468,tree_cover,0.387359827354155,low,random_forest-extended-v1-20260902
129842079_00_000,129842079,primary,Gangtok - Assam - Pakyong Road,SH2,1496.91943359375,30.7700252532959,-0.033941756933927536,130.39970636758034,tree_cover,0.5600484340945535,moderate,random_forest-extended-v1-20260902
129842079_00_001,129842079,primary,Gangtok - Assam - Pakyong Road,SH2,1450.1199340820312,33.34067153930664,-0.040072523057460785,195.5995595513705,tree_cover,0.604947182609908,high,random_forest-extended-v1-20260902
129842079_00_002,129842079,primary,Gangtok - Assam - Pakyong Road,SH2,1430.671142578125,31.319814682006836,-0.015678679570555687,291.58260768392176,tree_cover,0.5725146870872552,moderate,random_forest-extended-v1-20260902
129842079_00_003,129842079,primary,Gangtok - Assam - Pakyong Road,SH2,1433.3515625,28.13623046875,-0.08092036098241806,309.95656361374915,tree_cover,0.46236760504846103,moderate,random_forest-extended-v1-20260902
129842079_00_004,129842079,primary,Gangtok - Assam - Pakyong Road,SH2,1479.1830444335938,25.609683990478516,-0.021780729293823242,415.949755020083,tree_cover,0.366373492450696,low,random_forest-extended-v1-20260902
129842079_00_005,129842079,primary,Gangtok - Assam - Pakyong Road,SH2,1499.195556640625,26.575702667236328,0.017229316756129265,482.65509721155024,tree_cover,0.415580505867729,low,random_forest-extended-v1-20260902
129842079_00_006,129842079,primary,Gangtok - Assam - Pakyong Road,SH2,1544.6094970703125,27.557342529296875,0.10133710503578186,626.0544088562227,tree_cover,0.5226180107038941,moderate,random_forest-extended-v1-20260902
129842079_00_007,129842079,primary,Gangtok - Assam - Pakyong Road,SH2,1495.0721435546875,32.272117614746094,0.10372049361467361,673.1707236377847,tree_cover,0.619398227927998,high,random_forest-extended-v1-20260902
129842079_00_008,129842079,primary,Gangtok - Assam - Pakyong Road,SH2,1420.9459228515625,31.86986541748047,0.0615086629986763,763.1447157392414,tree_cover,0.5904486278936834,moderate,random_forest-extended-v1-20260902
129842079_00_009,129842079,primary,Gangtok - Assam - Pakyong Road,SH2,1446.8812255859375,29.095783233642578,0.13114382326602936,753.0436307609718,tree_cover,0.46064979844114673,moderate,random_forest-extended-v1-20260902
129842079_00_010,129842079,primary,Gangtok - Assam - Pakyong Road,SH2,1432.3616943359375,25.8117733001709,0.046059709042310715,586.0737881011005,tree_cover,0.3578068611578355,low,random_forest-extended-v1-20260902
129842079_00_011,129842079,primary,Gangtok - Assam - Pakyong Road,SH2,1445.1757202148438,23.63104820251465,0.016252988949418068,380.1772074656567,tree_cover,0.2813833018871046,low,random_forest-extended-v1-20260902
129842079_00_012,129842079,primary,Gangtok - Assam - Pakyong Road,SH2,1420.7103271484375,21.420547485351562,0.014185471460223198,300.2026684258173,tree_cover,0.267111786498904,low,random_forest-extended-v1-20260902
129842079_00_013,129842079,primary,Gangtok - Assam - Pakyong Road,SH2,1406.4286499023438,20.105648040771484,-0.0064753517508506775,204.10782537874525,tree_cover,0.2758631429236759,low,random_forest-extended-v1-20260902
129842079_00_014,129842079,primary,Gangtok - Assam - Pakyong Road,SH2,1465.8295288085938,20.698522567749023,0.008715162985026836,157.02203972719624,tree_cover,0.27360669722853875,low,random_forest-extended-v1-20260902
129842079_00_015,129842079,primary,Gangtok - Assam - Pakyong Road,SH2,1435.3690185546875,20.88430404663086,0.0021967380307614803,138.0955051047706,tree_cover,0.3106538935121294,low,random_forest-extended-v1-20260902
129842079_00_016,129842079,primary,Gangtok - Assam - Pakyong Road,SH2,1415.6433715820312,22.582500457763672,0.025528104975819588,247.41604700322935,tree_cover,0.30421248197153733,low,random_forest-extended-v1-20260902
129842079_00_017,129842079,primary,Gangtok - Assam - Pakyong Road,SH2,1382.2341918945312,24.026592254638672,-0.029591351747512817,170.02041587784976,tree_cover,0.31016117861037823,low,random_forest-extended-v1-20260902
129842079_00_018,129842079,primary,Gangtok - Assam - Pakyong Road,SH2,1380.6028442382812,23.846378326416016,-0.036554865539073944,116.63304307356871,tree_cover,0.37982988335674894,low,random_forest-extended-v1-20260902
129842079_00_019,129842079,primary,Gangtok - Assam - Pakyong Road,SH2,1430.72509765625,23.469165802001953,-0.04347531124949455,116.63304307356871,tree_cover,0.3849290859710972,low,random_forest-extended-v1-20260902
129846020_00_000,129846020,trunk,,NH 717A,860.6815185546875,22.533950805664062,-0.0866491049528122,170.02041587784976,tree_cover,0.22062822303947877,low,random_forest-extended-v1-20260902
129846022_00_000,129846022,trunk,,NH 717A,862.8422241210938,21.288925170898438,-0.08086293190717697,105.13160430378801,tree_cover,0.2462589072707036,low,random_forest-extended-v1-20260902
129846022_00_001,129846022,trunk,,NH 717A,854.6061706542969,20.624897003173828,-0.08111418783664703,145.79130384196088,tree_cover,0.16928651558651706,low,random_forest-extended-v1-20260902
129847862_00_000,129847862,trunk,,NH 717A,873.7384033203125,20.88828468322754,-0.04795493185520172,105.13160430378801,tree_cover,0.23429728410069658,low,random_forest-extended-v1-20260902
129847864_00_000,129847864,trunk,,NH 717A,903.59619140625,22.17843246459961,-0.020230090245604515,145.79130384196088,tree_cover,0.21879167748383566,low,random_forest-extended-v1-20260902
134410484_00_000,134410484,tertiary,,ODR,1257.0181884765625,26.856918334960938,0.11446009576320648,886.8138802532027,tree_cover,0.4039698127819936,low,random_forest-extended-v1-20260902
134410484_00_001,134410484,tertiary,,ODR,1326.0472412109375,25.293458938598633,0.0973169282078743,908.1288707592286,tree_cover,0.37393190142628807,low,random_forest-extended-v1-20260902
134410484_00_002,134410484,tertiary,,ODR,1366.8115234375,23.784866333007812,0.05421491712331772,845.5895622833732,tree_cover,0.3574198718517867,low,random_forest-extended-v1-20260902
134410484_00_003,134410484,tertiary,,ODR,1355.3372802734375,24.242233276367188,0.04211132228374481,810.4212813961399,tree_cover,0.3578046389368621,low,random_forest-extended-v1-20260902
134410484_00_004,134410484,tertiary,,ODR,1340.4248657226562,24.553428649902344,0.003618156537413597,747.1003663130907,tree_cover,0.35852306008807994,low,random_forest-extended-v1-20260902
134410484_00_005,134410484,tertiary,,ODR,1371.9697265625,23.811962127685547,0.08496925234794617,812.2551549391025,tree_cover,0.36085864032558645,low,random_forest-extended-v1-20260902
134410484_00_006,134410484,tertiary,,ODR,1389.7877197265625,24.883533477783203,0.10630489140748978,743.3927032022933,tree_cover,0.36169661900300754,low,random_forest-extended-v1-20260902
134410484_00_007,134410484,tertiary,,ODR,1405.27294921875,29.295930862426758,0.052621208131313324,655.250415012434,tree_cover,0.4479089509502549,moderate,random_forest-extended-v1-20260902
134410484_00_008,134410484,tertiary,,ODR,1449.03515625,32.50010681152344,0.07230570167303085,661.0634946155362,tree_cover,0.6232826570511996,high,random_forest-extended-v1-20260902
134410484_00_009,134410484,tertiary,,ODR,1493.5960693359375,33.15381622314453,0.09481867402791977,702.2239095913667,tree_cover,0.6069373937977854,high,random_forest-extended-v1-20260902
134410484_00_010,134410484,tertiary,,ODR,1504.5372314453125,31.254436492919922,0.15793541073799133,756.4307021190222,tree_cover,0.5994465964892399,high,random_forest-extended-v1-20260902
134410484_00_011,134410484,tertiary,,ODR,1455.078857421875,31.39670181274414,0.08494053781032562,664.9106473350614,tree_cover,0.611889029773066,high,random_forest-extended-v1-20260902
134410484_00_012,134410484,tertiary,,ODR,1423.0592041015625,31.417285919189453,0.03689945489168167,617.852468471126,tree_cover,0.6092427888185593,high,random_forest-extended-v1-20260902
134410484_00_013,134410484,tertiary,,ODR,1440.3698120117188,28.538387298583984,0.07280822098255157,608.842359377512,tree_cover,0.47827502824148693,moderate,random_forest-extended-v1-20260902
134410484_00_014,134410484,tertiary,,ODR,1448.1109619140625,24.246431350708008,0.10693663358688354,644.1270336403593,tree_cover,0.28436340264313564,low,random_forest-extended-v1-20260902
134410492_00_000,134410492,primary,,SH,347.31175231933594,26.64003562927246,-0.05580504238605499,145.79130384196088,tree_cover,0.498765580915552,moderate,random_forest-extended-v1-20260902
134417402_00_000,134417402,secondary,,MDR,1303.2752075195312,33.73317337036133,-0.0477108508348465,145.79130384196088,tree_cover,0.5827516875158805,moderate,random_forest-extended-v1-20260902
134417402_00_001,134417402,secondary,,MDR,1327.9227905273438,34.13362121582031,-0.03188859671354294,145.79130384196088,tree_cover,0.5745376380815752,moderate,random_forest-extended-v1-20260902
134417402_00_002,134417402,secondary,,MDR,1327.73876953125,31.834644317626953,0.014960790984332561,164.94403133548627,tree_cover,0.5682717393378683,moderate,random_forest-extended-v1-20260902
134417402_00_003,134417402,secondary,,MDR,1284.4212646484375,31.714614868164062,-0.028026355430483818,145.79130384196088,tree_cover,0.5546295830981282,moderate,random_forest-extended-v1-20260902
134417402_00_004,134417402,secondary,,MDR,1380.931884765625,33.64473342895508,-0.039857152849435806,249.128289212088,tree_cover,0.6182317721246497,high,random_forest-extended-v1-20260902
134417402_00_005,134417402,secondary,,MDR,1376.6307983398438,33.99150848388672,-0.021306920796632767,268.82588145153073,tree_cover,0.6184340222161693,high,random_forest-extended-v1-20260902
134417402_00_006,134417402,secondary,,MDR,1249.30224609375,31.993915557861328,0.02383388951420784,247.41604700322935,tree_cover,0.5826761119243812,moderate,random_forest-extended-v1-20260902
134417402_00_007,134417402,secondary,,MDR,1251.7410888671875,31.856189727783203,0.07646945118904114,379.05738998909834,tree_cover,0.5985973117858613,high,random_forest-extended-v1-20260902
134417402_00_008,134417402,secondary,,MDR,1285.8583984375,31.763874053955078,0.09766151756048203,553.239099823504,tree_cover,0.6062124078571305,high,random_forest-extended-v1-20260902
134417402_00_009,134417402,secondary,,MDR,1182.8513793945312,33.90114212036133,0.08697933703660965,471.06611918158865,tree_cover,0.5748018346411847,moderate,random_forest-extended-v1-20260902
134417402_00_010,134417402,secondary,,MDR,1188.3170166015625,35.57855987548828,0.18441112339496613,554.7737465990944,tree_cover,0.5887844010763804,moderate,random_forest-extended-v1-20260902
134417402_00_011,134417402,secondary,,MDR,1161.5067138671875,35.44622802734375,0.1737576723098755,536.0681018403303,tree_cover,0.6009038412002127,high,random_forest-extended-v1-20260902
134417402_00_012,134417402,secondary,,MDR,1155.2943115234375,33.46460723876953,0.15247945487499237,590.4097815292349,tree_cover,0.5980987846105172,high,random_forest-extended-v1-20260902
134417402_00_013,134417402,secondary,,MDR,1042.4763793945312,32.42585754394531,0.05793358013033867,509.2271321978585,tree_cover,0.5681721726233503,moderate,random_forest-extended-v1-20260902
134417402_00_014,134417402,secondary,,MDR,1108.8797607421875,32.81784439086914,0.02845708839595318,495.690433062667,tree_cover,0.5770783065276592,moderate,random_forest-extended-v1-20260902
134417402_00_015,134417402,secondary,,MDR,1210.9727783203125,34.76465606689453,-0.02052442356944084,288.65205483710093,tree_cover,0.5864202471016036,moderate,random_forest-extended-v1-20260902
134417402_00_016,134417402,secondary,,MDR,1205.6001586914062,35.286598205566406,-0.05408569797873497,287.1755640555846,tree_cover,0.5895853838433951,moderate,random_forest-extended-v1-20260902
134417402_00_017,134417402,secondary,,MDR,1097.9259033203125,35.20594024658203,-0.0034171477891504765,325.9992659189508,tree_cover,0.5425434875741973,moderate,random_forest-extended-v1-20260902
134417402_00_018,134417402,secondary,,MDR,1129.022705078125,32.24356460571289,0.06023082137107849,553.239099823504,tree_cover,0.5908541424555115,moderate,random_forest-extended-v1-20260902
134417402_00_019,134417402,secondary,,MDR,1075.4971923828125,27.155460357666016,0.03501858562231064,676.3208144203506,tree_cover,0.33107859801559064,low,random_forest-extended-v1-20260902
134417405_00_000,134417405,secondary,,MDR,1047.348876953125,22.023479461669922,0.06977873295545578,720.1559166825685,tree_cover,0.2873451917901875,low,random_forest-extended-v1-20260902
134417406_00_000,134417406,secondary,,MDR,1477.4556884765625,30.20221710205078,-0.0079254861921072,368.8260665490027,tree_cover,0.5449777593351196,moderate,random_forest-extended-v1-20260902
134417406_00_001,134417406,secondary,,MDR,1478.7568359375,31.082538604736328,0.05539225414395332,325.9992659189508,tree_cover,0.5509912789295811,moderate,random_forest-extended-v1-20260902
134417406_00_002,134417406,secondary,,MDR,1440.800048828125,31.824472427368164,0.04381989687681198,268.82588145153073,tree_cover,0.5855064443095781,moderate,random_forest-extended-v1-20260902
134417406_00_003,134417406,secondary,,MDR,1355.6870727539062,29.074440002441406,0.006863011047244072,145.79130384196088,tree_cover,0.4599693001764921,moderate,random_forest-extended-v1-20260902
134417406_00_004,134417406,secondary,,MDR,1381.510009765625,28.663345336914062,0.036999959498643875,145.79130384196088,tree_cover,0.47815859802288957,moderate,random_forest-extended-v1-20260902
134417406_00_005,134417406,secondary,,MDR,1431.51123046875,27.69330596923828,0.08692190796136856,212.27534257419205,tree_cover,0.47901586954235,moderate,random_forest-extended-v1-20260902
134417406_00_006,134417406,secondary,,MDR,1362.2764892578125,27.415958404541016,0.12530021369457245,204.10782537874525,tree_cover,0.4226021673495814,low,random_forest-extended-v1-20260902
134417406_00_007,134417406,secondary,,MDR,1251.1834106445312,28.462825775146484,0.09066928178071976,205.14393227405154,tree_cover,0.44832672131288914,moderate,random_forest-extended-v1-20260902
134417406_00_008,134417406,secondary,,MDR,1193.7659912109375,29.098609924316406,0.027351541444659233,325.9992659189508,tree_cover,0.3621320730050074,low,random_forest-extended-v1-20260902
134417406_00_009,134417406,secondary,,MDR,1207.8314819335938,28.670761108398438,0.007178882136940956,446.03562192137605,tree_cover,0.394648371326788,low,random_forest-extended-v1-20260902
134417406_00_010,134417406,secondary,,MDR,1259.11083984375,29.631885528564453,-0.05513381585478783,566.1510156143496,tree_cover,0.4481810279130924,moderate,random_forest-extended-v1-20260902
134417406_00_011,134417406,secondary,,MDR,1252.6397705078125,30.475032806396484,0.007487574126571417,589.6893300326549,tree_cover,0.5522731669160738,moderate,random_forest-extended-v1-20260902
134417406_00_012,134417406,secondary,,MDR,1148.5699462890625,29.400102615356445,0.012175383977591991,503.34962299498386,tree_cover,0.37456976229016736,low,random_forest-extended-v1-20260902
134417406_00_013,134417406,secondary,,MDR,1094.296142578125,28.787004470825195,0.11176083981990814,471.06611918158865,tree_cover,0.3864290410807194,low,random_forest-extended-v1-20260902
134417406_00_014,134417406,secondary,,MDR,1019.1721801757812,28.881134033203125,0.03465964272618294,437.3739115258827,tree_cover,0.3720101790165123,low,random_forest-extended-v1-20260902
134417406_00_015,134417406,secondary,,MDR,1030.98193359375,28.88297462463379,0.010854469612240791,405.07950455465993,tree_cover,0.36332668965960613,low,random_forest-extended-v1-20260902
134417406_00_016,134417406,secondary,,MDR,984.4100952148438,27.990039825439453,0.0019239403773099184,383.5170421109049,tree_cover,0.36182340580186706,low,random_forest-extended-v1-20260902
134417406_00_017,134417406,secondary,,MDR,954.4822998046875,28.143369674682617,0.08097779750823975,409.25569231765,tree_cover,0.3743984473906237,low,random_forest-extended-v1-20260902
134417406_00_018,134417406,secondary,,MDR,897.6312866210938,28.219818115234375,0.034286342561244965,365.35196024230754,tree_cover,0.3801124481673095,low,random_forest-extended-v1-20260902
134417406_00_019,134417406,secondary,,MDR,956.170654296875,27.969158172607422,0.03481758013367653,380.1772074656567,tree_cover,0.36409881183237364,low,random_forest-extended-v1-20260902
134417406_00_020,134417406,secondary,,MDR,959.6038208007812,28.406543731689453,-0.008399292826652527,329.88806267097254,tree_cover,0.35359303813000764,low,random_forest-extended-v1-20260902
134417406_00_021,134417406,secondary,,MDR,873.9747924804688,29.079687118530273,-0.01266354788094759,247.41604700322935,tree_cover,0.35979645225332746,low,random_forest-extended-v1-20260902
134417406_00_022,134417406,secondary,,MDR,787.7100524902344,26.441452026367188,-0.01387677900493145,340.0408317556995,tree_cover,0.2904041738852723,low,random_forest-extended-v1-20260902
134417406_00_023,134417406,secondary,,MDR,760.6220703125,25.909814834594727,-0.0007753192912787199,309.95656361374915,tree_cover,0.2671057403675898,low,random_forest-extended-v1-20260902
134417406_00_024,134417406,secondary,,MDR,786.6805419921875,25.97919273376465,-0.0005743106012232602,300.2026684258173,tree_cover,0.27254213680078543,low,random_forest-extended-v1-20260902
134417406_00_025,134417406,secondary,,MDR,810.1167297363281,27.556732177734375,-0.006676360499113798,250.82884335095778,tree_cover,0.33471159556681634,low,random_forest-extended-v1-20260902
134417406_00_026,134417406,secondary,,MDR,844.4761352539062,28.84568214416504,-0.040216099470853806,195.5995595513705,tree_cover,0.352626263865718,low,random_forest-extended-v1-20260902
134417406_00_027,134417406,secondary,,MDR,801.1874389648438,28.59347915649414,-0.07457423210144043,145.79130384196088,tree_cover,0.35779295175770315,low,random_forest-extended-v1-20260902
134417406_00_028,134417406,secondary,,MDR,747.5535583496094,28.229646682739258,-0.051451049745082855,145.79130384196088,tree_cover,0.3814143296734301,low,random_forest-extended-v1-20260902
134417406_00_029,134417406,secondary,,MDR,720.0928955078125,27.996883392333984,-0.029088830575346947,105.13160430378801,tree_cover,0.41959937670765884,low,random_forest-extended-v1-20260902
134417406_00_030,134417406,secondary,,MDR,656.1948547363281,27.642295837402344,-0.06372693926095963,130.39970636758034,tree_cover,0.4223095593516847,low,random_forest-extended-v1-20260902
134417406_00_031,134417406,secondary,,MDR,608.762939453125,27.855560302734375,-0.053051941096782684,177.36277605064052,tree_cover,0.4264896559121605,moderate,random_forest-extended-v1-20260902
134417406_00_032,134417406,secondary,,MDR,615.7744140625,28.963972091674805,0.05807715654373169,332.4553236675307,tree_cover,0.4143262521591015,low,random_forest-extended-v1-20260902
134417406_00_033,134417406,secondary,,MDR,555.9762573242188,30.66594886779785,0.0381413996219635,287.1755640555846,tree_cover,0.5289380607287412,moderate,random_forest-extended-v1-20260902
134417406_00_034,134417406,secondary,,MDR,574.8271179199219,29.100770950317383,0.003137171734124422,206.18003916935783,tree_cover,0.4277583273101603,moderate,random_forest-extended-v1-20260902
134417406_00_035,134417406,secondary,,MDR,591.1151428222656,25.82585334777832,0.003137171734124422,235.08141380687945,tree_cover,0.32737601678335543,low,random_forest-extended-v1-20260902
134417406_00_036,134417406,secondary,,MDR,484.50714111328125,25.9671688079834,0.00463755801320076,230.49969143173706,tree_cover,0.4019726118650059,low,random_forest-extended-v1-20260902
134417406_00_037,134417406,secondary,,MDR,460.8903350830078,27.46045684814453,0.08051835000514984,332.4553236675307,tree_cover,0.4225375334545482,low,random_forest-extended-v1-20260902
134417406_00_038,134417406,secondary,,MDR,463.3678894042969,27.709474563598633,0.12392186373472214,379.05738998909834,tree_cover,0.4407153759410696,moderate,random_forest-extended-v1-20260902
134417406_00_039,134417406,secondary,,MDR,428.35565185546875,27.746519088745117,0.044279344379901886,287.1755640555846,tree_cover,0.4455663583549043,moderate,random_forest-extended-v1-20260902
134417406_00_040,134417406,secondary,,MDR,418.0265197753906,27.625019073486328,-0.05338216945528984,186.70396624747931,tree_cover,0.4777580435392077,moderate,random_forest-extended-v1-20260902
134420011_00_000,134420011,trunk,,NH510,680.7548217773438,29.224977493286133,0.00374737661331892,184.41303327450134,tree_cover,0.38963020350007976,low,random_forest-extended-v1-20260902
134420011_00_001,134420011,trunk,,NH510,599.4105224609375,30.462722778320312,-0.05090545490384102,206.18003916935783,tree_cover,0.5286885473867566,moderate,random_forest-extended-v1-20260902
134420011_00_002,134420011,trunk,,NH510,565.0797119140625,30.624919891357422,-0.07867337018251419,250.82884335095778,tree_cover,0.5266411737995376,moderate,random_forest-extended-v1-20260902
134420011_00_003,134420011,trunk,,NH510,609.4273681640625,31.64170265197754,-0.04133600369095802,351.11195479568335,tree_cover,0.5657013918660156,moderate,random_forest-extended-v1-20260902
134420011_00_004,134420011,trunk,,NH510,567.8613891601562,28.789348602294922,-0.038561366498470306,368.8260665490027,tree_cover,0.41077663497350153,low,random_forest-extended-v1-20260902
134420012_00_000,134420012,trunk,,NH510,1092.9276123046875,24.522560119628906,0.061968110501766205,441.2445525642225,tree_cover,0.23498043826055034,low,random_forest-extended-v1-20260902
134420012_00_001,134420012,trunk,,NH510,1186.3982543945312,20.106651306152344,0.019440412521362305,260.7994127351607,tree_cover,0.2210010430974286,low,random_forest-extended-v1-20260902
134420012_00_002,134420012,trunk,,NH510,1211.6275634765625,19.3564395904541,0.005398519337177277,287.1755640555846,tree_cover,0.23805467161396843,low,random_forest-extended-v1-20260902
134420012_00_003,134420012,trunk,,NH510,1217.3334350585938,19.414203643798828,0.02918933518230915,325.9992659189508,tree_cover,0.2396160137781972,low,random_forest-extended-v1-20260902
134420012_00_004,134420012,trunk,,NH510,1285.0402221679688,18.94215965270996,-0.009863784536719322,276.619549911752,tree_cover,0.2902215165427889,low,random_forest-extended-v1-20260902
134420012_00_005,134420012,trunk,,NH510,1258.0379638671875,21.28586196899414,0.05602399632334709,349.89912922070613,tree_cover,0.2620878039267498,low,random_forest-extended-v1-20260902
134420012_00_006,134420012,trunk,,NH510,1233.213134765625,26.203155517578125,0.06914699077606201,537.6517629030615,tree_cover,0.3936680010173117,low,random_forest-extended-v1-20260902
134420012_00_007,134420012,trunk,,NH510,1321.0428466796875,22.206768035888672,0.0632028803229332,380.1772074656567,tree_cover,0.27959450630237065,low,random_forest-extended-v1-20260902
134420012_00_008,134420012,trunk,,NH510,1391.123779296875,19.6844425201416,0.08508411049842834,287.1755640555846,tree_cover,0.2302468862921577,low,random_forest-extended-v1-20260902
134420012_00_009,134420012,trunk,,NH510,1413.4990234375,18.36629867553711,0.06943415105342865,247.41604700322935,tree_cover,0.23685602895235505,low,random_forest-extended-v1-20260902
134420012_00_010,134420012,trunk,,NH510,1397.9376220703125,18.77937126159668,0.009906857274472713,233.26608614713743,tree_cover,0.26349069264368136,low,random_forest-extended-v1-20260902
134420012_00_011,134420012,trunk,,NH510,1436.0887451171875,18.463090896606445,0.0009188969270326197,262.4243469155296,tree_cover,0.2764187626255449,low,random_forest-extended-v1-20260902
134420012_00_012,134420012,trunk,,NH510,1481.6565551757812,18.519813537597656,0.027796633541584015,291.58260768392176,tree_cover,0.2666713458536637,low,random_forest-extended-v1-20260902
134420012_00_013,134420012,trunk,,NH510,1486.471435546875,18.64717674255371,0.002153664594516158,262.4243469155296,tree_cover,0.2694424241863507,low,random_forest-extended-v1-20260902
134420012_00_014,134420012,trunk,,NH510,1504.8768310546875,18.99251365661621,0.047064751386642456,332.4553236675307,tree_cover,0.22279023754984228,low,random_forest-extended-v1-20260902
134420012_00_015,134420012,trunk,,NH510,1522.0056762695312,20.536958694458008,0.053626250475645065,380.1772074656567,tree_cover,0.23480143574246534,low,random_forest-extended-v1-20260902
134420012_00_016,134420012,trunk,,NH510,1544.6600341796875,19.99994468688965,0.0710996463894844,380.1772074656567,tree_cover,0.23669458975021412,low,random_forest-extended-v1-20260902
134420012_00_017,134420012,trunk,,NH510,1570.018310546875,19.702211380004883,0.04281485080718994,392.284278244487,tree_cover,0.2346749136154626,low,random_forest-extended-v1-20260902
134420012_00_018,134420012,trunk,,NH510,1616.9063720703125,18.95759391784668,0.04346095025539398,379.05738998909834,tree_cover,0.2242190076864127,low,random_forest-extended-v1-20260902
134420012_00_019,134420012,trunk,,NH510,1645.90185546875,19.723472595214844,-0.009404336102306843,325.9992659189508,tree_cover,0.2409440099713854,low,random_forest-extended-v1-20260902
134420012_00_020,134420012,trunk,,NH510,1669.416259765625,19.119556427001953,0.01754518784582615,380.1772074656567,tree_cover,0.24061413135659843,low,random_forest-extended-v1-20260902
134420012_00_021,134420012,trunk,,NH510,1669.8148193359375,18.880104064941406,0.010509883984923363,437.3739115258827,tree_cover,0.23741829125409009,low,random_forest-extended-v1-20260902
134420012_00_022,134420012,trunk,,NH510,1716.191650390625,19.056550979614258,0.01705702394247055,461.03258318625336,tree_cover,0.2357743255883905,low,random_forest-extended-v1-20260902
134420012_00_023,134420012,trunk,,NH510,1752.296630859375,19.30401039123535,0.01754518784582615,461.03258318625336,tree_cover,0.2203600553271417,low,random_forest-extended-v1-20260902
134420012_00_024,134420012,trunk,,NH510,1761.8477783203125,19.476966857910156,0.012864557094871998,525.6580215189401,tree_cover,0.20678646723605523,low,random_forest-extended-v1-20260902
134420012_00_025,134420012,trunk,,NH510,1800.0916137695312,19.559463500976562,0.030337955802679062,550.1569638651962,tree_cover,0.19849438011603635,low,random_forest-extended-v1-20260902
134420012_00_026,134420012,trunk,,NH510,1834.0479736328125,19.35284423828125,0.03239111602306366,590.4097815292349,tree_cover,0.18862576515208998,low,random_forest-extended-v1-20260902
134420012_00_027,134420012,trunk,,NH510,1857.3341064453125,19.647266387939453,0.037933215498924255,640.154989389369,tree_cover,0.20187759974544903,low,random_forest-extended-v1-20260902
134420012_00_028,134420012,trunk,,NH510,1896.0711669921875,20.791107177734375,0.03681330755352974,590.4097815292349,tree_cover,0.2056200807262865,low,random_forest-extended-v1-20260902
134420012_00_029,134420012,trunk,,NH510,1917.20361328125,19.998369216918945,0.03623899817466736,709.4511042025621,tree_cover,0.2540586694121639,low,random_forest-extended-v1-20260902
134420012_00_030,134420012,trunk,,NH510,1961.607421875,20.71625328063965,0.042556412518024445,743.3927032022933,tree_cover,0.25730624456853596,low,random_forest-extended-v1-20260902
134420014_00_000,134420014,trunk,,NH510,2037.3388671875,30.015384674072266,0.13662849366664886,651.9985318379016,tree_cover,0.4782310166973171,moderate,random_forest-extended-v1-20260902
134420014_00_001,134420014,trunk,,NH510,2025.0606689453125,30.907852172851562,0.18106576800346375,606.7441026159734,tree_cover,0.5459795171855023,moderate,random_forest-extended-v1-20260902
134420014_00_002,134420014,trunk,,NH510,2043.14794921875,26.678199768066406,0.10801346600055695,681.6419179999078,tree_cover,0.4061763016274891,low,random_forest-extended-v1-20260902
134420014_00_003,134420014,trunk,,NH510,2056.569091796875,23.32843780517578,0.057890504598617554,825.7504133647902,tree_cover,0.3156887377862612,low,random_forest-extended-v1-20260902
134420014_00_004,134420014,trunk,,NH510,2024.1292724609375,20.897933959960938,0.030725615099072456,875.2336591475673,tree_cover,0.27388894581124884,low,random_forest-extended-v1-20260902
134420014_00_005,134420014,trunk,,NH510,1999.2039794921875,20.779136657714844,0.045715123414993286,816.431301514981,tree_cover,0.26443292951124076,low,random_forest-extended-v1-20260902
134421795_00_000,134421795,trunk,,NH510,1069.48583984375,23.778804779052734,0.03959871456027031,417.4827601981901,tree_cover,0.22288810414916588,low,random_forest-extended-v1-20260902
134421795_00_001,134421795,trunk,,NH510,1128.238037109375,20.517780303955078,-0.014285976067185402,250.82884335095778,tree_cover,0.18103301987654152,low,random_forest-extended-v1-20260902
134421795_00_002,134421795,trunk,,NH510,1053.18212890625,20.333633422851562,0.0009476124541833997,235.08141380687945,tree_cover,0.16259683422388035,low,random_forest-extended-v1-20260902
134421795_00_003,134421795,trunk,,NH510,976.5318603515625,22.640796661376953,0.03374074772000313,250.82884335095778,tree_cover,0.21178763424108063,low,random_forest-extended-v1-20260902
134421795_00_004,134421795,trunk,,NH510,978.7421569824219,24.141510009765625,0.06622518599033356,276.619549911752,tree_cover,0.2098065539561786,low,random_forest-extended-v1-20260902
134421795_00_005,134421795,trunk,,NH510,930.2816772460938,23.226425170898438,0.03801218047738075,206.18003916935783,tree_cover,0.20006435374785417,low,random_forest-extended-v1-20260902
134421795_00_006,134421795,trunk,,NH510,984.9761962890625,20.461711883544922,-0.005455950275063515,204.10782537874525,tree_cover,0.1569798010390954,low,random_forest-extended-v1-20260902
134421795_00_007,134421795,trunk,,NH510,931.3549194335938,21.35953140258789,-0.04804107919335365,212.27534257419205,tree_cover,0.16971210219120797,low,random_forest-extended-v1-20260902
134421795_00_008,134421795,trunk,,NH510,852.2285766601562,25.60378074645996,0.03959871456027031,452.6579340076252,tree_cover,0.27663164247856004,low,random_forest-extended-v1-20260902
134421795_00_009,134421795,trunk,,NH510,822.3568420410156,28.096895217895508,0.061838891357183456,470.1628276137589,tree_cover,0.39550931598943545,low,random_forest-extended-v1-20260902
134421795_00_010,134421795,trunk,,NH510,807.0912170410156,23.710590362548828,-0.017064202576875687,289.37908586975317,tree_cover,0.21310871867500028,low,random_forest-extended-v1-20260902
134421795_00_011,134421795,trunk,,NH510,863.4840698242188,22.055706024169922,0.018708165735006332,145.79130384196088,tree_cover,0.23575568833282584,low,random_forest-extended-v1-20260902
134421795_00_012,134421795,trunk,,NH510,789.4384155273438,24.807369232177734,0.011227771639823914,105.13160430378801,tree_cover,0.33998793411016826,low,random_forest-extended-v1-20260902
134421795_00_013,134421795,trunk,,NH510,715.0831298828125,27.442649841308594,-0.02714335359632969,105.13160430378801,tree_cover,0.3972764964058183,low,random_forest-extended-v1-20260902
134421795_00_014,134421795,trunk,,NH510,763.5509643554688,28.123239517211914,0.05452360957860947,145.79130384196088,tree_cover,0.38737310982039325,low,random_forest-extended-v1-20260902
134421795_00_015,134421795,trunk,,NH510,685.9080200195312,28.248859405517578,-0.04008687660098076,116.63304307356871,tree_cover,0.39828186001923443,low,random_forest-extended-v1-20260902
134421795_00_016,134421795,trunk,,NH510,664.8912963867188,28.190256118774414,-0.022455543279647827,116.63304307356871,tree_cover,0.4322963352461567,moderate,random_forest-extended-v1-20260902
134421795_00_017,134421795,trunk,,NH510,696.4376831054688,28.947996139526367,-0.0269064512103796,145.79130384196088,tree_cover,0.37154508942793046,low,random_forest-extended-v1-20260902
134421809_00_000,134421809,primary,,NH510,639.0633544921875,28.801902770996094,-0.052980151027441025,116.63304307356871,tree_cover,0.43720543120931493,moderate,random_forest-extended-v1-20260902
134421812_00_000,134421812,primary,,NH510,645.6824645996094,29.742298126220703,-0.07257849723100662,120.22258900738453,tree_cover,0.4570904846068361,moderate,random_forest-extended-v1-20260902
134421820_00_000,134421820,primary,,NH510,735.94189453125,29.61418914794922,-0.0030725616961717606,235.08141380687945,tree_cover,0.3782399046567366,low,random_forest-extended-v1-20260902
134421826_00_000,134421826,primary,,SH,519.3786010742188,27.971954345703125,-0.08715163171291351,145.79130384196088,tree_cover,0.45584180627829807,moderate,random_forest-extended-v1-20260902
134421826_00_001,134421826,primary,,SH,542.177978515625,31.295757293701172,-0.07316716760396957,145.79130384196088,tree_cover,0.5652262412886894,moderate,random_forest-extended-v1-20260902
134421826_00_002,134421826,primary,,SH,573.9576416015625,35.43606185913086,-0.03148657828569412,174.94956461035306,tree_cover,0.5950619333080346,moderate,random_forest-extended-v1-20260902
134421826_00_003,134421826,primary,,SH,592.4833984375,36.01728820800781,-0.08433032780885696,208.22162388846692,tree_cover,0.5698611326667106,moderate,random_forest-extended-v1-20260902
134421826_00_004,134421826,primary,,SH,552.8682861328125,33.48044967651367,-0.10339026153087616,157.02203972719624,tree_cover,0.59064555287141,moderate,random_forest-extended-v1-20260902
134421832_00_000,134421832,primary,,NH510,720.76611328125,31.429569244384766,-0.025176338851451874,212.27534257419205,tree_cover,0.4996786832926988,moderate,random_forest-extended-v1-20260902
134421832_00_001,134421832,primary,,NH510,672.0576171875,29.498558044433594,-0.051415152847766876,145.79130384196088,tree_cover,0.4056310102891781,low,random_forest-extended-v1-20260902
156016650_00_000,156016650,tertiary,,,3065.15234375,26.265777587890625,0.1734417974948883,613.0173273232991,tree_cover,0.3327564217118454,low,random_forest-extended-v1-20260902
156016650_00_001,156016650,tertiary,,,3103.656005859375,27.502077102661133,0.19262376427650452,557.0677897964563,tree_cover,0.3687164847193644,low,random_forest-extended-v1-20260902
156016650_00_002,156016650,tertiary,,,3114.1634521484375,28.002777099609375,0.16835914552211761,525.6580215189401,tree_cover,0.3822680550004483,low,random_forest-extended-v1-20260902
156016650_00_003,156016650,tertiary,,,3141.6064453125,28.814403533935547,0.188058003783226,510.06124763354927,tree_cover,0.38010609565296716,low,random_forest-extended-v1-20260902
156016650_00_004,156016650,tertiary,,,3146.94921875,31.592437744140625,0.09688619524240494,474.66209594294867,tree_cover,0.4498095172239669,moderate,random_forest-extended-v1-20260902
156016650_00_005,156016650,tertiary,,,3158.23046875,30.468860626220703,0.0221109576523304,380.1772074656567,tree_cover,0.4147447240740502,low,random_forest-extended-v1-20260902
156016650_00_006,156016650,tertiary,,,3150.0072021484375,29.528629302978516,-0.025815259665250778,264.0392812160338,tree_cover,0.36953029015552374,low,random_forest-extended-v1-20260902
156016650_00_007,156016650,tertiary,,,3170.867431640625,29.191879272460938,0.0182630755007267,260.7994127351607,tree_cover,0.3499582521834223,low,random_forest-extended-v1-20260902
156016650_00_008,156016650,tertiary,,,3155.1077880859375,31.21951675415039,-0.07359790056943893,247.41604700322935,grassland,0.6989963432384771,high,random_forest-extended-v1-20260902
156016655_00_000,156016655,trunk,,NH310,1931.700439453125,25.812068939208984,0.055191244930028915,586.0737881011005,tree_cover,0.3521797050610849,low,random_forest-extended-v1-20260902
156016655_00_001,156016655,trunk,,NH310,1963.379638671875,24.490087509155273,0.03916798159480095,700.1018586106522,tree_cover,0.28405171368894355,low,random_forest-extended-v1-20260902
156016655_00_002,156016655,trunk,,NH310,2003.3916015625,23.223960876464844,0.01842101290822029,680.7064515747367,tree_cover,0.2675841591082327,low,random_forest-extended-v1-20260902
156016655_00_003,156016655,trunk,,NH310,1988.8347778320312,25.403369903564453,0.0021536648273468018,467.4424798375224,tree_cover,0.31508883130694854,low,random_forest-extended-v1-20260902
174099780_00_000,174099780,trunk,North Sikkim Highway,NH310A,1848.5340576171875,23.633495330810547,0.040144309401512146,623.6732254165938,tree_cover,0.24716763036086226,low,random_forest-extended-v1-20260902
174099780_00_001,174099780,trunk,North Sikkim Highway,NH310A,1858.1766357421875,26.795753479003906,0.0548897311091423,612.6704017297675,tree_cover,0.40914236170293783,low,random_forest-extended-v1-20260902
174099780_00_002,174099780,trunk,North Sikkim Highway,NH310A,1847.9244384765625,31.11273765563965,-0.0355498269200325,485.2901764690933,tree_cover,0.5713889320074792,moderate,random_forest-extended-v1-20260902
187446124_00_000,187446124,secondary,Nayabazar Bridge,,415.04322814941406,23.3487548828125,-0.08510206639766693,184.41303327450134,tree_cover,0.2633871981665994,low,random_forest-extended-v1-20260902
187450987_00_000,187450987,tertiary,,,556.0222778320312,22.53445816040039,-0.15458646416664124,145.79130384196088,tree_cover,0.2707895429778598,low,random_forest-extended-v1-20260902
187450987_00_001,187450987,tertiary,,,571.6157836914062,23.633289337158203,-0.14835160970687866,157.02203972719624,tree_cover,0.2585729242981257,low,random_forest-extended-v1-20260902
187450987_00_002,187450987,tertiary,,,631.3172607421875,23.90052032470703,-0.0713580921292305,212.27534257419205,tree_cover,0.23663270182429044,low,random_forest-extended-v1-20260902
187450987_00_003,187450987,tertiary,,,688.4853515625,25.892375946044922,-0.017516473308205605,247.41604700322935,tree_cover,0.2711515803576543,low,random_forest-extended-v1-20260902
187450987_00_004,187450987,tertiary,,,718.0086059570312,27.849136352539062,-0.056483443826436996,240.44517801476906,tree_cover,0.371042559259524,low,random_forest-extended-v1-20260902
187450987_00_005,187450987,tertiary,,,788.2672424316406,27.694019317626953,0.026109594851732254,309.95656361374915,tree_cover,0.363692030006134,low,random_forest-extended-v1-20260902
187450987_00_006,187450987,tertiary,,,826.0650024414062,27.606510162353516,0.015025400556623936,332.4553236675307,tree_cover,0.3326557259239934,low,random_forest-extended-v1-20260902
187450987_00_007,187450987,tertiary,,,882.7054138183594,26.99248504638672,0.03468836098909378,379.05738998909834,tree_cover,0.3046337855091507,low,random_forest-extended-v1-20260902
187450987_00_008,187450987,tertiary,,,946.1763916015625,26.49797248840332,0.05053932964801788,371.12407050484404,tree_cover,0.30459576552155315,low,random_forest-extended-v1-20260902
187450987_00_009,187450987,tertiary,,,986.76416015625,25.57136344909668,0.05053932964801788,325.9992659189508,tree_cover,0.25524404294982467,low,random_forest-extended-v1-20260902
187450987_00_010,187450987,tertiary,,,1080.269287109375,23.709774017333984,0.04809851199388504,288.65205483710093,tree_cover,0.21382230193164556,low,random_forest-extended-v1-20260902
187450992_00_000,187450992,tertiary,Zamune Bridge,,573.9007568359375,23.654272079467773,-0.09949930757284164,170.02041587784976,tree_cover,0.25929603790390754,low,random_forest-extended-v1-20260902
187452058_00_000,187452058,secondary,,,419.9482727050781,24.70611572265625,-0.10023155063390732,184.41303327450134,tree_cover,0.32311275058262257,low,random_forest-extended-v1-20260902
187452059_00_000,187452059,secondary,,,415.29884338378906,23.128002166748047,-0.07037457823753357,184.41303327450134,tree_cover,0.25206144828479976,low,random_forest-extended-v1-20260902
213887647_00_000,213887647,tertiary,,,785.1716003417969,26.669719696044922,-0.08226998895406723,204.10782537874525,tree_cover,0.29585753468758413,low,random_forest-extended-v1-20260902
213887647_00_001,213887647,tertiary,,,783.9517211914062,25.85858154296875,-0.05678495764732361,157.02203972719624,tree_cover,0.27539499673581347,low,random_forest-extended-v1-20260902
213887647_00_002,213887647,tertiary,,,808.3191528320312,23.694255828857422,-0.06696461141109467,222.06269817368786,tree_cover,0.21196973661837187,low,random_forest-extended-v1-20260902
213887647_00_003,213887647,tertiary,,,847.8780517578125,20.741697311401367,-0.06957054883241653,292.309750867236,tree_cover,0.14729920769808794,low,random_forest-extended-v1-20260902
213887647_00_004,213887647,tertiary,,,837.4341430664062,21.361957550048828,-0.09187532961368561,195.5995595513705,tree_cover,0.18434153670215073,low,random_forest-extended-v1-20260902
213887647_00_005,213887647,tertiary,,,861.2584838867188,21.848674774169922,-0.07827853411436081,195.5995595513705,tree_cover,0.2024968721512663,low,random_forest-extended-v1-20260902
213887647_00_006,213887647,tertiary,,,886.5839233398438,20.69434356689453,-0.010395021177828312,170.02041587784976,tree_cover,0.1646287955339695,low,random_forest-extended-v1-20260902
213887650_00_000,213887650,trunk,,NH10,670.098876953125,30.822099685668945,-0.1498735249042511,92.20651663725067,tree_cover,0.5580941338615287,moderate,random_forest-extended-v1-20260902
213887651_00_000,213887651,trunk,,NH10,707.2857360839844,27.159748077392578,-0.15779182314872742,87.47478230517653,tree_cover,0.39298125088008923,low,random_forest-extended-v1-20260902
213887652_00_000,213887652,trunk,,NH10,447.7401123046875,26.970706939697266,-0.13069872558116913,195.5995595513705,tree_cover,0.4269339787727233,moderate,random_forest-extended-v1-20260902
213887653_00_000,213887653,trunk,,NH10,322.2718505859375,18.057071685791016,-0.08260022103786469,116.63304307356871,tree_cover,0.22619792811759262,low,random_forest-extended-v1-20260902
213887654_00_000,213887654,secondary,,,323.43157958984375,11.97714900970459,-0.0246235653758049,145.79130384196088,tree_cover,0.18544970187463944,low,random_forest-extended-v1-20260902
213887655_00_000,213887655,trunk,,NH10,701.4028625488281,31.010787963867188,-0.067072294652462,116.63304307356871,tree_cover,0.5094951013159171,moderate,random_forest-extended-v1-20260902
213887655_00_001,213887655,trunk,,NH10,713.6728820800781,30.31338882446289,-0.08787669241428375,105.13160430378801,tree_cover,0.5316705747558189,moderate,random_forest-extended-v1-20260902
213887662_00_000,213887662,trunk,,NH 717A,1059.62890625,21.51059913635254,-0.014156755991280079,123.70802350161468,tree_cover,0.2235061761203096,low,random_forest-extended-v1-20260902
213887662_00_001,213887662,trunk,,NH 717A,1086.2940063476562,20.772388458251953,0.027782274410128593,145.79130384196088,tree_cover,0.1972967208458358,low,random_forest-extended-v1-20260902
213887662_00_002,213887662,trunk,,NH 717A,1115.2793579101562,22.185623168945312,0.0158509723842144,145.79130384196088,tree_cover,0.2337150883032944,low,random_forest-extended-v1-20260902
213887662_00_003,213887662,trunk,,NH 717A,1136.446533203125,21.76470947265625,-0.019813714548945427,145.79130384196088,tree_cover,0.23395550214879804,low,random_forest-extended-v1-20260902
213887662_00_004,213887662,trunk,,NH 717A,1172.9573974609375,20.46658706665039,-0.05880940333008766,235.08141380687945,tree_cover,0.19379360001246332,low,random_forest-extended-v1-20260902
213887662_00_005,213887662,trunk,,NH 717A,1199.8876953125,21.522369384765625,-0.04531310498714447,268.82588145153073,tree_cover,0.2513376089101575,low,random_forest-extended-v1-20260902
213887662_00_006,213887662,trunk,,NH 717A,1267.6263427734375,19.862546920776367,-0.029347270727157593,452.6579340076252,tree_cover,0.2631633789474962,low,random_forest-extended-v1-20260902
213887662_00_007,213887662,trunk,,NH 717A,1260.34521484375,19.376182556152344,-0.0069778733886778355,537.6517629030615,tree_cover,0.2439071859385904,low,random_forest-extended-v1-20260902
213887662_00_008,213887662,trunk,,NH 717A,1247.236572265625,19.29599380493164,-0.017372895032167435,639.4905834092208,tree_cover,0.24563521653232168,low,random_forest-extended-v1-20260902
213887662_00_009,213887662,trunk,,NH 717A,1282.9620361328125,18.913253784179688,-0.02325957827270031,525.6580215189401,tree_cover,0.251942967107514,low,random_forest-extended-v1-20260902
213887662_00_010,213887662,trunk,,NH 717A,1307.0891723632812,19.766109466552734,0.01720060221850872,495.690433062667,tree_cover,0.23839249558562683,low,random_forest-extended-v1-20260902
213887662_00_011,213887662,trunk,,NH 717A,1306.006591796875,22.7801570892334,0.05053932964801788,485.2901764690933,tree_cover,0.2755589464491817,low,random_forest-extended-v1-20260902
213887662_00_012,213887662,trunk,,NH 717A,1301.89306640625,24.019197463989258,0.043633244931697845,466.53217229427486,tree_cover,0.27273740153619336,low,random_forest-extended-v1-20260902
213887662_00_013,213887662,trunk,,NH 717A,1334.3558959960938,21.444355010986328,0.018779955804347992,530.0834452919946,tree_cover,0.2577528994794038,low,random_forest-extended-v1-20260902
213887662_00_014,213887662,trunk,,NH 717A,1325.056396484375,19.47669219970703,-0.02555682137608528,496.54728838338445,tree_cover,0.2361593038571391,low,random_forest-extended-v1-20260902
213887662_00_015,213887662,trunk,,NH 717A,1343.989013671875,18.0267391204834,-0.025872692465782166,482.65509721155024,tree_cover,0.24236309918918858,low,random_forest-extended-v1-20260902
213887662_00_016,213887662,trunk,,NH 717A,1361.8421630859375,17.1653995513916,-0.05042446777224541,287.1755640555846,tree_cover,0.26480925401141286,low,random_forest-extended-v1-20260902
213887662_00_017,213887662,trunk,,NH 717A,1335.7094116210938,16.309688568115234,-0.06815630197525024,145.79130384196088,tree_cover,0.246276501216768,low,random_forest-extended-v1-20260902
213887663_00_000,213887663,tertiary,,,1640.639404296875,19.873390197753906,0.0881853923201561,705.2442414206383,built_up,0.8295497169713593,high,random_forest-extended-v1-20260902
213887665_00_000,213887665,primary,Rannipool - Rumtek - Sirwani Road,SH1,979.7950439453125,21.912128448486328,-0.14597538113594055,145.79130384196088,tree_cover,0.2104295557558816,low,random_forest-extended-v1-20260902
213887666_00_000,213887666,tertiary,,,932.1300354003906,22.072406768798828,-0.01712881401181221,376.2326612420285,tree_cover,0.1846346192015493,low,random_forest-extended-v1-20260902
213887666_00_001,213887666,tertiary,,,923.8821411132812,21.241535186767578,-0.06031696870923042,174.94956461035306,tree_cover,0.16893399950220028,low,random_forest-extended-v1-20260902
213887666_00_002,213887666,tertiary,,,901.1304321289062,21.240280151367188,-0.04893125966191292,145.79130384196088,tree_cover,0.1897639895082743,low,random_forest-extended-v1-20260902
213887666_00_003,213887666,tertiary,,,865.6734924316406,22.336076736450195,-0.058428920805454254,145.79130384196088,tree_cover,0.2333761043664849,low,random_forest-extended-v1-20260902
213887666_00_004,213887666,tertiary,,,871.9749755859375,22.50763702392578,-0.09134409576654434,116.63304307356871,tree_cover,0.25297582291921555,low,random_forest-extended-v1-20260902
213887666_00_005,213887666,tertiary,,,864.2755126953125,22.685951232910156,-0.08005889505147934,105.13160430378801,tree_cover,0.3068159505265511,low,random_forest-extended-v1-20260902
213887666_00_006,213887666,tertiary,,,846.9125671386719,23.730628967285156,-0.045772552490234375,170.02041587784976,tree_cover,0.23312114278115365,low,random_forest-extended-v1-20260902
213887666_00_007,213887666,tertiary,,,846.7777404785156,24.938018798828125,-0.05639730021357536,287.1755640555846,tree_cover,0.21856234023684057,low,random_forest-extended-v1-20260902
213887666_00_008,213887666,tertiary,,,875.9107971191406,25.03200912475586,0.0341140478849411,524.8486938310592,tree_cover,0.2518683526811583,low,random_forest-extended-v1-20260902
213887666_00_009,213887666,tertiary,,,834.7210083007812,25.37640380859375,0.04353274032473564,586.0737881011005,tree_cover,0.2636223944574267,low,random_forest-extended-v1-20260902
213887666_00_010,213887666,tertiary,,,825.7425842285156,25.219375610351562,0.05415748804807663,583.1652153678435,tree_cover,0.248273468972689,low,random_forest-extended-v1-20260902
213887666_00_011,213887666,tertiary,,,782.6004638671875,24.884140014648438,0.07995839416980743,495.690433062667,tree_cover,0.2576992525489095,low,random_forest-extended-v1-20260902
213887666_00_012,213887666,tertiary,,,766.0582885742188,23.304908752441406,-0.02201763167977333,349.89912922070613,tree_cover,0.20499781269743894,low,random_forest-extended-v1-20260902
213887666_00_013,213887666,tertiary,,,753.8113098144531,23.60598373413086,-0.02201763167977333,304.421179688756,tree_cover,0.22084987850250878,low,random_forest-extended-v1-20260902
213887666_00_014,213887666,tertiary,,,799.5659484863281,21.95620346069336,0.004824209026992321,227.73329671633672,tree_cover,0.2031755758810462,low,random_forest-extended-v1-20260902
213887666_00_015,213887666,tertiary,,,838.7318725585938,21.554134368896484,-0.04196774587035179,227.73329671633672,tree_cover,0.18270267662717207,low,random_forest-extended-v1-20260902
213887666_00_016,213887666,tertiary,,,796.2139892578125,24.130720138549805,-0.022857561707496643,222.06269817368786,tree_cover,0.21801098686512377,low,random_forest-extended-v1-20260902
213887666_00_017,213887666,tertiary,,,761.1510009765625,26.78009033203125,0.00221109576523304,297.3570812809173,tree_cover,0.3015304243365898,low,random_forest-extended-v1-20260902
213887666_00_018,213887666,tertiary,,,785.1515197753906,26.542621612548828,-0.0017444683471694589,352.3206053745417,tree_cover,0.30494461166343484,low,random_forest-extended-v1-20260902
213887666_00_019,213887666,tertiary,,,815.2526245117188,26.542621612548828,-0.02205352671444416,373.40793249495863,tree_cover,0.29837785678274686,low,random_forest-extended-v1-20260902
213887666_00_020,213887666,tertiary,,,842.8800659179688,25.078336715698242,-0.04226207733154297,276.619549911752,tree_cover,0.22381836476997297,low,random_forest-extended-v1-20260902
213887666_00_021,213887666,tertiary,,,910.8935546875,24.889877319335938,-0.03215421363711357,184.41303327450134,tree_cover,0.23090097164448012,low,random_forest-extended-v1-20260902
213887666_00_022,213887666,tertiary,,,947.406494140625,24.925607681274414,0.0033310013823211193,204.10782537874525,tree_cover,0.21965971241338722,low,random_forest-extended-v1-20260902
213887666_00_023,213887666,tertiary,,,924.6336364746094,25.0653076171875,-0.017997458577156067,297.3570812809173,tree_cover,0.22205269058747276,low,random_forest-extended-v1-20260902
213887666_00_024,213887666,tertiary,,,938.6138916015625,25.65426254272461,0.02805507183074951,360.66776702215355,tree_cover,0.2701730700875849,low,random_forest-extended-v1-20260902
213887666_00_025,213887666,tertiary,,,950.1945190429688,26.08265495300293,0.04494698345661163,437.3739115258827,tree_cover,0.31157422775771226,low,random_forest-extended-v1-20260902
213887666_00_026,213887666,tertiary,,,971.6451110839844,25.65604019165039,0.07101350277662277,471.06611918158865,tree_cover,0.2839230902960904,low,random_forest-extended-v1-20260902
213887666_00_027,213887666,tertiary,,,976.116455078125,24.455053329467773,0.04224054142832756,445.08153393704293,tree_cover,0.212443281904237,low,random_forest-extended-v1-20260902
213887666_00_028,213887666,tertiary,,,1015.306640625,23.016069412231445,0.018004637211561203,268.82588145153073,tree_cover,0.20280976352863736,low,random_forest-extended-v1-20260902
213887666_00_029,213887666,tertiary,,,1024.1478271484375,21.18538475036621,-0.06188196316361427,204.10782537874525,tree_cover,0.16810131606225473,low,random_forest-extended-v1-20260902
213887666_00_030,213887666,tertiary,,,1061.2261962890625,22.7142276763916,-0.08884584903717041,157.02203972719624,tree_cover,0.2215808186089213,low,random_forest-extended-v1-20260902
213887666_00_031,213887666,tertiary,,,1122.221435546875,28.15906524658203,-0.11456777900457382,177.36277605064052,tree_cover,0.3621313441437099,low,random_forest-extended-v1-20260902
213887666_00_032,213887666,tertiary,,,1147.76025390625,28.150270462036133,-0.03562161326408386,235.08141380687945,tree_cover,0.367646882229689,low,random_forest-extended-v1-20260902
213887666_00_033,213887666,tertiary,,,1063.27197265625,25.249629974365234,-0.037251219153404236,255.8141280430592,tree_cover,0.2338567708240781,low,random_forest-extended-v1-20260902
213887666_00_034,213887666,tertiary,,,993.8548278808594,23.013456344604492,-0.03318079560995102,315.39481291136406,tree_cover,0.19039143198053948,low,random_forest-extended-v1-20260902
213887666_00_035,213887666,tertiary,,,974.688720703125,26.64814567565918,0.033496662974357605,444.1253963473757,tree_cover,0.30433588982801285,low,random_forest-extended-v1-20260902
213887666_00_036,213887666,tertiary,,,930.2892761230469,27.60961151123047,0.016346314921975136,560.8703444503877,tree_cover,0.35448732155214957,low,random_forest-extended-v1-20260902
213887666_00_037,213887666,tertiary,,,931.5194702148438,28.843067169189453,0.06641902029514313,566.1510156143496,tree_cover,0.39392899486286986,low,random_forest-extended-v1-20260902
213887670_00_000,213887670,primary,Rannipool - Rumtek - Sirwani Road,SH1,981.2275085449219,22.831634521484375,-0.08260740339756012,157.02203972719624,tree_cover,0.20671473862412107,low,random_forest-extended-v1-20260902
213887670_00_001,213887670,primary,Rannipool - Rumtek - Sirwani Road,SH1,975.0121459960938,23.644968032836914,-0.08103522658348083,195.5995595513705,tree_cover,0.21052586503582982,low,random_forest-extended-v1-20260902
213887670_00_002,213887670,primary,Rannipool - Rumtek - Sirwani Road,SH1,961.1448974609375,22.698158264160156,-0.048486169427633286,186.70396624747931,tree_cover,0.20799706386168462,low,random_forest-extended-v1-20260902
213891189_00_000,213891189,tertiary,,,1185.8753051757812,26.212234497070312,-0.04710782319307327,651.9985318379016,tree_cover,0.34327572677907564,low,random_forest-extended-v1-20260902
213891189_00_001,213891189,tertiary,,,1080.3216552734375,24.95490074157715,-0.045126453042030334,509.2271321978585,tree_cover,0.25087227822980057,low,random_forest-extended-v1-20260902
213891189_00_002,213891189,tertiary,,,1010.3167724609375,26.33831787109375,0.05059676244854927,461.03258318625336,tree_cover,0.320706135367463,low,random_forest-extended-v1-20260902
213891189_00_003,213891189,tertiary,,,1022.3400268554688,22.968563079833984,0.024523062631487846,509.2271321978585,tree_cover,0.21925291059158922,low,random_forest-extended-v1-20260902
213891189_00_004,213891189,tertiary,,,1077.416259765625,23.01436996459961,0.013525014743208885,580.9742299809095,tree_cover,0.2256372365197689,low,random_forest-extended-v1-20260902
213891189_00_005,213891189,tertiary,,,1062.030029296875,24.933225631713867,-0.00035894411848858,647.4184553451627,tree_cover,0.24619452156502059,low,random_forest-extended-v1-20260902
213891189_00_006,213891189,tertiary,,,987.33740234375,27.694416046142578,-0.0018808671738952398,702.2239095913667,tree_cover,0.3756907247358546,low,random_forest-extended-v1-20260902
213891189_00_007,213891189,tertiary,,,925.2842407226562,28.59402084350586,0.012864557094871998,693.0839463125809,tree_cover,0.3849297875231038,low,random_forest-extended-v1-20260902
213891189_00_008,213891189,tertiary,,,908.7841796875,28.104761123657227,0.007781908381730318,661.0634946155362,tree_cover,0.38755115034549775,low,random_forest-extended-v1-20260902
213891189_00_009,213891189,tertiary,,,863.6531066894531,28.729839324951172,0.003374074585735798,647.4184553451627,tree_cover,0.39084787183831776,low,random_forest-extended-v1-20260902
213891189_00_010,213891189,tertiary,,,823.9021606445312,28.153533935546875,0.004910355433821678,598.2774908074114,tree_cover,0.37865242893313034,low,random_forest-extended-v1-20260902
213891189_00_011,213891189,tertiary,,,790.1214904785156,27.632633209228516,0.012519970536231995,572.868929180574,tree_cover,0.36774148628167447,low,random_forest-extended-v1-20260902
213891189_00_012,213891189,tertiary,,,769.1040344238281,27.42853546142578,0.012965060770511627,516.6856972142671,tree_cover,0.3484203422686421,low,random_forest-extended-v1-20260902
213891189_00_013,213891189,tertiary,,,763.5100708007812,26.745784759521484,0.03702867403626442,496.54728838338445,tree_cover,0.33742109805288867,low,random_forest-extended-v1-20260902
213891189_00_014,213891189,tertiary,,,705.2955932617188,26.614479064941406,0.031106097623705864,509.2271321978585,tree_cover,0.33711694423023236,low,random_forest-extended-v1-20260902
213891189_00_015,213891189,tertiary,,,636.2612915039062,26.89773941040039,0.03163015469908714,525.6580215189401,tree_cover,0.374393874152373,low,random_forest-extended-v1-20260902
213891189_00_016,213891189,tertiary,,,647.2271728515625,25.97714614868164,0.02536299079656601,503.34962299498386,tree_cover,0.35291567461710227,low,random_forest-extended-v1-20260902
213891189_00_017,213891189,tertiary,,,618.9368286132812,25.571928024291992,0.0446813628077507,499.1090282834049,tree_cover,0.3256521568428335,low,random_forest-extended-v1-20260902
213891189_00_018,213891189,tertiary,,,530.8179626464844,28.33049774169922,0.07137244939804077,441.2445525642225,tree_cover,0.44262642010664766,moderate,random_forest-extended-v1-20260902
213891189_00_019,213891189,tertiary,,,539.1721801757812,28.97014808654785,0.05007988214492798,351.11195479568335,tree_cover,0.42396509094976553,moderate,random_forest-extended-v1-20260902
213891189_00_020,213891189,tertiary,,,639.1736755371094,30.02713394165039,0.03679895028471947,394.4397510858954,tree_cover,0.4554735470366065,moderate,random_forest-extended-v1-20260902
213891189_00_021,213891189,tertiary,,,542.3666076660156,30.86136245727539,-0.05879863351583481,287.1755640555846,tree_cover,0.5335297921949206,moderate,random_forest-extended-v1-20260902
213891189_00_022,213891189,tertiary,,,468.91790771484375,29.365427017211914,-0.0559055432677269,260.7994127351607,tree_cover,0.47408770841077286,moderate,random_forest-extended-v1-20260902
213891189_00_023,213891189,tertiary,,,521.7653503417969,31.736427307128906,-0.05882376432418823,352.3206053745417,tree_cover,0.5445913976147477,moderate,random_forest-extended-v1-20260902
213891189_00_024,213891189,tertiary,,,484.4386749267578,31.952241897583008,-0.09853734076023102,325.9992659189508,tree_cover,0.5458203555306639,moderate,random_forest-extended-v1-20260902
213891189_00_025,213891189,tertiary,,,459.462890625,30.141775131225586,-0.07684275507926941,324.0313913695652,tree_cover,0.5386550420227885,moderate,random_forest-extended-v1-20260902
213891189_00_026,213891189,tertiary,,,412.66998291015625,27.51515769958496,-0.09728821367025375,268.82588145153073,tree_cover,0.4077065751943362,low,random_forest-extended-v1-20260902
213891189_00_027,213891189,tertiary,,,358.2817077636719,14.894634246826172,-0.13415177166461945,148.67854064045866,tree_cover,0.1937447655800482,low,random_forest-extended-v1-20260902
213891189_00_028,213891189,tertiary,,,328.7030487060547,11.347673416137695,-0.10456401109695435,116.63304307356871,tree_cover,0.20170418519337696,low,random_forest-extended-v1-20260902
213891202_00_000,213891202,tertiary,,,332.07135009765625,12.423755645751953,-0.09084157645702362,116.63304307356871,tree_cover,0.20081688360607533,low,random_forest-extended-v1-20260902
213891204_00_000,213891204,tertiary,,,361.72576904296875,22.520051956176758,-0.0581991970539093,212.27534257419205,tree_cover,0.24808779056851393,low,random_forest-extended-v1-20260902
232178412_00_000,232178412,primary,Burtuk,,1741.5938720703125,23.408479690551758,-0.022512974217534065,417.4827601981901,tree_cover,0.2952503536944635,low,random_forest-extended-v1-20260902
232178412_00_001,232178412,primary,Burtuk,,1691.3270874023438,23.294252395629883,0.0036755879409611225,322.06351682017964,tree_cover,0.2907513975867595,low,random_forest-extended-v1-20260902
232178412_00_002,232178412,primary,Burtuk,,1757.7385864257812,26.05425262451172,0.04446599632501602,195.5995595513705,tree_cover,0.4256455215635668,moderate,random_forest-extended-v1-20260902
235284777_00_000,235284777,tertiary,,,1497.4381103515625,21.71257209777832,0.046203285455703735,963.9881529064824,tree_cover,0.3621158869475562,low,random_forest-extended-v1-20260902
235284777_00_001,235284777,tertiary,,,1492.2734375,23.856813430786133,0.023087285459041595,961.7807120590762,tree_cover,0.3771650851664134,low,random_forest-extended-v1-20260902
235284777_00_002,235284777,tertiary,,,1458.0167236328125,27.247570037841797,0.0076096151024103165,910.9331868653469,tree_cover,0.45239622825533277,moderate,random_forest-extended-v1-20260902
235284777_00_003,235284777,tertiary,,,1449.57958984375,28.69934844970703,-0.0478113554418087,810.1590091093199,tree_cover,0.4603005362252228,moderate,random_forest-extended-v1-20260902
235284777_00_004,235284777,tertiary,,,1479.8245849609375,28.995630264282227,0.00040201740921474993,776.3985814423086,tree_cover,0.45795081539646937,moderate,random_forest-extended-v1-20260902
235301877_00_000,235301877,tertiary,,,1597.04833984375,23.91059112548828,0.026447001844644547,743.3927032022933,tree_cover,0.3687782319948003,low,random_forest-extended-v1-20260902
235301877_00_001,235301877,tertiary,,,1592.7674560546875,24.484769821166992,0.030495891347527504,731.2854597095612,tree_cover,0.35598590293247917,low,random_forest-extended-v1-20260902
235301877_00_002,235301877,tertiary,,,1604.8798828125,26.79225730895996,0.050194744020700455,746.8158649899173,tree_cover,0.4474027190826376,moderate,random_forest-extended-v1-20260902
235301877_00_003,235301877,tertiary,,,1621.56689453125,29.44227409362793,0.011658504605293274,709.4511042025621,tree_cover,0.4824155259846117,moderate,random_forest-extended-v1-20260902
235301877_00_004,235301877,tertiary,,,1648.9112548828125,30.317218780517578,-0.003374074585735798,670.6399976730202,tree_cover,0.5681217238839241,moderate,random_forest-extended-v1-20260902
235301877_00_005,235301877,tertiary,,,1654.1986083984375,28.639373779296875,-0.004221182782202959,624.0140305595714,tree_cover,0.5035525627130267,moderate,random_forest-extended-v1-20260902
235301877_00_006,235301877,tertiary,,,1612.3538818359375,26.42093849182129,0.011400065384805202,535.2745142818376,tree_cover,0.44560919339445026,moderate,random_forest-extended-v1-20260902
235301877_00_007,235301877,tertiary,,,1567.1641845703125,25.127119064331055,-0.03491808474063873,406.1275774695512,tree_cover,0.34386765736950653,low,random_forest-extended-v1-20260902
235301877_00_008,235301877,tertiary,,,1622.1669921875,24.306230545043945,-0.04224054142832756,309.95656361374915,tree_cover,0.29722058406420915,low,random_forest-extended-v1-20260902
235301877_00_009,235301877,tertiary,,,1583.6600952148438,24.16603660583496,-0.12105031311511993,233.26608614713743,tree_cover,0.31627567244580185,low,random_forest-extended-v1-20260902
235301877_00_010,235301877,tertiary,,,1562.3172607421875,25.32695770263672,-0.06634722650051117,325.9992659189508,tree_cover,0.34156091595916743,low,random_forest-extended-v1-20260902
235301877_00_011,235301877,tertiary,,,1485.1708374023438,26.45729637145996,-0.012017449364066124,433.46870913515824,tree_cover,0.40248892710815837,low,random_forest-extended-v1-20260902
235301877_00_012,235301877,tertiary,,,1435.8751220703125,27.33548355102539,0.01487464364618063,532.0883281519216,tree_cover,0.4390480568225145,moderate,random_forest-extended-v1-20260902
235301877_00_013,235301877,tertiary,,,1424.2073974609375,29.847293853759766,-0.02697823941707611,671.2735736269572,tree_cover,0.459599985544704,moderate,random_forest-extended-v1-20260902
235301877_00_014,235301877,tertiary,,,1371.7900390625,30.950469970703125,-0.051917675882577896,769.8001735601117,tree_cover,0.546303992364639,moderate,random_forest-extended-v1-20260902
235301877_00_015,235301877,tertiary,,,1313.2557373046875,30.597436904907227,-0.024580493569374084,743.3927032022933,tree_cover,0.5306964843615285,moderate,random_forest-extended-v1-20260902
235301877_00_016,235301877,tertiary,,,1244.9678344726562,28.69076919555664,-0.06305930018424988,688.1596640808876,tree_cover,0.42758739398019807,moderate,random_forest-extended-v1-20260902
235301877_00_017,235301877,tertiary,,,1204.4992065429688,26.221546173095703,0.0410919226706028,651.9985318379016,tree_cover,0.3836914668134695,low,random_forest-extended-v1-20260902
235301877_00_018,235301877,tertiary,,,1252.255615234375,25.961942672729492,-0.015391523949801922,645.4456164607546,tree_cover,0.37069323675169774,low,random_forest-extended-v1-20260902
235301877_00_019,235301877,tertiary,,,1265.23681640625,28.42943000793457,-0.01570739410817623,406.1275774695512,tree_cover,0.4393441187068915,moderate,random_forest-extended-v1-20260902
235301877_00_020,235301877,tertiary,,,1173.6763916015625,29.695816040039062,-0.03262083977460861,186.70396624747931,tree_cover,0.3681326375151922,low,random_forest-extended-v1-20260902
235301877_00_021,235301877,tertiary,,,1226.3260498046875,28.548803329467773,-0.01628170534968376,145.79130384196088,tree_cover,0.439787683323301,moderate,random_forest-extended-v1-20260902
235301877_00_022,235301877,tertiary,,,1199.522216796875,21.78436851501465,-0.07715862989425659,87.47478230517653,tree_cover,0.3625494836133851,low,random_forest-extended-v1-20260902
235301877_00_023,235301877,tertiary,,,1151.5919189453125,19.84283447265625,-0.06880240887403488,82.47201566774314,tree_cover,0.2731154922362172,low,random_forest-extended-v1-20260902
235301877_00_024,235301877,tertiary,,,1119.2682495117188,20.890132904052734,-0.046131499111652374,87.47478230517653,tree_cover,0.26772194094483903,low,random_forest-extended-v1-20260902
235301877_00_025,235301877,tertiary,,,1071.486083984375,21.655193328857422,-0.08106394112110138,87.47478230517653,tree_cover,0.28192132892741256,low,random_forest-extended-v1-20260902
235301877_00_026,235301877,tertiary,,,1056.6947021484375,23.284339904785156,-0.014185471460223198,120.22258900738453,tree_cover,0.2506964930621253,low,random_forest-extended-v1-20260902
235301877_00_027,235301877,tertiary,,,978.5547180175781,24.261924743652344,-0.027595624327659607,145.79130384196088,tree_cover,0.24082137136536938,low,random_forest-extended-v1-20260902
235301877_00_028,235301877,tertiary,,,888.5797424316406,27.23666000366211,-0.03474579006433487,145.79130384196088,tree_cover,0.3207891573466217,low,random_forest-extended-v1-20260902
235301877_00_029,235301877,tertiary,,,891.7578125,28.203170776367188,-0.0019095826428383589,174.94956461035306,tree_cover,0.3597906226282364,low,random_forest-extended-v1-20260902
235301877_00_030,235301877,tertiary,,,944.2852172851562,26.57240867614746,-0.037272755056619644,204.10782537874525,tree_cover,0.281739595294553,low,random_forest-extended-v1-20260902
235301877_00_031,235301877,tertiary,,,883.9214782714844,25.346202850341797,-0.1294567883014679,222.06269817368786,tree_cover,0.23516199868156454,low,random_forest-extended-v1-20260902
235301877_00_032,235301877,tertiary,,,879.1843566894531,25.049041748046875,-0.10192577540874481,351.11195479568335,tree_cover,0.22548808412516266,low,random_forest-extended-v1-20260902
235301877_00_033,235301877,tertiary,,,818.6464233398438,27.32183837890625,-0.03161579743027687,341.2886922125395,tree_cover,0.3107976527410294,low,random_forest-extended-v1-20260902
235301877_00_034,235301877,tertiary,,,735.7116088867188,29.862743377685547,0.018076425418257713,325.9992659189508,tree_cover,0.3683163666151019,low,random_forest-extended-v1-20260902
235301877_00_035,235301877,tertiary,,,702.3389892578125,29.35405731201172,0.011285202577710152,405.07950455465993,tree_cover,0.3771544071570368,low,random_forest-extended-v1-20260902
235301877_00_036,235301877,tertiary,,,728.9317626953125,28.95551109313965,0.055263034999370575,509.2271321978585,tree_cover,0.3931428234998706,low,random_forest-extended-v1-20260902
235301877_00_037,235301877,tertiary,,,677.1965026855469,29.9822940826416,0.05852942541241646,455.46659343267345,tree_cover,0.4129079669461245,low,random_forest-extended-v1-20260902
235301877_00_038,235301877,tertiary,,,627.2559204101562,30.202449798583984,0.057890504598617554,380.1772074656567,tree_cover,0.5429064038737864,moderate,random_forest-extended-v1-20260902
235301877_00_039,235301877,tertiary,,,563.5518493652344,29.85147476196289,-0.053087834268808365,314.0440794543925,tree_cover,0.4131355463571206,low,random_forest-extended-v1-20260902
235301877_00_040,235301877,tertiary,,,521.5142822265625,28.374935150146484,-0.08939144015312195,268.82588145153073,tree_cover,0.4172510340002675,low,random_forest-extended-v1-20260902
235301877_00_041,235301877,tertiary,,,566.4755249023438,28.386795043945312,-0.03236958011984825,309.95656361374915,tree_cover,0.4096878598459602,low,random_forest-extended-v1-20260902
235301877_00_042,235301877,tertiary,,,628.4020385742188,29.345659255981445,0.0415513701736927,379.05738998909834,tree_cover,0.4250234856198828,moderate,random_forest-extended-v1-20260902
235301877_00_043,235301877,tertiary,,,540.3499450683594,28.64130401611328,-0.04445163905620575,288.65205483710093,tree_cover,0.41302116048270776,low,random_forest-extended-v1-20260902
235301877_00_044,235301877,tertiary,,,474.05926513671875,29.485435485839844,-0.015075652860105038,297.3570812809173,tree_cover,0.45304860284692616,moderate,random_forest-extended-v1-20260902
235301877_00_045,235301877,tertiary,,,422.98284912109375,26.609283447265625,-0.027222322300076485,264.0392812160338,tree_cover,0.3959765721272661,low,random_forest-extended-v1-20260902
235301877_00_046,235301877,tertiary,,,400.57635498046875,25.665822982788086,-0.036748699843883514,210.26320860757602,tree_cover,0.39745280724552484,low,random_forest-extended-v1-20260902
235301877_00_047,235301877,tertiary,,,454.5198974609375,28.48468017578125,-0.055945027619600296,235.08141380687945,tree_cover,0.5021341802607746,moderate,random_forest-extended-v1-20260902
235301877_00_048,235301877,tertiary,,,378.0195617675781,24.443466186523438,-0.04437984898686409,174.94956461035306,tree_cover,0.339061504558863,low,random_forest-extended-v1-20260902
235301877_00_049,235301877,tertiary,,,314.1702117919922,11.912454605102539,-0.05513381585478783,145.79130384196088,tree_cover,0.18222035714529472,low,random_forest-extended-v1-20260902
235301877_00_050,235301877,tertiary,,,306.45494079589844,11.180936813354492,-0.0870295912027359,123.70802350161468,tree_cover,0.19731929089569783,low,random_forest-extended-v1-20260902
235307860_00_000,235307860,tertiary,,,1470.9669189453125,26.77552604675293,-0.011687220074236393,937.1557547610737,tree_cover,0.4244248617407325,moderate,random_forest-extended-v1-20260902
235307860_00_001,235307860,tertiary,,,1534.2713012695312,24.307235717773438,0.05444464087486267,1005.4316283883538,tree_cover,0.38030624907751237,low,random_forest-extended-v1-20260902
235307860_00_002,235307860,tertiary,,,1568.8941650390625,23.97307586669922,0.05137208104133606,1075.303525806123,tree_cover,0.37676735170609293,low,random_forest-extended-v1-20260902
235309083_00_000,235309083,tertiary,,,1563.63232421875,23.642654418945312,0.06929057091474533,1108.3975041244328,tree_cover,0.3760059580572702,low,random_forest-extended-v1-20260902
235309083_00_001,235309083,tertiary,,,1510.1793212890625,20.5823974609375,0.0410919226706028,1085.1418233977615,tree_cover,0.30180650049558966,low,random_forest-extended-v1-20260902
235309083_00_002,235309083,tertiary,,,1423.8936767578125,20.384933471679688,0.026289066299796104,1005.4316283883538,tree_cover,0.30678921982842133,low,random_forest-extended-v1-20260902
238452528_00_000,238452528,trunk,,NH310,3184.027099609375,31.006879806518555,-0.04261384531855583,235.08141380687945,grassland,0.6898368495065519,high,random_forest-extended-v1-20260902
238452528_00_001,238452528,trunk,,NH310,3246.75146484375,30.545894622802734,-0.05915398895740509,210.26320860757602,grassland,0.6855024169225278,high,random_forest-extended-v1-20260902
238452528_00_002,238452528,trunk,,NH310,3315.55712890625,30.951791763305664,-0.1210646703839302,195.5995595513705,tree_cover,0.41616627403379913,low,random_forest-extended-v1-20260902
238452528_00_003,238452528,trunk,,NH310,3348.54833984375,30.581642150878906,-0.18125241994857788,157.02203972719624,tree_cover,0.4052477054090082,low,random_forest-extended-v1-20260902
238452529_00_000,238452529,trunk,,NH310,2615.4892578125,30.54172134399414,-0.03876596689224243,276.619549911752,tree_cover,0.42572409113720283,moderate,random_forest-extended-v1-20260902
238452530_00_000,238452530,trunk,,NH310,3069.35498046875,31.53075408935547,-0.024006182327866554,474.66209594294867,grassland,0.6825716820551289,high,random_forest-extended-v1-20260902
238452530_00_001,238452530,trunk,,NH310,3176.974609375,33.53083038330078,-0.08683575689792633,466.53217229427486,grassland,0.6858351851628187,high,random_forest-extended-v1-20260902
238452530_00_002,238452530,trunk,,NH310,3128.0518798828125,35.993446350097656,-0.05702903866767883,341.2886922125395,grassland,0.7165469312502927,high,random_forest-extended-v1-20260902
238452530_00_003,238452530,trunk,,NH310,3033.61474609375,37.105472564697266,-0.07213340699672699,235.08141380687945,grassland,0.7678906270817714,high,random_forest-extended-v1-20260902
238452530_00_004,238452530,trunk,,NH310,3072.390869140625,38.07582473754883,-0.12100724130868912,240.44517801476906,grassland,0.7624867589653224,high,random_forest-extended-v1-20260902
238452530_00_005,238452530,trunk,,NH310,3230.2958984375,39.007484436035156,-0.06885983794927597,314.0440794543925,grassland,0.7259886839994005,high,random_forest-extended-v1-20260902
238452530_00_006,238452530,trunk,,NH310,3297.130615234375,38.124698638916016,-0.20100870728492737,204.10782537874525,grassland,0.7485523467497909,high,random_forest-extended-v1-20260902
238452530_00_007,238452530,trunk,,NH310,3243.2724609375,37.83314514160156,-0.2018701732158661,157.02203972719624,grassland,0.757288253168065,high,random_forest-extended-v1-20260902
238452530_00_008,238452530,trunk,,NH310,3174.8193359375,38.204524993896484,-0.18573203682899475,145.79130384196088,grassland,0.7657658100295377,high,random_forest-extended-v1-20260902
238452530_00_009,238452530,trunk,,NH310,3121.1693115234375,39.3348388671875,-0.06495452672243118,174.94956461035306,tree_cover,0.4055193406231579,low,random_forest-extended-v1-20260902
238452530_00_010,238452530,trunk,,NH310,3136.0166015625,38.153507232666016,-0.025671683251857758,227.73329671633672,grassland,0.7672277139900335,high,random_forest-extended-v1-20260902
238452530_00_011,238452530,trunk,,NH310,3164.086669921875,34.3871955871582,0.009590987116098404,227.73329671633672,grassland,0.7283328104174916,high,random_forest-extended-v1-20260902
238452531_00_000,238452531,unclassified,,NH310,2457.022216796875,28.362932205200195,-0.04387732967734337,235.08141380687945,tree_cover,0.40420344751521997,low,random_forest-extended-v1-20260902
238452531_00_001,238452531,unclassified,,NH310,2540.4580078125,29.153989791870117,-0.03422890976071358,291.58260768392176,tree_cover,0.367682487987365,low,random_forest-extended-v1-20260902
243730525_00_000,243730525,trunk,,NH 717B,3890.245361328125,8.402772903442383,-0.08660603314638138,204.10782537874525,grassland,0.153935172874809,low,random_forest-extended-v1-20260902
243730527_00_000,243730527,trunk,Jelep Pass Highway,NH 717B,3891.788818359375,8.399909973144531,-0.08270072937011719,204.10782537874525,grassland,0.153935172874809,low,random_forest-extended-v1-20260902
243730527_01_000,243730527,trunk,Jelep Pass Highway,NH 717B,3917.62744140625,9.893606185913086,-0.051400795578956604,340.0408317556995,grassland,0.1323514478015556,low,random_forest-extended-v1-20260902
243730529_00_000,243730529,trunk,,NH 717B,4009.8380126953125,13.963476181030273,-0.12238558381795883,145.79130384196088,grassland,0.15136700322335103,low,random_forest-extended-v1-20260902
243730529_00_001,243730529,trunk,,NH 717B,4004.83447265625,13.407835006713867,-0.1057305783033371,191.1517628994249,grassland,0.13662930271098261,low,random_forest-extended-v1-20260902
243730529_00_002,243730529,trunk,,NH 717B,3996.180908203125,14.380865097045898,-0.11233515292406082,222.06269817368786,grassland,0.13578782066361822,low,random_forest-extended-v1-20260902
243730529_00_003,243730529,trunk,,NH 717B,3958.2835693359375,14.505992889404297,-0.08261457085609436,206.18003916935783,grassland,0.14845729738572658,low,random_forest-extended-v1-20260902
243730529_00_004,243730529,trunk,,NH 717B,3934.5,17.769664764404297,-0.06202554330229759,184.41303327450134,grassland,0.29658513977081297,low,random_forest-extended-v1-20260902
243730529_00_005,243730529,trunk,,NH 717B,3918.20703125,19.20962142944336,-0.13421638309955597,145.79130384196088,grassland,0.30148426978442955,low,random_forest-extended-v1-20260902
243730529_00_006,243730529,trunk,,NH 717B,3896.9940185546875,21.832712173461914,-0.1969885230064392,120.22258900738453,grassland,0.5247343751703476,moderate,random_forest-extended-v1-20260902
243730529_00_007,243730529,trunk,,NH 717B,3911.3443603515625,27.72200584411621,-0.2126384973526001,147.23492224120977,grassland,0.574367998256411,moderate,random_forest-extended-v1-20260902
243754227_00_000,243754227,trunk,Jelep Pass Highway,NH 717B,3740.267333984375,23.624034881591797,0.09786251932382584,509.2271321978585,grassland,0.49176122388150834,moderate,random_forest-extended-v1-20260902
243754227_00_001,243754227,trunk,Jelep Pass Highway,NH 717B,3726.055908203125,24.692787170410156,0.06179581955075264,563.1395526838879,grassland,0.5177477448262198,moderate,random_forest-extended-v1-20260902
243754227_00_002,243754227,trunk,Jelep Pass Highway,NH 717B,3707.90234375,25.270376205444336,0.07219084352254868,590.4097815292349,grassland,0.5469905298885487,moderate,random_forest-extended-v1-20260902
243754227_00_003,243754227,trunk,Jelep Pass Highway,NH 717B,3664.392822265625,26.020347595214844,0.027739200741052628,651.9985318379016,grassland,0.5848651689078378,moderate,random_forest-extended-v1-20260902
243754227_00_004,243754227,trunk,Jelep Pass Highway,NH 717B,3632.560791015625,28.02669906616211,0.011371349915862083,752.4865300528734,grassland,0.6444518156004362,high,random_forest-extended-v1-20260902
243754227_00_005,243754227,trunk,Jelep Pass Highway,NH 717B,3604.32470703125,29.160165786743164,-0.03526267036795616,769.8001735601117,grassland,0.6374392646925977,high,random_forest-extended-v1-20260902
243754227_00_006,243754227,trunk,Jelep Pass Highway,NH 717B,3600.996826171875,29.05875587463379,0.024810217320919037,835.4744905871366,grassland,0.6351552771906583,high,random_forest-extended-v1-20260902
243754227_00_007,243754227,trunk,Jelep Pass Highway,NH 717B,3608.7039794921875,26.309371948242188,0.006460994016379118,846.845116475829,grassland,0.5785211630455335,moderate,random_forest-extended-v1-20260902
243754227_00_008,243754227,trunk,Jelep Pass Highway,NH 717B,3560.5869140625,26.075023651123047,0.026877734810113907,758.6753085427436,grassland,0.6067292149688556,high,random_forest-extended-v1-20260902
243754227_00_009,243754227,trunk,Jelep Pass Highway,NH 717B,3578.7852783203125,29.872520446777344,0.09872399270534515,657.8403476970057,grassland,0.6734159620310389,high,random_forest-extended-v1-20260902
243754227_00_010,243754227,trunk,Jelep Pass Highway,NH 717B,3574.0350341796875,32.69969177246094,0.06122150644659996,618.1962929895997,grassland,0.7004582805590075,high,random_forest-extended-v1-20260902
243754227_00_011,243754227,trunk,Jelep Pass Highway,NH 717B,3517.063232421875,34.14971923828125,0.027854062616825104,553.239099823504,grassland,0.7038535942727673,high,random_forest-extended-v1-20260902
243754227_00_012,243754227,trunk,Jelep Pass Highway,NH 717B,3468.047607421875,35.10795211791992,0.019928576424717903,578.7749505540111,grassland,0.7039131467414979,high,random_forest-extended-v1-20260902
243754227_00_013,243754227,trunk,Jelep Pass Highway,NH 717B,3453.965087890625,35.250030517578125,0.0016367852222174406,517.9168853572032,grassland,0.6971732609433016,high,random_forest-extended-v1-20260902
243754227_00_014,243754227,trunk,Jelep Pass Highway,NH 717B,3418.26904296875,35.83897018432617,0.03267827257514,586.7986786541115,tree_cover,0.48262253085238666,moderate,random_forest-extended-v1-20260902
243754227_00_015,243754227,trunk,Jelep Pass Highway,NH 717B,3385.0035400390625,36.439125061035156,0.10231342911720276,638.1583055658984,tree_cover,0.4825284814369232,moderate,random_forest-extended-v1-20260902
243754227_00_016,243754227,trunk,Jelep Pass Highway,NH 717B,3381.4251708984375,35.7403564453125,-0.022139672189950943,414.41674984197584,tree_cover,0.4912734451481981,moderate,random_forest-extended-v1-20260902
243754227_00_017,243754227,trunk,Jelep Pass Highway,NH 717B,3374.5809326171875,35.2404899597168,-0.02392003685235977,379.05738998909834,tree_cover,0.4883634300472461,moderate,random_forest-extended-v1-20260902
243754227_00_018,243754227,trunk,Jelep Pass Highway,NH 717B,3352.0855712890625,35.78517532348633,-0.009332546964287758,433.46870913515824,tree_cover,0.4856592702182892,moderate,random_forest-extended-v1-20260902
243754227_00_019,243754227,trunk,Jelep Pass Highway,NH 717B,3304.65283203125,35.85162353515625,0.0023546733427792788,332.4553236675307,tree_cover,0.4730227601384947,moderate,random_forest-extended-v1-20260902
243754227_00_020,243754227,trunk,Jelep Pass Highway,NH 717B,3288.916259765625,36.07228469848633,0.01711445488035679,304.421179688756,tree_cover,0.4702172146425423,moderate,random_forest-extended-v1-20260902
243754227_00_021,243754227,trunk,Jelep Pass Highway,NH 717B,3266.348876953125,36.10004425048828,0.01998600736260414,315.39481291136406,tree_cover,0.4660043797912585,moderate,random_forest-extended-v1-20260902
243754227_00_022,243754227,trunk,Jelep Pass Highway,NH 717B,3269.79345703125,36.23871612548828,0.03773220628499985,340.0408317556995,tree_cover,0.4774098165211835,moderate,random_forest-extended-v1-20260902
243754227_00_023,243754227,trunk,Jelep Pass Highway,NH 717B,3264.856201171875,36.5922966003418,0.09349776804447174,396.5952239273039,tree_cover,0.48866098807264763,moderate,random_forest-extended-v1-20260902
243754227_00_024,243754227,trunk,Jelep Pass Highway,NH 717B,3171.244384765625,35.95343017578125,0.07107093185186386,304.421179688756,tree_cover,0.472145960747372,moderate,random_forest-extended-v1-20260902
243754227_00_025,243754227,trunk,Jelep Pass Highway,NH 717B,3175.29833984375,36.07601547241211,0.10435223579406738,329.88806267097254,tree_cover,0.47065686414907987,moderate,random_forest-extended-v1-20260902
243754227_00_026,243754227,trunk,Jelep Pass Highway,NH 717B,3160.6103515625,35.95343017578125,0.08976474404335022,332.4553236675307,tree_cover,0.47157353081574654,moderate,random_forest-extended-v1-20260902
243754227_00_027,243754227,trunk,Jelep Pass Highway,NH 717B,3058.1771240234375,35.374839782714844,0.09789124131202698,293.03689405055025,tree_cover,0.47072617539286926,moderate,random_forest-extended-v1-20260902
243754227_00_028,243754227,trunk,Jelep Pass Highway,NH 717B,2997.308837890625,35.204254150390625,0.14288847148418427,340.0408317556995,tree_cover,0.4709265859879889,moderate,random_forest-extended-v1-20260902
243754227_00_029,243754227,trunk,Jelep Pass Highway,NH 717B,2980.621337890625,35.487770080566406,0.10607516765594482,332.4553236675307,tree_cover,0.47156644215883714,moderate,random_forest-extended-v1-20260902
243754227_00_030,243754227,trunk,Jelep Pass Highway,NH 717B,3015.2431640625,34.20829772949219,0.14185470342636108,371.12407050484404,tree_cover,0.48451634762482354,moderate,random_forest-extended-v1-20260902
243754227_00_031,243754227,trunk,Jelep Pass Highway,NH 717B,2994.73974609375,33.78314208984375,0.15368551015853882,379.05738998909834,tree_cover,0.48156991628761137,moderate,random_forest-extended-v1-20260902
243754227_00_032,243754227,trunk,Jelep Pass Highway,NH 717B,2944.8280029296875,34.335838317871094,0.20425355434417725,383.5170421109049,tree_cover,0.48373216432028754,moderate,random_forest-extended-v1-20260902
243754227_00_033,243754227,trunk,Jelep Pass Highway,NH 717B,2946.97119140625,33.594139099121094,0.2289489209651947,405.07950455465993,tree_cover,0.47573960114583486,moderate,random_forest-extended-v1-20260902
243754227_00_034,243754227,trunk,Jelep Pass Highway,NH 717B,2946.7122802734375,32.793704986572266,0.1828317642211914,405.07950455465993,tree_cover,0.46824662633937597,moderate,random_forest-extended-v1-20260902
243754227_00_035,243754227,trunk,Jelep Pass Highway,NH 717B,2893.997314453125,33.328575134277344,0.17235060036182404,438.344776009123,tree_cover,0.4752587860343911,moderate,random_forest-extended-v1-20260902
243754227_00_036,243754227,trunk,Jelep Pass Highway,NH 717B,2884.064697265625,32.62067794799805,0.06937671452760696,409.25569231765,tree_cover,0.46784598453423315,moderate,random_forest-extended-v1-20260902
243754227_00_037,243754227,trunk,Jelep Pass Highway,NH 717B,2844.903076171875,32.77490234375,0.12586015462875366,466.53217229427486,tree_cover,0.4635662606215142,moderate,random_forest-extended-v1-20260902
243754227_00_038,243754227,trunk,Jelep Pass Highway,NH 717B,2822.0859375,32.618412017822266,0.06782607734203339,438.344776009123,tree_cover,0.4657938974170514,moderate,random_forest-extended-v1-20260902
243754227_00_039,243754227,trunk,Jelep Pass Highway,NH 717B,2804.383544921875,32.6661262512207,0.06702204793691635,438.344776009123,tree_cover,0.4679660851327174,moderate,random_forest-extended-v1-20260902
243754227_00_040,243754227,trunk,Jelep Pass Highway,NH 717B,2792.5206298828125,31.94207763671875,0.050625476986169815,392.284278244487,tree_cover,0.4619291979496595,moderate,random_forest-extended-v1-20260902
243754227_00_041,243754227,trunk,Jelep Pass Highway,NH 717B,2729.760498046875,32.18893814086914,0.17355665564537048,471.06611918158865,tree_cover,0.4605447755648866,moderate,random_forest-extended-v1-20260902
243754227_00_042,243754227,trunk,Jelep Pass Highway,NH 717B,2669.93701171875,32.51588439941406,0.18265947699546814,433.46870913515824,tree_cover,0.4803526587800145,moderate,random_forest-extended-v1-20260902
243754227_00_043,243754227,trunk,Jelep Pass Highway,NH 717B,2679.635986328125,32.78821563720703,0.14116553962230682,430.5165609894557,tree_cover,0.4759234552111793,moderate,random_forest-extended-v1-20260902
243754227_00_044,243754227,trunk,Jelep Pass Highway,NH 717B,2577.9649658203125,33.86020278930664,0.15839485824108124,417.4827601981901,tree_cover,0.49230183398673727,moderate,random_forest-extended-v1-20260902
243754227_00_045,243754227,trunk,Jelep Pass Highway,NH 717B,2578.849609375,33.471649169921875,0.1559540331363678,479.56069508188835,tree_cover,0.49030809991427066,moderate,random_forest-extended-v1-20260902
243754227_00_046,243754227,trunk,Jelep Pass Highway,NH 717B,2545.10009765625,34.33714294433594,0.21174831688404083,470.1628276137589,tree_cover,0.48366030199644483,moderate,random_forest-extended-v1-20260902
243754227_00_047,243754227,trunk,Jelep Pass Highway,NH 717B,2512.63330078125,33.91947937011719,0.166320338845253,474.66209594294867,tree_cover,0.4905863096886201,moderate,random_forest-extended-v1-20260902
243754227_00_048,243754227,trunk,Jelep Pass Highway,NH 717B,2482.634765625,33.900390625,0.15144570171833038,515.8622931895253,tree_cover,0.503883568381333,moderate,random_forest-extended-v1-20260902
243754227_00_049,243754227,trunk,Jelep Pass Highway,NH 717B,2453.490234375,33.852535247802734,0.19423183798789978,524.8486938310592,tree_cover,0.5093049397408452,moderate,random_forest-extended-v1-20260902
243754227_00_050,243754227,trunk,Jelep Pass Highway,NH 717B,2422.010498046875,33.797508239746094,0.1534844934940338,517.9168853572032,tree_cover,0.5069114384440868,moderate,random_forest-extended-v1-20260902
243754227_00_051,243754227,trunk,Jelep Pass Highway,NH 717B,2404.097900390625,33.54869079589844,0.13088539242744446,524.8486938310592,tree_cover,0.5071398056034965,moderate,random_forest-extended-v1-20260902
243754227_00_052,243754227,trunk,Jelep Pass Highway,NH 717B,2370.3748779296875,33.62617492675781,0.12519970536231995,501.65768670191557,tree_cover,0.49181903114770636,moderate,random_forest-extended-v1-20260902
243754227_00_053,243754227,trunk,Jelep Pass Highway,NH 717B,2347.108154296875,33.545711517333984,0.11509183794260025,509.2271321978585,tree_cover,0.4897183366952022,moderate,random_forest-extended-v1-20260902
243754227_00_054,243754227,trunk,Jelep Pass Highway,NH 717B,2348.62353515625,32.841102600097656,0.19081470370292664,524.8486938310592,tree_cover,0.48752950397216666,moderate,random_forest-extended-v1-20260902
243754227_00_055,243754227,trunk,Jelep Pass Highway,NH 717B,2320.127685546875,33.18166732788086,0.11417294293642044,524.8486938310592,tree_cover,0.488060087224988,moderate,random_forest-extended-v1-20260902
243754227_00_056,243754227,trunk,Jelep Pass Highway,NH 717B,2275.4779052734375,33.87370300292969,0.0622265487909317,474.66209594294867,tree_cover,0.515276386265311,moderate,random_forest-extended-v1-20260902
243754227_00_057,243754227,trunk,Jelep Pass Highway,NH 717B,2250.3753662109375,34.53862762451172,0.02719360589981079,392.284278244487,tree_cover,0.5229445514617548,moderate,random_forest-extended-v1-20260902
243754227_00_058,243754227,trunk,Jelep Pass Highway,NH 717B,2219.12939453125,33.61341094970703,0.030208736658096313,409.25569231765,tree_cover,0.5335860874742262,moderate,random_forest-extended-v1-20260902
243754227_00_059,243754227,trunk,Jelep Pass Highway,NH 717B,2160.487548828125,33.29935073852539,0.06593085080385208,368.8260665490027,tree_cover,0.5452351627032587,moderate,random_forest-extended-v1-20260902
243754227_00_060,243754227,trunk,Jelep Pass Highway,NH 717B,2169.973876953125,31.461627960205078,0.0975179374217987,495.690433062667,tree_cover,0.5315105585203816,moderate,random_forest-extended-v1-20260902
243754227_00_061,243754227,trunk,Jelep Pass Highway,NH 717B,2139.508544921875,30.75739860534668,0.11417294293642044,521.5988254703213,tree_cover,0.5002178239357458,moderate,random_forest-extended-v1-20260902
243754227_00_062,243754227,trunk,Jelep Pass Highway,NH 717B,2091.7086181640625,31.007410049438477,0.13901187479496002,488.7815177168158,tree_cover,0.5292720852452639,moderate,random_forest-extended-v1-20260902
243754227_00_063,243754227,trunk,Jelep Pass Highway,NH 717B,2033.3391723632812,30.037334442138672,0.09022419154644012,435.42131033052044,tree_cover,0.4908893435733781,moderate,random_forest-extended-v1-20260902
243754227_00_064,243754227,trunk,Jelep Pass Highway,NH 717B,2004.476318359375,29.79157066345215,0.12792767584323883,396.5952239273039,tree_cover,0.4615376170586292,moderate,random_forest-extended-v1-20260902
243754227_00_065,243754227,trunk,Jelep Pass Highway,NH 717B,1972.3666381835938,29.403348922729492,0.06387769430875778,406.1275774695512,tree_cover,0.4465319633559774,moderate,random_forest-extended-v1-20260902
243754227_00_066,243754227,trunk,Jelep Pass Highway,NH 717B,1928.4915771484375,29.732173919677734,0.12031807005405426,379.05738998909834,tree_cover,0.4658107670121086,moderate,random_forest-extended-v1-20260902
243754227_00_067,243754227,trunk,Jelep Pass Highway,NH 717B,1877.232421875,29.71771240234375,0.10960717499256134,314.0440794543925,tree_cover,0.45249491695740685,moderate,random_forest-extended-v1-20260902
243754227_00_068,243754227,trunk,Jelep Pass Highway,NH 717B,1867.8026123046875,29.54074478149414,0.04651915654540062,349.89912922070613,tree_cover,0.46030766415556806,moderate,random_forest-extended-v1-20260902
243754227_00_069,243754227,trunk,Jelep Pass Highway,NH 717B,1850.81298828125,30.195844650268555,0.07388505339622498,325.9992659189508,tree_cover,0.5246876779751856,moderate,random_forest-extended-v1-20260902
243754227_00_070,243754227,trunk,Jelep Pass Highway,NH 717B,1833.095947265625,30.615013122558594,0.07447372376918793,264.0392812160338,tree_cover,0.5472667509421668,moderate,random_forest-extended-v1-20260902
243754227_00_071,243754227,trunk,Jelep Pass Highway,NH 717B,1790.453857421875,30.949722290039062,0.06885983794927597,233.26608614713743,tree_cover,0.5632438605569827,moderate,random_forest-extended-v1-20260902
243754227_00_072,243754227,trunk,Jelep Pass Highway,NH 717B,1759.7064208984375,30.694366455078125,0.012117953039705753,240.44517801476906,tree_cover,0.5544633268986685,moderate,random_forest-extended-v1-20260902
243754227_00_073,243754227,trunk,Jelep Pass Highway,NH 717B,1760.8443603515625,31.117759704589844,0.0569428950548172,235.08141380687945,tree_cover,0.5737479974795892,moderate,random_forest-extended-v1-20260902
243754227_00_074,243754227,trunk,Jelep Pass Highway,NH 717B,1709.7833251953125,30.799673080444336,0.03118506446480751,195.5995595513705,tree_cover,0.5545784753468366,moderate,random_forest-extended-v1-20260902
243754227_00_075,243754227,trunk,Jelep Pass Highway,NH 717B,1687.2162475585938,31.702604293823242,0.011615430936217308,174.94956461035306,tree_cover,0.5661201804794238,moderate,random_forest-extended-v1-20260902
243754227_00_076,243754227,trunk,Jelep Pass Highway,NH 717B,1677.442626953125,31.410982131958008,0.004135036375373602,170.02041587784976,tree_cover,0.5661102435911419,moderate,random_forest-extended-v1-20260902
243754227_00_077,243754227,trunk,Jelep Pass Highway,NH 717B,1655.3092041015625,31.37379264831543,-0.027911493554711342,145.79130384196088,tree_cover,0.5665789561994048,moderate,random_forest-extended-v1-20260902
243754227_00_078,243754227,trunk,Jelep Pass Highway,NH 717B,1710.479736328125,31.726346969604492,-0.0485292449593544,174.94956461035306,tree_cover,0.5702541645162006,moderate,random_forest-extended-v1-20260902
243754227_00_079,243754227,trunk,Jelep Pass Highway,NH 717B,1774.9173583984375,33.002323150634766,-0.05346831679344177,204.10782537874525,tree_cover,0.5836984413285041,moderate,random_forest-extended-v1-20260902
243754227_00_080,243754227,trunk,Jelep Pass Highway,NH 717B,1667.4881591796875,34.0800666809082,-0.015276661142706871,157.02203972719624,tree_cover,0.595984410993432,high,random_forest-extended-v1-20260902
243754227_00_081,243754227,trunk,Jelep Pass Highway,NH 717B,1600.138916015625,34.82804870605469,0.01554945856332779,174.94956461035306,tree_cover,0.6056738928423107,high,random_forest-extended-v1-20260902
243754227_00_082,243754227,trunk,Jelep Pass Highway,NH 717B,1565.574951171875,34.87803268432617,0.05608142912387848,240.44517801476906,tree_cover,0.6361204530545422,high,random_forest-extended-v1-20260902
243754227_00_083,243754227,trunk,Jelep Pass Highway,NH 717B,1464.873779296875,31.965351104736328,0.00867208931595087,164.94403133548627,tree_cover,0.5729936972893874,moderate,random_forest-extended-v1-20260902
243754227_00_084,243754227,trunk,Jelep Pass Highway,NH 717B,1456.119384765625,30.183929443359375,-0.09091336280107498,130.39970636758034,tree_cover,0.5536487895940918,moderate,random_forest-extended-v1-20260902
243754227_00_085,243754227,trunk,Jelep Pass Highway,NH 717B,1442.7350463867188,31.47148895263672,-0.022211462259292603,145.79130384196088,tree_cover,0.5637488304066202,moderate,random_forest-extended-v1-20260902
243754227_00_086,243754227,trunk,Jelep Pass Highway,NH 717B,1461.98046875,33.38362121582031,0.026231635361909866,170.02041587784976,tree_cover,0.6008705767544672,high,random_forest-extended-v1-20260902
243754227_00_087,243754227,trunk,Jelep Pass Highway,NH 717B,1431.3980712890625,30.0679874420166,-0.11359862983226776,130.39970636758034,tree_cover,0.5209056660288088,moderate,random_forest-extended-v1-20260902
243754227_00_088,243754227,trunk,Jelep Pass Highway,NH 717B,1481.0857543945312,29.741722106933594,-0.04189595580101013,170.02041587784976,tree_cover,0.47174169802653837,moderate,random_forest-extended-v1-20260902
243754227_00_089,243754227,trunk,Jelep Pass Highway,NH 717B,1426.572021484375,28.248432159423828,-0.06116407737135887,145.79130384196088,tree_cover,0.5044814700023557,moderate,random_forest-extended-v1-20260902
243754227_00_090,243754227,trunk,Jelep Pass Highway,NH 717B,1382.4254150390625,27.837772369384766,-0.08188232779502869,130.39970636758034,tree_cover,0.4953839978046046,moderate,random_forest-extended-v1-20260902
243754227_00_091,243754227,trunk,Jelep Pass Highway,NH 717B,1343.9085693359375,29.388954162597656,-0.10650590062141418,130.39970636758034,tree_cover,0.47702486765899577,moderate,random_forest-extended-v1-20260902
243754227_00_092,243754227,trunk,Jelep Pass Highway,NH 717B,1361.760009765625,29.278059005737305,-0.05915398895740509,116.63304307356871,tree_cover,0.4828206996422615,moderate,random_forest-extended-v1-20260902
243754227_00_093,243754227,trunk,Jelep Pass Highway,NH 717B,1343.063720703125,31.22592544555664,-0.09618265926837921,118.42781604047661,tree_cover,0.5591360010788028,moderate,random_forest-extended-v1-20260902
243754227_00_094,243754227,trunk,Jelep Pass Highway,NH 717B,1313.443115234375,33.84743881225586,-0.05915398895740509,148.67854064045866,tree_cover,0.5833321092886758,moderate,random_forest-extended-v1-20260902
243754227_00_095,243754227,trunk,Jelep Pass Highway,NH 717B,1306.3595581054688,34.87881088256836,-0.06811323761940002,170.02041587784976,tree_cover,0.5965183431066989,high,random_forest-extended-v1-20260902
243754227_00_096,243754227,trunk,Jelep Pass Highway,NH 717B,1307.788330078125,37.530906677246094,-0.14382173120975494,224.8979974450123,tree_cover,0.6088799277176448,high,random_forest-extended-v1-20260902
243754227_00_097,243754227,trunk,Jelep Pass Highway,NH 717B,1261.300537109375,36.355430603027344,-0.14777010679244995,222.06269817368786,tree_cover,0.609354072004358,high,random_forest-extended-v1-20260902
243754227_00_098,243754227,trunk,Jelep Pass Highway,NH 717B,1192.9887084960938,33.857826232910156,-0.17437505722045898,145.79130384196088,tree_cover,0.4930192995033691,moderate,random_forest-extended-v1-20260902
243754227_00_099,243754227,trunk,Jelep Pass Highway,NH 717B,1181.138671875,34.838565826416016,-0.0812075138092041,145.79130384196088,tree_cover,0.49457843996932516,moderate,random_forest-extended-v1-20260902
243754227_00_100,243754227,trunk,Jelep Pass Highway,NH 717B,1151.0380859375,35.86333465576172,-0.06851524859666824,123.70802350161468,tree_cover,0.5105095063782796,moderate,random_forest-extended-v1-20260902
243754227_00_101,243754227,trunk,Jelep Pass Highway,NH 717B,1102.317626953125,36.562255859375,-0.04479622468352318,123.70802350161468,tree_cover,0.5007797789662568,moderate,random_forest-extended-v1-20260902
243754227_00_102,243754227,trunk,Jelep Pass Highway,NH 717B,1076.9961547851562,35.50059509277344,-0.09517762064933777,152.85029018382744,tree_cover,0.4920219496883734,moderate,random_forest-extended-v1-20260902
243754227_00_103,243754227,trunk,Jelep Pass Highway,NH 717B,1041.2740478515625,34.45197296142578,-0.13308212161064148,148.67854064045866,tree_cover,0.4720818474893557,moderate,random_forest-extended-v1-20260902
243754227_00_104,243754227,trunk,Jelep Pass Highway,NH 717B,988.7980346679688,35.52593231201172,-0.1230173259973526,170.02041587784976,tree_cover,0.502081744866249,moderate,random_forest-extended-v1-20260902
243754227_00_105,243754227,trunk,Jelep Pass Highway,NH 717B,945.4087524414062,35.738304138183594,-0.13881805539131165,160.98303553134127,tree_cover,0.49490522447666324,moderate,random_forest-extended-v1-20260902
243754227_00_106,243754227,trunk,Jelep Pass Highway,NH 717B,917.8479309082031,32.50817108154297,-0.12138772010803223,177.36277605064052,tree_cover,0.4949384151666354,moderate,random_forest-extended-v1-20260902
243754230_00_000,243754230,tertiary,,,3730.14892578125,25.909622192382812,0.08057577162981033,586.0737881011005,grassland,0.5683551687801964,moderate,random_forest-extended-v1-20260902
243754230_00_001,243754230,tertiary,,,3750.4844970703125,27.875267028808594,0.01648271270096302,547.8339824949326,grassland,0.6347335222239566,high,random_forest-extended-v1-20260902
248072298_00_000,248072298,tertiary,,,1562.1203002929688,28.71285057067871,-0.031989097595214844,145.79130384196088,tree_cover,0.5222176119871966,moderate,random_forest-extended-v1-20260902
248072298_00_001,248072298,tertiary,,,1516.606689453125,28.925975799560547,-0.03503294289112091,145.79130384196088,tree_cover,0.508429481052206,moderate,random_forest-extended-v1-20260902
248072298_00_002,248072298,tertiary,,,1490.3438720703125,27.71723747253418,0.02119206078350544,157.02203972719624,tree_cover,0.49549330215653364,moderate,random_forest-extended-v1-20260902
248072298_00_003,248072298,tertiary,,,1467.9407348632812,27.77931785583496,-0.0019957292824983597,145.79130384196088,tree_cover,0.5135440401534119,moderate,random_forest-extended-v1-20260902
248072298_00_004,248072298,tertiary,,,1470.4602661132812,27.23600196838379,-0.020029082894325256,123.70802350161468,tree_cover,0.48909992674085506,moderate,random_forest-extended-v1-20260902
248105709_00_000,248105709,tertiary,,,767.3882446289062,30.55556297302246,-0.015822255983948708,498.256578424176,tree_cover,0.4939929563290604,moderate,random_forest-extended-v1-20260902
248105709_00_001,248105709,tertiary,,,746.47705078125,27.914228439331055,-0.023934394121170044,383.5170421109049,tree_cover,0.37130886667446195,low,random_forest-extended-v1-20260902
248105709_00_002,248105709,tertiary,,,756.6160278320312,26.331140518188477,-0.023230863735079765,351.11195479568335,tree_cover,0.31461314047360117,low,random_forest-extended-v1-20260902
248105709_00_003,248105709,tertiary,,,757.6072387695312,24.52235221862793,-0.09087029099464417,233.26608614713743,tree_cover,0.22962805900201355,low,random_forest-extended-v1-20260902
248105709_00_004,248105709,tertiary,,,758.41015625,22.405067443847656,-0.09570886194705963,170.02041587784976,tree_cover,0.2211013139579248,low,random_forest-extended-v1-20260902
248105710_00_000,248105710,tertiary,,,777.0604858398438,21.72222137451172,-0.08209769427776337,148.67854064045866,tree_cover,0.21922610483068303,low,random_forest-extended-v1-20260902
248105711_00_000,248105711,tertiary,,,770.2684020996094,22.90508270263672,-0.047746747732162476,145.79130384196088,tree_cover,0.24478599656709998,low,random_forest-extended-v1-20260902
249810870_00_000,249810870,tertiary,,,1408.94677734375,26.98378562927246,-0.010825754143297672,145.79130384196088,tree_cover,0.434515350772439,moderate,random_forest-extended-v1-20260902
249810870_00_001,249810870,tertiary,,,1386.6097412109375,27.004348754882812,-0.03480322286486626,123.70802350161468,tree_cover,0.4386437966389089,moderate,random_forest-extended-v1-20260902
249810870_00_002,249810870,tertiary,,,1342.10986328125,27.27289390563965,-0.08706548064947128,92.20651663725067,tree_cover,0.5252106114095381,moderate,random_forest-extended-v1-20260902
249810870_00_003,249810870,tertiary,,,1329.686767578125,27.817684173583984,-0.07359790056943893,87.47478230517653,tree_cover,0.5656132254382911,moderate,random_forest-extended-v1-20260902
249810870_00_004,249810870,tertiary,,,1321.6600341796875,28.043270111083984,-0.09402899444103241,87.47478230517653,tree_cover,0.5650976063219625,moderate,random_forest-extended-v1-20260902
249810870_00_005,249810870,tertiary,,,1296.7747802734375,29.53799819946289,-0.08973602950572968,105.13160430378801,tree_cover,0.544379403708032,moderate,random_forest-extended-v1-20260902
249810870_00_006,249810870,tertiary,,,1273.7364501953125,30.5024356842041,-0.13731765747070312,105.13160430378801,tree_cover,0.6013026907630601,high,random_forest-extended-v1-20260902
249810870_00_007,249810870,tertiary,,,1263.3681030273438,31.434694290161133,-0.1351209282875061,116.63304307356871,tree_cover,0.5869734462439385,moderate,random_forest-extended-v1-20260902
249810870_00_008,249810870,tertiary,,,1233.3826904296875,31.938480377197266,-0.11724550276994705,130.39970636758034,tree_cover,0.5494764724440859,moderate,random_forest-extended-v1-20260902
249815012_00_000,249815012,tertiary,,,1185.840087890625,33.1779899597168,-0.13108639419078827,120.22258900738453,tree_cover,0.5047812887759942,moderate,random_forest-extended-v1-20260902
249815012_00_001,249815012,tertiary,,,1159.7000122070312,33.24155044555664,-0.10034641623497009,120.22258900738453,tree_cover,0.5062508068681828,moderate,random_forest-extended-v1-20260902
249815012_00_002,249815012,tertiary,,,1190.025390625,31.875747680664062,-0.06271471828222275,157.02203972719624,tree_cover,0.49724018307982487,moderate,random_forest-extended-v1-20260902
249815012_00_003,249815012,tertiary,,,1191.6173706054688,31.32788848876953,-0.0944453775882721,184.41303327450134,tree_cover,0.5062265402520616,moderate,random_forest-extended-v1-20260902
249815012_00_004,249815012,tertiary,,,1184.013427734375,30.955209732055664,-0.026289066299796104,340.0408317556995,tree_cover,0.49081293479257654,moderate,random_forest-extended-v1-20260902
249815012_00_005,249815012,tertiary,,,1193.203369140625,32.238929748535156,0.006920442450791597,438.344776009123,tree_cover,0.5347811233624389,moderate,random_forest-extended-v1-20260902
249815012_00_006,249815012,tertiary,,,1249.26904296875,32.3935432434082,-0.004910355433821678,455.46659343267345,tree_cover,0.6035864683410661,high,random_forest-extended-v1-20260902
249815012_00_007,249815012,tertiary,,,1336.2913818359375,30.866472244262695,0.018636377528309822,474.66209594294867,tree_cover,0.554993831551454,moderate,random_forest-extended-v1-20260902
249815012_00_008,249815012,tertiary,,,1305.4193115234375,28.633047103881836,0.01398446224629879,509.2271321978585,tree_cover,0.4441305759410259,moderate,random_forest-extended-v1-20260902
249815012_00_009,249815012,tertiary,,,1278.3521728515625,26.33624839782715,0.010969332419335842,499.1090282834049,tree_cover,0.40164791857235155,low,random_forest-extended-v1-20260902
249815012_00_010,249815012,tertiary,,,1263.8135986328125,25.502391815185547,-0.027653055265545845,444.1253963473757,tree_cover,0.35297505714677496,low,random_forest-extended-v1-20260902
249815012_00_011,249815012,tertiary,,,1297.7968139648438,26.945972442626953,-0.0150182219222188,249.128289212088,tree_cover,0.3984308148437791,low,random_forest-extended-v1-20260902
249815012_00_012,249815012,tertiary,,,1358.2498779296875,28.39229965209961,-0.015506385825574398,233.26608614713743,tree_cover,0.4555110717227841,moderate,random_forest-extended-v1-20260902
249815012_00_013,249815012,tertiary,,,1248.1334838867188,26.111820220947266,-0.0401155948638916,195.5995595513705,tree_cover,0.4173935032775993,low,random_forest-extended-v1-20260902
249815012_00_014,249815012,tertiary,,,1211.13720703125,23.810331344604492,-0.06647644937038422,208.22162388846692,tree_cover,0.3002723212130753,low,random_forest-extended-v1-20260902
249815013_00_000,249815013,tertiary,,,1205.1661987304688,32.069332122802734,-0.1499955654144287,105.13160430378801,tree_cover,0.5796232527417675,moderate,random_forest-extended-v1-20260902
266899416_00_000,266899416,tertiary,,,1324.8968505859375,18.91124725341797,0.006891726981848478,488.7815177168158,tree_cover,0.23366315376344568,low,random_forest-extended-v1-20260902
266899416_00_001,266899416,tertiary,,,1296.9503784179688,19.786365509033203,0.045930489897727966,474.66209594294867,tree_cover,0.23937896139757997,low,random_forest-extended-v1-20260902
266899416_00_002,266899416,tertiary,,,1217.1231689453125,19.89316177368164,0.00881566759198904,379.05738998909834,tree_cover,0.24418686502373452,low,random_forest-extended-v1-20260902
266899416_00_003,266899416,tertiary,,,1228.5276489257812,22.31999969482422,0.025700397789478302,430.5165609894557,tree_cover,0.296170655920053,low,random_forest-extended-v1-20260902
266899416_00_004,266899416,tertiary,,,1238.5596313476562,24.906375885009766,-0.031070202589035034,408.2156507574905,tree_cover,0.3195549064927619,low,random_forest-extended-v1-20260902
266899416_00_005,266899416,tertiary,,,1250.8927001953125,26.73613166809082,-0.038995686918497086,268.82588145153073,tree_cover,0.3897558107891902,low,random_forest-extended-v1-20260902
266899416_00_006,266899416,tertiary,,,1282.5579833984375,27.174272537231445,-0.0037904498167335987,233.26608614713743,tree_cover,0.42117282622227564,low,random_forest-extended-v1-20260902
266899416_00_007,266899416,tertiary,,,1215.2086181640625,26.305662155151367,-0.10722378641366959,212.27534257419205,tree_cover,0.37960918047406533,low,random_forest-extended-v1-20260902
266899416_00_008,266899416,tertiary,,,1180.1432495117188,24.594350814819336,-0.11035377532243729,312.00032153407085,tree_cover,0.26152379041891577,low,random_forest-extended-v1-20260902
266899416_00_009,266899416,tertiary,,,1161.4677734375,24.063228607177734,-0.044480353593826294,417.4827601981901,tree_cover,0.24631744062399974,low,random_forest-extended-v1-20260902
266899416_00_010,266899416,tertiary,,,1176.327392578125,24.48708724975586,0.029778003692626953,470.1628276137589,tree_cover,0.26553260402555057,low,random_forest-extended-v1-20260902
266899416_00_011,266899416,tertiary,,,1199.0400390625,22.750497817993164,-0.03540624678134918,516.6856972142671,tree_cover,0.269921972521969,low,random_forest-extended-v1-20260902
266899416_00_012,266899416,tertiary,,,1165.45703125,22.049896240234375,-0.013812169432640076,456.39897228653115,tree_cover,0.23385726322480252,low,random_forest-extended-v1-20260902
266899416_00_013,266899416,tertiary,,,1164.2508544921875,20.68376922607422,-0.015621247701346874,391.199119102741,tree_cover,0.19647312191855715,low,random_forest-extended-v1-20260902
266899416_00_014,266899416,tertiary,,,1147.7198486328125,20.879806518554688,0.00910282228142023,291.58260768392176,tree_cover,0.19596400671051525,low,random_forest-extended-v1-20260902
266899416_00_015,266899416,tertiary,,,1119.39404296875,22.12731170654297,-0.08637630939483643,227.73329671633672,tree_cover,0.20020191237470836,low,random_forest-extended-v1-20260902
266899416_00_016,266899416,tertiary,,,1131.174560546875,25.282690048217773,-0.10509883612394333,170.02041587784976,tree_cover,0.25349030685191126,low,random_forest-extended-v1-20260902
266906129_00_000,266906129,tertiary,,,1003.8888549804688,34.77198791503906,-0.11876742541790009,164.94403133548627,tree_cover,0.49271956334892975,moderate,random_forest-extended-v1-20260902
266906129_00_001,266906129,tertiary,,,1030.411376953125,34.690277099609375,-0.05510510131716728,145.79130384196088,tree_cover,0.45662334883293276,moderate,random_forest-extended-v1-20260902
266906129_00_002,266906129,tertiary,,,1088.864990234375,31.738845825195312,-0.07876669615507126,170.02041587784976,tree_cover,0.4901322116848863,moderate,random_forest-extended-v1-20260902
266906129_00_003,266906129,tertiary,,,1059.2374267578125,28.190523147583008,-0.07382762432098389,120.22258900738453,tree_cover,0.3682644119783875,low,random_forest-extended-v1-20260902
266907781_00_000,266907781,secondary,,MDR,840.9450073242188,28.256263732910156,-0.13971540331840515,105.13160430378801,tree_cover,0.400218969642548,low,random_forest-extended-v1-20260902
266907781_00_001,266907781,secondary,,MDR,839.1478576660156,28.024349212646484,-0.12175384163856506,105.13160430378801,tree_cover,0.4015589109722739,low,random_forest-extended-v1-20260902
266907781_00_002,266907781,secondary,,MDR,836.9110107421875,26.68883514404297,-0.09506993740797043,92.20651663725067,tree_cover,0.35196862027662185,low,random_forest-extended-v1-20260902
266907781_00_003,266907781,secondary,,MDR,922.3012390136719,28.871417999267578,-0.029921580106019974,145.79130384196088,tree_cover,0.3402581621380352,low,random_forest-extended-v1-20260902
266907781_00_004,266907781,secondary,,MDR,919.9119873046875,31.322460174560547,-0.037502482533454895,174.94956461035306,tree_cover,0.480466236766572,moderate,random_forest-extended-v1-20260902
266907781_00_005,266907781,secondary,,MDR,928.750244140625,30.600444793701172,-0.03797628730535507,287.1755640555846,tree_cover,0.4673721569698923,moderate,random_forest-extended-v1-20260902
266907781_00_006,266907781,secondary,,MDR,963.3319091796875,29.11798667907715,-0.005613885819911957,320.740868452314,tree_cover,0.35281779358084897,low,random_forest-extended-v1-20260902
266907781_00_007,266907781,secondary,,MDR,975.1978149414062,30.158864974975586,0.01906711235642433,288.65205483710093,tree_cover,0.46490319018287485,moderate,random_forest-extended-v1-20260902
266907781_00_008,266907781,secondary,,MDR,1022.9108276367188,29.908939361572266,0.057474132627248764,204.10782537874525,tree_cover,0.3548423726693398,low,random_forest-extended-v1-20260902
266907781_00_009,266907781,secondary,,MDR,1052.52880859375,29.216190338134766,0.05203971639275551,240.44517801476906,tree_cover,0.38159312125124867,low,random_forest-extended-v1-20260902
288359234_00_000,288359234,trunk,,NH10,921.5597534179688,20.62560272216797,-0.03132864087820053,145.79130384196088,tree_cover,0.16208469098760483,low,random_forest-extended-v1-20260902
300877744_00_000,300877744,tertiary,,,1284.9225463867188,17.936527252197266,0.014300333335995674,391.199119102741,tree_cover,0.2772644070669353,low,random_forest-extended-v1-20260902
300877744_00_001,300877744,tertiary,,,1340.3134765625,19.751924514770508,0.022225819528102875,340.0408317556995,tree_cover,0.2438800957303629,low,random_forest-extended-v1-20260902
300877744_00_002,300877744,tertiary,,,1432.5482177734375,24.473905563354492,-0.04015866667032242,302.31192405728666,tree_cover,0.30173398928890216,low,random_forest-extended-v1-20260902
300877744_00_003,300877744,tertiary,,,1524.2210083007812,29.41012191772461,-0.09466074407100677,379.05738998909834,tree_cover,0.4968033280534947,moderate,random_forest-extended-v1-20260902
300877744_00_004,300877744,tertiary,,,1518.59130859375,30.974882125854492,-0.07356918603181839,452.6579340076252,tree_cover,0.5770591899075619,moderate,random_forest-extended-v1-20260902
300877744_00_005,300877744,tertiary,,,1490.2784423828125,32.895538330078125,0.023431871086359024,612.3234761362357,tree_cover,0.6194239902510714,high,random_forest-extended-v1-20260902
300877744_00_006,300877744,tertiary,,,1494.4783935546875,35.53181076049805,0.08927658200263977,678.2038458541201,tree_cover,0.6516177139488593,high,random_forest-extended-v1-20260902
300877744_00_007,300877744,tertiary,,,1502.270751953125,32.464759826660156,0.14874644577503204,612.3234761362357,tree_cover,0.627438841434762,high,random_forest-extended-v1-20260902
300877744_00_008,300877744,tertiary,,,1522.31494140625,22.406070709228516,0.03524830937385559,583.1652153678435,tree_cover,0.2986725626558414,low,random_forest-extended-v1-20260902
300877744_00_009,300877744,tertiary,,,1515.1280517578125,18.555137634277344,0.04713653773069382,461.03258318625336,tree_cover,0.23532287618704353,low,random_forest-extended-v1-20260902
300877744_00_010,300877744,tertiary,,,1467.681640625,21.45195198059082,0.05208997055888176,320.740868452314,tree_cover,0.24623794709967,low,random_forest-extended-v1-20260902
300877744_00_011,300877744,tertiary,,,1487.5782470703125,23.43768310546875,0.025154802948236465,195.5995595513705,tree_cover,0.29397460709541356,low,random_forest-extended-v1-20260902
300877745_00_000,300877745,tertiary,,,1081.1970825195312,27.312992095947266,-0.10577365010976791,145.79130384196088,tree_cover,0.3186377769289297,low,random_forest-extended-v1-20260902
300877746_00_000,300877746,tertiary,,,1088.189697265625,25.11901092529297,-0.10278723388910294,145.79130384196088,tree_cover,0.2634394883172001,low,random_forest-extended-v1-20260902
300877746_00_001,300877746,tertiary,,,1092.6954956054688,23.391979217529297,-0.10577365010976791,145.79130384196088,tree_cover,0.25007981176802113,low,random_forest-extended-v1-20260902
300877746_00_002,300877746,tertiary,,,1109.92431640625,23.00144386291504,-0.10086329281330109,145.79130384196088,tree_cover,0.23931062637203415,low,random_forest-extended-v1-20260902
300877746_00_003,300877746,tertiary,,,1127.091796875,22.41683578491211,-0.09234914183616638,145.79130384196088,tree_cover,0.2435762756819911,low,random_forest-extended-v1-20260902
300877746_00_004,300877746,tertiary,,,1152.4222412109375,23.036231994628906,-0.09094207733869553,145.79130384196088,tree_cover,0.25312605690170303,low,random_forest-extended-v1-20260902
300877746_00_005,300877746,tertiary,,,1186.6281127929688,21.527036666870117,-0.047050394117832184,195.5995595513705,tree_cover,0.24006193784793153,low,random_forest-extended-v1-20260902
300877746_00_006,300877746,tertiary,,,1230.990966796875,21.398256301879883,-0.01059603039175272,233.26608614713743,tree_cover,0.28846428063760793,low,random_forest-extended-v1-20260902
300877746_00_007,300877746,tertiary,,,1267.09814453125,20.97567367553711,0.029017042368650436,233.26608614713743,tree_cover,0.28638906888548893,low,random_forest-extended-v1-20260902
300877746_00_008,300877746,tertiary,,,1304.1844482421875,21.821578979492188,-0.011715935543179512,247.41604700322935,tree_cover,0.3001768156639092,low,random_forest-extended-v1-20260902
300877746_00_009,300877746,tertiary,,,1354.9747314453125,21.54491424560547,-0.004651915747672319,233.26608614713743,tree_cover,0.2826901672607651,low,random_forest-extended-v1-20260902
300877746_00_010,300877746,tertiary,,,1376.015380859375,20.42406463623047,0.002239811234176159,206.18003916935783,tree_cover,0.2578175686967538,low,random_forest-extended-v1-20260902
300877746_00_011,300877746,tertiary,,,1457.4952392578125,21.143640518188477,0.007868055254220963,145.79130384196088,tree_cover,0.32232681364693716,low,random_forest-extended-v1-20260902
300877747_00_000,300877747,tertiary,,,1304.6480712890625,18.726333618164062,0.014817212708294392,249.128289212088,tree_cover,0.2661701996109053,low,random_forest-extended-v1-20260902
300877747_00_001,300877747,tertiary,,,1362.37548828125,19.609949111938477,0.006863011512905359,262.4243469155296,tree_cover,0.26077841578139166,low,random_forest-extended-v1-20260902
300877747_00_002,300877747,tertiary,,,1361.47802734375,19.266735076904297,-0.0094904825091362,212.27534257419205,tree_cover,0.2565724800904265,low,random_forest-extended-v1-20260902
300877747_00_003,300877747,tertiary,,,1404.0742797851562,19.867698669433594,0.022426828742027283,212.27534257419205,tree_cover,0.2518729429189671,low,random_forest-extended-v1-20260902
312111582_00_000,312111582,tertiary,,,459.21961975097656,31.463336944580078,-0.11668914556503296,120.22258900738453,tree_cover,0.6301043630731459,high,random_forest-extended-v1-20260902
312111582_00_001,312111582,tertiary,,,455.7049560546875,30.872201919555664,-0.1335056722164154,123.70802350161468,tree_cover,0.6216920853182422,high,random_forest-extended-v1-20260902
312111582_00_002,312111582,tertiary,,,473.20404052734375,32.355873107910156,-0.07075865566730499,145.79130384196088,tree_cover,0.5946551702667744,moderate,random_forest-extended-v1-20260902
312111582_00_003,312111582,tertiary,,,478.61866760253906,31.353885650634766,-0.09784098714590073,145.79130384196088,tree_cover,0.5877474978938549,moderate,random_forest-extended-v1-20260902
312112628_00_000,312112628,tertiary,,,878.7436218261719,24.516510009765625,-0.033604346215724945,174.94956461035306,tree_cover,0.22931773239826214,low,random_forest-extended-v1-20260902
312112628_00_001,312112628,tertiary,,,803.7698364257812,25.980825424194336,0.003797628916800022,233.26608614713743,tree_cover,0.27313709793645813,low,random_forest-extended-v1-20260902
312112628_00_002,312112628,tertiary,,,747.1692199707031,26.801044464111328,-0.09295216202735901,206.18003916935783,tree_cover,0.30123889564763523,low,random_forest-extended-v1-20260902
312112628_00_003,312112628,tertiary,,,792.5252075195312,27.016494750976562,-0.03738761693239212,268.82588145153073,tree_cover,0.2858958666091368,low,random_forest-extended-v1-20260902
312112628_00_004,312112628,tertiary,,,867.150634765625,25.422048568725586,-0.028658097609877586,293.03689405055025,tree_cover,0.2460925407162424,low,random_forest-extended-v1-20260902
312112628_00_005,312112628,tertiary,,,963.1484985351562,18.170869827270508,-0.03543496131896973,300.2026684258173,tree_cover,0.13260034857319547,low,random_forest-extended-v1-20260902
312112628_00_006,312112628,tertiary,,,1001.8182983398438,15.5862398147583,-0.04128575325012207,268.82588145153073,tree_cover,0.12259649053231875,low,random_forest-extended-v1-20260902
312112628_00_007,312112628,tertiary,,,1027.0656127929688,15.28525161743164,-0.03870135545730591,287.1755640555846,tree_cover,0.12570783920263007,low,random_forest-extended-v1-20260902
312112628_00_008,312112628,tertiary,,,1071.068603515625,16.00080680847168,-0.006705075968056917,291.58260768392176,tree_cover,0.13823571259522147,low,random_forest-extended-v1-20260902
312112628_00_009,312112628,tertiary,,,1145.71435546875,20.99216651916504,-0.018679451197385788,250.82884335095778,tree_cover,0.20394007891732321,low,random_forest-extended-v1-20260902
312112628_00_010,312112628,tertiary,,,1173.2674560546875,22.053062438964844,-0.017803627997636795,262.4243469155296,tree_cover,0.23798258356954308,low,random_forest-extended-v1-20260902
312112628_00_011,312112628,tertiary,,,1142.47705078125,21.23188018798828,0.001464491942897439,275.0784819325981,tree_cover,0.2055393108502073,low,random_forest-extended-v1-20260902
312112628_00_012,312112628,tertiary,,,1211.2335205078125,22.82247543334961,-0.0015793540515005589,288.65205483710093,tree_cover,0.28694220896594586,low,random_forest-extended-v1-20260902
312112628_00_013,312112628,tertiary,,,1285.7335205078125,23.86519432067871,-0.03451606631278992,206.18003916935783,tree_cover,0.3260832148303625,low,random_forest-extended-v1-20260902
312114533_00_000,312114533,tertiary,,,1419.4642333984375,18.867944717407227,-0.046547871083021164,145.79130384196088,tree_cover,0.2882790561864327,low,random_forest-extended-v1-20260902
312114533_00_001,312114533,tertiary,,,1455.32177734375,18.022558212280273,-0.0643802136182785,116.63304307356871,tree_cover,0.3120243084974117,low,random_forest-extended-v1-20260902
312114533_00_002,312114533,tertiary,,,1498.923095703125,18.86222267150879,-0.06443765014410019,92.20651663725067,tree_cover,0.33251753068733897,low,random_forest-extended-v1-20260902
312114533_00_003,312114533,tertiary,,,1577.9697265625,19.5837345123291,-0.052980151027441025,116.63304307356871,tree_cover,0.2990754286876166,low,random_forest-extended-v1-20260902
312114533_00_004,312114533,tertiary,,,1611.7469482421875,21.728445053100586,-0.029289839789271355,148.67854064045866,tree_cover,0.34504719903871617,low,random_forest-extended-v1-20260902
312114533_00_005,312114533,tertiary,,,1624.1006469726562,23.018470764160156,0.018464084714651108,208.22162388846692,tree_cover,0.3032276616877427,low,random_forest-extended-v1-20260902
312114533_00_006,312114533,tertiary,,,1606.0505981445312,25.27684211730957,-0.060675911605358124,195.5995595513705,tree_cover,0.35516502907436975,low,random_forest-extended-v1-20260902
312114533_00_007,312114533,tertiary,,,1666.2958984375,27.764575958251953,-0.04666273295879364,170.02041587784976,tree_cover,0.5073476107324214,moderate,random_forest-extended-v1-20260902
312117157_00_000,312117157,tertiary,,,1807.3414306640625,27.130659103393555,0.005455950275063515,760.3544149313134,tree_cover,0.41091605533198555,low,random_forest-extended-v1-20260902
312117157_00_001,312117157,tertiary,,,1702.025634765625,25.46337890625,0.002067518187686801,702.2239095913667,tree_cover,0.3945184497172507,low,random_forest-extended-v1-20260902
312117157_00_002,312117157,tertiary,,,1550.1547241210938,25.134784698486328,0.05153001844882965,693.0839463125809,tree_cover,0.37168756685343224,low,random_forest-extended-v1-20260902
312124116_00_000,312124116,tertiary,North Sikkim Highway,NH310AG,2410.278076171875,36.236839294433594,-0.09361262619495392,123.70802350161468,tree_cover,0.47950220869110677,moderate,random_forest-extended-v1-20260902
312124116_00_001,312124116,tertiary,North Sikkim Highway,NH310AG,2423.3709716796875,34.95380783081055,-0.11980119347572327,123.70802350161468,tree_cover,0.4742835353319623,moderate,random_forest-extended-v1-20260902
312124116_00_002,312124116,tertiary,North Sikkim Highway,NH310AG,2432.68017578125,33.978660583496094,-0.09154510498046875,145.79130384196088,tree_cover,0.4623171729652744,moderate,random_forest-extended-v1-20260902
312124116_00_003,312124116,tertiary,North Sikkim Highway,NH310AG,2451.637451171875,33.198951721191406,-0.07583771646022797,116.63304307356871,tree_cover,0.47093523011262706,moderate,random_forest-extended-v1-20260902
312124116_00_004,312124116,tertiary,North Sikkim Highway,NH310AG,2482.10400390625,35.02983093261719,-0.11046864092350006,157.02203972719624,tree_cover,0.4707906269594623,moderate,random_forest-extended-v1-20260902
312124116_00_005,312124116,tertiary,North Sikkim Highway,NH310AG,2503.8453369140625,35.39836120605469,-0.09616830945014954,164.94403133548627,tree_cover,0.4606623544313963,moderate,random_forest-extended-v1-20260902
312124116_00_006,312124116,tertiary,North Sikkim Highway,NH310AG,2510.8076171875,35.38726043701172,-0.10943488031625748,170.02041587784976,tree_cover,0.46032274638557386,moderate,random_forest-extended-v1-20260902
312124116_00_007,312124116,tertiary,North Sikkim Highway,NH310AG,2540.062255859375,34.68608093261719,-0.08109265565872192,176.1561703304968,tree_cover,0.45385240533451254,moderate,random_forest-extended-v1-20260902
312124116_00_008,312124116,tertiary,North Sikkim Highway,NH310AG,2545.4345703125,34.43539810180664,-0.09682876616716385,145.79130384196088,tree_cover,0.44482457572865336,moderate,random_forest-extended-v1-20260902
312124116_00_009,312124116,tertiary,North Sikkim Highway,NH310AG,2639.80810546875,33.77946853637695,-0.08017375320196152,157.02203972719624,tree_cover,0.45316048485727367,moderate,random_forest-extended-v1-20260902
328208505_00_000,328208505,tertiary,,,1662.522705078125,28.330123901367188,0.03945513814687729,145.79130384196088,tree_cover,0.522614286675873,moderate,random_forest-extended-v1-20260902
328208508_00_000,328208508,tertiary,,,1727.90380859375,27.44964599609375,0.027983281761407852,186.70396624747931,tree_cover,0.47706843994885534,moderate,random_forest-extended-v1-20260902
336904746_00_000,336904746,tertiary,Rimbick-Srikhola,,1817.9361572265625,27.8681640625,0.09823582321405411,711.8438634548904,tree_cover,0.44844308384172327,moderate,random_forest-extended-v1-20260902
336904754_00_000,336904754,tertiary,,,1416.5372924804688,27.594812393188477,-0.019713211804628372,130.39970636758034,tree_cover,0.5043996352627702,moderate,random_forest-extended-v1-20260902
336904754_00_001,336904754,tertiary,,,1501.3616943359375,29.570287704467773,0.032218825072050095,130.39970636758034,tree_cover,0.5157901057063082,moderate,random_forest-extended-v1-20260902
336904754_00_002,336904754,tertiary,,,1525.910888671875,29.867046356201172,0.057115186005830765,120.22258900738453,tree_cover,0.5266643484795158,moderate,random_forest-extended-v1-20260902
336904754_00_003,336904754,tertiary,,,1431.1360473632812,29.576961517333984,-0.0042068250477313995,145.79130384196088,tree_cover,0.48977932475980396,moderate,random_forest-extended-v1-20260902
336904754_00_004,336904754,tertiary,,,1437.4291381835938,30.37344741821289,0.03096969798207283,260.7994127351607,tree_cover,0.5470982147944985,moderate,random_forest-extended-v1-20260902
336904754_00_005,336904754,tertiary,,,1471.1213989257812,31.60576820373535,-0.02805507183074951,417.4827601981901,tree_cover,0.5936998774442558,moderate,random_forest-extended-v1-20260902
336904754_00_006,336904754,tertiary,,,1493.671630859375,31.871374130249023,0.017085740342736244,553.239099823504,tree_cover,0.6103170011430873,high,random_forest-extended-v1-20260902
336904754_00_007,336904754,tertiary,,,1424.0465698242188,32.34132385253906,0.08545741438865662,515.8622931895253,tree_cover,0.6200445950361457,high,random_forest-extended-v1-20260902
336904754_00_008,336904754,tertiary,,,1390.5947265625,33.49739456176758,0.20123842358589172,470.1628276137589,tree_cover,0.6263020948000386,high,random_forest-extended-v1-20260902
336904754_00_009,336904754,tertiary,,,1395.1849365234375,33.82646942138672,0.2066369503736496,478.2310341342386,tree_cover,0.6270165012671888,high,random_forest-extended-v1-20260902
336904754_00_010,336904754,tertiary,,,1420.067138671875,32.88778305053711,0.17476271092891693,509.2271321978585,tree_cover,0.6151869546296359,high,random_forest-extended-v1-20260902
336904754_00_011,336904754,tertiary,,,1397.9229736328125,33.42934799194336,0.17384381592273712,474.66209594294867,tree_cover,0.6297323098595847,high,random_forest-extended-v1-20260902
336904754_00_012,336904754,tertiary,,,1412.4306640625,33.54082107543945,0.17542316019535065,498.256578424176,tree_cover,0.6377724355768721,high,random_forest-extended-v1-20260902
336904754_00_013,336904754,tertiary,,,1435.44140625,32.889366149902344,0.12357728183269501,521.5988254703213,tree_cover,0.6199402631433055,high,random_forest-extended-v1-20260902
336904754_00_014,336904754,tertiary,,,1518.8397216796875,32.30231857299805,0.08517026156187057,554.0069545994514,tree_cover,0.6315430542808996,high,random_forest-extended-v1-20260902
336904754_00_015,336904754,tertiary,,,1587.573486328125,33.11623764038086,0.08574456721544266,557.0677897964563,tree_cover,0.6376104974061577,high,random_forest-extended-v1-20260902
336904754_00_016,336904754,tertiary,,,1647.5731201171875,32.4704704284668,0.08574456721544266,589.6893300326549,tree_cover,0.6258297256295849,high,random_forest-extended-v1-20260902
336904754_00_017,336904754,tertiary,,,1738.1569213867188,30.420713424682617,0.07211904972791672,651.9985318379016,tree_cover,0.5714964832279453,moderate,random_forest-extended-v1-20260902
336908271_00_000,336908271,tertiary,,,697.2062377929688,31.433042526245117,-0.09949930757284164,417.4827601981901,tree_cover,0.5285564597889801,moderate,random_forest-extended-v1-20260902
336908271_00_001,336908271,tertiary,,,648.9407653808594,30.169204711914062,-0.11066247522830963,325.9992659189508,tree_cover,0.5224227001509337,moderate,random_forest-extended-v1-20260902
336908271_00_002,336908271,tertiary,,,600.6044616699219,26.590091705322266,-0.1169368103146553,195.5995595513705,tree_cover,0.35721478033163684,low,random_forest-extended-v1-20260902
336908271_00_003,336908271,tertiary,,,592.7858581542969,27.056522369384766,-0.07771140336990356,204.10782537874525,tree_cover,0.3606787895937682,low,random_forest-extended-v1-20260902
342563792_00_000,342563792,secondary,,,325.0854797363281,15.288877487182617,-0.04785442724823952,130.39970636758034,tree_cover,0.2020847165256517,low,random_forest-extended-v1-20260902
342563793_00_000,342563793,secondary,,,319.88111877441406,11.40081787109375,-0.043306607753038406,120.22258900738453,tree_cover,0.19784413800859235,low,random_forest-extended-v1-20260902
343176261_00_000,343176261,tertiary,,,1386.2691650390625,29.114856719970703,-0.03636821731925011,120.22258900738453,tree_cover,0.4835299495817131,moderate,random_forest-extended-v1-20260902
343176261_00_001,343176261,tertiary,,,1408.5557861328125,26.831069946289062,-0.025384526699781418,105.13160430378801,tree_cover,0.5017383688017725,moderate,random_forest-extended-v1-20260902
343176261_00_002,343176261,tertiary,,,1428.1004638671875,26.869033813476562,-0.08442365378141403,92.20651663725067,tree_cover,0.5234127604406679,moderate,random_forest-extended-v1-20260902
343176280_00_000,343176280,tertiary,,,1643.5072021484375,31.065814971923828,-0.19213560223579407,105.13160430378801,tree_cover,0.6112083298042779,high,random_forest-extended-v1-20260902
343176281_00_000,343176281,tertiary,,,1673.0859375,31.316362380981445,-0.1539439558982849,116.63304307356871,tree_cover,0.5884672402368794,moderate,random_forest-extended-v1-20260902
348151016_00_000,348151016,tertiary,,,1350.542724609375,19.038658142089844,0.03374074772000313,789.4299572289681,tree_cover,0.2928288561246566,low,random_forest-extended-v1-20260902
348151016_00_001,348151016,tertiary,,,1356.2389526367188,18.489574432373047,0.027997640892863274,835.2200054917585,tree_cover,0.29235891545914244,low,random_forest-extended-v1-20260902
348151016_00_002,348151016,tertiary,,,1318.9817504882812,19.074356079101562,0.0072363135404884815,790.7739004385348,tree_cover,0.29020034526300603,low,random_forest-extended-v1-20260902
348151016_00_003,348151016,tertiary,,,1326.00048828125,19.141586303710938,0.06380590796470642,800.6584446331152,tree_cover,0.28583018023000517,low,random_forest-extended-v1-20260902
348151016_00_004,348151016,tertiary,,,1299.8455200195312,19.605337142944336,0.06511245667934418,736.7866816122607,tree_cover,0.28948915779776774,low,random_forest-extended-v1-20260902
348151016_00_005,348151016,tertiary,,,1238.398681640625,19.100561141967773,8.61465887282975e-05,528.0785624320677,tree_cover,0.23596917791782185,low,random_forest-extended-v1-20260902
348306551_00_000,348306551,tertiary,,,1247.6126708984375,22.4639892578125,-0.0658159926533699,157.02203972719624,tree_cover,0.33655670099329227,low,random_forest-extended-v1-20260902
348306551_00_001,348306551,tertiary,,,1214.8125610351562,17.765560150146484,-0.0677686482667923,287.9138094463427,tree_cover,0.2689296767860339,low,random_forest-extended-v1-20260902
348306551_00_002,348306551,tertiary,,,1233.6827392578125,18.19482421875,-0.013324005529284477,456.39897228653115,tree_cover,0.2573076520157327,low,random_forest-extended-v1-20260902
348500231_00_000,348500231,primary,,,1668.8055419921875,21.3968505859375,0.007882412523031235,560.1118987424379,tree_cover,0.2764918477468308,low,random_forest-extended-v1-20260902
348623433_00_000,348623433,trunk,,NH 717A,1053.4080810546875,22.3572940826416,-0.044997233897447586,120.22258900738453,tree_cover,0.2387559323436649,low,random_forest-extended-v1-20260902
348635991_00_000,348635991,primary,Gangtok - Assam - Pakyong Road,SH2,1332.631591796875,24.263412475585938,0.04893125966191292,233.26608614713743,tree_cover,0.28144274767821337,low,random_forest-extended-v1-20260902
348635991_00_001,348635991,primary,Gangtok - Assam - Pakyong Road,SH2,1275.3381958007812,23.712833404541016,0.030495893210172653,394.4397510858954,tree_cover,0.3016211189073335,low,random_forest-extended-v1-20260902
348635991_00_002,348635991,primary,Gangtok - Assam - Pakyong Road,SH2,1292.381591796875,23.069181442260742,0.0341140478849411,525.6580215189401,tree_cover,0.29749629807124817,low,random_forest-extended-v1-20260902
348635991_00_003,348635991,primary,Gangtok - Assam - Pakyong Road,SH2,1304.891357421875,22.279739379882812,0.005915399175137281,496.54728838338445,tree_cover,0.2849520920416613,low,random_forest-extended-v1-20260902
348635991_00_004,348635991,primary,Gangtok - Assam - Pakyong Road,SH2,1324.3614501953125,23.595245361328125,-0.008585942909121513,379.05738998909834,tree_cover,0.28328754573978226,low,random_forest-extended-v1-20260902
348635991_00_005,348635991,primary,Gangtok - Assam - Pakyong Road,SH2,1358.1193237304688,24.73216438293457,-0.056196290999650955,233.26608614713743,tree_cover,0.3114328014443748,low,random_forest-extended-v1-20260902
348635991_00_006,348635991,primary,Gangtok - Assam - Pakyong Road,SH2,1429.3953247070312,27.036407470703125,-0.10003054141998291,174.94956461035306,tree_cover,0.41280574055830704,low,random_forest-extended-v1-20260902
348635991_00_007,348635991,primary,Gangtok - Assam - Pakyong Road,SH2,1466.914306640625,29.295793533325195,0.013840884901583195,206.18003916935783,tree_cover,0.4603657837060505,moderate,random_forest-extended-v1-20260902
348635991_00_008,348635991,primary,Gangtok - Assam - Pakyong Road,SH2,1386.3507080078125,27.901092529296875,-0.016540145501494408,314.0440794543925,tree_cover,0.43862594723631126,moderate,random_forest-extended-v1-20260902
348635991_00_009,348635991,primary,Gangtok - Assam - Pakyong Road,SH2,1340.618408203125,26.46278953552246,-0.028428373858332634,445.08153393704293,tree_cover,0.38186587353092,low,random_forest-extended-v1-20260902
348636011_00_000,348636011,tertiary,,,1116.2337646484375,21.24639129638672,0.059613436460494995,509.2271321978585,tree_cover,0.19898288078656998,low,random_forest-extended-v1-20260902
348636011_00_001,348636011,tertiary,,,1166.8676147460938,19.31597137451172,-0.011945660226047039,407.17161411352083,tree_cover,0.18303387345926705,low,random_forest-extended-v1-20260902
348636011_00_002,348636011,tertiary,,,1212.9254150390625,19.630020141601562,-0.02153664641082287,379.05738998909834,tree_cover,0.24246959427994697,low,random_forest-extended-v1-20260902
348678966_00_000,348678966,tertiary,,,1311.7969970703125,22.67616844177246,-0.02860066667199135,123.70802350161468,tree_cover,0.38228967891515403,low,random_forest-extended-v1-20260902
348678966_00_001,348678966,tertiary,,,1239.38330078125,22.55927276611328,-0.09036777168512344,116.63304307356871,tree_cover,0.40952356294599324,low,random_forest-extended-v1-20260902
348678966_00_002,348678966,tertiary,,,1239.576416015625,23.648317337036133,-0.09137281030416489,120.22258900738453,tree_cover,0.38199768681730817,low,random_forest-extended-v1-20260902
348678967_00_000,348678967,tertiary,,,1285.5101318359375,25.20846939086914,-0.05082648620009422,145.79130384196088,tree_cover,0.4051616344949053,low,random_forest-extended-v1-20260902
348702700_00_000,348702700,secondary,,,1501.1142578125,22.111204147338867,0.007092735730111599,452.6579340076252,tree_cover,0.2873976421927261,low,random_forest-extended-v1-20260902
348702700_00_001,348702700,secondary,,,1554.0802612304688,21.583702087402344,-0.0028715527150779963,516.2739952018962,built_up,0.8564969807830884,high,random_forest-extended-v1-20260902
348702700_00_002,348702700,secondary,,,1606.6626586914062,21.74957847595215,-0.027078744024038315,594.7141625618347,built_up,0.865832246291086,high,random_forest-extended-v1-20260902
348702700_00_003,348702700,secondary,,,1652.30029296875,20.84362030029297,0.002928983885794878,623.3324202736162,built_up,0.8500538329811154,high,random_forest-extended-v1-20260902
348966165_00_000,348966165,tertiary,,,1411.3829345703125,21.835216522216797,0.01998600736260414,414.41674984197584,tree_cover,0.2819861710898179,low,random_forest-extended-v1-20260902
348966165_00_001,348966165,tertiary,,,1380.182373046875,22.44831657409668,-0.01530537661164999,379.05738998909834,tree_cover,0.2913801150679124,low,random_forest-extended-v1-20260902
348966165_00_002,348966165,tertiary,,,1326.7977294921875,23.17477035522461,-0.018521515652537346,260.7994127351607,tree_cover,0.29751129287230105,low,random_forest-extended-v1-20260902
348966165_00_003,348966165,tertiary,,,1313.6634521484375,21.938623428344727,-0.01412804052233696,288.65205483710093,tree_cover,0.29459329234821996,low,random_forest-extended-v1-20260902
348966165_00_004,348966165,tertiary,,,1279.448486328125,21.805965423583984,-0.07036740332841873,222.06269817368786,tree_cover,0.3137808606513743,low,random_forest-extended-v1-20260902
348966165_00_005,348966165,tertiary,,,1301.868896484375,22.172924041748047,-0.03598055988550186,145.79130384196088,tree_cover,0.3534138623884971,low,random_forest-extended-v1-20260902
349022020_00_000,349022020,tertiary,,,1322.53466796875,19.61297607421875,0.023719027638435364,496.54728838338445,tree_cover,0.23290215271970552,low,random_forest-extended-v1-20260902
349022020_00_001,349022020,tertiary,,,1324.1306762695312,22.010822296142578,0.02696388214826584,525.6580215189401,tree_cover,0.28204134128210373,low,random_forest-extended-v1-20260902
349022020_00_002,349022020,tertiary,,,1352.9342041015625,25.020877838134766,0.02696388214826584,553.239099823504,tree_cover,0.31252788475293614,low,random_forest-extended-v1-20260902
349022020_00_003,349022020,tertiary,,,1361.0255126953125,26.87641143798828,0.016367850825190544,441.2445525642225,tree_cover,0.3694113908113477,low,random_forest-extended-v1-20260902
349022020_00_004,349022020,tertiary,,,1371.4163818359375,28.088695526123047,0.02483893185853958,322.06351682017964,tree_cover,0.4424090143315409,moderate,random_forest-extended-v1-20260902
349022020_00_005,349022020,tertiary,,,1421.4693603515625,27.467344284057617,0.03417148068547249,291.58260768392176,tree_cover,0.4299130891116312,moderate,random_forest-extended-v1-20260902
349022020_00_006,349022020,tertiary,,,1494.4833374023438,26.943603515625,0.02034495212137699,351.11195479568335,tree_cover,0.39962975499062914,low,random_forest-extended-v1-20260902
349022020_00_007,349022020,tertiary,,,1521.50439453125,25.29945182800293,-0.08774030208587646,439.79466428667274,tree_cover,0.34624812825176915,low,random_forest-extended-v1-20260902
349022020_00_008,349022020,tertiary,,,1471.1836547851562,24.645233154296875,-0.01540588028728962,515.8622931895253,tree_cover,0.2930075019631443,low,random_forest-extended-v1-20260902
349022020_00_009,349022020,tertiary,,,1419.9190673828125,24.66468048095703,0.03560725599527359,758.1147799781967,tree_cover,0.3700058355372823,low,random_forest-extended-v1-20260902
349022020_00_010,349022020,tertiary,,,1445.017578125,26.01198959350586,0.05467436835169792,818.5113846353,tree_cover,0.4237307889280227,moderate,random_forest-extended-v1-20260902
349022020_00_011,349022020,tertiary,,,1466.3547973632812,26.827821731567383,0.009303831495344639,735.0537382751388,tree_cover,0.40244828686045026,low,random_forest-extended-v1-20260902
349022020_00_012,349022020,tertiary,,,1492.2805786132812,31.86520767211914,-0.03979972377419472,566.1510156143496,tree_cover,0.6128949961255347,high,random_forest-extended-v1-20260902
349022020_00_013,349022020,tertiary,,,1459.7510986328125,33.80598449707031,-0.10722378641366959,391.199119102741,tree_cover,0.6290535511689508,high,random_forest-extended-v1-20260902
349022020_00_014,349022020,tertiary,,,1479.8910522460938,32.62059783935547,0.06952029466629028,442.6849744557991,tree_cover,0.6133889462413328,high,random_forest-extended-v1-20260902
349022020_00_015,349022020,tertiary,,,1404.48095703125,29.02724266052246,0.039627429097890854,478.2310341342386,tree_cover,0.4484703175101171,moderate,random_forest-extended-v1-20260902
349022020_00_016,349022020,tertiary,,,1397.1395263671875,22.945838928222656,0.04060375690460205,437.3739115258827,tree_cover,0.27541148152699085,low,random_forest-extended-v1-20260902
349022020_00_017,349022020,tertiary,,,1419.3290405273438,20.376375198364258,0.004479622468352318,349.89912922070613,tree_cover,0.2494751884197602,low,random_forest-extended-v1-20260902
349022020_00_018,349022020,tertiary,,,1461.9588623046875,21.252275466918945,0.025786545127630234,145.79130384196088,tree_cover,0.31610510660594143,low,random_forest-extended-v1-20260902
349022020_00_019,349022020,tertiary,,,1483.64306640625,21.252275466918945,-0.011572358198463917,105.13160430378801,tree_cover,0.37615187726449717,low,random_forest-extended-v1-20260902
349041288_00_000,349041288,trunk,,NH310,1991.7005615234375,27.303077697753906,-0.04152265563607216,467.4424798375224,tree_cover,0.4126421569213023,low,random_forest-extended-v1-20260902
349041289_00_000,349041289,trunk,,NH310,1995.0411376953125,29.2667179107666,0.02575782872736454,315.39481291136406,tree_cover,0.4251805261844654,moderate,random_forest-extended-v1-20260902
349041289_00_001,349041289,trunk,,NH310,1988.1387939453125,28.392858505249023,-0.007236313074827194,392.284278244487,tree_cover,0.4367679791212498,moderate,random_forest-extended-v1-20260902
349041290_00_000,349041290,trunk,,NH310,1949.6198120117188,26.325687408447266,0.04340352118015289,550.1569638651962,tree_cover,0.40172749325587,low,random_forest-extended-v1-20260902
349041290_00_001,349041290,trunk,,NH310,1849.3045654296875,24.85354995727539,0.05328166484832764,572.868929180574,tree_cover,0.27647653449161436,low,random_forest-extended-v1-20260902
349041291_00_000,349041291,tertiary,,,1765.6204833984375,28.394412994384766,0.02910318784415722,123.70802350161468,tree_cover,0.5255384486771143,moderate,random_forest-extended-v1-20260902
349041293_00_000,349041293,tertiary,,,1748.7298583984375,27.94150733947754,-0.02960571087896824,105.13160430378801,tree_cover,0.5690999348930301,moderate,random_forest-extended-v1-20260902
349046578_00_000,349046578,trunk,,NH10,901.170654296875,20.368343353271484,-0.04451625049114227,174.94956461035306,tree_cover,0.149421304588448,low,random_forest-extended-v1-20260902
349046578_00_001,349046578,trunk,,NH10,944.3235778808594,23.437314987182617,-0.035908766090869904,325.9992659189508,tree_cover,0.19812641206345685,low,random_forest-extended-v1-20260902
349046578_00_002,349046578,trunk,,NH10,942.2816772460938,23.105419158935547,-0.03830651566386223,412.36007833871565,tree_cover,0.19826928842507027,low,random_forest-extended-v1-20260902
349046578_00_003,349046578,trunk,,NH10,971.8314514160156,23.89324378967285,0.029957477003335953,554.0069545994514,tree_cover,0.22237311181771474,low,random_forest-extended-v1-20260902
349046578_00_004,349046578,trunk,,NH10,908.5451049804688,24.150188446044922,-0.0399361215531826,496.54728838338445,tree_cover,0.22656953759344367,low,random_forest-extended-v1-20260902
349046578_00_005,349046578,trunk,,NH10,910.8089599609375,25.814672470092773,-0.002842837478965521,412.36007833871565,tree_cover,0.26351865031595667,low,random_forest-extended-v1-20260902
349046578_00_006,349046578,trunk,,NH10,888.0568237304688,26.43364715576172,-0.0670723021030426,247.41604700322935,tree_cover,0.2920950502690191,low,random_forest-extended-v1-20260902
349046578_00_007,349046578,trunk,,NH10,856.9026184082031,26.344236373901367,-0.09415104240179062,184.41303327450134,tree_cover,0.30329143417764454,low,random_forest-extended-v1-20260902
349046578_00_008,349046578,trunk,,NH10,839.2119140625,26.491477966308594,-0.08011632412672043,195.5995595513705,tree_cover,0.2876007578002685,low,random_forest-extended-v1-20260902
349046578_00_009,349046578,trunk,,NH10,822.8583374023438,27.007844924926758,-0.0854143425822258,174.94956461035306,tree_cover,0.2901367055556496,low,random_forest-extended-v1-20260902
349079485_00_000,349079485,trunk,,NH310,1795.3924560546875,27.970138549804688,0.043992191553115845,148.67854064045866,tree_cover,0.4913562419205296,moderate,random_forest-extended-v1-20260902
349079489_00_000,349079489,primary,,NH310,1774.2542724609375,27.929790496826172,-0.023317009210586548,123.70802350161468,tree_cover,0.5083635445717849,moderate,random_forest-extended-v1-20260902
349079663_00_000,349079663,primary,,,1834.6468505859375,28.57008171081543,-0.023862604051828384,195.5995595513705,tree_cover,0.458160634101631,moderate,random_forest-extended-v1-20260902
349079665_00_000,349079665,primary,,,1837.2044067382812,26.0064754486084,0.042987145483493805,355.9219317274452,tree_cover,0.39592772912530083,low,random_forest-extended-v1-20260902
349083381_00_000,349083381,trunk,,NH 717A,838.6728820800781,18.650150299072266,-0.0716954916715622,145.79130384196088,tree_cover,0.15878476030120184,low,random_forest-extended-v1-20260902
349083381_00_001,349083381,trunk,,NH 717A,832.3164672851562,18.877117156982422,-0.10229907184839249,145.79130384196088,tree_cover,0.15706183701683438,low,random_forest-extended-v1-20260902
349100588_00_000,349100588,trunk,,NH 717A,853.9346618652344,20.34973907470703,-0.027688948437571526,123.70802350161468,tree_cover,0.1806113280327321,low,random_forest-extended-v1-20260902
349106343_00_000,349106343,primary,Gangtok - Assam - Pakyong Road,SH2,1271.279296875,23.753360748291016,-0.0041063204407691956,349.89912922070613,tree_cover,0.3055836498492094,low,random_forest-extended-v1-20260902
349106343_00_001,349106343,primary,Gangtok - Assam - Pakyong Road,SH2,1330.6239624023438,26.296363830566406,0.0025269666220992804,322.06351682017964,tree_cover,0.39165110583039314,low,random_forest-extended-v1-20260902
349106343_00_002,349106343,primary,Gangtok - Assam - Pakyong Road,SH2,1408.8197631835938,27.60354995727539,0.013682949356734753,240.44517801476906,tree_cover,0.45621663776514026,moderate,random_forest-extended-v1-20260902
349106756_00_000,349106756,tertiary,,,873.4838256835938,20.719959259033203,0.016891909763216972,148.67854064045866,tree_cover,0.19047215304896248,low,random_forest-extended-v1-20260902
349106756_00_001,349106756,tertiary,,,887.7698974609375,20.628725051879883,-0.002928983885794878,233.26608614713743,tree_cover,0.1514163835622994,low,random_forest-extended-v1-20260902
349106756_00_002,349106756,tertiary,,,880.9747314453125,20.383922576904297,-0.0783359631896019,206.18003916935783,tree_cover,0.14141281907712508,low,random_forest-extended-v1-20260902
349106756_00_003,349106756,tertiary,,,900.3485717773438,21.751476287841797,-0.06254242360591888,177.36277605064052,tree_cover,0.18796703038883195,low,random_forest-extended-v1-20260902
349106756_00_004,349106756,tertiary,,,925.9557495117188,21.89440155029297,-0.048213373869657516,275.0784819325981,tree_cover,0.18772966663809224,low,random_forest-extended-v1-20260902
349106756_00_005,349106756,tertiary,,,965.193603515625,22.647531509399414,0.00663328729569912,325.9992659189508,tree_cover,0.19708717337592135,low,random_forest-extended-v1-20260902
349106756_00_006,349106756,tertiary,,,1028.7399291992188,22.67732048034668,0.03812704235315323,405.07950455465993,tree_cover,0.21077671747739937,low,random_forest-extended-v1-20260902
349106756_00_007,349106756,tertiary,,,1059.2574462890625,22.386489868164062,0.03925412893295288,438.344776009123,tree_cover,0.205758847005954,low,random_forest-extended-v1-20260902
349106756_00_008,349106756,tertiary,,,1093.9256591796875,22.949466705322266,0.06315980851650238,461.03258318625336,tree_cover,0.23153609083854745,low,random_forest-extended-v1-20260902
349106756_00_009,349106756,tertiary,,,1149.5919189453125,23.107501983642578,0.05184588581323624,509.2271321978585,tree_cover,0.24163863647811462,low,random_forest-extended-v1-20260902
349106756_00_010,349106756,tertiary,,,1213.6694946289062,21.3535213470459,0.039282843470573425,466.53217229427486,tree_cover,0.2601017515857688,low,random_forest-extended-v1-20260902
349106756_00_011,349106756,tertiary,,,1265.1905517578125,21.342082977294922,0.03175937384366989,478.2310341342386,tree_cover,0.27299036963892986,low,random_forest-extended-v1-20260902
349106756_00_012,349106756,tertiary,,,1284.3978271484375,22.069782257080078,0.04557154327630997,441.2445525642225,tree_cover,0.3022702632453488,low,random_forest-extended-v1-20260902
349106756_00_013,349106756,tertiary,,,1309.1065063476562,23.213886260986328,0.041493941098451614,470.1628276137589,tree_cover,0.2762058803550931,low,random_forest-extended-v1-20260902
349106756_00_014,349106756,tertiary,,,1297.9732666015625,25.201696395874023,0.03948385268449783,482.65509721155024,tree_cover,0.31341893378442365,low,random_forest-extended-v1-20260902
349106776_00_000,349106776,primary,Gangtok - Assam - Pakyong Road,SH2,1296.6757202148438,27.322410583496094,0.020732611417770386,433.46870913515824,tree_cover,0.4178271960399056,low,random_forest-extended-v1-20260902
349113447_00_000,349113447,primary,Gangtok - Assam - Pakyong Road,SH2,1245.093994140625,26.558151245117188,0.051917675882577896,433.46870913515824,tree_cover,0.3963128218658306,low,random_forest-extended-v1-20260902
349113447_00_001,349113447,primary,Gangtok - Assam - Pakyong Road,SH2,1278.9158935546875,26.253116607666016,0.03175937384366989,466.53217229427486,tree_cover,0.41862357706270553,low,random_forest-extended-v1-20260902
349113447_00_002,349113447,primary,Gangtok - Assam - Pakyong Road,SH2,1332.9974975585938,24.071678161621094,0.020646464079618454,509.2271321978585,tree_cover,0.2756377887978895,low,random_forest-extended-v1-20260902
349113447_00_003,349113447,primary,Gangtok - Assam - Pakyong Road,SH2,1345.44189453125,24.93619155883789,0.07822109758853912,498.256578424176,tree_cover,0.29599388315936404,low,random_forest-extended-v1-20260902
349113447_00_004,349113447,primary,Gangtok - Assam - Pakyong Road,SH2,1341.7722778320312,25.68812370300293,0.10280159115791321,412.36007833871565,tree_cover,0.3418969289257126,low,random_forest-extended-v1-20260902
349113447_00_005,349113447,primary,Gangtok - Assam - Pakyong Road,SH2,1395.4083251953125,24.5502986907959,0.05364060774445534,349.89912922070613,tree_cover,0.27202664417701,low,random_forest-extended-v1-20260902
349113447_00_006,349113447,primary,Gangtok - Assam - Pakyong Road,SH2,1399.3251953125,22.96295738220215,-0.03460221365094185,174.94956461035306,tree_cover,0.31615800901787217,low,random_forest-extended-v1-20260902
349113447_00_007,349113447,primary,Gangtok - Assam - Pakyong Road,SH2,1397.2681884765625,21.590177536010742,-0.018464084714651108,157.02203972719624,tree_cover,0.3003926765122174,low,random_forest-extended-v1-20260902
349113447_00_008,349113447,primary,Gangtok - Assam - Pakyong Road,SH2,1389.4095458984375,22.16579818725586,-0.04901740700006485,123.70802350161468,tree_cover,0.3684500188084018,low,random_forest-extended-v1-20260902
349113447_00_009,349113447,primary,Gangtok - Assam - Pakyong Road,SH2,1465.4622802734375,23.529022216796875,-0.04232668876647949,164.94403133548627,tree_cover,0.3088018837613916,low,random_forest-extended-v1-20260902
349113447_00_010,349113447,primary,Gangtok - Assam - Pakyong Road,SH2,1417.2562255859375,24.689998626708984,-0.11084194481372833,145.79130384196088,tree_cover,0.3731347110653,low,random_forest-extended-v1-20260902
349113447_00_011,349113447,primary,Gangtok - Assam - Pakyong Road,SH2,1399.8800048828125,25.915403366088867,-0.06621801108121872,170.02041587784976,tree_cover,0.3753420038621886,low,random_forest-extended-v1-20260902
349113447_00_012,349113447,primary,Gangtok - Assam - Pakyong Road,SH2,1457.8331298828125,29.60901641845703,-0.041063208132982254,145.79130384196088,tree_cover,0.49028085823550566,moderate,random_forest-extended-v1-20260902
349116921_00_000,349116921,tertiary,,,1453.8609619140625,24.47639274597168,-0.06504067033529282,82.47201566774314,tree_cover,0.47046450757688935,moderate,random_forest-extended-v1-20260902
349116921_00_001,349116921,tertiary,,,1465.4718017578125,22.365957260131836,-0.054904092103242874,58.31652153678436,tree_cover,0.5116166008768884,moderate,random_forest-extended-v1-20260902
349116921_00_002,349116921,tertiary,,,1491.9869384765625,21.29295539855957,-0.05872325599193573,82.47201566774314,tree_cover,0.4133835655163775,low,random_forest-extended-v1-20260902
349116921_00_003,349116921,tertiary,,,1480.073486328125,22.562013626098633,0.01806206814944744,262.4243469155296,tree_cover,0.2952711705122946,low,random_forest-extended-v1-20260902
349116921_00_004,349116921,tertiary,,,1467.382568359375,23.43358612060547,-0.0022254534997045994,314.0440794543925,tree_cover,0.2821113773743934,low,random_forest-extended-v1-20260902
349116921_00_005,349116921,tertiary,,,1540.3604736328125,26.808874130249023,-0.026561863720417023,177.36277605064052,tree_cover,0.44329155713960894,moderate,random_forest-extended-v1-20260902
349116921_00_006,349116921,tertiary,,,1569.5096435546875,30.128631591796875,-0.006992231123149395,120.22258900738453,tree_cover,0.5555553942813397,moderate,random_forest-extended-v1-20260902
349116921_00_007,349116921,tertiary,,,1524.71630859375,30.155305862426758,-0.014702350832521915,145.79130384196088,tree_cover,0.5640250234700126,moderate,random_forest-extended-v1-20260902
349116921_00_008,349116921,tertiary,,,1520.1497802734375,28.031536102294922,0.04044582322239876,177.36277605064052,tree_cover,0.5148036295856968,moderate,random_forest-extended-v1-20260902
349116921_00_009,349116921,tertiary,,,1461.297607421875,26.85079574584961,0.020790042355656624,235.08141380687945,tree_cover,0.4074795657319746,low,random_forest-extended-v1-20260902
349116921_00_010,349116921,tertiary,,,1447.080322265625,24.651161193847656,0.022886276245117188,499.1090282834049,tree_cover,0.2842912992125537,low,random_forest-extended-v1-20260902
349116921_00_011,349116921,tertiary,,,1410.270751953125,21.94202995300293,0.008298788219690323,524.8486938310592,tree_cover,0.2834201520714769,low,random_forest-extended-v1-20260902
349119629_00_000,349119629,primary,Gangtok - Assam - Pakyong Road,SH2,1466.235107421875,28.587202072143555,-0.02320214733481407,145.79130384196088,tree_cover,0.5019251239133877,moderate,random_forest-extended-v1-20260902
349127278_00_000,349127278,trunk,,NH 717A,832.7247924804688,21.43250274658203,-0.1429171860218048,123.70802350161468,tree_cover,0.21847210248536192,low,random_forest-extended-v1-20260902
349127278_00_001,349127278,trunk,,NH 717A,824.6285400390625,21.68547248840332,-0.16670800745487213,116.63304307356871,tree_cover,0.23328991807588495,low,random_forest-extended-v1-20260902
349127278_00_002,349127278,trunk,,NH 717A,872.1076049804688,23.267446517944336,-0.10334718972444534,164.94403133548627,tree_cover,0.22501972052418912,low,random_forest-extended-v1-20260902
349127278_00_003,349127278,trunk,,NH 717A,946.3082275390625,23.521644592285156,-0.09925522655248642,227.73329671633672,tree_cover,0.20025331130385274,low,random_forest-extended-v1-20260902
349127278_00_004,349127278,trunk,,NH 717A,991.3824768066406,23.240711212158203,-0.08853715658187866,195.5995595513705,tree_cover,0.2033869450511235,low,random_forest-extended-v1-20260902
349127278_00_005,349127278,trunk,,NH 717A,1036.8863525390625,22.373367309570312,-0.023159073665738106,145.79130384196088,tree_cover,0.22375436779866442,low,random_forest-extended-v1-20260902
349173294_00_000,349173294,trunk,,NH310,2417.3087158203125,33.296791076660156,-0.037990644574165344,474.66209594294867,tree_cover,0.49586092145215493,moderate,random_forest-extended-v1-20260902
349173294_00_001,349173294,trunk,,NH310,2530.2275390625,35.486236572265625,0.08425135910511017,547.8339824949326,tree_cover,0.4936486886005616,moderate,random_forest-extended-v1-20260902
349173294_00_002,349173294,trunk,,NH310,2465.6859130859375,34.671958923339844,-0.006317416206002235,550.1569638651962,tree_cover,0.4982352335385747,moderate,random_forest-extended-v1-20260902
349173294_00_003,349173294,trunk,,NH310,2531.3740234375,35.124576568603516,0.05295143648982048,574.3511281111691,tree_cover,0.49318494092357296,moderate,random_forest-extended-v1-20260902
349173294_00_004,349173294,trunk,,NH310,2568.202392578125,34.05512619018555,0.0018377938540652394,601.1129450369226,tree_cover,0.4814525688594691,moderate,random_forest-extended-v1-20260902
349173294_00_005,349173294,trunk,,NH310,2576.71240234375,30.691801071166992,0.030352314934134483,627.0712838825038,tree_cover,0.4353382847110831,moderate,random_forest-extended-v1-20260902
349173294_00_006,349173294,trunk,,NH310,2690.708740234375,26.137683868408203,0.004020174033939838,816.9518188146002,tree_cover,0.3413281554931433,low,random_forest-extended-v1-20260902
349173294_00_007,349173294,trunk,,NH310,2677.2835693359375,24.959064483642578,-0.04933328181505203,742.8204221059907,tree_cover,0.3077097409839494,low,random_forest-extended-v1-20260902
349173294_00_008,349173294,trunk,,NH310,2703.7823486328125,25.153383255004883,-0.004766778089106083,589.6893300326549,tree_cover,0.2744426969571178,low,random_forest-extended-v1-20260902
349173294_00_009,349173294,trunk,,NH310,2730.420654296875,25.022550582885742,0.01906711235642433,692.1626988525036,tree_cover,0.2916115966299086,low,random_forest-extended-v1-20260902
349173294_00_010,349173294,trunk,,NH310,2771.8822021484375,24.412391662597656,0.02897396869957447,861.2799070728327,tree_cover,0.286232291719282,low,random_forest-extended-v1-20260902
349173294_00_011,349173294,trunk,,NH310,2797.9180908203125,24.56448745727539,0.06466737389564514,938.9684368315839,tree_cover,0.2922160721501077,low,random_forest-extended-v1-20260902
349173294_00_012,349173294,trunk,,NH310,2795.549072265625,28.02716636657715,0.11170341074466705,928.0392369189175,tree_cover,0.3594392373576632,low,random_forest-extended-v1-20260902
349173294_00_013,349173294,trunk,,NH310,2768.13232421875,30.231077194213867,0.12186870723962784,913.263539066268,tree_cover,0.3926233488752634,low,random_forest-extended-v1-20260902
349173294_00_014,349173294,trunk,,NH310,2792.590576171875,31.54808807373047,0.12965062260627747,931.6965485764919,tree_cover,0.4396572721694846,moderate,random_forest-extended-v1-20260902
349173294_00_015,349173294,trunk,,NH310,2803.3485107421875,26.290802001953125,0.08043219894170761,845.8408519228794,tree_cover,0.325860576047583,low,random_forest-extended-v1-20260902
349528164_00_000,349528164,tertiary,,,1520.1942138671875,22.422813415527344,-0.058608394116163254,123.70802350161468,tree_cover,0.3943462964637817,low,random_forest-extended-v1-20260902
349528166_00_000,349528166,tertiary,,,1474.52783203125,21.76311492919922,-0.061623524874448776,87.47478230517653,tree_cover,0.43906520871272664,moderate,random_forest-extended-v1-20260902
349528166_00_001,349528166,tertiary,,,1502.4605712890625,21.571155548095703,-0.07569413632154465,116.63304307356871,tree_cover,0.3588978750120525,low,random_forest-extended-v1-20260902
349528735_00_000,349528735,tertiary,,,1464.1275024414062,20.991989135742188,-0.04294407367706299,120.22258900738453,tree_cover,0.317977207647079,low,random_forest-extended-v1-20260902
349528919_00_000,349528919,tertiary,,,1463.4158935546875,20.496597290039062,0.011601073667407036,174.94956461035306,tree_cover,0.2645605263417284,low,random_forest-extended-v1-20260902
349528920_00_000,349528920,tertiary,,,1448.8902587890625,20.478008270263672,-0.00045944846351630986,170.02041587784976,tree_cover,0.2701712189042843,low,random_forest-extended-v1-20260902
349539993_00_000,349539993,tertiary,,,1245.934814453125,32.44015884399414,-0.028241721913218498,206.18003916935783,tree_cover,0.5813969379821657,moderate,random_forest-extended-v1-20260902
349539993_00_001,349539993,tertiary,,,1135.26953125,31.19647789001465,-0.06264293193817139,145.79130384196088,tree_cover,0.4837742597427352,moderate,random_forest-extended-v1-20260902
349539993_00_002,349539993,tertiary,,,1153.67919921875,31.593538284301758,-0.07837903499603271,116.63304307356871,tree_cover,0.5039370977296004,moderate,random_forest-extended-v1-20260902
349539993_00_003,349539993,tertiary,,,1144.7539672851562,28.283924102783203,-0.09747485816478729,120.22258900738453,tree_cover,0.369736708017873,low,random_forest-extended-v1-20260902
349539993_00_004,349539993,tertiary,,,1105.70458984375,27.43787956237793,-0.09191840887069702,145.79130384196088,tree_cover,0.31719571922186013,low,random_forest-extended-v1-20260902
349554350_00_000,349554350,primary,Baluakhani Road,,1731.6103515625,22.577417373657227,0.02983543463051319,525.6580215189401,tree_cover,0.3001974482469416,low,random_forest-extended-v1-20260902
349554354_00_000,349554354,trunk,,NH10,1481.862060546875,21.614290237426758,0.007408606354147196,437.3739115258827,tree_cover,0.26579627890096913,low,random_forest-extended-v1-20260902
349554354_00_001,349554354,trunk,,NH10,1480.0394287109375,21.433141708374023,0.00956227071583271,474.66209594294867,tree_cover,0.25847682977088127,low,random_forest-extended-v1-20260902
349554354_00_002,349554354,trunk,,NH10,1446.37548828125,21.765705108642578,0.04917534440755844,433.46870913515824,tree_cover,0.26306912161597157,low,random_forest-extended-v1-20260902
349554354_00_003,349554354,trunk,,NH10,1427.416015625,22.028505325317383,0.014644919894635677,412.36007833871565,tree_cover,0.28683504912484925,low,random_forest-extended-v1-20260902
349554354_00_004,349554354,trunk,,NH10,1452.5107421875,22.779319763183594,-0.017171885818243027,351.11195479568335,tree_cover,0.2924045592566505,low,random_forest-extended-v1-20260902
349554354_00_005,349554354,trunk,,NH10,1468.7152099609375,22.91214370727539,0.015535101294517517,340.0408317556995,tree_cover,0.2763286309710868,low,random_forest-extended-v1-20260902
349554354_00_006,349554354,trunk,,NH10,1433.1649169921875,24.16510009765625,-0.0025843975599855185,360.66776702215355,tree_cover,0.2911835232647366,low,random_forest-extended-v1-20260902
349554354_00_007,349554354,trunk,,NH10,1450.6300048828125,23.688030242919922,0.00999300368130207,613.0173273232991,tree_cover,0.2860319019965572,low,random_forest-extended-v1-20260902
353285063_00_000,353285063,trunk,Jelep Pass Highway,NH 717B,876.9376220703125,24.931922912597656,-0.11171776056289673,145.79130384196088,tree_cover,0.2575357200422235,low,random_forest-extended-v1-20260902
353285063_00_001,353285063,trunk,Jelep Pass Highway,NH 717B,893.9944458007812,22.435508728027344,-0.02070389688014984,130.39970636758034,tree_cover,0.23287935022407558,low,random_forest-extended-v1-20260902
353285063_00_002,353285063,trunk,Jelep Pass Highway,NH 717B,879.6893920898438,19.75402069091797,-0.04256359487771988,118.42781604047661,tree_cover,0.17433450089318514,low,random_forest-extended-v1-20260902
353285063_00_003,353285063,trunk,Jelep Pass Highway,NH 717B,897.5791625976562,20.900516510009766,-0.018995322287082672,130.39970636758034,tree_cover,0.18448821986748332,low,random_forest-extended-v1-20260902
353285063_00_004,353285063,trunk,Jelep Pass Highway,NH 717B,914.0048522949219,24.138919830322266,-0.021974558010697365,164.94403133548627,tree_cover,0.2211684766799455,low,random_forest-extended-v1-20260902
353285063_00_005,353285063,trunk,Jelep Pass Highway,NH 717B,942.7811889648438,26.101224899291992,-0.056268077343702316,145.79130384196088,tree_cover,0.3002879434103556,low,random_forest-extended-v1-20260902
353285063_00_006,353285063,trunk,Jelep Pass Highway,NH 717B,1026.7564086914062,21.809104919433594,0.001572175184264779,177.36277605064052,tree_cover,0.1970502641846986,low,random_forest-extended-v1-20260902
353285063_00_007,353285063,trunk,Jelep Pass Highway,NH 717B,1038.976318359375,22.340368270874023,-0.014357764273881912,174.94956461035306,tree_cover,0.20632084014694177,low,random_forest-extended-v1-20260902
353285063_00_008,353285063,trunk,Jelep Pass Highway,NH 717B,1066.2935791015625,24.390581130981445,-0.03710046410560608,186.70396624747931,tree_cover,0.23355676574385792,low,random_forest-extended-v1-20260902
353285063_00_009,353285063,trunk,Jelep Pass Highway,NH 717B,1134.7783203125,27.09581756591797,-0.07856568694114685,145.79130384196088,tree_cover,0.2977007909589638,low,random_forest-extended-v1-20260902
353285063_00_010,353285063,trunk,Jelep Pass Highway,NH 717B,1155.1934814453125,26.343303680419922,-0.09654161334037781,184.41303327450134,tree_cover,0.3106553167268745,low,random_forest-extended-v1-20260902
353285063_00_011,353285063,trunk,Jelep Pass Highway,NH 717B,1183.412841796875,22.428756713867188,-0.024092329666018486,250.82884335095778,tree_cover,0.26920946111113936,low,random_forest-extended-v1-20260902
353285063_00_012,353285063,trunk,Jelep Pass Highway,NH 717B,1227.5802001953125,18.611759185791016,-0.020732611417770386,227.73329671633672,tree_cover,0.2687565830323631,low,random_forest-extended-v1-20260902
353285063_00_013,353285063,trunk,Jelep Pass Highway,NH 717B,1256.4259033203125,18.340578079223633,0.008700805716216564,262.4243469155296,tree_cover,0.28159073516167843,low,random_forest-extended-v1-20260902
353285063_00_014,353285063,trunk,Jelep Pass Highway,NH 717B,1225.891357421875,21.2236328125,-0.010753965005278587,389.01971986608265,tree_cover,0.2670952576544064,low,random_forest-extended-v1-20260902
353285063_00_015,353285063,trunk,Jelep Pass Highway,NH 717B,1279.1671142578125,19.41299819946289,-0.015305377542972565,455.9327828596023,tree_cover,0.27195235831463777,low,random_forest-extended-v1-20260902
353285063_00_016,353285063,trunk,Jelep Pass Highway,NH 717B,1342.6217041015625,17.332380294799805,-0.03497551381587982,424.5506851483841,tree_cover,0.24802289583769305,low,random_forest-extended-v1-20260902
353285063_00_017,353285063,trunk,Jelep Pass Highway,NH 717B,1347.5272827148438,18.67202377319336,-0.05023781955242157,498.6828033537904,tree_cover,0.22611018750215478,low,random_forest-extended-v1-20260902
353285063_00_018,353285063,trunk,Jelep Pass Highway,NH 717B,1360.47265625,22.55885124206543,-0.0041493941098451614,519.1480735001394,tree_cover,0.28793533129827725,low,random_forest-extended-v1-20260902
353285063_00_019,353285063,trunk,Jelep Pass Highway,NH 717B,1344.374755859375,25.2725887298584,-0.09728821367025375,433.46870913515824,tree_cover,0.32004279170527733,low,random_forest-extended-v1-20260902
353285063_00_020,353285063,trunk,Jelep Pass Highway,NH 717B,1467.2194213867188,25.55506134033203,-0.070381760597229,510.06124763354927,tree_cover,0.363788082977125,low,random_forest-extended-v1-20260902
353285063_00_021,353285063,trunk,Jelep Pass Highway,NH 717B,1531.46142578125,25.41638946533203,-0.038005001842975616,566.1510156143496,tree_cover,0.37741901148658363,low,random_forest-extended-v1-20260902
353285063_00_022,353285063,trunk,Jelep Pass Highway,NH 717B,1538.470703125,24.539932250976562,-0.02033059485256672,583.1652153678435,tree_cover,0.30974937327989294,low,random_forest-extended-v1-20260902
353285063_00_023,353285063,trunk,Jelep Pass Highway,NH 717B,1565.2863159179688,24.77800750732422,0.04475314915180206,589.6893300326549,tree_cover,0.3306741605679771,low,random_forest-extended-v1-20260902
353285063_00_024,353285063,trunk,Jelep Pass Highway,NH 717B,1579.352783203125,23.78891372680664,0.04522695764899254,566.1510156143496,tree_cover,0.2847504837952557,low,random_forest-extended-v1-20260902
353285063_00_025,353285063,trunk,Jelep Pass Highway,NH 717B,1602.6836547851562,22.66104507446289,0.014314690604805946,520.3734494852304,tree_cover,0.2977608012949357,low,random_forest-extended-v1-20260902
353285063_00_026,353285063,trunk,Jelep Pass Highway,NH 717B,1577.8599853515625,21.36153793334961,-0.006676360499113798,536.0681018403303,tree_cover,0.27353066993099917,low,random_forest-extended-v1-20260902
353285063_00_027,353285063,trunk,Jelep Pass Highway,NH 717B,1541.453369140625,20.051231384277344,0.05793358013033867,694.3084800687484,tree_cover,0.2782938264039676,low,random_forest-extended-v1-20260902
353285063_00_028,353285063,trunk,Jelep Pass Highway,NH 717B,1523.0238037109375,18.70770835876465,0.05513381585478783,846.0921415623858,tree_cover,0.2713678000382072,low,random_forest-extended-v1-20260902
353285063_00_029,353285063,trunk,Jelep Pass Highway,NH 717B,1526.5472412109375,19.23904800415039,0.05239148437976837,905.7853084761554,tree_cover,0.2842447704701682,low,random_forest-extended-v1-20260902
353285063_00_030,353285063,trunk,Jelep Pass Highway,NH 717B,1522.9384155273438,19.923141479492188,0.06936235725879669,896.3477800868138,tree_cover,0.2926670688992071,low,random_forest-extended-v1-20260902
353285063_00_031,353285063,trunk,Jelep Pass Highway,NH 717B,1503.3004150390625,19.463197708129883,0.04585869982838631,863.4981517061509,tree_cover,0.2897883851275041,low,random_forest-extended-v1-20260902
353285063_00_032,353285063,trunk,Jelep Pass Highway,NH 717B,1458.180908203125,20.652610778808594,0.01191694475710392,767.0340842218098,tree_cover,0.30796884783342887,low,random_forest-extended-v1-20260902
353285063_00_033,353285063,trunk,Jelep Pass Highway,NH 717B,1451.4205322265625,18.41190528869629,0.00574310589581728,756.9924776900458,tree_cover,0.2941162029573072,low,random_forest-extended-v1-20260902
353285063_00_034,353285063,trunk,Jelep Pass Highway,NH 717B,1377.2032470703125,18.261737823486328,-0.03326693922281265,566.1510156143496,tree_cover,0.24358790820918855,low,random_forest-extended-v1-20260902
353285063_00_035,353285063,trunk,Jelep Pass Highway,NH 717B,1307.069580078125,17.590373992919922,-0.05320987477898598,417.4827601981901,tree_cover,0.2655005947356517,low,random_forest-extended-v1-20260902
353285063_00_036,353285063,trunk,Jelep Pass Highway,NH 717B,1254.2473754882812,18.039892196655273,-0.0075091109611094,396.5952239273039,tree_cover,0.2697294754553463,low,random_forest-extended-v1-20260902
353285063_00_037,353285063,trunk,Jelep Pass Highway,NH 717B,1213.2797241210938,16.885047912597656,-0.04165187478065491,288.65205483710093,tree_cover,0.25742913593539635,low,random_forest-extended-v1-20260902
353285063_00_038,353285063,trunk,Jelep Pass Highway,NH 717B,1220.1599731445312,15.684715270996094,-0.016511429101228714,250.82884335095778,tree_cover,0.21897169408482658,low,random_forest-extended-v1-20260902
353285063_00_039,353285063,trunk,Jelep Pass Highway,NH 717B,1218.5775146484375,15.70711898803711,-0.026992596685886383,177.36277605064052,tree_cover,0.22961717931827372,low,random_forest-extended-v1-20260902
353285063_00_040,353285063,trunk,Jelep Pass Highway,NH 717B,1251.008056640625,16.601186752319336,-0.03873724862933159,157.02203972719624,tree_cover,0.2756300277457978,low,random_forest-extended-v1-20260902
353285063_00_041,353285063,trunk,Jelep Pass Highway,NH 717B,1224.44482421875,16.543994903564453,-0.0726933628320694,145.79130384196088,tree_cover,0.27604273628367226,low,random_forest-extended-v1-20260902
353285063_00_042,353285063,trunk,Jelep Pass Highway,NH 717B,1173.1934814453125,15.730384826660156,-0.02190994843840599,145.79130384196088,tree_cover,0.19012234308425316,low,random_forest-extended-v1-20260902
353285063_00_043,353285063,trunk,Jelep Pass Highway,NH 717B,1148.04052734375,16.125919342041016,-0.03381253406405449,186.70396624747931,tree_cover,0.16769192668095256,low,random_forest-extended-v1-20260902
353285063_00_044,353285063,trunk,Jelep Pass Highway,NH 717B,1132.6731567382812,16.156841278076172,-0.04970657825469971,184.41303327450134,tree_cover,0.15935438070004584,low,random_forest-extended-v1-20260902
353285063_00_045,353285063,trunk,Jelep Pass Highway,NH 717B,1104.330078125,15.44666862487793,-0.0421687513589859,130.39970636758034,tree_cover,0.16954504056959885,low,random_forest-extended-v1-20260902
353285063_00_046,353285063,trunk,Jelep Pass Highway,NH 717B,1074.0912475585938,15.905570983886719,-0.03488937020301819,130.39970636758034,tree_cover,0.15949855269341193,low,random_forest-extended-v1-20260902
353285063_00_047,353285063,trunk,Jelep Pass Highway,NH 717B,1075.6199951171875,16.35161590576172,-0.07282258570194244,145.79130384196088,tree_cover,0.15477813734672866,low,random_forest-extended-v1-20260902
353285063_00_048,353285063,trunk,Jelep Pass Highway,NH 717B,1050.4937133789062,15.973564147949219,-0.03381253406405449,123.70802350161468,tree_cover,0.16155473378050655,low,random_forest-extended-v1-20260902
353285063_00_049,353285063,trunk,Jelep Pass Highway,NH 717B,1043.3177490234375,17.15824317932129,-0.022713983431458473,206.18003916935783,tree_cover,0.1442743320519046,low,random_forest-extended-v1-20260902
353285063_00_050,353285063,trunk,Jelep Pass Highway,NH 717B,1007.9066772460938,19.506576538085938,-0.03184552118182182,355.9219317274452,tree_cover,0.12894083348044777,low,random_forest-extended-v1-20260902
353285063_00_051,353285063,trunk,Jelep Pass Highway,NH 717B,963.0317077636719,21.694650650024414,-0.01248407643288374,495.2612635345629,tree_cover,0.1883113259799334,low,random_forest-extended-v1-20260902
353285063_00_052,353285063,trunk,Jelep Pass Highway,NH 717B,919.4473266601562,21.920377731323242,-0.0634038895368576,478.2310341342386,tree_cover,0.1967495233562012,low,random_forest-extended-v1-20260902
353285064_00_000,353285064,trunk,Jelep Pass Highway,NH 717B,888.2748718261719,29.983875274658203,-0.12224200367927551,184.41303327450134,tree_cover,0.37242954698173153,low,random_forest-extended-v1-20260902
353285066_00_000,353285066,trunk,,NH 717A,532.6143188476562,28.00396728515625,-0.09535349905490875,116.63304307356871,tree_cover,0.47375365416243664,moderate,random_forest-extended-v1-20260902
355434157_00_000,355434157,primary,Gangtok - Assam - Pakyong Road,SH2,1423.014892578125,26.577560424804688,-0.061968110501766205,105.13160430378801,tree_cover,0.5122728091052687,moderate,random_forest-extended-v1-20260902
355434157_00_001,355434157,primary,Gangtok - Assam - Pakyong Road,SH2,1435.9481201171875,24.427658081054688,-0.04907483980059624,105.13160430378801,tree_cover,0.43846228303527623,moderate,random_forest-extended-v1-20260902
355444440_00_000,355444440,primary,Gangtok - Assam - Pakyong Road,SH2,1423.09033203125,27.83324432373047,-0.03905311971902847,184.41303327450134,tree_cover,0.49243485564688466,moderate,random_forest-extended-v1-20260902
355444442_00_000,355444442,primary,Gangtok - Assam - Pakyong Road,SH2,1392.8045654296875,26.737747192382812,-0.042125679552555084,186.70396624747931,tree_cover,0.4046517485923229,low,random_forest-extended-v1-20260902
364218780_00_000,364218780,tertiary,North Sikkim Highway,NH310A,1576.61328125,31.205020904541016,-0.17935720086097717,120.22258900738453,tree_cover,0.5983813863808858,high,random_forest-extended-v1-20260902
364218780_00_001,364218780,tertiary,North Sikkim Highway,NH310A,1610.4219970703125,33.90340042114258,-0.07155910134315491,130.39970636758034,tree_cover,0.6005729035897156,high,random_forest-extended-v1-20260902
364388909_00_000,364388909,tertiary,North Sikkim Highway,NH310A,1465.5889892578125,35.554935455322266,-0.10952102392911911,222.06269817368786,tree_cover,0.6171330403610614,high,random_forest-extended-v1-20260902
364388909_00_001,364388909,tertiary,North Sikkim Highway,NH310A,1456.4483642578125,35.93544387817383,-0.1864786446094513,177.36277605064052,tree_cover,0.614643019421187,high,random_forest-extended-v1-20260902
364388909_00_002,364388909,tertiary,North Sikkim Highway,NH310A,1461.5048217773438,37.92345428466797,-0.17576774954795837,145.79130384196088,tree_cover,0.6110018770568657,high,random_forest-extended-v1-20260902
364388909_00_003,364388909,tertiary,North Sikkim Highway,NH310A,1491.19140625,39.282352447509766,-0.09338290244340897,145.79130384196088,tree_cover,0.6014065566880895,high,random_forest-extended-v1-20260902
366209827_00_000,366209827,tertiary,,,1753.9814453125,20.678632736206055,-0.0319603830575943,547.8339824949326,tree_cover,0.22605612784179555,low,random_forest-extended-v1-20260902
366209827_00_001,366209827,tertiary,,,1772.8886108398438,20.478260040283203,0.001019401359371841,639.822786399295,tree_cover,0.22289510220293848,low,random_forest-extended-v1-20260902
366209827_00_002,366209827,tertiary,,,1775.27978515625,21.001239776611328,0.013438867405056953,816.9518188146002,tree_cover,0.29471394041847754,low,random_forest-extended-v1-20260902
366209827_00_003,366209827,tertiary,,,1757.5385131835938,21.596389770507812,0.02646135911345482,851.6009381717691,tree_cover,0.31742158792105934,low,random_forest-extended-v1-20260902
366209827_00_004,366209827,tertiary,,,1741.0978393554688,20.743614196777344,-0.006015903316438198,841.0528344303041,tree_cover,0.29981550428068243,low,random_forest-extended-v1-20260902
366209827_00_005,366209827,tertiary,,,1725.5323486328125,20.254796981811523,0.007695761974900961,758.6753085427436,tree_cover,0.29488351505207516,low,random_forest-extended-v1-20260902
366215639_00_000,366215639,trunk,,NH717A,2089.0712890625,28.135379791259766,0.1283584088087082,495.690433062667,tree_cover,0.44794319108885283,moderate,random_forest-extended-v1-20260902
366215639_00_001,366215639,trunk,,NH717A,2045.839111328125,27.612503051757812,0.10492654144763947,412.36007833871565,tree_cover,0.45876250352355746,moderate,random_forest-extended-v1-20260902
366215639_00_002,366215639,trunk,,NH717A,2051.841552734375,27.49629020690918,0.09763279557228088,379.05738998909834,tree_cover,0.43733527336385036,moderate,random_forest-extended-v1-20260902
366215639_00_003,366215639,trunk,,NH717A,2012.5112915039062,25.570154190063477,0.09866655617952347,329.88806267097254,tree_cover,0.34449850032430585,low,random_forest-extended-v1-20260902
366215639_00_004,366215639,trunk,,NH717A,1965.067138671875,25.079492568969727,0.06637594103813171,360.6369459848764,tree_cover,0.28763637980066137,low,random_forest-extended-v1-20260902
366215639_00_005,366215639,trunk,,NH717A,1955.0614013671875,23.867298126220703,0.10473988950252533,536.0681018403303,tree_cover,0.2299750583575126,low,random_forest-extended-v1-20260902
366215639_00_006,366215639,trunk,,NH717A,1958.0924072265625,23.934463500976562,0.16943597793579102,680.7064515747367,tree_cover,0.25596511413742684,low,random_forest-extended-v1-20260902
366215639_00_007,366215639,trunk,,NH717A,1892.0867919921875,24.624788284301758,0.11000919342041016,577.3041096742019,tree_cover,0.24533200881782954,low,random_forest-extended-v1-20260902
366215639_00_008,366215639,trunk,,NH717A,1873.8575439453125,25.9258975982666,0.16023264825344086,557.0677897964563,tree_cover,0.3692746614385927,low,random_forest-extended-v1-20260902
366215639_00_009,366215639,trunk,,NH717A,1889.000732421875,27.82891082763672,0.13068437576293945,566.1510156143496,tree_cover,0.4708545333328029,moderate,random_forest-extended-v1-20260902
366215639_00_010,366215639,trunk,,NH717A,1796.6944580078125,30.243938446044922,0.07328203320503235,456.39897228653115,tree_cover,0.5521005907065681,moderate,random_forest-extended-v1-20260902
366215639_00_011,366215639,trunk,,NH717A,1773.9943237304688,30.472179412841797,0.08990831673145294,470.1628276137589,tree_cover,0.5499841593003952,moderate,random_forest-extended-v1-20260902
366215639_00_012,366215639,trunk,,NH717A,1768.2481689453125,30.657989501953125,0.11128702759742737,560.1118987424379,tree_cover,0.5718699245683594,moderate,random_forest-extended-v1-20260902
366215639_00_013,366215639,trunk,,NH717A,1699.2592163085938,28.655223846435547,0.03847880661487579,553.239099823504,tree_cover,0.4969131277639602,moderate,random_forest-extended-v1-20260902
366215639_00_014,366215639,trunk,,NH717A,1721.6051025390625,26.010578155517578,0.04743805527687073,641.481736904628,tree_cover,0.42981266752133424,moderate,random_forest-extended-v1-20260902
366215639_00_015,366215639,trunk,,NH717A,1726.0054931640625,22.0191650390625,0.03068254329264164,680.7064515747367,tree_cover,0.31411528263486344,low,random_forest-extended-v1-20260902
366215639_00_016,366215639,trunk,,NH717A,1718.5170288085938,19.764541625976562,0.06142251566052437,724.276172140278,tree_cover,0.28012873237204294,low,random_forest-extended-v1-20260902
366215639_00_017,366215639,trunk,,NH717A,1724.4908447265625,19.647953033447266,0.03661229833960533,756.9924776900458,tree_cover,0.284309408342905,low,random_forest-extended-v1-20260902
366215639_00_018,366215639,trunk,,NH717A,1758.5823364257812,20.37567901611328,-0.0015075652627274394,841.3054787409978,tree_cover,0.26709781239770847,low,random_forest-extended-v1-20260902
366215639_00_019,366215639,trunk,,NH717A,1772.4600830078125,20.173229217529297,-0.008097779005765915,822.3969946919735,tree_cover,0.26901575761955837,low,random_forest-extended-v1-20260902
366215639_00_020,366215639,trunk,,NH717A,1788.017333984375,20.508073806762695,-0.015276661142706871,800.6584446331152,tree_cover,0.26620984596598585,low,random_forest-extended-v1-20260902
366218777_00_000,366218777,secondary,,,2021.374755859375,19.92667579650879,0.0499650202691555,480.8903560295381,tree_cover,0.197934301464952,low,random_forest-extended-v1-20260902
366218777_00_001,366218777,secondary,,,2055.628662109375,20.18391990661621,0.059268850833177567,608.842359377512,tree_cover,0.1941162242061039,low,random_forest-extended-v1-20260902
366218777_00_002,366218777,secondary,,,2088.713623046875,21.591415405273438,0.0779770165681839,647.4184553451627,tree_cover,0.24114938558123383,low,random_forest-extended-v1-20260902
366840801_00_000,366840801,primary,,SH,861.5656127929688,25.713594436645508,-0.02129974402487278,116.63304307356871,tree_cover,0.3058838798305809,low,random_forest-extended-v1-20260902
366840801_00_001,366840801,primary,,SH,945.1017761230469,29.141822814941406,-0.023532375693321228,116.63304307356871,tree_cover,0.3546764429616987,low,random_forest-extended-v1-20260902
366840801_00_002,366840801,primary,,SH,874.3746948242188,28.514890670776367,-0.06798401474952698,116.63304307356871,tree_cover,0.3683035834877344,low,random_forest-extended-v1-20260902
366840801_00_003,366840801,primary,,SH,809.984619140625,28.135475158691406,-0.02863655984401703,235.08141380687945,tree_cover,0.36737828501460246,low,random_forest-extended-v1-20260902
366840801_00_004,366840801,primary,,SH,760.91845703125,27.61347770690918,-0.0348319374024868,204.10782537874525,tree_cover,0.35512587171798615,low,random_forest-extended-v1-20260902
366840801_00_005,366840801,primary,,SH,796.9197692871094,30.276233673095703,-0.005032396875321865,145.79130384196088,tree_cover,0.4522815373504698,moderate,random_forest-extended-v1-20260902
366840801_00_006,366840801,primary,,SH,798.1214904785156,29.423049926757812,-0.0346524640917778,145.79130384196088,tree_cover,0.35905965686436186,low,random_forest-extended-v1-20260902
366840801_00_007,366840801,primary,,SH,763.3497314453125,28.716468811035156,-0.04489672929048538,145.79130384196088,tree_cover,0.37151615483639844,low,random_forest-extended-v1-20260902
366840801_00_008,366840801,primary,,SH,734.5185852050781,28.240612030029297,-0.04376246780157089,164.94403133548627,tree_cover,0.37538700233129035,low,random_forest-extended-v1-20260902
366840801_00_009,366840801,primary,,SH,698.5836791992188,25.421810150146484,-0.0672517716884613,116.63304307356871,tree_cover,0.32732519253671866,low,random_forest-extended-v1-20260902
366840801_00_010,366840801,primary,,SH,684.307861328125,25.628610610961914,-0.001191694405861199,130.39970636758034,tree_cover,0.3266428570915505,low,random_forest-extended-v1-20260902
366840801_00_011,366840801,primary,,SH,708.82275390625,29.030797958374023,-0.009217685088515282,177.36277605064052,tree_cover,0.36606995475203385,low,random_forest-extended-v1-20260902
366840801_00_012,366840801,primary,,SH,701.2694091796875,30.829177856445312,-0.018141034990549088,300.2026684258173,tree_cover,0.48700216985217926,moderate,random_forest-extended-v1-20260902
366840801_00_013,366840801,primary,,SH,669.7073364257812,29.357860565185547,-0.012491255067288876,304.421179688756,tree_cover,0.39632371381631665,low,random_forest-extended-v1-20260902
366840801_00_014,366840801,primary,,SH,682.7665405273438,27.87761688232422,0.011292381212115288,195.5995595513705,tree_cover,0.3780390900590708,low,random_forest-extended-v1-20260902
366840801_00_015,366840801,primary,,SH,679.9743041992188,27.936641693115234,-0.030154895037412643,145.79130384196088,tree_cover,0.3901957269128739,low,random_forest-extended-v1-20260902
366840801_00_016,366840801,primary,,SH,682.1960144042969,29.368038177490234,0.0003302285913378,105.13160430378801,tree_cover,0.44131394951294806,moderate,random_forest-extended-v1-20260902
366840801_00_017,366840801,primary,,SH,705.3576965332031,31.34241485595703,-0.04117807000875473,92.20651663725067,tree_cover,0.5447250485375331,moderate,random_forest-extended-v1-20260902
366840801_00_018,366840801,primary,,SH,688.2050170898438,30.75777244567871,-0.04531310498714447,87.47478230517653,tree_cover,0.5345904516167227,moderate,random_forest-extended-v1-20260902
366840801_00_019,366840801,primary,,SH,693.017578125,29.4124755859375,-0.014293154701590538,145.79130384196088,tree_cover,0.3802764710257274,low,random_forest-extended-v1-20260902
366840801_00_020,366840801,primary,,SH,709.2698974609375,27.62922477722168,0.04327430576086044,350.50554200819477,tree_cover,0.36334263443487363,low,random_forest-extended-v1-20260902
366840801_00_021,366840801,primary,,SH,675.3728637695312,28.03989028930664,0.035076018422842026,438.344776009123,tree_cover,0.3974303906740287,low,random_forest-extended-v1-20260902
366840801_00_022,366840801,primary,,SH,643.901611328125,27.469728469848633,0.0008614658727310598,379.05738998909834,tree_cover,0.37363237172522445,low,random_forest-extended-v1-20260902
366840801_00_023,366840801,primary,,SH,645.5460205078125,28.01686668395996,-0.02351083979010582,352.3206053745417,tree_cover,0.4125263154955188,low,random_forest-extended-v1-20260902
366840801_00_024,366840801,primary,,SH,622.0340576171875,30.786130905151367,-0.024379484355449677,260.7994127351607,tree_cover,0.5323545697116352,moderate,random_forest-extended-v1-20260902
366840801_00_025,366840801,primary,,SH,655.0014343261719,31.783164978027344,-0.0923132449388504,222.06269817368786,tree_cover,0.5464873848985712,moderate,random_forest-extended-v1-20260902
366840801_00_026,366840801,primary,,SH,644.6531982421875,30.640140533447266,-0.023029854521155357,210.26320860757602,tree_cover,0.5227155803702102,moderate,random_forest-extended-v1-20260902
366840801_00_027,366840801,primary,,SH,505.2310791015625,25.283363342285156,-0.08737418055534363,170.02041587784976,tree_cover,0.36612728814487144,low,random_forest-extended-v1-20260902
366840801_00_028,366840801,primary,,SH,462.55584716796875,24.44228744506836,-0.12685802578926086,222.06269817368786,tree_cover,0.3027499633591613,low,random_forest-extended-v1-20260902
366840801_00_029,366840801,primary,,SH,527.348876953125,28.311216354370117,-0.03897415101528168,268.82588145153073,tree_cover,0.42006268097846583,low,random_forest-extended-v1-20260902
366840801_00_030,366840801,primary,,SH,463.3673858642578,25.910438537597656,-0.07994044572114944,157.02203972719624,tree_cover,0.42960603797599256,moderate,random_forest-extended-v1-20260902
366840801_00_031,366840801,primary,,SH,480.8975372314453,25.19805335998535,-0.04962761327624321,145.79130384196088,tree_cover,0.3975462896834523,low,random_forest-extended-v1-20260902
367397293_00_000,367397293,tertiary,,,974.3997802734375,30.662111282348633,-0.10240675508975983,212.27534257419205,tree_cover,0.4500773286904531,moderate,random_forest-extended-v1-20260902
367397293_00_001,367397293,tertiary,,,972.2498168945312,25.3968563079834,-0.044695720076560974,291.58260768392176,tree_cover,0.23499699697808485,low,random_forest-extended-v1-20260902
367397293_00_002,367397293,tertiary,,,1016.668701171875,24.38401985168457,-0.009303831495344639,380.1772074656567,tree_cover,0.2113814108982159,low,random_forest-extended-v1-20260902
367397293_00_003,367397293,tertiary,,,979.8118286132812,26.059967041015625,0.04333173483610153,360.66776702215355,tree_cover,0.31183887880641703,low,random_forest-extended-v1-20260902
367397293_00_004,367397293,tertiary,,,982.601806640625,29.030000686645508,0.06865882873535156,444.1253963473757,tree_cover,0.37835147635037114,low,random_forest-extended-v1-20260902
367397293_00_005,367397293,tertiary,,,1037.2264404296875,29.062255859375,0.07336817681789398,474.66209594294867,tree_cover,0.387978608349664,low,random_forest-extended-v1-20260902
367397293_00_006,367397293,tertiary,,,1127.1155395507812,29.390764236450195,0.016439640894532204,365.35196024230754,tree_cover,0.3766370400249186,low,random_forest-extended-v1-20260902
367397293_00_007,367397293,tertiary,,,1185.5404052734375,30.76375389099121,-0.008413650095462799,264.0392812160338,tree_cover,0.4781667588692478,moderate,random_forest-extended-v1-20260902
367397293_00_008,367397293,tertiary,,,1129.52783203125,33.667518615722656,0.03945513814687729,276.619549911752,tree_cover,0.5684051571782156,moderate,random_forest-extended-v1-20260902
367397293_00_009,367397293,tertiary,,,1038.495849609375,37.838287353515625,0.059326283633708954,293.03689405055025,tree_cover,0.5322002841730014,moderate,random_forest-extended-v1-20260902
367397293_00_010,367397293,tertiary,,,1150.3053588867188,38.86101531982422,0.04710782319307327,332.4553236675307,tree_cover,0.5557022903485791,moderate,random_forest-extended-v1-20260902
367397293_00_011,367397293,tertiary,,,1229.381103515625,39.50901794433594,-0.11549385637044907,222.06269817368786,tree_cover,0.5785635047378133,moderate,random_forest-extended-v1-20260902
397609115_00_000,397609115,trunk,,NH310,3465.4619140625,27.97393798828125,-0.17085739970207214,145.79130384196088,grassland,0.6848227845841367,high,random_forest-extended-v1-20260902
397609116_00_000,397609116,trunk,,NH 717B,3714.514404296875,18.820261001586914,-0.11509183794260025,206.18003916935783,grassland,0.3062934055421105,low,random_forest-extended-v1-20260902
397609116_00_001,397609116,trunk,,NH 717B,3734.186279296875,21.08853530883789,0.033080291002988815,365.35196024230754,grassland,0.441412919862285,moderate,random_forest-extended-v1-20260902
397609117_00_000,397609117,trunk,,NH 717B,3717.55224609375,17.742515563964844,-0.14489856362342834,120.22258900738453,grassland,0.3728972614786905,low,random_forest-extended-v1-20260902
401810235_00_000,401810235,trunk,亚乃路,G562,4110.1123046875,17.546924591064453,-0.15342706441879272,105.13160430378801,grassland,0.34442928236074927,low,random_forest-extended-v1-20260902
401810235_01_000,401810235,trunk,亚乃路,G562,4136.05859375,17.00485610961914,-0.16603319346904755,92.20651663725067,grassland,0.3152491572323637,low,random_forest-extended-v1-20260902
401810235_01_001,401810235,trunk,亚乃路,G562,4163.352783203125,16.991466522216797,-0.13915544748306274,98.66906047051934,grassland,0.31022036195356845,low,random_forest-extended-v1-20260902
401810235_01_002,401810235,trunk,亚乃路,G562,4190.53173828125,18.876754760742188,-0.1562124788761139,116.63304307356871,grassland,0.3444935443105085,low,random_forest-extended-v1-20260902
401810235_01_003,401810235,trunk,亚乃路,G562,4216.700927734375,16.648643493652344,-0.16988107562065125,105.13160430378801,grassland,0.3020574476261804,low,random_forest-extended-v1-20260902
401810235_01_004,401810235,trunk,亚乃路,G562,4258.80859375,21.374116897583008,-0.18079297244548798,177.36277605064052,grassland,0.3747236145672139,low,random_forest-extended-v1-20260902
401810235_01_005,401810235,trunk,亚乃路,G562,4324.57275390625,25.20298194885254,-0.1797017753124237,293.03689405055025,grassland,0.407440184730394,low,random_forest-extended-v1-20260902
401810235_01_006,401810235,trunk,亚乃路,G562,4242.509033203125,20.75386619567871,-0.18085040152072906,250.82884335095778,grassland,0.3358690820058006,low,random_forest-extended-v1-20260902
401810235_01_007,401810235,trunk,亚乃路,G562,4252.830078125,20.687889099121094,-0.13944260776042938,391.199119102741,grassland,0.31994780760463515,low,random_forest-extended-v1-20260902
409076941_00_000,409076941,tertiary,,,1870.049072265625,25.237892150878906,0.017459042370319366,765.3696321679334,tree_cover,0.3588870452727421,low,random_forest-extended-v1-20260902
409076941_00_001,409076941,tertiary,,,1854.6699829101562,23.105833053588867,0.02070389688014984,735.9212301265161,tree_cover,0.32427246221663375,low,random_forest-extended-v1-20260902
409076941_00_002,409076941,tertiary,,,1786.1343994140625,21.6218318939209,-0.05306629836559296,629.4403416555871,tree_cover,0.25153204398747653,low,random_forest-extended-v1-20260902
409076941_00_003,409076941,tertiary,,,1765.6702270507812,21.614473342895508,-0.06959208846092224,564.6452841491188,tree_cover,0.2540941823272663,low,random_forest-extended-v1-20260902
409076941_00_004,409076941,tertiary,,,1703.87158203125,20.927522659301758,-0.058694541454315186,456.39897228653115,tree_cover,0.24505492502704673,low,random_forest-extended-v1-20260902
409076941_00_005,409076941,tertiary,,,1631.7808227539062,19.576955795288086,-0.0457581952214241,365.35196024230754,tree_cover,0.2291756860845366,low,random_forest-extended-v1-20260902
409076941_00_006,409076941,tertiary,,,1597.8785400390625,19.82811164855957,-0.025671683251857758,322.06351682017964,tree_cover,0.24799165250495822,low,random_forest-extended-v1-20260902
409076941_00_007,409076941,tertiary,,,1558.2498779296875,20.069488525390625,-0.013410151936113834,349.89912922070613,tree_cover,0.2611942983090777,low,random_forest-extended-v1-20260902
409076941_00_008,409076941,tertiary,,,1513.91162109375,20.194690704345703,-0.0277535580098629,315.39481291136406,tree_cover,0.24798087996708834,low,random_forest-extended-v1-20260902
409076941_00_009,409076941,tertiary,,,1504.8419189453125,19.87445068359375,-0.007379890885204077,365.35196024230754,tree_cover,0.24922772493633688,low,random_forest-extended-v1-20260902
410112896_00_000,410112896,tertiary,North Sikkim Highway,NH310AG,2404.081298828125,37.610843658447266,-0.1201457753777504,123.70802350161468,tree_cover,0.4775406006005025,moderate,random_forest-extended-v1-20260902
410112897_00_000,410112897,tertiary,North Sikkim Highway,NH310AG,2072.1090087890625,33.602516174316406,-0.18321943283081055,116.63304307356871,tree_cover,0.5724041879818987,moderate,random_forest-extended-v1-20260902
410112897_00_001,410112897,tertiary,North Sikkim Highway,NH310AG,2089.90283203125,34.14406967163086,-0.14501342177391052,120.22258900738453,tree_cover,0.5562967750374199,moderate,random_forest-extended-v1-20260902
410112897_00_002,410112897,tertiary,North Sikkim Highway,NH310AG,2096.4771728515625,35.09125518798828,-0.1335272192955017,120.22258900738453,tree_cover,0.5588258716773967,moderate,random_forest-extended-v1-20260902
410112897_00_003,410112897,tertiary,North Sikkim Highway,NH310AG,2097.87353515625,34.81761169433594,-0.08970731496810913,145.79130384196088,tree_cover,0.5349569019720386,moderate,random_forest-extended-v1-20260902
410112897_00_004,410112897,tertiary,North Sikkim Highway,NH310AG,2134.11328125,34.58686447143555,-0.1148621141910553,145.79130384196088,tree_cover,0.5186095739907243,moderate,random_forest-extended-v1-20260902
410112897_00_005,410112897,tertiary,North Sikkim Highway,NH310AG,2223.881591796875,33.87013626098633,-0.08924786746501923,145.79130384196088,tree_cover,0.49171582920993473,moderate,random_forest-extended-v1-20260902
411697596_00_000,411697596,primary,,SH,631.675537109375,32.76530456542969,-0.11391450464725494,123.70802350161468,tree_cover,0.5886051474964528,moderate,random_forest-extended-v1-20260902
411697597_00_000,411697597,primary,,SH,646.5430297851562,31.3599910736084,-0.0667923167347908,145.79130384196088,tree_cover,0.5477008369732747,moderate,random_forest-extended-v1-20260902
411697598_00_000,411697598,tertiary,,,1393.3140869140625,26.42979621887207,-0.03931155800819397,130.39970636758034,tree_cover,0.44535156531627235,moderate,random_forest-extended-v1-20260902
411697599_00_000,411697599,tertiary,,,1372.64990234375,28.071044921875,-0.009504839777946472,116.63304307356871,tree_cover,0.5004229383096662,moderate,random_forest-extended-v1-20260902
411697599_00_001,411697599,tertiary,,,1387.7124633789062,31.178489685058594,-0.01038066390901804,116.63304307356871,tree_cover,0.581519851562313,moderate,random_forest-extended-v1-20260902
422074770_00_000,422074770,trunk,,NH710,512.2569580078125,29.36032485961914,-0.04717961326241493,204.10782537874525,tree_cover,0.44449601917736564,moderate,random_forest-extended-v1-20260902
422074771_00_000,422074771,trunk,,NH710,499.16407775878906,29.051223754882812,0.0035212417133152485,217.16902037393996,tree_cover,0.4519070823368763,moderate,random_forest-extended-v1-20260902
422074771_00_001,422074771,trunk,,NH710,418.8650665283203,27.992019653320312,-0.00017588265473023057,174.94956461035306,tree_cover,0.503882036509222,moderate,random_forest-extended-v1-20260902
423300896_00_000,423300896,tertiary,,,377.9358215332031,26.241994857788086,-0.08614658564329147,130.39970636758034,tree_cover,0.5118723557863784,moderate,random_forest-extended-v1-20260902
423300896_00_001,423300896,tertiary,,,417.9870300292969,30.988468170166016,-0.04202517494559288,148.67854064045866,tree_cover,0.5963339784482745,high,random_forest-extended-v1-20260902
423300896_00_002,423300896,tertiary,,,434.7982635498047,30.60464859008789,-0.06511963903903961,261.6118798253451,tree_cover,0.5406291899488195,moderate,random_forest-extended-v1-20260902
423300896_00_003,423300896,tertiary,,,495.39073181152344,29.040796279907227,-0.07002999633550644,351.11195479568335,tree_cover,0.4263732692483062,moderate,random_forest-extended-v1-20260902
423300896_00_004,423300896,tertiary,,,438.0030517578125,24.812835693359375,-0.1154615506529808,210.26320860757602,tree_cover,0.31006834821492124,low,random_forest-extended-v1-20260902
423300896_00_005,423300896,tertiary,,,511.0366516113281,26.10453224182129,-0.04196774587035179,164.94403133548627,tree_cover,0.4331875047312099,moderate,random_forest-extended-v1-20260902
423300896_00_006,423300896,tertiary,,,554.8446655273438,26.05629539489746,-0.0016439640894532204,164.94403133548627,tree_cover,0.4150923812428364,low,random_forest-extended-v1-20260902
423300896_00_007,423300896,tertiary,,,582.5716247558594,25.589313507080078,0.0352698490023613,184.41303327450134,tree_cover,0.35686491819193644,low,random_forest-extended-v1-20260902
423300896_00_008,423300896,tertiary,,,612.7797241210938,25.249332427978516,0.04040993005037308,186.70396624747931,tree_cover,0.3058246949055598,low,random_forest-extended-v1-20260902
423300896_00_009,423300896,tertiary,,,642.859130859375,26.006086349487305,0.047265760600566864,157.02203972719624,tree_cover,0.38412474942703234,low,random_forest-extended-v1-20260902
423300896_00_010,423300896,tertiary,,,665.1001586914062,24.348464965820312,0.038507524877786636,164.94403133548627,tree_cover,0.27664094399980416,low,random_forest-extended-v1-20260902
423300896_00_011,423300896,tertiary,,,711.669921875,23.163665771484375,0.06203272193670273,249.128289212088,tree_cover,0.22362345316500337,low,random_forest-extended-v1-20260902
423300896_00_012,423300896,tertiary,,,744.4400634765625,23.578378677368164,0.03254905343055725,315.39481291136406,tree_cover,0.22552058538571734,low,random_forest-extended-v1-20260902
423300896_00_013,423300896,tertiary,,,775.3471069335938,22.533950805664062,0.03267827257514,287.1755640555846,tree_cover,0.21283035493941252,low,random_forest-extended-v1-20260902
423300896_00_014,423300896,tertiary,,,811.6492919921875,22.705089569091797,0.0269064512103796,287.1755640555846,tree_cover,0.21464994528651948,low,random_forest-extended-v1-20260902
423300896_00_015,423300896,tertiary,,,864.2122802734375,21.8592529296875,0.02811250276863575,304.421179688756,tree_cover,0.2062472661239196,low,random_forest-extended-v1-20260902
423300896_00_016,423300896,tertiary,,,864.1458740234375,22.533462524414062,0.026159847155213356,412.36007833871565,tree_cover,0.21394709351702493,low,random_forest-extended-v1-20260902
423300896_00_017,423300896,tertiary,,,899.6789245605469,24.364151000976562,0.06039593368768692,547.8339824949326,tree_cover,0.23458421854614533,low,random_forest-extended-v1-20260902
423300896_00_018,423300896,tertiary,,,891.8914184570312,26.884958267211914,0.0579192228615284,537.6517629030615,tree_cover,0.3236963928118047,low,random_forest-extended-v1-20260902
423300896_00_019,423300896,tertiary,,,898.8040771484375,29.41102409362793,0.03632514551281929,420.52641721515204,tree_cover,0.3806923081435316,low,random_forest-extended-v1-20260902
423300896_00_020,423300896,tertiary,,,970.9169311523438,30.508060455322266,-0.05510510131716728,392.284278244487,tree_cover,0.4794479579387968,moderate,random_forest-extended-v1-20260902
423300896_00_021,423300896,tertiary,,,1059.0560302734375,31.856483459472656,-0.08373448252677917,314.0440794543925,tree_cover,0.5067705051905499,moderate,random_forest-extended-v1-20260902
423300896_00_022,423300896,tertiary,,,1105.1557006835938,32.112022399902344,-0.03551393002271652,379.05738998909834,tree_cover,0.5452191920387816,moderate,random_forest-extended-v1-20260902
423300896_00_023,423300896,tertiary,,,1073.2216796875,30.67867660522461,-0.028859106823801994,391.199119102741,tree_cover,0.489867571650969,moderate,random_forest-extended-v1-20260902
423300896_00_024,423300896,tertiary,,,1157.1162109375,32.931488037109375,-0.011428780853748322,437.3739115258827,tree_cover,0.5481045801102459,moderate,random_forest-extended-v1-20260902
423300896_00_025,423300896,tertiary,,,1171.3143310546875,32.809471130371094,-0.03333872929215431,433.46870913515824,tree_cover,0.5474284604375268,moderate,random_forest-extended-v1-20260902
423300896_00_026,423300896,tertiary,,,1154.7234497070312,30.911006927490234,0.037646058946847916,613.0173273232991,tree_cover,0.5446951380023739,moderate,random_forest-extended-v1-20260902
423300896_00_027,423300896,tertiary,,,1129.697265625,29.185781478881836,0.06274343281984329,795.8656340256068,tree_cover,0.41371383380328525,low,random_forest-extended-v1-20260902
423300896_00_028,423300896,tertiary,,,1175.1680297851562,29.184165954589844,0.08473952859640121,806.4776443545923,tree_cover,0.4123279041973303,low,random_forest-extended-v1-20260902
423300896_00_029,423300896,tertiary,,,1261.02978515625,30.972768783569336,0.08850125968456268,666.1880945210636,tree_cover,0.5697553192503136,moderate,random_forest-extended-v1-20260902
423300896_00_030,423300896,tertiary,,,1305.57177734375,33.77396774291992,0.025384526699781418,583.1652153678435,tree_cover,0.6411321142128061,high,random_forest-extended-v1-20260902
423300896_00_031,423300896,tertiary,,,1337.4064331054688,34.12476348876953,0.07059712707996368,566.1510156143496,tree_cover,0.6370864792901118,high,random_forest-extended-v1-20260902
423300896_00_032,423300896,tertiary,,,1297.088134765625,33.75486373901367,-0.020014723762869835,515.8622931895253,tree_cover,0.6378395083086122,high,random_forest-extended-v1-20260902
423300896_00_033,423300896,tertiary,,,1408.0498657226562,33.196815490722656,0.06195375323295593,615.0941847487371,tree_cover,0.6313044164728993,high,random_forest-extended-v1-20260902
423300896_00_034,423300896,tertiary,,,1427.7138671875,32.658447265625,0.07041047513484955,615.0941847487371,tree_cover,0.6191916703414594,high,random_forest-extended-v1-20260902
423300896_00_035,423300896,tertiary,,,1407.2340087890625,33.329132080078125,0.06736662983894348,601.1129450369226,tree_cover,0.6367267942590997,high,random_forest-extended-v1-20260902
423300896_00_036,423300896,tertiary,,,1425.4119873046875,30.02427101135254,0.1085016280412674,586.7986786541115,tree_cover,0.48984912528801033,moderate,random_forest-extended-v1-20260902
423300896_00_037,423300896,tertiary,,,1422.42578125,25.764999389648438,0.05800537019968033,624.0140305595714,tree_cover,0.3632557960792394,low,random_forest-extended-v1-20260902
428800896_00_000,428800896,tertiary,,,1630.8472900390625,19.63174057006836,0.07075506448745728,671.2735736269572,built_up,0.8224977956390094,high,random_forest-extended-v1-20260902
447960730_00_000,447960730,secondary,,MDR,1344.9688720703125,24.942407608032227,-0.10482604056596756,87.47478230517653,tree_cover,0.4656289134214009,moderate,random_forest-extended-v1-20260902
450275173_00_000,450275173,primary,Gangtok - Assam - Pakyong Road,SH2,1699.2809448242188,21.571544647216797,0.05007988214492798,601.1129450369226,tree_cover,0.2586415127841413,low,random_forest-extended-v1-20260902
451951505_00_000,451951505,tertiary,,,326.21080017089844,26.9041748046875,-0.01375114917755127,206.18003916935783,tree_cover,0.44842161718699136,moderate,random_forest-extended-v1-20260902
451951505_00_001,451951505,tertiary,,,341.07281494140625,29.829187393188477,-0.05708647146821022,145.79130384196088,tree_cover,0.5465238986697204,moderate,random_forest-extended-v1-20260902
451951505_00_002,451951505,tertiary,,,437.722412109375,27.658069610595703,-0.010423736646771431,174.94956461035306,tree_cover,0.5024453028653738,moderate,random_forest-extended-v1-20260902
451951505_00_003,451951505,tertiary,,,527.1016845703125,25.009004592895508,0.09258604794740677,210.26320860757602,tree_cover,0.31839858806601234,low,random_forest-extended-v1-20260902
451951505_00_004,451951505,tertiary,,,533.9730224609375,25.451757431030273,0.06262139230966568,268.82588145153073,tree_cover,0.31988925672050694,low,random_forest-extended-v1-20260902
451951505_00_005,451951505,tertiary,,,560.856689453125,25.432796478271484,0.03465964272618294,461.03258318625336,tree_cover,0.3144942051794136,low,random_forest-extended-v1-20260902
451951505_00_006,451951505,tertiary,,,618.920654296875,25.44244384765625,0.03057485818862915,628.088158908785,tree_cover,0.30695574696937666,low,random_forest-extended-v1-20260902
451951505_00_007,451951505,tertiary,,,668.4407653808594,24.54180908203125,0.022247355431318283,627.0712838825038,tree_cover,0.2549996542828982,low,random_forest-extended-v1-20260902
451951505_00_008,451951505,tertiary,,,694.0268249511719,24.983558654785156,-0.030768688768148422,524.8486938310592,tree_cover,0.24752253337248548,low,random_forest-extended-v1-20260902
451951505_00_009,451951505,tertiary,,,805.0925903320312,26.894643783569336,-0.07389941066503525,379.05738998909834,tree_cover,0.294466960232481,low,random_forest-extended-v1-20260902
451951505_00_010,451951505,tertiary,,,881.1102905273438,27.664522171020508,-0.05082648620009422,240.44517801476906,tree_cover,0.36002561725061316,low,random_forest-extended-v1-20260902
451951505_00_011,451951505,tertiary,,,855.9744567871094,28.223346710205078,-0.05140797793865204,148.67854064045866,tree_cover,0.36193985663601214,low,random_forest-extended-v1-20260902
451951505_00_012,451951505,tertiary,,,878.2709350585938,26.68122673034668,-0.02710745856165886,195.5995595513705,tree_cover,0.29100983135423275,low,random_forest-extended-v1-20260902
451951505_00_013,451951505,tertiary,,,901.1082763671875,25.50541114807129,-0.02782534807920456,379.05738998909834,tree_cover,0.259934517628222,low,random_forest-extended-v1-20260902
451951505_00_014,451951505,tertiary,,,930.5188293457031,25.571720123291016,-0.03462374955415726,412.36007833871565,tree_cover,0.2567302969988925,low,random_forest-extended-v1-20260902
451951505_00_015,451951505,tertiary,,,989.7576599121094,25.236177444458008,-0.016468355432152748,386.2683809884938,tree_cover,0.22989174656022346,low,random_forest-extended-v1-20260902
451951505_00_016,451951505,tertiary,,,980.0620727539062,23.151823043823242,0.01791848987340927,577.3041096742019,tree_cover,0.21438596208573257,low,random_forest-extended-v1-20260902
451951505_00_017,451951505,tertiary,,,1039.7122802734375,23.85209083557129,0.016870373860001564,536.0681018403303,tree_cover,0.22958524850665016,low,random_forest-extended-v1-20260902
451951505_00_018,451951505,tertiary,,,1084.5865478515625,23.500638961791992,0.010739607736468315,515.8622931895253,tree_cover,0.22762814791458758,low,random_forest-extended-v1-20260902
451951505_00_019,451951505,tertiary,,,1081.1759643554688,21.915603637695312,0.03691381216049194,560.1118987424379,tree_cover,0.22177521927484045,low,random_forest-extended-v1-20260902
451951505_00_020,451951505,tertiary,,,1161.871337890625,24.18735122680664,-0.004221182782202959,575.0907950346713,tree_cover,0.24684772254537607,low,random_forest-extended-v1-20260902
451951505_00_021,451951505,tertiary,,,1169.2169799804688,24.702404022216797,-0.0365261510014534,555.9207681977753,tree_cover,0.2629700427152578,low,random_forest-extended-v1-20260902
451951505_00_022,451951505,tertiary,,,1198.2998046875,25.91757583618164,-0.02056031860411167,575.0907950346713,tree_cover,0.31831874630391255,low,random_forest-extended-v1-20260902
451951505_00_023,451951505,tertiary,,,1288.017333984375,27.211429595947266,-0.017286747694015503,705.2442414206383,tree_cover,0.39911967287881783,low,random_forest-extended-v1-20260902
451951505_00_024,451951505,tertiary,,,1358.990478515625,26.980419158935547,0.04112063720822334,858.0657388094024,tree_cover,0.3835722089470149,low,random_forest-extended-v1-20260902
451951505_00_025,451951505,tertiary,,,1393.1314697265625,24.20608139038086,0.07144423574209213,879.1106821516506,tree_cover,0.36342062020788907,low,random_forest-extended-v1-20260902
451951505_00_026,451951505,tertiary,,,1358.9762573242188,24.07760238647461,0.050065524876117706,787.812823491353,tree_cover,0.3597096030846558,low,random_forest-extended-v1-20260902
451951505_00_027,451951505,tertiary,,,1399.8924560546875,21.61187744140625,0.057833075523376465,845.5895622833732,tree_cover,0.3380420854720534,low,random_forest-extended-v1-20260902
451951505_00_028,451951505,tertiary,,,1455.6721801757812,20.887889862060547,0.036770232021808624,850.1020793892488,tree_cover,0.31152066684897445,low,random_forest-extended-v1-20260902
451951505_00_029,451951505,tertiary,,,1499.6727294921875,19.927234649658203,0.021321279928088188,647.4184553451627,tree_cover,0.24378779170244957,low,random_forest-extended-v1-20260902
451951505_00_030,451951505,tertiary,,,1511.7483520507812,21.403217315673828,0.003345359116792679,495.690433062667,tree_cover,0.26056866417732194,low,random_forest-extended-v1-20260902
451951505_00_031,451951505,tertiary,,,1534.4683837890625,24.797456741333008,0.044911086559295654,437.3739115258827,tree_cover,0.3171594250314031,low,random_forest-extended-v1-20260902
451951505_00_032,451951505,tertiary,,,1482.944580078125,29.8062801361084,0.05180281400680542,379.05738998909834,tree_cover,0.46770390389625816,moderate,random_forest-extended-v1-20260902
451951505_00_033,451951505,tertiary,,,1493.5716552734375,33.34316635131836,0.0022972424048930407,315.39481291136406,tree_cover,0.6031646268205033,high,random_forest-extended-v1-20260902
451951505_00_034,451951505,tertiary,,,1601.1549072265625,35.477500915527344,-0.01312299631536007,332.4553236675307,tree_cover,0.6236206823574784,high,random_forest-extended-v1-20260902
451951505_00_035,451951505,tertiary,,,1495.5736083984375,34.25372314453125,-0.0884438306093216,268.82588145153073,tree_cover,0.6197613367419621,high,random_forest-extended-v1-20260902
451951505_00_036,451951505,tertiary,,,1571.215576171875,33.5446891784668,-0.09941316395998001,379.05738998909834,tree_cover,0.6326025690154908,high,random_forest-extended-v1-20260902
451951505_00_037,451951505,tertiary,,,1619.2640991210938,33.1688117980957,-0.02575782872736454,495.690433062667,tree_cover,0.6296821422638332,high,random_forest-extended-v1-20260902
451951505_00_038,451951505,tertiary,,,1540.2388916015625,31.15623664855957,0.020014723762869835,392.284278244487,tree_cover,0.6024934369398317,high,random_forest-extended-v1-20260902
451951505_00_039,451951505,tertiary,,,1550.5855712890625,29.78180694580078,0.015247945673763752,365.35196024230754,tree_cover,0.4955317981804091,moderate,random_forest-extended-v1-20260902
451951505_00_040,451951505,tertiary,,,1597.4010009765625,28.84406852722168,0.03687074035406113,392.284278244487,tree_cover,0.49287479571074255,moderate,random_forest-extended-v1-20260902
452322813_00_000,452322813,tertiary,,,1327.7537841796875,23.01254653930664,-0.022455543279647827,145.79130384196088,tree_cover,0.35065172048997023,low,random_forest-extended-v1-20260902
454894228_00_000,454894228,trunk,,NH717A,1793.1522216796875,20.69770050048828,0.004135036375373602,793.1904478546078,tree_cover,0.27017786667225135,low,random_forest-extended-v1-20260902
454894228_00_001,454894228,trunk,,NH717A,1801.804931640625,20.500476837158203,0.0021393070928752422,783.4841488435598,tree_cover,0.2653958099768461,low,random_forest-extended-v1-20260902
454894228_00_002,454894228,trunk,,NH717A,1813.0526733398438,20.36792755126953,-0.005269299726933241,664.9106473350614,tree_cover,0.22439429504956568,low,random_forest-extended-v1-20260902
454894228_00_003,454894228,trunk,,NH717A,1770.9406127929688,21.08869171142578,-0.030811762437224388,594.7141625618347,tree_cover,0.2367604671845354,low,random_forest-extended-v1-20260902
454894228_00_004,454894228,trunk,,NH717A,1724.190185546875,20.896085739135742,-0.06030261144042015,720.1559166825685,tree_cover,0.28767098165520827,low,random_forest-extended-v1-20260902
454894228_00_005,454894228,trunk,,NH717A,1705.5831909179688,20.655031204223633,-0.026432644575834274,877.1743126591148,tree_cover,0.29869530515581516,low,random_forest-extended-v1-20260902
454894228_00_006,454894228,trunk,,NH717A,1667.2164306640625,20.73017120361328,-0.03253469616174698,949.3241918858973,tree_cover,0.30907373805320093,low,random_forest-extended-v1-20260902
454894228_00_007,454894228,trunk,,NH717A,1601.8895874023438,20.16814422607422,-0.05885247513651848,824.7201566774313,tree_cover,0.2793892709319331,low,random_forest-extended-v1-20260902
454894228_00_008,454894228,trunk,,NH717A,1571.360595703125,20.172496795654297,-0.025930123403668404,792.1178436481015,tree_cover,0.30399714814924245,low,random_forest-extended-v1-20260902
454894228_00_009,454894228,trunk,,NH717A,1542.0904541015625,18.22140121459961,-0.0037043034099042416,680.7064515747367,tree_cover,0.2607427238479109,low,random_forest-extended-v1-20260902
454894228_00_010,454894228,trunk,,NH717A,1516.7149658203125,16.242450714111328,-0.00485292449593544,550.1569638651962,tree_cover,0.1798366605745886,low,random_forest-extended-v1-20260902
454894228_00_011,454894228,trunk,,NH717A,1485.1876220703125,16.314693450927734,-0.03308028727769852,390.10941948441183,tree_cover,0.192025874222337,low,random_forest-extended-v1-20260902
454894228_00_012,454894228,trunk,,NH717A,1454.0836181640625,17.74677276611328,-0.0040776049718260765,414.41674984197584,tree_cover,0.26834338462799256,low,random_forest-extended-v1-20260902
454894228_00_013,454894228,trunk,,NH717A,1407.5777587890625,21.072288513183594,0.032577767968177795,689.700557736657,tree_cover,0.2970173382801572,low,random_forest-extended-v1-20260902
454894228_00_014,454894228,trunk,,NH717A,1397.27880859375,21.14203643798828,0.0016942161601036787,655.250415012434,tree_cover,0.2775946872863359,low,random_forest-extended-v1-20260902
454894228_00_015,454894228,trunk,,NH717A,1335.1068115234375,23.912336349487305,0.05952729284763336,705.8467569012479,tree_cover,0.3203467271474158,low,random_forest-extended-v1-20260902
454894228_00_016,454894228,trunk,,NH717A,1313.4865112304688,23.207073211669922,0.0359087698161602,655.250415012434,tree_cover,0.2992495344062823,low,random_forest-extended-v1-20260902
454894228_00_017,454894228,trunk,,NH717A,1292.2796630859375,23.433155059814453,0.038363948464393616,636.8260277225762,tree_cover,0.29605264734336223,low,random_forest-extended-v1-20260902
454894228_00_018,454894228,trunk,,NH717A,1255.1226806640625,24.531539916992188,0.037789635360240936,636.8260277225762,tree_cover,0.2923678715616022,low,random_forest-extended-v1-20260902
454894228_00_019,454894228,trunk,,NH717A,1207.0579223632812,24.49797248840332,0.0401155948638916,578.7749505540111,tree_cover,0.27280720945851933,low,random_forest-extended-v1-20260902
454894228_00_020,454894228,trunk,,NH717A,1205.3756103515625,22.178733825683594,0.010337590239942074,495.690433062667,tree_cover,0.27810987329961584,low,random_forest-extended-v1-20260902
454894228_00_021,454894228,trunk,,NH717A,1158.544677734375,23.7019100189209,0.004967786371707916,474.66209594294867,tree_cover,0.2438017992868061,low,random_forest-extended-v1-20260902
454894228_00_022,454894228,trunk,,NH717A,1127.8499755859375,23.079833984375,0.01530537661164999,438.344776009123,tree_cover,0.22950794165548638,low,random_forest-extended-v1-20260902
454894228_00_023,454894228,trunk,,NH717A,1109.2938232421875,22.1283016204834,0.010337590239942074,389.01971986608265,tree_cover,0.2048868675329582,low,random_forest-extended-v1-20260902
454894228_00_024,454894228,trunk,,NH717A,1072.7012939453125,23.25554847717285,0.027093101292848587,386.2683809884938,tree_cover,0.22016056298653278,low,random_forest-extended-v1-20260902
454894228_00_025,454894228,trunk,,NH717A,1029.3224487304688,23.995040893554688,0.03548521548509598,349.89912922070613,tree_cover,0.20979309041000804,low,random_forest-extended-v1-20260902
454894228_00_026,454894228,trunk,,NH717A,998.1527709960938,26.861358642578125,0.01444391068071127,380.1772074656567,tree_cover,0.2957463214910965,low,random_forest-extended-v1-20260902
454894228_00_027,454894228,trunk,,NH717A,1053.0372314453125,26.885833740234375,0.01444391068071127,516.6856972142671,tree_cover,0.32001998248477015,low,random_forest-extended-v1-20260902
454894228_00_028,454894228,trunk,,NH717A,1011.746337890625,29.514257431030273,-0.011227771639823914,586.7986786541115,tree_cover,0.38506140229842434,low,random_forest-extended-v1-20260902
454894228_00_029,454894228,trunk,,NH717A,984.1923217773438,29.590200424194336,-0.014472626149654388,537.6517629030615,tree_cover,0.38304098901234873,low,random_forest-extended-v1-20260902
454894228_00_030,454894228,trunk,,NH717A,1001.6124572753906,27.73241424560547,-0.016655007377266884,496.54728838338445,tree_cover,0.3700630602908428,low,random_forest-extended-v1-20260902
454894228_00_031,454894228,trunk,,NH717A,964.9929809570312,28.250642776489258,-0.022168388590216637,480.8903560295381,tree_cover,0.3725006395086618,low,random_forest-extended-v1-20260902
454894228_00_032,454894228,trunk,,NH717A,901.5336303710938,27.229114532470703,-0.07260003685951233,389.01971986608265,tree_cover,0.31749676378838576,low,random_forest-extended-v1-20260902
454894228_00_033,454894228,trunk,,NH717A,829.0158996582031,26.435707092285156,-0.05175256356596947,248.27216810765867,tree_cover,0.2923368105433163,low,random_forest-extended-v1-20260902
454894228_00_034,454894228,trunk,,NH717A,793.6818237304688,27.272621154785156,-0.017214961349964142,184.41303327450134,tree_cover,0.3271150340923048,low,random_forest-extended-v1-20260902
454894228_00_035,454894228,trunk,,NH717A,787.421142578125,26.546186447143555,-0.09823582321405411,120.22258900738453,tree_cover,0.31953920686386234,low,random_forest-extended-v1-20260902
454894228_00_036,454894228,trunk,,NH717A,805.724853515625,24.886756896972656,-0.04166623204946518,116.63304307356871,tree_cover,0.29011875663085046,low,random_forest-extended-v1-20260902
454894228_00_037,454894228,trunk,,NH717A,799.6121826171875,24.618864059448242,-0.05275042727589607,116.63304307356871,tree_cover,0.29165420994146385,low,random_forest-extended-v1-20260902
454894228_00_038,454894228,trunk,,NH717A,784.3643493652344,27.00890350341797,-0.08281558752059937,130.39970636758034,tree_cover,0.30912375753797194,low,random_forest-extended-v1-20260902
454894228_00_039,454894228,trunk,,NH717A,750.198486328125,27.707279205322266,-0.0685655027627945,148.67854064045866,tree_cover,0.38205855518640086,low,random_forest-extended-v1-20260902
454894228_00_040,454894228,trunk,,NH717A,736.2860107421875,27.859167098999023,-0.12893272936344147,170.02041587784976,tree_cover,0.37407311499785817,low,random_forest-extended-v1-20260902
454894228_00_041,454894228,trunk,,NH717A,694.1636352539062,27.293058395385742,-0.10845855623483658,145.79130384196088,tree_cover,0.3433492760538181,low,random_forest-extended-v1-20260902
459434905_00_000,459434905,trunk,,NH310,3537.4385986328125,29.741968154907227,-0.1693928986787796,204.10782537874525,grassland,0.6615058984525912,high,random_forest-extended-v1-20260902
459434905_00_001,459434905,trunk,,NH310,3556.262451171875,31.176498413085938,-0.18105140328407288,204.10782537874525,grassland,0.6791839950714991,high,random_forest-extended-v1-20260902
459434905_00_002,459434905,trunk,,NH310,3598.18017578125,33.131317138671875,-0.20319108664989471,206.18003916935783,grassland,0.674545996375519,high,random_forest-extended-v1-20260902
459434905_00_003,459434905,trunk,,NH310,3632.48828125,32.423221588134766,-0.20359310507774353,206.18003916935783,grassland,0.6483705990890871,high,random_forest-extended-v1-20260902
459434905_00_004,459434905,trunk,,NH310,3642.3359375,32.20817947387695,-0.19486357271671295,222.06269817368786,grassland,0.6523728089027373,high,random_forest-extended-v1-20260902
459434905_00_005,459434905,trunk,,NH310,3681.080078125,31.386728286743164,-0.2110017091035843,212.27534257419205,grassland,0.6348697325863457,high,random_forest-extended-v1-20260902
459434905_00_006,459434905,trunk,,NH310,3706.639404296875,31.94244384765625,-0.23822402954101562,212.27534257419205,grassland,0.6263172852373142,high,random_forest-extended-v1-20260902
459434905_00_007,459434905,trunk,,NH310,3739.6328125,31.329227447509766,-0.19876888394355774,222.06269817368786,grassland,0.6366548194546343,high,random_forest-extended-v1-20260902
459434905_00_008,459434905,trunk,,NH310,3767.9559326171875,29.316774368286133,-0.14937818050384521,233.26608614713743,grassland,0.6135603795871434,high,random_forest-extended-v1-20260902
459434905_00_009,459434905,trunk,,NH310,3778.939697265625,28.400699615478516,-0.1172742173075676,235.08141380687945,grassland,0.6189537646262216,high,random_forest-extended-v1-20260902
459434905_00_010,459434905,trunk,,NH310,3788.376953125,28.199317932128906,-0.07756064832210541,222.06269817368786,grassland,0.6155606656197724,high,random_forest-extended-v1-20260902
459434905_00_011,459434905,trunk,,NH310,3810.2384033203125,23.81924819946289,-0.10791295766830444,212.27534257419205,grassland,0.4611055794160373,moderate,random_forest-extended-v1-20260902
459434905_00_012,459434905,trunk,,NH310,3866.42919921875,20.641822814941406,-0.1295357495546341,275.0784819325981,grassland,0.3953366994219275,low,random_forest-extended-v1-20260902
459434905_00_013,459434905,trunk,,NH310,3891.53759765625,19.911787033081055,-0.1335846334695816,320.740868452314,grassland,0.3108729974096758,low,random_forest-extended-v1-20260902
459434905_00_014,459434905,trunk,,NH310,3919.1060791015625,19.144865036010742,-0.13470454514026642,409.25569231765,grassland,0.2609885199944888,low,random_forest-extended-v1-20260902
459434905_00_015,459434905,trunk,,NH310,3919.7125244140625,19.318342208862305,-0.11236386001110077,470.1628276137589,grassland,0.2658149677349288,low,random_forest-extended-v1-20260902
459434905_00_016,459434905,trunk,,NH310,3894.2857666015625,20.28331756591797,-0.09349776059389114,433.46870913515824,grassland,0.36348413463407026,low,random_forest-extended-v1-20260902
459434905_00_017,459434905,trunk,,NH310,3867.43603515625,23.755996704101562,-0.02997901290655136,389.01971986608265,grassland,0.474093882047369,moderate,random_forest-extended-v1-20260902
459434905_00_018,459434905,trunk,,NH310,3843.447998046875,24.82427978515625,-0.08140852302312851,352.3206053745417,grassland,0.47942175384095814,moderate,random_forest-extended-v1-20260902
459434905_00_019,459434905,trunk,,NH310,3902.219482421875,21.839839935302734,-0.12324704974889755,386.2683809884938,grassland,0.42586075509095517,moderate,random_forest-extended-v1-20260902
459434905_00_020,459434905,trunk,,NH310,3909.771484375,19.220312118530273,-0.13748995959758759,268.82588145153073,grassland,0.3038616898369385,low,random_forest-extended-v1-20260902
459434905_00_021,459434905,trunk,,NH310,3921.06298828125,18.326292037963867,-0.1326657384634018,260.7994127351607,grassland,0.2820187055867332,low,random_forest-extended-v1-20260902
459434905_00_022,459434905,trunk,,NH310,3878.7801513671875,18.391189575195312,-0.09395721554756165,227.73329671633672,grassland,0.3138232499057603,low,random_forest-extended-v1-20260902
459434905_00_023,459434905,trunk,,NH310,3821.9814453125,22.87773323059082,-0.030725615099072456,351.11195479568335,grassland,0.4679322689561973,moderate,random_forest-extended-v1-20260902
459434905_00_024,459434905,trunk,,NH310,3797.92333984375,28.609874725341797,0.07247799634933472,433.46870913515824,grassland,0.5951055974593259,moderate,random_forest-extended-v1-20260902
459434905_00_025,459434905,trunk,,NH310,3864.4266357421875,30.476665496826172,0.050970062613487244,509.2271321978585,grassland,0.594775254690375,moderate,random_forest-extended-v1-20260902
459434905_00_026,459434905,trunk,,NH310,3899.1734619140625,31.17691421508789,0.016856014728546143,453.1270100901062,grassland,0.5978192133716106,high,random_forest-extended-v1-20260902
459434905_00_027,459434905,trunk,,NH310,3941.729248046875,30.49310302734375,-0.05188895761966705,341.2886922125395,grassland,0.5091974272802643,moderate,random_forest-extended-v1-20260902
459434905_00_028,459434905,trunk,,NH310,3976.760986328125,29.28116226196289,-0.10113609582185745,233.26608614713743,grassland,0.5050479852746325,moderate,random_forest-extended-v1-20260902
459434905_00_029,459434905,trunk,,NH310,3945.37841796875,26.91988754272461,-0.164568692445755,145.79130384196088,grassland,0.4940507468358161,moderate,random_forest-extended-v1-20260902
459434905_00_030,459434905,trunk,,NH310,3972.818115234375,25.015201568603516,-0.19664394855499268,164.94403133548627,grassland,0.4367208577843226,moderate,random_forest-extended-v1-20260902
459434905_00_031,459434905,trunk,,NH310,4033.7061767578125,27.680644989013672,-0.2339741289615631,204.10782537874525,grassland,0.4934802749912716,moderate,random_forest-extended-v1-20260902
459434905_00_032,459434905,trunk,,NH310,4015.58056640625,29.2858943939209,-0.2201332449913025,174.94956461035306,grassland,0.4972688992131075,moderate,random_forest-extended-v1-20260902
459434905_00_033,459434905,trunk,,NH310,3959.0299072265625,25.715909957885742,-0.20138201117515564,130.39970636758034,grassland,0.5054363455622616,moderate,random_forest-extended-v1-20260902
459434905_00_034,459434905,trunk,,NH310,4032.5338134765625,23.249340057373047,-0.11925559490919113,145.79130384196088,grassland,0.4097570429480193,low,random_forest-extended-v1-20260902
459434905_00_035,459434905,trunk,,NH310,4038.82568359375,15.046246528625488,-0.0999874696135521,130.39970636758034,grassland,0.19755671539185127,low,random_forest-extended-v1-20260902
459434905_00_036,459434905,trunk,,NH310,4061.958251953125,15.922805786132812,-0.10452452301979065,123.70802350161468,grassland,0.2247868715654405,low,random_forest-extended-v1-20260902
459434905_00_037,459434905,trunk,,NH310,4091.6796875,19.387502670288086,-0.16425281763076782,130.39970636758034,grassland,0.3253912289811448,low,random_forest-extended-v1-20260902
459434905_00_038,459434905,trunk,,NH310,4107.525146484375,20.060836791992188,-0.12962189316749573,164.94403133548627,grassland,0.2998318383158498,low,random_forest-extended-v1-20260902
459434905_00_039,459434905,trunk,,NH310,4129.801025390625,22.98979949951172,-0.15391522645950317,186.70396624747931,grassland,0.395991065333873,low,random_forest-extended-v1-20260902
459434905_00_040,459434905,trunk,,NH310,4147.55322265625,25.217315673828125,-0.10980817675590515,210.26320860757602,grassland,0.4048790804947415,low,random_forest-extended-v1-20260902
459434905_00_041,459434905,trunk,,NH310,4166.93017578125,23.960988998413086,-0.15770567953586578,233.26608614713743,grassland,0.3839777965199094,low,random_forest-extended-v1-20260902
459434905_00_042,459434905,trunk,,NH310,4267.849609375,22.746498107910156,-0.11400064826011658,410.8078853281828,grassland,0.38619524658003157,low,random_forest-extended-v1-20260902
459434905_00_043,459434905,trunk,,NH310,4294.473876953125,23.09468650817871,-0.10205498337745667,470.1628276137589,grassland,0.38286793841061806,low,random_forest-extended-v1-20260902
461631687_00_000,461631687,trunk,North Sikkim Highway,NH310A,785.7177124023438,29.725017547607422,-0.0989537164568901,145.79130384196088,tree_cover,0.3623370877169383,low,random_forest-extended-v1-20260902
461631688_00_000,461631688,trunk,North Sikkim Highway,NH310A,786.3578491210938,30.28232765197754,-0.08217667043209076,145.79130384196088,tree_cover,0.45185937622477,moderate,random_forest-extended-v1-20260902
461631689_00_000,461631689,secondary,,MDR,822.1515808105469,26.200843811035156,-0.17392995953559875,116.63304307356871,tree_cover,0.323492240018787,low,random_forest-extended-v1-20260902
461631690_00_000,461631690,secondary,,MDR,935.9564514160156,29.306419372558594,-0.11696553230285645,145.79130384196088,tree_cover,0.34376668233533786,low,random_forest-extended-v1-20260902
461631690_00_001,461631690,secondary,,MDR,920.5048217773438,28.571775436401367,-0.1996590793132782,116.63304307356871,tree_cover,0.36458826578148745,low,random_forest-extended-v1-20260902
461631690_00_002,461631690,secondary,,MDR,957.6525573730469,28.728740692138672,-0.128961443901062,130.39970636758034,tree_cover,0.34133125784178436,low,random_forest-extended-v1-20260902
461631690_00_003,461631690,secondary,,MDR,920.1306762695312,28.856876373291016,-0.19695980846881866,123.70802350161468,tree_cover,0.35344904433646396,low,random_forest-extended-v1-20260902
461631690_00_004,461631690,secondary,,MDR,919.0366821289062,33.040897369384766,-0.19037678837776184,145.79130384196088,tree_cover,0.4679186441546574,moderate,random_forest-extended-v1-20260902
461631690_00_005,461631690,secondary,,MDR,929.9564208984375,38.27475357055664,-0.03440120443701744,170.02041587784976,tree_cover,0.49177615630401184,moderate,random_forest-extended-v1-20260902
461631690_00_006,461631690,secondary,,MDR,900.4098815917969,40.5826530456543,-0.09100668877363205,170.02041587784976,tree_cover,0.4986238200557594,moderate,random_forest-extended-v1-20260902
461631690_00_007,461631690,secondary,,MDR,872.14501953125,36.187744140625,-0.15842357277870178,174.94956461035306,tree_cover,0.5064152816787677,moderate,random_forest-extended-v1-20260902
461631691_00_000,461631691,secondary,,MDR,1175.7488403320312,25.980899810791016,-0.06808452308177948,105.13160430378801,tree_cover,0.39028017401153553,low,random_forest-extended-v1-20260902
461631691_00_001,461631691,secondary,,MDR,1175.1153564453125,26.705596923828125,-0.0735117569565773,148.67854064045866,tree_cover,0.3259033119563071,low,random_forest-extended-v1-20260902
461631691_00_002,461631691,secondary,,MDR,1141.3033447265625,25.770620346069336,-0.03859367221593857,130.39970636758034,tree_cover,0.28983011419834964,low,random_forest-extended-v1-20260902
461631691_00_003,461631691,secondary,,MDR,1106.2691650390625,26.335433959960938,0.029634425416588783,145.79130384196088,tree_cover,0.3151277308426135,low,random_forest-extended-v1-20260902
461631697_00_000,461631697,unclassified,North Sikkim Highway,NH310A,1439.4642333984375,34.472721099853516,-0.08103521913290024,204.10782537874525,tree_cover,0.6028647347607052,high,random_forest-extended-v1-20260902
461631704_00_000,461631704,tertiary,North Sikkim Highway,NH310AG,2615.51318359375,31.240129470825195,-0.009935572743415833,170.02041587784976,tree_cover,0.43171419495808533,moderate,random_forest-extended-v1-20260902
461631704_00_001,461631704,tertiary,North Sikkim Highway,NH310AG,2602.811767578125,25.260908126831055,-0.031213779002428055,186.70396624747931,tree_cover,0.3025592419472549,low,random_forest-extended-v1-20260902
461631704_00_002,461631704,tertiary,North Sikkim Highway,NH310AG,2670.2515869140625,24.318344116210938,-0.06314545124769211,145.79130384196088,tree_cover,0.32305927524593503,low,random_forest-extended-v1-20260902
461631706_00_000,461631706,tertiary,North Sikkim Highway,NH310AG,2390.464599609375,41.236595153808594,-0.07443065196275711,145.79130384196088,tree_cover,0.42317603174332935,low,random_forest-extended-v1-20260902
461631706_00_001,461631706,tertiary,North Sikkim Highway,NH310AG,2339.031982421875,41.35608673095703,-0.12215586006641388,177.36277605064052,tree_cover,0.4168409004456518,low,random_forest-extended-v1-20260902
461631706_00_002,461631706,tertiary,North Sikkim Highway,NH310AG,2356.0673828125,39.4972038269043,-0.10084893554449081,164.94403133548627,tree_cover,0.41920798363999695,low,random_forest-extended-v1-20260902
461631706_00_003,461631706,tertiary,North Sikkim Highway,NH310AG,2422.78564453125,38.695526123046875,-0.1211220994591713,148.67854064045866,tree_cover,0.431855385046854,moderate,random_forest-extended-v1-20260902
461631707_00_000,461631707,tertiary,North Sikkim Highway,NH310AG,2410.4951171875,40.238712310791016,-0.0763833075761795,120.22258900738453,tree_cover,0.43335529321382166,moderate,random_forest-extended-v1-20260902
461631709_00_000,461631709,tertiary,North Sikkim Highway,NH310AG,2053.3802490234375,33.61033630371094,-0.23266756534576416,105.13160430378801,tree_cover,0.5896323694367401,moderate,random_forest-extended-v1-20260902
461631710_00_000,461631710,tertiary,North Sikkim Highway,NH310AG,1992.50537109375,32.12914276123047,-0.15466183423995972,116.63304307356871,tree_cover,0.5354733434792254,moderate,random_forest-extended-v1-20260902
461631710_00_001,461631710,tertiary,North Sikkim Highway,NH310AG,2055.677001953125,36.22461700439453,-0.1859043389558792,170.02041587784976,tree_cover,0.5946772549702656,moderate,random_forest-extended-v1-20260902
461631710_00_002,461631710,tertiary,North Sikkim Highway,NH310AG,2079.056884765625,36.8731689453125,-0.17981664836406708,145.79130384196088,tree_cover,0.5721064588532881,moderate,random_forest-extended-v1-20260902
461631719_00_000,461631719,tertiary,North Sikkim Highway,NH310AG,2787.43896484375,34.349422454833984,-0.14099325239658356,130.39970636758034,tree_cover,0.4418652776975554,moderate,random_forest-extended-v1-20260902
461631719_00_001,461631719,tertiary,North Sikkim Highway,NH310AG,2789.5413818359375,35.327110290527344,-0.13519270718097687,145.79130384196088,tree_cover,0.45553366916122956,moderate,random_forest-extended-v1-20260902
465889879_00_000,465889879,primary,,,2043.29296875,23.566944122314453,0.12293118238449097,474.66209594294867,tree_cover,0.2368685874899492,low,random_forest-extended-v1-20260902
465889879_00_001,465889879,primary,,,2103.937744140625,25.106281280517578,0.11991605162620544,470.1628276137589,tree_cover,0.28339796766311004,low,random_forest-extended-v1-20260902
465889879_00_002,465889879,primary,,,2128.339111328125,25.73687744140625,0.13797812163829803,555.9207681977753,tree_cover,0.3549249404371077,low,random_forest-extended-v1-20260902
465909157_00_000,465909157,tertiary,,,1915.3389892578125,32.236228942871094,0.0870080515742302,598.2774908074114,tree_cover,0.5775799480618392,moderate,random_forest-extended-v1-20260902
465909157_00_001,465909157,tertiary,,,1963.7713623046875,35.14751052856445,0.10969331860542297,563.1395526838879,tree_cover,0.5954421090946191,high,random_forest-extended-v1-20260902
465909157_00_002,465909157,tertiary,,,2027.3170166015625,35.235328674316406,0.1473393738269806,536.0681018403303,tree_cover,0.6121666636749138,high,random_forest-extended-v1-20260902
465909157_00_003,465909157,tertiary,,,2000.279541015625,29.022369384765625,0.06908956170082092,583.1652153678435,tree_cover,0.4487289057974137,moderate,random_forest-extended-v1-20260902
465910246_00_000,465910246,tertiary,,,599.630615234375,30.330835342407227,-0.0966995432972908,145.79130384196088,tree_cover,0.5365937748909495,moderate,random_forest-extended-v1-20260902
465910246_00_001,465910246,tertiary,,,601.4969177246094,29.59109878540039,-0.14328330755233765,123.70802350161468,tree_cover,0.44584780842617133,moderate,random_forest-extended-v1-20260902
465910246_00_002,465910246,tertiary,,,618.0061645507812,30.926565170288086,-0.020502887666225433,145.79130384196088,tree_cover,0.5449586292154938,moderate,random_forest-extended-v1-20260902
465910246_00_003,465910246,tertiary,,,688.6820678710938,31.747581481933594,-0.04743805527687073,157.02203972719624,tree_cover,0.5135026788237881,moderate,random_forest-extended-v1-20260902
465910246_00_004,465910246,tertiary,,,671.9029846191406,31.388246536254883,-0.00749475322663784,130.39970636758034,tree_cover,0.5220973219569477,moderate,random_forest-extended-v1-20260902
465910246_00_005,465910246,tertiary,,,666.5989685058594,32.02644348144531,-0.004738062620162964,145.79130384196088,tree_cover,0.5212215776651997,moderate,random_forest-extended-v1-20260902
465910246_00_006,465910246,tertiary,,,743.1248168945312,31.827396392822266,0.059412430971860886,145.79130384196088,tree_cover,0.49676837200430557,moderate,random_forest-extended-v1-20260902
465910246_00_007,465910246,tertiary,,,749.1982421875,32.18975067138672,0.0028284797444939613,164.94403133548627,tree_cover,0.5145926738458364,moderate,random_forest-extended-v1-20260902
465910246_00_008,465910246,tertiary,,,760.1447143554688,31.971593856811523,-0.024953795596957207,195.5995595513705,tree_cover,0.4975737329868291,moderate,random_forest-extended-v1-20260902
465910246_00_009,465910246,tertiary,,,863.844482421875,30.30124282836914,0.016109412536025047,204.10782537874525,tree_cover,0.46058304171798065,moderate,random_forest-extended-v1-20260902
465910246_00_010,465910246,tertiary,,,973.5034790039062,27.5428524017334,-0.0018090782687067986,184.41303327450134,tree_cover,0.32871262368364784,low,random_forest-extended-v1-20260902
465910246_00_011,465910246,tertiary,,,931.075439453125,29.022441864013672,0.061192791908979416,287.1755640555846,tree_cover,0.36590610320677813,low,random_forest-extended-v1-20260902
465910246_00_012,465910246,tertiary,,,915.4790649414062,30.27762222290039,0.05924731492996216,331.1716931692516,tree_cover,0.4794080614261508,moderate,random_forest-extended-v1-20260902
465910246_00_013,465910246,tertiary,,,968.5182189941406,29.543729782104492,0.0598144456744194,379.05738998909834,tree_cover,0.379201411863407,low,random_forest-extended-v1-20260902
465910246_00_014,465910246,tertiary,,,998.249755859375,28.682159423828125,0.05392776429653168,383.5170421109049,tree_cover,0.3757124580494301,low,random_forest-extended-v1-20260902
465910246_00_015,465910246,tertiary,,,1116.2535400390625,28.911502838134766,-0.012405108660459518,293.03689405055025,tree_cover,0.3553287379691333,low,random_forest-extended-v1-20260902
465910246_00_016,465910246,tertiary,,,1216.1751708984375,31.48147201538086,-0.07004435360431671,235.08141380687945,tree_cover,0.5603546642726439,moderate,random_forest-extended-v1-20260902
465910246_00_017,465910246,tertiary,,,1199.4276123046875,36.59836196899414,-0.1325867772102356,170.02041587784976,tree_cover,0.5427342029799094,moderate,random_forest-extended-v1-20260902
465910246_00_018,465910246,tertiary,,,1252.4805908203125,38.11788558959961,-0.01926811970770359,260.7994127351607,tree_cover,0.615629532813082,high,random_forest-extended-v1-20260902
465910246_00_019,465910246,tertiary,,,1160.2977294921875,37.94585037231445,-0.024867648258805275,235.08141380687945,tree_cover,0.5490731875292135,moderate,random_forest-extended-v1-20260902
465910246_00_020,465910246,tertiary,,,1203.3656005859375,37.46957778930664,-0.07457423210144043,309.95656361374915,tree_cover,0.5739476776444278,moderate,random_forest-extended-v1-20260902
465910246_00_021,465910246,tertiary,,,1313.846435546875,36.17604064941406,-0.02239811234176159,392.284278244487,tree_cover,0.6339366296076245,high,random_forest-extended-v1-20260902
465910246_00_022,465910246,tertiary,,,1284.27587890625,36.0022087097168,-0.05717261880636215,408.2156507574905,tree_cover,0.6350153771037824,high,random_forest-extended-v1-20260902
465910246_00_023,465910246,tertiary,,,1363.467041015625,33.97898864746094,0.04600227624177933,575.0907950346713,tree_cover,0.6316897464533385,high,random_forest-extended-v1-20260902
465910246_00_024,465910246,tertiary,,,1394.5679931640625,34.26240921020508,0.024810217320919037,553.6230272114777,tree_cover,0.6394282656440735,high,random_forest-extended-v1-20260902
465910246_00_025,465910246,tertiary,,,1414.6563720703125,30.73533821105957,0.10102123022079468,717.1983850216918,tree_cover,0.527791067436929,moderate,random_forest-extended-v1-20260902
465910246_00_026,465910246,tertiary,,,1378.6392822265625,30.261920928955078,0.09852298349142075,886.8138802532027,tree_cover,0.5156226214048978,moderate,random_forest-extended-v1-20260902
465910246_00_027,465910246,tertiary,,,1428.4661865234375,26.904525756835938,0.13909801840782166,913.263539066268,tree_cover,0.4253146414339094,moderate,random_forest-extended-v1-20260902
465910463_00_000,465910463,tertiary,,,725.8340454101562,30.022918701171875,-0.005226226057857275,235.08141380687945,tree_cover,0.3896601502886423,low,random_forest-extended-v1-20260902
465911004_00_000,465911004,tertiary,,,762.3838500976562,29.2547607421875,-0.10119352489709854,145.79130384196088,tree_cover,0.37643985548830344,low,random_forest-extended-v1-20260902
465911005_00_000,465911005,tertiary,,,772.0747375488281,29.634138107299805,-0.1001884788274765,130.39970636758034,tree_cover,0.3698706634408515,low,random_forest-extended-v1-20260902
465911005_00_001,465911005,tertiary,,,813.1542358398438,30.713224411010742,-0.11035377532243729,148.67854064045866,tree_cover,0.44593201404518074,moderate,random_forest-extended-v1-20260902
465911005_00_002,465911005,tertiary,,,790.5137023925781,31.305944442749023,-0.06321005523204803,145.79130384196088,tree_cover,0.45476344056952506,moderate,random_forest-extended-v1-20260902
465911005_00_003,465911005,tertiary,,,782.5311889648438,32.79124450683594,-0.040790408849716187,186.70396624747931,tree_cover,0.5085453681632803,moderate,random_forest-extended-v1-20260902
465911005_00_004,465911005,tertiary,,,791.6600646972656,32.57344055175781,-0.03701431676745415,210.26320860757602,tree_cover,0.5015506715194504,moderate,random_forest-extended-v1-20260902
465911005_00_005,465911005,tertiary,,,795.0680236816406,32.28887176513672,-0.01986396685242653,235.08141380687945,tree_cover,0.5095022220051817,moderate,random_forest-extended-v1-20260902
465911005_00_006,465911005,tertiary,,,818.5401611328125,30.99822998046875,-0.024243084713816643,379.05738998909834,tree_cover,0.4926708477877557,moderate,random_forest-extended-v1-20260902
465912138_00_000,465912138,tertiary,,,1503.0013427734375,27.44045066833496,0.08041784167289734,720.1559166825685,tree_cover,0.46704285299734655,moderate,random_forest-extended-v1-20260902
465912138_00_001,465912138,tertiary,,,1539.5425415039062,31.772769927978516,0.06713690608739853,705.2442414206383,tree_cover,0.597044686626269,high,random_forest-extended-v1-20260902
465912138_00_002,465912138,tertiary,,,1491.5234985351562,33.35828399658203,0.05272170901298523,615.0941847487371,tree_cover,0.6411087254474823,high,random_forest-extended-v1-20260902
465912138_00_003,465912138,tertiary,,,1421.4376220703125,33.26784896850586,0.021163344383239746,560.8703444503877,tree_cover,0.628637520043313,high,random_forest-extended-v1-20260902
465912138_00_004,465912138,tertiary,,,1489.7401123046875,29.353050231933594,0.019038395956158638,499.1090282834049,tree_cover,0.46534757249992104,moderate,random_forest-extended-v1-20260902
465912138_00_005,465912138,tertiary,,,1566.0560302734375,26.525270462036133,-0.020502887666225433,355.9219317274452,tree_cover,0.44185787383919184,moderate,random_forest-extended-v1-20260902
465912138_00_006,465912138,tertiary,,,1520.760498046875,27.223176956176758,-0.08321760594844818,268.82588145153073,tree_cover,0.4625747260254128,moderate,random_forest-extended-v1-20260902
465912138_00_007,465912138,tertiary,,,1476.4591064453125,27.999252319335938,-0.10307438671588898,174.94956461035306,tree_cover,0.4880347165878968,moderate,random_forest-extended-v1-20260902
465912138_00_008,465912138,tertiary,,,1470.5029296875,28.01582908630371,-0.023058569058775902,233.26608614713743,tree_cover,0.48155604107301353,moderate,random_forest-extended-v1-20260902
465912138_00_009,465912138,tertiary,,,1379.8133544921875,28.701557159423828,0.037847068160772324,235.08141380687945,tree_cover,0.4576358943693772,moderate,random_forest-extended-v1-20260902
465912138_00_010,465912138,tertiary,,,1313.39404296875,28.041057586669922,0.045715123414993286,408.2156507574905,tree_cover,0.45497886498201345,moderate,random_forest-extended-v1-20260902
465912138_00_011,465912138,tertiary,,,1360.421142578125,25.324857711791992,0.015104368329048157,566.1510156143496,tree_cover,0.3193768283774587,low,random_forest-extended-v1-20260902
465912138_00_012,465912138,tertiary,,,1327.916015625,23.75927734375,-0.04367632046341896,574.3511281111691,tree_cover,0.2849090628525061,low,random_forest-extended-v1-20260902
465912138_00_013,465912138,tertiary,,,1372.1356201171875,21.41126823425293,-0.035923127084970474,445.08153393704293,tree_cover,0.2690635430218491,low,random_forest-extended-v1-20260902
465912138_00_014,465912138,tertiary,,,1395.279296875,20.508831024169922,-0.04023045673966408,315.39481291136406,tree_cover,0.2431001424658018,low,random_forest-extended-v1-20260902
465912138_00_015,465912138,tertiary,,,1416.3109130859375,22.828449249267578,-0.044480353593826294,206.18003916935783,tree_cover,0.30610981947201465,low,random_forest-extended-v1-20260902
465912138_00_016,465912138,tertiary,,,1470.195556640625,22.65523910522461,0.023245221003890038,206.18003916935783,tree_cover,0.2978057988583388,low,random_forest-extended-v1-20260902
465912138_00_017,465912138,tertiary,,,1464.6053466796875,23.963897705078125,0.030151305720210075,287.1755640555846,tree_cover,0.283756844750188,low,random_forest-extended-v1-20260902
465912138_00_018,465912138,tertiary,,,1400.3128662109375,26.36521339416504,-0.013783453963696957,455.46659343267345,tree_cover,0.3958441909101397,low,random_forest-extended-v1-20260902
465912138_00_019,465912138,tertiary,,,1456.1355590820312,23.441814422607422,0.05589477717876434,444.1253963473757,tree_cover,0.2678380230157462,low,random_forest-extended-v1-20260902
465912138_00_020,465912138,tertiary,,,1491.908935546875,20.467472076416016,0.04275742173194885,379.05738998909834,tree_cover,0.23705338565739387,low,random_forest-extended-v1-20260902
465912514_00_000,465912514,tertiary,,,1511.3135986328125,22.56437873840332,-0.03213267773389816,314.0440794543925,tree_cover,0.30137240767569734,low,random_forest-extended-v1-20260902
465915289_00_000,465915289,secondary,,MDR,1881.1732788085938,25.5445499420166,0.060891278088092804,802.2496852448318,tree_cover,0.3949280020147864,low,random_forest-extended-v1-20260902
465924313_00_000,465924313,secondary,,,1491.3870849609375,22.845680236816406,-0.005771821364760399,557.0677897964563,tree_cover,0.28603469945604143,low,random_forest-extended-v1-20260902
465924314_00_000,465924314,secondary,,MDR,1572.6058349609375,23.986896514892578,0.002067518187686801,525.6580215189401,tree_cover,0.29240232840433406,low,random_forest-extended-v1-20260902
465924314_00_001,465924314,secondary,,MDR,1602.2164306640625,25.468307495117188,-0.046547871083021164,365.35196024230754,tree_cover,0.37983282314831496,low,random_forest-extended-v1-20260902
465924314_00_002,465924314,secondary,,MDR,1609.8839721679688,25.976268768310547,-0.043934762477874756,325.9992659189508,tree_cover,0.39710389135511237,low,random_forest-extended-v1-20260902
465924314_00_003,465924314,secondary,,MDR,1711.5390014648438,29.045677185058594,0.04380553960800171,509.2271321978585,tree_cover,0.48370738821408255,moderate,random_forest-extended-v1-20260902
465924314_00_004,465924314,secondary,,MDR,1736.926513671875,28.417686462402344,0.03804807737469673,586.0737881011005,tree_cover,0.49802257047821796,moderate,random_forest-extended-v1-20260902
465924314_00_005,465924314,secondary,,MDR,1807.0184936523438,28.193758010864258,0.062039900571107864,618.5401175080734,tree_cover,0.47341106798273275,moderate,random_forest-extended-v1-20260902
465924314_00_006,465924314,secondary,,MDR,1728.3193359375,27.163694381713867,-0.07460294663906097,532.0883281519216,tree_cover,0.43302664942761626,moderate,random_forest-extended-v1-20260902
465924314_00_007,465924314,secondary,,MDR,1807.304931640625,26.699085235595703,-0.016683723777532578,671.2735736269572,tree_cover,0.4160905164131831,low,random_forest-extended-v1-20260902
465933381_00_000,465933381,secondary,,MDR,1222.8770141601562,35.58803176879883,-0.03379817679524422,170.02041587784976,tree_cover,0.5766806504039262,moderate,random_forest-extended-v1-20260902
465933381_00_001,465933381,secondary,,MDR,1126.9832763671875,34.938663482666016,-0.06570112705230713,157.02203972719624,tree_cover,0.5238529419914865,moderate,random_forest-extended-v1-20260902
465933381_00_002,465933381,secondary,,MDR,1106.6305541992188,33.75407409667969,-0.05013731122016907,195.5995595513705,tree_cover,0.512959776110187,moderate,random_forest-extended-v1-20260902
465933381_00_003,465933381,secondary,,MDR,1179.44091796875,33.146636962890625,-0.023776458576321602,325.9992659189508,tree_cover,0.5305103679734136,moderate,random_forest-extended-v1-20260902
465933381_00_004,465933381,secondary,,MDR,1237.6634521484375,30.419532775878906,-0.05338216945528984,417.4827601981901,tree_cover,0.5353466584020508,moderate,random_forest-extended-v1-20260902
466012113_00_000,466012113,tertiary,,MDR,1582.4632568359375,32.16463851928711,-0.023087285459041595,349.89912922070613,tree_cover,0.6099264653317397,high,random_forest-extended-v1-20260902
466012113_00_001,466012113,tertiary,,MDR,1553.2601318359375,31.655988693237305,0.05656959116458893,430.5165609894557,tree_cover,0.611324169669145,high,random_forest-extended-v1-20260902
466012113_00_002,466012113,tertiary,,MDR,1619.5169067382812,29.16347885131836,0.1049121841788292,470.1628276137589,tree_cover,0.48621800382133795,moderate,random_forest-extended-v1-20260902
466012113_00_003,466012113,tertiary,,MDR,1715.4921264648438,25.107036590576172,0.03830651193857193,325.9992659189508,tree_cover,0.3187047134389982,low,random_forest-extended-v1-20260902
466012113_00_004,466012113,tertiary,,MDR,1737.8148193359375,15.056378364562988,0.007580899633467197,212.27534257419205,tree_cover,0.19227710190302036,low,random_forest-extended-v1-20260902
466012113_00_005,466012113,tertiary,,MDR,1741.0999145507812,12.223478317260742,0.009720206260681152,186.70396624747931,tree_cover,0.16231049599276223,low,random_forest-extended-v1-20260902
466012113_00_006,466012113,tertiary,,MDR,1752.5457763671875,11.47451400756836,-0.03997201472520828,249.128289212088,tree_cover,0.14537452408412274,low,random_forest-extended-v1-20260902
466012113_00_007,466012113,tertiary,,MDR,1774.70068359375,17.24999237060547,-0.045715123414993286,300.2026684258173,tree_cover,0.21753281238061717,low,random_forest-extended-v1-20260902
466034615_00_000,466034615,tertiary,,,1479.2286376953125,23.617046356201172,-0.029433418065309525,235.08141380687945,tree_cover,0.3030945125633253,low,random_forest-extended-v1-20260902
466034615_00_001,466034615,tertiary,,,1480.6995849609375,25.21231460571289,-0.005398519337177277,262.4243469155296,tree_cover,0.32938486481093854,low,random_forest-extended-v1-20260902
466034615_00_002,466034615,tertiary,,,1462.1258544921875,24.713048934936523,-0.01740161143243313,322.06351682017964,tree_cover,0.29556010442175695,low,random_forest-extended-v1-20260902
466034615_00_003,466034615,tertiary,,,1414.406494140625,24.576480865478516,-0.052535057067871094,297.3570812809173,tree_cover,0.3036303847593089,low,random_forest-extended-v1-20260902
466034615_00_004,466034615,tertiary,,,1358.8565063476562,23.925933837890625,-0.0007322459714487195,235.08141380687945,tree_cover,0.2961341595366777,low,random_forest-extended-v1-20260902
466034615_00_005,466034615,tertiary,,,1368.8369140625,19.660564422607422,0.020746968686580658,204.10782537874525,tree_cover,0.26138149307825564,low,random_forest-extended-v1-20260902
466034615_00_006,466034615,tertiary,,,1345.71728515625,20.310529708862305,0.04617457091808319,123.70802350161468,tree_cover,0.2886636466960084,low,random_forest-extended-v1-20260902
466034615_00_007,466034615,tertiary,,,1285.6939697265625,23.973350524902344,0.032793134450912476,145.79130384196088,tree_cover,0.3623929405402796,low,random_forest-extended-v1-20260902
466034615_00_008,466034615,tertiary,,,1216.60791015625,26.109390258789062,0.020818758755922318,145.79130384196088,tree_cover,0.41363291866374235,low,random_forest-extended-v1-20260902
466034615_00_009,466034615,tertiary,,,1179.9481811523438,26.10124397277832,0.03147222101688385,174.94956461035306,tree_cover,0.34019851707410576,low,random_forest-extended-v1-20260902
466034619_00_000,466034619,tertiary,,,1638.8680419921875,25.544530868530273,-0.024867648258805275,560.8703444503877,tree_cover,0.3992534374579815,low,random_forest-extended-v1-20260902
466034619_00_001,466034619,tertiary,,,1624.959228515625,24.414941787719727,-0.037789635360240936,615.0941847487371,tree_cover,0.3039563203087922,low,random_forest-extended-v1-20260902
466034619_00_002,466034619,tertiary,,,1615.9698486328125,25.39031982421875,-0.0719754695892334,535.2745142818376,tree_cover,0.363662635280392,low,random_forest-extended-v1-20260902
466034619_00_003,466034619,tertiary,,,1556.08154296875,22.026371002197266,-0.107424795627594,405.07950455465993,tree_cover,0.30023724344066804,low,random_forest-extended-v1-20260902
466034619_00_004,466034619,tertiary,,,1498.404296875,16.62298583984375,-0.07020946592092514,237.76329591082424,tree_cover,0.22479826080332657,low,random_forest-extended-v1-20260902
466034619_00_005,466034619,tertiary,,,1474.3856201171875,16.3339900970459,-0.060474902391433716,206.18003916935783,tree_cover,0.19143841763442868,low,random_forest-extended-v1-20260902
466034843_00_000,466034843,tertiary,,,1449.08642578125,15.576398849487305,-0.04758163169026375,177.36277605064052,tree_cover,0.2025387957081441,low,random_forest-extended-v1-20260902
466034843_00_001,466034843,tertiary,,,1459.69775390625,15.603914260864258,-0.02205352671444416,210.26320860757602,tree_cover,0.19748233074763757,low,random_forest-extended-v1-20260902
466034843_00_002,466034843,tertiary,,,1471.396240234375,19.940670013427734,-0.009662775322794914,322.06351682017964,tree_cover,0.24842472162383486,low,random_forest-extended-v1-20260902
466034843_00_003,466034843,tertiary,,,1485.9293212890625,24.04586410522461,-0.018722524866461754,351.11195479568335,tree_cover,0.283797888931985,low,random_forest-extended-v1-20260902
466050548_00_000,466050548,tertiary,,,1439.88330078125,26.653711318969727,-0.08149467408657074,87.47478230517653,tree_cover,0.5393263014224098,moderate,random_forest-extended-v1-20260902
466050550_00_000,466050550,tertiary,,,1465.3233032226562,29.78240203857422,-0.1353362798690796,116.63304307356871,tree_cover,0.5127056157727371,moderate,random_forest-extended-v1-20260902
466050550_00_001,466050550,tertiary,,,1512.2923583984375,30.205883026123047,-0.10050435364246368,145.79130384196088,tree_cover,0.5616743957626635,moderate,random_forest-extended-v1-20260902
466050550_00_002,466050550,tertiary,,,1563.2134399414062,29.327058792114258,-0.11064092814922333,157.02203972719624,tree_cover,0.4990942877976428,moderate,random_forest-extended-v1-20260902
466050550_00_003,466050550,tertiary,,,1612.346923828125,30.758508682250977,-0.1093200147151947,199.85369246505786,tree_cover,0.553929754473181,moderate,random_forest-extended-v1-20260902
466050550_00_004,466050550,tertiary,,,1644.0261840820312,30.741331100463867,-0.12998083233833313,123.70802350161468,tree_cover,0.5672637530400026,moderate,random_forest-extended-v1-20260902
466051475_00_000,466051475,tertiary,,,1650.37353515625,28.364534378051758,0.0005743106012232602,145.79130384196088,tree_cover,0.5259779586765562,moderate,random_forest-extended-v1-20260902
466051475_00_001,466051475,tertiary,,,1700.2434692382812,29.109159469604492,-0.011730293743312359,145.79130384196088,tree_cover,0.4936952686791415,moderate,random_forest-extended-v1-20260902
466051475_00_002,466051475,tertiary,,,1790.6466064453125,29.370454788208008,0.10929130017757416,176.1561703304968,tree_cover,0.4645966528302331,moderate,random_forest-extended-v1-20260902
466051475_00_003,466051475,tertiary,,,1916.81298828125,27.056777954101562,0.14367815852165222,262.4243469155296,tree_cover,0.39382541160218215,low,random_forest-extended-v1-20260902
466051475_00_004,466051475,tertiary,,,1892.6719970703125,26.470569610595703,0.027136174961924553,329.88806267097254,tree_cover,0.39618006897908714,low,random_forest-extended-v1-20260902
466051475_00_005,466051475,tertiary,,,1915.2197265625,26.269731521606445,0.0780775249004364,433.46870913515824,tree_cover,0.410117312843579,low,random_forest-extended-v1-20260902
466051478_00_000,466051478,tertiary,,,1628.8253173828125,28.15996551513672,0.036009274423122406,145.79130384196088,tree_cover,0.5279299869692916,moderate,random_forest-extended-v1-20260902
478550994_00_000,478550994,tertiary,,,1528.5217895507812,31.230680465698242,0.13245037198066711,782.398238205482,tree_cover,0.6121488633962232,high,random_forest-extended-v1-20260902
478550994_00_001,478550994,tertiary,,,1550.2659912109375,31.032453536987305,0.12867428362369537,787.812823491353,tree_cover,0.586103395601163,moderate,random_forest-extended-v1-20260902
478550994_00_002,478550994,tertiary,,,1570.6869506835938,30.100969314575195,0.15036886930465698,786.191619691285,tree_cover,0.526338382570032,moderate,random_forest-extended-v1-20260902
478554481_00_000,478554481,trunk,,,1450.4024658203125,23.044097900390625,0.13812169432640076,641.481736904628,tree_cover,0.29599844827097344,low,random_forest-extended-v1-20260902
478555227_00_000,478555227,secondary,,MDR,1450.88232421875,23.536300659179688,0.03018002025783062,678.2038458541201,tree_cover,0.29944178509793967,low,random_forest-extended-v1-20260902
478555227_00_001,478555227,secondary,,MDR,1481.1642456054688,24.061058044433594,0.05803408473730087,614.0557560360181,tree_cover,0.27224092171826064,low,random_forest-extended-v1-20260902
478555227_00_002,478555227,secondary,,MDR,1503.8482055664062,23.805316925048828,0.0026561864651739597,437.3739115258827,tree_cover,0.2834472620340983,low,random_forest-extended-v1-20260902
478555227_00_003,478555227,secondary,,MDR,1530.363037109375,26.299633026123047,-0.008557227440178394,260.7994127351607,tree_cover,0.45340372508159066,moderate,random_forest-extended-v1-20260902
478555227_00_004,478555227,secondary,,MDR,1599.5403442382812,29.32044219970703,0.014616204425692558,235.08141380687945,tree_cover,0.49291192451510607,moderate,random_forest-extended-v1-20260902
478555227_00_005,478555227,secondary,,MDR,1596.1939697265625,30.749345779418945,0.05395647883415222,268.82588145153073,tree_cover,0.571052876592472,moderate,random_forest-extended-v1-20260902
478555227_00_006,478555227,secondary,,MDR,1554.7717895507812,32.13917922973633,0.12000219523906708,433.46870913515824,tree_cover,0.6094083286134281,high,random_forest-extended-v1-20260902
478555227_00_007,478555227,secondary,,MDR,1471.6605224609375,33.159847259521484,0.11934173852205276,461.03258318625336,tree_cover,0.6169946193953468,high,random_forest-extended-v1-20260902
478555227_00_008,478555227,secondary,,MDR,1409.708984375,34.3291015625,0.09667082875967026,424.5506851483841,tree_cover,0.6256911309086238,high,random_forest-extended-v1-20260902
478555227_00_009,478555227,secondary,,MDR,1450.2859497070312,33.7989387512207,0.10739608108997345,360.66776702215355,tree_cover,0.6286182930724931,high,random_forest-extended-v1-20260902
478555227_00_010,478555227,secondary,,MDR,1492.012939453125,32.172489166259766,0.10561571270227432,320.740868452314,tree_cover,0.5829099497066447,moderate,random_forest-extended-v1-20260902
478555227_00_011,478555227,secondary,,MDR,1541.2843017578125,30.327978134155273,0.04479622468352318,349.89912922070613,tree_cover,0.5694454412290154,moderate,random_forest-extended-v1-20260902
478555227_00_012,478555227,secondary,,MDR,1542.0531005859375,28.743728637695312,-0.10077714920043945,233.26608614713743,tree_cover,0.5032414275640658,moderate,random_forest-extended-v1-20260902
478555227_00_013,478555227,secondary,,MDR,1542.2022705078125,27.735702514648438,-0.12393622100353241,174.94956461035306,tree_cover,0.5196389108921414,moderate,random_forest-extended-v1-20260902
478555227_00_014,478555227,secondary,,MDR,1505.815673828125,26.228431701660156,-0.11302432417869568,157.02203972719624,tree_cover,0.4467496528210242,moderate,random_forest-extended-v1-20260902
478563559_00_000,478563559,tertiary,,,1827.0191040039062,21.359451293945312,0.09833633154630661,915.3557541403864,tree_cover,0.293431846503828,low,random_forest-extended-v1-20260902
478563559_00_001,478563559,tertiary,,,1732.992919921875,23.374988555908203,0.10334718972444534,810.1590091093199,tree_cover,0.36924334851220264,low,random_forest-extended-v1-20260902
478563559_00_002,478563559,tertiary,,,1718.408203125,25.75621795654297,0.059268850833177567,772.0059092373118,tree_cover,0.4229451395921152,low,random_forest-extended-v1-20260902
478563559_00_003,478563559,tertiary,,,1705.418212890625,26.59628677368164,0.07236313074827194,756.4307021190222,tree_cover,0.4513057107095815,moderate,random_forest-extended-v1-20260902
478563559_00_004,478563559,tertiary,,,1657.2691040039062,25.87884521484375,0.035793907940387726,742.8204221059907,tree_cover,0.411060712363708,low,random_forest-extended-v1-20260902
478563559_00_005,478563559,tertiary,,,1589.8753662109375,28.197763442993164,0.01720060221850872,626.0544088562227,tree_cover,0.5178869238927917,moderate,random_forest-extended-v1-20260902
478563559_00_006,478563559,tertiary,,,1527.369384765625,28.58823013305664,0.014932075515389442,600.4053368516346,tree_cover,0.5145036237960269,moderate,random_forest-extended-v1-20260902
478563559_00_007,478563559,tertiary,,,1494.3665771484375,28.447444915771484,0.056971609592437744,655.250415012434,tree_cover,0.48746991052690664,moderate,random_forest-extended-v1-20260902
478563559_00_008,478563559,tertiary,,,1441.5586547851562,29.532527923583984,0.0376029834151268,613.0173273232991,tree_cover,0.46952057390781426,moderate,random_forest-extended-v1-20260902
478563559_00_009,478563559,tertiary,,,1418.8423461914062,28.552719116210938,0.033223867416381836,674.7457690290677,tree_cover,0.4627402789346898,moderate,random_forest-extended-v1-20260902
478563559_00_010,478563559,tertiary,,,1480.3050537109375,25.016096115112305,0.07812059670686722,738.2281988891206,tree_cover,0.3681267843383747,low,random_forest-extended-v1-20260902
478563559_00_011,478563559,tertiary,,,1467.54296875,25.356027603149414,0.02033059485256672,655.250415012434,tree_cover,0.357436019543675,low,random_forest-extended-v1-20260902
478563559_00_012,478563559,tertiary,,,1436.417236328125,24.581939697265625,0.020818758755922318,734.1862464237614,tree_cover,0.35398770246207445,low,random_forest-extended-v1-20260902
478563559_00_013,478563559,tertiary,,,1402.3853149414062,24.221031188964844,0.05081212893128395,796.3995929142723,tree_cover,0.3662044019481953,low,random_forest-extended-v1-20260902
478563559_00_014,478563559,tertiary,,,1336.7738037109375,25.519086837768555,0.13708794116973877,671.2735736269572,tree_cover,0.35578958950963,low,random_forest-extended-v1-20260902
478563559_00_015,478563559,tertiary,,,1260.6272583007812,27.237194061279297,0.040503256022930145,589.6893300326549,tree_cover,0.42060321236578946,low,random_forest-extended-v1-20260902
478563559_00_016,478563559,tertiary,,,1295.877685546875,23.213682174682617,0.04861539229750633,760.3544149313134,tree_cover,0.3791111841204906,low,random_forest-extended-v1-20260902
478563559_00_017,478563559,tertiary,,,1267.2290649414062,23.394718170166016,0.07839339971542358,728.9565192098045,tree_cover,0.3613176012479732,low,random_forest-extended-v1-20260902
478563559_00_018,478563559,tertiary,,,1203.9464111328125,26.047374725341797,0.07041047513484955,560.8703444503877,tree_cover,0.3815665151810228,low,random_forest-extended-v1-20260902
478563559_00_019,478563559,tertiary,,,1230.0484619140625,23.319969177246094,0.05674188584089279,673.1707236377847,tree_cover,0.3008784440828832,low,random_forest-extended-v1-20260902
478585126_00_000,478585126,tertiary,,,1732.5035400390625,28.292543411254883,0.0516592375934124,145.79130384196088,tree_cover,0.5211054452023823,moderate,random_forest-extended-v1-20260902
478585127_00_000,478585127,tertiary,,,1658.9078369140625,28.087923049926758,-0.020215732976794243,145.79130384196088,tree_cover,0.525364554500435,moderate,random_forest-extended-v1-20260902
478585127_00_001,478585127,tertiary,,,1618.6532592773438,28.56082534790039,-0.007939843460917473,170.02041587784976,tree_cover,0.5085672120124132,moderate,random_forest-extended-v1-20260902
478585127_00_002,478585127,tertiary,,,1648.037353515625,28.70132064819336,-0.0031587081030011177,174.94956461035306,tree_cover,0.4956116738456606,moderate,random_forest-extended-v1-20260902
478585127_00_003,478585127,tertiary,,,1709.6251220703125,28.64468002319336,0.060618482530117035,247.41604700322935,tree_cover,0.49084596771794803,moderate,random_forest-extended-v1-20260902
478585127_00_004,478585127,tertiary,,,1710.743408203125,28.611234664916992,0.033223867416381836,332.4553236675307,tree_cover,0.4765502364648562,moderate,random_forest-extended-v1-20260902
478585655_00_000,478585655,tertiary,,,1713.1485595703125,28.096529006958008,0.07138680666685104,695.533013824916,tree_cover,0.4966541118929546,moderate,random_forest-extended-v1-20260902
478585655_00_001,478585655,tertiary,,,1713.059814453125,29.665260314941406,0.014357764273881912,466.53217229427486,tree_cover,0.4734211189458448,moderate,random_forest-extended-v1-20260902
478585655_00_002,478585655,tertiary,,,1756.944091796875,29.402210235595703,-0.021019767969846725,186.70396624747931,tree_cover,0.48294476109114604,moderate,random_forest-extended-v1-20260902
478585655_00_003,478585655,tertiary,,,1791.0785522460938,27.89869499206543,-0.04532746225595474,120.22258900738453,tree_cover,0.5032765631271688,moderate,random_forest-extended-v1-20260902
478585655_00_004,478585655,tertiary,,,1730.8165283203125,27.316261291503906,-0.0386798158288002,120.22258900738453,tree_cover,0.5117986599574942,moderate,random_forest-extended-v1-20260902
478585655_00_005,478585655,tertiary,,,1698.1949462890625,27.08608627319336,0.004163751844316721,145.79130384196088,tree_cover,0.4637966050802312,moderate,random_forest-extended-v1-20260902
478585655_00_006,478585655,tertiary,,,1703.3662109375,27.064367294311523,0.0105673149228096,145.79130384196088,tree_cover,0.4617373458209718,moderate,random_forest-extended-v1-20260902
478586300_00_000,478586300,tertiary,,,1913.663818359375,29.349903106689453,-0.04060375690460205,174.94956461035306,tree_cover,0.4460451199298948,moderate,random_forest-extended-v1-20260902
478586300_00_001,478586300,tertiary,,,1850.7959594726562,26.99022674560547,-0.02710745856165886,145.79130384196088,tree_cover,0.4358033907211248,moderate,random_forest-extended-v1-20260902
478586300_00_002,478586300,tertiary,,,1816.70263671875,24.155715942382812,-0.02624599263072014,164.94403133548627,tree_cover,0.30121398773143065,low,random_forest-extended-v1-20260902
478586300_00_003,478586300,tertiary,,,1843.66650390625,20.34361457824707,0.033281296491622925,351.11195479568335,tree_cover,0.2160890692293584,low,random_forest-extended-v1-20260902
478586300_00_004,478586300,tertiary,,,1863.2252197265625,18.43345832824707,-0.027509476989507675,742.2481410096881,tree_cover,0.23807535759789153,low,random_forest-extended-v1-20260902
478586300_00_005,478586300,tertiary,,,1870.2525634765625,19.04300308227539,0.049620434641838074,886.8138802532027,tree_cover,0.23137956437758983,low,random_forest-extended-v1-20260902
478586300_00_006,478586300,tertiary,,,1842.3731079101562,20.702163696289062,0.07247799634933472,929.8696908412475,tree_cover,0.26548224367096335,low,random_forest-extended-v1-20260902
478586300_00_007,478586300,tertiary,,,1862.6510009765625,20.556163787841797,0.06558626890182495,926.2051654881311,tree_cover,0.2598715300760725,low,random_forest-extended-v1-20260902
478586300_00_008,478586300,tertiary,,,1916.2220458984375,18.633394241333008,0.0725928544998169,845.5895622833732,tree_cover,0.2253295683191259,low,random_forest-extended-v1-20260902
478586300_00_009,478586300,tertiary,,,1949.9276123046875,17.98788070678711,0.012290246784687042,729.5394513455126,tree_cover,0.24407962047895443,low,random_forest-extended-v1-20260902
478586300_00_010,478586300,tertiary,,,1968.0641479492188,17.311752319335938,0.021091556176543236,574.3511281111691,tree_cover,0.1931378977522091,low,random_forest-extended-v1-20260902
478586300_00_011,478586300,tertiary,,,2016.0475463867188,17.62129783630371,0.035061657428741455,479.56069508188835,tree_cover,0.2058789057710301,low,random_forest-extended-v1-20260902
478586300_00_012,478586300,tertiary,,,2002.6715087890625,18.375347137451172,0.05608142912387848,598.2774908074114,tree_cover,0.18529142382812175,low,random_forest-extended-v1-20260902
478586300_00_013,478586300,tertiary,,,2017.73046875,19.60931396484375,0.051917675882577896,628.088158908785,tree_cover,0.19310529355382006,low,random_forest-extended-v1-20260902
478586300_00_014,478586300,tertiary,,,2082.490234375,19.512798309326172,0.06931928545236588,615.0941847487371,tree_cover,0.19103958524555287,low,random_forest-extended-v1-20260902
478586300_00_015,478586300,tertiary,,,2132.023681640625,19.516368865966797,0.03612413629889488,557.0677897964563,tree_cover,0.1941348382708104,low,random_forest-extended-v1-20260902
478586300_00_016,478586300,tertiary,,,2101.467529296875,21.059268951416016,0.10050435364246368,629.4403416555871,tree_cover,0.2222716073061778,low,random_forest-extended-v1-20260902
478586300_00_017,478586300,tertiary,,,2121.35009765625,20.71495246887207,0.11262230575084686,651.9985318379016,tree_cover,0.2232573231212132,low,random_forest-extended-v1-20260902
478586300_00_018,478586300,tertiary,,,2152.4359130859375,20.288211822509766,0.11160290241241455,660.4198099787407,tree_cover,0.21714105014405077,low,random_forest-extended-v1-20260902
478586300_00_019,478586300,tertiary,,,2152.10400390625,26.32806396484375,0.10538598895072937,645.4456164607546,tree_cover,0.39334632082812554,low,random_forest-extended-v1-20260902
478586300_00_020,478586300,tertiary,,,2232.58544921875,29.737857818603516,0.1331251859664917,578.0325125077904,tree_cover,0.4654203611598633,moderate,random_forest-extended-v1-20260902
478586300_00_021,478586300,tertiary,,,2290.384033203125,31.147212982177734,0.04054632782936096,499.1090282834049,tree_cover,0.5022424399174986,moderate,random_forest-extended-v1-20260902
478586300_00_022,478586300,tertiary,,,2309.53759765625,29.029659271240234,-0.025499390438199043,471.06611918158865,tree_cover,0.40931306065925666,low,random_forest-extended-v1-20260902
478586300_00_023,478586300,tertiary,,,2243.853271484375,27.400964736938477,-0.017803627997636795,409.25569231765,tree_cover,0.4130490367322632,low,random_forest-extended-v1-20260902
478586300_00_024,478586300,tertiary,,,2143.426513671875,25.41959571838379,0.0033884323202073574,437.3739115258827,tree_cover,0.324268190872621,low,random_forest-extended-v1-20260902
478586300_00_025,478586300,tertiary,,,2102.2646484375,23.15203094482422,0.07081249356269836,590.4097815292349,tree_cover,0.24142703781801178,low,random_forest-extended-v1-20260902
478586300_00_026,478586300,tertiary,,,2086.09521484375,21.945402145385742,0.08522769063711166,639.4905834092208,tree_cover,0.2528809001202455,low,random_forest-extended-v1-20260902
478600130_00_000,478600130,tertiary,,,1635.2767944335938,20.632099151611328,-0.02077568508684635,617.852468471126,tree_cover,0.24610739775258192,low,random_forest-extended-v1-20260902
478600130_00_001,478600130,tertiary,,,1598.4384765625,19.167173385620117,-0.0341140478849411,671.2735736269572,tree_cover,0.24222523929847484,low,random_forest-extended-v1-20260902
478600130_00_002,478600130,tertiary,,,1563.021240234375,18.599178314208984,-0.015334092080593109,659.7761253419451,tree_cover,0.2615118849312871,low,random_forest-extended-v1-20260902
478600130_00_003,478600130,tertiary,,,1521.2974853515625,18.94082260131836,0.019239405170083046,583.893716857838,tree_cover,0.2284314978654338,low,random_forest-extended-v1-20260902
478600814_00_000,478600814,tertiary,,,1452.585693359375,20.48592185974121,0.0009476124541833997,405.07950455465993,tree_cover,0.2540453948392381,low,random_forest-extended-v1-20260902
478600814_00_001,478600814,tertiary,,,1477.149658203125,22.56918716430664,0.017315462231636047,268.82588145153073,tree_cover,0.29596714120826534,low,random_forest-extended-v1-20260902
478600815_00_000,478600815,tertiary,,,1478.13330078125,19.106725692749023,0.00068917270982638,503.34962299498386,tree_cover,0.22925053674409743,low,random_forest-extended-v1-20260902
478600815_00_001,478600815,tertiary,,,1432.2621459960938,20.43579864501953,-0.02169458195567131,352.3206053745417,tree_cover,0.2556970944619018,low,random_forest-extended-v1-20260902
478602484_00_000,478602484,tertiary,,,1290.4510498046875,31.2850341796875,-0.06551448255777359,177.36277605064052,tree_cover,0.56955189243225,moderate,random_forest-extended-v1-20260902
478602484_00_001,478602484,tertiary,,,1228.2481689453125,33.29666519165039,-0.06931929290294647,307.1888716512526,tree_cover,0.585772810315161,moderate,random_forest-extended-v1-20260902
478602484_00_002,478602484,tertiary,,,1125.6969604492188,32.96367263793945,0.006518425419926643,368.8260665490027,tree_cover,0.5685616348769859,moderate,random_forest-extended-v1-20260902
478602484_00_003,478602484,tertiary,,,1062.7484130859375,31.42856788635254,-0.011500569060444832,379.05738998909834,tree_cover,0.5338870719549371,moderate,random_forest-extended-v1-20260902
478602484_00_004,478602484,tertiary,,,1109.644287109375,29.59761619567871,-0.01148621179163456,315.39481291136406,tree_cover,0.3673548121813287,low,random_forest-extended-v1-20260902
478602484_00_005,478602484,tertiary,,,1216.7652587890625,30.75830841064453,-0.0481702983379364,204.10782537874525,tree_cover,0.5240510278609869,moderate,random_forest-extended-v1-20260902
478602484_00_006,478602484,tertiary,,,1231.9991455078125,31.75194549560547,-0.08970731496810913,170.02041587784976,tree_cover,0.5521786407960338,moderate,random_forest-extended-v1-20260902
478602484_00_007,478602484,tertiary,,,1125.3773803710938,29.732257843017578,-0.04025917127728462,145.79130384196088,tree_cover,0.3606428141636403,low,random_forest-extended-v1-20260902
478602484_00_008,478602484,tertiary,,,1104.9841918945312,28.282203674316406,0.006202554330229759,184.41303327450134,tree_cover,0.3634282518010477,low,random_forest-extended-v1-20260902
478602484_00_009,478602484,tertiary,,,1134.9644775390625,27.41964340209961,-0.05644037202000618,195.5995595513705,tree_cover,0.30919762754798186,low,random_forest-extended-v1-20260902
478602484_00_010,478602484,tertiary,,,1180.28369140625,27.354341506958008,-0.027581265196204185,275.0784819325981,tree_cover,0.3205581920239569,low,random_forest-extended-v1-20260902
478602484_00_011,478602484,tertiary,,,1060.1317138671875,29.769418716430664,0.008356219157576561,408.2156507574905,tree_cover,0.3732331004572904,low,random_forest-extended-v1-20260902
478602484_00_012,478602484,tertiary,,,976.9775390625,29.072423934936523,0.10897543281316757,535.2745142818376,tree_cover,0.3910254836105153,low,random_forest-extended-v1-20260902
478602484_00_013,478602484,tertiary,,,988.8692626953125,24.30661392211914,0.07500496506690979,743.3927032022933,tree_cover,0.3138499464898774,low,random_forest-extended-v1-20260902
478602484_00_014,478602484,tertiary,,,994.8798828125,19.919048309326172,0.05063983425498009,792.1178436481015,tree_cover,0.23445401360713608,low,random_forest-extended-v1-20260902
478602484_00_015,478602484,tertiary,,,946.4761352539062,20.781564712524414,0.00977763719856739,547.8339824949326,tree_cover,0.1563789949729809,low,random_forest-extended-v1-20260902
478602484_00_016,478602484,tertiary,,,937.0968933105469,21.270904541015625,-0.022455543279647827,406.1275774695512,tree_cover,0.16382732977579456,low,random_forest-extended-v1-20260902
478602484_00_017,478602484,tertiary,,,891.2686767578125,19.909770965576172,-0.008327503688633442,389.01971986608265,tree_cover,0.1430746213686507,low,random_forest-extended-v1-20260902
478602484_00_018,478602484,tertiary,,,859.9478759765625,18.625450134277344,0.038005001842975616,521.5988254703213,tree_cover,0.15484733465626174,low,random_forest-extended-v1-20260902
478602484_00_019,478602484,tertiary,,,820.1814575195312,19.0560245513916,0.06165223941206932,437.3739115258827,tree_cover,0.1514618127842641,low,random_forest-extended-v1-20260902
478602484_00_020,478602484,tertiary,,,789.7664184570312,20.860511779785156,-0.017372895032167435,250.82884335095778,tree_cover,0.16376927854248466,low,random_forest-extended-v1-20260902
478602486_00_000,478602486,tertiary,Tanak Bridge,,542.9254150390625,33.98267364501953,-0.12188306450843811,145.79130384196088,tree_cover,0.5689631128960841,moderate,random_forest-extended-v1-20260902
478602488_00_000,478602488,tertiary,,,590.0575866699219,20.564485549926758,-0.07519161701202393,145.79130384196088,tree_cover,0.18824413446518745,low,random_forest-extended-v1-20260902
478602488_00_001,478602488,tertiary,,,645.8816528320312,20.887914657592773,-0.08848690241575241,148.67854064045866,tree_cover,0.20202096276456405,low,random_forest-extended-v1-20260902
478602488_00_002,478602488,tertiary,,,690.2666015625,22.107040405273438,-0.021529467776417732,186.70396624747931,tree_cover,0.20269709134262848,low,random_forest-extended-v1-20260902
478602488_00_003,478602488,tertiary,,,674.5801696777344,24.991695404052734,-0.02530555985867977,145.79130384196088,tree_cover,0.2945828252851918,low,random_forest-extended-v1-20260902
478602488_00_004,478602488,tertiary,,,738.6996459960938,31.327802658081055,0.0018736881902441382,204.10782537874525,tree_cover,0.4925367669381229,moderate,random_forest-extended-v1-20260902
478602917_00_000,478602917,tertiary,Lingmo Yangang Road,,739.7052612304688,21.777170181274414,-0.031141990795731544,204.10782537874525,tree_cover,0.20472819973707912,low,random_forest-extended-v1-20260902
478602917_00_001,478602917,tertiary,Lingmo Yangang Road,,708.4306640625,21.25258445739746,0.022785771638154984,268.82588145153073,tree_cover,0.18817777827025195,low,random_forest-extended-v1-20260902
478602917_00_002,478602917,tertiary,Lingmo Yangang Road,,636.9471435546875,20.968297958374023,-0.04161598160862923,206.18003916935783,tree_cover,0.174603710314166,low,random_forest-extended-v1-20260902
478602917_00_003,478602917,tertiary,Lingmo Yangang Road,,622.4144897460938,20.521921157836914,-0.040399160236120224,176.1561703304968,tree_cover,0.1729614468179309,low,random_forest-extended-v1-20260902
478604114_00_000,478604114,tertiary,,,654.4893188476562,24.665889739990234,-0.0036325145047158003,123.70802350161468,tree_cover,0.3301016867901947,low,random_forest-extended-v1-20260902
478604114_00_001,478604114,tertiary,,,599.1867065429688,24.715328216552734,-0.09540734440088272,116.63304307356871,tree_cover,0.34308525244175175,low,random_forest-extended-v1-20260902
478604114_00_002,478604114,tertiary,,,572.6791381835938,24.2244815826416,-0.060963068157434464,92.20651663725067,tree_cover,0.38344169038263376,low,random_forest-extended-v1-20260902
478604114_00_003,478604114,tertiary,,,577.8990478515625,24.268535614013672,-0.05915758013725281,82.47201566774314,tree_cover,0.42119566116486423,low,random_forest-extended-v1-20260902
478604115_00_000,478604115,tertiary,,,566.6575317382812,33.488494873046875,-0.1205262541770935,145.79130384196088,tree_cover,0.5673341534773327,moderate,random_forest-extended-v1-20260902
478604115_00_001,478604115,tertiary,,,554.5946350097656,28.120532989501953,-0.12120465934276581,116.63304307356871,tree_cover,0.46446771256984304,moderate,random_forest-extended-v1-20260902
478604115_00_002,478604115,tertiary,,,581.4542236328125,24.641342163085938,-0.09420128911733627,105.13160430378801,tree_cover,0.4001239197711129,low,random_forest-extended-v1-20260902
478606204_00_000,478606204,tertiary,,,797.8569641113281,37.072975158691406,0.00749475322663784,195.5995595513705,tree_cover,0.5136380389396109,moderate,random_forest-extended-v1-20260902
478606205_00_000,478606205,tertiary,,,776.3130493164062,31.567060470581055,0.039842795580625534,233.26608614713743,tree_cover,0.4973146351784293,moderate,random_forest-extended-v1-20260902
478606205_00_001,478606205,tertiary,,,692.0960083007812,28.34153938293457,-0.04750984162092209,204.10782537874525,tree_cover,0.37408992327672,low,random_forest-extended-v1-20260902
478606205_00_002,478606205,tertiary,,,717.3670654296875,26.568397521972656,-0.021393069997429848,212.27534257419205,tree_cover,0.3035803962096094,low,random_forest-extended-v1-20260902
478606205_00_003,478606205,tertiary,,,764.5587768554688,27.046859741210938,-0.013065565377473831,240.44517801476906,tree_cover,0.31213251468619485,low,random_forest-extended-v1-20260902
478606205_00_004,478606205,tertiary,,,838.9580688476562,26.829580307006836,-0.01455877348780632,233.26608614713743,tree_cover,0.2904826750582152,low,random_forest-extended-v1-20260902
478606205_00_005,478606205,tertiary,,,913.6400756835938,27.60399627685547,-0.008729521185159683,222.06269817368786,tree_cover,0.3288400889724972,low,random_forest-extended-v1-20260902
478607905_00_000,478607905,tertiary,,,863.0228881835938,28.52492904663086,-0.0006173838628455997,233.26608614713743,tree_cover,0.3629241469003828,low,random_forest-extended-v1-20260902
478607905_00_001,478607905,tertiary,,,849.1587524414062,27.92054557800293,0.02027316391468048,379.05738998909834,tree_cover,0.3646620642112836,low,random_forest-extended-v1-20260902
478607905_00_002,478607905,tertiary,,,853.0823059082031,27.368854522705078,0.03344641253352165,437.3739115258827,tree_cover,0.33268968600379395,low,random_forest-extended-v1-20260902
478607905_00_003,478607905,tertiary,,,883.0092468261719,26.707290649414062,0.04801236093044281,466.53217229427486,tree_cover,0.3182255505419589,low,random_forest-extended-v1-20260902
478607905_00_004,478607905,tertiary,,,915.6682739257812,26.570552825927734,0.02532709576189518,437.3739115258827,tree_cover,0.30736645422738235,low,random_forest-extended-v1-20260902
478607905_00_005,478607905,tertiary,,,976.0868225097656,27.584732055664062,0.0040488895028829575,291.58260768392176,tree_cover,0.3256479913616822,low,random_forest-extended-v1-20260902
478607905_00_006,478607905,tertiary,,,977.8404541015625,26.4612979888916,0.0204167403280735,408.2156507574905,tree_cover,0.30118629695027604,low,random_forest-extended-v1-20260902
478607905_00_007,478607905,tertiary,,,981.7437744140625,25.006717681884766,0.08812795579433441,542.3750023544552,tree_cover,0.2458410974182912,low,random_forest-extended-v1-20260902
478607905_00_008,478607905,tertiary,,,989.8475952148438,24.891462326049805,0.0674097016453743,525.6580215189401,tree_cover,0.23554515232500498,low,random_forest-extended-v1-20260902
478607905_00_009,478607905,tertiary,,,1038.9337158203125,25.33027458190918,0.05534918233752251,466.53217229427486,tree_cover,0.24789671279198036,low,random_forest-extended-v1-20260902
478607905_00_010,478607905,tertiary,,,1060.62255859375,24.487165451049805,0.029002685099840164,515.8622931895253,tree_cover,0.2363594376164051,low,random_forest-extended-v1-20260902
478607905_00_011,478607905,tertiary,,,1125.2266845703125,24.701108932495117,0.00287155294790864,389.01971986608265,tree_cover,0.22876577624299324,low,random_forest-extended-v1-20260902
478607905_00_012,478607905,tertiary,,,1177.7236938476562,27.404830932617188,0.001737289596349001,249.128289212088,tree_cover,0.3321679520406658,low,random_forest-extended-v1-20260902
478607905_00_013,478607905,tertiary,,,1188.6904296875,26.12647247314453,0.00045944846351630986,329.88806267097254,tree_cover,0.32601181912066923,low,random_forest-extended-v1-20260902
478607905_00_014,478607905,tertiary,,,1195.4801635742188,25.70353126525879,0.010667819529771805,422.53855118176807,tree_cover,0.3105345849691024,low,random_forest-extended-v1-20260902
478607905_00_015,478607905,tertiary,,,1242.9033203125,27.772687911987305,0.04318815469741821,304.421179688756,tree_cover,0.43466560194358445,moderate,random_forest-extended-v1-20260902
478607905_00_016,478607905,tertiary,,,1236.1986083984375,29.82144546508789,-0.006489709485322237,250.82884335095778,tree_cover,0.4455628219068785,moderate,random_forest-extended-v1-20260902
478607906_00_000,478607906,tertiary,,,928.7227172851562,27.470779418945312,0.008786952123045921,204.10782537874525,tree_cover,0.30504904027969454,low,random_forest-extended-v1-20260902
478614120_00_000,478614120,tertiary,,,1359.6103515625,18.8922061920166,0.03612413629889488,800.6584446331152,tree_cover,0.2920963631274577,low,random_forest-extended-v1-20260902
478614120_00_001,478614120,tertiary,,,1400.4010009765625,18.085222244262695,0.05527739226818085,905.7853084761554,tree_cover,0.30487327863758146,low,random_forest-extended-v1-20260902
478614120_00_002,478614120,tertiary,,,1436.31396484375,19.511701583862305,0.018435370177030563,913.263539066268,tree_cover,0.3013273737596099,low,random_forest-extended-v1-20260902
478614120_00_003,478614120,tertiary,,,1467.1382446289062,21.10196304321289,0.007968558929860592,749.6565594029216,tree_cover,0.3287459675899613,low,random_forest-extended-v1-20260902
478614120_00_004,478614120,tertiary,,,1426.3919677734375,22.310667037963867,-0.016425281763076782,470.1628276137589,tree_cover,0.2932737242794863,low,random_forest-extended-v1-20260902
478614120_00_005,478614120,tertiary,,,1457.7802734375,21.50761604309082,-0.013898315839469433,355.9219317274452,tree_cover,0.27211995661582533,low,random_forest-extended-v1-20260902
478614120_00_006,478614120,tertiary,,,1488.9383544921875,21.970224380493164,-0.04409269243478775,210.26320860757602,tree_cover,0.2950840113463612,low,random_forest-extended-v1-20260902
478614120_00_007,478614120,tertiary,,,1536.3436279296875,23.83387565612793,-0.05280785635113716,177.36277605064052,tree_cover,0.32131315274564204,low,random_forest-extended-v1-20260902
478620596_00_000,478620596,primary,Penlong - Samdong Road,SH7,898.4253234863281,24.380613327026367,0.01870816759765148,314.0440794543925,tree_cover,0.21755647682055965,low,random_forest-extended-v1-20260902
478620596_00_001,478620596,primary,Penlong - Samdong Road,SH7,950.8482971191406,25.21279525756836,-0.008471081033349037,204.10782537874525,tree_cover,0.2270291444097806,low,random_forest-extended-v1-20260902
478620596_00_002,478620596,primary,Penlong - Samdong Road,SH7,994.4811401367188,25.76461410522461,0.025513747707009315,235.08141380687945,tree_cover,0.26854790428249403,low,random_forest-extended-v1-20260902
478620596_00_003,478620596,primary,Penlong - Samdong Road,SH7,1008.9729614257812,26.18662452697754,0.009763279929757118,184.41303327450134,tree_cover,0.30573575779088596,low,random_forest-extended-v1-20260902
478620596_00_004,478620596,primary,Penlong - Samdong Road,SH7,1072.1929321289062,24.245361328125,0.015298198908567429,170.02041587784976,tree_cover,0.23428374629807047,low,random_forest-extended-v1-20260902
478620596_00_005,478620596,primary,Penlong - Samdong Road,SH7,1102.8973388671875,24.367618560791016,0.012577401474118233,262.4243469155296,tree_cover,0.22923724685542926,low,random_forest-extended-v1-20260902
478620596_00_006,478620596,primary,Penlong - Samdong Road,SH7,1085.82763671875,26.17848777770996,0.03979972377419472,268.82588145153073,tree_cover,0.3181523635927385,low,random_forest-extended-v1-20260902
478620596_00_007,478620596,primary,Penlong - Samdong Road,SH7,1135.5347900390625,26.818891525268555,0.05223354697227478,260.7994127351607,tree_cover,0.2924455091376215,low,random_forest-extended-v1-20260902
478620596_00_008,478620596,primary,Penlong - Samdong Road,SH7,1188.4535522460938,23.654037475585938,0.020029081031680107,212.27534257419205,tree_cover,0.25845041646860734,low,random_forest-extended-v1-20260902
478620596_00_009,478620596,primary,Penlong - Samdong Road,SH7,1281.841552734375,21.48629379272461,0.01783234439790249,210.26320860757602,tree_cover,0.2969085026735231,low,random_forest-extended-v1-20260902
478620596_00_010,478620596,primary,Penlong - Samdong Road,SH7,1312.5181884765625,21.047176361083984,0.03234804421663284,237.76329591082424,tree_cover,0.27604311846952767,low,random_forest-extended-v1-20260902
478620596_00_011,478620596,primary,Penlong - Samdong Road,SH7,1316.1146240234375,22.766687393188477,0.03526267036795616,478.2310341342386,tree_cover,0.2778709327877582,low,random_forest-extended-v1-20260902
478620596_00_012,478620596,primary,Penlong - Samdong Road,SH7,1364.3193359375,24.03740119934082,-0.00884438306093216,554.7737465990944,tree_cover,0.2816886606987333,low,random_forest-extended-v1-20260902
478620596_00_013,478620596,primary,Penlong - Samdong Road,SH7,1408.421142578125,20.673057556152344,0.0015506385825574398,498.256578424176,tree_cover,0.24302024105423883,low,random_forest-extended-v1-20260902
478620596_00_014,478620596,primary,Penlong - Samdong Road,SH7,1448.3704833984375,18.618688583374023,-0.06237012892961502,250.82884335095778,tree_cover,0.2630268154827136,low,random_forest-extended-v1-20260902
478620596_00_015,478620596,primary,Penlong - Samdong Road,SH7,1433.5201416015625,20.387826919555664,-0.045341819524765015,204.10782537874525,tree_cover,0.2591740765705835,low,random_forest-extended-v1-20260902
478620596_00_016,478620596,primary,Penlong - Samdong Road,SH7,1457.49365234375,21.676788330078125,-0.04376246780157089,320.740868452314,tree_cover,0.27153995867579234,low,random_forest-extended-v1-20260902
478620596_00_017,478620596,primary,Penlong - Samdong Road,SH7,1442.4246826171875,25.26112174987793,-0.028945252299308777,600.4053368516346,tree_cover,0.3448681222970592,low,random_forest-extended-v1-20260902
478620596_00_018,478620596,primary,Penlong - Samdong Road,SH7,1459.9388427734375,26.797466278076172,0.04318815469741821,580.9742299809095,tree_cover,0.40544081759757183,low,random_forest-extended-v1-20260902
478620596_00_019,478620596,primary,Penlong - Samdong Road,SH7,1518.63427734375,24.934852600097656,0.053353451192379,314.0440794543925,tree_cover,0.31299199620978635,low,random_forest-extended-v1-20260902
478620596_00_020,478620596,primary,Penlong - Samdong Road,SH7,1567.3667602539062,23.203001022338867,-0.051343366503715515,105.13160430378801,tree_cover,0.44805933718027435,moderate,random_forest-extended-v1-20260902
478620596_00_021,478620596,primary,Penlong - Samdong Road,SH7,1604.986572265625,23.7807674407959,-0.05639730021357536,87.47478230517653,tree_cover,0.44786292049343124,moderate,random_forest-extended-v1-20260902
478620596_00_022,478620596,primary,Penlong - Samdong Road,SH7,1610.94580078125,23.216379165649414,-0.033281296491622925,148.67854064045866,tree_cover,0.3638429318962978,low,random_forest-extended-v1-20260902
478620596_00_023,478620596,primary,Penlong - Samdong Road,SH7,1603.9971923828125,24.352941513061523,0.002182380296289921,297.3570812809173,tree_cover,0.296800757760901,low,random_forest-extended-v1-20260902
478620596_00_024,478620596,primary,Penlong - Samdong Road,SH7,1637.068115234375,25.985458374023438,0.06574420630931854,396.5952239273039,tree_cover,0.39816790984209727,low,random_forest-extended-v1-20260902
478620596_00_025,478620596,primary,Penlong - Samdong Road,SH7,1683.5178833007812,29.92441177368164,0.04939071089029312,417.4827601981901,tree_cover,0.47307065368366474,moderate,random_forest-extended-v1-20260902
478620596_00_026,478620596,primary,Penlong - Samdong Road,SH7,1721.1829223632812,31.40978240966797,0.08626145124435425,537.6517629030615,tree_cover,0.6186411586148723,high,random_forest-extended-v1-20260902
478620596_00_027,478620596,primary,Penlong - Samdong Road,SH7,1682.8941040039062,33.46055221557617,0.00137834541965276,500.38335749266025,tree_cover,0.632035199658114,high,random_forest-extended-v1-20260902
478620596_00_028,478620596,primary,Penlong - Samdong Road,SH7,1836.2659912109375,33.88982009887695,0.020086511969566345,544.7212642187818,tree_cover,0.6196740506932837,high,random_forest-extended-v1-20260902
478620596_00_029,478620596,primary,Penlong - Samdong Road,SH7,1927.203125,33.632911682128906,-0.013840884901583195,396.5952239273039,tree_cover,0.6010977622358985,high,random_forest-extended-v1-20260902
478620596_00_030,478620596,primary,Penlong - Samdong Road,SH7,1963.2255859375,32.115867614746094,-0.05823509395122528,212.27534257419205,tree_cover,0.5418707687688975,moderate,random_forest-extended-v1-20260902
478620596_00_031,478620596,primary,Penlong - Samdong Road,SH7,1992.322998046875,29.51767921447754,-0.04514081031084061,195.5995595513705,tree_cover,0.44687743768977006,moderate,random_forest-extended-v1-20260902
478620596_00_032,478620596,primary,Penlong - Samdong Road,SH7,1951.1132202148438,27.13039779663086,-0.07391376793384552,148.67854064045866,tree_cover,0.4319273065900722,moderate,random_forest-extended-v1-20260902
478620596_00_033,478620596,primary,Penlong - Samdong Road,SH7,1969.40087890625,23.69782257080078,-0.054186202585697174,195.5995595513705,tree_cover,0.29168783377922697,low,random_forest-extended-v1-20260902
478620596_00_034,478620596,primary,Penlong - Samdong Road,SH7,1943.6622924804688,21.007848739624023,0.014960790053009987,174.94956461035306,tree_cover,0.27565146571610744,low,random_forest-extended-v1-20260902
478620596_00_035,478620596,primary,Penlong - Samdong Road,SH7,1933.2652587890625,19.739227294921875,0.012232815846800804,233.26608614713743,tree_cover,0.24426755434686948,low,random_forest-extended-v1-20260902
478620596_00_036,478620596,primary,Penlong - Samdong Road,SH7,1939.8402099609375,18.252717971801758,0.043705035001039505,325.9992659189508,tree_cover,0.20517792049326897,low,random_forest-extended-v1-20260902
478620596_00_037,478620596,primary,Penlong - Samdong Road,SH7,1929.486328125,17.87187385559082,-0.0060015455819666386,498.256578424176,tree_cover,0.20285120794777547,low,random_forest-extended-v1-20260902
478620596_00_038,478620596,primary,Penlong - Samdong Road,SH7,1913.959716796875,17.996978759765625,-0.015176156535744667,608.842359377512,tree_cover,0.19827713430076108,low,random_forest-extended-v1-20260902
478620596_00_039,478620596,primary,Penlong - Samdong Road,SH7,1881.4879150390625,20.402711868286133,0.01180208195000887,560.8703444503877,tree_cover,0.20255398947660938,low,random_forest-extended-v1-20260902
478620596_00_040,478620596,primary,Penlong - Samdong Road,SH7,1883.0548095703125,21.01683235168457,0.016755511984229088,509.2271321978585,tree_cover,0.22433713994895768,low,random_forest-extended-v1-20260902
478620596_00_041,478620596,primary,Penlong - Samdong Road,SH7,1948.0997924804688,21.601444244384766,0.02712181583046913,560.8703444503877,tree_cover,0.23185470801274538,low,random_forest-extended-v1-20260902
478620596_00_042,478620596,primary,Penlong - Samdong Road,SH7,1943.0775146484375,22.776885986328125,0.007351175416260958,532.0883281519216,tree_cover,0.2560673326915192,low,random_forest-extended-v1-20260902
478620596_00_043,478620596,primary,Penlong - Samdong Road,SH7,1942.9647216796875,23.3852596282959,0.03865110129117966,578.7749505540111,tree_cover,0.23335821929822642,low,random_forest-extended-v1-20260902
478620596_00_044,478620596,primary,Penlong - Samdong Road,SH7,1977.665283203125,25.674468994140625,0.08117879927158356,721.9246199195753,tree_cover,0.36310915557661466,low,random_forest-extended-v1-20260902
478620596_00_045,478620596,primary,Penlong - Samdong Road,SH7,1934.1846313476562,23.405506134033203,0.03352538123726845,829.3462331073704,tree_cover,0.30892204258388406,low,random_forest-extended-v1-20260902
478620596_00_046,478620596,primary,Penlong - Samdong Road,SH7,1908.5609741210938,23.063709259033203,0.0022541689686477184,849.1013702967682,tree_cover,0.317034102068706,low,random_forest-extended-v1-20260902
478620596_00_047,478620596,primary,Penlong - Samdong Road,SH7,1928.7984619140625,20.869436264038086,0.037215325981378555,793.1904478546078,tree_cover,0.27835841936858896,low,random_forest-extended-v1-20260902
478620596_00_048,478620596,primary,Penlong - Samdong Road,SH7,1876.8494873046875,20.293310165405273,-0.0033310013823211193,630.7896258227281,tree_cover,0.21191140518790688,low,random_forest-extended-v1-20260902
478620596_00_049,478620596,primary,Penlong - Samdong Road,SH7,1845.4453125,21.4804630279541,0.017459042370319366,586.7986786541115,tree_cover,0.2333112310903826,low,random_forest-extended-v1-20260902
480464449_00_000,480464449,tertiary,,,1142.802001953125,27.16360092163086,-0.025729114189743996,148.67854064045866,tree_cover,0.309600891494079,low,random_forest-extended-v1-20260902
480464449_00_001,480464449,tertiary,,,1194.168212890625,24.426979064941406,-0.11158854514360428,148.67854064045866,tree_cover,0.30645272170896315,low,random_forest-extended-v1-20260902
480464449_00_002,480464449,tertiary,,,1228.6566162109375,23.461105346679688,-0.09143024682998657,320.740868452314,tree_cover,0.29395872847563026,low,random_forest-extended-v1-20260902
480464449_00_003,480464449,tertiary,,,1243.1963500976562,24.194866180419922,-0.11491954326629639,618.5401175080734,tree_cover,0.3068731340851384,low,random_forest-extended-v1-20260902
480464449_00_004,480464449,tertiary,,,1280.2393798828125,24.742931365966797,-0.12290246784687042,583.1652153678435,tree_cover,0.3254205353037318,low,random_forest-extended-v1-20260902
480464449_00_005,480464449,tertiary,,,1307.9447631835938,25.090635299682617,-0.08519896864891052,601.1129450369226,tree_cover,0.3291972995437121,low,random_forest-extended-v1-20260902
480464449_00_006,480464449,tertiary,,,1343.2347412109375,25.67818260192871,-0.01975628361105919,875.2336591475673,tree_cover,0.37901395761653556,low,random_forest-extended-v1-20260902
480464449_00_007,480464449,tertiary,,,1301.6353759765625,25.683862686157227,-0.007351175416260958,861.5266921667538,tree_cover,0.3840426696789438,low,random_forest-extended-v1-20260902
480464449_00_008,480464449,tertiary,,,1328.5046997070312,24.60788345336914,0.03234804421663284,852.5981303315818,tree_cover,0.3554945808548932,low,random_forest-extended-v1-20260902
480464449_00_009,480464449,tertiary,,,1387.1534423828125,22.798507690429688,0.02070389688014984,806.4776443545923,tree_cover,0.37693055596294384,low,random_forest-extended-v1-20260902
480464450_00_000,480464450,tertiary,,,469.735595703125,24.39833641052246,-0.05272171273827553,186.70396624747931,tree_cover,0.3235368249043079,low,random_forest-extended-v1-20260902
480464450_00_001,480464450,tertiary,,,509.3684997558594,25.27120590209961,-0.04318097606301308,237.76329591082424,tree_cover,0.3288307981141132,low,random_forest-extended-v1-20260902
480464450_00_002,480464450,tertiary,,,619.5421752929688,29.706066131591797,-0.05296579375863075,247.41604700322935,tree_cover,0.4228537132349805,low,random_forest-extended-v1-20260902
480464450_00_003,480464450,tertiary,,,642.8544616699219,30.849403381347656,0.0017875416669994593,288.65205483710093,tree_cover,0.5399113166406891,moderate,random_forest-extended-v1-20260902
480464450_00_004,480464450,tertiary,,,645.3386535644531,29.828048706054688,0.07868772745132446,392.284278244487,tree_cover,0.42861165018792113,moderate,random_forest-extended-v1-20260902
480464450_00_005,480464450,tertiary,,,703.779052734375,30.135337829589844,0.0874674990773201,444.1253963473757,tree_cover,0.4775332287061603,moderate,random_forest-extended-v1-20260902
480464450_00_006,480464450,tertiary,,,744.2348022460938,29.222806930541992,0.026648011058568954,360.66776702215355,tree_cover,0.3944210192422182,low,random_forest-extended-v1-20260902
480464450_00_007,480464450,tertiary,,,762.97119140625,29.128461837768555,0.03336744382977486,391.199119102741,tree_cover,0.3908887999405446,low,random_forest-extended-v1-20260902
480464450_00_008,480464450,tertiary,,,742.4192810058594,28.918895721435547,0.075284942984581,453.59608617258715,tree_cover,0.40272430464312653,low,random_forest-extended-v1-20260902
480464450_00_009,480464450,tertiary,,,825.4444274902344,27.748836517333984,0.051472585648298264,500.38335749266025,tree_cover,0.385632972075933,low,random_forest-extended-v1-20260902
480464450_00_010,480464450,tertiary,,,819.1026611328125,27.73394775390625,0.07471062242984772,498.256578424176,tree_cover,0.39647599303389,low,random_forest-extended-v1-20260902
480464450_00_011,480464450,tertiary,,,880.6539001464844,28.918895721435547,0.012003091163933277,496.54728838338445,tree_cover,0.37745469249271585,low,random_forest-extended-v1-20260902
480464450_00_012,480464450,tertiary,,,857.281494140625,27.75598907470703,0.07704376429319382,485.2901764690933,tree_cover,0.39607840532974137,low,random_forest-extended-v1-20260902
480464450_00_013,480464450,tertiary,,,976.4192504882812,28.861812591552734,0.04717961326241493,461.03258318625336,tree_cover,0.3767062741159027,low,random_forest-extended-v1-20260902
480464450_00_014,480464450,tertiary,,,1056.1494140625,30.605270385742188,-0.1175326555967331,268.82588145153073,tree_cover,0.4785138783201963,moderate,random_forest-extended-v1-20260902
480464450_00_015,480464450,tertiary,,,1126.4969482421875,33.666473388671875,-0.07837903499603271,268.82588145153073,tree_cover,0.5599602836042098,moderate,random_forest-extended-v1-20260902
480464450_00_016,480464450,tertiary,,,1064.6365966796875,30.471025466918945,-0.1215815469622612,170.02041587784976,tree_cover,0.4680482518518844,moderate,random_forest-extended-v1-20260902
480469302_00_000,480469302,tertiary,,,1327.578125,20.29430389404297,0.01783234253525734,606.7441026159734,tree_cover,0.234651813529432,low,random_forest-extended-v1-20260902
480469302_00_001,480469302,tertiary,,,1259.0186767578125,25.92430877685547,0.0,769.8001735601117,tree_cover,0.39068408868802357,low,random_forest-extended-v1-20260902
480469302_00_002,480469302,tertiary,,,1263.2525634765625,29.997650146484375,0.016856014728546143,808.5833336941113,tree_cover,0.4517889920880694,moderate,random_forest-extended-v1-20260902
480469302_00_003,480469302,tertiary,,,1247.3449096679688,29.669736862182617,0.03432941436767578,697.6656361331641,tree_cover,0.42961002623433764,moderate,random_forest-extended-v1-20260902
480469302_00_004,480469302,tertiary,,,1156.71142578125,31.073589324951172,-0.04023045673966408,509.2271321978585,tree_cover,0.5320153650812265,moderate,random_forest-extended-v1-20260902
480469302_00_005,480469302,tertiary,,,1188.7576904296875,33.53684997558594,-0.06781172752380371,360.66776702215355,tree_cover,0.561678311470498,moderate,random_forest-extended-v1-20260902
480469302_00_006,480469302,tertiary,,,1205.6132202148438,34.780921936035156,-0.02112027257680893,291.58260768392176,tree_cover,0.5759867541344545,moderate,random_forest-extended-v1-20260902
480469302_00_007,480469302,tertiary,,,1097.8424072265625,31.098846435546875,-0.11698706448078156,177.36277605064052,tree_cover,0.47851125148561824,moderate,random_forest-extended-v1-20260902
480480424_00_000,480480424,tertiary,,,1667.5780639648438,21.986488342285156,0.08696497976779938,655.250415012434,tree_cover,0.3091734636199859,low,random_forest-extended-v1-20260902
480485744_00_000,480485744,trunk,,NH10,320.58204650878906,28.052886962890625,-0.048791274428367615,130.39970636758034,tree_cover,0.5574079567511402,moderate,random_forest-extended-v1-20260902
480485744_00_001,480485744,trunk,,NH10,300.84478759765625,27.669218063354492,-0.08228255063295364,123.70802350161468,tree_cover,0.5563189576897921,moderate,random_forest-extended-v1-20260902
480485745_00_000,480485745,trunk,,NH10,336.23968505859375,29.156808853149414,-0.029778003692626953,120.22258900738453,tree_cover,0.5612509206310393,moderate,random_forest-extended-v1-20260902
486096846_00_000,486096846,tertiary,,,600.6345520019531,30.417598724365234,-0.032412655651569366,145.79130384196088,tree_cover,0.5321951684873263,moderate,random_forest-extended-v1-20260902
486096848_00_000,486096848,tertiary,,,594.3444213867188,30.58469009399414,-0.1130889356136322,130.39970636758034,tree_cover,0.5543892743737179,moderate,random_forest-extended-v1-20260902
486096848_00_001,486096848,tertiary,,,594.0990600585938,31.38037872314453,-0.11764034628868103,157.02203972719624,tree_cover,0.5689968725424901,moderate,random_forest-extended-v1-20260902
487852052_00_000,487852052,tertiary,,,1060.1266479492188,33.716766357421875,-0.006518424954265356,407.17161411352083,tree_cover,0.5569324730889855,moderate,random_forest-extended-v1-20260902
487852052_00_001,487852052,tertiary,,,1020.911376953125,33.82303237915039,0.04244155064225197,351.11195479568335,tree_cover,0.5529995283160762,moderate,random_forest-extended-v1-20260902
487852052_00_002,487852052,tertiary,,,1046.3662719726562,33.4091682434082,-0.007645509671419859,235.08141380687945,tree_cover,0.5280318405406695,moderate,random_forest-extended-v1-20260902
487852052_00_003,487852052,tertiary,,,1160.7166137695312,32.43060302734375,0.032419830560684204,250.82884335095778,tree_cover,0.5427283787855973,moderate,random_forest-extended-v1-20260902
487852052_00_004,487852052,tertiary,,,1064.105224609375,31.2586669921875,0.03608106076717377,355.9219317274452,tree_cover,0.5359369216951524,moderate,random_forest-extended-v1-20260902
487852052_00_005,487852052,tertiary,,,974.5028991699219,28.60106658935547,0.079434335231781,472.86410756226866,tree_cover,0.3841436179878499,low,random_forest-extended-v1-20260902
487852052_00_006,487852052,tertiary,,,927.2037353515625,28.737804412841797,0.03494679927825928,420.52641721515204,tree_cover,0.3695695954190039,low,random_forest-extended-v1-20260902
487852052_00_007,487852052,tertiary,,,885.8948364257812,27.98358154296875,0.04923277348279953,433.46870913515824,tree_cover,0.37610749191660614,low,random_forest-extended-v1-20260902
487852052_00_008,487852052,tertiary,,,850.23828125,24.42416763305664,0.1220409944653511,583.1652153678435,tree_cover,0.23168462932671582,low,random_forest-extended-v1-20260902
495859531_00_000,495859531,trunk,Lava Highway,NH717A,667.340576171875,25.207035064697266,-0.07224827259778976,105.13160430378801,tree_cover,0.38911311877037746,low,random_forest-extended-v1-20260902
495859531_00_001,495859531,trunk,Lava Highway,NH717A,671.5650939941406,24.1456356048584,-0.08817103505134583,130.39970636758034,tree_cover,0.28615670070068927,low,random_forest-extended-v1-20260902
495859531_00_002,495859531,trunk,Lava Highway,NH717A,664.7029418945312,23.881103515625,-0.08458159118890762,145.79130384196088,tree_cover,0.2851103041119367,low,random_forest-extended-v1-20260902
495859531_00_003,495859531,trunk,Lava Highway,NH717A,684.8204345703125,23.12136459350586,-0.0820833370089531,145.79130384196088,tree_cover,0.23876746882815633,low,random_forest-extended-v1-20260902
495859531_00_004,495859531,trunk,Lava Highway,NH717A,730.9688110351562,22.51229476928711,-0.06436585634946823,145.79130384196088,tree_cover,0.23953124396765615,low,random_forest-extended-v1-20260902
495859531_00_005,495859531,trunk,Lava Highway,NH717A,787.386962890625,22.338134765625,-0.07405734807252884,184.41303327450134,tree_cover,0.21251544101399722,low,random_forest-extended-v1-20260902
495859531_00_006,495859531,trunk,Lava Highway,NH717A,808.473876953125,21.57431411743164,-0.03668408840894699,227.73329671633672,tree_cover,0.18470334069178962,low,random_forest-extended-v1-20260902
495859531_00_007,495859531,trunk,Lava Highway,NH717A,829.0630798339844,21.363155364990234,-0.04142932966351509,212.27534257419205,tree_cover,0.17622411505169724,low,random_forest-extended-v1-20260902
495859531_00_008,495859531,trunk,Lava Highway,NH717A,806.3916320800781,22.15074920654297,-0.03627489507198334,271.9521816920644,tree_cover,0.18970151183609205,low,random_forest-extended-v1-20260902
495859532_00_000,495859532,trunk,,NH717A,670.8351440429688,26.702701568603516,-0.09754665195941925,120.22258900738453,tree_cover,0.3631868195816044,low,random_forest-extended-v1-20260902
496970995_00_000,496970995,tertiary,,,914.2559509277344,26.095014572143555,0.03811986744403839,433.46870913515824,tree_cover,0.3150717294174825,low,random_forest-extended-v1-20260902
496970995_00_001,496970995,tertiary,,,929.7364196777344,25.22490119934082,0.013948568142950535,483.9726368403218,tree_cover,0.24530130525800936,low,random_forest-extended-v1-20260902
496970995_00_002,496970995,tertiary,,,962.7014770507812,24.05829429626465,-0.014070609584450722,563.1395526838879,tree_cover,0.2158805746802987,low,random_forest-extended-v1-20260902
496970995_00_003,496970995,tertiary,,,990.8099060058594,24.653156280517578,-0.023754920810461044,584.9837524794692,tree_cover,0.2181807987784031,low,random_forest-extended-v1-20260902
496970995_00_004,496970995,tertiary,,,957.304931640625,25.893281936645508,-0.047603167593479156,452.6579340076252,tree_cover,0.2598626677876617,low,random_forest-extended-v1-20260902
496970995_00_005,496970995,tertiary,,,918.495361328125,24.74791145324707,-0.05985752120614052,392.284278244487,tree_cover,0.21622507196681562,low,random_forest-extended-v1-20260902
496973775_00_000,496973775,tertiary,,,926.4326171875,24.407150268554688,0.01145749632269144,471.06611918158865,tree_cover,0.22220200173356655,low,random_forest-extended-v1-20260902
496973775_00_001,496973775,tertiary,,,944.3488464355469,23.84756088256836,-0.015025400556623936,503.34962299498386,tree_cover,0.22004634484058647,low,random_forest-extended-v1-20260902
496973775_00_002,496973775,tertiary,,,933.1835327148438,25.329408645629883,-0.008499796502292156,396.5952239273039,tree_cover,0.23959570144770442,low,random_forest-extended-v1-20260902
496973775_00_003,496973775,tertiary,,,902.0087890625,28.18429183959961,-0.05743105709552765,222.06269817368786,tree_cover,0.35468846231320905,low,random_forest-extended-v1-20260902
496973775_00_004,496973775,tertiary,,,945.3326110839844,32.708248138427734,-0.015973012894392014,222.06269817368786,tree_cover,0.4991325150177169,moderate,random_forest-extended-v1-20260902
496973775_00_005,496973775,tertiary,,,960.24755859375,34.47334289550781,-0.08476824313402176,186.70396624747931,tree_cover,0.4996348377246112,moderate,random_forest-extended-v1-20260902
496973775_00_006,496973775,tertiary,,,980.2031860351562,33.9468994140625,-0.1256519854068756,185.55849976099034,tree_cover,0.506518456693284,moderate,random_forest-extended-v1-20260902
496973775_00_007,496973775,tertiary,,,1016.2677612304688,32.98020553588867,-0.0634613186120987,145.79130384196088,tree_cover,0.45763844023160044,moderate,random_forest-extended-v1-20260902
496973775_00_008,496973775,tertiary,,,1031.132568359375,32.428646087646484,-0.08476824313402176,130.39970636758034,tree_cover,0.45847644677194493,moderate,random_forest-extended-v1-20260902
496973775_00_009,496973775,tertiary,,,1041.7767333984375,32.43683624267578,-0.0478113554418087,247.41604700322935,tree_cover,0.5210801173883933,moderate,random_forest-extended-v1-20260902
496973775_00_010,496973775,tertiary,,,1121.4945068359375,29.837154388427734,-0.03262083977460861,300.2026684258173,tree_cover,0.3654052733112809,low,random_forest-extended-v1-20260902
496973775_00_011,496973775,tertiary,,,1179.9248657226562,29.456077575683594,-0.011428780853748322,304.421179688756,tree_cover,0.3682802128215009,low,random_forest-extended-v1-20260902
496973775_00_012,496973775,tertiary,,,1212.0546875,31.12839126586914,0.00706402026116848,405.07950455465993,tree_cover,0.5557730559261456,moderate,random_forest-extended-v1-20260902
496973775_00_013,496973775,tertiary,,,1222.750732421875,32.61311721801758,0.0026705441996455193,495.690433062667,tree_cover,0.5892752188240038,moderate,random_forest-extended-v1-20260902
496973775_00_014,496973775,tertiary,,,1280.1760864257812,31.987743377685547,0.04268563538789749,547.8339824949326,tree_cover,0.6058331885216891,high,random_forest-extended-v1-20260902
496977535_00_000,496977535,tertiary,,,888.8068237304688,28.012277603149414,-0.08400727808475494,212.27534257419205,tree_cover,0.35311327799563935,low,random_forest-extended-v1-20260902
496977535_00_001,496977535,tertiary,,,858.5986938476562,22.762380599975586,-0.10878878086805344,235.08141380687945,tree_cover,0.2139981338505196,low,random_forest-extended-v1-20260902
496977535_00_002,496977535,tertiary,,,914.1029357910156,23.308374404907227,-0.03905311971902847,437.3739115258827,tree_cover,0.20360705106082988,low,random_forest-extended-v1-20260902
496977535_00_003,496977535,tertiary,,,940.4943542480469,23.984058380126953,-0.022563226521015167,495.690433062667,tree_cover,0.21694712889231396,low,random_forest-extended-v1-20260902
502399488_00_000,502399488,secondary,,,517.5662231445312,22.96051025390625,-0.08466773480176926,105.13160430378801,tree_cover,0.3602311826576934,low,random_forest-extended-v1-20260902
516962574_00_000,516962574,primary,,,4276.97900390625,25.188756942749023,-0.24465630948543549,170.02041587784976,grassland,0.41951599687005287,low,random_forest-extended-v1-20260902
516962574_00_001,516962574,primary,,,4268.338134765625,27.023698806762695,-0.24442657828330994,157.02203972719624,grassland,0.45726826892050004,moderate,random_forest-extended-v1-20260902
516962574_00_002,516962574,primary,,,4211.496826171875,29.180816650390625,-0.19813716411590576,195.5995595513705,grassland,0.4762296049026703,moderate,random_forest-extended-v1-20260902
516962574_00_003,516962574,primary,,,4197.6533203125,29.99424934387207,-0.1989411860704422,222.06269817368786,grassland,0.4776020133175325,moderate,random_forest-extended-v1-20260902
516962574_00_004,516962574,primary,,,4186.004638671875,29.646438598632812,-0.21054226160049438,186.70396624747931,grassland,0.4983054868141601,moderate,random_forest-extended-v1-20260902
516962574_00_005,516962574,primary,,,4152.305419921875,30.20608901977539,-0.20936492085456848,145.79130384196088,grassland,0.5030417172256186,moderate,random_forest-extended-v1-20260902
516962574_00_006,516962574,primary,,,4120.90185546875,31.598163604736328,-0.18834514915943146,145.79130384196088,grassland,0.5188164778108398,moderate,random_forest-extended-v1-20260902
516962574_00_007,516962574,primary,,,4082.5205078125,33.22042465209961,-0.19291092455387115,105.13160430378801,grassland,0.5973706415929408,high,random_forest-extended-v1-20260902
516962574_00_008,516962574,primary,,,4042.983154296875,34.65633010864258,-0.22759927809238434,145.79130384196088,grassland,0.5259447039482706,moderate,random_forest-extended-v1-20260902
516962574_00_009,516962574,primary,,,4012.169189453125,34.200042724609375,-0.20003236830234528,170.02041587784976,grassland,0.531251027561585,moderate,random_forest-extended-v1-20260902
516962574_00_010,516962574,primary,,,3981.990966796875,32.00010681152344,-0.1994006335735321,164.94403133548627,grassland,0.536032687929691,moderate,random_forest-extended-v1-20260902
516962574_00_011,516962574,primary,,,3969.0284423828125,32.34788513183594,-0.2170032560825348,145.79130384196088,grassland,0.5394354801352949,moderate,random_forest-extended-v1-20260902
539779665_00_000,539779665,tertiary,Bhanu Path,,1680.1015014648438,20.829561233520508,0.07995839416980743,618.5401175080734,built_up,0.8520672101268454,high,random_forest-extended-v1-20260902
539779666_00_000,539779666,tertiary,Bhanu Path,,1691.33203125,22.09076499938965,0.04654787480831146,600.7591409442787,built_up,0.8834133010066288,high,random_forest-extended-v1-20260902
565342879_00_000,565342879,primary,,SH12,1787.778564453125,22.045429229736328,-0.038349591195583344,731.2854597095612,tree_cover,0.3249199955607052,low,random_forest-extended-v1-20260902
565342879_00_001,565342879,primary,,SH12,1751.97802734375,23.52662467956543,-0.030668184161186218,711.8438634548904,tree_cover,0.3380849306250163,low,random_forest-extended-v1-20260902
565342879_00_002,565342879,primary,,SH12,1693.4881591796875,24.70941734313965,-0.033855609595775604,765.3696321679334,tree_cover,0.38052400165416833,low,random_forest-extended-v1-20260902
565342879_00_003,565342879,primary,,SH12,1647.819580078125,25.423141479492188,0.012433824129402637,785.1101986359812,tree_cover,0.428556990744684,moderate,random_forest-extended-v1-20260902
565342879_00_004,565342879,primary,,SH12,1607.61572265625,24.602806091308594,0.0317019447684288,774.7542479731985,tree_cover,0.3769929896999708,low,random_forest-extended-v1-20260902
565342879_00_005,565342879,primary,,SH12,1573.716796875,23.321533203125,0.005542097147554159,710.0500499438558,tree_cover,0.35847351671994915,low,random_forest-extended-v1-20260902
565342879_00_006,565342879,primary,,SH12,1574.9976806640625,22.41459083557129,0.04723704606294632,688.1596640808876,tree_cover,0.326760200768564,low,random_forest-extended-v1-20260902
565342879_00_007,565342879,primary,,SH12,1572.8538818359375,21.78913688659668,0.009519197978079319,537.6517629030615,tree_cover,0.2855672268659587,low,random_forest-extended-v1-20260902
565342879_00_008,565342879,primary,,SH12,1533.4993896484375,20.644760131835938,-0.026561863720417023,293.03689405055025,tree_cover,0.27471656055573773,low,random_forest-extended-v1-20260902
565342879_00_009,565342879,primary,,SH12,1519.0921630859375,20.116992950439453,-0.03537753224372864,287.1755640555846,tree_cover,0.2579681239648444,low,random_forest-extended-v1-20260902
565342879_00_010,565342879,primary,,SH12,1476.1346435546875,19.896902084350586,-0.03537753224372864,304.421179688756,tree_cover,0.2412419322151952,low,random_forest-extended-v1-20260902
565342879_00_011,565342879,primary,,SH12,1402.81591796875,21.933311462402344,-0.008413650095462799,441.2445525642225,tree_cover,0.29703401190324197,low,random_forest-extended-v1-20260902
565342879_00_012,565342879,primary,,SH12,1394.689208984375,25.321422576904297,0.06156609207391739,598.2774908074114,tree_cover,0.3217516591291781,low,random_forest-extended-v1-20260902
565343926_00_000,565343926,trunk,,NH717A,673.8321228027344,25.84469985961914,-0.08542869985103607,123.70802350161468,tree_cover,0.3261368324620025,low,random_forest-extended-v1-20260902
575970530_00_000,575970530,tertiary,,,671.4480590820312,22.91175651550293,0.013948568142950535,123.70802350161468,tree_cover,0.26790411218953397,low,random_forest-extended-v1-20260902
575970532_00_000,575970532,tertiary,,,616.2881774902344,22.043987274169922,-0.044961340725421906,120.22258900738453,tree_cover,0.2639154055646982,low,random_forest-extended-v1-20260902
575970532_00_001,575970532,tertiary,,,596.7399291992188,20.692882537841797,-0.10159195214509964,92.20651663725067,tree_cover,0.26002272437187507,low,random_forest-extended-v1-20260902
575970534_00_000,575970534,tertiary,,,837.8755493164062,19.864696502685547,-0.09926240146160126,123.70802350161468,tree_cover,0.17181686214765213,low,random_forest-extended-v1-20260902
575970535_00_000,575970535,tertiary,,,844.6903076171875,20.860063552856445,-0.10782681405544281,148.67854064045866,tree_cover,0.18081906420262642,low,random_forest-extended-v1-20260902
575970536_00_000,575970536,tertiary,,,841.8975830078125,20.862468719482422,-0.10621155798435211,145.79130384196088,tree_cover,0.17631017419465914,low,random_forest-extended-v1-20260902
575970537_00_000,575970537,tertiary,,,684.6929931640625,21.276691436767578,-0.07106375694274902,116.63304307356871,tree_cover,0.21536405313389886,low,random_forest-extended-v1-20260902
575970537_00_001,575970537,tertiary,,,754.135986328125,20.07966423034668,-0.051558732986450195,130.39970636758034,tree_cover,0.17722987391752704,low,random_forest-extended-v1-20260902
575970537_00_002,575970537,tertiary,,,819.4492797851562,20.29148292541504,-0.0915738195180893,145.79130384196088,tree_cover,0.16230341732185793,low,random_forest-extended-v1-20260902
576048023_00_000,576048023,tertiary,,,494.6309814453125,27.98624610900879,-0.10920515656471252,145.79130384196088,tree_cover,0.4786394078653676,moderate,random_forest-extended-v1-20260902
576048023_00_001,576048023,tertiary,,,497.9453430175781,25.006689071655273,-0.10099251568317413,164.94403133548627,tree_cover,0.36357898431696367,low,random_forest-extended-v1-20260902
576048023_00_002,576048023,tertiary,,,530.6800231933594,21.864246368408203,-0.11491236835718155,145.79130384196088,tree_cover,0.26871984626815165,low,random_forest-extended-v1-20260902
576048046_00_000,576048046,tertiary,,,631.9071044921875,22.446306228637695,-0.053482674062252045,145.79130384196088,tree_cover,0.25550894528485624,low,random_forest-extended-v1-20260902
576114909_00_000,576114909,primary,,SH,500.64410400390625,31.729896545410156,0.01191694475710392,145.79130384196088,tree_cover,0.5754836296056606,moderate,random_forest-extended-v1-20260902
576342162_00_000,576342162,secondary,,,1362.307373046875,24.611949920654297,0.002570039825513959,676.3208144203506,tree_cover,0.29124495977829395,low,random_forest-extended-v1-20260902
576342162_01_000,576342162,secondary,,,1333.125,23.533710479736328,0.04425062984228134,680.7064515747367,tree_cover,0.28499694049681645,low,random_forest-extended-v1-20260902
576348816_00_000,576348816,tertiary,,,1157.9017944335938,22.894107818603516,0.011227771639823914,470.1628276137589,tree_cover,0.24388737285091716,low,random_forest-extended-v1-20260902
576348816_00_001,576348816,tertiary,,,1216.928466796875,23.93318748474121,0.04873025417327881,583.1652153678435,tree_cover,0.2792406262000366,low,random_forest-extended-v1-20260902
576348818_00_000,576348818,secondary,,,1249.0982666015625,23.59927749633789,0.05602399632334709,639.4905834092208,tree_cover,0.29257251801372275,low,random_forest-extended-v1-20260902
576839126_00_000,576839126,tertiary,,,697.229736328125,23.567325592041016,0.043130725622177124,145.79130384196088,tree_cover,0.2610877880879527,low,random_forest-extended-v1-20260902
576839127_00_000,576839127,tertiary,,,686.26806640625,23.300756454467773,0.0105673149228096,130.39970636758034,tree_cover,0.2520119925172451,low,random_forest-extended-v1-20260902
577597709_00_000,577597709,tertiary,,,919.0504760742188,21.434850692749023,-0.13616186380386353,174.94956461035306,tree_cover,0.18732787555024003,low,random_forest-extended-v1-20260902
577597710_00_000,577597710,tertiary,,,833.882568359375,21.67959213256836,-0.07612486928701401,206.18003916935783,tree_cover,0.17758160333405493,low,random_forest-extended-v1-20260902
577597710_00_001,577597710,tertiary,,,806.9780883789062,21.39749526977539,-0.08815667033195496,227.73329671633672,tree_cover,0.18389769535673253,low,random_forest-extended-v1-20260902
577597710_00_002,577597710,tertiary,,,880.704345703125,21.39179801940918,-0.11703013628721237,233.26608614713743,tree_cover,0.17953107032572735,low,random_forest-extended-v1-20260902
582673612_00_000,582673612,tertiary,,SH,859.4522094726562,20.72223472595215,-0.02070389688014984,145.79130384196088,tree_cover,0.1787050792261,low,random_forest-extended-v1-20260902
582673612_00_001,582673612,tertiary,,SH,816.0260620117188,19.847640991210938,-0.041242681443691254,120.22258900738453,tree_cover,0.1797812106543223,low,random_forest-extended-v1-20260902
582673612_00_002,582673612,tertiary,,SH,810.8081665039062,22.655269622802734,-0.08135109394788742,145.79130384196088,tree_cover,0.24645775058685682,low,random_forest-extended-v1-20260902
582673612_00_003,582673612,tertiary,,SH,816.6024780273438,29.845867156982422,-0.03454478085041046,148.67854064045866,tree_cover,0.3661120050750388,low,random_forest-extended-v1-20260902
582673612_00_004,582673612,tertiary,,SH,801.2803344726562,32.81376647949219,-0.0004666273307520896,204.10782537874525,tree_cover,0.5006127024449806,moderate,random_forest-extended-v1-20260902
582673612_00_005,582673612,tertiary,,SH,787.642578125,32.19194793701172,-0.0299072228372097,233.26608614713743,tree_cover,0.4991165844993928,moderate,random_forest-extended-v1-20260902
582673612_00_006,582673612,tertiary,,SH,740.3336181640625,29.094449996948242,-0.1797017753124237,174.94956461035306,tree_cover,0.37491709865967376,low,random_forest-extended-v1-20260902
582673612_00_007,582673612,tertiary,,SH,733.3414611816406,27.126876831054688,-0.1508713960647583,177.36277605064052,tree_cover,0.3038656397356085,low,random_forest-extended-v1-20260902
582673612_00_008,582673612,tertiary,,SH,770.373291015625,26.71717071533203,-0.08018811047077179,148.67854064045866,tree_cover,0.3137500330826812,low,random_forest-extended-v1-20260902
582673612_00_009,582673612,tertiary,,SH,745.9191589355469,26.69896697998047,-0.03558572009205818,204.10782537874525,tree_cover,0.31214997897150626,low,random_forest-extended-v1-20260902
582673612_00_010,582673612,tertiary,,SH,624.4091186523438,24.37896156311035,-0.0951632633805275,145.79130384196088,tree_cover,0.29811678750402537,low,random_forest-extended-v1-20260902
582673612_00_011,582673612,tertiary,,SH,606.8270568847656,23.44178009033203,-0.10946359485387802,170.02041587784976,tree_cover,0.24616199816814027,low,random_forest-extended-v1-20260902
582673612_00_012,582673612,tertiary,,SH,639.38525390625,24.41855239868164,-0.09387106448411942,170.02041587784976,tree_cover,0.279747557827535,low,random_forest-extended-v1-20260902
582673612_00_013,582673612,tertiary,,SH,639.4004821777344,25.07680892944336,-0.07606025785207748,145.79130384196088,tree_cover,0.32870079066145624,low,random_forest-extended-v1-20260902
582673612_00_014,582673612,tertiary,,SH,610.9539184570312,26.93635368347168,-0.11338326334953308,120.22258900738453,tree_cover,0.3885085304062895,low,random_forest-extended-v1-20260902
582673612_00_015,582673612,tertiary,,SH,611.96142578125,27.63052749633789,-0.08644092082977295,164.94403133548627,tree_cover,0.4213010095213154,low,random_forest-extended-v1-20260902
582673612_00_016,582673612,tertiary,,SH,568.7821044921875,24.204784393310547,-0.13002750277519226,199.85369246505786,tree_cover,0.25334282871689334,low,random_forest-extended-v1-20260902
582673613_00_000,582673613,tertiary,Gipmochi Highway,,4037.742919921875,19.30063819885254,-0.06885983794927597,501.65768670191557,grassland,0.2523446134733045,low,random_forest-extended-v1-20260902
582673613_00_001,582673613,tertiary,Gipmochi Highway,,4084.184326171875,17.585039138793945,0.03583697974681854,613.0173273232991,grassland,0.2719454655702901,low,random_forest-extended-v1-20260902
582673613_01_000,582673613,tertiary,Gipmochi Highway,,3930.879638671875,18.585342407226562,-0.06960644572973251,406.1275774695512,grassland,0.27597114815474855,low,random_forest-extended-v1-20260902
582673613_01_001,582673613,tertiary,Gipmochi Highway,,3899.1220703125,16.170644760131836,-0.08238485455513,368.8260665490027,grassland,0.19341592443395836,low,random_forest-extended-v1-20260902
582673613_01_002,582673613,tertiary,Gipmochi Highway,,3893.98681640625,18.51371192932129,-0.021421784535050392,433.46870913515824,grassland,0.3171485273385193,low,random_forest-extended-v1-20260902
582673613_01_003,582673613,tertiary,Gipmochi Highway,,3872.68798828125,22.197776794433594,0.033999186009168625,470.1628276137589,grassland,0.464861812026653,moderate,random_forest-extended-v1-20260902
582673614_00_000,582673614,trunk,Jelep Pass Highway,NH 717B,3963.1171875,12.242448806762695,-0.08476824313402176,430.5165609894557,grassland,0.12693779901935145,low,random_forest-extended-v1-20260902
582673614_00_001,582673614,trunk,Jelep Pass Highway,NH 717B,4002.7646484375,14.696537017822266,-0.09143024682998657,444.1253963473757,grassland,0.1438549819085023,low,random_forest-extended-v1-20260902
582673614_00_002,582673614,trunk,Jelep Pass Highway,NH 717B,4047.5654296875,16.522994995117188,-0.05145822837948799,600.4053368516346,grassland,0.21235537391862436,low,random_forest-extended-v1-20260902
582673614_00_003,582673614,trunk,Jelep Pass Highway,NH 717B,4054.8897705078125,15.51939582824707,-0.03460220992565155,640.154989389369,grassland,0.16937330782166699,low,random_forest-extended-v1-20260902
582673614_00_004,582673614,trunk,Jelep Pass Highway,NH 717B,4056.18701171875,14.139692306518555,-0.007466037757694721,647.4184553451627,grassland,0.15532378779364198,low,random_forest-extended-v1-20260902
582673614_00_005,582673614,trunk,Jelep Pass Highway,NH 717B,4065.6021728515625,14.297115325927734,-0.06081949174404144,705.2442414206383,grassland,0.1473422843614019,low,random_forest-extended-v1-20260902
582673614_00_006,582673614,trunk,Jelep Pass Highway,NH 717B,4087.658447265625,15.982163429260254,0.013582445681095123,720.1559166825685,grassland,0.20177499624695694,low,random_forest-extended-v1-20260902
582673614_00_007,582673614,trunk,Jelep Pass Highway,NH 717B,4062.3758544921875,18.064502716064453,-0.06492581218481064,589.6893300326549,grassland,0.26349322040748047,low,random_forest-extended-v1-20260902
582673614_00_008,582673614,trunk,Jelep Pass Highway,NH 717B,4015.1708984375,20.259145736694336,-0.07925485819578171,495.690433062667,grassland,0.29962175139471064,low,random_forest-extended-v1-20260902
582673614_00_009,582673614,trunk,Jelep Pass Highway,NH 717B,3989.050048828125,20.945932388305664,-0.09510583430528641,496.54728838338445,grassland,0.33707604593537904,low,random_forest-extended-v1-20260902
582673614_00_010,582673614,trunk,Jelep Pass Highway,NH 717B,3933.4693603515625,20.56512451171875,-0.09662775695323944,352.3206053745417,grassland,0.33579631607001015,low,random_forest-extended-v1-20260902
582673614_00_011,582673614,trunk,Jelep Pass Highway,NH 717B,3871.366943359375,20.798267364501953,-0.12244301289319992,291.58260768392176,grassland,0.4032971990908438,low,random_forest-extended-v1-20260902
582673614_00_012,582673614,trunk,Jelep Pass Highway,NH 717B,3815.995361328125,20.879064559936523,-0.1268077790737152,195.5995595513705,grassland,0.41416015691224056,low,random_forest-extended-v1-20260902
582673614_00_013,582673614,trunk,Jelep Pass Highway,NH 717B,3749.260009765625,19.843841552734375,-0.14992377161979675,164.94403133548627,grassland,0.35206630601110867,low,random_forest-extended-v1-20260902
588656935_00_000,588656935,tertiary,,,1567.0078125,29.596399307250977,-0.03612413629889488,130.39970636758034,tree_cover,0.5274122416717443,moderate,random_forest-extended-v1-20260902
588656938_00_000,588656938,tertiary,,,1571.2177734375,29.36016082763672,-0.03118506446480751,145.79130384196088,tree_cover,0.5110909165583268,moderate,random_forest-extended-v1-20260902
589066672_00_000,589066672,tertiary,,,881.4142456054688,27.10726547241211,-0.0454782173037529,130.39970636758034,tree_cover,0.29866926423866236,low,random_forest-extended-v1-20260902
589066673_00_000,589066673,tertiary,,,890.0790405273438,21.067529678344727,-0.13385744392871857,212.27534257419205,tree_cover,0.16201006412996893,low,random_forest-extended-v1-20260902
589066673_00_001,589066673,tertiary,,,850.8433227539062,20.729541778564453,-0.12528584897518158,240.44517801476906,tree_cover,0.1464291397256213,low,random_forest-extended-v1-20260902
589066673_00_002,589066673,tertiary,,,900.1793823242188,24.0933780670166,-0.08606044203042984,276.619549911752,tree_cover,0.21536922497282968,low,random_forest-extended-v1-20260902
589066673_00_003,589066673,tertiary,,,868.9314880371094,24.98180389404297,-0.1361546814441681,240.44517801476906,tree_cover,0.22885229407903115,low,random_forest-extended-v1-20260902
589066673_00_004,589066673,tertiary,,,792.7291564941406,23.7613582611084,-0.14717426896095276,164.94403133548627,tree_cover,0.23718646418458514,low,random_forest-extended-v1-20260902
589066673_00_005,589066673,tertiary,,,822.4126586914062,25.809356689453125,-0.07216930389404297,233.26608614713743,tree_cover,0.24909641625171408,low,random_forest-extended-v1-20260902
589066673_00_006,589066673,tertiary,,,859.718505859375,26.140405654907227,-0.08716598898172379,174.94956461035306,tree_cover,0.3007463223148256,low,random_forest-extended-v1-20260902
589265415_00_000,589265415,tertiary,,,1322.4404907226562,23.77132797241211,-0.0452987477183342,210.26320860757602,tree_cover,0.2985892995870545,low,random_forest-extended-v1-20260902
589265415_00_001,589265415,tertiary,,,1305.56298828125,23.632610321044922,-0.03026616759598255,268.82588145153073,tree_cover,0.3034967808665599,low,random_forest-extended-v1-20260902
589265415_00_002,589265415,tertiary,,,1345.9847412109375,25.38661766052246,-0.038493167608976364,304.421179688756,tree_cover,0.33570181867769305,low,random_forest-extended-v1-20260902
589265415_00_003,589265415,tertiary,,,1391.5333251953125,25.625499725341797,-0.05231969431042671,315.39481291136406,tree_cover,0.3526412672682591,low,random_forest-extended-v1-20260902
589265415_00_004,589265415,tertiary,,,1432.50537109375,24.290021896362305,-0.02582961693406105,309.95656361374915,tree_cover,0.2990615799388153,low,random_forest-extended-v1-20260902
589265415_00_005,589265415,tertiary,,,1486.1920776367188,24.20551109313965,0.013108639046549797,268.82588145153073,tree_cover,0.2884946838801737,low,random_forest-extended-v1-20260902
589265415_00_006,589265415,tertiary,,,1459.355712890625,25.372074127197266,-0.026102416217327118,355.9219317274452,tree_cover,0.34595399804635313,low,random_forest-extended-v1-20260902
589265415_00_007,589265415,tertiary,,,1499.7740478515625,26.05913734436035,-0.026102416217327118,396.5952239273039,tree_cover,0.41525367341693875,low,random_forest-extended-v1-20260902
589265415_00_008,589265415,tertiary,,,1548.1488037109375,24.47233772277832,0.01309428084641695,437.3739115258827,tree_cover,0.30118935007653164,low,random_forest-extended-v1-20260902
589265415_00_009,589265415,tertiary,,,1571.86962890625,24.215293884277344,-0.016970878466963768,437.3739115258827,tree_cover,0.3010388170934431,low,random_forest-extended-v1-20260902
589265415_00_010,589265415,tertiary,,,1642.62353515625,24.12867546081543,0.006891726981848478,360.66776702215355,tree_cover,0.28786771707404946,low,random_forest-extended-v1-20260902
589265415_00_011,589265415,tertiary,,,1657.4169921875,23.960887908935547,0.005542097147554159,414.41674984197584,tree_cover,0.2907314383201236,low,random_forest-extended-v1-20260902
589265415_00_012,589265415,tertiary,,,1633.1967163085938,24.962312698364258,-0.0054415930062532425,495.690433062667,tree_cover,0.33723842031506635,low,random_forest-extended-v1-20260902
589265415_00_013,589265415,tertiary,,,1672.9793701171875,25.325315475463867,-0.03026616759598255,525.6580215189401,tree_cover,0.35103284708931987,low,random_forest-extended-v1-20260902
589265415_00_014,589265415,tertiary,,,1740.7034912109375,25.956066131591797,-0.007322459947317839,535.2745142818376,tree_cover,0.3910154225302718,low,random_forest-extended-v1-20260902
589265415_00_015,589265415,tertiary,,,1716.4454345703125,27.948806762695312,0.013209143653512001,495.690433062667,tree_cover,0.49229498528337257,moderate,random_forest-extended-v1-20260902
589265415_00_016,589265415,tertiary,,,1724.72021484375,28.84647560119629,0.01312299631536007,446.03562192137605,tree_cover,0.47848691202045823,moderate,random_forest-extended-v1-20260902
589265415_00_017,589265415,tertiary,,,1796.5673217773438,28.91224479675293,-0.028859106823801994,456.39897228653115,tree_cover,0.454726561720555,moderate,random_forest-extended-v1-20260902
589265415_00_018,589265415,tertiary,,,1804.968994140625,27.31475830078125,0.0068486537784338,557.0677897964563,tree_cover,0.4468982827369506,moderate,random_forest-extended-v1-20260902
589265415_00_019,589265415,tertiary,,,1867.48046875,24.58969497680664,0.025513747707009315,682.577384425079,tree_cover,0.27828365144647554,low,random_forest-extended-v1-20260902
589265415_00_020,589265415,tertiary,,,1875.5458984375,26.465465545654297,0.00485292449593544,680.7064515747367,tree_cover,0.40378582080161035,low,random_forest-extended-v1-20260902
589265415_00_021,589265415,tertiary,,,1927.506591796875,26.367284774780273,0.02547067403793335,695.533013824916,tree_cover,0.40309108684155803,low,random_forest-extended-v1-20260902
589265415_00_022,589265415,tertiary,,,1928.0257568359375,25.513965606689453,-0.009361262433230877,702.2239095913667,tree_cover,0.37569738917343365,low,random_forest-extended-v1-20260902
589265415_00_023,589265415,tertiary,,,1965.3782958984375,26.577919006347656,0.01191694475710392,701.0121331758165,tree_cover,0.39375981393622433,low,random_forest-extended-v1-20260902
589265415_00_024,589265415,tertiary,,,2017.6396484375,27.421255111694336,0.016023265197873116,666.1880945210636,tree_cover,0.43278678343776067,moderate,random_forest-extended-v1-20260902
589265415_00_025,589265415,tertiary,,,2001.0211791992188,28.008014678955078,0.02361852303147316,682.577384425079,tree_cover,0.44320976998261463,moderate,random_forest-extended-v1-20260902
589265415_00_026,589265415,tertiary,,,2040.88720703125,29.100738525390625,0.035851337015628815,624.0140305595714,tree_cover,0.4467968704420615,moderate,random_forest-extended-v1-20260902
589265415_00_027,589265415,tertiary,,,2100.50634765625,27.35271644592285,0.07994402945041656,535.2745142818376,tree_cover,0.42696305190365036,moderate,random_forest-extended-v1-20260902
589265415_00_028,589265415,tertiary,,,2111.568115234375,26.52545738220215,0.05266427993774414,414.41674984197584,tree_cover,0.3935823799598149,low,random_forest-extended-v1-20260902
589265415_00_029,589265415,tertiary,,,2203.3056640625,26.77314567565918,0.06572984158992767,262.4243469155296,tree_cover,0.38823588545780713,low,random_forest-extended-v1-20260902
589652222_00_000,589652222,trunk,,NH10,306.073974609375,30.261804580688477,-0.12905476987361908,123.70802350161468,tree_cover,0.6458629104443725,high,random_forest-extended-v1-20260902
589652223_00_000,589652223,trunk,,NH10,308.5644836425781,30.812149047851562,-0.07524186372756958,123.70802350161468,tree_cover,0.6496685944052903,high,random_forest-extended-v1-20260902
589652241_00_000,589652241,trunk,,NH10,325.1345977783203,19.036489486694336,-0.1143631860613823,145.79130384196088,tree_cover,0.2006183825569959,low,random_forest-extended-v1-20260902
589652241_00_001,589652241,trunk,,NH10,352.9594421386719,28.078842163085938,-0.11064451932907104,177.36277605064052,tree_cover,0.5480867585489992,moderate,random_forest-extended-v1-20260902
589652242_00_000,589652242,trunk,,NH10,339.98626708984375,16.446125030517578,0.008054706268012524,116.63304307356871,tree_cover,0.23557303480090316,low,random_forest-extended-v1-20260902
589652243_00_000,589652243,trunk,,NH10,351.6492156982422,29.216800689697266,-0.14431527256965637,145.79130384196088,tree_cover,0.5335078447219589,moderate,random_forest-extended-v1-20260902
589652244_00_000,589652244,trunk,,NH10,307.2353515625,14.51856517791748,-0.07886719703674316,145.79130384196088,tree_cover,0.18908760074441092,low,random_forest-extended-v1-20260902
589652244_00_001,589652244,trunk,,NH10,301.5474548339844,13.138492584228516,-0.033762283623218536,160.98303553134127,tree_cover,0.16207095037284153,low,random_forest-extended-v1-20260902
589652244_00_002,589652244,trunk,,NH10,305.95904541015625,13.71393871307373,-0.02566450461745262,184.41303327450134,tree_cover,0.14988331105541086,low,random_forest-extended-v1-20260902
589652244_00_003,589652244,trunk,,NH10,312.8475646972656,14.154620170593262,-0.07075506448745728,123.70802350161468,tree_cover,0.19894662652303344,low,random_forest-extended-v1-20260902
589652244_00_004,589652244,trunk,,NH10,315.6130828857422,10.785584449768066,-0.05537430942058563,130.39970636758034,tree_cover,0.20054577379977873,low,random_forest-extended-v1-20260902
589652244_00_005,589652244,trunk,,NH10,303.8825988769531,9.736750602722168,-0.05884888768196106,105.13160430378801,tree_cover,0.2336510204961762,low,random_forest-extended-v1-20260902
589652244_00_006,589652244,trunk,,NH10,338.37501525878906,14.137208938598633,-0.01718265563249588,138.0955051047706,tree_cover,0.18726663994745987,low,random_forest-extended-v1-20260902
590981577_00_000,590981577,tertiary,Todey Road,,1245.8851318359375,23.522958755493164,0.0534539595246315,365.35196024230754,tree_cover,0.28708757806653507,low,random_forest-extended-v1-20260902
590981577_00_001,590981577,tertiary,Todey Road,,1273.8826293945312,24.101858139038086,0.06808452308177948,424.5506851483841,tree_cover,0.29141608516452994,low,random_forest-extended-v1-20260902
590981577_00_002,590981577,tertiary,Todey Road,,1248.559326171875,25.530445098876953,0.00104811682831496,268.82588145153073,tree_cover,0.3571053917796507,low,random_forest-extended-v1-20260902
590981577_00_003,590981577,tertiary,Todey Road,,1289.6505126953125,26.23992919921875,0.006748149171471596,195.5995595513705,tree_cover,0.43002726933812063,moderate,random_forest-extended-v1-20260902
590981577_00_004,590981577,tertiary,Todey Road,,1297.6260375976562,25.427785873413086,0.04429370164871216,212.27534257419205,tree_cover,0.3449563228501864,low,random_forest-extended-v1-20260902
590981577_00_005,590981577,tertiary,Todey Road,,1231.267333984375,25.855833053588867,0.03911054879426956,247.41604700322935,tree_cover,0.3540525092274273,low,random_forest-extended-v1-20260902
590981577_00_006,590981577,tertiary,Todey Road,,1231.2698364257812,26.153085708618164,0.05929756909608841,247.41604700322935,tree_cover,0.40457332803642737,low,random_forest-extended-v1-20260902
590981578_00_000,590981578,tertiary,Todey Road,,1343.5472412109375,23.992860794067383,0.08344732969999313,184.41303327450134,tree_cover,0.27594152484938994,low,random_forest-extended-v1-20260902
591879334_00_000,591879334,primary,,SH12,1364.0864868164062,25.405078887939453,0.017372895032167435,731.2854597095612,tree_cover,0.35954222436638145,low,random_forest-extended-v1-20260902
591879334_00_001,591879334,primary,,SH12,1303.3287963867188,20.19651985168457,-0.037933215498924255,673.1707236377847,tree_cover,0.25120036621448677,low,random_forest-extended-v1-20260902
593050586_00_000,593050586,tertiary,,,880.134033203125,24.224872589111328,-0.010854469612240791,525.6580215189401,tree_cover,0.22665105823511184,low,random_forest-extended-v1-20260902
593050586_00_001,593050586,tertiary,,,905.0715942382812,23.667316436767578,-0.010646281763911247,431.99263506230693,tree_cover,0.2154916936471967,low,random_forest-extended-v1-20260902
593050586_00_002,593050586,tertiary,,,944.9730224609375,24.677722930908203,-0.052262261509895325,240.44517801476906,tree_cover,0.21100923474665387,low,random_forest-extended-v1-20260902
593050586_00_003,593050586,tertiary,,,1039.3114013671875,24.914403915405273,-0.05207561329007149,204.10782537874525,tree_cover,0.22208330848502442,low,random_forest-extended-v1-20260902
593050586_00_004,593050586,tertiary,,,1047.810302734375,26.068702697753906,-0.007379890885204077,320.740868452314,tree_cover,0.3034954782884206,low,random_forest-extended-v1-20260902
593050586_00_005,593050586,tertiary,,,1064.8939208984375,25.742511749267578,-0.01982807368040085,589.6893300326549,tree_cover,0.29586231956779085,low,random_forest-extended-v1-20260902
593050586_00_006,593050586,tertiary,,,1069.8663330078125,25.640527725219727,-0.0030797405634075403,640.154989389369,tree_cover,0.2999102899842731,low,random_forest-extended-v1-20260902
593050586_00_007,593050586,tertiary,,,1026.4780883789062,27.41144371032715,0.020100869238376617,742.2481410096881,tree_cover,0.3501234506340359,low,random_forest-extended-v1-20260902
593050586_00_008,593050586,tertiary,,,1008.6842041015625,27.741748809814453,0.048687178641557693,731.2854597095612,tree_cover,0.3880717196531037,low,random_forest-extended-v1-20260902
593050586_00_009,593050586,tertiary,,,1063.6923217773438,26.139028549194336,-0.0010050435084849596,639.4905834092208,tree_cover,0.33826840831974064,low,random_forest-extended-v1-20260902
593050586_00_010,593050586,tertiary,,,1106.8092041015625,24.699861526489258,-0.047768279910087585,417.4827601981901,tree_cover,0.22902691724997917,low,random_forest-extended-v1-20260902
593050586_00_011,593050586,tertiary,,,1102.0020751953125,25.31694984436035,-0.06214040517807007,355.9219317274452,tree_cover,0.24868501112120456,low,random_forest-extended-v1-20260902
593050586_00_012,593050586,tertiary,,,1011.2886962890625,27.266996383666992,0.0034027902875095606,360.66776702215355,tree_cover,0.31593799257115324,low,random_forest-extended-v1-20260902
593050586_00_013,593050586,tertiary,,,905.3008117675781,28.762836456298828,0.023862604051828384,430.5165609894557,tree_cover,0.3706412937729603,low,random_forest-extended-v1-20260902
593050586_00_014,593050586,tertiary,,,816.5475769042969,30.555736541748047,0.057043395936489105,472.86410756226866,tree_cover,0.4973776276405225,moderate,random_forest-extended-v1-20260902
593050586_00_015,593050586,tertiary,,,887.66357421875,31.97945785522461,-0.022426828742027283,433.46870913515824,tree_cover,0.505955854578523,moderate,random_forest-extended-v1-20260902
593050586_00_016,593050586,tertiary,,,935.4321594238281,32.042755126953125,-0.04359017312526703,414.41674984197584,tree_cover,0.5174125275205165,moderate,random_forest-extended-v1-20260902
593050586_00_017,593050586,tertiary,,,812.7005004882812,31.918437957763672,-0.036167211830616,383.5170421109049,tree_cover,0.5193389975704799,moderate,random_forest-extended-v1-20260902
593050586_00_018,593050586,tertiary,,,719.4715881347656,33.39027404785156,0.006977873854339123,430.5165609894557,tree_cover,0.5559312344423611,moderate,random_forest-extended-v1-20260902
593050586_00_019,593050586,tertiary,,,651.4031982421875,32.88237380981445,0.03586569428443909,456.39897228653115,tree_cover,0.5908628093987838,moderate,random_forest-extended-v1-20260902
593050586_00_020,593050586,tertiary,,,616.1824035644531,33.06774139404297,-0.010215548798441887,408.2156507574905,tree_cover,0.5834865433550597,moderate,random_forest-extended-v1-20260902
593050586_00_021,593050586,tertiary,,,606.3656005859375,33.04055404663086,-0.06556472927331924,368.8260665490027,tree_cover,0.5752033079992988,moderate,random_forest-extended-v1-20260902
593050586_00_022,593050586,tertiary,,,525.8880004882812,31.166128158569336,-0.0944669097661972,281.8975569836683,tree_cover,0.540680480214151,moderate,random_forest-extended-v1-20260902
593050586_00_023,593050586,tertiary,,,460.5522155761719,29.705018997192383,-0.13909801840782166,204.10782537874525,tree_cover,0.48133133158214636,moderate,random_forest-extended-v1-20260902
593050586_00_024,593050586,tertiary,,,424.85174560546875,28.869138717651367,-0.17463348805904388,170.02041587784976,tree_cover,0.4800658049386248,moderate,random_forest-extended-v1-20260902
593050586_00_025,593050586,tertiary,,,434.5341339111328,28.185760498046875,-0.12295271456241608,174.94956461035306,tree_cover,0.4911302996172017,moderate,random_forest-extended-v1-20260902
593050586_00_026,593050586,tertiary,,,425.8401794433594,27.527786254882812,-0.13084231317043304,157.02203972719624,tree_cover,0.4633690395371672,moderate,random_forest-extended-v1-20260902
593119156_00_000,593119156,tertiary,,,542.40380859375,28.02617835998535,-0.03459503501653671,260.7994127351607,tree_cover,0.4124507626969708,low,random_forest-extended-v1-20260902
593119156_00_001,593119156,tertiary,,,640.1610717773438,28.163694381713867,0.029275482520461082,325.9992659189508,tree_cover,0.41139441571689056,low,random_forest-extended-v1-20260902
593119156_00_002,593119156,tertiary,,,628.911865234375,27.051362991333008,-0.00551338167861104,204.10782537874525,tree_cover,0.3678568222282638,low,random_forest-extended-v1-20260902
593119156_00_003,593119156,tertiary,,,665.2509765625,24.401683807373047,0.02839965745806694,262.4243469155296,tree_cover,0.25361130551067307,low,random_forest-extended-v1-20260902
593119156_00_004,593119156,tertiary,,,677.5593566894531,22.459497451782227,0.029519563540816307,391.199119102741,tree_cover,0.22192907296156836,low,random_forest-extended-v1-20260902
593370454_00_000,593370454,tertiary,,,1801.6619262695312,32.204933166503906,0.015506384894251823,380.1772074656567,tree_cover,0.5959107458447609,high,random_forest-extended-v1-20260902
593370454_00_001,593370454,tertiary,,,1754.7282104492188,31.957923889160156,0.05565069615840912,360.66776702215355,tree_cover,0.6041568683689349,high,random_forest-extended-v1-20260902
593370454_00_002,593370454,tertiary,,,1696.228271484375,31.227832794189453,0.04117807000875473,352.3206053745417,tree_cover,0.601552956223326,high,random_forest-extended-v1-20260902
593370454_00_003,593370454,tertiary,,,1787.3455200195312,30.713645935058594,0.016497071832418442,390.10941948441183,tree_cover,0.5510893323328742,moderate,random_forest-extended-v1-20260902
593370454_00_004,593370454,tertiary,,,1882.0263671875,32.02047348022461,-0.03565032780170441,470.1628276137589,tree_cover,0.5773941415606003,moderate,random_forest-extended-v1-20260902
593370454_00_005,593370454,tertiary,,,1933.1199951171875,32.38262176513672,0.025671683251857758,532.0883281519216,tree_cover,0.5913544008995819,moderate,random_forest-extended-v1-20260902
593370454_00_006,593370454,tertiary,,,1935.3900756835938,31.008670806884766,0.01705702394247055,563.1395526838879,tree_cover,0.5479398360856259,moderate,random_forest-extended-v1-20260902
593370454_00_007,593370454,tertiary,,,1920.8966064453125,30.029273986816406,0.06535654515028,618.5401175080734,tree_cover,0.49230927609412534,moderate,random_forest-extended-v1-20260902
593370454_00_008,593370454,tertiary,,,1931.879150390625,32.04449462890625,0.13054078817367554,700.4054587798921,tree_cover,0.54933281331116,moderate,random_forest-extended-v1-20260902
593370454_00_009,593370454,tertiary,,,1921.9927978515625,32.419498443603516,0.129995197057724,702.2239095913667,tree_cover,0.5565776208825175,moderate,random_forest-extended-v1-20260902
593370454_00_010,593370454,tertiary,,,1890.955078125,33.24918746948242,0.11395757645368576,738.2281988891206,tree_cover,0.5512790684845288,moderate,random_forest-extended-v1-20260902
593370454_00_011,593370454,tertiary,,,1940.2648315429688,27.464191436767578,0.1439509391784668,841.5581230516916,tree_cover,0.4246603658207672,moderate,random_forest-extended-v1-20260902
593370454_00_012,593370454,tertiary,,,1977.2614135742188,26.28104019165039,0.14596103131771088,800.6584446331152,tree_cover,0.4135307094954268,low,random_forest-extended-v1-20260902
593370454_00_013,593370454,tertiary,,,1981.4131469726562,28.047697067260742,0.07925485819578171,721.9246199195753,tree_cover,0.4287895997080878,moderate,random_forest-extended-v1-20260902
593370454_00_014,593370454,tertiary,,,1993.0051879882812,30.011764526367188,-0.00104811682831496,655.250415012434,tree_cover,0.4545430111361818,moderate,random_forest-extended-v1-20260902
593370454_00_015,593370454,tertiary,,,1897.0736694335938,27.47066879272461,0.02361852303147316,670.9567856499887,tree_cover,0.43865284309620334,moderate,random_forest-extended-v1-20260902
593370454_00_016,593370454,tertiary,,,1846.9252319335938,24.815231323242188,0.009519197978079319,686.3039492490243,tree_cover,0.28945277512377304,low,random_forest-extended-v1-20260902
593370454_00_017,593370454,tertiary,,,1853.2866821289062,24.31319808959961,0.058967337012290955,728.9565192098045,tree_cover,0.3093639636867292,low,random_forest-extended-v1-20260902
593370454_00_018,593370454,tertiary,,,1863.3538818359375,26.010570526123047,0.06308801472187042,680.7064515747367,tree_cover,0.4049414811371717,low,random_forest-extended-v1-20260902
593370454_00_019,593370454,tertiary,,,1812.6439208984375,25.605548858642578,0.1047542467713356,550.1569638651962,tree_cover,0.3528589773655684,low,random_forest-extended-v1-20260902
593387861_00_000,593387861,tertiary,,,1475.04296875,28.53165626525879,0.07822109758853912,580.9742299809095,tree_cover,0.48317460845391264,moderate,random_forest-extended-v1-20260902
593387861_00_001,593387861,tertiary,,,1454.16552734375,28.902467727661133,0.06389205157756805,601.1129450369226,tree_cover,0.4721147170306254,moderate,random_forest-extended-v1-20260902
593387861_00_002,593387861,tertiary,,,1372.7799682617188,29.32183837890625,0.04274306446313858,461.03258318625336,tree_cover,0.45104641759603437,moderate,random_forest-extended-v1-20260902
593387861_00_003,593387861,tertiary,,,1343.6134033203125,29.555248260498047,0.027093101292848587,458.7157777363923,tree_cover,0.44931222147090266,moderate,random_forest-extended-v1-20260902
593387861_00_004,593387861,tertiary,,,1314.5307006835938,29.231037139892578,0.04274306446313858,445.08153393704293,tree_cover,0.4543995068543032,moderate,random_forest-extended-v1-20260902
593387861_00_005,593387861,tertiary,,,1286.457763671875,28.866897583007812,0.035291384905576706,360.66776702215355,tree_cover,0.4588765339846582,moderate,random_forest-extended-v1-20260902
593387861_00_006,593387861,tertiary,,,1306.9454345703125,29.160743713378906,0.03661230206489563,496.54728838338445,tree_cover,0.445638970062287,moderate,random_forest-extended-v1-20260902
593387861_00_007,593387861,tertiary,,,1239.605712890625,29.09044647216797,0.058838121592998505,391.199119102741,tree_cover,0.4411696616569474,moderate,random_forest-extended-v1-20260902
593387861_00_008,593387861,tertiary,,,1238.5659790039062,29.09044647216797,0.007178882136940956,445.08153393704293,tree_cover,0.4323207618978079,moderate,random_forest-extended-v1-20260902
593387861_00_009,593387861,tertiary,,,1250.2806396484375,29.10292625427246,-0.04789750277996063,525.6580215189401,tree_cover,0.4377727949532401,moderate,random_forest-extended-v1-20260902
593404296_00_000,593404296,tertiary,,,1464.9296875,31.788393020629883,0.10047563910484314,510.06124763354927,tree_cover,0.6128247588145087,high,random_forest-extended-v1-20260902
593404296_00_001,593404296,tertiary,,,1446.759765625,29.529985427856445,0.11374220997095108,424.5506851483841,tree_cover,0.4670714580477887,moderate,random_forest-extended-v1-20260902
593404296_00_002,593404296,tertiary,,,1472.3446044921875,28.835914611816406,0.12341934442520142,433.46870913515824,tree_cover,0.4758152872673193,moderate,random_forest-extended-v1-20260902
593404296_00_003,593404296,tertiary,,,1499.7672729492188,29.09563446044922,0.13402973115444183,488.7815177168158,tree_cover,0.486584541036561,moderate,random_forest-extended-v1-20260902
593404296_00_004,593404296,tertiary,,,1610.4431762695312,27.9869384765625,0.09358391165733337,583.1652153678435,tree_cover,0.5222391216738913,moderate,random_forest-extended-v1-20260902
593404296_00_005,593404296,tertiary,,,1715.7944946289062,26.56108856201172,0.09423001110553741,547.8339824949326,tree_cover,0.4452088559877889,moderate,random_forest-extended-v1-20260902
593404296_00_006,593404296,tertiary,,,1723.7286376953125,26.026044845581055,0.06656259298324585,405.07950455465993,tree_cover,0.42209992641857486,low,random_forest-extended-v1-20260902
593404296_00_007,593404296,tertiary,,,1764.2581787109375,25.764923095703125,0.08473952859640121,406.1275774695512,tree_cover,0.3639413326211171,low,random_forest-extended-v1-20260902
593404296_00_008,593404296,tertiary,,,1778.5948486328125,29.95635414123535,0.12407980114221573,470.1628276137589,tree_cover,0.4742863568372452,moderate,random_forest-extended-v1-20260902
593404296_00_009,593404296,tertiary,,,1784.3069458007812,28.87224578857422,0.04351838678121567,510.06124763354927,tree_cover,0.46906715973697866,moderate,random_forest-extended-v1-20260902
593404296_00_010,593404296,tertiary,,,1774.739990234375,25.658018112182617,0.04229797422885895,467.4424798375224,tree_cover,0.3683029424649515,low,random_forest-extended-v1-20260902
593404300_00_000,593404300,tertiary,,,1464.005859375,29.252479553222656,0.02705002762377262,499.1090282834049,tree_cover,0.4666969194304437,moderate,random_forest-extended-v1-20260902
593404300_00_001,593404300,tertiary,,,1465.9683837890625,32.21265411376953,0.02320214733481407,488.7815177168158,tree_cover,0.6068902690992727,high,random_forest-extended-v1-20260902
593404300_00_002,593404300,tertiary,,,1490.60791015625,35.15650177001953,0.04124985635280609,430.5165609894557,tree_cover,0.6328452134348155,high,random_forest-extended-v1-20260902
593404300_00_003,593404300,tertiary,,,1458.6895751953125,33.63720703125,0.040632471442222595,495.690433062667,tree_cover,0.6361306812265632,high,random_forest-extended-v1-20260902
593428638_00_000,593428638,tertiary,,,729.000244140625,20.744651794433594,0.05041011422872543,453.59608617258715,tree_cover,0.17452999437558347,low,random_forest-extended-v1-20260902
593428638_00_001,593428638,tertiary,,,783.0987548828125,19.397939682006836,0.06595957279205322,433.46870913515824,tree_cover,0.1582546470941606,low,random_forest-extended-v1-20260902
593428638_00_002,593428638,tertiary,,,815.5980224609375,23.024009704589844,0.03363306075334549,322.06351682017964,tree_cover,0.2102526268887723,low,random_forest-extended-v1-20260902
593428638_00_003,593428638,tertiary,,,898.2955017089844,25.968135833740234,-0.020646464079618454,204.10782537874525,tree_cover,0.2711828152902147,low,random_forest-extended-v1-20260902
593428638_00_004,593428638,tertiary,,,922.6943664550781,25.410194396972656,-0.0038694175891578197,233.26608614713743,tree_cover,0.23808985551025202,low,random_forest-extended-v1-20260902
593428649_00_000,593428649,tertiary,,,1432.4569091796875,32.05056381225586,0.09318189322948456,494.8320940064587,tree_cover,0.6000094794226734,high,random_forest-extended-v1-20260902
593428649_00_001,593428649,tertiary,,,1374.4743041992188,30.017995834350586,0.08877405524253845,349.89912922070613,tree_cover,0.46853671981489375,moderate,random_forest-extended-v1-20260902
593428649_00_002,593428649,tertiary,,,1443.366943359375,27.974430084228516,0.04436549171805382,227.73329671633672,tree_cover,0.483097922268767,moderate,random_forest-extended-v1-20260902
593428649_00_003,593428649,tertiary,,,1505.9108276367188,27.589115142822266,0.005254941992461681,148.67854064045866,tree_cover,0.5152588401941084,moderate,random_forest-extended-v1-20260902
593428649_00_004,593428649,tertiary,,,1536.903076171875,27.940340042114258,0.0029576995875686407,184.41303327450134,tree_cover,0.5203476236685199,moderate,random_forest-extended-v1-20260902
593428649_00_005,593428649,tertiary,,,1454.2222900390625,29.81492042541504,-0.038363948464393616,164.94403133548627,tree_cover,0.47218357938650174,moderate,random_forest-extended-v1-20260902
593428649_00_006,593428649,tertiary,,,1438.193115234375,29.08303451538086,-0.0092464005574584,240.44517801476906,tree_cover,0.46789466091935605,moderate,random_forest-extended-v1-20260902
593428649_00_007,593428649,tertiary,,,1398.095703125,30.5142822265625,0.0031587081030011177,206.18003916935783,tree_cover,0.533227632836785,moderate,random_forest-extended-v1-20260902
593428649_00_008,593428649,tertiary,,,1462.5934448242188,31.34251594543457,-0.014759781770408154,170.02041587784976,tree_cover,0.5674157061789742,moderate,random_forest-extended-v1-20260902
593428649_00_009,593428649,tertiary,,,1534.6138916015625,33.48123550415039,-0.05114235728979111,170.02041587784976,tree_cover,0.6081240064237186,high,random_forest-extended-v1-20260902
593428649_00_010,593428649,tertiary,,,1495.029541015625,33.5097770690918,-0.04496851935982704,157.02203972719624,tree_cover,0.6030021799468727,high,random_forest-extended-v1-20260902
593428649_00_011,593428649,tertiary,,,1426.7333984375,34.65858840942383,-8.61465887282975e-05,145.79130384196088,tree_cover,0.5889541749340822,moderate,random_forest-extended-v1-20260902
593428649_00_012,593428649,tertiary,,,1389.0869750976562,35.53965759277344,-0.09110001474618912,130.39970636758034,tree_cover,0.5995124022752878,high,random_forest-extended-v1-20260902
593428649_00_013,593428649,tertiary,,,1445.5623779296875,35.88112258911133,0.04746676981449127,210.26320860757602,tree_cover,0.6118930300104757,high,random_forest-extended-v1-20260902
593428649_00_014,593428649,tertiary,,,1392.793701171875,35.667625427246094,0.04287228360772133,351.11195479568335,tree_cover,0.6335362571687907,high,random_forest-extended-v1-20260902
593428649_00_015,593428649,tertiary,,,1406.5228271484375,33.31232452392578,0.05496152117848396,433.46870913515824,tree_cover,0.6213588906411471,high,random_forest-extended-v1-20260902
593428649_00_016,593428649,tertiary,,,1305.4046630859375,32.134521484375,0.011572358198463917,444.1253963473757,tree_cover,0.5929152033689458,moderate,random_forest-extended-v1-20260902
593428649_00_017,593428649,tertiary,,,1211.4296875,33.400367736816406,0.032936710864305496,409.25569231765,tree_cover,0.6007104469742373,high,random_forest-extended-v1-20260902
593437320_00_000,593437320,secondary,,MDR,1442.688720703125,22.714696884155273,0.09743178635835648,618.5401175080734,tree_cover,0.28163279225771026,low,random_forest-extended-v1-20260902
594507155_00_000,594507155,tertiary,,,1445.66162109375,25.424057006835938,-0.044049620628356934,120.22258900738453,tree_cover,0.4375144121603164,moderate,random_forest-extended-v1-20260902
594507155_00_001,594507155,tertiary,,,1372.6752319335938,28.55364227294922,-0.06165224313735962,145.79130384196088,tree_cover,0.48214324331104486,moderate,random_forest-extended-v1-20260902
594507155_00_002,594507155,tertiary,,,1413.324951171875,28.645282745361328,0.055263034999370575,262.4243469155296,tree_cover,0.46001743544547274,moderate,random_forest-extended-v1-20260902
594507155_00_003,594507155,tertiary,,,1438.5731201171875,27.15693473815918,0.06202554330229759,349.89912922070613,tree_cover,0.39632957442005706,low,random_forest-extended-v1-20260902
594507155_00_004,594507155,tertiary,,,1436.1302490234375,25.903278350830078,0.018779955804347992,309.95656361374915,tree_cover,0.3551905140393381,low,random_forest-extended-v1-20260902
594507155_00_005,594507155,tertiary,,,1483.31005859375,26.405580520629883,-0.00071788823697716,204.10782537874525,tree_cover,0.4209268015747482,low,random_forest-extended-v1-20260902
594507155_00_006,594507155,tertiary,,,1483.2918701171875,25.95985984802246,0.007408606354147196,145.79130384196088,tree_cover,0.4249124200464439,moderate,random_forest-extended-v1-20260902
594507155_00_007,594507155,tertiary,,,1439.7650146484375,25.624197006225586,-0.018607662990689278,145.79130384196088,tree_cover,0.4187820469117659,low,random_forest-extended-v1-20260902
594507155_00_008,594507155,tertiary,,,1435.7047729492188,23.57535171508789,0.013381436467170715,123.70802350161468,tree_cover,0.3664661563520859,low,random_forest-extended-v1-20260902
594507155_00_009,594507155,tertiary,,,1431.088134765625,21.18084716796875,0.017387252300977707,145.79130384196088,tree_cover,0.3184026461381007,low,random_forest-extended-v1-20260902
594507155_00_010,594507155,tertiary,,,1444.235595703125,18.57114601135254,-0.003991458564996719,210.26320860757602,tree_cover,0.2656834283732636,low,random_forest-extended-v1-20260902
594507155_00_011,594507155,tertiary,,,1422.7261962890625,19.582393646240234,-0.00814085267484188,474.66209594294867,tree_cover,0.2450136641055588,low,random_forest-extended-v1-20260902
594507155_00_012,594507155,tertiary,,,1422.556884765625,22.457290649414062,0.009461767040193081,525.6580215189401,tree_cover,0.28270671081520043,low,random_forest-extended-v1-20260902
594507155_00_013,594507155,tertiary,,,1422.1988525390625,24.604434967041016,0.04588741436600685,340.0408317556995,tree_cover,0.2731172436489988,low,random_forest-extended-v1-20260902
594507155_00_014,594507155,tertiary,,,1383.93017578125,23.261869430541992,-0.021579720079898834,186.70396624747931,tree_cover,0.3129262888690965,low,random_forest-extended-v1-20260902
594507155_00_015,594507155,tertiary,,,1371.344970703125,20.944692611694336,-0.027021313086152077,247.41604700322935,tree_cover,0.27775368755296964,low,random_forest-extended-v1-20260902
594507155_00_016,594507155,tertiary,,,1341.7108764648438,20.259889602661133,-0.05180281400680542,360.66776702215355,tree_cover,0.24138725620484852,low,random_forest-extended-v1-20260902
594511545_00_000,594511545,primary,,SH,892.602294921875,24.04831886291504,0.00018665094103198498,206.18003916935783,tree_cover,0.21786527535033087,low,random_forest-extended-v1-20260902
594511545_00_001,594511545,primary,,SH,841.6595764160156,23.27556037902832,0.022534511983394623,260.7994127351607,tree_cover,0.21831030829235834,low,random_forest-extended-v1-20260902
594511546_00_000,594511546,primary,,SH,967.3121337890625,26.14626693725586,-0.038040898740291595,120.22258900738453,tree_cover,0.3014743716135033,low,random_forest-extended-v1-20260902
594511547_00_000,594511547,primary,,SH,857.2971801757812,24.609649658203125,-0.004321686923503876,184.41303327450134,tree_cover,0.24080643764399004,low,random_forest-extended-v1-20260902
594511550_00_000,594511550,primary,,SH,685.1937561035156,31.78478240966797,-0.08396420627832413,177.36277605064052,tree_cover,0.5112387467442111,moderate,random_forest-extended-v1-20260902
594511550_00_001,594511550,primary,,SH,703.973876953125,32.8438835144043,-0.11919098347425461,205.14393227405154,tree_cover,0.5232026542583625,moderate,random_forest-extended-v1-20260902
594511550_00_002,594511550,primary,,SH,717.1820068359375,33.42063903808594,-0.1526661068201065,130.39970636758034,tree_cover,0.5227539909658002,moderate,random_forest-extended-v1-20260902
594511550_00_003,594511550,primary,,SH,752.3209533691406,33.78169250488281,-0.14229261875152588,105.13160430378801,tree_cover,0.5736448977065715,moderate,random_forest-extended-v1-20260902
594511550_00_004,594511550,primary,,SH,767.32763671875,34.446346282958984,-0.11390014737844467,105.13160430378801,tree_cover,0.5444043681484457,moderate,random_forest-extended-v1-20260902
594511550_00_005,594511550,primary,,SH,775.9210510253906,33.79197692871094,-0.11281614005565643,206.18003916935783,tree_cover,0.5027966700081574,moderate,random_forest-extended-v1-20260902
594511550_00_006,594511550,primary,,SH,803.8767700195312,32.63222122192383,-0.0953642725944519,206.18003916935783,tree_cover,0.4966440644139206,moderate,random_forest-extended-v1-20260902
594511550_00_007,594511550,primary,,SH,853.9317626953125,31.838743209838867,0.008944887667894363,170.02041587784976,tree_cover,0.48092368935397883,moderate,random_forest-extended-v1-20260902
594511550_00_008,594511550,primary,,SH,829.778076171875,31.453811645507812,-0.04459521546959877,164.94403133548627,tree_cover,0.482317001145542,moderate,random_forest-extended-v1-20260902
594511550_00_009,594511550,primary,,SH,790.6004638671875,30.117366790771484,-0.003560725599527359,268.82588145153073,tree_cover,0.44047543063351374,moderate,random_forest-extended-v1-20260902
594511550_00_010,594511550,primary,,SH,803.9481811523438,28.44559097290039,0.020143942907452583,320.740868452314,tree_cover,0.3644344863614627,low,random_forest-extended-v1-20260902
594511550_00_011,594511550,primary,,SH,836.0950317382812,27.018638610839844,0.0032735702116042376,174.94956461035306,tree_cover,0.2981924384109349,low,random_forest-extended-v1-20260902
594511550_00_012,594511550,primary,,SH,822.7565307617188,25.68114471435547,0.004824209026992321,116.63304307356871,tree_cover,0.3120074486835809,low,random_forest-extended-v1-20260902
594511550_00_013,594511550,primary,,SH,839.6064453125,24.22869110107422,-0.004781135357916355,145.79130384196088,tree_cover,0.25708711642732546,low,random_forest-extended-v1-20260902
594511550_00_014,594511550,primary,,SH,861.2512512207031,24.560977935791016,0.019081469625234604,235.08141380687945,tree_cover,0.2295608447351123,low,random_forest-extended-v1-20260902
594511550_00_015,594511550,primary,,SH,866.7003784179688,24.557861328125,0.05692135542631149,320.740868452314,tree_cover,0.2243883808527356,low,random_forest-extended-v1-20260902
594511550_00_016,594511550,primary,,SH,866.7003784179688,24.960647583007812,0.02532709762454033,250.82884335095778,tree_cover,0.23983603186360683,low,random_forest-extended-v1-20260902
594511550_00_017,594511550,primary,,SH,938.2362670898438,25.278732299804688,0.0006604571826756,157.02203972719624,tree_cover,0.23864356151229638,low,random_forest-extended-v1-20260902
594574240_00_000,594574240,secondary,,MDR,1738.0902709960938,31.631237030029297,-0.025729114189743996,120.22258900738453,tree_cover,0.5784237979383372,moderate,random_forest-extended-v1-20260902
594574244_00_000,594574244,secondary,,MDR,2010.798828125,20.313480377197266,-0.005542097147554159,471.06611918158865,tree_cover,0.22156090950634563,low,random_forest-extended-v1-20260902
594574244_00_001,594574244,secondary,,MDR,2008.6824951171875,21.44062614440918,0.009188969619572163,470.1628276137589,tree_cover,0.23962451812772434,low,random_forest-extended-v1-20260902
594574244_00_002,594574244,secondary,,MDR,1989.2366943359375,25.167739868164062,-0.0015793540515005589,406.1275774695512,tree_cover,0.3013516694777423,low,random_forest-extended-v1-20260902
594574244_00_003,594574244,secondary,,MDR,1970.159423828125,25.086246490478516,-0.04460957273840904,396.5952239273039,tree_cover,0.2995998323245929,low,random_forest-extended-v1-20260902
594574244_00_004,594574244,secondary,,MDR,1942.4699096679688,21.957273483276367,-0.00508264871314168,472.86410756226866,tree_cover,0.2644723506201967,low,random_forest-extended-v1-20260902
594574244_00_005,594574244,secondary,,MDR,1889.345703125,21.894771575927734,0.021019767969846725,445.08153393704293,tree_cover,0.26251319492766895,low,random_forest-extended-v1-20260902
594574244_00_006,594574244,secondary,,MDR,1872.1043701171875,23.44339942932129,0.01619555801153183,424.5506851483841,tree_cover,0.25490138835911985,low,random_forest-extended-v1-20260902
594574244_00_007,594574244,secondary,,MDR,1886.5537109375,24.23303985595703,-0.02446562983095646,438.344776009123,tree_cover,0.26050506578975674,low,random_forest-extended-v1-20260902
594574244_00_008,594574244,secondary,,MDR,1833.235107421875,26.220155715942383,-0.09978646039962769,291.58260768392176,tree_cover,0.40442414989335074,low,random_forest-extended-v1-20260902
594574244_00_009,594574244,secondary,,MDR,1811.8258056640625,25.953750610351562,-0.05154437571763992,351.11195479568335,tree_cover,0.3634717179637717,low,random_forest-extended-v1-20260902
594574244_00_010,594574244,secondary,,MDR,1743.0755004882812,25.816524505615234,-0.0320608876645565,235.08141380687945,tree_cover,0.38752827170253706,low,random_forest-extended-v1-20260902
594574244_00_011,594574244,secondary,,MDR,1703.359619140625,27.140365600585938,0.02705002948641777,260.7994127351607,tree_cover,0.4216728867465818,low,random_forest-extended-v1-20260902
594574244_00_012,594574244,secondary,,MDR,1667.3303833007812,27.52081298828125,0.009389977902173996,233.26608614713743,tree_cover,0.48051517944770483,moderate,random_forest-extended-v1-20260902
594574244_00_013,594574244,secondary,,MDR,1663.614990234375,28.09728240966797,-0.07780472934246063,186.70396624747931,tree_cover,0.5082312573685205,moderate,random_forest-extended-v1-20260902
594574244_00_014,594574244,secondary,,MDR,1735.11474609375,30.227066040039062,-0.05142951384186745,164.94403133548627,tree_cover,0.552420388476975,moderate,random_forest-extended-v1-20260902
595771862_00_000,595771862,tertiary,,,2152.964111328125,24.861238479614258,0.043992191553115845,776.3985814423086,tree_cover,0.3231700970765232,low,random_forest-extended-v1-20260902
595771862_00_001,595771862,tertiary,,,2141.2437744140625,25.26955223083496,0.11833669245243073,734.1862464237614,tree_cover,0.3262717879670097,low,random_forest-extended-v1-20260902
595771862_00_002,595771862,tertiary,,,2110.59326171875,27.421823501586914,0.07141552120447159,657.8403476970057,tree_cover,0.4224245302422619,low,random_forest-extended-v1-20260902
595771862_00_003,595771862,tertiary,,,2148.1513671875,27.60109519958496,0.16609062254428864,615.0941847487371,tree_cover,0.44780677301307664,moderate,random_forest-extended-v1-20260902
595771862_00_004,595771862,tertiary,,,2080.636962890625,29.393905639648438,0.04338916391134262,474.66209594294867,tree_cover,0.4489667957807555,moderate,random_forest-extended-v1-20260902
595771862_00_005,595771862,tertiary,,,2093.4300537109375,30.08654022216797,-0.019067110493779182,417.4827601981901,tree_cover,0.48048932215032797,moderate,random_forest-extended-v1-20260902
595771862_00_006,595771862,tertiary,,,2094.76611328125,30.62336540222168,-0.061393801122903824,420.52641721515204,tree_cover,0.5120008815100273,moderate,random_forest-extended-v1-20260902
595771862_00_007,595771862,tertiary,,,2012.7451171875,32.09173583984375,-0.00221109576523304,438.344776009123,tree_cover,0.5677230164819674,moderate,random_forest-extended-v1-20260902
595771862_00_008,595771862,tertiary,,,1953.310791015625,31.92816925048828,0.03395611047744751,557.0677897964563,tree_cover,0.5748385887213318,moderate,random_forest-extended-v1-20260902
595771862_00_009,595771862,tertiary,,,1925.7603759765625,31.71013641357422,0.0692044273018837,702.2239095913667,tree_cover,0.549760954121589,moderate,random_forest-extended-v1-20260902
595771862_00_010,595771862,tertiary,,,1875.321044921875,31.197702407836914,0.06952029466629028,802.2496852448318,tree_cover,0.5673043207598041,moderate,random_forest-extended-v1-20260902
595771862_00_011,595771862,tertiary,,,1862.907958984375,32.0738525390625,0.11288074404001236,888.7292472366889,tree_cover,0.552257313159339,moderate,random_forest-extended-v1-20260902
595771862_00_012,595771862,tertiary,,,1794.10205078125,31.75181007385254,0.1279851198196411,823.1723539556792,tree_cover,0.5846308105559315,moderate,random_forest-extended-v1-20260902
595771862_00_013,595771862,tertiary,,,1720.8045654296875,32.551204681396484,0.10466810315847397,749.6565594029216,tree_cover,0.6002759416428487,high,random_forest-extended-v1-20260902
595771862_00_014,595771862,tertiary,,,1661.8568115234375,31.310405731201172,0.13151712715625763,720.1559166825685,tree_cover,0.5795657753371831,moderate,random_forest-extended-v1-20260902
595771862_00_015,595771862,tertiary,,,1666.8676147460938,30.965179443359375,0.09590986371040344,705.2442414206383,tree_cover,0.5480577373703395,moderate,random_forest-extended-v1-20260902
595771862_00_016,595771862,tertiary,,,1664.35546875,29.484743118286133,0.13140225410461426,714.8235494117221,tree_cover,0.48079181486245387,moderate,random_forest-extended-v1-20260902
595771862_00_017,595771862,tertiary,,,1604.5679931640625,28.914627075195312,0.16448254883289337,738.2281988891206,tree_cover,0.4903439045545013,moderate,random_forest-extended-v1-20260902
595771862_00_018,595771862,tertiary,,,1559.059814453125,28.775400161743164,0.18736882507801056,749.6565594029216,tree_cover,0.5079098282078345,moderate,random_forest-extended-v1-20260902
595771862_00_019,595771862,tertiary,,,1559.6284790039062,26.84380340576172,0.18630635738372803,729.5394513455126,tree_cover,0.4579965075351895,moderate,random_forest-extended-v1-20260902
595771862_00_020,595771862,tertiary,,,1591.9739990234375,26.13732147216797,0.0997290313243866,645.4456164607546,tree_cover,0.4579256079954892,moderate,random_forest-extended-v1-20260902
595775889_00_000,595775889,tertiary,,,596.5149536132812,35.4543571472168,0.032706987112760544,105.13160430378801,tree_cover,0.6642435585642884,high,random_forest-extended-v1-20260902
595775890_00_000,595775890,tertiary,,,587.7489013671875,36.28162384033203,0.013388615101575851,105.13160430378801,tree_cover,0.6544694058069594,high,random_forest-extended-v1-20260902
595775891_00_000,595775891,tertiary,,,1574.2913818359375,25.915342330932617,0.07988660037517548,606.7441026159734,tree_cover,0.3973516317214633,low,random_forest-extended-v1-20260902
595775891_00_001,595775891,tertiary,,,1519.4996337890625,25.372909545898438,0.11144496500492096,621.6227737505573,tree_cover,0.3693753713718181,low,random_forest-extended-v1-20260902
595775891_00_002,595775891,tertiary,,,1473.4912109375,25.37152099609375,0.10943488031625748,583.1652153678435,tree_cover,0.34144974639789843,low,random_forest-extended-v1-20260902
595775891_00_003,595775891,tertiary,,,1429.6882934570312,25.776235580444336,0.08450980484485626,470.1628276137589,tree_cover,0.3502700133798247,low,random_forest-extended-v1-20260902
595775891_00_004,595775891,tertiary,,,1431.2291870117188,25.452434539794922,0.1487177312374115,583.1652153678435,tree_cover,0.35120577488846083,low,random_forest-extended-v1-20260902
595775891_00_005,595775891,tertiary,,,1389.4915161132812,26.197612762451172,0.1690913885831833,579.8745902674602,tree_cover,0.4031095945200556,low,random_forest-extended-v1-20260902
595775891_00_006,595775891,tertiary,,,1341.606201171875,28.547462463378906,0.18957991898059845,557.0677897964563,tree_cover,0.4604776174376796,moderate,random_forest-extended-v1-20260902
595775891_00_007,595775891,tertiary,,,1323.355224609375,28.707561492919922,0.1850428730249405,525.6580215189401,tree_cover,0.46114252808697115,moderate,random_forest-extended-v1-20260902
595775891_00_008,595775891,tertiary,,,1351.5232543945312,26.032428741455078,0.14093580842018127,441.2445525642225,tree_cover,0.38205957560119064,low,random_forest-extended-v1-20260902
595775891_00_009,595775891,tertiary,,,1345.698486328125,25.794851303100586,0.11204800009727478,410.8078853281828,tree_cover,0.3271104192584658,low,random_forest-extended-v1-20260902
595775891_00_010,595775891,tertiary,,,1293.354248046875,25.287639617919922,0.030366672202944756,300.2026684258173,tree_cover,0.3282371320001214,low,random_forest-extended-v1-20260902
595775891_00_011,595775891,tertiary,,,1320.91064453125,24.901790618896484,-0.0005168795469217002,235.08141380687945,tree_cover,0.31831830262405225,low,random_forest-extended-v1-20260902
595775891_00_012,595775891,tertiary,,,1279.7484130859375,24.660066604614258,-0.08000146597623825,145.79130384196088,tree_cover,0.38734446017530033,low,random_forest-extended-v1-20260902
595775891_00_013,595775891,tertiary,,,1257.2413330078125,24.541671752929688,-0.07345432043075562,116.63304307356871,tree_cover,0.396989133249505,low,random_forest-extended-v1-20260902
595775891_00_014,595775891,tertiary,,,1244.485595703125,24.334882736206055,-0.05846481770277023,116.63304307356871,tree_cover,0.39706416636071307,low,random_forest-extended-v1-20260902
595775891_00_015,595775891,tertiary,,,1189.5023193359375,25.520999908447266,-0.07667046040296555,130.39970636758034,tree_cover,0.3276339716288102,low,random_forest-extended-v1-20260902
595775891_00_016,595775891,tertiary,,,1126.5885009765625,26.149938583374023,-0.03254905343055725,170.02041587784976,tree_cover,0.3068587995899821,low,random_forest-extended-v1-20260902
595775891_00_017,595775891,tertiary,,,1106.3427734375,27.65512466430664,0.006518424954265356,174.94956461035306,tree_cover,0.3608651321065138,low,random_forest-extended-v1-20260902
595775891_00_018,595775891,tertiary,,,1066.841796875,28.254343032836914,-0.032182931900024414,145.79130384196088,tree_cover,0.35990098927692404,low,random_forest-extended-v1-20260902
595775891_00_019,595775891,tertiary,,,1031.1229248046875,29.705354690551758,-0.08529947698116302,130.39970636758034,tree_cover,0.3509158652087496,low,random_forest-extended-v1-20260902
595775891_00_020,595775891,tertiary,,,1033.822021484375,29.120553970336914,0.011601073667407036,157.02203972719624,tree_cover,0.35709580049290945,low,random_forest-extended-v1-20260902
595775891_00_021,595775891,tertiary,,,965.1850891113281,31.75058364868164,-0.07499060034751892,145.79130384196088,tree_cover,0.4462452362988256,moderate,random_forest-extended-v1-20260902
595775891_00_022,595775891,tertiary,,,1009.5048522949219,33.6099967956543,0.053712397813797,234.17374997700844,tree_cover,0.5270270828307484,moderate,random_forest-extended-v1-20260902
595775891_00_023,595775891,tertiary,,,965.8577270507812,32.6555061340332,0.058838117867708206,396.5952239273039,tree_cover,0.5480148295738669,moderate,random_forest-extended-v1-20260902
595775891_00_024,595775891,tertiary,,,877.9137573242188,33.246517181396484,0.1079847440123558,383.5170421109049,tree_cover,0.5513247049413409,moderate,random_forest-extended-v1-20260902
595775891_00_025,595775891,tertiary,,,842.9387817382812,35.19720458984375,0.06613186001777649,415.949755020083,tree_cover,0.5640642572378654,moderate,random_forest-extended-v1-20260902
595775891_00_026,595775891,tertiary,,,861.9888305664062,38.899742126464844,0.06865882873535156,424.5506851483841,tree_cover,0.5480658685619569,moderate,random_forest-extended-v1-20260902
595775891_00_027,595775891,tertiary,,,814.0878295898438,39.68183898925781,0.052635565400123596,322.06351682017964,tree_cover,0.5256319021482814,moderate,random_forest-extended-v1-20260902
595775891_00_028,595775891,tertiary,,,767.6598510742188,37.89098358154297,0.01434340700507164,206.18003916935783,tree_cover,0.506113324231837,moderate,random_forest-extended-v1-20260902
595775891_00_029,595775891,tertiary,,,880.4354858398438,37.72872543334961,0.08051834255456924,250.82884335095778,tree_cover,0.5332622220923323,moderate,random_forest-extended-v1-20260902
595775891_00_030,595775891,tertiary,,,827.4683227539062,36.5186653137207,-0.011586716398596764,227.73329671633672,tree_cover,0.525235654279296,moderate,random_forest-extended-v1-20260902
595775891_00_031,595775891,tertiary,,,837.8604125976562,37.334434509277344,0.04836412891745567,235.08141380687945,tree_cover,0.5361876122023499,moderate,random_forest-extended-v1-20260902
595775891_00_032,595775891,tertiary,,,703.2781372070312,36.71321105957031,-0.07196111977100372,145.79130384196088,tree_cover,0.5321849598431776,moderate,random_forest-extended-v1-20260902
595775891_00_033,595775891,tertiary,,,726.8565368652344,36.33940887451172,-0.06895316392183304,164.94403133548627,tree_cover,0.5458098579667834,moderate,random_forest-extended-v1-20260902
595775891_00_034,595775891,tertiary,,,725.3269348144531,36.61079788208008,0.013044029474258423,206.18003916935783,tree_cover,0.5394171761231473,moderate,random_forest-extended-v1-20260902
595775891_00_035,595775891,tertiary,,,619.0473937988281,37.078086853027344,-0.10487629473209381,174.94956461035306,tree_cover,0.5943678700361139,moderate,random_forest-extended-v1-20260902
595775891_00_036,595775891,tertiary,,,554.5059814453125,35.69498825073242,-0.09507711976766586,148.67854064045866,tree_cover,0.581763395116814,moderate,random_forest-extended-v1-20260902
595775891_00_037,595775891,tertiary,,,583.609375,35.13716506958008,-0.032706987112760544,145.79130384196088,tree_cover,0.5769762109501813,moderate,random_forest-extended-v1-20260902
595775891_00_038,595775891,tertiary,,,563.5543823242188,34.35139846801758,0.015822255983948708,123.70802350161468,tree_cover,0.5961992370357088,high,random_forest-extended-v1-20260902
595775891_00_039,595775891,tertiary,,,595.4723510742188,35.4169921875,0.01748775690793991,120.22258900738453,tree_cover,0.6069012226932406,high,random_forest-extended-v1-20260902
595785387_00_000,595785387,tertiary,,,2069.327392578125,27.500883102416992,0.07936972379684448,678.2038458541201,tree_cover,0.43399689438820493,moderate,random_forest-extended-v1-20260902
595785387_00_001,595785387,tertiary,,,2037.323974609375,27.311233520507812,0.08620402216911316,680.7064515747367,tree_cover,0.432080232320502,moderate,random_forest-extended-v1-20260902
595785387_00_002,595785387,tertiary,,,1990.135009765625,25.230146408081055,0.12812869250774384,701.0121331758165,tree_cover,0.32698449570534727,low,random_forest-extended-v1-20260902
595785387_00_003,595785387,tertiary,,,1939.454345703125,24.595703125,0.12597502768039703,714.8235494117221,tree_cover,0.31223408409452524,low,random_forest-extended-v1-20260902
595785387_00_004,595785387,tertiary,,,1905.29443359375,24.307193756103516,0.04795493185520172,728.9565192098045,tree_cover,0.30333554877653984,low,random_forest-extended-v1-20260902
595785387_00_005,595785387,tertiary,,,1885.8705444335938,24.60092544555664,0.06501196324825287,714.8235494117221,tree_cover,0.3075970999284419,low,random_forest-extended-v1-20260902
595785387_00_006,595785387,tertiary,,,1823.9669799804688,23.37035369873047,0.09809225052595139,756.4307021190222,tree_cover,0.32340708606637264,low,random_forest-extended-v1-20260902
595785387_00_007,595785387,tertiary,,,1799.6114501953125,23.999038696289062,0.09216248989105225,742.2481410096881,tree_cover,0.3123411792723864,low,random_forest-extended-v1-20260902
595785387_00_008,595785387,tertiary,,,1782.2606201171875,24.02256965637207,0.13570958375930786,763.1447157392414,tree_cover,0.34085393604837644,low,random_forest-extended-v1-20260902
595785387_00_009,595785387,tertiary,,,1741.1340942382812,22.609037399291992,0.10353383421897888,770.3521995712193,tree_cover,0.3827693464305685,low,random_forest-extended-v1-20260902
595785387_00_010,595785387,tertiary,,,1699.3766479492188,23.768821716308594,0.09760408103466034,728.9565192098045,tree_cover,0.34463941134953885,low,random_forest-extended-v1-20260902
595785387_00_011,595785387,tertiary,,,1646.729248046875,23.08287239074707,0.1359967440366745,735.9212301265161,tree_cover,0.3746044868371113,low,random_forest-extended-v1-20260902
595785387_00_012,595785387,tertiary,,,1615.536865234375,23.887313842773438,0.11425909399986267,729.5394513455126,tree_cover,0.3485335183593206,low,random_forest-extended-v1-20260902
595785387_00_013,595785387,tertiary,,,1594.5712890625,24.402185440063477,0.1141442283987999,704.6412107490834,tree_cover,0.3394504461715793,low,random_forest-extended-v1-20260902
595785387_00_014,595785387,tertiary,,,1593.6787109375,25.682876586914062,0.14685121178627014,680.7064515747367,tree_cover,0.39892947600850914,low,random_forest-extended-v1-20260902
595785387_00_015,595785387,tertiary,,,1533.6610107421875,26.192142486572266,0.15270918607711792,623.3324202736162,tree_cover,0.46496370548671373,moderate,random_forest-extended-v1-20260902
595785387_00_016,595785387,tertiary,,,1510.7886352539062,25.70947265625,0.12037549912929535,626.0544088562227,tree_cover,0.40074100597310985,low,random_forest-extended-v1-20260902
595785387_00_017,595785387,tertiary,,,1478.242919921875,26.433115005493164,0.11713064461946487,583.893716857838,tree_cover,0.4170843670059255,low,random_forest-extended-v1-20260902
595785387_00_018,595785387,tertiary,,,1460.599853515625,26.202600479125977,0.11713064461946487,577.3041096742019,tree_cover,0.42034745050674305,low,random_forest-extended-v1-20260902
595785387_00_019,595785387,tertiary,,,1423.3378295898438,26.82744598388672,0.09919779747724533,525.6580215189401,tree_cover,0.39715016417309085,low,random_forest-extended-v1-20260902
597343819_00_000,597343819,tertiary,,,1516.0125732421875,21.96723175048828,-0.07190368324518204,174.94956461035306,tree_cover,0.31345288783714903,low,random_forest-extended-v1-20260902
597343819_00_001,597343819,tertiary,,,1452.608154296875,20.112043380737305,-0.019813714548945427,148.67854064045866,tree_cover,0.29976296432776517,low,random_forest-extended-v1-20260902
597343819_00_002,597343819,tertiary,,,1395.6014404296875,19.575117111206055,-0.046547871083021164,130.39970636758034,tree_cover,0.2905239541994481,low,random_forest-extended-v1-20260902
597343819_00_003,597343819,tertiary,,,1397.1488037109375,20.855100631713867,-0.05404262617230415,145.79130384196088,tree_cover,0.2980019971276282,low,random_forest-extended-v1-20260902
597343819_00_004,597343819,tertiary,,,1401.22509765625,20.58429718017578,-0.10171040147542953,87.47478230517653,tree_cover,0.3682757247667153,low,random_forest-extended-v1-20260902
597343819_00_005,597343819,tertiary,,,1394.7680053710938,23.452367782592773,-0.05534918233752251,116.63304307356871,tree_cover,0.3742050534422822,low,random_forest-extended-v1-20260902
597343823_00_000,597343823,tertiary,,,1522.7802734375,23.195478439331055,-0.1162978932261467,148.67854064045866,tree_cover,0.3699862280511927,low,random_forest-extended-v1-20260902
597343827_00_000,597343827,tertiary,,,1360.923095703125,30.509235382080078,-0.10768323391675949,204.10782537874525,tree_cover,0.5330472735421113,moderate,random_forest-extended-v1-20260902
597343827_00_001,597343827,tertiary,,,1296.651123046875,29.73752784729004,-0.06719433516263962,233.26608614713743,tree_cover,0.4635146352909549,moderate,random_forest-extended-v1-20260902
597343827_00_002,597343827,tertiary,,,1257.9913330078125,30.77531623840332,-0.033209510147571564,262.4243469155296,tree_cover,0.5455599593906733,moderate,random_forest-extended-v1-20260902
597343827_00_003,597343827,tertiary,,,1280.7649536132812,29.998428344726562,-0.03810550644993782,212.27534257419205,tree_cover,0.4707422587008397,moderate,random_forest-extended-v1-20260902
597343827_00_004,597343827,tertiary,,,1349.0870361328125,29.574981689453125,-0.018320508301258087,247.41604700322935,tree_cover,0.4524267581047483,moderate,random_forest-extended-v1-20260902
597343827_00_005,597343827,tertiary,,,1367.6851806640625,29.387977600097656,-0.027595622465014458,164.94403133548627,tree_cover,0.4605720975355149,moderate,random_forest-extended-v1-20260902
597343827_00_006,597343827,tertiary,,,1411.1385498046875,29.027193069458008,0.01280712615698576,206.18003916935783,tree_cover,0.45018421901073036,moderate,random_forest-extended-v1-20260902
597343827_00_007,597343827,tertiary,,,1412.2744140625,29.610088348388672,0.024092329666018486,206.18003916935783,tree_cover,0.45369640316454385,moderate,random_forest-extended-v1-20260902
597343827_00_008,597343827,tertiary,,,1388.3221435546875,26.180994033813477,0.024034898728132248,180.88790466257092,tree_cover,0.4160510344264514,low,random_forest-extended-v1-20260902
597343827_00_009,597343827,tertiary,,,1425.1873779296875,23.37251853942871,-0.0350903756916523,130.39970636758034,tree_cover,0.37168638944737536,low,random_forest-extended-v1-20260902
597343827_00_010,597343827,tertiary,,,1510.440673828125,23.496013641357422,-0.07239184528589249,174.94956461035306,tree_cover,0.3140920094006965,low,random_forest-extended-v1-20260902
597343828_00_000,597343828,tertiary,,,1369.7174072265625,27.853002548217773,-0.11348377168178558,177.36277605064052,tree_cover,0.47436271093184845,moderate,random_forest-extended-v1-20260902
598293422_00_000,598293422,unclassified,,MDR,1387.398193359375,34.030792236328125,-0.18062067031860352,120.22258900738453,tree_cover,0.5997647737885436,high,random_forest-extended-v1-20260902
598482940_00_000,598482940,tertiary,North Sikkim Highway,NH310AG,2805.68798828125,33.422821044921875,-0.12821483612060547,174.94956461035306,tree_cover,0.4464619041786379,moderate,random_forest-extended-v1-20260902
598482941_00_000,598482941,tertiary,North Sikkim Highway,NH310AG,2699.51611328125,28.753734588623047,-0.08293044567108154,130.39970636758034,tree_cover,0.3924290370532073,low,random_forest-extended-v1-20260902
598482941_00_001,598482941,tertiary,North Sikkim Highway,NH310AG,2746.23583984375,32.82530212402344,-0.03161579743027687,174.94956461035306,tree_cover,0.4316217420658186,moderate,random_forest-extended-v1-20260902
598987882_00_000,598987882,tertiary,,,3151.7880859375,24.252256393432617,-0.14955046772956848,127.0538649345975,tree_cover,0.3308255277719476,low,random_forest-extended-v1-20260902
598987883_00_000,598987883,tertiary,,,3139.305908203125,22.83794593811035,-0.12899015843868256,105.13160430378801,tree_cover,0.38946647333937906,low,random_forest-extended-v1-20260902
598987884_00_000,598987884,tertiary,,,3145.965576171875,24.705623626708984,-0.12818612158298492,123.70802350161468,tree_cover,0.339706473788023,low,random_forest-extended-v1-20260902
598987892_00_000,598987892,tertiary,,,3141.706787109375,23.41470718383789,-0.11242129653692245,123.70802350161468,tree_cover,0.33173204698488085,low,random_forest-extended-v1-20260902
598987893_00_000,598987893,tertiary,,,3133.3173828125,22.737045288085938,-0.12077751755714417,130.39970636758034,tree_cover,0.3453029776382663,low,random_forest-extended-v1-20260902
598987894_00_000,598987894,tertiary,,,3124.7149658203125,21.007038116455078,-0.12652061879634857,130.39970636758034,tree_cover,0.3049193658380156,low,random_forest-extended-v1-20260902
598987895_00_000,598987895,tertiary,,,3123.042724609375,20.323036193847656,-0.12459668517112732,130.39970636758034,tree_cover,0.28066148978508326,low,random_forest-extended-v1-20260902
598987896_00_000,598987896,tertiary,,,3121.7884521484375,20.323036193847656,-0.11971504241228104,130.39970636758034,tree_cover,0.28066148978508326,low,random_forest-extended-v1-20260902
598987897_00_000,598987897,tertiary,,,3118.4425048828125,20.211475372314453,-0.1129094660282135,145.79130384196088,tree_cover,0.26846972751359954,low,random_forest-extended-v1-20260902
598987898_00_000,598987898,tertiary,,,3109.955810546875,18.341569900512695,-0.10406507551670074,145.79130384196088,tree_cover,0.2674613604183192,low,random_forest-extended-v1-20260902
598987899_00_000,598987899,tertiary,,,3108.00341796875,19.21023178100586,-0.1456451565027237,145.79130384196088,tree_cover,0.25905000202527556,low,random_forest-extended-v1-20260902
599418823_00_000,599418823,secondary,,MDR,1041.006591796875,26.770626068115234,-0.05203253775835037,116.63304307356871,tree_cover,0.3050551039717325,low,random_forest-extended-v1-20260902
599418823_00_001,599418823,secondary,,MDR,1051.141357421875,31.538766860961914,-0.07224827259778976,148.67854064045866,tree_cover,0.46891028753208797,moderate,random_forest-extended-v1-20260902
599418823_00_002,599418823,secondary,,MDR,1026.4998168945312,35.0908203125,-0.03995765745639801,184.41303327450134,tree_cover,0.5053077919466538,moderate,random_forest-extended-v1-20260902
599418823_00_003,599418823,secondary,,MDR,1009.49658203125,36.54513168334961,-0.06769686192274094,148.67854064045866,tree_cover,0.485674764443324,moderate,random_forest-extended-v1-20260902
599418824_00_000,599418824,secondary,,MDR,1068.6591796875,25.17176628112793,0.028715528547763824,116.63304307356871,tree_cover,0.28942087357583834,low,random_forest-extended-v1-20260902
599424052_00_000,599424052,secondary,North Sikkim Highway,NH310A,1237.4276123046875,21.196447372436523,-0.04738062247633934,164.94403133548627,tree_cover,0.29426372201200784,low,random_forest-extended-v1-20260902
599424055_00_000,599424055,secondary,North Sikkim Highway,NH310A,1205.9637451171875,21.39957618713379,-0.038579314947128296,186.70396624747931,tree_cover,0.274308643539392,low,random_forest-extended-v1-20260902
599424060_00_000,599424060,tertiary,,,922.186279296875,29.482553482055664,-0.099930040538311,130.39970636758034,tree_cover,0.34865614116504157,low,random_forest-extended-v1-20260902
599424060_00_001,599424060,tertiary,,,883.6392822265625,25.37942123413086,-0.12094980478286743,92.20651663725067,tree_cover,0.33570162596975256,low,random_forest-extended-v1-20260902
599424060_00_002,599424060,tertiary,,,903.357177734375,22.96822166442871,-0.12420902401208878,116.63304307356871,tree_cover,0.2494461587513186,low,random_forest-extended-v1-20260902
599424060_00_003,599424060,tertiary,,,886.034912109375,24.012813568115234,-0.14631280303001404,116.63304307356871,tree_cover,0.27332540785266013,low,random_forest-extended-v1-20260902
599424060_00_004,599424060,tertiary,,,841.2236328125,26.80394744873047,-0.15491309762001038,123.70802350161468,tree_cover,0.30122694679189926,low,random_forest-extended-v1-20260902
599427270_00_000,599427270,tertiary,Phidang Check-post,,736.15869140625,34.717445373535156,-0.11869563907384872,174.94956461035306,tree_cover,0.5271420120576493,moderate,random_forest-extended-v1-20260902
599429178_00_000,599429178,tertiary,,,972.2338562011719,34.17594909667969,-0.11694399267435074,204.10782537874525,tree_cover,0.4989537985391593,moderate,random_forest-extended-v1-20260902
599429200_00_000,599429200,tertiary,,,1250.0818481445312,37.43999099731445,-0.16357800364494324,185.55849976099034,tree_cover,0.6077328641044097,high,random_forest-extended-v1-20260902
599429202_00_000,599429202,tertiary,,,912.2557983398438,32.82645034790039,-0.06933364272117615,174.94956461035306,tree_cover,0.49440353241458523,moderate,random_forest-extended-v1-20260902
599429202_00_001,599429202,tertiary,,,825.4061279296875,27.560466766357422,-0.1175326555967331,177.36277605064052,tree_cover,0.338808490467029,low,random_forest-extended-v1-20260902
599429202_00_002,599429202,tertiary,,,897.0111083984375,28.52858543395996,-0.09476124495267868,314.0440794543925,tree_cover,0.36226300521928184,low,random_forest-extended-v1-20260902
599429202_00_003,599429202,tertiary,,,925.5543823242188,30.238893508911133,-0.08763979375362396,329.88806267097254,tree_cover,0.47023821930835824,moderate,random_forest-extended-v1-20260902
599429202_00_004,599429202,tertiary,,,965.0442199707031,28.048612594604492,-0.019641421735286713,427.5336230689199,tree_cover,0.360747878800163,low,random_forest-extended-v1-20260902
599429202_00_005,599429202,tertiary,,,965.6867370605469,28.08339500427246,0.0113498130813241,320.740868452314,tree_cover,0.35427418150363743,low,random_forest-extended-v1-20260902
599429202_00_006,599429202,tertiary,,,998.358642578125,28.9638729095459,0.04618892818689346,351.11195479568335,tree_cover,0.37601908773404735,low,random_forest-extended-v1-20260902
599429202_00_007,599429202,tertiary,,,1062.326416015625,29.942636489868164,0.04617457091808319,349.89912922070613,tree_cover,0.3799989447282039,low,random_forest-extended-v1-20260902
599429202_00_008,599429202,tertiary,,,1184.4088134765625,31.674924850463867,-0.06880240887403488,233.26608614713743,tree_cover,0.5122867521838843,moderate,random_forest-extended-v1-20260902
599429216_00_000,599429216,tertiary,,,983.5745239257812,35.68904113769531,-0.18842411041259766,174.94956461035306,tree_cover,0.506501739646772,moderate,random_forest-extended-v1-20260902
599429218_00_000,599429218,tertiary,,,729.6449584960938,30.135406494140625,-0.0753854438662529,138.0955051047706,tree_cover,0.45433889065088684,moderate,random_forest-extended-v1-20260902
599429218_00_001,599429218,tertiary,,,746.3894958496094,32.844764709472656,-0.15647809207439423,195.5995595513705,tree_cover,0.5220917119361451,moderate,random_forest-extended-v1-20260902
599429218_00_002,599429218,tertiary,,,747.0706787109375,33.483360290527344,-0.20866139233112335,145.79130384196088,tree_cover,0.5089661771562148,moderate,random_forest-extended-v1-20260902
599429218_00_003,599429218,tertiary,,,791.4015808105469,34.72911071777344,-0.11274434626102448,145.79130384196088,tree_cover,0.4719087992817085,moderate,random_forest-extended-v1-20260902
599429218_00_004,599429218,tertiary,,,936.6503601074219,36.07286071777344,-0.06845781952142715,177.36277605064052,tree_cover,0.5011608907045509,moderate,random_forest-extended-v1-20260902
599429227_00_000,599429227,tertiary,,,717.3873291015625,30.008581161499023,-0.11381399631500244,116.63304307356871,tree_cover,0.40953047848688634,low,random_forest-extended-v1-20260902
599429229_00_000,599429229,tertiary,,,731.265869140625,33.29895782470703,-0.16899089515209198,130.39970636758034,tree_cover,0.5147912784372808,moderate,random_forest-extended-v1-20260902
599429229_00_001,599429229,tertiary,,,744.4832763671875,31.153018951416016,-0.16624855995178223,145.79130384196088,tree_cover,0.48052947727405304,moderate,random_forest-extended-v1-20260902
599429229_00_002,599429229,tertiary,,,709.771240234375,30.148399353027344,-0.14853107929229736,148.67854064045866,tree_cover,0.4763912349651029,moderate,random_forest-extended-v1-20260902
599429229_00_003,599429229,tertiary,,,722.9796752929688,29.6103515625,-0.08278687298297882,145.79130384196088,tree_cover,0.37410848018909265,low,random_forest-extended-v1-20260902
599734724_00_000,599734724,trunk,North Sikkim Highway,NH310A,1403.7328491210938,27.19031524658203,-0.047265760600566864,164.94403133548627,tree_cover,0.4166059207801231,low,random_forest-extended-v1-20260902
599739473_00_000,599739473,trunk,North Sikkim Highway,NH310A,1690.299560546875,24.26926612854004,-0.023144716396927834,222.06269817368786,tree_cover,0.3155346103807155,low,random_forest-extended-v1-20260902
599739480_00_000,599739480,trunk,North Sikkim Highway,NH310A,1733.8592529296875,24.344982147216797,-0.008786952123045921,177.36277605064052,tree_cover,0.32800594560938623,low,random_forest-extended-v1-20260902
599739504_00_000,599739504,trunk,North Sikkim Highway,NH310A,1668.1907958984375,24.037086486816406,0.02325957827270031,123.70802350161468,tree_cover,0.3892959643222472,low,random_forest-extended-v1-20260902
599739536_00_000,599739536,trunk,North Sikkim Highway,NH310A,1690.3272094726562,26.005340576171875,0.011830798350274563,92.20651663725067,tree_cover,0.5181921885777282,moderate,random_forest-extended-v1-20260902
599739539_00_000,599739539,trunk,North Sikkim Highway,NH310A,1673.136962890625,25.108489990234375,-0.039857152849435806,105.13160430378801,tree_cover,0.4871390458260989,moderate,random_forest-extended-v1-20260902
599739544_00_000,599739544,trunk,North Sikkim Highway,NH310A,1636.9732666015625,24.398406982421875,-0.05857967957854271,87.47478230517653,tree_cover,0.44595408095161587,moderate,random_forest-extended-v1-20260902
599739547_00_000,599739547,trunk,North Sikkim Highway,NH310A,1632.1856689453125,23.76419448852539,-0.08301659673452377,87.47478230517653,tree_cover,0.446294307596277,moderate,random_forest-extended-v1-20260902
605861242_00_000,605861242,tertiary,,,1268.438232421875,26.389381408691406,0.07107093185186386,542.3750023544552,tree_cover,0.4015096855263709,low,random_forest-extended-v1-20260902
605861242_00_001,605861242,tertiary,,,1219.0855102539062,26.914037704467773,-0.048500530421733856,332.4553236675307,tree_cover,0.3483278258565301,low,random_forest-extended-v1-20260902
605861242_00_002,605861242,tertiary,,,1165.4512939453125,27.595287322998047,-0.06667745858430862,291.58260768392176,tree_cover,0.33419604424102023,low,random_forest-extended-v1-20260902
605861242_00_003,605861242,tertiary,,,1142.0838623046875,28.083770751953125,-0.038959793746471405,249.128289212088,tree_cover,0.37132062267491694,low,random_forest-extended-v1-20260902
605861242_00_004,605861242,tertiary,,,1104.8968505859375,28.73729705810547,-0.03152965009212494,210.26320860757602,tree_cover,0.34600786415900564,low,random_forest-extended-v1-20260902
605861242_00_005,605861242,tertiary,,,1121.6641845703125,28.51095199584961,0.021852517500519753,349.89912922070613,tree_cover,0.36678224482966326,low,random_forest-extended-v1-20260902
605861242_00_006,605861242,tertiary,,,1065.9400634765625,27.840702056884766,0.0037330188788473606,391.199119102741,tree_cover,0.3686447195082469,low,random_forest-extended-v1-20260902
605861242_00_007,605861242,tertiary,,,1069.89794921875,25.288206100463867,0.09668518602848053,503.34962299498386,tree_cover,0.2619051711154654,low,random_forest-extended-v1-20260902
605861242_00_008,605861242,tertiary,,,1101.672607421875,25.299163818359375,0.08047527074813843,664.9106473350614,tree_cover,0.2778336042161411,low,random_forest-extended-v1-20260902
605861242_00_009,605861242,tertiary,,,1111.013427734375,25.711071014404297,0.05737362802028656,731.2854597095612,tree_cover,0.3317374862253798,low,random_forest-extended-v1-20260902
605861242_00_010,605861242,tertiary,,,1142.8235473632812,25.670547485351562,0.021967381238937378,758.6753085427436,tree_cover,0.35452695602685347,low,random_forest-extended-v1-20260902
605861242_00_011,605861242,tertiary,,,1174.6641845703125,25.964126586914062,0.059412430971860886,767.0340842218098,tree_cover,0.37458781510060085,low,random_forest-extended-v1-20260902
605861242_00_012,605861242,tertiary,,,1202.8055419921875,27.359455108642578,0.07691454142332077,813.3012019339578,tree_cover,0.4063562373341218,low,random_forest-extended-v1-20260902
605861242_00_013,605861242,tertiary,,,1252.4195556640625,26.287986755371094,0.07356917858123779,793.1904478546078,tree_cover,0.4261817009785407,moderate,random_forest-extended-v1-20260902
605861242_01_000,605861242,tertiary,,,1290.9041748046875,25.689064025878906,0.03773220628499985,583.893716857838,tree_cover,0.3711743217788979,low,random_forest-extended-v1-20260902
605861242_01_001,605861242,tertiary,,,1349.751953125,24.407926559448242,0.033281296491622925,560.8703444503877,tree_cover,0.27459774429550865,low,random_forest-extended-v1-20260902
605861242_01_002,605861242,tertiary,,,1378.327880859375,23.832618713378906,-0.018090782687067986,560.8703444503877,tree_cover,0.2865513979328539,low,random_forest-extended-v1-20260902
605861242_01_003,605861242,tertiary,,,1360.4549560546875,25.008563995361328,-0.05332473665475845,488.7815177168158,tree_cover,0.3148182777281725,low,random_forest-extended-v1-20260902
605861242_01_004,605861242,tertiary,,,1390.4747314453125,23.928409576416016,0.03598055988550186,651.9985318379016,tree_cover,0.2880460474398657,low,random_forest-extended-v1-20260902
605861242_01_005,605861242,tertiary,,,1384.97900390625,23.2875919342041,0.04554282873868942,720.1559166825685,tree_cover,0.3464081180141369,low,random_forest-extended-v1-20260902
605861242_01_006,605861242,tertiary,,,1387.7559814453125,24.20471954345703,0.06840039044618607,731.2854597095612,tree_cover,0.3417314463312459,low,random_forest-extended-v1-20260902
605869515_00_000,605869515,tertiary,,,670.6108093261719,25.978069305419922,0.06544269621372223,145.79130384196088,tree_cover,0.3490570717948772,low,random_forest-extended-v1-20260902
605869515_00_001,605869515,tertiary,,,653.801513671875,26.541889190673828,0.08977192640304565,240.44517801476906,tree_cover,0.3818117513838764,low,random_forest-extended-v1-20260902
605869515_00_002,605869515,tertiary,,,641.2490234375,27.1205997467041,0.024401020258665085,240.44517801476906,tree_cover,0.36995265551391837,low,random_forest-extended-v1-20260902
605869515_00_003,605869515,tertiary,,,656.8302001953125,26.927936553955078,0.06409306079149246,260.7994127351607,tree_cover,0.36204950827169297,low,random_forest-extended-v1-20260902
605869515_00_004,605869515,tertiary,,,585.5189819335938,26.548526763916016,0.003015130525454879,164.94403133548627,tree_cover,0.39560498126473337,low,random_forest-extended-v1-20260902
605869515_00_005,605869515,tertiary,,,543.7810363769531,24.902395248413086,-0.06700769066810608,145.79130384196088,tree_cover,0.33895377906454777,low,random_forest-extended-v1-20260902
605869515_00_006,605869515,tertiary,,,518.72607421875,25.45796775817871,-0.03384125232696533,123.70802350161468,tree_cover,0.4094372811879279,low,random_forest-extended-v1-20260902
605869515_00_007,605869515,tertiary,,,457.1341857910156,24.220983505249023,-0.11427344381809235,105.13160430378801,tree_cover,0.4313813960811202,moderate,random_forest-extended-v1-20260902
605869515_00_008,605869515,tertiary,,,439.12908935546875,24.59067726135254,-0.12667855620384216,120.22258900738453,tree_cover,0.3923227777638589,low,random_forest-extended-v1-20260902
605885580_00_000,605885580,tertiary,,,374.9961242675781,23.218385696411133,-0.08132955431938171,105.13160430378801,tree_cover,0.40345496547624915,low,random_forest-extended-v1-20260902
605885580_00_001,605885580,tertiary,,,366.50489807128906,20.68775177001953,-0.0769217237830162,130.39970636758034,tree_cover,0.23646888457658155,low,random_forest-extended-v1-20260902
605885580_00_002,605885580,tertiary,,,365.13856506347656,19.658924102783203,-0.06537090241909027,148.67854064045866,tree_cover,0.211367242313049,low,random_forest-extended-v1-20260902
605885580_00_003,605885580,tertiary,,,354.7421875,15.589138984680176,-0.07158781588077545,120.22258900738453,tree_cover,0.2100683806007174,low,random_forest-extended-v1-20260902
605885581_00_000,605885581,tertiary,,,1213.4170532226562,24.70022964477539,-0.003733018646016717,673.1707236377847,tree_cover,0.3105879583423786,low,random_forest-extended-v1-20260902
605885581_00_001,605885581,tertiary,,,1183.04052734375,23.406982421875,-0.05450207367539406,613.0173273232991,tree_cover,0.2669188947536611,low,random_forest-extended-v1-20260902
605885581_00_002,605885581,tertiary,,,1217.7451171875,23.36078643798828,-0.028241723775863647,671.2735736269572,tree_cover,0.3076639814384345,low,random_forest-extended-v1-20260902
605885581_00_003,605885581,tertiary,,,1231.794677734375,25.164121627807617,-0.008097779005765915,671.2735736269572,tree_cover,0.3354056215064918,low,random_forest-extended-v1-20260902
605885581_00_004,605885581,tertiary,,,1257.0210571289062,28.72834587097168,0.030567679554224014,705.8467569012479,tree_cover,0.4226232085764528,low,random_forest-extended-v1-20260902
605885581_00_005,605885581,tertiary,,,1248.2752075195312,25.64722442626953,-0.0014501342084258795,681.6419179999078,tree_cover,0.37103672844736657,low,random_forest-extended-v1-20260902
605885581_00_006,605885581,tertiary,,,1290.303955078125,23.844953536987305,0.017573904246091843,700.4054587798921,tree_cover,0.33990803063005304,low,random_forest-extended-v1-20260902
605885581_00_007,605885581,tertiary,,,1331.0936279296875,23.151287078857422,0.017573904246091843,680.081663511399,tree_cover,0.29583535341658307,low,random_forest-extended-v1-20260902
605885581_00_008,605885581,tertiary,,,1308.7884521484375,22.897075653076172,-0.0013352720998227596,601.1129450369226,tree_cover,0.29256575770512827,low,random_forest-extended-v1-20260902
605885581_00_009,605885581,tertiary,,,1340.4732666015625,23.17108726501465,0.010739607736468315,655.250415012434,tree_cover,0.29372583543274716,low,random_forest-extended-v1-20260902
605885581_00_010,605885581,tertiary,,,1323.39501953125,24.371368408203125,0.05217611789703369,693.0839463125809,tree_cover,0.31946281889547534,low,random_forest-extended-v1-20260902
605885581_00_011,605885581,tertiary,,,1341.3155517578125,26.078529357910156,0.029060116037726402,670.6399976730202,tree_cover,0.39206126921513795,low,random_forest-extended-v1-20260902
605885581_00_012,605885581,tertiary,,,1334.809326171875,27.308029174804688,-0.0033310013823211193,600.7591409442787,tree_cover,0.4127988126339602,low,random_forest-extended-v1-20260902
605885581_00_013,605885581,tertiary,,,1291.367431640625,25.638851165771484,0.02147921547293663,636.8260277225762,tree_cover,0.37965998873942813,low,random_forest-extended-v1-20260902
605885581_00_014,605885581,tertiary,,,1193.2779541015625,24.45034408569336,0.038995690643787384,714.8235494117221,tree_cover,0.3398822445787678,low,random_forest-extended-v1-20260902
605885581_00_015,605885581,tertiary,,,1172.4996948242188,24.069231033325195,0.008162388578057289,615.0941847487371,tree_cover,0.2563927611097367,low,random_forest-extended-v1-20260902
605885581_00_016,605885581,tertiary,,,1112.0397338867188,24.542383193969727,0.022965244948863983,661.0634946155362,tree_cover,0.25009761083269655,low,random_forest-extended-v1-20260902
605885581_00_017,605885581,tertiary,,,1110.748291015625,25.057191848754883,0.06972130388021469,705.2442414206383,tree_cover,0.2841034892188699,low,random_forest-extended-v1-20260902
605885581_00_018,605885581,tertiary,,,1087.4412231445312,25.238229751586914,0.06842910498380661,702.2239095913667,tree_cover,0.28443481121525566,low,random_forest-extended-v1-20260902
605885581_00_019,605885581,tertiary,,,1048.901123046875,24.63226318359375,0.025226593017578125,628.088158908785,tree_cover,0.2336770313112981,low,random_forest-extended-v1-20260902
605885581_00_020,605885581,tertiary,,,1037.38037109375,24.43194580078125,0.03532009944319725,496.54728838338445,tree_cover,0.22730405408443208,low,random_forest-extended-v1-20260902
605885581_00_021,605885581,tertiary,,,1005.037109375,25.02060317993164,0.04137907549738884,590.4097815292349,tree_cover,0.24256227233502756,low,random_forest-extended-v1-20260902
605885581_00_022,605885581,tertiary,,,1000.3985290527344,25.83710479736328,0.037559911608695984,680.7064515747367,tree_cover,0.2862045036734754,low,random_forest-extended-v1-20260902
605885581_00_023,605885581,tertiary,,,938.6950073242188,25.928781509399414,0.04436549171805382,525.6580215189401,tree_cover,0.274600357728255,low,random_forest-extended-v1-20260902
605885581_00_024,605885581,tertiary,,,908.0852661132812,25.70724868774414,0.035707760602235794,467.4424798375224,tree_cover,0.2867747854532121,low,random_forest-extended-v1-20260902
605885581_00_025,605885581,tertiary,,,909.60302734375,25.743450164794922,0.01309428084641695,542.3750023544552,tree_cover,0.28883727752153426,low,random_forest-extended-v1-20260902
605885581_00_026,605885581,tertiary,,,911.9617004394531,25.67185401916504,0.03384842723608017,614.0557560360181,tree_cover,0.2924456830543942,low,random_forest-extended-v1-20260902
605885581_00_027,605885581,tertiary,,,827.84130859375,25.137588500976562,0.06641902029514313,510.06124763354927,tree_cover,0.25808203408034164,low,random_forest-extended-v1-20260902
605885581_00_028,605885581,tertiary,,,778.7696838378906,25.138904571533203,0.06998692452907562,453.59608617258715,tree_cover,0.25316594627270594,low,random_forest-extended-v1-20260902
605885581_00_029,605885581,tertiary,,,813.5320434570312,25.322784423828125,0.04225490242242813,466.53217229427486,tree_cover,0.24855305915393994,low,random_forest-extended-v1-20260902
605885581_00_030,605885581,tertiary,,,776.1685180664062,25.505966186523438,0.02450152486562729,391.199119102741,tree_cover,0.2727157340089135,low,random_forest-extended-v1-20260902
605885581_00_031,605885581,tertiary,,,748.4377136230469,24.98638916015625,0.017767732962965965,424.5506851483841,tree_cover,0.25180988030513923,low,random_forest-extended-v1-20260902
605885581_00_032,605885581,tertiary,,,713.7872009277344,25.199874877929688,0.034013547003269196,380.1772074656567,tree_cover,0.25003117882771625,low,random_forest-extended-v1-20260902
605885581_00_033,605885581,tertiary,,,692.48046875,24.872467041015625,0.008255714550614357,340.0408317556995,tree_cover,0.22417043964644606,low,random_forest-extended-v1-20260902
605885581_00_034,605885581,tertiary,,,612.639892578125,24.878725051879883,0.012921988032758236,264.0392812160338,tree_cover,0.25715384414283354,low,random_forest-extended-v1-20260902
605885581_00_035,605885581,tertiary,,,573.0772094726562,25.125225067138672,-0.014680813997983932,222.06269817368786,tree_cover,0.29588040358382744,low,random_forest-extended-v1-20260902
605885581_00_036,605885581,tertiary,,,539.5054016113281,25.238086700439453,0.0053913407027721405,195.5995595513705,tree_cover,0.326655024962153,low,random_forest-extended-v1-20260902
605885581_00_037,605885581,tertiary,,,515.4028015136719,25.2518253326416,-0.010976511053740978,206.18003916935783,tree_cover,0.3231341287029156,low,random_forest-extended-v1-20260902
605885581_00_038,605885581,tertiary,,,399.27183532714844,21.24466323852539,-0.06341824680566788,145.79130384196088,tree_cover,0.24098274436586814,low,random_forest-extended-v1-20260902
605889252_00_000,605889252,tertiary,,,368.7101593017578,22.62921905517578,-0.10280518233776093,87.47478230517653,tree_cover,0.42880421889206466,moderate,random_forest-extended-v1-20260902
605889253_00_000,605889253,tertiary,,,355.7161102294922,20.37494659423828,-0.09560476243495941,120.22258900738453,tree_cover,0.22993511100164876,low,random_forest-extended-v1-20260902
605889253_00_001,605889253,tertiary,,,361.9017028808594,26.646408081054688,-0.11300278455018997,105.13160430378801,tree_cover,0.5742593379308439,moderate,random_forest-extended-v1-20260902
605889253_00_002,605889253,tertiary,,,364.8151550292969,25.769926071166992,-0.10673562437295914,105.13160430378801,tree_cover,0.5475158630080867,moderate,random_forest-extended-v1-20260902
605889253_00_003,605889253,tertiary,,,373.45648193359375,24.057071685791016,-0.08231306076049805,105.13160430378801,tree_cover,0.4400195648501659,moderate,random_forest-extended-v1-20260902
606033889_00_000,606033889,secondary,,MDR,1553.4857177734375,27.461132049560547,-0.04100577533245087,240.44517801476906,tree_cover,0.4834113127919603,moderate,random_forest-extended-v1-20260902
606033891_00_000,606033891,secondary,,MDR,1565.3568725585938,27.806753158569336,-0.014084966853260994,275.0784819325981,tree_cover,0.5049636198280822,moderate,random_forest-extended-v1-20260902
606033891_00_001,606033891,secondary,,MDR,1595.29638671875,27.406707763671875,-0.09036777168512344,389.01971986608265,tree_cover,0.46730895108206777,moderate,random_forest-extended-v1-20260902
606033891_00_002,606033891,secondary,,MDR,1580.8453369140625,27.4549560546875,-0.11537899821996689,340.0408317556995,tree_cover,0.4633472668526834,moderate,random_forest-extended-v1-20260902
606033891_00_003,606033891,secondary,,MDR,1624.612548828125,31.29111099243164,-0.06357618421316147,433.46870913515824,tree_cover,0.6060807584002464,high,random_forest-extended-v1-20260902
606033891_00_004,606033891,secondary,,MDR,1614.407958984375,33.553062438964844,-0.03187423571944237,368.8260665490027,tree_cover,0.6340065929680515,high,random_forest-extended-v1-20260902
606033891_00_005,606033891,secondary,,MDR,1522.5387573242188,34.022239685058594,-0.0562250055372715,249.128289212088,tree_cover,0.6302719101813165,high,random_forest-extended-v1-20260902
606033891_00_006,606033891,secondary,,MDR,1538.974853515625,34.80974578857422,-0.06883112341165543,288.65205483710093,tree_cover,0.6206732939046236,high,random_forest-extended-v1-20260902
606033891_00_007,606033891,secondary,,MDR,1643.9229736328125,35.7826042175293,0.13255088031291962,461.03258318625336,tree_cover,0.631752119432421,high,random_forest-extended-v1-20260902
606033891_00_008,606033891,secondary,,MDR,1566.901123046875,33.625667572021484,0.02012958750128746,455.46659343267345,tree_cover,0.6301374632665148,high,random_forest-extended-v1-20260902
606033891_00_009,606033891,secondary,,MDR,1523.95849609375,30.936891555786133,0.12950703501701355,563.1395526838879,tree_cover,0.5942083622489028,moderate,random_forest-extended-v1-20260902
606035192_00_000,606035192,secondary,,MDR,1472.53271484375,29.012554168701172,0.09395720809698105,550.1569638651962,tree_cover,0.47050689190415906,moderate,random_forest-extended-v1-20260902
606035192_00_001,606035192,secondary,,MDR,1523.4959716796875,27.853370666503906,0.048701539635658264,498.256578424176,tree_cover,0.516223387919527,moderate,random_forest-extended-v1-20260902
606035192_00_002,606035192,secondary,,MDR,1569.5809326171875,30.488977432250977,-0.006489709485322237,379.05738998909834,tree_cover,0.5676111845193145,moderate,random_forest-extended-v1-20260902
606035192_00_003,606035192,secondary,,MDR,1661.7564697265625,33.70579147338867,0.07173138856887817,424.5506851483841,tree_cover,0.6227716955487701,high,random_forest-extended-v1-20260902
606035192_00_004,606035192,secondary,,MDR,1521.7554931640625,33.197792053222656,0.03267827257514,291.58260768392176,tree_cover,0.6146169452599703,high,random_forest-extended-v1-20260902
606035192_00_005,606035192,secondary,,MDR,1493.3109741210938,32.90516662597656,0.13239294290542603,325.9992659189508,tree_cover,0.5838427070058827,moderate,random_forest-extended-v1-20260902
606035192_00_006,606035192,secondary,,MDR,1516.0443115234375,31.213455200195312,0.06501196324825287,383.5170421109049,tree_cover,0.613109067530834,high,random_forest-extended-v1-20260902
606057200_00_000,606057200,tertiary,,,1532.405029296875,30.177621841430664,0.0812075138092041,466.53217229427486,tree_cover,0.5646287092389208,moderate,random_forest-extended-v1-20260902
606057200_00_001,606057200,tertiary,,,1517.6256713867188,29.053333282470703,0.046849384903907776,487.03584709295455,tree_cover,0.49441544725690023,moderate,random_forest-extended-v1-20260902
606057200_00_002,606057200,tertiary,,,1525.1351318359375,28.530094146728516,0.07214777171611786,524.8486938310592,tree_cover,0.521554053985035,moderate,random_forest-extended-v1-20260902
606057200_00_003,606057200,tertiary,,,1546.2994384765625,30.48371124267578,0.13288110494613647,535.6713080610839,tree_cover,0.5873363554964915,moderate,random_forest-extended-v1-20260902
606057200_00_004,606057200,tertiary,,,1465.9315185546875,31.390090942382812,0.06343260407447815,572.868929180574,tree_cover,0.6169978358663839,high,random_forest-extended-v1-20260902
606057200_00_005,606057200,tertiary,,,1410.1301879882812,29.119190216064453,0.07606743276119232,680.7064515747367,tree_cover,0.4480027508317743,moderate,random_forest-extended-v1-20260902
606057200_00_006,606057200,tertiary,,,1459.3427734375,26.180883407592773,0.07701504975557327,746.8158649899173,tree_cover,0.42820226611202333,moderate,random_forest-extended-v1-20260902
606057200_00_007,606057200,tertiary,,,1430.526611328125,26.202089309692383,0.07862311601638794,702.2239095913667,tree_cover,0.41089622463068204,low,random_forest-extended-v1-20260902
606057200_00_008,606057200,tertiary,,,1353.3788452148438,25.01753807067871,0.03948385268449783,693.0839463125809,tree_cover,0.32939780583017253,low,random_forest-extended-v1-20260902
606061034_00_000,606061034,trunk,,NH10,376.4490509033203,20.291202545166016,-0.09971467405557632,145.79130384196088,tree_cover,0.2143691048556442,low,random_forest-extended-v1-20260902
606061034_00_001,606061034,trunk,,NH10,363.3351745605469,23.5662899017334,-0.0581991970539093,145.79130384196088,tree_cover,0.3333865728220365,low,random_forest-extended-v1-20260902
606061034_00_002,606061034,trunk,,NH10,387.6606140136719,25.257408142089844,-0.02175201289355755,235.08141380687945,tree_cover,0.3633129529749129,low,random_forest-extended-v1-20260902
606061034_00_003,606061034,trunk,,NH10,358.4388122558594,23.36785316467285,-0.0570828840136528,249.128289212088,tree_cover,0.26430005489875563,low,random_forest-extended-v1-20260902
606061035_00_000,606061035,trunk,,NH10,393.0822448730469,21.7808895111084,-0.13102896511554718,145.79130384196088,tree_cover,0.2678544611600338,low,random_forest-extended-v1-20260902
606439995_00_000,606439995,secondary,,MDR,459.1611633300781,25.54046630859375,-0.11485852301120758,174.94956461035306,tree_cover,0.4116645667079697,low,random_forest-extended-v1-20260902
606439995_00_001,606439995,secondary,,MDR,467.9795837402344,25.23788833618164,-0.11242847144603729,227.73329671633672,tree_cover,0.34390259508014265,low,random_forest-extended-v1-20260902
606439995_00_002,606439995,secondary,,MDR,501.6225280761719,24.902690887451172,-0.06538525968790054,123.70802350161468,tree_cover,0.3982965836759322,low,random_forest-extended-v1-20260902
606439995_00_003,606439995,secondary,,MDR,592.8293151855469,26.139129638671875,-0.037954747676849365,110.88232368867835,tree_cover,0.4007190091343273,low,random_forest-extended-v1-20260902
606439996_00_000,606439996,secondary,,MDR,582.40234375,26.231922149658203,-0.10037513077259064,180.88790466257092,tree_cover,0.39406115498563105,low,random_forest-extended-v1-20260902
606442291_00_000,606442291,tertiary,,,1488.7630004882812,23.51052474975586,0.05387033522129059,116.63304307356871,tree_cover,0.34355221141678294,low,random_forest-extended-v1-20260902
606442292_00_000,606442292,tertiary,,,1501.083984375,24.08445167541504,0.04947685822844505,145.79130384196088,tree_cover,0.32928258686151374,low,random_forest-extended-v1-20260902
606828330_00_000,606828330,trunk,,NH717A,1984.3316650390625,23.352462768554688,0.05099878087639809,524.8486938310592,tree_cover,0.2254371724073734,low,random_forest-extended-v1-20260902
608043420_00_000,608043420,trunk,,NH 717B,3711.6793212890625,17.045534133911133,-0.15873944759368896,116.63304307356871,grassland,0.3686644705634947,low,random_forest-extended-v1-20260902
608043421_00_000,608043421,trunk,,NH 717B,3715.54541015625,17.98059844970703,-0.15150313079357147,120.22258900738453,grassland,0.38946244918679346,low,random_forest-extended-v1-20260902
608043442_00_000,608043442,trunk,,NH 717B,3854.107177734375,22.998329162597656,-0.1412229686975479,116.63304307356871,grassland,0.5644084562676374,moderate,random_forest-extended-v1-20260902
608043442_01_000,608043442,trunk,,NH 717B,3876.3565673828125,15.620683670043945,-0.06799837201833725,120.22258900738453,grassland,0.25465847628647287,low,random_forest-extended-v1-20260902
608043443_00_000,608043443,trunk,,NH 717B,3896.6021728515625,29.813777923583984,-0.24112430214881897,145.79130384196088,grassland,0.5939556768033033,moderate,random_forest-extended-v1-20260902
627630425_00_000,627630425,tertiary,,,1361.2908935546875,16.23217010498047,-0.008298788219690323,148.67854064045866,tree_cover,0.24760916689826787,low,random_forest-extended-v1-20260902
636627046_00_000,636627046,trunk,,NH10,572.8878173828125,27.896682739257812,-0.15596121549606323,145.79130384196088,tree_cover,0.4378617640713421,moderate,random_forest-extended-v1-20260902
636627048_00_000,636627048,trunk,,NH10,290.1238250732422,28.342525482177734,-0.15562739968299866,120.22258900738453,tree_cover,0.5496604086645095,moderate,random_forest-extended-v1-20260902
636627051_00_000,636627051,trunk,,NH10,305.7255859375,29.45684242248535,-0.13071309030056,123.70802350161468,tree_cover,0.5449875299326887,moderate,random_forest-extended-v1-20260902
674195734_00_000,674195734,tertiary,,,3139.86181640625,23.018844604492188,-0.10621874034404755,123.70802350161468,tree_cover,0.33676625318757875,low,random_forest-extended-v1-20260902
685785831_00_000,685785831,secondary,,MDR,1382.4850463867188,32.05854034423828,-0.11032506078481674,145.79130384196088,tree_cover,0.5593960533945769,moderate,random_forest-extended-v1-20260902
685785831_00_001,685785831,secondary,,MDR,1364.0219116210938,28.077991485595703,-0.11032506078481674,145.79130384196088,tree_cover,0.4814132607715207,moderate,random_forest-extended-v1-20260902
685785831_00_002,685785831,secondary,,MDR,1405.8380126953125,28.509483337402344,-0.06423664093017578,235.08141380687945,tree_cover,0.463404008752781,moderate,random_forest-extended-v1-20260902
685785831_00_003,685785831,secondary,,MDR,1370.554443359375,29.0865535736084,0.05275042727589607,262.4243469155296,tree_cover,0.4472874636194523,moderate,random_forest-extended-v1-20260902
685785831_00_004,685785831,secondary,,MDR,1399.0069580078125,33.610816955566406,0.08386370539665222,363.0098636322306,tree_cover,0.6275709447055845,high,random_forest-extended-v1-20260902
685785831_00_005,685785831,secondary,,MDR,1481.9763793945312,33.76886749267578,0.0791543573141098,420.52641721515204,tree_cover,0.6283832039327613,high,random_forest-extended-v1-20260902
685785831_00_006,685785831,secondary,,MDR,1465.8929443359375,32.67216491699219,-0.012548686005175114,304.421179688756,tree_cover,0.5926348096369884,moderate,random_forest-extended-v1-20260902
685785831_00_007,685785831,secondary,,MDR,1571.344970703125,31.575132369995117,-0.05774692818522453,287.1755640555846,tree_cover,0.5916775364986196,moderate,random_forest-extended-v1-20260902
695860398_00_000,695860398,primary,Jelep Pass Highway,NH717B,907.8636169433594,20.54721450805664,-0.06436586380004883,409.25569231765,tree_cover,0.1402469715491617,low,random_forest-extended-v1-20260902
695976860_00_000,695976860,trunk,Lava Highway,NH717B,857.5465698242188,21.485633850097656,-0.03982843831181526,315.39481291136406,tree_cover,0.17491436283711947,low,random_forest-extended-v1-20260902
695976860_00_001,695976860,trunk,Lava Highway,NH717B,914.0338134765625,20.407245635986328,-0.06314544379711151,396.5952239273039,tree_cover,0.13505084763309616,low,random_forest-extended-v1-20260902
695976862_00_000,695976862,trunk,,NH 717A,849.7783203125,24.146854400634766,0.008858740329742432,438.344776009123,tree_cover,0.22114990940331244,low,random_forest-extended-v1-20260902
695976862_00_001,695976862,trunk,,NH 717A,810.8271179199219,24.504459381103516,0.014924896880984306,525.6580215189401,tree_cover,0.23731703194288362,low,random_forest-extended-v1-20260902
695976862_00_002,695976862,trunk,,NH 717A,745.8726806640625,24.45620346069336,0.035492394119501114,553.6230272114777,tree_cover,0.24572073014446963,low,random_forest-extended-v1-20260902
695976862_00_003,695976862,trunk,,NH 717A,750.4507751464844,24.676467895507812,0.06197528913617134,566.1510156143496,tree_cover,0.24641489900495767,low,random_forest-extended-v1-20260902
695976862_00_004,695976862,trunk,,NH 717A,735.0701904296875,25.20428466796875,0.06198246777057648,554.0069545994514,tree_cover,0.2625535200086998,low,random_forest-extended-v1-20260902
695976862_00_005,695976862,trunk,,NH 717A,726.2415161132812,26.600383758544922,0.06673488765954971,494.8320940064587,tree_cover,0.34755582512216243,low,random_forest-extended-v1-20260902
695976862_00_006,695976862,trunk,,NH 717A,726.546875,25.880640029907227,0.0555071160197258,554.0069545994514,tree_cover,0.2946181136420028,low,random_forest-extended-v1-20260902
695976862_00_007,695976862,trunk,,NH 717A,663.8356323242188,24.71430206298828,-0.041547782719135284,391.741698673614,tree_cover,0.24229496974341128,low,random_forest-extended-v1-20260902
695976862_00_008,695976862,trunk,,NH 717A,635.3545227050781,24.43881607055664,-0.06842193007469177,355.9219317274452,tree_cover,0.23376212957663825,low,random_forest-extended-v1-20260902
695976862_00_009,695976862,trunk,,NH 717A,665.5100708007812,24.396018981933594,-0.03589441254734993,461.03258318625336,tree_cover,0.2390546273752254,low,random_forest-extended-v1-20260902
695976862_00_010,695976862,trunk,,NH 717A,599.0559692382812,24.014591217041016,-0.11827926337718964,320.740868452314,tree_cover,0.21395049284746998,low,random_forest-extended-v1-20260902
695976862_00_011,695976862,trunk,,NH 717A,592.39306640625,23.925138473510742,-0.0902385488152504,291.58260768392176,tree_cover,0.22332542708002373,low,random_forest-extended-v1-20260902
695976862_00_012,695976862,trunk,,NH 717A,575.550048828125,23.87470245361328,-0.12067700922489166,262.4243469155296,tree_cover,0.22924123125885768,low,random_forest-extended-v1-20260902
695976862_00_013,695976862,trunk,,NH 717A,538.3905944824219,23.369173049926758,-0.08517025411128998,210.26320860757602,tree_cover,0.24030864213354994,low,random_forest-extended-v1-20260902
695976862_00_014,695976862,trunk,,NH 717A,528.5686950683594,25.75576400756836,-0.04976401478052139,184.41303327450134,tree_cover,0.37942697199370506,low,random_forest-extended-v1-20260902
695976862_00_015,695976862,trunk,,NH 717A,542.4854125976562,28.743127822875977,-0.030065158382058144,145.79130384196088,tree_cover,0.4482076366575324,moderate,random_forest-extended-v1-20260902
695987647_00_000,695987647,tertiary,,,355.2764129638672,19.908021926879883,-0.10042537748813629,123.70802350161468,tree_cover,0.22611212231517422,low,random_forest-extended-v1-20260902
695987647_00_001,695987647,tertiary,,,386.3698425292969,23.701717376708984,-0.07489009946584702,145.79130384196088,tree_cover,0.33855285127285145,low,random_forest-extended-v1-20260902
695987647_00_002,695987647,tertiary,,,432.1435546875,26.228912353515625,-0.08205462247133255,130.39970636758034,tree_cover,0.4809732387216306,moderate,random_forest-extended-v1-20260902
695987647_00_003,695987647,tertiary,,,362.3084716796875,24.67923927307129,-0.06513399630784988,120.22258900738453,tree_cover,0.4049550626961215,low,random_forest-extended-v1-20260902
695987647_00_004,695987647,tertiary,,,385.23040771484375,24.946760177612305,-0.0676896795630455,184.41303327450134,tree_cover,0.36931635060869017,low,random_forest-extended-v1-20260902
695987647_00_005,695987647,tertiary,,,424.7890625,25.574962615966797,-0.08488310128450394,212.27534257419205,tree_cover,0.3654904632317176,low,random_forest-extended-v1-20260902
695987647_00_006,695987647,tertiary,,,389.1985168457031,21.58490753173828,-0.12397211790084839,123.70802350161468,tree_cover,0.28174538086180456,low,random_forest-extended-v1-20260902
695987647_00_007,695987647,tertiary,,,418.2322082519531,21.335840225219727,-0.05513381585478783,123.70802350161468,tree_cover,0.26351445899698855,low,random_forest-extended-v1-20260902
695987647_00_008,695987647,tertiary,,,452.28216552734375,22.85083770751953,-0.03481398895382881,174.94956461035306,tree_cover,0.2678230031778162,low,random_forest-extended-v1-20260902
695987647_00_009,695987647,tertiary,,,471.3305969238281,23.548696517944336,-0.051903318613767624,260.7994127351607,tree_cover,0.25594649942473313,low,random_forest-extended-v1-20260902
695987647_00_010,695987647,tertiary,,,459.20343017578125,23.323383331298828,-0.05268581584095955,227.73329671633672,tree_cover,0.2601046577947974,low,random_forest-extended-v1-20260902
695987647_00_011,695987647,tertiary,,,487.64678955078125,23.679489135742188,-0.07871644198894501,184.41303327450134,tree_cover,0.2844379254422347,low,random_forest-extended-v1-20260902
695987647_00_012,695987647,tertiary,,,493.9499206542969,24.236112594604492,-0.13632696866989136,145.79130384196088,tree_cover,0.33387012398442933,low,random_forest-extended-v1-20260902
695987647_00_013,695987647,tertiary,,,481.30450439453125,25.887004852294922,-0.12402236461639404,116.63304307356871,tree_cover,0.4601778237721745,moderate,random_forest-extended-v1-20260902
695987647_00_014,695987647,tertiary,,,493.0566711425781,28.858795166015625,-0.09579500555992126,170.02041587784976,tree_cover,0.4767696401811031,moderate,random_forest-extended-v1-20260902
695987647_00_015,695987647,tertiary,,,500.9023132324219,29.818302154541016,-0.12153847515583038,170.02041587784976,tree_cover,0.4738389496558854,moderate,random_forest-extended-v1-20260902
695987647_00_016,695987647,tertiary,,,524.5812377929688,31.46363639831543,-0.06627544015645981,164.94403133548627,tree_cover,0.5832549785729846,moderate,random_forest-extended-v1-20260902
695987647_00_017,695987647,tertiary,,,504.6272277832031,33.512290954589844,-0.09856246411800385,120.22258900738453,tree_cover,0.6187879168061844,high,random_forest-extended-v1-20260902
695987647_00_018,695987647,tertiary,,,533.8659057617188,31.346525192260742,-0.11266537755727768,116.63304307356871,tree_cover,0.5990905068828266,high,random_forest-extended-v1-20260902
695987647_00_019,695987647,tertiary,,,570.4732666015625,30.41887092590332,-0.009547913447022438,130.39970636758034,tree_cover,0.5594238380960822,moderate,random_forest-extended-v1-20260902
695987647_00_020,695987647,tertiary,,,552.8333129882812,28.328407287597656,-0.04034172743558884,130.39970636758034,tree_cover,0.46444717928163215,moderate,random_forest-extended-v1-20260902
695987648_00_000,695987648,trunk,,NH10,904.7030029296875,19.87709617614746,-0.0763833075761795,145.79130384196088,tree_cover,0.1584545963997969,low,random_forest-extended-v1-20260902
695987649_00_000,695987649,trunk,,NH10,733.3241577148438,27.327951431274414,-0.0617671012878418,105.13160430378801,tree_cover,0.3914946477120763,low,random_forest-extended-v1-20260902
695987649_00_001,695987649,trunk,,NH10,747.4661865234375,24.576160430908203,-0.0617671012878418,120.22258900738453,tree_cover,0.3008779497526657,low,random_forest-extended-v1-20260902
695987649_00_002,695987649,trunk,,NH10,796.3510131835938,26.837493896484375,-0.0034386846236884594,184.41303327450134,tree_cover,0.3057847634635053,low,random_forest-extended-v1-20260902
696064347_00_000,696064347,tertiary,,,1392.3992919921875,16.200485229492188,0.0076670460402965546,233.26608614713743,tree_cover,0.21411765319410142,low,random_forest-extended-v1-20260902
696693017_00_000,696693017,secondary,,MDR,837.2900390625,27.69562339782715,-0.15403009951114655,130.39970636758034,tree_cover,0.35740991608908607,low,random_forest-extended-v1-20260902
696693019_00_000,696693019,secondary,,MDR,854.2291870117188,33.341102600097656,-0.1964859962463379,177.36277605064052,tree_cover,0.5067668288888502,moderate,random_forest-extended-v1-20260902
696697551_00_000,696697551,secondary,,MDR,1177.5394287109375,25.206653594970703,-0.0763833075761795,105.13160430378801,tree_cover,0.38367948934929713,low,random_forest-extended-v1-20260902
696697552_00_000,696697552,secondary,,MDR,1175.8704223632812,25.05133056640625,-0.08920478820800781,92.20651663725067,tree_cover,0.38577796337697323,low,random_forest-extended-v1-20260902
696697553_00_000,696697553,secondary,,MDR,1173.795654296875,24.197067260742188,-0.07545004785060883,87.47478230517653,tree_cover,0.36853079450715776,low,random_forest-extended-v1-20260902
696697554_00_000,696697554,secondary,,MDR,1168.2317504882812,23.05824089050293,-0.058321237564086914,92.20651663725067,tree_cover,0.32948285284089174,low,random_forest-extended-v1-20260902
696697569_00_000,696697569,secondary,,MDR,839.749755859375,30.904211044311523,-0.1951722651720047,170.02041587784976,tree_cover,0.46602394145007586,moderate,random_forest-extended-v1-20260902
696697570_00_000,696697570,secondary,,MDR,841.349365234375,31.854873657226562,-0.2104274034500122,184.41303327450134,tree_cover,0.49181678901307607,moderate,random_forest-extended-v1-20260902
704392744_00_000,704392744,secondary,,,1343.3961181640625,17.50299072265625,-0.009964288212358952,352.3206053745417,tree_cover,0.26815045838356966,low,random_forest-extended-v1-20260902
704392745_00_000,704392745,secondary,,,1328.0643920898438,19.272449493408203,0.005915398709475994,392.284278244487,tree_cover,0.2444801493738911,low,random_forest-extended-v1-20260902
704392745_00_001,704392745,secondary,,,1289.8863525390625,21.241455078125,0.00795420166105032,516.6856972142671,tree_cover,0.27074769285887307,low,random_forest-extended-v1-20260902
704392745_00_002,704392745,secondary,,,1237.7258911132812,22.073631286621094,0.007595257367938757,599.3414138295229,tree_cover,0.2973441972790187,low,random_forest-extended-v1-20260902
704392746_00_000,704392746,secondary,,,1191.3217163085938,22.438232421875,-0.00287155294790864,524.8486938310592,tree_cover,0.2615485309037771,low,random_forest-extended-v1-20260902
704392746_00_001,704392746,secondary,,,1153.1932373046875,21.614341735839844,0.006719433702528477,392.284278244487,tree_cover,0.2170317247007472,low,random_forest-extended-v1-20260902
704675579_00_000,704675579,primary,Gangtok - Assam - Pakyong Road,SH2,1679.4597778320312,22.240610122680664,0.05329602211713791,589.6893300326549,tree_cover,0.29097650650499185,low,random_forest-extended-v1-20260902
704675584_00_000,704675584,tertiary,,,882.6950073242188,31.574295043945312,-0.18062067031860352,116.63304307356871,tree_cover,0.48628247143269826,moderate,random_forest-extended-v1-20260902
704675586_00_000,704675586,trunk,North Sikkim Highway,NH310A,1056.1650390625,28.087528228759766,-0.07880976796150208,235.08141380687945,tree_cover,0.37367986349828297,low,random_forest-extended-v1-20260902
704675586_00_001,704675586,trunk,North Sikkim Highway,NH310A,1083.6651000976562,25.22008514404297,-0.06784043461084366,276.619549911752,tree_cover,0.2344180319089062,low,random_forest-extended-v1-20260902
704675586_00_002,704675586,trunk,North Sikkim Highway,NH310A,1046.769287109375,27.862611770629883,-0.00010050435230368748,320.740868452314,tree_cover,0.3571359971459567,low,random_forest-extended-v1-20260902
704675588_00_000,704675588,primary,,SH,669.0986328125,30.088050842285156,-0.10710892081260681,148.67854064045866,tree_cover,0.47820606925501363,moderate,random_forest-extended-v1-20260902
704675589_00_000,704675589,primary,,SH,933.67919921875,24.773527145385742,-0.024666640907526016,170.02041587784976,tree_cover,0.22637635879753726,low,random_forest-extended-v1-20260902
704675589_00_001,704675589,primary,,SH,901.7323913574219,24.99075698852539,-0.026425465941429138,174.94956461035306,tree_cover,0.23743063354676694,low,random_forest-extended-v1-20260902
704675589_00_002,704675589,primary,,SH,896.1537475585938,25.651920318603516,-0.06026671826839447,120.22258900738453,tree_cover,0.3026306822670524,low,random_forest-extended-v1-20260902
704675589_00_003,704675589,primary,,SH,908.9148559570312,27.83787727355957,-0.10239957273006439,105.13160430378801,tree_cover,0.39273896457045104,low,random_forest-extended-v1-20260902
704675589_00_004,704675589,primary,,SH,862.1902465820312,28.629802703857422,-0.11176083981990814,116.63304307356871,tree_cover,0.36905915692277946,low,random_forest-extended-v1-20260902
704675589_00_005,704675589,primary,,SH,844.1466064453125,30.14496612548828,-0.07120015472173691,145.79130384196088,tree_cover,0.44704065972683577,moderate,random_forest-extended-v1-20260902
704675589_00_006,704675589,primary,,SH,752.8777465820312,29.853181838989258,-0.09863066673278809,145.79130384196088,tree_cover,0.38067707913520693,low,random_forest-extended-v1-20260902
704675589_00_007,704675589,primary,,SH,772.6719360351562,26.649168014526367,-0.0746675580739975,145.79130384196088,tree_cover,0.3165183476686478,low,random_forest-extended-v1-20260902
704675589_00_008,704675589,primary,,SH,768.328857421875,24.91012191772461,-0.06393512338399887,116.63304307356871,tree_cover,0.2984561393461198,low,random_forest-extended-v1-20260902
704675589_00_009,704675589,primary,,SH,725.5120239257812,27.18931770324707,-0.08574456721544266,105.13160430378801,tree_cover,0.38029265194106954,low,random_forest-extended-v1-20260902
704675589_00_010,704675589,primary,,SH,716.0806884765625,29.474590301513672,-0.13397946953773499,105.13160430378801,tree_cover,0.4309457780591897,moderate,random_forest-extended-v1-20260902
740111603_00_000,740111603,tertiary,,,1199.1397705078125,35.247718811035156,-0.06923314183950424,116.63304307356871,tree_cover,0.535728091936632,moderate,random_forest-extended-v1-20260902
740111603_01_000,740111603,tertiary,,,1217.8397827148438,34.926719665527344,-0.01834922283887863,170.02041587784976,tree_cover,0.5701633350771538,moderate,random_forest-extended-v1-20260902
742390369_00_000,742390369,primary,Rannipool - Rumtek - Sirwani Road,SH1,1273.4276733398438,18.528369903564453,0.026001911610364914,276.619549911752,tree_cover,0.29167256105750555,low,random_forest-extended-v1-20260902
742390371_00_000,742390371,primary,Rannipool - Rumtek - Sirwani Road,SH1,1249.5816650390625,19.467920303344727,0.03767477348446846,250.82884335095778,tree_cover,0.2589475484922652,low,random_forest-extended-v1-20260902
742390371_00_001,742390371,primary,Rannipool - Rumtek - Sirwani Road,SH1,1216.1348876953125,18.01209259033203,0.02205352671444416,206.18003916935783,tree_cover,0.25741713960976703,low,random_forest-extended-v1-20260902
742390371_00_002,742390371,primary,Rannipool - Rumtek - Sirwani Road,SH1,1191.931884765625,17.32744789123535,-0.0024408199824392796,204.10782537874525,tree_cover,0.2191793042052046,low,random_forest-extended-v1-20260902
742390371_00_003,742390371,primary,Rannipool - Rumtek - Sirwani Road,SH1,1101.2755126953125,17.928585052490234,-0.051199786365032196,148.67854064045866,tree_cover,0.17575561991977443,low,random_forest-extended-v1-20260902
742390371_00_004,742390371,primary,Rannipool - Rumtek - Sirwani Road,SH1,1050.0369873046875,20.944564819335938,-0.04416448250412941,186.70396624747931,tree_cover,0.1658354468210073,low,random_forest-extended-v1-20260902
742390371_00_005,742390371,primary,Rannipool - Rumtek - Sirwani Road,SH1,1049.7964477539062,23.766433715820312,-0.048091329634189606,184.41303327450134,tree_cover,0.22566692758427537,low,random_forest-extended-v1-20260902
742390371_00_006,742390371,primary,Rannipool - Rumtek - Sirwani Road,SH1,1019.78564453125,24.422182083129883,-0.05052497237920761,148.67854064045866,tree_cover,0.24131378827366523,low,random_forest-extended-v1-20260902
742390371_00_007,742390371,primary,Rannipool - Rumtek - Sirwani Road,SH1,988.8720703125,22.827592849731445,-0.05796229466795921,177.36277605064052,tree_cover,0.20474803544056552,low,random_forest-extended-v1-20260902
742390371_00_008,742390371,primary,Rannipool - Rumtek - Sirwani Road,SH1,989.5648803710938,22.373291015625,-0.06873062252998352,148.67854064045866,tree_cover,0.2183020975598366,low,random_forest-extended-v1-20260902
879401691_00_000,879401691,trunk,,NH10,301.4818420410156,10.729994773864746,-0.07519160956144333,145.79130384196088,tree_cover,0.19158546056039819,low,random_forest-extended-v1-20260902
880543425_00_000,880543425,secondary,,,519.1705932617188,21.942859649658203,-0.08395703136920929,105.13160430378801,tree_cover,0.345671776760643,low,random_forest-extended-v1-20260902
880584236_00_000,880584236,trunk,,NH 717A,1222.096923828125,18.40975570678711,-0.02868681401014328,164.94403133548627,tree_cover,0.2711592315819721,low,random_forest-extended-v1-20260902
880584237_00_000,880584237,trunk,,NH 717A,1184.8484497070312,19.001636505126953,-0.05816330388188362,174.94956461035306,tree_cover,0.20852029030555796,low,random_forest-extended-v1-20260902
880584237_00_001,880584237,trunk,,NH 717A,1156.9027709960938,20.42670249938965,-0.017430327832698822,248.27216810765867,tree_cover,0.19950166635731617,low,random_forest-extended-v1-20260902
880584237_00_002,880584237,trunk,,NH 717A,1113.0568237304688,22.12706756591797,-0.025513745844364166,331.1716931692516,tree_cover,0.1958112485908378,low,random_forest-extended-v1-20260902
880584237_00_003,880584237,trunk,,NH 717A,1110.599609375,21.2926025390625,-0.008212640881538391,249.128289212088,tree_cover,0.1904912246618333,low,random_forest-extended-v1-20260902
880584237_00_004,880584237,trunk,,NH 717A,1064.3128662109375,21.92401885986328,-0.02710745856165886,309.23262957157425,tree_cover,0.19471343187595377,low,random_forest-extended-v1-20260902
880584237_00_005,880584237,trunk,,NH 717A,1025.481201171875,21.982067108154297,-0.024422556161880493,322.06351682017964,tree_cover,0.1781528125051932,low,random_forest-extended-v1-20260902
880584237_00_006,880584237,trunk,,NH 717A,1035.60546875,22.281164169311523,0.013855243101716042,525.6580215189401,tree_cover,0.20293745112822426,low,random_forest-extended-v1-20260902
880584237_00_007,880584237,trunk,,NH 717A,1013.7045288085938,21.33307647705078,0.03173065930604935,601.1129450369226,tree_cover,0.18298521360226372,low,random_forest-extended-v1-20260902
880584237_00_008,880584237,trunk,,NH 717A,975.0684204101562,23.267135620117188,0.05485383793711662,535.2745142818376,tree_cover,0.21510332452516256,low,random_forest-extended-v1-20260902
880584237_00_009,880584237,trunk,,NH 717A,941.0749816894531,24.078744888305664,0.036447182297706604,485.2901764690933,tree_cover,0.21833459269923172,low,random_forest-extended-v1-20260902
880584237_00_010,880584237,trunk,,NH 717A,963.3791198730469,21.46270751953125,0.06501196324825287,553.6230272114777,tree_cover,0.19813077402671309,low,random_forest-extended-v1-20260902
880584237_00_011,880584237,trunk,,NH 717A,946.4040832519531,21.96146011352539,0.018040530383586884,537.6517629030615,tree_cover,0.20103528266410295,low,random_forest-extended-v1-20260902
880584237_00_012,880584237,trunk,,NH 717A,925.9039611816406,21.734317779541016,0.042341046035289764,532.0883281519216,tree_cover,0.19605852383824857,low,random_forest-extended-v1-20260902
880584237_00_013,880584237,trunk,,NH 717A,884.0809631347656,23.767047882080078,0.035887233912944794,495.690433062667,tree_cover,0.2397019783761322,low,random_forest-extended-v1-20260902
880584237_00_014,880584237,trunk,,NH 717A,878.3385009765625,22.225839614868164,0.041673414409160614,480.8903560295381,tree_cover,0.21278577571325102,low,random_forest-extended-v1-20260902
880584237_00_015,880584237,trunk,,NH 717A,858.0855102539062,22.331880569458008,-0.00341714802198112,340.0408317556995,tree_cover,0.19491426396727968,low,random_forest-extended-v1-20260902
880584237_00_016,880584237,trunk,,NH 717A,827.6405334472656,22.613361358642578,-0.006647645030170679,235.08141380687945,tree_cover,0.2163998125397172,low,random_forest-extended-v1-20260902
880584237_00_017,880584237,trunk,,NH 717A,836.7871704101562,23.21491241455078,-0.02068953961133957,206.18003916935783,tree_cover,0.2070678511547128,low,random_forest-extended-v1-20260902
880584237_00_018,880584237,trunk,,NH 717A,815.1163940429688,23.36037826538086,-0.02396310865879059,210.26320860757602,tree_cover,0.21078714915234828,low,random_forest-extended-v1-20260902
880584237_00_019,880584237,trunk,,NH 717A,784.619140625,23.399240493774414,0.03461657091975212,304.421179688756,tree_cover,0.22342574406957685,low,random_forest-extended-v1-20260902
880584237_00_020,880584237,trunk,,NH 717A,713.3915405273438,24.591949462890625,-0.0028859106823801994,293.03689405055025,tree_cover,0.22767684795074117,low,random_forest-extended-v1-20260902
880584237_00_021,880584237,trunk,,NH 717A,675.8540649414062,25.36208152770996,0.006920442450791597,235.08141380687945,tree_cover,0.27309812770648295,low,random_forest-extended-v1-20260902
880584237_00_022,880584237,trunk,,NH 717A,727.5240478515625,23.910905838012695,0.00110554788261652,235.08141380687945,tree_cover,0.23261671033799217,low,random_forest-extended-v1-20260902
880584237_00_023,880584237,trunk,,NH 717A,716.7683715820312,24.212759017944336,0.0029864150565117598,222.06269817368786,tree_cover,0.2235149151750517,low,random_forest-extended-v1-20260902
880584237_00_024,880584237,trunk,,NH 717A,632.4488525390625,25.030607223510742,-0.029160618782043457,170.02041587784976,tree_cover,0.30684329394642285,low,random_forest-extended-v1-20260902
880584237_00_025,880584237,trunk,,NH 717A,620.5627136230469,27.43509292602539,-0.04743087291717529,186.70396624747931,tree_cover,0.39619087775412304,low,random_forest-extended-v1-20260902
880584237_00_026,880584237,trunk,,NH 717A,575.4430236816406,26.168106079101562,-0.05736285820603371,145.79130384196088,tree_cover,0.4088287060816378,low,random_forest-extended-v1-20260902
880584237_00_027,880584237,trunk,,NH 717A,556.3165283203125,25.7867431640625,-0.07623972743749619,123.70802350161468,tree_cover,0.3960354825242041,low,random_forest-extended-v1-20260902
880584237_00_028,880584237,trunk,,NH 717A,538.49072265625,25.52789878845215,-0.08395703136920929,120.22258900738453,tree_cover,0.413665728921153,low,random_forest-extended-v1-20260902
880584237_00_029,880584237,trunk,,NH 717A,529.6035766601562,26.20438003540039,-0.10934872925281525,120.22258900738453,tree_cover,0.4499650954790285,moderate,random_forest-extended-v1-20260902
880897088_00_000,880897088,secondary,,MDR,465.2967224121094,24.466001510620117,-0.10768323391675949,157.02203972719624,tree_cover,0.3337197494210682,low,random_forest-extended-v1-20260902
880897089_00_000,880897089,secondary,,MDR,510.7478942871094,23.01527976989746,-0.09732410311698914,157.02203972719624,tree_cover,0.2625436190668901,low,random_forest-extended-v1-20260902
880897089_00_001,880897089,secondary,,MDR,441.9990539550781,21.17180633544922,-0.1384519338607788,145.79130384196088,tree_cover,0.23896474590009886,low,random_forest-extended-v1-20260902
880897089_00_002,880897089,secondary,,MDR,461.6523132324219,24.024267196655273,-0.10583826154470444,170.02041587784976,tree_cover,0.3036634437124973,low,random_forest-extended-v1-20260902
904991373_00_000,904991373,tertiary,,,1405.9727783203125,25.580848693847656,0.0903390571475029,704.6412107490834,tree_cover,0.366464141751446,low,random_forest-extended-v1-20260902
904991373_00_001,904991373,tertiary,,,1433.209228515625,26.691741943359375,0.08333246409893036,728.9565192098045,tree_cover,0.4114537525912011,low,random_forest-extended-v1-20260902
904991373_00_002,904991373,tertiary,,,1479.365234375,26.872283935546875,0.06644773483276367,752.4865300528734,tree_cover,0.42212047232412625,low,random_forest-extended-v1-20260902
904991373_00_003,904991373,tertiary,,,1533.98779296875,26.2357177734375,0.045628976076841354,765.3696321679334,tree_cover,0.46408287635947315,moderate,random_forest-extended-v1-20260902
904991373_00_004,904991373,tertiary,,,1589.2879638671875,26.700777053833008,0.05137208104133606,735.9212301265161,tree_cover,0.454632174561564,moderate,random_forest-extended-v1-20260902
904991373_00_005,904991373,tertiary,,,1586.1490478515625,27.985544204711914,0.046978604048490524,542.3750023544552,tree_cover,0.5220320760589157,moderate,random_forest-extended-v1-20260902
904991373_00_006,904991373,tertiary,,,1592.6275634765625,28.82779312133789,0.032850563526153564,470.1628276137589,tree_cover,0.4957960786246871,moderate,random_forest-extended-v1-20260902
904991373_00_007,904991373,tertiary,,,1596.4134521484375,26.544469833374023,0.08382062613964081,417.4827601981901,tree_cover,0.437267975694132,moderate,random_forest-extended-v1-20260902
904991373_00_008,904991373,tertiary,,,1545.5681762695312,26.807788848876953,0.04061811417341232,379.05738998909834,tree_cover,0.4331938623169387,moderate,random_forest-extended-v1-20260902
904991373_00_009,904991373,tertiary,,,1493.1204833984375,26.48461151123047,0.018176930025219917,300.2026684258173,tree_cover,0.40997542291578287,low,random_forest-extended-v1-20260902
904991373_00_010,904991373,tertiary,,,1547.982421875,25.552013397216797,0.005168795119971037,379.05738998909834,tree_cover,0.3857045112837826,low,random_forest-extended-v1-20260902
904991373_00_011,904991373,tertiary,,,1533.2534790039062,26.357906341552734,-0.0067050764337182045,288.65205483710093,tree_cover,0.4456521319594496,moderate,random_forest-extended-v1-20260902
904991373_00_012,904991373,tertiary,,,1599.279541015625,28.037708282470703,0.019296836107969284,268.82588145153073,tree_cover,0.5039319899951576,moderate,random_forest-extended-v1-20260902
904991373_00_013,904991373,tertiary,,,1676.1393432617188,29.290802001953125,0.04196774587035179,227.73329671633672,tree_cover,0.48219247422446077,moderate,random_forest-extended-v1-20260902
904991373_00_014,904991373,tertiary,,,1632.6184692382812,27.63459014892578,0.03619592636823654,157.02203972719624,tree_cover,0.5166908577629261,moderate,random_forest-extended-v1-20260902
904991373_00_015,904991373,tertiary,,,1586.4146728515625,26.732595443725586,-0.017573904246091843,130.39970636758034,tree_cover,0.48554538298073613,moderate,random_forest-extended-v1-20260902
904991373_00_016,904991373,tertiary,,,1588.8939819335938,27.080303192138672,0.03946949541568756,145.79130384196088,tree_cover,0.47365456166780034,moderate,random_forest-extended-v1-20260902
904991373_00_017,904991373,tertiary,,,1638.591796875,26.866230010986328,0.0171862430870533,148.67854064045866,tree_cover,0.4625092632967427,moderate,random_forest-extended-v1-20260902
904991373_00_018,904991373,tertiary,,,1663.7330322265625,29.142702102661133,0.02239811234176159,145.79130384196088,tree_cover,0.494886432937174,moderate,random_forest-extended-v1-20260902
904991373_00_019,904991373,tertiary,,,1669.2987060546875,28.9908390045166,0.013410151936113834,116.63304307356871,tree_cover,0.5061343099171028,moderate,random_forest-extended-v1-20260902
904991373_00_020,904991373,tertiary,,,1633.1552734375,26.084741592407227,-0.014242902398109436,145.79130384196088,tree_cover,0.4740235551648983,moderate,random_forest-extended-v1-20260902
904991373_00_021,904991373,tertiary,,,1610.4462890625,24.584413528442383,0.058263808488845825,260.7994127351607,tree_cover,0.2907226101703462,low,random_forest-extended-v1-20260902
904991373_00_022,904991373,tertiary,,,1658.8563232421875,24.816455841064453,0.09318189322948456,391.199119102741,tree_cover,0.30403407239928787,low,random_forest-extended-v1-20260902
904991373_00_023,904991373,tertiary,,,1675.272705078125,25.59937286376953,0.15443211793899536,394.4397510858954,tree_cover,0.3739793805487065,low,random_forest-extended-v1-20260902
905001894_00_000,905001894,tertiary,,,1311.751220703125,28.62764549255371,0.03552110865712166,210.26320860757602,tree_cover,0.45911786793560594,moderate,random_forest-extended-v1-20260902
905001894_00_001,905001894,tertiary,,,1230.5177001953125,28.694700241088867,0.031127633526921272,174.94956461035306,tree_cover,0.4335184091069657,moderate,random_forest-extended-v1-20260902
905001894_01_000,905001894,tertiary,,,1174.3157958984375,28.325355529785156,0.024939436465501785,174.94956461035306,tree_cover,0.3666527970376635,low,random_forest-extended-v1-20260902
905001894_02_000,905001894,tertiary,,,1174.8753662109375,28.165287017822266,0.042484626173973083,174.94956461035306,tree_cover,0.37087919369853994,low,random_forest-extended-v1-20260902
905001894_03_000,905001894,tertiary,,,1182.9267578125,27.95079231262207,0.0573018379509449,174.94956461035306,tree_cover,0.3786740541782871,low,random_forest-extended-v1-20260902
905055971_00_000,905055971,tertiary,,,1351.35302734375,31.280466079711914,0.04244155064225197,235.08141380687945,tree_cover,0.5720990692411486,moderate,random_forest-extended-v1-20260902
905055971_00_001,905055971,tertiary,,,1368.0478515625,30.088693618774414,-0.06873062252998352,170.02041587784976,tree_cover,0.49946916197447727,moderate,random_forest-extended-v1-20260902
905055971_00_002,905055971,tertiary,,,1358.3967895507812,30.136953353881836,-0.01422854419797659,130.39970636758034,tree_cover,0.5137001830166286,moderate,random_forest-extended-v1-20260902
905055971_00_003,905055971,tertiary,,,1368.2681884765625,31.86085319519043,-0.11715935915708542,105.13160430378801,tree_cover,0.6157087235386659,high,random_forest-extended-v1-20260902
905061014_00_000,905061014,tertiary,,,1535.2561645507812,24.487327575683594,-0.03941206634044647,212.27534257419205,tree_cover,0.31573204619261264,low,random_forest-extended-v1-20260902
905061014_00_001,905061014,tertiary,,,1534.5315551757812,24.534713745117188,0.00927511602640152,365.35196024230754,tree_cover,0.3014662905652368,low,random_forest-extended-v1-20260902
905061014_00_002,905061014,tertiary,,,1515.5464477539062,27.18169403076172,0.0039053119253367186,314.0440794543925,tree_cover,0.43086776953035044,moderate,random_forest-extended-v1-20260902
905061014_00_003,905061014,tertiary,,,1404.8218994140625,30.184326171875,-0.11477597057819366,145.79130384196088,tree_cover,0.5467020177303991,moderate,random_forest-extended-v1-20260902
905284849_00_000,905284849,tertiary,,,1260.6668090820312,33.737876892089844,0.04054632782936096,148.67854064045866,tree_cover,0.5898759733382722,moderate,random_forest-extended-v1-20260902
905288233_00_000,905288233,tertiary,,,1420.8698120117188,24.06192398071289,0.08287301659584045,730.7039204846151,tree_cover,0.3409190825771807,low,random_forest-extended-v1-20260902
921657309_00_000,921657309,tertiary,,,4098.935546875,31.119853973388672,-0.14179727435112,148.67854064045866,grassland,0.5201260419324462,moderate,random_forest-extended-v1-20260902
921657309_00_001,921657309,tertiary,,,4127.9658203125,32.11228561401367,-0.152766615152359,157.02203972719624,grassland,0.5126276414137168,moderate,random_forest-extended-v1-20260902
921657309_00_002,921657309,tertiary,,,4177.84375,33.871212005615234,-0.152766615152359,204.10782537874525,grassland,0.5172846923078458,moderate,random_forest-extended-v1-20260902
921657309_00_003,921657309,tertiary,,,4208.22216796875,32.97469711303711,-0.1119905635714531,204.10782537874525,grassland,0.5094356827798389,moderate,random_forest-extended-v1-20260902
921657309_00_004,921657309,tertiary,,,4237.974609375,31.025461196899414,-0.10245700925588608,174.94956461035306,grassland,0.5037639695548898,moderate,random_forest-extended-v1-20260902
921657309_00_005,921657309,tertiary,,,4239.9140625,28.807018280029297,-0.0893627256155014,123.70802350161468,grassland,0.5436381017074191,moderate,random_forest-extended-v1-20260902
921657309_00_006,921657309,tertiary,,,4272.345458984375,28.80219841003418,-0.08953502029180527,120.22258900738453,grassland,0.5479013993259798,moderate,random_forest-extended-v1-20260902
921657309_00_007,921657309,tertiary,,,4286.1103515625,29.414546966552734,-0.10923387110233307,105.13160430378801,grassland,0.5750582458078859,moderate,random_forest-extended-v1-20260902
921657309_00_008,921657309,tertiary,,,4306.0625,29.534061431884766,-0.10705149173736572,123.70802350161468,grassland,0.5426573532906026,moderate,random_forest-extended-v1-20260902
921657309_00_009,921657309,tertiary,,,4343.46240234375,24.777587890625,-0.10417994111776352,123.70802350161468,grassland,0.4789484683084827,moderate,random_forest-extended-v1-20260902
921657309_01_000,921657309,tertiary,,,4568.181884765625,26.747879028320312,-0.10986561328172684,145.79130384196088,grassland,0.46994918755983456,moderate,random_forest-extended-v1-20260902
921657309_01_001,921657309,tertiary,,,4575.27099609375,25.88036346435547,-0.10590287297964096,170.02041587784976,grassland,0.44063857867738354,moderate,random_forest-extended-v1-20260902
921657309_01_002,921657309,tertiary,,,4624.66748046875,25.237180709838867,-0.09671390056610107,170.02041587784976,grassland,0.4266409651500472,moderate,random_forest-extended-v1-20260902
921657309_01_003,921657309,tertiary,,,4631.198974609375,25.32034683227539,-0.10578800737857819,145.79130384196088,grassland,0.4294556640437152,moderate,random_forest-extended-v1-20260902
921657309_01_004,921657309,tertiary,,,4647.030517578125,25.47100067138672,-0.15919889509677887,145.79130384196088,grassland,0.44457844887420256,moderate,random_forest-extended-v1-20260902
921657309_01_005,921657309,tertiary,,,4689.23876953125,25.812288284301758,-0.1268077790737152,174.94956461035306,grassland,0.4392677273065322,moderate,random_forest-extended-v1-20260902
921657309_01_006,921657309,tertiary,,,4745.71728515625,25.959749221801758,-0.12749694287776947,195.5995595513705,bare_sparse_vegetation,0.44903590408140076,moderate,random_forest-extended-v1-20260902
921657309_01_007,921657309,tertiary,,,4759.95703125,25.302562713623047,-0.16896216571331024,186.70396624747931,bare_sparse_vegetation,0.4393129271220962,moderate,random_forest-extended-v1-20260902
921657309_01_008,921657309,tertiary,,,4768.337890625,24.86245346069336,-0.1628744751214981,195.5995595513705,bare_sparse_vegetation,0.4227032589829898,low,random_forest-extended-v1-20260902
921657309_01_009,921657309,tertiary,,,4802.37939453125,25.54816436767578,-0.15724623203277588,235.08141380687945,bare_sparse_vegetation,0.4470228090430095,moderate,random_forest-extended-v1-20260902
921657309_02_000,921657309,tertiary,,,4835.122314453125,25.677955627441406,-0.17338436841964722,291.58260768392176,bare_sparse_vegetation,0.44411469544935434,moderate,random_forest-extended-v1-20260902
921657310_00_000,921657310,tertiary,,,4059.2275390625,28.606407165527344,-0.16207043826580048,130.39970636758034,grassland,0.5489716937091426,moderate,random_forest-extended-v1-20260902
921832720_00_000,921832720,secondary,North Sikkim Highway,NH310A,1467.79931640625,25.698867797851562,0.025729112327098846,105.13160430378801,tree_cover,0.4853781161793854,moderate,random_forest-extended-v1-20260902
921832721_00_000,921832721,secondary,North Sikkim Highway,NH310A,1471.5670166015625,25.630008697509766,0.032276254147291183,105.13160430378801,tree_cover,0.48077870063300887,moderate,random_forest-extended-v1-20260902
921832722_00_000,921832722,secondary,North Sikkim Highway,NH310A,1473.425537109375,25.685935974121094,0.04004380479454994,105.13160430378801,tree_cover,0.4776849255533003,moderate,random_forest-extended-v1-20260902
921832723_00_000,921832723,secondary,North Sikkim Highway,NH310A,1445.630126953125,23.987958908081055,0.04824208840727806,105.13160430378801,tree_cover,0.4100849261754643,low,random_forest-extended-v1-20260902
947935427_00_000,947935427,tertiary,,,4545.0029296875,25.4124755859375,-0.17792141437530518,116.63304307356871,moss_lichen,0.31968163269807437,low,random_forest-extended-v1-20260902
947935427_00_001,947935427,tertiary,,,4579.7529296875,25.20914077758789,-0.17229317128658295,116.63304307356871,moss_lichen,0.3200981159521613,low,random_forest-extended-v1-20260902
947935427_00_002,947935427,tertiary,,,4618.412109375,23.109155654907227,-0.14311820268630981,123.70802350161468,moss_lichen,0.31324480233697316,low,random_forest-extended-v1-20260902
947935431_00_000,947935431,tertiary,,,4391.58447265625,28.26494026184082,-0.17022565007209778,116.63304307356871,grassland,0.5558501742189189,moderate,random_forest-extended-v1-20260902
947935431_00_001,947935431,tertiary,,,4407.444091796875,27.887832641601562,-0.17895516753196716,105.13160430378801,grassland,0.5751343041590925,moderate,random_forest-extended-v1-20260902
947935431_00_002,947935431,tertiary,,,4435.41455078125,27.917192459106445,-0.1945764124393463,105.13160430378801,moss_lichen,0.3589432213759069,low,random_forest-extended-v1-20260902
947935431_00_003,947935431,tertiary,,,4473.89990234375,27.385784149169922,-0.18228617310523987,105.13160430378801,moss_lichen,0.35625587524265306,low,random_forest-extended-v1-20260902
947935431_00_004,947935431,tertiary,,,4522.04931640625,26.816373825073242,-0.2104274034500122,120.22258900738453,moss_lichen,0.3009704215310556,low,random_forest-extended-v1-20260902
947935431_00_005,947935431,tertiary,,,4551.57568359375,27.894432067871094,-0.14587488770484924,145.79130384196088,moss_lichen,0.2798870298905448,low,random_forest-extended-v1-20260902
947935431_00_006,947935431,tertiary,,,4559.8779296875,27.141939163208008,-0.10624745488166809,145.79130384196088,moss_lichen,0.2697524005080631,low,random_forest-extended-v1-20260902
947935431_00_007,947935431,tertiary,,,4548.318359375,28.361352920532227,-0.10395021736621857,145.79130384196088,moss_lichen,0.28121231279477515,low,random_forest-extended-v1-20260902
947935431_00_008,947935431,tertiary,,,4507.46337890625,31.845735549926758,-0.16540144383907318,195.5995595513705,moss_lichen,0.3004868972112719,low,random_forest-extended-v1-20260902
947935431_00_009,947935431,tertiary,,,4604.99169921875,28.641382217407227,-0.11589587479829788,170.02041587784976,bare_sparse_vegetation,0.5005352230758162,moderate,random_forest-extended-v1-20260902
947935431_00_010,947935431,tertiary,,,4620.61572265625,25.510982513427734,-0.19629935920238495,145.79130384196088,bare_sparse_vegetation,0.4593930578064742,moderate,random_forest-extended-v1-20260902
947935431_00_011,947935431,tertiary,,,4657.70068359375,28.61903953552246,-0.1974479705095291,186.70396624747931,bare_sparse_vegetation,0.49927004233880645,moderate,random_forest-extended-v1-20260902
947935431_00_012,947935431,tertiary,,,4710.62109375,27.05988311767578,-0.14237159490585327,247.41604700322935,bare_sparse_vegetation,0.4605288254947388,moderate,random_forest-extended-v1-20260902
947935431_00_013,947935431,tertiary,,,4754.2978515625,27.232969284057617,-0.12795639038085938,300.2026684258173,bare_sparse_vegetation,0.47248570389590705,moderate,random_forest-extended-v1-20260902
947935431_00_014,947935431,tertiary,,,4701.8408203125,26.6898250579834,-0.12864556908607483,174.94956461035306,bare_sparse_vegetation,0.4621659285578593,moderate,random_forest-extended-v1-20260902
947935433_00_000,947935433,tertiary,,,4213.6044921875,33.3022346496582,-0.17861059308052063,145.79130384196088,grassland,0.5255492155145457,moderate,random_forest-extended-v1-20260902
947935433_00_001,947935433,tertiary,,,4206.796875,33.49312973022461,-0.18584690988063812,164.94403133548627,grassland,0.5256140004193797,moderate,random_forest-extended-v1-20260902
947935433_00_002,947935433,tertiary,,,4238.97900390625,32.888153076171875,-0.2022721916437149,186.70396624747931,grassland,0.5224111818822728,moderate,random_forest-extended-v1-20260902
947935433_00_003,947935433,tertiary,,,4285.65673828125,31.750900268554688,-0.18331994116306305,186.70396624747931,grassland,0.5168895954978124,moderate,random_forest-extended-v1-20260902
947935433_00_004,947935433,tertiary,,,4296.377685546875,32.06011199951172,-0.16838786005973816,206.18003916935783,grassland,0.4987447778971126,moderate,random_forest-extended-v1-20260902
947935433_00_005,947935433,tertiary,,,4307.267578125,31.113454818725586,-0.16034750640392303,206.18003916935783,grassland,0.4941188398838357,moderate,random_forest-extended-v1-20260902
947935433_00_006,947935433,tertiary,,,4356.45849609375,29.72954750061035,-0.18125241994857788,145.79130384196088,grassland,0.5034233985289308,moderate,random_forest-extended-v1-20260902
947935434_00_000,947935434,tertiary,,,4178.9892578125,33.035850524902344,-0.20497144758701324,123.70802350161468,grassland,0.5597308923073041,moderate,random_forest-extended-v1-20260902
947935435_00_000,947935435,tertiary,,,4182.45849609375,33.227481842041016,-0.18343479931354523,123.70802350161468,grassland,0.5644676647940765,moderate,random_forest-extended-v1-20260902
947935436_00_000,947935436,tertiary,,,4154.27197265625,32.370391845703125,-0.155753031373024,116.63304307356871,grassland,0.5661985636988525,moderate,random_forest-extended-v1-20260902
947935437_00_000,947935437,tertiary,,,4119.11181640625,31.707685470581055,-0.1763133406639099,177.36277605064052,grassland,0.5146303362385531,moderate,random_forest-extended-v1-20260902
947935437_00_001,947935437,tertiary,,,4146.4677734375,31.85955810546875,-0.18429626524448395,145.79130384196088,grassland,0.516938170932533,moderate,random_forest-extended-v1-20260902
947935438_00_000,947935438,tertiary,,,4097.036865234375,31.271968841552734,-0.166320338845253,195.5995595513705,grassland,0.5090103219935389,moderate,random_forest-extended-v1-20260902
947935439_00_000,947935439,tertiary,,,4012.33935546875,32.23366165161133,-0.1720634400844574,145.79130384196088,grassland,0.521818699354728,moderate,random_forest-extended-v1-20260902
947935439_01_000,947935439,tertiary,,,4030.35986328125,32.55234909057617,-0.14685121178627014,145.79130384196088,grassland,0.5231795345979161,moderate,random_forest-extended-v1-20260902
947935439_01_001,947935439,tertiary,,,4061.96826171875,33.521392822265625,-0.1523071676492691,145.79130384196088,grassland,0.5335230255895501,moderate,random_forest-extended-v1-20260902
947935439_01_002,947935439,tertiary,,,4081.4833984375,33.83670425415039,-0.16563117504119873,174.94956461035306,grassland,0.5353635446741022,moderate,random_forest-extended-v1-20260902
947935439_01_003,947935439,tertiary,,,4100.831298828125,32.23863220214844,-0.1499525010585785,212.27534257419205,grassland,0.5068681916638168,moderate,random_forest-extended-v1-20260902
962988905_00_000,962988905,trunk,,NH 717B,3870.13916015625,28.480871200561523,-0.19021166861057281,116.63304307356871,grassland,0.657547627473957,high,random_forest-extended-v1-20260902
1005991024_00_000,1005991024,tertiary,Gipmochi Highway,,3819.282958984375,22.788204193115234,-0.05203253775835037,408.2156507574905,grassland,0.47322221852521673,moderate,random_forest-extended-v1-20260902
1005991024_00_001,1005991024,tertiary,Gipmochi Highway,,3774.748046875,23.175390243530273,-0.10647717863321304,291.58260768392176,grassland,0.47666762475824953,moderate,random_forest-extended-v1-20260902
1005991024_00_002,1005991024,tertiary,Gipmochi Highway,,3770.279052734375,24.747333526611328,-0.06038875877857208,389.01971986608265,grassland,0.5022514667758279,moderate,random_forest-extended-v1-20260902
1005991025_00_000,1005991025,tertiary,Gipmochi Highway,,3869.6275634765625,19.678796768188477,-0.01941169798374176,446.03562192137605,grassland,0.343987518564351,low,random_forest-extended-v1-20260902
1005991026_00_000,1005991026,tertiary,Gipmochi Highway,,3870.142333984375,18.865188598632812,-0.01705702394247055,424.5506851483841,grassland,0.3139873246264691,low,random_forest-extended-v1-20260902
1005991027_00_000,1005991027,tertiary,Gipmochi Highway,,3888.0703125,18.79860496520996,0.019670136272907257,479.56069508188835,grassland,0.31108564638268554,low,random_forest-extended-v1-20260902
1009139549_00_000,1009139549,tertiary,Todey Road,,1359.5010986328125,24.395912170410156,0.023948751389980316,145.79130384196088,tree_cover,0.3390182254498107,low,random_forest-extended-v1-20260902
1009139550_00_000,1009139550,tertiary,Todey Road,,1323.9393310546875,24.095783233642578,0.07824981212615967,210.26320860757602,tree_cover,0.2723744392829235,low,random_forest-extended-v1-20260902
1021879547_00_000,1021879547,tertiary,North Sikkim Highway,NH310A,1536.1502685546875,37.744598388671875,-0.1054721400141716,195.5995595513705,tree_cover,0.6150960274683047,high,random_forest-extended-v1-20260902
1055262546_00_000,1055262546,tertiary,,,4759.400390625,29.394996643066406,-0.0692044198513031,275.0784819325981,bare_sparse_vegetation,0.4869800879594001,moderate,random_forest-extended-v1-20260902
1082170716_00_000,1082170716,tertiary,,,4062.6248779296875,29.646728515625,-0.13105767965316772,145.79130384196088,grassland,0.5056269281864078,moderate,random_forest-extended-v1-20260902
1082170718_00_000,1082170718,tertiary,,,4040.139404296875,29.623981475830078,-0.10923387110233307,164.94403133548627,grassland,0.5029690823317029,moderate,random_forest-extended-v1-20260902
1082170721_00_000,1082170721,tertiary,,,3744.8125,29.267580032348633,-0.12043292820453644,145.79130384196088,tree_cover,0.36372743411423863,low,random_forest-extended-v1-20260902
1082170721_00_001,1082170721,tertiary,,,3793.7451171875,30.978530883789062,-0.1537429392337799,145.79130384196088,tree_cover,0.40409489179739655,low,random_forest-extended-v1-20260902
1082170721_00_002,1082170721,tertiary,,,3828.158447265625,32.435054779052734,-0.15391524136066437,145.79130384196088,tree_cover,0.41719137992411587,low,random_forest-extended-v1-20260902
1082170721_00_003,1082170721,tertiary,,,3854.4056396484375,33.048492431640625,-0.14601846039295197,145.79130384196088,tree_cover,0.4211422808241836,low,random_forest-extended-v1-20260902
1082170721_00_004,1082170721,tertiary,,,3897.23681640625,33.36237716674805,-0.13140225410461426,145.79130384196088,grassland,0.6268120970919314,high,random_forest-extended-v1-20260902
1082170721_00_005,1082170721,tertiary,,,3936.296630859375,33.961509704589844,-0.13056951761245728,145.79130384196088,grassland,0.5973167310385895,high,random_forest-extended-v1-20260902
1082170721_00_006,1082170721,tertiary,,,3972.755615234375,33.84996795654297,-0.15253688395023346,145.79130384196088,grassland,0.5557153255758142,moderate,random_forest-extended-v1-20260902
1082170721_00_007,1082170721,tertiary,,,4020.219970703125,32.35670852661133,-0.15540844202041626,174.94956461035306,grassland,0.5208759440258275,moderate,random_forest-extended-v1-20260902
1082170721_00_008,1082170721,tertiary,,,4040.960693359375,30.98731803894043,-0.15253688395023346,157.02203972719624,grassland,0.5081675248202872,moderate,random_forest-extended-v1-20260902
1084683264_00_000,1084683264,tertiary,Bhanu Path,,1661.868408203125,20.96360969543457,0.03951256722211838,687.2318066649559,built_up,0.8511783386425793,high,random_forest-extended-v1-20260902
1088712797_00_000,1088712797,trunk,,NH10,303.1878662109375,13.295162200927734,-0.07310973852872849,170.02041587784976,tree_cover,0.15489846722433098,low,random_forest-extended-v1-20260902
1088712798_00_000,1088712798,trunk,,NH10,300.6385498046875,9.892019271850586,-0.12063752114772797,105.13160430378801,tree_cover,0.22261327389391344,low,random_forest-extended-v1-20260902
1088846821_00_000,1088846821,tertiary,,,445.17401123046875,25.538421630859375,-0.12487664818763733,130.39970636758034,tree_cover,0.4410586909615661,moderate,random_forest-extended-v1-20260902
1088846821_00_001,1088846821,tertiary,,,525.44921875,27.319683074951172,-0.03436530753970146,204.10782537874525,tree_cover,0.4057870159151917,low,random_forest-extended-v1-20260902
1088846822_00_000,1088846822,tertiary,,,438.0619659423828,24.981544494628906,-0.11458931863307953,127.0538649345975,tree_cover,0.4122362277149154,low,random_forest-extended-v1-20260902
1088846822_00_001,1088846822,tertiary,,,436.3940887451172,25.76953887939453,-0.08856227993965149,130.39970636758034,tree_cover,0.45251362092225916,moderate,random_forest-extended-v1-20260902
1088846822_00_002,1088846822,tertiary,,,436.38580322265625,25.969104766845703,-0.08020247519016266,145.79130384196088,tree_cover,0.44753329452038126,moderate,random_forest-extended-v1-20260902
1088846822_00_003,1088846822,tertiary,,,424.4648132324219,25.068580627441406,-0.07223391532897949,157.02203972719624,tree_cover,0.3656286671832907,low,random_forest-extended-v1-20260902
1088846827_00_000,1088846827,tertiary,,,403.9378967285156,25.325637817382812,-0.14360636472702026,145.79130384196088,tree_cover,0.4031759909759822,low,random_forest-extended-v1-20260902
1088846828_00_000,1088846828,tertiary,,,413.13336181640625,25.177261352539062,-0.09799174219369888,157.02203972719624,tree_cover,0.36575877798273787,low,random_forest-extended-v1-20260902
1088846846_00_000,1088846846,tertiary,,,343.54949951171875,13.960184097290039,-0.12443874776363373,145.79130384196088,tree_cover,0.18156559099641092,low,random_forest-extended-v1-20260902
1088849420_00_000,1088849420,secondary,,,321.6966552734375,14.716204643249512,-0.07144064456224442,164.94403133548627,tree_cover,0.1640376444895117,low,random_forest-extended-v1-20260902
1088849420_00_001,1088849420,secondary,,,349.8636779785156,15.758878707885742,-0.08265046775341034,170.02041587784976,tree_cover,0.1660311955245543,low,random_forest-extended-v1-20260902
1088849421_00_000,1088849421,secondary,,,304.789306640625,10.314021110534668,-0.09032469987869263,130.39970636758034,tree_cover,0.20002473927874423,low,random_forest-extended-v1-20260902
1153391447_00_000,1153391447,tertiary,North Sikkim Highway,NH310A,1443.7639770507812,31.667911529541016,-0.0006173838628455997,145.79130384196088,tree_cover,0.5623590075128602,moderate,random_forest-extended-v1-20260902
1153391447_00_001,1153391447,tertiary,North Sikkim Highway,NH310A,1463.514892578125,31.235206604003906,0.0012347677256911993,170.02041587784976,tree_cover,0.5665838876768958,moderate,random_forest-extended-v1-20260902
1162993374_00_000,1162993374,tertiary,,,1430.05517578125,27.42913246154785,0.00442219153046608,332.4553236675307,tree_cover,0.4238116995326291,moderate,random_forest-extended-v1-20260902
1162993374_00_001,1162993374,tertiary,,,1438.5980224609375,27.686967849731445,-0.05111364275217056,380.1772074656567,tree_cover,0.46935330718172347,moderate,random_forest-extended-v1-20260902
1162993374_00_002,1162993374,tertiary,,,1492.6670532226562,26.538543701171875,-0.005384161602705717,560.8703444503877,tree_cover,0.4169495673628336,low,random_forest-extended-v1-20260902
1162993377_00_000,1162993377,tertiary,,,1466.9051513671875,24.433164596557617,0.05051061511039734,702.2239095913667,tree_cover,0.3309775325951322,low,random_forest-extended-v1-20260902
1175406260_00_000,1175406260,tertiary,,,1266.19140625,36.37769317626953,0.036928169429302216,164.94403133548627,tree_cover,0.6024384562240652,high,random_forest-extended-v1-20260902
1175406261_00_000,1175406261,tertiary,,,1343.5677490234375,36.755828857421875,0.08735264092683792,177.36277605064052,tree_cover,0.5908718216979497,moderate,random_forest-extended-v1-20260902
1175406262_00_000,1175406262,tertiary,,,1321.842041015625,36.82486343383789,0.03089790977537632,184.41303327450134,tree_cover,0.6088274798350036,high,random_forest-extended-v1-20260902
1175406263_00_000,1175406263,tertiary,,,1300.128173828125,32.78883743286133,0.05325295031070709,247.41604700322935,tree_cover,0.600971601424973,high,random_forest-extended-v1-20260902
1180055083_00_000,1180055083,tertiary,Bara Bhalukhop Road,,1114.864501953125,28.233470916748047,0.06636158376932144,823.1723539556792,tree_cover,0.41513012923681897,low,random_forest-extended-v1-20260902
1214031870_00_000,1214031870,tertiary,,,1428.47900390625,24.25806427001953,0.09565142542123795,542.3750023544552,tree_cover,0.2720750352787516,low,random_forest-extended-v1-20260902
1214031870_00_001,1214031870,tertiary,,,1358.2708740234375,25.832244873046875,0.050481900572776794,444.1253963473757,tree_cover,0.3329953829893967,low,random_forest-extended-v1-20260902
1214031870_00_002,1214031870,tertiary,,,1349.7451782226562,27.848180770874023,0.13487684726715088,445.08153393704293,tree_cover,0.4502839503353516,moderate,random_forest-extended-v1-20260902
1214031870_00_003,1214031870,tertiary,,,1310.1561279296875,27.772266387939453,0.08811360597610474,391.199119102741,tree_cover,0.4580984658796703,moderate,random_forest-extended-v1-20260902
1214031870_00_004,1214031870,tertiary,,,1306.6697998046875,28.38009262084961,0.13817912340164185,409.25569231765,tree_cover,0.4596164919851849,moderate,random_forest-extended-v1-20260902
1214031870_00_005,1214031870,tertiary,,,1206.2940673828125,28.18073272705078,0.042125679552555084,287.1755640555846,tree_cover,0.3949852154141633,low,random_forest-extended-v1-20260902
1214031870_00_006,1214031870,tertiary,,,1225.1343994140625,29.86128807067871,0.04066118970513344,315.39481291136406,tree_cover,0.41469154752292586,low,random_forest-extended-v1-20260902
1214484556_00_000,1214484556,tertiary,,,3413.6798095703125,22.823322296142578,-0.07023818790912628,82.47201566774314,tree_cover,0.42233849794397277,low,random_forest-extended-v1-20260902
1214484557_00_000,1214484557,tertiary,,,3400.694091796875,24.43925666809082,-0.08689319342374802,65.19985318379017,tree_cover,0.40648575348029414,low,random_forest-extended-v1-20260902
1214515669_00_000,1214515669,tertiary,North Sikkim Highway,NH310AG,2409.414794921875,40.253726959228516,-0.06455250829458237,120.22258900738453,tree_cover,0.43335529321382166,moderate,random_forest-extended-v1-20260902
1214515670_00_000,1214515670,tertiary,North Sikkim Highway,NH310AG,2403.0704345703125,40.148826599121094,-0.06908956170082092,120.22258900738453,tree_cover,0.4344664043249328,moderate,random_forest-extended-v1-20260902
1214534479_00_000,1214534479,tertiary,North Sikkim Highway,NH310AG,2691.0380859375,23.20539093017578,0.015506385825574398,116.63304307356871,tree_cover,0.3596670511521289,low,random_forest-extended-v1-20260902
1214534479_00_001,1214534479,tertiary,North Sikkim Highway,NH310AG,2697.6468505859375,23.06144142150879,-0.0677686482667923,92.20651663725067,tree_cover,0.39184072426368116,low,random_forest-extended-v1-20260902
1214534479_00_002,1214534479,tertiary,North Sikkim Highway,NH310AG,2659.9822998046875,23.620267868041992,-0.17332693934440613,92.20651663725067,tree_cover,0.3798138844906589,low,random_forest-extended-v1-20260902
1214979040_00_000,1214979040,tertiary,North Sikkim Highway,NH310AG,2712.9365234375,33.08811569213867,-0.00485292449593544,145.79130384196088,tree_cover,0.43359615710324456,moderate,random_forest-extended-v1-20260902
1214979041_00_000,1214979041,tertiary,North Sikkim Highway,NH310AG,2712.0650634765625,33.006282806396484,0.0029864150565117598,145.79130384196088,tree_cover,0.4314486347493818,moderate,random_forest-extended-v1-20260902
1214983169_00_000,1214983169,tertiary,North Sikkim Highway,NH310AG,2242.917236328125,34.18943405151367,-0.12853071093559265,157.02203972719624,tree_cover,0.49180084782838956,moderate,random_forest-extended-v1-20260902
1214983169_00_001,1214983169,tertiary,North Sikkim Highway,NH310AG,2261.50634765625,36.33876419067383,-0.1037779226899147,206.18003916935783,tree_cover,0.5039585695204436,moderate,random_forest-extended-v1-20260902
1214983169_00_002,1214983169,tertiary,North Sikkim Highway,NH310AG,2301.549560546875,38.38044738769531,-0.10446709394454956,206.18003916935783,tree_cover,0.45717628822934653,moderate,random_forest-extended-v1-20260902
1214983169_00_003,1214983169,tertiary,North Sikkim Highway,NH310AG,2351.729248046875,39.39421844482422,-0.12766924500465393,145.79130384196088,tree_cover,0.4260540438496164,moderate,random_forest-extended-v1-20260902
1214983170_00_000,1214983170,tertiary,North Sikkim Highway,NH310AG,2270.8212890625,32.93202209472656,-0.08669218420982361,145.79130384196088,tree_cover,0.4619386838001149,moderate,random_forest-extended-v1-20260902
1215097890_00_000,1215097890,tertiary,,,1443.3140869140625,21.450075149536133,-0.01797592267394066,176.1561703304968,tree_cover,0.29475095525101475,low,random_forest-extended-v1-20260902
1215097891_00_000,1215097891,tertiary,,,1512.5413818359375,22.899883270263672,-0.05501895397901535,206.18003916935783,tree_cover,0.3068661274963341,low,random_forest-extended-v1-20260902
1215097891_00_001,1215097891,tertiary,,,1455.6568603515625,23.000755310058594,-0.08379191160202026,195.5995595513705,tree_cover,0.3140077758799589,low,random_forest-extended-v1-20260902
1215097892_00_000,1215097892,tertiary,,,1491.515380859375,21.633464813232422,-0.01628170534968376,145.79130384196088,tree_cover,0.3326372155103416,low,random_forest-extended-v1-20260902
1215097910_00_000,1215097910,tertiary,,,936.009765625,34.48072052001953,-0.14719580113887787,177.36277605064052,tree_cover,0.49417961498836377,moderate,random_forest-extended-v1-20260902
1215117847_00_000,1215117847,tertiary,,,2799.12939453125,23.752046585083008,-0.04560026153922081,145.79130384196088,grassland,0.5340194250291017,moderate,random_forest-extended-v1-20260902
1215117848_00_000,1215117848,tertiary,,,2796.986572265625,23.712125778198242,-0.05536353960633278,145.79130384196088,tree_cover,0.3152052882670412,low,random_forest-extended-v1-20260902
1215124866_00_000,1215124866,tertiary,North Sikkim Highway,NH310A,1584.3392333984375,38.369544982910156,-0.11514927446842194,186.70396624747931,tree_cover,0.618219269879269,high,random_forest-extended-v1-20260902
1215124867_00_000,1215124867,tertiary,North Sikkim Highway,NH310A,1599.72607421875,38.205780029296875,-0.017444685101509094,174.94956461035306,tree_cover,0.6075418502319032,high,random_forest-extended-v1-20260902
1215124868_00_000,1215124868,tertiary,North Sikkim Highway,NH310A,1602.2122802734375,38.205780029296875,0.0017516473308205605,174.94956461035306,tree_cover,0.6064464439108087,high,random_forest-extended-v1-20260902
1215136364_00_000,1215136364,secondary,,MDR,1009.5567016601562,37.51303482055664,-0.10392150282859802,157.02203972719624,tree_cover,0.4873344648212861,moderate,random_forest-extended-v1-20260902
1215136364_00_001,1215136364,secondary,,MDR,993.3925170898438,33.99348449707031,-0.053985193371772766,148.67854064045866,tree_cover,0.47486442762827474,moderate,random_forest-extended-v1-20260902
1215427353_00_000,1215427353,secondary,,MDR,1070.779541015625,28.935958862304688,0.04732319340109825,325.9992659189508,tree_cover,0.36759175213999273,low,random_forest-extended-v1-20260902
1218670959_00_000,1218670959,trunk,亚乃路,G562,4293.87060546875,20.78925323486328,-0.11543642729520798,516.6856972142671,grassland,0.32049227959184384,low,random_forest-extended-v1-20260902
1218670960_00_000,1218670960,trunk,亚乃路,G562,4293.4970703125,20.669963836669922,-0.11658504605293274,515.8622931895253,grassland,0.3143359594242233,low,random_forest-extended-v1-20260902
1218670962_00_000,1218670962,trunk,,NH310,4294.998779296875,20.862060546875,-0.11543642729520798,517.9168853572032,grassland,0.32049227959184384,low,random_forest-extended-v1-20260902
1218670963_00_000,1218670963,trunk,,NH310,4294.6181640625,20.799053192138672,-0.11428780853748322,516.6856972142671,grassland,0.3232700573696216,low,random_forest-extended-v1-20260902
1222492145_00_000,1222492145,secondary,,MDR,457.9089660644531,27.897022247314453,0.017286747694015503,195.5995595513705,tree_cover,0.49754811850390535,moderate,random_forest-extended-v1-20260902
1224919295_00_000,1224919295,unclassified,North Sikkim Highway,NH310A,1445.6484375,35.257625579833984,-0.11621174216270447,206.18003916935783,tree_cover,0.6112662441292207,high,random_forest-extended-v1-20260902
1224919296_00_000,1224919296,tertiary,North Sikkim Highway,NH310A,1452.68994140625,34.94770431518555,-0.12405108660459518,212.27534257419205,tree_cover,0.6118274488268576,high,random_forest-extended-v1-20260902
1224920841_00_000,1224920841,tertiary,,NH310A,1981.011962890625,35.92685317993164,-0.188373863697052,123.70802350161468,tree_cover,0.5656643681733983,moderate,random_forest-extended-v1-20260902
1224920841_00_001,1224920841,tertiary,,NH310A,1992.091796875,35.76503372192383,-0.2215115875005722,123.70802350161468,tree_cover,0.5704876137874334,moderate,random_forest-extended-v1-20260902
1224920841_00_002,1224920841,tertiary,,NH310A,2056.201171875,36.7420654296875,-0.13329748809337616,130.39970636758034,tree_cover,0.5781067739310705,moderate,random_forest-extended-v1-20260902
1224920841_00_003,1224920841,tertiary,,NH310A,2086.4622802734375,36.04753875732422,-0.14165370166301727,116.63304307356871,tree_cover,0.575330820921671,moderate,random_forest-extended-v1-20260902
1224920841_00_004,1224920841,tertiary,,NH310A,2122.360595703125,35.149410247802734,-0.10837240517139435,116.63304307356871,tree_cover,0.5410951328520225,moderate,random_forest-extended-v1-20260902
1224920841_00_005,1224920841,tertiary,,NH310A,2143.913330078125,35.149410247802734,-0.08229870349168777,120.22258900738453,tree_cover,0.5349259600572754,moderate,random_forest-extended-v1-20260902
1224920841_00_006,1224920841,tertiary,,NH310A,2213.255859375,36.15586853027344,-0.0634038895368576,123.70802350161468,tree_cover,0.5162842391110865,moderate,random_forest-extended-v1-20260902
1224920842_00_000,1224920842,tertiary,,NH310A,2051.891845703125,37.43413543701172,-0.21322715282440186,130.39970636758034,tree_cover,0.5890296371946185,moderate,random_forest-extended-v1-20260902
1224931731_00_000,1224931731,tertiary,,NH310A,2529.553955078125,29.723649978637695,-0.08034604787826538,87.47478230517653,tree_cover,0.4550341680357734,moderate,random_forest-extended-v1-20260902
1224931731_00_001,1224931731,tertiary,,NH310A,2559.3731689453125,30.56125259399414,-0.025298381224274635,87.47478230517653,tree_cover,0.45173591470717883,moderate,random_forest-extended-v1-20260902
1224931731_00_002,1224931731,tertiary,,NH310A,2567.2586669921875,28.45733642578125,-0.05349703133106232,92.20651663725067,tree_cover,0.44809976112013467,moderate,random_forest-extended-v1-20260902
1224931731_00_003,1224931731,tertiary,,NH310A,2600.67724609375,28.77918243408203,-0.060762058943510056,123.70802350161468,tree_cover,0.3988455308198761,low,random_forest-extended-v1-20260902
1224931731_00_004,1224931731,tertiary,,NH310A,2626.692626953125,26.649227142333984,-0.03744504973292351,164.94403133548627,tree_cover,0.3466015544943177,low,random_forest-extended-v1-20260902
1224931731_00_005,1224931731,tertiary,,NH310A,2616.2166748046875,24.30862045288086,-0.13174684345722198,116.63304307356871,tree_cover,0.3584971766370494,low,random_forest-extended-v1-20260902
1224931732_00_000,1224931732,tertiary,,NH310A,2500.492919921875,29.610313415527344,-0.0393977053463459,87.47478230517653,tree_cover,0.4561730569246624,moderate,random_forest-extended-v1-20260902
1224934168_00_000,1224934168,tertiary,,,4265.65771484375,23.502574920654297,-0.1474829614162445,105.13160430378801,grassland,0.49937408728630556,moderate,random_forest-extended-v1-20260902
1224934169_00_000,1224934169,tertiary,,,4256.139892578125,23.032455444335938,-0.17212088406085968,87.47478230517653,grassland,0.5163977724045423,moderate,random_forest-extended-v1-20260902
1224972442_00_000,1224972442,tertiary,North Sikkim Highway,NH310AG,1884.9822998046875,33.13424301147461,-0.19721825420856476,105.13160430378801,tree_cover,0.5858679148299413,moderate,random_forest-extended-v1-20260902
1224972443_00_000,1224972443,tertiary,North Sikkim Highway,NH310AG,1873.495361328125,32.19829559326172,-0.21795086562633514,92.20651663725067,tree_cover,0.5722295699991808,moderate,random_forest-extended-v1-20260902
1224972444_00_000,1224972444,tertiary,North Sikkim Highway,NH310AG,1890.3856201171875,34.79553985595703,-0.17861059308052063,116.63304307356871,tree_cover,0.5828590643154556,moderate,random_forest-extended-v1-20260902
1224972445_00_000,1224972445,tertiary,North Sikkim Highway,NH310AG,1879.9312744140625,33.12705993652344,-0.2430051565170288,92.20651663725067,tree_cover,0.5821187120139609,moderate,random_forest-extended-v1-20260902
1224972446_00_000,1224972446,tertiary,North Sikkim Highway,NH310AG,1896.2071533203125,34.399085998535156,-0.20433971285820007,116.63304307356871,tree_cover,0.5816483891652259,moderate,random_forest-extended-v1-20260902
1224972447_00_000,1224972447,tertiary,North Sikkim Highway,NH310AG,1897.0941162109375,33.99150466918945,-0.2613687515258789,105.13160430378801,tree_cover,0.5927054432604454,moderate,random_forest-extended-v1-20260902
1224972448_00_000,1224972448,tertiary,North Sikkim Highway,NH310AG,1930.690185546875,37.268882751464844,-0.18762727081775665,120.22258900738453,tree_cover,0.5894397870460831,moderate,random_forest-extended-v1-20260902
1224972449_00_000,1224972449,tertiary,North Sikkim Highway,NH310AG,1957.74609375,37.691707611083984,-0.1994580626487732,130.39970636758034,tree_cover,0.5754212719516367,moderate,random_forest-extended-v1-20260902
1225641158_00_000,1225641158,trunk,,NH710,321.0855407714844,30.963544845581055,-0.08002659678459167,130.39970636758034,tree_cover,0.6525859022533997,high,random_forest-extended-v1-20260902
1225641159_00_000,1225641159,trunk,,NH710,326.84228515625,30.663673400878906,-0.10625104606151581,120.22258900738453,tree_cover,0.6518928492892109,high,random_forest-extended-v1-20260902
1225641161_00_000,1225641161,trunk,,NH710,326.0682067871094,29.220333099365234,-0.07736681401729584,204.10782537874525,tree_cover,0.5137852981555726,moderate,random_forest-extended-v1-20260902
1225641161_01_000,1225641161,trunk,,NH710,329.7378692626953,30.396270751953125,-0.05565428361296654,195.5995595513705,tree_cover,0.6126997686404753,high,random_forest-extended-v1-20260902
1225755662_00_000,1225755662,tertiary,,,1720.6717529296875,24.498619079589844,-0.037272755056619644,157.02203972719624,tree_cover,0.32613851794129683,low,random_forest-extended-v1-20260902
1225755662_00_001,1225755662,tertiary,,,1650.4534912109375,25.658653259277344,-0.0010050435084849596,184.41303327450134,tree_cover,0.4082089754754739,low,random_forest-extended-v1-20260902
1225755662_00_002,1225755662,tertiary,,,1626.6566162109375,27.12615966796875,-0.06093435361981392,170.02041587784976,tree_cover,0.4368521303845795,moderate,random_forest-extended-v1-20260902
1226736963_00_000,1226736963,tertiary,,,1448.554443359375,27.623878479003906,0.0785369724035263,629.4403416555871,tree_cover,0.47880147642636256,moderate,random_forest-extended-v1-20260902
1226741942_00_000,1226741942,trunk,,NH710,1292.118896484375,33.05916976928711,0.10013104975223541,496.54728838338445,tree_cover,0.6223382493879318,high,random_forest-extended-v1-20260902
1226741942_00_001,1226741942,trunk,,NH710,1380.5972900390625,33.038230895996094,0.10013104975223541,583.893716857838,tree_cover,0.622688325841715,high,random_forest-extended-v1-20260902
1226741942_00_002,1226741942,trunk,,NH710,1409.6491088867188,32.68256378173828,0.03019437938928604,639.4905834092208,tree_cover,0.6157615742377613,high,random_forest-extended-v1-20260902
1226741942_00_003,1226741942,trunk,,NH710,1421.95947265625,30.46231460571289,0.0807480663061142,601.1129450369226,tree_cover,0.5599350393223967,moderate,random_forest-extended-v1-20260902
1226741942_00_004,1226741942,trunk,,NH710,1404.3668212890625,27.48065185546875,0.07567977905273438,532.0883281519216,tree_cover,0.431731264860969,moderate,random_forest-extended-v1-20260902
1226741942_00_005,1226741942,trunk,,NH710,1427.6876220703125,25.20123291015625,0.09209070354700089,560.8703444503877,tree_cover,0.3242728483250499,low,random_forest-extended-v1-20260902
1226741943_00_000,1226741943,trunk,,ODR,1442.43603515625,23.167030334472656,0.07399991899728775,671.2735736269572,tree_cover,0.2980127029377808,low,random_forest-extended-v1-20260902
1227173412_00_000,1227173412,secondary,,,2021.4129028320312,20.47467613220215,0.06996538490056992,466.53217229427486,tree_cover,0.20296805753753325,low,random_forest-extended-v1-20260902
1227191529_00_000,1227191529,secondary,,,2106.093017578125,23.007047653198242,0.06202554330229759,641.481736904628,tree_cover,0.2585179359802185,low,random_forest-extended-v1-20260902
1228026065_00_000,1228026065,trunk,,NH310,2969.104736328125,32.322288513183594,0.13536500930786133,485.2901764690933,grassland,0.6749561516178904,high,random_forest-extended-v1-20260902
1228026065_00_001,1228026065,trunk,,NH310,2998.143310546875,34.960262298583984,0.12238558381795883,553.239099823504,grassland,0.6983411952361299,high,random_forest-extended-v1-20260902
1228026065_00_002,1228026065,trunk,,NH310,3010.6861572265625,35.09765625,0.17660051584243774,665.5496774175223,tree_cover,0.48433183087603576,moderate,random_forest-extended-v1-20260902
1228026065_00_003,1228026065,trunk,,NH310,2961.35302734375,33.15620803833008,0.1797592043876648,680.081663511399,tree_cover,0.46298464699577796,moderate,random_forest-extended-v1-20260902
1228026065_00_004,1228026065,trunk,,NH310,2875.724365234375,33.93582534790039,0.07603871822357178,554.0069545994514,tree_cover,0.47982437564747055,moderate,random_forest-extended-v1-20260902
1228026065_00_005,1228026065,trunk,,NH310,2859.052001953125,33.4503173828125,0.05731619521975517,554.0069545994514,tree_cover,0.47943880846505843,moderate,random_forest-extended-v1-20260902
1228026065_00_006,1228026065,trunk,,NH310,2833.919921875,28.291780471801758,0.013611161150038242,680.7064515747367,tree_cover,0.3720711900136131,low,random_forest-extended-v1-20260902
1228026066_00_000,1228026066,unclassified,,NH310,3002.20703125,30.859561920166016,0.006317416206002235,437.3739115258827,grassland,0.6615981999984825,high,random_forest-extended-v1-20260902
1228026066_00_001,1228026066,unclassified,,NH310,2921.71240234375,32.36908721923828,0.06771121919155121,433.46870913515824,grassland,0.6750254933458238,high,random_forest-extended-v1-20260902
1228026066_00_002,1228026066,unclassified,,NH310,2893.837158203125,32.416748046875,0.06558626890182495,420.52641721515204,tree_cover,0.46317213158230963,moderate,random_forest-extended-v1-20260902
1228026066_00_003,1228026066,unclassified,,NH310,2852.203369140625,32.61077880859375,0.03118506446480751,412.36007833871565,tree_cover,0.4694390289348054,moderate,random_forest-extended-v1-20260902
1228026066_00_004,1228026066,unclassified,,NH310,2832.16455078125,33.009193420410156,0.032994143664836884,309.95656361374915,tree_cover,0.4493329637374546,moderate,random_forest-extended-v1-20260902
1228026066_00_005,1228026066,unclassified,,NH310,2711.14111328125,35.829586029052734,0.05708647146821022,351.11195479568335,tree_cover,0.49368023476674144,moderate,random_forest-extended-v1-20260902
1228026066_00_006,1228026066,unclassified,,NH310,2704.058837890625,37.65629196166992,0.030955340713262558,389.01971986608265,tree_cover,0.5003651794566518,moderate,random_forest-extended-v1-20260902
1228026066_00_007,1228026066,unclassified,,NH310,2734.66650390625,38.110809326171875,0.05496152117848396,413.38841409034575,tree_cover,0.49158482004588433,moderate,random_forest-extended-v1-20260902
1228026066_00_008,1228026066,unclassified,,NH310,2620.4283447265625,36.79253005981445,-0.02489636465907097,298.77987485336735,tree_cover,0.4786810789650542,moderate,random_forest-extended-v1-20260902
1228026066_00_009,1228026066,unclassified,,NH310,2602.5535888671875,34.755218505859375,-0.021019767969846725,268.82588145153073,tree_cover,0.47744237410193807,moderate,random_forest-extended-v1-20260902
1228026066_00_010,1228026066,unclassified,,NH310,2606.77294921875,32.34983825683594,-0.003876596223562956,291.58260768392176,tree_cover,0.4578210565144795,moderate,random_forest-extended-v1-20260902
1228026067_00_000,1228026067,unclassified,,NH310,2226.0953369140625,24.395023345947266,-0.049117911607027054,454.5313398026303,tree_cover,0.2635418946810343,low,random_forest-extended-v1-20260902
1228026067_00_001,1228026067,unclassified,,NH310,2237.865966796875,24.86252784729004,-0.12669292092323303,456.39897228653115,tree_cover,0.28302366986856264,low,random_forest-extended-v1-20260902
1228026067_00_002,1228026067,unclassified,,NH310,2255.286376953125,27.35955047607422,-0.048701535910367966,389.01971986608265,tree_cover,0.41657808894704174,low,random_forest-extended-v1-20260902
1228026067_00_003,1228026067,unclassified,,NH310,2212.35888671875,32.24787521362305,-0.06636159121990204,240.44517801476906,tree_cover,0.5068008614896896,moderate,random_forest-extended-v1-20260902
1228026067_00_004,1228026067,unclassified,,NH310,2338.62744140625,34.40016555786133,-0.011084194295108318,315.39481291136406,tree_cover,0.47547375547114484,moderate,random_forest-extended-v1-20260902
1228953406_00_000,1228953406,tertiary,North Sikkim Highway,NH310A,1449.638916015625,34.10446548461914,-0.059125274419784546,174.94956461035306,tree_cover,0.6002792769549768,high,random_forest-extended-v1-20260902
1228953406_00_001,1228953406,tertiary,North Sikkim Highway,NH310A,1442.5137939453125,32.55291748046875,-0.013639876618981361,145.79130384196088,tree_cover,0.5748409139293279,moderate,random_forest-extended-v1-20260902
1230053189_00_000,1230053189,secondary,,,1182.061279296875,28.927217483520508,0.042929716408252716,474.66209594294867,tree_cover,0.37415651019234203,low,random_forest-extended-v1-20260902
1230053189_00_001,1230053189,secondary,,,1163.8004150390625,28.142107009887695,0.08413650095462799,471.06611918158865,tree_cover,0.3849497284568285,low,random_forest-extended-v1-20260902
1230053189_00_002,1230053189,secondary,,,1170.027099609375,28.315221786499023,0.06305930018424988,420.52641721515204,tree_cover,0.38087514489981916,low,random_forest-extended-v1-20260902
1230053189_00_003,1230053189,secondary,,,1152.1246337890625,28.170930862426758,0.050338320434093475,396.5952239273039,tree_cover,0.36967721667625497,low,random_forest-extended-v1-20260902
1230053189_00_004,1230053189,secondary,,,1118.4921264648438,27.866241455078125,0.0685870349407196,379.05738998909834,tree_cover,0.38024039879354526,low,random_forest-extended-v1-20260902
1230053189_00_005,1230053189,secondary,,,1109.4139404296875,27.532686233520508,0.011514926329255104,250.82884335095778,tree_cover,0.3300639968036334,low,random_forest-extended-v1-20260902
1230053189_00_006,1230053189,secondary,,,1077.2818603515625,27.212783813476562,0.0027279751375317574,250.82884335095778,tree_cover,0.31443198685126655,low,random_forest-extended-v1-20260902
1230053189_00_007,1230053189,secondary,,,1064.6788330078125,27.85092544555664,0.024128222838044167,247.41604700322935,tree_cover,0.37001645910249453,low,random_forest-extended-v1-20260902
1230053189_00_008,1230053189,secondary,,,1057.5867919921875,27.6428165435791,-0.012462539598345757,174.94956461035306,tree_cover,0.35402069056366237,low,random_forest-extended-v1-20260902
1230053189_00_009,1230053189,secondary,,,1026.96142578125,29.235401153564453,0.03603798896074295,275.0784819325981,tree_cover,0.36510931400952545,low,random_forest-extended-v1-20260902
1230461276_00_000,1230461276,primary,,SH,719.7230224609375,29.485389709472656,-0.12257223576307297,145.79130384196088,tree_cover,0.37676490412180524,low,random_forest-extended-v1-20260902
1230461277_00_000,1230461277,primary,,SH,719.7753601074219,29.85928726196289,-0.14728912711143494,145.79130384196088,tree_cover,0.3779535338699965,low,random_forest-extended-v1-20260902
1230461277_00_001,1230461277,primary,,SH,716.0943908691406,32.43400192260742,-0.13594649732112885,130.39970636758034,tree_cover,0.514725176672381,moderate,random_forest-extended-v1-20260902
1230461277_00_002,1230461277,primary,,SH,710.31787109375,33.802398681640625,-0.1487177312374115,164.94403133548627,tree_cover,0.5413316211530764,moderate,random_forest-extended-v1-20260902
1230461277_00_003,1230461277,primary,,SH,692.19482421875,34.54661560058594,-0.1536424309015274,148.67854064045866,tree_cover,0.5271714922065726,moderate,random_forest-extended-v1-20260902
1230461277_00_004,1230461277,primary,,SH,673.2741088867188,31.70276641845703,-0.14894744753837585,157.02203972719624,tree_cover,0.5297775495179603,moderate,random_forest-extended-v1-20260902
1232388369_00_000,1232388369,tertiary,,,426.6585998535156,27.681453704833984,-0.10696534812450409,177.36277605064052,tree_cover,0.4968675266680041,moderate,random_forest-extended-v1-20260902
1232388369_00_001,1232388369,tertiary,,,446.9739074707031,29.527273178100586,-0.058120232075452805,145.79130384196088,tree_cover,0.49810187456032756,moderate,random_forest-extended-v1-20260902
1232388369_00_002,1232388369,tertiary,,,431.36505126953125,29.655027389526367,-0.050352681428194046,130.39970636758034,tree_cover,0.5135407162135649,moderate,random_forest-extended-v1-20260902
1232388369_00_003,1232388369,tertiary,,,420.1724395751953,28.674861907958984,-0.0679086372256279,148.67854064045866,tree_cover,0.49999534988581434,moderate,random_forest-extended-v1-20260902
1232388370_00_000,1232388370,tertiary,,,454.84686279296875,30.61751937866211,-0.04079758748412132,204.10782537874525,tree_cover,0.5789808984776867,moderate,random_forest-extended-v1-20260902
1232388372_00_000,1232388372,tertiary,,,477.0399932861328,31.8939208984375,-0.07326766848564148,170.02041587784976,tree_cover,0.6091426657398429,high,random_forest-extended-v1-20260902
1232388373_00_000,1232388373,tertiary,,,507.3579406738281,34.86928176879883,-0.09700823575258255,145.79130384196088,tree_cover,0.5881993527156025,moderate,random_forest-extended-v1-20260902
1233702969_00_000,1233702969,primary,,SH,592.1690979003906,34.98520278930664,0.038586489856243134,116.63304307356871,tree_cover,0.6232309426981405,high,random_forest-extended-v1-20260902
1233702970_00_000,1233702970,primary,,SH,571.4895629882812,34.37969970703125,-0.029433418065309525,116.63304307356871,tree_cover,0.6092837029634294,high,random_forest-extended-v1-20260902
1233933991_00_000,1233933991,primary,,SH,544.799560546875,32.67588806152344,-0.05206843465566635,116.63304307356871,tree_cover,0.6131060412172662,high,random_forest-extended-v1-20260902
1233933992_00_000,1233933992,primary,,SH,525.0721130371094,32.205650329589844,-0.11454623937606812,120.22258900738453,tree_cover,0.5917780805249365,moderate,random_forest-extended-v1-20260902
1239848967_00_000,1239848967,tertiary,,,1689.6319580078125,30.610471725463867,0.022599121555685997,249.128289212088,tree_cover,0.5618335911116816,moderate,random_forest-extended-v1-20260902
1239848967_00_001,1239848967,tertiary,,,1642.5028686523438,31.914716720581055,-0.0063461316749453545,204.10782537874525,tree_cover,0.5767877180688079,moderate,random_forest-extended-v1-20260902
1239848967_00_002,1239848967,tertiary,,,1522.02978515625,33.00310516357422,-0.03715789318084717,164.94403133548627,tree_cover,0.5974923591085574,high,random_forest-extended-v1-20260902
1239848967_00_003,1239848967,tertiary,,,1506.9298706054688,32.50679397583008,-0.013496298342943192,174.94956461035306,tree_cover,0.5875655866873227,moderate,random_forest-extended-v1-20260902
1239848967_00_004,1239848967,tertiary,,,1542.3145751953125,32.059566497802734,-0.11351248621940613,195.5995595513705,tree_cover,0.5857122168556533,moderate,random_forest-extended-v1-20260902
1239848967_00_005,1239848967,tertiary,,,1443.907958984375,32.33283615112305,-0.04531310498714447,145.79130384196088,tree_cover,0.5756477178103006,moderate,random_forest-extended-v1-20260902
1239848967_00_006,1239848967,tertiary,,,1434.020751953125,36.65925979614258,-0.06341824680566788,105.13160430378801,tree_cover,0.6409745917822693,high,random_forest-extended-v1-20260902
1239867762_00_000,1239867762,secondary,,MDR,1400.8312377929688,31.32870864868164,-0.07740271091461182,123.70802350161468,tree_cover,0.5682670124660528,moderate,random_forest-extended-v1-20260902
1239867762_00_001,1239867762,secondary,,MDR,1323.743896484375,29.66094398498535,-0.11685784161090851,105.13160430378801,tree_cover,0.5377074334149902,moderate,random_forest-extended-v1-20260902
1239867762_00_002,1239867762,secondary,,MDR,1358.0962524414062,30.225671768188477,-0.1214810460805893,116.63304307356871,tree_cover,0.5564725382223114,moderate,random_forest-extended-v1-20260902
1239867762_00_003,1239867762,secondary,,MDR,1387.3543701171875,32.56492233276367,-0.15942861139774323,116.63304307356871,tree_cover,0.5943768260599328,moderate,random_forest-extended-v1-20260902
1239867763_00_000,1239867763,unclassified,,MDR,1473.388671875,32.56573486328125,-0.0361672081053257,130.39970636758034,tree_cover,0.5881240493387053,moderate,random_forest-extended-v1-20260902
1239889387_00_000,1239889387,secondary,,MDR,1860.0538330078125,26.1059513092041,0.0600728876888752,700.4054587798921,tree_cover,0.41911718973946777,low,random_forest-extended-v1-20260902
1239889387_00_001,1239889387,secondary,,MDR,1881.1732788085938,25.58730697631836,0.060891278088092804,782.398238205482,tree_cover,0.40287462927581896,low,random_forest-extended-v1-20260902
1240937220_00_000,1240937220,tertiary,,,1598.212890625,24.7606201171875,0.11309611797332764,785.1101986359812,tree_cover,0.3880671037052683,low,random_forest-extended-v1-20260902
1241894949_00_000,1241894949,trunk,,NH710,360.3298034667969,32.372154235839844,-0.003837112570181489,130.39970636758034,tree_cover,0.6542678891625039,high,random_forest-extended-v1-20260902
1241894949_00_001,1241894949,trunk,,NH710,368.1356201171875,32.123172760009766,0.05069008842110634,145.79130384196088,tree_cover,0.6473342725834036,high,random_forest-extended-v1-20260902
1241894950_00_000,1241894950,trunk,,NH710,356.1754913330078,33.31760787963867,0.006105639040470123,120.22258900738453,tree_cover,0.6753655807973039,high,random_forest-extended-v1-20260902
1241894951_00_000,1241894951,trunk,,NH710,331.3322448730469,28.32596206665039,-0.02935444936156273,120.22258900738453,tree_cover,0.5659872560062476,moderate,random_forest-extended-v1-20260902
1245332455_00_000,1245332455,secondary,,SH,1426.5067749023438,33.41863250732422,-0.020675180479884148,130.39970636758034,tree_cover,0.5947546673984151,moderate,random_forest-extended-v1-20260902
1245332456_00_000,1245332456,secondary,,SH,1069.2293701171875,29.23984146118164,0.07460294663906097,524.8486938310592,tree_cover,0.39449824899110625,low,random_forest-extended-v1-20260902
1245332456_00_001,1245332456,secondary,,SH,1162.4293212890625,32.551536560058594,0.050568047910928726,536.0681018403303,tree_cover,0.5812616448037026,moderate,random_forest-extended-v1-20260902
1245332456_00_002,1245332456,secondary,,SH,1259.36376953125,32.140174865722656,0.07460294663906097,495.690433062667,tree_cover,0.6064218944080464,high,random_forest-extended-v1-20260902
1245332456_00_003,1245332456,secondary,,SH,1286.2374267578125,33.47611999511719,0.03148657828569412,353.52307873791136,tree_cover,0.632032807183389,high,random_forest-extended-v1-20260902
1245332456_00_004,1245332456,secondary,,SH,1273.7645263671875,33.060306549072266,0.01840665377676487,174.94956461035306,tree_cover,0.5830396029528703,moderate,random_forest-extended-v1-20260902
1245332456_00_005,1245332456,secondary,,SH,1377.3673095703125,32.52066421508789,0.03532009944319725,145.79130384196088,tree_cover,0.5710691102133733,moderate,random_forest-extended-v1-20260902
1245332456_00_006,1245332456,secondary,,SH,1333.770751953125,33.87044906616211,-0.004967786371707916,145.79130384196088,tree_cover,0.5736256769813773,moderate,random_forest-extended-v1-20260902
1245332456_00_007,1245332456,secondary,,SH,1356.037353515625,33.11723327636719,-0.06386333703994751,130.39970636758034,tree_cover,0.5642392863864913,moderate,random_forest-extended-v1-20260902
1245392987_00_000,1245392987,secondary,,SH,1408.5574951171875,31.3996524810791,-0.06360489875078201,120.22258900738453,tree_cover,0.5720338401794496,moderate,random_forest-extended-v1-20260902
1245392988_00_000,1245392988,secondary,,SH,1422.5576171875,33.16834259033203,-0.042068250477313995,145.79130384196088,tree_cover,0.5845486079829357,moderate,random_forest-extended-v1-20260902
1246068148_00_000,1246068148,tertiary,,,1934.61083984375,30.438262939453125,-0.05892426520586014,148.67854064045866,tree_cover,0.5191404268628143,moderate,random_forest-extended-v1-20260902
1247551741_00_000,1247551741,secondary,,,968.3624877929688,29.759159088134766,0.015276661142706871,276.619549911752,tree_cover,0.35833733920075955,low,random_forest-extended-v1-20260902
1247551741_00_001,1247551741,secondary,,,945.580322265625,30.130393981933594,-0.003015130525454879,247.41604700322935,tree_cover,0.4414545238294741,moderate,random_forest-extended-v1-20260902
1247551741_00_002,1247551741,secondary,,,944.4279174804688,27.679771423339844,-0.003445863490924239,354.72555210128104,tree_cover,0.36011818463622913,low,random_forest-extended-v1-20260902
1247551741_00_003,1247551741,secondary,,,913.2753295898438,28.84807777404785,-0.023460587486624718,300.2026684258173,tree_cover,0.3561153584186681,low,random_forest-extended-v1-20260902
1247551741_00_004,1247551741,secondary,,,902.5516967773438,30.940689086914062,-0.07146577537059784,195.5995595513705,tree_cover,0.46117244832060833,moderate,random_forest-extended-v1-20260902
1247551741_00_005,1247551741,secondary,,,925.307861328125,27.789899826049805,-0.003015130525454879,341.2886922125395,tree_cover,0.3518431137693835,low,random_forest-extended-v1-20260902
1247551741_00_006,1247551741,secondary,,,917.0934448242188,26.786998748779297,0.05635422468185425,408.7356715375703,tree_cover,0.3054365267906169,low,random_forest-extended-v1-20260902
1247551741_00_007,1247551741,secondary,,,796.1585388183594,25.72279930114746,0.015369987115263939,365.35196024230754,tree_cover,0.2816933327158414,low,random_forest-extended-v1-20260902
1248301191_00_000,1248301191,secondary,,MDR,1217.2982177734375,31.027835845947266,-0.11480468511581421,309.95656361374915,tree_cover,0.5290277940902017,moderate,random_forest-extended-v1-20260902
1248301192_00_000,1248301192,secondary,,MDR,1217.9881591796875,30.317636489868164,-0.06908956170082092,332.4553236675307,tree_cover,0.5152361382167229,moderate,random_forest-extended-v1-20260902
1248301193_00_000,1248301193,secondary,,MDR,1263.5238037109375,31.94997787475586,-0.046418651938438416,349.89912922070613,tree_cover,0.5828852709755843,moderate,random_forest-extended-v1-20260902
1248301193_00_001,1248301193,secondary,,MDR,1341.2913818359375,31.982568740844727,-0.12525713443756104,379.05738998909834,tree_cover,0.5836242616372508,moderate,random_forest-extended-v1-20260902
1248301193_00_002,1248301193,secondary,,MDR,1351.3916015625,31.993345260620117,-0.09286601841449738,340.0408317556995,tree_cover,0.5605414274172642,moderate,random_forest-extended-v1-20260902
1248301193_00_003,1248301193,secondary,,MDR,1328.9053955078125,32.886898040771484,-0.1311725378036499,195.5995595513705,tree_cover,0.579787347360875,moderate,random_forest-extended-v1-20260902
1248301193_00_004,1248301193,secondary,,MDR,1417.7958374023438,32.414459228515625,-0.10900415480136871,145.79130384196088,tree_cover,0.575250240091232,moderate,random_forest-extended-v1-20260902
1249980877_00_000,1249980877,secondary,,SH,1720.4248046875,30.07948112487793,0.04439420625567436,445.08153393704293,tree_cover,0.5144214283158086,moderate,random_forest-extended-v1-20260902
1249980877_00_001,1249980877,secondary,,SH,1807.9427490234375,25.351591110229492,0.08789823204278946,521.5988254703213,tree_cover,0.30932992526982733,low,random_forest-extended-v1-20260902
1249980877_00_002,1249980877,secondary,,SH,1892.3050537109375,23.19872283935547,0.07023818045854568,553.239099823504,tree_cover,0.24216126722991793,low,random_forest-extended-v1-20260902
1249980877_00_003,1249980877,secondary,,SH,1927.09716796875,23.151634216308594,-0.0040488895028829575,623.3324202736162,tree_cover,0.2636564933914881,low,random_forest-extended-v1-20260902
1249980877_00_004,1249980877,secondary,,SH,1959.9315185546875,24.504154205322266,0.03201781585812569,676.3208144203506,tree_cover,0.25670820140237605,low,random_forest-extended-v1-20260902
1249980877_00_005,1249980877,secondary,,SH,1994.5441284179688,22.950729370117188,0.02512608841061592,680.081663511399,tree_cover,0.2686655421797697,low,random_forest-extended-v1-20260902
1249980877_00_006,1249980877,secondary,,SH,2013.376220703125,18.977514266967773,0.019067110493779182,594.7141625618347,tree_cover,0.19120277900534674,low,random_forest-extended-v1-20260902
1249980877_00_007,1249980877,secondary,,SH,2013.6421508789062,19.99353790283203,-0.012649189680814743,500.38335749266025,tree_cover,0.208892854884111,low,random_forest-extended-v1-20260902
1250874291_00_000,1250874291,secondary,,MDR,1279.783447265625,36.55904006958008,0.023029854521155357,195.5995595513705,tree_cover,0.6075725454546486,high,random_forest-extended-v1-20260902
1250874292_00_000,1250874292,secondary,,MDR,1184.212890625,30.37557029724121,-0.02917497791349888,174.94956461035306,tree_cover,0.4693059965710833,moderate,random_forest-extended-v1-20260902
1250874292_00_001,1250874292,secondary,,MDR,1158.2342529296875,30.94596290588379,-0.06202554330229759,145.79130384196088,tree_cover,0.46729145183638643,moderate,random_forest-extended-v1-20260902
1250874292_00_002,1250874292,secondary,,MDR,1215.7418212890625,34.012081146240234,-0.040646832436323166,148.67854064045866,tree_cover,0.557945897613109,moderate,random_forest-extended-v1-20260902
1252359434_00_000,1252359434,tertiary,,,1260.1314697265625,29.024682998657227,0.10776937752962112,800.6584446331152,tree_cover,0.43762955009879484,moderate,random_forest-extended-v1-20260902
1253202038_00_000,1253202038,tertiary,,,1430.2306518554688,22.73046112060547,-0.0484287403523922,358.29484937479936,tree_cover,0.29869731702682023,low,random_forest-extended-v1-20260902
1253202038_00_001,1253202038,tertiary,,,1494.56640625,23.460901260375977,-0.0523771233856678,325.9992659189508,tree_cover,0.2755369277943251,low,random_forest-extended-v1-20260902
1253202039_00_000,1253202039,tertiary,,,1517.4596557617188,24.40866470336914,-0.05260685086250305,417.4827601981901,tree_cover,0.29731376250421915,low,random_forest-extended-v1-20260902
1254373718_00_000,1254373718,trunk,,NH710,2027.6295776367188,30.607301712036133,0.0725928544998169,639.4905834092208,tree_cover,0.5313061954254052,moderate,random_forest-extended-v1-20260902
1254373718_00_001,1254373718,trunk,,NH710,2070.6905517578125,30.819194793701172,0.11187569797039032,641.481736904628,tree_cover,0.5217523135015536,moderate,random_forest-extended-v1-20260902
1254373718_00_002,1254373718,trunk,,NH710,2027.7530517578125,32.04108810424805,0.04236976429820061,439.79466428667274,tree_cover,0.5755370808797643,moderate,random_forest-extended-v1-20260902
1254373718_00_003,1254373718,trunk,,NH710,2095.9625244140625,31.65589141845703,0.07932664453983307,452.6579340076252,tree_cover,0.5601968283863559,moderate,random_forest-extended-v1-20260902
1254373718_00_004,1254373718,trunk,,NH710,2118.0029296875,32.118614196777344,0.10435223579406738,480.8903560295381,tree_cover,0.5358675530390127,moderate,random_forest-extended-v1-20260902
1254373718_00_005,1254373718,trunk,,NH710,2009.12255859375,31.217321395874023,0.00022972423175815493,525.6580215189401,tree_cover,0.5707793825330588,moderate,random_forest-extended-v1-20260902
1254373718_00_006,1254373718,trunk,,NH710,1952.888671875,32.446250915527344,0.06326030939817429,547.8339824949326,tree_cover,0.5850522691932502,moderate,random_forest-extended-v1-20260902
1254373718_00_007,1254373718,trunk,,NH710,1982.0185546875,32.659881591796875,0.0393977090716362,590.4097815292349,tree_cover,0.5648379467298996,moderate,random_forest-extended-v1-20260902
1254373718_00_008,1254373718,trunk,,NH710,2007.71435546875,31.377986907958984,0.04715089872479439,566.1510156143496,tree_cover,0.5729015326490183,moderate,random_forest-extended-v1-20260902
1254373718_00_009,1254373718,trunk,,NH710,1888.1954345703125,31.270660400390625,0.015075652860105038,445.08153393704293,tree_cover,0.5780594292064831,moderate,random_forest-extended-v1-20260902
1254648907_00_000,1254648907,tertiary,,,1857.26025390625,27.047508239746094,-0.02796892449259758,120.22258900738453,tree_cover,0.45137757448697946,moderate,random_forest-extended-v1-20260902
1254648907_00_001,1254648907,tertiary,,,1759.6075439453125,23.19833755493164,-0.022742699831724167,123.70802350161468,tree_cover,0.3939137673587069,low,random_forest-extended-v1-20260902
1254648907_00_002,1254648907,tertiary,,,1769.8988647460938,21.44074249267578,0.00977763719856739,174.94956461035306,tree_cover,0.29221461017616596,low,random_forest-extended-v1-20260902
1254648907_00_003,1254648907,tertiary,,,1765.4505004882812,22.304527282714844,0.013395793735980988,260.7994127351607,tree_cover,0.29946896740434137,low,random_forest-extended-v1-20260902
1254648907_00_004,1254648907,tertiary,,,1744.3623046875,23.440954208374023,0.02839965745806694,424.5506851483841,tree_cover,0.28827419422707873,low,random_forest-extended-v1-20260902
1254648907_00_005,1254648907,tertiary,,,1715.1563720703125,25.25302505493164,0.02819865010678768,693.0839463125809,tree_cover,0.36859075805858454,low,random_forest-extended-v1-20260902
1254780510_00_000,1254780510,primary,,NH510,1977.216064453125,16.146909713745117,0.011170340701937675,433.46870913515824,tree_cover,0.16527385853165127,low,random_forest-extended-v1-20260902
1254780510_00_001,1254780510,primary,,NH510,2001.2547607421875,16.43181800842285,0.03504730388522148,340.0408317556995,tree_cover,0.19020474039712554,low,random_forest-extended-v1-20260902
1254780510_00_002,1254780510,primary,,NH510,2026.318603515625,18.726947784423828,0.04824208840727806,406.1275774695512,tree_cover,0.19970901396458313,low,random_forest-extended-v1-20260902
1254780510_00_003,1254780510,primary,,NH510,2014.9752197265625,20.203750610351562,0.031443506479263306,417.4827601981901,tree_cover,0.219744801553725,low,random_forest-extended-v1-20260902
1255249858_00_000,1255249858,tertiary,,,547.2669677734375,30.834491729736328,-0.13071309030056,164.94403133548627,tree_cover,0.5762733652824589,moderate,random_forest-extended-v1-20260902
1255363735_00_000,1255363735,tertiary,,,760.683837890625,31.054349899291992,-0.12079186737537384,148.67854064045866,tree_cover,0.47353204378765335,moderate,random_forest-extended-v1-20260902
1255363736_00_000,1255363736,tertiary,,,752.2593383789062,29.911991119384766,-0.11786288768053055,145.79130384196088,tree_cover,0.3815179977745127,low,random_forest-extended-v1-20260902
1257556080_00_000,1257556080,trunk,,NH510,2002.9366455078125,31.264190673828125,0.09045391529798508,617.852468471126,tree_cover,0.565909634921217,moderate,random_forest-extended-v1-20260902
1257556081_00_000,1257556081,trunk,,NH510,2001.4522705078125,31.238262176513672,0.07552184164524078,610.5829177568739,tree_cover,0.5666270004908166,moderate,random_forest-extended-v1-20260902
1262320303_00_000,1262320303,secondary,,,1642.044677734375,19.61943817138672,0.012476896867156029,427.5336230689199,tree_cover,0.23792875565874283,low,random_forest-extended-v1-20260902
1262706940_00_000,1262706940,tertiary,,,1287.5662841796875,27.88935661315918,-0.06550012528896332,123.70802350161468,tree_cover,0.4897572045035788,moderate,random_forest-extended-v1-20260902
1262706941_00_000,1262706941,tertiary,,,1387.8917846679688,21.344970703125,-0.014946432784199715,300.2026684258173,tree_cover,0.27365276620085965,low,random_forest-extended-v1-20260902
1262706941_00_001,1262706941,tertiary,,,1352.679931640625,21.42521095275879,0.018090782687067986,297.3570812809173,tree_cover,0.2642929258222197,low,random_forest-extended-v1-20260902
1262706941_00_002,1262706941,tertiary,,,1271.4599609375,22.179943084716797,0.052563779056072235,291.58260768392176,tree_cover,0.28822844335849973,low,random_forest-extended-v1-20260902
1262706941_00_003,1262706941,tertiary,,,1251.5377197265625,22.663129806518555,0.030151305720210075,260.7994127351607,tree_cover,0.3093341587549392,low,random_forest-extended-v1-20260902
1262706941_00_004,1262706941,tertiary,,,1264.5633544921875,24.40733528137207,-0.0070065888576209545,148.67854064045866,tree_cover,0.36742762795095163,low,random_forest-extended-v1-20260902
1262706941_00_005,1262706941,tertiary,,,1259.9453125,26.07084083557129,-0.03451606631278992,105.13160430378801,tree_cover,0.5000167043408164,moderate,random_forest-extended-v1-20260902
1262706941_00_006,1262706941,tertiary,,,1259.7118530273438,28.120834350585938,-0.08248535543680191,116.63304307356871,tree_cover,0.4886131528988189,moderate,random_forest-extended-v1-20260902
1262797856_00_000,1262797856,tertiary,,NH510,1463.940185546875,23.54250717163086,0.04775392264127731,641.481736904628,tree_cover,0.28041554354239745,low,random_forest-extended-v1-20260902
1263528227_00_000,1263528227,primary,,SH,411.2767028808594,26.962488174438477,-0.10290209949016571,120.22258900738453,tree_cover,0.4842957584803461,moderate,random_forest-extended-v1-20260902
1263528228_00_000,1263528228,primary,,SH,331.28416442871094,22.35580825805664,-0.020825937390327454,174.94956461035306,tree_cover,0.2711445167601046,low,random_forest-extended-v1-20260902
1263528228_00_001,1263528228,primary,,SH,394.56646728515625,25.621976852416992,0.0,235.08141380687945,tree_cover,0.39794375499761114,low,random_forest-extended-v1-20260902
1263528228_00_002,1263528228,primary,,SH,376.40875244140625,25.89055061340332,-0.11649172008037567,170.02041587784976,tree_cover,0.43297175740584504,moderate,random_forest-extended-v1-20260902
1263528228_00_003,1263528228,primary,,SH,376.7380065917969,26.88690948486328,-0.14144551753997803,120.22258900738453,tree_cover,0.501107978912517,moderate,random_forest-extended-v1-20260902
1266682212_00_000,1266682212,tertiary,,,1420.935302734375,30.728675842285156,-0.06558626890182495,145.79130384196088,tree_cover,0.5468986457557841,moderate,random_forest-extended-v1-20260902
1266682213_00_000,1266682213,tertiary,,,1417.6624755859375,31.124406814575195,-0.05849353224039078,120.22258900738453,tree_cover,0.570961642675343,moderate,random_forest-extended-v1-20260902
1266682244_00_000,1266682244,tertiary,,,1417.3045043945312,31.143413543701172,-0.056698814034461975,120.22258900738453,tree_cover,0.5724380812261363,moderate,random_forest-extended-v1-20260902
1266682245_00_000,1266682245,tertiary,,,1411.1590576171875,31.273313522338867,-0.09929829835891724,120.22258900738453,tree_cover,0.5741779745552225,moderate,random_forest-extended-v1-20260902
1267961117_00_000,1267961117,tertiary,,,897.635009765625,25.102537155151367,0.05223354697227478,453.59608617258715,tree_cover,0.2422897571128127,low,random_forest-extended-v1-20260902
1267961118_00_000,1267961118,tertiary,,,909.4171142578125,24.678184509277344,0.05547122284770012,414.41674984197584,tree_cover,0.21662708177703172,low,random_forest-extended-v1-20260902
1267961119_00_000,1267961119,tertiary,,,907.6607666015625,24.846431732177734,0.04558590054512024,372.26600149990134,tree_cover,0.22598244182423405,low,random_forest-extended-v1-20260902
1267961120_00_000,1267961120,tertiary,,,909.9449157714844,24.31709861755371,0.05639012157917023,332.4553236675307,tree_cover,0.21095063576586376,low,random_forest-extended-v1-20260902
1267961121_00_000,1267961121,tertiary,,,924.25048828125,25.079439163208008,0.03147222101688385,291.58260768392176,tree_cover,0.22792556795904265,low,random_forest-extended-v1-20260902
1267961122_00_000,1267961122,tertiary,,,935.868408203125,24.857322692871094,0.004967786371707916,260.7994127351607,tree_cover,0.21288969759782486,low,random_forest-extended-v1-20260902
1267961123_00_000,1267961123,tertiary,,,939.9270324707031,24.62484359741211,0.009361262433230877,288.65205483710093,tree_cover,0.20992314222773542,low,random_forest-extended-v1-20260902
1267961124_00_000,1267961124,tertiary,,,938.5736083984375,23.655099868774414,0.035420604050159454,325.9992659189508,tree_cover,0.20279155039971844,low,random_forest-extended-v1-20260902
1267961125_00_000,1267961125,tertiary,,,929.2376708984375,24.494779586791992,0.035420604050159454,383.5170421109049,tree_cover,0.21515476074352738,low,random_forest-extended-v1-20260902
1267961126_00_000,1267961126,tertiary,,,929.9328308105469,23.80414581298828,0.03391303867101669,455.9327828596023,tree_cover,0.21688583735577713,low,random_forest-extended-v1-20260902
1267961127_00_000,1267961127,tertiary,,,929.3751220703125,24.384685516357422,0.04858667403459549,537.6517629030615,tree_cover,0.22166426545658202,low,random_forest-extended-v1-20260902
1267961128_00_000,1267961128,tertiary,,,936.3807678222656,23.73598289489746,0.09158100187778473,633.8078267726521,tree_cover,0.22636025333473014,low,random_forest-extended-v1-20260902
1267961129_00_000,1267961129,tertiary,,,869.0650939941406,26.716957092285156,0.04129292815923691,528.0785624320677,tree_cover,0.3266776822819413,low,random_forest-extended-v1-20260902
1267961129_00_001,1267961129,tertiary,,,858.6878662109375,26.64031219482422,0.06199682876467705,655.250415012434,tree_cover,0.34697363967270256,low,random_forest-extended-v1-20260902
1267961129_00_002,1267961129,tertiary,,,827.1762084960938,27.887451171875,0.04371939226984978,612.3234761362357,tree_cover,0.3826513593356665,low,random_forest-extended-v1-20260902
1267961129_00_003,1267961129,tertiary,,,806.450927734375,27.44207000732422,0.043920401483774185,406.1275774695512,tree_cover,0.3354552421690252,low,random_forest-extended-v1-20260902
1267961129_00_004,1267961129,tertiary,,,738.7265625,25.56320571899414,0.028241721913218498,262.4243469155296,tree_cover,0.2731214251067682,low,random_forest-extended-v1-20260902
1267961129_00_005,1267961129,tertiary,,,721.95361328125,22.031253814697266,0.03589440882205963,329.88806267097254,tree_cover,0.2046159875421277,low,random_forest-extended-v1-20260902
1267961151_00_000,1267961151,secondary,,MDR,614.6746520996094,28.3011531829834,-0.02890218049287796,116.63304307356871,tree_cover,0.44199193264376,moderate,random_forest-extended-v1-20260902
1267961152_00_000,1267961152,secondary,,MDR,596.5114135742188,29.15702247619629,0.015276661142706871,116.63304307356871,tree_cover,0.44725354129371603,moderate,random_forest-extended-v1-20260902
1267961154_00_000,1267961154,secondary,,MDR,648.4883422851562,28.925189971923828,-0.006676360499113798,123.70802350161468,tree_cover,0.43494968279284724,moderate,random_forest-extended-v1-20260902
1268125274_00_000,1268125274,secondary,,MDR,600.4403991699219,24.097604751586914,-0.042642559856176376,157.02203972719624,tree_cover,0.2649009075207952,low,random_forest-extended-v1-20260902
1268125275_00_000,1268125275,secondary,,MDR,581.8125,24.292076110839844,-0.0425276979804039,186.70396624747931,tree_cover,0.25963272860465136,low,random_forest-extended-v1-20260902
1268125275_00_001,1268125275,secondary,,MDR,532.677001953125,26.154916763305664,-0.1116531565785408,206.18003916935783,tree_cover,0.39555691217304967,low,random_forest-extended-v1-20260902
1268125275_00_002,1268125275,secondary,,MDR,562.5518188476562,26.145957946777344,-0.077517569065094,184.41303327450134,tree_cover,0.4011481291827372,low,random_forest-extended-v1-20260902
1270819641_00_000,1270819641,primary,,SH,379.44451904296875,26.48556900024414,-0.029724162071943283,120.22258900738453,tree_cover,0.5114159450318935,moderate,random_forest-extended-v1-20260902
1271839298_00_000,1271839298,secondary,,MDR,1413.0054931640625,21.677034378051758,0.030452817678451538,583.1652153678435,tree_cover,0.26260375929131907,low,random_forest-extended-v1-20260902
1271839298_00_001,1271839298,secondary,,MDR,1327.889404296875,22.0650577545166,0.034717075526714325,466.53217229427486,tree_cover,0.27783138175205385,low,random_forest-extended-v1-20260902
1271839298_00_002,1271839298,secondary,,MDR,1322.5050659179688,23.48499298095703,-0.002483893185853958,406.1275774695512,tree_cover,0.2845127221340887,low,random_forest-extended-v1-20260902
1271839298_00_003,1271839298,secondary,,MDR,1354.2108154296875,23.706558227539062,-0.0410919189453125,341.2886922125395,tree_cover,0.28239447413109225,low,random_forest-extended-v1-20260902
1271839298_00_004,1271839298,secondary,,MDR,1360.055419921875,25.849924087524414,-0.07265029102563858,204.10782537874525,tree_cover,0.36133319980267703,low,random_forest-extended-v1-20260902
1271839298_00_005,1271839298,secondary,,MDR,1380.0283813476562,28.884353637695312,-0.1016242504119873,186.70396624747931,tree_cover,0.46661317529166485,moderate,random_forest-extended-v1-20260902
1271839298_00_006,1271839298,secondary,,MDR,1310.982177734375,28.929494857788086,-0.07609615474939346,204.10782537874525,tree_cover,0.45954296136822675,moderate,random_forest-extended-v1-20260902
1271839298_00_007,1271839298,secondary,,MDR,1224.335693359375,30.548446655273438,-0.038076791912317276,268.82588145153073,tree_cover,0.529370704079961,moderate,random_forest-extended-v1-20260902
1271839298_00_008,1271839298,secondary,,MDR,1186.489013671875,30.899898529052734,0.010682176798582077,262.4243469155296,tree_cover,0.48543553900579706,moderate,random_forest-extended-v1-20260902
1271839298_00_009,1271839298,secondary,,MDR,1210.3565673828125,31.071712493896484,0.0158509723842144,210.26320860757602,tree_cover,0.5255291358977041,moderate,random_forest-extended-v1-20260902
1271839298_00_010,1271839298,secondary,,MDR,1271.4022216796875,32.59855270385742,-0.03287928178906441,164.94403133548627,tree_cover,0.5823702550160952,moderate,random_forest-extended-v1-20260902
1271839299_00_000,1271839299,secondary,,MDR,1320.4208984375,34.62693786621094,-0.03586569428443909,157.02203972719624,tree_cover,0.5903455574426518,moderate,random_forest-extended-v1-20260902
1271977136_00_000,1271977136,secondary,,MDR,620.821044921875,27.211151123046875,0.024867648258805275,105.13160430378801,tree_cover,0.455788348733066,moderate,random_forest-extended-v1-20260902
1271977137_00_000,1271977137,secondary,,MDR,642.4111938476562,26.770986557006836,-0.049921948462724686,87.47478230517653,tree_cover,0.4617088525385464,moderate,random_forest-extended-v1-20260902
1272035114_00_000,1272035114,primary,,SH,471.36651611328125,25.423547744750977,-0.07072634994983673,145.79130384196088,tree_cover,0.4289677243214276,moderate,random_forest-extended-v1-20260902
1272035115_00_000,1272035115,primary,,SH,522.8041687011719,27.22398567199707,-0.00044868013355880976,164.94403133548627,tree_cover,0.43822659615472226,moderate,random_forest-extended-v1-20260902
1272384812_00_000,1272384812,secondary,,MDR,310.1661376953125,30.288869857788086,-0.08074447512626648,164.94403133548627,tree_cover,0.644476144353999,high,random_forest-extended-v1-20260902
1272384813_00_000,1272384813,secondary,,MDR,313.06304931640625,30.10595703125,-0.07802188396453857,164.94403133548627,tree_cover,0.6146245594094418,high,random_forest-extended-v1-20260902
1272585814_00_000,1272585814,tertiary,,,1701.9644775390625,31.205228805541992,0.11853770166635513,446.03562192137605,tree_cover,0.5984527478809635,high,random_forest-extended-v1-20260902
1272585814_00_001,1272585814,tertiary,,,1709.438232421875,30.26870346069336,0.17665793001651764,554.7737465990944,tree_cover,0.5751633649475685,moderate,random_forest-extended-v1-20260902
1272585814_00_002,1272585814,tertiary,,,1728.8840942382812,28.457664489746094,0.19846737384796143,630.7896258227281,tree_cover,0.5132272047229823,moderate,random_forest-extended-v1-20260902
1272585814_00_003,1272585814,tertiary,,,1688.25048828125,28.406082153320312,0.11787724494934082,560.1118987424379,tree_cover,0.512093416744968,moderate,random_forest-extended-v1-20260902
1274164214_00_000,1274164214,tertiary,,,1128.029296875,29.9782657623291,0.09503404796123505,234.17374997700844,tree_cover,0.3852246950795174,low,random_forest-extended-v1-20260902
1274164215_00_000,1274164215,tertiary,,,1212.7591552734375,30.270124435424805,0.03968486189842224,314.0440794543925,tree_cover,0.5171208224419572,moderate,random_forest-extended-v1-20260902
1274164249_00_000,1274164249,tertiary,,,1059.2919921875,33.94502639770508,-0.03389868140220642,417.4827601981901,tree_cover,0.5519190875061805,moderate,random_forest-extended-v1-20260902
1274164250_00_000,1274164250,tertiary,,,1188.120361328125,30.877206802368164,0.038708534091711044,291.58260768392176,tree_cover,0.49407274537108586,moderate,random_forest-extended-v1-20260902
1274164250_00_001,1274164250,tertiary,,,1182.172119140625,30.881717681884766,0.05287964642047882,291.58260768392176,tree_cover,0.4989772524147335,moderate,random_forest-extended-v1-20260902
1274164250_00_002,1274164250,tertiary,,,1071.0554809570312,31.04941177368164,0.07888156175613403,186.70396624747931,tree_cover,0.4842007164352778,moderate,random_forest-extended-v1-20260902
1274164250_00_003,1274164250,tertiary,,,1162.8983764648438,31.08010482788086,0.02512608841061592,300.2026684258173,tree_cover,0.5065303817773776,moderate,random_forest-extended-v1-20260902
1274164250_00_004,1274164250,tertiary,,,1097.1735229492188,33.85044860839844,-0.00638920534402132,288.65205483710093,tree_cover,0.5454797189750885,moderate,random_forest-extended-v1-20260902
1274228240_00_000,1274228240,tertiary,,,1336.910400390625,24.10785484313965,0.025355812162160873,728.9565192098045,tree_cover,0.33680224546543536,low,random_forest-extended-v1-20260902
1274228241_00_000,1274228241,tertiary,,,1329.099853515625,24.291906356811523,0.024925079196691513,714.8235494117221,tree_cover,0.3400052884951182,low,random_forest-extended-v1-20260902
1303863457_00_000,1303863457,trunk,,NH 717A,859.4197998046875,22.40488624572754,-0.08705112338066101,170.02041587784976,tree_cover,0.21533678429328074,low,random_forest-extended-v1-20260902
1303863458_00_000,1303863458,trunk,,NH 717A,856.3876953125,22.183914184570312,-0.0866491049528122,170.02041587784976,tree_cover,0.20429095705039413,low,random_forest-extended-v1-20260902
1332018709_00_000,1332018709,primary,,,4584.166015625,19.0899658203125,0.0,613.0173273232991,moss_lichen,0.24659677844219155,low,random_forest-extended-v1-20260902
1332018709_00_001,1332018709,primary,,,4573.73681640625,17.788103103637695,0.0,525.6580215189401,moss_lichen,0.24084001010062348,low,random_forest-extended-v1-20260902
1332018709_00_002,1332018709,primary,,,4553.16650390625,20.2193603515625,0.0,566.1510156143496,moss_lichen,0.2598272435668617,low,random_forest-extended-v1-20260902
1332018709_00_003,1332018709,primary,,,4535.712890625,19.15180206298828,0.0,509.2271321978585,moss_lichen,0.23690919124566542,low,random_forest-extended-v1-20260902
1332018709_00_004,1332018709,primary,,,4503.27099609375,19.80051040649414,0.0,441.2445525642225,moss_lichen,0.24768296377790336,low,random_forest-extended-v1-20260902
1332018709_00_005,1332018709,primary,,,4438.24609375,21.107624053955078,-0.06880240887403488,297.3570812809173,moss_lichen,0.26549272089558373,low,random_forest-extended-v1-20260902
1332018709_00_006,1332018709,primary,,,4429.0,19.0899658203125,-0.08338989317417145,186.70396624747931,grassland,0.2775750078285295,low,random_forest-extended-v1-20260902
1332018709_00_007,1332018709,primary,,,4429.0,16.306385040283203,-0.016942162066698074,206.18003916935783,grassland,0.204237115407258,low,random_forest-extended-v1-20260902
1332045732_00_000,1332045732,secondary,,,4314.43408203125,20.648683547973633,-0.08626145124435425,120.22258900738453,grassland,0.42732323968326064,moderate,random_forest-extended-v1-20260902
1332045732_00_001,1332045732,secondary,,,4241.028564453125,25.88748550415039,-0.1643676906824112,145.79130384196088,grassland,0.4443277734442155,moderate,random_forest-extended-v1-20260902
1332045732_00_002,1332045732,secondary,,,4208.2666015625,28.629674911499023,-0.15942861139774323,123.70802350161468,grassland,0.5416706135425625,moderate,random_forest-extended-v1-20260902
1332045732_00_003,1332045732,secondary,,,4214.68408203125,28.605621337890625,-0.1791848987340927,120.22258900738453,grassland,0.5477077206849328,moderate,random_forest-extended-v1-20260902
1332045732_00_004,1332045732,secondary,,,4212.095947265625,29.284305572509766,-0.17137427628040314,120.22258900738453,grassland,0.5422736008831658,moderate,random_forest-extended-v1-20260902
1332045732_00_005,1332045732,secondary,,,4208.3896484375,28.24956703186035,-0.1940595507621765,116.63304307356871,grassland,0.5558501742189189,moderate,random_forest-extended-v1-20260902
1332045732_00_006,1332045732,secondary,,,4171.73974609375,29.92778778076172,-0.18711037933826447,145.79130384196088,grassland,0.4978974013779337,moderate,random_forest-extended-v1-20260902
1332045732_00_007,1332045732,secondary,,,4165.1787109375,30.23030662536621,-0.19101569056510925,145.79130384196088,grassland,0.5062573256912272,moderate,random_forest-extended-v1-20260902
1332045732_00_008,1332045732,secondary,,,4139.228515625,31.444072723388672,-0.19141770899295807,145.79130384196088,grassland,0.5188164778108398,moderate,random_forest-extended-v1-20260902
1332045732_00_009,1332045732,secondary,,,4107.607666015625,31.505977630615234,-0.18050581216812134,148.67854064045866,grassland,0.5187604291912413,moderate,random_forest-extended-v1-20260902
1332045732_00_010,1332045732,secondary,,,4088.63134765625,32.053531646728516,-0.1802186667919159,145.79130384196088,grassland,0.5219354653048274,moderate,random_forest-extended-v1-20260902
1332045733_00_000,1332045733,secondary,,,4417.292724609375,16.972379684448242,-0.0442219153046608,174.94956461035306,grassland,0.24278880977791237,low,random_forest-extended-v1-20260902
1332098980_00_000,1332098980,secondary,,,4400.861328125,18.94864845275879,-0.09074106812477112,170.02041587784976,moss_lichen,0.23978714341916293,low,random_forest-extended-v1-20260902
1332098980_00_001,1332098980,secondary,,,4382.9599609375,21.13654327392578,-0.11463239043951035,212.27534257419205,moss_lichen,0.2588781693775448,low,random_forest-extended-v1-20260902
1332098980_00_002,1332098980,secondary,,,4329.41552734375,20.673913955688477,-0.1639082431793213,123.70802350161468,moss_lichen,0.2968568673926677,low,random_forest-extended-v1-20260902
1332098980_00_003,1332098980,secondary,,,4318.79052734375,19.69390106201172,-0.08729520440101624,123.70802350161468,grassland,0.3579592501508365,low,random_forest-extended-v1-20260902
1332098981_00_000,1332098981,secondary,,,4308.49072265625,22.182432174682617,-0.09682876616716385,116.63304307356871,grassland,0.4892786501714608,moderate,random_forest-extended-v1-20260902
1332590579_00_000,1332590579,primary,,,4588.0048828125,22.792526245117188,0.02056031860411167,642.1440827051323,moss_lichen,0.2970992380557291,low,random_forest-extended-v1-20260902
1332590579_00_001,1332590579,primary,,,4591.936767578125,25.242542266845703,-0.03589440882205963,644.1270336403593,moss_lichen,0.28075866274502265,low,random_forest-extended-v1-20260902
1332590579_00_002,1332590579,primary,,,4577.38916015625,25.385942459106445,-0.029060116037726402,629.4403416555871,moss_lichen,0.2781463219368261,low,random_forest-extended-v1-20260902
1332590579_00_003,1332590579,primary,,,4503.67822265625,27.295677185058594,-0.02503994107246399,642.1440827051323,moss_lichen,0.28328814765934884,low,random_forest-extended-v1-20260902
1332590579_00_004,1332590579,primary,,,4454.4130859375,28.65447235107422,0.05800537019968033,617.852468471126,grassland,0.5067628755590522,moderate,random_forest-extended-v1-20260902
1332590579_00_005,1332590579,primary,,,4458.705078125,27.866226196289062,-0.023431871086359024,557.0677897964563,moss_lichen,0.2880495383137211,low,random_forest-extended-v1-20260902
1332590579_00_006,1332590579,primary,,,4460.49755859375,27.227872848510742,-0.02733718417584896,525.6580215189401,moss_lichen,0.2732004943842491,low,random_forest-extended-v1-20260902
1332590579_00_007,1332590579,primary,,,4365.576171875,30.144634246826172,-0.014472626149654388,470.1628276137589,grassland,0.48416866560098537,moderate,random_forest-extended-v1-20260902
1332590579_00_008,1332590579,primary,,,4348.57958984375,31.05652618408203,0.00970584899187088,482.65509721155024,grassland,0.4894134668095991,moderate,random_forest-extended-v1-20260902
1332590579_00_009,1332590579,primary,,,4293.76806640625,28.7548770904541,-0.10636232048273087,314.0440794543925,grassland,0.4714759896363221,moderate,random_forest-extended-v1-20260902
1332590579_00_010,1332590579,primary,,,4329.59716796875,29.32849884033203,-0.0720759779214859,325.9992659189508,grassland,0.4632871484413289,moderate,random_forest-extended-v1-20260902
1332590580_00_000,1332590580,primary,,,4284.185546875,28.46663475036621,-0.16207043826580048,235.08141380687945,grassland,0.488667831789554,moderate,random_forest-extended-v1-20260902
1332590581_00_000,1332590581,primary,,,4214.995849609375,25.626249313354492,-0.20841731131076813,170.02041587784976,grassland,0.43768449429391515,moderate,random_forest-extended-v1-20260902
1332590582_00_000,1332590582,primary,,,4223.169921875,26.538541793823242,-0.2258189171552658,164.94403133548627,grassland,0.4439641165314203,moderate,random_forest-extended-v1-20260902
1333442746_00_000,1333442746,trunk,,NH 717A,1306.91650390625,15.713990211486816,-0.016310419887304306,116.63304307356871,tree_cover,0.27376832199704493,low,random_forest-extended-v1-20260902
1333442746_00_001,1333442746,trunk,,NH 717A,1288.7618408203125,16.114736557006836,-0.03595184162259102,120.22258900738453,tree_cover,0.27264817267419766,low,random_forest-extended-v1-20260902
1333442746_00_002,1333442746,trunk,,NH 717A,1286.4053955078125,17.511310577392578,-0.008298788219690323,170.02041587784976,tree_cover,0.3084925811142699,low,random_forest-extended-v1-20260902
1333442746_00_003,1333442746,trunk,,NH 717A,1241.8966064453125,16.706314086914062,-0.016310419887304306,92.20651663725067,tree_cover,0.3352769777435164,low,random_forest-extended-v1-20260902
1333442746_00_004,1333442746,trunk,,NH 717A,1215.1790771484375,16.74631118774414,-0.052549418061971664,87.47478230517653,tree_cover,0.3363381653930393,low,random_forest-extended-v1-20260902
1333442746_00_005,1333442746,trunk,,NH 717A,1225.4871826171875,18.13974380493164,-0.013395793735980988,145.79130384196088,tree_cover,0.2941297930712813,low,random_forest-extended-v1-20260902
1333442747_00_000,1333442747,trunk,,NH 717A,1331.8125610351562,16.08159828186035,-0.0382203683257103,116.63304307356871,tree_cover,0.2603416445678201,low,random_forest-extended-v1-20260902
1360771317_00_000,1360771317,tertiary,,,1272.6258544921875,21.843746185302734,-0.052118685096502304,145.79130384196088,tree_cover,0.3573902428919807,low,random_forest-extended-v1-20260902
1360771317_00_001,1360771317,tertiary,,,1211.6221923828125,20.036558151245117,-0.10863084346055984,130.39970636758034,tree_cover,0.27684162680696417,low,random_forest-extended-v1-20260902
1360771317_00_002,1360771317,tertiary,,,1175.7182006835938,19.6644287109375,-0.11638404428958893,123.70802350161468,tree_cover,0.22471261786909674,low,random_forest-extended-v1-20260902
1360771317_00_003,1360771317,tertiary,,,1161.892822265625,18.18433952331543,-0.09028162062168121,123.70802350161468,tree_cover,0.2174733142188071,low,random_forest-extended-v1-20260902
1360771317_00_004,1360771317,tertiary,,,1145.3909912109375,19.316478729248047,-0.06353311240673065,116.63304307356871,tree_cover,0.2144184655849217,low,random_forest-extended-v1-20260902
1360772072_00_000,1360772072,tertiary,,,1321.8050537109375,22.85957145690918,-0.00663328729569912,240.44517801476906,tree_cover,0.3024245172390241,low,random_forest-extended-v1-20260902
1361950460_00_000,1361950460,primary,Burtuk,,1764.8229370117188,24.092811584472656,-0.0011629789369180799,433.46870913515824,tree_cover,0.27670611212851953,low,random_forest-extended-v1-20260902
1366250295_00_000,1366250295,tertiary,,,1257.1568603515625,33.494537353515625,0.009002318605780602,291.58260768392176,tree_cover,0.6126250231445949,high,random_forest-extended-v1-20260902
1366250295_00_001,1366250295,tertiary,,,1377.369140625,31.399690628051758,-0.0005455950740724802,233.26608614713743,tree_cover,0.5805153757491238,moderate,random_forest-extended-v1-20260902
1366250295_00_002,1366250295,tertiary,,,1375.9345703125,34.6791877746582,-0.09082721918821335,184.41303327450134,tree_cover,0.6071547050166693,high,random_forest-extended-v1-20260902
1366250295_00_003,1366250295,tertiary,,,1438.0623168945312,38.165985107421875,-0.04417884349822998,288.65205483710093,tree_cover,0.6193957713835344,high,random_forest-extended-v1-20260902
1366250295_00_004,1366250295,tertiary,,,1349.681640625,38.600975036621094,0.02653314918279648,291.58260768392176,tree_cover,0.6024084118169322,high,random_forest-extended-v1-20260902
1366250295_00_005,1366250295,tertiary,,,1229.15576171875,38.906585693359375,0.054904092103242874,405.07950455465993,tree_cover,0.6136851104784588,high,random_forest-extended-v1-20260902
1366250295_00_006,1366250295,tertiary,,,1304.7611694335938,37.704986572265625,0.052190475165843964,478.2310341342386,tree_cover,0.6373485412836595,high,random_forest-extended-v1-20260902
1366250295_00_007,1366250295,tertiary,,,1396.5493774414062,36.43365478515625,0.011414422653615475,495.690433062667,tree_cover,0.6351387178440708,high,random_forest-extended-v1-20260902
1366250295_00_008,1366250295,tertiary,,,1223.2692260742188,32.51249694824219,0.011141625232994556,368.8260665490027,tree_cover,0.5850143509702109,moderate,random_forest-extended-v1-20260902
1366250295_00_009,1366250295,tertiary,,,1222.8114624023438,27.957984924316406,0.005010860040783882,392.284278244487,tree_cover,0.40266941674751244,low,random_forest-extended-v1-20260902
1366250295_00_010,1366250295,tertiary,,,1172.753173828125,28.379003524780273,0.031357359141111374,365.35196024230754,tree_cover,0.373840876539454,low,random_forest-extended-v1-20260902
1366250295_00_011,1366250295,tertiary,,,1228.6385498046875,26.570236206054688,0.018779955804347992,437.3739115258827,tree_cover,0.36746052096886667,low,random_forest-extended-v1-20260902
1366250295_00_012,1366250295,tertiary,,,1173.3240966796875,26.280277252197266,0.035722117871046066,461.03258318625336,tree_cover,0.3329651620269324,low,random_forest-extended-v1-20260902
1366250295_00_013,1366250295,tertiary,,,1117.8975219726562,23.990636825561523,0.04897433519363403,466.53217229427486,tree_cover,0.23050630250345858,low,random_forest-extended-v1-20260902
1366250295_00_014,1366250295,tertiary,,,1107.8375244140625,19.715084075927734,0.03689945489168167,509.2271321978585,tree_cover,0.17002146595037773,low,random_forest-extended-v1-20260902
1366250295_00_015,1366250295,tertiary,,,1060.1336669921875,20.921804428100586,0.027882779017090797,577.3041096742019,tree_cover,0.17842193183286997,low,random_forest-extended-v1-20260902
1366250295_00_016,1366250295,tertiary,,,1015.6812133789062,23.231578826904297,0.03523395583033562,743.3927032022933,tree_cover,0.30938871857586003,low,random_forest-extended-v1-20260902
1366250295_00_017,1366250295,tertiary,,,969.5719299316406,24.385986328125,0.06145840883255005,745.1062499318642,tree_cover,0.3161631800717622,low,random_forest-extended-v1-20260902
1366254604_00_000,1366254604,trunk,,NH10,816.3302612304688,26.287506103515625,-0.00860030110925436,260.7994127351607,tree_cover,0.3029693950728799,low,random_forest-extended-v1-20260902
1408850757_00_000,1408850757,trunk,,NH717A,1991.95751953125,21.552261352539062,0.05099878087639809,521.5988254703213,tree_cover,0.2178979912364259,low,random_forest-extended-v1-20260902
1408850757_00_001,1408850757,trunk,,NH717A,2022.5555419921875,21.148725509643555,0.08181054145097733,536.0681018403303,tree_cover,0.2134261430337208,low,random_forest-extended-v1-20260902
1408850757_00_002,1408850757,trunk,,NH717A,2047.9279174804688,23.612756729125977,0.1068074107170105,509.2271321978585,tree_cover,0.22920046344200126,low,random_forest-extended-v1-20260902
1408850757_00_003,1408850757,trunk,,NH717A,2050.4420166015625,23.276695251464844,0.10021719336509705,535.6713080610839,tree_cover,0.2286440092672755,low,random_forest-extended-v1-20260902
1408850757_00_004,1408850757,trunk,,NH717A,2045.9058837890625,25.238046646118164,0.05059676244854927,488.7815177168158,tree_cover,0.28794877394759494,low,random_forest-extended-v1-20260902
1408850757_00_005,1408850757,trunk,,NH717A,2061.53173828125,25.97136688232422,0.08798438310623169,498.256578424176,tree_cover,0.363142661155915,low,random_forest-extended-v1-20260902
1408850757_00_006,1408850757,trunk,,NH717A,2076.79833984375,26.638545989990234,0.11411551386117935,516.6856972142671,tree_cover,0.39951271254145065,low,random_forest-extended-v1-20260902
1408850757_00_007,1408850757,trunk,,NH717A,2126.413818359375,26.548809051513672,0.14521443843841553,580.9742299809095,tree_cover,0.3994068979627891,low,random_forest-extended-v1-20260902
1408850757_00_008,1408850757,trunk,,NH717A,2177.489013671875,26.865631103515625,0.18722525238990784,575.0907950346713,tree_cover,0.38536113100555386,low,random_forest-extended-v1-20260902
1408850757_00_009,1408850757,trunk,,NH717A,2195.60693359375,25.56066131591797,0.14151012897491455,532.0883281519216,tree_cover,0.341196356263409,low,random_forest-extended-v1-20260902
1408850757_00_010,1408850757,trunk,,NH717A,2199.385009765625,24.454240798950195,0.07936972379684448,433.46870913515824,tree_cover,0.25154870736307655,low,random_forest-extended-v1-20260902
1408850757_00_011,1408850757,trunk,,NH717A,2133.74462890625,24.31941795349121,0.06960644572973251,354.72555210128104,tree_cover,0.24756548644586038,low,random_forest-extended-v1-20260902
1408850757_00_012,1408850757,trunk,,NH717A,2057.203369140625,24.863832473754883,0.08979345858097076,275.0784819325981,tree_cover,0.286514324050276,low,random_forest-extended-v1-20260902
1408850757_00_013,1408850757,trunk,,NH717A,2044.395751953125,25.531389236450195,0.010624745860695839,268.82588145153073,tree_cover,0.3597629224170153,low,random_forest-extended-v1-20260902
1408850757_00_014,1408850757,trunk,,NH717A,2126.767578125,26.716920852661133,0.06317416578531265,383.5170421109049,tree_cover,0.39521948986915506,low,random_forest-extended-v1-20260902
1408850758_00_000,1408850758,trunk,,NH717A,2153.505615234375,27.780948638916016,0.1450708508491516,499.1090282834049,tree_cover,0.44290765455170744,moderate,random_forest-extended-v1-20260902
1435068406_00_000,1435068406,trunk,,NH310,2021.5763549804688,28.607004165649414,-0.0017516473308205605,351.11195479568335,tree_cover,0.4484774818483654,moderate,random_forest-extended-v1-20260902
1436359675_00_000,1436359675,tertiary,Tibet Road,,1650.1346435546875,20.50479507446289,0.13700178265571594,758.3950442604701,built_up,0.8498024217282177,high,random_forest-extended-v1-20260902
1467291113_00_000,1467291113,trunk,,NH310,3419.21630859375,28.637313842773438,-0.1537429392337799,120.22258900738453,tree_cover,0.39480070801474754,low,random_forest-extended-v1-20260902
1467291114_00_000,1467291114,trunk,,NH310,3456.1126708984375,27.52374267578125,-0.11767624318599701,105.13160430378801,tree_cover,0.4309049990351456,moderate,random_forest-extended-v1-20260902
1467291115_00_000,1467291115,trunk,,NH310,3433.254150390625,27.862449645996094,-0.15385779738426208,105.13160430378801,tree_cover,0.43417240112367833,moderate,random_forest-extended-v1-20260902
1467291116_00_000,1467291116,trunk,,NH310,3360.0787353515625,30.112491607666016,-0.16399438679218292,157.02203972719624,tree_cover,0.392862422840203,low,random_forest-extended-v1-20260902
