lon,lat,label,predicted_probability
93.628828,24.645275,1,0.9219418479519735
93.07,24.53,1,0.5259458501612636
94.042989,25.437203,1,0.7823976754102947
93.676944,24.667778,1,0.7154345080257161
94.169247,25.335364,1,0.26686393681946363
94.140056,24.682778,1,0.5562523629788795
94.592417,24.869917,1,0.4850955298439333
93.701856,24.733256,1,0.6128710697632956
94.1,24.2,1,0.6683262404631963
94.186028,24.950583,1,0.7751186487952321
94.077794,25.416419,1,0.9031219229257764
94.353028,24.834083,1,0.8429732505577681
93.872,25.528,1,0.9101412915141732
93.23716,24.805138,1,0.8352291864452442
93.11,24.52,1,0.508580464521047
93.692953,24.62595,1,0.392221328997533
94.550786,25.091858,1,0.5368409876858182
93.623222,24.64175,1,0.6355158783482204
93.709739,24.548053,1,0.5362573471684245
94.551528,25.0565,1,0.7208244751759392
94.525222,25.356306,1,0.6284820030106129
93.58,24.12,1,0.638086734180663
93.898,25.523,1,0.29707886184943677
93.18,24.27,1,0.5625174114302036
94.525639,25.289806,1,0.8812173490704445
94.537861,25.466611,1,0.6202490232468866
94.555333,25.373639,1,0.4920113103328637
94.07,24.13,1,0.8965701778806048
94.510083,25.326722,1,0.9041340674994778
93.473028,24.888472,1,0.7712719691133233
93.706472,24.943778,1,0.24319309400685318
94.524861,25.181194,1,0.7860309237949562
93.639611,25.115889,1,0.7054516984185899
93.58,24.17,1,0.40267707396389396
94.330448,24.832817,1,0.9525656109990589
94.279306,25.381389,1,0.707930750860153
94.1515,24.940611,1,0.4028085836227489
94.328686,24.898438,1,0.6475320985495489
94.235833,24.8745,1,0.7115260583620467
93.99,24.01,1,0.9458847368450838
93.51,24.1,1,0.1220983424492239
93.64775,25.118,1,0.6537301371750828
94.2235,24.717889,1,0.7787935918194596
93.485833,24.729944,1,0.3269076757180969
93.603778,25.055139,1,0.7115480159567159
93.87,25.529,1,0.9426664182549871
93.55,23.98,1,0.13162165985546287
94.460091,24.934336,1,0.38814739524624925
94.155764,24.387708,1,0.555655761638389
93.676528,24.543806,1,0.7093498959831157
94.334833,24.831028,1,0.9516073139441704
93.613583,25.083083,1,0.6648348209009084
94.335333,24.90725,1,0.6171074445734823
94.555444,25.492333,1,0.8143282554204913
94.304444,25.181583,1,0.3633432658026613
93.616397,24.862903,1,0.6839766644547998
94.259444,24.69325,1,0.9055715267734297
94.531722,25.103528,1,0.4133971031728913
93.492806,24.722472,1,0.7459764859670466
94.23361,24.3225,1,0.6813797451065092
94.297361,25.176639,1,0.7307520496429802
93.19,24.24,1,0.7170785659155857
93.75,24.32,1,0.47223885654126047
94.07,24.12,1,0.7781373793057622
94.242028,24.913611,1,0.3846837196906248
93.56,24.02,1,0.4916141916155081
94.316778,24.909542,1,0.7266404255360813
94.543694,25.465167,1,0.6794790197585536
93.394306,24.798278,1,0.6242610638003747
93.72275,25.15775,1,0.7699204525311887
94.043697,25.430853,1,0.9570057609768177
93.08,24.23,1,0.5776888893203239
94.322472,24.824278,1,0.5537920986220409
93.721889,24.631861,1,0.40518315812060884
94.134506,25.200853,1,0.8840006001387993
94.138111,24.682167,1,0.7589374321637519
94.602278,24.777333,1,0.39739755839101143
94.555417,25.27325,1,0.7942839873142599
94.306125,24.889031,1,0.5886859770638573
94.551083,25.052833,1,0.7851199196301544
93.91,24.09,1,0.2632889496188134
93.954583,24.346028,1,0.22018595794184032
94.509111,25.312667,1,0.8000622499434219
94.259028,24.431056,1,0.8329349645202158
94.523556,25.182417,1,0.8817939907269997
93.633144,24.922861,1,0.8750960823206547
93.655719,24.804586,1,0.892157465742795
93.48,24.13,1,0.075
94.28722,24.25806,1,0.5021429191199709
94.323778,24.846167,1,0.7440096807807218
93.502278,24.978389,1,0.5112476605638372
93.88,24.83,1,0.0033333333333333335
94.308778,24.618583,1,0.8833151057728206
94.544583,25.065056,1,0.8684470888314327
94.551028,25.096611,1,0.8027579309296747
93.55,24.15,1,0.5061942253292092
93.646406,24.653156,1,0.5959210884094376
94.390222,25.098667,1,0.5250915360070727
94.135,25.508,1,0.5865978069631183
93.941722,25.146528,1,0.6125355752283289
93.736111,24.809917,1,0.5673249246949775
93.19,24.73,1,0.38211148329595723
94.523694,25.181528,1,0.7068526185319568
94.020444,24.997972,1,0.7093230659185378
93.09,24.52,1,0.5941426487172604
94.549639,24.814778,1,0.7092501167753218
93.654444,24.935611,1,0.6160911456078578
94.578333,24.9155,1,0.42937065175568523
93.712833,25.152389,1,0.3912708191330983
93.612222,24.639722,1,0.8129288724690374
93.97215,25.13109,1,0.5662028042783
94.08,24.22,1,0.6620118528713774
94.520944,25.185889,1,0.6040681019591347
93.214998,24.797951,1,0.6280844862059701
94.044694,25.268942,1,0.8844494903883612
93.9,24.09,1,0.25757843712877576
93.736361,25.164222,1,0.7323639751883957
93.22,24.2,1,0.7588614749617331
94.483082,24.969479,1,0.8939927586377727
94.338583,25.127556,1,0.4830297983196008
93.245222,24.813889,1,0.7182760725464231
94.02,24.12,1,0.6593703985738225
93.685222,25.158667,1,0.8438202566447153
93.457417,24.772806,1,0.5241916971523151
93.928861,24.314194,1,0.4630639583372739
94.155694,24.956472,1,0.6419805341232571
93.66,24.34,1,0.1295208623053307
94.5775,25.419444,1,0.33693282941977204
93.441889,24.788889,1,0.5464949764222328
93.462694,24.759667,1,0.8043931948972629
94.534528,25.477056,1,0.5952308116678711
93.69575,25.165222,1,0.8328093362866353
94.04,24.09,1,0.6992969207000364
94.06583,24.40639,1,0.4920526829703536
94.578222,25.42025,1,0.42207608894013676
94.58,25.414028,1,0.7371057217406268
93.435417,24.799333,1,0.7210608410256486
94.186181,24.495,1,0.7001791206611996
94.03,24.09,1,0.8503755280218876
93.36,24.32,1,0.5844691911910022
94.228389,25.363278,1,0.2399023124248144
94.308972,25.185167,1,0.705446099107465
93.712056,25.159,1,0.17606097706322857
94.283806,24.264333,1,0.41262119331613994
94.202556,24.940333,1,0.6483571781293894
94.549694,25.061472,1,0.8825544555106103
94.523333,25.182306,1,0.8077524543893003
93.18,24.24,1,0.7230865478153947
93.89,24.08,1,0.6459629306494946
94.493465,24.954887,1,0.8633189235182639
93.514431,24.724406,1,0.8086078621952648
94.048914,25.427231,1,0.9166335709723619
94.541667,25.069806,1,0.6999590153334071
94.539417,25.289139,1,0.8853177642248443
94.504611,25.180889,1,0.8157694852605992
93.293194,24.734233,1,0.6460490304286396
93.673667,25.152472,1,0.607608752331914
94.02,24.1,1,0.8864138526788575
94.128222,24.28575,1,0.8994981079153759
94.375944,25.095972,1,0.7029666649297485
94.107603,25.218022,1,0.7028186148751133
93.72,24.37,1,0.30458173083356926
94.267306,24.687667,1,0.9506285867491719
94.0,24.9179,1,0.45692479240937955
93.18,24.72,1,0.6880167220574442
93.98,24.0,1,0.8562465346593098
94.227111,24.931167,1,0.4303699918520992
94.098872,25.265492,1,0.3737994649360205
94.320139,25.14275,1,0.7465673183242338
94.519722,24.835611,1,0.5984489895339227
93.57,24.03,1,0.4735925289822735
94.078972,24.773472,1,0.28394264409207987
93.92575,25.124639,1,0.694527701539967
94.187361,24.704083,1,0.7242140891664672
94.563361,24.921167,1,0.8762889652402382
94.551528,25.467167,1,0.5942286779737522
93.457389,24.768472,1,0.7647190852934824
94.630111,25.394917,1,0.35827340399476754
93.79,24.32,1,0.6444461602262435
93.632156,24.660825,1,0.897818706901999
94.170694,24.68625,1,0.7011350439328314
93.59,24.17,1,0.3537572548052279
94.077222,25.417778,1,0.9035720715108281
94.528472,25.287361,1,0.8482080155015063
93.11,24.54,1,0.3579586770336559
94.198722,24.702722,1,0.9109631585705191
93.623694,24.641528,1,0.6836780380396602
94.156667,24.528778,1,0.5216898347097395
94.031956,25.448506,1,0.713438616799576
93.74,24.32,1,0.5380712514746133
94.316806,25.027528,1,0.6202586079297997
94.556111,25.05125,1,0.777752284659461
94.017972,24.301528,1,0.8261220146524011
94.217917,24.71475,1,0.9052666231981451
94.552583,25.45475,1,0.6796775642569028
93.47,24.14,1,0.5167896819752291
94.338583,25.131917,1,0.6405966175107527
93.386806,24.768778,1,0.6042830727683768
93.319833,24.766556,1,0.4381668249814059
94.162444,24.957833,1,0.5689926119968228
94.457787,24.943258,1,0.5828685370651188
94.505778,24.806417,1,0.5056172356121414
93.459722,24.751222,1,0.901494219112019
94.552028,24.81425,1,0.665758523068817
94.464944,24.91475,1,0.6479289686963647
94.552028,25.466528,1,0.611150056450123
93.724083,24.79825,1,0.5528041134320504
94.522556,25.181806,1,0.7737072112954453
93.736222,25.163528,1,0.8574727594642682
93.45875,24.764917,1,0.846091971062821
93.680433,24.534017,1,0.6724353556836731
93.14,24.32,1,0.47182779455017454
94.4095,25.020361,1,0.4032838564735236
93.739886,25.168928,1,0.9388257626753213
94.398786,24.796417,1,0.694726156804971
94.07,23.95,1,0.45288514626396087
93.703972,25.162583,1,0.7590337542723345
94.162639,24.982917,1,0.32345712216171874
94.224944,24.839722,1,0.6873083321090501
93.647528,25.117806,1,0.6595257281276611
94.551028,25.049,1,0.3264311445574236
93.457139,24.775972,1,0.6281474432520142
93.731514,24.965053,1,0.6607909314438277
93.13,24.73,1,0.32407407407407407
94.2,24.2,1,0.4090604217317597
94.460722,25.099194,1,0.2733568112663028
94.220711,25.350061,1,0.4443810830384546
94.457028,25.389639,1,0.531662147583885
93.731306,25.161694,1,0.7913526567056787
93.29,24.13,1,0.5257862394335998
93.67,24.35,1,0.6356453340227017
94.503639,25.08325,1,0.6940530012342072
93.524917,24.984722,1,0.8565137009868999
94.368466,24.808874,1,0.8394399821465456
93.51,24.35,1,0.30392683106384005
94.522944,25.095611,1,0.8698894072561151
94.555139,25.050694,1,0.9074284058483566
93.703222,25.156833,1,0.9055474751020891
93.91,24.11,1,0.5380462519242166
94.253445,24.677303,1,0.6733791270734887
94.544528,25.485861,1,0.7732272556319663
93.66,24.35,1,0.1535584262073624
94.2605,24.686833,1,0.6078268855522595
93.4975,24.99306,1,0.528526646970853
94.264253,24.684625,1,0.6088343356552954
94.440417,25.128194,1,0.553209940828724
94.01,24.14,1,0.5758474032050002
94.096483,24.2504,1,0.6991526747011189
94.084694,25.417653,1,0.7954534438652134
93.730361,25.161667,1,0.6533122339574476
94.176806,24.417667,1,0.8975941455051094
94.473616,24.957209,1,0.5469750622150605
94.11,24.19,1,0.811926005331317
94.526639,25.332083,1,0.7400522482627555
94.522528,25.094333,1,0.9353511066168212
94.354611,25.16525,1,0.5214491444809567
94.610194,24.887722,1,0.4017585674332498
94.550611,25.059556,1,0.827463981507723
94.188889,24.9475,1,0.5463471890446723
94.632139,25.065889,1,0.8782019626767592
94.155,24.9755,1,0.3078138100894123
93.594472,24.641194,1,0.8217005304257069
93.62275,25.110667,1,0.7627617751007739
94.1254,25.255931,1,0.5443771855521454
93.99,24.0,1,0.6132846867278188
94.532861,25.480722,1,0.745744082414179
93.69,24.3,1,0.03666666666666667
93.471667,24.804167,1,0.5537329020576952
94.198278,24.708417,1,0.9055292969457837
94.325861,24.847436,1,0.6724209248169766
93.737583,24.796944,1,0.7916430684749192
94.614389,25.063167,1,0.5921640294051581
94.1,24.15,1,0.6433621407986699
94.191194,24.946944,1,0.49910912824289627
93.663583,25.130722,1,0.6518735834897394
94.354848,24.836588,1,0.918294901038876
93.43875,24.846028,1,0.7353711921879785
93.672828,24.647011,1,0.6446850134331651
94.52725,25.178417,1,0.6777260383102399
93.603944,24.628,1,0.5781634933205724
93.508903,24.719214,1,0.7492098348722559
93.606694,24.636444,1,0.7187940241059594
94.535111,25.478194,1,0.7620769955860652
93.97,24.01,1,0.5148528058715988
94.532083,25.103111,1,0.8428550897222302
94.03,24.07,1,0.8133946706889866
93.688167,25.160389,1,0.8419265667274781
93.671856,24.646197,1,0.670685126122954
93.55,24.33,1,0.3803449080952386
93.459083,24.834917,1,0.7410745004017764
94.03,23.98,1,0.5279458571116907
94.18495,24.437169,1,0.9407022595512406
93.62825,24.662664,1,0.5871521367404824
93.1,24.26,1,0.6817043720050694
94.26374,24.672316,1,0.636735388683372
94.615,25.063778,1,0.6471768637599749
93.509861,24.984528,1,0.8175136686017536
93.18,24.73,1,0.727919121706146
94.276139,24.291139,1,0.6006753350570924
93.96,24.1,1,0.5395754193676399
94.06,23.96,1,0.7229156950027152
93.53,24.35,1,0.6339871624365152
93.899,25.523,1,0.10581909153648285
93.736,24.798,1,0.8665750947461053
93.654972,25.121417,1,0.8361356450062394
93.11,24.28,1,0.6218603324537639
93.14,24.72,1,0.42771649345132895
93.58,24.15,1,0.5798367321710127
93.246,24.8145,1,0.7970734155535181
93.749083,25.167917,1,0.8829023201947818
94.309379,24.618157,1,0.9590713998821798
94.600389,25.410278,1,0.42798703078800315
93.695278,24.629861,1,0.481226023948887
94.614972,25.063861,1,0.6471768637599749
94.015522,25.028456,1,0.14886886867921348
93.15,24.33,1,0.4558748245762487
94.523722,25.182472,1,0.9096057824211469
94.155111,24.946889,1,0.7390294420448258
93.50361,24.98722,1,0.666681948652175
93.45725,24.768694,1,0.8153680758166686
94.006631,25.444333,1,0.9184600752320783
94.342667,25.181639,1,0.5763088168151785
93.45917,24.84833,1,0.8974248180215595
93.606139,24.630083,1,0.5339784407622581
93.740194,24.815833,1,0.7506388677944484
93.748972,25.168028,1,0.8435772847205081
94.13,24.13,1,0.5242978903409203
93.789333,24.927139,1,0.43937400537930654
94.046367,25.269014,1,0.7136969091556842
94.163786,24.491669,1,0.9331364397512615
94.02,24.11,1,0.23694000960357323
93.705833,24.618889,1,0.5782164659086323
93.691556,24.624944,1,0.5400982652904367
93.53,24.33,1,0.2173155841676504
94.552528,25.466278,1,0.6757484758263268
93.627392,24.640072,1,0.6932218246385162
94.347306,25.174667,1,0.7284587956411944
94.255917,24.691389,1,0.9108150398567486
94.5065,25.314972,1,0.7485560047266607
93.37,25.11,1,0.7252281508045928
94.50075,24.957333,1,0.7899882162933665
94.16515,24.490983,1,0.9234702209684984
94.26,24.22,1,0.3217917738576281
93.656306,25.123361,1,0.8706602665425532
94.56436,25.055278,1,0.6143030041556018
94.525111,25.289944,1,0.8763531930892889
93.21,24.21,1,0.45665020403969964
93.6845,25.157667,1,0.7491812787707776
94.548444,25.39625,1,0.5194052748158678
94.643917,25.064833,1,0.8879375844784776
94.352889,24.820222,1,0.8912354746944665
93.07,24.52,1,0.07272816906645956
94.250611,24.433611,1,0.6201888401580966
93.713083,25.152167,1,0.5532359640694223
94.08,24.15,1,0.46242606060098107
93.15,24.74,1,0.22838888968724305
94.580417,24.871889,1,0.7854589240386511
94.342873,24.607745,1,0.675956087161245
94.080258,25.332489,1,0.6997686827163007
93.619972,25.09225,1,0.764168122687267
94.541333,25.413,1,0.5273727239092278
93.682686,25.157092,1,0.8224833112317437
94.340419,24.835145,1,0.8867237687074375
94.406137,24.798077,1,0.6928325153023144
94.222514,25.351311,1,0.5706837619208832
93.725528,24.600083,1,0.6443631350733525
94.332389,25.048417,1,0.5707705862432894
94.043861,25.428889,1,0.980854317251088
93.620333,25.101083,1,0.6476634883677422
93.663889,24.779889,1,0.6471689354927737
94.545083,25.468,1,0.5924853591409308
93.57,24.02,1,0.17987287903667212
93.29,24.21,1,0.7126071136120498
94.500056,25.410694,1,0.4219269027053496
93.84,24.3,1,0.1936521854013044
93.611556,24.639,1,0.34298163628972705
93.670775,24.612372,1,0.6503842042622536
93.7745,24.866972,1,0.9239286640886384
94.04,23.97,1,0.626085556748319
94.312167,25.151917,1,0.5432533533784067
93.61925,25.096333,1,0.8871257885049006
93.612278,25.08025,1,0.47842050172958184
93.525333,24.987361,1,0.8307003989596434
94.258667,24.686651,1,0.9674777601001686
94.528333,25.287333,1,0.8482080155015063
94.070472,25.421028,1,0.6572987448553701
94.511861,25.325194,1,0.9642698017015111
94.184525,25.337428,1,0.6797045478419262
93.433917,24.812083,1,0.5038797747768746
94.03,24.08,1,0.3571313087851733
93.18,24.28,1,0.4709563430642544
93.777611,24.782139,1,0.6264018765264038
94.156667,24.404167,1,0.6978798932208257
94.550694,25.082778,1,0.8130337469945672
93.491833,24.723056,1,0.7194307475246414
93.772167,24.788639,1,0.8011128641686246
94.16536,25.53128,1,0.30799643751413897
93.699611,25.165833,1,0.5551567476381608
94.357083,24.8385,1,0.9354920176173309
93.459806,24.789917,1,0.7088053328916956
94.502278,25.083694,1,0.8004147201758908
93.604917,24.628361,1,0.6286360001697787
93.496944,24.720167,1,0.801660126682061
94.347694,25.172806,1,0.9088840821035562
93.500417,24.983194,1,0.42703601246572037
94.067142,25.321019,1,0.6663795009530121
94.230444,24.313111,1,0.14878981992391643
93.97,24.16,1,0.4881213662397435
93.693944,25.164472,1,0.5987766508590636
94.579361,25.410389,1,0.8515381967613271
93.479194,24.732139,1,0.42375357986721107
94.137,25.514,1,0.26801415908962095
94.044722,25.297797,1,0.9504685015937588
94.166631,25.340433,1,0.6893250951818876
93.667681,24.549256,1,0.7377929420983158
93.778667,24.871361,1,0.635377783385338
94.575444,25.432833,1,0.19054867561059513
93.495333,24.942778,1,0.8498706071592389
93.528278,24.978611,1,0.44517091173805584
94.527667,25.28775,1,0.49553713737497457
94.141878,24.496792,1,0.9081661127240618
94.337593,24.837576,1,0.7246626556593233
93.720417,25.159386,1,0.7535317768135549
94.079214,25.416483,1,0.9509023802538479
93.440722,24.775167,1,0.7993237793238873
93.672833,25.151417,1,0.6053002296779834
94.238389,24.892028,1,0.619211364027515
94.614861,24.978139,1,0.8871748136374125
94.592139,25.409139,1,0.889141880688875
93.37,25.12,1,0.8178330370901556
94.241111,25.042333,1,0.36131412219319886
93.97,24.19,1,0.4010969060723779
94.354889,25.166833,1,0.745504776042195
94.577472,25.416778,1,0.7508446311786773
94.270702,24.6735,1,0.49657485739315255
93.94,23.99,1,0.7068221440787369
94.154139,24.379417,1,0.4947321384868159
94.151528,24.940972,1,0.24463278082392337
94.12,24.13,1,0.6336239432793801
93.19944,24.7825,1,0.8175755626751191
94.576556,24.917611,1,0.7885567319792459
93.732333,25.161361,1,0.8765755028588971
94.124056,24.291028,1,0.6885536800498387
94.184944,24.934833,1,0.5263463323436396
94.5255,24.826361,1,0.8401792348273305
94.157778,24.955167,1,0.4693098763624283
93.15,24.73,1,0.3863299306065755
93.57,24.1,1,0.5397950877548389
93.574044,24.863272,1,0.8327444754747428
93.699833,25.159028,1,0.6901835308592642
94.070336,25.317628,1,0.6556612094217795
93.735972,24.798028,1,0.8665750947461053
93.52,24.982611,1,0.8417770570843547
94.409028,24.797,1,0.910676896382023
94.243944,24.895806,1,0.5151805070853108
93.647222,25.11775,1,0.6256809116473458
93.669028,25.138306,1,0.772888746278353
94.482917,24.906333,1,0.4211220334302118
94.3485,25.172194,1,0.8958533021557884
93.96,24.16,1,0.5400656935744166
94.160028,24.936361,1,0.888442286412922
93.537028,25.025472,1,0.8185532613265264
93.742111,25.168806,1,0.9037912160423747
94.577722,25.062833,1,0.8785684007041908
94.049444,25.447378,1,0.5805446376781492
94.06,24.13,1,0.7800657927093206
94.525583,25.323556,1,0.6141242978187207
93.573444,24.854806,1,0.7490245882623443
93.871,25.528,1,0.9448576120177798
94.356833,25.116333,1,0.676957954647345
93.692861,25.164056,1,0.8618453680879434
93.696844,24.615083,1,0.4583430782185357
93.483139,24.732417,1,0.5841382423759761
94.551167,25.050417,1,0.7971627879736384
93.695917,24.615033,1,0.5645053038280714
94.547417,25.259222,1,0.8643316962053297
93.57,24.14,1,0.5167275899832864
94.158806,25.338556,1,0.22249646173692886
93.636917,25.113472,1,0.799424448800266
94.146,25.525,1,0.5381452856513305
94.555889,25.276222,1,0.892066404437575
93.423,24.812167,1,0.6471924333046248
93.460889,24.765361,1,0.8327388369298202
94.516611,25.093167,1,0.8588681428957368
93.28,24.06,1,0.5365002918983721
94.526861,25.28925,1,0.88816570164838
93.7065,25.159778,1,0.8488895881409936
94.384778,25.095611,1,0.6036712315964547
93.23789,24.80592,1,0.8150647965600167
94.552992,25.499542,1,0.5020249671468155
93.466667,24.890333,1,0.5272302357532732
94.544833,25.263722,1,0.9122707837912458
94.123583,24.298028,1,0.8011843808939886
94.549667,25.079361,1,0.8373095811587508
93.625583,25.110389,1,0.8456211719461822
93.18,24.31,1,0.41451803845087454
94.191686,24.489728,1,0.8121989670899552
93.927,25.532,1,0.5407014933532083
93.8,24.52,1,0.13764338731443995
94.596417,25.409306,1,0.30291707187250316
94.125139,24.270806,1,0.8570016186939902
94.321092,24.910619,1,0.5667061707224895
93.674917,24.544361,1,0.6486680944329224
93.625389,25.110472,1,0.8456211719461822
93.3,24.17,1,0.6181582693852691
94.369875,24.853139,1,0.3964796888771071
93.28,24.35,1,0.5694070666604361
93.481556,24.916444,1,0.5391662871781107
94.510806,25.10125,1,0.8033979078335622
93.623861,24.872153,1,0.6207763443225105
93.67325,25.152361,1,0.6586104290647492
94.581278,24.812611,1,0.639119944056275
93.622361,25.110917,1,0.7890148853293932
94.198264,25.346964,1,0.7870123707316067
93.91,24.84,1,0.3113691387737008
94.11,24.22,1,0.4605530219654229
93.462278,24.784611,1,0.48933823728561054
93.499333,24.842444,1,0.43859679357787107
94.088994,25.322822,1,0.6439539308697318
93.509003,24.719397,1,0.7108851284455124
94.100258,24.253611,1,0.78325320197609
94.547461,25.0948,1,0.7350945023819225
93.712444,25.153472,1,0.642318632899661
93.603028,25.057194,1,0.5796433765394869
93.15,24.32,1,0.19224567605035806
93.11,24.27,1,0.7534001117645182
93.604639,25.059861,1,0.5943025802307642
94.045883,25.268703,1,0.7778814332062508
94.578528,25.418361,1,0.2723521777906637
93.497583,24.85,1,0.6824418523949247
94.07,24.14,1,0.848613136277423
94.338306,24.901444,1,0.6000124299368236
94.322722,24.823283,1,0.5727159966278724
93.54,24.35,1,0.3066476438413308
93.2449,24.85325,1,0.13865372028960268
94.348861,24.825889,1,0.8688727492069285
93.52,24.37,1,0.13233500374530702
94.54755,25.467169,1,0.831847544917489
94.2345,24.991444,1,0.5800955649284222
93.604028,25.058833,1,0.3835354511713748
93.464944,24.75075,1,0.8004615947503886
94.05,24.12,1,0.5397975044925081
93.85,24.43,1,0.13
93.63925,25.115417,1,0.8073632159175411
93.653778,25.120444,1,0.8230838735876741
94.03,24.1,1,0.8185347417253078
93.471167,24.917278,1,0.6886707215837756
93.51722,24.81722,1,0.8306359083840555
94.52025,25.186389,1,0.6797962343245311
94.357583,24.842778,1,0.9161310626059204
94.486889,24.916083,1,0.7873557245220778
93.55,24.0,1,0.592877444478954
93.507075,24.989697,1,0.8153514234053177
93.508378,24.718914,1,0.7326661840786051
93.478472,24.827,1,0.41297367983060046
94.549556,24.938361,1,0.9095141153098071
93.95,24.1,1,0.5740755308108303
93.684944,25.158083,1,0.6488549268995659
94.417417,24.932631,1,0.8840562611153994
93.650047,24.699761,1,0.4937430148353061
94.309472,25.289444,1,0.4040500699907139
94.613222,24.884889,1,0.4781431947556325
94.176944,24.4165,1,0.42174105428849695
93.677306,25.155861,1,0.7472451777370233
93.620778,25.098639,1,0.5502299543040248
93.494361,24.986333,1,0.7733702182162422
94.603306,24.991833,1,0.7000843523817653
94.567111,24.919917,1,0.8804448507462185
94.632972,25.067194,1,0.8159962857533498
93.456889,24.758778,1,0.6218967121751197
94.598361,25.410667,1,0.7213442437299789
93.652939,24.975175,1,0.7835151080134993
93.68,24.29,1,0.05366666666666667
93.6973,24.672569,1,0.37001248228125516
93.46125,24.764917,1,0.7603364792424582
94.245139,24.408672,1,0.8560596603356396
94.277139,24.289333,1,0.5250953997327295
94.08,24.04,1,0.5803091306552911
93.93,24.14,1,0.4631457383558312
93.774694,24.783194,1,0.5210903895687117
94.223469,24.4588,1,0.9313077083809997
94.267283,24.683238,1,0.6170694983023982
94.3371,24.9252,1,0.8470471428324383
94.180147,24.506317,1,0.5443419808242811
94.601694,24.888528,1,0.7546553702947271
93.666128,24.974128,1,0.7505322224513904
93.458139,24.767,1,0.8716890191260986
93.481917,24.950278,1,0.7305596560751976
94.165472,24.689139,1,0.233310265506709
94.064836,25.265578,1,0.7101055699778314
93.654678,24.981031,1,0.8428722799829144
93.736408,24.801681,1,0.9620292663908926
94.077164,24.279575,1,0.3404912492486791
94.233139,24.858778,1,0.7483673420968787
93.640417,25.116111,1,0.6294200664129851
93.735472,25.167444,1,0.6684042767659792
93.6675,25.135861,1,0.6708670737827199
94.018919,25.452417,1,0.8998346022021249
94.555833,25.493694,1,0.8462933673247753
93.45389,24.90139,1,0.5354205441216305
94.31281,24.883132,1,0.5011960192763906
94.461278,25.155194,1,0.42156488427352795
93.32,24.11,1,0.7521643028785472
93.31,24.16,1,0.5985660787790125
93.625244,24.864739,1,0.6380160311147867
94.6175,24.964694,1,0.7710323991414649
94.551111,25.051944,1,0.7939283153654111
94.400917,24.683139,1,0.7202161170512762
93.626528,25.109944,1,0.6227018953608209
93.772583,24.864833,1,0.9173613952314869
93.507056,24.829333,1,0.7628627785351211
94.092053,25.318628,1,0.859021767191249
94.143556,24.323361,1,0.629093194683939
94.296361,25.079667,1,0.8284303293310563
94.509861,25.324861,1,0.8221627833646652
94.319308,24.890806,1,0.767468718816329
93.722439,24.798042,1,0.7363023906818462
94.163389,24.366806,1,0.8081133000773555
94.129017,25.450353,1,0.6814635431136754
94.532194,25.057167,1,0.9357050315289981
94.136078,25.198756,1,0.8604176659408947
93.43,25.07,1,0.7869392818882395
94.230583,24.445222,1,0.8893256207524166
94.539833,25.287306,1,0.8776270799429711
93.500017,24.718567,1,0.49644797843595984
93.671194,25.14625,1,0.8221785157677863
94.032194,25.279389,1,0.7905306314503387
94.075083,24.272667,1,0.4095830284877114
94.15433,25.47217,1,0.3623675003705112
94.628222,25.394361,1,0.39615323897571114
93.572383,24.860347,1,0.8676835320501916
94.577722,25.420722,1,0.2307662665614162
93.472222,24.8,1,0.6365520838182266
93.715025,24.834386,1,0.7822069220834216
93.627742,24.861264,1,0.6897101919539879
94.073833,24.280472,1,0.3816848151717156
93.50222,24.99694,1,0.5675864364542932
93.619583,24.644889,1,0.8650703241880658
93.774222,24.7895,1,0.6574498622877862
93.691111,24.639311,1,0.5576773891859347
93.09,24.23,1,0.518162514368576
94.225406,24.454953,1,0.5871190397801063
94.071111,25.4351,1,0.711982353454232
94.168736,25.339872,1,0.8695755692768934
94.525278,25.180611,1,0.6723975650488059
93.296,24.734861,1,0.7831942777866876
93.670047,24.536556,1,0.6746700239482222
93.492889,24.94775,1,0.6668842417927551
94.601306,24.884389,1,0.8946945300304355
94.341944,24.901861,1,0.7347394695445073
94.454333,25.392389,1,0.5855115980041714
94.6325,25.066861,1,0.817574678442398
94.352722,25.113278,1,0.6531775070571898
93.12,24.31,1,0.5078053754478055
94.449361,25.023111,1,0.7496088243478809
93.459361,24.751111,1,0.9107122804352313
93.11,24.29,1,0.6142229276316437
93.460583,24.877417,1,0.8112895043918389
94.152236,25.038753,1,0.1800557380915972
94.365306,24.849667,1,0.5739436442189243
94.093111,24.256583,1,0.7625167714521864
93.523861,24.82375,1,0.9128857952519875
93.474139,24.824111,1,0.5465643655882968
93.658222,24.792333,1,0.8146039921584225
94.198528,24.709111,1,0.9225033742863703
94.460722,25.134611,1,0.6881843033682964
93.537222,25.025639,1,0.7985824645097287
93.711278,25.154917,1,0.6949619365579817
94.601889,24.777306,1,0.3829832800952142
93.749222,25.167806,1,0.824840638327579
94.366303,24.852,1,0.4721793394318438
93.695483,24.600231,1,0.497438787154852
94.214606,25.379878,1,0.2849791933481842
93.671667,24.5465,1,0.5948123326732957
93.604861,25.067306,1,0.6283081611073219
94.184347,24.439842,1,0.8735628137355516
94.01,24.19,1,0.5091171883160939
94.5295,25.287611,1,0.9078378569225308
94.599722,25.409417,1,0.9178440959833871
93.494,24.986444,1,0.3193444001501644
93.256389,24.728917,1,0.6286302538058725
93.672364,24.646969,1,0.6733822757168442
94.173489,24.444011,1,0.9174482845715316
94.124572,25.454017,1,0.47181400958246
93.585331,24.854044,1,0.6115972617298936
93.713778,24.607528,1,0.7502434317029764
93.530472,25.013472,1,0.7249291994763473
94.067894,25.416389,1,0.14033618409538473
93.9,24.84,1,0.4456487992597344
94.127278,24.277639,1,0.533201218648353
93.657333,25.124917,1,0.840816310196108
94.322356,24.805342,1,0.8572157125984919
93.596611,24.641417,1,0.538657251887599
94.361167,24.8415,1,0.6870904293600437
93.255556,24.762667,1,0.8109365523939731
93.624056,25.110389,1,0.8473294146499861
94.257477,24.692373,1,0.8458459911723217
94.325233,24.842538,1,0.7379704178766369
93.466972,24.83025,1,0.5874318402160286
94.253976,24.676323,1,0.8580220140024815
94.128022,25.452369,1,0.9103031168595883
93.598194,24.862444,1,0.7306763967456692
93.5,24.37,1,0.4174242167282417
94.522278,24.956083,1,0.8807616023360864
94.513778,25.09825,1,0.7270902743306348
94.06,23.95,1,0.7666083255230168
94.201889,24.940944,1,0.36631099842861214
93.679522,24.649492,1,0.5199009580746325
93.462806,24.751139,1,0.6553061702321547
94.456278,25.126222,1,0.7138688522445433
94.504278,25.316639,1,0.6713423306310522
94.551722,25.082306,1,0.6110061790312049
93.644183,24.698392,1,0.6543716457830366
93.404806,24.806806,1,0.6321934402820211
94.504917,25.181722,1,0.7544786747708
94.346417,24.833889,1,0.900112264494992
94.473427,24.949274,1,0.6532110669164811
94.535556,24.948083,1,0.8752243763284182
94.046264,25.440961,1,0.8904479990765461
93.38,24.14,1,0.2937126024876001
94.062167,25.264639,1,0.8594262217544648
94.179278,24.951444,1,0.6147823020081078
93.506167,24.987583,1,0.69553772746807
94.021711,25.016375,1,0.6652842592246905
93.7055,25.160583,1,0.6624092800168779
94.101983,25.236142,1,0.6098037459343101
93.523119,24.816242,1,0.37292076711578104
94.15,24.09,1,0.4707255841531278
94.009189,25.238611,1,0.13542137954883426
94.184122,24.440033,1,0.7320216153472465
94.136261,25.173056,1,0.5566784913715632
93.602083,24.642722,1,0.7636885217434551
93.710756,24.822953,1,0.9251840875333209
94.366083,24.851806,1,0.7170219602913394
94.32757,24.831526,1,0.9216898768427899
93.49425,24.986472,1,0.7733702182162422
94.096472,24.264317,1,0.6180359038535885
94.14089,25.51378,1,0.3795735308646484
94.199722,25.344389,1,0.7121088591653478
93.463222,24.860889,1,0.7503394967677884
94.253133,24.676078,1,0.6235047596692354
94.059917,24.301806,1,0.9338441719855375
93.695528,25.165472,1,0.8971048407104376
93.58,24.11,1,0.0914647759148686
94.523839,25.321861,1,0.880520968926736
93.67,24.33,1,0.18069981095562493
93.95,24.16,1,0.41949199843863877
94.539528,25.288417,1,0.8979456440276827
94.009083,24.940611,1,0.0749484803557158
94.534528,24.817028,1,0.7154547114684592
93.735417,24.791389,1,0.6224686547044875
94.011444,25.304917,1,0.8703961459293403
93.529758,25.013161,1,0.6202242921896454
93.3,24.22,1,0.5401959257867837
94.332472,25.019139,1,0.5334317723326917
94.153333,24.686417,1,0.8386102871710069
93.777972,24.784556,1,0.7101198971513478
94.025864,25.439367,1,0.6766241207825523
93.67,24.27,1,0.07380952380952381
94.515694,25.325778,1,0.6619707927629352
94.572222,24.8155,1,0.5770209522854657
94.357889,24.847611,1,0.7115991136263861
94.547722,25.095056,1,0.8279120230533183
93.98,24.01,1,0.7734308085025489
93.57,24.06,1,0.29103669939375787
93.462667,24.747694,1,0.729541038362162
94.334111,24.831167,1,0.7127270736697777
93.462778,24.747833,1,0.8648805845142117
94.08,24.25,1,0.6614316579758485
94.228917,24.931333,1,0.5784336473590799
94.294111,25.079806,1,0.8064617034449485
94.233778,25.044111,1,0.5615016959968843
93.653111,24.801111,1,0.3404675816535469
93.696694,24.78725,1,0.7613237691589178
94.02,24.09,1,0.889506491629121
94.550083,25.388056,1,0.8048639481356443
93.88,24.22,1,0.19047557323724953
94.13652778,25.51591667,1,0.3544854577951465
93.482111,24.836222,1,0.9314649102626834
94.567861,25.055278,1,0.8386042632431906
94.157889,24.955972,1,0.554119929247996
93.605361,25.061861,1,0.43681344979919523
94.50425,25.319389,1,0.7531844374236972
93.3,24.15,1,0.6457496190452289
93.455556,24.783806,1,0.3348961650409735
93.530111,25.013083,1,0.6964176208097447
94.160889,24.491667,1,0.9088797439253213
93.696858,24.672406,1,0.47448610359984106
93.604611,24.62775,1,0.6201153419434993
94.290345,24.664737,1,0.8856365633136735
94.24,24.22,1,0.27506509741190893
94.143361,24.492333,1,0.9251803484922332
93.99,24.18,1,0.5351530227394405
94.599525,25.055186,1,0.7511722870927743
94.550056,25.091667,1,0.6556712974625835
93.45,24.818,1,0.6735769633764745
93.1,24.24,1,0.19532809272486026
93.498778,24.845611,1,0.6697827501495294
94.559833,24.924528,1,0.4378687087167613
94.151639,24.930944,1,0.47747521978420165
93.27,24.36,1,0.7328566211298722
94.504139,25.315861,1,0.8437581561304676
94.1725,24.637278,1,0.6541597672094445
93.797167,24.930056,1,0.6327719032073014
94.337056,24.925194,1,0.8470471428324383
94.07,24.05,1,0.8317148847702437
94.440639,25.128417,1,0.5908262061137739
93.575906,24.820728,1,0.7692193791258582
93.9,24.18,1,0.01733974358974359
94.160528,25.340833,1,0.7019131121909858
93.736861,24.785889,1,0.675811422749728
94.456278,25.126167,1,0.7138688522445433
93.661806,25.129639,1,0.7101779162949908
94.234611,24.869028,1,0.8502460346866747
94.527806,25.3375,1,0.9217333751106516
94.128222,24.285722,1,0.8994981079153759
94.058922,25.311458,1,0.7673302183444337
93.50583,24.99083,1,0.4607158102831976
94.091564,25.257919,1,0.6771200161299714
94.40925,24.796722,1,0.9132573067556919
93.958,25.52,1,0.7541570119346225
93.4,24.19,1,0.4824875216484813
94.339194,24.83125,1,0.7314254526753998
93.273111,24.724333,1,0.5384612063350817
93.642361,25.115111,1,0.7860845792353226
94.529917,25.360389,1,0.8873234919630147
93.16,24.33,1,0.5496655704138301
93.791806,25.110417,1,0.7358337079640029
93.57,24.05,1,0.31137532328096595
94.591111,24.870806,1,0.47997345557830057
93.977472,24.340028,1,0.6077178421803652
93.618333,25.087417,1,0.7261469728133224
94.389194,24.652556,1,0.7382794304610939
94.526333,25.179306,1,0.7772765949086321
94.179211,24.441683,1,0.7336161880492924
94.155389,24.949167,1,0.7238007491251748
94.589944,24.8705,1,0.6944945297184738
94.566889,24.867139,1,0.8113434066407631
94.199417,24.7135,1,0.8478326810672957
93.671258,24.987986,1,0.9326054758293904
93.598917,24.86375,1,0.923594345314604
94.560861,25.431361,1,0.38253854635681983
94.138083,24.316528,1,0.8293514812582498
94.014442,25.245869,1,0.7690232492665797
93.43725,24.815528,1,0.7551212488970968
93.487611,24.952611,1,0.9124077659391002
94.584889,25.059861,1,0.9270029317512191
94.504472,24.817944,1,0.8875498343458139
93.598719,24.863414,1,0.8884618188859349
93.66,24.25,1,0.044394903795539
93.89,24.82,1,9.389671361502347e-05
93.667,25.135333,1,0.5771792823516227
93.9,24.83,1,0.245310375548409
94.114939,25.080161,1,0.30856001161026364
94.182722,24.419611,1,0.9187368518642649
94.464833,25.012111,1,0.9304527453748744
93.639889,25.116083,1,0.6834232379979763
94.19,24.19,1,0.7498223180864003
94.511306,25.325889,1,0.8553213395081517
94.526528,25.179194,1,0.7772765949086321
94.336,25.063972,1,0.860069267449032
93.644,24.834028,1,0.39062978102267415
94.335718,24.831859,1,0.8647129844428052
94.640664,25.092033,1,0.7135129462556599
93.85,24.24,1,0.017075517075517074
94.536528,25.069306,1,0.8684330531875872
94.048439,25.268825,1,0.6407052781000775
94.353917,25.116778,1,0.7539183920052609
94.320444,25.145583,1,0.9342425360696035
93.507,24.982694,1,0.7899953668637232
94.179533,24.493294,1,0.9638096084881246
94.13,24.11,1,0.11268911912782059
93.68,24.28,1,0.3110631637372729
93.32,24.34,1,0.4412170226359168
93.696828,25.164847,1,0.853554939268386
93.68425,25.157528,1,0.757187241742115
93.655056,24.798333,1,0.663609970408705
94.553306,25.489611,1,0.7205081390332327
94.22444,24.34,1,0.5227858169189046
93.84,24.42,1,0.04666666666666667
94.321722,25.128222,1,0.5570960872177628
93.514025,24.831719,1,0.8221642406375204
93.625503,24.658206,1,0.6354065354173408
93.74075,25.169,1,0.88250248869156
94.02,24.19,1,0.4956147094257313
94.322667,25.131889,1,0.36018945481746856
94.38249,24.645686,1,0.7403214772638924
93.691361,25.164278,1,0.8256437913178423
93.1,24.52,1,0.6951135952191996
94.144667,24.317833,1,0.6984010854093993
94.0,24.0,1,0.8591115124942913
93.457722,24.766389,1,0.8553342120682907
94.596917,25.407972,1,0.8514618203783169
94.138139,24.316639,1,0.8293514812582498
94.530194,25.483694,1,0.7804727823015599
94.549483,25.467772,1,0.8384624337717053
93.735478,24.806064,1,0.8411029044739657
94.515806,25.096083,1,0.9334561845852306
93.497528,24.983806,1,0.7851208843025705
94.527806,25.359278,1,0.9066466872415992
94.242111,24.911194,1,0.48410840065006727
94.243889,24.304417,1,0.4118000959865541
93.737778,24.797278,1,0.7246931742406963
94.50975,25.313,1,0.9076289229288172
93.46333,24.83278,1,0.6077335533429026
94.600667,25.056,1,0.8628745153113978
94.578556,25.417167,1,0.31024544296427936
94.014617,25.302639,1,0.5500453887890622
94.158333,24.983528,1,0.16903795316907547
93.50583,24.98611,1,0.49798068821217895
94.55125,25.058833,1,0.6947964759947443
94.504417,25.315444,1,0.6667196423882467
94.61475,25.062222,1,0.735601336175367
94.620639,25.400639,1,0.5645174924394057
93.567983,24.975961,1,0.7470498925638921
93.621136,25.105108,1,0.7181443169072842
93.873,25.523,1,0.9152679500542953
93.676767,24.538817,1,0.5625241699851882
93.494528,24.83725,1,0.7152383328736709
93.706336,24.799689,1,0.8433121188941405
93.604222,25.059167,1,0.6625445787088226
93.691639,24.641444,1,0.45564198149664276
93.638778,25.115444,1,0.8284934606281663
94.067492,25.322717,1,0.8849552605514005
93.449639,24.85225,1,0.6942144200340459
94.52825,25.3375,1,0.8925223980854284
93.700025,24.800125,1,0.4784692666897405
93.62,24.34,1,0.6487436374155063
93.3,24.16,1,0.4698537231006116
93.681583,25.155917,1,0.8401876101466186
93.2,24.22,1,0.7433314815091568
93.49275,24.985389,1,0.5035319535039527
94.13,24.12,1,0.3368195628963544
93.709444,24.626833,1,0.4612864324900364
94.43625,25.033778,1,0.6205331149486906
94.036647,25.289833,1,0.741888069476215
93.45,24.14,1,0.32902957687991036
94.0,24.13,1,0.5724547800052092
94.587083,25.408417,1,0.7584383274635147
94.169767,24.444067,1,0.9503112189876528
94.449306,25.023056,1,0.7496088243478809
93.12,24.69,1,0.3969179185502411
94.22,24.21,1,0.34798457633484675
93.19,24.23,1,0.4613884935628439
93.643278,25.116,1,0.6693749193820214
93.314358,24.768556,1,0.8230949309797327
93.669444,25.139167,1,0.7632903542295881
93.666667,25.134944,1,0.5071783412889772
93.782778,24.778778,1,0.6258665923542378
94.550444,25.091742,1,0.7925817902249123
93.3,24.21,1,0.4480457503740083
93.702611,24.800778,1,0.7668993592990613
93.670236,24.612992,1,0.7127147275973162
94.158306,24.983722,1,0.1664820809845566
94.589389,25.409222,1,0.7830760621503479
94.07,24.22,1,0.7370479052730774
94.292756,24.655226,1,0.9248148444363492
94.242583,24.914778,1,0.6078658180731112
93.230263,24.795814,1,0.772753299469447
93.697722,25.165222,1,0.7341387913802482
93.97,24.0,1,0.8953007084070701
94.249544,24.433611,1,0.748850808091463
94.079422,25.261617,1,0.9603455087616857
93.679056,24.663889,1,0.6850076224571101
94.022917,24.287361,1,0.36144303365639097
94.039708,25.337239,1,0.26856221687744913
94.2,24.19,1,0.5018648478204203
94.258094,24.354814,1,0.7201445406341779
93.719194,24.635389,1,0.547558509530079
94.60825,24.985833,1,0.7144921045157787
93.62675,24.860639,1,0.23116331869075774
94.525306,25.356583,1,0.6235579433762725
93.459139,24.7585,1,0.780048132463871
94.330278,25.002611,1,0.6070710697572657
94.154361,24.391361,1,0.6797992039654291
93.53,24.11,1,0.4364197067459151
94.172778,24.683944,1,0.5862497185509462
93.742306,25.16875,1,0.915722128653652
93.625858,24.867694,1,0.6397243816114612
94.355581,24.811301,1,0.7947680094614363
94.37622,24.83636,1,0.8977405190735167
93.691333,24.639806,1,0.5373366708038305
94.548917,25.394667,1,0.491319432268937
94.522694,25.184194,1,0.8150605539150572
93.28,24.1,1,0.4199540464737538
93.31,24.34,1,0.3967469433442995
93.5,24.978444,1,0.42263160267951294
93.620311,24.640639,1,0.8671004269607765
93.688528,25.160333,1,0.8494299125756526
93.427528,24.75,1,0.8302880580013233
94.317306,25.010139,1,0.6035987328886218
94.061928,25.435444,1,0.5605627700173034
94.08275,25.334333,1,0.7010693236708493
94.587222,25.407667,1,0.8191208691094772
93.481278,24.950139,1,0.7581821044219587
93.955,25.523,1,0.8969572842581207
94.452972,25.007917,1,0.6622009979702348
93.51583,24.81778,1,0.7760882547138012
94.354694,25.114444,1,0.6724209667500307
93.482333,24.950361,1,0.7947266365095965
94.08,24.24,1,0.21344770241711766
94.220167,24.833889,1,0.5392299903752579
93.432611,24.775917,1,0.6775358966248762
93.485389,24.730139,1,0.31329829424668354
93.735722,24.808639,1,0.8674749357861545
94.249278,24.433972,1,0.7889754060498753
94.558778,25.415583,1,0.5207617812361689
94.245056,24.303083,1,0.45829590056131014
93.444833,24.930806,1,0.7311668722613222
93.506244,24.987464,1,0.7670087161293702
93.12,24.5,1,0.6547067242841921
93.28,24.32,1,0.5305106135124883
93.576653,24.819975,1,0.4887155206483483
94.357821,24.830202,1,0.47527559041310125
94.369333,24.852222,1,0.353733256880174
94.527444,25.178194,1,0.7476477737513488
94.03,24.06,1,0.5309143054721632
94.473862,24.958261,1,0.702243360984512
94.07,24.18,1,0.6924108705420988
94.159475,25.346653,1,0.6423822207349118
93.611028,25.077361,1,0.6730189694091699
93.586167,25.029333,1,0.7505582042873263
94.599278,25.409167,1,0.9180563311691026
94.389,25.5,1,0.4301515546625645
94.504306,25.316056,1,0.4570170035741572
93.559056,24.971389,1,0.5333492336598719
94.233667,24.462958,1,0.7697160619935194
94.180389,24.506528,1,0.6163894444340625
94.525306,25.289889,1,0.8763531930892889
93.66,24.33,1,0.21458172645158877
94.542028,25.410333,1,0.5815980304254159
93.12,24.51,1,0.5764582513346106
94.053333,25.42955,1,0.9459924866154035
94.04,24.06,1,0.8555533308869072
93.602389,25.049861,1,0.6442776166570938
94.046858,25.444322,1,0.48380019189629453
93.12,24.29,1,0.403805141002058
93.779444,24.869889,1,0.6330736346478208
93.737025,24.796319,1,0.792685828202751
93.54819,24.81867,1,0.3525472867808641
94.461917,25.153722,1,0.6128752011317874
93.721889,24.595972,1,0.42263331496676193
93.666667,24.787667,1,0.4607253991272311
94.02,23.98,1,0.633308378967658
93.629972,25.111556,1,0.8771167759262926
94.221333,24.742139,1,0.8413770614915489
94.111556,24.267944,1,0.6581357106636164
94.0,23.99,1,0.8980277651339316
94.29875,25.392444,1,0.5484214310234573
94.504472,25.320194,1,0.9147969492879646
94.215264,25.346747,1,0.6466721285623817
93.479167,24.827778,1,0.5416785099905974
94.514361,25.587167,1,0.8275247310592047
94.4835,24.948667,1,0.8919029292832162
94.047614,25.268519,1,0.5005362220722702
94.50425,24.821028,1,0.5807236001612516
93.42,24.14,1,0.4231907004327881
93.12,24.74,1,0.20540546345863347
93.449036,24.8545,1,0.5303804504086653
94.357139,24.838167,1,0.8954377446773666
94.269306,24.682833,1,0.4470178053914657
94.527806,25.288056,1,0.5376210227332173
94.16989,25.54039,1,0.5003750381341715
94.563833,25.442278,1,0.683867151025391
93.688939,24.818936,1,0.8540260790626447
93.99,24.13,1,0.5127956105946898
93.733306,25.162028,1,0.8492228095948093
93.54,24.36,1,0.2707561603629913
94.049944,25.451814,1,0.7823462540172386
94.07,24.25,1,0.6195297568422901
93.655778,24.794722,1,0.17985241452632758
93.623556,25.107694,1,0.8041331352088704
93.498556,24.841611,1,0.6439323919185456
94.250333,24.691944,1,0.26452488816424313
94.199306,24.700417,1,0.8154875245081892
93.676639,25.155611,1,0.8737793005721949
94.151683,24.387658,1,0.8401076725655738
93.653333,25.119917,1,0.7908361662496407
93.461667,24.751667,1,0.8495342390729568
93.610639,24.862444,1,0.4763086590430912
94.552278,25.081361,1,0.5936874495954984
94.613972,24.98025,1,0.5578742158094068
94.530583,25.287722,1,0.8637080887381787
94.11,24.13,1,0.6211757311179347
93.649472,25.118083,1,0.5306623610834801
94.230583,24.992889,1,0.6532196360179805
93.508306,24.985167,1,0.8337090016843439
94.618917,24.958833,1,0.6630324472092194
94.114492,25.240539,1,0.7202661813521911
94.174139,24.364861,1,0.838069173725922
94.075111,24.272722,1,0.4095830284877114
93.13,24.72,1,0.28785436785388724
94.449417,25.127722,1,0.5189796169873813
93.651094,24.808619,1,0.5839838679191005
94.620278,25.064444,1,0.6189858996692198
94.549278,24.938806,1,0.9447279920111854
94.546944,25.261806,1,0.8996085471698178
93.11,24.68,1,0.16498786630933826
93.6,24.18,1,0.377523124258368
93.458111,24.766667,1,0.8902328846545072
94.461472,25.158361,1,0.6323525538296584
93.611278,24.63875,1,0.42721504610587346
94.550972,25.054,1,0.8214080375899879
93.97,24.02,1,0.71830254018256
93.522583,24.689806,1,0.6020347473746106
94.021444,24.996444,1,0.41147591502248293
93.94,24.23,1,0.6710666719627848
93.296306,24.734806,1,0.8485960659523978
93.619722,25.088639,1,0.6632519164942583
93.42275,24.811333,1,0.8545609987288287
94.553583,25.497078,1,0.5164093222179016
93.729078,24.808611,1,0.5149372857032231
94.323111,24.894944,1,0.8496519476754766
94.358694,24.599639,1,0.8271470624867062
94.2805,24.284222,1,0.6102985266373747
93.654694,25.121111,1,0.8102032756251758
94.578639,25.419,1,0.6892720944566977
93.424528,24.747778,1,0.4528739534880823
94.108439,25.429097,1,0.6410812850850869
93.16,24.32,1,0.6949808215383569
94.526303,25.413086,1,0.578027551615993
94.003678,24.317619,1,0.6869478188506299
94.522333,25.182222,1,0.6722160899923469
94.377056,24.806278,1,0.8817497244926682
94.079353,25.262947,1,0.9233841546187838
94.578222,24.915806,1,0.5775283729609638
93.700556,25.163722,1,0.8338628279493124
94.137,24.82058,1,0.5986266473859646
94.29025,24.664707,1,0.8856365633136735
94.548889,24.939167,1,0.8997948942053992
93.666417,25.1345,1,0.5257592930547209
94.599472,24.776694,1,0.4451824959093503
94.073861,24.250722,1,0.898323308355036
93.623008,24.641369,1,0.5554235986400677
93.645889,25.116833,1,0.6674030722561319
94.270534,24.673582,1,0.7326866479431581
94.520917,25.188611,1,0.7806636158648171
94.534,25.064639,1,0.8702814953461891
94.578556,25.419639,1,0.34888886815140807
94.05,24.06,1,0.7317795197438932
93.648556,25.118056,1,0.6657995097959941
93.484361,24.911722,1,0.5606672297823302
93.952,25.529,1,0.7024120201026269
94.294667,25.079944,1,0.8719178501622815
94.285472,24.668389,1,0.8633190228761976
93.453139,24.775917,1,0.5645193473494003
93.623472,25.106472,1,0.4884762443284663
93.719639,24.634278,1,0.6174231662658601
93.580806,24.656306,1,0.6121464335483627
93.689306,25.160306,1,0.8088766080416729
93.17,24.62,1,0.8122342649944099
94.222161,25.350764,1,0.5538067325868626
93.659444,24.639361,1,0.5807423909459053
94.365211,24.834921,1,0.6219525755799855
94.486778,24.909889,1,0.7735579775082805
93.55,24.01,1,0.4010380430189662
94.529028,24.952,1,0.894195091914361
93.659528,24.784611,1,0.38480903797704935
94.524611,25.181222,1,0.8746430201382391
94.195769,24.499972,1,0.8303404911675482
94.073331,24.289019,1,0.5289916073459382
94.086558,25.324731,1,0.7161231634347951
93.622039,24.756089,1,0.8187975625475358
94.070089,24.27705,1,0.6959545147154781
94.242972,24.895,1,0.732105565675447
93.532361,24.664694,1,0.9199084184546772
93.13,24.31,1,0.21957863694844595
93.901333,25.126361,1,0.6597613087433917
94.543611,25.264278,1,0.9154688280699603
94.431806,25.033278,1,0.3271162533431433
93.467944,24.826694,1,0.49292953115126786
93.5,24.1,1,0.36473192607219784
94.049511,25.446611,1,0.839368703028161
94.03715,25.259722,1,0.5014015152483213
94.335056,24.908389,1,0.6389819107324455
93.640183,24.641747,1,0.5745957501603153
94.349639,24.833278,1,0.8571758153737975
94.003139,25.448389,1,0.9632687841154586
94.180403,24.497622,1,0.8255659018245562
93.696186,24.614883,1,0.5403475326397533
94.352444,25.077417,1,0.2901582933384292
94.512972,24.841944,1,0.8941892476087943
93.28,24.21,1,0.3410169036376027
93.29,24.1,1,0.7710866893432093
94.607056,24.8905,1,0.6335546388256236
93.604389,24.626389,1,0.4841012997941936
94.522667,25.18425,1,0.9087911238426112
94.229722,24.4455,1,0.7674882606779004
94.04,24.1,1,0.7433579619012757
94.554722,25.49625,1,0.8555264998417633
94.504167,24.820833,1,0.7862013498631866
93.691111,25.162306,1,0.8623737146993087
93.720131,25.158828,1,0.6716940276210853
94.579028,25.416,1,0.3743305324938264
93.668361,24.549944,1,0.7477131703486636
94.149361,24.930278,1,0.5208838166357452
94.04,23.99,1,0.5941844011699644
94.117978,24.267872,1,0.8441746687395678
94.220861,24.94125,1,0.3733554477106291
94.091167,24.553917,1,0.4616136202200814
93.62405556,24.86269444,1,0.27672521211536694
93.492972,24.985806,1,0.3273179807059194
93.667639,25.136222,1,0.6098235594237801
93.434167,24.766472,1,0.632834707190229
94.520278,25.324194,1,0.8956910083950098
94.538667,24.944083,1,0.7382431744348441
93.669639,25.139639,1,0.7996585800447623
94.535472,25.060389,1,0.928672879852114
94.041483,25.447664,1,0.7864965273168707
93.93,24.17,1,0.4738191561041859
94.107222,25.085833,1,0.2999779809506179
94.358767,24.823296,1,0.5860150002882513
93.65,24.36,1,0.6440664618705261
94.551083,25.397944,1,0.5127704905977668
93.645,25.115194,1,0.7140245919682696
93.495917,24.841472,1,0.5569120488716811
94.334444,25.34725,1,0.8792415650207547
93.417,24.811139,1,0.7223417771496422
93.488917,24.943833,1,0.6069568512020337
93.53,24.2,1,0.33972260506210994
93.611583,25.077778,1,0.6226370892443556
93.24264,24.80831,1,0.6525028769202925
94.361722,24.851194,1,0.8379608171552149
94.544917,25.468389,1,0.8129593599661563
93.725225,24.599858,1,0.6116658721660244
94.181861,24.93875,1,0.7586714817137169
93.6075,25.072528,1,0.5209763510992618
93.502639,24.97775,1,0.538270268227687
93.657044,24.790386,1,0.6490982617575141
93.732861,24.80425,1,0.5846257252480551
94.08125,24.833944,1,0.03134781902190232
94.022569,25.269097,1,0.7962419408227489
94.342444,24.901194,1,0.5748635673194458
94.07,24.1,1,0.7875747725291357
93.476528,24.824611,1,0.35564172159187657
94.069389,25.317878,1,0.5473046201540861
94.387389,25.090556,1,0.8691560294931817
93.506028,24.986861,1,0.675589767265456
94.205917,24.994278,1,0.6041564262847111
93.707572,24.890167,1,0.4701721658389005
94.070389,24.246228,1,0.9718129290005445
93.779167,24.872917,1,0.5828162264293226
94.171278,24.685,1,0.7681622162800791
93.653722,24.769333,1,0.772053802693025
93.6625,25.130361,1,0.683542601862976
93.459167,24.834694,1,0.7263580846034808
94.328472,24.897722,1,0.8451720422692222
93.96,24.01,1,0.7473045388797124
94.213136,24.381906,1,0.7169191219027347
94.048881,25.453942,1,0.8672702079924907
94.294861,25.167528,1,0.7466610016408567
94.1555,24.948444,1,0.6410387125561735
93.645944,25.116556,1,0.6789217467812967
93.931361,24.314333,1,0.4713012659182436
94.543,25.471806,1,0.6076059122768038
93.93,24.23,1,0.34949330012011537
93.776861,24.871694,1,0.7611871938528973
93.235711,24.804448,1,0.7527773703855778
94.154514,24.499014,1,0.8694366810465156
94.09,24.22,1,0.8285436331654972
93.52,24.11,1,0.5556169017695308
94.071,25.421656,1,0.9222685185462668
93.456056,24.776583,1,0.8594198142401202
93.735556,25.163167,1,0.8081201767551982
93.729917,25.161861,1,0.6076059318195344
93.3,24.33,1,0.31884784210991646
94.139278,25.188578,1,0.7793486683501815
93.741083,25.169028,1,0.8528117905976323
93.688678,24.817939,1,0.7530829837384413
94.078197,25.086525,1,0.1325446990669396
93.953,25.527,1,0.8346416300485608
94.348327,24.745805,1,0.7489197145500155
94.226856,24.456464,1,0.9173044239498843
94.187972,24.947972,1,0.43997300781119625
93.723889,25.156722,1,0.7857746480375634
93.5472,24.8133,1,0.6429912083532058
94.32344,24.814386,1,0.8725457474606837
94.113889,25.2375,1,0.8404700693031919
94.221778,24.449306,1,0.6707162602893341
94.038094,24.290714,1,0.45256056129835526
94.233611,24.989944,1,0.6946785203128217
93.26,24.37,1,0.6668958857454976
94.103861,24.268528,1,0.9646559270945145
93.578039,24.834069,1,0.8764880399277346
94.530528,25.054944,1,0.9061654114624574
94.586361,25.059361,1,0.9469393560434897
94.111889,24.267194,1,0.4355236945419882
94.524639,25.329306,1,0.5556516051640971
93.689722,24.599333,1,0.6891105558854894
94.008889,24.940583,1,0.0749484803557158
93.497389,24.98575,1,0.5587482079486916
94.192292,24.501367,1,0.6575189459781964
94.234056,24.871528,1,0.7410936005146037
93.08,24.53,1,0.3164100210588193
93.964,25.521,1,0.8517521092305602
93.699175,24.802417,1,0.7021992556573425
93.781,24.77925,1,0.48402147611654023
94.107397,24.269144,1,0.7710335615103859
94.320541,24.894359,1,0.6941700069240476
94.125667,24.271528,1,0.5042992940039334
93.443917,24.816111,1,0.695976894781514
93.459972,24.819722,1,0.2596038734990982
93.457083,24.776028,1,0.6281474432520142
93.603694,25.054083,1,0.6203111902629176
93.54908,24.8175,1,0.8439890123523099
93.494361,24.987667,1,0.5881852402228028
94.197611,24.700278,1,0.523413716498639
94.531778,25.096417,1,0.8566052409876549
94.120806,24.268022,1,0.7081983404559855
93.610222,24.633083,1,0.48492374550896283
93.711317,24.553572,1,0.3326667056218425
93.457306,24.768917,1,0.77276465045579
93.585333,24.862778,1,0.7553514032420645
93.73625,25.163917,1,0.818400045445816
93.82,24.0,1,0.5447128353121772
94.333417,24.908778,1,0.47565778292764793
94.070986,25.433231,1,0.8034960749364204
93.696258,24.683139,1,0.5971751233066266
94.541472,25.265389,1,0.9182197117519801
93.62402778,24.85536111,1,0.6274316526053536
94.526556,25.100889,1,0.7171080585205801
94.588778,24.870028,1,0.592270136425489
94.534806,25.476722,1,0.6086264640240264
94.556472,25.429639,1,0.41860974123356526
94.541056,24.94225,1,0.5343115975401788
93.957,25.517,1,0.777208256858998
93.481992,24.836194,1,0.9121834515985029
93.676,24.6525,1,0.5864933565867916
93.56,24.0,1,0.39539194332251226
93.464667,24.798806,1,0.47467504351191875
94.313301,24.8852,1,0.8082203176246967
94.370444,25.092111,1,0.19312466015808477
93.611889,25.080389,1,0.7219059601711351
94.342889,25.186167,1,0.6857477754470103
93.81,24.03,1,0.4324954480101024
93.487722,24.898,1,0.7033422833246044
94.356051,24.812017,1,0.7139682606595178
94.423583,25.027333,1,0.5125322914472247
94.526528,25.054722,1,0.8212580922337143
93.76,24.32,1,0.519248181998657
93.469444,24.801389,1,0.5846836436388236
94.288333,25.168528,1,0.7046881632251618
93.69075,24.637806,1,0.677819705142258
94.0392,25.443264,1,0.7338477446780569
93.56,24.18,1,0.25344404396206666
94.473342,24.957303,1,0.7420426011185938
94.358028,24.847417,1,0.7115991136263861
93.9,24.1,1,0.4202741037598373
93.21583,24.79847,1,0.49389558252426
93.523444,25.006694,1,0.7457489942544382
94.151,24.322917,1,0.7594127286771756
93.691194,25.163333,1,0.8618990566697342
93.55,23.99,1,0.49071642915009106
94.352611,24.819694,1,0.9168201343857173
93.466667,24.874222,1,0.7734400214601217
94.543806,25.259972,1,0.7312760964304517
93.641472,24.888556,1,0.5529841788211637
94.450472,25.396222,1,0.3953215779442072
94.252632,24.67916,1,0.7862418064710042
93.428306,24.814333,1,0.3700398673494731
93.465667,24.883194,1,0.8959393033411921
93.449389,24.851722,1,0.6899851225489447
94.22575,24.839306,1,0.9040824323404045
93.782806,24.777667,1,0.39083923418553346
93.645833,25.115833,1,0.7001361492938836
94.085806,24.391583,1,0.33253504660659017
94.161667,25.342472,1,0.7474082892746542
93.697303,25.16485,1,0.8486607577351346
93.604889,25.061417,1,0.667153503957159
93.17,24.73,1,0.7370560181439568
93.736056,24.7955,1,0.7973881644908413
94.357083,24.839028,1,0.8739900952830173
94.31925,25.034611,1,0.28238517734150503
94.33124,24.613545,1,0.6460284571501973
94.520083,24.95625,1,0.9152975739298874
93.243417,24.813306,1,0.807754307054468
93.439972,24.842944,1,0.5206399993388556
93.525444,24.820667,1,0.6832599908020691
93.678917,25.156306,1,0.8633814462288039
94.505167,25.182861,1,0.6299706547092234
94.568778,24.920056,1,0.9329494457045524
93.669667,24.679639,1,0.31180378710217166
93.720472,24.829225,1,0.5826087840614012
93.504944,24.985944,1,0.7276555118638326
94.258355,24.692906,1,0.8421724889484421
93.59,24.18,1,0.5162274740375313
94.506333,25.081611,1,0.920003156622487
93.255167,24.761056,1,0.7866302789961853
94.0414,25.444722,1,0.7367516419485676
94.116778,24.769556,1,0.522108498703395
94.531361,25.286944,1,0.901759952340262
94.559361,25.415639,1,0.5214257649056253
94.360864,24.714343,1,0.8616429953946345
94.5125,25.101972,1,0.566729195723253
93.95,23.97,1,0.4410257036986901
94.240544,24.407989,1,0.7938812908786823
93.16,24.74,1,0.29592928966458376
94.534778,24.948056,1,0.6457874058411156
94.552889,25.466083,1,0.5397058020054059
94.117506,24.267658,1,0.8865442308198912
94.522306,25.181917,1,0.48553854508208805
94.461919,24.919751,1,0.6882464609298357
93.669,24.685056,1,0.8068132156727634
93.612292,24.637769,1,0.5809435122682464
93.441528,24.815361,1,0.8564845741892014
93.08,24.52,1,0.2885048420961897
93.674222,24.800556,1,0.7711035327117528
94.147306,24.321889,1,0.7100390693396422
94.173528,24.969056,1,0.6784372561256427
94.234639,24.309861,1,0.5463264399280805
94.176167,24.416167,1,0.5149023912899027
94.077,25.421111,1,0.9170122561699611
94.02,24.06,1,0.642795757028582
94.1665,24.365611,1,0.8217114220024545
94.618,24.970167,1,0.6544950744331405
94.091428,25.318206,1,0.5379208451967117
93.29,24.12,1,0.6863514204003277
94.146667,25.379611,1,0.6964372695773349
93.778111,24.871861,1,0.7811913696208358
94.551306,25.054917,1,0.8631935089695505
94.177778,24.950583,1,0.6164804533846138
94.046667,25.450653,1,0.9102878069009698
94.355182,24.818713,1,0.7735382138189237
94.145444,24.686028,1,0.4953390650993097
93.686672,24.815617,1,0.6232879690458764
94.0873,24.251011,1,0.8208746532618302
94.533083,25.057361,1,0.9349114666126517
93.99,23.98,1,0.8800099330805601
94.224861,24.728611,1,0.7538760876484689
94.036492,25.286369,1,0.8461810168536393
94.175523,24.26133,0,0.22562638721801556
93.74568,24.947475,0,0.4857578109500992
94.052058,25.551704,0,0.3974509591489192
93.2505,24.80078,0,0.47167469919328786
94.377766,24.918533,0,0.6619599578491651
94.104203,24.946446,0,0.4450713897514941
94.267333,25.001873,0,0.43565237479575314
93.945817,24.822835,0,0.0
93.115581,24.812627,0,0.12322075849798002
93.8642,24.299992,0,0.03
94.031527,25.064247,0,0.5027745726180329
93.996839,25.339483,0,0.7608290231613744
93.713269,24.781186,0,0.7400652163860889
93.467957,24.972716,0,0.42713430410296904
93.498545,24.420282,0,0.8003514383148923
93.950704,24.789925,0,0.0
93.895662,25.489491,0,0.5797534209197936
94.258386,24.93606,0,0.38127180758585044
93.88784,24.735818,0,0.018342490842490844
93.298448,24.07698,0,0.6999847073816418
93.854117,24.327848,0,0.08666666666666667
93.730318,24.489853,0,0.016666666666666666
93.910562,24.803615,0,0.0033333333333333335
93.950639,24.727916,0,0.006769956769956769
93.545355,24.265772,0,0.3202691716704358
93.191884,24.791074,0,0.37456877155988977
93.869065,24.278079,0,0.056103088070294134
93.993452,24.675567,0,0.04
93.791652,24.505301,0,0.07666666666666666
93.786919,25.163499,0,0.3607174521460236
93.779414,24.369184,0,0.6643372862918969
94.039941,24.978879,0,0.05463943463943463
94.043522,24.756474,0,0.32527456332982485
93.194157,24.486505,0,0.7834997672465687
94.030275,25.054511,0,0.013333333333333334
93.08641,24.186182,0,0.2616087695882528
93.978548,24.807947,0,0.0
93.906168,24.677292,0,0.0010128205128205128
93.762483,24.74347,0,0.3381905588740034
93.824901,24.619914,0,0.12666666666666668
93.833743,24.664668,0,0.04404016064257028
94.051427,24.613608,0,0.020103290103290105
93.995721,24.932828,0,0.03666666666666667
94.207547,24.803432,0,0.6059252474997867
93.645976,24.383981,0,0.6848215847684284
93.565909,25.178243,0,0.7459281586156556
94.569145,25.434908,0,0.4761387143280891
93.705259,24.445073,0,0.14145657135420484
93.785828,24.942319,0,0.5718371042970972
94.035395,24.668997,0,0.013333333333333334
93.709919,24.279989,0,0.15372393993899372
93.438876,24.992076,0,0.16355138806228914
93.936862,24.864273,0,0.0033333333333333335
93.923999,24.856115,0,0.013333333333333334
94.002715,24.86297,0,0.0033333333333333335
93.870633,25.412618,0,0.46313556510166315
93.817195,24.746968,0,0.016666666666666666
94.280901,25.253231,0,0.39757052096837897
93.706205,24.474243,0,0.3896931614253055
93.348821,24.346084,0,0.4184092998480113
93.330862,24.131312,0,0.6880595914101568
94.023511,24.873088,0,0.0
93.922724,24.612952,0,0.09
94.430642,24.61422,0,0.5655013087292514
93.610056,24.91766,0,0.46440189037167356
94.285224,24.23296,0,0.16926050743014284
94.200987,24.776432,0,0.29679483495367526
94.146346,25.043149,0,0.03172435634540898
93.476376,24.826265,0,0.02950633336517195
94.060521,25.157929,0,0.33767686923719276
93.31965,25.046328,0,0.5655735664461706
93.751888,24.697801,0,0.2576280556950313
93.88296,25.423628,0,0.7525571981646241
93.043438,24.343704,0,0.5777621283772941
94.115822,24.470422,0,0.7675838353181974
94.499986,25.199626,0,0.23764795661854482
93.105625,24.677241,0,0.5483396131426196
94.018978,24.731655,0,0.28425826940092647
93.972012,25.173614,0,0.36018109139109566
93.196941,24.191942,0,0.6973055353219819
93.808937,24.904685,0,0.5085365168248027
93.324681,24.341787,0,0.4599065611338733
94.006835,24.555347,0,0.0
93.623208,24.514699,0,0.3192628528325424
93.828559,24.704429,0,0.04666666666666667
94.262588,25.257249,0,0.4406851647971831
94.061409,24.301673,0,0.44756154446743995
94.118384,25.193368,0,0.35342741915379006
93.763434,24.615874,0,0.03004016064257028
93.855092,24.193496,0,0.22130281572103896
93.083809,24.700508,0,0.22705882352941179
94.146336,24.534502,0,0.9042946310433676
93.629118,24.365135,0,0.6866089982310516
93.345468,24.13965,0,0.5017698270341862
93.597843,24.104363,0,0.34559517704014453
93.072732,24.209399,0,0.34028744846128056
94.013119,24.963333,0,0.023581138812440415
93.152728,24.775589,0,0.04011494252873563
93.897526,24.615214,0,0.0016666666666666668
93.758494,25.164114,0,0.21623140216572262
94.062988,24.938409,0,0.2199988755640346
93.162792,24.692241,0,0.4321269087977644
94.036466,24.318907,0,0.5814757677933999
93.91327,24.582517,0,0.012012179263903402
94.289073,24.782294,0,0.5344563026689031
93.076299,24.524196,0,0.5164446871189008
94.369027,25.106112,0,0.3982321054796805
93.482213,24.792205,0,0.7485808189581836
93.870473,24.784773,0,0.008014367816091954
93.268263,24.051452,0,0.7052379924348967
94.107254,24.527839,0,0.6700205349676626
93.593114,24.152876,0,0.18387645122261642
94.045161,25.554453,0,0.30196104554834424
93.656496,24.584504,0,0.8311187753117426
93.714332,24.359998,0,0.06733333333333333
93.921183,24.764567,0,0.0033333333333333335
94.357186,24.769105,0,0.4945649243062134
94.324166,25.309443,0,0.4627886865738024
93.28408,24.798506,0,0.35068990229090785
93.683152,24.308239,0,0.09270938333066524
94.291453,24.774799,0,0.4627739952607072
93.453686,24.924484,0,0.4949686248585011
94.11892,24.893932,0,0.09899871539953675
93.936138,24.756109,0,0.0
93.507524,24.367099,0,0.43756045451617914
94.142113,24.983846,0,0.15218823616756108
94.055121,24.593035,0,4.0160642570281125e-05
94.074303,24.797369,0,0.19872880336718846
93.969972,24.583215,0,0.0
93.567466,24.06901,0,0.23290116487472376
94.169437,24.40906,0,0.7952162062993079
94.082767,24.926789,0,0.1672457264957265
93.190739,24.612279,0,0.3451708563124665
93.948801,24.530769,0,0.039230769230769236
94.366759,25.098219,0,0.1225672268907563
93.400325,24.165918,0,0.619309590548017
93.967283,24.845431,0,0.0033333333333333335
94.21956,25.262716,0,0.8310807290678426
93.974411,24.345673,0,0.330053009257783
93.55776,24.331632,0,0.529911616642387
93.877329,24.818631,0,0.0003508771929824561
94.534129,25.520861,0,0.4059484066173296
93.421958,24.934854,0,0.07662587011048048
93.96194,25.086651,0,0.2971677916587181
93.786086,24.929522,0,0.31992563832107407
93.812664,25.418188,0,0.8264149905027443
94.239132,25.08261,0,0.47865968495133016
94.089406,24.03956,0,0.27202056033950633
94.094571,24.653474,0,0.03
93.209453,24.616273,0,0.3685661381812277
93.680976,24.906112,0,0.5342778458582185
93.089651,24.706922,0,0.47537088736978933
93.441253,24.388871,0,0.7199132411979317
94.127364,24.467613,0,0.75356670084247
93.58939,24.313028,0,0.4364196494136569
94.049269,24.769561,0,0.09023842767380957
93.480938,24.146727,0,0.0913888888888889
93.676452,24.309374,0,0.08622048030471943
93.46918,24.387272,0,0.556550870515719
93.990561,24.843601,0,0.0033333333333333335
94.066386,24.968463,0,0.20745553381169818
93.672416,25.26484,0,0.6495374323767905
93.96854,25.337281,0,0.6522570991815971
93.643825,24.965347,0,0.5682594908980481
93.585871,24.652796,0,0.557604073474338
94.11304,24.644172,0,0.03194513887568928
93.773318,24.708865,0,0.006666666666666667
94.068166,25.515374,0,0.2294272818896951
93.992605,24.880872,0,0.023373493975903614
93.894431,24.616867,0,0.1974830416497083
93.150158,24.778297,0,0.36149408202081723
93.703622,24.359963,0,0.10375
94.007461,24.82536,0,0.0652789479039479
93.71916,24.955767,0,0.6664687022223695
93.641818,24.522716,0,0.47218298205631776
94.292519,25.244134,0,0.6261349904630822
94.101847,24.145387,0,0.5723873759815655
94.151208,25.518388,0,0.48997157472157465
93.69686,24.860258,0,0.4018527277721881
93.55273,24.395379,0,0.4137069759097308
94.044986,24.596757,0,0.007017543859649122
93.622495,24.334529,0,0.40237281752681375
93.551084,23.989941,0,0.3380398547253871
94.110001,23.908425,0,0.6356083630064963
94.524518,25.325806,0,0.6233475936214719
94.010102,24.714834,0,0.2941238704976413
94.249322,24.144399,0,0.07488544654171946
93.848276,24.143435,0,0.11962789987789987
94.510557,24.653071,0,0.1082593797018141
94.435378,25.087617,0,0.44165197189398364
94.378026,25.072917,0,0.4149691258568964
94.279241,24.326519,0,0.35510822043741264
93.958023,24.648813,0,0.003703703703703704
93.544342,24.537244,0,0.5868026145792457
93.90486,24.754093,0,0.043333333333333335
94.066808,23.965503,0,0.5340718251948899
93.665636,24.38308,0,0.47166105438222755
94.116347,24.994818,0,0.42604235204853924
93.831326,24.750556,0,0.05188704318936877
94.137267,24.614459,0,0.6186667278207825
93.485108,24.673993,0,0.7281459120741468
93.914293,24.868374,0,0.03333333333333333
94.098794,24.581584,0,0.17855777240773255
93.85828,24.769215,0,0.17030303030303032
93.465073,24.601696,0,0.5495693944583654
93.613375,24.657652,0,0.7381728850534575
94.129958,24.956468,0,0.12060606060606062
93.876421,24.414387,0,0.11887272233896039
93.255864,24.792472,0,0.44201089124062776
94.188004,24.43518,0,0.7268670000608449
93.7449,24.678238,0,0.7537673098810775
93.98563,24.898151,0,0.21055555555555558
93.746629,24.627608,0,0.232167920879357
94.090519,24.536602,0,0.4370322943583248
93.636377,24.560311,0,0.5247629838531103
94.108767,25.414439,0,0.35297391404103107
93.598787,24.640693,0,0.6306059523011065
93.867165,24.827777,0,0.03629016064257029
93.96969,24.829665,0,0.0
93.5198,24.780325,0,0.8707734006996982
94.426337,24.885127,0,0.6997607644300491
93.657639,24.781712,0,0.4920415490639246
93.746817,25.369549,0,0.561607160720495
94.534194,25.252564,0,0.5259717237312822
93.956175,24.652291,0,0.003703703703703704
93.843008,24.367742,0,0.02666666666666667
93.760522,24.155053,0,0.1730841755196409
93.747958,24.549898,0,0.016666666666666666
93.379611,24.169656,0,0.6825487224736041
94.042437,24.982883,0,0.3728451395211074
94.019004,24.736254,0,0.3054078748458448
94.032987,25.156317,0,0.5620082087820978
94.33243,25.109421,0,0.40336756941879603
94.448894,25.355545,0,0.456293617542554
94.084432,24.848593,0,0.04666666666666667
93.090031,24.642494,0,0.4704517604435664
94.538912,25.198112,0,0.5915570398079244
93.521855,24.351304,0,0.5886582233962698
93.784169,25.524574,0,0.49395109165745393
93.728933,24.412188,0,0.21869151546282514
93.930556,24.419836,0,0.03333333333333333
94.078435,24.156065,0,0.6743453496231671
94.293134,25.227839,0,0.2764162238437317
93.908054,24.837846,0,0.03666666666666667
93.06266,24.164336,0,0.3953661202754048
93.788644,25.124339,0,0.2604935845341786
93.750557,24.865983,0,0.6999218476210305
93.106788,24.671992,0,0.057572327883569654
93.878599,24.370109,0,0.016666666666666666
93.885019,24.272729,0,0.11630107526881721
94.087826,24.040216,0,0.42330200291368725
94.366614,24.706646,0,0.20704672172641267
93.715195,24.312292,0,0.07627777777777778
94.353991,24.473641,0,0.1591132070000547
93.788704,24.803409,0,0.12573987828240352
94.019672,24.577065,0,0.04
93.712779,24.32398,0,0.04756944444444444
94.140812,24.331999,0,0.5062526448156643
93.438054,25.058431,0,0.659944913828087
93.895705,24.795071,0,0.00345679012345679
93.713397,24.328996,0,0.05098484848484848
93.960302,24.461596,0,0.00019624334174376227
93.860702,24.80065,0,0.03
94.261947,25.113525,0,0.3884174372311116
94.11143,24.19589,0,0.808889383635649
93.752486,24.563345,0,0.0006751422268663648
93.891416,24.039906,0,0.48860433861853153
93.828104,24.344606,0,0.675990454468154
93.621147,24.833254,0,0.037199391798539254
93.81838,24.851898,0,0.0033333333333333335
93.700867,24.128977,0,0.7813363062143172
94.552374,25.101328,0,0.593054020201425
94.291879,24.531637,0,0.31596428838118695
93.65383,24.934253,0,0.4527708172212101
93.989537,24.822653,0,0.0
94.363731,25.507921,0,0.5228836465688066
93.73457,24.204102,0,0.7103280004750379
94.058569,24.458836,0,0.22866917006872786
94.119417,25.080344,0,0.16111111111111112
93.171332,24.108649,0,0.7431004901124593
94.379113,25.149822,0,0.39862005164115305
93.947455,24.788645,0,0.0033333333333333335
94.358696,25.096554,0,0.6132833069235539
93.884442,24.818527,0,0.10715896613163553
93.491404,24.648271,0,0.43285391913668
93.817623,24.674377,0,0.03166053101294065
93.955985,24.69852,0,0.0234375
93.959583,24.729935,0,0.0033333333333333335
94.083042,24.134835,0,0.8155361832049983
94.253177,24.327686,0,0.6608825087087902
94.239564,25.190017,0,0.1838421997591664
93.881446,24.173223,0,0.18576037987173827
94.313813,24.310656,0,0.11459226188588763
93.925409,24.608555,0,4.0160642570281125e-05
94.145342,24.914142,0,0.3713446024773271
94.090115,25.386025,0,0.8149727026119282
93.975359,24.875227,0,0.0003047718564959944
94.026964,24.567247,0,0.03037037037037037
93.539885,24.374735,0,0.6933158249589271
94.189018,24.544241,0,0.7801496221307983
94.013771,24.614397,0,0.0033333333333333335
94.028802,24.860948,0,0.1106422085356944
93.738384,24.602586,0,0.017037037037037035
94.237088,24.867256,0,0.6132560932822664
93.902255,24.193123,0,0.07415792540792542
94.165857,24.724614,0,0.6399203692127744
93.878184,24.819257,0,0.006666666666666667
93.708163,24.625977,0,0.5800651257305486
94.275504,25.292239,0,0.37469918969173976
93.301697,24.231323,0,0.6327439226407107
93.852667,24.472346,0,0.03
94.552888,24.930289,0,0.8216643136253865
94.506896,24.658846,0,0.4202810641630333
93.823363,24.749952,0,0.1037037037037037
93.978855,24.880628,0,0.0033333333333333335
93.184863,24.298287,0,0.6800032052562566
93.760801,24.627948,0,0.01
93.93501,25.405084,0,0.6675797621659056
93.51331,24.967842,0,0.6667371322203407
93.937858,24.839241,0,0.04099206349206349
93.986527,25.035515,0,0.525742018409413
94.291756,24.25542,0,0.18978780452454022
93.885361,25.381685,0,0.3776782066353324
94.127273,24.91091,0,0.057319404920423596
94.48533,25.316079,0,0.7419624345827547
94.206,24.946616,0,0.11388435896294463
93.829131,24.180381,0,0.20466666666666666
93.89371,24.871275,0,0.03705128205128205
93.635272,24.714185,0,0.41424251535902007
93.904412,24.509699,0,0.017651515151515154
94.112595,24.564782,0,0.06561139997281301
93.625876,24.402912,0,0.7016846692958878
93.660336,24.78895,0,0.8855747683880422
94.619151,24.949215,0,0.6467987399204869
93.881541,24.618413,0,0.0
94.337177,24.941441,0,0.4018397445161957
94.127212,24.777706,0,0.03485946261536348
94.366755,25.174594,0,0.730607193546717
93.713966,24.792865,0,0.7173289042286777
94.361193,25.079203,0,0.15972128062077404
93.79118,25.118747,0,0.4486354511732222
93.84876,24.750822,0,0.0
93.827616,25.543699,0,0.2800616304065546
93.810121,24.688597,0,0.0033333333333333335
94.007005,24.817146,0,0.006769956769956769
94.142293,24.90764,0,0.3960683656870461
93.846971,24.713037,0,0.0
93.487306,25.08547,0,0.7585560121905518
94.428067,24.601684,0,0.13715687465269508
93.342628,24.833554,0,0.27371905458190154
93.936706,24.722299,0,0.01
94.150657,24.460743,0,0.6842949615343048
94.393735,24.628531,0,0.6034170725126328
93.788717,25.339604,0,0.4205072991492915
94.101817,25.235056,0,0.6130800818366632
94.296965,24.238054,0,0.536603607159585
93.698493,24.39724,0,0.048577182027102817
94.207414,24.740354,0,0.7570400531153046
93.996403,24.58335,0,0.0
94.534019,25.380495,0,0.3648805761122599
93.332306,24.357839,0,0.11732916864162632
93.872372,25.39688,0,0.43030901253567294
94.202197,24.694995,0,0.8145568364830346
94.520772,24.703834,0,0.49094476527082304
94.129988,24.903051,0,0.19072859696126535
93.192425,24.061195,0,0.35502587395086166
93.855331,24.705059,0,0.0
94.421543,24.62786,0,0.5884579890885795
94.029895,24.903334,0,0.0
93.922287,24.478961,0,0.0033333333333333335
94.193048,24.547658,0,0.5709005681274771
94.00272,24.822803,0,0.020405506217051207
93.71818,24.505092,0,0.347900652923621
93.414911,24.855319,0,0.5796508205580633
93.98891,24.641271,0,0.0
93.64529,24.350111,0,0.7115973466561437
94.026066,24.5215,0,0.023373493975903614
93.843985,25.517926,0,0.546535838973253
93.372444,25.148789,0,0.7454129250324307
94.119879,23.856222,0,0.6447056130125364
93.903671,24.676498,0,0.006666666666666667
93.624477,24.518703,0,0.5550326270619353
94.320538,25.268005,0,0.3931489051693147
93.637185,24.89307,0,0.5344274557821239
93.87345,24.758192,0,0.0374074074074074
93.830021,24.053165,0,0.47991217365782596
93.963485,24.765544,0,0.01673992673992674
94.481446,25.406739,0,0.5196619081326644
93.721642,24.432098,0,0.04807751937984496
93.74664,24.641247,0,0.23784300976167416
93.984005,24.898119,0,0.0033333333333333335
94.128465,25.33251,0,0.35484694362752184
94.145883,25.472782,0,0.2513072013451774
94.35929,25.082935,0,0.22645256340083922
93.985806,24.931306,0,0.04666666666666667
94.283135,24.806242,0,0.46848768081308323
93.721351,24.505384,0,0.3606987424500074
94.595312,25.162827,0,0.33297194119144335
93.666731,24.56147,0,0.8336839238229912
94.034262,24.838032,0,0.026730769230769235
94.214821,25.181971,0,0.7282747177791297
94.092835,24.570467,0,0.0268174461197717
94.123263,24.759736,0,0.1743599257268743
94.190851,24.483545,0,0.6485169845123736
93.929955,24.832181,0,0.03462349397590361
93.953315,24.840853,0,0.013333333333333334
93.991069,24.692516,0,0.013333333333333334
93.109538,24.626519,0,0.21
93.967859,24.782049,0,0.0
94.164079,24.933838,0,0.2704189554715881
93.978348,24.876532,0,0.01
93.686058,25.254063,0,0.26930777302195347
93.247092,24.802039,0,0.4424178276921048
93.97499,24.499092,0,0.0033333333333333335
93.865018,24.418724,0,0.18156638460866462
94.316027,24.278727,0,0.5741998589838696
94.126196,25.061579,0,0.24708921435594203
93.421484,24.936921,0,0.10939536680139675
94.298516,24.975661,0,0.42858373630187835
93.78471,25.29019,0,0.32569107175694967
93.97029,24.774781,0,0.013333333333333334
93.752889,24.421971,0,0.02052188552188552
94.351373,25.09592,0,0.5629813601792949
94.260119,24.270163,0,0.5376832157979475
94.107366,24.275938,0,0.6054658231471487
94.056696,25.535408,0,0.4826551681297038
93.631737,24.781584,0,0.5502512477483534
94.398187,24.914126,0,0.7458992817379116
93.279613,24.938574,0,0.7015057904876666
93.255347,24.221843,0,0.8692224810748121
93.888215,24.821635,0,0.010304771856495995
94.501788,25.314075,0,0.7926339802745804
94.172402,24.933518,0,0.5018172221169936
93.305394,24.748964,0,0.27149606055046976
93.793242,24.731246,0,0.022501827485380117
93.982687,25.51972,0,0.7154068436895695
93.809825,24.910394,0,0.16500474631002923
94.112108,24.023108,0,0.7139758184307045
93.99484,24.573205,0,9.389671361502347e-05
93.956979,24.779383,0,0.0033333333333333335
93.31736,24.643796,0,0.802426937855262
93.735223,24.322334,0,0.04526670751157271
94.457406,25.235235,0,0.44315657594557234
93.524662,24.979714,0,0.7708757536634606
93.92417,24.668235,0,0.04336336336336336
94.617063,25.168649,0,0.5141584615042709
94.296759,25.174873,0,0.4025172506181141
93.831733,24.321568,0,0.348913862988863
94.232653,24.066208,0,0.3170364472295254
93.772573,25.507025,0,0.1859647568751176
94.341289,24.831034,0,0.8203902241848026
94.011613,24.618136,0,0.0
94.007092,25.095249,0,0.4421362349953773
93.894743,24.297718,0,0.013436623436623437
93.947752,25.172134,0,0.4055229391767896
93.78832,24.209138,0,0.4863929148683508
93.831972,25.520544,0,0.8026991598594327
94.016541,24.674488,0,0.0990941708632863
93.410931,24.749307,0,0.6176707316765992
93.451546,24.778808,0,0.5228657461629056
93.945257,24.788692,0,0.0
93.94477,24.708498,0,0.02459973166368515
93.936093,25.101686,0,0.040692648421057805
93.899942,24.581621,0,0.06
93.513378,24.355909,0,0.4026795778960087
94.249079,24.88414,0,0.41135686061695553
93.949148,24.674555,0,0.007222222222222224
93.641386,24.33507,0,0.48290597241307043
93.876707,24.710465,0,0.015
93.916402,24.487818,0,0.0
93.876849,24.502404,0,0.17846440596440596
93.492228,24.13547,0,0.5403167979185602
93.707804,24.400563,0,0.06240714872110624
93.777594,24.321244,0,0.4865960508828499
94.01166,24.669582,0,0.4170222702764787
93.397986,24.93511,0,0.15551919784788454
93.871761,24.37241,0,0.22010416666666666
94.205176,24.684244,0,0.6245174651132445
94.602092,25.174644,0,0.38567279924632714
93.95978,24.694222,0,0.010103290103290103
94.033339,25.338394,0,0.6546700807952611
93.946039,24.489006,0,0.0
94.640068,25.042193,0,0.701658236790872
94.187174,23.937013,0,0.20573453480273599
93.906888,24.197541,0,0.14026784756952787
93.406731,24.425407,0,0.11984924043430158
94.041478,24.562471,0,0.0033333333333333335
94.058192,24.69871,0,0.1455860953229334
93.956911,24.662586,0,0.042327771538793475
94.08646,24.219176,0,0.5387958871836318
93.592007,24.382326,0,0.6125828575400738
94.157934,24.641552,0,0.765734700834094
94.089206,25.476636,0,0.5462851540712202
93.814415,24.583076,0,0.05
93.50813,24.436387,0,0.7130542106326797
94.047019,25.030664,0,0.04439360639360639
93.482477,24.57966,0,0.35991426395817583
94.508488,25.466711,0,0.4475254698312297
93.691567,24.315299,0,0.10240717166874408
94.172045,24.569209,0,0.7144809401485869
93.956159,24.662131,0,0.2718781107041411
94.041903,25.014679,0,0.14449814476130263
93.526066,23.971439,0,0.2543289745284567
93.349858,25.07291,0,0.44186678386582856
93.371277,25.02105,0,0.06564882747751419
94.052751,24.872588,0,0.0
93.209062,24.203247,0,0.6795936584022662
93.6911,24.900149,0,0.4113698393749541
93.814605,24.925087,0,0.26364735524183
93.201035,24.226879,0,0.48425133783490004
94.12459,24.608491,0,0.5889310832621297
94.032756,24.826652,0,0.2679258332668553
93.956816,24.794438,0,0.0
94.097517,24.646,0,0.02666666666666667
94.135933,25.400171,0,0.3484092840620409
94.09147,24.457622,0,0.5852553022153536
94.394476,25.518499,0,0.7717639798072365
93.962692,24.768124,0,0.0033333333333333335
94.056935,24.638049,0,4.0160642570281125e-05
93.484257,24.322372,0,0.26816794031604424
94.506992,25.307885,0,0.5131924772052254
93.472809,24.571635,0,0.5643935061395735
93.85099,24.342604,0,0.02666666666666667
93.851663,24.522289,0,0.05333333333333334
94.051219,25.184453,0,0.4124447829454254
94.200486,24.542418,0,0.8577256901641542
93.558283,24.203098,0,0.25770634920634916
93.8842,24.255087,0,0.006666666666666667
93.511132,24.478525,0,0.601554085730863
94.22762,24.721472,0,0.6690443016045658
94.095403,24.895681,0,0.01670682730923695
94.160167,24.364596,0,0.923491370673616
93.791515,25.076115,0,0.5444346573832555
93.910759,25.242457,0,0.3420573782350343
94.047453,24.614577,0,0.0
93.784468,24.924494,0,0.5246861429591919
93.944821,24.825874,0,0.0033333333333333335
93.917609,24.573091,0,0.0
93.933965,24.459756,0,0.016666666666666666
93.913873,24.731294,0,0.4357801381775059
93.708938,24.179859,0,0.32487503431935305
94.219935,24.741076,0,0.49189860836710203
93.857115,24.172193,0,0.0828201306966431
93.885471,25.509309,0,0.38621848229164435
94.518208,25.104534,0,0.5790630603489307
93.283266,24.207909,0,0.8752928512549162
93.985533,24.710699,0,0.14774976780753812
93.514129,24.50914,0,0.3145468038209915
94.379485,24.910806,0,0.535247236316418
93.954168,24.873807,0,0.054095143532733196
93.621154,25.210132,0,0.44189619630008165
94.106779,25.413845,0,0.8165539417918364
94.070193,25.169464,0,0.6736027048852686
93.083388,24.362942,0,0.48686391226038
94.005619,25.353782,0,0.42967908841145
93.794832,24.137765,0,0.3011764460625271
93.709248,24.428197,0,0.08229974160206718
94.419805,24.644605,0,0.6291977279125711
93.505082,24.528637,0,0.4954987520359035
93.400538,24.705537,0,0.1881670663036754
93.966619,25.293505,0,0.5186689324928563
93.527198,24.485078,0,0.2587752063297125
93.921427,24.882012,0,0.0
93.692821,24.31931,0,0.04511636780532129
93.828952,24.827187,0,0.023333333333333334
94.2248,24.934839,0,0.6021542421290166
94.188925,24.916531,0,0.6164081865140951
94.122825,24.689672,0,0.05
93.984627,24.792788,0,0.013436623436623437
93.938958,24.811946,0,0.0
93.669199,25.149006,0,0.43451181245344356
93.953559,24.879502,0,0.11348084828663434
93.694856,24.550309,0,0.6641783018175645
93.785066,24.760303,0,0.2656503344301831
93.534547,24.347952,0,0.8005037296433074
94.350603,25.07111,0,0.5027870040304351
93.979326,24.744355,0,0.0
93.445737,25.224249,0,0.6305533239784983
93.577207,24.461724,0,0.5316056355594163
94.584287,25.405461,0,0.5253455683561172
93.502817,24.502501,0,0.2524431451903987
93.736045,24.786571,0,0.6224711248568473
94.028435,25.048636,0,0.01
93.196255,24.593909,0,0.4883472058551064
93.956738,24.18921,0,0.758162973732693
94.218718,24.314113,0,0.2464836748441634
93.532071,24.980607,0,0.4428825700284177
93.694803,24.334916,0,0.023809523809523808
93.570976,23.98894,0,0.32134601558703624
93.151124,24.74424,0,0.5552104042822372
93.702783,24.444124,0,0.1292615646780919
94.462744,25.430903,0,0.2725782400345512
94.057759,24.543347,0,0.0033333333333333335
94.462762,24.873679,0,0.501656851321836
93.723223,24.725906,0,0.6367644086738238
93.688468,24.596076,0,0.2480818064831595
93.941155,24.704183,0,0.013055555555555555
94.469922,25.281506,0,0.2321749549485106
94.381487,25.048996,0,0.18632744369653095
93.663809,25.186369,0,0.7081475887159258
94.019889,24.818806,0,0.013333333333333334
93.665556,24.832195,0,0.4102947879325226
94.039686,24.602412,0,0.006666666666666667
94.075504,24.809439,0,0.20038461538461538
93.846526,24.399412,0,0.02666666666666667
93.945832,24.636658,0,0.05740079365079365
93.608695,25.070239,0,0.5773419937023199
93.480952,25.089964,0,0.6008967395220143
93.880405,24.644829,0,0.0033333333333333335
94.142571,25.029155,0,0.2762184779539151
94.051944,25.324855,0,0.8898699073547143
93.610911,24.510514,0,0.6881461569418542
93.902418,25.14691,0,0.49090174889733307
94.296376,24.981563,0,0.34484829865331884
94.35076,24.605122,0,0.24425382191651054
94.019957,25.063639,0,0.4033003038106113
93.869374,24.976304,0,0.2485941226792745
93.933809,24.739326,0,0.0033333333333333335
93.868664,24.811613,0,0.041999999999999996
93.959524,24.868919,0,0.04682372505543237
93.469254,25.052965,0,0.3930007270075075
94.053068,24.814422,0,0.0034966744913928014
94.581143,25.419896,0,0.576763561892435
93.94573,24.649662,0,0.010093896713615023
93.368722,24.169356,0,0.11781098725743423
93.576616,24.13477,0,0.6219510977975885
93.279013,24.654224,0,0.45799410955671516
93.429102,24.14309,0,0.5239788431502227
93.591383,24.149059,0,0.26159528632204615
93.714652,24.345255,0,0.12909645140127654
93.208478,24.104218,0,0.6896674199130928
93.561146,23.99867,0,0.3649517976903604
93.936193,25.475534,0,0.6296118243294789
93.901744,24.686334,0,0.006666666666666667
94.565674,25.674965,0,0.4156649020955681
94.083545,24.643563,0,0.027299741602067183
93.877962,24.25596,0,0.0071778821074595725
94.381429,25.194662,0,0.5112313025543932
94.655323,24.924613,0,0.6893299284396478
93.902241,24.608392,0,0.05725225225225226
94.299856,24.249498,0,0.4254180923446274
94.038255,24.413015,0,0.15337883711816638
93.684682,24.910808,0,0.5988373134301188
94.509748,24.7706,0,0.68229650188165
94.035046,24.595383,0,0.0
93.719097,25.263658,0,0.20979916048814676
93.687374,24.315385,0,0.05353121184371185
93.432954,24.76265,0,0.7392958016117985
93.352883,25.110522,0,0.5310518013187807
94.396338,25.293506,0,0.5159231948206795
93.098522,24.364101,0,0.5507871777884535
93.842589,24.772925,0,0.03
94.064114,25.434372,0,0.7717896706221942
93.87654,24.426828,0,0.02
94.090604,23.933794,0,0.5023545422545086
93.564712,23.990101,0,0.2685059608960777
93.694521,24.627692,0,0.2369829765138202
93.70991,24.334106,0,0.07340727576885907
94.137907,25.192507,0,0.38797343842542953
93.892729,25.169979,0,0.6109720869420486
93.755501,24.463267,0,0.01
94.100244,24.783161,0,0.6123185171771588
94.198084,25.135013,0,0.6172479370507213
93.174188,24.093396,0,0.9653056068363615
93.978769,25.508985,0,0.7554854703781786
94.509869,24.62475,0,0.49769272907745554
93.131622,24.098257,0,0.42978949746060985
93.579815,24.624554,0,0.447622308803896
94.132859,25.05881,0,0.3329980206828811
93.798654,24.731267,0,8.130081300813008e-05
93.12522,24.369463,0,0.8129389660610069
93.898633,24.207956,0,0.003703703703703704
93.790401,25.216828,0,0.5886852863409273
93.880254,24.280314,0,0.03333333333333333
93.519504,24.579386,0,0.6311642070332393
93.477209,24.520564,0,0.5279875508366018
93.997093,24.740514,0,0.013333333333333334
94.12272,24.725947,0,0.06066666666666667
93.937149,24.778501,0,0.0
94.326168,25.27491,0,0.1829028923556889
94.160494,25.517689,0,0.6665187463140652
93.842653,24.423477,0,0.3971383906634149
94.158792,24.39677,0,0.5586931800646788
93.714608,24.373743,0,0.08448460508701473
93.947015,24.656567,0,0.0
93.957565,24.773004,0,0.013333333333333334
93.645433,24.623016,0,0.6971765511384902
93.487421,24.770676,0,0.32886486313386487
93.246644,24.760029,0,0.4453809799437641
93.903261,24.296314,0,0.1765702844087795
93.661031,24.85546,0,0.8190380987292221
93.800284,25.436892,0,0.5551158054921822
93.528533,24.604407,0,0.6474446967252325
94.311839,25.483772,0,0.3215277869142026
93.932606,24.800013,0,0.0
93.997261,24.299002,0,0.39308347233067925
93.889258,24.716455,0,0.04407407407407407
93.136938,24.200895,0,0.4650264497278318
93.959938,24.158257,0,0.7191701936616943
93.188143,24.559802,0,0.5030778830903575
94.486689,25.165229,0,0.9092406165287786
93.867753,24.531852,0,0.03359027777777778
94.44587,25.180119,0,0.4875061240913477
93.936094,24.795196,0,0.02037037037037037
93.953973,24.608495,0,0.0033333333333333335
93.86765,24.670506,0,0.07
93.875769,24.743526,0,0.0
93.966332,24.648869,0,0.0
94.098711,24.642941,0,0.11125996810207335
93.406243,24.719287,0,0.11666873211190498
93.941033,24.649716,0,0.0
93.813152,24.420722,0,0.0
93.723806,24.961168,0,0.5019088445194683
93.051571,24.185321,0,0.42749441305216634
93.847858,24.318389,0,0.00013333333333333334
93.791113,24.714249,0,0.01125
94.197618,24.765975,0,0.7663105438189844
93.707406,25.25361,0,0.4240791403990189
94.037496,24.597458,0,0.0
94.447873,25.127169,0,0.667002750539472
94.176463,25.52867,0,0.5222636376351494
94.371119,25.098689,0,0.22789177102170954
93.987396,24.644046,0,0.3226928064428064
94.263924,25.374723,0,0.44243174023056253
93.957836,24.710315,0,0.02
93.521095,24.382012,0,0.5707583390818164
93.512692,25.122089,0,0.7332563085819562
93.962957,25.143161,0,0.3808301588300514
93.989496,24.911796,0,0.053703703703703705
93.38874,24.437496,0,0.6895390238090898
94.212483,24.026043,0,0.1150297375320631
93.696282,24.518793,0,0.4125299328808009
93.982104,24.640225,0,0.0
93.859391,24.798559,0,0.005333333333333334
93.99363,24.64499,0,0.006666666666666667
94.424289,25.209595,0,0.4300743705155471
93.952098,24.495313,0,0.02
93.723657,24.409449,0,0.3136620863010095
94.093159,25.397785,0,0.270004321474389
93.890359,24.202886,0,0.08973806885357094
93.92066,24.682274,0,0.04722222222222222
93.677827,25.039678,0,0.7284711565949284
93.601014,24.145702,0,0.3660847616106762
93.630807,25.196796,0,0.4132538976358703
94.030787,25.025299,0,0.6512943202917799
94.210484,24.819859,0,0.7852317421146463
94.0958,24.651539,0,0.006666666666666667
94.058548,24.23006,0,0.5735803469194614
94.203779,24.794691,0,0.7307627092909335
94.080517,25.477641,0,0.35197667370038715
93.910511,24.267054,0,0.37300790580828264
93.98033,24.898449,0,0.0
93.950374,24.775113,0,0.0035294117647058825
93.958753,24.702509,0,0.270059780913009
93.071345,24.563204,0,0.21766762209190244
93.995514,24.873028,0,0.006666666666666667
93.714537,24.843343,0,0.8403268227755064
94.509003,24.639694,0,0.7666974544028989
94.424078,24.875481,0,0.46142391834469143
94.068088,25.429676,0,0.7188179516308041
94.442354,25.301242,0,0.40057985137605434
93.634055,25.248841,0,0.5082261554853105
93.871322,24.814459,0,0.006666666666666667
93.836387,24.134403,0,0.0001507794531050345
93.489453,24.670275,0,0.6862387423393226
93.652228,25.201338,0,0.6184711561677751
93.983724,24.823624,0,0.0
93.917065,24.791253,0,0.0
93.69802,24.342928,0,0.0811111111111111
93.904862,24.541199,0,0.0
93.975423,24.866283,0,0.006666666666666667
93.915486,24.771907,0,0.010548340548340548
93.873034,24.820659,0,0.04035087719298246
94.335947,25.199725,0,0.6945558359739831
93.980807,24.739078,0,0.05737762237762238
94.622147,24.970992,0,0.6753887390359766
93.884558,24.758002,0,0.010606060606060605
94.348099,24.506978,0,0.36392149959849224
93.685107,24.309778,0,0.14990774965774964
94.353503,24.898856,0,0.7697690351844131
93.446038,24.936403,0,0.08125804111655373
93.450662,24.784141,0,0.5516579687829609
93.913874,24.736515,0,0.030214105143682606
94.371651,25.10242,0,0.25505445375332314
93.854728,24.809047,0,0.01
93.917234,25.363109,0,0.6567721303754177
94.290806,24.633763,0,0.7133566406265871
93.600768,24.185073,0,0.47738212916524314
94.219706,24.061119,0,0.4259139562892947
93.345415,24.838739,0,0.28584573769014593
93.460424,24.842769,0,0.6823328188297196
93.744751,24.669547,0,0.6212874005635112
93.157917,24.757111,0,0.21322424768237744
93.974929,24.732703,0,0.0033333333333333335
94.061118,24.688027,0,0.0
93.755498,24.738684,0,0.2822688672699638
94.336158,24.393397,0,0.38145927002536095
93.522629,24.366375,0,0.6153455251888414
93.479911,25.020719,0,0.848196553969467
94.026441,24.800599,0,0.07440151324321465
93.920519,24.65226,0,0.006666666666666667
93.292074,24.744256,0,0.16785861170984925
94.218503,24.961869,0,0.36945760584268794
93.933785,24.475676,0,0.03
93.605862,24.072235,0,0.6257935373290752
93.340604,24.645806,0,0.07901142463432206
94.556356,25.375959,0,0.7408520206349319
93.409495,24.807639,0,0.712127848780742
94.089981,24.764643,0,0.33792510114732294
93.932171,24.562918,0,0.0006666666666666668
94.22661,24.968833,0,0.09881768604915031
94.506818,24.691927,0,0.36692474107682077
93.590537,24.14035,0,0.23241842448515337
93.966283,24.645228,0,0.01
94.135487,24.89713,0,0.2801207516667349
94.463202,25.395437,0,0.6136764367559175
93.816681,24.58229,0,0.043333333333333335
93.956346,24.77601,0,0.0
93.885678,24.772165,0,0.0035335383951216877
93.517878,24.551027,0,0.5165564730243862
93.832268,24.226182,0,0.6683840494216363
93.818007,24.770125,0,0.006666666666666667
93.51984,24.381735,0,0.4532506398581644
93.365863,24.168549,0,0.3274025198799443
93.999753,24.647383,0,0.08403540903540903
93.255646,24.028502,0,0.22260844246776945
93.71884,25.209594,0,0.6574735640646536
93.917838,24.839201,0,0.0
93.318378,25.029694,0,0.6905056879505778
94.348874,24.941687,0,0.3918508610182065
93.962275,24.580665,0,0.09333333333333334
93.891411,24.665179,0,0.013684210526315788
93.788455,25.131248,0,0.20997181092316522
93.863029,24.894512,0,0.006971438523162661
93.899118,24.73981,0,0.027666318866318863
93.861184,24.736724,0,0.0
94.440905,24.867716,0,0.674747520499974
93.978911,24.838674,0,0.0
94.236467,25.079213,0,0.41487672594453734
94.106602,24.464351,0,0.3153399341257398
94.053988,24.811197,0,0.017988067292644756
93.996623,24.737529,0,0.0033333333333333335
94.532921,24.709426,0,0.3676407387042309
93.443202,25.242602,0,0.4531179753947539
93.64972,24.75658,0,0.5152667359630054
94.041949,25.564209,0,0.3441647914622743
94.332396,25.450556,0,0.5870423448409418
93.787475,25.145524,0,0.7826022979511855
94.297512,24.544056,0,0.4446395183389954
92.996321,24.130728,0,0.3797154862195677
93.558672,24.010027,0,0.34999028885225303
94.228901,24.115063,0,0.599445092707649
93.919604,24.748293,0,0.02
93.940981,24.794962,0,0.0
93.260996,24.661906,0,0.7322756296700622
94.002119,24.861181,0,0.0033734939759036144
94.510598,24.859766,0,0.47355001966836235
93.104604,24.657699,0,0.38768443544759335
94.19603,25.386292,0,0.5567564446026867
93.495117,24.92584,0,0.7533565715256721
94.040764,24.934154,0,0.03333333333333333
93.133179,24.104023,0,0.4998072446158713
93.978043,24.799624,0,0.02003003003003003
94.009546,24.851628,0,0.17537088930720746
94.026325,24.595222,0,0.0
94.509231,24.873776,0,0.5690363840599123
93.974499,24.584937,0,0.0033333333333333335
93.817179,24.491308,0,0.000196078431372549
94.163645,24.642052,0,0.3460485030671426
94.131492,24.994429,0,0.5807507657193169
94.315462,24.265431,0,0.5969049026467901
93.870307,24.17146,0,0.13067924794817598
93.330692,24.665843,0,0.6484412739276951
93.730884,24.489759,0,0.044670370370370374
93.781969,24.345713,0,0.2575981429764008
94.033208,25.546891,0,0.29560843615942484
93.817186,24.817994,0,0.031521642124051764
94.428944,24.505672,0,0.40709623805313466
93.840205,25.280106,0,0.514407459728725
93.607009,24.127524,0,0.15692175862236732
93.764189,24.803066,0,0.5312635348610653
94.179561,24.592471,0,0.2420781250353409
94.011602,24.658245,0,0.07488891871244813
93.894079,24.597669,0,0.09717948717948718
93.898135,25.166193,0,0.6460666421154156
93.340622,24.150322,0,0.3814852435399728
93.136255,24.32959,0,0.45911290931473586
93.487467,24.338543,0,0.2736456046973023
93.785458,24.466142,0,0.0
93.090862,24.4019,0,0.08692691975354265
94.498531,24.620867,0,0.510127793381947
93.197517,24.141194,0,0.8858419120279711
93.856377,24.786966,0,0.06
93.675488,24.327886,0,0.2370700545506747
93.670949,24.424003,0,0.6964748721816115
94.365524,25.103135,0,0.2612059970186905
93.916112,24.705786,0,0.08071428571428572
93.895045,24.703656,0,0.08363636363636363
93.810943,24.862686,0,0.17815876715876716
94.185863,24.604942,0,0.5270139121198977
94.192124,24.428601,0,0.8495235011827883
93.960868,24.786271,0,3.003003003003003e-05
94.394411,24.911616,0,0.7622883667147208
93.619003,24.679107,0,0.4860307902082199
94.156525,24.99182,0,0.6556413614053592
94.102488,25.480561,0,0.547198513223001
93.633908,25.115859,0,0.8731099904999066
93.18259,24.693932,0,0.3344995006553531
94.421136,24.647115,0,0.5277201968818656
94.034559,24.446106,0,0.07442473081875424
93.652665,24.921249,0,0.7296638375200792
93.915803,24.531293,0,0.0
93.796772,24.774855,0,0.013745887445887445
94.054809,24.821472,0,0.008262249339810967
94.335106,25.126216,0,0.43596870827150513
93.699922,24.279644,0,0.3451323692736629
93.631143,24.513941,0,0.4005284263578681
93.572371,24.851626,0,0.7074941306261041
94.376542,25.097297,0,0.2328716663024423
93.142031,24.32218,0,0.49483292293211917
93.934669,24.836978,0,0.2139461363816275
94.641121,24.942746,0,0.670154921307564
94.143561,24.810696,0,0.3629095564309279
93.923184,24.648883,0,0.07765873015873016
93.852028,24.791329,0,0.006666666666666667
94.397027,25.246384,0,0.42768651565883875
94.191683,24.116298,0,0.5793779024157163
93.946844,24.856881,0,0.0
93.748265,24.518726,0,0.003436623436623437
94.11014,25.424948,0,0.4894764045526072
93.766396,24.421159,0,0.04666666666666667
94.068304,24.650364,0,0.0033333333333333335
93.177451,24.794206,0,0.47478794043960043
94.422873,24.673572,0,0.44480789607142585
93.955458,24.830427,0,0.0033333333333333335
94.551216,25.593059,0,0.6571800523204883
93.513517,24.38698,0,0.48932440259491067
94.07914,24.662532,0,0.09874178635973313
93.871025,24.23809,0,0.09475977869274319
94.370629,25.327292,0,0.7209464822253643
94.041651,24.562764,0,0.0
94.048194,25.08861,0,0.2921509553422819
94.396762,25.352023,0,0.8599938453183579
94.18746,24.432981,0,0.5480574504236488
94.377878,25.118649,0,0.29113665481662654
93.68467,25.165497,0,0.36764211533771307
94.146832,25.133562,0,0.3927033498318035
94.537479,24.87557,0,0.6363277799691456
93.965363,24.264075,0,0.42179134981593996
93.637077,24.811231,0,0.09789366616359148
93.745097,24.648232,0,0.54963402581579
94.044092,24.073624,0,0.2956075083619817
94.016885,24.105017,0,0.947091115776246
93.785339,24.729082,0,0.027501827485380114
94.057202,25.072192,0,0.03666666666666667
93.102279,24.159351,0,0.08425147934802704
93.886402,24.766678,0,0.0033333333333333335
93.813208,24.578658,0,0.06
94.375183,25.064177,0,0.6044115836936562
94.102172,24.567623,0,0.13743599868091755
93.549015,24.967989,0,0.4347904760892213
94.16103,25.517879,0,0.5977330298785194
93.620639,24.393188,0,0.5661574975095367
93.491305,24.670017,0,0.22012712413125438
94.009341,24.829251,0,0.42778380271297606
93.775153,24.619562,0,4.0160642570281125e-05
93.968964,25.17246,0,0.30105314290167423
93.368652,24.955109,0,0.27485605452157535
93.946493,24.160536,0,0.4120958580690005
93.773401,24.374906,0,0.13965034077943914
94.176146,24.615687,0,0.6507495921715535
93.614518,24.351677,0,0.3633627513811069
93.898659,24.539959,0,0.14666666666666667
93.884691,24.783113,0,0.003486590038314176
93.983404,24.578246,0,0.02
93.473913,24.969784,0,0.43362300661565484
93.143749,24.793688,0,0.3299159663865546
93.891418,24.559685,0,0.01
94.064261,24.793463,0,0.2760576365966467
94.167296,25.514149,0,0.7413665564246147
94.449826,24.708446,0,0.4963252202309183
93.721998,25.195862,0,0.5517030418597428
93.915712,24.704899,0,0.1208148148148148
93.690269,24.435913,0,0.1437353606489946
94.15389,24.919285,0,0.17512365055833828
93.409153,25.245265,0,0.6706365472721578
94.01815,24.829248,0,0.24494330201727066
94.314069,24.297983,0,0.5357563329304127
93.304544,24.282639,0,0.26586550807356857
93.540274,24.984769,0,0.8645489883726574
94.360791,25.113849,0,0.23088319152112258
94.178531,24.558552,0,0.7404753411315667
94.076781,24.607642,0,0.006666666666666667
94.479696,25.287858,0,0.5792031292195207
93.861485,24.70075,0,0.0
93.930543,24.658843,0,0.0
93.825571,24.707385,0,0.0033333333333333335
94.10407,24.996981,0,0.41114370824830887
94.04657,24.677033,0,0.0
94.041606,24.875096,0,0.0
93.524715,24.706938,0,0.6496757231965208
93.931137,24.745796,0,0.0033333333333333335
93.593669,24.525235,0,0.7349267531040925
93.809177,24.76377,0,0.06
93.762888,24.278554,0,0.1279463112236158
93.975865,24.878844,0,0.0033333333333333335
94.247709,24.650632,0,0.674859841942615
93.519008,24.357056,0,0.8386596190717832
94.0446,24.601678,0,0.030555555555555555
93.841565,24.886298,0,0.030887043189368767
93.988308,24.580081,0,0.02666666666666667
94.033999,24.869954,0,0.0033333333333333335
94.277971,24.265178,0,0.29522699908798034
93.982337,24.744097,0,0.0
94.092927,24.691492,0,0.03333333333333333
94.088183,24.640829,0,0.013333333333333334
93.857441,24.803029,0,0.006666666666666667
94.013515,24.703353,0,0.057354312354312355
93.52064,25.017949,0,0.7653845349161696
93.596451,24.20064,0,0.39343167537345414
93.602468,24.630227,0,0.6207429521201724
93.949658,24.9366,0,0.44239097936056926
93.716575,24.358708,0,0.017677285677285676
94.037995,24.919056,0,0.01
94.05519,24.695561,0,0.2296484763860384
94.448019,24.901006,0,0.8453372654201493
93.82395,24.907855,0,0.35373819466732775
93.578318,24.766568,0,0.1169199601424621
93.964134,24.667278,0,0.043333333333333335
93.665641,24.881375,0,0.6417564989404134
93.911385,25.455846,0,0.6885960263548735
93.912521,24.562956,0,0.006666666666666667
93.978389,24.795461,0,0.016666666666666666
93.807826,24.162318,0,0.32624542556395975
93.863582,24.617911,0,0.030555555555555558
93.867905,24.418504,0,0.06586111111111109
93.471004,24.13031,0,0.7782899203124745
93.274004,24.288307,0,0.2299786324786325
93.924699,24.193669,0,0.08533180038204398
94.399541,24.593258,0,0.5079221905520854
94.187084,24.360433,0,0.695299466480659
93.904746,24.773564,0,0.10681818181818183
94.249827,25.124237,0,0.4532338331914766
93.893227,24.763082,0,0.043888888888888894
93.305156,24.615011,0,0.6012048143706262
93.9923,24.841485,0,0.003436623436623436
93.335909,24.889273,0,0.3900696060811887
93.997417,24.489875,0,0.006666666666666667
93.500241,24.419353,0,0.7023472857889587
93.732435,24.5255,0,0.1391554487179487
93.847774,24.395555,0,0.13368263315631734
94.223709,24.044921,0,0.14292562692646285
93.981711,23.96231,0,0.6056239582051449
93.916957,24.530934,0,0.01
93.428364,24.750606,0,0.7149124594502241
93.334287,24.135817,0,0.5443907392154202
94.17895,24.392282,0,0.5889279086110558
94.286191,25.081757,0,0.3327645977673945
93.872109,25.345559,0,0.37248745801094835
94.344279,25.289161,0,0.8212205625008436
93.537513,24.665914,0,0.6746214780745466
93.978874,24.808423,0,0.0
93.927257,24.891349,0,0.0011111111111111111
94.364124,25.094405,0,0.3629855769032636
93.919518,24.818067,0,0.0
94.044364,24.90286,0,0.031593337367530915
94.203099,24.636364,0,0.6303899616968527
93.732395,24.408388,0,0.12467580073224412
93.662965,24.432169,0,0.6554502988188596
93.765973,24.562077,0,0.10666666666666667
93.974182,24.691497,0,0.41538862405264065
94.428486,24.608442,0,0.4552861121990409
93.664463,24.880108,0,0.5519463699591489
93.463685,24.366622,0,0.6263311382856545
93.9634,24.802561,0,3.003003003003003e-05
93.237976,24.843606,0,0.3229118651981413
94.225988,24.673338,0,0.7261687505859745
93.501793,24.681284,0,0.5649956736528143
94.035,24.883755,0,0.0001032901032901033
93.937893,25.116075,0,0.23327806951657606
93.973454,24.503399,0,3.003003003003003e-05
93.190403,24.681424,0,0.8133873742631911
94.501311,25.222063,0,0.3228530220506041
94.04052,24.870894,0,0.0
94.244216,24.711883,0,0.3952972338872468
93.912596,25.243231,0,0.48024155515909644
94.042669,24.675101,0,0.03
94.063782,24.686873,0,0.0
94.004818,24.416847,0,0.24128996954999266
93.91946,24.699922,0,0.0033333333333333335
94.02088,24.979818,0,0.020363363363363363
94.013481,24.482016,0,0.0
93.754976,24.159229,0,0.3739914961592181
94.398534,25.382949,0,0.47117919541047837
94.361647,25.476236,0,0.510666724056372
94.140747,24.46018,0,0.5578703747263476
94.073801,24.688614,0,0.0033333333333333335
94.372735,24.921099,0,0.6110351375704614
93.948945,24.160839,0,0.6888316992495728
93.972074,25.148248,0,0.3568595328211982
94.42562,25.118286,0,0.7150313365475348
93.859581,24.897612,0,0.006971438523162661
93.978867,24.500744,0,0.14166666666666666
94.29366,24.786392,0,0.5548766995862551
93.424195,24.207568,0,0.2124220291363519
93.865505,24.540929,0,0.016666666666666666
94.598499,24.88194,0,0.606183499604497
93.356083,25.112303,0,0.6459956665067093
94.245154,24.438677,0,0.5602798072518345
94.240698,24.260717,0,0.42647067882108686
94.225328,25.198947,0,0.45670634422307227
94.099615,24.609111,0,0.19941300865574882
94.397519,24.624994,0,0.6275250810375024
93.908273,24.731635,0,0.0033333333333333335
94.23345,24.898944,0,0.5865722209558976
93.427699,24.785093,0,0.5579657609547621
94.166939,24.985687,0,0.47731109509430336
93.586337,25.013831,0,0.4641238517696548
93.275781,24.097011,0,0.9163225638638083
93.749784,25.376687,0,0.27726992990247307
93.782354,24.421244,0,0.020093896713615025
93.393722,24.396344,0,0.32487467660090363
93.673903,24.575362,0,0.45928572366246245
94.252697,25.250008,0,0.4704180143093464
93.876264,24.608494,0,0.006666666666666667
93.883994,24.202383,0,0.09415798069703905
93.168643,24.136471,0,0.4549587617021805
94.060706,24.6204,0,0.17491498993093826
93.889762,24.424475,0,0.12656012871415193
94.057711,25.038823,0,0.4501080132498804
94.07691,25.160822,0,0.6565852784788417
93.945789,24.966256,0,0.4255169834544272
94.329094,24.525345,0,0.1969760295114534
93.239066,24.906508,0,0.34374136974136976
93.87537,24.513969,0,0.021666666666666667
94.044205,25.439854,0,0.8221045970302809
94.358172,25.094788,0,0.43208202039956123
94.568761,25.631701,0,0.5847379100045361
94.108015,24.515113,0,0.6682225526541626
94.340933,24.487441,0,0.6835914791355505
94.106383,24.235594,0,0.5631453231614014
93.781969,25.178733,0,0.8727399730260144
93.937738,24.502159,0,0.003363363363363363
94.240118,24.420326,0,0.630095017608541
93.483686,24.557092,0,0.7887987118796785
94.352767,25.094022,0,0.6534583365543963
94.112208,25.25244,0,0.5227018831487346
93.171527,24.623617,0,0.7003751278817743
93.850541,24.845083,0,0.0011111111111111111
93.945642,24.162342,0,0.7786271169208437
93.607342,24.116839,0,0.5225274995125486
93.77546,24.974133,0,0.41346212166112306
93.302346,24.280634,0,0.07759185186689217
93.552678,24.624549,0,0.8325632409303685
94.052446,24.551436,0,0.08833333333333333
93.805399,24.157486,0,0.2859992992038047
94.285916,25.350824,0,0.7451970677057828
93.246636,24.858458,0,0.5380382340999382
93.919488,24.302174,0,0.2751311131990561
94.413589,25.452708,0,0.15325249024966212
94.354943,25.099811,0,0.6335583914205057
93.547595,25.221924,0,0.5961241459597691
93.849214,24.78522,0,0.07108101077666296
93.990635,24.693345,0,0.06517257809940737
93.7911,25.519348,0,0.46990331842324357
93.862519,24.299972,0,0.013333333333333334
93.858431,24.577111,0,0.03
93.875645,24.825976,0,0.1696257043635633
93.388753,25.205806,0,0.5018734889827084
94.041713,24.755732,0,0.06847512855858894
94.572765,25.296089,0,0.830769030080933
93.785298,24.686921,0,0.006781609195402299
93.193409,24.53397,0,0.3563412298599145
93.731549,24.845245,0,0.8492316874523933
94.076204,24.864147,0,4.0160642570281125e-05
93.77401,24.927236,0,0.6238670761642192
93.43625,25.097768,0,0.761936186487951
93.646633,24.808895,0,0.4855952375797557
93.483218,24.090957,0,0.5207500939514254
93.874312,24.551992,0,0.0623632110579479
94.417858,24.673407,0,0.4694132779816134
94.299654,25.296887,0,0.43699019487056073
94.038813,24.31458,0,0.3785326831067567
93.40521,24.467744,0,0.652134668368962
93.852714,24.441253,0,0.0
93.690425,24.337505,0,0.011111111111111112
93.894937,24.947492,0,0.579921244187677
94.482062,24.74171,0,0.21268442879904415
93.602848,24.622384,0,0.44294815609951643
93.771989,25.17139,0,0.633642345465988
93.945823,24.744908,0,0.00018154518154518155
94.122946,24.631442,0,0.6585903044453195
94.040129,24.065316,0,0.6585445688483533
94.038721,23.963,0,0.6641920818202153
93.977137,24.808005,0,0.0
94.445077,25.418835,0,0.4221480592764763
94.016074,24.862884,0,0.03
93.831583,24.856054,0,0.02666666666666667
94.432195,25.543175,0,0.4605787756304998
93.640557,24.311137,0,0.4251230651732803
94.192565,24.686212,0,0.7379381293668699
94.53862,25.230123,0,0.5793199322680664
93.464349,25.230902,0,0.7600896864975875
93.659972,24.45851,0,0.5575282417442644
93.958852,24.646527,0,0.0
93.98995,24.495265,0,0.0
93.843603,24.360473,0,0.043333333333333335
93.876719,24.790115,0,0.0033333333333333335
93.952376,24.706783,0,0.007467948717948718
94.488534,25.456138,0,0.5254743569147283
93.695033,24.335248,0,0.023809523809523808
94.174134,23.930094,0,0.19475365172816544
94.336897,24.502914,0,0.07757633655438784
93.866455,24.272065,0,0.059591811380451484
93.978831,24.663286,0,0.0033333333333333335
93.920747,24.883261,0,0.01
94.22629,24.965125,0,0.18392916009953994
94.496637,24.895987,0,0.7638651474201809
93.899055,24.768915,0,0.0033333333333333335
93.889774,24.78353,0,0.000196078431372549
94.162065,25.20779,0,0.5787274119261402
93.960599,24.649072,0,0.0
93.891078,24.758635,0,0.0033333333333333335
93.441227,25.000116,0,0.474580250747809
93.763051,24.836654,0,0.5213428024239071
94.096734,24.354372,0,0.25523045249573884
93.380488,24.754625,0,0.49846514835904143
93.57295,24.445361,0,0.691783027080123
93.87146,24.923014,0,0.05360693114455084
93.11168,24.67031,0,0.22540496005275837
93.401092,25.002818,0,0.30665626853756756
94.500145,25.195697,0,0.18729036276348304
93.488619,25.079929,0,0.06906326040640336
94.555729,25.385434,0,0.11900627197953123
94.229605,24.855914,0,0.5143221527420379
94.412073,24.517982,0,0.22239818717915705
93.034854,24.217275,0,0.19212068005116892
93.384741,24.62302,0,0.3068558260491896
93.783572,24.294006,0,0.502092959181275
94.077414,25.149117,0,0.6357519575779382
94.291484,25.09334,0,0.37898006802691253
94.14384,24.683101,0,0.828107654478251
93.950995,24.820853,0,0.0
94.020634,24.488472,0,0.09380276197068041
93.834345,24.906003,0,0.09099252136752137
94.037395,25.024129,0,0.6052945412180079
94.164685,24.731394,0,0.6385278905460413
94.283746,24.271608,0,0.323819219521355
94.027722,25.279787,0,0.3287765950413801
94.35948,25.164479,0,0.500965308514955
93.856332,25.325718,0,0.4304026917082988
94.482958,25.519152,0,0.525482016728533
94.26216,25.268966,0,0.44987323298064125
93.386728,24.741099,0,0.23710257915080168
93.955825,24.843324,0,0.0033333333333333335
93.560834,25.234569,0,0.5187194717424397
94.333637,25.463475,0,0.8178626437342974
93.185528,24.630153,0,0.5082420109469219
93.965944,25.158497,0,0.3532251423372464
93.888518,24.99452,0,0.32484788594578506
93.977853,25.531112,0,0.8298624967621618
93.221383,24.192149,0,0.45989977200978965
94.19376,24.912299,0,0.5238804538815512
93.865901,24.312545,0,0.2975
93.944255,25.095982,0,0.2165851039474693
93.538971,25.027237,0,0.8665564521501582
93.962242,24.649466,0,0.0
93.524711,24.108847,0,0.5656609722078579
93.899849,24.743937,0,0.014166666666666666
94.429184,24.503464,0,0.1447371373836891
94.411744,25.118019,0,0.27917405279275603
94.224382,24.209257,0,0.47180502854760126
94.043416,24.548918,0,0.02
94.026037,24.691802,0,3.003003003003003e-05
93.864134,24.298087,0,0.03333333333333333
94.039594,24.978591,0,0.08401265401265401
93.304325,24.282597,0,0.3105301790636163
93.058101,24.35165,0,0.8484381996923804
93.62462,24.526577,0,0.4331264933810187
94.303661,25.415697,0,0.4430018582793698
94.150477,25.195285,0,0.5968375477927765
93.851106,24.911393,0,0.027131410256410256
94.314439,25.147027,0,0.8150382214267264
94.193587,25.022888,0,0.4177633616155217
94.071179,24.690947,0,0.0033333333333333335
93.628139,24.648213,0,0.19372161735401755
94.045407,24.754291,0,0.014
94.027822,24.641502,0,0.023333333333333334
93.857074,25.243504,0,0.6491425647404319
94.478745,24.788017,0,0.6685603410380682
93.594284,24.386767,0,0.37138707264337706
93.363266,24.483752,0,0.5163075024089014
93.707793,24.367051,0,0.016666666666666666
94.067736,24.664282,0,0.4000277617154874
93.926609,24.517118,0,8.130081300813008e-05
93.876385,24.725829,0,0.0033333333333333335
94.012601,24.007579,0,0.6973179524932805
94.187226,24.422672,0,0.8941594041472971
93.941734,24.719427,0,0.023333333333333334
93.301001,24.332345,0,0.586148139761802
93.655927,24.344055,0,0.36133333333333334
93.92637,24.532543,0,0.060670498084291195
93.135799,24.805512,0,0.08301750042707491
93.476854,24.838517,0,0.36546355965701044
93.489785,24.37017,0,0.7779328856664498
94.109118,24.693996,0,0.010383597883597884
93.843417,24.790779,0,0.09041403498447652
93.776663,24.593975,0,0.013333333333333334
94.52769,25.401884,0,0.5435032786542484
93.947219,24.732468,0,0.02003003003003003
93.940133,24.68017,0,0.007083985393844549
93.984588,24.73322,0,0.03
93.915479,24.530728,0,0.0
93.17697,24.290905,0,0.513535538144161
94.155951,25.522182,0,0.6626134825672956
93.920548,24.893021,0,0.06837349397590362
93.981574,24.662495,0,0.0033333333333333335
94.29022,25.177724,0,0.5752949051191074
93.259558,25.01949,0,0.29947484246876643
94.391336,25.347908,0,0.1770088495056914
93.163518,24.197713,0,0.4742638919828736
93.984474,24.803646,0,0.016666666666666666
93.884598,24.753457,0,0.0033333333333333335
93.704219,24.881213,0,0.6672123863453152
94.485803,25.45485,0,0.6407631531307674
93.803682,24.615796,0,0.016696696696696697
93.520988,24.561771,0,0.7948601376581824
93.669306,24.884663,0,0.2117466066726209
93.975767,24.501641,0,0.04136336336336337
93.150165,24.55348,0,0.435782615752978
93.905103,24.404774,0,0.023333333333333334
93.814956,24.414439,0,0.010150779453105035
94.262911,25.154635,0,0.45537157366911024
93.634833,24.449443,0,0.46062740591325735
93.887064,24.764062,0,0.0
94.037671,24.093679,0,0.9030064301236874
93.723868,24.710147,0,0.3872404796798487
94.506917,25.169641,0,0.5583019692330481
94.249671,25.059123,0,0.4940702888453089
93.954392,25.112357,0,0.21296449281575505
93.196562,24.62121,0,0.6512262651464751
93.766128,24.565985,0,0.006818181818181818
94.159706,25.523232,0,0.7971466153232011
93.822611,24.847663,0,0.008104166666666666
93.794353,24.707096,0,0.025833333333333333
94.543565,25.463265,0,0.48264081461395025
94.057216,24.598292,0,0.0
93.440599,24.142353,0,0.20959986147236137
94.042529,25.064938,0,8.130081300813008e-05
93.790217,24.634184,0,0.048440882743208326
93.174063,24.324811,0,0.1472589804430285
93.867268,24.716669,0,0.0033333333333333335
93.783728,24.297118,0,0.2377903728123938
94.049823,23.955108,0,0.6474761256931187
93.986269,24.870509,0,0.01
94.018777,25.295331,0,0.8144394493398995
94.35927,25.186805,0,0.8041150505580352
94.049781,24.592718,0,0.0
93.937293,24.741615,0,0.00676056338028169
93.452218,25.199347,0,0.6303856896539354
93.847824,24.71723,0,0.0
94.42425,25.575104,0,0.7779375078193606
94.375801,24.915395,0,0.7083595383534009
93.177772,24.603671,0,0.8183740592108294
94.007071,24.332192,0,0.5512730613312131
94.233328,24.1093,0,0.06526866696579808
94.548355,25.263249,0,0.705392637519886
93.780526,24.87889,0,0.2806213612273727
94.276101,24.320815,0,0.6622117463916193
94.113748,24.21112,0,0.7659576798099271
94.030975,24.668683,0,0.00037037037037037035
93.404152,24.159328,0,0.7529024401036398
93.903749,24.864772,0,0.4231274421182533
94.496136,24.782504,0,0.7188051234218773
93.88212,24.749642,0,0.0
94.429399,25.079244,0,0.5613796328914299
93.894802,24.15573,0,0.43378067241250856
93.641979,25.126153,0,0.7821757346079363
94.047294,24.918228,0,0.021363363363363367
93.157369,24.327005,0,0.5144493583649943
93.844392,24.132015,0,0.2804076112141532
94.183696,24.427605,0,0.7142973637433333
93.596292,25.197863,0,0.4217993136473548
93.901944,24.492692,0,0.0
93.671817,25.143487,0,0.5754263884340322
93.969253,24.899353,0,0.11506532146812364
93.165139,24.745846,0,0.5102327886741781
93.53743,24.381016,0,0.7263991818296073
93.827459,24.892379,0,0.19058720878005964
94.074771,25.070892,0,0.3800113750593941
93.899108,24.743821,0,0.027037037037037037
94.276131,24.527313,0,0.6930539322356897
93.686618,24.134755,0,0.337318293648003
94.025285,24.95023,0,0.3756641804239479
93.910414,24.129261,0,0.777011843338667
93.756359,24.440264,0,0.01865893796126354
94.597617,24.998245,0,0.8859361123958771
94.144124,23.911066,0,0.404082473945836
93.80933,24.717994,0,0.013333333333333334
93.896523,24.807885,0,0.0
94.057568,24.234781,0,0.4863174805328093
93.955231,24.648026,0,0.003703703703703704
94.035302,24.668327,0,0.006666666666666667
93.308348,24.098821,0,0.41488107439474725
94.349925,25.295682,0,0.3854688020896322
93.969228,25.519719,0,0.843726401339278
94.163584,25.08686,0,0.2691531792813291
94.061092,24.253636,0,0.6699003322028464
93.491598,24.133127,0,0.4698232857632581
93.921659,24.788605,0,0.0
94.037527,24.761942,0,0.13913012780869924
93.787054,25.218536,0,0.47975435104483344
93.458356,24.178438,0,0.38378712288454514
94.578955,24.807051,0,0.6618054778251071
93.918989,24.702189,0,0.0033333333333333335
93.467858,24.79761,0,0.6736386346196438
93.946746,24.860631,0,0.0
94.280561,24.291704,0,0.6227343361424207
94.63857,25.052071,0,0.38884614823584956
93.973174,25.518802,0,0.4772205278511414
94.482335,25.492744,0,0.8784680434610346
93.644534,24.647939,0,0.5463535692376861
93.914071,24.771759,0,0.07444444444444445
94.066441,24.567256,0,0.0071794871794871795
94.326359,25.276584,0,0.36717346706089965
94.051065,24.739118,0,0.0033734939759036144
94.056219,25.015991,0,0.11433048433048434
93.943144,24.446073,0,0.02452403343782654
94.46019,24.96453,0,0.8785500118317189
94.010645,24.620015,0,0.0
94.059915,24.239199,0,0.4855095765692148
93.51869,24.763444,0,0.4632182012978924
94.110636,23.911531,0,0.1690322945822752
94.361394,25.381658,0,0.42322866278595533
94.122878,24.438469,0,0.5706033331308157
