lon,lat,label,predicted_probability
94.719475,25.956083,1,0.41028671529764627
94.616667,26.389556,1,0.35025715882586067
95.076889,26.824694,1,0.3606889868334561
95.07475,26.641861,1,0.8682843557535033
94.257306,26.033528,1,0.7097297144784167
94.438,25.654,1,0.43786981895858823
94.63475,26.114866,1,0.9099944958570053
94.444333,26.39425,1,0.5803724405054215
94.620083,26.391361,1,0.46054409092320286
94.06175,25.832806,1,0.4636885773964819
94.256,26.0325,1,0.5697262789535915
95.077,26.824278,1,0.2575216596906491
94.240556,26.216583,1,0.4719609711802327
93.74,25.53,1,0.5918714234849041
94.543806,26.479167,1,0.4412401500604786
94.839167,26.293056,1,0.7556425272248521
95.075083,26.639472,1,0.7341687326686064
94.493,25.614,1,0.8101450323657301
94.41275,26.178,1,0.6190505498660762
94.683989,26.210043,1,0.4462298958345525
94.116167,26.109167,1,0.9359651013630561
93.71,25.51,1,0.5833531552513957
93.98,25.84,1,0.5495853867314977
94.031639,25.984456,1,0.6223842386327106
94.103,25.63,1,0.6163668632121219
94.837778,26.529444,1,0.6414605454532458
94.119,25.686,1,0.6109183707647059
95.078722,26.820528,1,0.4171085060882357
94.23894,25.53633,1,0.29619489519780495
94.108,25.695,1,0.6377170103887799
95.028278,26.578028,1,0.46317856483341835
94.323611,26.131917,1,0.6321943870350321
93.78,25.79,1,0.8252524447164826
94.990278,26.641111,1,0.29856460540238133
94.21,25.671,1,0.3344699167584895
94.559278,26.320861,1,0.3775474518264688
94.203556,25.896389,1,0.8550339680176828
94.981389,26.637222,1,0.7718871093837125
95.009,26.378222,1,0.49342096864672397
94.04,25.708,1,0.5725807940660254
95.033056,26.727722,1,0.7932742720725758
93.81,25.77,1,0.6811500277726925
94.223583,25.757639,1,0.6371216603516479
94.797197,25.940053,1,0.6976798840402587
94.354,25.623,1,0.5718359374135371
94.096,25.662,1,0.5889964422960475
95.075667,26.813917,1,0.5968428459937195
94.518333,25.833644,1,0.6580501781456091
94.565806,25.966581,1,0.6201543198667319
94.863333,26.435278,1,0.5927267997726621
93.74,25.54,1,0.23916638328742665
94.764167,26.590556,1,0.7283529747018652
94.755389,25.660583,1,0.5549478819077588
94.257556,26.085528,1,0.5574678417851295
94.5095,25.650556,1,0.9166301884721583
94.06267,25.66969,1,0.8691906095592034
94.84056,26.37639,1,0.39689816079743484
94.372639,25.866722,1,0.5128055765882439
94.789617,25.784961,1,0.7670000896438779
94.773056,26.562222,1,0.8572001325359713
94.23669,25.55408,1,0.5788108094806594
94.348,25.624,1,0.6923459702354948
94.259111,26.112194,1,0.4282683623045402
94.270389,26.065972,1,0.4119122354241544
93.775,25.74,1,0.43799203665213016
94.769017,25.905494,1,0.30632009961021134
94.652408,25.941525,1,0.38379762899919667
94.307917,26.053667,1,0.5866702775055699
93.93,25.78,1,0.40334003892822495
94.264853,25.998778,1,0.31820012172673134
94.635167,26.698583,1,0.46073512448439186
94.554867,26.194204,1,0.5075166266422355
95.0185,26.4285,1,0.3223660821569717
94.844722,26.300556,1,0.6551083714328757
94.661194,25.502583,1,0.4932754727540207
94.409639,26.182056,1,0.4843344712021736
94.052,25.682,1,0.6970737683628303
94.221583,26.205889,1,0.849584987066125
94.597519,25.958047,1,0.5674646905530267
94.858722,25.587778,1,0.8310808337584977
94.483064,25.750978,1,0.7600881829254081
94.777417,25.7345,1,0.54353263545131
94.321,25.607,1,0.5683393588088559
93.9873,26.0038,1,0.5058814956659329
94.025528,25.949278,1,0.6933603256162029
94.7058,25.7578,1,0.5753287477118385
94.131,25.682,1,0.6464357575232917
94.257556,26.022278,1,0.7558955288880841
94.632275,25.879925,1,0.5745775862542832
94.20064,25.61092,1,0.7104881671775222
95.052417,26.114861,1,0.5433348933370206
94.813333,26.260556,1,0.7622041490677454
94.089,25.667,1,0.5991905537259278
94.253972,26.002139,1,0.47022419900774326
94.294,25.561,1,0.5075450686135082
94.086833,25.773583,1,0.7874698635121543
94.084,25.721,1,0.7277644891894923
94.098,25.666,1,0.6859027819920288
94.52225,25.651528,1,0.8917688532702689
94.970833,26.625556,1,0.5082782014748342
94.475667,26.282667,1,0.2845346678072771
94.087,25.714,1,0.6248530024752389
94.08703,25.73572,1,0.6090754376358565
94.770278,26.275,1,0.6933176035362791
94.796303,25.786425,1,0.6361355687351803
93.68,25.51,1,0.3598068569536087
94.318,25.696,1,0.39769755933420353
94.038,25.683,1,0.5801907055720459
94.485,25.62,1,0.8771170389240592
95.034417,26.220028,1,0.8593816936207257
94.336,25.623,1,0.690919069353956
95.03975,26.064111,1,0.4841542916452397
94.576933,25.971736,1,0.6264181176073244
95.096306,26.577389,1,0.7750786678813291
94.025667,25.948833,1,0.6017859511022214
94.007194,25.839583,1,0.4923158753828453
94.750278,25.657361,1,0.7943205024348885
95.071222,26.786972,1,0.6217915257141929
94.863694,25.581,1,0.5042251045186503
94.784806,25.568528,1,0.6360660397793904
94.812894,26.183504,1,0.7848617628367139
94.288,25.652,1,0.646183709547442
94.7597,25.673292,1,0.4927166676331506
94.70475,26.70675,1,0.5923970505770926
94.814241,26.185491,1,0.30042831186916646
94.82056,26.24139,1,0.5061979666103864
95.051694,26.229389,1,0.6654209992863728
94.257194,26.111278,1,0.4526437921757557
94.820553,25.861553,1,0.7260012487825341
94.091,25.669,1,0.6483628032165605
93.992,25.645,1,0.4372532450754724
94.38,26.42,1,0.543315597924831
94.990833,26.596389,1,0.40803537980665583
94.041583,25.907167,1,0.6014368588979042
94.19439,25.62153,1,0.5824546530216821
94.147472,25.824278,1,0.598238000259549
94.077,25.748,1,0.5991398718033714
94.458,25.679,1,0.5781607076381646
94.08611,25.65747,1,0.4260438607996501
94.456,25.6702,1,0.7601939030412644
94.473083,26.232694,1,0.3159672738727752
95.096639,26.256833,1,0.5630730159521851
94.253222,26.101583,1,0.19732688785537678
95.064417,26.750028,1,0.5252034770703192
95.054833,26.045083,1,0.5391880079464454
94.703611,26.635667,1,0.4897632885274957
94.216972,25.965944,1,0.5192689226439975
94.907639,25.827106,1,0.6795688169397122
95.022,26.725444,1,0.5610947644956603
94.638139,26.178889,1,0.6366185152574818
95.023861,26.725083,1,0.7280413040756899
94.450333,25.862222,1,0.7143544519565851
94.504756,25.998217,1,0.4454153923836748
94.284333,26.333833,1,0.6091686918206026
95.075167,26.644083,1,0.6227654804405537
94.335,25.621,1,0.45705232195432427
94.150333,25.839778,1,0.5572259474490522
94.244,25.666,1,0.661996181237397
94.416361,25.910917,1,0.5558438332243064
94.112,25.728,1,0.4661798129029178
95.032278,26.439528,1,0.3788816617271919
94.827222,26.749722,1,0.5472663932187454
94.849811,25.789933,1,0.6826219297991817
93.9803,26.0043,1,0.40234999814718087
94.116583,26.212972,1,0.8168726444775071
94.544,26.686961,1,0.527864922289874
94.15269,25.83889,1,0.43040207200839026
94.472861,26.367056,1,0.503847780441021
95.068972,26.78725,1,0.858701306925492
94.48315,25.751567,1,0.7631582946102986
94.138278,25.808722,1,0.684950855302102
94.035694,25.881917,1,0.8429428876206764
93.87,25.579,1,0.8939447759398916
94.25328889,26.10694722,1,0.21808248855774026
94.919444,26.393889,1,0.5901859334086431
94.784833,25.581806,1,0.8209876403754878
94.484833,26.191278,1,0.34616976625920054
94.135,25.538,1,0.35773738780739106
94.349306,26.089806,1,0.38838984120640724
94.106,25.672,1,0.5117798138202827
94.730878,25.641,1,0.8051811073433626
94.634561,26.13961,1,0.4050537333260481
95.000806,26.37175,1,0.8111766808249185
94.572292,25.981228,1,0.5639308700534832
94.116411,26.209389,1,0.8821777917223792
94.426,25.603,1,0.5950665641706565
94.086,25.717,1,0.7229630814237008
94.121,25.651,1,0.779833954728276
94.660667,26.719417,1,0.3184168664067455
94.115,25.63861,1,0.7923528629342977
94.603363,26.150343,1,0.7581234340013456
95.031806,26.439389,1,0.36103373994281707
94.714094,25.764292,1,0.5967499337077341
95.083833,26.074,1,0.5484346937417907
94.863056,26.435556,1,0.53937870690645
94.439,25.657,1,0.2885733188689038
94.526964,25.836419,1,0.4062639554531104
94.614097,25.963,1,0.49408051225194743
94.537237,26.101907,1,0.6042355033500422
94.583333,25.613472,1,0.42892025863018035
93.73,25.53,1,0.48590796730142555
94.215,25.665,1,0.40814035941032467
94.247,25.665,1,0.572038578448601
94.048806,25.865722,1,0.728591972506523
95.062,26.747806,1,0.6933968917375303
94.44,26.55,1,0.47371147870418934
95.027278,26.726667,1,0.43730642453613305
94.171169,25.781919,1,0.7197309554668154
94.873417,26.160167,1,0.38965057993969165
94.82583,26.38778,1,0.41290997134826474
94.43,26.5,1,0.1146801948051948
94.217,25.671,1,0.5738508499666685
94.054,25.683,1,0.704359833358721
93.93,25.77,1,0.28537495121792
94.932467,25.804908,1,0.37966610806636375
94.746306,26.674306,1,0.4560561120683583
94.818392,25.971456,1,0.7620728408530395
94.213417,26.235639,1,0.7034859398887728
95.079417,26.699056,1,0.8020528028308695
94.111472,25.935694,1,0.5909867426663152
94.662417,26.504917,1,0.5191943509313
94.283222,26.192972,1,0.27685627344587993
94.2215,25.966861,1,0.7056037651080604
94.626957,26.148727,1,0.3843418869338498
95.095694,26.57725,1,0.7651804973779119
94.950069,25.872444,1,0.47807910028405476
93.98167,25.74697,1,0.5172468025066137
94.641739,25.920367,1,0.8194395530425557
94.795278,26.233444,1,0.6091576557939201
94.97369,26.41931,1,0.5266931024765497
95.046111,26.441056,1,0.7073034742569563
95.076444,26.812389,1,0.39972649227480145
94.05683,25.65778,1,0.8486108838180805
94.09194,25.71281,1,0.56389862423152
94.650258,25.895111,1,0.39044569359203446
94.95814,26.40653,1,0.5935664278694753
95.058194,26.239056,1,0.73932653723578
94.542753,26.033098,1,0.6675741507989864
93.488956,25.287664,1,0.7545442655555713
94.361,25.624,1,0.40604256773747094
94.182611,26.179,1,0.6227704273951853
94.212861,25.881639,1,0.7085806520977855
94.602548,26.150578,1,0.5281325072100413
94.6215,26.161639,1,0.7807591005642409
94.816972,25.962689,1,0.8051750380945526
94.768611,25.555056,1,0.29112552130495334
94.503278,25.624639,1,0.821489958019442
94.108,25.662,1,0.6104523881003878
94.215556,26.235278,1,0.4328255717361403
94.104,25.665,1,0.844606159508215
95.020358,26.194406,1,0.5219548408182995
94.249667,26.299889,1,0.46525301503399297
94.019194,26.129722,1,0.5072390326672305
93.7,25.51,1,0.8041703369664118
94.795519,25.834436,1,0.8959318736536126
94.255139,26.013556,1,0.7288875960735973
94.787222,26.506389,1,0.7212439625234321
94.11,25.692,1,0.5941474190114567
94.295,25.574,1,0.519428833425238
94.105472,26.098056,1,0.8320915226216465
94.156806,25.849611,1,0.5439902759893195
94.486528,26.195917,1,0.4928031602219456
94.204389,26.208417,1,0.751252827346364
94.870278,26.404167,1,0.3881004275689705
94.03,25.65,1,0.6190481606640038
94.36,26.49,1,0.19397965961561603
94.032417,25.761278,1,0.5729812912863411
94.221333,25.878861,1,0.835934454889194
94.448389,26.486389,1,0.8456260568593644
94.859428,25.588806,1,0.669703723685734
93.848,25.598,1,0.8266378824783466
94.040083,25.9545,1,0.7904410752312587
94.014361,25.948222,1,0.7085055535994303
94.076639,25.83025,1,0.6724757397906945
93.95,25.76,1,0.674245963362483
93.784,25.745,1,0.5900757143489673
94.818667,25.962494,1,0.4147339921797141
94.0,25.8,1,0.4404342986165839
95.072222,26.818889,1,0.46061006578861663
94.819272,25.623364,1,0.7979515224409721
94.399222,26.114833,1,0.6058146606948355
94.252611,26.096778,1,0.38499070808070013
94.096,25.682,1,0.6485739953215328
94.206,25.624,1,0.4127533698089374
94.15,26.26,1,0.5161763569083265
94.828308,25.915344,1,0.647877700819874
94.218,25.672,1,0.6725448638321623
95.009028,26.782472,1,0.7390897775776529
94.423667,26.074417,1,0.6793260354054661
95.096361,26.571222,1,0.6510653469785803
94.70858,26.70744,1,0.3482572452393324
94.386,25.708,1,0.5688128975707601
95.092167,26.547167,1,0.5391383099928447
95.033361,26.066583,1,0.6201902565874744
94.856314,25.788847,1,0.2009566560032792
94.167267,26.222492,1,0.24752389454392434
94.137,25.688,1,0.5953608193930597
95.023806,26.069278,1,0.6947529744747961
94.309,25.713,1,0.9078044793316054
94.051,25.668,1,0.7350156247142337
94.767353,25.820689,1,0.40446525925932325
95.081111,26.834556,1,0.3352293373180591
94.795558,25.887917,1,0.5457755896487525
94.792344,25.584519,1,0.29572209359720364
93.9789,26.0044,1,0.38530174218089847
94.21,25.667,1,0.43730516715476864
94.317833,26.068028,1,0.35444193565843407
95.043389,26.226028,1,0.5830261326993526
94.008,25.738,1,0.4884855370452555
93.82,25.77,1,0.5350489521278713
95.072111,26.251778,1,0.5264734973264893
94.83,26.273333,1,0.6596125396974679
94.119,25.651,1,0.6300594270021882
95.000417,26.212028,1,0.5068592717890549
94.607456,25.954636,1,0.6418437331131982
94.811111,25.889897,1,0.44603051351676715
94.477028,26.219417,1,0.32686643208183724
94.040361,26.021083,1,0.7971848963225917
94.577522,26.185479,1,0.5762307535315921
95.074944,26.646917,1,0.6708164693963338
94.168,25.572,1,0.3996866523751621
94.430278,25.952722,1,0.5004084267032546
95.077861,26.846139,1,0.45833929788677563
94.78639,25.88667,1,0.13465045309181845
94.259278,26.094778,1,0.39935078681622427
94.621778,26.156611,1,0.8630970385587265
94.764325,25.555969,1,0.4746730313369475
95.097417,26.5585,1,0.7568038385519641
94.519889,26.034806,1,0.8103460180411391
94.13,26.28,1,0.24861906025525926
95.012111,26.592167,1,0.23486660825309413
94.15725,25.854528,1,0.8067344857233443
94.035325,25.880533,1,0.8334859024266822
94.358722,25.87975,1,0.16235717450624423
93.99,25.86,1,0.4107873988823978
94.21483,25.62067,1,0.5997013372371323
94.100806,26.091528,1,0.7766554281754966
94.17047,25.57086,1,0.39266674221393877
94.795497,25.728964,1,0.4091719281408254
93.566583,25.356333,1,0.5082241905765752
94.353833,26.104528,1,0.4388585866761388
94.857778,25.595083,1,0.40730103170347187
94.709194,26.371611,1,0.5083990734481028
94.452556,25.917361,1,0.8651921367469348
93.878,25.576,1,0.7738883884711826
94.211111,26.213889,1,0.658243119913704
94.634053,25.969225,1,0.6815312418516206
94.408028,26.070806,1,0.256690298369527
95.027972,26.174472,1,0.5160823558633675
94.393694,25.901611,1,0.5404578691011005
94.331722,26.026389,1,0.5279979961843819
95.077611,26.773611,1,0.4261648482208489
94.811625,26.205135,1,0.614925952787143
94.316361,25.751694,1,0.5946784167500494
94.200611,26.239167,1,0.6896839468521131
95.014944,26.711639,1,0.41254387975046847
94.466,25.707,1,0.5309514925294343
94.165,25.563,1,0.37851137788499045
94.58648,26.03853,1,0.38348836735114716
94.45835,25.893042,1,0.8452027448484268
94.034803,25.993164,1,0.9108813225650481
94.614503,26.154944,1,0.6730416024123764
94.429519,25.907417,1,0.8441494617302981
94.322217,25.977569,1,0.7797159895640186
94.148,25.553,1,0.4166883986180967
94.950353,25.814822,1,0.4845381524685354
93.727181,25.472506,1,0.5310096122641428
94.149222,25.839667,1,0.7109492600817584
94.419417,26.217361,1,0.4120950698104756
94.051,25.605,1,0.4675329042629784
95.107778,26.760194,1,0.3613094389916982
94.09208,25.61597,1,0.5559724108295461
94.7843,25.938447,1,0.815787611430934
94.022778,25.954389,1,0.7763554259270621
94.328611,25.844972,1,0.595313829446981
94.213306,25.752806,1,0.45879124586264824
94.212083,26.215889,1,0.8367445647371962
94.797508,25.887525,1,0.8814464064660331
95.086194,26.768833,1,0.747032476078533
94.121,25.652,1,0.6789183524148281
94.039,25.721,1,0.6150897561199924
94.614828,25.867083,1,0.6507676531567542
94.702953,25.842358,1,0.6033356236629124
94.319,25.614,1,0.6610846929018049
94.661194,25.502917,1,0.7156592544551311
93.73,25.52,1,0.5083456526239265
94.789414,25.944008,1,0.5138915532641073
94.5241,26.041658,1,0.42288359566632633
94.382,25.67,1,0.5666483102498028
93.9,25.77,1,0.5760817091317502
94.14544,25.56292,1,0.5952836435203291
94.105,25.697,1,0.6290760714114133
94.661028,25.507611,1,0.41529482315907773
94.280058,25.817194,1,0.8250394588837104
94.204583,26.0905,1,0.7539736007337288
94.680944,26.556861,1,0.30894476562468376
94.351,25.576,1,0.5789393438970443
94.768481,25.905561,1,0.8860479076048445
94.809444,26.261111,1,0.8665281987080378
94.757556,25.6375,1,0.7535608101466608
94.166,25.571,1,0.30866355156618225
94.25,25.63,1,0.7181184039940371
93.9862,26.0037,1,0.3886601446463861
95.19475,26.678833,1,0.34097352594069424
95.018778,26.729972,1,0.5847734913160717
94.398806,26.320639,1,0.7408195665272057
94.605419,25.955769,1,0.6031996508302544
95.079333,26.841667,1,0.5670155327979067
93.762,25.531,1,0.720237894426787
94.858222,25.586389,1,0.8008995747884223
94.114,25.622,1,0.5503890509746037
94.624047,25.899894,1,0.7082383684935415
94.432472,25.854278,1,0.8066450389430038
94.250194,26.154917,1,0.7467512975209788
94.217103,25.761464,1,0.6147996460775363
95.103444,26.26175,1,0.8710514286041439
94.634392,26.031786,1,0.7671279892632327
94.800833,25.6055,1,0.7080574791215862
94.026203,25.884206,1,0.8622655354982813
94.841389,25.6,1,0.8411623643892286
95.099583,26.550528,1,0.737334017577598
94.819778,26.249,1,0.5336281667638583
94.37,26.41,1,0.5480868019269249
94.098,25.728,1,0.4152102057601492
94.0855,25.72894,1,0.5523379899138898
93.92,25.78,1,0.5896368377182849
94.250361,26.155083,1,0.7004617208125493
94.12436,25.68375,1,0.7347710169796876
94.253,25.635,1,0.8938175320826623
94.537972,26.320806,1,0.6188231074087476
94.806111,25.609472,1,0.7281550922841841
94.71375,26.372667,1,0.47189837200159207
94.955806,26.758306,1,0.5590182841036351
94.213639,25.970083,1,0.5199326326771899
94.034,25.645,1,0.6611737484320572
94.378,25.647,1,0.6196872199812944
94.09,25.666,1,0.6570116395453366
94.11203,25.69506,1,0.4513893527969668
94.13175,26.27647222,1,0.8421026794031832
94.217083,26.231028,1,0.44214034623457543
94.264222,26.088361,1,0.4326068088809122
94.574256,25.968006,1,0.7443157320631969
94.434556,26.389028,1,0.6665551340022696
94.254306,26.016333,1,0.6052116436107527
94.151,25.56,1,0.13195687711776988
94.282194,26.192667,1,0.20179643027869532
94.586361,25.940872,1,0.3288483569874669
95.075917,26.826194,1,0.408751167899232
94.10278,25.66083,1,0.4234907162803074
95.072417,26.818167,1,0.5218819081908606
94.706133,25.948886,1,0.5124933617319436
94.274528,25.892028,1,0.5698166520654783
94.056361,25.847444,1,0.39711751162704234
94.896667,26.326944,1,0.4458583448692626
94.185106,25.767692,1,0.5318782123035127
94.983056,26.59,1,0.3493122278555491
95.056722,26.163778,1,0.6516955369368307
94.048889,25.931167,1,0.7488476610881273
94.065,25.692,1,0.693880312577186
95.080306,26.84325,1,0.6309253297119568
94.453611,26.318806,1,0.7051794986706885
94.131528,26.122167,1,0.8692770873861144
94.785139,25.582694,1,0.6228467666244291
94.7888,25.944475,1,0.5250622832316351
94.27,25.546,1,0.7400763893855662
94.935556,26.359722,1,0.761715071038533
94.639306,26.680722,1,0.5645238283278335
94.397,25.675,1,0.8538569072181925
94.766083,25.589222,1,0.4728651878977383
94.428758,25.90665,1,0.9263541562058858
95.080444,26.835417,1,0.2889680037407883
94.96105,25.788378,1,0.4099043111252358
95.0985,26.571417,1,0.611805138258541
94.590819,26.153418,1,0.5613577167682867
94.349833,26.088722,1,0.7278826916185697
94.030058,25.999744,1,0.9208860821597108
95.065694,26.240556,1,0.4395675771919704
94.822389,25.593778,1,0.829398245519733
94.043194,25.68625,1,0.7337696951840317
93.8,25.79,1,0.3443365838000112
94.810925,25.593944,1,0.8041164148376629
94.245,25.742,1,0.37931837860407003
94.241389,26.211028,1,0.5881341159472123
94.989444,26.639167,1,0.3499149473622746
94.646325,25.896511,1,0.44492832274122446
94.234111,25.78875,1,0.8324702637986222
94.971453,25.813064,1,0.5521622775022128
93.999,25.631,1,0.5347951607778326
94.10722,25.66917,1,0.6390483741680265
95.092972,26.576417,1,0.7753084260536041
94.214,25.665,1,0.44568114895030875
94.108,25.679,1,0.5109193769067221
94.453972,26.271389,1,0.2907461545868628
94.763722,25.566583,1,0.5791179153600485
94.051,25.669,1,0.7613962432103295
94.12,25.651,1,0.7374325596308876
94.975969,25.817164,1,0.5491900786400447
94.023667,25.951583,1,0.6686711029283592
95.020722,26.196222,1,0.48806470509658756
95.077167,26.845278,1,0.5092164560893694
94.633917,26.703194,1,0.44844870683043014
95.03275,26.223528,1,0.6491610464674956
94.433611,26.076583,1,0.523459627788415
94.119639,25.915444,1,0.5916019382166295
95.04825,26.168556,1,0.6269932063103462
94.5975,25.998183,1,0.2923233641132433
95.070556,26.785222,1,0.4968221103511423
94.119028,26.111389,1,0.49970524351122286
94.7705,25.652639,1,0.6592287308403099
94.431361,26.184028,1,0.44952042360530875
95.030139,26.221083,1,0.7667927608858536
94.317611,26.067194,1,0.29401608851803057
94.119,25.684,1,0.45454771806354394
94.792592,25.829728,1,0.5584929178957633
94.11269,25.66977,1,0.6430880389289181
94.623681,26.002188,1,0.25472220724452443
94.613222,25.600306,1,0.4424425836566362
94.530347,25.850458,1,0.5192064734278339
95.086222,26.768667,1,0.747032476078533
94.211,25.67,1,0.28859319811264367
95.080333,26.840694,1,0.583021073626255
94.920556,26.389722,1,0.5583262982427708
94.246,25.684,1,0.5600089561272467
94.559075,26.085597,1,0.5664876543477678
94.835556,26.295278,1,0.8113867614058276
93.787,25.572,1,0.768031674127082
94.787844,25.737289,1,0.4509413076834
94.510556,25.650111,1,0.7850386131758131
94.21517,25.61275,1,0.6279533260696312
94.338,25.703,1,0.44182284595161264
94.637639,26.119,1,0.6133422049654779
93.74,25.71,1,0.7930499092698953
94.549111,26.588056,1,0.6088190602561203
94.329,25.736,1,0.35173367910501063
93.9988,26.0074,1,0.7848450419354173
94.745889,25.613,1,0.4778649568552536
95.076778,26.825,1,0.3766696940800668
94.280586,26.070306,1,0.34502351821844257
94.366528,25.760111,1,0.7863328550442855
94.253694,26.096722,1,0.36248942109932564
94.785639,25.583694,1,0.6526988799574062
94.119,25.683,1,0.5692173677665836
95.077944,26.831889,1,0.29291504237531396
94.574903,25.970531,1,0.7872993351225349
94.812988,26.188227,1,0.7819219896673705
94.049278,26.134639,1,0.3735016273191721
94.3375,26.104944,1,0.41863342701078
95.019417,26.196333,1,0.5471629224760118
94.718944,25.667,1,0.4071429742879268
93.924,25.696,1,0.5960627679431824
94.95655,25.792131,1,0.558647394256243
94.10103,25.72739,1,0.3191767913567814
94.033,25.646,1,0.660143540701804
94.206417,25.910583,1,0.5872470249384334
94.946389,26.541389,1,0.725355313791292
93.9983,26.0073,1,0.8218091687692617
94.393222,26.2905,1,0.30477665374495067
93.80278,25.76939,1,0.69393255084078
94.332,25.62,1,0.5392999615029019
94.864444,26.433889,1,0.4570088431477428
94.786861,25.842897,1,0.729559427172775
93.9901,26.0049,1,0.7589566818639558
94.116556,25.779944,1,0.5096547153704877
94.850217,25.751456,1,0.694990401840546
94.78825,25.588389,1,0.7933792990127972
94.770447,25.797781,1,0.6751026320657235
95.080639,26.834778,1,0.39433904163004246
95.041361,26.169111,1,0.6488073480063469
94.64383,26.70069,1,0.4683057301527136
95.053833,26.420167,1,0.8501524082810922
95.0515,26.229861,1,0.6369205165971138
94.076,25.726,1,0.6086910890131683
93.67,25.51,1,0.3941573276412015
94.765278,25.640056,1,0.5705747444178855
93.843,25.646,1,0.5483841783197
94.37,26.49,1,0.3224380358992573
94.31,25.601,1,0.37828520337755983
94.502006,25.966742,1,0.4889101252587979
94.023861,25.947583,1,0.7285384043589742
94.083,25.729,1,0.6803053623955846
95.011139,26.3765,1,0.5805175858855404
94.192,25.669,1,0.4946144902864169
94.107,25.659,1,0.6817577389817155
93.489611,25.288472,1,0.7198604549591543
94.258,25.566,1,0.5368846056011896
94.246194,25.757139,1,0.5635122618240996
94.499806,26.160139,1,0.5051779612889187
94.459,25.695,1,0.39132610493406544
94.122,25.65,1,0.8567549294077562
95.012028,26.6575,1,0.41882556035695745
94.044361,26.053519,1,0.7717570602368631
94.362,25.552,1,0.508942184875155
94.016417,25.945639,1,0.5526925742007481
95.043389,26.094083,1,0.6427298647154096
94.461,25.696,1,0.7238375427335652
94.968222,25.813294,1,0.5871141932874478
95.072694,26.817417,1,0.6314788160270967
94.081,25.674,1,0.6051720417368067
94.146,25.608,1,0.5350124737407304
94.154,25.652,1,0.6185316579746934
94.037386,26.037381,1,0.8064574706704216
94.065556,25.803806,1,0.5105434926523804
94.451194,26.395139,1,0.6870972357681878
94.479694,26.247056,1,0.3243456775762715
94.109,25.72,1,0.2558419331956663
94.686611,26.561861,1,0.5093989997345467
94.079,25.696,1,0.7418255372996079
94.462028,25.876778,1,0.43230940344606117
94.775583,25.699556,1,0.6089248040728866
94.505528,26.302778,1,0.633453791978165
95.069944,26.784222,1,0.5866605420689788
94.11,26.29,1,0.4908457077641516
94.511444,25.972636,1,0.49472907266374905
94.4995,26.159667,1,0.3890004861467476
94.209,25.612,1,0.822917209770311
94.292,25.588,1,0.46667351922375566
94.737028,25.649428,1,0.6306424466930731
95.031528,26.724639,1,0.48793848407175566
94.847806,26.027111,1,0.855420635213513
94.174,25.631,1,0.5443270910407353
94.755311,25.848958,1,0.39684171415227626
95.069083,26.778444,1,0.688847225758235
94.808889,26.251111,1,0.8008863592878057
94.178869,25.750922,1,0.8757882288495408
94.844003,25.915092,1,0.599797388323059
93.9927,26.0052,1,0.6074144563652665
94.792711,25.884003,1,0.5653408954712866
94.411778,26.1785,1,0.4590360394840128
94.10439,25.663,1,0.8149037753205367
94.17208,25.56544,1,0.3428696900824228
94.631639,26.134722,1,0.7904530490776226
94.775633,25.700506,1,0.8479096785417874
94.12347,25.68525,1,0.7637709955349752
94.522444,26.0415,1,0.4513429317763221
95.017889,26.202167,1,0.32587003116231344
94.898075,25.828928,1,0.7779656491379946
94.076167,25.771028,1,0.524254313383926
94.629367,25.898825,1,0.526130612902687
94.118,25.704,1,0.7394989002565421
94.251,25.559,1,0.5120791964711902
94.388,25.661,1,0.3188205249906501
94.8582,25.584147,1,0.7752480315434717
94.708056,25.821589,1,0.5544784043961302
94.747167,25.611028,1,0.27248637278420207
94.121,25.688,1,0.525624010448964
95.07275,26.694917,1,0.5021017509312522
94.096,25.665,1,0.6645437467286802
95.072222,26.784694,1,0.4151394545584926
94.617222,25.599056,1,0.6184073574681451
94.122,25.654,1,0.6882707678164673
94.584722,25.692222,1,0.5462741967556635
94.109,25.638,1,0.6553663849084587
94.198,26.230083,1,0.8393699458231939
95.068917,26.787333,1,0.858701306925492
94.44,26.54,1,0.5231440581531391
94.579944,25.711278,1,0.6159237054322979
94.14,25.671,1,0.6343054920323585
94.438111,26.390972,1,0.583196411810383
94.234,26.212222,1,0.6619612796287616
94.08672,25.74467,1,0.5061901812224224
94.444,25.692,1,0.4123522758986497
95.03125,26.7175,1,0.7021381495297895
94.788611,26.552222,1,0.8180429439992881
94.876367,26.166905,1,0.5348705783483689
94.936389,26.375278,1,0.4290040399187336
94.919106,25.883108,1,0.40830465998924004
94.209,25.671,1,0.28705516140238024
94.632583,25.9645,1,0.6664106690608944
95.0655,26.239444,1,0.5671938667687719
94.58425,26.272361,1,0.4471886338466901
94.239531,25.828558,1,0.7590449662138687
93.67,25.5,1,0.47976749765922677
95.076861,26.122694,1,0.5433744899941979
94.026056,25.759556,1,0.3394508897496863
94.481697,26.080917,1,0.5540698827669812
94.032333,26.008333,1,0.7235793642319268
94.0555,25.860611,1,0.6479074389916089
94.530111,26.013806,1,0.6249686177425263
94.12,25.688,1,0.5567552243537964
94.25,25.632,1,0.4635321853638997
94.113,25.623,1,0.6480736228847351
94.527389,26.327972,1,0.6745273814208385
95.025861,26.724833,1,0.6442847967175022
94.078,25.746,1,0.6393208195624157
94.124,25.648,1,0.6144766203176087
93.9828,26.0045,1,0.2628906854818943
94.574406,25.964631,1,0.2897645800127036
93.9814,26.0046,1,0.33220956518823713
94.855,26.461667,1,0.4953113142475119
94.011806,25.843528,1,0.5847883462312475
94.122,25.678,1,0.5350371284033654
94.472361,26.232861,1,0.5440538575286124
95.048417,26.242944,1,0.5735985605672455
93.98,25.77,1,0.2734273558248484
94.08883,25.67286,1,0.5006594407192151
94.772156,25.605061,1,0.4294693312802108
93.81,25.8,1,0.641558776263799
94.788056,26.535556,1,0.39668272995058296
94.236694,26.214389,1,0.6077361647765728
94.216,25.665,1,0.4794982546757691
94.805011,26.235736,1,0.7750014611989151
94.852222,26.46,1,0.7001605066880076
94.970297,25.814897,1,0.5051631749246374
95.085972,26.259083,1,0.6356025713084636
94.043,25.693,1,0.6840670959146994
94.09061,25.65653,1,0.4579101386353491
95.108944,26.759389,1,0.6890630434651105
94.022722,26.011389,1,0.677995702948601
94.453,25.662,1,0.4974079669533641
94.633072,25.747892,1,0.6223267300427702
93.944,25.615,1,0.7794181689486694
95.033417,26.223,1,0.7471958172020483
94.022,25.733,1,0.5082109043478595
94.806389,26.468611,1,0.3499218753682755
94.454528,26.395389,1,0.4853567671117625
94.810333,26.210306,1,0.6974570674741437
94.84,26.36083,1,0.6147352951100221
94.546019,26.688831,1,0.5773639406396386
94.168056,25.867778,1,0.637866167196929
94.258,26.085389,1,0.6429431961303783
95.104806,26.260333,1,0.8085717553835915
94.917222,26.3275,1,0.675952596473735
94.11806,25.621,1,0.6065049576056597
94.877778,26.311944,1,0.6192407004403879
95.096889,26.576806,1,0.5645833337467622
94.254,25.667,1,0.33959051093722037
94.593611,26.156333,1,0.795522413101974
93.72,25.52,1,0.3818976133762001
94.021903,25.985317,1,0.895784164723129
94.113,25.663,1,0.7925011956491113
94.635525,26.037847,1,0.5304757905841755
94.481,25.647,1,0.5068372052453265
94.426806,25.965083,1,0.6478358258657403
94.735889,25.652361,1,0.47434409760373836
95.031194,26.72875,1,0.5256421802600989
94.049944,25.865472,1,0.8700595397136766
94.099,25.683,1,0.7181594277043234
94.709381,25.767683,1,0.48018467474667925
94.361,25.647,1,0.5730326666263816
94.258,25.666,1,0.3997570022675826
94.04664,25.66897,1,0.5162716788058103
94.660694,25.515222,1,0.5716146135937595
95.074222,26.711222,1,0.6785890562757051
94.810833,25.715956,1,0.3712366251374621
94.263361,26.182583,1,0.479192453271008
95.029722,26.174028,1,0.5246604442021844
94.113,25.67,1,0.6897093848196443
94.796825,25.786311,1,0.4907295513700659
95.080528,26.834972,1,0.4677392114381258
95.070083,26.787,1,0.5687947769777557
95.033222,26.718556,1,0.289097452413834
94.638389,26.028806,1,0.4701870509186426
94.760944,25.554167,1,0.4050537026468644
94.021444,26.0075,1,0.5402896790013326
93.94,25.77,1,0.8493478769694202
94.138,25.565,1,0.2885133068887192
95.079361,26.7015,1,0.7877839293233911
94.793292,25.911931,1,0.6198919111491162
94.388306,25.783278,1,0.5085941118255491
94.795675,25.729639,1,0.5565815782349293
94.787967,25.934647,1,0.7077988324097028
93.82,25.78,1,0.5688498923942109
93.863,25.566,1,0.8139757579704581
94.072194,25.761278,1,0.507244639360016
94.267528,26.082972,1,0.49025194282419904
94.856955,26.197444,1,0.7434393865309552
94.838889,25.920811,1,0.7934037617611559
94.569611,26.191306,1,0.4288078334170216
94.839083,25.605458,1,0.7800859505826971
95.123333,26.638861,1,0.45158098925265877
94.645139,26.608167,1,0.6029814626575057
94.254306,26.017,1,0.6396269449275028
94.107,25.694,1,0.5358012381118791
94.635083,26.701222,1,0.49334929614830664
94.907311,25.827397,1,0.747895472855675
94.249472,26.180944,1,0.7006565956454572
93.91,25.77,1,0.2080481005071497
94.8175,26.258889,1,0.2830540968978498
94.15322,25.55697,1,0.30195340323853664
94.627306,25.581333,1,0.5816821007410716
94.10972,25.66667,1,0.6488099557840091
94.716222,25.673472,1,0.41881726908908745
94.960833,26.417222,1,0.6940154681190639
94.614028,26.66725,1,0.48548922039108966
94.94553,26.39936,1,0.7753840952853158
95.01675,26.132333,1,0.4843918519683884
94.089,25.701,1,0.6523931235968337
94.335,25.625,1,0.544182275237896
95.12575,26.62125,1,0.5590147184682288
95.003722,26.804028,1,0.5655238934813527
94.097,25.651,1,0.5237071391698663
94.14,26.27,1,0.3397159631851196
94.5,26.61,1,0.42665304105261737
95.048417,26.431639,1,0.6062919842287838
94.256167,26.090056,1,0.6276139925351645
94.454833,26.475333,1,0.56472666839652
94.349,25.695,1,0.5969883614650701
95.098944,26.572889,1,0.5250219990418903
94.208917,26.213111,1,0.7472168184714217
94.441,25.649,1,0.733352231080232
94.054,25.661,1,0.8229409480601524
95.070833,26.784806,1,0.2837323744586948
94.760419,25.9255,1,0.3079623847592202
95.098083,26.55075,1,0.6231108319931035
94.031,25.725,1,0.6917234636648943
94.476083,25.756417,1,0.6955996946963748
94.044222,26.012889,1,0.5067212644438907
94.842917,25.742178,1,0.8246507946769784
94.245333,25.756444,1,0.6053516424061146
94.428039,25.906472,1,0.9095065366806384
94.17178,25.57244,1,0.37655037538325414
93.8,25.8,1,0.12481190509681224
95.051944,26.112806,1,0.6022179125571598
94.213417,26.202972,1,0.7890627128338132
94.553472,26.394222,1,0.49550031763677965
94.43,25.6975,1,0.6472718771477823
94.815556,26.264444,1,0.47388729676788394
94.112,25.659,1,0.5037150873817542
94.168,25.566,1,0.6210049322473998
95.075806,26.041611,1,0.6277555397714307
94.152281,25.979897,1,0.6838774072589109
94.112139,25.930611,1,0.3352954528491924
94.617528,26.303472,1,0.3239671955990658
93.9795,26.0051,1,0.7142837123883583
94.547354,26.031742,1,0.7754385486300809
94.783333,26.556111,1,0.6145189082554426
94.32,25.696,1,0.5639405051016199
94.274,25.629,1,0.5479313194594564
94.078028,25.758944,1,0.5662978782088111
94.748497,25.631122,1,0.49200179305629554
94.773214,25.560844,1,0.8556451455959884
95.016722,26.71125,1,0.3826168069471995
94.037639,25.769417,1,0.5540502613828994
94.612972,25.599722,1,0.34576160678109913
94.49,26.6,1,0.3160453463699367
94.235889,26.212861,1,0.36542499444899007
94.218,25.669,1,0.5013483852954203
94.550504,26.220506,1,0.9242916999775692
94.168,25.562,1,0.6172661533870879
94.866111,26.326111,1,0.2656900819450275
94.050056,25.833028,1,0.6001239299702006
94.67,26.424472,1,0.3799795088984363
94.415028,25.91775,1,0.40722409346001864
94.941056,26.231694,1,0.5992991380897764
94.114,25.669,1,0.722434971431344
94.0395,25.875639,1,0.6233090457622408
94.121,25.649,1,0.7159636559713075
94.324889,25.869194,1,0.5291229298089194
94.137,25.585,1,0.4966768235762459
94.050333,25.839722,1,0.27152882656366323
94.657528,26.719056,1,0.3249961038829589
94.780667,25.721861,1,0.5766669121885866
94.216194,25.961917,1,0.7288711365646043
95.020361,26.777056,1,0.6287290159654848
94.214861,26.204472,1,0.8090683527470537
93.96,25.76,1,0.41770372217045887
94.842028,25.597167,1,0.8669416049514861
94.149,25.552,1,0.3857583390747843
94.137,25.703,1,0.687858234974784
94.24675,26.169389,1,0.7345521747523825
94.044322,26.055011,1,0.08431494300028312
95.072694,26.775889,1,0.6032341544611934
93.871,25.571,1,0.7297274870717873
94.300667,25.880861,1,0.759088814227994
95.110972,26.759167,1,0.7134034783581482
95.042833,26.724278,1,0.37622708949502237
94.102,25.657,1,0.5591242864430515
94.787211,25.842531,1,0.7724670375439502
94.151111,26.143722,1,0.7563809295674256
94.809444,26.260556,1,0.8373207474942898
95.025972,26.068111,1,0.6903919913661172
94.212,25.621,1,0.6796491326133763
94.273,25.629,1,0.5523109039622355
94.850694,25.789861,1,0.6261911423635786
94.109,25.67,1,0.5516496415864837
94.608,25.562667,1,0.5061207227403317
94.339139,26.107333,1,0.6638237106730585
94.565056,25.922767,1,0.5703339214225501
94.104,25.696,1,0.7448542566719798
94.055083,25.84575,1,0.3229054412820904
93.778,25.723,1,0.729167229491433
93.916,25.697,1,0.5813435059901085
94.255,25.634,1,0.42594156674104494
94.357322,25.770917,1,0.7244316454891009
95.030222,26.175722,1,0.5272312495902476
94.05319,25.68658,1,0.6445791297697714
93.72,25.53,1,0.5005692527326913
95.078944,26.822139,1,0.15505851450861183
94.842444,25.594639,1,0.7182007521302891
94.403972,26.316056,1,0.5331032024497756
94.336972,26.117194,1,0.7839209364337324
94.101,25.664,1,0.5700210968594422
94.747083,25.65975,1,0.5658076401535149
94.085,25.72,1,0.7105209373315191
94.801031,25.620269,1,0.858365117218237
95.056722,26.24075,1,0.5181479824184483
95.069361,26.777056,1,0.7809730392435157
94.961944,26.410556,1,0.6139720360289578
94.14167,25.70106,1,0.6568457512553096
94.283,25.569,1,0.803195517567388
94.761833,25.69925,1,0.5918001952084734
95.031944,26.728556,1,0.43166866838171986
94.999444,26.749444,1,0.029619936486835793
94.534661,26.68,1,0.2534106361908595
94.357,25.543,1,0.38253552224175574
94.898329,26.220449,1,0.39267113778737905
94.211,25.667,1,0.35441930596052573
94.542711,25.886089,1,0.5395729374363802
95.077389,26.773583,1,0.4222341318837174
94.035,25.667,1,0.7261524499024108
94.728314,25.828736,1,0.5467408615492246
94.199444,25.750944,1,0.8873301697997407
94.075,25.747,1,0.5625663003744379
94.837944,25.680167,1,0.2419663844509248
94.075278,25.829,1,0.7398187835985349
95.0785,26.073167,1,0.666038096912644
93.777,25.724,1,0.5748320553097426
94.821944,25.893797,1,0.7702692771264373
94.509267,25.972325,1,0.5594159566759781
95.048583,26.172472,1,0.5530090971760214
94.968056,26.418333,1,0.6086040231608075
94.427,25.602,1,0.7115853416906459
94.427,25.699,1,0.612005386144668
94.069,25.711,1,0.755611787820555
94.58375,26.276306,1,0.26709328343605715
94.21986,25.63669,1,0.6459301453943451
94.839167,25.919689,1,0.8469978979776323
94.257,25.632,1,0.827749754476153
95.079806,26.834,1,0.4403722642251384
94.253,25.571,1,0.5499010381523769
94.784969,25.572058,1,0.7944097773250913
94.06361,25.68667,1,0.5456448247879839
94.783078,25.568611,1,0.38491565890648516
95.080972,26.833889,1,0.42367792381041214
94.021028,25.952861,1,0.6727891806022922
94.179975,25.755206,1,0.7731573650147919
94.668611,26.428,1,0.3379202212259592
94.09,25.711,1,0.5970991187114734
94.758128,25.896244,1,0.654099498019517
94.428972,25.809861,1,0.3407496049748377
94.026203,25.99875,1,0.846407859749769
94.617556,26.390417,1,0.32564394354652876
94.821389,26.488056,1,0.4776570528453426
94.241056,26.152278,1,0.4665956011072625
95.006139,26.216778,1,0.6307385723986105
94.9525,26.555,1,0.4573076354731786
94.3065,26.056167,1,0.5433992697581534
94.205028,26.237861,1,0.6284823046265775
94.527417,25.810964,1,0.7720357232300024
94.503003,25.842742,1,0.35519233570246284
94.083,25.676,1,0.48034966719019156
94.782333,26.234778,1,0.49081230852808583
94.767222,25.700278,1,0.6230853237460284
94.888105,26.17562,1,0.49183297134960346
94.043,25.686,1,0.6892236330503483
94.077,25.673,1,0.5516767991416027
94.26,25.566,1,0.2796741787402622
94.49025,26.085333,1,0.46508544056018813
95.036278,26.093083,1,0.4987209543641142
94.493639,26.094333,1,0.32127044133026916
94.812056,26.214972,1,0.4001471219017205
94.967778,26.418333,1,0.5152681332575241
94.011167,25.839722,1,0.4904328125541692
94.863993,26.02883,1,0.5398857972190583
94.523236,26.011075,1,0.540031383107318
94.246194,26.14425,1,0.46282496859266237
93.97,25.75,1,0.5207901808863603
94.83333,26.34417,1,0.5168804034631117
95.075306,26.642694,1,0.7393892442081101
94.249,25.559,1,0.48681791576219924
94.217417,26.093972,1,0.5062934011730573
94.075,25.675,1,0.7183399541087815
94.788669,25.838592,1,0.5494540897255831
95.015972,26.197944,1,0.6257647670626555
94.05525,25.66806,1,0.547324611192945
94.062,25.67,1,0.7772773710185055
94.617083,26.66325,1,0.4324139254072183
94.085,25.674,1,0.39591250014222945
94.877278,25.570222,1,0.7835050066154942
94.14044,25.68772,1,0.6021732714479769
94.239,25.673,1,0.5138453741964665
94.523667,26.012139,1,0.3329852129444213
94.085,25.716,1,0.6032763492567025
94.454667,26.471889,1,0.6371162760342386
95.079694,26.841139,1,0.6388945878027903
95.052389,26.427222,1,0.8592505375887056
94.139,25.61,1,0.5390686419332251
93.941,25.617,1,0.33509447684189086
94.640067,25.899767,1,0.6385508534477266
95.072917,26.775667,1,0.4954877916377211
94.195833,25.844694,1,0.19241267482623112
95.075444,26.6435,1,0.5708101732920283
94.405194,26.112639,1,0.6476859989174165
95.060361,26.10325,1,0.7252416125685559
94.257,25.631,1,0.7479709018749197
94.654425,25.881797,1,0.692917525113981
94.946942,25.878183,1,0.7000884716692689
95.002889,26.216861,1,0.6180604108123171
94.183667,26.001972,1,0.4193754807801014
94.75,26.27028,1,0.3634920511487179
94.289,25.651,1,0.3989272072947439
94.855194,25.593333,1,0.5501975659358458
94.812222,26.263889,1,0.8624807016504711
94.10883,25.71906,1,0.3814357707815594
94.973056,26.420556,1,0.8583323733780818
94.180833,25.750583,1,0.6343869336131237
94.223333,26.206111,1,0.7276693499572626
94.15528,25.83986,1,0.3411979894766394
94.064583,25.760583,1,0.2993312473304324
94.101333,26.091861,1,0.8586879215925582
94.616694,26.301694,1,0.5606134648043739
94.294889,26.123806,1,0.730258071828516
94.922778,25.786594,1,0.6134735234594147
94.10003,25.72628,1,0.3309521458230108
94.824444,26.491389,1,0.5023890785081829
94.062,25.687,1,0.6035361784089102
94.669944,26.431,1,0.3909946475885335
94.088,25.713,1,0.5780696803100072
94.846333,25.590139,1,0.8065241796201964
94.839583,25.604389,1,0.8108518299512301
94.464,25.697,1,0.37074284653637013
94.031361,25.995333,1,0.9119010633628861
94.52275,26.325861,1,0.6827841682858243
94.073306,25.832333,1,0.633695041748648
94.411639,26.069917,1,0.6680948644984351
94.111,25.672,1,0.7075289998187093
94.780778,25.561306,1,0.5714078710423472
94.4725,26.233861,1,0.3699632813841014
94.466,25.706,1,0.5107879740960724
94.104,25.677,1,0.5019331918390451
94.223444,26.069722,1,0.5217162154416297
94.519583,25.786433,1,0.7503790537360862
94.76,25.604444,1,0.5580850313294015
94.115583,25.779111,1,0.4361946269782577
94.750139,25.631833,1,0.7261287800304842
94.206,25.622,1,0.7947884747514874
94.474467,25.993981,1,0.6943670738910066
95.097639,26.5715,1,0.5585437801900837
94.564667,26.086444,1,0.47898369890519255
94.136111,26.1295,1,0.6985324959850329
95.074639,26.816056,1,0.2653119367884736
94.349083,26.090556,1,0.33575035927513547
94.549818,26.18971,1,0.7241945322050735
94.806114,25.814525,1,0.5630968408759212
94.468,25.706,1,0.4307936459767262
93.94,25.76,1,0.7585246006521518
95.029889,26.728167,1,0.5545018656505195
95.073167,26.24325,1,0.596805754735376
94.147,25.563,1,0.502161088732562
94.912642,25.820664,1,0.631089885309337
94.12442,25.68703,1,0.7690739266337413
94.177,25.646,1,0.7762806773300359
94.223889,25.878917,1,0.8608601724873328
94.257111,26.033361,1,0.701048616815331
95.077889,26.820806,1,0.3379157546675144
94.15525,25.854417,1,0.601835772552989
94.10833,25.69583,1,0.6641793371675587
94.203,25.631,1,0.5483323292995248
94.479889,25.763833,1,0.6484176860394845
94.669417,26.42575,1,0.38914256020152715
94.971819,25.814625,1,0.4971559506237413
94.082,25.722,1,0.731393774318253
94.216444,25.936056,1,0.5005967575829352
94.580747,25.980008,1,0.5196609283079732
94.234,25.655,1,0.6985028437982077
94.122,25.652,1,0.7134692963089314
93.616306,25.275028,1,0.36137494633188394
94.595278,25.591833,1,0.27092635184914476
94.263944,26.0885,1,0.416512157895794
94.202306,25.89125,1,0.2813414470971127
94.783028,25.827608,1,0.7586035975490036
94.770472,26.275167,1,0.6933176035362791
94.115194,25.840167,1,0.7490749675038755
93.9855,26.0034,1,0.3816053316187537
93.616306,25.275083,1,0.36137494633188394
95.072917,26.81775,1,0.5364251416738142
95.071889,26.785722,1,0.5528928601304126
94.543194,25.668417,1,0.7977722484765889
94.943333,26.371667,1,0.79519820277025
94.829722,25.601028,1,0.5238157681082646
94.579939,25.976625,1,0.7169071580732219
94.975,26.421389,1,0.6802499713472123
95.077083,26.697111,1,0.6268925489001547
94.458,26.034833,1,0.3463454938770804
94.212611,26.237,1,0.6390246721161674
94.33075,26.11575,1,0.4173302208486317
94.164,25.567,1,0.3744228720175472
94.503803,25.970169,1,0.559453236393436
94.409611,25.918194,1,0.5194692710758417
94.003194,26.006028,1,0.8533924269260686
94.055,25.661,1,0.6201285307849288
94.078,25.749,1,0.24364134199770718
94.237358,25.750617,1,0.4463637630998745
94.511647,25.971569,1,0.5912828895228309
94.760111,25.682333,1,0.5627202000380854
94.482194,26.073778,1,0.8503671192792821
94.254417,26.114222,1,0.4793850690181919
94.639083,26.684139,1,0.6781078889610188
94.19514,25.62978,1,0.6314082477897628
93.9794,26.0054,1,0.724734994031256
94.363139,26.103667,1,0.5724721554199509
94.81309,26.18096,1,0.8091860531996474
94.856411,25.783939,1,0.8140899729138221
94.045167,26.053164,1,0.7916252186907108
94.258306,26.037139,1,0.45930164002155927
94.047694,25.9365,1,0.7384002067764308
94.79,26.551111,1,0.6533382679519103
94.0855,25.72194,1,0.6183867886211749
93.782,25.745,1,0.09851572241390323
95.093056,26.580667,1,0.7783763482807723
95.112889,26.758306,1,0.4672668013821795
95.020444,26.165417,1,0.5620954026531
94.775594,25.700692,1,0.792249136017179
94.762389,25.553833,1,0.38567833496029613
94.549524,26.191463,1,0.7829474200149015
94.107,25.644,1,0.6460647236884295
94.7535,25.660194,1,0.3398221850989677
93.8,25.78,1,0.44212073289392606
94.089,25.659,1,0.46373956817119855
94.06942,25.6715,1,0.4538172028197841
94.039583,26.004528,1,0.7224643109934296
94.097,25.663,1,0.6427802134879271
94.430556,25.802361,1,0.7729264151322196
95.077917,26.831417,1,0.3686819413988781
94.719444,25.662222,1,0.6629413918223219
94.634169,25.969628,1,0.6667956580435999
94.097386,25.905433,1,0.645509373111934
94.21525,26.234722,1,0.7470258874209187
94.107,25.668,1,0.6296322954360363
95.099528,26.257028,1,0.6348622392033895
94.232083,26.2095,1,0.6767502594235291
94.773222,25.566944,1,0.49728800392640743
94.284,25.559,1,0.2594533142394308
93.493528,25.487139,1,0.4664355402480706
94.523589,25.857789,1,0.8306928127927479
94.212222,26.236336,1,0.5874991214996907
94.631167,26.706389,1,0.5328282972182595
94.778178,25.561903,1,0.3681872592918771
94.596944,25.593472,1,0.6551881932299838
94.858056,26.326389,1,0.41389450292759516
94.141,25.582,1,0.38507542984414767
94.743833,26.673278,1,0.31632357889831475
94.130806,26.232722,1,0.6338395011834551
94.215,25.632,1,0.8114643558797539
94.875833,26.305833,1,0.8750138424416374
94.579865,26.143985,1,0.5451619569430005
95.021694,26.425222,1,0.4300759966940559
94.5679,25.9899,1,0.5265652173770836
94.332,25.574,1,0.6418418575582631
94.958014,25.793333,1,0.5349686237881317
94.944167,26.542778,1,0.6388334227302672
94.006528,25.840139,1,0.45804465639479985
94.121,25.691,1,0.6462774206706067
95.021667,26.165972,1,0.7018768673973755
95.203583,26.666917,1,0.4004962630958129
94.036278,25.957472,1,0.6112872537759273
94.148,25.554,1,0.5467943157797829
94.653542,25.880908,1,0.8096187765300766
94.051,25.667,1,0.8878555358695261
94.096,25.66,1,0.49638251624852625
94.263083,26.084806,1,0.545559563386767
94.836944,26.510833,1,0.4107730522944594
94.101028,26.180639,1,0.6113763564370569
94.152167,25.840361,1,0.5976788285789851
93.475944,25.40975,1,0.6718559827164255
95.011306,26.421667,1,0.47440893870120127
93.9807,26.0039,1,0.3765025607985126
94.143,25.561,1,0.47416397822251954
94.078556,25.767167,1,0.5608871237429348
94.430583,25.839361,1,0.7711076641622201
94.235778,26.213389,1,0.570573491382543
94.234,25.569,1,0.52992848236802
94.09,26.084444,1,0.8017565215029726
94.4315,25.796056,1,0.6759844884117441
94.487528,26.198528,1,0.44687773589052476
94.101,25.678,1,0.7931191362643762
94.866944,26.336111,1,0.3077876722834345
94.477497,25.909153,1,0.763204878927713
94.08,25.677,1,0.4238644071556989
94.251972,26.05925,1,0.6003435371303599
94.265472,26.183889,1,0.5058488124300237
93.566972,25.343583,1,0.510764583910384
94.11,26.3,1,0.43109270568880076
94.891208,25.602511,1,0.8509607643233736
94.50675,26.30175,1,0.22182179758660237
94.438,25.655,1,0.6387306431764966
94.002778,25.85475,1,0.5738439713812489
94.171056,26.016528,1,0.4843800676185478
94.558955,26.19257,1,0.47326281610993787
94.858,25.583833,1,0.7736608798014483
94.086,25.714,1,0.6006682803362092
94.82,26.490833,1,0.6747828648655991
94.941389,26.373056,1,0.7383330767600499
93.907,25.688,1,0.6772829737715109
94.823292,25.602208,1,0.6346098250642798
93.80180556,25.78180556,1,0.6993227356350125
94.085,25.698,1,0.5942567529000583
94.523238,26.041525,1,0.6213185828207597
95.080278,26.84425,1,0.4009104595227602
94.616639,26.253611,1,0.7118237523169542
95.018361,26.731944,1,0.8030173828234567
94.254389,26.017472,1,0.7628077853295636
94.214056,26.222306,1,0.7460268702917474
94.274,25.546,1,0.6757182035405037
94.214028,25.970917,1,0.47339288393314
94.14,25.563,1,0.6076400276897278
94.801583,26.226778,1,0.5942671934900873
93.858,25.561,1,0.8565231247601848
94.628103,25.880069,1,0.508240795526119
94.863889,26.424167,1,0.5233419209364608
94.295222,26.193278,1,0.1652233545106256
94.641333,26.412694,1,0.5403577872225392
94.287,25.68,1,0.45107617789598653
95.030472,26.175889,1,0.6359254123617488
94.004444,26.0225,1,0.5159229198390016
93.632222,25.298167,1,0.6493082218331035
94.794167,26.506111,1,0.8005434037518501
94.253,25.667,1,0.3436230116883764
95.064389,26.749972,1,0.5252034770703192
94.841489,25.914247,1,0.4682597113731375
94.211806,26.226972,1,0.5816501492130979
94.08,25.696,1,0.7350474750393015
93.9914,26.0049,1,0.7360702495867535
94.012,25.736,1,0.34092135391311906
93.855,25.629,1,0.5859616049583954
95.02625,26.081472,1,0.8580932989875083
94.2465,26.193056,1,0.6190749130363544
94.238389,26.204028,1,0.8632356895265385
94.415944,25.794083,1,0.7576852170560463
94.104,25.669,1,0.5986031956105718
94.338611,26.113333,1,0.6282697926757373
94.200583,25.889361,1,0.7223291281446285
94.280389,26.331333,1,0.8381960339632176
95.023639,26.176111,1,0.8623433579232064
94.117,25.68,1,0.4421447287708752
95.110333,26.706194,1,0.4216013139317731
94.968933,25.814272,1,0.5808786046107169
94.585056,26.272028,1,0.5056487297379584
94.633639,26.032992,1,0.4961375450589359
95.026694,26.167861,1,0.5632332082843751
93.72,25.51,1,0.30175829544927785
94.460056,26.395944,1,0.6243755532278794
94.507711,25.990339,1,0.45318033176279776
94.463389,26.376,1,0.34532516621142195
94.081,25.722,1,0.7278534088514984
95.125194,26.650333,1,0.4676053919014933
94.9275,26.336667,1,0.7153831263622366
94.363694,25.756583,1,0.8106156155089578
94.098056,26.087917,1,0.6965292507988943
95.039028,26.112611,1,0.7146954606855798
94.03294,25.65072,1,0.6131924073346543
94.244494,25.885208,1,0.772161044042915
94.571428,25.965394,1,0.49712059722028795
95.001083,26.207833,1,0.5441675212748585
94.09306,25.71092,1,0.5634405257565278
94.768083,25.604611,1,0.502718365546622
94.068,25.692,1,0.8281447351317507
95.12525,26.651389,1,0.38882605839793544
94.435,25.726,1,0.6391198422412367
94.387,25.681,1,0.4325864375377557
94.026556,25.943944,1,0.7436833800693654
94.209,25.618,1,0.45238294602922896
94.762694,25.674944,1,0.3946767347833026
94.870921,26.110135,1,0.5899074627126323
94.242,25.744,1,0.354171916285123
94.419028,26.222111,1,0.7965977006088635
94.478472,25.756889,1,0.673656267083886
94.549514,26.190598,1,0.5756503253620083
94.202222,26.23925,1,0.6318268224719497
94.651019,25.941056,1,0.7801921499184267
94.077,25.695,1,0.7142064691712263
94.684364,25.968233,1,0.6227887868993212
94.005056,25.851889,1,0.7341347503487134
94.933056,26.360556,1,0.2892994296904198
94.5,26.62,1,0.711804901751909
95.084667,26.262889,1,0.8702098481982915
94.203944,26.238694,1,0.7002657110380031
94.160139,25.859444,1,0.6371955248915916
94.292972,26.193,1,0.1597382973671137
94.8075,25.818947,1,0.5401654291146827
95.048278,26.413056,1,0.6347112928118668
94.734333,25.653361,1,0.6164498967842467
95.068194,26.788611,1,0.24594510480960788
94.323778,26.116361,1,0.3818054497339622
94.101,25.673,1,0.7195219980714236
95.101889,26.550472,1,0.773789276919965
94.07,25.679,1,0.7568414774031095
94.2445,26.059222,1,0.5045673435176294
94.508392,25.990158,1,0.44617979528375373
94.796111,26.506389,1,0.7578431069860382
94.512064,25.978975,1,0.5175668740731528
93.498972,25.292417,1,0.623535809123735
95.11175,26.758056,1,0.7347166948856567
94.8275,26.276667,1,0.5060359706855693
94.057083,25.849806,1,0.518213670495082
94.619592,25.964283,1,0.4332124694890736
94.508056,26.327167,1,0.7098586910594279
94.217,25.635,1,0.7922414496672675
95.0905,26.548056,1,0.6312065441709686
95.02025,26.730222,1,0.7319258480627086
95.040389,26.727889,1,0.29817576417449343
94.035417,25.879889,1,0.889078456718616
95.010667,26.21475,1,0.5334811708932651
94.224889,26.067889,1,0.6025128782465972
95.043361,26.722722,1,0.26101224945587326
94.229778,25.767,1,0.6154071461990307
95.072722,26.794472,1,0.34243988611347276
94.215,26.206778,1,0.9287709585168924
94.223333,26.206528,1,0.7812193728505844
94.101,25.672,1,0.5556940207100224
94.19025,25.845861,1,0.26421063988610816
94.059,25.685,1,0.7296731147788988
94.364167,26.286222,1,0.6616761876705667
94.209639,26.23675,1,0.7644425913076994
95.090139,26.563667,1,0.7101256500415672
94.378,25.646,1,0.6218046623673992
94.829933,25.786692,1,0.8602752747118181
94.744139,26.673639,1,0.4441531113169707
93.871,25.57,1,0.4863100693263046
95.020278,26.710611,1,0.5580862004051922
94.855664,25.788911,1,0.5318469233605532
94.130639,26.232944,1,0.8230762216551413
94.437417,26.390833,1,0.5201322993081328
94.481611,26.075722,1,0.5015939576341134
95.009889,26.176278,1,0.49313057588652837
94.484,25.616,1,0.8313659669748278
94.134639,26.125556,1,0.5717225313840077
94.8575,26.463333,1,0.517336976313064
95.025556,26.173917,1,0.5625675003251783
94.032,25.65275,1,0.6997610669106271
94.966111,26.418611,1,0.3856652842199785
94.875833,26.330556,1,0.5507746443246896
94.234167,25.880083,1,0.8643527522667724
95.077667,26.844389,1,0.5579701844648646
93.726992,25.472217,1,0.7520596338293775
94.06,25.713,1,0.7115561325209422
94.846033,25.755936,1,0.5114385358511705
94.632141,26.13379,1,0.4213633011918585
94.105,25.719,1,0.5156354302970905
94.526194,26.046444,1,0.8485728971533162
95.012583,26.712306,1,0.5408195628493789
94.257778,26.105583,1,0.6175310040802755
95.029139,26.723,1,0.4723865166298567
94.12,25.687,1,0.653663469645074
94.504619,25.97175,1,0.5495660921259204
94.623,26.429361,1,0.41186500635753265
94.785833,26.516111,1,0.8087330369286093
94.916697,25.849947,1,0.8009716627998661
95.077639,26.845472,1,0.5995943815982779
95.072861,26.794056,1,0.3281145602042037
94.288,25.586,1,0.543348470299764
94.094,25.667,1,0.6582240345241954
94.25,25.572,1,0.4930412460666386
94.286,25.549,1,0.7993667741187889
94.279833,26.33,1,0.33184930802145446
94.121,25.653,1,0.7268291004210687
94.726789,25.828703,1,0.7471651524076233
93.80528,25.78214,1,0.8070701507113693
94.482139,26.073194,1,0.8013895579276968
95.080972,26.844028,1,0.5405544920260226
95.053667,26.415417,1,0.8913151360193771
94.931447,25.786061,1,0.538221761327547
95.032306,26.728556,1,0.3772347517667597
94.009083,26.013722,1,0.4765799088207012
94.837944,25.607778,1,0.8277077389811532
94.95825,25.789856,1,0.46545013895424187
94.087,25.731,1,0.6976232445815008
94.237333,25.806861,1,0.7007769118288223
94.252,25.635,1,0.4812556155500651
94.813722,26.190833,1,0.732606725580906
95.020306,26.582861,1,0.24854876446099256
94.023222,25.944361,1,0.6564737178553337
94.031917,25.96675,1,0.5881344412767471
95.068361,26.78825,1,0.3063931729292001
93.773,25.726,1,0.5103739631013549
95.120139,26.62625,1,0.690460764287334
94.476694,25.756972,1,0.7742389417939847
94.024194,25.951139,1,0.6196708276396669
94.397,25.67,1,0.867170468827958
94.242,25.743,1,0.5506339980248426
94.785556,25.576444,1,0.8807090337342388
94.484472,26.192556,1,0.6672363542881915
94.206,25.619,1,0.7031621871516371
94.559107,26.077122,1,0.6644599334084309
94.014,25.63,1,0.4151153623323818
93.949,25.712,1,0.7519178909495577
94.668444,26.426417,1,0.3369128218536652
94.436472,25.841667,1,0.6849709346493007
94.733056,25.633944,1,0.6807379509109528
94.846833,25.585472,1,0.6835484577968518
94.680167,26.556,1,0.377177543834599
94.039667,26.005917,1,0.6696761190832914
94.732444,25.640389,1,0.7666168744191371
94.468,25.618,1,0.9249064274423252
94.113,25.617,1,0.6707473142448418
94.071111,26.239167,1,0.7191030393036328
94.047833,25.826778,1,0.44903256206774994
94.446,25.786861,1,0.7912519446309786
95.078389,26.821722,1,0.4707467817202654
94.166,25.594,1,0.6260239543287854
94.918611,26.3925,1,0.6187228465963572
94.78917,25.9,1,0.5001760687397883
93.476639,25.4095,1,0.8024720173382938
94.434111,25.788389,1,0.6389113357349417
94.279167,26.331028,1,0.6654819138272976
94.962525,25.881489,1,0.37652894333034026
94.628472,25.5925,1,0.7328132156300268
94.02364,25.67661,1,0.5404005849203896
94.653806,25.505833,1,0.6580596252642685
94.41275,26.178472,1,0.611759409785253
94.824722,26.494722,1,0.42351056823913935
94.935386,25.801608,1,0.36493366210463923
95.081306,26.8365,1,0.3479195482467067
94.09297,25.65967,1,0.5235791228607379
94.586087,26.182283,1,0.6054145265254638
94.251806,26.29325,1,0.6101926094822085
93.80028,25.78417,1,0.5288634362053014
94.750969,25.940703,1,0.669567182627025
94.542306,26.077167,1,0.4372142948141268
94.478056,26.22125,1,0.4852934099308938
95.17475,26.693167,1,0.46516654210552055
95.003444,26.379361,1,0.6473533731388333
94.047264,25.864158,1,0.5106965479388295
94.123,25.653,1,0.7309566090713259
95.072583,26.775944,1,0.4472292369518797
94.767,25.597778,1,0.6981198640155137
94.259,25.63,1,0.6124820471975682
94.072478,25.929733,1,0.8294023422257677
94.891382,26.182216,1,0.5453134224863244
94.048417,25.930722,1,0.6287665928760752
94.06811944,25.68176111,1,0.5225374752296787
94.783889,25.561389,1,0.7422845066262954
94.681866,26.216456,1,0.8267656951255079
94.202444,26.08875,1,0.8159642696972055
94.650583,25.940317,1,0.4933497906198091
94.669,26.426944,1,0.43373460493311267
94.241,25.677,1,0.5220726954969162
94.635198,26.049285,1,0.7626337112003135
94.03,25.652,1,0.8134221879264542
94.809694,26.236111,1,0.6398009367046811
94.434889,26.389028,1,0.5625708012303025
94.264861,26.182611,1,0.38220070954103474
94.241086,25.804972,1,0.718798558188514
93.783,25.576,1,0.6272367173484384
94.285,25.681,1,0.5764571122767211
93.83,25.8,1,0.1932315275983102
95.055722,26.732306,1,0.7955645127242514
94.07336,25.68044,1,0.6905198675699531
94.019611,25.950944,1,0.6358837170363781
94.780361,25.733444,1,0.5885177713925808
94.078139,25.827028,1,0.6758125554097685
94.34325,25.877111,1,0.8617458047779176
95.078361,26.706028,1,0.5219010074874834
94.0202,25.677,1,0.6723154841968983
94.66425,26.382806,1,0.15561646548355904
94.557166,26.179226,1,0.4493957178338805
95.017667,26.588806,1,0.44773890020785245
94.558611,26.07675,1,0.5883779783088434
94.44625,26.379167,1,0.5088383309984891
94.50632,26.020603,1,0.5013876992111473
93.73449,25.7517,1,0.7042016753322484
93.630083,25.29725,1,0.6417415026060155
94.138889,26.130417,1,0.67885113276819
94.55032,26.227896,1,0.6632987030138637
94.154667,25.850667,1,0.5940140084568394
93.777,25.575,1,0.5236013283073906
93.798,25.743,1,0.5196446591539415
94.094,25.682,1,0.687619308977685
94.785444,25.596111,1,0.641637289806913
94.153,25.56,1,0.6530752019838334
94.314,25.594,1,0.4559715068053159
94.427414,25.905953,1,0.5412540667830495
94.429778,25.835778,1,0.6541980164590148
94.916169,25.848194,1,0.7190332231924269
94.960278,26.4175,1,0.5174373304607703
94.775361,25.700944,1,0.7733099474917833
94.847053,25.626833,1,0.6687815356663315
94.849722,26.317778,1,0.37040237609884047
94.766389,25.646389,1,0.4926852372846336
94.74625,26.674139,1,0.36372571294805933
94.81905,26.200056,1,0.4851412322675807
94.929167,26.337778,1,0.7097691576997451
95.049806,26.117583,1,0.45397798772589937
94.479,25.646,1,0.5387874091384077
94.824992,25.915925,1,0.703970124687706
94.485694,26.196306,1,0.333848756988999
93.726778,25.471556,1,0.7869819041711535
94.345,25.625,1,0.5391537269362532
94.097333,25.688667,1,0.6081628893920297
94.31,25.598,1,0.5706908260189507
94.244472,26.05925,1,0.5045673435176294
94.081,25.677,1,0.6698030629445897
94.496,25.614,1,0.8306504680123927
94.12,25.682,1,0.6296133842673622
94.12,25.685,1,0.6725119632318498
95.095842,26.57625,1,0.7316951462490315
94.638388,26.122864,1,0.4213222756806372
95.079556,26.841222,1,0.6184209879885842
94.820367,25.820367,1,0.5262401811570864
95.200833,26.666778,1,0.4783618913542138
94.306444,26.127222,1,0.5820954402403374
94.11353,25.66264,1,0.617993164170026
94.635056,26.697833,1,0.5947471372254507
94.201,25.642,1,0.5317378641944076
94.294694,26.124083,1,0.7346758582892126
94.792014,25.680917,1,0.5282552823572662
94.212639,26.236111,1,0.7403543164297899
94.289,25.552,1,0.7609149386523396
94.212,25.622,1,0.8784251279434693
94.733178,25.827011,1,0.5587278027838608
94.096,25.679,1,0.5993999819171287
94.08883,25.71611,1,0.7159496445763359
94.942004,26.235678,1,0.7064304449175319
94.528211,25.851617,1,0.3695760109384544
94.941389,26.545,1,0.847039012871479
94.38,26.43,1,0.29356247206321595
94.514833,25.651,1,0.8346565766117467
94.36,25.552,1,0.5414244601864475
94.338,25.745,1,0.6025828006769878
94.788925,25.838681,1,0.6213742472825626
93.872,25.569,1,0.37471676107427043
94.02,25.735,1,0.5881628606663704
94.109,25.678,1,0.6356155207818135
94.053139,25.843222,1,0.5283392067515826
94.240611,26.153306,1,0.4830517511563474
94.162,25.566,1,0.31681715339765304
94.278361,25.889056,1,0.8130164875106388
94.337,25.744,1,0.5050467980225913
94.472889,26.232556,1,0.3210487676515651
94.96308,26.40908,1,0.7544483237544503
94.464,25.668,1,0.6049481991280811
94.588361,26.301639,1,0.829432211112358
94.82785,25.901125,1,0.6865443938178731
95.087028,26.767972,1,0.4348723936008913
94.788144,25.887303,1,0.5086398504619896
95.071861,26.7855,1,0.6278270824428216
94.858139,25.581944,1,0.8135207069379405
94.084861,25.773306,1,0.5710447471049581
93.727319,25.472781,1,0.4933144882433307
94.636194,26.695194,1,0.2780742997546386
94.284361,26.191611,1,0.29532476113869544
94.94406,26.39094,1,0.7866272935977215
94.35,25.58194,1,0.40893864050668327
94.591889,25.610083,1,0.4309443753101425
94.863056,26.434722,1,0.6929804163249347
94.947372,25.878525,1,0.7051290425997184
94.502167,26.135361,1,0.4427340924349439
94.11083,25.67222,1,0.5849681368260543
94.633527,26.1434,1,0.614821571619982
94.634066,26.111529,1,0.8034354100440314
94.04625,25.942111,1,0.7045663766949304
95.081639,26.834194,1,0.15285569193485873
93.805,25.578,1,0.7783832497579642
94.426,25.696,1,0.6104353477261834
94.103,25.694,1,0.7784800686072025
94.649311,25.939139,1,0.45844988172242185
95.078028,26.831778,1,0.3084978876858223
94.834275,25.787211,1,0.6757878436417302
94.347556,26.1125,1,0.7075587646801134
94.236,25.536,1,0.5934351828893082
94.211,25.628,1,0.444665849400683
94.769978,25.559211,1,0.39204168899066794
94.594693,26.161955,1,0.7671634720154503
93.580364,25.730809,0,0.14527545272759274
94.44719,26.476425,0,0.5950798661486686
93.709167,25.884743,0,0.003448275862068966
93.716621,25.531572,0,0.4171996652088059
94.940085,26.731472,0,0.3147137302710065
94.694886,25.846663,0,0.4973984504860899
94.905069,26.324685,0,0.3692927243182881
94.336519,25.828852,0,0.486303230642152
94.761825,26.670423,0,0.48140793482280403
95.155413,26.070784,0,0.471880182479284
94.909663,26.421349,0,0.755883126888831
94.0277,25.683401,0,0.7902450262302568
94.432015,25.635754,0,0.31459052741098065
94.798691,26.746397,0,0.40644476781001815
93.698372,25.7379,0,0.5397133758947668
94.439092,25.624742,0,0.6430464516846885
93.648797,25.736586,0,0.0
94.583709,26.115789,0,0.7230976322561802
94.732522,25.635002,0,0.7591769104453403
94.295223,25.60002,0,0.4563697969872293
94.200344,26.10781,0,0.5791472752474411
94.364888,25.804112,0,0.5776405612028052
94.088141,25.676964,0,0.5952871238043053
93.598167,25.710223,0,0.060845950124353024
94.345344,25.769041,0,0.5423035017177099
93.788906,25.911393,0,0.0
94.764629,25.565126,0,0.5175935599291785
94.616433,25.67502,0,0.34051139437270567
94.39264,25.682646,0,0.7011946059442016
94.368284,25.798898,0,0.5449880082536707
94.75174,26.218328,0,0.5009955818170002
94.033058,25.712633,0,0.768884478869431
93.843956,25.750601,0,0.023084355109905884
93.69813,25.887622,0,0.21676280637233356
95.00286,25.978406,0,0.46661455238834226
94.134005,25.876619,0,0.6593524140769194
94.795693,26.231222,0,0.5210024035839035
94.810092,25.949881,0,0.3969926587487593
94.410824,25.863845,0,0.4926424640911327
94.866194,25.671736,0,0.5002348938700232
95.061898,26.227335,0,0.26592842178579945
94.102305,25.700181,0,0.3918352139308514
93.859389,25.658405,0,0.16415001906398102
93.747904,25.67148,0,0.22593401450793338
95.018952,26.71509,0,0.08625018205331875
95.025787,26.201814,0,0.33463625188078805
93.523435,25.279375,0,0.5005984738115995
94.546418,25.845243,0,0.5757088073165836
95.077309,26.663271,0,0.5779096194594925
94.997578,26.704613,0,0.5440432838940225
95.034152,26.540555,0,0.34849418780449354
93.774918,25.795281,0,0.0
94.10582,25.705541,0,0.42056316183328823
93.898577,25.722569,0,0.43501638986871805
94.658524,25.917234,0,0.6070275546606323
94.478457,25.739024,0,0.4636032203011674
93.767645,25.778956,0,0.22539536511192343
94.44504,26.076304,0,0.3462053427179702
94.857789,26.194516,0,0.4517209108696913
93.759115,25.921781,0,0.006666666666666667
93.63597,25.465101,0,0.6122972609977929
93.690998,25.743946,0,0.0033333333333333335
94.538573,26.212586,0,0.7443282896557474
93.661216,25.499056,0,0.4375864953704179
93.762338,25.921887,0,0.0033333333333333335
94.135656,25.716996,0,0.6038132515878939
95.031055,26.579544,0,0.4452252182885037
93.768707,25.892766,0,0.0
94.987039,26.163879,0,0.3075604374771319
94.435891,25.709921,0,0.2897298027488468
94.960558,25.957536,0,0.31907192921105376
94.924241,25.811714,0,0.5923144860684433
93.763265,25.909144,0,0.0033333333333333335
94.5182,26.314647,0,0.48454229535839166
94.902236,26.192991,0,0.671255085232101
94.94583,25.808273,0,0.453812412010095
93.583045,25.669878,0,0.49258094217983567
94.594993,26.065435,0,0.5303672176020474
94.820121,26.330523,0,0.36742802928599694
94.415666,25.553183,0,0.5437981097608442
94.258359,25.603345,0,0.5274391669331153
94.813245,25.709866,0,0.3756240033172986
93.76684,25.855207,0,0.0033333333333333335
94.859804,26.437843,0,0.5753641552714631
94.524581,26.123275,0,0.5795856993335156
94.404721,26.128951,0,0.41406447582905387
94.20351,26.367192,0,0.8244942418835332
94.226755,25.975962,0,0.3654051698149689
94.474992,26.243937,0,0.4288068836293993
94.0487,25.687045,0,0.7653040692193224
93.733494,25.889284,0,0.0033333333333333335
94.969659,26.664187,0,0.5025320069935507
93.953218,25.788845,0,0.18579096213763255
93.783855,25.802957,0,0.0036904761904761906
94.205391,25.833973,0,0.32544540958187523
93.906076,25.856894,0,0.3572623897519379
94.726828,25.868568,0,0.5771534418109071
94.722637,25.646771,0,0.7617245801497211
93.534141,25.508766,0,0.39634747479699073
94.803955,25.927567,0,0.3111406937964585
94.015784,25.670575,0,0.7620200592706511
94.100287,25.688384,0,0.5255958339646416
93.639428,25.469607,0,0.6002501877523522
94.961824,26.586668,0,0.35100710579788247
93.647108,25.644734,0,0.027309368940011076
94.026864,25.686104,0,0.7226723139451368
94.975092,25.827481,0,0.4359271957990211
93.928133,25.584493,0,0.5927165019124623
95.054651,26.699059,0,0.3107784469624379
94.61838,26.002626,0,0.4476369409954134
95.026716,26.722753,0,0.32068036913860015
94.021987,25.65686,0,0.5667681932941329
93.902345,25.619293,0,0.46231647628384753
93.701001,25.83775,0,0.0033333333333333335
94.705583,26.620632,0,0.470744961445151
94.73413,25.806474,0,0.5082256718817365
95.009227,25.98965,0,0.7123046002172994
93.687122,25.614258,0,0.07
94.573903,26.146762,0,0.4442021834681901
94.206773,26.125524,0,0.24745273624027259
94.911555,25.850709,0,0.6428036039743865
94.602572,25.863843,0,0.613756409250494
94.69652,25.782747,0,0.7687779428117478
94.571023,25.722795,0,0.41859857080700846
94.454575,26.527302,0,0.3271363247863248
94.483895,25.990988,0,0.5537429861261819
95.079951,26.667854,0,0.7474100521925683
94.689724,26.245484,0,0.35839323532510675
94.363148,25.755051,0,0.604620109820557
94.012991,25.64388,0,0.5604354588919327
94.443334,26.393228,0,0.3615947211278742
93.652299,25.814879,0,0.00826086956521739
94.80697,26.341391,0,0.3913551109634425
94.764369,25.578888,0,0.5666467455598682
94.572063,26.052386,0,0.7328611677497796
94.89005,26.44629,0,0.3632187352694312
94.848407,26.009139,0,0.5640305703362517
94.809477,25.78068,0,0.5663545560288538
95.019437,26.584916,0,0.29066268600845035
93.759598,25.833315,0,0.0
94.637344,26.39627,0,0.3273756168215081
94.27418,25.542533,0,0.6620315199677982
93.851817,25.845024,0,0.043333333333333335
95.091902,26.714116,0,0.612201858455687
93.742477,25.845585,0,0.0
94.784751,26.301125,0,0.3118940444891988
94.181261,25.898121,0,0.43470706787522717
94.466439,25.710926,0,0.39669349140938864
94.492898,25.725197,0,0.41886533747736243
94.964846,26.412516,0,0.5945015637247922
94.133629,25.570372,0,0.3869945206747909
94.976284,26.147761,0,0.4595569192211237
94.330522,25.573869,0,0.5955669073749781
93.751314,25.888905,0,0.0
93.954726,25.756181,0,0.4866716797469373
94.214785,25.946332,0,0.42350919728822806
94.997573,26.575723,0,0.3821437026295003
94.964424,26.617518,0,0.550861393726711
94.826766,25.914607,0,0.4369147613679088
94.505715,25.639605,0,0.3095076772247834
94.599528,25.840888,0,0.44061602067731165
94.822454,26.155725,0,0.43071168703399404
94.470655,25.775568,0,0.48985451498261473
94.41016,25.574199,0,0.47514320314212294
93.85952,25.67432,0,0.18818677244534088
93.82175,25.710468,0,0.3022224260306255
95.026682,26.010863,0,0.43587273024532663
94.08196,25.677855,0,0.482977957952992
94.652375,25.70872,0,0.3511947203971281
94.645927,26.468048,0,0.4940572315538959
93.932426,25.623119,0,0.3732899455200799
94.875778,25.758808,0,0.5630938414398288
94.105063,26.297183,0,0.5476331039942511
93.870316,25.752144,0,0.01940885816692268
94.606672,25.554368,0,0.5423730271425363
93.723865,25.887268,0,0.04400383141762452
94.864664,25.917136,0,0.5836820363796813
94.916434,26.010841,0,0.6985496280578074
94.024808,26.002183,0,0.8104505100387706
94.926841,26.51268,0,0.4975460474926079
93.75131,25.926363,0,0.02
93.689816,25.839381,0,0.013333333333333334
94.964303,25.874874,0,0.3801401328318177
94.949656,25.976983,0,0.3667864952763164
94.1211,25.604619,0,0.6175889216183331
93.490617,25.497009,0,0.14359526842135423
94.377563,26.462425,0,0.46458709962448697
94.833475,25.605493,0,0.6620990140068852
94.548888,26.132469,0,0.48912722193068997
94.412465,26.504312,0,0.4500703578084709
94.909264,25.706534,0,0.42974394437797664
95.022031,26.66908,0,0.5282743094699263
93.70723,25.843115,0,0.013809523809523808
94.936015,26.250319,0,0.5406009573411931
94.910563,26.547376,0,0.2906548336873766
93.81412,25.576777,0,0.584638420204813
94.024162,25.699686,0,0.709871531416009
93.900716,25.76792,0,0.37203631820179234
94.009082,25.679385,0,0.6856213114049846
94.699181,25.695106,0,0.5764465151684305
94.966789,26.598146,0,0.2603939549334494
95.104517,26.657216,0,0.5097935474451366
93.767511,25.946429,0,0.0
93.73373,25.801426,0,0.006666666666666667
93.730965,25.824591,0,0.0
94.067918,25.696516,0,0.7643378521214241
94.519607,26.16053,0,0.45258017507447684
94.065127,26.060981,0,0.45680805464472873
94.68499,26.357309,0,0.6308687821483656
94.238756,25.783754,0,0.5716392524406715
93.773539,25.802517,0,0.0
94.986812,26.544363,0,0.3406219589634619
95.015993,26.73669,0,0.46128732143718043
93.572681,25.694533,0,0.05765348719150265
93.979566,25.821916,0,0.5498121649790019
95.052607,26.262047,0,0.38748585592517576
94.944616,25.792164,0,0.5043762008017274
94.934279,26.009568,0,0.5990681393300425
94.328327,25.617691,0,0.476384688024856
94.880413,25.705625,0,0.5638182147914094
93.747695,25.850747,0,0.0042955326460481094
94.015826,25.672926,0,0.4860490157405017
93.597303,25.391232,0,0.5682777636103793
93.854981,25.568729,0,0.8455018461538312
94.640535,26.717931,0,0.4351864859059283
95.071128,26.774469,0,0.3341531526659381
93.806019,25.67296,0,0.10156301780363124
95.032043,26.579072,0,0.605989286657077
94.231764,25.672545,0,0.5032393224685655
94.811716,26.547902,0,0.8283275222510339
93.840148,25.670675,0,0.05440389264161612
94.517474,26.278033,0,0.5421624559103332
94.656474,25.882609,0,0.8386850009387704
94.817732,26.82002,0,0.305508374367981
95.094203,26.376295,0,0.3098551902753594
94.685802,25.710588,0,0.2622655959708254
94.638543,26.663755,0,0.024936319718928415
94.543404,26.330421,0,0.3568008847237235
94.982355,26.86508,0,0.5177482856170995
94.48557,26.290588,0,0.22262657464994792
94.391158,26.425234,0,0.5777031878048843
95.042546,26.52732,0,0.2653740351441324
93.771328,25.92265,0,0.0
94.791592,25.993347,0,0.7124664399350412
94.385681,26.176366,0,0.3784666146370397
94.514668,26.454984,0,0.22690923873077773
94.6357,26.34229,0,0.6237827305587665
94.915676,26.353632,0,0.5251317803157094
93.573431,25.673672,0,0.023866666666666668
94.76516,26.259591,0,0.38843244317913206
94.500348,25.878124,0,0.6049807692526847
95.065078,26.397692,0,0.6181924670933702
93.942745,25.562491,0,0.43235049651272617
94.482074,25.61984,0,0.7461231810863568
94.430421,25.694634,0,0.4817648954766521
95.056919,26.214177,0,0.39587939996566157
94.670374,25.582546,0,0.6042688795014998
94.787305,25.93602,0,0.6499383682098631
94.128282,25.899705,0,0.3951888880341064
94.837348,26.302969,0,0.5144421210438482
94.735358,26.641418,0,0.4427361626510058
93.678597,25.710413,0,0.6280940271855112
93.847182,25.707603,0,0.004180257199125123
94.401066,26.073741,0,0.3409094029766593
94.052791,25.688355,0,0.7612104479495873
94.47114,26.152531,0,0.43055599492195995
94.300957,25.982075,0,0.3271023202432748
95.037118,26.72533,0,0.4332602647409312
93.728874,25.782553,0,0.0
94.684718,26.333258,0,0.37484915776467675
94.707692,26.5391,0,0.6259537639809334
93.740902,25.915965,0,0.02666666666666667
95.032217,25.940894,0,0.5897688279608463
94.713422,25.806002,0,0.533908715881193
94.608541,25.99244,0,0.4135007288033355
93.749366,25.910814,0,0.006923076923076922
94.554326,26.348694,0,0.3724918094402549
93.724815,25.842637,0,0.03383838383838384
94.994196,26.017842,0,0.4487022354903354
93.997672,26.016635,0,0.2904170772669224
94.209178,25.515799,0,0.45302357497906454
93.740431,25.813036,0,0.0
94.735166,25.630621,0,0.623305939323832
93.63389,25.784662,0,0.0033333333333333335
93.731034,25.570075,0,0.41244054259657
93.944612,25.572646,0,0.5296727419726874
94.283551,25.878973,0,0.7645443209602434
94.956817,26.156686,0,0.5182109564879617
95.061373,26.931924,0,0.08543613932346841
94.899103,26.700559,0,0.4331337093398939
93.678136,25.763602,0,0.0
93.771973,25.90029,0,0.02666666666666667
95.040392,26.548156,0,0.46103505609742496
94.525376,26.011939,0,0.53064247251829
94.943963,26.132083,0,0.33866062592803053
94.855673,25.784742,0,0.43421885160196155
94.854311,25.963418,0,0.6199492391115189
95.057993,26.423048,0,0.5081720512898338
93.618675,25.331826,0,0.45555848216548145
94.983048,26.634327,0,0.5807779918817338
94.379584,25.818763,0,0.3349395114206843
94.398575,25.784076,0,0.8370435271822493
94.655642,25.671988,0,0.3316330739121212
93.626588,25.722663,0,0.01564405847445361
94.241293,25.780555,0,0.32558357989342
94.692826,25.742106,0,0.24103421849562082
94.486314,26.287485,0,0.5550777116387182
94.390621,25.826213,0,0.28878116903903495
93.973757,25.628663,0,0.3441417672034207
94.241172,25.795214,0,0.17833612228467183
94.443077,25.682898,0,0.5068235669581608
94.970527,25.987098,0,0.4104385090371251
94.24952,26.080884,0,0.44490759653920464
93.980937,25.699261,0,0.6332815723467263
94.927021,26.158842,0,0.6558126711427518
93.782329,25.943215,0,0.0
93.925155,25.778685,0,0.6554383779868852
94.170797,25.928759,0,0.4451438559900966
94.808675,25.780556,0,0.6085600103275643
95.002806,26.389671,0,0.4746377338684356
93.630725,25.782464,0,0.0
93.768321,25.92192,0,0.0033333333333333335
95.002081,26.575928,0,0.4093734475239435
94.806576,26.587741,0,0.44121589292160857
94.4145,26.337293,0,0.5613574861510172
94.671207,26.354015,0,0.7370467012540313
95.192111,26.944808,0,0.38202374398047867
93.647497,25.602372,0,0.04473524439678851
94.487021,25.635468,0,0.4408348379413727
93.755363,25.923626,0,0.01
94.581176,26.041441,0,0.43144571348941135
95.017216,26.200052,0,0.6359699133093655
94.30192,25.56906,0,0.37807824441394217
94.851902,26.574437,0,0.5718553515513644
94.485844,25.902564,0,0.6081600328036448
94.527752,26.326674,0,0.37665570078423344
94.851522,25.958425,0,0.37036204596194605
94.581911,25.836317,0,0.7065920144653332
94.568183,25.727733,0,0.7006095555002603
94.800244,25.727313,0,0.38225980965403317
93.729088,25.570704,0,0.2675195401083796
94.975155,26.013906,0,0.3932461648632508
95.080355,26.894905,0,0.07505291005291005
93.769106,25.851242,0,0.01
94.278996,25.595953,0,0.7847898360889237
93.603688,25.610112,0,0.028709387702746336
94.524495,26.36194,0,0.448331233466898
95.016063,26.200558,0,0.4657125443812545
94.731588,25.649581,0,0.5207867171894847
94.837133,25.911353,0,0.6396511077564768
93.891968,25.743303,0,0.15172210243576964
94.501716,26.611531,0,0.3449606569781712
93.829295,25.810976,0,0.22159201369923148
93.734819,25.882082,0,0.0
95.004354,26.213477,0,0.46386076104084567
94.976581,26.286487,0,0.7445954167065586
93.656579,25.468591,0,0.41966730291257887
94.472126,25.662979,0,0.34441472381465993
94.763946,26.222119,0,0.600037839987967
95.015741,26.775436,0,0.5527946242504246
94.879557,25.573578,0,0.6650011318102333
94.873418,25.574762,0,0.3874648886014121
94.001411,25.764645,0,0.5239548230932988
94.981621,26.664793,0,0.41537428925963193
94.315457,26.251031,0,0.25220301324258915
93.719872,25.908367,0,0.006666666666666667
94.192201,25.617229,0,0.46995793971059024
94.967091,25.820084,0,0.7232002924586843
94.687733,25.987957,0,0.3247205485831962
93.967006,25.624686,0,0.5161449005817021
93.768652,25.892532,0,0.0
93.612127,25.365549,0,0.6044700517249137
94.644183,26.695978,0,0.5712870890151797
93.960607,25.898862,0,0.5454031661745546
94.056828,25.668935,0,0.48722389865036925
94.368191,26.217722,0,0.40037579759721287
94.918918,26.571833,0,0.5050674426330227
94.661286,25.6819,0,0.22849330206631654
93.705688,25.758457,0,0.01
94.057698,25.726597,0,0.49058480638325536
93.989861,25.64261,0,0.5007548446577555
93.550711,25.693785,0,0.006666666666666667
94.48842,25.880287,0,0.6315089332883309
94.112511,25.663919,0,0.7787694327171664
93.71468,25.780441,0,0.0033333333333333335
94.600931,25.651574,0,0.5822203889355273
93.73728,25.646145,0,0.04237628164888053
94.547468,26.462163,0,0.3881867232074662
94.478506,26.259719,0,0.37861339519566467
94.171069,25.869776,0,0.6091790328363118
93.820287,25.670944,0,0.021704737313296897
93.714471,25.513985,0,0.5019747460741832
94.787192,25.878143,0,0.576418376750173
93.723509,25.893404,0,0.006666666666666667
94.575275,26.276029,0,0.38044984053919423
93.698984,25.886512,0,0.1975459544868218
93.476734,25.482931,0,0.2500488770948186
94.67374,26.520247,0,0.42170389956040705
95.063737,26.769722,0,0.6590397496424834
95.076422,26.89597,0,0.053410458513433345
94.68882,26.215835,0,0.5526192859106551
94.98314,26.448206,0,0.4921897675864197
94.188349,25.635433,0,0.6283401818291483
93.662735,25.63561,0,0.06163244632879975
94.873047,26.366459,0,0.4843951882814482
94.497436,26.177342,0,0.36128303030762837
94.865209,25.830153,0,0.4222697028953229
94.3777,25.829348,0,0.3350365014820076
94.741255,25.656911,0,0.4271105671020409
94.37764,25.765064,0,0.5797840735239994
94.799108,25.565569,0,0.45949605047116165
93.854141,25.82218,0,0.7420579273989681
94.40805,26.449603,0,0.36836353143938844
93.682179,25.592214,0,0.35714875457140577
95.104019,26.675239,0,0.3655393771091994
93.579811,25.438881,0,0.49900071421936
94.866193,25.947775,0,0.42909208606335253
94.531466,26.119387,0,0.4627682330783106
94.42571,25.5906,0,0.657521642038492
93.646348,25.429066,0,0.4410795474960408
94.933618,26.513009,0,0.3959553569562661
94.607091,26.601822,0,0.3359276822827585
93.747469,25.886026,0,0.006666666666666667
94.389986,26.121654,0,0.522280365307948
94.369108,26.493361,0,0.07887288441946828
94.685486,26.68471,0,0.4339036484675688
94.635562,25.686705,0,0.47463134624476594
93.867171,25.757959,0,0.4374450021961071
94.262838,25.547311,0,0.39147505647767017
95.021106,26.037075,0,0.4137884167746256
94.515914,26.299731,0,0.2878216198508665
94.888718,26.210975,0,0.29967353768692095
95.082887,26.940883,0,0.005052910052910053
94.567487,26.500201,0,0.31672396134686087
93.66827,25.641764,0,0.013552000073381653
94.585561,26.302016,0,0.22308396198311986
93.679689,25.737828,0,0.02891036611966844
94.317089,26.237167,0,0.5124974013317981
93.458058,25.326773,0,0.33594795116182063
94.807733,25.775615,0,0.7363295100257873
93.658834,25.488725,0,0.6125752791772642
93.862116,25.725239,0,0.026128640943027595
94.588954,25.905729,0,0.7157598827548213
93.492576,25.531582,0,0.1801254978412465
94.871217,26.600998,0,0.41582550194652595
93.7237,25.762415,0,0.0
94.886852,26.684447,0,0.37243268838584326
95.043489,26.526691,0,0.34875795251747266
94.435762,25.846729,0,0.7466906119529054
94.628786,25.68686,0,0.31036258669051997
94.90271,25.694427,0,0.7015767402532495
95.119628,26.290163,0,0.6999623826338631
93.6651,25.759115,0,0.003968253968253968
94.57108,26.634098,0,0.6904281041442257
94.976471,26.633685,0,0.4429924785850332
94.744671,26.529265,0,0.5837125885465885
94.913026,25.83026,0,0.6255784622138325
93.708507,25.853286,0,0.06965731569766381
93.853342,25.848787,0,0.01
93.482099,25.487663,0,0.04851267204275366
94.985019,26.514498,0,0.28763761826301876
93.758662,25.912404,0,0.0
94.188601,26.32057,0,0.6228296628358526
94.024862,26.088047,0,0.5070251236500628
94.591593,25.957157,0,0.5432024787186032
93.759792,25.939512,0,0.0033333333333333335
94.816164,26.156785,0,0.45498977387906836
94.24465,25.754901,0,0.3922767211103907
94.087559,25.642622,0,0.558355568121078
95.158772,26.66455,0,0.4916233059957966
93.757996,25.835702,0,0.0
94.271176,25.74052,0,0.6745054024499494
94.943388,26.472824,0,0.5530135776970255
93.734141,25.855416,0,0.030555555555555558
93.932057,25.586957,0,0.4719880353402761
93.635419,25.602072,0,0.06633198569504116
93.806307,25.772386,0,0.5676618343813556
93.971558,25.811656,0,0.2091568737718917
94.606839,25.953509,0,0.4782999438179805
94.35717,26.332118,0,0.6767518633910377
93.83544,25.656364,0,0.14466267387479093
93.68253,25.586121,0,0.18028572937342757
95.018064,26.117919,0,0.512934213674919
93.753108,25.893091,0,0.00676328502415459
94.973213,26.577734,0,0.31473541866314697
93.728844,25.868323,0,0.006781609195402299
94.924025,26.336812,0,0.38967298892840746
93.736809,25.768637,0,0.0033333333333333335
94.89099,25.919594,0,0.5086182030503046
93.778754,25.819074,0,0.0034299516908212558
94.05614,25.696718,0,0.4087053643736813
93.744232,25.87574,0,0.001379310344827586
94.856088,25.885004,0,0.32221902949224124
94.697029,26.224886,0,0.4701070269818044
94.046889,25.696871,0,0.5402496516326112
95.080112,26.489395,0,0.510840470375659
94.752961,25.700692,0,0.42449534985824317
93.828235,25.593583,0,0.40813013853329705
94.089625,25.717689,0,0.5372209472203064
94.457924,25.669844,0,0.7785375186383292
93.774639,25.709939,0,0.23965131477195423
95.06015,26.05121,0,0.7283869239047223
94.503368,26.318434,0,0.40083766714083174
93.765183,25.863682,0,0.0
94.885671,26.67903,0,0.6527567800311075
94.809702,26.223143,0,0.7990669043649835
93.774989,25.805803,0,0.0033333333333333335
93.969127,25.751212,0,0.5822099656626784
94.900965,26.324856,0,0.4333739605357166
94.43589,25.714757,0,0.30102264420666214
93.706054,25.590894,0,0.25955333650675616
94.250401,26.171653,0,0.5346399899889666
93.762597,25.825903,0,0.0034299516908212558
94.967277,26.504012,0,0.44674415747256024
94.428568,25.855115,0,0.6374611554029558
94.223445,25.925259,0,0.26323555600421666
94.968224,26.278689,0,0.4568702547472564
94.413662,26.242555,0,0.47131581243931236
93.892125,25.759256,0,0.02683615819209039
93.8363,25.759658,0,0.12665609660872873
93.854264,25.821041,0,0.39242099673402586
94.924065,25.704724,0,0.5194741651642963
93.699771,25.794237,0,0.024
93.725005,25.854649,0,0.0
94.723849,25.694991,0,0.3370242941268736
94.984994,26.160428,0,0.2535341702075672
93.743471,25.909508,0,0.01
94.916504,26.015517,0,0.4231487177463418
94.239723,25.662006,0,0.8069620542160362
93.686995,25.608268,0,0.0070838194064000515
94.024574,25.675726,0,0.6529793180283937
93.772007,25.89546,0,0.0
94.108359,25.838459,0,0.2923219162900413
94.948006,26.574544,0,0.35740218679581837
94.005764,25.832044,0,0.49688985283959386
94.316943,26.272388,0,0.31887546147641854
95.024948,26.544301,0,0.2373050701436416
93.754219,25.815926,0,0.0
94.892415,26.699478,0,0.34990802308567454
94.930698,26.393698,0,0.5140338820493805
94.623734,26.288773,0,0.3782494583686185
94.486754,25.995194,0,0.22404704872854395
94.984404,26.408061,0,0.5398794287996368
93.731153,25.907457,0,0.03
94.543503,26.302966,0,0.14120616604453098
94.84262,25.811578,0,0.29577034762551274
93.508673,25.449806,0,0.39894927314190853
94.972312,26.575008,0,0.4201124489104055
94.946437,26.542384,0,0.8907474824650641
94.56414,26.579394,0,0.6478933076419633
93.776425,25.856001,0,0.0
95.060272,26.219109,0,0.5394988280251497
94.32337,26.090429,0,0.42079067822914673
95.104664,26.276836,0,0.41715484887038884
94.023451,25.73561,0,0.6855954391787984
95.094339,26.558666,0,0.47522659361565883
94.731615,26.290021,0,0.4063017855660125
95.048875,26.407818,0,0.3162773915541151
94.538299,26.035581,0,0.5009239161812011
93.765781,25.675494,0,0.029481792780511402
94.036865,25.666864,0,0.6033104622533221
94.508424,25.77314,0,0.4049482201875193
94.849744,26.459022,0,0.5314017097457072
95.076382,26.795806,0,0.3055836655075538
94.259266,25.667076,0,0.4157285256915981
93.728255,25.866467,0,0.0
94.059496,26.24186,0,0.00015151515151515152
95.026363,26.123519,0,0.6780175944837504
94.635662,26.26712,0,0.7300512481603183
94.346488,25.572458,0,0.4033861068763415
94.923808,26.512502,0,0.4505555821987005
93.472923,25.315546,0,0.31136091833526763
94.601158,26.271443,0,0.5995042214199274
93.676941,25.635714,0,0.03449506860820344
93.834868,25.657986,0,0.07412432479473152
94.816057,26.232478,0,0.5398985715832503
94.490272,26.615733,0,0.6480966275462077
94.574933,25.73957,0,0.7087313520566011
94.18152,26.184363,0,0.4819207971577827
94.517228,26.269752,0,0.3364649070647306
93.85381,25.856424,0,0.0
94.266183,26.113349,0,0.6042636958337446
93.780185,25.893625,0,0.0
93.757719,25.743912,0,0.6749013795776948
94.388313,26.336076,0,0.526852399861935
93.751071,25.817641,0,0.0033333333333333335
94.804516,25.949733,0,0.40379635770435723
94.102927,25.703653,0,0.5148651934327195
93.80116,25.754237,0,0.285685570143479
94.205443,25.64645,0,0.4353871989045637
93.597248,25.760629,0,0.0033333333333333335
94.82017,25.91072,0,0.5970708822154451
94.734264,25.829149,0,0.4307695058947246
94.379024,26.222574,0,0.36712272013196107
94.94081,26.412082,0,0.8276456598120004
93.654141,25.630204,0,0.0036528842435866863
93.685545,25.738352,0,0.02286060606060606
94.533666,26.430952,0,0.19756800791487872
95.019106,26.190386,0,0.5635668503298535
93.755086,25.870389,0,0.03139061684924361
94.084268,25.714197,0,0.6023897051758521
94.126892,25.678804,0,0.8368034946884698
93.6591,25.657125,0,0.4485452765129307
94.933848,26.161307,0,0.7414916019734066
94.466885,25.715269,0,0.3005695204878818
94.399023,25.994492,0,0.27539505255577085
94.985754,25.988087,0,0.6140324487012634
94.029469,25.664733,0,0.6019740779228892
94.165061,25.933152,0,0.46507274360025613
93.687626,25.675785,0,0.037795590462257125
95.055172,26.066001,0,0.60456925731205
94.91187,25.887935,0,0.44089400961633846
94.900856,25.794453,0,0.45586338419735173
94.044498,25.719989,0,0.5128871478596415
95.036386,26.72142,0,0.20063751152428952
94.672574,26.608451,0,0.3901616576456742
95.022126,26.583066,0,0.44546473625602906
93.662343,25.821656,0,0.04353535353535354
94.728955,26.665308,0,0.21881300606244045
93.756149,25.912856,0,0.001016949152542373
94.099186,25.66618,0,0.5299431330733548
94.807126,25.812153,0,0.4860997210608559
94.430459,26.388084,0,0.5772632548810526
94.57613,26.21014,0,0.6915003600709553
94.219122,25.584728,0,0.37462801051352
94.281914,26.115902,0,0.3849423396814342
93.65021,25.801031,0,0.003888888888888889
93.876929,25.757615,0,0.0828428969035624
94.795521,26.275964,0,0.48723004696277505
93.986813,25.74197,0,0.4836938505445214
94.739664,25.8039,0,0.38210800709543286
93.556244,25.628472,0,0.31037616748318103
94.384347,26.083986,0,0.3615898458398272
94.54175,26.073017,0,0.46647494336448064
94.928256,26.446704,0,0.4356592183848715
94.60151,25.890676,0,0.4676630296998019
93.712539,25.867171,0,0.018533333333333336
94.536508,26.124275,0,0.3930358663933193
94.132965,25.678508,0,0.6610686858944095
94.854122,26.634592,0,0.2834358316522967
94.65695,26.352604,0,0.5862662687095982
95.059424,26.095027,0,0.5091019164237326
94.815606,26.261633,0,0.4078077303064189
94.019874,25.675702,0,0.6011178697783044
94.524803,26.395827,0,0.3357003735513681
94.88578,26.159718,0,0.3019831084059236
94.948736,26.422751,0,0.5397974407322591
93.696192,25.836628,0,0.0
94.530431,26.259902,0,0.46562303032609376
93.721471,25.638084,0,0.09315999277635437
94.542766,26.078004,0,0.42414652066541936
93.888376,25.74969,0,0.04507589171969195
93.776433,25.880939,0,0.0033333333333333335
95.075613,26.436495,0,0.18817547196414747
94.209208,25.950019,0,0.16490239057861023
94.954093,26.757917,0,0.6213902788658584
94.85252,25.74963,0,0.5760819974296425
94.358686,25.982149,0,0.34562921639478006
94.880394,25.668668,0,0.5673891124680986
94.416778,25.790368,0,0.5032217376686212
94.814474,25.92373,0,0.4901464014365781
94.609247,26.292363,0,0.6308275355976796
94.503314,25.621748,0,0.6944730609410747
95.004232,26.420215,0,0.38057518268979595
94.108859,25.850418,0,0.4414058593033066
94.400906,26.358764,0,0.055816007178192045
93.777184,25.905791,0,0.0033333333333333335
94.446053,26.052232,0,0.42727311095565046
94.673721,26.221344,0,0.4024986624653866
94.690643,25.683456,0,0.7797220532818885
95.025507,26.126889,0,0.4055268626548074
94.436907,25.604845,0,0.46677208689292515
94.558998,25.823855,0,0.5425981875483199
94.069652,26.172248,0,0.2574553630919285
94.602547,26.047151,0,0.5013414366368741
94.476291,25.772772,0,0.2561828772556239
94.62555,26.056565,0,0.43747114374578405
94.297312,25.57305,0,0.43943896420143846
93.865507,25.813871,0,0.714045342435553
93.913766,25.617045,0,0.39815034948762296
94.691239,26.268258,0,0.6761847880150408
93.76764,25.856372,0,0.0002564102564102564
93.532584,25.680553,0,0.18605502320695416
95.032647,26.035445,0,0.7633672942247045
93.824609,25.76711,0,0.5913499993075672
94.481567,26.618734,0,0.589872090947224
94.856616,26.004468,0,0.3770355663854793
93.736647,25.913692,0,0.013333333333333334
94.933634,26.358801,0,0.6245724851115283
94.686489,25.599473,0,0.45603372501817374
94.231616,26.065426,0,0.3208185620715957
93.713309,25.908776,0,0.0033333333333333335
94.900812,25.757485,0,0.7807760680017193
95.173695,26.698451,0,0.44316231626490693
93.633932,25.678001,0,0.20354434662302306
94.947505,26.188453,0,0.2627136121186116
94.168067,25.578049,0,0.34302643477445777
94.247206,26.227643,0,0.3571433541611426
94.208516,26.419153,0,0.07774947705180263
93.865715,25.745753,0,0.40822697738393365
94.552803,26.585054,0,0.2716627969546233
94.731558,25.808012,0,0.4208901571619055
95.127366,26.620647,0,0.6178876573699953
94.290562,25.506994,0,0.2893235896794838
94.532975,26.268332,0,0.32683495085149367
94.199692,26.443661,0,0.42267689477562254
94.702631,25.69027,0,0.6846718605261579
94.800687,26.580994,0,0.4471569018636496
94.815701,26.560288,0,0.44140378677205094
94.657186,25.603478,0,0.7898188444280891
93.806545,25.670726,0,0.03863801901999867
93.73747,25.825676,0,0.062161886422755996
94.919776,25.904827,0,0.39051224619493824
94.286313,25.829479,0,0.7322477925800602
94.683471,25.887159,0,0.31715252760796925
94.033306,25.72547,0,0.619661120144687
94.013906,25.773165,0,0.5908674833691524
93.55519,25.322702,0,0.25651285741227925
94.262445,26.078757,0,0.5396950902410961
94.623103,25.991089,0,0.5194867552318654
93.664758,25.780455,0,0.0
93.745352,25.824593,0,0.0033333333333333335
95.034914,26.067863,0,0.6737432122107487
94.691357,25.791961,0,0.5360066925484578
94.632998,25.967607,0,0.4342771638322273
94.952839,26.39457,0,0.6012620262736393
95.163471,26.985545,0,0.4154702323651993
94.399829,25.755718,0,0.6918376460677647
94.84438,26.659426,0,0.5131671971452838
94.798421,25.960354,0,0.5318244313912761
94.82298,26.619486,0,0.6261329903101704
93.785041,25.890196,0,0.0
94.088665,25.832394,0,0.5437394283124762
94.671164,26.537847,0,0.5425453405278042
93.535866,25.690744,0,0.05
94.819046,26.58976,0,0.45673453903720057
95.013716,26.175129,0,0.35039136284208267
94.609568,26.269333,0,0.3854971268584059
93.727259,25.430655,0,0.28961246837755167
93.714667,25.510177,0,0.3961768820681727
94.893344,26.592881,0,0.4502801657010989
93.79096,25.642643,0,0.5850784122610316
95.071216,26.33868,0,0.656271206466877
93.779686,25.912994,0,0.018285714285714287
93.783102,25.921389,0,0.006666666666666667
94.656031,26.609935,0,0.38352956396904847
94.556626,25.779095,0,0.8463547844046501
94.504314,26.617476,0,0.39798087080360595
94.021198,25.825092,0,0.3298143479014045
94.747259,26.616948,0,0.40397746618913627
94.653112,26.030423,0,0.3492503673484333
94.79859,25.596473,0,0.3056444984162543
94.691545,26.038991,0,0.33879811160351325
95.091781,26.519064,0,0.5612043460758689
93.663239,25.822086,0,0.011231431966726083
94.549379,26.272715,0,0.46157258007420193
93.704535,25.902827,0,0.006666666666666667
94.940281,26.512193,0,0.8327174141237752
94.995089,26.28744,0,0.5066084683921352
94.213929,25.947699,0,0.6167040889364975
93.785209,25.92662,0,0.0033333333333333335
93.700228,25.890741,0,0.12467540147079144
94.636139,26.176171,0,0.4855396267458758
94.770275,26.582201,0,0.3175849371893624
94.025958,25.681968,0,0.6632886079798296
94.449499,26.482418,0,0.5209458218617739
94.966593,26.742663,0,0.3741879453033493
94.726135,26.0134,0,0.6264830570253941
94.704303,25.754878,0,0.3966614004536769
94.98649,26.520537,0,0.4142629534240032
94.635235,26.695616,0,0.2669593387660138
94.686739,25.862926,0,0.23209181021442626
93.875624,25.759403,0,0.12722568900441533
94.769335,25.958372,0,0.5478157372735774
94.136739,26.043028,0,0.4446722974680826
94.364248,26.238497,0,0.22434072423499127
94.966913,26.583323,0,0.3933133379601425
94.116248,25.613873,0,0.7439982105145182
95.002421,26.393015,0,0.40623215987340455
94.646355,26.468536,0,0.4874537692135319
94.82434,26.116744,0,0.7645827314443646
93.671512,25.564975,0,0.31304625204042
95.030693,26.729664,0,0.22003470027148703
94.412959,26.150572,0,0.17264665628322953
94.971805,25.81566,0,0.5548635956883665
94.76913,26.529347,0,0.574450925892241
94.584299,25.568293,0,0.3814969777336486
94.54651,26.449593,0,0.40858935288003834
94.768126,25.641493,0,0.39895378099514955
93.83608,25.850134,0,9.66183574879227e-05
93.969805,25.658683,0,0.5527408901666623
93.709067,25.506099,0,0.4307932486800013
95.028757,26.439612,0,0.3436247609855195
94.361567,25.549345,0,0.7758326680946
94.514108,26.325367,0,0.5693008593226971
93.832946,25.671944,0,0.041781553519516235
93.738941,25.864443,0,0.07666666666666666
94.841455,25.637958,0,0.5027896814545649
95.091231,26.234862,0,0.4761826514247213
93.670206,25.651439,0,0.03688112939540929
93.688856,25.903993,0,0.04353535353535354
93.666906,25.560435,0,0.28642083458392786
94.940848,25.992965,0,0.5670218755319444
95.019563,26.310599,0,0.7335719288497757
94.329102,25.792644,0,0.3308445789204646
94.611065,26.605705,0,0.338819152933081
94.730363,26.616551,0,0.35698064060335416
94.920096,25.814369,0,0.5712792334538319
94.722282,25.991998,0,0.6203832322067847
95.006942,26.599194,0,0.4999612090420171
94.735456,25.77572,0,0.6021127297898313
94.639879,25.778833,0,0.6142724678981364
94.497501,25.725289,0,0.5285883849302061
94.551848,26.330334,0,0.4504832988782134
95.07916,26.250651,0,0.5812273046676518
94.043784,25.895737,0,0.4869542778341852
94.346245,25.922835,0,0.5330193478386713
94.586772,26.244352,0,0.6836689166480331
94.564806,26.035669,0,0.32167608613065907
94.502498,26.093154,0,0.4925659771850484
94.962183,26.848513,0,0.4862862916747838
94.627437,25.94701,0,0.5654956309515015
94.107182,25.689955,0,0.6871156817014457
94.694016,26.497743,0,0.379006871083782
94.187051,25.990083,0,0.4000941398290564
93.744999,25.851783,0,0.10953344116763009
94.10337,25.860759,0,0.6545220816580297
94.71578,26.631649,0,0.4638368620235041
94.336909,25.624425,0,0.7582227340152788
93.663561,25.465708,0,0.36692920744151336
93.883397,25.770932,0,0.4963334738618749
94.949956,26.001922,0,0.4721859132353011
94.290296,25.571079,0,0.3741909466017911
94.893467,26.439892,0,0.4936198630514111
95.121159,26.274833,0,0.4443409647163187
95.058503,26.423011,0,0.793974058417159
94.53827,26.035322,0,0.49635658827599033
94.763994,25.97083,0,0.48137777579077096
94.601815,25.609205,0,0.3022140065384912
94.529942,26.252759,0,0.46195775828805596
93.752658,25.865727,0,0.006666666666666667
94.841313,25.800421,0,0.5541781211029205
94.255073,26.000551,0,0.47754816946215434
94.199294,25.521227,0,0.38996299862329775
94.389399,26.422325,0,0.31243763289872806
93.761905,25.943472,0,0.006666666666666667
94.498693,26.180191,0,0.3876693997538956
94.525543,26.014228,0,0.45897536911052544
94.749294,26.179958,0,0.46350514313810504
94.395906,26.47778,0,0.07720879457607868
94.60071,26.536063,0,0.5889341758758783
93.953082,25.797021,0,0.5807815818345256
94.216532,25.881261,0,0.7989700221020368
94.680502,25.736162,0,0.22922947963106735
94.086404,26.288665,0,0.1595027608603427
94.606164,25.775342,0,0.5527315782177522
93.704371,25.790442,0,0.0
94.441005,25.633485,0,0.7949619443764278
94.926546,26.530353,0,0.7819613591059843
94.687201,25.72069,0,0.28758357692505476
94.953598,26.494568,0,0.4224317922227458
94.685364,25.788247,0,0.5919924825713754
94.390527,26.331283,0,0.5246529008243187
94.597549,26.553677,0,0.46310007212785137
95.180316,26.775976,0,0.4332434484416791
94.82939,26.843794,0,0.10703703703703704
94.860089,26.595217,0,0.2131402449792272
93.765795,25.904542,0,0.0
94.030091,25.727925,0,0.5747918278818269
93.610793,25.271452,0,0.4995228954837246
94.283993,26.040614,0,0.291122417474138
94.632543,25.902783,0,0.28760006575343655
93.756196,25.844202,0,0.03222222222222223
95.042513,26.93306,0,0.28554672932181746
94.47324,25.849396,0,0.5696216976067668
94.960427,26.415922,0,0.5039902733074196
93.596761,25.209395,0,0.46432717987216166
94.827019,25.791047,0,0.5080338244617011
94.298787,25.567126,0,0.5185560084159855
94.870943,26.645192,0,0.40592275272092404
94.801726,25.833844,0,0.44958677178714035
94.756872,26.168936,0,0.6747141811790548
94.079767,25.75104,0,0.5180585342786731
94.762838,25.996335,0,0.508324900223074
95.021345,26.192429,0,0.3962650794328873
94.816847,25.883352,0,0.2232707621208491
95.004042,26.385941,0,0.6184985205404039
94.926679,26.512148,0,0.4526056132514149
94.991543,26.671956,0,0.3469125825560106
93.901148,25.80527,0,0.29767045165487965
94.425339,25.958316,0,0.3238184621548202
94.650969,26.287912,0,0.4819582476319933
93.455163,25.436712,0,0.5330646705311282
93.71955,25.706978,0,0.29750350603462117
94.20022,26.104478,0,0.45120381918990754
94.568445,25.596146,0,0.5472500528338698
94.994132,26.460498,0,0.3879334237470865
94.014659,26.012185,0,0.31584529178232645
94.396445,26.093394,0,0.43468622394491024
94.528533,26.127787,0,0.5718774079472765
94.324035,25.779724,0,0.5770652235516693
93.716512,25.577487,0,0.26799094681882824
94.177814,26.055396,0,0.5130673484394103
94.421711,25.839701,0,0.5334424883658335
94.120535,25.905407,0,0.6202592185626321
94.220792,25.918647,0,0.20070265873851725
94.829789,26.654174,0,0.3008275337861601
94.043464,25.718581,0,0.3042159400850693
93.646738,25.639504,0,0.00689603789836348
94.390841,26.338575,0,0.5491620113787298
93.736357,25.865816,0,0.023333333333333334
93.831371,25.808379,0,0.173085478607296
93.877007,25.763346,0,0.2828662486667591
94.84672,26.452676,0,0.8255025457284476
94.908756,25.710094,0,0.5382344977296354
93.650742,25.668514,0,0.047470537773581456
94.854474,26.292139,0,0.41813632577222376
93.597499,25.72609,0,0.006666666666666667
93.808625,25.550846,0,0.3750221130666101
94.613121,26.284521,0,0.8173644521401197
94.845206,26.734262,0,0.4752918177717128
94.711643,26.134284,0,0.4298562397538381
94.470286,25.765222,0,0.6626130220133882
94.50293,25.620356,0,0.6023895281059347
93.547698,25.695955,0,0.0033333333333333335
94.030854,25.944767,0,0.5629055402127376
94.751665,26.669071,0,0.6378446197145874
94.318364,26.243581,0,0.7515624551996515
95.019256,26.200424,0,0.377938915122149
93.710038,25.912453,0,0.02666666666666667
94.544895,25.975015,0,0.7137611347942323
94.81614,26.239613,0,0.3761093777955389
94.763313,26.594547,0,0.42180598092002247
94.465477,25.709505,0,0.4948179450966573
94.818275,26.824066,0,0.2632428484344011
94.910663,26.395019,0,0.21022895552723136
95.010297,26.060149,0,0.7780231421373038
94.411653,25.960953,0,0.26704350354389256
94.432194,26.463291,0,0.5385762905566829
94.106772,25.673049,0,0.7271156299563829
94.987388,26.453098,0,0.4016020251809894
93.952791,25.796385,0,0.3843469442866545
93.756388,25.845339,0,0.0725
94.326277,26.235082,0,0.5873317937425006
94.439033,25.654704,0,0.4609902000171322
93.651275,25.633733,0,0.020216986807689248
93.788642,25.690597,0,0.02378229223273379
94.920192,25.864469,0,0.32791227814231905
93.672674,25.650487,0,0.06083875833211697
94.69696,26.401647,0,0.30682659566657333
94.777695,26.240339,0,0.38540910958812075
94.558831,25.777859,0,0.48869860538266097
94.980478,26.55735,0,0.5213254501719171
93.953526,25.751782,0,0.6485568649742497
95.099593,26.706009,0,0.15643490943541102
93.77701,25.867901,0,0.006666666666666667
95.082599,26.416181,0,0.5579045872520884
94.652527,25.712006,0,0.46007255269943526
93.724559,25.88804,0,0.0033333333333333335
93.859595,25.81701,0,0.5924569187317954
94.770497,26.581973,0,0.39372504936085867
94.780767,26.179948,0,0.4968796941843501
94.715745,26.644219,0,0.4797456890329925
94.403412,25.556634,0,0.5830722817199758
94.202598,25.684383,0,0.2433399806895477
94.811837,25.580663,0,0.43829167551154163
94.795435,25.855908,0,0.3464087259962197
94.759364,25.699403,0,0.4017032528610966
94.295865,25.74579,0,0.41485779905427533
94.919475,26.428679,0,0.46639840359207274
94.797636,25.970648,0,0.43036792630629556
94.819399,26.255256,0,0.41607701030672073
93.967408,25.777478,0,0.5267471666172748
93.756438,25.855519,0,0.0
95.013497,25.839494,0,0.5654986070627289
93.546064,25.334652,0,0.3228694649252874
93.710109,25.901422,0,0.006666666666666667
94.425109,25.864583,0,0.40449870777098096
94.762065,25.970277,0,0.3777401624145632
94.78563,25.888035,0,0.17882197320783053
94.914227,25.863061,0,0.4940173048161918
94.934244,26.707014,0,0.17581652562166322
93.716006,25.877218,0,0.024912280701754386
95.018591,26.716883,0,0.12965887153865252
94.87394,25.710509,0,0.44382792975228086
94.120047,25.672816,0,0.5176308734297272
93.586847,25.757877,0,0.0
94.71649,26.113703,0,0.4369784050764954
93.90046,25.794727,0,0.6865363395458371
94.439876,26.473902,0,0.517264443926814
94.729861,25.981206,0,0.6194940511425127
95.056829,26.936267,0,0.013333333333333334
94.46565,25.716142,0,0.30415673462190135
94.807028,25.8091,0,0.6038167325276937
94.092609,25.652436,0,0.5554249284616027
94.813278,25.596037,0,0.6204100326869825
95.027759,26.436794,0,0.5352340487780403
93.650212,25.721161,0,0.004977777777777777
94.40333,25.576071,0,0.3129658321191985
94.830503,25.853965,0,0.3931188475984785
94.432087,25.795277,0,0.38918049603552973
94.522781,26.399619,0,0.3042376729419411
94.199232,25.913824,0,0.5717747620906217
93.764722,25.815508,0,0.06666666666666667
94.599854,25.654885,0,0.4164098912579031
94.730034,26.511411,0,0.42006965348946773
94.727338,25.772619,0,0.4434818758060433
94.671554,25.972425,0,0.42484843561986707
94.885208,26.067981,0,0.3984745315921785
94.67006,26.370256,0,0.29581227870181126
93.660372,25.739138,0,0.16451328502415458
94.597749,25.648098,0,0.6769818246025875
94.629728,26.568231,0,0.45987930949778855
93.722136,25.872768,0,0.016666666666666666
93.733665,25.558825,0,0.25487816747106085
94.085364,25.724961,0,0.5745550232938134
93.73845,25.885933,0,0.013333333333333334
95.136618,26.946404,0,0.037037037037037035
94.866523,26.598058,0,0.4139429642336101
94.593702,25.925233,0,0.5292809794929864
93.718399,25.572253,0,0.24665532974902082
93.676816,25.644722,0,0.03470428050092621
94.91776,26.505309,0,0.09110181958870442
94.814938,26.639633,0,0.4761591380775684
94.900525,26.205961,0,0.6209906050733308
94.588398,26.147829,0,0.4892754666893858
94.109497,25.652169,0,0.7175353247622974
95.045473,26.532531,0,0.3879274134865342
94.33852,25.837312,0,0.3745518779512032
94.396725,25.987416,0,0.3272228612290576
94.651444,26.470881,0,0.3175120816198351
94.511331,25.873278,0,0.7767088691299886
93.746356,25.849213,0,0.05430869171247556
94.574915,25.935332,0,0.28454363194869875
94.799441,26.503721,0,0.549106760336625
94.680438,26.378203,0,0.5112017484855281
94.466647,25.616323,0,0.8723239528357484
94.586473,25.609907,0,0.4092219181915112
93.613328,25.722361,0,0.0033333333333333335
94.465273,25.716945,0,0.3456546826323899
94.850125,26.657195,0,0.5265719089444766
94.810322,26.335538,0,0.7012199447653003
94.70822,25.68807,0,0.5974539246629703
94.534883,26.018958,0,0.6174029880806722
93.775548,25.913155,0,0.0
93.896078,25.684701,0,0.5001864787541249
93.549785,25.290757,0,0.3445513167125407
93.766148,25.878077,0,0.0
94.589654,25.557444,0,0.5533345743630114
93.5506,25.27132,0,0.36556657617199756
94.770686,25.629292,0,0.6115513713387526
94.897109,25.795414,0,0.49740801170478194
94.464808,25.91128,0,0.7888205312462833
94.235769,25.774567,0,0.17647191909832236
94.600432,25.999491,0,0.7866146658925558
95.055307,26.052632,0,0.7836408360344954
94.540073,26.6936,0,0.28934957090984564
94.066483,25.675017,0,0.5407191562632127
94.756888,26.683989,0,0.4597842068551928
94.418805,25.692625,0,0.34362775819450386
94.658884,25.534739,0,0.274912084783754
94.523557,26.393507,0,0.3814309792624623
94.991674,26.082205,0,0.41956944477583924
95.07963,26.256473,0,0.3585841208849299
94.971047,25.988067,0,0.42133696509639634
95.044905,26.380372,0,0.47891873591147116
94.845701,25.778709,0,0.6203498029883153
94.657267,25.735455,0,0.4008595058120235
95.118584,26.706927,0,0.3726532525363748
94.779418,26.586912,0,0.3854899494155764
94.325609,25.817849,0,0.3596841178916628
94.434864,25.708858,0,0.3955881169924129
93.706538,25.818272,0,0.0
94.022681,25.824164,0,0.4346349954334721
93.666439,25.646248,0,0.09455871355292045
93.695902,25.747266,0,0.0042955326460481094
93.573242,25.437476,0,0.41516751872967683
94.632332,26.002407,0,0.505403801685977
94.52165,26.257785,0,0.22283486334449643
94.442668,25.712032,0,0.5980472599072422
94.204599,25.679608,0,0.44157061042518914
94.865957,26.598444,0,0.305122008120734
94.059941,25.724791,0,0.5283249793922037
94.797733,26.251094,0,0.6748112809210711
95.081758,26.076021,0,0.515179023084485
94.086358,25.576506,0,0.6773658478045249
94.373445,25.595175,0,0.5702852539381483
93.665365,25.783464,0,0.011871212121212121
93.883109,25.587403,0,0.5764434707075418
94.772673,26.682086,0,0.31350225018615846
94.487365,25.992932,0,0.570797644453441
94.569483,26.034915,0,0.6566104617244216
94.578969,25.981196,0,0.7205059642325956
93.544605,25.693036,0,0.0
93.904992,25.856055,0,0.2764640573418103
94.182411,26.011084,0,0.4679281749636265
93.789612,25.893253,0,0.0
93.805369,25.686203,0,0.017332142767626638
94.966829,26.58317,0,0.3933133379601425
93.495197,25.419519,0,0.06520290844113727
93.727925,25.885011,0,9.66183574879227e-05
94.484088,25.737855,0,0.30885837147823686
94.979679,26.012817,0,0.4110455988816391
93.768378,25.949301,0,0.0
94.052712,25.842067,0,0.5517233699027637
94.356974,25.825604,0,0.7631413626861515
94.592862,25.908535,0,0.28391770501797864
94.503781,25.874422,0,0.40104175590095875
94.714616,25.670926,0,0.31194478460306185
94.054848,26.18314,0,0.33787169117552596
94.967662,25.812112,0,0.7494551770134673
94.835179,25.669809,0,0.23789067077752107
94.098842,25.734226,0,0.20279226350279958
94.258842,26.04975,0,0.26548268280555926
93.658411,25.491215,0,0.7221790367152993
93.494242,25.425577,0,0.357287019240953
94.592092,25.922504,0,0.442288377916
94.509438,25.636392,0,0.6106442175048872
94.451746,26.079817,0,0.32049290922436835
94.930485,26.010746,0,0.5896698799052138
95.083986,26.164604,0,0.6745981696243605
94.491947,25.893656,0,0.3649941257952398
94.662278,26.429454,0,0.2917517489693856
94.399195,25.799626,0,0.7194059244704537
94.768499,25.906764,0,0.8403384855899151
94.093638,25.797704,0,0.2855938915450459
94.32368,25.615265,0,0.3418263545980333
94.794012,26.514117,0,0.4897839938740311
94.855041,25.769215,0,0.4710963647219559
95.027676,26.724673,0,0.39368917397639597
94.746215,26.253791,0,0.8069129208656627
94.99725,26.015284,0,0.5064091884334031
94.060796,26.155491,0,0.8697783266835436
94.424048,26.359272,0,0.34099621368575195
93.734052,25.920729,0,0.006666666666666667
93.630244,25.446271,0,0.41547699766867735
95.118711,26.694424,0,0.4105932072431675
94.194242,25.544545,0,0.7468761768682554
94.936163,26.120652,0,0.38614534118852023
94.191639,26.253022,0,0.35548828669443033
94.501583,26.521529,0,0.4481888167287101
93.546259,25.334954,0,0.27709669801684655
94.566022,25.756772,0,0.5926418268030154
93.754683,25.878232,0,0.0
94.925163,25.808292,0,0.5715243312136487
94.824413,26.274789,0,0.48945004038357326
94.929591,26.512712,0,0.6762180231437389
94.653904,25.915592,0,0.6855050142673526
94.531381,25.852926,0,0.264118679117572
94.404083,25.639985,0,0.4252873515160496
93.878497,25.761952,0,0.22159777354572932
94.11824,25.784018,0,0.4563952809552378
95.002837,25.990347,0,0.41484190826079614
94.147019,25.826286,0,0.5623179863567854
93.877671,25.688813,0,0.46579066172240546
93.68608,25.762785,0,0.0
94.510239,26.323358,0,0.4271336880775001
95.016266,26.209527,0,0.5685107818766227
93.772662,25.858402,0,0.0
94.817225,26.243156,0,0.6304079182930945
95.056013,26.914092,0,0.01411764705882353
94.824957,26.770658,0,0.3299231255645889
94.927888,25.992013,0,0.39372712053069614
93.74676,25.800086,0,0.0033333333333333335
93.987262,25.735113,0,0.4944692016499146
93.572544,25.690425,0,0.04368967702279722
94.761172,25.700485,0,0.5968530250548684
94.869598,25.763949,0,0.420044119896571
93.759705,25.532643,0,0.4294869577497498
94.115061,25.65429,0,0.7159183780538972
95.073046,26.508474,0,0.6156722086084974
95.052831,26.037509,0,0.612462682313572
93.708929,25.903119,0,0.006666666666666667
94.973861,26.401055,0,0.5039256209721339
95.06584,26.574125,0,0.29001469210625586
94.491411,25.617007,0,0.6096946689338866
94.481589,26.347232,0,0.6257384331084628
93.801816,25.791281,0,0.7681494691683101
94.9528,26.414368,0,0.6150126408552701
94.883624,25.955225,0,0.4773035248856122
94.376558,25.816737,0,0.5054129946182239
94.728341,26.018083,0,0.3128474279838873
94.832433,26.42255,0,0.3808853196066484
94.483485,26.293116,0,0.324207805548528
94.21626,25.932393,0,0.6590841251636289
93.524961,25.483878,0,0.397068407498341
94.458868,26.36749,0,0.21653314840728996
94.030236,25.680277,0,0.7769452586629867
94.394823,25.752076,0,0.6466071925538595
93.783093,25.942389,0,0.0
95.078457,26.907997,0,0.021816195077064643
94.2748,25.767742,0,0.42128647509772116
94.11633,25.643336,0,0.5940409169497937
93.822757,25.590555,0,0.31764985688151526
94.562717,26.489924,0,0.4523166264847896
93.889927,25.606445,0,0.6896224606485478
94.762065,26.76014,0,0.552375162271826
94.991995,26.147739,0,0.5589197497188365
94.037761,25.710844,0,0.4181368904711601
94.94115,26.573249,0,0.4583533565964268
94.966736,26.679695,0,0.3196603292080432
93.792786,25.66811,0,0.024368772521974964
94.954711,26.575427,0,0.35194517414230236
93.744019,25.920397,0,0.0033333333333333335
93.746418,25.860008,0,0.02324404761904762
94.797784,26.555623,0,0.7790430908507698
94.443273,25.734545,0,0.6025574047067247
95.017941,26.685126,0,0.4004968425441662
93.680913,25.766331,0,0.05925925925925926
93.977381,26.001616,0,0.48429978615454955
93.777108,25.672018,0,0.012210827273292313
94.788934,25.935435,0,0.5582083820727382
94.594461,26.031325,0,0.4535741675516304
94.797596,26.687085,0,0.49044300007740094
95.079936,26.347835,0,0.3989988071451198
94.162256,26.016517,0,0.47713501759701965
94.188268,25.555141,0,0.4320357483838914
94.297511,25.585983,0,0.37419069876929306
93.845077,25.665476,0,0.1859102600292737
93.706212,25.630731,0,0.29736685120995815
94.432555,25.949735,0,0.3366171867041477
94.215194,25.880857,0,0.63813542743063
94.516425,26.326499,0,0.6386524756921862
94.548405,26.25004,0,0.5707174325317581
95.049036,26.169619,0,0.5969660792620554
94.103379,26.297881,0,0.5295826547415127
94.171978,26.04201,0,0.4700854919176656
94.877583,26.697965,0,0.6065162890938
93.74305,25.800179,0,0.0
93.694116,25.817593,0,0.0
94.28702,25.564149,0,0.37664562725624573
94.352723,25.539565,0,0.40684061181432907
94.538028,26.108751,0,0.5397880294384828
94.334519,25.85909,0,0.290809197543254
94.119863,25.912864,0,0.45261417833599665
93.85888,25.75264,0,0.06272951217006703
94.092669,25.658776,0,0.6140306278807908
94.852537,25.964814,0,0.49103651276570087
93.728349,25.82412,0,0.013429951690821257
94.33898,25.614232,0,0.5405035991233725
93.798599,25.797241,0,0.7484758745760862
93.861249,25.744645,0,0.025382166817650684
94.594968,26.387116,0,0.44963439860733434
94.904748,25.891806,0,0.3978845877337063
94.945446,26.411351,0,0.5222149168109366
94.766716,26.264645,0,0.4158481578198889
94.839877,26.486861,0,0.40106781043982165
94.851785,26.718318,0,0.6393557015290833
94.445788,25.685088,0,0.5457398564547571
94.37255,26.473663,0,0.42107562510838464
94.311286,25.981516,0,0.4227663293504276
94.8372,26.528514,0,0.5725680101570788
95.040914,26.538142,0,0.2811725427262052
94.302692,25.602019,0,0.2962849001857247
93.884455,25.731706,0,0.32470050658258814
94.19268,25.628295,0,0.4510305087449071
94.856841,26.58378,0,0.3038641214631511
95.112162,26.294276,0,0.582052770703689
94.888076,25.669058,0,0.728207717478402
93.810541,25.680873,0,0.018638019019998675
93.629385,25.754347,0,0.013333333333333334
94.952282,26.002354,0,0.47855138981377954
94.959446,26.613351,0,0.35006274205499677
94.195197,25.680037,0,0.5176452934427274
94.823888,26.26804,0,0.6685179070367784
94.804352,25.826172,0,0.440702379922782
93.672282,25.795342,0,0.0
93.852782,25.757198,0,0.055095698116273926
93.774883,25.83292,0,0.0
94.774115,26.516425,0,0.5873863731231065
94.959835,26.356315,0,0.8154425357956915
94.3617,25.648739,0,0.6166156095663861
94.216369,26.232565,0,0.46347514453494343
94.801287,26.582784,0,0.8034540458614423
94.760615,25.568381,0,0.8106009059183844
94.101011,25.693934,0,0.6727574544962871
93.618663,25.736359,0,0.20123181652918637
95.081119,26.499405,0,0.7417369206279165
93.700091,25.752949,0,0.04
94.843365,26.025274,0,0.46566299365537844
94.254973,26.056436,0,0.5858870085616835
95.078933,26.505091,0,0.5807082595685471
94.928624,26.017144,0,0.4119907076006914
94.119826,25.906631,0,0.27851934160380964
94.868814,26.090515,0,0.532715873227514
93.84522,25.756419,0,0.1067751920462581
93.72195,25.525182,0,0.27170555940959634
94.312914,25.644311,0,0.5188579336797525
94.022111,25.645785,0,0.6707625913446514
94.863432,26.479984,0,0.36279318944844663
94.408433,26.507967,0,0.6010401041318111
94.036331,25.669571,0,0.6028351019423104
94.434484,25.733067,0,0.35998279718054416
94.93777,26.252872,0,0.5226162602115376
94.922905,26.620945,0,0.6169245177141647
95.201384,26.981993,0,0.10356650246305417
94.850594,26.298547,0,0.16822139086738253
93.755117,25.874639,0,0.014479166666666666
95.062155,26.420382,0,0.6506661757996801
94.249919,26.150357,0,0.5436510420523423
94.818654,26.261837,0,0.43919098315043725
94.536004,26.404853,0,0.46542403144347994
94.598267,26.04588,0,0.6868315499049099
93.793316,25.808447,0,0.02406885758998435
94.721509,25.954389,0,0.5485182878656343
94.936017,26.727763,0,0.2729423062927334
94.514469,26.291885,0,0.23337476402938956
94.019011,25.702462,0,0.667115638140356
94.601386,25.984576,0,0.6311457913143227
94.285793,25.989877,0,0.6301464404726687
94.455242,25.879707,0,0.6026996671812066
94.777161,25.870743,0,0.3743859184518405
94.819617,26.487541,0,0.7389227445102944
93.563123,25.718253,0,0.052894957155439
94.6946,26.214698,0,0.30910044425481037
94.93862,25.840425,0,0.6053689690835629
94.03788,25.722363,0,0.4869922793080559
94.777416,25.720659,0,0.49706491587098384
94.552877,25.99774,0,0.5744391812821046
94.761763,25.849227,0,0.4982162468242195
93.800042,25.570626,0,0.4164926579415439
94.539675,26.113264,0,0.35145390185226205
93.73593,25.882685,0,0.0
93.894591,25.598233,0,0.4589606054308836
94.603501,26.011303,0,0.4762498404819498
93.79566,25.667016,0,0.08438725746348662
93.758906,25.921443,0,0.02666666666666667
93.701425,25.830419,0,0.0004166666666666667
93.684553,25.744725,0,0.0033333333333333335
94.575134,25.96917,0,0.3657105758717059
94.10019,25.669144,0,0.6461837522082116
94.258904,26.081342,0,0.4680470261787182
93.703198,25.897186,0,0.0
94.802285,26.706809,0,0.6181943802542338
95.047962,26.399397,0,0.6293541519579136
94.647592,26.207952,0,0.5853127639267768
93.60362,25.354565,0,0.2641091331503093
94.789278,26.516773,0,0.31027439379448163
94.315622,26.072189,0,0.5721074838865131
93.707514,25.835377,0,0.02666666666666667
93.551793,25.275795,0,0.35349279688024415
93.768506,25.66891,0,0.23473060249482772
94.822071,26.607262,0,0.4348058050560982
93.75493,25.787383,0,0.006666666666666667
94.506836,25.7616,0,0.4353619708178521
95.03769,26.559954,0,0.5786539301578794
94.304443,26.024316,0,0.6331641439016283
94.822614,26.6181,0,0.4787783758326495
94.827686,26.479821,0,0.4035292551856659
94.779068,26.282501,0,0.48248163649515563
94.489696,25.785153,0,0.2273713816490203
93.729218,25.640004,0,0.17360430711767016
94.876669,25.671295,0,0.6570575082547359
93.774616,25.831007,0,0.0
93.852242,25.736115,0,0.3295828228534585
94.358097,26.262209,0,0.36874423456775285
93.712013,25.721075,0,0.15438221601246235
93.696471,25.502359,0,0.5769830239834636
94.835039,26.560168,0,0.514706753834621
94.955538,26.412954,0,0.555251611043912
94.5471,26.198952,0,0.7904131410980341
94.827972,26.662014,0,0.2542633261492567
94.658418,26.597038,0,0.3844917140921631
93.855425,25.72456,0,0.15756490766617348
93.852241,25.75412,0,0.2521687235767935
94.772086,26.685379,0,0.15666666666666668
93.778048,25.940868,0,0.0033333333333333335
94.269714,25.994224,0,0.5092413397828939
93.617181,25.275512,0,0.32426942626405597
94.108903,25.739852,0,0.27572575233812513
95.075171,26.407862,0,0.7236294754766982
95.102765,26.65712,0,0.6126010878023972
93.718773,25.488594,0,0.23589206679469185
93.604079,25.529984,0,0.09525979904402505
94.114277,25.715572,0,0.4823877768644268
93.672212,25.7872,0,0.006666666666666667
93.738538,25.803092,0,0.0033333333333333335
94.626076,26.314461,0,0.3120290256890307
94.91755,26.622955,0,0.5623947947905578
95.103035,26.266857,0,0.46819122555130593
94.317207,25.791998,0,0.5034356917945115
94.797683,26.318719,0,0.4848093960926004
93.737873,25.890361,0,0.06265390749601275
94.653793,26.645745,0,0.5058663533991923
93.88337,25.658046,0,0.5478322100649531
94.202354,26.441349,0,0.6370147877408195
95.028945,26.719123,0,0.19564225384867778
94.762347,25.567689,0,0.48997735838191014
93.708581,25.8718,0,0.027156671012603214
95.0194,26.698732,0,0.5134171751158023
93.666689,25.634749,0,0.03662101868833986
93.729879,25.892923,0,0.03425
93.709003,25.864711,0,0.016516025641025642
94.915283,26.420363,0,0.6197812529752732
93.773849,25.862018,0,0.0033333333333333335
93.610242,25.612611,0,0.19501198976093345
94.110071,26.292155,0,0.6698942877707992
94.514598,26.35132,0,0.15016468314662457
94.171751,25.869643,0,0.5209550415602979
94.215864,26.216154,0,0.4880353072007001
93.663861,25.681545,0,0.03995613068062615
94.819547,25.588073,0,0.4140801601743019
94.016531,25.646494,0,0.6075399203685863
94.785917,25.732164,0,0.47841001856074816
94.940018,26.478267,0,0.37761560116867177
94.843264,25.77991,0,0.6886298771675028
94.230426,25.789603,0,0.5331934852643974
94.339697,25.992033,0,0.6215492920178473
94.007018,25.636678,0,0.6521072006525809
94.029577,25.758235,0,0.3487467690555815
93.891957,25.749715,0,0.09396324568040694
93.717718,25.578181,0,0.3612798401442839
94.954472,26.498537,0,0.34499153245541714
94.892925,25.769058,0,0.3698797005031109
93.742758,25.903277,0,0.1932540887322671
93.793935,25.574582,0,0.5513199373058941
94.709713,26.74322,0,0.096875
94.685359,26.539074,0,0.6463780415414185
93.882187,25.75875,0,0.18775796730781125
94.310556,25.918602,0,0.5739367869405705
93.775802,25.887387,0,0.0
94.899297,25.676794,0,0.42925549571678545
94.727714,25.868164,0,0.5989209266064536
94.118457,25.67326,0,0.5250241822316366
94.418716,26.507077,0,0.6092991264957999
95.031378,26.710526,0,0.6504834419142167
93.779637,25.9291,0,0.001016949152542373
94.59606,25.997235,0,0.3828612092723585
94.873924,26.047724,0,0.48908560872949236
94.103732,26.316535,0,0.07454545454545454
94.916857,25.872878,0,0.3919291876816108
94.474739,26.317397,0,0.3555500974507385
95.090238,26.172372,0,0.2769965184167315
94.812679,25.786869,0,0.536558031414399
94.184354,25.998445,0,0.22495904136477235
94.730189,26.204592,0,0.5195885529311192
94.64882,25.735924,0,0.7767054695592797
94.144726,25.672208,0,0.5941466975593872
94.956904,26.751944,0,0.6448794577301884
93.722978,25.518747,0,0.5787485953530387
95.004852,26.387057,0,0.6041903949353262
94.845683,26.24311,0,0.3779982392380737
94.778914,25.711515,0,0.46050850453061115
94.886338,25.677083,0,0.505510720108028
94.41793,25.874934,0,0.7322697722423693
94.768748,25.65078,0,0.6155419991236882
94.824009,25.676754,0,0.5286331301246179
94.956381,25.818196,0,0.4743083450075111
94.53178,26.562355,0,0.21659453950829863
94.819223,25.913551,0,0.5154805810501502
94.823035,26.667096,0,0.8130854955981551
94.444323,26.487018,0,0.46513255892980976
94.897313,26.701979,0,0.32004507712375474
93.616491,25.355829,0,0.44306146275555847
94.77543,26.637145,0,0.559439268806336
94.867394,26.100758,0,0.5950489542691675
94.475471,26.359525,0,0.36302020736178686
93.76658,25.865083,0,0.007145299145299145
93.872871,25.770607,0,0.516812109389077
94.318261,25.809084,0,0.4356284434689207
94.980677,26.120243,0,0.40563605530218405
94.424693,26.498643,0,0.42748054353116144
94.003216,26.171795,0,0.016666666666666666
94.098419,25.689528,0,0.45309472931149486
94.856173,26.461104,0,0.6672547412424129
93.708389,25.819275,0,0.04543879136772253
94.923967,26.48754,0,0.284782571786105
94.850509,25.769905,0,0.2691953975916175
94.899407,26.69953,0,0.39962172307486216
94.944146,26.544149,0,0.7057792889797821
94.745573,26.44148,0,0.5191056148325611
94.794941,26.225293,0,0.47339041495101186
94.891176,25.969068,0,0.4430521040469759
94.112185,25.775835,0,0.4954010337411931
94.117594,25.7808,0,0.59958094143924
93.778033,25.921108,0,0.0002222222222222222
94.477704,26.460274,0,0.43011481930138673
94.663184,26.645693,0,0.13142857142857142
94.004399,25.777612,0,0.3647770744978401
94.229765,25.775173,0,0.7059595185969118
95.006336,26.470856,0,0.531473395179572
94.997941,26.709351,0,0.3789139617083873
94.194667,26.003544,0,0.3142033758095555
93.573648,25.698749,0,0.09549618859401467
94.685754,26.67755,0,0.11464654282765738
94.56907,26.270759,0,0.2959286055017506
94.521268,26.321858,0,0.32101116797965756
94.031315,25.68706,0,0.6496632154930199
93.786358,25.663903,0,0.0592976343830768
93.841113,25.737753,0,0.06593537701780455
94.306245,25.681972,0,0.46339973256581485
94.431747,25.95083,0,0.3004777592539235
94.211259,25.671828,0,0.48370305138398656
94.289809,26.247555,0,0.21655360193853512
93.742291,25.887765,0,0.0
94.797005,26.319088,0,0.5206774237954837
94.247276,25.679432,0,0.6766107742312425
94.89637,26.442811,0,0.2800252199293064
94.402673,26.293376,0,0.41691891493628286
94.301168,26.016306,0,0.3730467457206017
93.735204,25.750931,0,0.7529952166529194
94.191288,25.533727,0,0.5254585681477293
95.098812,26.557135,0,0.7669143586180274
94.731325,26.58672,0,0.31764477645437433
94.767291,25.83642,0,0.5051843809637402
94.886097,26.342537,0,0.24435260365681885
93.779586,25.894014,0,0.0025
93.61257,25.263861,0,0.6894043568133593
94.56092,25.965119,0,0.4315123129264579
94.461856,25.701138,0,0.35138631315195773
95.176964,26.6917,0,0.5234964352743143
94.456198,25.721981,0,0.4409019941117332
94.925721,25.87155,0,0.4901785428473763
94.400204,26.234579,0,0.478804746447466
94.770704,26.604086,0,0.5486534507783732
93.911344,25.596173,0,0.5479394299154584
93.834836,25.736703,0,0.067783459627433
93.740508,25.921839,0,0.013333333333333334
94.82485,26.013014,0,0.3457194638167859
94.184245,25.556729,0,0.4370644688501688
94.884227,26.327076,0,0.48198598142197807
94.859016,25.838339,0,0.755010475442592
94.364141,25.654501,0,0.6573270267705237
94.71587,25.778731,0,0.3488441442757916
94.611912,26.644972,0,0.456912599908028
95.031266,26.165446,0,0.4572585835890217
93.624905,25.469045,0,0.5648045358934688
93.706274,25.917773,0,0.09
93.7562,25.810714,0,0.0
95.06115,26.133359,0,0.3837022304961806
94.870745,26.421517,0,0.5281423999206818
94.88742,26.310177,0,0.7860567350957627
93.744915,25.676562,0,0.011511904761904763
93.781211,25.810168,0,0.006666666666666667
93.781732,25.930839,0,0.04022222222222222
94.973037,26.602201,0,0.2064402245200443
95.1108,26.281874,0,0.4058234450127902
93.476986,25.293698,0,0.6376889967962882
94.085999,26.208332,0,0.017373256199343157
94.765642,25.895794,0,0.7253849727233077
95.069935,26.241483,0,0.32001047656596904
94.439811,26.499368,0,0.4062014741000072
95.063873,26.162601,0,0.41994193704354876
93.729227,25.863447,0,0.016666666666666666
94.845043,25.941936,0,0.3631316892120566
94.138321,26.278955,0,0.8426750975662293
93.581047,25.644814,0,0.33704355193838076
94.15276,26.145102,0,0.4935308754933745
94.442864,25.996456,0,0.5836711819654019
94.599721,25.889285,0,0.36314568238709904
94.697802,26.403133,0,0.31195348515822874
94.615152,25.667269,0,0.454032998577107
94.991502,25.790609,0,0.6128718084231402
94.663711,25.973924,0,0.4309273331514954
94.896404,25.83997,0,0.47469666142218114
94.240547,26.288218,0,0.7018880193141953
95.047332,26.447374,0,0.4823532329437008
95.055424,26.578595,0,0.4744383104026136
94.993502,26.211672,0,0.8080247976328222
95.061664,26.936611,0,0.020784313725490198
94.63447,25.569525,0,0.36520242573100864
93.77453,25.904162,0,0.013809523809523808
93.674229,25.511024,0,0.41470299468072924
93.821633,25.82723,0,0.42518903537558583
94.219804,26.20494,0,0.8664212482576746
