Slide_No,State,District,Slide_Name,NH_SH_Location,Latitude,Longitude,Material_Involved,Movement_Type,History_Date,Activity
MEGH/EKH/78O15/2008/D-53,Meghalaya,East Khasi Hills,Ryngnga-6 slide, ,25.382694,91.877528,,,, 
MEG/WJH/83C4/2016/123,Meghalaya,East Jaintia Hills,3 km S of Umtyra,NH44,25.258603,92.38555,,,,Suspended
 ,Meghalaya,East Khasi Hills,,,25.28236861,91.73874417,Debris,Slide and flow,"Occurred during early hours of 30thMay, 2024 at 02:00 AM.",Active
MG/WKH/78O02/2017/91,Meghalaya,West Khasi Hills,1.6 km SW of Porla,NH44E,25.6655,91.090556,,,,Suspended
MG/WKH/78O06/2017/15,Meghalaya,West Khasi Hills,Pyndengrei slide no 6,NH44E Nongstoin bypass,25.549861,91.295706,,,,Active
MEG/WJH/83C4/2016/81,Meghalaya,East Jaintia Hills,0.21 km NE of Danaubluh,NH44,25.045386,92.420764,,,,Suspended
MEGH/EKH/78O15/2008/D-46,Meghalaya,East Khasi Hills,Lingkardem slide, ,25.345611,91.895,,,, 
MG/WKH/78O03/2017/9,Meghalaya,West Khasi Hills,Nongraingap,Maweit  Nongraingap road,25.436706,91.051053,,,,Suspended
MG/EKH/78O12/2017/53,Meghalaya,East Khasi Hills, ,Along LawbahHat Mawdon,25.196781,91.574727,,,,Active
MEG/RIB/78O09/2016/43,Meghalaya,Ri-Bhoi,Jirang village slide4,Patharkhamma Guwahati road about 1 km NW of Jirang village,25.935908,91.564903,,,,Stabilized
MEG/WJH/83C4/2016/62,Meghalaya,East Jaintia Hills,0.39 km E of Danaubluh,NH44,25.043914,92.423556,,,,Suspended
MG/WKH/78O06/2017/12,Meghalaya,West Khasi Hills,4.1 km E of  Pdengshakap,Laremshiap road,25.544936,91.267672,,,,Active
MG/EKH/78O12/2017/59,Meghalaya,East Khasi Hills, ,Along Mawlong  Tyrna road,25.230063,91.688941,,,,Active
MG/EKH/78O16/2017/5,Meghalaya,East Khasi Hills, ,Along sohrashella bypass from Sohbar village,25.206426,91.75498,,,,Active
MG/EKH/78O12/2017/76,Meghalaya,East Khasi Hills, ,<Null>,25.160222,91.527843,,,,Active
ME/EKJ/78O15/2015/124,Meghalaya,East Khasi Hills, ,Myllad approach raod,25.324889,91.943417,,,,Active
ME/EKJ/78O14/2015/06,Meghalaya,East Khasi Hills, ,Lum- Diengei Rd,25.641388,91.854928,,,,Active
ME/EKJ/78O15/2015/79,Meghalaya,East Khasi Hills, ,Near Mawlat village,25.354644,91.973237,,,,Active
MEG/WJH/83C4/2016/127,Meghalaya,East Jaintia Hills,1.57 km SW ofUmtyra,NH44,25.274,92.373944,,,,Suspended
MEG/WJH/83C4/2016/03,Meghalaya,West Jaintia Hills,2.98 km NE of  Nongtalang Amsohmeheleng,NH40E,25.234922,92.095531,,,,Suspended
ME/EKJ/78O15/2015/131,Meghalaya,East Khasi Hills, ,Approach road to Nongsder,25.326204,91.932463,,,,Active
MG/WKH/78O02/2017/79,Meghalaya,West Khasi Hills,Seinduli,NH44E,25.657083,91.147397,,,,Suspended
MG/WKH/78O02/2017/39,Meghalaya,West Khasi Hills,1.1 km NN of Mawiawban,Link road from NH44E from Mawliehdein,25.549639,91.247472,,,,Suspended
MG/EKH/78O08/2017/1,Meghalaya,East Khasi Hills, , ,25.18955,91.453997,,,,Reactivated
MG/EJH/83C11/2018/7,Meghalaya,East Jaintia Hills,Shnongrim slide,Shnongrim-Molasngi road,25.352431,92.513478,,,,Active
 ,Meghalaya,East Khasi Hills,,,25.49151667,91.77329444,Rock,Rock fall,-,Active
MEG/WJH/83C4/2016/88,Meghalaya,East Jaintia Hills,Wakho,NH44,25.047194,92.404806,,,,Suspended
MEG/WJH/83C4/2016/83,Meghalaya,East Jaintia Hills,Danaubluh,NH44,25.044056,92.418778,,,,Dormant
MG/EKH/78O12/2017/41,Meghalaya,East Khasi Hills, ,Along Mawlong Shella road,25.208256,91.69041,,,,Active
ME/EKJ/78O15/2015/83,Meghalaya,East Khasi Hills, ,Approach road to Lynyshing village,25.362972,91.976278,,,,Active
MG/WKH/78O02/2017/98,Meghalaya,West Khasi Hills,0.6 km NE of Langumshing,NH44E,25.611361,91.022019,,,,Suspended
MEG/WJH/83C4/2016/113,Meghalaya,East Jaintia Hills,3.23 km SSW of Sonapyrdi,Approach road Sonapur to Chapalong (right bank of Lubha river),25.093078,92.348025,,,,Suspended
MEG/RIB/78O09/2016/46,Meghalaya,Ri-Bhoi,Jirang village slide7,Patharkhamma Guwahati road about 1 km NW of New Jirang village,25.9235,91.574222,,,,Active
MEG/WKH/78O10/2016/03,Meghalaya,West Khasi Hills,NH44E slide3,Along NH44E near Kynshi village,25.520356,91.537764,,,,Active
MG/EGH/78K10/2018/1,Meghalaya,East Garo hills,Williamnagar road slide,NH-127B,25.512611,90.658611,,,,Active
MG/EKH/78O11/2017/17,Meghalaya,East Khasi Hills, ,Along MawsynramLawbah,25.265048,91.591553,,,,Active
ME/EKJ/78O15/2015/95,Meghalaya,East Khasi Hills, ,NH-40 (Shillong-Pynursla road),25.383298,91.87473,,,,Active
MG/EKH/78O12/2017/73,Meghalaya,East Khasi Hills, ,Along Sohra Mawlong road,25.20836,91.725397,,,,Active
MEGH/EKH/78O14/2009/D-39,Meghalaya,East Khasi Hills,Lymlyer landslide (A),NH-44 (Shillong - Silchar),25.529056,91.923722,,,, 
 ,Meghalaya,East Khasi Hills,,,25.50368056,91.72342222,Rock,Slide,"Initiated on Sept., 2019 and reactivated during monsoon
2020.",Active
MG/EKH/78O12/2017/20,Meghalaya,East Khasi Hills, ,Along Sohra Mawlong road,25.217558,91.709355,,,,Active
MEG/WJH/83C4/2016/50,Meghalaya,East Jaintia Hills,0.29 km SE of Rathacherra,NH44,25.033628,92.439331,,,,Suspended
ME/EKJ/78O15/2015/78,Meghalaya,East Khasi Hills, ,Old shillong -Guwahati road,25.613583,91.871778,,,,Reactivated
ME/EKJ/78O14/2015/05,Meghalaya,East Khasi Hills, ,Lum- Diengei Rd,25.640264,91.848588,,,,Active
MG/EKH/78O08/2017/6,Meghalaya,East Khasi Hills, ,1.5 Km SE of Balat  Sonatola road,25.18676,91.396515,,,,Active
MEG/RIB/78O09/2016/53,Meghalaya,Ri-Bhoi,UmlingPatharkhamma R.S2,UmlingPatharkhamma road,25.935708,91.714556,,,,Dormant
ME/EKJ/78O15/2015/64,Meghalaya,East Khasi Hills, ,Shillong-Sohra road,25.387912,91.762233,,,,Dormant
ME/EKJ/78O14/2015/47,Meghalaya,East Khasi Hills, ,Umj jew- Lumpyngrope approach road,25.606193,91.856276,,,,Suspended
ME/EKH/83C02/2015/147,Meghalaya,East Khasi Hills, ,NH-44,25.57395,92.058583,,,,Suspended
MEG/WJH/83C4/2016/116,Meghalaya,East Jaintia Hills,2.48 km NE of Sonapyrdi,NH44,25.129169,92.388306,,,,Suspended
ME/EKJ/78O15/2015/94,Meghalaya,East Khasi Hills, ,NH-40 (Shillong-Pynursla road),25.386191,91.874586,,,,Suspended
MG/EKH/78O11/2017/12,Meghalaya,East Khasi Hills, ,village approach road,25.331948,91.661011,,,,Active
MG/SWKH/78K15/2018/3,Meghalaya,South West Khasi  Hills,North of Khalu B,-,25.374072,90.8146,,,,Active
MG/WKH/78O02/2017/18,Meghalaya,West Khasi Hills,1.6 km NNW of Mawiaban,NH44E,25.553794,91.231139,,,,Suspended
MEG/WJH/83C4/2016/24,Meghalaya,East Khasi Hills,2 km W of Dawki,NH40,25.191111,92.003389,,,,Suspended
MG/SGH/78K11/2018/6,Meghalaya,South Garo hills,Nengkhra-Nongalbibra road slide,NH-62,25.39799,90.69972,,,,Active
ME/WJH/83C03/2015/178,Meghalaya,West Jaintia Hills, ,Leshka,25.265158,92.202239,,,,Suspended
MG/EJH/83C11/2018/5,Meghalaya,East Jaintia Hills,Pdeingrynkati slide,Pdeingrynkati-Saipung road,25.375719,92.610181,,,,Active
MG/WGH/78K06/2020/1,Meghalaya,West Garo Hills,Rongram-Jengjal road slide 1,"NH-217,Paikan-Tura Dalu Road",25.61,90.29,,,,Active
MG/WGH/78G14/2020/1,Meghalaya,West Garo Hills,Tura-Ampati road slide no1,"SH-12,Tura-Ampati Road, near Shakuri, Garobadha, Meghalaya.",25.58,89.99,,,,Active
MEG/WKH/78O10/2016/05,Meghalaya,West Khasi Hills,47 mile stone slide,Along NH44E near 47 mile stone,25.548306,91.61775,,,,Active
ME/EKJ/78O15/2015/143,Meghalaya,East Khasi Hills, ,1.2 km NE of Myllad village,25.332836,91.934395,,,,Active
MG/WKH/78O06/2017/5,Meghalaya,West Khasi Hills,Nongstoin PHE slide,Nongstoin PHE,25.523083,91.268972,,,,Active
MEG/RIB/83C1/2016/6,Meghalaya,Ri-Bhoi,Mawkangi,SH,25.874293,92.018322,,,,Suspended
MEG/WJH/83C4/2016/07,Meghalaya,West Jaintia Hills,Nongtalang┬á Amsohmeheleng,NH40E( Jowai Dawki road),25.215028,92.075167,,,,Suspended
ME/WJH/883C03/2015/187,Meghalaya,West Jaintia Hills, , ,25.346111,92.00675,,,,Suspended
ME/EKH/83C02/2015/151,Meghalaya,East Khasi Hills, ,"Puriang, NH-44",25.542694,92.096472,,,,Active
MEGH/WKH/78O06/2007/D-6,Meghalaya,West Khasi Hills,Lawab slide,Road (Nongstoin by pass),25.5208,91.25985,,,, 
MG/EKH/78O12/2017/30,Meghalaya,East Khasi Hills, ,<Null>,25.205651,91.599771,,,,Active
ME/EKJ/78O15/2015/68,Meghalaya,East Khasi Hills, ,Shillong-Sohra road,25.408236,91.778704,,,,Dormant
MEG/WJH/83C4/2016/41,Meghalaya,West Jaintia Hills,Hawali Tilla,Muktapur ΓÇôSankhat road,25.156419,92.141353,,,,Suspended
MEG/WJH/83C4/2016/18,Meghalaya,West Jaintia Hills,0.5 km SW of Power station,Myntdu Leshka power station road,25.197283,92.2225,,,,Suspended
MG/WKH/78O02/2017/26,Meghalaya,West Khasi Hills,3 km SE of Seinduli,NH44E,25.636747,91.162711,,,,Suspended
ME/EKJ/78O15/2015/141,Meghalaya,East Khasi Hills, ,1.5 km SE of Lum Thangding,25.438495,91.862917,,,,Active
 ,Meghalaya,East Khasi Hills,,,25.65060556,91.89945278,Debris,Slide,"Initiated   in   August,   2019.   Reactivated   during   heavy
rainfall in August, 2020.",Active
ME/EKH/83C02/2015/161,Meghalaya,East Khasi Hills, , ,25.747597,92.114167,,,,Suspended
MG/WKH/78O06/2017/1,Meghalaya,West Khasi Hills,Markasa debris slide,1.5 km East of Markasa NH44E,25.522717,91.448328,,,,Active
MG/WKH/78O02/2017/96,Meghalaya,West Khasi Hills,0.6 km S of Umdein,NH44E,25.629003,91.037664,,,,Suspended
MG/SWKH/78K14/2018/1,Meghalaya,South West Khasi  Hills,North of Makalbari,NH-44E,25.560028,90.833917,,,,Active
MG/SGH/78K11/2018/2,Meghalaya,South Garo hills,Nengkhra-Nongalbibra road slide,NH-62,25.39766,90.70111,,,,Active
ML/RIB/78O13/2014/09,Meghalaya,Ri-Bhoi,Pamdingoh A,GS road,25.937,91.87553,,,,Suspended
MEG/WKH/78O10/2016/04,Meghalaya,West Khasi Hills,NH44E slide4,Along NH44E 2 km West of Bynther village,25.537972,91.602361,,,,Active
MEG/RIB/78O13/2016/1,Meghalaya,Ri-Bhoi,19.720 km slide,NH6,25.954889,91.858667,,,,Active
ME/EKJ/78O15/2015/71,Meghalaya,East Khasi Hills, ,khrang approach road,25.338711,91.775111,,,,Active
ME/EKJ/78O15/2015/86,Meghalaya,East Khasi Hills, , ,25.39897,91.993367,,,,Active
ME/WJH/83C03/2015/167,Meghalaya,West Jaintia Hills, ,1.5 km SW of Jowai,25.430111,92.182167,,,,Suspended
MG/EKH/78O11/2017/14,Meghalaya,East Khasi Hills, ,<Null>,25.282485,91.57685,,,,Active
 ,Meghalaya,South Garo Hills,,,25.45903056,90.70813333,Debris,Slide,Landslide  occurred  around  3.00  hrs  on  17th  June  2022  as per the information by locals.,Active
MEG/WJH/83C4/2016/125,Meghalaya,East Jaintia Hills,2.58 km S of Umtyra,NH44,25.2625,92.384639,,,,Suspended
MEG/WJH/83C4/2016/128,Meghalaya,East Jaintia Hills,0.65 km S of Umtyra,NH44,25.280528,92.380042,,,,Suspended
MG/WKH/78O06/2017/2,Meghalaya,West Khasi Hills,Khyllem slide,NH44E,25.528308,91.395711,,,,Active
MEG/WJH/83C4/2016/10,Meghalaya,West Jaintia Hills,0.24 km N of Nongtalang,NH40E( Jowai Dawki road),25.211722,92.065389,,,,Suspended
ME/EKJ/78O14/2015/33,Meghalaya,East Khasi Hills, ,Old shillong -Guwahati road,25.612528,91.870861,,,,Suspended
ME/EKJ/78O15/2015/97,Meghalaya,East Khasi Hills, ,NH-40 (Shillong-Pynursla road),25.3763,91.874028,,,,Active
MG/WKH/78O02/2017/73,Meghalaya,West Khasi Hills,1.3 km E of Patharkhnang,NH44E,25.628758,91.164169,,,,Suspended
MG/WJH/83C06/2018/4,Meghalaya,East Jaintia Hills,Mynso quarry slide,Mynso-Samatan road,25.563472,92.329689,,,,Active
MEG/WJH/83C4/2016/17,Meghalaya,West Jaintia Hills,1.7 km S of Satpator,Laremshiap road,25.197283,92.1991,,,,Suspended
MG/WJH/83C06/2018/7,Meghalaya,West Jaintia hills,Barato slide,2 km North of Barato,25.611931,92.452931,,,,Active
MG/EKH/78O16/2017/6,Meghalaya,East Khasi Hills, ,Along sohrashella bypass from Sohbar village,25.205307,91.755686,,,,Active
MEG/RIB/78O13/2016/18,Meghalaya,Ri-Bhoi,Old weight bridge 2,NH6,25.978803,91.860278,,,,Suspended
MG/WKH/78O02/2017/11,Meghalaya,West Khasi Hills,0.7 km NW of Rwaing,NH44E,25.607567,91.174906,,,,Suspended
ME/EKJ/78O15/2015/118,Meghalaya,East Khasi Hills, ,Tangamng approach road,25.259326,91.872712,,,,Active
ME/EKJ/78O14/2015/15,Meghalaya,East Khasi Hills, ,Near Nongumlong,25.573653,91.831023,,,,Suspended
MEGH/JH/83C03/2009/D-29,Meghalaya,Jaintial hills,Jowai slide,NH-44 along Shillong - Jowai,25.44889,92.19417,,,, 
MEG/WJH/83C4/2016/135,Meghalaya,East Jaintia Hills,2.12 km SE of Lympyngngad, ,25.133911,92.222392,,,,Stabilized
MG/WKH/78O02/2017/63,Meghalaya,West Khasi Hills,2.5 km W of Rwiang,NH44E  Umshinrut road,25.606189,91.157706,,,,Suspended
MG/WKH/78O03/2017/11,Meghalaya,West Khasi Hills,1 km NNW of Nongpathar,Maweit  Nongyier road,25.455639,91.082944,,,,Suspended
ME/EKJ/78O15/2015/125,Meghalaya,East Khasi Hills, ,Myllad approach raod,25.324806,91.942194,,,,Active
MEG/WJH/83C4/2016/46,Meghalaya,East Jaintia Hills,1.25 km NE of Rathacherra,NH44,25.040511,92.446119,,,,Suspended
ME/EKJ/78O15/2015/122,Meghalaya,East Khasi Hills, ,Tangamng approach road,25.27197,91.874872,,,,Active
ME/EKJ/78O15/2015/103,Meghalaya,East Khasi Hills, ,NH-40 (Shillong-Pynursla road),25.351304,91.89353,,,,Active
MEG/WJH/83C4/2016/79,Meghalaya,East Jaintia Hills,0.91km NNW of Rathacherra,NH44,25.042408,92.434525,,,,Suspended
ME/EKJ/78O14/2015/09,Meghalaya,East Khasi Hills, ,Near Umsohpho(Bhoitumbong road),25.668469,91.975083,,,,Active
MEG/WJH/83C4/2016/108,Meghalaya,East Jaintia Hills,2.06 km SW of Sonapyrdi,Approach road Sonapur to Chapalong (right bank of Lubha river),25.113475,92.350506,,,,Suspended
 ,Meghalaya,East Jaintia Hills,,,25.16400556,92.38702778,Debris,Slide,It is a new slide,Active
MEG/WJH/83C4/2016/63,Meghalaya,East Jaintia Hills,0.41 km NE of Danaubluh,Nh44,25.044733,92.423675,,,,Dormant
MEG/WJH/83C4/2016/68,Meghalaya,East Jaintia Hills,0.96 km NNE of Tongseng,NH44,25.134972,92.380278,,,,Reactivated
MEG/WJH/83C4/2016/82,Meghalaya,East Jaintia Hills,0.24 km NE of Danaubluh,NH44,25.045111,92.4215,,,,Suspended
MG/EKH/78O12/2017/51,Meghalaya,East Khasi Hills, ,Along Mawlong  Tyrna road,25.228272,91.687776,,,,Active
MG/WKH/78O02/2017/36,Meghalaya,West Khasi Hills,0.8 km NN of Mawiawban,Link road from NH44E from Mawliehdein,25.549667,91.242444,,,,Suspended
MEG/WJH/83C4/2016/38,Meghalaya,West Jaintia Hills,1.37 km NW of Lympyngad,Muktapur ΓÇô Lympyngad road,25.152367,92.195708,,,,Suspended
MEGH/WKH/78O02/2007/D-2,Meghalaya,West Khasi Hills,Tynrong Mawsaw slide, ,25.69483,91.11836,,,, 
MEGH/WKH/78O07/2007/D-11,Meghalaya,West Khasi Hills,Rangjadong slide, ,25.31488,91.33367,,,, 
ME/EKJ/78O15/2015/129,Meghalaya,East Khasi Hills, ,Myllad approach raod,25.326694,91.933972,,,,Active
MG/SWK/78O04/2017/5,Meghalaya,South West Khasi  Hills, ,AlongNonghyllam  Ranikor road,25.221572,91.185833,,,,Active
MG/EJH/83C11/2018/11,Meghalaya,East Jaintia Hills,Daistong slide no 4,2 km north of Daistong,25.339339,92.584781,,,,Active
MEG/RIB/78O09/2016/40,Meghalaya,Ri-Bhoi,Jirang village slide1,Patharkhamma Guwahati road 2 km NW of Jirang village,25.945225,91.560703,,,,Dormant
MEGH/EKH/78O15/2008/D-58,Meghalaya,East Khasi Hills,Mawkajem-5 slide, ,25.422194,91.869222,,,, 
MEG/WKH/78O10/2016/50,Meghalaya,West Khasi Hills, ,NongkhlawPatharkhammah road  1 km SW of Ladpanai vilalge,25.795444,91.662111,,,,Active
ME/EKJ/78O15/2015/82,Meghalaya,East Khasi Hills, ,Near Mawlat village,25.360351,91.974979,,,,Active
MG/WKH/78O03/2017/17,Meghalaya,West Khasi Hills,Mawlangriang,Nongstoin  Riangpoit road,25.496861,91.198556,,,,Suspended
 ,Meghalaya,East Khasi Hills,,,25.44835,91.59150278,Debris,Slide,"As per the information by Mr. Tobias Mawlong, the Head man  of  Laitlarem  village,  the  slide  was  triggered  before also. The slide is a reactivated slide. The present landslide occurred at 10.00 hrs on 15th June 2022.The date and year
of the previou",Reactivated
ME/EKJ/78O14/2015/23,Meghalaya,East Khasi Hills, ,NH-40,25.695552,91.903777,,,,Active
MG/WKH/78O02/2017/106,Meghalaya,West Khasi Hills,1.2 km NNE of Nongprut,Riangdo  Boko road,25.699306,91.055556,,,,Suspended
ME/EKJ/78O14/2015/37,Meghalaya,East Khasi Hills, ,Old shillong -Guwahati road,25.614664,91.870266,,,,Relict
MG/SGH/78K11/2018/5,Meghalaya,South Garo hills,Nengkhra-Nongalbibra road slide,NH-62,25.47542,90.698611,,,,Inactive
MG/EKH/78O12/2017/25,Meghalaya,East Khasi Hills, ,<Null>,25.229706,91.745297,,,,Active
MG/EJH/83C11/2018/14,Meghalaya,East Jaintia Hills,Thuruk slide no 2,Lura-Thuruk road,25.316589,92.687186,,,,Active
ME/EKJ/78O14/2015/12,Meghalaya,East Khasi Hills, ,Near Nongumlong,25.571747,91.827526,,,,Suspended
MEG/WJH/83C4/2016/52,Meghalaya,East Jaintia Hills,Rathacherra,NH44,25.034289,92.435222,,,,Suspended
MG/EKH/78O12/2017/15,Meghalaya,East Khasi Hills, ,Along approach road to Laitiam village,25.227249,91.748917,,,,Reactivated
MEG/WJH/83C4/2016/101,Meghalaya,East Jaintia Hills,0.8 km Wof Kuliang,NH44,25.079722,92.359361,,,,Suspended
ME/EKJ/78O14/2015/29,Meghalaya,East Khasi Hills, ,Mawatawar- Bhoilymbong Rd,25.637189,91.93345,,,,Active
ML/RIB/78O13/2014/07,Meghalaya,Ri-Bhoi,Shangbangla,GS road,25.95847,91.85406,,,,Suspended
MG/WKH/78O02/2017/81,Meghalaya,West Khasi Hills,0.8 km NNW of Seinduli,NH44E,25.660825,91.143689,,,,Suspended
MEG/WKH/78O10/2016/01,Meghalaya,West Khasi Hills,NH44E slide1,NH44E,25.524931,91.514383,,,,Active
MG/WKH/78O02/2017/4,Meghalaya,West Khasi Hills,0.5 km E of Umjaru,NH44E,25.585389,91.1765,,,,Suspended
ME/EKJ/78O15/2015/139,Meghalaya,East Khasi Hills, ,Approach road to Mawkhap,25.350166,91.972582,,,,Active
ME/EKJ/78O15/2015/91,Meghalaya,East Khasi Hills, ,NH-40 (Shillong-Pynursla road),25.393914,91.872066,,,,Reactivated
MEGH/EKH/83C02/2009/D-35,Meghalaya,Jaintial hills,Kongong-2 slide,NH-44 (Shillong-Silchar road),25.54261,92.09842,,,, 
ME/EKJ/78O15/2015/74,Meghalaya,East Khasi Hills, ,khrang approach road,25.353486,91.765544,,,,Suspended
 ,Meghalaya,South Garo Hills,,,25.21022222,90.63220278,Debris,Slide,Landslide   occurred   on   17th   June   2022   as   per   the information by locals.,Active
MEG/WKH/78O10/2016/11,Meghalaya,West Khasi Hills,Pyrda village slide1,2 km SE of Pyrda village,25.568056,91.737944,,,,Active
MG/EKH/78O16/2017/2,Meghalaya,East Khasi Hills, ,along sohrashella bypass from Sohbar village,25.205465,91.755789,,,,Active
MEG/RIB/78O09/2016/41,Meghalaya,Ri-Bhoi,Jirang village slide2,Patharkhamma Guwahati road 1.5 km NW of Jirang village,25.940439,91.563069,,,,Reactivated
MG/RIB/83B04/2018/1,Meghalaya,Ri-Bhoi,Umsiang-Markanduba road slide,Umsiang-Markanduba road,26.061,92.241,,,,Active
MG/WKH/78O06/2017/10,Meghalaya,West Khasi Hills,Siejlieh slide no. 2,NH44E Nongstoin bypass,25.544889,91.263722,,,,Active
 ,Meghalaya,West Jaintia Hills,,,25.45351667,92.18784722,Soil,Rotational,New 26.05.2020,Suspended
 ,Meghalaya,East Khasi Hill,,,25.49736111,91.77902778,Debris,Slide,New slide,Active
MG/EKH/78O16/2017/11,Meghalaya,East Khasi Hills, ,Along approach road to Laitiam village,25.223307,91.762345,,,,Active
MG/WKH/78O06/2017/6,Meghalaya,West Khasi Hills,Pyndengrei slide No 1,NH44E Nongstoinbypass,25.544917,91.270722,,,,Active
MG/EKH/78O12/2017/63,Meghalaya,East Khasi Hills, ,<Null>,25.159469,91.528337,,,,Active
MG/WGH/78K06/2020/13,Meghalaya,West Garo Hills,Jengjal-Addingre-Williamnagar road slide3,"NH-217,Paikan-Tura Dalu Road",25.65,90.38,,,,Dormant
MG/EGH/78K14/2018/5,Meghalaya,East Garo hills,East of Achengbok,-,25.635556,90.807778,,,,Active
MEGH/WKH/78O06/2007/D-8,Meghalaya,West Khasi Hills,Nongjyllieh slide, ,25.50335,91.28335,,,, 
MG/SWK/78O04/2017/3,Meghalaya,South West Khasi  Hills,Rajai slide,About 1 km NE of Rajai village,25.206763,91.231417,,,,Active
ME/EKJ/78O15/2015/112,Meghalaya,East Khasi Hills, ,NH-40 (Shillong-Dauki road),25.301383,91.922017,,,,Active
MG/EKH/78O12/2017/56,Meghalaya,East Khasi Hills, ,Along Sohra Mawlong road,25.229161,91.693249,,,,Active
ME/EKJ/78O15/2015/108,Meghalaya,East Khasi Hills, ,NH-40 (Shillong-Dauki road),25.294601,91.930853,,,,Active
ME/EKH/83C03/2015/184,Meghalaya,East Khasi Hills, , ,25.64575,92.071167,,,,Suspended
MG/WGH/78G14/2020/3,Meghalaya,West Garo Hills,Tura-Ampati road slide no 3,"SH-12, Tura-Ampati Road, near Kharugaon, Betasing.",25.53,89.98,,,,Active
MEG/WJH/83C4/2016/56,Meghalaya,East Jaintia Hills,1.23 km NW of Rathacherra,NH44,25.044136,92.430244,,,,Suspended
MEG/WKH/78O10/2016/18,Meghalaya,West Khasi Hills,NongkhlawPatharkhamma R.S6,NongkhlawPatharkhammah road,25.687856,91.647944,,,,Active
MEGH/WKH/78O11/2007/D-14,Meghalaya,West Khasi Hills,Jakrem East slide, ,25.40023,91.5159,,,, 
MEG/WJH/83C4/2016/132,Meghalaya,East Jaintia Hills,0.54 km NE of Lympyngngad, ,25.14965,92.214519,,,,Suspended
ME/EKJ/78O14/2015/51,Meghalaya,East Khasi Hills, ,NH-40,25.641194,91.890667,,,,Reactivated
MEG/WJH/83C4/2016/67,Meghalaya,East Jaintia Hills,Sonapur mandir 2,NH44,25.092981,92.353708,,,,Suspended
ME/WJH/83C03/2015/172,Meghalaya,West Jaintia Hills, , ,25.450464,92.095806,,,,Suspended
ME/EKJ/78O15/2015/140,Meghalaya,East Khasi Hills, ,1 km SW of Myllad village,25.315176,91.923021,,,,Active
MG/WGH/78K02/2020/1,Meghalaya,West Garo Hills,Lower Hawakhana slide,"Mohindra colony, Lower Hawakhana, Tura",25.51,90.21,,,,Active
MG/EKH/78O12/2017/35,Meghalaya,East Khasi Hills, ,Along Sohra Mawlong road,25.222501,91.714409,,,,Reactivated
ME/WJH/883C03/2015/191,Meghalaya,West Jaintia Hills, , ,25.356461,92.006278,,,,Suspended
ME/WJH/83C03/2015/176,Meghalaya,West Jaintia Hills, ,2km NW of Nongjrong,25.490472,92.069472,,,,Suspended
MEG/WJH/83C4/2016/124,Meghalaya,East Jaintia Hills,2.7km S of Umtyra,NH44,25.261117,92.385231,,,,Suspended
ME/EKJ/78O15/2015/84,Meghalaya,East Khasi Hills, ,Approach road to Lynyshing village,25.385535,91.988473,,,,Active
MEG/WKH/78O10/2016/10,Meghalaya,West Khasi Hills, ,Along NH44E near 40km mile stone,25.548089,91.647706,,,,Active
ME/EKH/83C02/2015/155,Meghalaya,East Khasi Hills, ,"1.7 km NE of Puriang,NH-44",25.545139,92.104778,,,,Suspended
MEG/WJH/83C4/2016/23,Meghalaya,West Jaintia Hills,1.87 km W of Power station,Myntdu Leshka power station road,25.233583,92.209583,,,,Suspended
MEG/WKH/78O10/2016/07,Meghalaya,West Khasi Hills,NH44E slide6,Along NH44E near 0.5 km NE of Mawlong,25.549789,91.645033,,,,Active
MG/EKH/78O12/2017/44,Meghalaya,East Khasi Hills, ,Along Sohra Mawlong road,25.2071,91.741225,,,,Active
ME/EKH/83C02/2015/150,Meghalaya,East Khasi Hills, ,"1.2 km E of Diengpasoh, NH-44",25.592972,92.055139,,,,Suspended
MEGH/WKH/78O04/2008/D-27,Meghalaya,West Khasi Hills,Shipur slide, ,25.20283,91.20908,,,,Reactivated
MEG/RIB/78O13/2016/10,Meghalaya,Ri-Bhoi,Umling slide,NH6,25.972964,91.858336,,,,Suspended
MEG/RIB/78O13/2016/5,Meghalaya,Ri-Bhoi,34.190 chainage slide,NH6,25.853111,91.881583,,,,Suspended
MG/EJH/83C11/2018/19,Meghalaya,East Jaintia Hills,Tongseng slide,Tongseng agri link road,25.321975,92.504228,,,,Active
MG/EKH/78O12/2017/36,Meghalaya,East Khasi Hills, ,Approach road to Mustoh,25.209427,91.646032,,,,Active
MG/EKH/78O12/2017/74,Meghalaya,East Khasi Hills, ,Along Sohra Mawlong road,25.229822,91.693551,,,,Active
ME/EKJ/78O15/2015/69,Meghalaya,East Khasi Hills, ,Shillong-Sohra road,25.450628,91.817767,,,,Active
MEGH/EKH/78O14/2007/D-17,Meghalaya,East Khasi Hills,Nongrimbah slide, ,25.56667,91.90194,,,, 
MEG/WKH/78O10/2016/19,Meghalaya,West Khasi Hills, ,NongkhlawPatharkhammah road,25.691453,91.645731,,,,Reactivated
MG/WKH/78O1/2020/4,Meghalaya,West Khasi Hills,Nongporuo-NamASoi slide-1,Nongporuo-NamASoi road,25.8,91.01,,,,Active
ME/EKJ/78O15/2015/109,Meghalaya,East Khasi Hills, ,NH-40 (Shillong-Dauki road),25.302544,91.925218,,,,Active
MG/EKH/78O08/2017/7,Meghalaya,East Khasi Hills, ,Along MawsynramBalat road,25.221406,91.387092,,,,Suspended
MG/WGH/78K02/2020/3,Meghalaya,West Garo Hills,Rongram-Dadenggre road slide,"Tura-Rongram-Dadenggre Road, 500 m NW of Rambatgre.",25.67,90.18,,,,Active
MG/WKH/78O02/2017/37,Meghalaya,West Khasi Hills,0.9 km NN of Mawiawban,Link road from NH44E from Mawliehdein,25.549139,91.244417,,,,Suspended
MG/WKH/78O02/2017/25,Meghalaya,West Khasi Hills,0.3 km W of Umsaw,NH44E,25.572492,91.209156,,,,Suspended
MEGH/JH/83C07/2009/D-28,Meghalaya,Jaintial hills,Kongong slide,NH-44 (Shillong - Silchar),25.42142,92.28894,,,, 
MEG/WJH/83C4/2016/09,Meghalaya,West Jaintia Hills,0.25 km N of Nongtalang,NH40E( Jowai Dawki road),25.211814,92.065517,,,,Suspended
ME/WJH/83C03/2015/174,Meghalaya,West Jaintia Hills, , ,25.343028,92.0625,,,,Suspended
ME/EKJ/78O14/2015/24,Meghalaya,East Khasi Hills, ,NH-40,25.708426,91.896406,,,,Suspended
ME/WJH/83C03/2015/145,Meghalaya,West Jaintia Hills, ,0.5 km W of Jowai,25.439833,92.181333,,,,Suspended
ML/RIB/78N16/2014/01,Meghalaya,Ri-Bhoi,17 mile A,GS road,26.02897,91.87197,,,,Active
MEGH/SGH/78K12/2007/D-21,Meghalaya,South Garo hills,Baghmara slide, ,25.23908,90.63944,,,, 
MEG/WJH/83C4/2016/65,Meghalaya,East Jaintia Hills,0.37 km NE of Sonapur mandir,NH44,25.091361,92.356889,,,,Suspended
MEG/WJH/83C4/2016/111,Meghalaya,East Jaintia Hills,2.47 km SSW of Sonapyrdi,Approach road Sonapur to Chapalong (right bank of Lubha river),25.096592,92.351017,,,,Suspended
MG/WKH/78O07/2017/1,Meghalaya,South West Khasi  Hills,Mawpud village slide,Mawpud village,25.266939,91.383208,,,,Active
MEG/WJH/83C4/2016/06,Meghalaya,West Jaintia Hills,0.21 km NE of Nongtalang Amsohmeheleng,NH40E,25.215611,92.077361,,,,Suspended
 ,Meghalaya,East Khasi Hills,,,25.44743611,91.59103889,Debris,Slide,"Landslide occurred in between 8hrs and 9hrs on 15th June 2022  as  per  the  information  by Mr.  Tobias  Mawlong,  the
Head man of Laitlarem village",Active
MEG/WJH/83C4/2016/118,Meghalaya,East Jaintia Hills,1.09 km NNW of Tongseng,NH44,25.149603,92.367964,,,,Suspended
ME/EKJ/78O15/2015/130,Meghalaya,East Khasi Hills, ,Approach road to Nongsder,25.326063,91.931808,,,,Active
MG/SWK/78O04/2017/6,Meghalaya,South West Khasi  Hills, ,AlongNonghyllam  Ranikor road,25.220764,91.187,,,,Active
MG/WKH/78O06/2017/17,Meghalaya,West Khasi Hills,Pyndengrei Metrology slide,"Pyndengrei, Nongstoin",25.527781,91.263214,,,,Suspended
MG/WKH/78O02/2017/20,Meghalaya,West Khasi Hills,1.3 km E of Mawliehdein,NH44E,25.565489,91.220686,,,,Suspended
MEG/WJH/83C4/2016/35,Meghalaya,West Jaintia Hills,2.80 km SW of Lympyngad,Muktapur ΓÇô Lympyngad road,25.148083,92.180639,,,,Suspended
ME/WJH/883C03/2015/189,Meghalaya,West Jaintia Hills, , ,25.347444,92.007917,,,,Suspended
ME/EKJ/78O15/2015/88,Meghalaya,East Khasi Hills, , ,25.449349,91.817118,,,,Suspended
ME/EKH/83C02/2015/181,Meghalaya,East Khasi Hills, , ,25.576806,92.242444,,,,Suspended
MG/WKH/78O02/2017/62,Meghalaya,West Khasi Hills,0.6 km SE of Umjaru,NH44E,25.581983,91.176972,,,,Suspended
MEG/RIB/78O13/2016/7,Meghalaya,Ri-Bhoi,Krosia slide,NH6,25.927972,91.877194,,,,Suspended
ME/EKJ/78O14/2015/43,Meghalaya,East Khasi Hills, ,Old shillong -Guwahati road,25.619861,91.875111,,,,Suspended
MEG/WKH/78O10/2016/23,Meghalaya,West Khasi Hills,NongkhlawPatharkhamma R.S10,NongkhlawPatharkhammah road about 5 km NE of Nongkhlaw village,25.700053,91.644486,,,,Active
ME/EKJ/78O15/2015/111,Meghalaya,East Khasi Hills, ,NH-40 (Shillong-Dauki road),25.301559,91.922585,,,,Active
ME/EKJ/78O15/2015/107,Meghalaya,East Khasi Hills, ,NH-40 (Shillong-Dauki road),25.32765,91.893414,,,,Active
MEG/WKH/78O10/2016/06,Meghalaya,West Khasi Hills,NH44E slide5,Along NH44E  SW of Mawsawa village,25.5502,91.618106,,,,Active
MG/WKH/78O02/2017/92,Meghalaya,West Khasi Hills,Riando petrolpump slide,NH44E,25.667472,91.066778,,,,Suspended
ME/EKJ/78O15/2015/114,Meghalaya,East Khasi Hills, ,Nongjiri approach road,25.282608,91.867354,,,,Suspended
MEG/WKH/78O10/2016/14,Meghalaya,West Khasi Hills,NongkhlawPatharkhamma R.S2,NongkhlawPatharkhammah road,25.687442,91.656183,,,,Active
MG/EKH/78O12/2017/3,Meghalaya,East Khasi Hills, ,<Null>,25.243783,91.738698,,,,Active
MEGH/WKH/78O04/2008/D-26,Meghalaya,West Khasi Hills,Rajai slide, ,25.201,91.234,,,, 
MG/WKH/78O06/2017/18,Meghalaya,West Khasi Hills,Myriaw slide,Myriaw village,25.587111,91.498556,,,,Active
MG/EKH/78O12/2017/27,Meghalaya,East Khasi Hills, ,Along Sohra Mawlong road,25.226046,91.701458,,,,Active
MEG/WJH/83C4/2016/12,Meghalaya,West Jaintia Hills,3.14 km E of Pdengshakap,Laremshiap road,25.232417,92.178881,,,,Suspended
ML/SWKH/78O07/2014/01,Meghalaya,South West Khasi Hills, ,Tynnai Village,25.31458,91.45242,,,,Suspended
MEGH/EKH/78O15/2008/D-49,Meghalaya,East Khasi Hills,Ryngnga-3 slide, ,25.364889,91.881,,,, 
MEG/RIB/78O09/2016/42,Meghalaya,Ri-Bhoi,Jirang village slide3,Patharkhamma Guwahati road 1 km NW of Jirang village,25.936583,91.563917,,,,Active
MEG/WJH/83C4/2016/104,Meghalaya,East Jaintia Hills,0.70 km NNW of Sonapur mandir,NH44,25.097997,92.355972,,,,Stabilized
MG/EKH/78O12/2017/19,Meghalaya,East Khasi Hills, ,Approach road to Sohbar village,25.212554,91.747962,,,,Active
MEG/WJH/83C4/2016/26,Meghalaya,East Khasi Hills,0.5 km NE of Dawki,Dawki┬á Muktapur road (Near petrol pump),25.184381,92.029531,,,,Suspended
MG/WKH/78O06/2017/8,Meghalaya,West Khasi Hills,Pyndengrei slide No 3,NH44E Nongstoin bypass,25.544906,91.268575,,,,Active
ME/WJH/883C03/2015/198,Meghalaya,West Jaintia Hills, , ,25.490475,92.069278,,,,Suspended
MG/EKH/78O11/2017/4,Meghalaya,East Khasi Hills, ,village approach road,25.326032,91.659568,,,,Suspended
ME/EKJ/78O15/2015/89,Meghalaya,East Khasi Hills, ,NH-40 (Shillong-Pynursla road),25.397287,91.872324,,,,Suspended
MG/EJH/83C11/2018/2,Meghalaya,East Jaintia Hills,Shnongrim slide,Shnongrim village,25.35093,92.51236,,,,Active
MEG/RIB/78O09/2016/54,Meghalaya,Ri-Bhoi,UmlingPatharkhamma R.S3,UmlingPatharkhamma road,25.934889,91.714389,,,,Dormant
ME/EKJ/78O15/2015/106,Meghalaya,East Khasi Hills, ,NH-40 (Shillong-Dauki road),25.34555,91.891461,,,,Active
MEGH/EKH/78O15/2008/D-43,Meghalaya,East Khasi Hills,Pynursla-2 slide, ,25.301444,91.9245,,,, 
MG/EKH/78O16/2017/15,Meghalaya,East Khasi Hills, ,Approach road to SohlaitNongshken,25.24327,91.866626,,,,Active
MEG/WJH/83C4/2016/114,Meghalaya,East Jaintia Hills,4.76 km SSW of Sonapyrdi,Approach road Sonapur to Chapalong (right bank of Lubha river),25.084611,92.335667,,,,Suspended
MG/SGH/78K11/2018/4,Meghalaya,South Garo hills,Nengkhra-Nongalbibra road slide,NH-62,25.48586,90.7005,,,,Inactive
ME/EKH/83C02/2015/154,Meghalaya,East Khasi Hills, ,"1 km NE of Puriang,NH-44",25.545083,92.103175,,,,Suspended
MG/WKH/78O06/2017/4,Meghalaya,South West Khasi  Hills,Mawphynsiar slide,Rambrai Road,25.615092,91.309872,,,,Active
MEG/WJH/83C4/2016/97,Meghalaya,East Jaintia Hills,Kuliang,NH44,25.075567,92.363317,,,,Suspended
ME/EKJ/78O15/2015/127,Meghalaya,East Khasi Hills, ,Myllad approach raod,25.324861,91.938389,,,,Suspended
MG/WKH/78O02/2017/28,Meghalaya,West Khasi Hills,1.3 km NE of Patharkhnang,NH44E,25.629683,91.163172,,,,Active
MEG/WJH/83C4/2016/99,Meghalaya,East Jaintia Hills,1.18 km NNW of Kuliang,NH44,25.083361,92.361083,,,,Suspended
ME/EKJ/78O14/2015/13,Meghalaya,East Khasi Hills, ,Near Nongumlong,25.572312,91.828292,,,,Suspended
ME/WJH/883C03/2015/188,Meghalaya,West Jaintia Hills, , ,25.346972,92.008278,,,,Suspended
MEG/WJH/83C4/2016/95,Meghalaya,East Jaintia Hills,0.80 km NE of Kuliang,NH44,25.073731,92.370786,,,,Suspended
MG/WKH/78O02/2017/40,Meghalaya,West Khasi Hills,1 km NW of Porla,NH44E,25.670083,91.094806,,,,Suspended
MG/WKH/78O1/2020/5,Meghalaya,West Khasi Hills,Nongporuo-NamASoi slide-2,Nongporuo-NamASoi road,25.79,91.02,,,,Active
ME/EKJ/78O15/2015/128,Meghalaya,East Khasi Hills, ,Myllad approach raod,25.325889,91.935222,,,,Active
MG/EJH/83C11/2018/12,Meghalaya,East Jaintia Hills,Bomkhosngi slide,Bomkhosngi-Saipung road,25.333758,92.589778,,,,Active
MEG/WJH/83C4/2016/119,Meghalaya,East Jaintia Hills,Brishyrnot Slide,Approach to Brishyrnot,25.164133,92.417747,,,,Suspended
ME/EKH/83C02/2015/153,Meghalaya,East Khasi Hills, ,NH-44,25.544506,92.102033,,,,Active
MG/EKH/78O11/2017/13,Meghalaya,East Khasi Hills, ,<Null>,25.282943,91.580161,,,,Active
ME/EKH/83C02/2015/152,Meghalaya,East Khasi Hills, ,"Puriang, NH-44",25.542806,92.096972,,,,Active
MEG/WKH/78O10/2016/20,Meghalaya,West Khasi Hills,NongkhlawPatharkhamma R.S7,NongkhlawPatharkhammah road,25.692947,91.648044,,,,Active
MG/EKH/78O16/2017/8,Meghalaya,East Khasi Hills, ,Along approach road to Laitiam,25.222528,91.765256,,,,Active
MG/WKH/78O03/2017/10,Meghalaya,West Khasi Hills,0.3 km SSW of Nongraingap,Maweit  Nongraingap road,25.436306,91.050361,,,,Suspended
MEG/WJH/83C4/2016/90,Meghalaya,East Jaintia Hills,2.10 km SE of Umkiang,NH44,25.052236,92.399047,,,,Suspended
MG/WKH/78O02/2017/102,Meghalaya,West Khasi Hills,Nongprut,Riangdo  Boko road,25.690833,91.056556,,,,Stabilized
MEGH/EKH/78O15/2008/D-55,Meghalaya,East Khasi Hills,Mawkajem-2 slide, ,25.389028,91.874917,,,, 
ME/EKJ/78O14/2015/52,Meghalaya,East Khasi Hills, ,Near Dewsaw,25.576847,91.753423,,,,Reactivated
ME/EKJ/78O14/2015/36,Meghalaya,East Khasi Hills, ,Old shillong -Guwahati road,25.614537,91.87005,,,,Suspended
MEGH/EKH/78O11/2009/D-37,Meghalaya,East Khasi Hills,Umstew landslide,Road (Shillong-Sohra),25.300389,91.726722,,,, 
ME/WJH/83C03/2015/168,Meghalaya,West Jaintia Hills, ,2 km SW of Jowai,25.426194,92.180472,,,,Suspended
MG/WKH/78O02/2017/54,Meghalaya,West Khasi Hills,1.8 km NE of Nongkaniang,Mawkadiang  Nongkaniang road,25.536889,91.206556,,,,Suspended
 ,Meghalaya,East Khasi Hills,,,25.49833333,91.73361111,Debris,Slide,New slide,Active
MG/WKH/78O02/2017/94,Meghalaya,West Khasi Hills,1.3 km E of porshieh,NH44E,25.647514,91.055144,,,,Suspended
MEG/WJH/83C4/2016/134,Meghalaya,East Jaintia Hills,1.92 km SE of Lympyngngad, ,25.136047,92.222064,,,,Dormant
 ,Meghalaya,East Khasi Hills,,,25.35861111,91.97208333,Debris,Slide,"Occurred  on  4th  April,  2022  at  around  7:00  hrs  due  to
heavy rainfall.",Active
MG/EKH/78O12/2017/64,Meghalaya,East Khasi Hills, ,Along Sohra Mawlong road,25.206686,91.73898,,,,Active
ME/EKH/83C02/2015/171,Meghalaya,East Khasi Hills, , ,25.559778,92.226278,,,,Suspended
ME/EKJ/78O15/2015/92,Meghalaya,East Khasi Hills, ,NH-40 (Shillong-Pynursla road),25.391723,91.871851,,,,Suspended
MEG/WKH/78O10/2016/48,Meghalaya,West Khasi Hills,Ladpanai village slide1,MairangPatharkhamma  road 2 km NE of Ladpanai village,25.763347,91.657153,,,,Active
MG/EKH/78O12/2017/72,Meghalaya,East Khasi Hills, ,<Null>,25.158643,91.525222,,,,Active
MG/WKH/78O02/2017/107,Meghalaya,West Khasi Hills,1.1 km N of Nongprut,Riangdo  Boko road,25.698667,91.054778,,,,Suspended
MG/EKH/78O12/2017/34,Meghalaya,East Khasi Hills, ,Along ShelalSohra road,25.180032,91.65815,,,,Active
MEG/WJH/83C4/2016/98,Meghalaya,East Jaintia Hills,0.69 km N of Kuliang,NH44,25.079,92.361667,,,,Suspended
ME/WJH/83C03/2015/185,Meghalaya,West Jaintia Hills, , ,25.263806,92.203,,,,Suspended
MEG/WJH/83C4/2016/21,Meghalaya,West Jaintia Hills,0.79 km SW of Power station,Myntdu Leshka power station road,25.229972,92.223278,,,,Suspended
ME/RIB/78N12/2015/105,Meghalaya,Ri-Bhoi,Shakhoikuna-2,"Shakhoikuna-2, Ri-Bhoi, Meghalaya",26.007083,91.909806,,,,Active
MG/WJH/83C06/2018/6,Meghalaya,West Jaintia hills,Mynso quarry slide,Mynso-Samatan road,25.561281,92.330142,,,,Active
ME/EKJ/78O15/2015/104,Meghalaya,East Khasi Hills, ,NH-40 (Shillong-Pynursla road),25.349742,91.893423,,,,Active
MEGH/EKH/78O15/2008/D-42,Meghalaya,East Khasi Hills,Pynursla slide, ,25.301167,91.929306,,,, 
ME/EKJ/78O14/2015/28,Meghalaya,East Khasi Hills, ,Near Nongumlong,25.568837,91.833286,,,,Reactivated
MG/SGH/78K14/2018/3,Meghalaya,South Garo hills,Rongjeng slide,NH44E,25.565569,90.808153,,,,Active
MG/EKH/78O12/2017/32,Meghalaya,East Khasi Hills, ,Along SohraMawlong road,25.206573,91.738428,,,,Active
MG/WKH/78O02/2017/75,Meghalaya,West Khasi Hills,1.6 km SE of Tumtum,NH44E,25.644222,91.158528,,,,Suspended
MEG/WJH/83C4/2016/89,Meghalaya,East Jaintia Hills,1.81 km SE of Umkiang,NH44,25.049744,92.400678,,,,Suspended
MG/WGH/78G14/2020/2,Meghalaya,West Garo Hills,Tura-Ampati road slide no 2,"SH-12, Tura-Ampati Road, near Hajonggre.",25.57,89.98,,,,Active
MG/WGH/78K06/2020/8,Meghalaya,West Garo Hills,Rongram-Jengjal road slide 8,"NH-217,Paikan-Tura Dalu Road",25.62,90.33,,,,Dormant
MG/WKH/78O02/2017/88,Meghalaya,West Khasi Hills,0.8 km NW of Porla,NH44E,25.671944,91.096139,,,,Suspended
MG/WKH/78O06/2017/9,Meghalaya,West Khasi Hills,Siejlieh slide no. 1,NH44E Nongstoin bypass,25.550122,91.250286,,,,Suspended
ME/WJH/83C03/2015/175,Meghalaya,West Jaintia Hills, ,.7km SE of Dienglieng,25.463778,92.04425,,,,Suspended
MG/EKH/78O16/2017/12,Meghalaya,East Khasi Hills, ,along sohrashella bypass from Sohbar village,25.188327,91.761486,,,,Active
MG/EKH/78O12/2017/65,Meghalaya,East Khasi Hills, ,Along Sohra Mawlong road,25.206885,91.740497,,,,Active
MEG/WJH/83C4/2016/103,Meghalaya,East Jaintia Hills,0.67 km SE of Sonapur mandir,NH44,25.087917,92.357906,,,,Stabilized
 ,Meghalaya,West Garo Hills,,,25.38163333,90.06033889,Debris,Slide,"Landslide occurred around 2:00  hrs on 9th June 2022 as per the  information  by  Mr  Sangrit  Sangma,  the  owner  of  the house whose house was damaged.",Active
MG/EKH/78O08/2017/5,Meghalaya,East Khasi Hills, ,Along MawsynramBalat road,25.247518,91.450545,,,,Active
ME/WJH/883C03/2015/195,Meghalaya,West Jaintia Hills, , ,25.439889,92.181083,,,,Suspended
MG/WKH/78K14/2018/2,Meghalaya,West Khasi Hills,South-West of  Nongchram Ading,NH-44E,25.552992,90.814503,,,,Active
MG/EKH/78O12/2017/1,Meghalaya,East Khasi Hills, ,<Null>,25.243358,91.747094,,,,Active
MEG/WJH/83C4/2016/139,Meghalaya,East Jaintia Hills,2.63 km E of Umsatai, ,25.281122,92.345397,,,,Suspended
MEG/RIB/78O13/2016/11,Meghalaya,Ri-Bhoi,Hynniangban Them slide,NH6,25.998847,91.863883,,,,Suspended
ME/EKJ/78O15/2015/120,Meghalaya,East Khasi Hills, ,Tangamng approach road,25.269949,91.875273,,,,Active
MG/WKH/78O1/2020/7,Meghalaya,West Khasi Hills,Aradonga slide,Hahim-Riangdo road,25.85,91.17,,,,Active
ME/EKJ/78O15/2015/134,Meghalaya,East Khasi Hills, ,Approach road to Nongsder,25.320833,91.9275,,,,Active
MEG/RIB/78O13/2016/2,Meghalaya,Ri-Bhoi,47.020 chainage slide,NH6,25.759278,91.882861,,,,Suspended
MG/EKH/78O12/2017/26,Meghalaya,East Khasi Hills, ,along sohrashella bypass from Sohbar village,25.20655,91.744914,,,,Reactivated
MEG/WJH/83C4/2016/39,Meghalaya,West Jaintia Hills,0.58km NNW of Lympyngad,Muktapur ΓÇô Lympyngad road,25.153272,92.206058,,,,Suspended
MEG/WJH/83C4/2016/93,Meghalaya,East Jaintia Hills,Umkiang 2,NH44,25.068158,92.380058,,,,Suspended
MG/WKH/78O1/2020/3,Meghalaya,West Khasi Hills,Malangkona-Nongporuo slide-3,Malangkona-Nongporuo road,25.81,91.02,,,,Active
MEG/RIB/78O13/2016/6,Meghalaya,Ri-Bhoi,34.300 chainage slide,NH6,25.852222,91.881361,,,,Suspended
ME/EKH/83C02/2015/159,Meghalaya,East Khasi Hills, , ,25.674,92.157667,,,,Suspended
ME/RBH/78N16/2015/113,Meghalaya,Ri-Bhoi,Nongspong,"Nongspong, Meghalaya",26.08125,91.798278,,,,Reactivated
MG/WKH/78O02/2017/74,Meghalaya,West Khasi Hills,1.7 km SE of Tumtum,NH44E,25.643494,91.159222,,,,Suspended
MG/EKH/78O12/2017/14,Meghalaya,East Khasi Hills, ,Along Sohra Mawlong road,25.224654,91.735929,,,,Active
MG/EJH/83C11/2018/17,Meghalaya,East Jaintia Hills,Thuruk slide no 5,Lura-Thuruk road,25.309969,92.69525,,,,Active
MEG/WJH/83C4/2016/16,Meghalaya,West Jaintia Hills,1.15 km S of Satpator,Laremshiap road,25.200333,92.200472,,,,Suspended
MG/EKH/78O12/2017/5,Meghalaya,East Khasi Hills, ,along sohrashella bypass from Sohbar village,25.205623,91.736208,,,,Active
MG/EKH/78O11/2017/1,Meghalaya,East Khasi Hills,Arwa Slide,Along the way (near) to Arwa cave,25.298951,91.726475,,,,Reactivated
MEG/WJH/83C4/2016/22,Meghalaya,West Jaintia Hills,0.85 km SW of Power station,Myntdu Leshka power station road,25.229167,92.2235,,,,Suspended
MEG/WKH/78O10/2016/22,Meghalaya,West Khasi Hills,NongkhlawPatharkhamma R.S9,NongkhlawPatharkhammah road,25.696489,91.644528,,,,Active
MG/WKH/78O5/2020/5,Meghalaya,Ri Bhoi,Belahari slide,Belahari village,25.84,91.47,,,,Active
MG/EKH/78O12/2017/16,Meghalaya,East Khasi Hills, ,Along Sohra Mawlong road,25.219787,91.710947,,,,Active
MG/WKH/78O02/2017/56,Meghalaya,West Khasi Hills,0.4 km NE of Nongkaniang,Mawkadiang  Nongkaniang road,25.533183,91.205647,,,,Suspended
MG/EJH/83C11/2018/18,Meghalaya,East Jaintia Hills,Thuruk slide no 6,Lura-Thuruk road,25.318161,92.687219,,,,Active
MG/WKH/78O02/2017/8,Meghalaya,West Khasi Hills,1 km E of Mawruksoin,Riwang  Langpih road,25.618994,91.185681,,,,Suspended
MEGH/EKH/78O15/2008/D-54,Meghalaya,East Khasi Hills,Mawkajem slide, ,25.386583,91.874694,,,, 
ME/EKJ/78O14/2015/45,Meghalaya,East Khasi Hills, ,Umj jew- Lumpyngrope approach road,25.599815,91.860028,,,,Suspended
MG/WKH/78O03/2017/14,Meghalaya,West Khasi Hills,1.1 km N of Nongphanwior,Phlangdiloin  langpa road,25.288467,91.224269,,,,Suspended
MEG/WJH/83C4/2016/131,Meghalaya,West Jaintia Hills,0.47 km NE of Lympyngngad, ,25.150286,92.213508,,,,Suspended
MEG/RIB/78O09/2016/39,Meghalaya,Ri-Bhoi,Paham slide2,Patharkhamma Guwahati road 2 km S of Paham village,25.945619,91.548883,,,,Active
MG/WKH/78O03/2017/4,Meghalaya,West Khasi Hills,1 km N of Nongpathar,Nongstoin  Maweit road,25.455817,91.086289,,,,Suspended
MG/WKH/78O02/2017/43,Meghalaya,West Khasi Hills,1.5 km SW of Porla,NH44E,25.666028,91.091167,,,,Suspended
MEG/RIB/78O09/2016/35,Meghalaya,Ri-Bhoi,Huro Jirang village slide3,0.5 km SW of Huro Jirang vilalge,25.971897,91.562372,,,,Dormant
MG/EKH/78O11/2017/5,Meghalaya,South West Khasi  Hills, ,<Null>,25.289055,91.533039,,,,Suspended
MEG/RIB/78O09/2016/38,Meghalaya,Ri-Bhoi,Paham slide,Patharkhamma Guwahati road 0.5 km S of Paham village,25.9545,91.546622,,,,Active
MG/WKH/78O02/2017/101,Meghalaya,West Khasi Hills,Mawthengkut,Riangdo  Mawthengkut road,25.678306,91.07975,,,,Suspended
MEG/WJH/83C4/2016/122,Meghalaya,East Jaintia Hills,1.5 km W of Narphu,NH44,25.192422,92.37705,,,,Suspended
ME/EKJ/78O15/2015/105,Meghalaya,East Khasi Hills, ,NH-40 (Shillong-Pynursla road),25.34815,91.892506,,,,Active
MG/EKH/78O16/2017/7,Meghalaya,East Khasi Hills, ,Approach road to SohlaitNongshken,25.234097,91.866071,,,,Reactivated
MG/EKH/78O12/2017/50,Meghalaya,East Khasi Hills, ,Approach road to Mustoh,25.209703,91.646662,,,,Active
MG/WKH/78O02/2017/35,Meghalaya,West Khasi Hills,1.9 km NE of Mawkadiang,Link road from NH44E from Mawliehdein,25.552647,91.237072,,,,Suspended
MG/EKH/78O12/2017/22,Meghalaya,East Khasi Hills, ,along sohrashella bypass from Sohbar village,25.207515,91.746839,,,,Active
MG/WKH/78O02/2017/21,Meghalaya,West Khasi Hills,0.8 km E of Mawliehdein,NH44E,25.563239,91.225711,,,,Suspended
MG/EJH/83C11/2018/10,Meghalaya,East Jaintia Hills,Daistong slide no-3,1 km North of Daistong,25.343939,92.5849,,,,Active
MEG/RIB/78O09/2016/33,Meghalaya,Ri-Bhoi,Huro Jirang village slide1,0.5km NE of Huro Jirang vilalge,25.994619,91.577214,,,,Active
MG/WKH/78O02/2017/76,Meghalaya,West Khasi Hills,1.5 km E of Tumtum,NH44E,25.644944,91.158153,,,,Suspended
MG/EKH/78O12/2017/79,Meghalaya,East Khasi Hills, ,Along Sohra Mawlong road,25.227183,91.690972,,,,Active
MEGH/WGH/78K03/2007/D-20,Meghalaya, West Garo Hills,Khoronggiri slide,Road (NH - 62),25.25419,90.21486,,,, 
MG/WKH/78O03/2017/5,Meghalaya,West Khasi Hills,2 km NW of Umwein,Maweit  Shallang B road,25.376992,91.038136,,,,Suspended
ME/EKJ/78O14/2015/41,Meghalaya,East Khasi Hills, ,Old shillong -Guwahati road,25.615134,91.872232,,,,Active
ME/EKJ/78O15/2015/73,Meghalaya,East Khasi Hills, ,khrang approach road,25.348394,91.762714,,,,Suspended
ME/EKJ/78O14/2015/40,Meghalaya,East Khasi Hills, ,Old shillong -Guwahati road,25.614912,91.871711,,,,Suspended
MG/EKH/78O12/2017/78,Meghalaya,East Khasi Hills, ,Along Mawlong  Tyrna road,25.23416,91.690216,,,,Active
ME/WJH/883C03/2015/197,Meghalaya,West Jaintia Hills, , ,25.262931,92.203628,,,,Suspended
MEGH/EKH/78O14/2009/D-38,Meghalaya,East Khasi Hills,Sohryngkham Rock Fall,NH-44,25.536972,91.973639,,,, 
MG/EJH/83C11/2018/3,Meghalaya,East Jaintia Hills,Daistong Slide,4 km North of Daistong village,25.35465,92.5735,,,,Active
ME/EKJ/78O15/2015/99,Meghalaya,East Khasi Hills, ,NH-40 (Shillong-Pynursla road),25.359985,91.882639,,,,Suspended
MG/WKH/78O02/2017/48,Meghalaya,West Khasi Hills,0.4 km SW of Thahkanar,Nongstoin  Maweit road,25.508,91.225694,,,,Suspended
MEGH/WGH/78K02/2007/D-19,Meghalaya, West Garo Hills,Tura town (Rishipara) slide, ,25.51028,90.21678,,,, 
MG/WGH/78K06/2020/10,Meghalaya,West Garo Hills,Rongram-Jengjal road slide 10,"NH-217,Paikan-Tura Dalu Road",25.63,90.33,,,,Active
 ,Meghalaya,South Garo Hills,,,25.21273889,90.63216111,Debris,Slide,"Landslide  occurred  around  4.30  hrs  on  17th  June  2022  as per the information by Devina Almara, the house owner.",Active
MEGH/JH/83C08/2007/D-23,Meghalaya,Jaintial hills,Sonapur slide,NH-44,25.12186,92.388583,,,, 
MG/WKH/78O02/2017/1,Meghalaya,West Khasi Hills,Rwiang,NH44E,25.602683,91.180708,,,,Suspended
MEG/WJH/83C4/2016/58,Meghalaya,East Jaintia Hills,1.33 km NW of Rathacherra,NH44,25.044833,92.429333,,,,Suspended
MEG/WJH/83C4/2016/72,Meghalaya,East Jaintia Hills,1.16 km NNE of Kuliang,NH44,25.083061,92.360322,,,,Active
MEGH/EKH/78O14/2007/D-24,Meghalaya,East Khasi Hills,Mawiong slide, ,25.626417,91.887028,,,, 
MEGH/EKH/78O15/2008/D-44,Meghalaya,East Khasi Hills,Pynursla-4 slide, ,25.298806,91.923167,,,, 
MEG/WJH/83C4/2016/115,Meghalaya,East Jaintia Hills,2.31 km NE of Sonapyrdi,NH44,25.126972,92.388083,,,,Suspended
MG/WKH/78O06/2017/20,Meghalaya,South West Khasi  Hills,Nongstoin taxi stand slide,NH44E,25.519556,91.266444,,,,Active
ME/EKJ/78O15/2015/65,Meghalaya,East Khasi Hills, ,Shillong-Sohra road,25.390714,91.764766,,,,Dormant
AS/KAM/78N16/2015/76,Meghalaya,Ri-Bhoi,Barpathar,Barpathar Quarry,26.086975,91.7831,,,,Active
MG/WKH/78O02/2017/22,Meghalaya,West Khasi Hills,Urkali,NH44E,25.569222,91.217222,,,,Suspended
MG/EKH/78O12/2017/12,Meghalaya,East Khasi Hills, ,Along LawbahHat Mawdon,25.181759,91.573658,,,,Active
MEGH/EKH/83C02/2009/D-33,Meghalaya,East Khasi Hills,Puriang-3 slide,NH-44 (Shillong - Silchar),25.54264,92.10214,,,, 
 ,Meghalaya,East Khasi Hills,,,25.64906111,91.89733611,Rock,Slide,"August, 2019 & July, 2020",Active
MG/EKH/78O12/2017/24,Meghalaya,East Khasi Hills, ,Along Mawlong  Tyrna road,25.23572,91.68776,,,,Active
MEG/WJH/83C4/2016/02,Meghalaya,West Jaintia Hills,3.16 km NE of  Nongtalang Amsohmeheleng,NH40E,25.236428,92.096172,,,,Suspended
MEG/WJH/83C4/2016/130,Meghalaya,East Jaintia Hills,2.27 km SW of Borghat, ,25.157592,92.239928,,,,Suspended
MEG/WKH/78O10/2016/08,Meghalaya,West Khasi Hills,NH44E slide7,100 m SW of NH44E between milestone 36 & 37,25.535628,91.679575,,,,Active
MEG/EKH/78O10/2016/31,Meghalaya,East Khasi Hills,ShillongMairang bypass R.S3,New Shillong mairang bypass road 1 km NE of Sohiong village,25.509358,91.719631,,,,Active
ME/EKJ/78O14/2015/35,Meghalaya,East Khasi Hills, ,Old shillong -Guwahati road,25.614112,91.869632,,,,Suspended
MG/WKH/78K15/2018/4,Meghalaya,West Khasi Hills,South of Shikna,-,25.311336,90.969222,,,,Active
MG/WGH/78K06/2020/7,Meghalaya,West Garo Hills,Rongram-Jengjal road slide 7,"NH-217,Paikan-Tura Dalu Road",25.61,90.31,,,,Dormant
MG/EKH/78O12/2017/31,Meghalaya,East Khasi Hills, ,Along Sohra Mawlong road,25.218961,91.707094,,,,Active
ME/EKJ/78O15/2015/142,Meghalaya,East Khasi Hills, ,Umj jew- Lumpyngrope approach road,25.60339,91.856222,,,,Active
MG/WKH/78O02/2017/69,Meghalaya,West Khasi Hills,0.7 km NW of Umjaru,NH44E,25.599817,91.176394,,,,Suspended
ME/EKH/83C02/2015/146,Meghalaya,East Khasi Hills, ,"1.5 km w of Pomura, NH-44",25.541611,92.0125,,,,Suspended
MG/EKH/78O16/2017/3,Meghalaya,East Khasi Hills, ,Approach road to SohlaitNongshken,25.225772,91.863037,,,,Reactivated
MG/EKH/78O12/2017/33,Meghalaya,East Khasi Hills,Shella slide,250 m N of Shella village(Along shella river),25.181969,91.637545,,,,Reactivated
MEGH/WKH/78O07/2007/D-4,Meghalaya,West Khasi Hills,Mawthawiang slide, ,25.4013,91.45855,,,, 
ME/EKH/83C02/2015/144,Meghalaya,East Khasi Hills, ,1 km NE of Umpaitklong,25.746806,92.107806,,,,Suspended
ME/EKJ/78O15/2015/115,Meghalaya,East Khasi Hills, ,Tangamng approach road,25.256259,91.868197,,,,Active
MEGH/EKH/78O15/2008/D-47,Meghalaya,East Khasi Hills,Ryngnga slide, ,25.359611,91.889417,,,, 
ME/EKJ/78O15/2015/72,Meghalaya,East Khasi Hills, ,khrang approach road,25.338631,91.777559,,,,Suspended
ME/EKJ/78O15/2015/96,Meghalaya,East Khasi Hills, ,NH-40 (Shillong-Pynursla road),25.382428,91.874568,,,,Active
ME/EKJ/78O15/2015/75,Meghalaya,East Khasi Hills, ,khrang approach road,25.35525,91.767889,,,,Active
MEGH/WKH/78O06/2007/D-7,Meghalaya,West Khasi Hills,Mawkawah slide,PWD road (SH),25.51973,91.28443,,,, 
MG/WGH/78K06/2020/16,Meghalaya,West Garo Hills,Tura-Williamnagar road slide no 3,"SH-1, Tura-Williamnagar Road, Chinabat, Meghalaya.",25.56,90.37,,,,Active
ME/EKJ/78O14/2015/04,Meghalaya,East Khasi Hills, ,Lum- Diengei Rd,25.637274,91.844234,,,,Active
MG/WKH/78O02/2017/13,Meghalaya,West Khasi Hills,0.7 km NW of Mawiawban,NH44E,25.546456,91.235733,,,,Suspended
MG/WKH/78O03/2017/8,Meghalaya,West Khasi Hills,Maweit,Maweit  Nongraingap road,25.436875,91.06105,,,,Suspended
MEGH/EKH/78O15/2008/D-60,Meghalaya,East Khasi Hills,Mawkajem-7 slide, ,25.430167,91.866528,,,, 
MEGH/EKH/78O14/2009/D-40,Meghalaya,East Khasi Hills,Lamlyer landslide 2,Shillong-Silchar road (NH-44),25.5275,91.918861,,,, 
MG/SWK/78O04/2017/2,Meghalaya,South West Khasi  Hills, ,<Null>,25.239068,91.174728,,,,Active
MG/WKH/78O02/2017/14,Meghalaya,West Khasi Hills,0.76 km NW of Mawiawban,NH44E,25.546553,91.235222,,,,Suspended
MG/WKH/78O02/2017/89,Meghalaya,West Khasi Hills,0.9 km NW of Porla,NH44E,25.6715,91.095233,,,,Suspended
ME/EKJ/78O14/2015/03,Meghalaya,East Khasi Hills, ,Lum- Diengei Rd,25.636913,91.843235,,,,Active
MG/WKH/78O02/2017/55,Meghalaya,West Khasi Hills,5 km NE of Nongkaniang,Mawkadiang  Nongkaniang road,25.534486,91.205492,,,,Suspended
MG/EKH/78O12/2017/2,Meghalaya,East Khasi Hills, ,Along Sohra Mawlong road,25.223769,91.740164,,,,Active
 ,Meghalaya,West Khasi Hills,,,25.52901389,91.26188611,Debris,Slide,"Occurred on 17thJune, 2023 at 4:00 AM.",Active
MEG/WJH/83C4/2016/71,Meghalaya,East Jaintia Hills,0.86 km NE of Kuliang,NH44,25.074439,92.371186,,,,Dormant
MEG/WJH/83C4/2016/64,Meghalaya,East Jaintia Hills,0.59 km NE of Sonapur,NH44,25.092083,92.35925,,,,Suspended
MG/EKH/78O12/2017/67,Meghalaya,East Khasi Hills, ,Along Sohra Mawlong road,25.22175,91.693006,,,,Active
MEG/RIB/78O13/2016/17,Meghalaya,Ri-Bhoi,Umsehkhlieng,SH,25.951106,91.968889,,,,Suspended
MG/WKH/78O03/2017/1,Meghalaya,West Khasi Hills,0.9 km E of Mawlait,Nongstoin  Maweit road,25.496367,91.163575,,,,Suspended
MG/EKH/78O11/2017/7,Meghalaya,East Khasi Hills, ,ShillongMawsynram road,25.423674,91.721317,,,,Active
MG/WKH/78O02/2017/6,Meghalaya,West Khasi Hills,0.9 km NNW of Mawlynngdep,NH44E,25.581822,91.189944,,,,Suspended
MEG/WKH/78O10/2016/13,Meghalaya,West Khasi Hills,NongkhlawPatharkhamma R.S1,NongkhlawPatharkhammah road,25.688011,91.658069,,,,Active
 ,Meghalaya,East Khasi Hills,,,25.51046111,91.70312778,Debris,Slide,NA,Active
MEG/WJH/83C4/2016/107,Meghalaya,East Jaintia Hills,1.47 km W of Sonapyrdi,Approach road Sonapur to Chapalong (right bank of Lubha river),25.117453,92.35705,,,,Suspended
 ,Meghalaya,East Khasi Hills,,,25.62,91.88272222,Soil,Slide,Last landslide occurred in 2013,Active
MEG/WJH/83C4/2016/109,Meghalaya,East Jaintia Hills,2.09 km SW of Sonapyrdi,Approach road Sonapur to Chapalong (right bank of Lubha river),25.112806,92.350194,,,,Suspended
MEG/WJH/83C4/2016/86,Meghalaya,East Jaintia Hills,0.08 km N of Wakho,NH44,25.047906,92.404822,,,,Dormant
ME/EKJ/78O14/2015/25,Meghalaya,East Khasi Hills, ,NH-40,25.711032,91.891803,,,,Active
ML/RIB/78N16/2014/06,Meghalaya,Ri-Bhoi,19 Mile,GS Road,26.00294,91.86692,,,,Suspended
MEGH/EKH/78O15/2008/D-45,Meghalaya,East Khasi Hills,Pynursla-3 slide, ,25.311778,91.917528,,,, 
MG/WKH/78O02/2017/86,Meghalaya,West Khasi Hills,Porla,NH44E,25.669678,91.102908,,,,Suspended
MG/EJH/83C11/2018/4,Meghalaya,East Jaintia Hills,Pdeingrynkati slide,Pdeingrynkati-Saipung road,25.375806,92.609725,,,,Active
MEG/WJH/83C4/2016/30,Meghalaya,West Jaintia Hills,5.5 km NE of┬á Dawki┬á,Dawki Muktapur road,25.189106,92.079564,,,,Suspended
MG/WKH/78O02/2017/17,Meghalaya,West Khasi Hills,1.3 km NNW of Mawiaban,NH44E,25.551667,91.2325,,,,Suspended
ME/EKJ/78O15/2015/67,Meghalaya,East Khasi Hills, ,Shillong-Sohra road,25.398345,91.769704,,,,Suspended
MEG/RIB/78O09/2016/49,Meghalaya,Ri-Bhoi,Patharkhamma village Slide1,Patharkhamma Guwahati road 1 km NW of Patharkhamma village,25.895583,91.599333,,,,Active
 ,Meghalaya,West Jaintia Hills,,,25.44741667,92.20138889,Soil,Slide,First occurrence on 26.05.2020,Suspended
ME/WJH/83C03/2015/179,Meghalaya,West Jaintia Hills, , ,25.266222,92.202528,,,,Suspended
MG/EJH/83C11/2018/15,Meghalaya,East Jaintia Hills,Thuruk slide no 3,Lura-Thuruk road,25.316519,92.692311,,,,Active
 ,Meghalaya,East Khasi Hills,,,25.296,91.932,Rock,Slide,"4th April, 2022",Active
MG/EKH/78O11/2017/3,Meghalaya,East Khasi Hills, ,Along MawsynramLawbah,25.277934,91.575,,,,Reactivated
ME/EKJ/78O15/2015/81,Meghalaya,East Khasi Hills, ,Near Mawlat village,25.359331,91.974469,,,,Active
ME/WJH/83C03/2015/170,Meghalaya,West Jaintia Hills, ,7km S of Jarain,25.312667,92.130417,,,,Suspended
MEG/EKH/78O10/2016/30,Meghalaya,East Khasi Hills,ShillongMairang bypass R.S2,New Shillong mairang bypass road 2 km NW of Sohiong village,25.509233,91.703961,,,,Active
 ,Meghalaya,East Khasi Hills,,,25.345,91.891,Rock,Slide,March-April 2022,Active
MEG/WJH/83C4/2016/141,Meghalaya,East Jaintia Hills,Tongseng,NH44,25.134293,92.38155,,,,Active
MEG/EKH/78O10/2016/29,Meghalaya,East Khasi Hills,ShillongMairang bypass R.S1,New Shillong mairang bypass road 1.5 km NW of Sohiong village,25.507586,91.708236,,,,Active
 ,Meghalaya,East Khasi Hills,,,25.39611111,91.99194444,Debris,Slide,Landslide occurred at 7.00 hrs on 4th April 2022,Active
MG/EKH/78O11/2017/10,Meghalaya,East Khasi Hills, ,Along MawsynramLawbah,25.273477,91.577794,,,,Suspended
MG/EJH/83C11/2018/6,Meghalaya,East Jaintia Hills,Ngaibang slide,Ngaibang-Saipung road,25.363156,92.618839,,,,Active
MEG/WJH/83C4/2016/20,Meghalaya,West Jaintia Hills,0.94 km SW of Power station,Myntdu Leshka power station road,25.230047,92.221119,,,,Stabilized
MG/WKH/78O06/2017/13,Meghalaya,West Khasi Hills,NH44E bypass slide,NH44E Nongstoin bypass,25.545939,91.284283,,,,Active
MG/WKH/78K15/2018/1,Meghalaya,West Khasi Hills,Northwest of Awiak,-,25.479069,90.807167,,,,Inactive
ME/EKH/83C02/2015/186,Meghalaya,East Khasi Hills, , ,25.489833,92.069033,,,,Suspended
ME/EKJ/78O15/2015/66,Meghalaya,East Khasi Hills, ,Shillong-Sohra road,25.397722,91.769417,,,,Suspended
MEG/WJH/83C4/2016/140,Meghalaya,East Jaintia Hills,Sonapur Landslide,NH44,25.104417,92.365028,,,,Suspended
MEG/WJH/83C4/2016/49,Meghalaya,East Jaintia Hills,0.48 km NE of Rathacherra,NH44,25.037722,92.439556,,,,Suspended
MG/EJH/83C11/2018/16,Meghalaya,East Jaintia Hills,Thuruk slide no 4,Lura-Thuruk road,25.316519,92.692,,,,Active
MG/WKH/78O1/2020/6,Meghalaya,West Khasi Hills,Chitrapul slide,Hahim-Riangdo road,25.8,91.11,,,,Active
MG/WKH/78O02/2017/82,Meghalaya,West Khasi Hills,1.1 km NW of Sinduli,NH44E,25.644833,91.134778,,,,Suspended
MG/EKH/78O12/2017/69,Meghalaya,East Khasi Hills, ,<Null>,25.237221,91.679456,,,,Active
MEG/WKH/78O10/2016/25,Meghalaya,West Khasi Hills,MairangNongkhlaw R.S1,"MairangNongkhlaw road, about 3 km NE of Nongthymmai village",25.660539,91.635431,,,,Active
ME/EKJ/78O14/2015/39,Meghalaya,East Khasi Hills, ,Old shillong -Guwahati road,25.614807,91.871158,,,,Suspended
MEG/RB/78O14/2017/01,Meghalaya,Ri-Bhoi,Tharia slide,Tharia village,25.663444,91.915944,,,,Active
ME/EKJ/78O14/2015/53,Meghalaya,East Khasi Hills, ,5 km Nongthliw,25.577212,91.75219,,,,Reactivated
ME/EKJ/78O15/2015/101,Meghalaya,East Khasi Hills, ,NH-40 (Shillong-Pynursla road),25.359923,91.883122,,,,Active
MG/WGH/78K06/2020/6,Meghalaya,West Garo Hills,Rongram-Jengjal road slide 6,"NH-217,Paikan-Tura Dalu Road",25.61,90.3,,,,Active
MEG/RIB/83C1/2016/3,Meghalaya,Ri-Bhoi,South of Markang,SH,25.970062,92.054889,,,,Suspended
MG/WKH/78O02/2017/97,Meghalaya,West Khasi Hills,0.7 km S of Umdein,NH44E,25.628361,91.037139,,,,Suspended
MG/WKH/78O02/2017/27,Meghalaya,West Khasi Hills,1.5 km NE of Patharkhnang,NH44E,25.632286,91.162786,,,,Active
ME/EKJ/78O15/2015/126,Meghalaya,East Khasi Hills, ,myllad approach raod,25.324583,91.940667,,,,Active
MEGH/WKH/78O07/2007/D-5,Meghalaya,West Khasi Hills,Umjarain East slide, ,25.40547,91.53712,,,, 
MEG/WJH/83C4/2016/48,Meghalaya,East Jaintia Hills,0.55km NE of Rathacherra,NH44,25.037833,92.440417,,,,Suspended
MG/EGH/78K10/2018/2,Meghalaya,East Garo hills,Williamnagar road slide,NH-127B,25.50781,90.68,,,,Active
MEGH/JH/83C02/2009/D-30,Meghalaya,Jaintial hills,Jowai-2 slide,NH-44 (Shillong - Silchar),25.53458,92.11539,,,, 
MEG/RIB/78O13/2016/3,Meghalaya,Ri-Bhoi,46.720 chainage slide,NH6,25.760611,91.88225,,,,Suspended
 ,Meghalaya,West Jaintia Hills,,,25.43630556,92.19525,Soil,Slide,Occurred on 26.05.2020,Active
ME/EKJ/78O15/2015/121,Meghalaya,East Khasi Hills, ,Tangamng approach road,25.27142,91.874884,,,,Active
ME/RIB/78N12/2015/101,Meghalaya,Ri-Bhoi,Umpher,"Umpher, Meghalaya",26.086389,91.879083,,,,Active
MEGH/EKH/78O15/2008/D-48,Meghalaya,East Khasi Hills,Ryngnga-2 slide, ,25.359306,91.885111,,,, 
MG/EKH/78O12/2017/28,Meghalaya,East Khasi Hills, ,Along LawbahHat Mawdon,25.18092,91.570335,,,,Active
ME/EKH/83C02/2015/156,Meghalaya,East Khasi Hills, ,Khyndawsao,25.696556,92.109694,,,,Suspended
MEG/WJH/83C4/2016/70,Meghalaya,East Jaintia Hills,0.85 km NE of Kuliang,NH44,25.075167,92.370953,,,,Suspended
ME/EKJ/78O15/2015/80,Meghalaya,East Khasi Hills, ,Near Mawlat village,25.358977,91.973477,,,,Active
MG/EKH/78O12/2017/48,Meghalaya,East Khasi Hills, ,Along Sohra Mawlong road,25.216805,91.709405,,,,Active
MG/WKH/78O06/2017/11,Meghalaya,West Khasi Hills,Pyndengrei slide no. 4,NH44E Nongstoin bypass,25.545206,91.276144,,,,Active
MEGH/EKH/78O15/2008/D-52,Meghalaya,East Khasi Hills,Ryngnga-5 slide, ,25.376083,91.876944,,,, 
MG/EGH/78K14/2018/8,Meghalaya,East Garo hills,South of Nongchram Ading,NH 44E,25.557833,90.818103,,,,Inactive
MG/WKH/78O02/2017/47,Meghalaya,West Khasi Hills,0.5 km SW of Thahkanar,Nongstoin  Maweit road,25.507528,91.224333,,,,Suspended
ME/EKH/83C02/2015/164,Meghalaya,East Khasi Hills, ,"1.5km SSW of Pepbah, NH-44",25.539611,92.001556,,,,Suspended
MEG/WKH/78O10/2016/02,Meghalaya,West Khasi Hills,NH44E slide2,NH44E,25.523,91.521389,,,,Active
ML/EJH/83C08/2014/02,Meghalaya,East Jaintia Hills,Sonapyrdi,NH 44,25.11303,92.37394,,,,Suspended
MG/WKH/78O06/2017/3,Meghalaya,West Khasi Hills,"Nongspung slide,","1.4 km West of Nongspung, NH44E",25.545642,91.325403,,,,Active
MEG/WJH/83C4/2016/43,Meghalaya,West Jaintia Hills,1.40 km NW of Lympyngad,Muktapur ΓÇô Lympyngad┬á road,25.156889,92.198194,,,,Suspended
ME/EKJ/78O15/2015/90,Meghalaya,East Khasi Hills, ,NH-40 (Shillong-Pynursla road),25.394983,91.872484,,,,Suspended
MEG/WJH/83C4/2016/19,Meghalaya,West Jaintia Hills,0.84 km SW of Power station,Myntdu Leshka power station road,25.231383,92.2215,,,,Suspended
MEG/WJH/83C4/2016/102,Meghalaya,East Jaintia Hills,0.79 km W of Kuliang,NH44,25.079028,92.359111,,,,Suspended
ME/EKJ/78O14/2015/18,Meghalaya,East Khasi Hills, ,Lungkyrding- Mawpat Road,25.59578,91.917379,,,,Active
MG/WKH/78O02/2017/30,Meghalaya,West Khasi Hills,2.1 km E of Urkyllong,Link road from NH44E from Mawliehdein,25.560931,91.227694,,,,Suspended
MG/WKH/78O02/2017/53,Meghalaya,West Khasi Hills,0.8 km NE of Nongkaniang,Mawkadiang  Nongkaniang road,25.53725,91.206972,,,,Suspended
MG/WGH/78K05/2020/1,Meghalaya,West Garo Hills,NH-217 road slide,"NH-217 , Paikan-Tura-Dalu road, near Mendal village",25.79,90.44,,,,Active
MEG/WJH/83C4/2016/15,Meghalaya,West Jaintia Hills,1.5 km S of Satpator,Laremshiap road,25.202886,92.201147,,,,Suspended
MEG/WJH/83C4/2016/133,Meghalaya,East Jaintia Hills,0.97 km SE of Lympyngngad, ,25.143969,92.217497,,,,Suspended
ME/EKJ/78O14/2015/07,Meghalaya,East Khasi Hills, ,Lum- Diengei Rd,25.64213,91.851852,,,,Active
MG/WKH/78O02/2017/46,Meghalaya,West Khasi Hills,0.6 km SW of Thahkanar,Nongstoin  Maweit road,25.507378,91.223883,,,,Suspended
MEGH/WKH/78O07/2007/D-13,Meghalaya,West Khasi Hills,Mawpon slide, ,25.44465,91.34622,,,, 
MG/WKH/78O02/2017/103,Meghalaya,West Khasi Hills,0.5 km E of Nongprut,Riangdo  Boko road,25.691444,91.057,,,,Stabilized
MG/WKH/78O03/2017/12,Meghalaya,West Khasi Hills,2 km N of Kulang,Kulang  Sdaddkhar road,25.295881,91.071747,,,,Suspended
ME/EKJ/78O15/2015/136,Meghalaya,East Khasi Hills, ,Approach road to Mawkhap,25.391265,91.884164,,,,Suspended
MG/WKH/78O02/2017/51,Meghalaya,West Khasi Hills,1 km NE of Nongkaniang,Mawkadiang  Nongkaniang road,25.537636,91.208528,,,,Suspended
MEG/WJH/83C4/2016/126,Meghalaya,East Jaintia Hills,2.3 km S of Umtyra,NH44,25.264575,92.381497,,,,Suspended
ME/EKJ/78O14/2015/11,Meghalaya,East Khasi Hills, ,Near Nongumlong,25.571555,91.826228,,,,Suspended
MG/WKH/78O02/2017/78,Meghalaya,West Khasi Hills,1.3 km SE of Seinduli,NH44E,25.649856,91.154383,,,,Suspended
MG/EKH/78O11/2017/2,Meghalaya,East Khasi Hills, ,village approach road,25.295624,91.56964,,,,Suspended
MEG/WJH/83C4/2016/92,Meghalaya,East Jaintia Hills,Umkiang 1,NH44,25.062025,92.386975,,,,Suspended
 ,Meghalaya,East Khasi Hills,,,25.365263,91.878497,Rock,Slide,13th April 2023,Active
MG/EKH/78O12/2017/49,Meghalaya,East Khasi Hills, ,Along Sohra Mawlong road,25.227063,91.691293,,,,Active
MEG/WKH/78O10/2016/51,Meghalaya,West Khasi Hills, ,NongkhlawPatharkhammah road,25.687056,91.6485,,,,Active
MG/EKH/78O12/2017/18,Meghalaya,East Khasi Hills, ,Along Sohra Mawlong road,25.218732,91.740262,,,,Reactivated
ME/EKJ/78O14/2015/14,Meghalaya,East Khasi Hills, ,Near Nongumlong,25.57255,91.828833,,,,Suspended
ME/EKJ/78O15/2015/61,Meghalaya,East Khasi Hills, ,Shillong-Sohra road,25.381107,91.756477,,,,Suspended
ME/EKJ/78O14/2015/44,Meghalaya,East Khasi Hills, ,Umj jew- Lumpyngrope approach road,25.599762,91.860814,,,,Suspended
MEG/WJH/83C4/2016/106,Meghalaya,East Jaintia Hills,1.25 km SW of Sonapyrdi,Approach road Sonapur to Chapalong (right bank of Lubha river),25.114997,92.358378,,,,Dormant
ME/EKH/83C02/2015/157,Meghalaya,East Khasi Hills, ,Khyndawsao,25.704083,92.118833,,,,Suspended
ME/EKJ/78O14/2015/48,Meghalaya,East Khasi Hills, ,old shillong -guwahati road,25.627946,91.876487,,,,Suspended
ME/EKJ/78O14/2015/01,Meghalaya,East Khasi Hills, ,Lum- Diengei Rd,25.626794,91.829725,,,,Active
MG/WGH/78K06/2020/15,Meghalaya,West Garo Hills,Tura-Williamnagar road slide no 2,"SH-1, Tura-Williamnagar Road",25.56,90.34,,,,Active
MEG/RIB/78O13/2016/8,Meghalaya,Ri-Bhoi,13 km stone slide,NH6,25.997033,91.86235,,,,Suspended
MEGH/JH/83C08/2007/D-16,Meghalaya,Jaintial hills,Near Sonapur slide,Roads (NH - 44),25.08586,92.35869,,,, 
MEG/WJH/83C4/2016/37,Meghalaya,West Jaintia Hills,1.75 km NW of Lympyngad,Muktapur ΓÇô Lympyngad road,25.151189,92.191308,,,,Suspended
MEGH/EKH/83C02/2009/D-34,Meghalaya,East Khasi Hills,Puriang-4 slide,NH-44 (Shillong - Silchar),25.54231,92.1,,,, 
MG/WKH/78O03/2017/6,Meghalaya,West Khasi Hills,1.8 km W of Porkhadoh,Maweit  Shallang B road,25.361056,91.034889,,,,Suspended
ME/EKJ/78O15/2015/102,Meghalaya,East Khasi Hills, ,NH-40 (Shillong-Pynursla road),25.360004,91.8838,,,,Active
ME/EKJ/78O14/2015/08,Meghalaya,East Khasi Hills, ,Lum- Diengei Rd,25.642198,91.851055,,,,Active
MEG/RIB/78O09/2016/36,Meghalaya,Ri-Bhoi,Huro Jirang village slide4,4.5 km SW of Huro Jirang vilalge,25.972322,91.561125,,,,Suspended
MG/WJH/83C06/2018/2,Meghalaya,West Jaintia hills,Laskein slide,3 km north of Laskein slide,25.527489,92.415139,,,,Active
MEG/WJH/83C4/2016/110,Meghalaya,East Jaintia Hills,2.01 km SW of Sonapyrdi,Approach road Sonapur to Chapalong (right bank of Lubha river),25.111331,92.351128,,,,Dormant
MG/WKH/78O02/2017/49,Meghalaya,West Khasi Hills,0.68 km NW of Mawiawban,Mawkadiang  Nongkaniang road,25.545722,91.520556,,,,Suspended
MEG/WJH/83C4/2016/100,Meghalaya,East Jaintia Hills,1 km NNW of Kuliang,NH44,25.081381,92.359972,,,,Suspended
MG/WKH/78O02/2017/3,Meghalaya,West Khasi Hills,0.5 km NW of Umjaru,NH44E,25.599575,91.1782,,,,Active
MG/EKH/78O12/2017/55,Meghalaya,East Khasi Hills, ,Along Sohra Mawlong road,25.217886,91.73381,,,,Active
MEGH/WKH/78O07/2007/D-15,Meghalaya,West Khasi Hills,Jashiar East slide, ,25.38803,91.46977,,,, 
MEG/WJH/83C4/2016/53,Meghalaya,East Jaintia Hills,0.46 km N of Rathacherra,NH44,25.038361,92.43675,,,,Suspended
MG/WGH/78K02/2020/2,Meghalaya,West Garo Hills,Singimari-Tura road subsidence,"SH-2, Meghalaya, 300 m SE of Tiksali",25.6,90.03,,,,Active
MEG/WJH/83C4/2016/29,Meghalaya,West Jaintia Hills,1.13 km E of Sohkha mission,NH40E,25.214153,92.045428,,,,Suspended
ME/RIB/78N12/2015/102,Meghalaya,Ri-Bhoi,Upper Norbong-3,"Upper Norbong-3, Mylliem RF, Meghalaya",26.022094,91.832906,,,,Active
MEG/WJH/83C4/2016/96,Meghalaya,East Jaintia Hills,0.59 km NE of Kuliang,NH44,25.073,92.368778,,,,Suspended
MG/WKH/78O02/2017/66,Meghalaya,West Khasi Hills,Nonglang,Riwang  Langpih road,25.698111,91.18275,,,,Reactivated
MG/EJH/83C11/2018/1,Meghalaya,East Jaintia Hills,Nongryngkoh slide,2 km West of Nongryngkoh,25.484178,92.510928,,,,Active
MG/EKH/78O12/2017/70,Meghalaya,East Khasi Hills, ,Laitkynsew view point road,25.223553,91.671157,,,,Active
MG/EKH/78O12/2017/23,Meghalaya,East Khasi Hills, ,Along Hat MawdonShella bypass road,25.182254,91.618979,,,,Active
MEG/RIB/83C1/2016/1,Meghalaya,Ri-Bhoi,Khlieh Umlaita,SH,25.776087,92.03754,,,,Suspended
 ,Meghalaya,West Jaintia Hills,,,25.44233333,92.19447222,Debris,Slide,Initiated on 26th May 2020,Suspended
MG/EKH/78O12/2017/66,Meghalaya,East Khasi Hills, ,Along Sohra Mawlong road,25.208593,91.742294,,,,Reactivated
MG/WKH/78O02/2017/105,Meghalaya,West Khasi Hills,1.1 km NNE of Nongprut,Riangdo  Boko road,25.6985,91.056611,,,,Suspended
ME/WJH/883C03/2015/196,Meghalaya,West Jaintia Hills, ,1.5km E of Mynriah,25.400194,92.015731,,,,Suspended
MG/EKH/78O11/2017/9,Meghalaya,East Khasi Hills, ,Along the way to Arwa cave,25.299931,91.726268,,,,Active
ME/EKJ/78O15/2015/113,Meghalaya,East Khasi Hills, ,Mawbeh approach road,25.277215,91.865449,,,,Active
MG/EKH/78O12/2017/11,Meghalaya,East Khasi Hills, ,<Null>,25.220023,91.631989,,,,Active
MG/WKH/78O02/2017/45,Meghalaya,West Khasi Hills,0.2 km W of Riando petrolpump slide,NH44E,25.667744,91.597819,,,,Reactivated
ME/EKJ/78O15/2015/137,Meghalaya,East Khasi Hills, ,Approach road to Mawkhap,25.387781,91.877117,,,,Active
MEG/EKH/78O10/2016/32,Meghalaya,East Khasi Hills,ShillongMairang bypass R.S4,New Shillong mairang bypass road 2 km E of Sohiong village,25.504083,91.723028,,,,Active
MG/WKH/78O02/2017/65,Meghalaya,West Khasi Hills,1.5 km N of Siangra,Riwang  Langpih road,25.671125,91.178883,,,,Suspended
MG/WGH/78K03/2020/4,Meghalaya,West Garo Hills,Tura-Dalu road slide no 4,"NH-217,Tura Dalu Road, Tura",25.5,90.22,,,,Active
MG/SGH/78K11/2018/7,Meghalaya,South Garo hills,Nengkhra-Nongalbibra road slide,NH-62,25.403061,90.724166,,,,Active
ME/EKJ/78O15/2015/100,Meghalaya,East Khasi Hills, ,NH-40 (Shillong-Pynursla road),25.359922,91.882943,,,,Suspended
MEG/WKH/78O10/2016/16,Meghalaya,West Khasi Hills,NongkhlawPatharkhamma R.S4,NongkhlawPatharkhammah road,25.687083,91.650858,,,,Active
MG/WKH/78O02/2017/24,Meghalaya,West Khasi Hills,0.4 km w of Urkali,NH44E,25.570361,91.215056,,,,Suspended
 ,Meghalaya,East Khasi Hills,,,25.44716111,91.59067778,Debris,Slide,"Landslide occurred in between 8hrs and 9hrs on 15th June 2022  as  per  the  information  by Mr.  Tobias  Mawlong,  the Head man of Laitlarem village",Active
ME/EKJ/78O15/2015/59,Meghalaya,East Khasi Hills, ,NH-40,25.346641,91.891987,,,,Active
MEG/RIB/78O09/2016/37,Meghalaya,Ri-Bhoi,Huro Jirang village slide5,5 km SW of Huro Jirang vilalge,25.972469,91.560822,,,,Active
MG/WGH/78K06/2020/2,Meghalaya,West Garo Hills,Rongram-Jengjal road slide 2,"NH-217,Paikan-Tura Dalu Road, Near Rongram bazaar",25.6,90.29,,,,Active
MEG/WJH/83C4/2016/77,Meghalaya,East Jaintia Hills,1.08 km NE of Rathacherra,NH44,25.042189,92.441964,,,,Stabilized
MG/EKH/78O08/2017/4,Meghalaya,East Khasi Hills, ,<Null>,25.160398,91.489558,,,,Dormant
 ,Meghalaya,West Jaintia Hills,,,25.43505556,92.19836111,Debris,Slide,First occurrence on 26.05.2020,Suspended
MEG/RIB/83C1/2016/2,Meghalaya,Ri-Bhoi,Markang,SH,25.970032,92.056762,,,,Suspended
MG/SWK/78O04/2017/7,Meghalaya,South West Khasi  Hills, ,SH4,25.191366,91.040468,,,,Active
MG/EKH/78O12/2017/38,Meghalaya,East Khasi Hills, ,Along Mawlong  Tyrna road,25.222564,91.691398,,,,Active
MG/EKH/78O08/2017/2,Meghalaya,East Khasi Hills, ,Along Mawsynrambalat road,25.216169,91.389142,,,,Reactivated
MEG/WJH/83C10/2016/31,Meghalaya,West Jaintia Hills,N of Lumjem,Lumjem-Muthairain road,25.571,92.55128,,,,Active
MG/EGH/78K14/2018/7,Meghalaya,East Garo hills,South-West of Nongchram Ading,NH-44E,25.558058,90.809919,,,,Active
ME/EKJ/78O15/2015/85,Meghalaya,East Khasi Hills, , ,25.38707,91.988294,,,,Active
ME/EKJ/78O14/2015/19,Meghalaya,East Khasi Hills, ,NH-40,25.633896,91.891833,,,,Active
MG/EKH/78O16/2017/4,Meghalaya,East Khasi Hills, ,Along the approach road to Laitiam village,25.226751,91.754441,,,,Reactivated
MG/WKH/78O03/2017/13,Meghalaya,West Khasi Hills,3 km NNE of Kulang,Kulang  Sdaddkhar road,25.305047,91.075778,,,,Suspended
MG/EKH/78O16/2017/9,Meghalaya,East Khasi Hills, ,Along the NongshkenLakading road,25.199311,91.858857,,,,Active
MG/EKH/78O12/2017/46,Meghalaya,East Khasi Hills, ,Along Sohra Mawlong road,25.216464,91.735629,,,,Suspended
ME/EKJ/78O15/2015/76,Meghalaya,East Khasi Hills, ,NH 40 (Shillong-Pynursla road),25.423839,91.862729,,,,Reactivated
ME/EKJ/78O15/2015/77,Meghalaya,East Khasi Hills, ,NH 40 (Shillong-Pynursla road),25.437036,91.857168,,,,Dormant
MG/WKH/78O06/2017/21,Meghalaya,South West Khasi  Hills,Nongspung natural slide,NE of Nongspung,25.549961,91.341175,,,,Active
MG/WKH/78O02/2017/50,Meghalaya,West Khasi Hills,Mawkadiang,Mawkadiang  Nongkaniang road,25.544028,91.215472,,,,Suspended
MG/WKH/78O1/2020/2,Meghalaya,West Khasi Hills,Malangkona-Nongporuo slide-2,Malangkona-Nongporuo road,25.83,91.05,,,,Active
ME/WJH/883C03/2015/192,Meghalaya,West Jaintia Hills, , ,25.356361,92.004972,,,,Suspended
MG/SWK/78O04/2017/4,Meghalaya,South West Khasi  Hills, ,SH4,25.197881,91.139559,,,,Active
ME/WJH/883C03/2015/193,Meghalaya,West Jaintia Hills, , ,25.358972,92.003131,,,,Suspended
ME/WJH/883C03/2015/194,Meghalaya,West Jaintia Hills, , ,25.341306,92.009611,,,,Suspended
ME/EKJ/78O14/2015/02,Meghalaya,East Khasi Hills, ,Lum- Diengei Rd,25.637026,91.844464,,,,Active
ME/EKJ/78O14/2015/49,Meghalaya,East Khasi Hills, ,old shillong -guwahati road,25.630652,91.87886,,,,Suspended
ME/EKJ/78O15/2015/70,Meghalaya,East Khasi Hills, ,Shillong-Sohra road,25.452164,91.819054,,,,Suspended
MEG/WJH/83C4/2016/47,Meghalaya,East Jaintia Hills,0.60 km NE of Rathacherra,NH40,25.038186,92.440725,,,,Suspended
ME/EKJ/78O14/2015/32,Meghalaya,East Khasi Hills, ,Mawatawar- Bhoilymbong Rd,25.656408,91.900528,,,,Active
MG/EKH/78O16/2017/13,Meghalaya,East Khasi Hills, ,NH40 (PynurslaDawki road),25.228755,91.963018,,,,Active
ME/RIB/78N16/2015/110,Meghalaya,Ri-Bhoi,16th mile,"16th mile, NH-40, Ri-Bhoi, Meghalaya",26.033583,91.867083,,,,Active
MG/EKH/78O12/2017/58,Meghalaya,East Khasi Hills, ,Along Mawlong  Tyrna road,25.234952,91.689803,,,,Active
MG/EGH/78K10/2018/3,Meghalaya,East Garo hills,Williamnagar road slide,NH-127B,25.5014,90.68972,,,,Active
MG/EJH/2018/83CO8/01,Meghalaya,East Jaintia Hills,Sonapur 4km mile stone,NH6,25.112861,92.877556,,,,Active
MG/SWKH/78K15/2018/1,Meghalaya,South West Khasi  Hills,West of Riangud,-,25.440153,90.881372,,,,Active
MEG/WJH/83C4/2016/59,Meghalaya,East Jaintia Hills,1.38 km NW of Rathacherra,NH44,25.044442,92.427761,,,,Suspended
MEG/RIB/78O09/2016/44,Meghalaya,Ri-Bhoi,Jirang village slide5,Patharkhamma Guwahati road about 1 km NW of Jirang village,25.935833,91.56525,,,,Active
MG/WKH/78O07/2017/3,Meghalaya,South West Khasi  Hills,Turnia Shining Secondary School slide,Ngunrao village.,25.299369,91.325575,,,,Active
MEG/WKH/78O10/2016/26,Meghalaya,West Khasi Hills,MairangNongkhlaw R.S2,"MairangNongkhlaw road, about 3 km NE of Nongthymmai village",25.660333,91.635083,,,,Active
MEG/RIB/83C1/2016/7,Meghalaya,Ri-Bhoi,Mawkynrong,SH,25.75634,92.017832,,,,Suspended
ME/EKJ/78O15/2015/117,Meghalaya,East Khasi Hills, ,Tangamng approach road,25.257449,91.87187,,,,Active
MG/WKH/78O02/2017/85,Meghalaya,West Khasi Hills,1.2 km W of Mawthylliang,NH44E,25.668317,91.114858,,,,Suspended
MG/WJH/83C06/2018/3,Meghalaya,West Jaintia hills,Mynso slide,1 km east of Mynso,25.551667,92.331806,,,,Active
ME/EKH/83C02/2015/160,Meghalaya,East Khasi Hills, ,.6 km N of Umpaitklong,25.747333,92.117333,,,,Suspended
MG/EKH/78O12/2017/10,Meghalaya,East Khasi Hills, ,Approach road to Mustoh,25.209456,91.646315,,,,Active
ME/EKH/83C02/2015/148,Meghalaya,East Khasi Hills, ,".5 km NE of Thangshalai, NH-44",25.576203,92.057722,,,,Suspended
ME/EKJ/78O14/2015/22,Meghalaya,East Khasi Hills, ,NH-40,25.654639,91.898222,,,,Active
MG/WKH/78O1/2020/8,Meghalaya,West Khasi Hills,Banspani slide,Banspani,25.83,91.14,,,,Active
MEG/WJH/83C4/2016/51,Meghalaya,East Jaintia Hills,0.13 km SE of Rathacherra,NH44,25.033514,92.435539,,,,Suspended
MG/SWK/78O04/2017/1,Meghalaya,South West Khasi  Hills,Ranikor slide,AlongNonghyllam  Ranikor road (nearRanikor),25.211269,91.208223,,,,Reactivated
ME/WJH/883C03/2015/190,Meghalaya,West Jaintia Hills, , ,25.347353,92.010558,,,,Suspended
MEGH/WKH/78O07/2007/D-12,Meghalaya,West Khasi Hills,Tynnai East slide, ,25.31848,91.45262,,,, 
 ,Meghalaya,West Jaintia Hills,,,25.44177778,92.19558333,Debris,Slide,Initiated on 26th May 2020,Suspended
MG/WKH/78O02/2017/87,Meghalaya,West Khasi Hills,Porla 1,NH44E,25.66975,91.100222,,,,Suspended
ME/EKJ/78O15/2015/119,Meghalaya,East Khasi Hills, ,Tangamng approach road,25.2608,91.8736,,,,Active
MEGH/EKH/78O08/2008/D-25,Meghalaya,East Khasi Hills,Throngpleng slide,Trongpleng – Wawsynram – Balat Road,25.23707,91.43212,,,, 
ME/EKJ/78O15/2015/138,Meghalaya,East Khasi Hills, ,Approach road to Mawkhap,25.388039,91.8773,,,,Active
MG/EKH/78O12/2017/54,Meghalaya,East Khasi Hills, ,Along Sohra Mawlong road,25.216078,91.738387,,,,Active
MEGH/EKH/83C02/2009/D-31,Meghalaya,East Khasi Hills,Puriang slide,NH-44 (Shillong - Silchar),25.54261,92.10867,,,, 
MG/WKH/78O02/2017/10,Meghalaya,West Khasi Hills,0.5 km NW of Rwiang,NH44E,25.606969,91.176158,,,,Suspended
MG/WKH/78O02/2017/5,Meghalaya,West Khasi Hills,1.5 km NNW of Mawnar,NH44E,25.581572,91.181611,,,,Suspended
MEGH/JH/83C08/2007/D-22,Meghalaya,Jaintial hills,Tongseng slide,NH - 44,25.134194,92.383528,,,, 
MG/EKH/78O12/2017/40,Meghalaya,East Khasi Hills, ,Along Sohra Mawlong road,25.224506,91.704403,,,,Active
MG/WKH/78O02/2017/83,Meghalaya,West Khasi Hills,1.2 km NW of Sinduli,NH44E,25.663303,91.1347,,,,Suspended
MG/WKH/78O02/2017/90,Meghalaya,West Khasi Hills,1.2 km NW of Porla,NH44E,25.670639,91.09525,,,,Suspended
MG/WKH/78O02/2017/33,Meghalaya,West Khasi Hills,1.7 km NE of Mawkadiang,Link road from NH44E from Mawliehdein,25.558489,91.230911,,,,Suspended
MG/EKH/78O12/2017/43,Meghalaya,East Khasi Hills, ,Along LawbahHat Mawdon,25.214783,91.590875,,,,Active
MG/EKH/78O12/2017/42,Meghalaya,East Khasi Hills, ,Along Hat MawdonShella bypass road,25.180536,91.576839,,,,Active
MEG/WJH/83C4/2016/13,Meghalaya,West Jaintia Hills,4.1 km E of  Pdengshakap,Laremshiap road,25.228472,92.187806,,,,Suspended
MG/EKH/78O12/2017/13,Meghalaya,East Khasi Hills, ,Along Sohra Mawlong road,25.221164,91.719886,,,,Active
ME/WJH/83C03/2015/180,Meghalaya,West Jaintia Hills, ,.80 km E of Leshka Dam,25.266067,92.204897,,,,Suspended
 ,Meghalaya,East Jaintia Hills,,,25.37539167,92.431275,Debris,Slide,"Occurred during wee hours of 28thMay, 2024 at 4:30 AM",Active
MEG/WJH/83C4/2016/137,Meghalaya,East Jaintia Hills,4.50km SE of Lympyngngad,┬á,25.122381,92.243069,,,,Suspended
MG/EJH/83C11/2018/8,Meghalaya,East Jaintia Hills,Molasngi slide,1 km West of Molasngi,25.36565,92.5314,,,,Active
MEG/RIB/83C1/2016/5,Meghalaya,Ri-Bhoi,Umlatara,SH,25.796657,92.143462,,,,Suspended
 ,Meghalaya,West Jaintia Hills,,,25.45075,92.19452778,Debris,Slide,First occurrence on 26.05.2020,Suspended
MG/EJH/83C11/2018/9,Meghalaya,East Jaintia Hills,Daistong slide,4 km North of Daistong,25.354239,92.572861,,,,Active
MEG/WJH/83C4/2016/121,Meghalaya,East Jaintia Hills,0.63 km SE of Narphu,NH44,25.165222,92.388389,,,,Suspended
ME/EKH/83C02/2015/162,Meghalaya,East Khasi Hills, , ,25.746722,92.111139,,,,Suspended
MG/WKH/78O03/2017/7,Meghalaya,West Khasi Hills,1.7 km W of  Porkhadoh,Maweit  Shallang B road,25.359281,91.035939,,,,Suspended
MG/EKH/78O12/2017/71,Meghalaya,East Khasi Hills, ,along sohrashella bypass from Sohbar village,25.206892,91.736341,,,,Active
MG/WKH/78O02/2017/70,Meghalaya,West Khasi Hills,0.6 km NNW of Umjaru,NH44E,25.600736,91.177453,,,,Suspended
MEGH/EKH/78O15/2009/D-41,Meghalaya,East Khasi Hills,Siatbakan slide, ,25.294778,91.930833,,,, 
MEG/WJH/83C4/2016/61,Meghalaya,East Jaintia Hills,0.42km E of Danaubluh,NH44,25.044417,92.423908,,,,Suspended
MEGH/EKH/83C02/2009/D-32,Meghalaya,East Khasi Hills,Puriang-2 slide,NH-44 (Shillong - Silchar),25.54328,92.10478,,,, 
MEGH/EKH/78O15/2008/D-57,Meghalaya,East Khasi Hills,Mawkajem-4 slide, ,25.413306,91.871139,,,, 
ME/EKJ/78O15/2015/116,Meghalaya,East Khasi Hills, ,Tangamng approach road,25.257286,91.871763,,,,Active
ME/EKJ/78O14/2015/34,Meghalaya,East Khasi Hills, ,Old shillong -Guwahati road,25.613917,91.868639,,,,Relict
MEG/WJH/83C4/2016/04,Meghalaya,West Jaintia Hills,2km NE of Nongtalang Amsohmeheleng,NH40E,25.226806,92.090611,,,,Suspended
MEGH/EKH/78O15/2008/D-51,Meghalaya,East Khasi Hills,Ryngnga-6 slide, ,25.372139,91.879889,,,, 
MG/EKH/78O12/2017/68,Meghalaya,East Khasi Hills, ,Along Mawlong  Tyrna road,25.236582,91.688857,,,,Active
MG/WKH/78O02/2017/68,Meghalaya,West Khasi Hills,2.7 km W of Rwiang,NH44E  Umshinrut road,25.607458,91.157039,,,,Suspended
ME/EKJ/78O14/2015/31,Meghalaya,East Khasi Hills, ,Mawatawar- Bhoilymbong Rd,25.637365,91.932235,,,,Active
MG/EKH/78O12/2017/60,Meghalaya,East Khasi Hills, ,Approach road to Tyrna village,25.240338,91.677786,,,,Active
MG/WKH/78O02/2017/80,Meghalaya,West Khasi Hills,0.7 km NNW of Seinduli,NH44E,25.660275,91.144308,,,,Suspended
MG/RIB/83B04/2018/2,Meghalaya,Ri-Bhoi,Umsiang-Markanduba road slide,"Sonalkuchi, Umsiang-Markanduba road",26.0591,92.236,,,,Active
MG/WKH/78O02/2017/95,Meghalaya,West Khasi Hills,1 km NE of Umdein,NH44E,25.639417,91.044806,,,,Suspended
MG/WKH/78O02/2017/9,Meghalaya,West Khasi Hills,1.2 km NE of Mawruksoin,Riwang  Langpih road,25.625331,91.182614,,,,Suspended
MEG/WJH/83C4/2016/112,Meghalaya,East Jaintia Hills,2.91 km SSW of Sonapyrdi,Approach road Sonapur to Chapalong (right bank of Lubha river),25.095131,92.350111,,,,Stabilized
MEGH/EKH/78O15/2008/D-56,Meghalaya,East Khasi Hills,Mawkajem-3 slide, ,25.391944,91.875028,,,, 
MG/EKH/78O11/2017/16,Meghalaya,East Khasi Hills, ,Along MawsynramLawbah,25.27342,91.578074,,,,Active
MG/WKH/78O02/2017/15,Meghalaya,West Khasi Hills,1.2 km NNW of Mawiaban,NH44E,25.550608,91.232894,,,,Suspended
MEG/WJH/83C4/2016/94,Meghalaya,East Jaintia Hills,0.93 km E of Kuliang,NH44,25.073217,92.372161,,,,Dormant
MG/WKH/78O02/2017/42,Meghalaya,West Khasi Hills,1.2 km SSW of Porla,NH44E,25.667417,91.092333,,,,Suspended
ME/WJH/83C03/2015/173,Meghalaya,West Jaintia Hills, ,2.5km NW of Mynsang,25.343528,92.069028,,,,Suspended
MG/WKH/78O02/2017/41,Meghalaya,West Khasi Hills,1.3 km SW of Porla,NH44E,25.667072,91.091972,,,,Suspended
MG/WKH/78O02/2017/52,Meghalaya,West Khasi Hills,0.9 km NE of Nongkaniang,Mawkadiang  Nongkaniang road,25.537344,91.207542,,,,Suspended
MEG/WJH/83C4/2016/87,Meghalaya,East Jaintia Hills,0.11 km NE of Wakho,┬á,25.047556,92.405806,,,,Suspended
MEG/EJH/83CO8/2018/01,Meghalaya,East Jaintia Hills,Sonapur 4km mile stone,NH-6,25.09178,92.35469,,,,Active
MG/WKH/78O02/2017/93,Meghalaya,West Khasi Hills,0.3 km W of Riando petrolpump slide,NH44E,25.667597,91.063169,,,,Suspended
MEG/WJH/83C4/2016/14,Meghalaya,West Jaintia Hills,Satpator,Laremshiap road,25.206972,92.208028,,,,Suspended
ME/EKH/83C02/2015/183,Meghalaya,East Khasi Hills, ,1km W of Nartiang,25.569333,92.202139,,,,Suspended
MG/EKH/78O12/2017/47,Meghalaya,East Khasi Hills, ,50 m downslope of approach road to Sohbar village,25.209568,91.745894,,,,Active
MG/WKH/78O02/2017/2,Meghalaya,West Khasi Hills,0.6 km NW of Umjaru,NH44E,25.598908,91.175628,,,,Suspended
ME/EKJ/78O14/2015/50,Meghalaya,East Khasi Hills, , ,25.64366,91.899342,,,,Active
MG/WKH/78O06/2017/19,Meghalaya,South West Khasi  Hills,Domkseh slide,Domkseh road,25.525533,91.467683,,,,Active
MG/EKH/78O12/2017/39,Meghalaya,East Khasi Hills, ,Along LawbahHat Mawdon,25.205078,91.57517,,,,Active
MG/WKH/78O02/2017/31,Meghalaya,West Khasi Hills,2.2 km E of Urkyllong,Link road from NH44E from Mawliehdein,25.560667,91.228028,,,,Suspended
ME/EKJ/78O14/2015/10,Meghalaya,East Khasi Hills, ,Near Nongumlong,25.571256,91.825464,,,,Reactivated
MG/WKH/78O03/2017/15,Meghalaya,West Khasi Hills,6.7 km S of Nongphanwior,Wakhaji  Mawthabah road,25.357472,91.229167,,,,Suspended
MG/EJH/83C11/2018/20,Meghalaya,East Jaintia Hills,Daistong slide no 5,1 km north of Daistong village,25.343111,92.584269,,,,Active
MEG/WJH/83C4/2016/85,Meghalaya,East Jaintia Hills,0.26 km NW of Donaskul,NH44,25.047444,92.409156,,,,Dormant
MEG/WJH/83C4/2016/28,Meghalaya,West Jaintia Hills,Amlari,Amlari Syndai road,25.191611,92.155361,,,,Suspended
MEGH/WKH/78O06/2007/D-9,Meghalaya,West Khasi Hills,Nongjyllieh-2 slide, ,25.50667,91.28318,,,, 
MG/EGH/78K14/2018/4,Meghalaya,East Garo hills,Southeast of Nongberam,-,25.716594,90.822539,,,,Inactive
MEG/RIB/78O13/2016/16,Meghalaya,Ri-Bhoi,Umdihar,NH6,25.865894,91.880278,,,,Suspended
ME/EKJ/78O14/2015/42,Meghalaya,East Khasi Hills, ,Old shillong -Guwahati road,25.617787,91.872745,,,,Suspended
MEG/WJH/83C4/2016/69,Meghalaya,East Jaintia Hills,Donaskul,NH44,25.045389,92.410444,,,,Suspended
MG/WKH/78O03/2017/2,Meghalaya,West Khasi Hills,Wah Lyngdoh,Nongstoin  Maweit road,25.496081,91.117675,,,,Suspended
ME/EKJ/78O15/2015/110,Meghalaya,East Khasi Hills, ,NH-40 (Shillong-Dauki road),25.301676,91.923138,,,,Active
ME/EKJ/78O14/2015/55,Meghalaya,East Khasi Hills, ,Near Dewsaw,25.585875,91.777328,,,,Active
MG/WKH/78O02/2017/19,Meghalaya,West Khasi Hills,1.7 km E of Urkyllong,NH44E,25.558442,91.228547,,,,Suspended
MEG/WKH/78O10/2016/21,Meghalaya,West Khasi Hills,NongkhlawPatharkhamma R.S8,NongkhlawPatharkhammah road,25.692933,91.647703,,,,Active
ME/WJH/83C03/2015/169,Meghalaya,West Jaintia Hills, ,2.5 km SW of Jowai,25.426306,92.181278,,,,Suspended
ME/EKJ/78O15/2015/87,Meghalaya,East Khasi Hills, ,lyngshing approach road,25.407917,91.998889,,,,Active
MG/WKH/78O02/2017/104,Meghalaya,West Khasi Hills,0.6 km E of Nongprut,Riangdo  Boko road,25.693222,91.0555,,,,Stabilized
MEG/WJH/83C4/2016/57,Meghalaya,East Jaintia Hills,1.29 km NW of Rathacherra,NH44,25.044778,92.430333,,,,Suspended
MEG/WJH/83C4/2016/138,Meghalaya,East Jaintia Hills,2.24 km E of Umsatai, ,25.282267,92.341433,,,,Suspended
MG/EKH/78O16/2017/1,Meghalaya,East Khasi Hills, ,Along approach road to Laitiam village,25.222304,91.763619,,,,Active
MG/WKH/78O03/2017/3,Meghalaya,West Khasi Hills,0.5 kmmiangshang SSW of Nong,Nongstoin  Maweit road,25.462319,91.096836,,,,Suspended
ME/EKJ/78O14/2015/17,Meghalaya,East Khasi Hills, ,NH-40,25.616596,91.876562,,,,Active
MG/WKH/78O06/2017/14,Meghalaya,West Khasi Hills,Pyndengrei slide no 5,NH44E Nongstoin bypass,25.547867,91.292589,,,,Active
MG/WKH/78O02/2017/61,Meghalaya,West Khasi Hills,1.5 km N of Mawnar,NH44E,25.582061,91.185611,,,,Suspended
MG/WJH/83C06/2018/1,Meghalaya,West Jaintia hills,Jonglawit slide,Jonglawit village,25.578206,92.266856,,,,Active
MEG/EKH/78O10/2016/09,Meghalaya,East Khasi Hills,Nongbri village Slide,1 km W of Nongbri village,25.542744,91.662067,,,,Active
MEG/WJH/83C4/2016/55,Meghalaya,East Jaintia Hills,0.92 km NNW of Rathacherra,NH44,25.042556,92.435028,,,,Suspended
MG/WKH/78O03/2017/16,Meghalaya,West Khasi Hills,7 km S of Nongthynniew,Wakhaji  Mawthabah road,25.356475,91.225489,,,,Suspended
MG/WKH/78O02/2017/99,Meghalaya,West Khasi Hills,Riangdo,NH44E,25.672167,91.066028,,,,Suspended
ME/RIB/78N12/2015/104,Meghalaya,Ri-Bhoi,Dokduki,"En-route to Dokduki, Ri-Bhoi, Meghalaya",26.027583,91.886556,,,,Active
MG/SGH/78K11/2018/1,Meghalaya,South Garo hills,Nengkhra-Nongalbibra road slide,NH-62,25.39466,90.69083,,,,Active
MEGH/JH/78O15/2009/D-36,Meghalaya,Jaintial hills,Laitlongkot slide,NH-40 (Shillong-Pynursla),25.43561,91.862056,,,, 
MG/EKH/78O11/2017/6,Meghalaya,East Khasi Hills, ,ShillongMawsynram road,25.446933,91.742919,,,,Active
MG/EKH/78O11/2017/11,Meghalaya,East Khasi Hills, ,Along MawsynramLawbah,25.26851,91.580418,,,,Active
MG/EKH/78O12/2017/7,Meghalaya,East Khasi Hills, ,<Null>,25.240315,91.733388,,,,Active
MG/EKH/78O12/2017/29,Meghalaya,East Khasi Hills, ,<Null>,25.207314,91.592357,,,,Active
MEGH/EKH/78O15/2008/D-50,Meghalaya,East Khasi Hills,Ryngnga-4 slide, ,25.36925,91.879611,,,, 
ME/EKJ/78O15/2015/123,Meghalaya,East Khasi Hills, ,Pynter approach raod,25.300281,91.944944,,,,Active
 ,Meghalaya,East Khasi Hills,,,25.35908333,91.97433333,Debris,flow,Landslide occurred at 7.00 hrs on 4th April 2022.,Active
ME/EKJ/78O15/2015/63,Meghalaya,East Khasi Hills, ,Shillong-Sohra road,25.382898,91.757906,,,,Dormant
ML/RIB/78O13/2014/10,Meghalaya,Ri-Bhoi,Pamdingoh B,GS road,25.92792,91.87717,,,,Suspended
MEG/RIB/78O13/2016/14,Meghalaya,Ri-Bhoi,Lumjana Slide II,NH6,25.956333,91.85725,,,,Suspended
MG/WKH/78O02/2017/38,Meghalaya,West Khasi Hills,1 km NN of Mawiawban,Link road from NH44E from Mawliehdein,25.549333,91.246583,,,,Suspended
MEG/WJH/83C4/2016/34,Meghalaya,West Jaintia Hills,3.05 km SW of Lympyngad,Muktapur ΓÇô Lympyngad road,25.148019,92.178114,,,,Suspended
ME/EKJ/78O14/2015/16,Meghalaya,East Khasi Hills, ,Near Nongumlong,25.57428,91.831851,,,,Suspended
MEGH/WKH/78O07/2007/D-10,Meghalaya,West Khasi Hills,Tynnai (West) slide, ,25.31488,91.44913,,,, 
MEG/WJH/83C4/2016/120,Meghalaya,East Jaintia Hills,1.09 km SE of Narphu,NH44,25.165028,92.388056,,,,Suspended
MEG/WJH/83C4/2016/05,Meghalaya,West Jaintia Hills,0.24 km NE of Nongtalang Amsohmeheleng,NH40E,25.215583,92.077639,,,,Suspended
MG/EKH/78O16/2017/14,Meghalaya,East Khasi Hills, ,Approach road to SohlaitNongshken,25.243671,91.866854,,,,Active
MG/WKH/78O02/2017/59,Meghalaya,West Khasi Hills,0.6 km NNW of Mawlynniang,Urkali  Nongkhniang road,25.583236,91.237317,,,,Suspended
MEG/WJH/83C4/2016/129,Meghalaya,East Jaintia Hills,1.38 km NNE of Umtyra,NH44,25.297628,92.387525,,,,Suspended
 ,Meghalaya,South Garo Hills,,,25.36103333,91.64700833,Debris,Slide,"This  is  new  slide  occurred  around  4.30  hrs  on  17th  June 2022  as  per  the  information  by  Mr.SukkenSangma,  a villager.",Active
ME/EKJ/78O14/2015/21,Meghalaya,East Khasi Hills, ,NH-40,25.649222,91.899,,,,Suspended
MEG/WJH/83C4/2016/27,Meghalaya,West Jaintia Hills,1.3 km E of Sohkha mission,NH40E,25.21225,92.047306,,,,Suspended
MG/SWKH/78K15/2018/2,Meghalaya,South West Khasi  Hills,South of Wakpangram,-,25.416456,90.802981,,,,Active
MG/EKH/78O12/2017/4,Meghalaya,East Khasi Hills, ,along sohrashella bypass from Sohbar village,25.204882,91.742535,,,,Active
MG/EKH/78O12/2017/62,Meghalaya,East Khasi Hills, ,Along LawbahHat Mawdon,25.208313,91.606889,,,,Active
MEG/RIB/78O13/2016/15,Meghalaya,Ri-Bhoi,Umdaprhong,NH6,25.96,91.857,,,,Suspended
MG/EJH/83C11/2018/13,Meghalaya,East Jaintia Hills,Thuruk slide no 1,Lura-Thuruk road,25.316069,92.685461,,,,Active
ME/EKJ/78O15/2015/98,Meghalaya,East Khasi Hills, ,NH-40 (Shillong-Pynursla road),25.360132,91.882043,,,,Active
ME/EKJ/78O15/2015/133,Meghalaya,East Khasi Hills, ,Approach road to Nongsder,25.321102,91.927514,,,,Suspended
MG/WKH/78O06/2017/16,Meghalaya,South West Khasi  Hills,Pyndengrei slide no 7,NH44E Nongstoin bypass,25.55125,91.297056,,,,Active
ME/EKH/83C02/2015/149,Meghalaya,East Khasi Hills, ,".5 km NE of Thangshalai, NH-44",25.582167,92.058333,,,,Suspended
 ,Meghalaya,East Khasi Hills,,,25.6251,91.9118,"Slope cut debris
(weathered quartzite)
",Slide,"Occurred on 27th May, 2024",Active
ME/EKJ/78O14/2015/46,Meghalaya,East Khasi Hills, ,Umj jew- Lumpyngrope approach road,25.599096,91.859289,,,,Suspended
MEG/WJH/83C4/2016/78,Meghalaya,East Jaintia Hills,0.55 km N of Rathacherra,Nh44,25.039097,92.436869,,,,Stabilized
MG/EKH/78O11/2017/15,Meghalaya,East Khasi Hills, ,vilalge approach road,25.331209,91.67737,,,,Active
MEG/RIB/78O09/2016/34,Meghalaya,Ri-Bhoi,Huro Jirang village slide2,2.5km SW of Huro Jirang vilalge,25.978481,91.569575,,,,Active
MG/EKH/78O12/2017/8,Meghalaya,East Khasi Hills, ,Approach road to Mustoh,25.20111,91.640451,,,,Suspended
MEG/RIB/83C1/2016/4,Meghalaya,Ri-Bhoi,Jowe,SH,25.982436,92.057405,,,,Suspended
MG/WKH/78O02/2017/34,Meghalaya,West Khasi Hills,1.8 km NE of Mawkadiang,Link road from NH44E from Mawliehdein,25.555256,91.234944,,,,Suspended
MEG/WJH/83C4/2016/40,Meghalaya,West Jaintia Hills,Kharkhana┬á,Muktapur ΓÇô Lympyngad road,25.159367,92.202078,,,,Suspended
MG/WKH/78O02/2017/100,Meghalaya,West Khasi Hills,Riangdo 1,NH44E,25.672917,91.06475,,,,Suspended
 ,Meghalaya,West Jaintia Hills,,,25.44138889,92.19108333,Debris,Flow,Last initiated in the late 1980s,Suspended
MG/EKH/78O12/2017/21,Meghalaya,East Khasi Hills, ,Along Mawlong  Tyrna road,25.228005,91.687913,,,,Active
MEG/WJH/83C4/2016/11,Meghalaya,West Jaintia Hills,4.10 km NE of Nongtalang Amsohmeheleng,NH40E,25.247014,92.096144,,,,Suspended
MG/WGH/78K06/2020/14,Meghalaya,West Garo Hills,Tura-Williamnagar road slide no 1,"SH-1, Tura-WilliamnagarRoad, Near Oragitok, Meghalaya",25.55,90.33,,,,Active
MEG/WJH/83C4/2016/91,Meghalaya,East Jaintia Hills,Umkiang,NH44,25.056022,92.394119,,,,Suspended
ME/EKH/83C02/2015/158,Meghalaya,East Khasi Hills, , ,25.676,92.157917,,,,Suspended
ME/EKJ/78O14/2015/54,Meghalaya,East Khasi Hills, ,Near Krang,25.581829,91.765659,,,,Active
MG/WKH/78O02/2017/23,Meghalaya,West Khasi Hills,0.3 km w of Urkali,NH44E,25.569778,91.21575,,,,Suspended
ME/WJH/83C03/2015/166,Meghalaya,West Jaintia Hills, ,1.2 km SW of Jowai,25.435167,92.185006,,,,Suspended
MEG/RIB/78O13/2016/12,Meghalaya,Ri-Bhoi,Sohpu,NH6,25.958886,91.851242,,,,Suspended
ME/EKJ/78O14/2015/26,Meghalaya,East Khasi Hills, ,Smit road,25.522768,91.892701,,,,Suspended
MG/SGH/78K11/2018/3,Meghalaya,South Garo hills,Nengkhra-Nongalbibra road slide,NH-62,25.40121,90.71722,,,,Active
MEG/RIB/83C1/2016/8,Meghalaya,Ri-Bhoi,Mawpat,SH,25.86575,92.153286,,,,Suspended
ML/EKH/78O14/2014/03,Meghalaya,East Khasi Hills,Barapathar,Barapathar,25.57822,91.86545,,,,Active
ME/EKJ/78O15/2015/56,Meghalaya,East Khasi Hills, ,Mylliem (south),25.49137,91.821688,,,,Suspended
MEG/WKH/78O10/2016/17,Meghalaya,West Khasi Hills,NongkhlawPatharkhamma R.S5,NongkhlawPatharkhammah road,25.687431,91.648322,,,,Active
MG/WKH/78O02/2017/108,Meghalaya,West Khasi Hills,Tynrong Riangkhon,Riangdo  Mawtynrong road,25.671583,91.040889,,,,Suspended
ME/WJH/83C03/2015/165,Meghalaya,West Jaintia Hills, , ,25.434972,92.18425,,,,Suspended
ML/RIB/78O13/2014/04,Meghalaya,Ri-Bhoi,Umling ,Guwahati-Shillong road (NH-40),25.97256,91.86242,,,,Active
MG/WKH/78K14/2018/6,Meghalaya,West Khasi Hills,North of Ginulgithim,NA,25.625142,90.791675,,,,Active
MG/EKH/78O12/2017/57,Meghalaya,East Khasi Hills, ,Along Sohra Mawlong road,25.228344,91.693332,,,,Active
ME/EKJ/78O14/2015/30,Meghalaya,East Khasi Hills, ,Mawatawar- Bhoilymbong Rd,25.637779,91.932565,,,,Active
MEG/WJH/83C4/2016/36,Meghalaya,West Jaintia Hills,2.71 km SW of Lympyngad,Muktapur ΓÇô Lympyngad road,25.147942,92.181586,,,,Suspended
MG/WJH/83C06/2018/5,Meghalaya,West Jaintia hills,Mokaiyaw slide,3 km NE of Mokaiyaw village,25.529408,92.455339,,,,Active
MG/WKH/78O07/2017/4,Meghalaya,South West Khasi  Hills,Mawpud road slide,Mawpud road,25.251211,91.454514,,,,Active
MG/EKH/78O16/2017/10,Meghalaya,East Khasi Hills, ,Along approach road to Laitiam vilalge,25.223708,91.76661,,,,Active
ML/RIB/78N16/2014/02,Meghalaya,Ri-Bhoi,17 Mile B,GS road,26.02547,91.87158,,,,Active
MEG/WKH/78O10/2016/24,Meghalaya,West Khasi Hills,NongkhlawPatharkhamma R.S11,NongkhlawPatharkhammah road about 4 km NE of Nongkhlaw village,25.6999,91.642192,,,,Active
MG/EKH/78O12/2017/80,Meghalaya,East Khasi Hills, ,Nag Nag village,25.200934,91.63449,,,,Active
MEG/WJH/83C4/2016/33,Meghalaya,West Jaintia Hills,3.15 km E of Lympyngad,Muktapur ΓÇô Lympyngad road,25.148158,92.177172,,,,Suspended
MEG/WJH/83C4/2016/01,Meghalaya,West Jaintia Hills,3.29 km NE of  Nongtalang Amsohmeheleng,NH40E,25.237361,92.096992,,,,Suspended
MEG/RIB/78O09/2016/47,Meghalaya,Ri-Bhoi,Jirang village slide8,Patharkhamma Guwahati road near New Jirang village,25.913997,91.578903,,,,Active
MG/EKH/78O12/2017/6,Meghalaya,East Khasi Hills, ,300 m SSW of Nongriat village,25.247226,91.671435,,,,Active
MEG/WKH/78O10/2016/12,Meghalaya,West Khasi Hills,Pyrda village slide2,About 2 km SE of Pyrda village,25.568106,91.737919,,,,Active
MEG/RIB/78O13/2016/9,Meghalaya,Ri-Bhoi,Old weight bridge slide,NH6,25.979244,91.860578,,,,Suspended
ME/EKJ/78O15/2015/132,Meghalaya,East Khasi Hills, ,Approach road to Nongsder,25.322897,91.927752,,,,Active
ME/EKJ/78O15/2015/60,Meghalaya,East Khasi Hills, ,NH- 40,25.415438,91.867487,,,,Suspended
MG/WKH/78O02/2017/57,Meghalaya,West Khasi Hills,2.4 km E of mawliehdein,Urkali  Nongkhniang road,25.565333,91.225667,,,,Suspended
MEG/WKH/78O10/2016/15,Meghalaya,West Khasi Hills,NongkhlawPatharkhamma R.S3,NongkhlawPatharkhammah road,25.687314,91.655378,,,,Active
MEG/WJH/83C4/2016/42,Meghalaya,West Jaintia Hills,0.60 km NW of Lympyngad,Muktapur ΓÇô Lympyngad┬á road,25.156542,92.198469,,,,Suspended
MEG/WJH/83C4/2016/66,Meghalaya,East Jaintia Hills,Sonapur mandir 1,NH44,25.092178,92.353564,,,,Suspended
MG/EKH/78O12/2017/75,Meghalaya,East Khasi Hills, ,Along Mawlong  Tyrna road,25.234966,91.690051,,,,Active
MG/WKH/78O02/2017/60,Meghalaya,West Khasi Hills,0.3 km NNE of Umsaw,Umsaw   Mawsiangbah approach road,25.57425,91.214472,,,,Suspended
 ,Meghalaya,East Khasi Hill,,,25.64908889,91.899,Debris,Slide,July 2020,Active
ME/EKJ/78O14/2015/20,Meghalaya,East Khasi Hills, ,NH-40,25.643591,91.890859,,,,Suspended
MEGH/WKH/78O02/2007/D-1,Meghalaya,West Khasi Hills,Nongjri (Porthangjah) slide, ,25.68625,91.118358,,,, 
ME/EKJ/78O15/2015/58,Meghalaya,East Khasi Hills, ,NH-40 (Shillong-Pynursla road),25.375917,91.876,,,,Active
MG/WKH/78O02/2017/12,Meghalaya,West Khasi Hills,1.1 km NNW of Mawruksoin,NH44E,25.624778,91.16775,,,,Active
MEG/WJH/83C4/2016/54,Meghalaya,East Jaintia Hills,1 km NW of Rathacherra,NH44,25.042778,92.432472,,,,Suspended
MEG/RIB/78O13/2016/13,Meghalaya,Ri-Bhoi,Lumjana Slide I,NH6,25.956781,91.852883,,,,Suspended
ME/EKH/83C02/2015/182,Meghalaya,East Khasi Hills, , ,25.569278,92.2025,,,,Suspended
MG/WKH/78O02/2017/77,Meghalaya,West Khasi Hills,1.4 km E of Tumtum,NH44E,25.6466,91.157592,,,,Suspended
MG/EKH/78O11/2017/8,Meghalaya,East Khasi Hills, ,<Null>,25.273217,91.609962,,,,Active
MG/EJH/83C11/2018/21,Meghalaya,East Jaintia Hills,Daistong slide no 6,Daistong village,25.342269,92.58225,,,,Active
MG/EKH/78O08/2017/3,Meghalaya,East Khasi Hills, ,Along MawsynramBalat road,25.24736,91.451647,,,,Active
MEG/RIB/78O13/2016/4,Meghalaya,Ri-Bhoi,43.030 chainage slide,NH6,25.787,91.876583,,,,Suspended
MEG/WJH/83C4/2016/08,Meghalaya,West Jaintia Hills,1.3 km W of Nongtalang Amsohmeheleng,NH40E( Jowai Dawki road),25.214944,92.073917,,,,Suspended
MG/WKH/78O02/2017/44,Meghalaya,West Khasi Hills,1.8 km SW of Porla,NH44E,25.664111,91.089556,,,,Suspended
MG/WKH/78O02/2017/67,Meghalaya,West Khasi Hills,2.7 km W of Umjaru,NH44E  Umshinrut road,25.597614,91.153233,,,,Suspended
MEG/WJH/83C4/2016/117,Meghalaya,East Jaintia Hills,0.53 km N of Tongseng,NH44,25.14775,92.375528,,,,Suspended
MG/WKH/78O06/2017/7,Meghalaya,West Khasi Hills,Pyndengrei slide No 2,NH44E Nongstoin bypass,25.545061,91.269778,,,,Active
MG/WGH/78K03/2020/1,Meghalaya,West Garo Hills,Tura-Dalu road slide no1,"NH-217,Tura Dalu Road, Dobasipara, Tura",25.5,90.21,,,,Active
MEG/WKH/78O10/2016/28,Meghalaya,West Khasi Hills,MairangNongkhlaw R.S4,"MairangNongkhlaw road, about 0.5 km NW of Nongrmai village",25.619625,91.616567,,,,Active
ME/RIB/78N12/2015/103,Meghalaya,Ri-Bhoi,Pahamsubar,En-route to Pahamsubar,26.027028,91.88175,,,,Active
ME/EKJ/78O15/2015/135,Meghalaya,East Khasi Hills, ,Approach road to Mawkhap,25.390444,91.883806,,,,Active
MEG/WJH/83C4/2016/44,Meghalaya,West Jaintia Hills,0.50 km S of Hawai Bhoi,Muktapur ΓÇôSankhat┬á road,25.143375,92.141861,,,,Suspended
MEG/WJH/83C4/2016/80,Meghalaya,East Jaintia Hills,Danauubluh 1,NH44,25.044947,92.420261,,,,Dormant
MG/WKH/78O02/2017/32,Meghalaya,West Khasi Hills,1.7 km NE of Mawkadiang,Link road from NH44E from Mawliehdein,25.559222,91.229639,,,,Suspended
MG/EKH/78O12/2017/37,Meghalaya,East Khasi Hills, ,Along Mawlong  Tyrna road,25.224417,91.689893,,,,Active
MEG/RIB/78O09/2016/45,Meghalaya,Ri-Bhoi,Jirang village slide6,Patharkhamma Guwahati road about 2 km SW of Jirang village,25.930386,91.571822,,,,Active
MEGH/EKH/78O15/2008/D-59,Meghalaya,East Khasi Hills,Mawkajem-6 slide, ,25.425944,91.866,,,, 
ME/WJH/83C03/2015/177,Meghalaya,West Jaintia Hills, ,2.3km NW of Nongjrong,25.490961,92.070397,,,,Suspended
ME/RBH/78N16/2015/114,Meghalaya,Ri-Bhoi,Umnowe,"Umnowe, Ri-Bhoi, Meghalaya",26.075944,91.820806,,,,Active
MG/WKH/78O02/2017/84,Meghalaya,West Khasi Hills,Mawthylliang,NH44E,25.66675,91.121472,,,,Suspended
MG/WKH/78O02/2017/58,Meghalaya,West Khasi Hills,Mawlynniang,Urkali  Nongkhniang road,25.580703,91.237361,,,,Suspended
ME/EKH/83C02/2015/163,Meghalaya,East Khasi Hills, ,NH-44,25.653181,92.041194,,,,Suspended
ML/RIB/78N16/2014/05,Meghalaya,Ri-Bhoi,17 Mile C,GS Road,26.01061,91.86886,,,,Suspended
MG/WKH/78O02/2017/71,Meghalaya,West Khasi Hills,Mawruksoin,NH44E,25.612794,91.173697,,,,Suspended
MG/EKH/78O12/2017/77,Meghalaya,East Khasi Hills, ,Along Mawlong Shella road,25.169159,91.690014,,,,Active
MEGH/WKH/78O07/2007/D-3,Meghalaya,West Khasi Hills,Laitlawsnai slide, ,25.425,91.405,,,, 
MEG/WJH/83C4/2016/25,Meghalaya,West Jaintia Hills,4.5 km NE of Dawki,Dawki  Muktapur road,25.188444,92.074139,,,,Suspended
MEG/WJH/83C4/2016/136,Meghalaya,East Jaintia Hills,2.23 km SE of Lympyngngad,┬á,25.133289,92.225272,,,,Suspended
MG/EKH/78O12/2017/52,Meghalaya,East Khasi Hills, ,Along Mawlong  Tyrna road,25.22784,91.688252,,,,Reactivated
MG/WKH/78K14/2018/9,Meghalaya,West Khasi Hills,West of  Nongchram Ading,NH-44E,25.553522,90.815225,,,,Active
MG/WKH/78O02/2017/72,Meghalaya,West Khasi Hills,1.4 km E of Patharkhnang,NH44E,25.626767,91.165211,,,,Suspended
ME/EKJ/78O15/2015/57,Meghalaya,East Khasi Hills, ,NH-40 (4 km from laityngkot),25.461894,91.830791,,,,Active
ME/RIB/78N12/2015/99,Meghalaya,Ri-Bhoi,Mairapur-1,"Mairapur-1, Meghalaya",26.011861,91.569611,,,,Active
MG/EKH/78O12/2017/17,Meghalaya,East Khasi Hills, ,<Null>,25.224808,91.696177,,,,Active
MEG/WJH/83C4/2016/84,Meghalaya,East Jaintia Hills,0.18 km NW of Donaskul,NH44,25.046181,92.408878,,,,Suspended
 ,Meghalaya,South Garo Hills,,,25.45939722,90.70860278,Debris,Slide,"Landslide occurred around 3:00   hrs on 17th June 2022 as per  the  information  by  Mr  Sanjay  G  Marak,  the  house owner of a damaged house and local from the village",Active
MG/EKH/78O12/2017/9,Meghalaya,East Khasi Hills, ,Along SohraMawlong road,25.22026,91.720198,,,, 
ME/EKJ/78O14/2015/27,Meghalaya,East Khasi Hills, ,Near Nongumlong,25.571299,91.833183,,,,Suspended
ME/EKJ/78O15/2015/93,Meghalaya,East Khasi Hills, ,NH-40 (Shillong-Pynursla road),25.390145,91.87196,,,,Active
MEG/WJH/83C4/2016/32,Meghalaya,West Jaintia Hills,3.25 km SW of Lympyngad,Muktapur ΓÇô Lympyngad road,25.148303,92.176236,,,,Suspended
MEG/RIB/78O09/2016/52,Meghalaya,Ri-Bhoi,UmlingPatharkhamma R.S1,UmlingPatharkhamma road,25.940978,91.724644,,,,Dormant
MEG/WJH/83C4/2016/105,Meghalaya,East Jaintia Hills,Sonapyrdi,NH44,25.113586,92.370594,,,,Suspended
ME/EKJ/78O15/2015/62,Meghalaya,East Khasi Hills, ,Shillong-Sohra road,25.382563,91.757675,,,,Active
ME/RIB/78N12/2015/106,Meghalaya,Ri-Bhoi,Markang,"Markang, Ri-Bhoi, Meghalaya",26.032028,91.989528,,,,Active
MEG/WJH/83C4/2016/31,Meghalaya,West Jaintia Hills,3.36 km SW of Lympyngad,Muktapur ΓÇô Lympyngad road,25.148747,92.175119,,,,Suspended
MG/WKH/78O02/2017/64,Meghalaya,West Khasi Hills,Siangra,Riwang  Langpih road,25.65835,91.177014,,,,Stabilized
MG/EKH/78O12/2017/61,Meghalaya,East Khasi Hills, ,Along LawbahHat Mawdon,25.218821,91.581584,,,,Active
MEG/WKH/78O10/2016/27,Meghalaya,West Khasi Hills,MairangNongkhlaw R.S3,"MairangNongkhlaw road, about 1 km NW of Nongrmai village",25.620361,91.617083,,,,Active
MG/EKH/78O12/2017/45,Meghalaya,East Khasi Hills, ,Along Sohra Mawlong road,25.222221,91.742134,,,,Reactivated
MG/WKH/78O07/2017/2,Meghalaya,South West Khasi  Hills,Nongnah slide,NongnahRanikor road,25.278028,91.348931,,,,Active
MG/WKH/78O02/2017/16,Meghalaya,West Khasi Hills,1.2 km NNW of Mawiaban,NH44E,25.551225,91.232636,,,,Suspended
MEG/WJH/83C4/2016/60,Meghalaya,East Jaintia Hills,0.7km E of Danaubluh,NH44,25.043667,92.425444,,,,Suspended
ME/EKJ/78O14/2015/38,Meghalaya,East Khasi Hills, ,Old shillong -Guwahati road,25.614657,91.870692,,,,Suspended
MG/WKH/78O02/2017/29,Meghalaya,West Khasi Hills,1.6 km N of Mawnar,NH44E,25.582836,91.183972,,,,Active
