Slide_No,State,District,Slide_Name,NH_SH_Location,Latitude,Longitude,Material_Involved,Movement_Type,History_Date,Activity
MN/NON/83H10/2018/41,Manipur,Noney, ,"NH_37A, Imphal-Khoupum highway",24.645275,93.628828,,,,Dormant
MN/CCR/83H02/2020/2,Manipur,Churachandpur, ,JT road,24.53,93.07,,,,Active
MAN/SEN/83K03/2015/40,Manipur,Senapati, ,Northwest of New Magamai,25.437203,94.042989,,,,Suspended
MN/NON/83H10/2018/20,Manipur,Noney, ,Along Zouyantek-Dolang road,24.667778,93.676944,,,,Active
MAN/SEN/83K03/2015/64,Manipur,Senapati, ,Along Thingba Khullen and Oinam raod,25.335364,94.169247,,,,Suspended
MN/KAN/83L02/2018/15,Manipur,Kangpokpi, ,Salam Patong,24.682778,94.140056,,,,Active
MN/KAM/83L09/2017/20,Manipur,Kamjong, ,"Chattrick
Kamjong road",24.869917,94.592417,,,,Active
MN/NON/83H10/2018/79,Manipur,Noney, ,Data taken from Londangmei village,24.733256,93.701856,,,,Active
MN/CDL/83L04/2020/20,Manipur,Chandel, ,Kotal Khunthak,24.2,94.1,,,,Active
MN/UKH/83L01/2018/19,Manipur,Ukhrul, ,NH 102,24.950583,94.186028,,,,Active
MAN/SEN/83K03/2015/18,Manipur,Senapati, ,South of Maram Khullen,25.416419,94.077794,,,,Suspended
MN/KAM/83L05/2018/30,Manipur,Kamjong, ,3.9 km SE of Khuntak Awang Village,24.834083,94.353028,,,,Reactivated
MAN/SEN/83G14/2015/17,Manipur,Senapati, ,On Peren-Maram road,25.528,93.872,,,,Suspended
MN/TAM/83H01/2018/47,Manipur,Tamenglong,Gularthal_1,NH53,24.805138,93.23716,,,,Active
MN/PZL/83H02/2020/39,Manipur,Pherzawl, ,Lower Kharkhuplien area.,24.52,93.11,,,,Active
MN/NON/83H10/2018/66,Manipur,Noney, ,"NH_37A, Imphal-Khoupum highway",24.62595,93.692953,,,,Active
MN/UKH/83K12/2017/89,Manipur,Ukhrul, ,Mapum,25.091858,94.550786,,,,Active
MN/NON/83H10/2018/40,Manipur,Noney, ,"NH_37A, Imphal-Khoupum highway",24.64175,93.623222,,,,Active
MN/CHU/83H10/2018/81,Manipur,Churachandpur, ,Pangjang - Gouijang highway,24.548053,93.709739,,,,Relict
MN/UKH/83K12/2017/17,Manipur,Ukhrul, ,Sahamphung,25.0565,94.551528,,,,Active
MN/UKH/83K11/2017/19,Manipur,Ukhrul, ,Kongai,25.356306,94.525222,,,,Active
MN/CCP/83H12/2020/9,Manipur,Churachandpur, ,Zabelli Road,24.12,93.58,,,,Active
MAN/SEN/83G14/2015/31,Manipur,Senapati, ,Peren-Maram road,25.523,93.898,,,,Active
MN/PZL/83H03/2020/1,Manipur,Pherzawl, ,1.5 km north of Pherzawl.,24.27,93.18,,,,Reactivated
MN/UKH/83K11/2017/28,Manipur,Ukhrul, ,Poi,25.289806,94.525639,,,,Stabilized
MN/UKH/83K11/2017/84,Manipur,Ukhrul, ,"New Tusom
Kharasom road",25.466611,94.537861,,,,Active
MN/UKH/83K12/2017/63,Manipur,Ukhrul, ,New TusomChallow road,25.373639,94.555333,,,,Active
MN/CDL/83L04/2020/38,Manipur,Chandel, ,Tengnoupal,24.13,94.07,,,,Suspended
MN/UKH/83K11/2017/14,Manipur,Ukhrul, ,Chingai,25.326722,94.510083,,,,Active
MN/TAM/83H05/2018/8,Manipur,Tamenglong, ,NH-137,24.888472,93.473028,,,,Active
MN/NON/83H09/2018/60,Manipur,Noney, , ,24.943778,93.706472,,,,Active
MN/UKH/83K12/2017/73,Manipur,Ukhrul, ,Khamasom,25.181194,94.524861,,,,Active
MAN/TAM/83G12/2017/0095,Manipur,Tamenglong, ,Dailong road,25.115889,93.639611,,,,Abandoned
MN/CCP/83H12/2020/6,Manipur,Churachandpur, ,Zabelli Road,24.17,93.58,,,,Active
MN/KAM/83L05/2018/62,Manipur,Kamjong, ,1.5 km NE of Alang Village,24.832817,94.330448,,,,Reactivated
MAN/SEN/83K07/2015/064,Manipur,Senapati, ,Shirong village,25.381389,94.279306,,,,Active
MN/UKH/83L01/2018/5,Manipur,Ukhrul, ,NH 102,24.940611,94.1515,,,,Active
MN/UKH/83L05/2018/3,Manipur,Ukhrul, ,2 km South of Phalang Village.,24.898438,94.328686,,,,Reactivated
MN/UKH/83L01/2018/36,Manipur,Ukhrul, ,Marou,24.8745,94.235833,,,,Active
MN/CDL/83H16/2020/35,Manipur,Chandel, ,Tengnoupal,24.01,93.99,,,,Active
MN/CCP/83H12/2020/31,Manipur,Churachandpur, ,Mongken Road,24.1,93.51,,,,Active
MAN/TAM/83G12/2017/0106,Manipur,Tamenglong, ,Dailong road,25.118,93.64775,,,,Active
MN/KAN/83L02/2018/19,Manipur,Kangpokpi, ,Yairipok-Hongbei road,24.717889,94.2235,,,,Active
MN/NON/83H06/2018/4,Manipur,Noney, ,Bwanruangh Taudaijang,24.729944,93.485833,,,,Active
MAN/TAM/83G12/2017/0063,Manipur,Tamenglong, ,Dailong road,25.055139,93.603778,,,,Active
MAN/SEN/83G14/2015/5,Manipur,Senapati, ,On Peren-Maram road,25.529,93.87,,,,Suspended
MN/CCP/83H12/2020/25,Manipur,Churachandpur, ,Behiang-Jang  Road 5km North of Behiang,23.98,93.55,,,,Active
MN/KAM/83L05/2018/71,Manipur,Kamjong, ,11 km NW of Kamjong,24.934336,94.460091,,,,Reactivated
MN/TEN/83L03/2018/74,Manipur,Tengnoupal, ,Tengnoupal,24.387708,94.155764,,,,Suspended
MN/CHU/83H10/2018/86,Manipur,Churachandpur, ,Agri linked road Nalon village,24.543806,93.676528,,,,Active
MN/KAM/83L05/2018/60,Manipur,Kamjong, ,2 km NE of Alang Village,24.831028,94.334833,,,,Reactivated
MAN/TAM/83G12/2017/0076,Manipur,Tamenglong, ,Dailong road,25.083083,93.613583,,,,Suspended
MN/UKH/83L05/2018/2,Manipur,Ukhrul, ,0.5 km South of Phalang Village.,24.90725,94.335333,,,,Reactivated
MN/UKH/83K11/2017/77,Manipur,Ukhrul, ,Wahong,25.492333,94.555444,,,,Reactivated
MAN/UKH/83K08/2015/059,Manipur,Ukhrul, ,Somdal village,25.181583,94.304444,,,,Active
MN/NON/83H10/2018/23,Manipur,Noney, ,"Below NH-37, Noney town",24.862903,93.616397,,,,Active
MN/KAM/83L06/2018/3,Manipur,Kamjong, ,0.2 km W of Khmalang,24.69325,94.259444,,,,Reactivated
MN/UKH/83K12/2017/40,Manipur,Ukhrul, ,Mapum,25.103528,94.531722,,,,Active
MN/NON/83H06/2018/6,Manipur,Noney, ,Bwanruangh Taudaijang,24.722472,93.492806,,,,Active
MAN/CHAN/83L03/2007/C-9,Manipur,Chandel,Lokchao slide, ,24.3225,94.23361,,,, 
MAN/UKH/83K08/2015/060,Manipur,Ukhrul, ,Somdal village,25.176639,94.297361,,,,Active
MN/PZL/83H04/2020/14,Manipur,Pherzawl, ,11 km west of Bukpi Village.,24.24,93.19,,,,Active
MN/BNP/83H15/2020/2,Manipur,Bishnupur, ,Phoilen Village,24.32,93.75,,,,Active
MN/CDL/83L04/2020/37,Manipur,Chandel, ,Tengnoupal,24.12,94.07,,,,Suspended
MN/UKH/83L01/2018/31,Manipur,Ukhrul, ,Marou,24.913611,94.242028,,,,Active
MN/CCP/83H12/2020/20,Manipur,Churachandpur, ,Hiangtam (V) village Road,24.02,93.56,,,,Active
MN/KAM/83L05/2018/51,Manipur,Kamjong, ,N of Shakok Village,24.909542,94.316778,,,,Reactivated
MN/UKH/83K11/2017/88,Manipur,Ukhrul, ,New Tusom,25.465167,94.543694,,,,Active
MN/TAM/83H05/2018/90,Manipur,Tamenglong, ,Longjon,24.798278,93.394306,,,,Stabilized
MAN/TAM/83G12/2017/0019,Manipur,Tamenglong, ,Govajang road,25.15775,93.72275,,,,Active
MAN/SEN/83K03/2015/29,Manipur,Senapati, ,West of New Magamai,25.430853,94.043697,,,,Suspended
MN/PZL/83H04/2020/5,Manipur,Pherzawl, ,Lungthulien Village.,24.23,93.08,,,,Active
MN/KAM/83L05/2018/65,Manipur,Kamjong, ,"Alang Village, near Primary School",24.824278,94.322472,,,,Reactivated
MN/NON/83H10/2018/25,Manipur,Noney, ,Kaigongjen village,24.631861,93.721889,,,,Active
MAN/SEN/83K04/2015/90,Manipur,Senapati, ,Along Sorbung road,25.200853,94.134506,,,,Active
MN/KAN/83L02/2018/1,Manipur,Kangpokpi, ,Salam Patong,24.682167,94.138111,,,,Active
MN/KAM/83L09/2017/48,Manipur,Kamjong, ,Movailop,24.777333,94.602278,,,,Active
MN/UKH/83K12/2017/7,Manipur,Ukhrul, ,Poi,25.27325,94.555417,,,,Active
MN/KAM/83L05/2018/48,Manipur,Kamjong, ,N of Shakok Village,24.889031,94.306125,,,,Reactivated
MN/UKH/83K12/2017/14,Manipur,Ukhrul, ,Sahamphung,25.052833,94.551083,,,,Active
MN/CDL/83H16/2020/18,Manipur,Chandel, ,Tengnoupal,24.09,93.91,,,,Active
MN/CHA/83H15/2018/2,Manipur,Chandel, ,Charangching Khaibung,24.346028,93.954583,,,,Suspended
MN/UKH/83K11/2017/1,Manipur,Ukhrul, ,Chingai,25.312667,94.509111,,,,Active
MN/TEN/83L07/2018/2,Manipur,Tengnoupal, ,5km East of Laibi Lankhai,24.431056,94.259028,,,,Suspended
MN/UKH/83K12/2017/80,Manipur,Ukhrul, ,Khamasom,25.182417,94.523556,,,,Active
MN/NON/83H09/2018/59,Manipur,Noney, ,Data taken from Haochong village,24.922861,93.633144,,,,Active
MN/NON/83H10/2018/70,Manipur,Noney, ,"NH_37, Imphal-Jiribum highway. 470 m SSE of the paleaoslide LS 149",24.804586,93.655719,,,,Dormant
MN/CCP/83H08/2020/23,Manipur,Churachandpur, ,North of Lungthul (T),24.13,93.48,,,,Active
MAN/CHAN/83L06/2007/C-8,Manipur,Chandel,Kondong Lairembi slide, ,24.25806,94.28722,,,, 
MN/KAM/83L05/2018/44,Manipur,Kamjong, ,6.5 km N of Phungyar Village,24.846167,94.323778,,,,Reactivated
MN/TAM/83H09/2018/26,Manipur,Tamenglong, ,NH-37,24.978389,93.502278,,,,Active
MN/WEI/83H13/2020/5,Manipur,West Imphal, ,Lamshang-Chingkhulong road,24.83,93.88,,,,Active
MN/KAM/83L06/2018/33,Manipur,Kamjong, ,2 km S of Tarang Village,24.618583,94.308778,,,,Inactive
MN/UKH/83K12/2017/22,Manipur,Ukhrul, ,Mapum,25.065056,94.544583,,,,Active
MN/UKH/83K12/2017/36,Manipur,Ukhrul, ,Mapum,25.096611,94.551028,,,,Active
MN/CCP/83H11/2020/8,Manipur,Churachandpur, ,Munglai village,24.15,93.55,,,,Active
MN/NON/83H10/2018/14,Manipur,Noney, ,"Data taken from  Imphal-Khuopum road, lying above Khongbung village.",24.653156,93.646406,,,,Active
MAN/UKH/83K08/2015/022,Manipur,Ukhrul, ,"Langdang village, Ukhrul Jessami road.",25.098667,94.390222,,,,Active
MAN/SEN/83K2/2015/259,Manipur,Senapati, ,On NH-29 (earlier NH-39) at Mao,25.508,94.135,,,,Suspended
MN/KAN/83G16/2018/007,Manipur,Kangpokpi,Kalikhola Slide II (Old Landslide),Kalikhola village,25.146528,93.941722,,,,Active
MN/NON/83H09/2018/12,Manipur,Noney, ,NH37,24.809917,93.736111,,,,Active
MN/JRM/83H02/2020/12,Manipur,Jiribam, ,Nungkhal -Kolbung road,24.73,93.19,,,,Relict
MN/UKH/83K12/2017/75,Manipur,Ukhrul, ,Khamasom,25.181528,94.523694,,,,Active
MN/KAN/83L01/2018/47,Manipur,Kangpokpi, ,Khonkon village,24.997972,94.020444,,,,Active
MN/PZL/83H02/2020/44,Manipur,Pherzawl, ,JT road,24.52,93.09,,,,Reactivated
MN/KAM/83L09/2017/46,Manipur,Kamjong, ,Kongkan,24.814778,94.549639,,,,Reactivated
MN/NON/83H09/2018/73,Manipur,Noney, ,Noney to Kabui Khullen road,24.935611,93.654444,,,,Active
MN/KAM/83L09/2017/41,Manipur,Kamjong, ,"Chahong 
Khullen",24.9155,94.578333,,,,Active
MAN/TAM/83G12/2017/0022,Manipur,Tamenglong, ,Govajang road,25.152389,93.712833,,,,Active
MN/NON/83H10/2018/50,Manipur,Noney, ,"NH_37A, Imphal-Khoupum highway",24.639722,93.612222,,,,Reactivated
MAN/KAN/83G16/2017/02,Manipur,Kangpokpi,Haijang landslide,Haijang village road to the east of Sirarakhong Baptist,25.13109,93.97215,,,,Active
MN/CDL/83L04/2020/78,Manipur,Chandel, ,Paraulon section,24.22,94.08,,,,Suspended
MN/UKH/83K12/2017/84,Manipur,Ukhrul, ,Khamasom,25.185889,94.520944,,,,Active
MN/TAM/83H01/2018/51,Manipur,Tamenglong,Old Kaiphundi3,NH53,24.797951,93.214998,,,,Active
MAN/SEN/83K03/2015/74,Manipur,Senapati, ,Along Sorbung road,25.268942,94.044694,,,,Active
MN/CDL/83H16/2020/13,Manipur,Chandel, ,Tengnoupal,24.09,93.9,,,,Active
MAN/TAM/83G12/2017/0009,Manipur,Tamenglong, ,Govajang road,25.164222,93.736361,,,,Active
MN/PZL/83H04/2020/8,Manipur,Pherzawl, ,2 km west of Bukpi Village.,24.2,93.22,,,,Active
MN/KAM/83L05/2018/75,Manipur,Kamjong, ,2 km NE of Maku Village,24.969479,94.483082,,,,Reactivated
MAN/UKH/83K08/2015/042,Manipur,Ukhrul, ,Ukhrul Talui road,25.127556,94.338583,,,,Active
MN/TMLG/83H1/2016/01,Manipur,Tamenglong,Makru landslide,Imphal-Silchar highway (NH-37),24.813889,93.245222,,,,Active
MN/CDL/83L04/2020/49,Manipur,Chandel, ,Tengnoupal,24.12,94.02,,,,Suspended
MAN/TAM/83G12/2017/0045,Manipur,Tamenglong, ,Govajang road,25.158667,93.685222,,,,Active
MN/NON/83H05/2018/50,Manipur,Noney, ,Rengpang,24.772806,93.457417,,,,Active
MN/CHA/83H15/2018/3,Manipur,Chandel, ,2km east of Khambathel,24.314194,93.928861,,,,Inactive
MN/UKH/83L01/2018/24,Manipur,Ukhrul, ,Mayophung,24.956472,94.155694,,,,Active
MN/CCP/83H11/2020/12,Manipur,Churachandpur, ,Saipum near bank of river,24.34,93.66,,,,Active
MN/UKH/83K11/2017/48,Manipur,Ukhrul, ,New Tusom,25.419444,94.5775,,,,Active
MN/NON/83H05/2018/83,Manipur,Noney, ,Thingou,24.788889,93.441889,,,,Active
MN/NON/83H05/2018/60,Manipur,Noney, ,Rengpang,24.759667,93.462694,,,,Active
MN/UKH/83K11/2017/82,Manipur,Ukhrul, ,"New Tusom
Kharasom road",25.477056,94.534528,,,,Active
MAN/TAM/83G12/2017/0035,Manipur,Tamenglong, ,Govajang road,25.165222,93.69575,,,,Dormant
MN/CDL/83L04/2020/57,Manipur,Chandel, ,Khenjoy section,24.09,94.04,,,,Suspended
MAN/CHAN/83L03/2007/C-10,Manipur,Chandel,Bongyang slide, ,24.40639,94.06583,,,, 
MN/UKH/83K11/2017/54,Manipur,Ukhrul, ,New Tusom,25.42025,94.578222,,,,Active
MN/UKH/83K11/2017/55,Manipur,Ukhrul, ,New Tusom,25.414028,94.58,,,,Active
MN/NON/83H05/2018/82,Manipur,Noney, ,Thingou,24.799333,93.435417,,,,Active
MN/TEN/83L03/2018/82,Manipur,Tengnoupal, ,2km south of Parengtong,24.495,94.186181,,,,Suspended
MN/CDL/83L04/2020/36,Manipur,Chandel, ,Khenjoy section,24.09,94.03,,,,Suspended
MN/CCP/83H07/2020/4,Manipur,Churachandpur, ,3.5 km NW Pamjal,24.32,93.36,,,,Active
MAN/SEN/83K03/2015/72,Manipur,Senapati, ,Along Thingba Khullen and Oinam raod,25.363278,94.228389,,,,Active
MAN/UKH/83K08/2015/058,Manipur,Ukhrul, ,Somdal village,25.185167,94.308972,,,,Active
MAN/TAM/83G12/2017/0020,Manipur,Tamenglong, ,Govajang road,25.159,93.712056,,,,Active
MN/TEN/83L07/2018/3,Manipur,Tengnoupal, ,4km west of Moreh,24.264333,94.283806,,,,Stabilized
MN/UKH/83L01/2018/44,Manipur,Ukhrul, ,Sikibung,24.940333,94.202556,,,,Active
MN/UKH/83K12/2017/21,Manipur,Ukhrul, ,Sahamphung,25.061472,94.549694,,,,Active
MN/UKH/83K12/2017/79,Manipur,Ukhrul, ,Khamasom,25.182306,94.523333,,,,Active
MN/PZL/83H04/2020/2,Manipur,Pherzawl, ,2 km South of Pherzawl.,24.24,93.18,,,,Active
MN/CDL/83H16/2020/17,Manipur,Chandel, ,Tengnoupal,24.08,93.89,,,,Suspended
MN/KAM/83L05/2018/79,Manipur,Kamjong, ,2.5 km SE of Maku Village,24.954887,94.493465,,,,Reactivated
MN/NON/83H10/2018/43,Manipur,Noney, ,Data taken from Khoupum- Tousang village road.,24.724406,93.514431,,,,Active
MAN/SEN/83K03/2015/27,Manipur,Senapati, ,West of New Magamai,25.427231,94.048914,,,,Suspended
MN/UKH/83K12/2017/8,Manipur,Ukhrul, ,Mapum,25.069806,94.541667,,,,Active
MN/UKH/83K11/2017/38,Manipur,Ukhrul, ,Poi,25.289139,94.539417,,,,Active
MN/UKH/83K12/2017/3,Manipur,Ukhrul, ,Khamasom,25.180889,94.504611,,,,Active
MN/TAM/83H06/2018/13,Manipur,Tamenglong, ,Tolen,24.734233,93.293194,,,,Active
MAN/TAM/83G12/2017/0129,Manipur,Tamenglong, ,Dailong road,25.152472,93.673667,,,,Suspended
MN/CDL/83L04/2020/51,Manipur,Chandel, ,Tengnoupal,24.1,94.02,,,,Suspended
MN/CHA/83L03/2018/11,Manipur,Chandel, ,0.5km East of Larong Khunou,24.28575,94.128222,,,,Suspended
MAN/UKH/83K08/2015/018,Manipur,Ukhrul, ,"Ukhrul town, Ukhrul Jessami road.",25.095972,94.375944,,,,Active
MAN/SEN/83K04/2015/89,Manipur,Senapati, ,Along Sorbung road,25.218022,94.107603,,,,Active
MN/CCP/83H11/2020/39,Manipur,Churachandpur, ,2km N of kink Commisorate,24.37,93.72,,,,Active
MN/KAM/83L06/2018/23,Manipur,Kamjong, ,0.5 km N of Kasom Khullen,24.687667,94.267306,,,,Suspended
MN/KAM/83L09/2017/44,Manipur,Kamjong, ,"Chahong 
Khullen",24.9179,94,,,,Active
MN/JRM/83H02/2020/6,Manipur,Jiribam, ,Nungkhal -Kolbung road,24.72,93.18,,,,Active
MN/CDL/83H16/2020/38,Manipur,Chandel, ,Tengnoupal,24,93.98,,,,Active
MN/UKH/83L01/2018/28,Manipur,Ukhrul, ,Singta village,24.931167,94.227111,,,,Active
MAN/SEN/83K03/2015/82,Manipur,Senapati, ,Along Sorbung road,25.265492,94.098872,,,,Active
MAN/UKH/83K08/2015/053,Manipur,Ukhrul, ,Ngaingu village,25.14275,94.320139,,,,Active
MN/KAM/83L09/2017/2,Manipur,Kamjong, ,Kamjong,24.835611,94.519722,,,,Active
MN/CCP/83H12/2020/17,Manipur,Churachandpur, ,Tiddim Road,24.03,93.57,,,,Active
MN/THO/83L01/2018/50,Manipur,Thoubal, ,Heirok,24.773472,94.078972,,,,Active
MAN/SEN/83G16/2015/48,Manipur,Senapati, ,4km west of Gopibung,25.124639,93.92575,,,,Active
MN/KAN/83L02/2018/7,Manipur,Kangpokpi, ,Yairipok-Hongbei road,24.704083,94.187361,,,,Active
MN/KAM/83L09/2017/38,Manipur,Kamjong, ,"Chahong 
Khullen",24.921167,94.563361,,,,Active
MN/UKH/83K11/2017/89,Manipur,Ukhrul, ,New Tusom,25.467167,94.551528,,,,Active
MN/NON/83H05/2018/53,Manipur,Noney, ,Rengpang,24.768472,93.457389,,,,Active
MN/UKH/83K11/2017/59,Manipur,Ukhrul, ,TusomC V,25.394917,94.630111,,,,Active
MN/BNP/83H15/2020/4,Manipur,Bishnupur, ,T. Vajang Road,24.32,93.79,,,,Active
MN/NON/83H10/2018/11,Manipur,Noney, ,Data taken from Khongbung village,24.660825,93.632156,,,,Active
MN/KAN/83L02/2018/4,Manipur,Kangpokpi, ,Yeason Village,24.68625,94.170694,,,,Active
MN/CCP/83H12/2020/34,Manipur,Churachandpur, ,Near Mongkot,24.17,93.59,,,,Active
MAN/SEN/83K03/2015/19,Manipur,Senapati, ,South of Maram Khullen,25.417778,94.077222,,,,Suspended
MN/UKH/83K11/2017/34,Manipur,Ukhrul, ,Poi,25.287361,94.528472,,,,Active
MN/PZL/83H02/2020/36,Manipur,Pherzawl, ,"Data taken from JT road, betweenLower Kharkhuplien to Savomphai village",24.54,93.11,,,,Active
MN/KAN/83L02/2018/10,Manipur,Kangpokpi, ,Yairipok-Hongbei road,24.702722,94.198722,,,,Active
MN/NON/83H10/2018/77,Manipur,Noney, ,"NH_37A, Imphal-Khoupum highway.",24.641528,93.623694,,,,Active
MN/CHA/83L02/2018/17,Manipur,Chandel, ,Nungtak,24.528778,94.156667,,,,Active
MAN/SEN/83K03/2015/41,Manipur,Senapati, ,Northwest of New Magamai,25.448506,94.031956,,,,Active
MN/CCP/83H11/2020/31,Manipur,Churachandpur, ,D. Lhangjol village Road,24.32,93.74,,,,Active
MAN/UKH/83K08/2015/005,Manipur,Ukhrul, ,"Ukhrul- Imphal Highway, Near Patkai College",25.027528,94.316806,,,,Active
MN/UKH/83K12/2017/9,Manipur,Ukhrul, ,Lanchah,25.05125,94.556111,,,,Active
MN/CHA/83L03/2018/52,Manipur,Chandel, ,1 km Nw of Phunchong,24.301528,94.017972,,,,Suspended
MN/KAN/83L02/2018/14,Manipur,Kangpokpi, ,Yairipok-Hongbei road,24.71475,94.217917,,,,Active
MN/UKH/83K11/2017/92,Manipur,Ukhrul, ,New Tusom,25.45475,94.552583,,,,Active
MN/CCP/83H08/2020/26,Manipur,Churachandpur, ,Chinglai,24.14,93.47,,,,Suspended
MAN/UKH/83K08/2015/043,Manipur,Ukhrul, ,Ukhrul Talui road,25.131917,94.338583,,,,Suspended
MN/TAM/83H05/2018/89,Manipur,Tamenglong, ,Bolongdai,24.768778,93.386806,,,,Active
MN/TAM/83H05/2018/87,Manipur,Tamenglong, ,Kaimai,24.766556,93.319833,,,,Stabilized
MN/UKH/83L01/2018/12,Manipur,Ukhrul, ,Zelenbung,24.957833,94.162444,,,,Active
MN/KAM/83L05/2018/72,Manipur,Kamjong, ,12 km NW of Kamjong,24.943258,94.457787,,,,Reactivated
MN/KAM/83L09/2017/7,Manipur,Kamjong, ,Kamjong,24.806417,94.505778,,,,Active
MN/NON/83H05/2018/64,Manipur,Noney, ,Rengpang,24.751222,93.459722,,,,Active
MN/KAM/83L09/2017/45,Manipur,Kamjong, ,Kongkan,24.81425,94.552028,,,,Active
MN/KAM/83L05/2018/69,Manipur,Kamjong, ,6 km NW of Kamjong,24.91475,94.464944,,,,Reactivated
MN/UKH/83K11/2017/90,Manipur,Ukhrul, ,New Tusom,25.466528,94.552028,,,,Active
MN/NON/83H09/2018/5,Manipur,Noney, ,NH37,24.79825,93.724083,,,,Reactivated
MN/UKH/83K12/2017/76,Manipur,Ukhrul, ,Khamasom,25.181806,94.522556,,,,Active
MAN/TAM/83G12/2017/0011,Manipur,Tamenglong, ,Govajang road,25.163528,93.736222,,,,Active
MN/NON/83H05/2018/57,Manipur,Noney, ,Rengpang,24.764917,93.45875,,,,Active
MN/CHU/83H10/2018/83,Manipur,Churachandpur, ,Data taken from  Nalon village,24.534017,93.680433,,,,Active
MN/PZL/83H03/2020/5,Manipur,Pherzawl, ,2.1 km north east of Taithu Village.,24.32,93.14,,,,Active
MAN/UKH/83K08/2015/009,Manipur,Ukhrul, ,Nearly 2km N of Changa Village,25.020361,94.4095,,,,Active
MAN/TAM/83G12/2017/0141,Manipur,Tamenglong, ,Govajang road,25.168928,93.739886,,,,Active
MN/KAM/83L05/2018/6,Manipur,Kamjong, ,1.5 km W of Tusom Village,24.796417,94.398786,,,,Reactivated
MN/CDL/84I01/2020/13,Manipur,Chandel, ,Tuitong section,23.95,94.07,,,,Suspended
MAN/TAM/83G12/2017/0027,Manipur,Tamenglong, ,Govajang road,25.162583,93.703972,,,,Active
MN/UKH/83L01/2018/43,Manipur,Ukhrul, ,Shongpel,24.982917,94.162639,,,,Active
MN/UKH/83L01/2018/41,Manipur,Ukhrul, ,T.Hungdung,24.839722,94.224944,,,,Active
MAN/TAM/83G12/2017/0105,Manipur,Tamenglong, ,Dailong road,25.117806,93.647528,,,,Active
MN/UKH/83K12/2017/11,Manipur,Ukhrul, ,Sahamphung,25.049,94.551028,,,,Active
MN/NON/83H05/2018/48,Manipur,Noney, ,Rengpang,24.775972,93.457139,,,,Active
MN/NON/83H09/2018/61,Manipur,Noney, , ,24.965053,93.731514,,,,Active
MN/JRM/83H02/2020/13,Manipur,Jiribam, ,Ahamadabad village,24.73,93.13,,,,Active
MN/CDL/83L04/2020/60,Manipur,Chandel, ,Along T. Minou to T. Khunomyang road,24.2,94.2,,,,Suspended
MAN/UKH/83K08/2015/021,Manipur,Ukhrul, ,"Langdang village, Ukhrul Jessami road.",25.099194,94.460722,,,,Active
MAN/SEN/83K03/2015/69,Manipur,Senapati, ,Along Thingba Khullen and Oinam raod,25.350061,94.220711,,,,Active
MAN/UKH/83K07/2015/035,Manipur,Ukhrul, ,1km NW of Razai villae,25.389639,94.457028,,,,Active
MAN/TAM/83G12/2017/0015,Manipur,Tamenglong, ,Govajang road,25.161694,93.731306,,,,Active
MN/CCP/83H08/2020/15,Manipur,Churachandpur, ,Khayang-Sumtuk road,24.13,93.29,,,,Active
MN/CCP/83H11/2020/20,Manipur,Churachandpur, ,Tuinoum Village,24.35,93.67,,,,Active
MN/UKH/83K12/2017/4,Manipur,Ukhrul, ,Mapum,25.08325,94.503639,,,,Active
MN/TAM/83H09/2018/19,Manipur,Tamenglong, ,NH-137,24.984722,93.524917,,,,Active
MN/KAM/83L05/2018/4,Manipur,Kamjong, ,0.5 km NE of Phungyar Village,24.808874,94.368466,,,,Suspended
MN/CCP/83H11/2020/2,Manipur,Churachandpur, ,"Songpi village, mission compound",24.35,93.51,,,,Active
MN/UKH/83K12/2017/42,Manipur,Ukhrul, ,Chammu,25.095611,94.522944,,,,Active
MN/UKH/83K12/2017/10,Manipur,Ukhrul, ,Sahamphung,25.050694,94.555139,,,,Active
MAN/TAM/83G12/2017/0028,Manipur,Tamenglong, ,Govajang road,25.156833,93.703222,,,,Active
MN/CDL/83H16/2020/19,Manipur,Chandel, ,Tengnoupal,24.11,93.91,,,,Active
MN/KAM/83L06/2018/16,Manipur,Kamjong, ,Kasom Khullen (cultivation area),24.677303,94.253445,,,,Reactivated
MN/UKH/83K11/2017/78,Manipur,Ukhrul, ,Wahong,25.485861,94.544528,,,,Active
MN/CCP/83H11/2020/17,Manipur,Churachandpur, ,Gelmoul Village,24.35,93.66,,,,Active
MN/KAM/83L06/2018/12,Manipur,Kamjong, ,Kasom Khullen (cultivation area),24.686833,94.2605,,,,Reactivated
MAN/TAM/83H05/2007/C-5,Manipur,Tamenglong,Guigailuang-2 slide, ,24.99306,93.4975,,,, 
MN/KAM/83L06/2018/8,Manipur,Kamjong, ,Kasom Khullen (cultivation area),24.684625,94.264253,,,,Reactivated
MAN/UKH/83K08/2015/024,Manipur,Ukhrul, ,"4km N of Siruhi village, Ukhrul Jessami road.",25.128194,94.440417,,,,Active
MN/CDL/83L04/2020/64,Manipur,Chandel, ,Khenjoy section,24.14,94.01,,,,Suspended
MN/CHA/83L03/2018/53,Manipur,Chandel, ,Larong Khullen,24.2504,94.096483,,,,Inactive
MAN/SEN/83K03/2015/15,Manipur,Senapati, ,South of Maram Khullen,25.417653,94.084694,,,,Active
MAN/TAM/83G12/2017/0016,Manipur,Tamenglong, ,Govajang road,25.161667,93.730361,,,,Active
MN/TEN/83L03/2018/39,Manipur,Tengnoupal, ,1km south west of Chelep,24.417667,94.176806,,,,Suspended
MN/KAM/83L05/2018/73,Manipur,Kamjong, ,0.5 km NE of Maku Village,24.957209,94.473616,,,,Reactivated
MN/CDL/83L04/2020/19,Manipur,Chandel, ,Kotal Khunthak,24.19,94.11,,,,Active
MN/UKH/83K11/2017/25,Manipur,Ukhrul, ,Chingai,25.332083,94.526639,,,,Active
MN/UKH/83K12/2017/43,Manipur,Ukhrul, ,Chammu,25.094333,94.522528,,,,Active
MAN/UKH/83K08/2015/044,Manipur,Ukhrul, ,Ukhrul Talui road,25.16525,94.354611,,,,Active
MN/KAM/83L09/2017/16,Manipur,Kamjong, ,"Chattrick
Kamjong road",24.887722,94.610194,,,,Active
MN/UKH/83K12/2017/19,Manipur,Ukhrul, ,Sahamphung,25.059556,94.550611,,,,Active
MN/UKH/83L01/2018/22,Manipur,Ukhrul, ,Sikibung,24.9475,94.188889,,,,Active
MN/UKH/83K12/2017/52,Manipur,Ukhrul, ,Chammu,25.065889,94.632139,,,,Inactive
MN/UKH/83L01/2018/25,Manipur,Ukhrul, ,Mayophung,24.9755,94.155,,,,Active
MN/NON/83H10/2018/63,Manipur,Noney, ,"NH_37A, Imphal-Khoupum highway",24.641194,93.594472,,,,Active
MAN/TAM/83G12/2017/0086,Manipur,Tamenglong, ,Dailong road,25.110667,93.62275,,,,Active
MAN/SEN/83K04/2015/94,Manipur,Senapati, ,Along Sorbung road,25.255931,94.1254,,,,Suspended
MN/CDL/83H16/2020/23,Manipur,Chandel, ,Tengnoupal,24,93.99,,,,Active
MN/UKH/83K11/2017/80,Manipur,Ukhrul, ,"New Tusom
Kharasom road",25.480722,94.532861,,,,Reactivated
MN/CCP/83H11/2020/32,Manipur,Churachandpur, ,K. Salem road,24.3,93.69,,,,Active
MN/NON/83H05/2018/41,Manipur,Noney, ,Khongsang,24.804167,93.471667,,,,Active
MN/KAN/83L02/2018/11,Manipur,Kangpokpi, ,Yairipok-Hongbei road,24.708417,94.198278,,,,Active
MN/KAM/83L05/2018/33,Manipur,Kamjong, ,SE of Khuntak Awang Village,24.847436,94.325861,,,,Reactivated
MN/NON/83H09/2018/52,Manipur,Noney, ,NH-37,24.796944,93.737583,,,,Active
MN/UKH/83K12/2017/56,Manipur,Ukhrul, ,Chammu,25.063167,94.614389,,,,Active
MN/CDL/83L04/2020/35,Manipur,Chandel, ,Songjang section,24.15,94.1,,,,Suspended
MN/UKH/83L01/2018/23,Manipur,Ukhrul, ,Sikibung,24.946944,94.191194,,,,Active
MAN/TAM/83G12/2017/0117,Manipur,Tamenglong, ,Dailong road,25.130722,93.663583,,,,Active
MN/KAM/83L05/2018/29,Manipur,Kamjong, ,3.8 km SE of Khuntak Awang Village,24.836588,94.354848,,,,Reactivated
MN/TAM/83H05/2018/101,Manipur,Tamenglong, ,Namkaolong,24.846028,93.43875,,,,Active
MN/NON/83H10/2018/16,Manipur,Noney, ,"Along Imphal-Khuopum road, near Zouyantek village.",24.647011,93.672828,,,,Active
MN/UKH/83K11/2017/103,Manipur,Ukhrul, ,New Tusom,25.178417,94.52725,,,,Active
MN/NON/83H10/2018/59,Manipur,Noney, ,"NH_37A, Imphal-Khoupum highway",24.628,93.603944,,,,Active
MN/NON/83H10/2018/45,Manipur,Noney, ,Data taken from Khoupum- Nungba highway.,24.719214,93.508903,,,,Active
MN/NON/83H10/2018/60,Manipur,Noney, ,"NH_37A, Imphal-Khoupum highway",24.636444,93.606694,,,,Active
MN/UKH/83K11/2017/81,Manipur,Ukhrul, ,"New Tusom
Kharasom road",25.478194,94.535111,,,,Active
MN/CDL/83H16/2020/39,Manipur,Chandel, ,Tengnoupal,24.01,93.97,,,,Suspended
MN/UKH/83K12/2017/39,Manipur,Ukhrul, ,Mapum,25.103111,94.532083,,,,Active
MN/CDL/83L04/2020/13,Manipur,Chandel, ,Khenjoy section,24.07,94.03,,,,Suspended
MAN/TAM/83G12/2017/0044,Manipur,Tamenglong, ,Govajang road,25.160389,93.688167,,,,Active
MN/NON/83H10/2018/18,Manipur,Noney, ,"Along Imphal-Khuopum road, near Tairenpokpi village.",24.646197,93.671856,,,,Active
MN/CCP/83H11/2020/23,Manipur,Churachandpur, ,Near Gelnuom,24.33,93.55,,,,Active
MN/NON/83H05/2018/22,Manipur,Noney, ,Khongsang,24.834917,93.459083,,,,Active
MN/CDL/84I01/2020/6,Manipur,Chandel, ,Near Shellon Village,23.98,94.03,,,,Suspended
MN/TEN/83L03/2018/72,Manipur,Tengnoupal, ,1 km west of Modenphai,24.437169,94.18495,,,,Relict
MN/NON/83H10/2018/64,Manipur,Noney, ,"Data taken from NH_37A, Imphal-Khoupum highway",24.662664,93.62825,,,,Active
MN/PZL/83H03/2020/17,Manipur,Pherzawl, ,2 km south of Parbung Village,24.26,93.1,,,,Active
MN/KAM/83L06/2018/10,Manipur,Kamjong, ,Kasom Khullen,24.672316,94.26374,,,,Active
MN/UKH/83K12/2017/55,Manipur,Ukhrul, ,Chammu,25.063778,94.615,,,,Active
MN/TAM/83H09/2018/28,Manipur,Tamenglong, ,"Above NH-137,Tamenglong town towards Tamei",24.984528,93.509861,,,,Active
MN/JRM/83H02/2020/10,Manipur,Jiribam, ,Nungkhal -Kolbung road,24.73,93.18,,,,Active
MN/TEN/83L07/2018/6,Manipur,Tengnoupal, ,Moreh-Tengnoupal road,24.291139,94.276139,,,,Reactivated
MN/CDL/83H16/2020/11,Manipur,Chandel, ,Tengnoupal,24.1,93.96,,,,Suspended
MN/CDL/84I01/2020/2,Manipur,Chandel, ,Tuitong section,23.96,94.06,,,,Stabilized
MN/CCP/83H11/2020/44,Manipur,Churachandpur, ,"Songpi village, mission compound",24.35,93.53,,,,Active
MAN/SEN/83G14/2015/32,Manipur,Senapati, ,Peren-Maram road,25.523,93.899,,,,Active
MN/NON/83H09/2018/9,Manipur,Noney, ,NH37,24.798,93.736,,,,Suspended
MAN/TAM/83G12/2017/0112,Manipur,Tamenglong, ,Dailong road,25.121417,93.654972,,,,Active
MN/PZL/83H03/2020/14,Manipur,Pherzawl, ,3.2 km south west of Taithu Village.,24.28,93.11,,,,Active
MN/JRM/83H02/2020/22,Manipur,Jiribam, ,Chandranathpur to Dawtlang road,24.72,93.14,,,,Active
MN/CCP/83H11/2020/4,Manipur,Churachandpur, ,Tulumjang village,24.15,93.58,,,,Active
MN/TAM/83H01/2018/45,Manipur,Tamenglong,Makru2,NH53,24.8145,93.246,,,,Active
MAN/TAM/83G12/2017/0002,Manipur,Tamenglong, ,West of Govajang,25.167917,93.749083,,,,Active
MN/KAM/83L06/2018/19,Manipur,Kamjong, ,2 km S of Tarang Village,24.618157,94.309379,,,,Inactive
MN/UKH/83K11/2017/63,Manipur,Ukhrul, ,TusomC V,25.410278,94.600389,,,,Active
MN/NON/83H10/2018/68,Manipur,Noney, ,"NH_37A, Imphal-Khoupum highway",24.629861,93.695278,,,,Active
MN/UKH/83K12/2017/54,Manipur,Ukhrul, ,Chammu,25.063861,94.614972,,,,Active
MAN/SEN/83K04/2015/98,Manipur,Senapati, ,ALONG SAIKUL ROAD,25.028456,94.015522,,,,Active
MN/PZL/83H03/2020/23,Manipur,Pherzawl, ,4.2 km south west of Damdei Village.,24.33,93.15,,,,Active
MN/UKH/83K12/2017/81,Manipur,Ukhrul, ,Khamasom,25.182472,94.523722,,,,Active
MN/UKH/83L01/2018/7,Manipur,Ukhrul, ,Zelenbung,24.946889,94.155111,,,,Active
MAN/TAM/83H09/2007/C-3A,Manipur,Tamenglong,New Salem Leikai slide, ,24.98722,93.50361,,,, 
MN/NON/83H05/2018/52,Manipur,Noney, ,Rengpang,24.768694,93.45725,,,,Active
MAN/SEN/83K03/2015/44,Manipur,Senapati, ,Northwest of New Magamai,25.444333,94.006631,,,,Active
MAN/UKH/83K08/2015/049,Manipur,Ukhrul, ,Ukhrul Talui road,25.181639,94.342667,,,,Reactivated
MAN/TAM/83H05/2007/C-14,Manipur,Tamenglong,Lamkaolong slide, ,24.84833,93.45917,,,, 
MN/NON/83H10/2018/55,Manipur,Noney, ,"NH_37A, Imphal-Khoupum highway",24.630083,93.606139,,,,Dormant
MN/NON/83H09/2018/13,Manipur,Noney, ,NH37,24.815833,93.740194,,,,Active
MAN/TAM/83G12/2017/0003,Manipur,Tamenglong, ,West of Govajang,25.168028,93.748972,,,,Active
MN/CDL/83L04/2020/27,Manipur,Chandel, ,Tengnoupal,24.13,94.13,,,,Suspended
MN/KAN/83H13/2018/11,Manipur,Kangpokpi, ,Samuk,24.927139,93.789333,,,,Active
MAN/SEN/83K03/2015/76,Manipur,Senapati, ,Along Sorbung road,25.269014,94.046367,,,,Suspended
MN/TEN/83L03/2018/76,Manipur,Tengnoupal, ,4km east of Machi,24.491669,94.163786,,,,Suspended
MN/CDL/83L04/2020/65,Manipur,Chandel, ,Tengnoupal,24.11,94.02,,,,Suspended
MN/NON/83H10/2018/29,Manipur,Noney, ,Imphal-Khoupum highway,24.618889,93.705833,,,,Active
MN/NON/83H10/2018/67,Manipur,Noney, ,"NH_37A, Imphal-Khoupum highway",24.624944,93.691556,,,,Active
MN/CCP/83H11/2020/45,Manipur,Churachandpur, ,"Songpi village, mission compound",24.33,93.53,,,,Active
MN/UKH/83K11/2017/101,Manipur,Ukhrul, ,New Tusom,25.466278,94.552528,,,,Active
MN/NON/83H10/2018/48,Manipur,Noney, ,"NH_37A, Imphal-Khoupum highway",24.640072,93.627392,,,,Active
MAN/UKH/83K08/2015/048,Manipur,Ukhrul, ,Ukhrul Talui road,25.174667,94.347306,,,,Active
MN/KAM/83L06/2018/1,Manipur,Kamjong, ,0.5 km NW of Khamlang,24.691389,94.255917,,,,Reactivated
MN/UKH/83K11/2017/3,Manipur,Ukhrul, ,Chingai,25.314972,94.5065,,,,Active
MN/TML/83G08/2020/48,Manipur,Tamenglong, ,Tousem part 3- Old Tousem road,25.11,93.37,,,,Reactivated
MN/KAM/83L09/2017/26,Manipur,Kamjong, ,"Chahong 
Khullen",24.957333,94.50075,,,,Active
MN/TEN/83L03/2018/77,Manipur,Tengnoupal, ,4km east of Machi,24.490983,94.16515,,,,Suspended
MN/CDL/83L04/2020/87,Manipur,Chandel, ,Along T. Minou to T. Khunomyang road,24.22,94.26,,,,Stabilized
MAN/TAM/83G12/2017/0113,Manipur,Tamenglong, ,Dailong road,25.123361,93.656306,,,,Suspended
MN/UKH/83K12/2017/20,Manipur,Ukhrul, ,Sahamphung,25.055278,94.56436,,,,Active
MN/UKH/83K11/2017/26,Manipur,Ukhrul, ,Poi,25.289944,94.525111,,,,Active
MN/PZL/83H04/2020/9,Manipur,Pherzawl, ,2.5 km west of Bukpi Village.,24.21,93.21,,,,Active
MAN/TAM/83G12/2017/0048,Manipur,Tamenglong, ,Govajang road,25.157667,93.6845,,,,Active
MN/UKH/83K11/2017/42,Manipur,Ukhrul, ,New Tusom,25.39625,94.548444,,,,Active
MN/UKH/83K12/2017/49,Manipur,Ukhrul, ,Chammu,25.064833,94.643917,,,,Active
MN/KAM/83L05/2018/35,Manipur,Kamjong, ,1.2 km N of Phungyar Village,24.820222,94.352889,,,,Reactivated
MN/PZL/83H02/2020/35,Manipur,Pherzawl, ,JT road.,24.52,93.07,,,,Active
MN/TEN/83L07/2018/1,Manipur,Tengnoupal, ,Near Sita village,24.433611,94.250611,,,,Suspended
MAN/TAM/83G12/2017/0021,Manipur,Tamenglong, ,Govajang road,25.152167,93.713083,,,,Active
MN/CDL/83L04/2020/39,Manipur,Chandel, ,Tengnoupal,24.15,94.08,,,,Suspended
MN/JRM/83H02/2020/26,Manipur,Jiribam, ,Mullargaon area,24.74,93.15,,,,Active
MN/KAM/83L09/2017/24,Manipur,Kamjong, ,"Chattrick
Kamjong road",24.871889,94.580417,,,,Active
MN/KAM/83L06/2018/21,Manipur,Kamjong, ,1 km N of Nambashi Khullen,24.607745,94.342873,,,,Reactivated
MAN/SEN/83K03/2015/51,Manipur,Senapati, ,Along Khabung road,25.332489,94.080258,,,,Active
MAN/TAM/83G12/2017/0079,Manipur,Tamenglong, ,Dailong road,25.09225,93.619972,,,,Suspended
MN/UKH/83K11/2017/96,Manipur,Ukhrul, ,New Tusom,25.413,94.541333,,,,Active
MAN/TAM/83G12/2017/0138,Manipur,Tamenglong, ,Govajang road,25.157092,93.682686,,,,Active
MN/KAM/83L05/2018/43,Manipur,Kamjong, ,N of Phungyar Village,24.835145,94.340419,,,,Reactivated
MN/KAM/83L05/2018/7,Manipur,Kamjong, ,1 km W of Tusom Village,24.798077,94.406137,,,,Active
MAN/SEN/83K03/2015/71,Manipur,Senapati, ,Along Thingba Khullen and Oinam raod,25.351311,94.222514,,,,Active
MN/CHU/83H10/2018/34,Manipur,Churachandpur, ,Loktak- Leimatak highway,24.600083,93.725528,,,,Active
MAN/UKH/83K08/2015/003,Manipur,Ukhrul, ,Near major quarry on the way to Imphal.,25.048417,94.332389,,,,Active
MAN/SEN/83K03/2015/28,Manipur,Senapati, ,West of New Magamai,25.428889,94.043861,,,,Suspended
MAN/TAM/83G12/2017/0082,Manipur,Tamenglong, ,Dailong road,25.101083,93.620333,,,,Suspended
MN/NON/83H09/2018/43,Manipur,Noney, ,NH-37   Tupul village,24.779889,93.663889,,,,Active
MN/UKH/83K11/2017/87,Manipur,Ukhrul, ,New Tusom,25.468,94.545083,,,,Active
MN/CCP/83H12/2020/18,Manipur,Churachandpur, ,Tiddim Road,24.02,93.57,,,,Active
MN/CCP/83H08/2020/21,Manipur,Churachandpur, ,3.5 km towards Joutung,24.21,93.29,,,,Active
MN/UKH/83K11/2017/100,Manipur,Ukhrul, ,New Tusom,25.410694,94.500056,,,,Active
MN/BNP/83H15/2020/5,Manipur,Bishnupur, ,V. Vajang village -Saikot Road,24.3,93.84,,,,Active
MN/NON/83H10/2018/52,Manipur,Noney, ,"NH_37A, Imphal-Khoupum highway",24.639,93.611556,,,,Active
MN/CHU/83H10/2018/38,Manipur,Churachandpur, ,Data taken from Loktak- Leimatak highway,24.612372,93.670775,,,,Dormant
MN/KAN/83H13/2018/15,Manipur,Kangpokpi, ,Kangchup Ponlen,24.866972,93.7745,,,,Active
MN/CDL/84I01/2020/3,Manipur,Chandel, ,Tuitong section,23.97,94.04,,,,Suspended
MAN/UKH/83K08/2015/055,Manipur,Ukhrul, ,Ngaingu village,25.151917,94.312167,,,,Active
MAN/TAM/83G12/2017/0080,Manipur,Tamenglong, ,Dailong road,25.096333,93.61925,,,,Suspended
MAN/TAM/83G12/2017/0075,Manipur,Tamenglong, ,Dailong road,25.08025,93.612278,,,,Active
MN/TAM/83H09/2018/20,Manipur,Tamenglong, ,NH-137,24.987361,93.525333,,,,Active
MN/KAM/83L06/2018/11,Manipur,Kamjong, ,Kasom Khullen (cultivation area),24.686651,94.258667,,,,Reactivated
MN/UKH/83K11/2017/33,Manipur,Ukhrul, ,Poi,25.287333,94.528333,,,,Active
MAN/SEN/83K03/2015/22,Manipur,Senapati, ,South of Maram Khullen,25.421028,94.070472,,,,Suspended
MN/UKH/83K11/2017/16,Manipur,Ukhrul, ,Chingai,25.325194,94.511861,,,,Active
MAN/SEN/83K03/2015/65,Manipur,Senapati, ,Along Thingba Khullen and Oinam raod,25.337428,94.184525,,,,Active
MN/NON/83H05/2018/76,Manipur,Noney, ,Thingou,24.812083,93.433917,,,,Active
MN/CDL/83L04/2020/14,Manipur,Chandel, ,Khenjoy section,24.08,94.03,,,,Dormant
MN/PZL/83H03/2020/12,Manipur,Pherzawl, ,2 km North of Pherzawl.,24.28,93.18,,,,Active
MN/KAN/83H13/2018/2,Manipur,Kangpokpi, ,Longa koireng,24.782139,93.777611,,,,Active
MN/TEN/83L03/2018/41,Manipur,Tengnoupal, ,1km south west of Chelep,24.404167,94.156667,,,,Suspended
MN/UKH/83K12/2017/34,Manipur,Ukhrul, ,Mapum,25.082778,94.550694,,,,Active
MN/NON/83H06/2018/5,Manipur,Noney, ,Bwanruangh Taudaijang,24.723056,93.491833,,,,Active
MN/KAN/83H13/2018/6,Manipur,Kangpokpi, ,Longa koireng,24.788639,93.772167,,,,Active
MN/SEN/83K02/2014/04,Manipur,Senapati,Pudunamai  II,Mao gate to Pudunamai road,25.53128,94.16536,,,,Suspended
MAN/TAM/83G12/2017/0031,Manipur,Tamenglong, ,Govajang road,25.165833,93.699611,,,,Active
MN/KAM/83L05/2018/27,Manipur,Kamjong, ,3.6 km SE of Khuntak Awang Village,24.8385,94.357083,,,,Reactivated
MN/NON/83H05/2018/44,Manipur,Noney, ,Rengpang,24.789917,93.459806,,,,Active
MN/UKH/83K12/2017/6,Manipur,Ukhrul, ,Mapum,25.083694,94.502278,,,,Active
MN/NON/83H10/2018/56,Manipur,Noney, ,"NH_37A, Imphal-Khoupum highway",24.628361,93.604917,,,,Active
MN/NON/83H06/2018/7,Manipur,Noney, ,Bwanruangh Taudaijang,24.720167,93.496944,,,,Active
MAN/UKH/83K08/2015/046,Manipur,Ukhrul, ,Ukhrul Talui road,25.172806,94.347694,,,,Active
MN/NON/83H9/2018/006,Manipur,Noney,5 Km SSW of Kotlen Landslide (NH37),NH37/ ImphalJiribam Highway/ 5Kms from Kotlen towards Noney.,24.983194,93.500417,,,,Active
MAN/SEN/83K03/2015/49,Manipur,Senapati, ,Along Khabung road,25.321019,94.067142,,,,Active
MN/TEN/83L03/2018/49,Manipur,Tengnoupal, ,Moreh-Tengnoupal road,24.313111,94.230444,,,,Suspended
MN/CDL/83H16/2020/7,Manipur,Chandel, ,Near Thorcham village,24.16,93.97,,,,Suspended
MAN/TAM/83G12/2017/0037,Manipur,Tamenglong, ,Govajang road,25.164472,93.693944,,,,Suspended
MN/UKH/83K11/2017/69,Manipur,Ukhrul, ,Tusom Khullen,25.410389,94.579361,,,,Active
MN/NON/83H06/2018/1,Manipur,Noney, ,Bwanruangh Taudaijang,24.732139,93.479194,,,,Active
MAN/SEN/83K2/2015/205,Manipur,Senapati, ,NH-29,25.514,94.137,,,,Suspended
MAN/SEN/83K03/2015/7,Manipur,Senapati, ,Karong,25.297797,94.044722,,,,Active
MAN/SEN/83K03/2015/62,Manipur,Senapati, ,Along Thingba Khullen and Oinam raod,25.340433,94.166631,,,,Active
MN/CHU/83H10/2018/90,Manipur,Churachandpur, ,Agri linked road Nalon village,24.549256,93.667681,,,,Active
MN/KAN/83H13/2018/8,Manipur,Kangpokpi, ,Kangchup Ponlen,24.871361,93.778667,,,,Active
MN/UKH/83K11/2017/60,Manipur,Ukhrul, ,New Tusom,25.432833,94.575444,,,,Active
MN/TAM/83H05/2018/4,Manipur,Tamenglong, ,Tamenglong,24.942778,93.495333,,,,Active
MN/TAM/83H09/2018/18,Manipur,Tamenglong, ,NH-137,24.978611,93.528278,,,,Active
MN/UKH/83K11/2017/32,Manipur,Ukhrul, ,Poi,25.28775,94.527667,,,,Active
MN/TEN/83L03/2018/75,Manipur,Tengnoupal, ,2 km south of Machi,24.496792,94.141878,,,,Suspended
MN/KAM/83L05/2018/41,Manipur,Kamjong, ,N of Phungyar Village,24.837576,94.337593,,,,Reactivated
MAN/TAM/83G12/2017/0140,Manipur,Tamenglong, ,Govajang road,25.159386,93.720417,,,,Active
MAN/SEN/83K03/2015/16,Manipur,Senapati, ,South of Maram Khullen,25.416483,94.079214,,,,Suspended
MN/NON/83H05/2018/70,Manipur,Noney, ,Rengpang,24.775167,93.440722,,,,Active
MAN/TAM/83G12/2017/0127,Manipur,Tamenglong, ,Dailong road,25.151417,93.672833,,,,Suspended
MN/UKH/83L01/2018/35,Manipur,Ukhrul, ,Marou,24.892028,94.238389,,,,Active
MN/KAM/83L09/2017/10,Manipur,Kamjong, ,Maokot,24.978139,94.614861,,,,Active
MN/UKH/83K11/2017/56,Manipur,Ukhrul, ,TusomC V,25.409139,94.592139,,,,Active
MN/TML/83G08/2020/50,Manipur,Tamenglong, ,Data taken from Tousem part 3- Old Tousem road,25.12,93.37,,,,Active
MAN/SEN/83K04/2015/102,Manipur,Senapati, ,Along Tungou raod via Imphal,25.042333,94.241111,,,,Active
MN/CDL/83H16/2020/27,Manipur,Chandel, ,Along Firan Machet Road,24.19,93.97,,,,Suspended
MAN/UKH/83K08/2015/045,Manipur,Ukhrul, ,Ukhrul Talui road,25.166833,94.354889,,,,Active
MN/UKH/83K11/2017/47,Manipur,Ukhrul, ,New Tusom,25.416778,94.577472,,,,Active
MN/KAM/83L06/2018/14,Manipur,Kamjong, ,"Kasom Khullen, way to Cathlic School",24.6735,94.270702,,,,Reactivated
MN/CDL/84E13/2020/4,Manipur,Chandel, ,Tengnoupal,23.99,93.94,,,,Active
MN/TEN/83L03/2018/42,Manipur,Tengnoupal, ,"Bailay bridge, Tengnoupal",24.379417,94.154139,,,,Suspended
MN/UKH/83L01/2018/6,Manipur,Ukhrul, ,NH 102,24.940972,94.151528,,,,Active
MN/CDL/83L04/2020/28,Manipur,Chandel, ,Tengnoupal,24.13,94.12,,,,Suspended
MN/TAM/83H01/2018/52,Manipur,Tamenglong,Old Kaiphundi4,NH53,24.7825,93.19944,,,,Active
MN/KAM/83L09/2017/43,Manipur,Kamjong, ,"Chahong 
Khullen",24.917611,94.576556,,,,Active
MAN/TAM/83G12/2017/0014,Manipur,Tamenglong, ,Govajang road,25.161361,93.732333,,,,Active
MN/CHA/83L03/2018/13,Manipur,Chandel, ,5km East of Larong Khunou,24.291028,94.124056,,,,Suspended
MN/UKH/83L01/2018/2,Manipur,Ukhrul, ,NH 102,24.934833,94.184944,,,,Active
MN/KAM/83L09/2017/3,Manipur,Kamjong, ,Kamjong,24.826361,94.5255,,,,Active
MN/UKH/83L01/2018/10,Manipur,Ukhrul, ,Zelenbung,24.955167,94.157778,,,,Active
MN/JRM/83H02/2020/24,Manipur,Jiribam, ,Nungkhal Village,24.73,93.15,,,,Active
MN/CCP/83H12/2020/13,Manipur,Churachandpur, ,Zabelli - Singtam Road,24.1,93.57,,,,Active
MN/NON/83H09/2018/42,Manipur,Noney, ,NH-37,24.863272,93.574044,,,,Active
MAN/TAM/83G12/2017/0029,Manipur,Tamenglong, ,Govajang road,25.159028,93.699833,,,,Suspended
MAN/SEN/83K03/2015/48,Manipur,Senapati, ,Along Khabung road,25.317628,94.070336,,,,Suspended
MN/NON/83H10/2018/72,Manipur,Noney, ,"NH_37A, Imphal-Khoupum highway. 280 m above the NH-37.",24.798028,93.735972,,,,Active
MN/TAM/83H09/2018/17,Manipur,Tamenglong, ,NH-137,24.982611,93.52,,,,Active
MN/KAM/83L05/2018/8,Manipur,Kamjong, ,0.5 km W of Tusom Village,24.797,94.409028,,,,Reactivated
MN/UKH/83L01/2018/33,Manipur,Ukhrul, ,T.Hungdung,24.895806,94.243944,,,,Active
MAN/TAM/83G12/2017/0104,Manipur,Tamenglong, ,Dailong road,25.11775,93.647222,,,,Active
MAN/TAM/83G12/2017/0123,Manipur,Tamenglong, ,Dailong road,25.138306,93.669028,,,,Active
MN/KAM/83L05/2018/66,Manipur,Kamjong, ,3 km NW of Kamjong,24.906333,94.482917,,,,Reactivated
MAN/UKH/83K08/2015/047,Manipur,Ukhrul, ,Ukhrul Talui road,25.172194,94.3485,,,,Active
MN/CDL/83H16/2020/8,Manipur,Chandel, ,Near Thorcham village,24.16,93.96,,,,Active
MN/UKH/83L01/2018/1,Manipur,Ukhrul, ,NH 102,24.936361,94.160028,,,,Active
MAN/TAM/83G12/2017/0058,Manipur,Tamenglong, ,Dailong road,25.025472,93.537028,,,,Suspended
MAN/TAM/83G12/2017/0005,Manipur,Tamenglong, ,Govajang road,25.168806,93.742111,,,,Active
MN/UKH/83K12/2017/61,Manipur,Ukhrul, ,Khayang,25.062833,94.577722,,,,Active
MAN/SEN/83K03/2015/34,Manipur,Senapati, ,Northwest of New Magamai,25.447378,94.049444,,,,Suspended
MN/CDL/83L04/2020/44,Manipur,Chandel, ,Tengnoupal,24.13,94.06,,,,Dormant
MN/UKH/83K11/2017/12,Manipur,Ukhrul, ,Chingai,25.323556,94.525583,,,,Active
MN/NON/83H09/2018/33,Manipur,Noney, ,NH-37,24.854806,93.573444,,,,Active
MAN/SEN/83G14/2015/16,Manipur,Senapati, ,On Peren-Maram road,25.528,93.871,,,,Suspended
MAN/UKH/83K08/2015/039,Manipur,Ukhrul, ,Below Ukhrul town,25.116333,94.356833,,,,Active
MAN/TAM/83G12/2017/0038,Manipur,Tamenglong, ,Govajang road,25.164056,93.692861,,,,Active
MN/NON/83H10/2018/30,Manipur,Noney, ,Imphal-Khoupum highway,24.615083,93.696844,,,,Active
MN/NON/83H06/2018/2,Manipur,Noney, ,Bwanruangh Taudaijang,24.732417,93.483139,,,,Active
MN/UKH/83K12/2017/12,Manipur,Ukhrul, ,Sahamphung,25.050417,94.551167,,,,Active
MN/NON/83H10/2018/32,Manipur,Noney, ,Imphal-Khoupum highway,24.615033,93.695917,,,,Active
MN/UKH/83K12/2017/68,Manipur,Ukhrul, ,Huishu,25.259222,94.547417,,,,Active
MN/CCP/83H11/2020/7,Manipur,Churachandpur, ,Near Mungpi,24.14,93.57,,,,Active
MAN/SEN/83K03/2015/61,Manipur,Senapati, ,Along Thingba Khullen and Oinam raod,25.338556,94.158806,,,,Active
MAN/TAM/83G12/2017/0092,Manipur,Tamenglong, ,Dailong road,25.113472,93.636917,,,,Active
MAN/SEN/83K2/2015/210,Manipur,Senapati, ,Terrace fields of Punananmei,25.525,94.146,,,,Suspended
MN/UKH/83K11/2017/41,Manipur,Ukhrul, ,Poi,25.276222,94.555889,,,,Active
MN/NON/83H05/2018/80,Manipur,Noney, ,Thingou,24.812167,93.423,,,,Active
MN/NON/83H05/2018/58,Manipur,Noney, ,Rengpang,24.765361,93.460889,,,,Active
MN/UKH/83K12/2017/44,Manipur,Ukhrul, ,Chammu,25.093167,94.516611,,,,Active
MN/CCP/83H08/2020/19,Manipur,Churachandpur, ,3.5 km SW Sinzawl,24.06,93.28,,,,Active
MN/UKH/83K11/2017/30,Manipur,Ukhrul, ,Poi,25.28925,94.526861,,,,Stabilized
MAN/TAM/83G12/2017/0025,Manipur,Tamenglong, ,Govajang road,25.159778,93.7065,,,,Active
MAN/UKH/83K08/2015/019,Manipur,Ukhrul, ,"Ukhrul town, Ukhrul Jessami road.",25.095611,94.384778,,,,Active
MN/TAM/83H01/2018/46,Manipur,Tamenglong,Makru 3,NH53,24.80592,93.23789,,,,Active
MN/UKH/83K11/2017/76,Manipur,Ukhrul, ,Wahong,25.499542,94.552992,,,,Reactivated
MN/TAM/83H05/2018/26,Manipur,Tamenglong, ,Tabanglong,24.890333,93.466667,,,,Active
MN/UKH/83K12/2017/66,Manipur,Ukhrul, ,Huishu,25.263722,94.544833,,,,Active
MN/CHA/83L03/2018/14,Manipur,Chandel, ,5km East of Larong Khunou,24.298028,94.123583,,,,Suspended
MN/UKH/83K12/2017/31,Manipur,Ukhrul, ,Mapum,25.079361,94.549667,,,,Active
MAN/TAM/83G12/2017/0089,Manipur,Tamenglong, ,Dailong road,25.110389,93.625583,,,,Active
MN/PZL/83H03/2020/19,Manipur,Pherzawl, ,5 km North of Pherzawl.,24.31,93.18,,,,Active
MN/TEN/83L03/2018/83,Manipur,Tengnoupal, ,1km south of Parengtong,24.489728,94.191686,,,,Suspended
MAN/SEN/83G14/2015/3,Manipur,Senapati, ,At Zenamai village on Peren-Maram road,25.532,93.927,,,,Suspended
MN/BNP/83H14/2020/1,Manipur,Bishnupur, ,Ikhing village 1 km E of Loktak Lake,24.52,93.8,,,,Active
MN/UKH/83K11/2017/65,Manipur,Ukhrul, ,TusomC V,25.409306,94.596417,,,,Active
MN/TEN/83L03/2018/37,Manipur,Tengnoupal, ,Larong Khullen,24.270806,94.125139,,,,Reactivated
MN/KAM/83L05/2018/50,Manipur,Kamjong, ,N of Shakok Village,24.910619,94.321092,,,,Reactivated
MN/CHU/83H10/2018/84,Manipur,Churachandpur, ,Near Nalon village,24.544361,93.674917,,,,Active
MAN/TAM/83G12/2017/0088,Manipur,Tamenglong, ,Dailong road,25.110472,93.625389,,,,Active
MN/CCP/83H08/2020/8,Manipur,Churachandpur, ,Sumtuh,24.17,93.3,,,,Active
MN/KAM/83L05/2018/18,Manipur,Kamjong, ,Laushing Village,24.853139,94.369875,,,,Reactivated
MN/CCP/83H08/2020/3,Manipur,Churachandpur, ,Galkpkot,24.35,93.28,,,,Active
MN/TAM/83H05/2018/94,Manipur,Tamenglong, ,Kahulong,24.916444,93.481556,,,,Active
MN/UKH/83K12/2017/48,Manipur,Ukhrul, ,Mapum,25.10125,94.510806,,,,Active
MN/NON/83H09/2018/57,Manipur,Noney, ,Data taken from Noney- Haochong road.,24.872153,93.623861,,,,Active
MAN/TAM/83G12/2017/0128,Manipur,Tamenglong, ,Dailong road,25.152361,93.67325,,,,Active
MN/KAM/83L09/2017/51,Manipur,Kamjong, ,Lakhan,24.812611,94.581278,,,,Active
MAN/TAM/83G12/2017/0085,Manipur,Tamenglong, ,Dailong road,25.110917,93.622361,,,,Active
MAN/SEN/83K03/2015/67,Manipur,Senapati, ,Along Thingba Khullen and Oinam raod,25.346964,94.198264,,,,Active
MN/WEI/83H13/2020/3,Manipur,West Imphal, ,"Langol Lamanai village, West Imphal",24.84,93.91,,,,Active
MN/CDL/83L04/2020/34,Manipur,Chandel, ,Paraulon section,24.22,94.11,,,,Active
MN/NON/83H05/2018/43,Manipur,Noney, ,Rengpang,24.784611,93.462278,,,,Active
MN/NON/83H05/2018/29,Manipur,Noney, ,Irang,24.842444,93.499333,,,,Active
MAN/SEN/83K03/2015/54,Manipur,Senapati, ,Along Khabung road,25.322822,94.088994,,,,Suspended
MN/NON/83H10/2018/44,Manipur,Noney, ,Data taken from Khoupum- Nungba highway.,24.719397,93.509003,,,,Active
MN/CHA/83L03/2018/60,Manipur,Chandel, ,1km E of Larong Khullen,24.253611,94.100258,,,,Suspended
MN/UKH/83K12/2017/87,Manipur,Ukhrul, ,Mapum,25.0948,94.547461,,,,Active
MAN/TAM/83G12/2017/0023,Manipur,Tamenglong, ,Govajang road,25.153472,93.712444,,,,Active
MAN/TAM/83G12/2017/0064,Manipur,Tamenglong, ,Dailong road,25.057194,93.603028,,,,Reactivated
MN/PZL/83H03/2020/3,Manipur,Pherzawl, ,2.5 km north east of Taithu Village.,24.32,93.15,,,,Active
MN/PZL/83H03/2020/15,Manipur,Pherzawl, ,Near Parbung Village,24.27,93.11,,,,Reactivated
MAN/TAM/83G12/2017/0067,Manipur,Tamenglong, ,Dailong road,25.059861,93.604639,,,,Active
MAN/SEN/83K03/2015/75,Manipur,Senapati, ,Along Sorbung road,25.268703,94.045883,,,,Active
MN/UKH/83K11/2017/51,Manipur,Ukhrul, ,New Tusom,25.418361,94.578528,,,,Active
MN/NON/83H05/2018/28,Manipur,Noney, ,Irang,24.85,93.497583,,,,Active
MN/CDL/83L04/2020/40,Manipur,Chandel, ,Tengnoupal,24.14,94.07,,,,Dormant
MN/KAM/83L05/2018/56,Manipur,Kamjong, ,1 km W of Godah Village,24.901444,94.338306,,,,Active
MN/KAM/83L05/2018/64,Manipur,Kamjong, ,Alang Village,24.823283,94.322722,,,,Reactivated
MN/CCP/83H11/2020/43,Manipur,Churachandpur, ,Songpi Road,24.35,93.54,,,,Active
MN/TAM/83H01/2018/56,Manipur,Tamenglong,Sejang,New Kaiphundai Sejang road.,24.85325,93.2449,,,,Active
MN/KAM/83L05/2018/39,Manipur,Kamjong, ,3 km N of Phungyar Village,24.825889,94.348861,,,,Reactivated
MN/CCP/83H07/2020/6,Manipur,Churachandpur, ,4.5 km NE Thanlon,24.37,93.52,,,,Reactivated
MN/UKH/83K11/2017/105,Manipur,Ukhrul, ,Wahong,25.467169,94.54755,,,,Active
MN/UKH/83L01/2018/18,Manipur,Ukhrul, ,NH 102,24.991444,94.2345,,,,Active
MAN/TAM/83G12/2017/0065,Manipur,Tamenglong, ,Dailong road,25.058833,93.604028,,,,Suspended
MN/NON/83H05/2018/66,Manipur,Noney, ,Rengpang,24.75075,93.464944,,,,Active
MN/CDL/83L04/2020/46,Manipur,Chandel, ,Tengnoupal,24.12,94.05,,,,Suspended
MN/CCP/83H11/2020/36,Manipur,Churachandpur, ,Chienkawn Vang,24.43,93.85,,,,Active
MAN/TAM/83G12/2017/0094,Manipur,Tamenglong, ,Dailong road,25.115417,93.63925,,,,Active
MAN/TAM/83G12/2017/0110,Manipur,Tamenglong, ,Dailong road,25.120444,93.653778,,,,Suspended
MN/CDL/83L04/2020/53,Manipur,Chandel, ,Khenjoy section,24.1,94.03,,,,Active
MN/TAM/83H05/2018/92,Manipur,Tamenglong, ,Akhui,24.917278,93.471167,,,,Active
MAN/TAM/83H09/2007/C-1,Manipur,Tamenglong,Khongsong slide, ,24.81722,93.51722,,,, 
MN/UKH/83K12/2017/85,Manipur,Ukhrul, ,Khamasom,25.186389,94.52025,,,,Active
MN/KAM/83L05/2018/25,Manipur,Kamjong, ,3 km SE of Khuntak Awang Village,24.842778,94.357583,,,,Reactivated
MN/KAM/83L05/2018/68,Manipur,Kamjong, ,4.5 km NW of Kamjong,24.916083,94.486889,,,,Inactive
MN/CCP/83E09/2020/1,Manipur,Churachandpur, ,Behiang Road,24,93.55,,,,Active
MN/TAM/83H09/2018/25,Manipur,Tamenglong, ,"Tamenglong town, 150m NW of LS-15",24.989697,93.507075,,,,Active
MN/NON/83H10/2018/46,Manipur,Noney, ,Data taken from Khoupum- Nungba highway.,24.718914,93.508378,,,,Active
MN/NON/83H05/2018/35,Manipur,Noney, ,Khongsang,24.827,93.478472,,,,Active
MN/KAM/83L09/2017/36,Manipur,Kamjong, ,"Chahong 
Khullen",24.938361,94.549556,,,,Active
MN/CDL/83H16/2020/22,Manipur,Chandel, ,Tengnoupal,24.1,93.95,,,,Active
MAN/TAM/83G12/2017/0046,Manipur,Tamenglong, ,Govajang road,25.158083,93.684944,,,,Stabilized
MN/KAM/83L05/2018/21,Manipur,Kamjong, ,E of Laushing Village,24.932631,94.417417,,,,Reactivated
MN/NON/83H10/2018/6,Manipur,Noney, ,Data taken from Sangji village,24.699761,93.650047,,,,Active
MAN/SEN/83K07/2015/062,Manipur,Senapati, ,Thiwa,25.289444,94.309472,,,,Active
MN/KAM/83L09/2017/15,Manipur,Kamjong, ,"Chattrick
Kamjong road",24.884889,94.613222,,,,Active
MN/TEN/83L03/2018/38,Manipur,Tengnoupal, ,1km west of Chelep,24.4165,94.176944,,,,Suspended
MAN/TAM/83G12/2017/0051,Manipur,Tamenglong, ,Govajang road,25.155861,93.677306,,,,Active
MAN/TAM/83G12/2017/0081,Manipur,Tamenglong, ,Dailong road,25.098639,93.620778,,,,Active
MN/TAM/83H05/2018/14,Manipur,Tamenglong, ,Neigailong Tamenglong,24.986333,93.494361,,,,Active
MN/KAM/83L09/2017/13,Manipur,Kamjong, ,Maokot,24.991833,94.603306,,,,Active
MN/KAM/83L09/2017/39,Manipur,Kamjong, ,"Chahong 
Khullen",24.919917,94.567111,,,,Active
MN/UKH/83K12/2017/50,Manipur,Ukhrul, ,Chammu,25.067194,94.632972,,,,Active
MN/NON/83H05/2018/62,Manipur,Noney, ,Rengpang,24.758778,93.456889,,,,Active
MN/UKH/83K11/2017/64,Manipur,Ukhrul, ,TusomC V,25.410667,94.598361,,,,Active
MN/NON/83H09/2018/70,Manipur,Noney, ,Noney to Kabui Khullen road,24.975175,93.652939,,,, 
MN/CCP/83H11/2020/24,Manipur,Churachandpur, ,Songpi-Pearson veng Road,24.29,93.68,,,,Active
MN/NON/83H10/2018/9,Manipur,Noney, ,Data taken from Sangji village-Dolang village,24.672569,93.6973,,,,Active
MN/NON/83H05/2018/59,Manipur,Noney, ,Rengpang,24.764917,93.46125,,,,Active
MN/TEN/83L03/2018/80,Manipur,Tengnoupal, ,1.5km north of Laibi,24.408672,94.245139,,,,Relict
MN/TEN/83L07/2018/5,Manipur,Tengnoupal, ,8km Northwest of Moreh,24.289333,94.277139,,,,Reactivated
MN/CDL/83L04/2020/7,Manipur,Chandel, ,Khenjoy section,24.04,94.08,,,,Suspended
MN/CDL/83H16/2020/21,Manipur,Chandel, ,Tengnoupal,24.14,93.93,,,,Dormant
MN/KAN/83H13/2018/3,Manipur,Kangpokpi, ,Longa koireng,24.783194,93.774694,,,,Active
MN/TEN/83L03/2018/16,Manipur,Tengnoupal, ,Sita village,24.4588,94.223469,,,,Suspended
MN/KAM/83L06/2018/6,Manipur,Kamjong, ,Kasom Khullen,24.683238,94.267283,,,,Reactivated
MN/NON/83H13/2018/001,Manipur,Noney,Kotlen landslide,NH37/Kotlen,24.9252,94.3371,,,,Active
MN/TEN/83L03/2018/20,Manipur,Tengnoupal, ,1km south of Simang village,24.506317,94.180147,,,,Suspended
MN/KAM/83L09/2017/18,Manipur,Kamjong, ,"Chattrick
Kamjong road",24.888528,94.601694,,,,Active
MN/NON/83H09/2018/72,Manipur,Noney, ,Noney to Kabui Khullen road,24.974128,93.666128,,,, 
MN/NON/83H05/2018/54,Manipur,Noney, ,Rengpang,24.767,93.458139,,,,Active
MN/TAM/83H05/2018/97,Manipur,Tamenglong, ,Kahulong,24.950278,93.481917,,,,Active
MN/UKH/83L02/2018/23,Manipur,Ukhrul, ,Hongbei,24.689139,94.165472,,,,Active
MAN/SEN/83K03/2015/81,Manipur,Senapati, ,Along Sorbung road,25.265578,94.064836,,,,Active
MN/NON/83H09/2018/69,Manipur,Noney, ,Noney to Kabui Khullen road,24.981031,93.654678,,,,Active
MN/NON/83H10/2018/71,Manipur,Noney, ,"NH_37, Imphal-Jiribum highway. 30 m  North of  LS 51",24.801681,93.736408,,,,Dormant
MN/CHA/83L03/2018/57,Manipur,Chandel, ,SE of Khongjam,24.279575,94.077164,,,,Suspended
MN/UKH/83L01/2018/39,Manipur,Ukhrul, ,Marou,24.858778,94.233139,,,,Active
MAN/TAM/83G12/2017/0097,Manipur,Tamenglong, ,Dailong road,25.116111,93.640417,,,,Active
MAN/TAM/83G12/2017/0008,Manipur,Tamenglong, ,Govajang road,25.167444,93.735472,,,,Active
MAN/TAM/83G12/2017/0121,Manipur,Tamenglong, ,Dailong road,25.135861,93.6675,,,,Active
MAN/SEN/83K03/2015/43,Manipur,Senapati, ,Northwest of New Magamai,25.452417,94.018919,,,,Suspended
MN/UKH/83K11/2017/73,Manipur,Ukhrul, ,Wahong,25.493694,94.555833,,,,Active
MAN/TAM/83H05/2008/C-18,Manipur,Tamenglong,Tamenglong-Khongsang road (near Tabanglong) slide, ,24.90139,93.45389,,,, 
MN/KAM/83L05/2018/45,Manipur,Kamjong, ,1 km N of Shakok Village,24.883132,94.31281,,,,Reactivated
MAN/UKH/83K08/2015/029,Manipur,Ukhrul, ,Ukhrul Jessami road.,25.155194,94.461278,,,,Active
MN/CCP/83H08/2020/31,Manipur,Churachandpur, ,4.5 km NE Sinzawl,24.11,93.32,,,,Active
MN/CCP/83H08/2020/10,Manipur,Churachandpur, ,Sinzawl road,24.16,93.31,,,,Active
MN/NON/83H09/2018/56,Manipur,Noney, ,"Lukhambi, Noney, NH-37",24.864739,93.625244,,,,Active
MN/KAM/83L09/2017/8,Manipur,Kamjong, ,Kamjong,24.964694,94.6175,,,,Active
MN/UKH/83K12/2017/13,Manipur,Ukhrul, ,Sahamphung,25.051944,94.551111,,,,Active
MN/KAM/83L06/2018/31,Manipur,Kamjong, ,0.5 km N of Sorbong Village,24.683139,94.400917,,,,Reactivated
MAN/TAM/83G12/2017/0090,Manipur,Tamenglong, ,Dailong road,25.109944,93.626528,,,,Active
MN/KAN/83H13/2018/16,Manipur,Kangpokpi, ,Kangchup Ponlen,24.864833,93.772583,,,,Active
MN/NON/83H09/2018/37,Manipur,Noney, ,NH-37,24.829333,93.507056,,,,Active
MAN/SEN/83K03/2015/56,Manipur,Senapati, ,Along Khabung road,25.318628,94.092053,,,,Active
MN/TEN/83L03/2018/7,Manipur,Tengnoupal, ,Angbreshu,24.323361,94.143556,,,,Active
MAN/UKH/83K08/2015/031,Manipur,Ukhrul, ,Ukhrul Lamlang road.,25.079667,94.296361,,,,Active
MN/UKH/83K11/2017/11,Manipur,Ukhrul, ,Chingai,25.324861,94.509861,,,,Active
MN/KAM/83L05/2018/47,Manipur,Kamjong, ,2 km N of Shakok Village,24.890806,94.319308,,,,Reactivated
MN/NON/83H09/2018/75,Manipur,Noney, ,Below NH-37,24.798042,93.722439,,,,Active
MN/TEN/83L03/2018/43,Manipur,Tengnoupal, ,Chahmol,24.366806,94.163389,,,,Relict
MAN/SEN/83K03/2015/12,Manipur,Senapati, ,West of Khridziiphi,25.450353,94.129017,,,,Suspended
MN/UKH/83K12/2017/25,Manipur,Ukhrul, ,Mapum,25.057167,94.532194,,,,Active
MAN/SEN/83K04/2015/91,Manipur,Senapati, ,Along Sorbung road,25.198756,94.136078,,,,Active
MN/TML/83G08/2020/52,Manipur,Tamenglong, ,Below Namtiran village,25.07,93.43,,,,Active
MN/TEN/83L03/2018/25,Manipur,Tengnoupal, ,1km SE of Sita village,24.445222,94.230583,,,,Relict
MN/UKH/83K11/2017/40,Manipur,Ukhrul, ,Poi,25.287306,94.539833,,,,Active
MN/NON/83H10/2018/47,Manipur,Noney, ,"NH_37A, Imphal-Khoupum highway. Towards Toudaijang.",24.718567,93.500017,,,,Dormant
MAN/TAM/83G12/2017/0126,Manipur,Tamenglong, ,Dailong road,25.14625,93.671194,,,,Suspended
MAN/SEN/83K03/2015/4,Manipur,Senapati, ,Senapati along NH-39,25.279389,94.032194,,,,Active
MN/CHA/83L03/2018/2,Manipur,Chandel, ,Khongjam,24.272667,94.075083,,,,Suspended
MAN/SEN/83K03/2007/C-12,Manipur,Senapati,Shajouba landslide, ,25.47217,94.15433,,,, 
MN/UKH/83K11/2017/58,Manipur,Ukhrul, ,TusomC V,25.394361,94.628222,,,,Active
MN/NON/83H09/2018/32,Manipur,Noney, ,"NH-37, 310 ABOVE THE ROAD",24.860347,93.572383,,,,Active
MN/UKH/83K11/2017/94,Manipur,Ukhrul, ,New Tusom,25.420722,94.577722,,,,Active
MN/NON/83H05/2018/40,Manipur,Noney, ,Khongsang,24.8,93.472222,,,,Active
MN/NON/83H09/2018/76,Manipur,Noney, ,Kharam to Noney road,24.834386,93.715025,,,,Active
MN/NON/83H10/2018/74,Manipur,Noney, ,Noney Town,24.861264,93.627742,,,,Active
MN/CHA/83L03/2018/4,Manipur,Chandel, ,Khongjam,24.280472,94.073833,,,,Suspended
MAN/TAM/83H09/2007/C-6,Manipur,Tamenglong,Tamenglong-2 slide, ,24.99694,93.50222,,,, 
MN/NON/83H10/2018/49,Manipur,Noney, ,"NH_37A, Imphal-Khoupum highway",24.644889,93.619583,,,,Active
MN/KAN/83H13/2018/5,Manipur,Kangpokpi, ,Longa koireng,24.7895,93.774222,,,,Active
MN/NON/83H10/2018/4,Manipur,Noney, ,Zouyantek to Imphal highway,24.639311,93.691111,,,,Active
MN/PZL/83H04/2020/4,Manipur,Pherzawl, ,Near Lungthulien Village.,24.23,93.09,,,,Active
MN/TEN/83L03/2018/18,Manipur,Tengnoupal, ,Sita village,24.454953,94.225406,,,,Relict
MAN/SEN/83K03/2015/24,Manipur,Senapati, ,North of New Magamai,25.4351,94.071111,,,,Active
MAN/SEN/83K03/2015/63,Manipur,Senapati, ,Along Thingba Khullen and Oinam raod,25.339872,94.168736,,,,Active
MN/UKH/83K12/2017/72,Manipur,Ukhrul, ,Khamasom,25.180611,94.525278,,,,Active
MN/TAM/83H06/2018/11,Manipur,Tamenglong, ,Tolen,24.734861,93.296,,,,Active
MN/CHU/83H10/2018/88,Manipur,Churachandpur, ,Data taken from  Nalon village,24.536556,93.670047,,,,Active
MN/TAM/83H05/2018/3,Manipur,Tamenglong, ,Tamenglong,24.94775,93.492889,,,,Active
MN/KAM/83L09/2017/19,Manipur,Kamjong, ,"Chattrick
Kamjong road",24.884389,94.601306,,,,Active
MN/KAM/83L05/2018/57,Manipur,Kamjong, ,0.7 km W of Godah Village,24.901861,94.341944,,,,Reactivated
MAN/UKH/83K07/2015/036,Manipur,Ukhrul, ,1.5km NW of Razai villae,25.392389,94.454333,,,,Active
MN/UKH/83K12/2017/51,Manipur,Ukhrul, ,Chammu,25.066861,94.6325,,,,Active
MAN/UKH/83K08/2015/041,Manipur,Ukhrul, ,Below Ukhrul town,25.113278,94.352722,,,,Active
MN/PZL/83H03/2020/8,Manipur,Pherzawl, ,Taithu Village.,24.31,93.12,,,,Active
MAN/UKH/83K08/2015/016,Manipur,Ukhrul, ,2km E of Gamnum,25.023111,94.449361,,,,Active
MN/NON/83H05/2018/63,Manipur,Noney, ,Rengpang,24.751111,93.459361,,,,Active
MN/PZL/83H03/2020/10,Manipur,Pherzawl, ,1.5 km south west of Taithu Village.,24.29,93.11,,,,Active
MN/TAM/83H05/2018/99,Manipur,Tamenglong, ,Sangrungpang,24.877417,93.460583,,,,Active
MAN/SEN/83K04/2015/100,Manipur,Senapati, ,Along Saikul road,25.038753,94.152236,,,,Active
MN/KAM/83L05/2018/16,Manipur,Kamjong, ,0.5 km W of Laushing Village,24.849667,94.365306,,,,Inactive
MN/CHA/83L03/2018/34,Manipur,Chandel, ,Wamku,24.256583,94.093111,,,,Suspended
MAN/TAM/83H09/2009-10/MN-6,Manipur,Tamenglong,Awangkhul slide,NH-53 (Imphal-Jiribam ),24.82375,93.523861,,,, 
MN/NON/83H05/2018/38,Manipur,Noney, ,Khongsang,24.824111,93.474139,,,,Active
MAN/TAM/83H09/2009-10/MN-1,Manipur,Tamenglong,Tupul Slide,"Tupul (Along NH-53, Juncture of Tupul & Ijai Rivers)",24.792333,93.658222,,,,Reactivated
MN/KAN/83L02/2018/12,Manipur,Kangpokpi, ,Yairipok-Hongbei road,24.709111,94.198528,,,,Active
MAN/UKH/83K08/2015/020,Manipur,Ukhrul, ,"Siruhi village, Ukhrul Jessami road.",25.134611,94.460722,,,,Active
MAN/TAM/83G12/2017/0059,Manipur,Tamenglong, ,Dailong road,25.025639,93.537222,,,,Dormant
MAN/TAM/83G12/2017/0024,Manipur,Tamenglong, ,Govajang road,25.154917,93.711278,,,,Active
MN/KAM/83L09/2017/49,Manipur,Kamjong, ,Movailop,24.777306,94.601889,,,,Active
MAN/TAM/83G12/2017/0001,Manipur,Tamenglong, ,West of Govajang,25.167806,93.749222,,,,Active
MN/KAM/83L05/2018/20,Manipur,Kamjong, ,0.45 km E of Laushing Village,24.852,94.366303,,,,Reactivated
MN/CHU/83H10/2018/36,Manipur,Churachandpur, ,Loktak- Leimatak highway,24.600231,93.695483,,,,Active
MAN/SEN/83K03/2015/73,Manipur,Senapati, ,Along Thingba Khullen and Oinam raod,25.379878,94.214606,,,,Active
MN/CHU/83H10/2018/87,Manipur,Churachandpur, ,Agri linked road Nalon village,24.5465,93.671667,,,,Active
MAN/TAM/83G12/2017/0070,Manipur,Tamenglong, ,Dailong road,25.067306,93.604861,,,,Active
MN/TEN/83L03/2018/70,Manipur,Tengnoupal, ,1.5 km west of Modenphai,24.439842,94.184347,,,,Suspended
MN/CDL/83L04/2020/76,Manipur,Chandel, ,Near Firan Machet village,24.19,94.01,,,,Suspended
MN/UKH/83K11/2017/35,Manipur,Ukhrul, ,Poi,25.287611,94.5295,,,,Active
MN/UKH/83K11/2017/61,Manipur,Ukhrul, ,TusomC V,25.409417,94.599722,,,,Active
MN/TAM/83H05/2018/13,Manipur,Tamenglong, ,Neigailong Tamenglong,24.986444,93.494,,,,Active
MN/TAM/83H06/2018/9,Manipur,Tamenglong, ,Kaimai,24.728917,93.256389,,,,Active
MN/NON/83H10/2018/17,Manipur,Noney, ,"Along Imphal-Khuopum road, near Tairenpokpi village.",24.646969,93.672364,,,,Active
MN/TEN/83L03/2018/68,Manipur,Tengnoupal, ,2km west of Modenphai,24.444011,94.173489,,,,Dormant
MAN/SEN/83K03/2015/10,Manipur,Senapati, ,South of Chakumai Village,25.454017,94.124572,,,,Suspended
MN/NON/83H09/2018/67,Manipur,Noney, ,data taken from NH-37,24.854044,93.585331,,,,Active
MN/CHU/83H10/2018/35,Manipur,Churachandpur, ,"Loktak- Leimatak highway, near Charoi-Khullen",24.607528,93.713778,,,,Active
MAN/TAM/83G12/2017/0057,Manipur,Tamenglong, ,Dailong road,25.013472,93.530472,,,,Active
MAN/SEN/83K03/2015/17,Manipur,Senapati, ,South of Maram Khullen,25.416389,94.067894,,,,Reactivated
MN/WEI/83H13/2020/1,Manipur,West Imphal, ,"Langol area, West Imphal",24.84,93.9,,,,Active
MN/TEN/83L03/2018/31,Manipur,Tengnoupal, ,Larong,24.277639,94.127278,,,,Suspended
MAN/TAM/83G12/2017/0114,Manipur,Tamenglong, ,Dailong road,25.124917,93.657333,,,,Active
MN/KAM/83L05/2018/37,Manipur,Kamjong, ,N of Phungyar Village,24.805342,94.322356,,,,Reactivated
MN/NON/83H10/2018/62,Manipur,Noney, ,"NH_37A, Imphal-Khoupum highway",24.641417,93.596611,,,,Active
MN/KAM/83L05/2018/15,Manipur,Kamjong, ,3.5 km NE of Phungyar Village,24.8415,94.361167,,,,Suspended
MN/TAM/83H05/2018/85,Manipur,Tamenglong, ,Kaimai,24.762667,93.255556,,,,Active
MAN/TAM/83G12/2017/0087,Manipur,Tamenglong, ,Dailong road,25.110389,93.624056,,,,Active
MN/KAM/83L06/2018/2,Manipur,Kamjong, ,0.4 km W of Khamlang,24.692373,94.257477,,,,Reactivated
MN/KAM/83L05/2018/42,Manipur,Kamjong, ,6 km N of Phungyar Village,24.842538,94.325233,,,,Reactivated
MN/NON/83H05/2018/20,Manipur,Noney, ,Khongsang,24.83025,93.466972,,,,Active
MN/KAM/83L06/2018/7,Manipur,Kamjong, ,Kasom Khullen,24.676323,94.253976,,,,Reactivated
MAN/SEN/83K03/2015/11,Manipur,Senapati, ,South of Chakumai Village,25.452369,94.128022,,,,Suspended
MN/NON/83H09/2018/31,Manipur,Noney, ,NH-37,24.862444,93.598194,,,,Active
MN/CCP/83H11/2020/3,Manipur,Churachandpur, ,Tulumjang village,24.37,93.5,,,,Active
MN/KAM/83L09/2017/28,Manipur,Kamjong, ,"Chahong 
Khullen",24.956083,94.522278,,,,Active
MN/UKH/83K12/2017/46,Manipur,Ukhrul, ,Chammu,25.09825,94.513778,,,,Active
MN/CDL/84I01/2020/14,Manipur,Chandel, ,Tuitong section,23.95,94.06,,,,Suspended
MN/UKH/83L01/2018/45,Manipur,Ukhrul, ,Sikibung,24.940944,94.201889,,,,Active
MN/NON/83H10/2018/15,Manipur,Noney, ,Along Imphal-Khuopum road.,24.649492,93.679522,,,,Dormant
MN/NON/83H05/2018/65,Manipur,Noney, ,Rengpang,24.751139,93.462806,,,,Active
MAN/UKH/83K08/2015/027,Manipur,Ukhrul, ,Ukhrul Jessami road.,25.126222,94.456278,,,,Active
MN/UKH/83K11/2017/7,Manipur,Ukhrul, ,Chingai,25.316639,94.504278,,,,Active
MN/UKH/83K12/2017/33,Manipur,Ukhrul, ,Mapum,25.082306,94.551722,,,,Active
MN/NON/83H10/2018/7,Manipur,Noney, ,Data taken from Sangji village,24.698392,93.644183,,,,Active
MN/TAM/83H05/2018/91,Manipur,Tamenglong, ,Longjon,24.806806,93.404806,,,,Active
MN/UKH/83K12/2017/2,Manipur,Ukhrul, ,Khamasom,25.181722,94.504917,,,,Active
MN/KAM/83L05/2018/32,Manipur,Kamjong, ,4.4 km SE of Khuntak Awang Village,24.833889,94.346417,,,,Active
MN/KAM/83L05/2018/77,Manipur,Kamjong, ,0.5 km SE of Maku Village,24.949274,94.473427,,,,Reactivated
MN/KAM/83L09/2017/31,Manipur,Kamjong, ,"Chahong 
Khullen",24.948083,94.535556,,,,Stabilized
MAN/SEN/83K03/2015/30,Manipur,Senapati, ,West of New Magamai,25.440961,94.046264,,,,Active
MN/CCP/83H08/2020/24,Manipur,Churachandpur, ,5 km SE Songtal,24.14,93.38,,,,Active
MAN/SEN/83K03/2015/80,Manipur,Senapati, ,Along Sorbung road,25.264639,94.062167,,,,Active
MN/UKH/83L01/2018/16,Manipur,Ukhrul, ,NH 102,24.951444,94.179278,,,,Active
MN/TAM/83H09/2018/15,Manipur,Tamenglong, ,"Below Police Station, New Salem, Tamenglong",24.987583,93.506167,,,,Active
MAN/SEN/83K04/2015/99,Manipur,Senapati, ,ALONG SAIKUL ROAD,25.016375,94.021711,,,,Suspended
MAN/TAM/83G12/2017/0026,Manipur,Tamenglong, ,Govajang road,25.160583,93.7055,,,,Suspended
MAN/SEN/83K04/2015/86,Manipur,Senapati, ,Along Sorbung road,25.236142,94.101983,,,,Suspended
MN/NON/83H09/2018/38,Manipur,Noney, ,NH-37,24.816242,93.523119,,,,Active
MN/CDL/83L04/2020/24,Manipur,Chandel, ,Gamphazol section,24.09,94.15,,,,Active
MAN/SEN/83K03/2015/1,Manipur,Senapati, ,2.5km south of Taphuo Kuki,25.238611,94.009189,,,,Active
MN/TEN/83L03/2018/71,Manipur,Tengnoupal, ,1.5 km west of Modenphai,24.440033,94.184122,,,,Relict
MAN/SEN/83K04/2015/93,Manipur,Senapati, ,Along Sorbung road,25.173056,94.136261,,,,Active
MN/NON/83H10/2018/61,Manipur,Noney, ,"NH_37A, Imphal-Khoupum highway",24.642722,93.602083,,,,Active
MN/NON/83H09/2018/77,Manipur,Noney, ,Kharam to Noney road,24.822953,93.710756,,,,Active
MN/KAM/83L05/2018/19,Manipur,Kamjong, ,0.5 km E of Laushing Village,24.851806,94.366083,,,,Reactivated
MN/KAM/83L05/2018/63,Manipur,Kamjong, ,1.3 km NE of Alang Village,24.831526,94.32757,,,,Suspended
MN/TAM/83H05/2018/15,Manipur,Tamenglong, ,Neigailong Tamenglong,24.986472,93.49425,,,,Active
MN/CHA/83L03/2018/62,Manipur,Chandel, ,1km north of Wamku,24.264317,94.096472,,,,Suspended
MN/SEN/83K02/2014/02,Manipur,Senapati,Mao Gate,NH-39,25.51378,94.14089,,,,Suspended
MAN/SEN/83K03/2015/66,Manipur,Senapati, ,Along Thingba Khullen and Oinam raod,25.344389,94.199722,,,,Active
MN/TAM/83H05/2018/10,Manipur,Tamenglong, ,NH-137,24.860889,93.463222,,,,Active
MN/KAM/83L06/2018/15,Manipur,Kamjong, ,Kasom Khullen (cultivation area),24.676078,94.253133,,,,Reactivated
MN/CHA/83L03/2018/5,Manipur,Chandel, ,Wamku,24.301806,94.059917,,,,Inactive
MAN/TAM/83G12/2017/0036,Manipur,Tamenglong, ,Govajang road,25.165472,93.695528,,,,Active
MN/CCP/83H12/2020/28,Manipur,Churachandpur, ,Singngat-Tedem road,24.11,93.58,,,,Active
MN/UKH/83K11/2017/9,Manipur,Ukhrul, ,Chingai,25.321861,94.523839,,,,Active
MN/CCP/83H11/2020/27,Manipur,Churachandpur, ,Saikot Road- Vaiphakawat village,24.33,93.67,,,,Active
MN/CDL/83H16/2020/26,Manipur,Chandel, ,Tengnoupal,24.16,93.95,,,,Suspended
MN/UKH/83K11/2017/39,Manipur,Ukhrul, ,Poi,25.288417,94.539528,,,,Active
MN/KAN/83H13/2018/18,Manipur,Kangpokpi, ,Nakhujang,24.940611,94.009083,,,,Active
MN/KAM/83L09/2017/47,Manipur,Kamjong, ,Kongkan,24.817028,94.534528,,,,Active
MN/NON/83H09/2018/6,Manipur,Noney, ,NH37,24.791389,93.735417,,,,Active
MAN/SEN/83K03/2015/14,Manipur,Senapati, ,South of Bollen Kuki,25.304917,94.011444,,,,Active
MAN/TAM/83G12/2017/0055,Manipur,Tamenglong, ,Dailong road,25.013161,93.529758,,,,Active
MN/CCP/83H08/2020/5,Manipur,Churachandpur, ,1.5 km NE Dialkhai,24.22,93.3,,,,Active
MAN/UKH/83K08/2015/006,Manipur,Ukhrul, ,"Ukhrul- Imphal Highway, Near Patkai College",25.019139,94.332472,,,,Active
MN/KAN/83L02/2018/3,Manipur,Kangpokpi, ,Salam Patong,24.686417,94.153333,,,,Active
MN/KAN/83H13/2018/4,Manipur,Kangpokpi, ,Longa koireng,24.784556,93.777972,,,,Active
MAN/SEN/83K03/2015/42,Manipur,Senapati, ,Northwest of New Magamai,25.439367,94.025864,,,,Active
MN/CCP/83H11/2020/26,Manipur,Churachandpur, ,Saikot Road- Vaiphakawat village,24.27,93.67,,,,Active
MN/UKH/83K11/2017/17,Manipur,Ukhrul, ,Chingai,25.325778,94.515694,,,,Active
MN/KAM/83L09/2017/52,Manipur,Kamjong, ,Lakhan,24.8155,94.572222,,,,Active
MN/KAM/83L05/2018/23,Manipur,Kamjong, ,Khuntak Awang Village Road,24.847611,94.357889,,,,Reactivated
MN/UKH/83K12/2017/37,Manipur,Ukhrul, ,Mapum,25.095056,94.547722,,,,Active
MN/CDL/83H16/2020/33,Manipur,Chandel, ,Tengnoupal,24.01,93.98,,,,Suspended
MN/CCP/83H12/2020/14,Manipur,Churachandpur, ,Singat-Thangpijol-Tiddim Road,24.06,93.57,,,,Active
MN/NON/83H05/2018/67,Manipur,Noney, ,Rengpang,24.747694,93.462667,,,,Active
MN/KAM/83L05/2018/61,Manipur,Kamjong, ,1.8 km NE of Alang Village,24.831167,94.334111,,,,Reactivated
MN/NON/83H05/2018/68,Manipur,Noney, ,Rengpang,24.747833,93.462778,,,,Active
MN/CDL/83L04/2020/80,Manipur,Chandel, ,Charlong,24.25,94.08,,,,Active
MN/UKH/83L01/2018/29,Manipur,Ukhrul, ,Singta village,24.931333,94.228917,,,,Active
MAN/UKH/83K08/2015/033,Manipur,Ukhrul, ,Ukhrul Lamlang road.,25.079806,94.294111,,,,Active
MAN/SEN/83K04/2015/101,Manipur,Senapati, ,Along Tungou raod via Imphal,25.044111,94.233778,,,,Active
MN/NON/83H09/2018/1,Manipur,Noney, ,NH 37,24.801111,93.653111,,,,Active
MN/NON/83H09/2018/46,Manipur,Noney, ,NH-37,24.78725,93.696694,,,,Active
MN/CDL/83L04/2020/18,Manipur,Chandel, ,Shellon section,24.09,94.02,,,,Suspended
MN/UKH/83K11/2017/98,Manipur,Ukhrul, ,New Tusom,25.388056,94.550083,,,,Active
MN/CDL/83H16/2020/10,Manipur,Chandel, ,Tayang section,24.22,93.88,,,,Active
 ,Manipur,Senapati,,,25.51591667,94.13652778,Debris with minor bed rock,Rotational,"i. Recurring landslide along the east facing taxi stand and SDO office block as local information from local source. Temporal Google-earth satellite images suggest major landslide occur around 2006, constructed concrete retaining wall at the toe to the l",Active
MN/NON/83H05/2018/33,Manipur,Noney, ,Irang,24.836222,93.482111,,,,Active
MN/UKH/83K12/2017/62,Manipur,Ukhrul, ,Khayang,25.055278,94.567861,,,,Active
MN/UKH/83L01/2018/11,Manipur,Ukhrul, ,Zelenbung,24.955972,94.157889,,,,Active
MAN/TAM/83G12/2017/0069,Manipur,Tamenglong, ,Dailong road,25.061861,93.605361,,,,Active
MN/UKH/83K11/2017/8,Manipur,Ukhrul, ,Chingai,25.319389,94.50425,,,,Active
MN/CCP/83H08/2020/14,Manipur,Churachandpur, ,2 km NE Khayang,24.15,93.3,,,,Active
MN/NON/83H05/2018/45,Manipur,Noney, ,Rengpang,24.783806,93.455556,,,,Active
MAN/TAM/83G12/2017/0056,Manipur,Tamenglong, ,Dailong road,25.013083,93.530111,,,,Suspended
MN/CHA/83L02/2018/20,Manipur,Chandel, ,Machi,24.491667,94.160889,,,,Active
MN/NON/83H10/2018/8,Manipur,Noney, ,Data taken from Sangji village-Dolang village,24.672406,93.696858,,,,Active
MN/NON/83H10/2018/57,Manipur,Noney, ,"NH_37A, Imphal-Khoupum highway",24.62775,93.604611,,,,Active
MN/KAM/83L06/2018/32,Manipur,Kamjong, ,6 km SE of Kasom Khullen,24.664737,94.290345,,,,Reactivated
MN/CDL/83L04/2020/1,Manipur,Chandel, ,Along T. Minou to T. Khunomyang road,24.22,94.24,,,,Stabilized
MN/TEN/83L03/2018/50,Manipur,Tengnoupal, ,1km south of Machi,24.492333,94.143361,,,,Suspended
MN/CDL/83H16/2020/28,Manipur,Chandel, ,Near Khubum Khullen diversion along Chakpi-Firan Machet road,24.18,93.99,,,,Suspended
MN/UKH/83K12/2017/88,Manipur,Ukhrul, ,Khayang,25.055186,94.599525,,,,Active
MN/UKH/83K12/2017/35,Manipur,Ukhrul, ,Mapum,25.091667,94.550056,,,,Active
MN/NON/83H06/2018/8,Manipur,Noney, ,Sangrung,24.818,93.45,,,,Active
MN/PZL/83H04/2020/3,Manipur,Pherzawl, ,On the way to Lungthulien Village.,24.24,93.1,,,,Stabilized
MN/NON/83H05/2018/27,Manipur,Noney, ,Irang,24.845611,93.498778,,,,Active
MN/KAM/83L09/2017/37,Manipur,Kamjong, ,"Chahong 
Khullen",24.924528,94.559833,,,,Active
MN/UKH/83L01/2018/4,Manipur,Ukhrul, ,NH 102,24.930944,94.151639,,,,Active
MN/CCP/83H08/2020/4,Manipur,Churachandpur, ,Khuongjang village road,24.36,93.27,,,,Active
MN/UKH/83K11/2017/5,Manipur,Ukhrul, ,Chingai,25.315861,94.504139,,,,Active
MN/UKH/83L01/2018/49,Manipur,Ukhrul, ,Sada Thangkul,24.637278,94.1725,,,,Active
MN/KAN/83H13/2018/10,Manipur,Kangpokpi, ,Samuk,24.930056,93.797167,,,,Active
MN/UKH/83L05/2018/1,Manipur,Ukhrul, ,1.5 km South of Leiting Village.,24.925194,94.337056,,,,Active
MN/CDL/83L04/2020/5,Manipur,Chandel, ,Khenjoy section,24.05,94.07,,,,Suspended
MAN/UKH/83K08/2015/023,Manipur,Ukhrul, ,"4km N of Siruhi village, Ukhrul Jessami road.",25.128417,94.440639,,,,Active
MN/NON/83H09/2018/40,Manipur,Noney, ,Data taken from NH-37,24.820728,93.575906,,,,Active
MN/CDL/83H16/2020/9,Manipur,Chandel, ,Tayang section,24.18,93.9,,,,Active
MAN/SEN/83K03/2015/60,Manipur,Senapati, ,Along Thingba Khullen and Oinam raod,25.340833,94.160528,,,,Suspended
MN/NON/83H09/2018/51,Manipur,Noney, ,NH-37,24.785889,93.736861,,,,Active
MAN/UKH/83K08/2015/026,Manipur,Ukhrul, ,Ukhrul Jessami road.,25.126167,94.456278,,,,Active
MAN/TAM/83G12/2017/0115,Manipur,Tamenglong, ,Dailong road,25.129639,93.661806,,,,Active
MN/UKH/83L01/2018/38,Manipur,Ukhrul, ,Marou,24.869028,94.234611,,,,Active
MN/UKH/83K11/2017/24,Manipur,Ukhrul, ,Chingai,25.3375,94.527806,,,,Active
MN/CHA/83L03/2018/12,Manipur,Chandel, ,1km East of Larong Khunou,24.285722,94.128222,,,,Suspended
MAN/SEN/83K03/2015/46,Manipur,Senapati, ,Along Khabung road,25.311458,94.058922,,,,Active
MAN/TAM/83H09/2007/C-7B,Manipur,Tamenglong,Capentary area-2 slide, ,24.99083,93.50583,,,, 
MAN/SEN/83K03/2015/85,Manipur,Senapati, ,Along Sorbung road,25.257919,94.091564,,,,Suspended
MN/KAM/83L05/2018/9,Manipur,Kamjong, ,0.4 km W of Tusom Village,24.796722,94.40925,,,,Reactivated
MAN/SEN/83G14/2015/13,Manipur,Senapati, ,Zerai/Yangkhullen village approach road,25.52,93.958,,,,Suspended
MN/CCP/83H08/2020/25,Manipur,Churachandpur, ,2.5 km SE Mualnuam,24.19,93.4,,,,Active
MN/KAM/83L05/2018/40,Manipur,Kamjong, ,3.5 km N of Phungyar Village,24.83125,94.339194,,,,Reactivated
MN/TAM/83H06/2018/10,Manipur,Tamenglong, ,Kaimai,24.724333,93.273111,,,,Active
MAN/TAM/83G12/2017/0098,Manipur,Tamenglong, ,Dailong road,25.115111,93.642361,,,,Active
MN/UKH/83K11/2017/22,Manipur,Ukhrul, ,Chingai,25.360389,94.529917,,,,Active
MN/PZL/83H03/2020/22,Manipur,Pherzawl, ,4 km west of Damdei Village.,24.33,93.16,,,,Active
MAN/SEN/83G16/2015/49,Manipur,Senapati, ,2km south of Makui,25.110417,93.791806,,,,Active
MN/CCP/83H12/2020/15,Manipur,Churachandpur, ,Tiddim Road,24.05,93.57,,,,Active
MN/KAM/83L09/2017/21,Manipur,Kamjong, ,"Chattrick
Kamjong road",24.870806,94.591111,,,,Active
MN/CHA/83H15/2018/1,Manipur,Chandel, ,Charangching,24.340028,93.977472,,,,Suspended
MAN/TAM/83G12/2017/0077,Manipur,Tamenglong, ,Dailong road,25.087417,93.618333,,,,Suspended
MN/KAM/83L06/2018/29,Manipur,Kamjong, ,3 km S of Sorbong Village,24.652556,94.389194,,,,Reactivated
MN/UKH/83K12/2017/71,Manipur,Ukhrul, ,Khamasom,25.179306,94.526333,,,,Active
MN/TEN/83L03/2018/69,Manipur,Tengnoupal, ,1.5 km west of Modenphai,24.441683,94.179211,,,,Relict
MN/UKH/83L01/2018/9,Manipur,Ukhrul, ,Zelenbung,24.949167,94.155389,,,,Active
MN/KAM/83L09/2017/22,Manipur,Kamjong, ,"Chattrick
Kamjong road",24.8705,94.589944,,,,Active
MN/KAM/83L09/2017/25,Manipur,Kamjong, ,"Chattrick
Kamjong road",24.867139,94.566889,,,,Active
MN/KAN/83L02/2018/13,Manipur,Kangpokpi, ,Yairipok-Hongbei road,24.7135,94.199417,,,,Active
MN/NON/83H09/2018/71,Manipur,Noney, ,Noney to Kabui Khullen road,24.987986,93.671258,,,, 
MN/NON/83H09/2018/29,Manipur,Noney, ,NH-37,24.86375,93.598917,,,,Active
MN/UKH/83K11/2017/70,Manipur,Ukhrul, ,New Tusom,25.431361,94.560861,,,,Active
MN/TEN/83L03/2018/9,Manipur,Tengnoupal, ,2km West of Angbreshu,24.316528,94.138083,,,,Suspended
MAN/SEN/83K03/2015/2,Manipur,Senapati, ,2.5km south of Taphuo Kuki,25.245869,94.014442,,,,Active
MN/NON/83H05/2018/75,Manipur,Noney, ,Sangrung,24.815528,93.43725,,,,Active
MN/TAM/83H05/2018/2,Manipur,Tamenglong, ,Tamenglong,24.952611,93.487611,,,,Active
MN/UKH/83K12/2017/60,Manipur,Ukhrul, ,Khayang,25.059861,94.584889,,,,Active
MN/KAM/83L09/2017/6,Manipur,Kamjong, ,Kamjong,24.817944,94.504472,,,,Active
MN/NON/83H09/2018/30,Manipur,Noney, ,NH-37,24.863414,93.598719,,,,Active
MN/CCP/83H11/2020/33,Manipur,Churachandpur, ,Matiyang road,24.25,93.66,,,,Active
MN/WEI/83H13/2020/4,Manipur,West Imphal, ,"Meitei Langol, West Imphal",24.82,93.89,,,,Active
MAN/TAM/83G12/2017/0120,Manipur,Tamenglong, ,Dailong road,25.135333,93.667,,,,Dormant
MN/WEI/83H13/2020/2,Manipur,West Imphal, ,"Langol area, West Imphal",24.83,93.9,,,,Reactivated
MAN/SEN/83K04/2015/97,Manipur,Senapati, ,Along Saikul road,25.080161,94.114939,,,,Active
MN/TEN/83L03/2018/22,Manipur,Tengnoupal, ,1km south of Chelep,24.419611,94.182722,,,,Suspended
MAN/UKH/83K08/2015/014,Manipur,Ukhrul, ,Nearly 6km from Changa on the way to Gamnum,25.012111,94.464833,,,,Active
MAN/TAM/83G12/2017/0096,Manipur,Tamenglong, ,Dailong road,25.116083,93.639889,,,,Abandoned
MN/CDL/83L04/2020/63,Manipur,Chandel, ,Near Tuimuam village,24.19,94.19,,,,Active
MN/UKH/83K11/2017/15,Manipur,Ukhrul, ,Chingai,25.325889,94.511306,,,,Active
MN/UKH/83K12/2017/70,Manipur,Ukhrul, ,Khamasom,25.179194,94.526528,,,,Active
MAN/UKH/83K08/2015/002,Manipur,Ukhrul, ,Nearly 6km from Ukhrul on the way to Imphal,25.063972,94.336,,,,Active
MN/NON/83H09/2018/65,Manipur,Noney, ,Noney to Marangching road,24.834028,93.644,,,,Active
MN/KAM/83L05/2018/59,Manipur,Kamjong, ,3 km N of Sadhok Village,24.831859,94.335718,,,,Reactivated
MN/UKH/83K12/2017/91,Manipur,Ukhrul, ,Kachaphung,25.092033,94.640664,,,,Active
MN/CCP/83H16/2020/1,Manipur,Churachandpur, ,Shellon section,24.24,93.85,,,,Suspended
MN/UKH/83K12/2017/30,Manipur,Ukhrul, ,Mapum,25.069306,94.536528,,,,Inactive
MAN/SEN/83K03/2015/78,Manipur,Senapati, ,Along Sorbung road,25.268825,94.048439,,,,Suspended
MAN/UKH/83K08/2015/038,Manipur,Ukhrul, ,Below Ukhrul town,25.116778,94.353917,,,,Active
MAN/UKH/83K08/2015/054,Manipur,Ukhrul, ,Ngaingu village,25.145583,94.320444,,,,Active
MN/TAM/83H09/2018/16,Manipur,Tamenglong, ,"16 Hougailong, Ward-4, Tamenglong",24.982694,93.507,,,,Active
MN/TEN/83L03/2018/78,Manipur,Tengnoupal, ,Machi-Sita road,24.493294,94.179533,,,,Relict
MN/CDL/83L04/2020/25,Manipur,Chandel, ,Gamphazol section,24.11,94.13,,,,Reactivated
MN/CCP/83H11/2020/25,Manipur,Churachandpur, ,SW of Songpi village,24.28,93.68,,,,Active
MN/CCP/83H07/2020/3,Manipur,Churachandpur, ,1 km SW Tallian,24.34,93.32,,,,Suspended
MAN/TAM/83G12/2017/0034,Manipur,Tamenglong, ,Govajang road,25.164847,93.696828,,,,Suspended
MAN/TAM/83G12/2017/0047,Manipur,Tamenglong, ,Govajang road,25.157528,93.68425,,,,Dormant
MN/NON/83H09/2018/2,Manipur,Noney, ,NH37,24.798333,93.655056,,,,Active
MN/UKH/83K11/2017/72,Manipur,Ukhrul, ,Wahong,25.489611,94.553306,,,,Active
MAN/CHAN/83L03/2007/C-11,Manipur,Chandel,Between Bongyang & Lokchao slide, ,24.34,94.22444,,,, 
MN/CCP/83H11/2020/35,Manipur,Churachandpur, ,Matiyang road,24.42,93.84,,,,Active
MAN/UKH/83K08/2015/051,Manipur,Ukhrul, ,Ukhrul Talui road,25.128222,94.321722,,,,Active
MN/NON/83H09/2018/36,Manipur,Noney, ,NH-37,24.831719,93.514025,,,,Active
MN/NON/83H10/2018/65,Manipur,Noney, ,"Data taken from NH_37A, Imphal-Khoupum highway",24.658206,93.625503,,,,Active
MAN/TAM/83G12/2017/0007,Manipur,Tamenglong, ,Govajang road,25.169,93.74075,,,,Active
MN/CDL/83L04/2020/23,Manipur,Chandel, ,Firan Machet village,24.19,94.02,,,,Suspended
MAN/UKH/83K08/2015/052,Manipur,Ukhrul, ,Ngaingu village,25.131889,94.322667,,,,Active
MN/KAM/83L06/2018/30,Manipur,Kamjong, ,4 km S of Sorbong Village,24.645686,94.38249,,,,Reactivated
MAN/TAM/83G12/2017/0039,Manipur,Tamenglong, ,Govajang road,25.164278,93.691361,,,,Suspended
MN/PZL/83H02/2020/34,Manipur,Pherzawl, ,"Data taken from JT road, at LS 49",24.52,93.1,,,,Active
MN/TEN/83L03/2018/30,Manipur,Tengnoupal, ,Angbreshu,24.317833,94.144667,,,,Suspended
MN/CDL/84E13/2020/5,Manipur,Chandel, ,Tengnoupal,24,94,,,,Suspended
MN/NON/83H05/2018/56,Manipur,Noney, ,Rengpang,24.766389,93.457722,,,,Active
MN/UKH/83K11/2017/62,Manipur,Ukhrul, ,TusomC V,25.407972,94.596917,,,,Active
MN/TEN/83L03/2018/8,Manipur,Tengnoupal, ,Angbreshu,24.316639,94.138139,,,,Suspended
MN/UKH/83K11/2017/79,Manipur,Ukhrul, ,New Tusom,25.483694,94.530194,,,,Stabilized
MN/UKH/83K11/2017/104,Manipur,Ukhrul, ,Wahong,25.467772,94.549483,,,,Active
MN/NON/83H10/2018/73,Manipur,Noney, ,"Kotlen, NH_37A, Imphal-Khoupum highway.",24.806064,93.735478,,,,Active
MN/UKH/83K12/2017/45,Manipur,Ukhrul, ,Chammu,25.096083,94.515806,,,,Active
MN/TAM/83H05/2018/1,Manipur,Tamenglong, ,New Kanan Tamenglong,24.983806,93.497528,,,,Active
MN/UKH/83K11/2017/21,Manipur,Ukhrul, ,Kongai,25.359278,94.527806,,,,Active
MN/UKH/83L01/2018/32,Manipur,Ukhrul, ,Singta,24.911194,94.242111,,,,Active
MN/TEN/83L03/2018/47,Manipur,Tengnoupal, ,Moreh-Tengnoupal road,24.304417,94.243889,,,,Suspended
MN/NON/83H09/2018/8,Manipur,Noney, ,NH37,24.797278,93.737778,,,,Active
MN/UKH/83K11/2017/2,Manipur,Ukhrul, ,Chingai,25.313,94.50975,,,,Active
MAN/TAM/83H05/2008/C-19,Manipur,Tamenglong,Tamenglong-Khongsang road-2 slide, ,24.83278,93.46333,,,, 
MN/UKH/83K12/2017/58,Manipur,Ukhrul, ,Khayang,25.056,94.600667,,,,Active
MN/UKH/83K11/2017/49,Manipur,Ukhrul, ,New Tusom,25.417167,94.578556,,,,Active
MAN/SEN/83K03/2015/13,Manipur,Senapati, ,Northwest of Maram Khonou,25.302639,94.014617,,,,Active
MN/UKH/83L01/2018/48,Manipur,Ukhrul, ,Mayophung,24.983528,94.158333,,,,Active
MAN/TAM/83H09/2007/C-2,Manipur,Tamenglong,Tamenglong slide, ,24.98611,93.50583,,,, 
MN/UKH/83K12/2017/18,Manipur,Ukhrul, ,Sahamphung,25.058833,94.55125,,,,Active
MN/UKH/83K11/2017/4,Manipur,Ukhrul, ,Chingai,25.315444,94.504417,,,,Active
MN/UKH/83K12/2017/57,Manipur,Ukhrul, ,Khayang,25.062222,94.61475,,,,Active
MN/UKH/83K11/2017/57,Manipur,Ukhrul, ,TusomC V,25.400639,94.620639,,,,Reactivated
MN/TAM/83H09/2018/24,Manipur,Tamenglong, ,"Below Bhalok village, part-1, Tamenglong district",24.975961,93.567983,,,,Active
MAN/TAM/83G12/2017/0083,Manipur,Tamenglong, ,Dailong road,25.105108,93.621136,,,,Suspended
MAN/SEN/83G14/2015/29,Manipur,Senapati, ,Peren-Maram road,25.523,93.873,,,,Suspended
MN/CHU/83H10/2018/85,Manipur,Churachandpur, ,Data taken from  Nalon village,24.538817,93.676767,,,,Relict
MN/TMG/83H05/2018/003,Manipur,Tamenglong,Neigailong Slide,Neigailong village,25.091778,92.354694,,,,Active
MN/NON/83H05/2018/32,Manipur,Noney, ,Irang,24.83725,93.494528,,,,Active
MN/NON/83H09/2018/49,Manipur,Noney, ,NH-37,24.799689,93.706336,,,,Active
MAN/TAM/83G12/2017/0066,Manipur,Tamenglong, ,Dailong road,25.059167,93.604222,,,,Active
MN/NON/83H10/2018/2,Manipur,Noney, ,Zouyantek to Imphal highway,24.641444,93.691639,,,,Active
MAN/TAM/83G12/2017/0093,Manipur,Tamenglong, ,Dailong road,25.115444,93.638778,,,,Active
MAN/SEN/83K03/2015/50,Manipur,Senapati, ,Along Khabung road,25.322717,94.067492,,,,Suspended
MN/TAM/83H05/2018/24,Manipur,Tamenglong, ,Namkailong,24.85225,93.449639,,,,Active
MN/UKH/83K11/2017/23,Manipur,Ukhrul, ,Chingai,25.3375,94.52825,,,,Active
MN/NON/83H09/2018/53,Manipur,Noney, ,Data taken from NH-37,24.800125,93.700025,,,,Active
MN/CCP/83H11/2020/47,Manipur,Moirang, ,Ithai,24.34,93.62,,,,Active
MN/CCP/83H08/2020/9,Manipur,Churachandpur, ,Sinzawl road,24.16,93.3,,,,Active
MAN/TAM/83G12/2017/0049,Manipur,Tamenglong, ,Govajang road,25.155917,93.681583,,,,Stabilized
MN/PZL/83H04/2020/12,Manipur,Pherzawl, ,7 km west of Bukpi Village.,24.22,93.2,,,,Active
MN/TAM/83H05/2018/16,Manipur,Tamenglong, ,Neigailong Tamenglong,24.985389,93.49275,,,,Active
MN/CDL/83L04/2020/26,Manipur,Chandel, ,Tengnoupal,24.12,94.13,,,,Suspended
MN/NON/83H10/2018/28,Manipur,Noney, ,Imphal-Khoupum highway,24.626833,93.709444,,,,Active
MAN/UKH/83K08/2015/012,Manipur,Ukhrul, ,Shangshak- Gamnum road.,25.033778,94.43625,,,,Active
MAN/SEN/83K03/2015/6,Manipur,Senapati, ,Along NH-39,25.289833,94.036647,,,,Active
MN/CCP/83H08/2020/29,Manipur,Churachandpur, ,3 km east of Lungthul (L),24.14,93.45,,,,Active
MN/CDL/83H16/2020/30,Manipur,Chandel, ,Tengnoupal,24.13,94,,,,Suspended
MN/UKH/83K11/2017/67,Manipur,Ukhrul, ,Tusom Khullen,25.408417,94.587083,,,,Active
MN/CHA/83L03/2018/67,Manipur,Chandel, ,2km west of Modenphai,24.444067,94.169767,,,,Active
MAN/UKH/83K08/2015/015,Manipur,Ukhrul, ,2km E of Gamnum,25.023056,94.449306,,,,Active
MN/JRM/83H02/2020/20,Manipur,Jiribam, ,Along JT road,24.69,93.12,,,,Active
MN/CDL/83L04/2020/12,Manipur,Chandel, ,Along T. Minou to T. Khunomyang road,24.21,94.22,,,,Active
MN/PZL/83H04/2020/13,Manipur,Pherzawl, ,10 km west of Bukpi Village.,24.23,93.19,,,,Active
MAN/TAM/83G12/2017/0101,Manipur,Tamenglong, ,Dailong road,25.116,93.643278,,,,Active
MN/TAM/83H05/2018/88,Manipur,Tamenglong, ,Barak,24.768556,93.314358,,,,Suspended
MAN/TAM/83G12/2017/0124,Manipur,Tamenglong, ,Dailong road,25.139167,93.669444,,,,Suspended
MAN/TAM/83G12/2017/0119,Manipur,Tamenglong, ,Dailong road,25.134944,93.666667,,,,Active
MN/KAN/83H13/2018/1,Manipur,Kangpokpi, ,Longa koireng,24.778778,93.782778,,,,Active
MN/UKH/83K12/2017/90,Manipur,Ukhrul, ,Mapum,25.091742,94.550444,,,,Active
MN/CCP/83H08/2020/7,Manipur,Churachandpur, ,Maulpheng,24.21,93.3,,,,Suspended
MN/NON/83H09/2018/47,Manipur,Noney, ,NH-37,24.800778,93.702611,,,,Active
MN/CHU/83H10/2018/37,Manipur,Churachandpur, ,Data taken from Loktak- Leimatak highway,24.612992,93.670236,,,,Active
MN/UKH/83L01/2018/26,Manipur,Ukhrul, ,Mayophung,24.983722,94.158306,,,,Active
MN/UKH/83K11/2017/66,Manipur,Ukhrul, ,Tusom Khullen,25.409222,94.589389,,,,Active
MN/CDL/83L04/2020/45,Manipur,Chandel, ,Charlong,24.22,94.07,,,,Active
MN/KAM/83L06/2018/5,Manipur,Kamjong, ,2 km N of Tarang Village,24.655226,94.292756,,,,Reactivated
MN/UKH/83L01/2018/30,Manipur,Ukhrul, ,Singta village,24.914778,94.242583,,,,Active
MN/TAM/83H01/2018/48,Manipur,Tamenglong,Gularthal_2,NH54,24.795814,93.230263,,,,Active
MAN/TAM/83G12/2017/0032,Manipur,Tamenglong, ,Govajang road,25.165222,93.697722,,,,Suspended
MN/CDL/83H16/2020/12,Manipur,Chandel, ,Tengnoupal,24,93.97,,,,Suspended
MN/TEN/83L03/2018/27,Manipur,Tengnoupal, ,Near Sita village,24.433611,94.249544,,,,Suspended
MAN/SEN/83K03/2015/84,Manipur,Senapati, ,Along Sorbung road,25.261617,94.079422,,,,Suspended
MN/NON/83H09/2018/63,Manipur,Noney, ,Dolang-Zouyantak road,24.663889,93.679056,,,,Active
MN/CHA/83L03/2018/1,Manipur,Chandel, ,Phunchong village,24.287361,94.022917,,,,Active
MAN/SEN/83K03/2015/8,Manipur,Senapati, ,North of Karong,25.337239,94.039708,,,,Suspended
MN/CDL/83L04/2020/62,Manipur,Chandel, ,Along T. Minou to T. Khunomyang road,24.19,94.2,,,,Active
MN/TEN/83L07/2018/7,Manipur,Tengnoupal, ,Laibi-Khudenthabi Road,24.354814,94.258094,,,,Relict
MN/NON/83H10/2018/27,Manipur,Noney, ,"Imphal-Khoupum highway, near Ngaryan.",24.635389,93.719194,,,,Active
MN/KAM/83L09/2017/12,Manipur,Kamjong, ,Maokot,24.985833,94.60825,,,,Active
MN/NON/83H10/2018/24,Manipur,Noney, ,Noney town,24.860639,93.62675,,,,Active
MN/UKH/83K11/2017/20,Manipur,Ukhrul, ,Kongai,25.356583,94.525306,,,,Active
MN/NON/83H05/2018/61,Manipur,Noney, ,Rengpang,24.7585,93.459139,,,,Active
MAN/UKH/83K08/2015/008,Manipur,Ukhrul, ,Near Shangshak village,25.002611,94.330278,,,,Active
MN/TEN/83L03/2018/21,Manipur,Tengnoupal, ,Tengnoupal-Ukhrul road,24.391361,94.154361,,,,Suspended
MN/CCP/83H12/2020/1,Manipur,Churachandpur, ,Monglen road,24.11,93.53,,,,Active
MN/KAN/83L02/2018/6,Manipur,Kangpokpi, ,Yeason Village,24.683944,94.172778,,,,Active
MAN/TAM/83G12/2017/0004,Manipur,Tamenglong, ,Govajang road,25.16875,93.742306,,,,Active
MN/NON/83H09/2018/58,Manipur,Noney, ,Data taken from Noney- Haochong road.,24.867694,93.625858,,,,Active
MN/KAM/83L06/2018/26,Manipur,Kamjong, ,0.5 km S of Phungyar Village,24.811301,94.355581,,,,Reactivated
MN/KAM/83L05/2018/14,Manipur,Kamjong, ,4 km E of Phungyar Village,24.83636,94.37622,,,,Reactivated
MN/NON/83H10/2018/3,Manipur,Noney, ,Zouyantek to Imphal highway,24.639806,93.691333,,,,Active
MN/UKH/83K11/2017/44,Manipur,Ukhrul, ,New Tusom,25.394667,94.548917,,,,Active
MN/UKH/83K12/2017/82,Manipur,Ukhrul, ,Khamasom,25.184194,94.522694,,,,Active
MN/CCP/83H08/2020/2,Manipur,Churachandpur, ,0.5 km SE Phaitong,24.1,93.28,,,,Active
MN/CCP/83H07/2020/2,Manipur,Churachandpur, ,2.5 km SW Tallian,24.34,93.31,,,,Active
MN/TAM/83H05/2018/6,Manipur,Tamenglong, ,Tamenglong,24.978444,93.5,,,,Active
MN/NON/83H10/2018/13,Manipur,Noney, ,Along Imphal-Khuopum road.,24.640639,93.620311,,,,Active
MAN/TAM/83G12/2017/0043,Manipur,Tamenglong, ,Govajang road,25.160333,93.688528,,,,Suspended
MN/NON/83H05/2018/71,Manipur,Noney, ,Nungba,24.75,93.427528,,,,Active
MAN/UKH/83K08/2015/007,Manipur,Ukhrul, ,"Nearly 3 km away from Finchcorner, on the way to Shagshak",25.010139,94.317306,,,,Active
MAN/SEN/83K03/2015/25,Manipur,Senapati, ,Southwest of New Magamai,25.435444,94.061928,,,,Active
MAN/SEN/83K03/2015/52,Manipur,Senapati, ,Along Khabung road,25.334333,94.08275,,,,Active
MN/UKH/83K11/2017/68,Manipur,Ukhrul, ,Tusom Khullen,25.407667,94.587222,,,,Active
MN/TAM/83H05/2018/96,Manipur,Tamenglong, ,Kahulong,24.950139,93.481278,,,,Active
MAN/SEN/83G14/2015/35,Manipur,Senapati, ,Peren-Maram road,25.523,93.955,,,,Suspended
MAN/UKH/83K08/2015/013,Manipur,Ukhrul, ,3km S of Gamnum village,25.007917,94.452972,,,,Abandoned
MAN/TAM/83H09/2007/C-13,Manipur,Tamenglong,Taobam landslide, ,24.81778,93.51583,,,, 
MAN/UKH/83K08/2015/040,Manipur,Ukhrul, ,Below Ukhrul town,25.114444,94.354694,,,,Active
MN/TAM/83H05/2018/98,Manipur,Tamenglong, ,Kahulong,24.950361,93.482333,,,,Active
MN/CDL/83L04/2020/82,Manipur,Chandel, ,Charlong,24.24,94.08,,,,Active
MN/UKH/83L01/2018/42,Manipur,Ukhrul, ,T.Hungdung,24.833889,94.220167,,,,Active
MN/NON/83H05/2018/84,Manipur,Noney, ,Thingou,24.775917,93.432611,,,,Active
MN/NON/83H06/2018/3,Manipur,Noney, ,Bwanruangh Taudaijang,24.730139,93.485389,,,,Active
MN/NON/83H09/2018/11,Manipur,Noney, ,NH37,24.808639,93.735722,,,,Active
MN/TEN/83L03/2018/26,Manipur,Tengnoupal, ,Near Sita village,24.433972,94.249278,,,,Suspended
MN/UKH/83K11/2017/45,Manipur,Ukhrul, ,New Tusom,25.415583,94.558778,,,,Active
MN/TEN/83L03/2018/46,Manipur,Tengnoupal, ,Moreh-Tengnoupal road,24.303083,94.245056,,,,Suspended
MN/TAM/83H05/2018/93,Manipur,Tamenglong, ,Ramlalong,24.930806,93.444833,,,,Active
MN/TAM/83H09/2018/21,Manipur,Tamenglong, ,"Below LS-15, New Salem, Tamenglong",24.987464,93.506244,,,,Active
MN/PZL/83H02/2020/42,Manipur,Pherzawl, ,Upper Kharkhuplien area.,24.5,93.12,,,,Abandoned
MN/CCP/83H07/2020/5,Manipur,Churachandpur, ,1.5 km SW Songpekmun,24.32,93.28,,,,Dormant
MN/NON/83H09/2018/39,Manipur,Noney, ,Data taken from NH-37,24.819975,93.576653,,,,Active
MN/KAM/83L05/2018/12,Manipur,Kamjong, ,2 km E of Phungyar Village,24.830202,94.357821,,,,Reactivated
MN/KAM/83L05/2018/17,Manipur,Kamjong, ,Laushing Village,24.852222,94.369333,,,,Reactivated
MN/UKH/83K11/2017/102,Manipur,Ukhrul, ,New Tusom,25.178194,94.527444,,,,Active
MN/CDL/83L04/2020/11,Manipur,Chandel, ,Khenjoy section,24.06,94.03,,,,Suspended
MN/KAM/83L05/2018/76,Manipur,Kamjong, ,1 km NE of Maku Village,24.958261,94.473862,,,,Reactivated
MN/CDL/83L04/2020/79,Manipur,Chandel, ,Moltuh section,24.18,94.07,,,,Stabilized
MAN/SEN/83K03/2015/58,Manipur,Senapati, ,Along Thingba Khullen and Oinam raod,25.346653,94.159475,,,,Suspended
MAN/TAM/83G12/2017/0072,Manipur,Tamenglong, ,Dailong road,25.077361,93.611028,,,,Active
MAN/TAM/83G12/2017/0060,Manipur,Tamenglong, ,Dailong road,25.029333,93.586167,,,,Active
MN/UKH/83K11/2017/99,Manipur,Ukhrul, ,Tusom Khullen,25.409167,94.599278,,,,Active
MAN/SEN/83K6/2015/322,Manipur,Senapati, ,Eastern slope of Laii village,25.5,94.389,,,,Suspended
MN/UKH/83K11/2017/6,Manipur,Ukhrul, ,Chingai,25.316056,94.504306,,,,Active
MN/TAM/83H09/2018/23,Manipur,Tamenglong, ,"Bhalok village, part-3, Tamenglong district",24.971389,93.559056,,,,Active
MN/TEN/83L03/2018/15,Manipur,Tengnoupal, ,East of Sita village,24.462958,94.233667,,,,Suspended
MN/CHA/83L02/2018/18,Manipur,Chandel, ,Pelyang Village,24.506528,94.180389,,,,Active
MN/UKH/83K11/2017/27,Manipur,Ukhrul, ,Poi,25.289889,94.525306,,,,Active
MN/CCP/83H11/2020/1,Manipur,Churachandpur, ,Saipum near bank of river,24.33,93.66,,,,Active
MN/UKH/83K11/2017/95,Manipur,Ukhrul, ,New Tusom,25.410333,94.542028,,,,Active
MN/PZL/83H02/2020/41,Manipur,Pherzawl, ,"JT road, between Kharkhuplien to Jaikhang",24.51,93.12,,,,Suspended
MAN/SEN/83K03/2015/26,Manipur,Senapati, ,Southwest of New Magamai,25.42955,94.053333,,,,Suspended
MN/CDL/83L04/2020/9,Manipur,Chandel, ,Khenjoy section,24.06,94.04,,,,Suspended
MAN/TAM/83G12/2017/0061,Manipur,Tamenglong, ,Dailong road,25.049861,93.602389,,,,Stabilized
MAN/SEN/83K03/2015/31,Manipur,Senapati, ,West of New Magamai,25.444322,94.046858,,,,Suspended
MN/PZL/83H03/2020/9,Manipur,Pherzawl, ,1 km south west of Taithu Village.,24.29,93.12,,,,Active
MN/KAN/83H13/2018/9,Manipur,Kangpokpi, ,Kangchup Ponlen,24.869889,93.779444,,,,Active
MN/NON/83H09/2018/50,Manipur,Noney, ,Data taken from NH-37,24.796319,93.737025,,,,Active
MAN/TAM/83H09/2009-10/MN-3,Manipur,Tamenglong,Awangkhul slide,NH-53 (Imphal-Jiribam ),24.81867,93.54819,,,, 
MAN/UKH/83K08/2015/028,Manipur,Ukhrul, ,Ukhrul Jessami road.,25.153722,94.461917,,,,Active
MN/CHU/83H10/2018/82,Manipur,Churachandpur, ,Loktak-Leimatak road,24.595972,93.721889,,,,Active
MN/NON/83H09/2018/4,Manipur,Noney, ,NH37,24.787667,93.666667,,,,Active
MN/CDL/84I01/2020/1,Manipur,Chandel, ,Tengnoupal,23.98,94.02,,,,Suspended
MAN/TAM/83G12/2017/0091,Manipur,Tamenglong, ,Dailong road,25.111556,93.629972,,,,Active
MN/UKH/83L02/2018/22,Manipur,Ukhrul, ,Kangoi,24.742139,94.221333,,,,Active
MN/TEN/83L03/2018/36,Manipur,Tengnoupal, ,Larong Khunou,24.267944,94.111556,,,,Reactivated
MN/CDL/84I01/2020/10,Manipur,Chandel, ,Tengnoupal,23.99,94,,,,Suspended
MAN/SEN/83K07/2015/063,Manipur,Senapati, ,Lakhamai village,25.392444,94.29875,,,,Active
MN/UKH/83K11/2017/10,Manipur,Ukhrul, ,Chingai,25.320194,94.504472,,,,Active
MAN/SEN/83K03/2015/68,Manipur,Senapati, ,Along Thingba Khullen and Oinam raod,25.346747,94.215264,,,,Active
MN/NON/83H05/2018/36,Manipur,Noney, ,Khongsang,24.827778,93.479167,,,,Active
MN/UKH/83K10/2017/10,Manipur,Ukhrul, ,Jessami to Soraphung,25.587167,94.514361,,,,Active
MN/KAM/83L05/2018/78,Manipur,Kamjong, ,1 km SE of Maku Village,24.948667,94.4835,,,,Reactivated
MAN/SEN/83K03/2015/77,Manipur,Senapati, ,Along Sorbung road,25.268519,94.047614,,,,Suspended
MN/KAM/83L09/2017/4,Manipur,Kamjong, ,Kamjong,24.821028,94.50425,,,,Active
MN/CCP/83H08/2020/30,Manipur,Churachandpur, ,Tuimazang,24.14,93.42,,,,Active
MN/JRM/83H02/2020/18,Manipur,Jiribam, ,"JT road, Molbung area",24.74,93.12,,,,Active
MN/TAM/83H05/2018/23,Manipur,Tamenglong, ,Namkailong,24.8545,93.449036,,,,Active
MN/KAM/83L05/2018/28,Manipur,Kamjong, ,3.7 km SE of Khuntak Awang Village,24.838167,94.357139,,,,Reactivated
MN/KAM/83L06/2018/13,Manipur,Kamjong, ,"Kasom Khullen, Old Community Hall",24.682833,94.269306,,,, 
MN/UKH/83K11/2017/31,Manipur,Ukhrul, ,Poi,25.288056,94.527806,,,,Active
MN/SEN/83K02/2014/03,Manipur,Senapati,Pudunamai I,Mao gate to Pudunamai road,25.54039,94.16989,,,,Suspended
MN/UKH/83K11/2017/93,Manipur,Ukhrul, ,New Tusom,25.442278,94.563833,,,,Active
MN/NON/83H09/2018/79,Manipur,Noney, ,Maranching to Noney highway,24.818936,93.688939,,,,Active
MN/CDL/83H16/2020/29,Manipur,Chandel, ,Tengnoupal,24.13,93.99,,,,Suspended
MAN/TAM/83G12/2017/0013,Manipur,Tamenglong, ,Govajang road,25.162028,93.733306,,,,Suspended
MN/CCP/83H11/2020/42,Manipur,Churachandpur, ,Songpi Road,24.36,93.54,,,,Active
MAN/SEN/83K03/2015/33,Manipur,Senapati, ,Northwest of New Magamai,25.451814,94.049944,,,,Suspended
MN/CDL/83L04/2020/81,Manipur,Chandel, ,Charlong,24.25,94.07,,,,Active
MN/NON/83H09/2018/3,Manipur,Noney, ,NH37,24.794722,93.655778,,,,Reactivated
MAN/TAM/83G12/2017/0053,Manipur,Tamenglong, ,Govajang road,25.107694,93.623556,,,,Active
MN/NON/83H05/2018/30,Manipur,Noney, ,Irang,24.841611,93.498556,,,,Active
MN/KAM/83L06/2018/25,Manipur,Kamjong, ,0.5 km N of Khamlang Village,24.691944,94.250333,,,,Reactivated
MN/KAN/83L02/2018/9,Manipur,Kangpokpi, ,Yairipok-Hongbei road,24.700417,94.199306,,,,Active
MAN/TAM/83G12/2017/0052,Manipur,Tamenglong, ,Govajang road,25.155611,93.676639,,,,Active
MN/TEN/83L03/2018/73,Manipur,Tengnoupal, ,Tengnoupal,24.387658,94.151683,,,,Suspended
MAN/TAM/83G12/2017/0109,Manipur,Tamenglong, ,Dailong road,25.119917,93.653333,,,,Active
MN/NON/83H05/2018/69,Manipur,Noney, ,Rengpang,24.751667,93.461667,,,,Active
MAN/TAM/83H09/2009-10/MN-2,Manipur,Tamenglong,Lukhambi slide,"NH-53(Imphal-Jiribam, 3km from None towards Nungba)",24.862444,93.610639,,,,Active
MN/UKH/83K12/2017/32,Manipur,Ukhrul, ,Mapum,25.081361,94.552278,,,,Active
MN/KAM/83L09/2017/11,Manipur,Kamjong, ,Maokot,24.98025,94.613972,,,,Active
MN/UKH/83K11/2017/36,Manipur,Ukhrul, ,Poi,25.287722,94.530583,,,,Active
MN/CDL/83L04/2020/31,Manipur,Chandel, ,Tengnoupal,24.13,94.11,,,,Suspended
MAN/TAM/83G12/2017/0108,Manipur,Tamenglong, ,Dailong road,25.118083,93.649472,,,,Active
MN/UKL/83L01/2018/008,Manipur,Ukhrul,New Heaven Slide,Old Imphal ΓÇô Ukhrul road,24.992889,94.230583,,,,Active
MN/TMG/83H01/2018/001,Manipur,Tamenglong,Makru Bridge Landslide,NH37/ ImphalJiribam Highway/ Makru Bridge,24.985167,93.508306,,,,Active
MN/KAM/83L09/2017/14,Manipur,Kamjong, ,"Chattrick 
khullen",24.958833,94.618917,,,,Active
MAN/SEN/83K04/2015/87,Manipur,Senapati, ,Along Sorbung road,25.240539,94.114492,,,,Suspended
MN/TEN/83L03/2018/45,Manipur,Tengnoupal, ,4km east of Chahmol,24.364861,94.174139,,,,Suspended
MN/CHA/83L03/2018/3,Manipur,Chandel, ,Khongjam,24.272722,94.075111,,,,Suspended
MN/JRM/83H02/2020/21,Manipur,Jiribam, ,Chandranathpur to Dawtlang road,24.72,93.13,,,,Active
MAN/UKH/83K08/2015/025,Manipur,Ukhrul, ,Ukhrul Jessami road.,25.127722,94.449417,,,,Active
MN/NON/83H10/2018/69,Manipur,Noney, ,"Data taken from NH_37, Imphal-Jiribum highway. Opposite Nandumjang village.",24.808619,93.651094,,,,Abandoned
MN/UKH/83K12/2017/53,Manipur,Ukhrul, ,Chammu,25.064444,94.620278,,,,Active
MN/KAM/83L09/2017/35,Manipur,Kamjong, ,"Chahong 
Khullen",24.938806,94.549278,,,,Active
MN/UKH/83K12/2017/67,Manipur,Ukhrul, ,Huishu,25.261806,94.546944,,,,Active
MN/JRM/83H02/2020/14,Manipur,Jiribam, ,Tongtao Village,24.68,93.11,,,,Active
MN/CCP/83H12/2020/30,Manipur,Churachandpur, ,Munpi-Tonglong road,24.18,93.6,,,,Active
MN/NON/83H05/2018/55,Manipur,Noney, ,Rengpang,24.766667,93.458111,,,,Active
MAN/UKH/83K08/2015/030,Manipur,Ukhrul, ,Ukhrul Jessami road.,25.158361,94.461472,,,,Active
MN/NON/83H10/2018/53,Manipur,Noney, ,"NH_37A, Imphal-Khoupum highway",24.63875,93.611278,,,,Active
MN/UKH/83K12/2017/15,Manipur,Ukhrul, ,Sahamphung,25.054,94.550972,,,,Inactive
MN/CDL/83H16/2020/37,Manipur,Chandel, ,Hollenjang village,24.02,93.97,,,,Suspended
MN/NON/83H10/2018/42,Manipur,Noney, ,"NH_37A, Tungjamarin road.",24.689806,93.522583,,,,Active
MN/KAN/83L01/2018/46,Manipur,Kangpokpi, ,Khonkon village,24.996444,94.021444,,,,Active
MN/CDL/83H16/2020/16,Manipur,Chandel, ,Tengnoupal,24.23,93.94,,,,Suspended
MN/TAM/83H06/2018/12,Manipur,Tamenglong, ,Tolen,24.734806,93.296306,,,,Active
MAN/TAM/83G12/2017/0078,Manipur,Tamenglong, ,Dailong road,25.088639,93.619722,,,,Active
MN/UKH/83L05/2018/001,Manipur,Ukhrul,Landslide at 1.5 km South of Leiting Village,NH102A.(Near Leiting Village),22.873558,92.755953,,,,Active
MN/NON/83H05/2018/79,Manipur,Noney, ,Thingou,24.811333,93.42275,,,,Active
MN/UKH/83K11/2017/75,Manipur,Ukhrul, ,Wahong,25.497078,94.553583,,,,Reactivated
MN/NON/83H09/2018/74,Manipur,Noney, ,Below NH-37,24.808611,93.729078,,,,Active
MN/KAM/83L05/2018/52,Manipur,Kamjong, ,4 km N of Shakok Village,24.894944,94.323111,,,,Active
MN/KAM/83L06/2018/20,Manipur,Kamjong, ,0.2 km S of Nambashi Khullen,24.599639,94.358694,,,,Reactivated
MN/TEN/83L07/2018/4,Manipur,Tengnoupal, ,7km west of Moreh,24.284222,94.2805,,,,Suspended
MN/SEN/83K02/2014/01,Manipur,Senapati,Mao Song Song,NH-29 (NH2/AH-1),25.52103,94.13783,,,,Suspended
MAN/TAM/83G12/2017/0111,Manipur,Tamenglong, ,Dailong road,25.121111,93.654694,,,,Active
MN/UKH/83K11/2017/52,Manipur,Ukhrul, ,New Tusom,25.419,94.578639,,,,Active
MN/NON/83H05/2018/72,Manipur,Noney, ,Rengdai,24.747778,93.424528,,,,Active
MAN/SEN/83K03/2015/9,Manipur,Senapati, ,North of Maram,25.429097,94.108439,,,,Suspended
MN/PZL/83H03/2020/20,Manipur,Pherzawl, ,2 km South west of Damdei Village.,24.32,93.16,,,,Active
MN/UKH/83K11/2017/97,Manipur,Ukhrul, ,New Tusom,25.413086,94.526303,,,,Active
MN/CHA/83L03/2018/54,Manipur,Chandel, ,Lamphou Cheru,24.317619,94.003678,,,,Suspended
MN/UKH/83K12/2017/78,Manipur,Ukhrul, ,Khamasom,25.182222,94.522333,,,,Inactive
MN/KAM/83L05/2018/5,Manipur,Kamjong, ,3.5 km NE of Phungyar Village,24.806278,94.377056,,,,Reactivated
MAN/SEN/83K03/2015/83,Manipur,Senapati, ,Along Sorbung road,25.262947,94.079353,,,,Suspended
MN/KAM/83L09/2017/42,Manipur,Kamjong, ,"Chahong 
Khullen",24.915806,94.578222,,,,Active
MAN/TAM/83G12/2017/0030,Manipur,Tamenglong, ,Govajang road,25.163722,93.700556,,,,Suspended
MAN/KAN/83K04/2017/01,Manipur,Kangpokpi,Maphou Kuki landslide,Maphou Kuki village road to the east of Sirarakhong Mapithelal Dam.,24.82058,94.137,,,,Reactivated
MN/KAM/83L06/2018/4,Manipur,Kamjong, ,7 km SE of Kasom Khullen,24.664707,94.29025,,,,Reactivated
MN/KAM/83L09/2017/34,Manipur,Kamjong, ,"Chahong 
Khullen",24.939167,94.548889,,,,Active
MAN/TAM/83G12/2017/0118,Manipur,Tamenglong, ,Dailong road,25.1345,93.666417,,,,Active
MN/KAM/83L09/2017/50,Manipur,Kamjong, ,Movailop,24.776694,94.599472,,,,Active
MN/CHA/83L03/2018/35,Manipur,Chandel, ,Wamku,24.250722,94.073861,,,,Suspended
MN/NON/83H10/2018/12,Manipur,Noney, ,Along Imphal-Khuopum road.,24.641369,93.623008,,,,Active
MAN/TAM/83G12/2017/0103,Manipur,Tamenglong, ,Dailong road,25.116833,93.645889,,,,Active
MN/KAM/83L06/2018/9,Manipur,Kamjong, ,Kasom Khullen,24.673582,94.270534,,,,Active
MN/UKH/83K12/2017/86,Manipur,Ukhrul, ,Khamasom,25.188611,94.520917,,,,Active
MN/UKH/83K12/2017/28,Manipur,Ukhrul, ,Mapum,25.064639,94.534,,,,Active
MN/UKH/83K11/2017/53,Manipur,Ukhrul, ,New Tusom,25.419639,94.578556,,,,Active
MN/CDL/83L04/2020/8,Manipur,Chandel, ,Khenjoy section,24.06,94.05,,,,Suspended
MAN/TAM/83G12/2017/0107,Manipur,Tamenglong, ,Dailong road,25.118056,93.648556,,,,Active
MN/TAM/83H05/2018/5,Manipur,Tamenglong, ,Kahulong,24.911722,93.484361,,,,Active
MAN/SEN/83G14/2015/22,Manipur,Senapati, ,Peren-Maram road,25.529,93.952,,,,Suspended
MAN/UKH/83K08/2015/032,Manipur,Ukhrul, ,Ukhrul Lamlang road.,25.079944,94.294667,,,,Active
MN/KAM/83L06/2018/18,Manipur,Kamjong, ,4 km SE of Kasom Khullen,24.668389,94.285472,,,,Reactivated
MN/NON/83H05/2018/46,Manipur,Noney, ,Rengpang,24.775917,93.453139,,,,Active
MAN/TAM/83G12/2017/0084,Manipur,Tamenglong, ,Dailong road,25.106472,93.623472,,,,Suspended
MN/NON/83H10/2018/26,Manipur,Noney, ,Ngaryan,24.634278,93.719639,,,,Inactive
MN/NON/83H10/2018/75,Manipur,Noney, ,"NH_37A, Imphal-Khoupum highway.",24.656306,93.580806,,,,Active
MAN/TAM/83G12/2017/0042,Manipur,Tamenglong, ,Govajang road,25.160306,93.689306,,,,Suspended
MN/JRM/83H02/2020/16,Manipur,Jiribam, ,JT road,24.62,93.17,,,,Active
MAN/SEN/83K03/2015/70,Manipur,Senapati, ,Along Thingba Khullen and Oinam raod,25.350764,94.222161,,,,Active
MN/NON/83H10/2018/78,Manipur,Noney, ,"NH_37A, Imphal-Khoupum highway.",24.639361,93.659444,,,,Active
MN/KAM/83L05/2018/13,Manipur,Kamjong, ,3 km E of Phungyar Village,24.834921,94.365211,,,,Reactivated
MN/KAM/83L05/2018/67,Manipur,Kamjong, ,4.5 km NW of Kamjong,24.909889,94.486778,,,,Reactivated
MN/CCP/83H12/2020/27,Manipur,Churachandpur, ,5km North of Behiang,24.01,93.55,,,,Active
MN/KAM/83L09/2017/29,Manipur,Kamjong, ,"Chahong 
Khullen",24.952,94.529028,,,,Stabilized
MN/NON/83H09/2018/44,Manipur,Noney, ,Tupul-Charai Chakatlong highway,24.784611,93.659528,,,,Active
MN/UKH/83K12/2017/74,Manipur,Ukhrul, ,Khamasom,25.181222,94.524611,,,,Active
MN/TEN/83L03/2018/84,Manipur,Tengnoupal, ,1km km south of Parengtong,24.499972,94.195769,,,,Suspended
MN/CHA/83L03/2018/58,Manipur,Chandel, ,Khongjam,24.289019,94.073331,,,,Inactive
MAN/SEN/83K03/2015/53,Manipur,Senapati, ,Along Khabung road,25.324731,94.086558,,,,Suspended
MN/NON/83H10/2018/1,Manipur,Noney, ,Outskirt of Thanggal village,24.756089,93.622039,,,,Active
MN/CHA/83L03/2018/56,Manipur,Chandel, ,S of Khongjam,24.27705,94.070089,,,,Suspended
MN/UKH/83L01/2018/34,Manipur,Ukhrul, ,Marou,24.895,94.242972,,,,Active
MN/NON/83H10/2018/76,Manipur,Noney, ,"Khoupum valley, near dam",24.664694,93.532361,,,,Dormant
MN/PZL/83H03/2020/6,Manipur,Pherzawl, ,Taithu Village.,24.31,93.13,,,,Active
MAN/SEN/83G16/2015/51,Manipur,Senapati, ,Gopinung,25.126361,93.901333,,,,Active
MN/UKH/83K12/2017/65,Manipur,Ukhrul, ,Huishu,25.264278,94.543611,,,,Active
MAN/UKH/83K08/2015/011,Manipur,Ukhrul, ,Nearly 6km from Changa on the way to Gamnum,25.033278,94.431806,,,,Active
MN/NON/83H05/2018/19,Manipur,Noney, ,Khongsang,24.826694,93.467944,,,,Active
MN/CCP/83H12/2020/23,Manipur,Churachandpur, ,Mongkot road,24.1,93.5,,,,Active
MAN/SEN/83K03/2015/32,Manipur,Senapati, ,Northwest of New Magamai,25.446611,94.049511,,,,Suspended
MAN/SEN/83K03/2015/79,Manipur,Senapati, ,Along Sorbung road,25.259722,94.03715,,,,Active
MN/KAM/83L05/2018/54,Manipur,Kamjong, ,5 km N of Shakok Village,24.908389,94.335056,,,,Reactivated
MN/NON/83H10/2018/19,Manipur,Noney, ,"along Imphal-Khoupum road, near Longsai village",24.641747,93.640183,,,,Active
MN/KAM/83L05/2018/31,Manipur,Kamjong, ,4.2 km SE of Khuntak Awang Village,24.833278,94.349639,,,,Reactivated
MAN/SEN/83K03/2015/45,Manipur,Senapati, ,Northwest of New Magamai,25.448389,94.003139,,,,Active
MN/TEN/83L03/2018/19,Manipur,Tengnoupal, ,Simang village,24.497622,94.180403,,,,Suspended
MN/NON/83H10/2018/31,Manipur,Noney, ,Imphal-Khoupum highway,24.614883,93.696186,,,,Active
MAN/UKH/83K08/2015/001,Manipur,Ukhrul, ,2km SE of Ukhrul,25.077417,94.352444,,,,Active
MN/KAM/83L09/2017/1,Manipur,Kamjong, ,Kamjong,24.841944,94.512972,,,,Active
MN/CCP/83H08/2020/22,Manipur,Churachandpur, ,1 km SE Joutung,24.21,93.28,,,,Suspended
MN/CCP/83H08/2020/18,Manipur,Churachandpur, ,1 km SW Sinzawl,24.1,93.29,,,,Active
MN/KAM/83L09/2017/17,Manipur,Kamjong, ,"Chattrick
Kamjong road",24.8905,94.607056,,,,Active
MN/NON/83H10/2018/58,Manipur,Noney, ,"NH_37A, Imphal-Khoupum highway",24.626389,93.604389,,,,Active
MN/UKH/83K12/2017/83,Manipur,Ukhrul, ,Khamasom,25.18425,94.522667,,,,Active
MN/TEN/83L03/2018/24,Manipur,Tengnoupal, ,Near Sita village,24.4455,94.229722,,,,Relict
MN/CDL/83L04/2020/47,Manipur,Chandel, ,Tengnoupal,24.1,94.04,,,,Suspended
MN/UKH/83K11/2017/74,Manipur,Ukhrul, ,Wahong,25.49625,94.554722,,,,Active
MN/KAM/83L09/2017/5,Manipur,Kamjong, ,Kamjong,24.820833,94.504167,,,,Reactivated
MAN/TAM/83G12/2017/0041,Manipur,Tamenglong, ,Govajang road,25.162306,93.691111,,,,Active
MAN/TAM/83G12/2017/0139,Manipur,Tamenglong, ,Govajang road,25.158828,93.720131,,,,Active
MN/UKH/83K11/2017/50,Manipur,Ukhrul, ,New Tusom,25.416,94.579028,,,,Active
MN/CHU/83H10/2018/89,Manipur,Churachandpur, ,Agri linked road Nalon village,24.549944,93.668361,,,,Reactivated
MN/UKH/83L01/2018/3,Manipur,Ukhrul, ,NH 102,24.930278,94.149361,,,,Active
MN/CDL/84I01/2020/4,Manipur,Chandel, ,Tuitong section,23.99,94.04,,,,Suspended
MN/CHA/83L03/2018/65,Manipur,Chandel, ,Larong Khullen,24.267872,94.117978,,,,Relict
MN/UKH/83L01/2018/27,Manipur,Ukhrul, ,Singta village,24.94125,94.220861,,,,Active
MN/THO/83L02/2018/16,Manipur,Thoubal, ,Chingdompok,24.553917,94.091167,,,,Active
 ,Manipur,Noney,,,24.86269444,93.62405556,Rock,Slide,"Exact  date  of  the  occurrence  of  the  slide  is  not  known,  however  the
villagers narrated its occurrence during the 2nd week of July, 2020.",Active
MN/TAM/83H05/2018/17,Manipur,Tamenglong, ,Neigailong Tamenglong,24.985806,93.492972,,,,Active
MAN/TAM/83G12/2017/0122,Manipur,Tamenglong, ,Dailong road,25.136222,93.667639,,,,Suspended
MN/NON/83H05/2018/73,Manipur,Noney, ,Rengpang,24.766472,93.434167,,,,Active
MN/UKH/83K11/2017/18,Manipur,Ukhrul, ,Chingai,25.324194,94.520278,,,,Active
MN/KAM/83L09/2017/32,Manipur,Kamjong, ,"Chahong 
Khullen",24.944083,94.538667,,,,Active
MAN/TAM/83G12/2017/0125,Manipur,Tamenglong, ,Dailong road,25.139639,93.669639,,,,Suspended
MN/UKH/83K12/2017/23,Manipur,Ukhrul, ,Mapum,25.060389,94.535472,,,,Active
MAN/SEN/83K03/2015/37,Manipur,Senapati, ,Northwest of New Magamai,25.447664,94.041483,,,,Suspended
MN/CDL/83H16/2020/31,Manipur,Chandel, ,Tengnoupal,24.17,93.93,,,,Suspended
MAN/SEN/83K04/2015/96,Manipur,Senapati, ,Along Saikul road,25.085833,94.107222,,,,Active
MN/KAM/83L05/2018/11,Manipur,Kamjong, ,1 km E of Phungyar Village,24.823296,94.358767,,,,Suspended
MN/CCP/83H11/2020/38,Manipur,Churachandpur, ,Kink commisorate,24.36,93.65,,,,Active
MN/UKH/83K11/2017/43,Manipur,Ukhrul, ,New Tusom,25.397944,94.551083,,,,Active
MAN/TAM/83G12/2017/0099,Manipur,Tamenglong, ,Dailong road,25.115194,93.645,,,,Suspended
MN/NON/83H05/2018/31,Manipur,Noney, ,Irang,24.841472,93.495917,,,,Active
MAN/SEN/83K07/2015/061,Manipur,Senapati, ,Ngari village,25.34725,94.334444,,,,Stabilized
MN/NON/83H05/2018/81,Manipur,Noney, ,Thingou,24.811139,93.417,,,,Active
MN/TAM/83H05/2018/95,Manipur,Tamenglong, ,Kahulong,24.943833,93.488917,,,,Active
MN/PZL/83H04/2020/1,Manipur,Pherzawl, ,0.5 km west of Bukpi Village.,24.2,93.53,,,,Active
MAN/TAM/83G12/2017/0073,Manipur,Tamenglong, ,Dailong road,25.077778,93.611583,,,,Active
MN/TAM/83H01/2018/44,Manipur,Tamenglong,Makru_1,NH53,24.80831,93.24264,,,,Suspended
MN/KAM/83L05/2018/22,Manipur,Kamjong, ,2 km E of Laushing Village,24.851194,94.361722,,,,Reactivated
MN/UKH/83K11/2017/86,Manipur,Ukhrul, ,New Tusom,25.468389,94.544917,,,,Reactivated
MN/CHU/83H10/2018/33,Manipur,Churachandpur, ,Loktak- Leimatak highway,24.599858,93.725225,,,,Active
MN/UKH/83L01/2018/20,Manipur,Ukhrul, ,Sikibung,24.93875,94.181861,,,,Active
MAN/TAM/83G12/2017/0071,Manipur,Tamenglong, ,Dailong road,25.072528,93.6075,,,,Active
MN/TAM/83H09/2018/27,Manipur,Tamenglong, ,"above NH-137,Tamenglong town towards Noney",24.97775,93.502639,,,,Active
MN/NON/83H09/2018/54,Manipur,Noney, ,Tupul-Charai Chakatlong highway,24.790386,93.657044,,,,Active
MN/NON/83H09/2018/10,Manipur,Noney, ,NH37,24.80425,93.732861,,,,Active
MN/IMP/83L01/2018/51,Manipur,Imphal East, ,Nongdam,24.833944,94.08125,,,,Active
MAN/SEN/83K03/2015/3,Manipur,Senapati, ,Senapati,25.269097,94.022569,,,,Active
MN/KAM/83L05/2018/58,Manipur,Kamjong, ,0.5 km W of Godah Village,24.901194,94.342444,,,,Reactivated
MN/CDL/83L04/2020/74,Manipur,Chandel, ,Khenjoy section,24.1,94.07,,,,Suspended
MN/NON/83H05/2018/37,Manipur,Noney, ,Khongsang,24.824611,93.476528,,,,Active
MAN/SEN/83K03/2015/47,Manipur,Senapati, ,Along Khabung road,25.317878,94.069389,,,,Suspended
MAN/UKH/83K08/2015/034,Manipur,Ukhrul, ,Ukhrul Choithar road,25.090556,94.387389,,,,Active
MN/TAM/83H09/2018/22,Manipur,Tamenglong, ,"Below NH-137, New Salem area.",24.986861,93.506028,,,,Active
MN/UKH/83L01/2018/14,Manipur,Ukhrul, ,Lamlai Chingphei,24.994278,94.205917,,,,Active
MN/NON/83H09/2018/62,Manipur,Noney, ,Data taken from Haochong village- Noney highway,24.890167,93.707572,,,,Active
MN/CHA/83L03/2018/59,Manipur,Chandel, ,Phairan Khullen,24.246228,94.070389,,,,Suspended
MN/KAN/83H13/2018/13,Manipur,Kangpokpi, ,Kangchup Ponlen,24.872917,93.779167,,,,Active
MN/KAN/83L02/2018/5,Manipur,Kangpokpi, ,Yeason Village,24.685,94.171278,,,,Active
MN/NON/83H09/2018/55,Manipur,Noney, ,Tupul-Charai Chakatlong highway,24.769333,93.653722,,,,Active
MAN/TAM/83G12/2017/0116,Manipur,Tamenglong, ,Dailong road,25.130361,93.6625,,,,Suspended
MN/NON/83H05/2018/21,Manipur,Noney, ,Khongsang,24.834694,93.459167,,,,Active
MN/KAM/83L05/2018/53,Manipur,Kamjong, ,4.5 km N of Shakok Village,24.897722,94.328472,,,,Reactivated
MN/CDL/83H16/2020/3,Manipur,Chandel, ,Tengnoupal,24.01,93.96,,,,Suspended
MN/CHA/83L03/2018/51,Manipur,Tengnoupal, ,6km east of Chelep,24.381906,94.213136,,,,Suspended
MAN/SEN/83K03/2015/35,Manipur,Senapati, ,Northwest of New Magamai,25.453942,94.048881,,,,Suspended
MAN/UKH/83K08/2015/056,Manipur,Ukhrul, ,Somdal village,25.167528,94.294861,,,,Active
MN/UKH/83L01/2018/8,Manipur,Ukhrul, ,Zelenbung,24.948444,94.1555,,,,Active
MAN/TAM/83G12/2017/0102,Manipur,Tamenglong, ,Dailong road,25.116556,93.645944,,,,Suspended
MN/CHA/83H15/2018/4,Manipur,Chandel, ,2km east of Khambathel,24.314333,93.931361,,,,Inactive
MN/UKH/83K11/2017/85,Manipur,Ukhrul, ,"New Tusom
Kharasom road",25.471806,94.543,,,,Active
MN/CDL/83H16/2020/15,Manipur,Chandel, ,Tengnoupal,24.23,93.93,,,,Suspended
MN/KAN/83H13/2018/14,Manipur,Kangpokpi, ,Kangchup Ponlen,24.871694,93.776861,,,,Active
MN/TAM/83H01/2018/57,Manipur,Tamenglong,New Kaiphundai,NH53,24.804448,93.235711,,,,Active
MN/TEN/83L03/2018/79,Manipur,Tengnoupal, ,2 km east of Machi,24.499014,94.154514,,,,Suspended
MN/CDL/83L04/2020/85,Manipur,Chandel, ,Paraulon section,24.22,94.09,,,,Suspended
MN/CCP/83H12/2020/12,Manipur,Churachandpur, ,Mongkot road,24.11,93.52,,,,Active
MAN/SEN/83K03/2015/21,Manipur,Senapati, ,South of Maram Khullen,25.421656,94.071,,,,Suspended
MN/NON/83H05/2018/47,Manipur,Noney, ,Rengpang,24.776583,93.456056,,,,Active
MAN/TAM/83G12/2017/0012,Manipur,Tamenglong, ,Govajang road,25.163167,93.735556,,,,Suspended
MAN/TAM/83G12/2017/0017,Manipur,Tamenglong, ,Govajang road,25.161861,93.729917,,,,Active
MN/CCP/83H07/2020/1,Manipur,Churachandpur, ,2 km NW Bungzang,24.33,93.3,,,,Suspended
MAN/SEN/83K04/2015/92,Manipur,Senapati, ,Along Sorbung road,25.188578,94.139278,,,,Active
MAN/TAM/83G12/2017/0006,Manipur,Tamenglong, ,Govajang road,25.169028,93.741083,,,,Dormant
MN/NON/83H09/2018/80,Manipur,Noney, ,Maranching to Noney highway,24.817939,93.688678,,,,Active
MAN/SEN/83K04/2015/95,Manipur,Senapati, ,Along Saikul road,25.086525,94.078197,,,,Suspended
MAN/SEN/83G14/2015/30,Manipur,Senapati, ,Peren-Maram road,25.527,93.953,,,,Suspended
MN/KAM/83L06/2018/27,Manipur,Kamjong, ,0.5 km S of Mailiang Village,24.745805,94.348327,,,,Suspended
MN/TEN/83L03/2018/17,Manipur,Tengnoupal, ,Sita village,24.456464,94.226856,,,,Dormant
MN/UKH/83L01/2018/21,Manipur,Ukhrul, ,Sikibung,24.947972,94.187972,,,,Active
MAN/TAM/83G12/2017/0018,Manipur,Tamenglong, ,Govajang road,25.156722,93.723889,,,,Active
MAN/TAM/83H09/2009-10/MN-5,Manipur,Tamenglong,Awangkhul slide,NH-53 (Imphal-Jiribam ),24.8133,93.5472,,,,Reactivated
MN/KAM/83L05/2018/38,Manipur,Kamjong, ,N of Phungyar Village,24.814386,94.32344,,,,Reactivated
MAN/SEN/83K04/2015/88,Manipur,Senapati, ,Along Sorbung road,25.2375,94.113889,,,,Suspended
MN/TEN/83L03/2018/23,Manipur,Tengnoupal, ,1km south of Chelep,24.449306,94.221778,,,,Suspended
MN/CHA/83L03/2018/55,Manipur,Chandel, ,1km north of Phunchong,24.290714,94.038094,,,,Inactive
MN/UKH/83L01/2018/17,Manipur,Ukhrul, ,NH 102,24.989944,94.233611,,,,Active
MN/CCP/83H08/2020/20,Manipur,Churachandpur, ,6 km south of Sinzawl,24.37,93.26,,,,Active
MN/CHA/83L03/2018/33,Manipur,Chandel, ,Wamku,24.268528,94.103861,,,,Suspended
MN/NON/83H09/2018/41,Manipur,Noney, ,Data taken from NH-37,24.834069,93.578039,,,,Active
MN/UKH/83K12/2017/26,Manipur,Ukhrul, ,Mapum,25.054944,94.530528,,,,Active
MN/UKH/83K12/2017/59,Manipur,Ukhrul, ,Khayang,25.059361,94.586361,,,,Active
MN/CHA/83L03/2018/10,Manipur,Chandel, ,Larong,24.267194,94.111889,,,,Suspended
MN/UKH/83K11/2017/13,Manipur,Ukhrul, ,Chingai,25.329306,94.524639,,,,Active
MN/CHU/83H10/2018/39,Manipur,Churachandpur, ,"Loktak- Leimatak highway, near Charoi-Khullen",24.599333,93.689722,,,,Active
MN/KAN/83H13/2018/17,Manipur,Kangpokpi, ,Nakhujang,24.940583,94.008889,,,,Active
MN/TMG/83H09/2018/002,Manipur,Tamenglong,New Kanan Slide,New Kanan village,24.98575,93.497389,,,,Active
MN/TEN/83L03/2018/85,Manipur,Tengnoupal, ,2km south of Parengtong,24.501367,94.192292,,,,Suspended
MN/UKH/83L01/2018/37,Manipur,Ukhrul, ,Marou,24.871528,94.234056,,,,Active
MN/CCR/83H02/2020/1,Manipur,Churachandpur, ,JT road,24.53,93.08,,,,Reactivated
MAN/SEN/83G14/2015/18,Manipur,Senapati, ,Peren-Maram road,25.521,93.964,,,,Suspended
MN/NON/83H09/2018/48,Manipur,Noney, ,Data taken from NH-37,24.802417,93.699175,,,,Active
MN/KAN/83H13/2018/12,Manipur,Kangpokpi, ,Longa koireng,24.77925,93.781,,,,Active
MN/CHA/83L03/2018/63,Manipur,Chandel, ,Larong Khullen,24.269144,94.107397,,,,Suspended
MN/KAM/83L05/2018/49,Manipur,Kamjong, ,3 km N of Shakok Village,24.894359,94.320541,,,,Reactivated
MN/TEN/83L03/2018/32,Manipur,Tengnoupal, ,2km South of Larong Khunou,24.271528,94.125667,,,,Suspended
MN/NON/83H05/2018/77,Manipur,Noney, ,Thingou,24.816111,93.443917,,,,Active
MN/NON/83H05/2018/18,Manipur,Noney, ,Khongsang,24.819722,93.459972,,,,Active
MN/NON/83H05/2018/49,Manipur,Noney, ,Rengpang,24.776028,93.457083,,,,Active
MAN/TAM/83G12/2017/0062,Manipur,Tamenglong, ,Dailong road,25.054083,93.603694,,,,Active
MAN/TAM/83H09/2009-10/MN-4A,Manipur,Tamenglong,Awangkhul slide,NH-53 (Imphal-Jiribam ),24.8175,93.54908,,,, 
MN/TAM/83H05/2018/12,Manipur,Tamenglong, ,Tamenglong,24.987667,93.494361,,,,Active
MN/KAN/83L02/2018/8,Manipur,Kangpokpi, ,Yairipok-Hongbei road,24.700278,94.197611,,,,Active
MN/UKH/83K12/2017/38,Manipur,Ukhrul, ,Mapum,25.096417,94.531778,,,,Active
MN/CHA/83L03/2018/66,Manipur,Chandel, ,Larong Khullen,24.268022,94.120806,,,,Relict
MN/NON/83H10/2018/54,Manipur,Noney, ,"NH_37A, Imphal-Khoupum highway",24.633083,93.610222,,,,Active
MN/CHU/83H10/2018/80,Manipur,Churachandpur, ,Pangjang village,24.553572,93.711317,,,,Active
MN/NON/83H05/2018/51,Manipur,Noney, ,Rengpang,24.768917,93.457306,,,,Active
MN/NON/83H09/2018/34,Manipur,Noney, ,NH-37,24.862778,93.585333,,,,Active
MAN/TAM/83G12/2017/0010,Manipur,Tamenglong, ,Govajang road,25.163917,93.73625,,,,Active
MN/CDL/84E13/2020/6,Manipur,Chandel, ,Yangdung section,24,93.82,,,,Active
MN/KAM/83L05/2018/55,Manipur,Kamjong, ,5.2 km N of Shakok Village,24.908778,94.333417,,,,Reactivated
MAN/SEN/83K03/2015/23,Manipur,Senapati, ,North of New Magamai,25.433231,94.070986,,,,Suspended
MN/NON/83H10/2018/10,Manipur,Noney, ,Data taken from Sangji village-Dolang village,24.683139,93.696258,,,,Active
MN/UKH/83K12/2017/64,Manipur,Ukhrul, ,Huishu,25.265389,94.541472,,,,Active
 ,Manipur,Noney,,,24.85536111,93.62402778,Debris,Slide,"Exact  date  of  the  occurrence  of  the  slide  is  not  known,  however  the villagers narrated its initiation during the last week of June, 2020.",Active
MN/UKH/83K12/2017/41,Manipur,Ukhrul, ,Mapum,25.100889,94.526556,,,,Active
MN/KAM/83L09/2017/23,Manipur,Kamjong, ,"Chattrick
Kamjong road",24.870028,94.588778,,,,Active
MN/UKH/83K11/2017/83,Manipur,Ukhrul, ,"New Tusom
Kharasom road",25.476722,94.534806,,,,Reactivated
MN/UKH/83K11/2017/71,Manipur,Ukhrul, ,New Tusom,25.429639,94.556472,,,,Active
MN/KAM/83L09/2017/33,Manipur,Kamjong, ,"Chahong 
Khullen",24.94225,94.541056,,,,Active
MAN/SEN/83G14/2015/6,Manipur,Senapati, ,Peren-Maram road,25.517,93.957,,,,Suspended
MN/TMLG/83H5/2016/02,Manipur,Tamenglong,Khongshang Landslide,Khongshang village,24.836194,93.481992,,,,Reactivated
MN/NON/83H09/2018/64,Manipur,Noney, ,Dolang-Zouyantak road,24.6525,93.676,,,,Active
MN/CCP/83H12/2020/21,Manipur,Churachandpur, ,Hiangtam (V) village Road,24,93.56,,,,Active
MN/NON/83H05/2018/42,Manipur,Noney, ,Rengpang,24.798806,93.464667,,,,Active
MN/KAM/83L05/2018/46,Manipur,Kamjong, ,1.5 km N of Shakok Village,24.8852,94.313301,,,,Reactivated
MAN/UKH/83K08/2015/017,Manipur,Ukhrul, ,"Ukhrul town, Ukhrul Jessami road.",25.092111,94.370444,,,,Active
MN/TMG/83H09/2018/001,Manipur,Tamenglong,New Salem Slide,New Salem (Along TamenglongTamei State Highway),25.047833,92.789306,,,,Active
MAN/TAM/83G12/2017/0074,Manipur,Tamenglong, ,Dailong road,25.080389,93.611889,,,,Active
MAN/UKH/83K08/2015/050,Manipur,Ukhrul, ,Ukhrul Talui road,25.186167,94.342889,,,,Active
MN/CDL/83H16/2020/5,Manipur,Chandel, ,Yangdung section,24.03,93.81,,,,Active
MN/TAM/83H05/2018/7,Manipur,Tamenglong, ,NH-137,24.898,93.487722,,,,Active
MN/KAM/83L05/2018/10,Manipur,Kamjong, ,0.2 km S of Phungyar Village,24.812017,94.356051,,,, 
MAN/UKH/83K08/2015/010,Manipur,Ukhrul, ,Nearly 6km from Changa on the way to Gamnum,25.027333,94.423583,,,,Active
MN/UKH/83K12/2017/27,Manipur,Ukhrul, ,Mapum,25.054722,94.526528,,,,Inactive
MN/BNP/83H15/2020/3,Manipur,Bishnupur, ,Tuitum to Vajang Village,24.32,93.76,,,,Active
MN/NON/83H05/2018/39,Manipur,Noney, ,Khongsang,24.801389,93.469444,,,,Active
MAN/UKH/83K08/2015/057,Manipur,Ukhrul, ,Somdal village,25.168528,94.288333,,,,Active
MN/NON/83H10/2018/5,Manipur,Noney, ,Zouyantek to Imphal highway,24.637806,93.69075,,,,Active
MAN/SEN/83K03/2015/38,Manipur,Senapati, ,Northwest of New Magamai,25.443264,94.0392,,,,Suspended
MAN/SEN/83K2/2015/194,Manipur,Senapati, ,NH-29,25.523,94.135,,,,Active
MN/CCP/83H12/2020/8,Manipur,Churachandpur, ,Zabelli Road,24.18,93.56,,,,Active
MN/KAM/83L05/2018/74,Manipur,Kamjong, ,0.5 km NE of Maku Village,24.957303,94.473342,,,,Reactivated
MN/KAM/83L05/2018/24,Manipur,Kamjong, ,Khuntak Awang Village Road,24.847417,94.358028,,,,Reactivated
MN/CDL/83H16/2020/14,Manipur,Chandel, ,Tengnoupal,24.1,93.9,,,,Active
MN/TAM/83H01/2018/50,Manipur,Tamenglong,Old Kaiphundi2,NH53,24.79847,93.21583,,,,Active
MAN/TAM/83G12/2017/0054,Manipur,Tamenglong, ,Dailong road,25.006694,93.523444,,,,Dormant
MN/TEN/83L03/2018/29,Manipur,Tengnoupal, ,Angbreshu,24.322917,94.151,,,,Suspended
MAN/TAM/83G12/2017/0040,Manipur,Tamenglong, ,Govajang road,25.163333,93.691194,,,,Active
MN/CCP/83E09/2020/2,Manipur,Churachandpur, ,Behiang Road,23.99,93.55,,,,Active
MN/KAM/83L05/2018/36,Manipur,Kamjong, ,1.5 km N of Phungyar Village,24.819694,94.352611,,,,Reactivated
MN/TAM/83H05/2018/11,Manipur,Tamenglong, ,NH-137,24.874222,93.466667,,,,Active
MN/UKH/83K12/2017/69,Manipur,Ukhrul, ,Huishu,25.259972,94.543806,,,,Active
MAN/SEN/83K2/2015/161,Manipur,Senapati, ,NH-29,25.521,94.134,,,,Active
MN/NON/83H09/2018/68,Manipur,Noney, ,Noney to Kabui Khullen road,24.888556,93.641472,,,,Active
MAN/UKH/83K07/2015/037,Manipur,Ukhrul, ,2.5km NW of Razai villae,25.396222,94.450472,,,,Active
MN/KAM/83L06/2018/17,Manipur,Kamjong, ,Kasom Khullen (cultivation area),24.67916,94.252632,,,,Reactivated
MN/NON/83H05/2018/78,Manipur,Noney, ,Thingou,24.814333,93.428306,,,,Active
MN/TAM/83H05/2018/9,Manipur,Tamenglong, ,NH-137,24.883194,93.465667,,,,Active
MN/TAM/83H05/2018/25,Manipur,Tamenglong, ,Namkailong,24.851722,93.449389,,,,Active
MN/UKH/83L01/2018/40,Manipur,Ukhrul, ,T.Hungdung,24.839306,94.22575,,,,Active
MN/KAN/83H13/2018/19,Manipur,Kangpokpi, ,Longa koireng,24.777667,93.782806,,,,Active
MAN/TAM/83G12/2017/0100,Manipur,Tamenglong, ,Dailong road,25.115833,93.645833,,,,Suspended
MN/CHA/83L03/2018/6,Manipur,Chandel, ,Pallel-Moreh road,24.391583,94.085806,,,,Suspended
MAN/SEN/83K03/2015/59,Manipur,Senapati, ,Along Thingba Khullen and Oinam raod,25.342472,94.161667,,,,Suspended
MAN/TAM/83G12/2017/0033,Manipur,Tamenglong, ,Govajang road,25.16485,93.697303,,,,Stabilized
MAN/TAM/83G12/2017/0068,Manipur,Tamenglong, ,Dailong road,25.061417,93.604889,,,,Active
MN/JRM/83H02/2020/19,Manipur,Jiribam, ,Pangkotphai- Nungkhal road,24.73,93.17,,,,Active
MN/NON/83H09/2018/7,Manipur,Noney, ,NH37,24.7955,93.736056,,,,Active
MN/KAM/83L05/2018/26,Manipur,Kamjong, ,3.5 km SE of Khuntak Awang Village,24.839028,94.357083,,,,Reactivated
MN/KAN/83G16/2018/006,Manipur,Kangpokpi,Kalikhola Slide I (New Landslide),Kalikhola village,25.201083,93.140806,,,,Active
MAN/UKH/83K08/2015/004,Manipur,Ukhrul, ,Ukhrul- Imphal Highway,25.034611,94.31925,,,,Active
MN/KAM/83L06/2018/22,Manipur,Kamjong, ,Nambashi Khullen,24.613545,94.33124,,,,Reactivated
MN/KAM/83L09/2017/27,Manipur,Kamjong, ,"Chahong 
Khullen",24.95625,94.520083,,,,Active
MN/TGPL/83L03/2018/009,Manipur,Tengnoupal,Lokchao Landslide,Lokchao village,24.813306,93.243417,,,,Active
MN/TAM/83H05/2018/100,Manipur,Tamenglong, ,Namkaolong,24.842944,93.439972,,,,Active
MN/NON/83H09/2018/35,Manipur,Noney, ,NH-37,24.820667,93.525444,,,,Active
MAN/TAM/83G12/2017/0050,Manipur,Tamenglong, ,Govajang road,25.156306,93.678917,,,,Stabilized
MN/UKH/83K12/2017/1,Manipur,Ukhrul, ,Khamasom,25.182861,94.505167,,,,Active
MN/KAM/83L09/2017/40,Manipur,Kamjong, ,"Chahong 
Khullen",24.920056,94.568778,,,,Active
MN/NON/83H10/2018/21,Manipur,Noney, ,Along Zouyantek-Dolang road,24.679639,93.669667,,,,Active
MN/NON/83H09/2018/78,Manipur,Noney, ,Kharam to Noney road,24.829225,93.720472,,,,Active
MN/TAM/83H09/2018/14,Manipur,Tamenglong, ,"Tamenglong- Tamei road, New Salem, Tamenglong",24.985944,93.504944,,,,Active
MN/KAM/83L06/2018/24,Manipur,Kamjong, ,0.3 km N of Khamlang Village,24.692906,94.258355,,,,Reactivated
MN/CCP/83H12/2020/29,Manipur,Churachandpur, ,Singngat-Tedem road,24.18,93.59,,,,Active
MN/UKH/83K12/2017/5,Manipur,Ukhrul, ,Mapum,25.081611,94.506333,,,,Active
MN/TAM/83H05/2018/86,Manipur,Tamenglong, ,Kaimai,24.761056,93.255167,,,,Active
MAN/SEN/83K03/2015/39,Manipur,Senapati, ,Northwest of New Magamai,25.444722,94.0414,,,,Suspended
MN/IMP/83L01/2018/52,Manipur,Imphal East, ,Moirangpurel,24.769556,94.116778,,,,Active
MN/UKH/83K11/2017/37,Manipur,Ukhrul, ,Poi,25.286944,94.531361,,,,Active
MN/UKH/83K11/2017/46,Manipur,Ukhrul, ,New Tusom,25.415639,94.559361,,,,Active
MN/KAM/83L06/2018/28,Manipur,Kamjong, ,2.2 km S of Assam Rifle Camp Check Gate,24.714343,94.360864,,,,Reactivated
MN/UKH/83K12/2017/47,Manipur,Ukhrul, ,Mapum,25.101972,94.5125,,,,Active
MN/CDL/84E13/2020/7,Manipur,Chandel, ,Chandel,23.97,93.95,,,,Suspended
MN/TEN/83L03/2018/81,Manipur,Tengnoupal, ,2 km north of Laibi,24.407989,94.240544,,,,Suspended
MN/JRM/83H02/2020/4,Manipur,Jiribam, ,Pangkotphai- Nungkhal road,24.74,93.16,,,,Active
MN/KAM/83L09/2017/30,Manipur,Kamjong, ,"Chahong 
Khullen",24.948056,94.534778,,,,Active
MN/UKH/83K11/2017/91,Manipur,Ukhrul, ,New Tusom,25.466083,94.552889,,,,Active
MN/CHA/83L03/2018/64,Manipur,Chandel, ,Larong Khullen,24.267658,94.117506,,,,Relict
MN/UKH/83K12/2017/77,Manipur,Ukhrul, ,Khamasom,25.181917,94.522306,,,,Active
MN/KAM/83L05/2018/70,Manipur,Kamjong, ,8 km NW of Kamjong,24.919751,94.461919,,,,Inactive
MN/NON/83H10/2018/22,Manipur,Noney, ,Along Dolang-Sangji road,24.685056,93.669,,,,Active
MN/NON/83H10/2018/51,Manipur,Noney, ,"below NH-37A, Imphal-Khoupum highway",24.637769,93.612292,,,,Active
MN/NON/83H05/2018/74,Manipur,Noney, ,Sangrung,24.815361,93.441528,,,,Active
MN/PZL/83H02/2020/32,Manipur,Pherzawl, ,"Below JT road, betweenLower Kharkhuplien to Savomphai village",24.52,93.08,,,,Active
MN/NON/83H09/2018/66,Manipur,Noney, ,Noney to Marangching road,24.800556,93.674222,,,,Active
MN/TEN/83L03/2018/28,Manipur,Tengnoupal, ,Angbreshu,24.321889,94.147306,,,,Suspended
MN/UKH/83L01/2018/13,Manipur,Ukhrul, ,Zelenbung,24.969056,94.173528,,,,Active
MN/TEN/83L03/2018/48,Manipur,Tengnoupal, ,10km from Khudenthabi,24.309861,94.234639,,,,Reactivated
MN/TEN/83L03/2018/40,Manipur,Tengnoupal, ,1km south west of Chelep,24.416167,94.176167,,,,Suspended
MAN/SEN/83K03/2015/20,Manipur,Senapati, ,South of Maram Khullen,25.421111,94.077,,,,Suspended
MN/CDL/83L04/2020/10,Manipur,Chandel, ,Khenjoy section,24.06,94.02,,,,Suspended
MN/TEN/83L03/2018/44,Manipur,Tengnoupal, ,1 km east of Chahmol,24.365611,94.1665,,,,Suspended
MN/KAM/83L09/2017/9,Manipur,Kamjong, ,Chattrick,24.970167,94.618,,,,Active
MAN/SEN/83K03/2015/55,Manipur,Senapati, ,Along Khabung road,25.318206,94.091428,,,,Active
MN/CCP/83H08/2020/17,Manipur,Churachandpur, ,2 km NE Phaitong,24.12,93.29,,,,Active
MAN/SEN/83K03/2015/57,Manipur,Senapati, ,Along Thingba Khullen and Oinam raod,25.379611,94.146667,,,,Suspended
MN/KAN/83H13/2018/7,Manipur,Kangpokpi, ,Kangchup Ponlen,24.871861,93.778111,,,,Active
MN/UKH/83K12/2017/16,Manipur,Ukhrul, ,Sahamphung,25.054917,94.551306,,,,Active
MN/UKH/83L01/2018/15,Manipur,Ukhrul, ,NH 102,24.950583,94.177778,,,,Active
MAN/SEN/83K03/2015/36,Manipur,Senapati, ,Northwest of New Magamai,25.450653,94.046667,,,,Suspended
MN/KAM/83L05/2018/34,Manipur,Kamjong, ,1 km N of Phungyar Village,24.818713,94.355182,,,,Suspended
MN/KAN/83L02/2018/2,Manipur,Kangpokpi, ,Salam Patong,24.686028,94.145444,,,,Active
MN/NON/83H09/2018/45,Manipur,Noney, , ,24.815617,93.686672,,,,Active
MN/CHA/83L03/2018/61,Manipur,Chandel, ,Wamku,24.251011,94.0873,,,,Suspended
MN/UKH/83K12/2017/24,Manipur,Ukhrul, ,Mapum,25.057361,94.533083,,,,Active
MN/CDL/84E13/2020/8,Manipur,Chandel, ,Chandel,23.98,93.99,,,,Active
MN/UKH/83L02/2018/21,Manipur,Ukhrul, ,Kangoi,24.728611,94.224861,,,,Active
MAN/SEN/83K03/2015/5,Manipur,Senapati, ,Near New Karong,25.286369,94.036492,,,,Active
