{"type": "FeatureCollection", "features": [{"geometry": {"type": "Point", "coordinates": [93.73566700000003, 24.791306000000077], "crs": null}, "id": 241, "type": "Feature", "properties": {"materialin": null, "oldslide_n": null, "otherlandu": null, "geological": null, "id_project": null, "dataupdate": null, "locationde": null, "communicat": "Road blocked for 2 days", "u_long": null, "class_type": null, "amount_of_": null, "date_and_t": null, "id": null, "state": "Tripura", "landuse_la": "Settlement, rubber plantation, orchard, banana and bamboos", "reviewed_d": null, "height": 22, "movementty": null, "persons_de": " ", "remedialot": null, "datetimety": null, "vulnerabil": null, "reactivati": 0, "slide_no": "TR/WTR/78P/08/2018/002", "report_lan": " ", "reviewed_t": null, "datacrea_1": null, "inducingfa": null, "tocken": null, "check_stat": null, "retainings": null, "morphologi": null, "areainsqme": null, "powerinfra": null, "style": "Multiple", "housesbuil": null, "weatheredm": null, "status": null, "causesothe": null, "history_da": null, "activity": "Active", "latitude": 24.791306, "globalid": "{EEFE1E40-0338-4144-AA77-B821B9C29B64}", "u_lat": null, "movementra": null, "depthinmet": null, "landuse_af": "The affected area includes parts of rubber plantation and banana plantations", "preliminar": null, "hydrologic": "Dry", "lengthinme": null, "railwayl_1": null, "distributi": "Advancing and Retrogressive (material on the scarp and above the crown likely to collapse in the event of heavy rains)", "widthinmet": null, "landslid_2": null, "gsi_user": null, "landslid_3": null, "abstract": " ", "landslid_1": null, "toposheet_": null, "datacreate": null, "geomorphol": "Rolling plain", "landslid_4": null, "impactorda": null, "triggering": "Rainfall", "landslidep": null, "depth": 0, "landslidet": null, "livestock_": " ", "landslides": null, "report": " ", "width": 35, "infrastruc": " ", "damsbarrag": null, "livestockd": null, "nh_sh_loca": "Pekua village (towards Murabari) along PMGSY road", "livestocki": null, "date": null, "joint": null, "ls_area": 0, "geoscienti": "Thick and loose nature of the overburden; Steep slope cut during construction of road; Seepage and erosion from gullies during heavy rains", "landslided": null, "roadsaff_1": null, "landslidec": null, "source": null, "photos": " ", "date_acc": null, "geology1": "", "rmr": null, "contactaff": null, "reactiva_2": 0, "landuselan": null, "reactiva_1": 0, "roadblocke": null, "longitude": 93.735667, "failure_me": "Shallow planar failure", "toposheet": "78P08", "roadsaffec": null, "usertype": null, "contactnam": null, "housesbu_1": null, "id_lan": null, "movement_t": "Slide", "image_land": "0", "class_numb": null, "othersaffe": null, "slopegeome": null, "people_aff": " ", "contactmob": null, "movement_r": "Rapid", "peopleinju": null, "rejected_r": null, "district": "West Tripura", "slide_name": "Pekua landslide", "pre_remedi": "Slope moderation of slide scar and adjacent steep slopes; Removal of debris from road and roadside drain. Channelization of the surface runoff to divert water from the vulnerable slope and to consider construction of toe support by locally available mate", "runoutdist": null, "otherinfom": null, "roadbenche": null, "failuremec": null, "geology": "Tipam Group of rocks represented by highly weathered, friable, yellowish to light brown colour, fine to medium grained, ferruginous sandstone with small mudstone/clay pockets.", "contactema": null, "material_t": "Soil", "bedding": null, "humancause": null, "initiation": 0, "alert": "III", "exactdatei": null, "dataupda_1": null, "geo_acc": null, "realignmen": null, "village": null, "initiati_1": 0, "duration_o": null, "citation": " ", "subdivisio": null, "damsbarr_1": null, "length": 25, "volumeinme": null, "slide_none": null, "railwaylin": null, "remedial_1": null, "structure": "Contact between Tipam Group with Bokabil Formation of the Surma Group of rocks with siltstone and mudstone with sandstone units noted in nearby location with almost sub horizontal bedding plane (6\u252c\u2591).", "railwayben": null, "ls_volume": 0, "peopledead": null, "runout_dis": 2, "rainfallin": null, "drainage": null, "heightinme": null, "objectid": 241, "remarks": "Three houses and rubber plantation are present in the upslope of the landslide. The domestic sewage from the household should be checked and diverted properly.  Electric lines and poles present at the foot of the landslide (along the road side) are at ri", "internalsl": null, "remedialno": null}}, {"geometry": {"type": "Point", "coordinates": [92.29136100000005, 24.069556000000034], "crs": null}, "id": 250, "type": "Feature", "properties": {"materialin": null, "oldslide_n": null, "otherlandu": null, "geological": null, "id_project": null, "dataupdate": null, "locationde": null, "communicat": " ", "u_long": null, "class_type": null, "amount_of_": null, "date_and_t": null, "id": null, "state": "Tripura", "landuse_la": " Thick vegetation", "reviewed_d": null, "height": 9, "movementty": null, "persons_de": " ", "remedialot": null, "datetimety": null, "vulnerabil": null, "reactivati": 0, "slide_no": "TR/NTR/84D08/2015/50", "report_lan": " ", "reviewed_t": null, "datacrea_1": null, "inducingfa": null, "tocken": null, "check_stat": null, "retainings": null, "morphologi": null, "areainsqme": null, "powerinfra": null, "style": "Single", "housesbuil": null, "weatheredm": null, "status": null, "causesothe": null, "history_da": null, "activity": "Active", "latitude": 24.069556, "globalid": "{A538958C-1452-4BAF-86DB-4F784B68CB6B}", "u_lat": null, "movementra": null, "depthinmet": null, "landuse_af": " ", "preliminar": null, "hydrologic": "Dry", "lengthinme": null, "railwayl_1": null, "distributi": "Confined", "widthinmet": null, "landslid_2": null, "gsi_user": null, "landslid_3": null, "abstract": " ", "landslid_1": null, "toposheet_": null, "datacreate": null, "geomorphol": "Highly dissected hill", "landslid_4": null, "impactorda": null, "triggering": "Rainfall", "landslidep": null, "depth": 1, "landslidet": null, "livestock_": " ", "landslides": null, "report": " ", "width": 13, "infrastruc": "Road", "damsbarrag": null, "livestockd": null, "nh_sh_loca": "Hmunpui-Kedacherra new road section", "livestocki": null, "date": null, "joint": null, "ls_area": 143, "geoscienti": "slope modification", "landslided": null, "roadsaff_1": null, "landslidec": null, "source": null, "photos": " ", "date_acc": null, "geology1": "", "rmr": null, "contactaff": null, "reactiva_2": 0, "landuselan": null, "reactiva_1": 0, "roadblocke": null, "longitude": 92.291361, "failure_me": "Shallow translational failure", "toposheet": "84D08", "roadsaffec": null, "usertype": null, "contactnam": null, "housesbu_1": null, "id_lan": null, "movement_t": "Slide", "image_land": " ", "class_numb": null, "othersaffe": null, "slopegeome": null, "people_aff": " ", "contactmob": null, "movement_r": "Rapid", "peopleinju": null, "rejected_r": null, "district": "North Tripura", "slide_name": " ", "pre_remedi": "maintain proper drainage", "runoutdist": null, "otherinfom": null, "roadbenche": null, "failuremec": null, "geology": "Siltstone- sandstone", "contactema": null, "material_t": "Debris", "bedding": null, "humancause": null, "initiation": 2015, "alert": " ", "exactdatei": null, "dataupda_1": null, "geo_acc": null, "realignmen": null, "village": null, "initiati_1": 2015, "duration_o": null, "citation": "Santosh PK et al., 2016. Macro-scale (1:50,000) landslide susceptibility Mapping in parts of toposheets no. 79M/13, 14, 83D/4, 8, 84A/1, 2, 5, 6, North Tripura and Dhalai districts, Tripura. Unpub. GSI report of FS 2015-2016.", "subdivisio": null, "damsbarr_1": null, "length": 11, "volumeinme": null, "slide_none": null, "railwaylin": null, "remedial_1": null, "structure": "Fractured", "railwayben": null, "ls_volume": 143, "peopledead": null, "runout_dis": 0, "rainfallin": null, "drainage": null, "heightinme": null, "objectid": 250, "remarks": " ", "internalsl": null, "remedialno": null}}, {"geometry": {"type": "Point", "coordinates": [92.27763900000008, 24.134722000000068], "crs": null}, "id": 292, "type": "Feature", "properties": {"materialin": null, "oldslide_n": null, "otherlandu": null, "geological": null, "id_project": null, "dataupdate": null, "locationde": null, "communicat": " ", "u_long": null, "class_type": null, "amount_of_": null, "date_and_t": null, "id": null, "state": "Tripura", "landuse_la": " Thick vegetation", "reviewed_d": null, "height": 8, "movementty": null, "persons_de": " ", "remedialot": null, "datetimety": null, "vulnerabil": null, "reactivati": 0, "slide_no": "TR/NTR/84D08/2015/41", "report_lan": " ", "reviewed_t": null, "datacrea_1": null, "inducingfa": null, "tocken": null, "check_stat": null, "retainings": null, "morphologi": null, "areainsqme": null, "powerinfra": null, "style": "Single", "housesbuil": null, "weatheredm": null, "status": null, "causesothe": null, "history_da": null, "activity": "Active", "latitude": 24.134722, "globalid": "{FF8D6150-15A6-4A1D-8A69-6A307F18A542}", "u_lat": null, "movementra": null, "depthinmet": null, "landuse_af": " ", "preliminar": null, "hydrologic": "Dry", "lengthinme": null, "railwayl_1": null, "distributi": "Confined", "widthinmet": null, "landslid_2": null, "gsi_user": null, "landslid_3": null, "abstract": " ", "landslid_1": null, "toposheet_": null, "datacreate": null, "geomorphol": "Highly dissected hill", "landslid_4": null, "impactorda": null, "triggering": "Rainfall", "landslidep": null, "depth": 1, "landslidet": null, "livestock_": " ", "landslides": null, "report": " ", "width": 3, "infrastruc": "Road", "damsbarrag": null, "livestockd": null, "nh_sh_loca": "Damcherra-Hmunpui junction road section along Jampui hill range", "livestocki": null, "date": null, "joint": null, "ls_area": 27, "geoscienti": "Steep slope due to extensive cut slope", "landslided": null, "roadsaff_1": null, "landslidec": null, "source": null, "photos": " ", "date_acc": null, "geology1": "", "rmr": null, "contactaff": null, "reactiva_2": 0, "landuselan": null, "reactiva_1": 0, "roadblocke": null, "longitude": 92.277639, "failure_me": "Shallow translational failure", "toposheet": "84D08", "roadsaffec": null, "usertype": null, "contactnam": null, "housesbu_1": null, "id_lan": null, "movement_t": "Slide", "image_land": " ", "class_numb": null, "othersaffe": null, "slopegeome": null, "people_aff": " ", "contactmob": null, "movement_r": "Rapid", "peopleinju": null, "rejected_r": null, "district": "North Tripura", "slide_name": " ", "pre_remedi": "retaining wall", "runoutdist": null, "otherinfom": null, "roadbenche": null, "failuremec": null, "geology": "Sandstone", "contactema": null, "material_t": "Debris", "bedding": null, "humancause": null, "initiation": 2015, "alert": " ", "exactdatei": null, "dataupda_1": null, "geo_acc": null, "realignmen": null, "village": null, "initiati_1": 2015, "duration_o": null, "citation": "Santosh PK et al., 2016. Macro-scale (1:50,000) landslide susceptibility Mapping in parts of toposheets no. 79M/13, 14, 83D/4, 8, 84A/1, 2, 5, 6, North Tripura and Dhalai districts, Tripura. Unpub. GSI report of FS 2015-2016.", "subdivisio": null, "damsbarr_1": null, "length": 9, "volumeinme": null, "slide_none": null, "railwaylin": null, "remedial_1": null, "structure": " ", "railwayben": null, "ls_volume": 27, "peopledead": null, "runout_dis": 0, "rainfallin": null, "drainage": null, "heightinme": null, "objectid": 292, "remarks": " ", "internalsl": null, "remedialno": null}}, {"geometry": {"type": "Point", "coordinates": [92.28336100000007, 23.896806000000026], "crs": null}, "id": 1031, "type": "Feature", "properties": {"materialin": null, "oldslide_n": null, "otherlandu": null, "geological": null, "id_project": null, "dataupdate": null, "locationde": null, "communicat": " ", "u_long": null, "class_type": null, "amount_of_": null, "date_and_t": null, "id": null, "state": "Tripura", "landuse_la": "Moderate vegetation", "reviewed_d": null, "height": 12, "movementty": null, "persons_de": " ", "remedialot": null, "datetimety": null, "vulnerabil": null, "reactivati": 0, "slide_no": "TR/NTR/84A05/2015/33", "report_lan": " ", "reviewed_t": null, "datacrea_1": null, "inducingfa": null, "tocken": null, "check_stat": null, "retainings": null, "morphologi": null, "areainsqme": null, "powerinfra": null, "style": "Single", "housesbuil": null, "weatheredm": null, "status": null, "causesothe": null, "history_da": null, "activity": "Active", "latitude": 23.896806, "globalid": "{0BCFFFB6-16B7-4027-8BDC-3803647D41D9}", "u_lat": null, "movementra": null, "depthinmet": null, "landuse_af": " ", "preliminar": null, "hydrologic": "Wet", "lengthinme": null, "railwayl_1": null, "distributi": "Advancing", "widthinmet": null, "landslid_2": null, "gsi_user": null, "landslid_3": null, "abstract": " ", "landslid_1": null, "toposheet_": null, "datacreate": null, "geomorphol": "Highly dissected hill", "landslid_4": null, "impactorda": null, "triggering": "Rainfall", "landslidep": null, "depth": 1, "landslidet": null, "livestock_": " ", "landslides": null, "report": " ", "width": 6, "infrastruc": " ", "damsbarrag": null, "livestockd": null, "nh_sh_loca": "W of Tharmapara", "livestocki": null, "date": null, "joint": null, "ls_area": 90, "geoscienti": "Steep slope", "landslided": null, "roadsaff_1": null, "landslidec": null, "source": null, "photos": " ", "date_acc": null, "geology1": "", "rmr": null, "contactaff": null, "reactiva_2": 0, "landuselan": null, "reactiva_1": 0, "roadblocke": null, "longitude": 92.283361, "failure_me": "Shallow translational failure", "toposheet": "84A05", "roadsaffec": null, "usertype": null, "contactnam": null, "housesbu_1": null, "id_lan": null, "movement_t": "Slide", "image_land": " ", "class_numb": null, "othersaffe": null, "slopegeome": null, "people_aff": " ", "contactmob": null, "movement_r": "Rapid", "peopleinju": null, "rejected_r": null, "district": "North Tripura", "slide_name": " ", "pre_remedi": "maintain proper drainage", "runoutdist": null, "otherinfom": null, "roadbenche": null, "failuremec": null, "geology": "Sandstone-siltstone", "contactema": null, "material_t": "Debris", "bedding": null, "humancause": null, "initiation": 0, "alert": " ", "exactdatei": null, "dataupda_1": null, "geo_acc": null, "realignmen": null, "village": null, "initiati_1": 0, "duration_o": null, "citation": "Santosh PK et al., 2016. Macro-scale (1:50,000) landslide susceptibility Mapping in parts of toposheets no. 79M/13, 14, 83D/4, 8, 84A/1, 2, 5, 6, North Tripura and Dhalai districts, Tripura. Unpub. GSI report of FS 2015-2016.", "subdivisio": null, "damsbarr_1": null, "length": 15, "volumeinme": null, "slide_none": null, "railwaylin": null, "remedial_1": null, "structure": " ", "railwayben": null, "ls_volume": 90, "peopledead": null, "runout_dis": 15, "rainfallin": null, "drainage": null, "heightinme": null, "objectid": 1031, "remarks": " ", "internalsl": null, "remedialno": null}}, {"geometry": {"type": "Point", "coordinates": [92.02338900000007, 23.82827800000007], "crs": null}, "id": 1065, "type": "Feature", "properties": {"materialin": null, "oldslide_n": null, "otherlandu": null, "geological": null, "id_project": null, "dataupdate": null, "locationde": null, "communicat": " ", "u_long": null, "class_type": null, "amount_of_": null, "date_and_t": null, "id": null, "state": "Tripura", "landuse_la": " Thick vegetation", "reviewed_d": null, "height": 10, "movementty": null, "persons_de": " ", "remedialot": null, "datetimety": null, "vulnerabil": null, "reactivati": 0, "slide_no": "TR/DHA/84A01/2015/20", "report_lan": " ", "reviewed_t": null, "datacrea_1": null, "inducingfa": null, "tocken": null, "check_stat": null, "retainings": null, "morphologi": null, "areainsqme": null, "powerinfra": null, "style": "Single", "housesbuil": null, "weatheredm": null, "status": null, "causesothe": null, "history_da": null, "activity": "Active", "latitude": 23.828278, "globalid": "{9932C7B9-1935-4635-9E7B-76F2C24B5D80}", "u_lat": null, "movementra": null, "depthinmet": null, "landuse_af": " ", "preliminar": null, "hydrologic": "Dry", "lengthinme": null, "railwayl_1": null, "distributi": "Confined", "widthinmet": null, "landslid_2": null, "gsi_user": null, "landslid_3": null, "abstract": " ", "landslid_1": null, "toposheet_": null, "datacreate": null, "geomorphol": "Moderately dissected hill", "landslid_4": null, "impactorda": null, "triggering": "Rainfall", "landslidep": null, "depth": 1, "landslidet": null, "livestock_": " ", "landslides": null, "report": " ", "width": 8, "infrastruc": "Road", "damsbarrag": null, "livestockd": null, "nh_sh_loca": "Near Khakching kami TSR camp", "livestocki": null, "date": null, "joint": null, "ls_area": 104, "geoscienti": "Slope modification", "landslided": null, "roadsaff_1": null, "landslidec": null, "source": null, "photos": " ", "date_acc": null, "geology1": "", "rmr": null, "contactaff": null, "reactiva_2": 0, "landuselan": null, "reactiva_1": 0, "roadblocke": null, "longitude": 92.023389, "failure_me": "Shallow translational failure", "toposheet": "84A01", "roadsaffec": null, "usertype": null, "contactnam": null, "housesbu_1": null, "id_lan": null, "movement_t": "Slide", "image_land": " ", "class_numb": null, "othersaffe": null, "slopegeome": null, "people_aff": " ", "contactmob": null, "movement_r": "Rapid", "peopleinju": null, "rejected_r": null, "district": "Dhalai", "slide_name": " ", "pre_remedi": "Retaining wall", "runoutdist": null, "otherinfom": null, "roadbenche": null, "failuremec": null, "geology": "Sandstone, friable, highly weathered", "contactema": null, "material_t": "Debris", "bedding": null, "humancause": null, "initiation": 2015, "alert": " ", "exactdatei": null, "dataupda_1": null, "geo_acc": null, "realignmen": null, "village": null, "initiati_1": 2015, "duration_o": null, "citation": "Santosh PK et al., 2016. Macro-scale (1:50,000) landslide susceptibility Mapping in parts of toposheets no. 79M/13, 14, 83D/4, 8, 84A/1, 2, 5, 6, North Tripura and Dhalai districts, Tripura. Unpub. GSI report of FS 2015-2016.", "subdivisio": null, "damsbarr_1": null, "length": 13, "volumeinme": null, "slide_none": null, "railwaylin": null, "remedial_1": null, "structure": " ", "railwayben": null, "ls_volume": 104, "peopledead": null, "runout_dis": 0, "rainfallin": null, "drainage": null, "heightinme": null, "objectid": 1065, "remarks": " ", "internalsl": null, "remedialno": null}}, {"geometry": {"type": "Point", "coordinates": [92.27252800000008, 23.890278000000023], "crs": null}, "id": 1871, "type": "Feature", "properties": {"materialin": null, "oldslide_n": null, "otherlandu": null, "geological": null, "id_project": null, "dataupdate": null, "locationde": null, "communicat": " ", "u_long": null, "class_type": null, "amount_of_": null, "date_and_t": null, "id": null, "state": "Tripura", "landuse_la": " Thick vegetation", "reviewed_d": null, "height": 8, "movementty": null, "persons_de": " ", "remedialot": null, "datetimety": null, "vulnerabil": null, "reactivati": 0, "slide_no": "TR/NTR/84A05/2015/25", "report_lan": " ", "reviewed_t": null, "datacrea_1": null, "inducingfa": null, "tocken": null, "check_stat": null, "retainings": null, "morphologi": null, "areainsqme": null, "powerinfra": null, "style": "Single", "housesbuil": null, "weatheredm": null, "status": null, "causesothe": null, "history_da": null, "activity": "Active", "latitude": 23.890278, "globalid": "{3F63C809-BDC6-4187-8A5F-7CBEBCAC3E59}", "u_lat": null, "movementra": null, "depthinmet": null, "landuse_af": " ", "preliminar": null, "hydrologic": "Dry", "lengthinme": null, "railwayl_1": null, "distributi": "Enlarging", "widthinmet": null, "landslid_2": null, "gsi_user": null, "landslid_3": null, "abstract": " ", "landslid_1": null, "toposheet_": null, "datacreate": null, "geomorphol": "Moderately dissected hill", "landslid_4": null, "impactorda": null, "triggering": "Rainfall", "landslidep": null, "depth": 1, "landslidet": null, "livestock_": " ", "landslides": null, "report": " ", "width": 15, "infrastruc": " ", "damsbarrag": null, "livestockd": null, "nh_sh_loca": "N of Sabual", "livestocki": null, "date": null, "joint": null, "ls_area": 150, "geoscienti": "Slope modification", "landslided": null, "roadsaff_1": null, "landslidec": null, "source": null, "photos": " ", "date_acc": null, "geology1": "", "rmr": null, "contactaff": null, "reactiva_2": 0, "landuselan": null, "reactiva_1": 0, "roadblocke": null, "longitude": 92.272528, "failure_me": "Shallow translational failure", "toposheet": "84A05", "roadsaffec": null, "usertype": null, "contactnam": null, "housesbu_1": null, "id_lan": null, "movement_t": "Slide", "image_land": " ", "class_numb": null, "othersaffe": null, "slopegeome": null, "people_aff": " ", "contactmob": null, "movement_r": "Rapid", "peopleinju": null, "rejected_r": null, "district": "North Tripura", "slide_name": " ", "pre_remedi": "maintain proper drainage", "runoutdist": null, "otherinfom": null, "roadbenche": null, "failuremec": null, "geology": "Sandstone-siltstone", "contactema": null, "material_t": "Debris", "bedding": null, "humancause": null, "initiation": 2015, "alert": " ", "exactdatei": null, "dataupda_1": null, "geo_acc": null, "realignmen": null, "village": null, "initiati_1": 2015, "duration_o": null, "citation": "Santosh PK et al., 2016. Macro-scale (1:50,000) landslide susceptibility Mapping in parts of toposheets no. 79M/13, 14, 83D/4, 8, 84A/1, 2, 5, 6, North Tripura and Dhalai districts, Tripura. Unpub. GSI report of FS 2015-2016.", "subdivisio": null, "damsbarr_1": null, "length": 10, "volumeinme": null, "slide_none": null, "railwaylin": null, "remedial_1": null, "structure": " ", "railwayben": null, "ls_volume": 150, "peopledead": null, "runout_dis": 0, "rainfallin": null, "drainage": null, "heightinme": null, "objectid": 1871, "remarks": " ", "internalsl": null, "remedialno": null}}, {"geometry": {"type": "Point", "coordinates": [92.12041700000003, 23.805528000000038], "crs": null}, "id": 2020, "type": "Feature", "properties": {"materialin": null, "oldslide_n": null, "otherlandu": null, "geological": null, "id_project": null, "dataupdate": null, "locationde": null, "communicat": " ", "u_long": null, "class_type": null, "amount_of_": null, "date_and_t": null, "id": null, "state": "Tripura", "landuse_la": " Thick vegetation", "reviewed_d": null, "height": 12, "movementty": null, "persons_de": " ", "remedialot": null, "datetimety": null, "vulnerabil": null, "reactivati": 0, "slide_no": "TR/DHA/84A01/2015/38", "report_lan": " ", "reviewed_t": null, "datacrea_1": null, "inducingfa": null, "tocken": null, "check_stat": null, "retainings": null, "morphologi": null, "areainsqme": null, "powerinfra": null, "style": "Single", "housesbuil": null, "weatheredm": null, "status": null, "causesothe": null, "history_da": null, "activity": "Active", "latitude": 23.805528, "globalid": "{99CD4D13-A2BE-4C56-BFB5-8CA5FAB9B5A3}", "u_lat": null, "movementra": null, "depthinmet": null, "landuse_af": " ", "preliminar": null, "hydrologic": "Dry", "lengthinme": null, "railwayl_1": null, "distributi": "Confined", "widthinmet": null, "landslid_2": null, "gsi_user": null, "landslid_3": null, "abstract": " ", "landslid_1": null, "toposheet_": null, "datacreate": null, "geomorphol": "Moderately dissected hill", "landslid_4": null, "impactorda": null, "triggering": "Rainfall", "landslidep": null, "depth": 1, "landslidet": null, "livestock_": " ", "landslides": null, "report": " ", "width": 10, "infrastruc": " ", "damsbarrag": null, "livestockd": null, "nh_sh_loca": "towards Purnadapara", "livestocki": null, "date": null, "joint": null, "ls_area": 150, "geoscienti": "toe cutting for road", "landslided": null, "roadsaff_1": null, "landslidec": null, "source": null, "photos": " ", "date_acc": null, "geology1": "", "rmr": null, "contactaff": null, "reactiva_2": 0, "landuselan": null, "reactiva_1": 0, "roadblocke": null, "longitude": 92.120417, "failure_me": "Shallow translational failure", "toposheet": "84A01", "roadsaffec": null, "usertype": null, "contactnam": null, "housesbu_1": null, "id_lan": null, "movement_t": "Slide", "image_land": " ", "class_numb": null, "othersaffe": null, "slopegeome": null, "people_aff": " ", "contactmob": null, "movement_r": "Rapid", "peopleinju": null, "rejected_r": null, "district": "Dhalai", "slide_name": " ", "pre_remedi": "maintain proper drainage", "runoutdist": null, "otherinfom": null, "roadbenche": null, "failuremec": null, "geology": "Sandstone and shale", "contactema": null, "material_t": "Debris", "bedding": null, "humancause": null, "initiation": 2015, "alert": " ", "exactdatei": null, "dataupda_1": null, "geo_acc": null, "realignmen": null, "village": null, "initiati_1": 2015, "duration_o": null, "citation": "Santosh PK et al., 2016. Macro-scale (1:50,000) landslide susceptibility Mapping in parts of toposheets no. 79M/13, 14, 83D/4, 8, 84A/1, 2, 5, 6, North Tripura and Dhalai districts, Tripura. Unpub. GSI report of FS 2015-2016.", "subdivisio": null, "damsbarr_1": null, "length": 15, "volumeinme": null, "slide_none": null, "railwaylin": null, "remedial_1": null, "structure": " ", "railwayben": null, "ls_volume": 150, "peopledead": null, "runout_dis": 0, "rainfallin": null, "drainage": null, "heightinme": null, "objectid": 2020, "remarks": " ", "internalsl": null, "remedialno": null}}, {"geometry": {"type": "Point", "coordinates": [92.26838900000007, 24.165583000000026], "crs": null}, "id": 2162, "type": "Feature", "properties": {"materialin": null, "oldslide_n": null, "otherlandu": null, "geological": null, "id_project": null, "dataupdate": null, "locationde": null, "communicat": " ", "u_long": null, "class_type": null, "amount_of_": null, "date_and_t": null, "id": null, "state": "Tripura", "landuse_la": " Thick vegetation", "reviewed_d": null, "height": 7, "movementty": null, "persons_de": " ", "remedialot": null, "datetimety": null, "vulnerabil": null, "reactivati": 0, "slide_no": "TR/NTR/84D08/2015/46", "report_lan": " ", "reviewed_t": null, "datacrea_1": null, "inducingfa": null, "tocken": null, "check_stat": null, "retainings": null, "morphologi": null, "areainsqme": null, "powerinfra": null, "style": "Single", "housesbuil": null, "weatheredm": null, "status": null, "causesothe": null, "history_da": null, "activity": "Active", "latitude": 24.165583, "globalid": "{DA455147-069A-441E-B46C-64842CCBCA68}", "u_lat": null, "movementra": null, "depthinmet": null, "landuse_af": " ", "preliminar": null, "hydrologic": "Dry", "lengthinme": null, "railwayl_1": null, "distributi": "Confined", "widthinmet": null, "landslid_2": null, "gsi_user": null, "landslid_3": null, "abstract": " ", "landslid_1": null, "toposheet_": null, "datacreate": null, "geomorphol": "Highly dissected hill", "landslid_4": null, "impactorda": null, "triggering": "Rainfall", "landslidep": null, "depth": 1, "landslidet": null, "livestock_": " ", "landslides": null, "report": " ", "width": 5, "infrastruc": "Road", "damsbarrag": null, "livestockd": null, "nh_sh_loca": "Thumcharaipara road section", "livestocki": null, "date": null, "joint": null, "ls_area": 40, "geoscienti": "Steep slope due to extensive cut slope", "landslided": null, "roadsaff_1": null, "landslidec": null, "source": null, "photos": " ", "date_acc": null, "geology1": "", "rmr": null, "contactaff": null, "reactiva_2": 0, "landuselan": null, "reactiva_1": 0, "roadblocke": null, "longitude": 92.268389, "failure_me": "Shallow translational failure", "toposheet": "84D08", "roadsaffec": null, "usertype": null, "contactnam": null, "housesbu_1": null, "id_lan": null, "movement_t": "Slide", "image_land": " ", "class_numb": null, "othersaffe": null, "slopegeome": null, "people_aff": " ", "contactmob": null, "movement_r": "Rapid", "peopleinju": null, "rejected_r": null, "district": "North Tripura", "slide_name": " ", "pre_remedi": "maintain proper drainage", "runoutdist": null, "otherinfom": null, "roadbenche": null, "failuremec": null, "geology": "Fine grained sst with thinly bedded siltstone", "contactema": null, "material_t": "Debris", "bedding": null, "humancause": null, "initiation": 2015, "alert": " ", "exactdatei": null, "dataupda_1": null, "geo_acc": null, "realignmen": null, "village": null, "initiati_1": 2015, "duration_o": null, "citation": "Santosh PK et al., 2016. Macro-scale (1:50,000) landslide susceptibility Mapping in parts of toposheets no. 79M/13, 14, 83D/4, 8, 84A/1, 2, 5, 6, North Tripura and Dhalai districts, Tripura. Unpub. GSI report of FS 2015-2016.", "subdivisio": null, "damsbarr_1": null, "length": 8, "volumeinme": null, "slide_none": null, "railwaylin": null, "remedial_1": null, "structure": " ", "railwayben": null, "ls_volume": 40, "peopledead": null, "runout_dis": 0, "rainfallin": null, "drainage": null, "heightinme": null, "objectid": 2162, "remarks": " ", "internalsl": null, "remedialno": null}}, {"geometry": {"type": "Point", "coordinates": [92.12583300000006, 23.793444000000022], "crs": null}, "id": 2280, "type": "Feature", "properties": {"materialin": null, "oldslide_n": null, "otherlandu": null, "geological": null, "id_project": null, "dataupdate": null, "locationde": null, "communicat": " ", "u_long": null, "class_type": null, "amount_of_": null, "date_and_t": null, "id": null, "state": "Tripura", "landuse_la": "Moderate vegetation", "reviewed_d": null, "height": 7, "movementty": null, "persons_de": " ", "remedialot": null, "datetimety": null, "vulnerabil": null, "reactivati": 0, "slide_no": "TR/DHA/84A01/2015/23", "report_lan": " ", "reviewed_t": null, "datacrea_1": null, "inducingfa": null, "tocken": null, "check_stat": null, "retainings": null, "morphologi": null, "areainsqme": null, "powerinfra": null, "style": "Single", "housesbuil": null, "weatheredm": null, "status": null, "causesothe": null, "history_da": null, "activity": "Active", "latitude": 23.793444, "globalid": "{4913B02E-860F-4582-BD46-CCB5BC99B4C1}", "u_lat": null, "movementra": null, "depthinmet": null, "landuse_af": " ", "preliminar": null, "hydrologic": "Wet", "lengthinme": null, "railwayl_1": null, "distributi": "Widening", "widthinmet": null, "landslid_2": null, "gsi_user": null, "landslid_3": null, "abstract": " ", "landslid_1": null, "toposheet_": null, "datacreate": null, "geomorphol": "Moderately dissected hill", "landslid_4": null, "impactorda": null, "triggering": "Rainfall", "landslidep": null, "depth": 1, "landslidet": null, "livestock_": " ", "landslides": null, "report": " ", "width": 8, "infrastruc": "Road", "damsbarrag": null, "livestockd": null, "nh_sh_loca": "Purnadapara", "livestocki": null, "date": null, "joint": null, "ls_area": 80, "geoscienti": "Toe cutting for road, slope modification, rainfall", "landslided": null, "roadsaff_1": null, "landslidec": null, "source": null, "photos": " ", "date_acc": null, "geology1": "", "rmr": null, "contactaff": null, "reactiva_2": 0, "landuselan": null, "reactiva_1": 0, "roadblocke": null, "longitude": 92.125833, "failure_me": "Shallow translational failure", "toposheet": "84A01", "roadsaffec": null, "usertype": null, "contactnam": null, "housesbu_1": null, "id_lan": null, "movement_t": "Slide", "image_land": " ", "class_numb": null, "othersaffe": null, "slopegeome": null, "people_aff": " ", "contactmob": null, "movement_r": "Rapid", "peopleinju": null, "rejected_r": null, "district": "Dhalai", "slide_name": "Eastern slope", "pre_remedi": "maintain proper drainage", "runoutdist": null, "otherinfom": null, "roadbenche": null, "failuremec": null, "geology": "Shale-siltstone with sandstone", "contactema": null, "material_t": "Debris", "bedding": null, "humancause": null, "initiation": 2015, "alert": " ", "exactdatei": null, "dataupda_1": null, "geo_acc": null, "realignmen": null, "village": null, "initiati_1": 2015, "duration_o": null, "citation": "Santosh PK et al., 2016. Macro-scale (1:50,000) landslide susceptibility Mapping in parts of toposheets no. 79M/13, 14, 83D/4, 8, 84A/1, 2, 5, 6, North Tripura and Dhalai districts, Tripura. Unpub. GSI report of FS 2015-2016.", "subdivisio": null, "damsbarr_1": null, "length": 10, "volumeinme": null, "slide_none": null, "railwaylin": null, "remedial_1": null, "structure": "S0 = NS/63o w", "railwayben": null, "ls_volume": 80, "peopledead": null, "runout_dis": 20, "rainfallin": null, "drainage": null, "heightinme": null, "objectid": 2280, "remarks": " ", "internalsl": null, "remedialno": null}}, {"geometry": {"type": "Point", "coordinates": [92.31916700000005, 24.139861000000053], "crs": null}, "id": 2454, "type": "Feature", "properties": {"materialin": null, "oldslide_n": null, "otherlandu": null, "geological": null, "id_project": null, "dataupdate": null, "locationde": null, "communicat": " ", "u_long": null, "class_type": null, "amount_of_": null, "date_and_t": null, "id": null, "state": "Tripura", "landuse_la": "Moderate vegetation", "reviewed_d": null, "height": 7, "movementty": null, "persons_de": " ", "remedialot": null, "datetimety": null, "vulnerabil": null, "reactivati": 0, "slide_no": "TR/NTR/84D08/2015/8", "report_lan": " ", "reviewed_t": null, "datacrea_1": null, "inducingfa": null, "tocken": null, "check_stat": null, "retainings": null, "morphologi": null, "areainsqme": null, "powerinfra": null, "style": "Single", "housesbuil": null, "weatheredm": null, "status": null, "causesothe": null, "history_da": null, "activity": "Active", "latitude": 24.139861, "globalid": "{8A904B4B-48E3-4A45-824D-76D0E1904C23}", "u_lat": null, "movementra": null, "depthinmet": null, "landuse_af": " ", "preliminar": null, "hydrologic": "Dry", "lengthinme": null, "railwayl_1": null, "distributi": "Widening", "widthinmet": null, "landslid_2": null, "gsi_user": null, "landslid_3": null, "abstract": " ", "landslid_1": null, "toposheet_": null, "datacreate": null, "geomorphol": "Moderately dissected hill", "landslid_4": null, "impactorda": null, "triggering": "Rainfall", "landslidep": null, "depth": 1, "landslidet": null, "livestock_": " ", "landslides": null, "report": " ", "width": 5, "infrastruc": " ", "damsbarrag": null, "livestockd": null, "nh_sh_loca": "~2 km S of Bahadurpara", "livestocki": null, "date": null, "joint": null, "ls_area": 45, "geoscienti": "Excessive gully erosion during monsoon", "landslided": null, "roadsaff_1": null, "landslidec": null, "source": null, "photos": " ", "date_acc": null, "geology1": "", "rmr": null, "contactaff": null, "reactiva_2": 0, "landuselan": null, "reactiva_1": 0, "roadblocke": null, "longitude": 92.319167, "failure_me": "Shallow translational failure", "toposheet": "84D08", "roadsaffec": null, "usertype": null, "contactnam": null, "housesbu_1": null, "id_lan": null, "movement_t": "Slide", "image_land": " ", "class_numb": null, "othersaffe": null, "slopegeome": null, "people_aff": " ", "contactmob": null, "movement_r": "Rapid", "peopleinju": null, "rejected_r": null, "district": "North Tripura", "slide_name": " ", "pre_remedi": "maintaining  proper drainage system such as concrete drainage to check the erosion", "runoutdist": null, "otherinfom": null, "roadbenche": null, "failuremec": null, "geology": "Sandstone", "contactema": null, "material_t": "Debris", "bedding": null, "humancause": null, "initiation": 2015, "alert": " ", "exactdatei": null, "dataupda_1": null, "geo_acc": null, "realignmen": null, "village": null, "initiati_1": 2015, "duration_o": null, "citation": "Santosh PK et al., 2016. Macro-scale (1:50,000) landslide susceptibility Mapping in parts of toposheets no. 79M/13, 14, 83D/4, 8, 84A/1, 2, 5, 6, North Tripura and Dhalai districts, Tripura. Unpub. GSI report of FS 2015-2016.", "subdivisio": null, "damsbarr_1": null, "length": 9, "volumeinme": null, "slide_none": null, "railwaylin": null, "remedial_1": null, "structure": " ", "railwayben": null, "ls_volume": 45, "peopledead": null, "runout_dis": 0, "rainfallin": null, "drainage": null, "heightinme": null, "objectid": 2454, "remarks": " ", "internalsl": null, "remedialno": null}}, {"geometry": {"type": "Point", "coordinates": [92.29169400000006, 24.07116700000006], "crs": null}, "id": 2633, "type": "Feature", "properties": {"materialin": null, "oldslide_n": null, "otherlandu": null, "geological": null, "id_project": null, "dataupdate": null, "locationde": null, "communicat": " ", "u_long": null, "class_type": null, "amount_of_": null, "date_and_t": null, "id": null, "state": "Tripura", "landuse_la": " Thick vegetation", "reviewed_d": null, "height": 14, "movementty": null, "persons_de": " ", "remedialot": null, "datetimety": null, "vulnerabil": null, "reactivati": 0, "slide_no": "TR/NTR/84D08/2015/52", "report_lan": " ", "reviewed_t": null, "datacrea_1": null, "inducingfa": null, "tocken": null, "check_stat": null, "retainings": null, "morphologi": null, "areainsqme": null, "powerinfra": null, "style": "Single", "housesbuil": null, "weatheredm": null, "status": null, "causesothe": null, "history_da": null, "activity": "Active", "latitude": 24.071167, "globalid": "{013870A0-DADE-421B-9CF9-37D58395F246}", "u_lat": null, "movementra": null, "depthinmet": null, "landuse_af": " ", "preliminar": null, "hydrologic": "Dry", "lengthinme": null, "railwayl_1": null, "distributi": "Advancing", "widthinmet": null, "landslid_2": null, "gsi_user": null, "landslid_3": null, "abstract": " ", "landslid_1": null, "toposheet_": null, "datacreate": null, "geomorphol": "Highly dissected hill", "landslid_4": null, "impactorda": null, "triggering": "Rainfall", "landslidep": null, "depth": 1, "landslidet": null, "livestock_": " ", "landslides": null, "report": " ", "width": 7, "infrastruc": "Road", "damsbarrag": null, "livestockd": null, "nh_sh_loca": "Hmunpui-Kedacherra new road section", "livestocki": null, "date": null, "joint": null, "ls_area": 126, "geoscienti": "Slope modification", "landslided": null, "roadsaff_1": null, "landslidec": null, "source": null, "photos": " ", "date_acc": null, "geology1": "", "rmr": null, "contactaff": null, "reactiva_2": 0, "landuselan": null, "reactiva_1": 0, "roadblocke": null, "longitude": 92.291694, "failure_me": "Shallow translational failure", "toposheet": "84D08", "roadsaffec": null, "usertype": null, "contactnam": null, "housesbu_1": null, "id_lan": null, "movement_t": "Slide", "image_land": " ", "class_numb": null, "othersaffe": null, "slopegeome": null, "people_aff": " ", "contactmob": null, "movement_r": "Rapid", "peopleinju": null, "rejected_r": null, "district": "North Tripura", "slide_name": " ", "pre_remedi": "maintain proper drainage", "runoutdist": null, "otherinfom": null, "roadbenche": null, "failuremec": null, "geology": "Friable sanstone with shale parting and siltstone", "contactema": null, "material_t": "Debris", "bedding": null, "humancause": null, "initiation": 2015, "alert": " ", "exactdatei": null, "dataupda_1": null, "geo_acc": null, "realignmen": null, "village": null, "initiati_1": 2015, "duration_o": null, "citation": "Santosh PK et al., 2016. Macro-scale (1:50,000) landslide susceptibility Mapping in parts of toposheets no. 79M/13, 14, 83D/4, 8, 84A/1, 2, 5, 6, North Tripura and Dhalai districts, Tripura. Unpub. GSI report of FS 2015-2016.", "subdivisio": null, "damsbarr_1": null, "length": 18, "volumeinme": null, "slide_none": null, "railwaylin": null, "remedial_1": null, "structure": " ", "railwayben": null, "ls_volume": 126, "peopledead": null, "runout_dis": 0, "rainfallin": null, "drainage": null, "heightinme": null, "objectid": 2633, "remarks": " ", "internalsl": null, "remedialno": null}}, {"geometry": {"type": "Point", "coordinates": [92.27638900000005, 24.106444000000067], "crs": null}, "id": 3139, "type": "Feature", "properties": {"materialin": null, "oldslide_n": null, "otherlandu": null, "geological": null, "id_project": null, "dataupdate": null, "locationde": null, "communicat": " ", "u_long": null, "class_type": null, "amount_of_": null, "date_and_t": null, "id": null, "state": "Tripura", "landuse_la": " Thick vegetation", "reviewed_d": null, "height": 10, "movementty": null, "persons_de": " ", "remedialot": null, "datetimety": null, "vulnerabil": null, "reactivati": 0, "slide_no": "TR/NTR/84D08/2015/45", "report_lan": " ", "reviewed_t": null, "datacrea_1": null, "inducingfa": null, "tocken": null, "check_stat": null, "retainings": null, "morphologi": null, "areainsqme": null, "powerinfra": null, "style": "Single", "housesbuil": null, "weatheredm": null, "status": null, "causesothe": null, "history_da": null, "activity": "Active", "latitude": 24.106444, "globalid": "{02E1D0BC-404D-43B1-BDAC-7157B41D9576}", "u_lat": null, "movementra": null, "depthinmet": null, "landuse_af": " ", "preliminar": null, "hydrologic": "Dry", "lengthinme": null, "railwayl_1": null, "distributi": "Confined", "widthinmet": null, "landslid_2": null, "gsi_user": null, "landslid_3": null, "abstract": " ", "landslid_1": null, "toposheet_": null, "datacreate": null, "geomorphol": "Highly dissected hill", "landslid_4": null, "impactorda": null, "triggering": "Rainfall", "landslidep": null, "depth": 1, "landslidet": null, "livestock_": " ", "landslides": null, "report": " ", "width": 8, "infrastruc": "Road", "damsbarrag": null, "livestockd": null, "nh_sh_loca": "Vaisam-Hmunpui junction road section", "livestocki": null, "date": null, "joint": null, "ls_area": 88, "geoscienti": "Oversaturation of the slope materials", "landslided": null, "roadsaff_1": null, "landslidec": null, "source": null, "photos": " ", "date_acc": null, "geology1": "", "rmr": null, "contactaff": null, "reactiva_2": 0, "landuselan": null, "reactiva_1": 0, "roadblocke": null, "longitude": 92.276389, "failure_me": "Shallow translational failure", "toposheet": "84D08", "roadsaffec": null, "usertype": null, "contactnam": null, "housesbu_1": null, "id_lan": null, "movement_t": "Slide", "image_land": " ", "class_numb": null, "othersaffe": null, "slopegeome": null, "people_aff": " ", "contactmob": null, "movement_r": "Rapid", "peopleinju": null, "rejected_r": null, "district": "North Tripura", "slide_name": " ", "pre_remedi": "remove the over hangs, diversion of rain water by maintaining  proper", "runoutdist": null, "otherinfom": null, "roadbenche": null, "failuremec": null, "geology": " ", "contactema": null, "material_t": "Debris", "bedding": null, "humancause": null, "initiation": 2015, "alert": " ", "exactdatei": null, "dataupda_1": null, "geo_acc": null, "realignmen": null, "village": null, "initiati_1": 2015, "duration_o": null, "citation": "Santosh PK et al., 2016. Macro-scale (1:50,000) landslide susceptibility Mapping in parts of toposheets no. 79M/13, 14, 83D/4, 8, 84A/1, 2, 5, 6, North Tripura and Dhalai districts, Tripura. Unpub. GSI report of FS 2015-2016.", "subdivisio": null, "damsbarr_1": null, "length": 11, "volumeinme": null, "slide_none": null, "railwaylin": null, "remedial_1": null, "structure": " ", "railwayben": null, "ls_volume": 88, "peopledead": null, "runout_dis": 0, "rainfallin": null, "drainage": null, "heightinme": null, "objectid": 3139, "remarks": " ", "internalsl": null, "remedialno": null}}, {"geometry": {"type": "Point", "coordinates": [92.25811100000004, 24.212361000000044], "crs": null}, "id": 5055, "type": "Feature", "properties": {"materialin": null, "oldslide_n": null, "otherlandu": null, "geological": null, "id_project": null, "dataupdate": null, "locationde": null, "communicat": " ", "u_long": null, "class_type": null, "amount_of_": null, "date_and_t": null, "id": null, "state": "Tripura", "landuse_la": "Moderate vegetation", "reviewed_d": null, "height": 5, "movementty": null, "persons_de": " ", "remedialot": null, "datetimety": null, "vulnerabil": null, "reactivati": 0, "slide_no": "TR/DHA/84D08/2015/24", "report_lan": " ", "reviewed_t": null, "datacrea_1": null, "inducingfa": null, "tocken": null, "check_stat": null, "retainings": null, "morphologi": null, "areainsqme": null, "powerinfra": null, "style": "Single", "housesbuil": null, "weatheredm": null, "status": null, "causesothe": null, "history_da": null, "activity": "Active", "latitude": 24.212361, "globalid": "{23C8360F-0F2C-4A82-8840-30F53C878847}", "u_lat": null, "movementra": null, "depthinmet": null, "landuse_af": " ", "preliminar": null, "hydrologic": "Dry", "lengthinme": null, "railwayl_1": null, "distributi": "Confined", "widthinmet": null, "landslid_2": null, "gsi_user": null, "landslid_3": null, "abstract": " ", "landslid_1": null, "toposheet_": null, "datacreate": null, "geomorphol": " ", "landslid_4": null, "impactorda": null, "triggering": "Rainfall", "landslidep": null, "depth": 1, "landslidet": null, "livestock_": " ", "landslides": null, "report": " ", "width": 8, "infrastruc": " ", "damsbarrag": null, "livestockd": null, "nh_sh_loca": " ", "livestocki": null, "date": null, "joint": null, "ls_area": 56, "geoscienti": "Slope modification and highly weathered shale", "landslided": null, "roadsaff_1": null, "landslidec": null, "source": null, "photos": " ", "date_acc": null, "geology1": "", "rmr": null, "contactaff": null, "reactiva_2": 0, "landuselan": null, "reactiva_1": 0, "roadblocke": null, "longitude": 92.258111, "failure_me": "Shallow translational failure", "toposheet": "84D08", "roadsaffec": null, "usertype": null, "contactnam": null, "housesbu_1": null, "id_lan": null, "movement_t": "Slide", "image_land": " ", "class_numb": null, "othersaffe": null, "slopegeome": null, "people_aff": " ", "contactmob": null, "movement_r": "Rapid", "peopleinju": null, "rejected_r": null, "district": "Dhalai", "slide_name": " ", "pre_remedi": "maintain proper drainage", "runoutdist": null, "otherinfom": null, "roadbenche": null, "failuremec": null, "geology": "Shale", "contactema": null, "material_t": "Debris", "bedding": null, "humancause": null, "initiation": 2015, "alert": " ", "exactdatei": null, "dataupda_1": null, "geo_acc": null, "realignmen": null, "village": null, "initiati_1": 2015, "duration_o": null, "citation": "Santosh PK et al., 2016. Macro-scale (1:50,000) landslide susceptibility Mapping in parts of toposheets no. 79M/13, 14, 83D/4, 8, 84A/1, 2, 5, 6, North Tripura and Dhalai districts, Tripura. Unpub. GSI report of FS 2015-2016.", "subdivisio": null, "damsbarr_1": null, "length": 7, "volumeinme": null, "slide_none": null, "railwaylin": null, "remedial_1": null, "structure": " ", "railwayben": null, "ls_volume": 56, "peopledead": null, "runout_dis": 0, "rainfallin": null, "drainage": null, "heightinme": null, "objectid": 5055, "remarks": " ", "internalsl": null, "remedialno": null}}, {"geometry": {"type": "Point", "coordinates": [92.01436100000006, 23.69300000000004], "crs": null}, "id": 5260, "type": "Feature", "properties": {"materialin": null, "oldslide_n": null, "otherlandu": null, "geological": null, "id_project": null, "dataupdate": null, "locationde": null, "communicat": " ", "u_long": null, "class_type": null, "amount_of_": null, "date_and_t": null, "id": null, "state": "Tripura", "landuse_la": " Thick vegetation", "reviewed_d": null, "height": 15, "movementty": null, "persons_de": " ", "remedialot": null, "datetimety": null, "vulnerabil": null, "reactivati": 0, "slide_no": "TR/DHA/84A02/2015/2", "report_lan": " ", "reviewed_t": null, "datacrea_1": null, "inducingfa": null, "tocken": null, "check_stat": null, "retainings": null, "morphologi": null, "areainsqme": null, "powerinfra": null, "style": "Single", "housesbuil": null, "weatheredm": null, "status": null, "causesothe": null, "history_da": null, "activity": "Active", "latitude": 23.693, "globalid": "{3A2324B7-152C-4A44-A405-2BA3FFF32E86}", "u_lat": null, "movementra": null, "depthinmet": null, "landuse_af": " ", "preliminar": null, "hydrologic": "Dry", "lengthinme": null, "railwayl_1": null, "distributi": "Confined", "widthinmet": null, "landslid_2": null, "gsi_user": null, "landslid_3": null, "abstract": " ", "landslid_1": null, "toposheet_": null, "datacreate": null, "geomorphol": "Moderately dissected hill", "landslid_4": null, "impactorda": null, "triggering": "Rainfall", "landslidep": null, "depth": 1, "landslidet": null, "livestock_": " ", "landslides": null, "report": " ", "width": 40, "infrastruc": "Road block causing problem in supply of ration", "damsbarrag": null, "livestockd": null, "nh_sh_loca": "Near Ratiapara", "livestocki": null, "date": null, "joint": null, "ls_area": 800, "geoscienti": "Weathered material, joints and other weak planes", "landslided": null, "roadsaff_1": null, "landslidec": null, "source": null, "photos": " ", "date_acc": null, "geology1": "", "rmr": null, "contactaff": null, "reactiva_2": 0, "landuselan": null, "reactiva_1": 0, "roadblocke": null, "longitude": 92.014361, "failure_me": "Shallow translational failure", "toposheet": "84A02", "roadsaffec": null, "usertype": null, "contactnam": null, "housesbu_1": null, "id_lan": null, "movement_t": "Slide", "image_land": " ", "class_numb": null, "othersaffe": null, "slopegeome": null, "people_aff": " ", "contactmob": null, "movement_r": "Rapid", "peopleinju": null, "rejected_r": null, "district": "Dhalai", "slide_name": "Ratiapara slide", "pre_remedi": "maintain proper drainage and sealing of the joints or netting may be useful", "runoutdist": null, "otherinfom": null, "roadbenche": null, "failuremec": null, "geology": "Shale-sandstone-siltstone", "contactema": null, "material_t": "Debris", "bedding": null, "humancause": null, "initiation": 0, "alert": " ", "exactdatei": null, "dataupda_1": null, "geo_acc": null, "realignmen": null, "village": null, "initiati_1": 0, "duration_o": null, "citation": "Santosh PK et al., 2016. Macro-scale (1:50,000) landslide susceptibility Mapping in parts of toposheets no. 79M/13, 14, 83D/4, 8, 84A/1, 2, 5, 6, North Tripura and Dhalai districts, Tripura. Unpub. GSI report of FS 2015-2016.", "subdivisio": null, "damsbarr_1": null, "length": 20, "volumeinme": null, "slide_none": null, "railwaylin": null, "remedial_1": null, "structure": "NS/shallow dip easterly; jointed", "railwayben": null, "ls_volume": 800, "peopledead": null, "runout_dis": 10, "rainfallin": null, "drainage": null, "heightinme": null, "objectid": 5260, "remarks": " ", "internalsl": null, "remedialno": null}}, {"geometry": {"type": "Point", "coordinates": [92.01327800000007, 23.694139000000064], "crs": null}, "id": 5287, "type": "Feature", "properties": {"materialin": null, "oldslide_n": null, "otherlandu": null, "geological": null, "id_project": null, "dataupdate": null, "locationde": null, "communicat": " ", "u_long": null, "class_type": null, "amount_of_": null, "date_and_t": null, "id": null, "state": "Tripura", "landuse_la": " Thick vegetation", "reviewed_d": null, "height": 20, "movementty": null, "persons_de": " ", "remedialot": null, "datetimety": null, "vulnerabil": null, "reactivati": 0, "slide_no": "TR/DHA/84A02/2015/15", "report_lan": " ", "reviewed_t": null, "datacrea_1": null, "inducingfa": null, "tocken": null, "check_stat": null, "retainings": null, "morphologi": null, "areainsqme": null, "powerinfra": null, "style": "Single", "housesbuil": null, "weatheredm": null, "status": null, "causesothe": null, "history_da": null, "activity": "Active", "latitude": 23.694139, "globalid": "{6D5C0EE7-708F-4025-B407-CCD577CCD76D}", "u_lat": null, "movementra": null, "depthinmet": null, "landuse_af": " ", "preliminar": null, "hydrologic": "Dry", "lengthinme": null, "railwayl_1": null, "distributi": "Retrogressive", "widthinmet": null, "landslid_2": null, "gsi_user": null, "landslid_3": null, "abstract": " ", "landslid_1": null, "toposheet_": null, "datacreate": null, "geomorphol": "Moderately dissected hill", "landslid_4": null, "impactorda": null, "triggering": "Rainfall", "landslidep": null, "depth": 1, "landslidet": null, "livestock_": " ", "landslides": null, "report": " ", "width": 20, "infrastruc": " ", "damsbarrag": null, "livestockd": null, "nh_sh_loca": "Ratiapara BSF BOP", "livestocki": null, "date": null, "joint": null, "ls_area": 700, "geoscienti": "Oversaturation of the slope materials", "landslided": null, "roadsaff_1": null, "landslidec": null, "source": null, "photos": " ", "date_acc": null, "geology1": "", "rmr": null, "contactaff": null, "reactiva_2": 0, "landuselan": null, "reactiva_1": 0, "roadblocke": null, "longitude": 92.013278, "failure_me": "Shallow translational failure", "toposheet": "84A02", "roadsaffec": null, "usertype": null, "contactnam": null, "housesbu_1": null, "id_lan": null, "movement_t": "Slide", "image_land": " ", "class_numb": null, "othersaffe": null, "slopegeome": null, "people_aff": " ", "contactmob": null, "movement_r": "Rapid", "peopleinju": null, "rejected_r": null, "district": "Dhalai", "slide_name": " ", "pre_remedi": "diversion of rain water by maintaining  proper drainage", "runoutdist": null, "otherinfom": null, "roadbenche": null, "failuremec": null, "geology": "Shale and Sandstone", "contactema": null, "material_t": "Debris", "bedding": null, "humancause": null, "initiation": 2015, "alert": " ", "exactdatei": null, "dataupda_1": null, "geo_acc": null, "realignmen": null, "village": null, "initiati_1": 2015, "duration_o": null, "citation": "Santosh PK et al., 2016. Macro-scale (1:50,000) landslide susceptibility Mapping in parts of toposheets no. 79M/13, 14, 83D/4, 8, 84A/1, 2, 5, 6, North Tripura and Dhalai districts, Tripura. Unpub. GSI report of FS 2015-2016.", "subdivisio": null, "damsbarr_1": null, "length": 35, "volumeinme": null, "slide_none": null, "railwaylin": null, "remedial_1": null, "structure": " ", "railwayben": null, "ls_volume": 700, "peopledead": null, "runout_dis": 0, "rainfallin": null, "drainage": null, "heightinme": null, "objectid": 5287, "remarks": " ", "internalsl": null, "remedialno": null}}, {"geometry": {"type": "Point", "coordinates": [92.27125000000007, 23.914472000000046], "crs": null}, "id": 5450, "type": "Feature", "properties": {"materialin": null, "oldslide_n": null, "otherlandu": null, "geological": null, "id_project": null, "dataupdate": null, "locationde": null, "communicat": " ", "u_long": null, "class_type": null, "amount_of_": null, "date_and_t": null, "id": null, "state": "Tripura", "landuse_la": "Moderate vegetation", "reviewed_d": null, "height": 14, "movementty": null, "persons_de": " ", "remedialot": null, "datetimety": null, "vulnerabil": null, "reactivati": 0, "slide_no": "TR/NTR/84A05/2015/13", "report_lan": " ", "reviewed_t": null, "datacrea_1": null, "inducingfa": null, "tocken": null, "check_stat": null, "retainings": null, "morphologi": null, "areainsqme": null, "powerinfra": null, "style": "Single", "housesbuil": null, "weatheredm": null, "status": null, "causesothe": null, "history_da": null, "activity": "Active", "latitude": 23.914472, "globalid": "{218C927C-C715-4694-AAA3-45D46CD49B89}", "u_lat": null, "movementra": null, "depthinmet": null, "landuse_af": " ", "preliminar": null, "hydrologic": "Dry", "lengthinme": null, "railwayl_1": null, "distributi": "Widening", "widthinmet": null, "landslid_2": null, "gsi_user": null, "landslid_3": null, "abstract": " ", "landslid_1": null, "toposheet_": null, "datacreate": null, "geomorphol": "Moderately dissected hill", "landslid_4": null, "impactorda": null, "triggering": "Rainfall", "landslidep": null, "depth": 1, "landslidet": null, "livestock_": " ", "landslides": null, "report": " ", "width": 7, "infrastruc": " ", "damsbarrag": null, "livestockd": null, "nh_sh_loca": "Tlansang", "livestocki": null, "date": null, "joint": null, "ls_area": 126, "geoscienti": "Oversaturation of the slope materials", "landslided": null, "roadsaff_1": null, "landslidec": null, "source": null, "photos": " ", "date_acc": null, "geology1": "", "rmr": null, "contactaff": null, "reactiva_2": 0, "landuselan": null, "reactiva_1": 0, "roadblocke": null, "longitude": 92.27125, "failure_me": "Shallow translational failure", "toposheet": "84A05", "roadsaffec": null, "usertype": null, "contactnam": null, "housesbu_1": null, "id_lan": null, "movement_t": "Slide", "image_land": " ", "class_numb": null, "othersaffe": null, "slopegeome": null, "people_aff": " ", "contactmob": null, "movement_r": "Rapid", "peopleinju": null, "rejected_r": null, "district": "North Tripura", "slide_name": " ", "pre_remedi": "Retaining wall", "runoutdist": null, "otherinfom": null, "roadbenche": null, "failuremec": null, "geology": "Shale-sandstone-siltstone", "contactema": null, "material_t": "Debris", "bedding": null, "humancause": null, "initiation": 0, "alert": " ", "exactdatei": null, "dataupda_1": null, "geo_acc": null, "realignmen": null, "village": null, "initiati_1": 0, "duration_o": null, "citation": "Santosh PK et al., 2016. Macro-scale (1:50,000) landslide susceptibility Mapping in parts of toposheets no. 79M/13, 14, 83D/4, 8, 84A/1, 2, 5, 6, North Tripura and Dhalai districts, Tripura. Unpub. GSI report of FS 2015-2016.", "subdivisio": null, "damsbarr_1": null, "length": 18, "volumeinme": null, "slide_none": null, "railwaylin": null, "remedial_1": null, "structure": " ", "railwayben": null, "ls_volume": 126, "peopledead": null, "runout_dis": 20, "rainfallin": null, "drainage": null, "heightinme": null, "objectid": 5450, "remarks": "Every monsoon debris and rock boulders cause road blockade", "internalsl": null, "remedialno": null}}, {"geometry": {"type": "Point", "coordinates": [92.09186100000005, 24.028194000000042], "crs": null}, "id": 5737, "type": "Feature", "properties": {"materialin": null, "oldslide_n": null, "otherlandu": null, "geological": null, "id_project": null, "dataupdate": null, "locationde": null, "communicat": " ", "u_long": null, "class_type": null, "amount_of_": null, "date_and_t": null, "id": null, "state": "Tripura", "landuse_la": "Moderate vegetation", "reviewed_d": null, "height": 6, "movementty": null, "persons_de": " ", "remedialot": null, "datetimety": null, "vulnerabil": null, "reactivati": 0, "slide_no": "TR/DHA/84D04/2015/56", "report_lan": " ", "reviewed_t": null, "datacrea_1": null, "inducingfa": null, "tocken": null, "check_stat": null, "retainings": null, "morphologi": null, "areainsqme": null, "powerinfra": null, "style": "Single", "housesbuil": null, "weatheredm": null, "status": null, "causesothe": null, "history_da": null, "activity": "Active", "latitude": 24.028194, "globalid": "{DA161AB8-D342-4E58-9630-AE3F81AB9482}", "u_lat": null, "movementra": null, "depthinmet": null, "landuse_af": " ", "preliminar": null, "hydrologic": "Dry", "lengthinme": null, "railwayl_1": null, "distributi": "Confined", "widthinmet": null, "landslid_2": null, "gsi_user": null, "landslid_3": null, "abstract": " ", "landslid_1": null, "toposheet_": null, "datacreate": null, "geomorphol": "Highly dissected hill", "landslid_4": null, "impactorda": null, "triggering": "Rainfall", "landslidep": null, "depth": 1, "landslidet": null, "livestock_": " ", "landslides": null, "report": " ", "width": 10, "infrastruc": "Road", "damsbarrag": null, "livestockd": null, "nh_sh_loca": "near the TSR camp, Mainaraipara", "livestocki": null, "date": null, "joint": null, "ls_area": 70, "geoscienti": "Oversaturation of the slope materials", "landslided": null, "roadsaff_1": null, "landslidec": null, "source": null, "photos": " ", "date_acc": null, "geology1": "", "rmr": null, "contactaff": null, "reactiva_2": 0, "landuselan": null, "reactiva_1": 0, "roadblocke": null, "longitude": 92.091861, "failure_me": "Shallow translational failure", "toposheet": "84D04", "roadsaffec": null, "usertype": null, "contactnam": null, "housesbu_1": null, "id_lan": null, "movement_t": "Slide", "image_land": " ", "class_numb": null, "othersaffe": null, "slopegeome": null, "people_aff": " ", "contactmob": null, "movement_r": "Rapid", "peopleinju": null, "rejected_r": null, "district": "Dhalai", "slide_name": " ", "pre_remedi": "remove the over hangs, diversion of rain water by maintaining  proper drainage", "runoutdist": null, "otherinfom": null, "roadbenche": null, "failuremec": null, "geology": "Splintery shale", "contactema": null, "material_t": "Earth", "bedding": null, "humancause": null, "initiation": 2015, "alert": " ", "exactdatei": null, "dataupda_1": null, "geo_acc": null, "realignmen": null, "village": null, "initiati_1": 2015, "duration_o": null, "citation": "Santosh PK et al., 2016. Macro-scale (1:50,000) landslide susceptibility Mapping in parts of toposheets no. 79M/13, 14, 83D/4, 8, 84A/1, 2, 5, 6, North Tripura and Dhalai districts, Tripura. Unpub. GSI report of FS 2015-2016.", "subdivisio": null, "damsbarr_1": null, "length": 7, "volumeinme": null, "slide_none": null, "railwaylin": null, "remedial_1": null, "structure": " ", "railwayben": null, "ls_volume": 70, "peopledead": null, "runout_dis": 0, "rainfallin": null, "drainage": null, "heightinme": null, "objectid": 5737, "remarks": " ", "internalsl": null, "remedialno": null}}, {"geometry": {"type": "Point", "coordinates": [92.27741700000007, 24.066639000000066], "crs": null}, "id": 7030, "type": "Feature", "properties": {"materialin": null, "oldslide_n": null, "otherlandu": null, "geological": null, "id_project": null, "dataupdate": null, "locationde": null, "communicat": " ", "u_long": null, "class_type": null, "amount_of_": null, "date_and_t": null, "id": null, "state": "Tripura", "landuse_la": "High height plantation", "reviewed_d": null, "height": 12, "movementty": null, "persons_de": " ", "remedialot": null, "datetimety": null, "vulnerabil": null, "reactivati": 0, "slide_no": "TR/NTR/84D08/2015/47", "report_lan": " ", "reviewed_t": null, "datacrea_1": null, "inducingfa": null, "tocken": null, "check_stat": null, "retainings": null, "morphologi": null, "areainsqme": null, "powerinfra": null, "style": "Single", "housesbuil": null, "weatheredm": null, "status": null, "causesothe": null, "history_da": null, "activity": "Active", "latitude": 24.066639, "globalid": "{3C623BBD-8AEB-45CF-95D2-77F4642ED978}", "u_lat": null, "movementra": null, "depthinmet": null, "landuse_af": " ", "preliminar": null, "hydrologic": "Dry", "lengthinme": null, "railwayl_1": null, "distributi": "Widening", "widthinmet": null, "landslid_2": null, "gsi_user": null, "landslid_3": null, "abstract": " ", "landslid_1": null, "toposheet_": null, "datacreate": null, "geomorphol": "Moderately dissected hill", "landslid_4": null, "impactorda": null, "triggering": "Rainfall", "landslidep": null, "depth": 1, "landslidet": null, "livestock_": " ", "landslides": null, "report": " ", "width": 4, "infrastruc": "Road", "damsbarrag": null, "livestockd": null, "nh_sh_loca": "2km milestone on Hmunpui-Vaisam road", "livestocki": null, "date": null, "joint": null, "ls_area": 52, "geoscienti": "Jointes forming the overhangs and due to widening of these joints", "landslided": null, "roadsaff_1": null, "landslidec": null, "source": null, "photos": " ", "date_acc": null, "geology1": "", "rmr": null, "contactaff": null, "reactiva_2": 0, "landuselan": null, "reactiva_1": 0, "roadblocke": null, "longitude": 92.277417, "failure_me": "Shallow translational failure", "toposheet": "84D08", "roadsaffec": null, "usertype": null, "contactnam": null, "housesbu_1": null, "id_lan": null, "movement_t": "Fall", "image_land": " ", "class_numb": null, "othersaffe": null, "slopegeome": null, "people_aff": " ", "contactmob": null, "movement_r": "Rapid", "peopleinju": null, "rejected_r": null, "district": "North Tripura", "slide_name": " ", "pre_remedi": "Removal of broken material", "runoutdist": null, "otherinfom": null, "roadbenche": null, "failuremec": null, "geology": "Micaceous siltstone-shale", "contactema": null, "material_t": "Rock", "bedding": null, "humancause": null, "initiation": 2015, "alert": " ", "exactdatei": null, "dataupda_1": null, "geo_acc": null, "realignmen": null, "village": null, "initiati_1": 2015, "duration_o": null, "citation": "Santosh PK et al., 2016. Macro-scale (1:50,000) landslide susceptibility Mapping in parts of toposheets no. 79M/13, 14, 83D/4, 8, 84A/1, 2, 5, 6, North Tripura and Dhalai districts, Tripura. Unpub. GSI report of FS 2015-2016.", "subdivisio": null, "damsbarr_1": null, "length": 13, "volumeinme": null, "slide_none": null, "railwaylin": null, "remedial_1": null, "structure": "Jointed", "railwayben": null, "ls_volume": 52, "peopledead": null, "runout_dis": 0, "rainfallin": null, "drainage": null, "heightinme": null, "objectid": 7030, "remarks": "Suscpetible", "internalsl": null, "remedialno": null}}, {"geometry": {"type": "Point", "coordinates": [92.03802800000005, 23.678056000000026], "crs": null}, "id": 9445, "type": "Feature", "properties": {"materialin": null, "oldslide_n": null, "otherlandu": null, "geological": null, "id_project": null, "dataupdate": null, "locationde": null, "communicat": " ", "u_long": null, "class_type": null, "amount_of_": null, "date_and_t": null, "id": null, "state": "Tripura", "landuse_la": " Thick vegetation", "reviewed_d": null, "height": 25, "movementty": null, "persons_de": " ", "remedialot": null, "datetimety": null, "vulnerabil": null, "reactivati": 2015, "slide_no": "TR/DHA/84A02/2015/5", "report_lan": " ", "reviewed_t": null, "datacrea_1": null, "inducingfa": null, "tocken": null, "check_stat": null, "retainings": null, "morphologi": null, "areainsqme": null, "powerinfra": null, "style": "Single", "housesbuil": null, "weatheredm": null, "status": null, "causesothe": null, "history_da": null, "activity": "Active", "latitude": 23.678056, "globalid": "{C90AC576-C295-47D5-8E9D-63A00E5E1CA2}", "u_lat": null, "movementra": null, "depthinmet": null, "landuse_af": " ", "preliminar": null, "hydrologic": "Dry", "lengthinme": null, "railwayl_1": null, "distributi": "Retrogressive", "widthinmet": null, "landslid_2": null, "gsi_user": null, "landslid_3": null, "abstract": " ", "landslid_1": null, "toposheet_": null, "datacreate": null, "geomorphol": "Moderately dissected hill", "landslid_4": null, "impactorda": null, "triggering": "Rainfall", "landslidep": null, "depth": 1, "landslidet": null, "livestock_": " ", "landslides": null, "report": " ", "width": 35, "infrastruc": "Road blockage", "damsbarrag": null, "livestockd": null, "nh_sh_loca": "Near Govindbari BSF BPO(~400m from Govindbari slide)", "livestocki": null, "date": null, "joint": null, "ls_area": 1050, "geoscienti": "Weathered material, joints and other weak planes", "landslided": null, "roadsaff_1": null, "landslidec": null, "source": null, "photos": " ", "date_acc": null, "geology1": "", "rmr": null, "contactaff": null, "reactiva_2": 0, "landuselan": null, "reactiva_1": 0, "roadblocke": null, "longitude": 92.038028, "failure_me": "Shallow translational failure", "toposheet": "84A02", "roadsaffec": null, "usertype": null, "contactnam": null, "housesbu_1": null, "id_lan": null, "movement_t": "Slide", "image_land": " ", "class_numb": null, "othersaffe": null, "slopegeome": null, "people_aff": " ", "contactmob": null, "movement_r": "Rapid", "peopleinju": null, "rejected_r": null, "district": "Dhalai", "slide_name": " ", "pre_remedi": "Retaining wall with proper drainage", "runoutdist": null, "otherinfom": null, "roadbenche": null, "failuremec": null, "geology": "Shale-siltstone", "contactema": null, "material_t": "Debris", "bedding": null, "humancause": null, "initiation": 0, "alert": " ", "exactdatei": null, "dataupda_1": null, "geo_acc": null, "realignmen": null, "village": null, "initiati_1": 2015, "duration_o": null, "citation": "Santosh PK et al., 2016. Macro-scale (1:50,000) landslide susceptibility Mapping in parts of toposheets no. 79M/13, 14, 83D/4, 8, 84A/1, 2, 5, 6, North Tripura and Dhalai districts, Tripura. Unpub. GSI report of FS 2015-2016.", "subdivisio": null, "damsbarr_1": null, "length": 30, "volumeinme": null, "slide_none": null, "railwaylin": null, "remedial_1": null, "structure": "~8\u256c\u00f4\u251c\u2557\u251c\u00aadip; Splintery", "railwayben": null, "ls_volume": 1050, "peopledead": null, "runout_dis": 30, "rainfallin": null, "drainage": null, "heightinme": null, "objectid": 9445, "remarks": " ", "internalsl": null, "remedialno": null}}, {"geometry": {"type": "Point", "coordinates": [92.27775000000008, 24.13330600000006], "crs": null}, "id": 9721, "type": "Feature", "properties": {"materialin": null, "oldslide_n": null, "otherlandu": null, "geological": null, "id_project": null, "dataupdate": null, "locationde": null, "communicat": " ", "u_long": null, "class_type": null, "amount_of_": null, "date_and_t": null, "id": null, "state": "Tripura", "landuse_la": " Thick vegetation", "reviewed_d": null, "height": 12, "movementty": null, "persons_de": " ", "remedialot": null, "datetimety": null, "vulnerabil": null, "reactivati": 0, "slide_no": "TR/NTR/84D08/2015/42", "report_lan": " ", "reviewed_t": null, "datacrea_1": null, "inducingfa": null, "tocken": null, "check_stat": null, "retainings": null, "morphologi": null, "areainsqme": null, "powerinfra": null, "style": "Single", "housesbuil": null, "weatheredm": null, "status": null, "causesothe": null, "history_da": null, "activity": "Active", "latitude": 24.133306, "globalid": "{A092280D-C1FA-482E-B803-32CE6CEA8EBF}", "u_lat": null, "movementra": null, "depthinmet": null, "landuse_af": " ", "preliminar": null, "hydrologic": "Dry", "lengthinme": null, "railwayl_1": null, "distributi": "Confined", "widthinmet": null, "landslid_2": null, "gsi_user": null, "landslid_3": null, "abstract": " ", "landslid_1": null, "toposheet_": null, "datacreate": null, "geomorphol": "Highly dissected hill", "landslid_4": null, "impactorda": null, "triggering": "Rainfall", "landslidep": null, "depth": 1, "landslidet": null, "livestock_": " ", "landslides": null, "report": " ", "width": 5, "infrastruc": "Road", "damsbarrag": null, "livestockd": null, "nh_sh_loca": "Damcherra-Hmunpui junction road section along Jampui hill range", "livestocki": null, "date": null, "joint": null, "ls_area": 65, "geoscienti": "Steep slope due to extensive cut slope", "landslided": null, "roadsaff_1": null, "landslidec": null, "source": null, "photos": " ", "date_acc": null, "geology1": "", "rmr": null, "contactaff": null, "reactiva_2": 0, "landuselan": null, "reactiva_1": 0, "roadblocke": null, "longitude": 92.27775, "failure_me": "Shallow translational failure", "toposheet": "84D08", "roadsaffec": null, "usertype": null, "contactnam": null, "housesbu_1": null, "id_lan": null, "movement_t": "Slide", "image_land": " ", "class_numb": null, "othersaffe": null, "slopegeome": null, "people_aff": " ", "contactmob": null, "movement_r": "Rapid", "peopleinju": null, "rejected_r": null, "district": "North Tripura", "slide_name": " ", "pre_remedi": "Removal of jointed/broken blocks", "runoutdist": null, "otherinfom": null, "roadbenche": null, "failuremec": null, "geology": "Sandstone", "contactema": null, "material_t": "Debris", "bedding": null, "humancause": null, "initiation": 2015, "alert": " ", "exactdatei": null, "dataupda_1": null, "geo_acc": null, "realignmen": null, "village": null, "initiati_1": 2015, "duration_o": null, "citation": "Santosh PK et al., 2016. Macro-scale (1:50,000) landslide susceptibility Mapping in parts of toposheets no. 79M/13, 14, 83D/4, 8, 84A/1, 2, 5, 6, North Tripura and Dhalai districts, Tripura. Unpub. GSI report of FS 2015-2016.", "subdivisio": null, "damsbarr_1": null, "length": 13, "volumeinme": null, "slide_none": null, "railwaylin": null, "remedial_1": null, "structure": "Fractured and jointed", "railwayben": null, "ls_volume": 65, "peopledead": null, "runout_dis": 0, "rainfallin": null, "drainage": null, "heightinme": null, "objectid": 9721, "remarks": " ", "internalsl": null, "remedialno": null}}, {"geometry": {"type": "Point", "coordinates": [92.07119400000005, 23.69769400000007], "crs": null}, "id": 10139, "type": "Feature", "properties": {"materialin": null, "oldslide_n": null, "otherlandu": null, "geological": null, "id_project": null, "dataupdate": null, "locationde": null, "communicat": " ", "u_long": null, "class_type": null, "amount_of_": null, "date_and_t": null, "id": null, "state": "Tripura", "landuse_la": " Thick vegetation", "reviewed_d": null, "height": 8, "movementty": null, "persons_de": " ", "remedialot": null, "datetimety": null, "vulnerabil": null, "reactivati": 0, "slide_no": "TR/NTR/84A02/2015/4", "report_lan": " ", "reviewed_t": null, "datacrea_1": null, "inducingfa": null, "tocken": null, "check_stat": null, "retainings": null, "morphologi": null, "areainsqme": null, "powerinfra": null, "style": "Single", "housesbuil": null, "weatheredm": null, "status": null, "causesothe": null, "history_da": null, "activity": "Active", "latitude": 23.697694, "globalid": "{87408037-3C55-4F71-A9E3-62373AFD042F}", "u_lat": null, "movementra": null, "depthinmet": null, "landuse_af": " ", "preliminar": null, "hydrologic": "Wet", "lengthinme": null, "railwayl_1": null, "distributi": "Retrogressive", "widthinmet": null, "landslid_2": null, "gsi_user": null, "landslid_3": null, "abstract": " ", "landslid_1": null, "toposheet_": null, "datacreate": null, "geomorphol": "Moderately dissected hill", "landslid_4": null, "impactorda": null, "triggering": "Rainfall", "landslidep": null, "depth": 1, "landslidet": null, "livestock_": " ", "landslides": null, "report": " ", "width": 6, "infrastruc": "Road", "damsbarrag": null, "livestockd": null, "nh_sh_loca": "Nasharampara village", "livestocki": null, "date": null, "joint": null, "ls_area": 60, "geoscienti": "Slope modification", "landslided": null, "roadsaff_1": null, "landslidec": null, "source": null, "photos": " ", "date_acc": null, "geology1": "", "rmr": null, "contactaff": null, "reactiva_2": 0, "landuselan": null, "reactiva_1": 0, "roadblocke": null, "longitude": 92.071194, "failure_me": "Shallow translational failure", "toposheet": "84A02", "roadsaffec": null, "usertype": null, "contactnam": null, "housesbu_1": null, "id_lan": null, "movement_t": "Slide", "image_land": " ", "class_numb": null, "othersaffe": null, "slopegeome": null, "people_aff": " ", "contactmob": null, "movement_r": "Rapid", "peopleinju": null, "rejected_r": null, "district": "North Tripura", "slide_name": "Nasharampara slide", "pre_remedi": "the loose materials resting on the slip surface needs to be removed", "runoutdist": null, "otherinfom": null, "roadbenche": null, "failuremec": null, "geology": "Shale-siltstone", "contactema": null, "material_t": "Debris", "bedding": null, "humancause": null, "initiation": 2015, "alert": " ", "exactdatei": null, "dataupda_1": null, "geo_acc": null, "realignmen": null, "village": null, "initiati_1": 2015, "duration_o": null, "citation": "Santosh PK et al., 2016. Macro-scale (1:50,000) landslide susceptibility Mapping in parts of toposheets no. 79M/13, 14, 83D/4, 8, 84A/1, 2, 5, 6, North Tripura and Dhalai districts, Tripura. Unpub. GSI report of FS 2015-2016.", "subdivisio": null, "damsbarr_1": null, "length": 10, "volumeinme": null, "slide_none": null, "railwaylin": null, "remedial_1": null, "structure": "S0 = NS/28o E", "railwayben": null, "ls_volume": 60, "peopledead": null, "runout_dis": 0, "rainfallin": null, "drainage": null, "heightinme": null, "objectid": 10139, "remarks": " ", "internalsl": null, "remedialno": null}}, {"geometry": {"type": "Point", "coordinates": [92.24786100000006, 24.24019400000003], "crs": null}, "id": 10293, "type": "Feature", "properties": {"materialin": null, "oldslide_n": null, "otherlandu": null, "geological": null, "id_project": null, "dataupdate": null, "locationde": null, "communicat": " ", "u_long": null, "class_type": null, "amount_of_": null, "date_and_t": null, "id": null, "state": "Tripura", "landuse_la": " Thick vegetation", "reviewed_d": null, "height": 8, "movementty": null, "persons_de": " ", "remedialot": null, "datetimety": null, "vulnerabil": null, "reactivati": 0, "slide_no": "TR/NTR/84D04/2015/53", "report_lan": " ", "reviewed_t": null, "datacrea_1": null, "inducingfa": null, "tocken": null, "check_stat": null, "retainings": null, "morphologi": null, "areainsqme": null, "powerinfra": null, "style": "Single", "housesbuil": null, "weatheredm": null, "status": null, "causesothe": null, "history_da": null, "activity": "Active", "latitude": 24.240194, "globalid": "{D620C946-3341-4D3A-8245-52DA18A648C0}", "u_lat": null, "movementra": null, "depthinmet": null, "landuse_af": " ", "preliminar": null, "hydrologic": "Dry", "lengthinme": null, "railwayl_1": null, "distributi": "Confined", "widthinmet": null, "landslid_2": null, "gsi_user": null, "landslid_3": null, "abstract": " ", "landslid_1": null, "toposheet_": null, "datacreate": null, "geomorphol": "Moderately dissected hill", "landslid_4": null, "impactorda": null, "triggering": "Rainfall", "landslidep": null, "depth": 1, "landslidet": null, "livestock_": " ", "landslides": null, "report": " ", "width": 7, "infrastruc": "Road", "damsbarrag": null, "livestockd": null, "nh_sh_loca": "Jalabasa-Balikcharra section", "livestocki": null, "date": null, "joint": null, "ls_area": 70, "geoscienti": "percolation of rain water in to the bedding", "landslided": null, "roadsaff_1": null, "landslidec": null, "source": null, "photos": " ", "date_acc": null, "geology1": "", "rmr": null, "contactaff": null, "reactiva_2": 0, "landuselan": null, "reactiva_1": 0, "roadblocke": null, "longitude": 92.247861, "failure_me": "Shallow translational failure", "toposheet": "84D04", "roadsaffec": null, "usertype": null, "contactnam": null, "housesbu_1": null, "id_lan": null, "movement_t": "Slide", "image_land": " ", "class_numb": null, "othersaffe": null, "slopegeome": null, "people_aff": " ", "contactmob": null, "movement_r": "Rapid", "peopleinju": null, "rejected_r": null, "district": "North Tripura", "slide_name": " ", "pre_remedi": "diversion of rain water by maintaining  proper drainage", "runoutdist": null, "otherinfom": null, "roadbenche": null, "failuremec": null, "geology": "Shale", "contactema": null, "material_t": "Rock", "bedding": null, "humancause": null, "initiation": 2015, "alert": " ", "exactdatei": null, "dataupda_1": null, "geo_acc": null, "realignmen": null, "village": null, "initiati_1": 2015, "duration_o": null, "citation": "Santosh PK et al., 2016. Macro-scale (1:50,000) landslide susceptibility Mapping in parts of toposheets no. 79M/13, 14, 83D/4, 8, 84A/1, 2, 5, 6, North Tripura and Dhalai districts, Tripura. Unpub. GSI report of FS 2015-2016.", "subdivisio": null, "damsbarr_1": null, "length": 10, "volumeinme": null, "slide_none": null, "railwaylin": null, "remedial_1": null, "structure": " ", "railwayben": null, "ls_volume": 70, "peopledead": null, "runout_dis": 0, "rainfallin": null, "drainage": null, "heightinme": null, "objectid": 10293, "remarks": " ", "internalsl": null, "remedialno": null}}, {"geometry": {"type": "Point", "coordinates": [92.26072200000004, 23.824722000000065], "crs": null}, "id": 10406, "type": "Feature", "properties": {"materialin": null, "oldslide_n": null, "otherlandu": null, "geological": null, "id_project": null, "dataupdate": null, "locationde": null, "communicat": " ", "u_long": null, "class_type": null, "amount_of_": null, "date_and_t": null, "id": null, "state": "Tripura", "landuse_la": " Thick vegetation", "reviewed_d": null, "height": 6, "movementty": null, "persons_de": " ", "remedialot": null, "datetimety": null, "vulnerabil": null, "reactivati": 0, "slide_no": "TR/NTR/84A05/2015/3", "report_lan": " ", "reviewed_t": null, "datacrea_1": null, "inducingfa": null, "tocken": null, "check_stat": null, "retainings": null, "morphologi": null, "areainsqme": null, "powerinfra": null, "style": "Single", "housesbuil": null, "weatheredm": null, "status": null, "causesothe": null, "history_da": null, "activity": "Active", "latitude": 23.824722, "globalid": "{26904BDE-F133-431F-9F57-61E56E4D06B3}", "u_lat": null, "movementra": null, "depthinmet": null, "landuse_af": " ", "preliminar": null, "hydrologic": "Dry", "lengthinme": null, "railwayl_1": null, "distributi": "Confined", "widthinmet": null, "landslid_2": null, "gsi_user": null, "landslid_3": null, "abstract": " ", "landslid_1": null, "toposheet_": null, "datacreate": null, "geomorphol": "Moderately dissected hill", "landslid_4": null, "impactorda": null, "triggering": "Rainfall", "landslidep": null, "depth": 1, "landslidet": null, "livestock_": " ", "landslides": null, "report": " ", "width": 7, "infrastruc": "None", "damsbarrag": null, "livestockd": null, "nh_sh_loca": "Phuldungsei village", "livestocki": null, "date": null, "joint": null, "ls_area": 63, "geoscienti": "Slope modification", "landslided": null, "roadsaff_1": null, "landslidec": null, "source": null, "photos": " ", "date_acc": null, "geology1": "", "rmr": null, "contactaff": null, "reactiva_2": 0, "landuselan": null, "reactiva_1": 0, "roadblocke": null, "longitude": 92.260722, "failure_me": "Shallow translational failure", "toposheet": "84A05", "roadsaffec": null, "usertype": null, "contactnam": null, "housesbu_1": null, "id_lan": null, "movement_t": "Slide", "image_land": " ", "class_numb": null, "othersaffe": null, "slopegeome": null, "people_aff": " ", "contactmob": null, "movement_r": "Rapid", "peopleinju": null, "rejected_r": null, "district": "North Tripura", "slide_name": "TSR camp, Phuldungsei slide", "pre_remedi": "maintain  proper drainage system for the rain water and suitable grasses may be plantated", "runoutdist": null, "otherinfom": null, "roadbenche": null, "failuremec": null, "geology": "Sandstone with siltstone & shale", "contactema": null, "material_t": "Rock", "bedding": null, "humancause": null, "initiation": 0, "alert": " ", "exactdatei": null, "dataupda_1": null, "geo_acc": null, "realignmen": null, "village": null, "initiati_1": 0, "duration_o": null, "citation": "Santosh PK et al., 2016. Macro-scale (1:50,000) landslide susceptibility Mapping in parts of toposheets no. 79M/13, 14, 83D/4, 8, 84A/1, 2, 5, 6, North Tripura and Dhalai districts, Tripura. Unpub. GSI report of FS 2015-2016.", "subdivisio": null, "damsbarr_1": null, "length": 9, "volumeinme": null, "slide_none": null, "railwaylin": null, "remedial_1": null, "structure": "S0 = NS/5o E; Jointed", "railwayben": null, "ls_volume": 63, "peopledead": null, "runout_dis": 0, "rainfallin": null, "drainage": null, "heightinme": null, "objectid": 10406, "remarks": "Exact measurement cannot be taken due to vegetation cover and debris material", "internalsl": null, "remedialno": null}}, {"geometry": {"type": "Point", "coordinates": [92.09441700000008, 23.821000000000026], "crs": null}, "id": 10671, "type": "Feature", "properties": {"materialin": null, "oldslide_n": null, "otherlandu": null, "geological": null, "id_project": null, "dataupdate": null, "locationde": null, "communicat": " ", "u_long": null, "class_type": null, "amount_of_": null, "date_and_t": null, "id": null, "state": "Tripura", "landuse_la": " Thick vegetation", "reviewed_d": null, "height": 15, "movementty": null, "persons_de": " ", "remedialot": null, "datetimety": null, "vulnerabil": null, "reactivati": 0, "slide_no": "TR/DHA/84A01/2015/22", "report_lan": " ", "reviewed_t": null, "datacrea_1": null, "inducingfa": null, "tocken": null, "check_stat": null, "retainings": null, "morphologi": null, "areainsqme": null, "powerinfra": null, "style": "Single", "housesbuil": null, "weatheredm": null, "status": null, "causesothe": null, "history_da": null, "activity": "Active", "latitude": 23.821, "globalid": "{68A85701-F9BF-4995-8631-28A696E9083A}", "u_lat": null, "movementra": null, "depthinmet": null, "landuse_af": " ", "preliminar": null, "hydrologic": "Dry", "lengthinme": null, "railwayl_1": null, "distributi": "Confined", "widthinmet": null, "landslid_2": null, "gsi_user": null, "landslid_3": null, "abstract": " ", "landslid_1": null, "toposheet_": null, "datacreate": null, "geomorphol": "Moderately dissected hill", "landslid_4": null, "impactorda": null, "triggering": "Rainfall", "landslidep": null, "depth": 1, "landslidet": null, "livestock_": " ", "landslides": null, "report": " ", "width": 10, "infrastruc": "Road", "damsbarrag": null, "livestockd": null, "nh_sh_loca": "~1km W of Haridyalroajapara", "livestocki": null, "date": null, "joint": null, "ls_area": 250, "geoscienti": "Toe cutting for road, slope modification, rainfall and shale/material", "landslided": null, "roadsaff_1": null, "landslidec": null, "source": null, "photos": " ", "date_acc": null, "geology1": "", "rmr": null, "contactaff": null, "reactiva_2": 0, "landuselan": null, "reactiva_1": 0, "roadblocke": null, "longitude": 92.094417, "failure_me": "Shallow translational failure", "toposheet": "84A01", "roadsaffec": null, "usertype": null, "contactnam": null, "housesbu_1": null, "id_lan": null, "movement_t": "Slide", "image_land": " ", "class_numb": null, "othersaffe": null, "slopegeome": null, "people_aff": " ", "contactmob": null, "movement_r": "Rapid", "peopleinju": null, "rejected_r": null, "district": "Dhalai", "slide_name": " ", "pre_remedi": "maintain proper drainage", "runoutdist": null, "otherinfom": null, "roadbenche": null, "failuremec": null, "geology": "Shale", "contactema": null, "material_t": "Debris", "bedding": null, "humancause": null, "initiation": 2015, "alert": " ", "exactdatei": null, "dataupda_1": null, "geo_acc": null, "realignmen": null, "village": null, "initiati_1": 2015, "duration_o": null, "citation": "Santosh PK et al., 2016. Macro-scale (1:50,000) landslide susceptibility Mapping in parts of toposheets no. 79M/13, 14, 83D/4, 8, 84A/1, 2, 5, 6, North Tripura and Dhalai districts, Tripura. Unpub. GSI report of FS 2015-2016.", "subdivisio": null, "damsbarr_1": null, "length": 25, "volumeinme": null, "slide_none": null, "railwaylin": null, "remedial_1": null, "structure": " ", "railwayben": null, "ls_volume": 250, "peopledead": null, "runout_dis": 0, "rainfallin": null, "drainage": null, "heightinme": null, "objectid": 10671, "remarks": " ", "internalsl": null, "remedialno": null}}, {"geometry": {"type": "Point", "coordinates": [92.28716700000007, 24.069444000000033], "crs": null}, "id": 10753, "type": "Feature", "properties": {"materialin": null, "oldslide_n": null, "otherlandu": null, "geological": null, "id_project": null, "dataupdate": null, "locationde": null, "communicat": " ", "u_long": null, "class_type": null, "amount_of_": null, "date_and_t": null, "id": null, "state": "Tripura", "landuse_la": " Thick vegetation", "reviewed_d": null, "height": 7, "movementty": null, "persons_de": " ", "remedialot": null, "datetimety": null, "vulnerabil": null, "reactivati": 0, "slide_no": "TR/NTR/84D08/2015/48", "report_lan": " ", "reviewed_t": null, "datacrea_1": null, "inducingfa": null, "tocken": null, "check_stat": null, "retainings": null, "morphologi": null, "areainsqme": null, "powerinfra": null, "style": "Single", "housesbuil": null, "weatheredm": null, "status": null, "causesothe": null, "history_da": null, "activity": "Active", "latitude": 24.069444, "globalid": "{E4BA7293-CF14-4D5B-A96A-19612DEDC138}", "u_lat": null, "movementra": null, "depthinmet": null, "landuse_af": " ", "preliminar": null, "hydrologic": "Dry", "lengthinme": null, "railwayl_1": null, "distributi": "Confined", "widthinmet": null, "landslid_2": null, "gsi_user": null, "landslid_3": null, "abstract": " ", "landslid_1": null, "toposheet_": null, "datacreate": null, "geomorphol": "Moderately dissected hill", "landslid_4": null, "impactorda": null, "triggering": "Rainfall", "landslidep": null, "depth": 1, "landslidet": null, "livestock_": " ", "landslides": null, "report": " ", "width": 10, "infrastruc": "Road", "damsbarrag": null, "livestockd": null, "nh_sh_loca": "Hmunpui-Kedacherra new road section", "livestocki": null, "date": null, "joint": null, "ls_area": 80, "geoscienti": "Slope modification", "landslided": null, "roadsaff_1": null, "landslidec": null, "source": null, "photos": " ", "date_acc": null, "geology1": "", "rmr": null, "contactaff": null, "reactiva_2": 0, "landuselan": null, "reactiva_1": 0, "roadblocke": null, "longitude": 92.287167, "failure_me": "Shallow translational failure", "toposheet": "84D08", "roadsaffec": null, "usertype": null, "contactnam": null, "housesbu_1": null, "id_lan": null, "movement_t": "Slide", "image_land": " ", "class_numb": null, "othersaffe": null, "slopegeome": null, "people_aff": " ", "contactmob": null, "movement_r": "Rapid", "peopleinju": null, "rejected_r": null, "district": "North Tripura", "slide_name": " ", "pre_remedi": "maintain proper drainage  such as concrete drain, culverts with concrete upto certain below the culvert for the water to pass below", "runoutdist": null, "otherinfom": null, "roadbenche": null, "failuremec": null, "geology": "Micaceous sandstone", "contactema": null, "material_t": "Debris", "bedding": null, "humancause": null, "initiation": 2015, "alert": " ", "exactdatei": null, "dataupda_1": null, "geo_acc": null, "realignmen": null, "village": null, "initiati_1": 2015, "duration_o": null, "citation": "Santosh PK et al., 2016. Macro-scale (1:50,000) landslide susceptibility Mapping in parts of toposheets no. 79M/13, 14, 83D/4, 8, 84A/1, 2, 5, 6, North Tripura and Dhalai districts, Tripura. Unpub. GSI report of FS 2015-2016.", "subdivisio": null, "damsbarr_1": null, "length": 8, "volumeinme": null, "slide_none": null, "railwaylin": null, "remedial_1": null, "structure": "Fractured", "railwayben": null, "ls_volume": 80, "peopledead": null, "runout_dis": 0, "rainfallin": null, "drainage": null, "heightinme": null, "objectid": 10753, "remarks": "Deep gully erosion below the road", "internalsl": null, "remedialno": null}}, {"geometry": {"type": "Point", "coordinates": [92.27194400000008, 23.906917000000078], "crs": null}, "id": 10813, "type": "Feature", "properties": {"materialin": null, "oldslide_n": null, "otherlandu": null, "geological": null, "id_project": null, "dataupdate": null, "locationde": null, "communicat": " ", "u_long": null, "class_type": null, "amount_of_": null, "date_and_t": null, "id": null, "state": "Tripura", "landuse_la": "Moderate vegetation", "reviewed_d": null, "height": 13, "movementty": null, "persons_de": " ", "remedialot": null, "datetimety": null, "vulnerabil": null, "reactivati": 0, "slide_no": "TR/NTR/84A05/2015/14", "report_lan": " ", "reviewed_t": null, "datacrea_1": null, "inducingfa": null, "tocken": null, "check_stat": null, "retainings": null, "morphologi": null, "areainsqme": null, "powerinfra": null, "style": "Single", "housesbuil": null, "weatheredm": null, "status": null, "causesothe": null, "history_da": null, "activity": "Active", "latitude": 23.906917, "globalid": "{FBD35DA8-A3F0-4091-B3C1-A133F3C72001}", "u_lat": null, "movementra": null, "depthinmet": null, "landuse_af": " ", "preliminar": null, "hydrologic": "Wet", "lengthinme": null, "railwayl_1": null, "distributi": "Retrogressive", "widthinmet": null, "landslid_2": null, "gsi_user": null, "landslid_3": null, "abstract": " ", "landslid_1": null, "toposheet_": null, "datacreate": null, "geomorphol": "Moderately dissected hill", "landslid_4": null, "impactorda": null, "triggering": "Rainfall", "landslidep": null, "depth": 1, "landslidet": null, "livestock_": " ", "landslides": null, "report": " ", "width": 25, "infrastruc": " ", "damsbarrag": null, "livestockd": null, "nh_sh_loca": "Tlansang", "livestocki": null, "date": null, "joint": null, "ls_area": 450, "geoscienti": "Oversaturation of the slope materials", "landslided": null, "roadsaff_1": null, "landslidec": null, "source": null, "photos": " ", "date_acc": null, "geology1": "", "rmr": null, "contactaff": null, "reactiva_2": 0, "landuselan": null, "reactiva_1": 0, "roadblocke": null, "longitude": 92.271944, "failure_me": "Shallow translational failure", "toposheet": "84A05", "roadsaffec": null, "usertype": null, "contactnam": null, "housesbu_1": null, "id_lan": null, "movement_t": "Slide", "image_land": " ", "class_numb": null, "othersaffe": null, "slopegeome": null, "people_aff": " ", "contactmob": null, "movement_r": "Rapid", "peopleinju": null, "rejected_r": null, "district": "North Tripura", "slide_name": " ", "pre_remedi": "Retaining wall and removal of overburden", "runoutdist": null, "otherinfom": null, "roadbenche": null, "failuremec": null, "geology": "Siltstone and shale", "contactema": null, "material_t": "Debris", "bedding": null, "humancause": null, "initiation": 0, "alert": " ", "exactdatei": null, "dataupda_1": null, "geo_acc": null, "realignmen": null, "village": null, "initiati_1": 0, "duration_o": null, "citation": "Santosh PK et al., 2016. Macro-scale (1:50,000) landslide susceptibility Mapping in parts of toposheets no. 79M/13, 14, 83D/4, 8, 84A/1, 2, 5, 6, North Tripura and Dhalai districts, Tripura. Unpub. GSI report of FS 2015-2016.", "subdivisio": null, "damsbarr_1": null, "length": 18, "volumeinme": null, "slide_none": null, "railwaylin": null, "remedial_1": null, "structure": " ", "railwayben": null, "ls_volume": 450, "peopledead": null, "runout_dis": 0, "rainfallin": null, "drainage": null, "heightinme": null, "objectid": 10813, "remarks": " ", "internalsl": null, "remedialno": null}}, {"geometry": {"type": "Point", "coordinates": [92.27922200000006, 23.899944000000062], "crs": null}, "id": 11274, "type": "Feature", "properties": {"materialin": null, "oldslide_n": null, "otherlandu": null, "geological": null, "id_project": null, "dataupdate": null, "locationde": null, "communicat": " ", "u_long": null, "class_type": null, "amount_of_": null, "date_and_t": null, "id": null, "state": "Tripura", "landuse_la": " Thick vegetation", "reviewed_d": null, "height": 10, "movementty": null, "persons_de": " ", "remedialot": null, "datetimety": null, "vulnerabil": null, "reactivati": 0, "slide_no": "TR/NTR/84A05/2015/29", "report_lan": " ", "reviewed_t": null, "datacrea_1": null, "inducingfa": null, "tocken": null, "check_stat": null, "retainings": null, "morphologi": null, "areainsqme": null, "powerinfra": null, "style": "Single", "housesbuil": null, "weatheredm": null, "status": null, "causesothe": null, "history_da": null, "activity": "Active", "latitude": 23.899944, "globalid": "{94FBA0FA-043A-4AAE-A043-F36F200BE987}", "u_lat": null, "movementra": null, "depthinmet": null, "landuse_af": " ", "preliminar": null, "hydrologic": "Flowing", "lengthinme": null, "railwayl_1": null, "distributi": "Widening", "widthinmet": null, "landslid_2": null, "gsi_user": null, "landslid_3": null, "abstract": " ", "landslid_1": null, "toposheet_": null, "datacreate": null, "geomorphol": "Moderately dissected hill", "landslid_4": null, "impactorda": null, "triggering": "Rainfall", "landslidep": null, "depth": 1, "landslidet": null, "livestock_": " ", "landslides": null, "report": " ", "width": 10, "infrastruc": " ", "damsbarrag": null, "livestockd": null, "nh_sh_loca": "~3.5 km NW of Tharmapara", "livestocki": null, "date": null, "joint": null, "ls_area": 150, "geoscienti": "Toe cutting by stream", "landslided": null, "roadsaff_1": null, "landslidec": null, "source": null, "photos": " ", "date_acc": null, "geology1": "", "rmr": null, "contactaff": null, "reactiva_2": 0, "landuselan": null, "reactiva_1": 0, "roadblocke": null, "longitude": 92.279222, "failure_me": "Shallow translational failure", "toposheet": "84A05", "roadsaffec": null, "usertype": null, "contactnam": null, "housesbu_1": null, "id_lan": null, "movement_t": "Slide", "image_land": " ", "class_numb": null, "othersaffe": null, "slopegeome": null, "people_aff": " ", "contactmob": null, "movement_r": "Rapid", "peopleinju": null, "rejected_r": null, "district": "North Tripura", "slide_name": " ", "pre_remedi": "maintain proper drainage and grass plantaion as toe support  measures will be helpful", "runoutdist": null, "otherinfom": null, "roadbenche": null, "failuremec": null, "geology": "Sandstone-siltstone", "contactema": null, "material_t": "Debris", "bedding": null, "humancause": null, "initiation": 0, "alert": " ", "exactdatei": null, "dataupda_1": null, "geo_acc": null, "realignmen": null, "village": null, "initiati_1": 0, "duration_o": null, "citation": "Santosh PK et al., 2016. Macro-scale (1:50,000) landslide susceptibility Mapping in parts of toposheets no. 79M/13, 14, 83D/4, 8, 84A/1, 2, 5, 6, North Tripura and Dhalai districts, Tripura. Unpub. GSI report of FS 2015-2016.", "subdivisio": null, "damsbarr_1": null, "length": 15, "volumeinme": null, "slide_none": null, "railwaylin": null, "remedial_1": null, "structure": " ", "railwayben": null, "ls_volume": 150, "peopledead": null, "runout_dis": 0, "rainfallin": null, "drainage": null, "heightinme": null, "objectid": 11274, "remarks": " ", "internalsl": null, "remedialno": null}}, {"geometry": {"type": "Point", "coordinates": [92.29094400000008, 24.070611000000042], "crs": null}, "id": 11299, "type": "Feature", "properties": {"materialin": null, "oldslide_n": null, "otherlandu": null, "geological": null, "id_project": null, "dataupdate": null, "locationde": null, "communicat": " ", "u_long": null, "class_type": null, "amount_of_": null, "date_and_t": null, "id": null, "state": "Tripura", "landuse_la": " Thick vegetation", "reviewed_d": null, "height": 10, "movementty": null, "persons_de": " ", "remedialot": null, "datetimety": null, "vulnerabil": null, "reactivati": 0, "slide_no": "TR/NTR/84D08/2015/51", "report_lan": " ", "reviewed_t": null, "datacrea_1": null, "inducingfa": null, "tocken": null, "check_stat": null, "retainings": null, "morphologi": null, "areainsqme": null, "powerinfra": null, "style": "Single", "housesbuil": null, "weatheredm": null, "status": null, "causesothe": null, "history_da": null, "activity": "Active", "latitude": 24.070611, "globalid": "{B2B83555-65B6-4610-B3B4-EA923BDE69E8}", "u_lat": null, "movementra": null, "depthinmet": null, "landuse_af": " ", "preliminar": null, "hydrologic": "Wet", "lengthinme": null, "railwayl_1": null, "distributi": "Confined", "widthinmet": null, "landslid_2": null, "gsi_user": null, "landslid_3": null, "abstract": " ", "landslid_1": null, "toposheet_": null, "datacreate": null, "geomorphol": "Highly dissected hill", "landslid_4": null, "impactorda": null, "triggering": "Rainfall", "landslidep": null, "depth": 1, "landslidet": null, "livestock_": " ", "landslides": null, "report": " ", "width": 8, "infrastruc": "Road", "damsbarrag": null, "livestockd": null, "nh_sh_loca": "Hmunpui-Kedacherra new road section", "livestocki": null, "date": null, "joint": null, "ls_area": 104, "geoscienti": "Fractured nature of rock, presence of shale acting as lubricating material", "landslided": null, "roadsaff_1": null, "landslidec": null, "source": null, "photos": " ", "date_acc": null, "geology1": "", "rmr": null, "contactaff": null, "reactiva_2": 0, "landuselan": null, "reactiva_1": 0, "roadblocke": null, "longitude": 92.290944, "failure_me": "Shallow translational failure", "toposheet": "84D08", "roadsaffec": null, "usertype": null, "contactnam": null, "housesbu_1": null, "id_lan": null, "movement_t": "Slide", "image_land": " ", "class_numb": null, "othersaffe": null, "slopegeome": null, "people_aff": " ", "contactmob": null, "movement_r": "Rapid", "peopleinju": null, "rejected_r": null, "district": "North Tripura", "slide_name": " ", "pre_remedi": "maintain proper drainage for the rain water, sealing of the cracks", "runoutdist": null, "otherinfom": null, "roadbenche": null, "failuremec": null, "geology": "Splintery grey shale, siltstone", "contactema": null, "material_t": "Rock", "bedding": null, "humancause": null, "initiation": 2015, "alert": " ", "exactdatei": null, "dataupda_1": null, "geo_acc": null, "realignmen": null, "village": null, "initiati_1": 2015, "duration_o": null, "citation": "Santosh PK et al., 2016. Macro-scale (1:50,000) landslide susceptibility Mapping in parts of toposheets no. 79M/13, 14, 83D/4, 8, 84A/1, 2, 5, 6, North Tripura and Dhalai districts, Tripura. Unpub. GSI report of FS 2015-2016.", "subdivisio": null, "damsbarr_1": null, "length": 13, "volumeinme": null, "slide_none": null, "railwaylin": null, "remedial_1": null, "structure": "Fractured", "railwayben": null, "ls_volume": 104, "peopledead": null, "runout_dis": 0, "rainfallin": null, "drainage": null, "heightinme": null, "objectid": 11299, "remarks": " ", "internalsl": null, "remedialno": null}}, {"geometry": {"type": "Point", "coordinates": [92.12041700000003, 23.79730600000005], "crs": null}, "id": 12032, "type": "Feature", "properties": {"materialin": null, "oldslide_n": null, "otherlandu": null, "geological": null, "id_project": null, "dataupdate": null, "locationde": null, "communicat": " ", "u_long": null, "class_type": null, "amount_of_": null, "date_and_t": null, "id": null, "state": "Tripura", "landuse_la": "Settlement", "reviewed_d": null, "height": 13, "movementty": null, "persons_de": " ", "remedialot": null, "datetimety": null, "vulnerabil": null, "reactivati": 0, "slide_no": "TR/DHA/84A01/2015/39", "report_lan": " ", "reviewed_t": null, "datacrea_1": null, "inducingfa": null, "tocken": null, "check_stat": null, "retainings": null, "morphologi": null, "areainsqme": null, "powerinfra": null, "style": "Single", "housesbuil": null, "weatheredm": null, "status": null, "causesothe": null, "history_da": null, "activity": "Active", "latitude": 23.797306, "globalid": "{3EF2A0E0-4D93-48C7-A623-A78627912028}", "u_lat": null, "movementra": null, "depthinmet": null, "landuse_af": " ", "preliminar": null, "hydrologic": "Wet", "lengthinme": null, "railwayl_1": null, "distributi": "Retrogressive", "widthinmet": null, "landslid_2": null, "gsi_user": null, "landslid_3": null, "abstract": " ", "landslid_1": null, "toposheet_": null, "datacreate": null, "geomorphol": "Moderately dissected hill", "landslid_4": null, "impactorda": null, "triggering": "Rainfall", "landslidep": null, "depth": 1, "landslidet": null, "livestock_": " ", "landslides": null, "report": " ", "width": 12, "infrastruc": " ", "damsbarrag": null, "livestockd": null, "nh_sh_loca": "Bothraipara", "livestocki": null, "date": null, "joint": null, "ls_area": 264, "geoscienti": "toe cutting for road, loose condition of the overburden", "landslided": null, "roadsaff_1": null, "landslidec": null, "source": null, "photos": " ", "date_acc": null, "geology1": "", "rmr": null, "contactaff": null, "reactiva_2": 0, "landuselan": null, "reactiva_1": 0, "roadblocke": null, "longitude": 92.120417, "failure_me": "Shallow translational failure", "toposheet": "84A01", "roadsaffec": null, "usertype": null, "contactnam": null, "housesbu_1": null, "id_lan": null, "movement_t": "Slide", "image_land": " ", "class_numb": null, "othersaffe": null, "slopegeome": null, "people_aff": " ", "contactmob": null, "movement_r": "Rapid", "peopleinju": null, "rejected_r": null, "district": "Dhalai", "slide_name": " ", "pre_remedi": "maintain proper drainage", "runoutdist": null, "otherinfom": null, "roadbenche": null, "failuremec": null, "geology": "Shale", "contactema": null, "material_t": "Debris", "bedding": null, "humancause": null, "initiation": 2015, "alert": " ", "exactdatei": null, "dataupda_1": null, "geo_acc": null, "realignmen": null, "village": null, "initiati_1": 2015, "duration_o": null, "citation": "Santosh PK et al., 2016. Macro-scale (1:50,000) landslide susceptibility Mapping in parts of toposheets no. 79M/13, 14, 83D/4, 8, 84A/1, 2, 5, 6, North Tripura and Dhalai districts, Tripura. Unpub. GSI report of FS 2015-2016.", "subdivisio": null, "damsbarr_1": null, "length": 22, "volumeinme": null, "slide_none": null, "railwaylin": null, "remedial_1": null, "structure": " ", "railwayben": null, "ls_volume": 264, "peopledead": null, "runout_dis": 0, "rainfallin": null, "drainage": null, "heightinme": null, "objectid": 12032, "remarks": " ", "internalsl": null, "remedialno": null}}, {"geometry": {"type": "Point", "coordinates": [91.55205600000005, 23.793444000000022], "crs": null}, "id": 13030, "type": "Feature", "properties": {"materialin": null, "oldslide_n": null, "otherlandu": null, "geological": null, "id_project": null, "dataupdate": null, "locationde": null, "communicat": " ", "u_long": null, "class_type": null, "amount_of_": null, "date_and_t": null, "id": null, "state": "Tripura", "landuse_la": "Settlement", "reviewed_d": null, "height": 45, "movementty": null, "persons_de": " ", "remedialot": null, "datetimety": null, "vulnerabil": null, "reactivati": 0, "slide_no": "TR/GMT/79 M10/2018/006", "report_lan": " ", "reviewed_t": null, "datacrea_1": null, "inducingfa": null, "tocken": null, "check_stat": null, "retainings": null, "morphologi": null, "areainsqme": null, "powerinfra": null, "style": "Multiple", "housesbuil": null, "weatheredm": null, "status": null, "causesothe": null, "history_da": null, "activity": "Active", "latitude": 23.793444, "globalid": "{B7CDBF74-FD0E-46F8-8580-E11C1220B1EA}", "u_lat": null, "movementra": null, "depthinmet": null, "landuse_af": " ", "preliminar": null, "hydrologic": "Dry", "lengthinme": null, "railwayl_1": null, "distributi": "Advancing, retrogressive & enlarging", "widthinmet": null, "landslid_2": null, "gsi_user": null, "landslid_3": null, "abstract": " ", "landslid_1": null, "toposheet_": null, "datacreate": null, "geomorphol": "Rolling plain", "landslid_4": null, "impactorda": null, "triggering": "Rainfall", "landslidep": null, "depth": 0, "landslidet": null, "livestock_": " ", "landslides": null, "report": " ", "width": 120, "infrastruc": "11 houses completely damaged and 16 houses partially damaged.", "damsbarrag": null, "livestockd": null, "nh_sh_loca": "Near Taidu Police Station, Ompi Block", "livestocki": null, "date": null, "joint": null, "ls_area": 0, "geoscienti": "The thickness of the overburden and the highly weathered nature of the lithology comprising of unconsolidated and friable ferruginous sandstone with small clay pocket is one of the main causal factors. Extensive slope excavation for construction of the h", "landslided": null, "roadsaff_1": null, "landslidec": null, "source": null, "photos": " ", "date_acc": null, "geology1": "", "rmr": null, "contactaff": null, "reactiva_2": 0, "landuselan": null, "reactiva_1": 0, "roadblocke": null, "longitude": 91.552056, "failure_me": "Shallow planar failure", "toposheet": "79M10", "roadsaffec": null, "usertype": null, "contactnam": null, "housesbu_1": null, "id_lan": null, "movement_t": "Slide", "image_land": "0", "class_numb": null, "othersaffe": null, "slopegeome": null, "people_aff": " ", "contactmob": null, "movement_r": "Rapid", "peopleinju": null, "rejected_r": null, "district": "Gomati", "slide_name": "Taidu landslide (opposite to Taidu Police Station)", "pre_remedi": "Removal of landslide debris, overhanging material and load such as tall trees with penetrative roots, banana groves, etc from the crown of the slope.  Proper channelization of domestic and natural drainage, preferably concrete lined drainage will help to", "runoutdist": null, "otherinfom": null, "roadbenche": null, "failuremec": null, "geology": "Tipam Group of rocks represented by highly weathered, friable, unconsolidated, yellowish to light brown colour, fine to medium grained, ferruginous sandstone with small mudstone/clay pockets.", "contactema": null, "material_t": "Soil", "bedding": null, "humancause": null, "initiation": 0, "alert": "III", "exactdatei": null, "dataupda_1": null, "geo_acc": null, "realignmen": null, "village": null, "initiati_1": 0, "duration_o": null, "citation": " ", "subdivisio": null, "damsbarr_1": null, "length": 50, "volumeinme": null, "slide_none": null, "railwaylin": null, "remedial_1": null, "structure": "The rocks units of the Tipam Formation in the area are easterly dipping with dip amount ranging from 5\u252c\u25918\u252c\u2591.", "railwayben": null, "ls_volume": 0, "peopledead": null, "runout_dis": 20, "rainfallin": null, "drainage": null, "heightinme": null, "objectid": 13030, "remarks": "The houses both upslope and downslope are at risk. Considering the risk of lives and economic factors, a detailed slope stability studies may be carried out to understand the causative factor and to work out an appropriate and long term mitigation measur", "internalsl": null, "remedialno": null}}, {"geometry": {"type": "Point", "coordinates": [92.24158300000005, 23.882833000000062], "crs": null}, "id": 13388, "type": "Feature", "properties": {"materialin": null, "oldslide_n": null, "otherlandu": null, "geological": null, "id_project": null, "dataupdate": null, "locationde": null, "communicat": " ", "u_long": null, "class_type": null, "amount_of_": null, "date_and_t": null, "id": null, "state": "Tripura", "landuse_la": "Moderate vegetation", "reviewed_d": null, "height": 6, "movementty": null, "persons_de": " ", "remedialot": null, "datetimety": null, "vulnerabil": null, "reactivati": 0, "slide_no": "TR/NTR/84A01/2015/37", "report_lan": " ", "reviewed_t": null, "datacrea_1": null, "inducingfa": null, "tocken": null, "check_stat": null, "retainings": null, "morphologi": null, "areainsqme": null, "powerinfra": null, "style": "Single", "housesbuil": null, "weatheredm": null, "status": null, "causesothe": null, "history_da": null, "activity": "Active", "latitude": 23.882833, "globalid": "{8D60D915-03D2-45A6-B2D7-70D36AEE84B0}", "u_lat": null, "movementra": null, "depthinmet": null, "landuse_af": " ", "preliminar": null, "hydrologic": "Dry", "lengthinme": null, "railwayl_1": null, "distributi": "Confined", "widthinmet": null, "landslid_2": null, "gsi_user": null, "landslid_3": null, "abstract": " ", "landslid_1": null, "toposheet_": null, "datacreate": null, "geomorphol": "Highly dissected hill", "landslid_4": null, "impactorda": null, "triggering": "Rainfall", "landslidep": null, "depth": 1, "landslidet": null, "livestock_": " ", "landslides": null, "report": " ", "width": 5, "infrastruc": " ", "damsbarrag": null, "livestockd": null, "nh_sh_loca": " ", "livestocki": null, "date": null, "joint": null, "ls_area": 40, "geoscienti": "Steep slope & material", "landslided": null, "roadsaff_1": null, "landslidec": null, "source": null, "photos": " ", "date_acc": null, "geology1": "", "rmr": null, "contactaff": null, "reactiva_2": 0, "landuselan": null, "reactiva_1": 0, "roadblocke": null, "longitude": 92.241583, "failure_me": "Shallow translational failure", "toposheet": "84A01", "roadsaffec": null, "usertype": null, "contactnam": null, "housesbu_1": null, "id_lan": null, "movement_t": "Slide", "image_land": " ", "class_numb": null, "othersaffe": null, "slopegeome": null, "people_aff": " ", "contactmob": null, "movement_r": "Rapid", "peopleinju": null, "rejected_r": null, "district": "North Tripura", "slide_name": " ", "pre_remedi": "Slope moderation &/ aforestation", "runoutdist": null, "otherinfom": null, "roadbenche": null, "failuremec": null, "geology": "Shale-siltstone", "contactema": null, "material_t": "Debris", "bedding": null, "humancause": null, "initiation": 2015, "alert": " ", "exactdatei": null, "dataupda_1": null, "geo_acc": null, "realignmen": null, "village": null, "initiati_1": 2015, "duration_o": null, "citation": "Santosh PK et al., 2016. Macro-scale (1:50,000) landslide susceptibility Mapping in parts of toposheets no. 79M/13, 14, 83D/4, 8, 84A/1, 2, 5, 6, North Tripura and Dhalai districts, Tripura. Unpub. GSI report of FS 2015-2016.", "subdivisio": null, "damsbarr_1": null, "length": 8, "volumeinme": null, "slide_none": null, "railwaylin": null, "remedial_1": null, "structure": "Fractured", "railwayben": null, "ls_volume": 40, "peopledead": null, "runout_dis": 10, "rainfallin": null, "drainage": null, "heightinme": null, "objectid": 13388, "remarks": "About 15 m apart", "internalsl": null, "remedialno": null}}, {"geometry": {"type": "Point", "coordinates": [92.10069400000003, 24.03350000000006], "crs": null}, "id": 14122, "type": "Feature", "properties": {"materialin": null, "oldslide_n": null, "otherlandu": null, "geological": null, "id_project": null, "dataupdate": null, "locationde": null, "communicat": " ", "u_long": null, "class_type": null, "amount_of_": null, "date_and_t": null, "id": null, "state": "Tripura", "landuse_la": " Thick vegetation", "reviewed_d": null, "height": 5, "movementty": null, "persons_de": " ", "remedialot": null, "datetimety": null, "vulnerabil": null, "reactivati": 0, "slide_no": "TR/DHA/84D04/2015/57", "report_lan": " ", "reviewed_t": null, "datacrea_1": null, "inducingfa": null, "tocken": null, "check_stat": null, "retainings": null, "morphologi": null, "areainsqme": null, "powerinfra": null, "style": "Single", "housesbuil": null, "weatheredm": null, "status": null, "causesothe": null, "history_da": null, "activity": "Active", "latitude": 24.0335, "globalid": "{FFE3BDE1-1FAD-4DF7-89BA-217B95A90BC7}", "u_lat": null, "movementra": null, "depthinmet": null, "landuse_af": " ", "preliminar": null, "hydrologic": "Dry", "lengthinme": null, "railwayl_1": null, "distributi": "Retrogressive", "widthinmet": null, "landslid_2": null, "gsi_user": null, "landslid_3": null, "abstract": " ", "landslid_1": null, "toposheet_": null, "datacreate": null, "geomorphol": "Moderately dissected hill", "landslid_4": null, "impactorda": null, "triggering": "Rainfall", "landslidep": null, "depth": 1, "landslidet": null, "livestock_": " ", "landslides": null, "report": " ", "width": 15, "infrastruc": "Road", "damsbarrag": null, "livestockd": null, "nh_sh_loca": "Near Manaraipara, Kanchanpur- Manu road", "livestocki": null, "date": null, "joint": null, "ls_area": 90, "geoscienti": "Oversaturation of the slope materials", "landslided": null, "roadsaff_1": null, "landslidec": null, "source": null, "photos": " ", "date_acc": null, "geology1": "", "rmr": null, "contactaff": null, "reactiva_2": 0, "landuselan": null, "reactiva_1": 0, "roadblocke": null, "longitude": 92.100694, "failure_me": "Shallow translational failure", "toposheet": "84D04", "roadsaffec": null, "usertype": null, "contactnam": null, "housesbu_1": null, "id_lan": null, "movement_t": "Slide", "image_land": " ", "class_numb": null, "othersaffe": null, "slopegeome": null, "people_aff": " ", "contactmob": null, "movement_r": "Rapid", "peopleinju": null, "rejected_r": null, "district": "Dhalai", "slide_name": " ", "pre_remedi": "remove the over hangs, diversion of rain water by maintaining  proper", "runoutdist": null, "otherinfom": null, "roadbenche": null, "failuremec": null, "geology": "splintery sandy/ silty shale", "contactema": null, "material_t": "Earth", "bedding": null, "humancause": null, "initiation": 2016, "alert": " ", "exactdatei": null, "dataupda_1": null, "geo_acc": null, "realignmen": null, "village": null, "initiati_1": 2016, "duration_o": null, "citation": "Santosh PK et al., 2016. Macro-scale (1:50,000) landslide susceptibility Mapping in parts of toposheets no. 79M/13, 14, 83D/4, 8, 84A/1, 2, 5, 6, North Tripura and Dhalai districts, Tripura. Unpub. GSI report of FS 2015-2016.", "subdivisio": null, "damsbarr_1": null, "length": 6, "volumeinme": null, "slide_none": null, "railwaylin": null, "remedial_1": null, "structure": " ", "railwayben": null, "ls_volume": 90, "peopledead": null, "runout_dis": 0, "rainfallin": null, "drainage": null, "heightinme": null, "objectid": 14122, "remarks": " ", "internalsl": null, "remedialno": null}}, {"geometry": {"type": "Point", "coordinates": [92.01511100000005, 23.663361000000066], "crs": null}, "id": 15197, "type": "Feature", "properties": {"materialin": null, "oldslide_n": null, "otherlandu": null, "geological": null, "id_project": null, "dataupdate": null, "locationde": null, "communicat": " ", "u_long": null, "class_type": null, "amount_of_": null, "date_and_t": null, "id": null, "state": "Tripura", "landuse_la": " Thick vegetation", "reviewed_d": null, "height": 45, "movementty": null, "persons_de": " ", "remedialot": null, "datetimety": null, "vulnerabil": null, "reactivati": 0, "slide_no": "TR/DHA/84A02/2015/19", "report_lan": " ", "reviewed_t": null, "datacrea_1": null, "inducingfa": null, "tocken": null, "check_stat": null, "retainings": null, "morphologi": null, "areainsqme": null, "powerinfra": null, "style": "Single", "housesbuil": null, "weatheredm": null, "status": null, "causesothe": null, "history_da": null, "activity": "Active", "latitude": 23.663361, "globalid": "{3D4A7E26-EA45-465C-9703-7804FD5D14C2}", "u_lat": null, "movementra": null, "depthinmet": null, "landuse_af": " ", "preliminar": null, "hydrologic": "Wet", "lengthinme": null, "railwayl_1": null, "distributi": "Advancing", "widthinmet": null, "landslid_2": null, "gsi_user": null, "landslid_3": null, "abstract": " ", "landslid_1": null, "toposheet_": null, "datacreate": null, "geomorphol": "Moderately dissected hill", "landslid_4": null, "impactorda": null, "triggering": "Rainfall", "landslidep": null, "depth": 1, "landslidet": null, "livestock_": " ", "landslides": null, "report": " ", "width": 40, "infrastruc": " ", "damsbarrag": null, "livestockd": null, "nh_sh_loca": "Near Manoranjan BSF BOP", "livestocki": null, "date": null, "joint": null, "ls_area": 2000, "geoscienti": "Oversaturation of the slope materials", "landslided": null, "roadsaff_1": null, "landslidec": null, "source": null, "photos": " ", "date_acc": null, "geology1": "", "rmr": null, "contactaff": null, "reactiva_2": 0, "landuselan": null, "reactiva_1": 0, "roadblocke": null, "longitude": 92.015111, "failure_me": "Shallow translational failure", "toposheet": "84A02", "roadsaffec": null, "usertype": null, "contactnam": null, "housesbu_1": null, "id_lan": null, "movement_t": "Slide", "image_land": " ", "class_numb": null, "othersaffe": null, "slopegeome": null, "people_aff": " ", "contactmob": null, "movement_r": "Rapid", "peopleinju": null, "rejected_r": null, "district": "Dhalai", "slide_name": " ", "pre_remedi": "diversion of rain water by maintaining  proper drainage", "runoutdist": null, "otherinfom": null, "roadbenche": null, "failuremec": null, "geology": "Shale-siltstone with sand parting", "contactema": null, "material_t": "Debris", "bedding": null, "humancause": null, "initiation": 2015, "alert": " ", "exactdatei": null, "dataupda_1": null, "geo_acc": null, "realignmen": null, "village": null, "initiati_1": 2015, "duration_o": null, "citation": "Santosh PK et al., 2016. Macro-scale (1:50,000) landslide susceptibility Mapping in parts of toposheets no. 79M/13, 14, 83D/4, 8, 84A/1, 2, 5, 6, North Tripura and Dhalai districts, Tripura. Unpub. GSI report of FS 2015-2016.", "subdivisio": null, "damsbarr_1": null, "length": 50, "volumeinme": null, "slide_none": null, "railwaylin": null, "remedial_1": null, "structure": " ", "railwayben": null, "ls_volume": 2000, "peopledead": null, "runout_dis": 0, "rainfallin": null, "drainage": null, "heightinme": null, "objectid": 15197, "remarks": " ", "internalsl": null, "remedialno": null}}, {"geometry": {"type": "Point", "coordinates": [91.47527800000006, 23.98033300000003], "crs": null}, "id": 15242, "type": "Feature", "properties": {"materialin": null, "oldslide_n": null, "otherlandu": null, "geological": null, "id_project": null, "dataupdate": null, "locationde": null, "communicat": " ", "u_long": null, "class_type": null, "amount_of_": null, "date_and_t": null, "id": null, "state": "Tripura", "landuse_la": "Settlement, thick vegetation and cultivated paddy fields in the downslope plain areas", "reviewed_d": null, "height": 15, "movementty": null, "persons_de": "1 (17 yr old girl)", "remedialot": null, "datetimety": null, "vulnerabil": null, "reactivati": 0, "slide_no": "TR/GMT/79 M09/2018/008", "report_lan": " ", "reviewed_t": null, "datacrea_1": null, "inducingfa": null, "tocken": null, "check_stat": null, "retainings": null, "morphologi": null, "areainsqme": null, "powerinfra": null, "style": "Multiple", "housesbuil": null, "weatheredm": null, "status": null, "causesothe": null, "history_da": null, "activity": "Reactivated", "latitude": 23.980333, "globalid": "{1AF85CE7-3695-4E84-A276-738B370F8A56}", "u_lat": null, "movementra": null, "depthinmet": null, "landuse_af": " ", "preliminar": null, "hydrologic": "Dry", "lengthinme": null, "railwayl_1": null, "distributi": "Advancing & retrogressive", "widthinmet": null, "landslid_2": null, "gsi_user": null, "landslid_3": null, "abstract": "I (Yellow)", "landslid_1": null, "toposheet_": null, "datacreate": null, "geomorphol": "Rolling plain", "landslid_4": null, "impactorda": null, "triggering": "Rainfall", "landslidep": null, "depth": 0, "landslidet": null, "livestock_": " ", "landslides": null, "report": " ", "width": 25, "infrastruc": "1 house completely damaged", "damsbarrag": null, "livestockd": null, "nh_sh_loca": "Palku, Ompi Block", "livestocki": null, "date": null, "joint": null, "ls_area": 0, "geoscienti": " ", "landslided": null, "roadsaff_1": null, "landslidec": null, "source": null, "photos": " ", "date_acc": null, "geology1": "", "rmr": null, "contactaff": null, "reactiva_2": 0, "landuselan": null, "reactiva_1": 0, "roadblocke": null, "longitude": 91.475278, "failure_me": "Shallow planar failure", "toposheet": "79 M09", "roadsaffec": null, "usertype": null, "contactnam": null, "housesbu_1": null, "id_lan": null, "movement_t": "Slide", "image_land": "0", "class_numb": null, "othersaffe": null, "slopegeome": null, "people_aff": "1", "contactmob": null, "movement_r": "Rapid", "peopleinju": null, "rejected_r": null, "district": "Gomati", "slide_name": "Sontang no.3 landslide", "pre_remedi": "It is a reactivated slide. The loose debris from old minor landslides and the resultant cracks that have developed on the ground indicate instability and contribute as one of the major causes of this particular earthslide. Excavation of natural slope for", "runoutdist": null, "otherinfom": null, "roadbenche": null, "failuremec": null, "geology": "Tipam Group of rocks represented by highly weathered, friable, unconsolidated, yellowish to light brown colour, fine to medium grained, ferruginous sandstone with small mudstone/clay pockets.", "contactema": null, "material_t": "Soil", "bedding": null, "humancause": null, "initiation": 0, "alert": " ", "exactdatei": null, "dataupda_1": null, "geo_acc": null, "realignmen": null, "village": null, "initiati_1": 0, "duration_o": null, "citation": " ", "subdivisio": null, "damsbarr_1": null, "length": 20, "volumeinme": null, "slide_none": null, "railwaylin": null, "remedial_1": null, "structure": "The rocks units of the Tipam Formation in the area are easterly dipping with dip amount ranging from 10\u252c\u259115\u252c\u2591.", "railwayben": null, "ls_volume": 0, "peopledead": null, "runout_dis": 9, "rainfallin": null, "drainage": null, "heightinme": null, "objectid": 15242, "remarks": "Channelization and lining of drainage that runs along the slope;  Removal of the overhanging and advancing material from the slope; Slope moderation by benching to stabilize the slope.", "internalsl": null, "remedialno": null}}, {"geometry": {"type": "Point", "coordinates": [92.28805600000004, 23.89125000000007], "crs": null}, "id": 15786, "type": "Feature", "properties": {"materialin": null, "oldslide_n": null, "otherlandu": null, "geological": null, "id_project": null, "dataupdate": null, "locationde": null, "communicat": " ", "u_long": null, "class_type": null, "amount_of_": null, "date_and_t": null, "id": null, "state": "Tripura", "landuse_la": " Thick vegetation", "reviewed_d": null, "height": 12, "movementty": null, "persons_de": " ", "remedialot": null, "datetimety": null, "vulnerabil": null, "reactivati": 0, "slide_no": "TR/NTR/84A05/2015/30", "report_lan": " ", "reviewed_t": null, "datacrea_1": null, "inducingfa": null, "tocken": null, "check_stat": null, "retainings": null, "morphologi": null, "areainsqme": null, "powerinfra": null, "style": "Single", "housesbuil": null, "weatheredm": null, "status": null, "causesothe": null, "history_da": null, "activity": "Active", "latitude": 23.89125, "globalid": "{894886FE-55A1-4D19-A52E-506B59184AC5}", "u_lat": null, "movementra": null, "depthinmet": null, "landuse_af": " ", "preliminar": null, "hydrologic": "Dry", "lengthinme": null, "railwayl_1": null, "distributi": "Widening", "widthinmet": null, "landslid_2": null, "gsi_user": null, "landslid_3": null, "abstract": " ", "landslid_1": null, "toposheet_": null, "datacreate": null, "geomorphol": "Highly dissected hill", "landslid_4": null, "impactorda": null, "triggering": "Rainfall", "landslidep": null, "depth": 1, "landslidet": null, "livestock_": " ", "landslides": null, "report": " ", "width": 6, "infrastruc": " ", "damsbarrag": null, "livestockd": null, "nh_sh_loca": "W of Tharmapara", "livestocki": null, "date": null, "joint": null, "ls_area": 84, "geoscienti": "Steep slope", "landslided": null, "roadsaff_1": null, "landslidec": null, "source": null, "photos": " ", "date_acc": null, "geology1": "", "rmr": null, "contactaff": null, "reactiva_2": 0, "landuselan": null, "reactiva_1": 0, "roadblocke": null, "longitude": 92.288056, "failure_me": "Shallow translational failure", "toposheet": "84A05", "roadsaffec": null, "usertype": null, "contactnam": null, "housesbu_1": null, "id_lan": null, "movement_t": "Slide", "image_land": " ", "class_numb": null, "othersaffe": null, "slopegeome": null, "people_aff": " ", "contactmob": null, "movement_r": "Rapid", "peopleinju": null, "rejected_r": null, "district": "North Tripura", "slide_name": " ", "pre_remedi": "maintain proper drainage", "runoutdist": null, "otherinfom": null, "roadbenche": null, "failuremec": null, "geology": "Siltstone, sandstone with shale", "contactema": null, "material_t": "Debris", "bedding": null, "humancause": null, "initiation": 0, "alert": " ", "exactdatei": null, "dataupda_1": null, "geo_acc": null, "realignmen": null, "village": null, "initiati_1": 0, "duration_o": null, "citation": "Santosh PK et al., 2016. Macro-scale (1:50,000) landslide susceptibility Mapping in parts of toposheets no. 79M/13, 14, 83D/4, 8, 84A/1, 2, 5, 6, North Tripura and Dhalai districts, Tripura. Unpub. GSI report of FS 2015-2016.", "subdivisio": null, "damsbarr_1": null, "length": 14, "volumeinme": null, "slide_none": null, "railwaylin": null, "remedial_1": null, "structure": " ", "railwayben": null, "ls_volume": 84, "peopledead": null, "runout_dis": 0, "rainfallin": null, "drainage": null, "heightinme": null, "objectid": 15786, "remarks": " ", "internalsl": null, "remedialno": null}}, {"geometry": {"type": "Point", "coordinates": [92.05452800000006, 23.68741700000004], "crs": null}, "id": 16890, "type": "Feature", "properties": {"materialin": null, "oldslide_n": null, "otherlandu": null, "geological": null, "id_project": null, "dataupdate": null, "locationde": null, "communicat": " ", "u_long": null, "class_type": null, "amount_of_": null, "date_and_t": null, "id": null, "state": "Tripura", "landuse_la": "Moderate vegetation", "reviewed_d": null, "height": 30, "movementty": null, "persons_de": " ", "remedialot": null, "datetimety": null, "vulnerabil": null, "reactivati": 0, "slide_no": "TR/DHA/84A02/2015/17", "report_lan": " ", "reviewed_t": null, "datacrea_1": null, "inducingfa": null, "tocken": null, "check_stat": null, "retainings": null, "morphologi": null, "areainsqme": null, "powerinfra": null, "style": "Single", "housesbuil": null, "weatheredm": null, "status": null, "causesothe": null, "history_da": null, "activity": "Suspended", "latitude": 23.687417, "globalid": "{46A97629-ECF8-4E92-993F-5ACEE54A54C6}", "u_lat": null, "movementra": null, "depthinmet": null, "landuse_af": " ", "preliminar": null, "hydrologic": "Wet", "lengthinme": null, "railwayl_1": null, "distributi": "Widening", "widthinmet": null, "landslid_2": null, "gsi_user": null, "landslid_3": null, "abstract": " ", "landslid_1": null, "toposheet_": null, "datacreate": null, "geomorphol": "Moderately dissected hill", "landslid_4": null, "impactorda": null, "triggering": "Rainfall", "landslidep": null, "depth": 1, "landslidet": null, "livestock_": " ", "landslides": null, "report": " ", "width": 15, "infrastruc": " ", "damsbarrag": null, "livestockd": null, "nh_sh_loca": " ", "livestocki": null, "date": null, "joint": null, "ls_area": 525, "geoscienti": "Slope modification and material", "landslided": null, "roadsaff_1": null, "landslidec": null, "source": null, "photos": " ", "date_acc": null, "geology1": "", "rmr": null, "contactaff": null, "reactiva_2": 0, "landuselan": null, "reactiva_1": 0, "roadblocke": null, "longitude": 92.054528, "failure_me": "Shallow translational failure", "toposheet": "84A02", "roadsaffec": null, "usertype": null, "contactnam": null, "housesbu_1": null, "id_lan": null, "movement_t": "Slide", "image_land": " ", "class_numb": null, "othersaffe": null, "slopegeome": null, "people_aff": " ", "contactmob": null, "movement_r": "Rapid", "peopleinju": null, "rejected_r": null, "district": "Dhalai", "slide_name": " ", "pre_remedi": "maintaining  proper drainage system", "runoutdist": null, "otherinfom": null, "roadbenche": null, "failuremec": null, "geology": "Slaty shale", "contactema": null, "material_t": "Debris", "bedding": null, "humancause": null, "initiation": 0, "alert": " ", "exactdatei": null, "dataupda_1": null, "geo_acc": null, "realignmen": null, "village": null, "initiati_1": 0, "duration_o": null, "citation": "Santosh PK et al., 2016. Macro-scale (1:50,000) landslide susceptibility Mapping in parts of toposheets no. 79M/13, 14, 83D/4, 8, 84A/1, 2, 5, 6, North Tripura and Dhalai districts, Tripura. Unpub. GSI report of FS 2015-2016.", "subdivisio": null, "damsbarr_1": null, "length": 35, "volumeinme": null, "slide_none": null, "railwaylin": null, "remedial_1": null, "structure": " ", "railwayben": null, "ls_volume": 525, "peopledead": null, "runout_dis": 0, "rainfallin": null, "drainage": null, "heightinme": null, "objectid": 16890, "remarks": " ", "internalsl": null, "remedialno": null}}, {"geometry": {"type": "Point", "coordinates": [92.05544400000008, 23.691167000000064], "crs": null}, "id": 17263, "type": "Feature", "properties": {"materialin": null, "oldslide_n": null, "otherlandu": null, "geological": null, "id_project": null, "dataupdate": null, "locationde": null, "communicat": " ", "u_long": null, "class_type": null, "amount_of_": null, "date_and_t": null, "id": null, "state": "Tripura", "landuse_la": "Moderate vegetation", "reviewed_d": null, "height": 10, "movementty": null, "persons_de": " ", "remedialot": null, "datetimety": null, "vulnerabil": null, "reactivati": 0, "slide_no": "TR/DHA/84A02/2015/16", "report_lan": " ", "reviewed_t": null, "datacrea_1": null, "inducingfa": null, "tocken": null, "check_stat": null, "retainings": null, "morphologi": null, "areainsqme": null, "powerinfra": null, "style": "Single", "housesbuil": null, "weatheredm": null, "status": null, "causesothe": null, "history_da": null, "activity": "Active", "latitude": 23.691167, "globalid": "{01999D88-4375-4135-A6CB-196CAF3D656C}", "u_lat": null, "movementra": null, "depthinmet": null, "landuse_af": " ", "preliminar": null, "hydrologic": "Dry", "lengthinme": null, "railwayl_1": null, "distributi": "Retrogressive", "widthinmet": null, "landslid_2": null, "gsi_user": null, "landslid_3": null, "abstract": " ", "landslid_1": null, "toposheet_": null, "datacreate": null, "geomorphol": "Moderately dissected hill", "landslid_4": null, "impactorda": null, "triggering": "Rainfall", "landslidep": null, "depth": 1, "landslidet": null, "livestock_": " ", "landslides": null, "report": " ", "width": 30, "infrastruc": "Electric poles and cables damaged", "damsbarrag": null, "livestockd": null, "nh_sh_loca": "32 miles to Gobindabari road", "livestocki": null, "date": null, "joint": null, "ls_area": 450, "geoscienti": "Toe cutting & Material & dip", "landslided": null, "roadsaff_1": null, "landslidec": null, "source": null, "photos": " ", "date_acc": null, "geology1": "", "rmr": null, "contactaff": null, "reactiva_2": 0, "landuselan": null, "reactiva_1": 0, "roadblocke": null, "longitude": 92.055444, "failure_me": "Shallow translational failure", "toposheet": "84A02", "roadsaffec": null, "usertype": null, "contactnam": null, "housesbu_1": null, "id_lan": null, "movement_t": "Slide", "image_land": " ", "class_numb": null, "othersaffe": null, "slopegeome": null, "people_aff": " ", "contactmob": null, "movement_r": "Rapid", "peopleinju": null, "rejected_r": null, "district": "Dhalai", "slide_name": " ", "pre_remedi": " ", "runoutdist": null, "otherinfom": null, "roadbenche": null, "failuremec": null, "geology": "Sandstone with siltstone & shale", "contactema": null, "material_t": "Rock", "bedding": null, "humancause": null, "initiation": 2015, "alert": " ", "exactdatei": null, "dataupda_1": null, "geo_acc": null, "realignmen": null, "village": null, "initiati_1": 2015, "duration_o": null, "citation": "Santosh PK et al., 2016. Macro-scale (1:50,000) landslide susceptibility Mapping in parts of toposheets no. 79M/13, 14, 83D/4, 8, 84A/1, 2, 5, 6, North Tripura and Dhalai districts, Tripura. Unpub. GSI report of FS 2015-2016.", "subdivisio": null, "damsbarr_1": null, "length": 15, "volumeinme": null, "slide_none": null, "railwaylin": null, "remedial_1": null, "structure": " ", "railwayben": null, "ls_volume": 450, "peopledead": null, "runout_dis": 15, "rainfallin": null, "drainage": null, "heightinme": null, "objectid": 17263, "remarks": "Similar debris slides 10 m apart near the location", "internalsl": null, "remedialno": null}}, {"geometry": {"type": "Point", "coordinates": [91.34361000000007, 23.854170000000067], "crs": null}, "id": 17355, "type": "Feature", "properties": {"materialin": null, "oldslide_n": null, "otherlandu": null, "geological": null, "id_project": null, "dataupdate": null, "locationde": null, "communicat": "Road damaged", "u_long": null, "class_type": null, "amount_of_": null, "date_and_t": null, "id": null, "state": "Tripura", "landuse_la": " ", "reviewed_d": null, "height": 15, "movementty": null, "persons_de": " ", "remedialot": null, "datetimety": null, "vulnerabil": null, "reactivati": 0, "slide_no": "TRI/TRI-W/79M05/2009/G-1", "report_lan": " ", "reviewed_t": null, "datacrea_1": null, "inducingfa": null, "tocken": null, "check_stat": null, "retainings": null, "morphologi": null, "areainsqme": null, "powerinfra": null, "style": " ", "housesbuil": null, "weatheredm": null, "status": null, "causesothe": null, "history_da": null, "activity": " ", "latitude": 23.85417, "globalid": "{F2EB9B35-3C8D-4087-B621-FB3E20B1BC6E}", "u_lat": null, "movementra": null, "depthinmet": null, "landuse_af": " ", "preliminar": null, "hydrologic": "Wet", "lengthinme": null, "railwayl_1": null, "distributi": " ", "widthinmet": null, "landslid_2": null, "gsi_user": null, "landslid_3": null, "abstract": " ", "landslid_1": null, "toposheet_": null, "datacreate": null, "geomorphol": " ", "landslid_4": null, "impactorda": null, "triggering": " ", "landslidep": null, "depth": 0, "landslidet": null, "livestock_": " ", "landslides": null, "report": " ", "width": 12, "infrastruc": " ", "damsbarrag": null, "livestockd": null, "nh_sh_loca": " ", "livestocki": null, "date": null, "joint": null, "ls_area": 0, "geoscienti": "Unstable slope along the raised bridge from ground level which is under final construction stage", "landslided": null, "roadsaff_1": null, "landslidec": null, "source": null, "photos": " ", "date_acc": null, "geology1": "", "rmr": null, "contactaff": null, "reactiva_2": 0, "landuselan": null, "reactiva_1": 0, "roadblocke": null, "longitude": 91.34361, "failure_me": " ", "toposheet": "79M05", "roadsaffec": null, "usertype": null, "contactnam": null, "housesbu_1": null, "id_lan": null, "movement_t": "Slide", "image_land": " ", "class_numb": null, "othersaffe": null, "slopegeome": null, "people_aff": " ", "contactmob": null, "movement_r": " ", "peopleinju": null, "rejected_r": null, "district": "West Tripura", "slide_name": "Kayerpur Landslide", "pre_remedi": " ", "runoutdist": null, "otherinfom": null, "roadbenche": null, "failuremec": null, "geology": " ", "contactema": null, "material_t": "Debris", "bedding": null, "humancause": null, "initiation": 0, "alert": " ", "exactdatei": null, "dataupda_1": null, "geo_acc": null, "realignmen": null, "village": null, "initiati_1": 0, "duration_o": null, "citation": " ", "subdivisio": null, "damsbarr_1": null, "length": 30, "volumeinme": null, "slide_none": null, "railwaylin": null, "remedial_1": null, "structure": " ", "railwayben": null, "ls_volume": 0, "peopledead": null, "runout_dis": 0, "rainfallin": null, "drainage": null, "heightinme": null, "objectid": 17355, "remarks": " ", "internalsl": null, "remedialno": null}}, {"geometry": {"type": "Point", "coordinates": [92.29666700000007, 23.896194000000037], "crs": null}, "id": 17535, "type": "Feature", "properties": {"materialin": null, "oldslide_n": null, "otherlandu": null, "geological": null, "id_project": null, "dataupdate": null, "locationde": null, "communicat": " ", "u_long": null, "class_type": null, "amount_of_": null, "date_and_t": null, "id": null, "state": "Tripura", "landuse_la": "Moderate vegetation", "reviewed_d": null, "height": 6, "movementty": null, "persons_de": " ", "remedialot": null, "datetimety": null, "vulnerabil": null, "reactivati": 0, "slide_no": "TR/NTR/84A05/2015/28", "report_lan": " ", "reviewed_t": null, "datacrea_1": null, "inducingfa": null, "tocken": null, "check_stat": null, "retainings": null, "morphologi": null, "areainsqme": null, "powerinfra": null, "style": "Single", "housesbuil": null, "weatheredm": null, "status": null, "causesothe": null, "history_da": null, "activity": "Active", "latitude": 23.896194, "globalid": "{D7E7FE20-25B3-4654-8615-8844AE8FDEBF}", "u_lat": null, "movementra": null, "depthinmet": null, "landuse_af": " ", "preliminar": null, "hydrologic": "Wet", "lengthinme": null, "railwayl_1": null, "distributi": "Advancing", "widthinmet": null, "landslid_2": null, "gsi_user": null, "landslid_3": null, "abstract": " ", "landslid_1": null, "toposheet_": null, "datacreate": null, "geomorphol": "Highly dissected hill", "landslid_4": null, "impactorda": null, "triggering": "Rainfall", "landslidep": null, "depth": 1, "landslidet": null, "livestock_": " ", "landslides": null, "report": " ", "width": 3, "infrastruc": " ", "damsbarrag": null, "livestockd": null, "nh_sh_loca": " ", "livestocki": null, "date": null, "joint": null, "ls_area": 9, "geoscienti": "Steep slope; dense banana grove", "landslided": null, "roadsaff_1": null, "landslidec": null, "source": null, "photos": " ", "date_acc": null, "geology1": "", "rmr": null, "contactaff": null, "reactiva_2": 0, "landuselan": null, "reactiva_1": 0, "roadblocke": null, "longitude": 92.296667, "failure_me": "Shallow translational failure", "toposheet": "84A05", "roadsaffec": null, "usertype": null, "contactnam": null, "housesbu_1": null, "id_lan": null, "movement_t": "Slide", "image_land": " ", "class_numb": null, "othersaffe": null, "slopegeome": null, "people_aff": " ", "contactmob": null, "movement_r": "Rapid", "peopleinju": null, "rejected_r": null, "district": "North Tripura", "slide_name": " ", "pre_remedi": "maintain proper drainage", "runoutdist": null, "otherinfom": null, "roadbenche": null, "failuremec": null, "geology": "Sandstone", "contactema": null, "material_t": "Debris", "bedding": null, "humancause": null, "initiation": 0, "alert": " ", "exactdatei": null, "dataupda_1": null, "geo_acc": null, "realignmen": null, "village": null, "initiati_1": 0, "duration_o": null, "citation": "Santosh PK et al., 2016. Macro-scale (1:50,000) landslide susceptibility Mapping in parts of toposheets no. 79M/13, 14, 83D/4, 8, 84A/1, 2, 5, 6, North Tripura and Dhalai districts, Tripura. Unpub. GSI report of FS 2015-2016.", "subdivisio": null, "damsbarr_1": null, "length": 3, "volumeinme": null, "slide_none": null, "railwaylin": null, "remedial_1": null, "structure": " ", "railwayben": null, "ls_volume": 9, "peopledead": null, "runout_dis": 25, "rainfallin": null, "drainage": null, "heightinme": null, "objectid": 17535, "remarks": " ", "internalsl": null, "remedialno": null}}, {"geometry": {"type": "Point", "coordinates": [92.04469400000005, 23.699250000000063], "crs": null}, "id": 18695, "type": "Feature", "properties": {"materialin": null, "oldslide_n": null, "otherlandu": null, "geological": null, "id_project": null, "dataupdate": null, "locationde": null, "communicat": " ", "u_long": null, "class_type": null, "amount_of_": null, "date_and_t": null, "id": null, "state": "Tripura", "landuse_la": " Thick vegetation", "reviewed_d": null, "height": 10, "movementty": null, "persons_de": " ", "remedialot": null, "datetimety": null, "vulnerabil": null, "reactivati": 0, "slide_no": "TR/DHA/84A02/2015/21", "report_lan": " ", "reviewed_t": null, "datacrea_1": null, "inducingfa": null, "tocken": null, "check_stat": null, "retainings": null, "morphologi": null, "areainsqme": null, "powerinfra": null, "style": "Single", "housesbuil": null, "weatheredm": null, "status": null, "causesothe": null, "history_da": null, "activity": "Suspended", "latitude": 23.69925, "globalid": "{164C654E-DE5C-48CF-B360-85CE38448084}", "u_lat": null, "movementra": null, "depthinmet": null, "landuse_af": " ", "preliminar": null, "hydrologic": "Wet", "lengthinme": null, "railwayl_1": null, "distributi": "Confined", "widthinmet": null, "landslid_2": null, "gsi_user": null, "landslid_3": null, "abstract": " ", "landslid_1": null, "toposheet_": null, "datacreate": null, "geomorphol": "Moderately dissected hill", "landslid_4": null, "impactorda": null, "triggering": "Rainfall", "landslidep": null, "depth": 1, "landslidet": null, "livestock_": " ", "landslides": null, "report": " ", "width": 13, "infrastruc": "Road", "damsbarrag": null, "livestockd": null, "nh_sh_loca": " ", "livestocki": null, "date": null, "joint": null, "ls_area": 169, "geoscienti": "Toe cutting for road, slope modification", "landslided": null, "roadsaff_1": null, "landslidec": null, "source": null, "photos": " ", "date_acc": null, "geology1": "", "rmr": null, "contactaff": null, "reactiva_2": 0, "landuselan": null, "reactiva_1": 0, "roadblocke": null, "longitude": 92.044694, "failure_me": "Shallow translational failure", "toposheet": "84A02", "roadsaffec": null, "usertype": null, "contactnam": null, "housesbu_1": null, "id_lan": null, "movement_t": "Slide", "image_land": " ", "class_numb": null, "othersaffe": null, "slopegeome": null, "people_aff": " ", "contactmob": null, "movement_r": "Rapid", "peopleinju": null, "rejected_r": null, "district": "Dhalai", "slide_name": " ", "pre_remedi": "Retaining wall with proper drainage", "runoutdist": null, "otherinfom": null, "roadbenche": null, "failuremec": null, "geology": "Siltstone and shale", "contactema": null, "material_t": "Debris", "bedding": null, "humancause": null, "initiation": 0, "alert": " ", "exactdatei": null, "dataupda_1": null, "geo_acc": null, "realignmen": null, "village": null, "initiati_1": 0, "duration_o": null, "citation": "Santosh PK et al., 2016. Macro-scale (1:50,000) landslide susceptibility Mapping in parts of toposheets no. 79M/13, 14, 83D/4, 8, 84A/1, 2, 5, 6, North Tripura and Dhalai districts, Tripura. Unpub. GSI report of FS 2015-2016.", "subdivisio": null, "damsbarr_1": null, "length": 13, "volumeinme": null, "slide_none": null, "railwaylin": null, "remedial_1": null, "structure": " ", "railwayben": null, "ls_volume": 169, "peopledead": null, "runout_dis": 0, "rainfallin": null, "drainage": null, "heightinme": null, "objectid": 18695, "remarks": " ", "internalsl": null, "remedialno": null}}, {"geometry": {"type": "Point", "coordinates": [92.31430600000004, 24.048556000000076], "crs": null}, "id": 18911, "type": "Feature", "properties": {"materialin": null, "oldslide_n": null, "otherlandu": null, "geological": null, "id_project": null, "dataupdate": null, "locationde": null, "communicat": " ", "u_long": null, "class_type": null, "amount_of_": null, "date_and_t": null, "id": null, "state": "Tripura", "landuse_la": "Moderate vegetation", "reviewed_d": null, "height": 20, "movementty": null, "persons_de": " ", "remedialot": null, "datetimety": null, "vulnerabil": null, "reactivati": 0, "slide_no": "TR/NTR/84D08/2015/7", "report_lan": " ", "reviewed_t": null, "datacrea_1": null, "inducingfa": null, "tocken": null, "check_stat": null, "retainings": null, "morphologi": null, "areainsqme": null, "powerinfra": null, "style": "Single", "housesbuil": null, "weatheredm": null, "status": null, "causesothe": null, "history_da": null, "activity": "Active", "latitude": 24.048556, "globalid": "{9F5BD1AD-A2A2-4B6D-B83F-AAA73A2FC3F2}", "u_lat": null, "movementra": null, "depthinmet": null, "landuse_af": " ", "preliminar": null, "hydrologic": "Dry", "lengthinme": null, "railwayl_1": null, "distributi": "Advancing", "widthinmet": null, "landslid_2": null, "gsi_user": null, "landslid_3": null, "abstract": " ", "landslid_1": null, "toposheet_": null, "datacreate": null, "geomorphol": "Moderately dissected hill", "landslid_4": null, "impactorda": null, "triggering": "Rainfall", "landslidep": null, "depth": 1, "landslidet": null, "livestock_": " ", "landslides": null, "report": " ", "width": 30, "infrastruc": "Road", "damsbarrag": null, "livestockd": null, "nh_sh_loca": "~3km N of Longthir; western bank of Sunai river", "livestocki": null, "date": null, "joint": null, "ls_area": 1050, "geoscienti": "Toe cutting for road, slope modification", "landslided": null, "roadsaff_1": null, "landslidec": null, "source": null, "photos": " ", "date_acc": null, "geology1": "", "rmr": null, "contactaff": null, "reactiva_2": 0, "landuselan": null, "reactiva_1": 0, "roadblocke": null, "longitude": 92.314306, "failure_me": "Shallow translational failure", "toposheet": "84D08", "roadsaffec": null, "usertype": null, "contactnam": null, "housesbu_1": null, "id_lan": null, "movement_t": "Slide", "image_land": " ", "class_numb": null, "othersaffe": null, "slopegeome": null, "people_aff": " ", "contactmob": null, "movement_r": "Rapid", "peopleinju": null, "rejected_r": null, "district": "North Tripura", "slide_name": " ", "pre_remedi": "Proper retaining wall", "runoutdist": null, "otherinfom": null, "roadbenche": null, "failuremec": null, "geology": "Siltstone and shale", "contactema": null, "material_t": "Debris", "bedding": null, "humancause": null, "initiation": 2015, "alert": " ", "exactdatei": null, "dataupda_1": null, "geo_acc": null, "realignmen": null, "village": null, "initiati_1": 2015, "duration_o": null, "citation": "Santosh PK et al., 2016. Macro-scale (1:50,000) landslide susceptibility Mapping in parts of toposheets no. 79M/13, 14, 83D/4, 8, 84A/1, 2, 5, 6, North Tripura and Dhalai districts, Tripura. Unpub. GSI report of FS 2015-2016.", "subdivisio": null, "damsbarr_1": null, "length": 35, "volumeinme": null, "slide_none": null, "railwaylin": null, "remedial_1": null, "structure": " ", "railwayben": null, "ls_volume": 1050, "peopledead": null, "runout_dis": 10, "rainfallin": null, "drainage": null, "heightinme": null, "objectid": 18911, "remarks": "Retaining wall put up not effective", "internalsl": null, "remedialno": null}}, {"geometry": {"type": "Point", "coordinates": [92.27766700000006, 24.129083000000037], "crs": null}, "id": 19451, "type": "Feature", "properties": {"materialin": null, "oldslide_n": null, "otherlandu": null, "geological": null, "id_project": null, "dataupdate": null, "locationde": null, "communicat": " ", "u_long": null, "class_type": null, "amount_of_": null, "date_and_t": null, "id": null, "state": "Tripura", "landuse_la": " Thick vegetation", "reviewed_d": null, "height": 14, "movementty": null, "persons_de": " ", "remedialot": null, "datetimety": null, "vulnerabil": null, "reactivati": 0, "slide_no": "TR/NTR/84D08/2015/43", "report_lan": " ", "reviewed_t": null, "datacrea_1": null, "inducingfa": null, "tocken": null, "check_stat": null, "retainings": null, "morphologi": null, "areainsqme": null, "powerinfra": null, "style": "Single", "housesbuil": null, "weatheredm": null, "status": null, "causesothe": null, "history_da": null, "activity": "Active", "latitude": 24.129083, "globalid": "{6D5F8C8A-9A6B-4D53-8006-A609859F9FCB}", "u_lat": null, "movementra": null, "depthinmet": null, "landuse_af": " ", "preliminar": null, "hydrologic": "Dry", "lengthinme": null, "railwayl_1": null, "distributi": "Confined", "widthinmet": null, "landslid_2": null, "gsi_user": null, "landslid_3": null, "abstract": " ", "landslid_1": null, "toposheet_": null, "datacreate": null, "geomorphol": "Highly dissected hill", "landslid_4": null, "impactorda": null, "triggering": "Rainfall", "landslidep": null, "depth": 1, "landslidet": null, "livestock_": " ", "landslides": null, "report": " ", "width": 6, "infrastruc": "Road", "damsbarrag": null, "livestockd": null, "nh_sh_loca": "Damcherra-Hmunpui junction road section along Jampui hill range", "livestocki": null, "date": null, "joint": null, "ls_area": 90, "geoscienti": "Steep slope due to extensive cut slope", "landslided": null, "roadsaff_1": null, "landslidec": null, "source": null, "photos": " ", "date_acc": null, "geology1": "", "rmr": null, "contactaff": null, "reactiva_2": 0, "landuselan": null, "reactiva_1": 0, "roadblocke": null, "longitude": 92.277667, "failure_me": "Shallow translational failure", "toposheet": "84D08", "roadsaffec": null, "usertype": null, "contactnam": null, "housesbu_1": null, "id_lan": null, "movement_t": "Slide", "image_land": " ", "class_numb": null, "othersaffe": null, "slopegeome": null, "people_aff": " ", "contactmob": null, "movement_r": "Rapid", "peopleinju": null, "rejected_r": null, "district": "North Tripura", "slide_name": " ", "pre_remedi": "retaining wall", "runoutdist": null, "otherinfom": null, "roadbenche": null, "failuremec": null, "geology": "Fine grained sst with thinly bedded siltstone", "contactema": null, "material_t": "Rock", "bedding": null, "humancause": null, "initiation": 2015, "alert": " ", "exactdatei": null, "dataupda_1": null, "geo_acc": null, "realignmen": null, "village": null, "initiati_1": 2015, "duration_o": null, "citation": "Santosh PK et al., 2016. Macro-scale (1:50,000) landslide susceptibility Mapping in parts of toposheets no. 79M/13, 14, 83D/4, 8, 84A/1, 2, 5, 6, North Tripura and Dhalai districts, Tripura. Unpub. GSI report of FS 2015-2016.", "subdivisio": null, "damsbarr_1": null, "length": 15, "volumeinme": null, "slide_none": null, "railwaylin": null, "remedial_1": null, "structure": " ", "railwayben": null, "ls_volume": 90, "peopledead": null, "runout_dis": 0, "rainfallin": null, "drainage": null, "heightinme": null, "objectid": 19451, "remarks": " ", "internalsl": null, "remedialno": null}}, {"geometry": {"type": "Point", "coordinates": [92.28741700000006, 24.22811100000007], "crs": null}, "id": 20169, "type": "Feature", "properties": {"materialin": null, "oldslide_n": null, "otherlandu": null, "geological": null, "id_project": null, "dataupdate": null, "locationde": null, "communicat": " ", "u_long": null, "class_type": null, "amount_of_": null, "date_and_t": null, "id": null, "state": "Tripura", "landuse_la": "High height plantation", "reviewed_d": null, "height": 5, "movementty": null, "persons_de": " ", "remedialot": null, "datetimety": null, "vulnerabil": null, "reactivati": 0, "slide_no": "TR/NTR/84D08/2015/36", "report_lan": " ", "reviewed_t": null, "datacrea_1": null, "inducingfa": null, "tocken": null, "check_stat": null, "retainings": null, "morphologi": null, "areainsqme": null, "powerinfra": null, "style": "Single", "housesbuil": null, "weatheredm": null, "status": null, "causesothe": null, "history_da": null, "activity": "Active", "latitude": 24.228111, "globalid": "{E9A191DA-4B54-4DCF-B575-55DCC8B952FA}", "u_lat": null, "movementra": null, "depthinmet": null, "landuse_af": " ", "preliminar": null, "hydrologic": "Dry", "lengthinme": null, "railwayl_1": null, "distributi": "Enlarging", "widthinmet": null, "landslid_2": null, "gsi_user": null, "landslid_3": null, "abstract": " ", "landslid_1": null, "toposheet_": null, "datacreate": null, "geomorphol": "Lowly dissected hill", "landslid_4": null, "impactorda": null, "triggering": "Rainfall", "landslidep": null, "depth": 1, "landslidet": null, "livestock_": " ", "landslides": null, "report": " ", "width": 4, "infrastruc": " ", "damsbarrag": null, "livestockd": null, "nh_sh_loca": "Near Kuki Christian Church", "livestocki": null, "date": null, "joint": null, "ls_area": 32, "geoscienti": "Loose material", "landslided": null, "roadsaff_1": null, "landslidec": null, "source": null, "photos": " ", "date_acc": null, "geology1": "", "rmr": null, "contactaff": null, "reactiva_2": 0, "landuselan": null, "reactiva_1": 0, "roadblocke": null, "longitude": 92.287417, "failure_me": "Shallow translational failure", "toposheet": "84D08", "roadsaffec": null, "usertype": null, "contactnam": null, "housesbu_1": null, "id_lan": null, "movement_t": "Slide", "image_land": " ", "class_numb": null, "othersaffe": null, "slopegeome": null, "people_aff": " ", "contactmob": null, "movement_r": "Rapid", "peopleinju": null, "rejected_r": null, "district": "North Tripura", "slide_name": "Kaskao", "pre_remedi": "Removal of loose debris", "runoutdist": null, "otherinfom": null, "roadbenche": null, "failuremec": null, "geology": " ", "contactema": null, "material_t": "Earth", "bedding": null, "humancause": null, "initiation": 2015, "alert": " ", "exactdatei": null, "dataupda_1": null, "geo_acc": null, "realignmen": null, "village": null, "initiati_1": 2015, "duration_o": null, "citation": "Santosh PK et al., 2016. Macro-scale (1:50,000) landslide susceptibility Mapping in parts of toposheets no. 79M/13, 14, 83D/4, 8, 84A/1, 2, 5, 6, North Tripura and Dhalai districts, Tripura. Unpub. GSI report of FS 2015-2016.", "subdivisio": null, "damsbarr_1": null, "length": 8, "volumeinme": null, "slide_none": null, "railwaylin": null, "remedial_1": null, "structure": " ", "railwayben": null, "ls_volume": 32, "peopledead": null, "runout_dis": 0, "rainfallin": null, "drainage": null, "heightinme": null, "objectid": 20169, "remarks": " ", "internalsl": null, "remedialno": null}}, {"geometry": {"type": "Point", "coordinates": [91.45177800000005, 24.012306000000024], "crs": null}, "id": 20648, "type": "Feature", "properties": {"materialin": null, "oldslide_n": null, "otherlandu": null, "geological": null, "id_project": null, "dataupdate": null, "locationde": null, "communicat": " ", "u_long": null, "class_type": null, "amount_of_": null, "date_and_t": null, "id": null, "state": "Tripura", "landuse_la": "Settlement and thick vegetation", "reviewed_d": null, "height": 8, "movementty": null, "persons_de": " ", "remedialot": null, "datetimety": null, "vulnerabil": null, "reactivati": 0, "slide_no": "TR/WTR/79 M09/2018/05", "report_lan": " ", "reviewed_t": null, "datacrea_1": null, "inducingfa": null, "tocken": null, "check_stat": null, "retainings": null, "morphologi": null, "areainsqme": null, "powerinfra": null, "style": "Multiple", "housesbuil": null, "weatheredm": null, "status": null, "causesothe": null, "history_da": null, "activity": "Reactivated", "latitude": 24.012306, "globalid": "{6FE4B0E9-7EFF-4F94-BA4D-810B09EF4FEC}", "u_lat": null, "movementra": null, "depthinmet": null, "landuse_af": " ", "preliminar": null, "hydrologic": "Damp", "lengthinme": null, "railwayl_1": null, "distributi": "Retrogressive", "widthinmet": null, "landslid_2": null, "gsi_user": null, "landslid_3": null, "abstract": " ", "landslid_1": null, "toposheet_": null, "datacreate": null, "geomorphol": "Rolling plain", "landslid_4": null, "impactorda": null, "triggering": "Rainfall", "landslidep": null, "depth": 0, "landslidet": null, "livestock_": " ", "landslides": null, "report": " ", "width": 21, "infrastruc": " ", "damsbarrag": null, "livestockd": null, "nh_sh_loca": "Champabari, Belbari Block (formerly part of Jirania block)", "livestocki": null, "date": null, "joint": null, "ls_area": 0, "geoscienti": "The presence of younger loose material from an old slide. Water retention at the base of the slope; saturation due to incessant rain led to failure.", "landslided": null, "roadsaff_1": null, "landslidec": null, "source": null, "photos": " ", "date_acc": null, "geology1": "", "rmr": null, "contactaff": null, "reactiva_2": 0, "landuselan": null, "reactiva_1": 0, "roadblocke": null, "longitude": 91.451778, "failure_me": "Shallow planar failure", "toposheet": "78M09", "roadsaffec": null, "usertype": null, "contactnam": null, "housesbu_1": null, "id_lan": null, "movement_t": "Slide", "image_land": "0", "class_numb": null, "othersaffe": null, "slopegeome": null, "people_aff": " ", "contactmob": null, "movement_r": "Rapid", "peopleinju": null, "rejected_r": null, "district": "West Tripura", "slide_name": " ", "pre_remedi": "Removal of load such as tall trees with penetrative roots and overhanging materials", "runoutdist": null, "otherinfom": null, "roadbenche": null, "failuremec": null, "geology": "Shale, siltstone and mudstone with sandstone of Bokabil Formation of the Surma Group of rocks", "contactema": null, "material_t": "Debris", "bedding": null, "humancause": null, "initiation": 0, "alert": "III", "exactdatei": null, "dataupda_1": null, "geo_acc": null, "realignmen": null, "village": null, "initiati_1": 0, "duration_o": null, "citation": " ", "subdivisio": null, "damsbarr_1": null, "length": 10, "volumeinme": null, "slide_none": null, "railwaylin": null, "remedial_1": null, "structure": "Western limb of Baramura antiform; nearby areas the beds are westerly dipping (15\u252c\u259130\u252c\u2591)", "railwayben": null, "ls_volume": 0, "peopledead": null, "runout_dis": 3, "rainfallin": null, "drainage": null, "heightinme": null, "objectid": 20648, "remarks": "Presence of settlement upslope which may be at risk.; In the eastern slope of this village, cracks have developed near the edges of the slope at several places and along the walls of a number of houses. Such cracks have affected both concrete and mud wal", "internalsl": null, "remedialno": null}}, {"geometry": {"type": "Point", "coordinates": [91.55353300000007, 23.794253000000026], "crs": null}, "id": 20984, "type": "Feature", "properties": {"materialin": null, "oldslide_n": null, "otherlandu": null, "geological": null, "id_project": null, "dataupdate": null, "locationde": null, "communicat": " ", "u_long": null, "class_type": null, "amount_of_": null, "date_and_t": null, "id": null, "state": "Tripura", "landuse_la": "Settlement", "reviewed_d": null, "height": 35, "movementty": null, "persons_de": " ", "remedialot": null, "datetimety": null, "vulnerabil": null, "reactivati": 0, "slide_no": "TR/GMT/79M10/2018/007", "report_lan": " ", "reviewed_t": null, "datacrea_1": null, "inducingfa": null, "tocken": null, "check_stat": null, "retainings": null, "morphologi": null, "areainsqme": null, "powerinfra": null, "style": "Multiple", "housesbuil": null, "weatheredm": null, "status": null, "causesothe": null, "history_da": null, "activity": "Active", "latitude": 23.794253, "globalid": "{7343B69C-EF75-4693-9C68-6B651A9CF6DB}", "u_lat": null, "movementra": null, "depthinmet": null, "landuse_af": " ", "preliminar": null, "hydrologic": "Dry", "lengthinme": null, "railwayl_1": null, "distributi": "Retrogressive & enlarging", "widthinmet": null, "landslid_2": null, "gsi_user": null, "landslid_3": null, "abstract": " ", "landslid_1": null, "toposheet_": null, "datacreate": null, "geomorphol": "Rolling plain", "landslid_4": null, "impactorda": null, "triggering": "Rainfall", "landslidep": null, "depth": 0, "landslidet": null, "livestock_": " ", "landslides": null, "report": " ", "width": 27, "infrastruc": "2 houses damaged", "damsbarrag": null, "livestockd": null, "nh_sh_loca": "Taidu, Ompi", "livestocki": null, "date": null, "joint": null, "ls_area": 0, "geoscienti": "The thickness of the overburden and the highly weathered nature of the lithology comprising of unconsolidated and friable ferruginous sandstone with small clay pocket is one of the main causal factors.  Steep nature of the slope; Toe cutting for construc", "landslided": null, "roadsaff_1": null, "landslidec": null, "source": null, "photos": " ", "date_acc": null, "geology1": "", "rmr": null, "contactaff": null, "reactiva_2": 0, "landuselan": null, "reactiva_1": 0, "roadblocke": null, "longitude": 91.553533, "failure_me": "Shallow planar failure", "toposheet": "79 M10", "roadsaffec": null, "usertype": null, "contactnam": null, "housesbu_1": null, "id_lan": null, "movement_t": "Slide", "image_land": "0", "class_numb": null, "othersaffe": null, "slopegeome": null, "people_aff": " ", "contactmob": null, "movement_r": "Rapid", "peopleinju": null, "rejected_r": null, "district": "Gomati", "slide_name": "Taidu Police Station landslide", "pre_remedi": "Removal of advancing material from the scarp of the slide, removal of load and overhanging materials at the crown of the slide. Strengthening of the loose and thick overburden material by planting of locally available grass or lateralspreading root plant", "runoutdist": null, "otherinfom": null, "roadbenche": null, "failuremec": null, "geology": "Tipam Group of rocks represented by highly weathered, unconsolidated, yellowish to light brown colour, fine to medium grained, ferruginous sandstone with small mudstone/clay pockets.", "contactema": null, "material_t": "Soil", "bedding": null, "humancause": null, "initiation": 0, "alert": "III", "exactdatei": null, "dataupda_1": null, "geo_acc": null, "realignmen": null, "village": null, "initiati_1": 0, "duration_o": null, "citation": " ", "subdivisio": null, "damsbarr_1": null, "length": 38, "volumeinme": null, "slide_none": null, "railwaylin": null, "remedial_1": null, "structure": "The rocks units of the Tipam Formation in the area are easterly dipping with dip amount ranging from 5\u252c\u25918\u252c\u2591.", "railwayben": null, "ls_volume": 0, "peopledead": null, "runout_dis": 2, "rainfallin": null, "drainage": null, "heightinme": null, "objectid": 20984, "remarks": "The houses (Police Station area) and the telecommunication tower upslope are at risk if the landslide retrogrades further.", "internalsl": null, "remedialno": null}}, {"geometry": {"type": "Point", "coordinates": [92.27358300000003, 24.14272200000005], "crs": null}, "id": 21939, "type": "Feature", "properties": {"materialin": null, "oldslide_n": null, "otherlandu": null, "geological": null, "id_project": null, "dataupdate": null, "locationde": null, "communicat": " ", "u_long": null, "class_type": null, "amount_of_": null, "date_and_t": null, "id": null, "state": "Tripura", "landuse_la": " Thick vegetation", "reviewed_d": null, "height": 7, "movementty": null, "persons_de": " ", "remedialot": null, "datetimety": null, "vulnerabil": null, "reactivati": 0, "slide_no": "TR/NTR/84D08/2015/40", "report_lan": " ", "reviewed_t": null, "datacrea_1": null, "inducingfa": null, "tocken": null, "check_stat": null, "retainings": null, "morphologi": null, "areainsqme": null, "powerinfra": null, "style": "Single", "housesbuil": null, "weatheredm": null, "status": null, "causesothe": null, "history_da": null, "activity": "Active", "latitude": 24.142722, "globalid": "{CDD79113-F490-4D13-ACA1-F387E9FD4442}", "u_lat": null, "movementra": null, "depthinmet": null, "landuse_af": " ", "preliminar": null, "hydrologic": "Dry", "lengthinme": null, "railwayl_1": null, "distributi": "Confined", "widthinmet": null, "landslid_2": null, "gsi_user": null, "landslid_3": null, "abstract": " ", "landslid_1": null, "toposheet_": null, "datacreate": null, "geomorphol": "Highly dissected hill", "landslid_4": null, "impactorda": null, "triggering": "Rainfall", "landslidep": null, "depth": 1, "landslidet": null, "livestock_": " ", "landslides": null, "report": " ", "width": 4, "infrastruc": "Road", "damsbarrag": null, "livestockd": null, "nh_sh_loca": "Damcherra-Hmunpui junction road section along Jampui hill range", "livestocki": null, "date": null, "joint": null, "ls_area": 32, "geoscienti": "Steep slope due to extensive cut slope", "landslided": null, "roadsaff_1": null, "landslidec": null, "source": null, "photos": " ", "date_acc": null, "geology1": "", "rmr": null, "contactaff": null, "reactiva_2": 0, "landuselan": null, "reactiva_1": 0, "roadblocke": null, "longitude": 92.273583, "failure_me": "Shallow translational failure", "toposheet": "84D08", "roadsaffec": null, "usertype": null, "contactnam": null, "housesbu_1": null, "id_lan": null, "movement_t": "Slide", "image_land": " ", "class_numb": null, "othersaffe": null, "slopegeome": null, "people_aff": " ", "contactmob": null, "movement_r": "Rapid", "peopleinju": null, "rejected_r": null, "district": "North Tripura", "slide_name": " ", "pre_remedi": "Removal of jointed/broken blocks", "runoutdist": null, "otherinfom": null, "roadbenche": null, "failuremec": null, "geology": "Siltstone/v. fine grained sst", "contactema": null, "material_t": "Debris", "bedding": null, "humancause": null, "initiation": 2015, "alert": " ", "exactdatei": null, "dataupda_1": null, "geo_acc": null, "realignmen": null, "village": null, "initiati_1": 2015, "duration_o": null, "citation": "Santosh PK et al., 2016. Macro-scale (1:50,000) landslide susceptibility Mapping in parts of toposheets no. 79M/13, 14, 83D/4, 8, 84A/1, 2, 5, 6, North Tripura and Dhalai districts, Tripura. Unpub. GSI report of FS 2015-2016.", "subdivisio": null, "damsbarr_1": null, "length": 8, "volumeinme": null, "slide_none": null, "railwaylin": null, "remedial_1": null, "structure": "Fractured and jointed", "railwayben": null, "ls_volume": 32, "peopledead": null, "runout_dis": 0, "rainfallin": null, "drainage": null, "heightinme": null, "objectid": 21939, "remarks": "A number of small slides <3-4m along this section", "internalsl": null, "remedialno": null}}, {"geometry": {"type": "Point", "coordinates": [92.05447200000003, 23.69300000000004], "crs": null}, "id": 22121, "type": "Feature", "properties": {"materialin": null, "oldslide_n": null, "otherlandu": null, "geological": null, "id_project": null, "dataupdate": null, "locationde": null, "communicat": " ", "u_long": null, "class_type": null, "amount_of_": null, "date_and_t": null, "id": null, "state": "Tripura", "landuse_la": "Sparse vegetation", "reviewed_d": null, "height": 16, "movementty": null, "persons_de": " ", "remedialot": null, "datetimety": null, "vulnerabil": null, "reactivati": 2015, "slide_no": "TR/DHA/84A02/2015/1", "report_lan": " ", "reviewed_t": null, "datacrea_1": null, "inducingfa": null, "tocken": null, "check_stat": null, "retainings": null, "morphologi": null, "areainsqme": null, "powerinfra": null, "style": "Multiple", "housesbuil": null, "weatheredm": null, "status": null, "causesothe": null, "history_da": null, "activity": "Active", "latitude": 23.693, "globalid": "{696FB86C-F961-4C04-A51C-DE77B5C99C1C}", "u_lat": null, "movementra": null, "depthinmet": null, "landuse_af": " ", "preliminar": null, "hydrologic": "Dry", "lengthinme": null, "railwayl_1": null, "distributi": "Widening", "widthinmet": null, "landslid_2": null, "gsi_user": null, "landslid_3": null, "abstract": " ", "landslid_1": null, "toposheet_": null, "datacreate": null, "geomorphol": "Moderately dissected hill", "landslid_4": null, "impactorda": null, "triggering": "Rainfall", "landslidep": null, "depth": 1, "landslidet": null, "livestock_": " ", "landslides": null, "report": " ", "width": 40, "infrastruc": "Road and electricity poles and cables destroyed", "damsbarrag": null, "livestockd": null, "nh_sh_loca": "NE of Rabiraipara", "livestocki": null, "date": null, "joint": null, "ls_area": 1200, "geoscienti": "Weathered material, orientation and dip, steep slope and toe cutting for road", "landslided": null, "roadsaff_1": null, "landslidec": null, "source": null, "photos": " ", "date_acc": null, "geology1": "", "rmr": null, "contactaff": null, "reactiva_2": 0, "landuselan": null, "reactiva_1": 0, "roadblocke": null, "longitude": 92.054472, "failure_me": "Shallow translational failure", "toposheet": "84A02", "roadsaffec": null, "usertype": null, "contactnam": null, "housesbu_1": null, "id_lan": null, "movement_t": "Slide", "image_land": " ", "class_numb": null, "othersaffe": null, "slopegeome": null, "people_aff": " ", "contactmob": null, "movement_r": "Rapid", "peopleinju": null, "rejected_r": null, "district": "Dhalai", "slide_name": "Rabiraipara slide", "pre_remedi": "Retaining wall", "runoutdist": null, "otherinfom": null, "roadbenche": null, "failuremec": null, "geology": "Sandstone-siltstone", "contactema": null, "material_t": "Debris", "bedding": null, "humancause": null, "initiation": 0, "alert": " ", "exactdatei": null, "dataupda_1": null, "geo_acc": null, "realignmen": null, "village": null, "initiati_1": 2015, "duration_o": null, "citation": "Santosh PK et al., 2016. Macro-scale (1:50,000) landslide susceptibility Mapping in parts of toposheets no. 79M/13, 14, 83D/4, 8, 84A/1, 2, 5, 6, North Tripura and Dhalai districts, Tripura. Unpub. GSI report of FS 2015-2016.", "subdivisio": null, "damsbarr_1": null, "length": 30, "volumeinme": null, "slide_none": null, "railwaylin": null, "remedial_1": null, "structure": "S0 = NS/25o W; Jointed", "railwayben": null, "ls_volume": 1200, "peopledead": null, "runout_dis": 0, "rainfallin": null, "drainage": null, "heightinme": null, "objectid": 22121, "remarks": " ", "internalsl": null, "remedialno": null}}, {"geometry": {"type": "Point", "coordinates": [92.28797200000008, 23.894667000000027], "crs": null}, "id": 22206, "type": "Feature", "properties": {"materialin": null, "oldslide_n": null, "otherlandu": null, "geological": null, "id_project": null, "dataupdate": null, "locationde": null, "communicat": " ", "u_long": null, "class_type": null, "amount_of_": null, "date_and_t": null, "id": null, "state": "Tripura", "landuse_la": "Moderate vegetation", "reviewed_d": null, "height": 18, "movementty": null, "persons_de": " ", "remedialot": null, "datetimety": null, "vulnerabil": null, "reactivati": 0, "slide_no": "TR/NTR/84A05/2015/31", "report_lan": " ", "reviewed_t": null, "datacrea_1": null, "inducingfa": null, "tocken": null, "check_stat": null, "retainings": null, "morphologi": null, "areainsqme": null, "powerinfra": null, "style": "Single", "housesbuil": null, "weatheredm": null, "status": null, "causesothe": null, "history_da": null, "activity": "Active", "latitude": 23.894667, "globalid": "{12EE7FE5-0DF7-4DD6-A931-1FF4AA9FCD68}", "u_lat": null, "movementra": null, "depthinmet": null, "landuse_af": " ", "preliminar": null, "hydrologic": "Dry", "lengthinme": null, "railwayl_1": null, "distributi": "Widening", "widthinmet": null, "landslid_2": null, "gsi_user": null, "landslid_3": null, "abstract": " ", "landslid_1": null, "toposheet_": null, "datacreate": null, "geomorphol": "Highly dissected hill", "landslid_4": null, "impactorda": null, "triggering": "Rainfall", "landslidep": null, "depth": 1, "landslidet": null, "livestock_": " ", "landslides": null, "report": " ", "width": 12, "infrastruc": " ", "damsbarrag": null, "livestockd": null, "nh_sh_loca": "W of Tharmapara", "livestocki": null, "date": null, "joint": null, "ls_area": 240, "geoscienti": "Steep slope with lack of vegetation cover thereby exposing to rain causing  oversaturation", "landslided": null, "roadsaff_1": null, "landslidec": null, "source": null, "photos": " ", "date_acc": null, "geology1": "", "rmr": null, "contactaff": null, "reactiva_2": 0, "landuselan": null, "reactiva_1": 0, "roadblocke": null, "longitude": 92.287972, "failure_me": "Shallow translational failure", "toposheet": "84A05", "roadsaffec": null, "usertype": null, "contactnam": null, "housesbu_1": null, "id_lan": null, "movement_t": "Slide", "image_land": " ", "class_numb": null, "othersaffe": null, "slopegeome": null, "people_aff": " ", "contactmob": null, "movement_r": "Rapid", "peopleinju": null, "rejected_r": null, "district": "North Tripura", "slide_name": " ", "pre_remedi": "maintain proper drainage and suitable grass plantaion to cover the exposed surface", "runoutdist": null, "otherinfom": null, "roadbenche": null, "failuremec": null, "geology": "Sandstone-siltstone", "contactema": null, "material_t": "Debris", "bedding": null, "humancause": null, "initiation": 0, "alert": " ", "exactdatei": null, "dataupda_1": null, "geo_acc": null, "realignmen": null, "village": null, "initiati_1": 0, "duration_o": null, "citation": "Santosh PK et al., 2016. Macro-scale (1:50,000) landslide susceptibility Mapping in parts of toposheets no. 79M/13, 14, 83D/4, 8, 84A/1, 2, 5, 6, North Tripura and Dhalai districts, Tripura. Unpub. GSI report of FS 2015-2016.", "subdivisio": null, "damsbarr_1": null, "length": 20, "volumeinme": null, "slide_none": null, "railwaylin": null, "remedial_1": null, "structure": " ", "railwayben": null, "ls_volume": 240, "peopledead": null, "runout_dis": 0, "rainfallin": null, "drainage": null, "heightinme": null, "objectid": 22206, "remarks": " ", "internalsl": null, "remedialno": null}}, {"geometry": {"type": "Point", "coordinates": [92.32230600000008, 24.14169400000003], "crs": null}, "id": 22390, "type": "Feature", "properties": {"materialin": null, "oldslide_n": null, "otherlandu": null, "geological": null, "id_project": null, "dataupdate": null, "locationde": null, "communicat": " ", "u_long": null, "class_type": null, "amount_of_": null, "date_and_t": null, "id": null, "state": "Tripura", "landuse_la": "Moderate vegetation", "reviewed_d": null, "height": 7, "movementty": null, "persons_de": " ", "remedialot": null, "datetimety": null, "vulnerabil": null, "reactivati": 0, "slide_no": "TR/NTR/84D08/2015/9", "report_lan": " ", "reviewed_t": null, "datacrea_1": null, "inducingfa": null, "tocken": null, "check_stat": null, "retainings": null, "morphologi": null, "areainsqme": null, "powerinfra": null, "style": "Single", "housesbuil": null, "weatheredm": null, "status": null, "causesothe": null, "history_da": null, "activity": "Active", "latitude": 24.141694, "globalid": "{C5735E22-D1D4-47D5-BE91-64C6D707F0D7}", "u_lat": null, "movementra": null, "depthinmet": null, "landuse_af": " ", "preliminar": null, "hydrologic": "Dry", "lengthinme": null, "railwayl_1": null, "distributi": "Widening", "widthinmet": null, "landslid_2": null, "gsi_user": null, "landslid_3": null, "abstract": " ", "landslid_1": null, "toposheet_": null, "datacreate": null, "geomorphol": "Moderately dissected hill", "landslid_4": null, "impactorda": null, "triggering": "Rainfall", "landslidep": null, "depth": 1, "landslidet": null, "livestock_": " ", "landslides": null, "report": " ", "width": 13, "infrastruc": "Road", "damsbarrag": null, "livestockd": null, "nh_sh_loca": "Bahadurpara", "livestocki": null, "date": null, "joint": null, "ls_area": 104, "geoscienti": "Change in slope stability", "landslided": null, "roadsaff_1": null, "landslidec": null, "source": null, "photos": " ", "date_acc": null, "geology1": "", "rmr": null, "contactaff": null, "reactiva_2": 0, "landuselan": null, "reactiva_1": 0, "roadblocke": null, "longitude": 92.322306, "failure_me": "Shallow translational failure", "toposheet": "84D08", "roadsaffec": null, "usertype": null, "contactnam": null, "housesbu_1": null, "id_lan": null, "movement_t": "Slide", "image_land": " ", "class_numb": null, "othersaffe": null, "slopegeome": null, "people_aff": " ", "contactmob": null, "movement_r": "Rapid", "peopleinju": null, "rejected_r": null, "district": "North Tripura", "slide_name": "Bahadurpara", "pre_remedi": "Removal of overburden", "runoutdist": null, "otherinfom": null, "roadbenche": null, "failuremec": null, "geology": "Siltstone", "contactema": null, "material_t": "Debris", "bedding": null, "humancause": null, "initiation": 2015, "alert": " ", "exactdatei": null, "dataupda_1": null, "geo_acc": null, "realignmen": null, "village": null, "initiati_1": 2015, "duration_o": null, "citation": "Santosh PK et al., 2016. Macro-scale (1:50,000) landslide susceptibility Mapping in parts of toposheets no. 79M/13, 14, 83D/4, 8, 84A/1, 2, 5, 6, North Tripura and Dhalai districts, Tripura. Unpub. GSI report of FS 2015-2016.", "subdivisio": null, "damsbarr_1": null, "length": 8, "volumeinme": null, "slide_none": null, "railwaylin": null, "remedial_1": null, "structure": " ", "railwayben": null, "ls_volume": 104, "peopledead": null, "runout_dis": 2, "rainfallin": null, "drainage": null, "heightinme": null, "objectid": 22390, "remarks": " ", "internalsl": null, "remedialno": null}}, {"geometry": {"type": "Point", "coordinates": [92.03927800000008, 23.67900000000003], "crs": null}, "id": 22640, "type": "Feature", "properties": {"materialin": null, "oldslide_n": null, "otherlandu": null, "geological": null, "id_project": null, "dataupdate": null, "locationde": null, "communicat": " ", "u_long": null, "class_type": null, "amount_of_": null, "date_and_t": null, "id": null, "state": "Tripura", "landuse_la": "Moderate vegetation", "reviewed_d": null, "height": 8, "movementty": null, "persons_de": " ", "remedialot": null, "datetimety": null, "vulnerabil": null, "reactivati": 2015, "slide_no": "TR/DHA/84A02/2015/6", "report_lan": " ", "reviewed_t": null, "datacrea_1": null, "inducingfa": null, "tocken": null, "check_stat": null, "retainings": null, "morphologi": null, "areainsqme": null, "powerinfra": null, "style": "Single", "housesbuil": null, "weatheredm": null, "status": null, "causesothe": null, "history_da": null, "activity": "Active", "latitude": 23.679, "globalid": "{2EE025F6-4068-4F65-98D4-3911CF02E0BC}", "u_lat": null, "movementra": null, "depthinmet": null, "landuse_af": " ", "preliminar": null, "hydrologic": "Dry", "lengthinme": null, "railwayl_1": null, "distributi": "Retrogressive", "widthinmet": null, "landslid_2": null, "gsi_user": null, "landslid_3": null, "abstract": " ", "landslid_1": null, "toposheet_": null, "datacreate": null, "geomorphol": "Moderately dissected hill", "landslid_4": null, "impactorda": null, "triggering": "Rainfall", "landslidep": null, "depth": 1, "landslidet": null, "livestock_": " ", "landslides": null, "report": " ", "width": 15, "infrastruc": "Damage to road", "damsbarrag": null, "livestockd": null, "nh_sh_loca": "Near Govindbari BSF BPO", "livestocki": null, "date": null, "joint": null, "ls_area": 300, "geoscienti": "Weathered material", "landslided": null, "roadsaff_1": null, "landslidec": null, "source": null, "photos": " ", "date_acc": null, "geology1": "", "rmr": null, "contactaff": null, "reactiva_2": 0, "landuselan": null, "reactiva_1": 0, "roadblocke": null, "longitude": 92.039278, "failure_me": "Shallow translational failure", "toposheet": "84A02", "roadsaffec": null, "usertype": null, "contactnam": null, "housesbu_1": null, "id_lan": null, "movement_t": "Slide", "image_land": " ", "class_numb": null, "othersaffe": null, "slopegeome": null, "people_aff": " ", "contactmob": null, "movement_r": "Rapid", "peopleinju": null, "rejected_r": null, "district": "Dhalai", "slide_name": "Govindbari slide", "pre_remedi": "Removal of weathered material, Retaining wall with proper drainage", "runoutdist": null, "otherinfom": null, "roadbenche": null, "failuremec": null, "geology": "Shale with siltstone", "contactema": null, "material_t": "Debris", "bedding": null, "humancause": null, "initiation": 0, "alert": " ", "exactdatei": null, "dataupda_1": null, "geo_acc": null, "realignmen": null, "village": null, "initiati_1": 2015, "duration_o": null, "citation": "Santosh PK et al., 2016. Macro-scale (1:50,000) landslide susceptibility Mapping in parts of toposheets no. 79M/13, 14, 83D/4, 8, 84A/1, 2, 5, 6, North Tripura and Dhalai districts, Tripura. Unpub. GSI report of FS 2015-2016.", "subdivisio": null, "damsbarr_1": null, "length": 20, "volumeinme": null, "slide_none": null, "railwaylin": null, "remedial_1": null, "structure": " ", "railwayben": null, "ls_volume": 300, "peopledead": null, "runout_dis": 8, "rainfallin": null, "drainage": null, "heightinme": null, "objectid": 22640, "remarks": "Knee deep slush/mud in monsoon", "internalsl": null, "remedialno": null}}, {"geometry": {"type": "Point", "coordinates": [92.29083300000008, 24.068472000000042], "crs": null}, "id": 23547, "type": "Feature", "properties": {"materialin": null, "oldslide_n": null, "otherlandu": null, "geological": null, "id_project": null, "dataupdate": null, "locationde": null, "communicat": " ", "u_long": null, "class_type": null, "amount_of_": null, "date_and_t": null, "id": null, "state": "Tripura", "landuse_la": " Thick vegetation", "reviewed_d": null, "height": 12, "movementty": null, "persons_de": " ", "remedialot": null, "datetimety": null, "vulnerabil": null, "reactivati": 0, "slide_no": "TR/NTR/84D08/2015/49", "report_lan": " ", "reviewed_t": null, "datacrea_1": null, "inducingfa": null, "tocken": null, "check_stat": null, "retainings": null, "morphologi": null, "areainsqme": null, "powerinfra": null, "style": "Single", "housesbuil": null, "weatheredm": null, "status": null, "causesothe": null, "history_da": null, "activity": "Active", "latitude": 24.068472, "globalid": "{47E8577C-A3C9-4286-A5CB-B39ED38AE242}", "u_lat": null, "movementra": null, "depthinmet": null, "landuse_af": " ", "preliminar": null, "hydrologic": "Dry", "lengthinme": null, "railwayl_1": null, "distributi": "Widening", "widthinmet": null, "landslid_2": null, "gsi_user": null, "landslid_3": null, "abstract": " ", "landslid_1": null, "toposheet_": null, "datacreate": null, "geomorphol": "Moderately dissected hill", "landslid_4": null, "impactorda": null, "triggering": "Rainfall", "landslidep": null, "depth": 1, "landslidet": null, "livestock_": " ", "landslides": null, "report": " ", "width": 12, "infrastruc": "Road", "damsbarrag": null, "livestockd": null, "nh_sh_loca": "Hmunpui-Kedacherra new road section", "livestocki": null, "date": null, "joint": null, "ls_area": 180, "geoscienti": "Slope modification", "landslided": null, "roadsaff_1": null, "landslidec": null, "source": null, "photos": " ", "date_acc": null, "geology1": "", "rmr": null, "contactaff": null, "reactiva_2": 0, "landuselan": null, "reactiva_1": 0, "roadblocke": null, "longitude": 92.290833, "failure_me": "Shallow translational failure", "toposheet": "84D08", "roadsaffec": null, "usertype": null, "contactnam": null, "housesbu_1": null, "id_lan": null, "movement_t": "Slide", "image_land": " ", "class_numb": null, "othersaffe": null, "slopegeome": null, "people_aff": " ", "contactmob": null, "movement_r": "Rapid", "peopleinju": null, "rejected_r": null, "district": "North Tripura", "slide_name": " ", "pre_remedi": "maintain proper drainage", "runoutdist": null, "otherinfom": null, "roadbenche": null, "failuremec": null, "geology": "Siltstone with shale parting and sandstone band", "contactema": null, "material_t": "Debris", "bedding": null, "humancause": null, "initiation": 2015, "alert": " ", "exactdatei": null, "dataupda_1": null, "geo_acc": null, "realignmen": null, "village": null, "initiati_1": 2015, "duration_o": null, "citation": "Santosh PK et al., 2016. Macro-scale (1:50,000) landslide susceptibility Mapping in parts of toposheets no. 79M/13, 14, 83D/4, 8, 84A/1, 2, 5, 6, North Tripura and Dhalai districts, Tripura. Unpub. GSI report of FS 2015-2016.", "subdivisio": null, "damsbarr_1": null, "length": 15, "volumeinme": null, "slide_none": null, "railwaylin": null, "remedial_1": null, "structure": "Fractured", "railwayben": null, "ls_volume": 180, "peopledead": null, "runout_dis": 0, "rainfallin": null, "drainage": null, "heightinme": null, "objectid": 23547, "remarks": "Numerous flowing/dripping  streams along this road section", "internalsl": null, "remedialno": null}}, {"geometry": {"type": "Point", "coordinates": [92.24272200000007, 23.727194000000054], "crs": null}, "id": 23709, "type": "Feature", "properties": {"materialin": null, "oldslide_n": null, "otherlandu": null, "geological": null, "id_project": null, "dataupdate": null, "locationde": null, "communicat": " ", "u_long": null, "class_type": null, "amount_of_": null, "date_and_t": null, "id": null, "state": "Tripura", "landuse_la": "Moderate vegetation", "reviewed_d": null, "height": 45, "movementty": null, "persons_de": " ", "remedialot": null, "datetimety": null, "vulnerabil": null, "reactivati": 0, "slide_no": "TR/NTR/84A02/2015/54", "report_lan": " ", "reviewed_t": null, "datacrea_1": null, "inducingfa": null, "tocken": null, "check_stat": null, "retainings": null, "morphologi": null, "areainsqme": null, "powerinfra": null, "style": "Single", "housesbuil": null, "weatheredm": null, "status": null, "causesothe": null, "history_da": null, "activity": "Suspended", "latitude": 23.727194, "globalid": "{394258C5-508A-4450-B282-E89EEAB11B21}", "u_lat": null, "movementra": null, "depthinmet": null, "landuse_af": " ", "preliminar": null, "hydrologic": "Dry", "lengthinme": null, "railwayl_1": null, "distributi": "Advancing", "widthinmet": null, "landslid_2": null, "gsi_user": null, "landslid_3": null, "abstract": " ", "landslid_1": null, "toposheet_": null, "datacreate": null, "geomorphol": "Moderately dissected hill", "landslid_4": null, "impactorda": null, "triggering": "Rainfall", "landslidep": null, "depth": 1, "landslidet": null, "livestock_": " ", "landslides": null, "report": " ", "width": 35, "infrastruc": " ", "damsbarrag": null, "livestockd": null, "nh_sh_loca": "98 BSF battalion Post, near nala", "livestocki": null, "date": null, "joint": null, "ls_area": 1750, "geoscienti": "widening of the joints due to percolation of rain water", "landslided": null, "roadsaff_1": null, "landslidec": null, "source": null, "photos": " ", "date_acc": null, "geology1": "", "rmr": null, "contactaff": null, "reactiva_2": 0, "landuselan": null, "reactiva_1": 0, "roadblocke": null, "longitude": 92.242722, "failure_me": "Shallow translational failure", "toposheet": "84A02", "roadsaffec": null, "usertype": null, "contactnam": null, "housesbu_1": null, "id_lan": null, "movement_t": "Fall", "image_land": " ", "class_numb": null, "othersaffe": null, "slopegeome": null, "people_aff": " ", "contactmob": null, "movement_r": "Rapid", "peopleinju": null, "rejected_r": null, "district": "North Tripura", "slide_name": " ", "pre_remedi": "maintain proper drainage", "runoutdist": null, "otherinfom": null, "roadbenche": null, "failuremec": null, "geology": "shale-siltstone-sandstone sequence", "contactema": null, "material_t": "Rock", "bedding": null, "humancause": null, "initiation": 2015, "alert": " ", "exactdatei": null, "dataupda_1": null, "geo_acc": null, "realignmen": null, "village": null, "initiati_1": 2015, "duration_o": null, "citation": "Santosh PK et al., 2016. Macro-scale (1:50,000) landslide susceptibility Mapping in parts of toposheets no. 79M/13, 14, 83D/4, 8, 84A/1, 2, 5, 6, North Tripura and Dhalai districts, Tripura. Unpub. GSI report of FS 2015-2016.", "subdivisio": null, "damsbarr_1": null, "length": 50, "volumeinme": null, "slide_none": null, "railwaylin": null, "remedial_1": null, "structure": "jointed", "railwayben": null, "ls_volume": 1750, "peopledead": null, "runout_dis": 2, "rainfallin": null, "drainage": null, "heightinme": null, "objectid": 23709, "remarks": " ", "internalsl": null, "remedialno": null}}, {"geometry": {"type": "Point", "coordinates": [92.27266700000007, 23.892694000000063], "crs": null}, "id": 24151, "type": "Feature", "properties": {"materialin": null, "oldslide_n": null, "otherlandu": null, "geological": null, "id_project": null, "dataupdate": null, "locationde": null, "communicat": " ", "u_long": null, "class_type": null, "amount_of_": null, "date_and_t": null, "id": null, "state": "Tripura", "landuse_la": "Moderate vegetation", "reviewed_d": null, "height": 6, "movementty": null, "persons_de": " ", "remedialot": null, "datetimety": null, "vulnerabil": null, "reactivati": 0, "slide_no": "TR/NTR/84A05/2015/26", "report_lan": " ", "reviewed_t": null, "datacrea_1": null, "inducingfa": null, "tocken": null, "check_stat": null, "retainings": null, "morphologi": null, "areainsqme": null, "powerinfra": null, "style": "Single", "housesbuil": null, "weatheredm": null, "status": null, "causesothe": null, "history_da": null, "activity": "Active", "latitude": 23.892694, "globalid": "{41B4019C-DFE7-4555-B7D7-ED39C55D5BCE}", "u_lat": null, "movementra": null, "depthinmet": null, "landuse_af": " ", "preliminar": null, "hydrologic": "Wet", "lengthinme": null, "railwayl_1": null, "distributi": "Confined", "widthinmet": null, "landslid_2": null, "gsi_user": null, "landslid_3": null, "abstract": " ", "landslid_1": null, "toposheet_": null, "datacreate": null, "geomorphol": "Moderately dissected hill", "landslid_4": null, "impactorda": null, "triggering": "Rainfall", "landslidep": null, "depth": 1, "landslidet": null, "livestock_": " ", "landslides": null, "report": " ", "width": 5, "infrastruc": "Road", "damsbarrag": null, "livestockd": null, "nh_sh_loca": "S of Tlangsang", "livestocki": null, "date": null, "joint": null, "ls_area": 35, "geoscienti": "Slope modification", "landslided": null, "roadsaff_1": null, "landslidec": null, "source": null, "photos": " ", "date_acc": null, "geology1": "", "rmr": null, "contactaff": null, "reactiva_2": 0, "landuselan": null, "reactiva_1": 0, "roadblocke": null, "longitude": 92.272667, "failure_me": "Shallow translational failure", "toposheet": "84A05", "roadsaffec": null, "usertype": null, "contactnam": null, "housesbu_1": null, "id_lan": null, "movement_t": "Slide", "image_land": " ", "class_numb": null, "othersaffe": null, "slopegeome": null, "people_aff": " ", "contactmob": null, "movement_r": "Rapid", "peopleinju": null, "rejected_r": null, "district": "North Tripura", "slide_name": " ", "pre_remedi": "Retaining wall with proper drainage", "runoutdist": null, "otherinfom": null, "roadbenche": null, "failuremec": null, "geology": "Sandstone", "contactema": null, "material_t": "Debris", "bedding": null, "humancause": null, "initiation": 2015, "alert": " ", "exactdatei": null, "dataupda_1": null, "geo_acc": null, "realignmen": null, "village": null, "initiati_1": 2015, "duration_o": null, "citation": "Santosh PK et al., 2016. Macro-scale (1:50,000) landslide susceptibility Mapping in parts of toposheets no. 79M/13, 14, 83D/4, 8, 84A/1, 2, 5, 6, North Tripura and Dhalai districts, Tripura. Unpub. GSI report of FS 2015-2016.", "subdivisio": null, "damsbarr_1": null, "length": 7, "volumeinme": null, "slide_none": null, "railwaylin": null, "remedial_1": null, "structure": " ", "railwayben": null, "ls_volume": 35, "peopledead": null, "runout_dis": 0, "rainfallin": null, "drainage": null, "heightinme": null, "objectid": 24151, "remarks": "Numerous small rock fall and slide from freshly cut road", "internalsl": null, "remedialno": null}}, {"geometry": {"type": "Point", "coordinates": [92.23313900000005, 23.953333000000043], "crs": null}, "id": 24787, "type": "Feature", "properties": {"materialin": null, "oldslide_n": null, "otherlandu": null, "geological": null, "id_project": null, "dataupdate": null, "locationde": null, "communicat": " ", "u_long": null, "class_type": null, "amount_of_": null, "date_and_t": null, "id": null, "state": "Tripura", "landuse_la": "Moderate vegetation", "reviewed_d": null, "height": 30, "movementty": null, "persons_de": " ", "remedialot": null, "datetimety": null, "vulnerabil": null, "reactivati": 0, "slide_no": "TR/NTR/84A01/2015/10", "report_lan": " ", "reviewed_t": null, "datacrea_1": null, "inducingfa": null, "tocken": null, "check_stat": null, "retainings": null, "morphologi": null, "areainsqme": null, "powerinfra": null, "style": "Single", "housesbuil": null, "weatheredm": null, "status": null, "causesothe": null, "history_da": null, "activity": "Active", "latitude": 23.953333, "globalid": "{DB12D411-DF18-49F3-B3A5-4CF74CD8734B}", "u_lat": null, "movementra": null, "depthinmet": null, "landuse_af": " ", "preliminar": null, "hydrologic": "Dry", "lengthinme": null, "railwayl_1": null, "distributi": "Widening", "widthinmet": null, "landslid_2": null, "gsi_user": null, "landslid_3": null, "abstract": " ", "landslid_1": null, "toposheet_": null, "datacreate": null, "geomorphol": "Moderately dissected hill", "landslid_4": null, "impactorda": null, "triggering": "Rainfall", "landslidep": null, "depth": 1, "landslidet": null, "livestock_": " ", "landslides": null, "report": " ", "width": 20, "infrastruc": "Road", "damsbarrag": null, "livestockd": null, "nh_sh_loca": "Near Baganpara Village", "livestocki": null, "date": null, "joint": null, "ls_area": 800, "geoscienti": "Steep slope and loose material", "landslided": null, "roadsaff_1": null, "landslidec": null, "source": null, "photos": " ", "date_acc": null, "geology1": "", "rmr": null, "contactaff": null, "reactiva_2": 0, "landuselan": null, "reactiva_1": 0, "roadblocke": null, "longitude": 92.233139, "failure_me": "Shallow translational failure", "toposheet": "84A01", "roadsaffec": null, "usertype": null, "contactnam": null, "housesbu_1": null, "id_lan": null, "movement_t": "Flow", "image_land": " ", "class_numb": null, "othersaffe": null, "slopegeome": null, "people_aff": " ", "contactmob": null, "movement_r": "Rapid", "peopleinju": null, "rejected_r": null, "district": "North Tripura", "slide_name": " ", "pre_remedi": "maintaining  proper drainage system and water piping holes required along with the remedial measures", "runoutdist": null, "otherinfom": null, "roadbenche": null, "failuremec": null, "geology": "Shale with siltstone", "contactema": null, "material_t": "Debris", "bedding": null, "humancause": null, "initiation": 2015, "alert": " ", "exactdatei": null, "dataupda_1": null, "geo_acc": null, "realignmen": null, "village": null, "initiati_1": 2015, "duration_o": null, "citation": "Santosh PK et al., 2016. Macro-scale (1:50,000) landslide susceptibility Mapping in parts of toposheets no. 79M/13, 14, 83D/4, 8, 84A/1, 2, 5, 6, North Tripura and Dhalai districts, Tripura. Unpub. GSI report of FS 2015-2016.", "subdivisio": null, "damsbarr_1": null, "length": 40, "volumeinme": null, "slide_none": null, "railwaylin": null, "remedial_1": null, "structure": " ", "railwayben": null, "ls_volume": 800, "peopledead": null, "runout_dis": 0, "rainfallin": null, "drainage": null, "heightinme": null, "objectid": 24787, "remarks": "Bamboo retaining wall, bag piling which are put up fail during heavy monsonn", "internalsl": null, "remedialno": null}}, {"geometry": {"type": "Point", "coordinates": [92.28225000000003, 24.063194000000067], "crs": null}, "id": 25004, "type": "Feature", "properties": {"materialin": null, "oldslide_n": null, "otherlandu": null, "geological": null, "id_project": null, "dataupdate": null, "locationde": null, "communicat": " ", "u_long": null, "class_type": null, "amount_of_": null, "date_and_t": null, "id": null, "state": "Tripura", "landuse_la": "Moderate vegetation", "reviewed_d": null, "height": 30, "movementty": null, "persons_de": " ", "remedialot": null, "datetimety": null, "vulnerabil": null, "reactivati": 0, "slide_no": "TR/NTR/84D08/2015/11", "report_lan": " ", "reviewed_t": null, "datacrea_1": null, "inducingfa": null, "tocken": null, "check_stat": null, "retainings": null, "morphologi": null, "areainsqme": null, "powerinfra": null, "style": "Single", "housesbuil": null, "weatheredm": null, "status": null, "causesothe": null, "history_da": null, "activity": "Suspended", "latitude": 24.063194, "globalid": "{19E7C85A-6503-4531-B2E7-82D0A9B4B94E}", "u_lat": null, "movementra": null, "depthinmet": null, "landuse_af": " ", "preliminar": null, "hydrologic": "Wet", "lengthinme": null, "railwayl_1": null, "distributi": "Retrogressive", "widthinmet": null, "landslid_2": null, "gsi_user": null, "landslid_3": null, "abstract": " ", "landslid_1": null, "toposheet_": null, "datacreate": null, "geomorphol": "Moderately dissected hill", "landslid_4": null, "impactorda": null, "triggering": " ", "landslidep": null, "depth": 1, "landslidet": null, "livestock_": " ", "landslides": null, "report": " ", "width": 10, "infrastruc": " ", "damsbarrag": null, "livestockd": null, "nh_sh_loca": "Vaisam", "livestocki": null, "date": null, "joint": null, "ls_area": 300, "geoscienti": "Oversaturation of the slope materials", "landslided": null, "roadsaff_1": null, "landslidec": null, "source": null, "photos": " ", "date_acc": null, "geology1": "", "rmr": null, "contactaff": null, "reactiva_2": 0, "landuselan": null, "reactiva_1": 0, "roadblocke": null, "longitude": 92.28225, "failure_me": "Shallow translational failure", "toposheet": "84D08", "roadsaffec": null, "usertype": null, "contactnam": null, "housesbu_1": null, "id_lan": null, "movement_t": "Flow", "image_land": " ", "class_numb": null, "othersaffe": null, "slopegeome": null, "people_aff": " ", "contactmob": null, "movement_r": "Rapid", "peopleinju": null, "rejected_r": null, "district": "North Tripura", "slide_name": " ", "pre_remedi": "diversion of rain water by maintaining  proper drainage", "runoutdist": null, "otherinfom": null, "roadbenche": null, "failuremec": null, "geology": "Siltstone and shale", "contactema": null, "material_t": "Debris", "bedding": null, "humancause": null, "initiation": 0, "alert": " ", "exactdatei": null, "dataupda_1": null, "geo_acc": null, "realignmen": null, "village": null, "initiati_1": 0, "duration_o": null, "citation": "Santosh PK et al., 2016. Macro-scale (1:50,000) landslide susceptibility Mapping in parts of toposheets no. 79M/13, 14, 83D/4, 8, 84A/1, 2, 5, 6, North Tripura and Dhalai districts, Tripura. Unpub. GSI report of FS 2015-2016.", "subdivisio": null, "damsbarr_1": null, "length": 30, "volumeinme": null, "slide_none": null, "railwaylin": null, "remedial_1": null, "structure": "Jointed", "railwayben": null, "ls_volume": 300, "peopledead": null, "runout_dis": 60, "rainfallin": null, "drainage": null, "heightinme": null, "objectid": 25004, "remarks": " ", "internalsl": null, "remedialno": null}}, {"geometry": {"type": "Point", "coordinates": [91.45425000000006, 24.00341700000007], "crs": null}, "id": 25290, "type": "Feature", "properties": {"materialin": null, "oldslide_n": null, "otherlandu": null, "geological": null, "id_project": null, "dataupdate": null, "locationde": null, "communicat": " ", "u_long": null, "class_type": null, "amount_of_": null, "date_and_t": null, "id": null, "state": "Tripura", "landuse_la": "Settlement, thick vegetation with tall trees, bananas and rich undergrowth", "reviewed_d": null, "height": 16, "movementty": null, "persons_de": "1 (60 yr old female)", "remedialot": null, "datetimety": null, "vulnerabil": null, "reactivati": 0, "slide_no": "TR/WTR/79 M09/2018/004", "report_lan": " ", "reviewed_t": null, "datacrea_1": null, "inducingfa": null, "tocken": null, "check_stat": null, "retainings": null, "morphologi": null, "areainsqme": null, "powerinfra": null, "style": "Multiple, Successive", "housesbuil": null, "weatheredm": null, "status": null, "causesothe": null, "history_da": null, "activity": "Active", "latitude": 24.003417, "globalid": "{740EB0FB-404A-4EF5-AE75-C5CEC06F16B3}", "u_lat": null, "movementra": null, "depthinmet": null, "landuse_af": " ", "preliminar": null, "hydrologic": "Damp", "lengthinme": null, "railwayl_1": null, "distributi": "Retrogressive & widening", "widthinmet": null, "landslid_2": null, "gsi_user": null, "landslid_3": null, "abstract": " ", "landslid_1": null, "toposheet_": null, "datacreate": null, "geomorphol": "Rolling plain", "landslid_4": null, "impactorda": null, "triggering": "Rainfall", "landslidep": null, "depth": 0, "landslidet": null, "livestock_": " ", "landslides": null, "report": " ", "width": 18, "infrastruc": "1 house completely damaged", "damsbarrag": null, "livestockd": null, "nh_sh_loca": "Champabari, Belbari Block (formerly part of Jirania block)", "livestocki": null, "date": null, "joint": null, "ls_area": 0, "geoscienti": "Steep and concave nature of the slope ideal for water seepage and retention.  Thickness of unconsolidated overburden material which comprise of thick soil, highly weathered shalesiltstonemudstone with friable ferruginous sandstone; Slope cutting of natur", "landslided": null, "roadsaff_1": null, "landslidec": null, "source": null, "photos": " ", "date_acc": null, "geology1": "", "rmr": null, "contactaff": null, "reactiva_2": 0, "landuselan": null, "reactiva_1": 0, "roadblocke": null, "longitude": 91.45425, "failure_me": "Shallow planar failure", "toposheet": "79M09", "roadsaffec": null, "usertype": null, "contactnam": null, "housesbu_1": null, "id_lan": null, "movement_t": "Slide", "image_land": "0", "class_numb": null, "othersaffe": null, "slopegeome": null, "people_aff": "1 injured", "contactmob": null, "movement_r": "Rapid", "peopleinju": null, "rejected_r": null, "district": "West Tripura", "slide_name": "Narengbari landslide", "pre_remedi": "Slope moderation with multiple benching at the crown area/ where the slopes are relatively steeper. Removal of load from the upslope such as tall trees with penetrative roots, banana plants and overhanging materials.  Strengthening of the unconsolidated", "runoutdist": null, "otherinfom": null, "roadbenche": null, "failuremec": null, "geology": "Shale, siltstone and mudstone with sandstone of Bokabil Formation of the Surma Group of rocks", "contactema": null, "material_t": "Debris", "bedding": null, "humancause": null, "initiation": 0, "alert": "III", "exactdatei": null, "dataupda_1": null, "geo_acc": null, "realignmen": null, "village": null, "initiati_1": 0, "duration_o": null, "citation": " ", "subdivisio": null, "damsbarr_1": null, "length": 22, "volumeinme": null, "slide_none": null, "railwaylin": null, "remedial_1": null, "structure": "Western limb of Baramura antiform; nearby areas the beds are westerly dipping (15\u252c\u259130\u252c\u2591)", "railwayben": null, "ls_volume": 0, "peopledead": null, "runout_dis": 60, "rainfallin": null, "drainage": null, "heightinme": null, "objectid": 25290, "remarks": "At the base of the slope, seepage of water was observed after the event of slope failure. Downslope of the landslide, toe erosion by nala (Nareng nadi) has caused minor slides.Another slide is also observed on the other slope face of the same hill. A fam", "internalsl": null, "remedialno": null}}, {"geometry": {"type": "Point", "coordinates": [94.23258300000003, 24.32544400000006], "crs": null}, "id": 25983, "type": "Feature", "properties": {"materialin": null, "oldslide_n": null, "otherlandu": null, "geological": null, "id_project": null, "dataupdate": null, "locationde": null, "communicat": " ", "u_long": null, "class_type": null, "amount_of_": null, "date_and_t": null, "id": null, "state": "Tripura", "landuse_la": "Settlement, thick vegetation and cultivated land", "reviewed_d": null, "height": 10, "movementty": null, "persons_de": "1 no. (62 yr old man)", "remedialot": null, "datetimety": null, "vulnerabil": null, "reactivati": 0, "slide_no": "TR/WTR/79M05/2018/003", "report_lan": " ", "reviewed_t": null, "datacrea_1": null, "inducingfa": null, "tocken": null, "check_stat": null, "retainings": null, "morphologi": null, "areainsqme": null, "powerinfra": null, "style": "Single", "housesbuil": null, "weatheredm": null, "status": null, "causesothe": null, "history_da": null, "activity": "Active", "latitude": 24.325444, "globalid": "{E63109EC-3FDF-4600-A7F6-A7F28959359C}", "u_lat": null, "movementra": null, "depthinmet": null, "landuse_af": " ", "preliminar": null, "hydrologic": "Dry", "lengthinme": null, "railwayl_1": null, "distributi": "Advancing & retrogressive", "widthinmet": null, "landslid_2": null, "gsi_user": null, "landslid_3": null, "abstract": " ", "landslid_1": null, "toposheet_": null, "datacreate": null, "geomorphol": "Rolling plain", "landslid_4": null, "impactorda": null, "triggering": "Rainfall", "landslidep": null, "depth": 0, "landslidet": null, "livestock_": " ", "landslides": null, "report": " ", "width": 13, "infrastruc": "1 house completely damaged", "damsbarrag": null, "livestockd": null, "nh_sh_loca": "Kumbukcherra area, Hezamara Block", "livestocki": null, "date": null, "joint": null, "ls_area": 0, "geoscienti": "Thick volume of regolith consisting of highly weathered and unconsolidated ferruginous sandstone with small clay pocket; Excavation  of  natural  slope  for  construction  of  the  house  without sufficient slope/toe support. The steep and concave nature", "landslided": null, "roadsaff_1": null, "landslidec": null, "source": null, "photos": " ", "date_acc": null, "geology1": "", "rmr": null, "contactaff": null, "reactiva_2": 0, "landuselan": null, "reactiva_1": 0, "roadblocke": null, "longitude": 94.232583, "failure_me": "Shallow planar failure", "toposheet": "79M05", "roadsaffec": null, "usertype": null, "contactnam": null, "housesbu_1": null, "id_lan": null, "movement_t": "Slide", "image_land": "0", "class_numb": null, "othersaffe": null, "slopegeome": null, "people_aff": " ", "contactmob": null, "movement_r": "Rapid", "peopleinju": null, "rejected_r": null, "district": "West Tripura", "slide_name": "Belfung landslide", "pre_remedi": "Removal of the advancing material and the material on the scarp. Slope moderation by multiple benching along the steep landslide scar and nearby slopes. Removal of load such as tall trees with penetrative roots and overhanging materials. Diversion of sur", "runoutdist": null, "otherinfom": null, "roadbenche": null, "failuremec": null, "geology": "The Bokabil Formation of the Surma Group of rocks comprising of shale, siltstone and mudstone with sandstone and conglomerates.", "contactema": null, "material_t": "Soil", "bedding": null, "humancause": null, "initiation": 0, "alert": "III", "exactdatei": null, "dataupda_1": null, "geo_acc": null, "realignmen": null, "village": null, "initiati_1": 0, "duration_o": null, "citation": " ", "subdivisio": null, "damsbarr_1": null, "length": 21, "volumeinme": null, "slide_none": null, "railwaylin": null, "remedial_1": null, "structure": "Western limb of Baramura antiform; nearby areas the beds are gentle and westerly dipping (5\u2566\u00dc12\u2566\u00dc)", "railwayben": null, "ls_volume": 0, "peopledead": null, "runout_dis": 4, "rainfallin": null, "drainage": null, "heightinme": null, "objectid": 25983, "remarks": "Streams or gullies which form along the slope should be channelized to avoid further seepage along the undisturbed slope.  Banana plantation on upslope; The people residing in the neighboring houses were recommended to evacuate and shift to a safer place", "internalsl": null, "remedialno": null}}, {"geometry": {"type": "Point", "coordinates": [92.25350000000003, 24.031139000000053], "crs": null}, "id": 26003, "type": "Feature", "properties": {"materialin": null, "oldslide_n": null, "otherlandu": null, "geological": null, "id_project": null, "dataupdate": null, "locationde": null, "communicat": " ", "u_long": null, "class_type": null, "amount_of_": null, "date_and_t": null, "id": null, "state": "Tripura", "landuse_la": "High height plantation", "reviewed_d": null, "height": 15, "movementty": null, "persons_de": " ", "remedialot": null, "datetimety": null, "vulnerabil": null, "reactivati": 0, "slide_no": "TR/NTR/84D08/2015/35", "report_lan": " ", "reviewed_t": null, "datacrea_1": null, "inducingfa": null, "tocken": null, "check_stat": null, "retainings": null, "morphologi": null, "areainsqme": null, "powerinfra": null, "style": "Single", "housesbuil": null, "weatheredm": null, "status": null, "causesothe": null, "history_da": null, "activity": "Active", "latitude": 24.031139, "globalid": "{80298A98-FE02-43AD-A7CD-8060444ACEE7}", "u_lat": null, "movementra": null, "depthinmet": null, "landuse_af": " ", "preliminar": null, "hydrologic": "Dry", "lengthinme": null, "railwayl_1": null, "distributi": "Retrogressive", "widthinmet": null, "landslid_2": null, "gsi_user": null, "landslid_3": null, "abstract": " ", "landslid_1": null, "toposheet_": null, "datacreate": null, "geomorphol": "Highly dissected hill", "landslid_4": null, "impactorda": null, "triggering": "Rainfall", "landslidep": null, "depth": 1, "landslidet": null, "livestock_": " ", "landslides": null, "report": " ", "width": 10, "infrastruc": " ", "damsbarrag": null, "livestockd": null, "nh_sh_loca": "Kanchanpur-Jampui road", "livestocki": null, "date": null, "joint": null, "ls_area": 200, "geoscienti": "Loose material", "landslided": null, "roadsaff_1": null, "landslidec": null, "source": null, "photos": " ", "date_acc": null, "geology1": "", "rmr": null, "contactaff": null, "reactiva_2": 0, "landuselan": null, "reactiva_1": 0, "roadblocke": null, "longitude": 92.2535, "failure_me": "Shallow translational failure", "toposheet": "84D08", "roadsaffec": null, "usertype": null, "contactnam": null, "housesbu_1": null, "id_lan": null, "movement_t": "Slide", "image_land": " ", "class_numb": null, "othersaffe": null, "slopegeome": null, "people_aff": " ", "contactmob": null, "movement_r": "Rapid", "peopleinju": null, "rejected_r": null, "district": "North Tripura", "slide_name": " ", "pre_remedi": "Removal of loose debris", "runoutdist": null, "otherinfom": null, "roadbenche": null, "failuremec": null, "geology": "Shale with siltstone", "contactema": null, "material_t": "Debris", "bedding": null, "humancause": null, "initiation": 0, "alert": " ", "exactdatei": null, "dataupda_1": null, "geo_acc": null, "realignmen": null, "village": null, "initiati_1": 0, "duration_o": null, "citation": "Santosh PK et al., 2016. Macro-scale (1:50,000) landslide susceptibility Mapping in parts of toposheets no. 79M/13, 14, 83D/4, 8, 84A/1, 2, 5, 6, North Tripura and Dhalai districts, Tripura. Unpub. GSI report of FS 2015-2016.", "subdivisio": null, "damsbarr_1": null, "length": 20, "volumeinme": null, "slide_none": null, "railwaylin": null, "remedial_1": null, "structure": " ", "railwayben": null, "ls_volume": 200, "peopledead": null, "runout_dis": 0, "rainfallin": null, "drainage": null, "heightinme": null, "objectid": 26003, "remarks": " ", "internalsl": null, "remedialno": null}}, {"geometry": {"type": "Point", "coordinates": [92.01583300000004, 23.692222000000072], "crs": null}, "id": 26355, "type": "Feature", "properties": {"materialin": null, "oldslide_n": null, "otherlandu": null, "geological": null, "id_project": null, "dataupdate": null, "locationde": null, "communicat": " ", "u_long": null, "class_type": null, "amount_of_": null, "date_and_t": null, "id": null, "state": "Tripura", "landuse_la": "Moderate vegetation", "reviewed_d": null, "height": 8, "movementty": null, "persons_de": " ", "remedialot": null, "datetimety": null, "vulnerabil": null, "reactivati": 0, "slide_no": "TR/DHA/84A02/2015/18", "report_lan": " ", "reviewed_t": null, "datacrea_1": null, "inducingfa": null, "tocken": null, "check_stat": null, "retainings": null, "morphologi": null, "areainsqme": null, "powerinfra": null, "style": "Single", "housesbuil": null, "weatheredm": null, "status": null, "causesothe": null, "history_da": null, "activity": "Active", "latitude": 23.692222, "globalid": "{BF62CCDD-CC33-4EEF-A269-D82F489804AB}", "u_lat": null, "movementra": null, "depthinmet": null, "landuse_af": " ", "preliminar": null, "hydrologic": "Wet", "lengthinme": null, "railwayl_1": null, "distributi": "Retrogressive", "widthinmet": null, "landslid_2": null, "gsi_user": null, "landslid_3": null, "abstract": " ", "landslid_1": null, "toposheet_": null, "datacreate": null, "geomorphol": "Moderately dissected hill", "landslid_4": null, "impactorda": null, "triggering": " ", "landslidep": null, "depth": 1, "landslidet": null, "livestock_": " ", "landslides": null, "report": " ", "width": 10, "infrastruc": " ", "damsbarrag": null, "livestockd": null, "nh_sh_loca": "Budhijoypara", "livestocki": null, "date": null, "joint": null, "ls_area": 100, "geoscienti": "Oversaturation of the slope materials", "landslided": null, "roadsaff_1": null, "landslidec": null, "source": null, "photos": " ", "date_acc": null, "geology1": "", "rmr": null, "contactaff": null, "reactiva_2": 0, "landuselan": null, "reactiva_1": 0, "roadblocke": null, "longitude": 92.015833, "failure_me": "Shallow translational failure", "toposheet": "84A02", "roadsaffec": null, "usertype": null, "contactnam": null, "housesbu_1": null, "id_lan": null, "movement_t": "Slide", "image_land": " ", "class_numb": null, "othersaffe": null, "slopegeome": null, "people_aff": " ", "contactmob": null, "movement_r": "Rapid", "peopleinju": null, "rejected_r": null, "district": "Dhalai", "slide_name": " ", "pre_remedi": "diversion of rain water by maintaining  proper drainage", "runoutdist": null, "otherinfom": null, "roadbenche": null, "failuremec": null, "geology": "Shale", "contactema": null, "material_t": "Earth", "bedding": null, "humancause": null, "initiation": 2015, "alert": " ", "exactdatei": null, "dataupda_1": null, "geo_acc": null, "realignmen": null, "village": null, "initiati_1": 2015, "duration_o": null, "citation": "Santosh PK et al., 2016. Macro-scale (1:50,000) landslide susceptibility Mapping in parts of toposheets no. 79M/13, 14, 83D/4, 8, 84A/1, 2, 5, 6, North Tripura and Dhalai districts, Tripura. Unpub. GSI report of FS 2015-2016.", "subdivisio": null, "damsbarr_1": null, "length": 10, "volumeinme": null, "slide_none": null, "railwaylin": null, "remedial_1": null, "structure": " ", "railwayben": null, "ls_volume": 100, "peopledead": null, "runout_dis": 5, "rainfallin": null, "drainage": null, "heightinme": null, "objectid": 26355, "remarks": " ", "internalsl": null, "remedialno": null}}, {"geometry": {"type": "Point", "coordinates": [92.03513900000007, 23.653556000000037], "crs": null}, "id": 27393, "type": "Feature", "properties": {"materialin": null, "oldslide_n": null, "otherlandu": null, "geological": null, "id_project": null, "dataupdate": null, "locationde": null, "communicat": " ", "u_long": null, "class_type": null, "amount_of_": null, "date_and_t": null, "id": null, "state": "Tripura", "landuse_la": " Thick vegetation", "reviewed_d": null, "height": 9, "movementty": null, "persons_de": " ", "remedialot": null, "datetimety": null, "vulnerabil": null, "reactivati": 0, "slide_no": "TR/DHA/84A02/2015/55", "report_lan": " ", "reviewed_t": null, "datacrea_1": null, "inducingfa": null, "tocken": null, "check_stat": null, "retainings": null, "morphologi": null, "areainsqme": null, "powerinfra": null, "style": "Single", "housesbuil": null, "weatheredm": null, "status": null, "causesothe": null, "history_da": null, "activity": "Active", "latitude": 23.653556, "globalid": "{FC6F74BF-A387-4F48-896F-419A5D1AEE09}", "u_lat": null, "movementra": null, "depthinmet": null, "landuse_af": " ", "preliminar": null, "hydrologic": "Dry", "lengthinme": null, "railwayl_1": null, "distributi": "Confined", "widthinmet": null, "landslid_2": null, "gsi_user": null, "landslid_3": null, "abstract": " ", "landslid_1": null, "toposheet_": null, "datacreate": null, "geomorphol": "Highly dissected hill", "landslid_4": null, "impactorda": null, "triggering": "Rainfall", "landslidep": null, "depth": 1, "landslidet": null, "livestock_": " ", "landslides": null, "report": " ", "width": 10, "infrastruc": "Road", "damsbarrag": null, "livestockd": null, "nh_sh_loca": "AH post Indo-Bangladesh border", "livestocki": null, "date": null, "joint": null, "ls_area": 120, "geoscienti": "Toe removal", "landslided": null, "roadsaff_1": null, "landslidec": null, "source": null, "photos": " ", "date_acc": null, "geology1": "", "rmr": null, "contactaff": null, "reactiva_2": 0, "landuselan": null, "reactiva_1": 0, "roadblocke": null, "longitude": 92.035139, "failure_me": "Shallow translational failure", "toposheet": "84A02", "roadsaffec": null, "usertype": null, "contactnam": null, "housesbu_1": null, "id_lan": null, "movement_t": "Slide", "image_land": " ", "class_numb": null, "othersaffe": null, "slopegeome": null, "people_aff": " ", "contactmob": null, "movement_r": "Rapid", "peopleinju": null, "rejected_r": null, "district": "Dhalai", "slide_name": " ", "pre_remedi": "maintain proper drainage", "runoutdist": null, "otherinfom": null, "roadbenche": null, "failuremec": null, "geology": "shale-siltstone-sandstone sequence", "contactema": null, "material_t": "Debris", "bedding": null, "humancause": null, "initiation": 2015, "alert": " ", "exactdatei": null, "dataupda_1": null, "geo_acc": null, "realignmen": null, "village": null, "initiati_1": 2015, "duration_o": null, "citation": "Santosh PK et al., 2016. Macro-scale (1:50,000) landslide susceptibility Mapping in parts of toposheets no. 79M/13, 14, 83D/4, 8, 84A/1, 2, 5, 6, North Tripura and Dhalai districts, Tripura. Unpub. GSI report of FS 2015-2016.", "subdivisio": null, "damsbarr_1": null, "length": 12, "volumeinme": null, "slide_none": null, "railwaylin": null, "remedial_1": null, "structure": " ", "railwayben": null, "ls_volume": 120, "peopledead": null, "runout_dis": 0, "rainfallin": null, "drainage": null, "heightinme": null, "objectid": 27393, "remarks": " ", "internalsl": null, "remedialno": null}}, {"geometry": {"type": "Point", "coordinates": [92.27666700000003, 24.10702800000007], "crs": null}, "id": 27929, "type": "Feature", "properties": {"materialin": null, "oldslide_n": null, "otherlandu": null, "geological": null, "id_project": null, "dataupdate": null, "locationde": null, "communicat": " ", "u_long": null, "class_type": null, "amount_of_": null, "date_and_t": null, "id": null, "state": "Tripura", "landuse_la": " Thick vegetation", "reviewed_d": null, "height": 5, "movementty": null, "persons_de": " ", "remedialot": null, "datetimety": null, "vulnerabil": null, "reactivati": 0, "slide_no": "TR/NTR/84D08/2015/44", "report_lan": " ", "reviewed_t": null, "datacrea_1": null, "inducingfa": null, "tocken": null, "check_stat": null, "retainings": null, "morphologi": null, "areainsqme": null, "powerinfra": null, "style": "Single", "housesbuil": null, "weatheredm": null, "status": null, "causesothe": null, "history_da": null, "activity": "Active", "latitude": 24.107028, "globalid": "{AE0115D3-D162-413D-8D41-44671C5CD216}", "u_lat": null, "movementra": null, "depthinmet": null, "landuse_af": " ", "preliminar": null, "hydrologic": "Dry", "lengthinme": null, "railwayl_1": null, "distributi": "Confined", "widthinmet": null, "landslid_2": null, "gsi_user": null, "landslid_3": null, "abstract": " ", "landslid_1": null, "toposheet_": null, "datacreate": null, "geomorphol": "Highly dissected hill", "landslid_4": null, "impactorda": null, "triggering": "Rainfall", "landslidep": null, "depth": 1, "landslidet": null, "livestock_": " ", "landslides": null, "report": " ", "width": 3, "infrastruc": "Road", "damsbarrag": null, "livestockd": null, "nh_sh_loca": "Damcherra-Hmunpui junction road section along Jampui hill range", "livestocki": null, "date": null, "joint": null, "ls_area": 18, "geoscienti": "Oversaturation of the slope materials", "landslided": null, "roadsaff_1": null, "landslidec": null, "source": null, "photos": " ", "date_acc": null, "geology1": "", "rmr": null, "contactaff": null, "reactiva_2": 0, "landuselan": null, "reactiva_1": 0, "roadblocke": null, "longitude": 92.276667, "failure_me": "Shallow translational failure", "toposheet": "84D08", "roadsaffec": null, "usertype": null, "contactnam": null, "housesbu_1": null, "id_lan": null, "movement_t": "Slide", "image_land": " ", "class_numb": null, "othersaffe": null, "slopegeome": null, "people_aff": " ", "contactmob": null, "movement_r": "Rapid", "peopleinju": null, "rejected_r": null, "district": "North Tripura", "slide_name": " ", "pre_remedi": "remove the over hangs, diversion of rain water by maintaining  proper", "runoutdist": null, "otherinfom": null, "roadbenche": null, "failuremec": null, "geology": " ", "contactema": null, "material_t": "Debris", "bedding": null, "humancause": null, "initiation": 2015, "alert": " ", "exactdatei": null, "dataupda_1": null, "geo_acc": null, "realignmen": null, "village": null, "initiati_1": 2015, "duration_o": null, "citation": "Santosh PK et al., 2016. Macro-scale (1:50,000) landslide susceptibility Mapping in parts of toposheets no. 79M/13, 14, 83D/4, 8, 84A/1, 2, 5, 6, North Tripura and Dhalai districts, Tripura. Unpub. GSI report of FS 2015-2016.", "subdivisio": null, "damsbarr_1": null, "length": 6, "volumeinme": null, "slide_none": null, "railwaylin": null, "remedial_1": null, "structure": " ", "railwayben": null, "ls_volume": 18, "peopledead": null, "runout_dis": 0, "rainfallin": null, "drainage": null, "heightinme": null, "objectid": 27929, "remarks": " ", "internalsl": null, "remedialno": null}}, {"geometry": {"type": "Point", "coordinates": [92.28336100000007, 23.896806000000026], "crs": null}, "id": 28036, "type": "Feature", "properties": {"materialin": null, "oldslide_n": null, "otherlandu": null, "geological": null, "id_project": null, "dataupdate": null, "locationde": null, "communicat": " ", "u_long": null, "class_type": null, "amount_of_": null, "date_and_t": null, "id": null, "state": "Tripura", "landuse_la": " Thick vegetation", "reviewed_d": null, "height": 10, "movementty": null, "persons_de": " ", "remedialot": null, "datetimety": null, "vulnerabil": null, "reactivati": 0, "slide_no": "TR/NTR/84A05/2015/27", "report_lan": " ", "reviewed_t": null, "datacrea_1": null, "inducingfa": null, "tocken": null, "check_stat": null, "retainings": null, "morphologi": null, "areainsqme": null, "powerinfra": null, "style": "Single", "housesbuil": null, "weatheredm": null, "status": null, "causesothe": null, "history_da": null, "activity": "Active", "latitude": 23.896806, "globalid": "{85A08ED7-D1A6-471A-9611-8F67A1DD3818}", "u_lat": null, "movementra": null, "depthinmet": null, "landuse_af": " ", "preliminar": null, "hydrologic": "Wet", "lengthinme": null, "railwayl_1": null, "distributi": "Confined", "widthinmet": null, "landslid_2": null, "gsi_user": null, "landslid_3": null, "abstract": " ", "landslid_1": null, "toposheet_": null, "datacreate": null, "geomorphol": "Highly dissected hill", "landslid_4": null, "impactorda": null, "triggering": "Rainfall", "landslidep": null, "depth": 1, "landslidet": null, "livestock_": " ", "landslides": null, "report": " ", "width": 6, "infrastruc": " ", "damsbarrag": null, "livestockd": null, "nh_sh_loca": "Near Tharmapara", "livestocki": null, "date": null, "joint": null, "ls_area": 72, "geoscienti": "Steep slope", "landslided": null, "roadsaff_1": null, "landslidec": null, "source": null, "photos": " ", "date_acc": null, "geology1": "", "rmr": null, "contactaff": null, "reactiva_2": 0, "landuselan": null, "reactiva_1": 0, "roadblocke": null, "longitude": 92.283361, "failure_me": "Shallow translational failure", "toposheet": "84A05", "roadsaffec": null, "usertype": null, "contactnam": null, "housesbu_1": null, "id_lan": null, "movement_t": "Slide", "image_land": " ", "class_numb": null, "othersaffe": null, "slopegeome": null, "people_aff": " ", "contactmob": null, "movement_r": "Rapid", "peopleinju": null, "rejected_r": null, "district": "North Tripura", "slide_name": " ", "pre_remedi": "maintain proper drainage", "runoutdist": null, "otherinfom": null, "roadbenche": null, "failuremec": null, "geology": "Sandstone-siltstone", "contactema": null, "material_t": "Debris", "bedding": null, "humancause": null, "initiation": 0, "alert": " ", "exactdatei": null, "dataupda_1": null, "geo_acc": null, "realignmen": null, "village": null, "initiati_1": 0, "duration_o": null, "citation": "Santosh PK et al., 2016. Macro-scale (1:50,000) landslide susceptibility Mapping in parts of toposheets no. 79M/13, 14, 83D/4, 8, 84A/1, 2, 5, 6, North Tripura and Dhalai districts, Tripura. Unpub. GSI report of FS 2015-2016.", "subdivisio": null, "damsbarr_1": null, "length": 12, "volumeinme": null, "slide_none": null, "railwaylin": null, "remedial_1": null, "structure": " ", "railwayben": null, "ls_volume": 72, "peopledead": null, "runout_dis": 18, "rainfallin": null, "drainage": null, "heightinme": null, "objectid": 28036, "remarks": " ", "internalsl": null, "remedialno": null}}, {"geometry": {"type": "Point", "coordinates": [93.77605600000004, 24.781694000000073], "crs": null}, "id": 28516, "type": "Feature", "properties": {"materialin": null, "oldslide_n": null, "otherlandu": null, "geological": null, "id_project": null, "dataupdate": null, "locationde": null, "communicat": " ", "u_long": null, "class_type": null, "amount_of_": null, "date_and_t": null, "id": null, "state": "Tripura", "landuse_la": "High height plantation", "reviewed_d": null, "height": 15, "movementty": null, "persons_de": "3 nos.", "remedialot": null, "datetimety": null, "vulnerabil": null, "reactivati": 0, "slide_no": "TR/WTR/78P08/2018/001", "report_lan": " ", "reviewed_t": null, "datacrea_1": null, "inducingfa": null, "tocken": null, "check_stat": null, "retainings": null, "morphologi": null, "areainsqme": null, "powerinfra": null, "style": "Multiple", "housesbuil": null, "weatheredm": null, "status": null, "causesothe": null, "history_da": null, "activity": "Active", "latitude": 24.781694, "globalid": "{8C3E58DA-6FB0-4499-871E-CFB571919140}", "u_lat": null, "movementra": null, "depthinmet": null, "landuse_af": "Paddy cultivation in the valley (plain) portion (not affected) surrounded by hillocks.", "preliminar": null, "hydrologic": "Lokhicherra river along with a small irrigation canal flows in the valley portion (plain).", "lengthinme": null, "railwayl_1": null, "distributi": "Advancing & retrogressive", "widthinmet": null, "landslid_2": null, "gsi_user": null, "landslid_3": null, "abstract": " ", "landslid_1": null, "toposheet_": null, "datacreate": null, "geomorphol": "Rolling plain", "landslid_4": null, "impactorda": null, "triggering": "Rainfall", "landslidep": null, "depth": 0, "landslidet": null, "livestock_": " ", "landslides": null, "report": " ", "width": 25, "infrastruc": "1 house completely damaged", "damsbarrag": null, "livestockd": null, "nh_sh_loca": "Subolsingh, Hezamara R.D. Block", "livestocki": null, "date": null, "joint": null, "ls_area": 0, "geoscienti": "The area shows a thick volume of highly weathered, loose and unconsolidated ferruginous sandstone with small clay pocket where modification of natural slope for construction of the house have been made without sufficient slope support. The incessant rain", "landslided": null, "roadsaff_1": null, "landslidec": null, "source": null, "photos": " ", "date_acc": null, "geology1": "", "rmr": null, "contactaff": null, "reactiva_2": 0, "landuselan": null, "reactiva_1": 0, "roadblocke": null, "longitude": 93.776056, "failure_me": "Shallow planar failure", "toposheet": "78P08", "roadsaffec": null, "usertype": null, "contactnam": null, "housesbu_1": null, "id_lan": null, "movement_t": "Slide", "image_land": "0", "class_numb": null, "othersaffe": null, "slopegeome": null, "people_aff": "1injured.", "contactmob": null, "movement_r": "Rapid", "peopleinju": null, "rejected_r": null, "district": "West Tripura", "slide_name": "Birchandrapara landslide", "pre_remedi": "Removal of the slide material from the scarp as well as the advancing material; Removal of load such as tall trees with penetrative roots and overhanging materials;  Diversion of surface runoff away from the affected slope by construction of hillside dra", "runoutdist": null, "otherinfom": null, "roadbenche": null, "failuremec": null, "geology": "Tipam Group of rocks represented by highly weathered, loose, unconsolidated, yellowish to light brown colour, fine to medium grained, ferruginous sandstone with small mudstone/clay pockets.", "contactema": null, "material_t": "Soil", "bedding": null, "humancause": null, "initiation": 0, "alert": "III", "exactdatei": null, "dataupda_1": null, "geo_acc": null, "realignmen": null, "village": null, "initiati_1": 0, "duration_o": null, "citation": " ", "subdivisio": null, "damsbarr_1": null, "length": 20, "volumeinme": null, "slide_none": null, "railwaylin": null, "remedial_1": null, "structure": "Contact between Tipam Group with Bokabil Formation of the Surma Group of rocks noted in nearby location with almost sub horizontal bedding plane (6\u252c\u2591).", "railwayben": null, "ls_volume": 0, "peopledead": null, "runout_dis": 10, "rainfallin": null, "drainage": null, "heightinme": null, "objectid": 28516, "remarks": "Streams or gullies which form along the slope should be channelized to avoid further seepage along the undisturbed slope. Several small failures are observed in the locality, therefore slope stability studies may be carried out to understand the causativ", "internalsl": null, "remedialno": null}}, {"geometry": {"type": "Point", "coordinates": [92.28288900000007, 23.897556000000066], "crs": null}, "id": 28961, "type": "Feature", "properties": {"materialin": null, "oldslide_n": null, "otherlandu": null, "geological": null, "id_project": null, "dataupdate": null, "locationde": null, "communicat": " ", "u_long": null, "class_type": null, "amount_of_": null, "date_and_t": null, "id": null, "state": "Tripura", "landuse_la": "Moderate vegetation", "reviewed_d": null, "height": 8, "movementty": null, "persons_de": " ", "remedialot": null, "datetimety": null, "vulnerabil": null, "reactivati": 0, "slide_no": "TR/NTR/84A05/2015/34", "report_lan": " ", "reviewed_t": null, "datacrea_1": null, "inducingfa": null, "tocken": null, "check_stat": null, "retainings": null, "morphologi": null, "areainsqme": null, "powerinfra": null, "style": "Multiple", "housesbuil": null, "weatheredm": null, "status": null, "causesothe": null, "history_da": null, "activity": "Active", "latitude": 23.897556, "globalid": "{5799BE7E-5156-41EF-BE8E-BA63BF34C447}", "u_lat": null, "movementra": null, "depthinmet": null, "landuse_af": " ", "preliminar": null, "hydrologic": "Dry", "lengthinme": null, "railwayl_1": null, "distributi": "Advancing", "widthinmet": null, "landslid_2": null, "gsi_user": null, "landslid_3": null, "abstract": " ", "landslid_1": null, "toposheet_": null, "datacreate": null, "geomorphol": "Highly dissected hill", "landslid_4": null, "impactorda": null, "triggering": "Rainfall", "landslidep": null, "depth": 1, "landslidet": null, "livestock_": " ", "landslides": null, "report": " ", "width": 6, "infrastruc": " ", "damsbarrag": null, "livestockd": null, "nh_sh_loca": "W of Tharmapara", "livestocki": null, "date": null, "joint": null, "ls_area": 60, "geoscienti": "Steep slope; Lack of vegetation cover", "landslided": null, "roadsaff_1": null, "landslidec": null, "source": null, "photos": " ", "date_acc": null, "geology1": "", "rmr": null, "contactaff": null, "reactiva_2": 0, "landuselan": null, "reactiva_1": 0, "roadblocke": null, "longitude": 92.282889, "failure_me": "Shallow translational failure", "toposheet": "84A05", "roadsaffec": null, "usertype": null, "contactnam": null, "housesbu_1": null, "id_lan": null, "movement_t": "Slide", "image_land": " ", "class_numb": null, "othersaffe": null, "slopegeome": null, "people_aff": " ", "contactmob": null, "movement_r": "Rapid", "peopleinju": null, "rejected_r": null, "district": "North Tripura", "slide_name": " ", "pre_remedi": "maintain proper drainage", "runoutdist": null, "otherinfom": null, "roadbenche": null, "failuremec": null, "geology": "Siltstone", "contactema": null, "material_t": "Debris", "bedding": null, "humancause": null, "initiation": 0, "alert": " ", "exactdatei": null, "dataupda_1": null, "geo_acc": null, "realignmen": null, "village": null, "initiati_1": 0, "duration_o": null, "citation": "Santosh PK et al., 2016. Macro-scale (1:50,000) landslide susceptibility Mapping in parts of toposheets no. 79M/13, 14, 83D/4, 8, 84A/1, 2, 5, 6, North Tripura and Dhalai districts, Tripura. Unpub. GSI report of FS 2015-2016.", "subdivisio": null, "damsbarr_1": null, "length": 10, "volumeinme": null, "slide_none": null, "railwaylin": null, "remedial_1": null, "structure": " ", "railwayben": null, "ls_volume": 60, "peopledead": null, "runout_dis": 0, "rainfallin": null, "drainage": null, "heightinme": null, "objectid": 28961, "remarks": " ", "internalsl": null, "remedialno": null}}, {"geometry": {"type": "Point", "coordinates": [92.10694400000006, 24.039139000000034], "crs": null}, "id": 29195, "type": "Feature", "properties": {"materialin": null, "oldslide_n": null, "otherlandu": null, "geological": null, "id_project": null, "dataupdate": null, "locationde": null, "communicat": " ", "u_long": null, "class_type": null, "amount_of_": null, "date_and_t": null, "id": null, "state": "Tripura", "landuse_la": " Thick vegetation", "reviewed_d": null, "height": 5, "movementty": null, "persons_de": " ", "remedialot": null, "datetimety": null, "vulnerabil": null, "reactivati": 0, "slide_no": "TR/DHA/84D04/2015/58", "report_lan": " ", "reviewed_t": null, "datacrea_1": null, "inducingfa": null, "tocken": null, "check_stat": null, "retainings": null, "morphologi": null, "areainsqme": null, "powerinfra": null, "style": "Single", "housesbuil": null, "weatheredm": null, "status": null, "causesothe": null, "history_da": null, "activity": "Active", "latitude": 24.039139, "globalid": "{E6B5A37D-5824-4FF1-9FC2-A25EFD310AE5}", "u_lat": null, "movementra": null, "depthinmet": null, "landuse_af": " ", "preliminar": null, "hydrologic": "Dry", "lengthinme": null, "railwayl_1": null, "distributi": "Confined", "widthinmet": null, "landslid_2": null, "gsi_user": null, "landslid_3": null, "abstract": " ", "landslid_1": null, "toposheet_": null, "datacreate": null, "geomorphol": "Highly dissected hill", "landslid_4": null, "impactorda": null, "triggering": "Rainfall", "landslidep": null, "depth": 1, "landslidet": null, "livestock_": " ", "landslides": null, "report": " ", "width": 4, "infrastruc": "Road", "damsbarrag": null, "livestockd": null, "nh_sh_loca": "E of Joimanipara, Kanchanpur- Manu road", "livestocki": null, "date": null, "joint": null, "ls_area": 24, "geoscienti": "consequent slope, steep slope cutting", "landslided": null, "roadsaff_1": null, "landslidec": null, "source": null, "photos": " ", "date_acc": null, "geology1": "", "rmr": null, "contactaff": null, "reactiva_2": 0, "landuselan": null, "reactiva_1": 0, "roadblocke": null, "longitude": 92.106944, "failure_me": "Shallow translational failure", "toposheet": "84D04", "roadsaffec": null, "usertype": null, "contactnam": null, "housesbu_1": null, "id_lan": null, "movement_t": "Slide", "image_land": " ", "class_numb": null, "othersaffe": null, "slopegeome": null, "people_aff": " ", "contactmob": null, "movement_r": "Rapid", "peopleinju": null, "rejected_r": null, "district": "Dhalai", "slide_name": " ", "pre_remedi": "maintain proper drainage and suitable slope stabilisation measures to be taken to cover up the cut slope face", "runoutdist": null, "otherinfom": null, "roadbenche": null, "failuremec": null, "geology": "sandstone with shale partings/ friable sandstone, grey shale", "contactema": null, "material_t": "Debris", "bedding": null, "humancause": null, "initiation": 2016, "alert": " ", "exactdatei": null, "dataupda_1": null, "geo_acc": null, "realignmen": null, "village": null, "initiati_1": 2016, "duration_o": null, "citation": "Santosh PK et al., 2016. Macro-scale (1:50,000) landslide susceptibility Mapping in parts of toposheets no. 79M/13, 14, 83D/4, 8, 84A/1, 2, 5, 6, North Tripura and Dhalai districts, Tripura. Unpub. GSI report of FS 2015-2016.", "subdivisio": null, "damsbarr_1": null, "length": 6, "volumeinme": null, "slide_none": null, "railwaylin": null, "remedial_1": null, "structure": "S0:- 175-355/45-E", "railwayben": null, "ls_volume": 24, "peopledead": null, "runout_dis": 0, "rainfallin": null, "drainage": null, "heightinme": null, "objectid": 29195, "remarks": "beds dipping towards the road (Dip less than slope cut, hense higher susceptiblity)", "internalsl": null, "remedialno": null}}, {"geometry": {"type": "Point", "coordinates": [92.28836100000007, 23.891083000000037], "crs": null}, "id": 30138, "type": "Feature", "properties": {"materialin": null, "oldslide_n": null, "otherlandu": null, "geological": null, "id_project": null, "dataupdate": null, "locationde": null, "communicat": " ", "u_long": null, "class_type": null, "amount_of_": null, "date_and_t": null, "id": null, "state": "Tripura", "landuse_la": " Thick vegetation", "reviewed_d": null, "height": 15, "movementty": null, "persons_de": " ", "remedialot": null, "datetimety": null, "vulnerabil": null, "reactivati": 0, "slide_no": "TR/NTR/84A05/2015/32", "report_lan": " ", "reviewed_t": null, "datacrea_1": null, "inducingfa": null, "tocken": null, "check_stat": null, "retainings": null, "morphologi": null, "areainsqme": null, "powerinfra": null, "style": "Single", "housesbuil": null, "weatheredm": null, "status": null, "causesothe": null, "history_da": null, "activity": "Active", "latitude": 23.891083, "globalid": "{5DDE688F-AEC5-4EA8-8D1F-891AAB257A1B}", "u_lat": null, "movementra": null, "depthinmet": null, "landuse_af": " ", "preliminar": null, "hydrologic": "Dry", "lengthinme": null, "railwayl_1": null, "distributi": "Confined", "widthinmet": null, "landslid_2": null, "gsi_user": null, "landslid_3": null, "abstract": " ", "landslid_1": null, "toposheet_": null, "datacreate": null, "geomorphol": "Highly dissected hill", "landslid_4": null, "impactorda": null, "triggering": "Rainfall", "landslidep": null, "depth": 1, "landslidet": null, "livestock_": " ", "landslides": null, "report": " ", "width": 10, "infrastruc": " ", "damsbarrag": null, "livestockd": null, "nh_sh_loca": "W of Tharmapara", "livestocki": null, "date": null, "joint": null, "ls_area": 180, "geoscienti": "Steep slope", "landslided": null, "roadsaff_1": null, "landslidec": null, "source": null, "photos": " ", "date_acc": null, "geology1": "", "rmr": null, "contactaff": null, "reactiva_2": 0, "landuselan": null, "reactiva_1": 0, "roadblocke": null, "longitude": 92.288361, "failure_me": "Shallow translational failure", "toposheet": "84A05", "roadsaffec": null, "usertype": null, "contactnam": null, "housesbu_1": null, "id_lan": null, "movement_t": "Slide", "image_land": " ", "class_numb": null, "othersaffe": null, "slopegeome": null, "people_aff": " ", "contactmob": null, "movement_r": "Rapid", "peopleinju": null, "rejected_r": null, "district": "North Tripura", "slide_name": " ", "pre_remedi": "maintain proper drainage", "runoutdist": null, "otherinfom": null, "roadbenche": null, "failuremec": null, "geology": "Siltstone, sandstone with shale", "contactema": null, "material_t": "Debris", "bedding": null, "humancause": null, "initiation": 0, "alert": " ", "exactdatei": null, "dataupda_1": null, "geo_acc": null, "realignmen": null, "village": null, "initiati_1": 0, "duration_o": null, "citation": "Santosh PK et al., 2016. Macro-scale (1:50,000) landslide susceptibility Mapping in parts of toposheets no. 79M/13, 14, 83D/4, 8, 84A/1, 2, 5, 6, North Tripura and Dhalai districts, Tripura. Unpub. GSI report of FS 2015-2016.", "subdivisio": null, "damsbarr_1": null, "length": 18, "volumeinme": null, "slide_none": null, "railwaylin": null, "remedial_1": null, "structure": " ", "railwayben": null, "ls_volume": 180, "peopledead": null, "runout_dis": 25, "rainfallin": null, "drainage": null, "heightinme": null, "objectid": 30138, "remarks": " ", "internalsl": null, "remedialno": null}}, {"geometry": {"type": "Point", "coordinates": [92.27538900000008, 23.927194000000043], "crs": null}, "id": 30899, "type": "Feature", "properties": {"materialin": null, "oldslide_n": null, "otherlandu": null, "geological": null, "id_project": null, "dataupdate": null, "locationde": null, "communicat": " ", "u_long": null, "class_type": null, "amount_of_": null, "date_and_t": null, "id": null, "state": "Tripura", "landuse_la": "Moderate vegetation", "reviewed_d": null, "height": 20, "movementty": null, "persons_de": " ", "remedialot": null, "datetimety": null, "vulnerabil": null, "reactivati": 0, "slide_no": "TR/NTR/84A05/2015/12", "report_lan": " ", "reviewed_t": null, "datacrea_1": null, "inducingfa": null, "tocken": null, "check_stat": null, "retainings": null, "morphologi": null, "areainsqme": null, "powerinfra": null, "style": "Single", "housesbuil": null, "weatheredm": null, "status": null, "causesothe": null, "history_da": null, "activity": "Active", "latitude": 23.927194, "globalid": "{4245BE51-7352-4EFE-8C98-3C0490064CE1}", "u_lat": null, "movementra": null, "depthinmet": null, "landuse_af": " ", "preliminar": null, "hydrologic": "Wet", "lengthinme": null, "railwayl_1": null, "distributi": "Retrogressive", "widthinmet": null, "landslid_2": null, "gsi_user": null, "landslid_3": null, "abstract": " ", "landslid_1": null, "toposheet_": null, "datacreate": null, "geomorphol": "Moderately dissected hill", "landslid_4": null, "impactorda": null, "triggering": "Rainfall", "landslidep": null, "depth": 1, "landslidet": null, "livestock_": " ", "landslides": null, "report": " ", "width": 9, "infrastruc": " ", "damsbarrag": null, "livestockd": null, "nh_sh_loca": "~2km S of Bangla village", "livestocki": null, "date": null, "joint": null, "ls_area": 225, "geoscienti": "Oversaturation of the slope materials", "landslided": null, "roadsaff_1": null, "landslidec": null, "source": null, "photos": " ", "date_acc": null, "geology1": "", "rmr": null, "contactaff": null, "reactiva_2": 0, "landuselan": null, "reactiva_1": 0, "roadblocke": null, "longitude": 92.275389, "failure_me": "Shallow translational failure", "toposheet": "84A05", "roadsaffec": null, "usertype": null, "contactnam": null, "housesbu_1": null, "id_lan": null, "movement_t": "Fall", "image_land": " ", "class_numb": null, "othersaffe": null, "slopegeome": null, "people_aff": " ", "contactmob": null, "movement_r": "Rapid", "peopleinju": null, "rejected_r": null, "district": "North Tripura", "slide_name": " ", "pre_remedi": "diversion of rain water by maintaining  proper drainage", "runoutdist": null, "otherinfom": null, "roadbenche": null, "failuremec": null, "geology": " ", "contactema": null, "material_t": "Debris", "bedding": null, "humancause": null, "initiation": 0, "alert": " ", "exactdatei": null, "dataupda_1": null, "geo_acc": null, "realignmen": null, "village": null, "initiati_1": 0, "duration_o": null, "citation": "Santosh PK et al., 2016. Macro-scale (1:50,000) landslide susceptibility Mapping in parts of toposheets no. 79M/13, 14, 83D/4, 8, 84A/1, 2, 5, 6, North Tripura and Dhalai districts, Tripura. Unpub. GSI report of FS 2015-2016.", "subdivisio": null, "damsbarr_1": null, "length": 25, "volumeinme": null, "slide_none": null, "railwaylin": null, "remedial_1": null, "structure": " ", "railwayben": null, "ls_volume": 225, "peopledead": null, "runout_dis": 0, "rainfallin": null, "drainage": null, "heightinme": null, "objectid": 30899, "remarks": " ", "internalsl": null, "remedialno": null}}]}