Slide_No,State,District,Slide_Name,NH_SH_Location,Latitude,Longitude,Material_Involved,Movement_Type,History_Date,Activity
MZ/CHA/84E05/2017/16,Mizoram,Champhai, ,KhuangphahVaikhawtlang section,23.788666,93.386139,,,,Suspended
MZ/AIZ/83H04/2017/11,Mizoram,Aizawl, ,VanbawngTuivai R,24.047916,93.056946,,,,Suspended
MZ/AIZ/83D16/2016/81,Mizoram,Aizawl, ,1km  south of Sailutar,24.062429,92.922576,,,,Active
MZ/KLS/83D11/2020/8,Mizoram,Kolasib,Saihapui K slide 1,Bukvannei- Saihapui K road,24.28,92.64,,,,Active
MZ/LUN/84A16/2018/62,Mizoram,Lunglei, ,Tuichang-Lungmawi Village (PMGSY road),23.080278,92.858612,,,,Suspended
MZ/AIZ/84A11/2016/110,Mizoram,Aizawl, ,"About 800m of Sialsuk Junction towards Thenzawl, SH-Aizawl-Thenzawl-Lunglei Road",23.397126,92.757203,,,,Active
MZ/LUN/84A12/2018/22,Mizoram,Lunglei, ,Lunglei-Aizawl road,23.014982,92.720505,,,,Suspended
MZ/CHA/84E02/2017/11,Mizoram,Champhai, ,1km N of kawlkulh (Ngopa road),23.636647,93.082939,,,,Active
MIZ/AIZ/84A09/2016/119,Mizoram,Kolasib, ,Aizaw-Silchar-Durtlang road junction,24.005278,92.677083,,,,Active
MZ/CHA/84E02/2017/0081,Mizoram,Champhai, ,2 km N of kawlkulh (Ngopa road),23.640693,93.084944,,,,Active
MZ/AIZ/84E01/2017/63,Mizoram,Aizawl, ,SuangpuilawnE. Phaileng section,23.959278,93.020859,,,,Active
MZ/SER/84A15/2016/7,Mizoram,Serchhip, ,"2km Southwest of the Cultivation (Mat River Basin) road junction, Serchhip, SH-Thenzawl-Serchhip Road",23.275305,92.850377,,,,Active
MZ/SER/84A15/2016/48,Mizoram,Serchhip, ,"About 2.2km South of Chhingchhip, NH-54 Aizawl-Serchhip-Lunglei Road",23.454968,92.854599,,,,Active
MIZ/AIZ/84A13/2016/48,Mizoram,Aizawl, ,Muanna Veng/ Ramlun Thlangmual,23.762482,92.742799,,,,Active
MIZ/AIZ/84A09/2016/115,Mizoram,Kolasib, ,"Aizaw-Silchar road, 8 km milestone S of Kawnpui",23.983667,92.683333,,,,Suspended
MIZ/AIZ/84A09/2016/107,Mizoram,Aizawl, ,14 km milestone Kawnpui on Aizawl-Silchar road,23.940333,92.680833,,,,Dormant
MZ/SER/84A15/2016/16,Mizoram,Serchhip, ,"About 900m Southwest of Serchhip-Bungtlang junction,SH-Thenzawl-Serchhip Road.",23.28611,92.85748,,,,Suspended
MZ/AIZ/83D16/2016/124,Mizoram,Aizawl, ,8 km wast of Tipaimukh,24.199201,92.993156,,,,Stabilized
MZ/AIZ/84A10/2015/223,Mizoram,Aizawl, ,"Rangvamul, NH-54 Aizawl - Lengpui(Airport) - Silchar",23.747444,92.696194,,,,Stabilized
MZ/CHA/84E05/2017/21,Mizoram,Champhai, ,SE of Teikhang,23.935917,93.345642,,,,Active
MZ/MAM/83D08/2020/9,Mizoram,Mamit,West of Zamuang-Rengdil section slide 5,West of Zamuang-Rengdil section,24.08,92.39,,,,Suspended
MZ/LUN/84B13/2018/82,Mizoram,Lunglei, ,1.5km S of Dawn Village,22.890068,92.823021,,,,Active
MZ/AIZ/84A14/2015/87,Mizoram,Aizawl, ,About 9 Km SE of Seling on SH Seling-Champhai road,23.697056,92.877944,,,,Active
MZ/CHA/84E03/2017/35,Mizoram,Champhai, ,Tlangpui road,23.340722,93.081083,,,,Active
MZ/CHA/84E07/2017/105,Mizoram,Champhai, ,5km W of Melbuk,23.395474,93.370459,,,,Active
MZ/LUN/84A12/2018/74,Mizoram,Lunglei, ,Dehlui River-Lungchem Village Section,23.135794,92.62294,,,,Reactivated
MZ/LAW/84B11/2020/18,Mizoram,Lawngtlai,M Kawnpui to Saibawh road slide 2,M Kawnpui to Saibawh road,22.34,92.69,,,,Active
MIZ/MAM/84A09/2016/123,Mizoram,Mamit, , ,23.811938,92.570804,,,,Suspended
MZ/CHA/84E02/2017/15,Mizoram,Champhai, ,PMGSY road 1km SE from Khawzawl,23.500803,93.201572,,,,Active
MZ/LAW/84B11/2020/20,Mizoram,Lawngtlai,M Kawnpui to Saibawh road slide 4,M Kawnpui to Saibawh road,22.33,92.69,,,,Active
MZ/AIZ/84A14/2015/99,Mizoram,Aizawl, ,"SE of Dilkhan Village, Saitual-Dilkhan-Phullen Rd",23.740306,92.965389,,,,Active
MZ/LAW/84B11/2020/58,Mizoram,Lawngtlai,Ajasora slide 5,outside Ajasora village,22.49,92.67,,,,Suspended
MZ/LAW/84B12/2020/32,Mizoram,Lawngtlai,Parva I to Parva II road slide,Parva I to Parva II road,22.08,92.65,,,,Dormant
MZ/LAW/84B15/2018/40,Mizoram,Lawngtlai, ,Vathuampui Road,22.309944,92.768059,,,,Stabilized
MZ/MAM/84A05/2020/5,Mizoram,Mamit,Dapchuah-Dampui slide 2,Dapchuah-Dampui road section,23.81,92.5,,,,Suspended
MZ/LUN/84B05/2020/17,Mizoram,Lunglei,"Chanmari Veng, Tlabung slide 2","Chanmari veng,Tlabung",22.91,92.47,,,,Active
MZ/LUN/84B10/2020/56,Mizoram,Lunglei,Chawngte P to Ruallalung road slide 4,Chawngte P to Ruallalung road,22.65,92.67,,,,Active
MZ/CHA/84E07/2017/104,Mizoram,Champhai, ,W of Melbuk along Champhai Rd,23.395375,93.369426,,,,Active
MZ/AIZ/84E01/2017/78,Mizoram,Aizawl, ,SuangpuilawnZawngin section,23.927389,93.02803,,,,Inactive
MZ/AIZ/83D16/2016/88,Mizoram,Aizawl, ,7km  south of Ratu,24.080938,92.914167,,,,Active
MZ/AIZ/83D16/2016/38,Mizoram,Aizawl, ,North Chaltlang,24.022188,92.771891,,,,Active
MZ/CHA/84E08/2017/22,Mizoram,Champhai, ,FarkawnSamthang Rd,23.14953,93.287758,,,,Active
MZ/SER/84A15/2016/69,Mizoram,Serchhip, ,"West of Sainik School,Chhingchhip, PMGSY Chhingchhip-Hmuntha Road",23.44608,92.861819,,,,Active
MZ/AIZ/84A09/2014/06,Mizoram,Aizawl, ,NH 54,23.8985,92.64739,,,,Suspended
MZ/LAW/84B11/2020/53,Mizoram,Lawngtlai,Simeisury slide,Simeisury village,22.39,92.64,,,,Suspended
MZ/AIZ/84A11/2016/104,Mizoram,Aizawl, ,"About 10.5km South of Damdia, SH-Sialsuk-Samlukhai-Damdia Road",23.470964,92.692902,,,,Active
MZ/LUN/84A08/2020/2,Mizoram,Lunglei,West Banghmun slide,"Near Mizoram Rural Bank, West Banghmun RD Block",23.18,92.49,,,,Active
MZ/LUN/84A12/2018/46,Mizoram,Lunglei, ,Kawlhawk bridge-Kawlhawk Village,23.193548,92.684456,,,,Suspended
MZ/MAM/84A10/2015/155,Mizoram,Mamit, ,"Seventh Day School, Khawrihnin",23.621722,92.623583,,,,Active
MIZ/AIZ/84A09/2016/92,Mizoram,Aizawl, ,Near Lengpui-NH 54 junction,23.88,92.69,,,,Suspended
MZ/LUN/84A12/2018/26,Mizoram,Lunglei, ,Buarpui-Kawlhawk Section (PMGSY road),23.230371,92.673973,,,,Suspended
MZ/LAW/84B10/2020/35,Mizoram,Lawngtlai,Montola to Buisek slide,Montola to Buisek road,22.68,92.57,,,,Suspended
MZ/CHA/84E03/2017/44,Mizoram,Champhai, ,Tlangpui village,23.299073,93.057068,,,,Active
MZ/LUN/84B13/2018/117,Mizoram,Lunglei, ,N of Pukpui,22.9634,92.737465,,,,Active
MZ/AIZ/83D16/2016/40,Mizoram,Aizawl, ,North Chaltlang,24.022376,92.77308,,,,Active
MZ/SAI/84F04/2020/19,Mizoram,Saiha,Mawhro chapi slide 3,Mawhro chapi road,22.21,93.12,,,,Suspended
MZ/LUN/84B09/2018/17,Mizoram,Lunglei, ,Tuichawng-Siphirtlang road,22.897339,92.549866,,,,Active
MZ/SER/84F01/2018/11,Mizoram,Serchhip, ,500Km NW of Aithalkawn on SH East Lungdar-Serchhip Road,23.172249,93.058052,,,,Stabilized
MZ/LAW/84B10/2020/2,Mizoram,Lawngtlai,Ngengpuikai to Chawngte road slide,Ngengpuikai to Chawngte road,22.5,92.74,,,,Active
MZ/LUN/84B10/2020/61,Mizoram,Lunglei,Ruallalung to S Lungrang road slide 2,Ruallalung to S Lungrang road,22.68,92.66,,,,Active
MZ/CHA/84E01/2017/20,Mizoram,Champhai, ,3.8 km S of Ngopa,23.863417,93.201279,,,,Suspended
MZ/CHA/84E03/2017/25,Mizoram,Champhai, ,Tlangpui road,23.336955,93.07526,,,,Active
MZ/LAW/84B10/2020/9,Mizoram,Lawngtlai,Chawngte P to Hmunlai road slide 4,Chawngte P to Hmunlai road,22.61,92.67,,,,Active
MZ/LUN/84A11/2017/131,Mizoram,Lunglei, ,"About 3km Southwest of Buarpui, Buarpui-Bungtlang Road",23.271781,92.637703,,,,Dormant
MZ/SAI/84F04/2020/7,Mizoram,Saiha,North of Laki slide 1,North of Laki village,22.17,93.01,,,,Suspended
MZ/MAM/84A10/2015/142,Mizoram,Mamit, ,"South of Kanghmun, PMGSY-Kanghmun - Darung",23.533361,92.572139,,,,Reactivated
MZ/SER/84A15/2016/31,Mizoram,Serchhip, ,"Near Presbyterian Kohran, Chhiahtlang, NH-54 Aizawl-Serchhip-Lunglei Road",23.388377,92.845102,,,,Reactivated
MZ/LUN/84B13/2018/6,Mizoram,Lunglei, ,about 5km SE Bualte,22.788198,92.825165,,,,Reactivated
MZ/LAW/84B16/2020/2,Mizoram,Lawngtlai,Lunghauna Hmawngbu slide,Lunghauna Hmawngbu section,22.16,92.8,,,,Suspended
MZ/AIZ/83D15/2020/6,Mizoram,Aizawl,Saipum-Tuirial dam slide 6,Saipum-Tuirial dam- Mauchhar road section,24.37,92.89,,,,Active
MZ/MAM/83D08/2020/2,Mizoram,Mamit,South of Rengdil village slide 2,"2 Km south of Rengdil village and North of Kwarthah village,  on NH-108",24.05,92.38,,,,Suspended
MZ/LUN/84B05/2020/24,Mizoram,Lunglei,SE of Chawnpui veng slide 2,1.3 Km SE of Chawnpui veng-Chawlung road,22.9,92.49,,,,Active
MZ/MAM/84A10/2015/120,Mizoram,Mamit, ,"South of Chungtlang, SH-Reiek- Mamit-Aizawl",23.678583,92.571583,,,,Active
MZ/CHA/84E03/2017/23,Mizoram,Champhai, ,Chawntalai village,23.448329,93.209889,,,,Active
MIZ/AIZ/84A13/2016/42,Mizoram,Aizawl, ,~1.5 km from Mualman on NH 150,23.788722,92.837833,,,,Active
MZ/CHA/84E08/2017/11,Mizoram,Champhai,Vanchhia slide,Vangchhia village,23.206,93.329028,,,,Active
MZ/LUN/84A16/2018/8,Mizoram,Lunglei, ,Haulawng-Bualpui V. Section,23.117416,92.79612,,,,Suspended
MZ/SER/84A11/2017/152,Mizoram,Aizawl, ,"About 900m Northwest of Hmuifan, SH-Aizawl-Thenzawl-Lunglei Road",23.460697,92.747293,,,,Active
MZ/LAW/84B15/2018/38,Mizoram,Lawngtlai, ,Vathuampui Road,22.320999,92.772003,,,,Suspended
MIZO/LUN/84B13/2005/E-19,Mizoram,Lunglei,Lunglei-7 slide, ,22.9015,92.83319,,,, 
MZ/SER/84A15/2016/88,Mizoram,Serchhip, ,"Zawlbuk Group YMA Board, North of Buhkangkawn, NH-54 Aizawl-Serchhip-Lunglei Road",23.497388,92.855013,,,,Active
MZ/CHA/84E08/2017/14,Mizoram,Champhai, ,VaphaiSamthang Rd,23.163158,93.280821,,,,Active
MZ/LAW/84B10/2020/19,Mizoram,Lawngtlai,Mualbu slide,Outside Mualbu,22.57,92.68,,,,Active
MZ/LAW/84B15/2018/15,Mizoram,Lawngtlai, ,Multi- Modal Road,22.448,92.882004,,,,Stabilized
MZ/AIZ/84A10/2015/182,Mizoram,Aizawl, ,"South of Tlawng Hydro-Project, Oasis picnic spot, SH- Aizawl - Reiek",23.71125,92.660167,,,,Active
MZ/SER/84A15/2016/76,Mizoram,Serchhip, ,"Southwest of Tuikum River Bridge,Chhingchhip, PMGSY Chhingchhip-Hmuntha Road",23.43481,92.873933,,,,Active
MZ/CHA/84E02/2017/0099,Mizoram,Champhai, ,21 km E of Saitual,23.710517,93.058403,,,,Active
MZ/LUN/84A16/2018/71,Mizoram,Lunglei, ,Pangzawl-Thiltlang Section (NH 54),23.047222,92.906944,,,,Suspended
MZ/CHA/84E08/2017/47,Mizoram,Champhai, ,about 2km towards Khankawn,23.059174,93.276033,,,,Active
MZ/AIZ/83D16/2016/58,Mizoram,Aizawl, ,Bukpui village,24.081381,92.793089,,,,Active
MZ/LAW/84B15/2018/20,Mizoram,Lawngtlai, ,Multi- Modal Road,22.468,92.873001,,,,Active
MZ/AIZ/83D16/2016/106,Mizoram,Aizawl, ,N. Of New Vervek,24.191114,92.943311,,,,Active
MZ/SER/84A15/2016/63,Mizoram,Serchhip, ,"Chhaitlang vengchung, NH-54 Aizawl-Serchhip-Lunglei Road",23.385211,92.844697,,,,Active
MZ/LUN/84B13/2018/111,Mizoram,Lunglei, ,Chengpui-Rualveng Rd,22.940655,92.833038,,,,Active
MZ/LUN/84A12/2018/77,Mizoram,Lunglei, ,Tuisen Bolia-Thenhlum Section,23.089111,92.555168,,,,Suspended
MZ/LUN/84B13/2018/27,Mizoram,Lunglei, ,about 3.5Km from Thaizawl,22.827084,92.80175,,,,Reactivated
MZ/SAI/84F03/2020/12,Mizoram,Saiha,SW of Zawngling village slide 1,3km SW of Zawngling village,22.26,93.03,,,,Reactivated
MZ/SER/84A15/2016/37,Mizoram,Serchhip, ,"IOC Veng, Serchhip, NH-54 Aizawl-Serchhip-Lunglei Road",23.321505,92.854734,,,,Relict
MZ/CHA/84E08/2017/28,Mizoram,Champhai, ,Saikhumphai road,23.141445,93.33848,,,,Active
MZ/AIZ/83D16/2016/112,Mizoram,Aizawl, ,N. Of New Vervek,24.198831,92.946348,,,,Stabilized
MZ/SER/84A15/2016/66,Mizoram,Serchhip, ,"South of Chhingchhip, Chhingchhip-Hmuntha Road",23.449827,92.8599,,,,Active
MZ/LUN/84B13/2018/67,Mizoram,Lunglei, ,2.5km N of Zowbawk,22.869579,92.824974,,,,Active
MZ/AIZ/84A14/2015/85,Mizoram,Aizawl, ,About 11 Km SE of Seling on SH Seling-Keifang road,23.695528,92.884167,,,,Dormant
MZ/LUN/84B09/2018/27,Mizoram,Lunglei, ,Thuampui-Lunglei Section (~1.5 km S of Thuampui),22.97032,92.70697,,,,Suspended
MZ/LAW/84B14/2018/34,Mizoram,Lawngtlai, ,Multi- Modal Road,22.518,92.855003,,,,Active
MZ/LUN/84B13/2018/18,Mizoram,Lunglei, ,10 km from Thualtu,22.806564,92.812057,,,,Active
MZ/LUN/84A12/2018/7,Mizoram,Lunglei, ,Ramlaitui Village,23.182264,92.737099,,,,Suspended
MZ/KOL/83D15/2020/35,Mizoram,Kolasib,Saipum-Tuirial dam slide 9,"Saipum-Tuirial dam- Mauchhar road section, near Tuirial Dam site",24.36,92.88,,,,Suspended
MZ/LUN/84B13/2018/23,Mizoram,Lunglei, ,Chumkhum -Phairungkai,22.822599,92.624512,,,,Reactivated
MZ/CHA/84E01/2017/26,Mizoram,Champhai, ,NgopaPawlrang section,23.803364,93.159164,,,,Suspended
MZ/KLS/83D11/2020/15,Mizoram,Kolasib,Kolasib- Bilkhawthlir slide,NH-54,24.31,92.71,,,,Active
MZ/CHA/84E07/2017/7,Mizoram,Champhai,Zokhawthar slide 3,IndoMyanmar road,23.427611,93.336861,,,,Active
MZ/CHA/84E01/2017/46,Mizoram,Champhai, ,"Ngopa village, 0 point to Tuivai river",23.905027,93.185776,,,,Reactivated
MZ/LUN/84B13/2018/29,Mizoram,Lunglei, ,Lunglei-Tlangpui Road,22.829491,92.760933,,,,Active
MZ/LUN/84B05/2020/36,Mizoram,Lunglei,Tlabung Higher secondary school slide 2,300m from Tlabung Higher secondary school on SH- Tlabung -Tiperghat Road,22.9,92.47,,,,Active
MZ/LAW/84B14/2018/41,Mizoram,Lawngtlai, ,Multi- Modal Road,22.533001,92.886002,,,,Stabilized
MZ/LUN/84A11/2017/130,Mizoram,Lunglei, ,"1km Milestone,  Bungtlang, Buarpui-Bungtlang Road",23.254946,92.634239,,,,Active
MZ/SAI/84F04/2020/23,Mizoram,Saiha,Khopai Laki slide,Khopai Laki section,22.18,93.01,,,,Suspended
MZ/LUN/84A12/2018/32,Mizoram,Lunglei, ,Buarpui-Kawlhawk Section (PMGSY road),23.199167,92.683334,,,,Suspended
MIZ/AIZ/84A09/2016/121,Mizoram,Aizawl, ,Serkhan- Nisapui-Luanguat road section,23.918461,92.741531,,,,Suspended
MZ/LUN/84B05/2020/38,Mizoram,Lunglei,Tlabung -Tiperghat road section slide 5,SH - Tlabung - Tiperghat road,22.89,92.48,,,,Active
MZ/AIZ/83D16/2016/91,Mizoram,Aizawl, ,1km  south of Ratu,24.100401,92.915441,,,,Active
MZ/LUNG/84B14/2018/26,Mizoram,Lunglei, ,"NH 54
",22.691,92.841003,,,,Stabilized
MZ/LAW/84B10/2020/24,Mizoram,Lawngtlai,Boganpara slide 1,Boganpara,22.63,92.64,,,,Suspended
MZ/CHA/84E03/2017/37,Mizoram,Champhai, ,ChamphaiKhawzawl Rd,23.473611,93.243069,,,,Suspended
MZ/CHA/84E08/2017/15,Mizoram,Champhai, ,Samthang Farkawn shortcut Rd,23.157667,93.279722,,,,Active
MZ/CHA/84E02/2017/0067,Mizoram,Champhai, ,1km from Tuisen bridge,23.56952,93.100523,,,,Active
MZ/MAM/84A10/2015/169,Mizoram,Mamit, ,"Western slope of Reiek Tlang (1485m), SH Reiek - Chungtlang - Rulpuihlim",23.682611,92.602028,,,,Active
MZ/KOL/83D15/2020/32,Mizoram,Kolasib,South of Saipum slide 4,"N. Hlimen-Saipum road section, soutern tip  of Saipum village",24.35,92.85,,,,Dormant
MZ/LAW/84B11/2020/36,Mizoram,Lawngtlai,Guisury to Damdep II road slide 3,Guisury to Damdep II road,22.26,92.63,,,,Active
MZ/LUN/84A12/2018/81,Mizoram,Lunglei, ,Changpui Village near Mizoram Presbyterian church,23.17411,92.608917,,,,Suspended
MZ/LUN/84A12/2018/1,Mizoram,Lunglei, ,~1 km N of Mualthuam Village,23.11375,92.744614,,,,Suspended
MZ/SAI/84F04/2020/8,Mizoram,Saiha,North of Laki slide 2,North of Laki village,22.17,93,,,,Suspended
MZ/SER/84A15/2016/4,Mizoram,Serchhip, ,"Serchhip Cultivation Area, SH-Thenzawl-Serchhip Road",23.28328,92.831766,,,,Active
MZ/AIZ/83D16/2016/36,Mizoram,Aizawl, ,S. Of North Chaltlang,24.00977,92.767346,,,,Active
MZ/CHA/84E02/2017/0004,Mizoram,Champhai, ,2 km s. of Puilo on the PMGSY road,23.555561,93.072462,,,,Active
MZ/LAW/84B15/2018/23,Mizoram,Lawngtlai, ,Multi- Modal Road,22.462999,92.877998,,,,Active
MZ/AIZ/83D16/2016/41,Mizoram,Aizawl, ,North Chaltlang,24.024289,92.771361,,,,Active
MZ/CHA/84E03/2017/61,Mizoram,Champhai, ,6 km south of Bungzung,23.254263,93.238127,,,,Active
MZ/CHA/84E02/2017/8,Mizoram,Champhai, ,1km E of Kawlkulh,23.605611,93.08682,,,,Active
MZ/CHA/84E07/2017/58,Mizoram,Champhai, ,"Keifangtlang, Champhai, road below the DC complex",23.496347,93.310454,,,,Stabilized
MZ/AIZ/83D16/2016/50,Mizoram,Aizawl, ,N of Bukpui,24.091664,92.796134,,,,Active
MZ/AIZ/84A09/2014/07,Mizoram,Aizawl, ,NH 54,23.92294,92.65703,,,,Suspended
MZ/LUN/84B05/2020/6,Mizoram,Lunglei,SE of Tlabung slide 9,9.2 km SE of Tlabung on SH- Tlabung -Tiperghat road,22.87,92.49,,,,Active
MZ/AIZ/84A14/2015/68,Mizoram,Aizawl, ,"Berawtlang Tourist Lodge, DGM Check Gate, South of Berawtlang Lodge",23.708217,92.761489,,,,Reactivated
MZ/CHA/84E07/2017/85,Mizoram,Champhai, ,Zakhowthar Melbuk Rd,23.375972,93.384639,,,,Active
MZ/CHA/84E05/2017/2,Mizoram,Champhai, ,KawlbemNgopa section,23.876139,93.260445,,,,Suspended
MZ/CHA/84E05/2017/10,Mizoram,Champhai, ,SE of Teikhang,23.936806,93.340668,,,,Reactivated
MZ/KOL/83D15/2020/15,Mizoram,Kolasib,S of Saiphai village slide,Serlui B TL to Saiphai road section (S of Saiphai village),24.39,92.79,,,,Suspended
MZ/CHA/84E02/2017/0005,Mizoram,Champhai, ,12.5km N of Khwazawl on KhawzawlRabung road,23.597919,93.207362,,,,Active
MZ/LAW/84B14/2018/13,Mizoram,Lawngtlai, ,"L-III, Lawngtlai",22.53544,92.893059,,,,Active
MZ/AIZ/83D16/2016/127,Mizoram,Aizawl, ,New Vervek,24.175865,92.945618,,,,Active
MZ/LUNG/84B14/2018/10,Mizoram,Lunglei, ,Southwest of Thlengang,22.683001,92.882004,,,,Active
MZ/CHA/84E07/2017/108,Mizoram,Champhai, ,East of Melbuk,23.397861,93.3845,,,,Active
MIZ/AIZ/84A13/2016/15,Mizoram,Aizawl, ,Khawruhlian village on NH150,23.869861,92.877444,,,,Active
MZ/LUN/84A16/2018/67,Mizoram,Lunglei, ,Bualpui V-Lungmawi-Pangzawl Section,23.087177,92.853889,,,,Suspended
MZ/LAW/84B11/2020/48,Mizoram,Lawngtlai,Rangkashya road slide 4,Rangkashya road,22.41,92.6,,,,Active
MZ/CHA/84E07/2017/92,Mizoram,Champhai, ,Zakhowthar Melbuk Rd,23.382417,93.384944,,,,Active
MZ/LUN/84B09/2018/16,Mizoram,Lunglei, ,about 5km SW of Vanhe Jn.,22.886652,92.724503,,,,Active
MZ/AIZ/83D16/2016/132,Mizoram,Aizawl, ,west of Sakawrdai towards North Khawdungsei,24.246076,92.948994,,,,Active
MZ/LUN/84B13/2018/73,Mizoram,Lunglei, ,2 km N of Luangmual,22.872849,92.748711,,,,Active
MZ/AIZ/84A14/2015/86,Mizoram,Aizawl, ,Seling dumping site on SH Seling-Champhai road,23.719694,92.868053,,,,Active
MZ/AIZ/84A10/2015/193,Mizoram,Aizawl, ,"1km Southwest of Samtlang, N. Lungleng - Aizawl Rd",23.652972,92.6985,,,,Dormant
MZ/LUN/84B09/2018/29,Mizoram,Lunglei, ,Thuampui-Vahne-Lunglei Section,22.959173,92.708145,,,,Suspended
MZ/AIZ/83D16/2016/64,Mizoram,Aizawl, ,South of Bukpui village,24.053275,92.77647,,,,Active
MZ/LUN/84B13/2018/47,Mizoram,Lunglei, ,Darzo-Tuipui D,22.844219,92.955048,,,,Active
MZ/AIZ/83D16/2016/119,Mizoram,Aizawl, ,14km east of New Vervek towards Tipaimukh,24.194252,92.963806,,,,Stabilized
MZ/SER/84A15/2016/45,Mizoram,Serchhip, ,"Near Catholic School, P & E Veng,(Power and Electric department), Serchhip",23.321765,92.8589,,,,Dormant
MZ/LAW/84B11/2020/21,Mizoram,Lawngtlai,M Kawnpui to Saibawh road slide 5,M Kawnpui to Saibawh road,22.35,92.66,,,,Suspended
MZ/CHA/84E06/2017/1,Mizoram,Champhai, ,12km N of Ngur,23.603629,93.355925,,,,Active
MZ/SER/84A15/2016/89,Mizoram,Serchhip, ,"North of Buhkangkawn, NH-54 Aizawl-Serchhip-Lunglei Road",23.497919,92.854946,,,,Active
MZ/AIZ/84A14/2015/66,Mizoram,Aizawl, ,Paibawk Turial section along NH54,23.732867,92.825842,,,,Reactivated
MZ/CHA/84E02/2017/26,Mizoram,Champhai, ,3km E from Kawlkulh,23.607124,93.088782,,,,Active
MZ/CHA/84E06/2017/14,Mizoram,Champhai, ,5km NW of Vapar,23.640073,93.315306,,,,Active
MZ/CHA/84E05/2017/7,Mizoram,Champhai, ,KawlbemVaikhawtlang section,23.846056,93.371971,,,,Reactivated
MZ/AIZ/84E02/2017/37,Mizoram,Aizawl, ,20.5km E of Keifang,23.653812,93.029927,,,,Active
MZ/AIZ/83D16/2016/52,Mizoram,Aizawl, ,N of Bukpui towards thingdawl,24.09176,92.803968,,,,Active
MZ/LAW/84B15/2018/21,Mizoram,Lawngtlai, ,Multi- Modal Road,22.459,92.873001,,,,Active
MZ/LAW/84B11/2020/4,Mizoram,Lawngtlai,South Bungtlang to Hmunnuam road slide 3,South Bungtlang to Hmunnuam road,22.46,92.73,,,,Active
MZ/AIZ/84E01/2017/64,Mizoram,Aizawl, ,Near Thanglailung,23.808111,93.041779,,,,Reactivated
MZ/LUN/84A12/2018/54,Mizoram,Lunglei, ,West of Tleu Village along Tleu-Bunghmun road Section,23.208694,92.50975,,,,Suspended
MZ/CHA/84E06/2017/13,Mizoram,Champhai, ,8km NW of Vapar,23.647667,93.299727,,,,Active
MZ/LUN/84A12/2018/48,Mizoram,Lunglei, ,Kawlhawk Village,23.196638,92.679802,,,, 
MIZ/AIZ/84A13/2016/129,Mizoram,Aizawl, ,Lailak village,23.839417,92.910972,,,,Suspended
MZ/LAW/84B11/2020/34,Mizoram,Lawngtlai,Guisury to Damdep II road slide 1,Guisury to Damdep II road,22.27,92.63,,,,Suspended
MZ/LUN/84B09/2018/22,Mizoram,Lunglei, ,4km N of Pukpui,22.969294,92.729332,,,,Active
MZ/LAW/84B15/2018/7,Mizoram,Lawngtlai, ,Along NH 54,22.466166,92.92083,,,,Active
MZ/LUN/84B13/2018/72,Mizoram,Lunglei, ,1.6km N of luangmual,22.872238,92.750557,,,,Active
MZ/LUN/84A12/2018/13,Mizoram,Lunglei, ,South of S. Lungdai Village,23.053806,92.704918,,,,Reactivated
MZ/MAM/83D08/2020/13,Mizoram,Mamit,South of Zawlnuam slide,1.5 km south of Zawlnuam town along NH-108,24.12,92.36,,,,Suspended
MZ/LUN/84A12/2018/4,Mizoram,Lunglei, ,1 km North of Sekhum Village,23.150719,92.74826,,,,Reactivated
MZ/CHA/84E06/2017/15,Mizoram,Champhai, ,1.5km S of Vapar,23.607873,93.351351,,,,Active
MIZ/AIZ/84A09/2016/60,Mizoram,Kolasib, ,~ 1 km from Taiton on Silchar road,23.9865,92.709806,,,,Suspended
MZ/LUN/84A12/2018/67,Mizoram,Lunglei, ,Thorangtlang Wildlife Sanctuary (2km behind of Airawhkawn-Tlangsang),23.249056,92.546501,,,,Suspended
MZ/CHA/84E03/2017/76,Mizoram,Champhai, ,Khawhai Khawzawl rd,23.411942,93.154836,,,,Active
MZ/MAM/84A10/2015/161,Mizoram,Mamit, ,"South of Lungdar Tlang,  W Lungdar, PMGSY W Lungdar - Darung",23.637472,92.595278,,,,Active
MZ/AIZ/84A10/2015/209,Mizoram,Aizawl, ,"South of Lawipu, Aizawl - Tlawng Rd",23.717028,92.692389,,,,Stabilized
MZ/AIZ/83D16/2016/68,Mizoram,Aizawl, ,South of Bukpui village,24.043492,92.775423,,,,Active
MZ/KOL/83D12/2016/14,Mizoram,Aizawl, ,6km S of Sailut,24.037395,92.922461,,,,Stabilized
MZ/LUN/84A12/2018/20,Mizoram,Lunglei, ,Lunglei-Aizawl road (near Tlawng river),23.005587,92.720192,,,,Suspended
MZ/LUN/84B13/2018/44,Mizoram,Lunglei, ,E Rotlang- S. Mualthuam,22.841455,92.891235,,,,Active
MZ/LUN/84B09/2018/19,Mizoram,Lunglei, ,Tuichawng-Tlabung road,22.913624,92.508827,,,,Active
MZ/CHA/84E07/2017/13,Mizoram,Champhai, ,3.5 km north of Khuangleng,23.304833,93.306778,,,,Relict
MZ/LUN/84B13/2018/110,Mizoram,Lunglei, ,Hnathial- Tuipui D,22.920202,92.927345,,,,Active
MZ/SER/84A16/2018/17,Mizoram,Serchhip, ,Thenzawl-S. Zote Section (3 km NW of S. Zote PMGSY road),23.242828,92.798134,,,,Inactive
MZ/AIZ/84E02/2017/39,Mizoram,Aizawl, ,14km SE of Keifang,23.685795,93.019874,,,,Active
MZ/SER/84F01/2018/6,Mizoram,Serchhip, ,North Sailulak Village on PMGSY Sailulak-East Lingdar Road,23.124069,93.145889,,,,Stabilized
MZ/LUN/84A16/2018/64,Mizoram,Lunglei, ,Bualpui V-Lungmawi Section,23.125311,92.820023,,,,Suspended
MZ/LUN/84B10/2020/75,Mizoram,Lunglei,Ruallalung to Zehtet road slide 1,Ruallalung to Zehtet road,22.67,92.68,,,,Active
MZ/CHA/84E07/2017/15,Mizoram,Champhai, ,Near Tuipui Bridge,23.453389,93.2615,,,,Reactivated
MZ/CHA/84E07/2017/109,Mizoram,Champhai, ,MelbukMulkawi Rd,23.397884,93.384281,,,,Active
MZ/CHA/84E07/2017/88,Mizoram,Champhai, ,Zakhowthar Melbuk Rd,23.379469,93.385565,,,,Active
MZ/SER/84A15/2016/52,Mizoram,Serchhip, ,"Near Sainik School Junction, Chhingchhip,  NH-54 Aizawl-Serchhip-Lunglei Road",23.457031,92.857686,,,,Active
MZ/LAW/84B12/2020/6,Mizoram,Lawngtlai,Chhippui road slide,Chhippui road,22.22,92.62,,,,Active
MZ/AIZ/84A11/2016/98,Mizoram,Aizawl, ,"North of Sialsuk, SH-Sialsuk-Samlukhai-Damdia Road",23.411146,92.752193,,,,Active
MZ/AIZ/84A14/2015/102,Mizoram,Aizawl, ,"NW of Lenchim village, Mualpheng-Lenchim Rd",23.655417,92.957167,,,,Reactivated
MZ/SER/84A15/2016/41,Mizoram,Serchhip, ,"Near Presbyterian English School, NH-54 Aizawl-Serchhip-Lunglei Road",23.316221,92.856217,,,,Active
MZ/CHA/84E02/2017/0082,Mizoram,Champhai, ,6.8km N of kawlkulh (Ngopa road),23.657186,93.087169,,,,Active
MZ/LUN/84B13/2018/99,Mizoram,Lunglei, ,Tuipui D,22.906252,92.93174,,,,Reactivated
MZ/AIZ/83H04/2017/15,Mizoram,Aizawl, ,3.5 km from Vanbawng,24.012472,93.047249,,,,Inactive
MZ/CHA/84E02/2017/28,Mizoram,Champhai, ,2km N of Tuisen bridge,23.573051,93.102716,,,,Active
MZ/CHA/84E01/2017/6,Mizoram,Champhai, ,"Ngopa village, 0 pointTuivai R",23.885195,93.202332,,,,Suspended
MZ/SER/84F01/2018/8,Mizoram,Serchhip, ,6 Km Northwest of North Vanlaphai on SH North Vanlaphai-Serchhip Road,23.143806,93.031219,,,,Active
MZ/SER/84A16/2018/39,Mizoram,Serchhip, ,East of Keitum Village (Keitum-Khawlailawng Section),23.223055,92.931114,,,,Reactivated
MZ/KOL/83D12/2016/13,Mizoram,Kolasib, ,New Kawnpui(HM motors),24.030186,92.673377,,,,Active
MIZ/AIZ/84A13/2016/33,Mizoram,Aizawl, ,~19 km from Khawruhlian towards Sesawng on NH 150,23.856821,92.833784,,,,Active
MZ/MAM/84A10/2015/119,Mizoram,Mamit, ,"South of Chungtlang, SH-Reiek- Mamit-Aizawl",23.68225,92.573694,,,,Reactivated
MZ/LUN/84B10/2020/70,Mizoram,Lunglei,S Lungrang to Lalnutui road slide 1,S Lungrang to Lalnutui road,22.73,92.65,,,,Active
MZ/SAI/84F03/2020/28,Mizoram,Saiha,Sesawn village slide 1,Sesawn village near Presbyterean Church of India (PCI) on SH- Marpara - West Banghmun road,22.45,93.09,,,,Dormant
MZ/AIZ/84A10/2015/216,Mizoram,Aizawl, ,"Thuampui, Kendriya Vidhyalaya Pushpak Aizawl",23.741389,92.739528,,,,Active
MZ/KLS/83D11/2020/19,Mizoram,Kolasib,Zero Point slide 5,NH-154,24.26,92.65,,,,Active
MZ/AIZ/83D16/2016/85,Mizoram,Aizawl, ,Sailutar village,24.069857,92.918457,,,,Stabilized
MZ/CHA/84E02/2017/0113,Mizoram,Champhai, ,3.5km S of Dulte,23.633591,93.048668,,,,Active
MZ/CHA/84E07/2017/89,Mizoram,Champhai, ,Zakhowthar Melbuk Rd,23.379812,93.384813,,,,Active
MIZ/AIZ/84A09/2016/116,Mizoram,Kolasib, ,Aizaw-Silchar road,23.986109,92.681581,,,,Suspended
MZ/CHA/84E03/2017/32,Mizoram,Champhai, ,17.5km from Khawzawl to Champhai,23.470722,93.246639,,,,Active
MZ/LAW/84B15/2018/32,Mizoram,Lawngtlai, ,Multi- Modal Road,22.363001,92.861,,,,Active
MZ/LUN/84A16/2018/87,Mizoram,Lunglei, ,Lunglei-Aizawl road (~5 km south of Haulawng Village),23.021145,92.770981,,,,Reactivated
MIZO/LUN/84B09/2005/E-6,Mizoram,Lunglei,Pachang-2 slide, ,22.85558,92.69914,,,, 
MZ/CHA/84E02/2017/0019,Mizoram,Champhai, ,Nw of Khwazawl,23.538538,93.158251,,,,Active
MZ/LUN/84B13/2018/94,Mizoram,Lunglei, ,11 Km S of Leite,22.901035,92.87265,,,,Active
MZ/LUN/84B09/2018/7,Mizoram,Lunglei, ,Haurang-Pachang road,22.862419,92.706055,,,,Active
MZ/CHA/84E03/2017/42,Mizoram,Champhai, ,ChamphaiKhawzawl Rd,23.474611,93.241556,,,,Active
MZ/SER/84A16/2018/46,Mizoram,Serchhip, ,Tuichang river-Khawlailawng Section,23.217224,92.949684,,,,Reactivated
MZ/AIZ/84A14/2015/107,Mizoram,Aizawl, ,1.9 km south of Keifang village on SH Keifang-Seling road near water reservoir,23.658861,92.963722,,,,Reactivated
MZ/CHA/84E02/2017/24,Mizoram,Champhai, ,6km SE of kawlkulh,23.603808,93.092328,,,,Active
MZ/CHA/84E07/2017/60,Mizoram,Champhai, ,Hmunhmeltha road,23.498889,93.311889,,,,Active
MZ/LUN/84B10/2020/74,Mizoram,Lunglei,Lungrang S slide 2,Outside Lungrang S,22.66,92.65,,,,Suspended
MZ/LUN/84A16/2018/1,Mizoram,Lunglei, ,Haulawng-Bualpui V. Section,23.092278,92.789948,,,,Suspended
MZ/KLS/83D11/2020/7,Mizoram,Kolasib,Bilkhawthlir- Kolasib road slide,NH-54,24.3,92.7,,,,Active
MZ/AIZ/83D16/2016/70,Mizoram,Aizawl, ,Turial road,24.039744,92.780045,,,,Stabilized
MZ/LUN/84A16/2018/77,Mizoram,Lunglei, ,Southern outskirts of Thiltlang Village (NH 54),23.018333,92.920555,,,,Suspended
MZ/SER/84A15/2016/36,Mizoram,Serchhip, ,"Near 16km Milestone(Keitum), Serchhip, NH-54 Aizawl-Serchhip-Lunglei Road",23.322363,92.854689,,,,Active
MZ/SAI/84B15/2018/63,Mizoram,Saiha, ,"Maubawk Road
",22.424,92.977997,,,,Active
MZ/CHA/84E02/2017/0117,Mizoram,Champhai, ,2.5 km N of kawlkulh towards Dulte,23.63797,93.078826,,,,Active
MZ/MAM/84A10/2015/144,Mizoram,Mamit, ,"South of Kanghmun, PMGSY-Kanghmun - Darung",23.519139,92.5795,,,,Active
MZ/CHA/84E02/2017/0111,Mizoram,Champhai, ,10.5km S of Dulte,23.626738,93.033627,,,,Active
MZ/MAM/84A05/2020/12,Mizoram,Mamit,Serhmun-Bungmun section slide 2,Serhmun-Bungmun-Kawrtethaeveng  road section,23.84,92.37,,,,Suspended
MZ/KOL/83D15/2020/26,Mizoram,Kolasib,N. Hlimen slide 11,N. Hlimen-Saipum road section,24.34,92.84,,,,Suspended
MZ/AIZ/84E01/2017/67,Mizoram,Aizawl, ,23 km from Phuaibuang towards Tuivai river,23.853333,93.12458,,,,Inactive
MZ/LUN/84A16/2018/3,Mizoram,Lunglei, ,Haulawng-Bualpui V. Section,23.084101,92.795685,,,,Suspended
MZ/SAI/84F03/2020/26,Mizoram,Saiha,East Saihtah slide 1,2 Km East Saihtah on PMGSY Saihta - Parvatui road,22.34,93.13,,,,Stabilized
MZ/CHA/84E08/2017/8,Mizoram,Champhai, ,5 km towards Leithum from Dungtlang,23.21475,93.261139,,,,Active
MZ/AIZ/84A11/2016/96,Mizoram,Aizawl, ,"About 200m West of Smalukhai, SH-Sialsuk-Samlukhai-Damdia Road",23.413501,92.725781,,,,Active
MZ/LAW/84B15/2018/8,Mizoram,Lawngtlai, ,Along NH 54,22.458916,92.886108,,,,Suspended
MZ/CHA/84E01/2017/11,Mizoram,Champhai, ,KawlbemNgopa section,23.874056,93.244469,,,,Suspended
MZ/CHA/84E01/2017/48,Mizoram,Champhai, ,"Ngopa village, 0 point to Tuivai river",23.885279,93.207726,,,,Active
MZ/AIZ/84A10/2015/215,Mizoram,Aizawl, ,"500m SW of New Secreteriat, Aizawl (Near GSI Site)",23.727639,92.703083,,,,Active
MZ/LUN/84A16/2018/81,Mizoram,Lunglei, ,South of Thiltlang Village (NH 54),23.002401,92.923904,,,,Suspended
MZ/LUN/84B13/2018/24,Mizoram,Lunglei, ,Chumkhum -Phairungkai,22.823553,92.628441,,,,Active
MZ/MAM/84A10/2015/150,Mizoram,Mamit, ,1.3 Km South of Lungphun; PMGSY-Kanghmun - W. Lungdar,23.588472,92.599,,,,Active
MZ/SER/84A15/2016/13,Mizoram,Serchhip, ,"About 1.10km Southwest of Serchhip-Bungtlang junction,SH-Thenzawl-Serchhip Road.",23.285967,92.856546,,,,Reactivated
MZ/SAI/84B15/2018/43,Mizoram,Saiha, ,Lawngtlai to Saiha road,22.483999,92.954002,,,,Suspended
MZ/CHA/84E02/2017/0089,Mizoram,Champhai, ,5km towards chimluang project road from junction,23.635122,93.065289,,,,Active
MZ/CHA/84E07/2017/83,Mizoram,Champhai,Zokhawthar slide 4,Zakhowthar Melbuk Rd,23.375634,93.384499,,,,Active
MZ/SER/84A15/2016/123,Mizoram,Aizawl, ,"About 15.7km North of Thenzawl, SH-Aizawl-Thenzawl-Lunglei Road",23.349857,92.780208,,,,Reactivated
MZ/LAW/84B15/2018/19,Mizoram,Lawngtlai, ,Multi- Modal Road,22.395,92.860001,,,,Active
MZ/LAW/84B15/2018/37,Mizoram,Lawngtlai, ,Vathuampui Road,22.326,92.771004,,,,Active
MZ/MAM/83D08/2020/14,Mizoram,Mamit,North Bungthuan slide,"Northern tip of Bungthuan village, near Bridge",24.19,92.33,,,,Suspended
MZ/CHA/84E07/2017/10,Mizoram,Champhai,Zokhawthar slide 2,Indo Myanmar boarder road (north of Mualkawi),23.43179,93.339128,,,,Active
MZ/MAM/84A10/2015/143,Mizoram,Mamit, ,"South of Kanghmun, PMGSY-Kanghmun - Darung",23.531417,92.573056,,,,Reactivated
MZ/CHA/84E07/2017/91,Mizoram,Champhai, ,Khuangleng area,23.307833,93.311672,,,,Active
MZ/LUN/84A16/2018/9,Mizoram,Lunglei, ,Haulawng-Bualpui V. Section,23.111111,92.789719,,,,Suspended
MZ/LUN/84B09/2018/8,Mizoram,Lunglei, ,Haurang-Pachang road,22.870518,92.703873,,,,Active
MZ/CHA/84E03/2017/31,Mizoram,Champhai, ,N of Sialhawk,23.340389,93.102306,,,,Active
MZ/LUN/84A12/2018/61,Mizoram,Lunglei, ,Tleu-Thenhlum Section,23.189917,92.54953,,,,Inactive
MZ/AIZ/84A14/2015/97,Mizoram,Aizawl, ,"5.3 km south of Dilkhan village, Saitual - Dilkhan Rd",23.720833,92.978,,,,Active
MZ/LUN/84B13/2018/56,Mizoram,Lunglei, ,S of Zobawk village,22.853046,92.81588,,,,Active
MZ/LAW/84B14/2018/48,Mizoram,Lawngtlai, ,Lawngtlai to Ngengpuikai Road,22.535999,92.860001,,,,Suspended
MZ/LAW/84B10/2020/34,Mizoram,Lawngtlai,Ngharum to Buisek road slide,Ngharum to Buisek road,22.68,92.58,,,,Suspended
MZ/KOL/83D12/2016/16,Mizoram,Kolasib, ,towards chimluang suam,24.23782,92.612062,,,,Active
MZ/AIZ/84A11/2016/102,Mizoram,Aizawl, ,"About 15km south of Damdia, SH-Sialsuk-Samlukhai-Damdia Road",23.442296,92.695903,,,,Active
MZ/LUN/84B05/2020/8,Mizoram,Lunglei,SE of Tlabung slide 2,10.2 km SE of Tlabung on SH- Tlabung -Tiperghat road,22.87,92.48,,,,Active
MZ/AIZ/84A10/2015/233,Mizoram,Aizawl, ,"Kulukawn, Melthum - Tlangnuam - Kulikawn Rd",23.706667,92.714694,,,,Stabilized
MZ/LAW/84B10/2020/31,Mizoram,Lawngtlai,Montola slide 2,Montola,22.68,92.59,,,,Active
MZ/LUN/84A12/2018/76,Mizoram,Lunglei, ,Tuisen Bolia-Thenhlum Section,23.083221,92.556969,,,,Suspended
MZ/CHA/84E07/2017/48,Mizoram,Champhai, ,Champhai  Zokhawthar Bypass road,23.462667,93.317472,,,,Active
MZ/CHA/84E03/2017/64,Mizoram,Champhai,Khawhai slide,Khawhai  Tlangpui road.,23.322995,93.092151,,,,Active
MZ/MAM/84A10/2015/139,Mizoram,Mamit, ,"South of Kanghmun, PMGSY-Kanghmun - Darung",23.546,92.574556,,,,Active
MZ/LUN/84A12/2018/55,Mizoram,Lunglei, ,West of Tleu Village along Bunghmun-Tleu road Section,23.208918,92.518692,,,,Reactivated
MZ/CHA/84E05/2017/30,Mizoram,Champhai, ,KhuangphahVaikhawtlang section,23.790138,93.394447,,,,Abandoned
MZ/SER/84A15/2016/128,Mizoram,Serchhip, ,"Southwest of Hmuntha, PMGSY Chhingchhip-Hmuntha Road",23.476232,92.913652,,,,Relict
MZ/LAW/84B15/2018/2,Mizoram,Lawngtlai, ,1 km south of Saikah,22.45138,92.911942,,,,Suspended
MZ/LAW/84B11/2020/1,Mizoram,Lawngtlai,South Bungtlang to Hmunnuam road slide 1,South Bungtlang to Hmunnuam road,22.41,92.75,,,,Active
MZ/MAM/84A10/2015/176,Mizoram,Mamit, ,"North of W Lungdar, PMGSY Darung - W Lungdar - Chungtlang - Rulpuihlim",23.657194,92.5905,,,,Active
MZ/LUN/84B13/2018/61,Mizoram,Lunglei, ,Zobawk village,22.865692,92.825745,,,,Active
MZ/LUN/84A16/2018/32,Mizoram,Lunglei, ,East of Rawpui (kachha road),23.143888,92.909447,,,,Suspended
MZ/SER/84A15/2016/70,Mizoram,Serchhip, ,"Southwest of Sainik School,Chhingchhip, PMGSY Chhingchhip-Hmuntha Road",23.443793,92.862106,,,,Active
MZ/AIZ/83D16/2016/63,Mizoram,Aizawl, ,2km S. Of Bukpui village,24.070285,92.787738,,,,Active
MZ/LUN/84A16/2018/61,Mizoram,Lunglei, ,Tarpho-Hnathial Section,23.003361,92.962914,,,,Suspended
MZ/SER/84A15/2016/84,Mizoram,Serchhip, ,"Mualpui Veng, Chhinchhip, NH-54 Aizawl-Serchhip-Lunglei Road",23.477108,92.857281,,,,Active
MZ/LUN/84A12/2018/36,Mizoram,Lunglei, ,Serte-Sertlangpui Section,23.094528,92.695808,,,,Suspended
MZ/AIZ/83D16/2016/87,Mizoram,Aizawl, ,7km  south of Ratu,24.078041,92.914114,,,,Stabilized
MIZ/AIZ/84A09/2016/118,Mizoram,Kolasib, ,"Aizaw-Silchar road,6 km milestone S of Kawnpui",23.997222,92.681722,,,,Suspended
MZ/SAI/84F03/2020/19,Mizoram,Saiha,North of Tlabung slide 1,4 km North of Tlabung on PMGSY Tlabung-Diblibagh  road,22.36,93.05,,,,Suspended
MZ/LUN/84A11/2017/136,Mizoram,Lunglei, ,"North of Buarpui, SH-Aibawk-Darlung- Buarpui-Lunglei Road",23.302106,92.649524,,,,Active
MZ/AIZ/84A10/2015/203,Mizoram,Aizawl, ,"Mission Veng, Tlawng - Aizawl Rd",23.716111,92.712611,,,,Dormant
MZ/LAW/84B11/2020/29,Mizoram,Lawngtlai,Vaseikai to Parva road slide 2,Vaseikai to Parva road,22.31,92.63,,,,Suspended
MZ/MAM/84A10/2015/134,Mizoram,Mamit, ,"Chungtlang, SH-Reiek- Mamit-Aizawl",23.684472,92.573694,,,,Active
MIZ/AIZ/84A09/2016/114,Mizoram,Kolasib, ,"Aizaw-Silchar road, S of Kawnpui",23.979472,92.684139,,,,Dormant
MZ/CHA/84E02/2017/0121,Mizoram,Champhai, ,Towards Saichal from hliappui,23.749805,93.099227,,,,Active
MIZ/AIZ/84A09/2016/117,Mizoram,Kolasib, ,Aizaw-Silchar road,23.99016,92.68075,,,,Dormant
MIZ/AIZ/84A13/2016/38,Mizoram,Aizawl, ,~ 10-15 m from previous location,23.822086,92.826497,,,,Suspended
MZ/KOL/83D15/2020/42,Mizoram,Kolasib,Saipum-Saiphai section slide 4,Saipum-Saiphai village road section,24.37,92.81,,,,Suspended
MZ/LAW/84B12/2020/14,Mizoram,Lawngtlai,Chhippui village slide 3,Chhippui village,22.18,92.61,,,,Active
MZ/AIZ/84A10/2015/73,Mizoram,Aizawl, ,"About 3km North of Hungohmun, SH-Aizawl - Lunglei road",23.670556,92.728528,,,,Active
MZ/LAW/84B15/2018/12,Mizoram,Lawngtlai, ,Multi- Modal Road,22.475,92.877998,,,,Suspended
MZ/KOL/83D15/2020/22,Mizoram,Kolasib,N. Hlimen slide 7,N. Hlimen-Saipum road section,24.33,92.84,,,,Active
MIZ/AIZ/84A13/2016/132,Mizoram,Aizawl, ,SE of Sawleng,23.95942,92.943345,,,,Active
MIZO/LUN/84B13/2005/E-18,Mizoram,Lunglei,Lunglei-6 slide, ,22.89061,92.73033,,,, 
MZ/LUN/84B09/2018/15,Mizoram,Lunglei, ,4.9km N of Luangmual,22.884092,92.736252,,,,Active
MZ/MAM/84A05/2020/15,Mizoram,Mamit,Mualthuam- Kawrtethawveng road section slide 3,Mualthuam- Kawrtethawveng road section,23.86,92.37,,,,Active
MIZO/LUN/84B13/2005/E-23,Mizoram,Lunglei,Lunglei-10 slide, ,22.83653,92.80092,,,, 
MZ/AIZ/84E02/2017/34,Mizoram,Aizawl, ,16.5 km E of Keifang (Kawlkulh road),23.68054,93.020091,,,,Active
MZ/MAM/84A05/2020/7,Mizoram,Mamit,Mamit road slide,Junction between NH-108 bypass and Mamit road,23.88,92.5,,,,Active
MZ/LUN/84A12/2018/44,Mizoram,Lunglei, ,Sertlangpui-Kawlhawk section (PMGSY road),23.184711,92.679962,,,,Suspended
MZ/LUN/84B09/2018/14,Mizoram,Lunglei, ,5km N of Luangmual,22.883968,92.735397,,,,Active
MZ/AIZ/84E01/2017/111,Mizoram,Aizawl, ,SuangpuilawnVanbawng,23.992805,93.043251,,,,Suspended
MZ/AIZ/83D16/2016/96,Mizoram,Aizawl, ,Sunhluchip,24.066822,92.893593,,,,Active
MZ/AIZ/84A10/2015/187,Mizoram,Aizawl, ,"Luangmual, Mizoram Univ. - Aizawl via NH 44A",23.745083,92.6955,,,,Active
MZ/AIZ/83D16/2016/111,Mizoram,Aizawl, ,N. Of New Vervek,24.197474,92.947295,,,,Active
MZ/SER/84A15/2016/33,Mizoram,Serchhip, ,"2km from Chhiahtlang, near 11km Milestone (Chhingchhip), NH-54 Aizawl-Serchhip-Lunglei Road",23.405305,92.851014,,,,Dormant
MZ/SAI/84B15/2018/49,Mizoram,Saiha, ,"A.R. Camp, Saiha",22.485666,92.985825,,,,Suspended
MZ/SER/84A15/2016/10,Mizoram,Serchhip, ,"Near K.H  Quarry,  SH-Thenzawl-Serchhip road",23.283951,92.852551,,,,Active
MZ/SER/84F01/2018/13,Mizoram,Champhai, ,1.5Km South of Dungtlang Village on SH Khawbung-Champhai Road,23.182417,93.246498,,,,Stabilized
MZ/AIZ/83D16/2016/79,Mizoram,Aizawl, ,4km south of Sailutar,24.056205,92.916817,,,,Stabilized
MZ/LUN/84B05/2020/32,Mizoram,Lunglei,Diblibagh village slide 2,Diblibagh village near the Ferry point of Karnaphuli River,22.93,92.5,,,,Stabilized
MZ/SAI/84F03/2020/23,Mizoram,Saiha,Bawnveng Village slide 1,Near Bawnveng Village,22.44,93.1,,,,Active
MZ/LAW/84B15/2018/36,Mizoram,Lawngtlai, ,Vathuampui Road,22.328888,92.769997,,,,Suspended
MZ/AIZ/84E01/2017/100,Mizoram,Aizawl, ,Near Phullen,23.844444,93.051361,,,,Suspended
MZ/KOL/83D12/2020/1,Mizoram,Kolasib,Bairabi bridge slide,Bairabi (near Tlawng river bridge),24.18,92.54,,,,Suspended
MZ/LUN/84A12/2018/18,Mizoram,Lunglei, ,Thuampui-S. Lungdai Section,23.045416,92.705612,,,,Suspended
MZ/SER/84F01/2018/15,Mizoram,Champhai, ,5.5Km South of Dungtlang Village on SH Khawlung-Champhai Road,23.183584,93.235031,,,,Stabilized
MZ/AIZ/84A10/2015/214,Mizoram,Aizawl, ,"Govt Complex, Aizawl, Govt Complex - Mizoram university Rd via Zonuam",23.736778,92.694528,,,,Dormant
MZ/MAM/84A10/2015/156,Mizoram,Mamit, ,"East of Khawrihnin; Agri-link Road Tlawng river,  Agri-link Road",23.619583,92.634417,,,,Active
MIZ/AIZ/84A09/2016/97,Mizoram,Mamit, ,Lengpui-Mamit road on NH 44A,23.805313,92.592663,,,,Suspended
MZ/AIZ/84A14/2015/106,Mizoram,Aizawl, ,2 km south of Keifang village on SH Keifang-Seling road near water reservoir,23.658944,92.964056,,,,Active
MIZO/LUN/84B09/2005/E-11,Mizoram,Lunglei,Hawruang-5 slide, ,22.88408,92.72978,,,, 
MZ/LUN/84B10/2020/49,Mizoram,Lunglei,Chawngte P to Ruallalung road slide 2,Chawngte P to Ruallalung road,22.64,92.66,,,,Suspended
MZ/LAW/84B10/2020/39,Mizoram,Lawngtlai,Ugadasury slide,Ugadasury,22.68,92.56,,,,Suspended
MIZ/AIZ/84A13/2016/30,Mizoram,Aizawl, ,11 km Khawruhlian milestone towards Sesawng on NH 150,23.887333,92.851111,,,,Active
MZ/LAW/84B14/2018/35,Mizoram,Lawngtlai, ,Multi- Modal Road,22.528,92.896004,,,,Stabilized
MZ/SAI/84B15/2018/47,Mizoram,Saiha, ,Outskirts of Saiha,22.496,92.975998,,,,Active
MZ/LUN/84A12/2018/35,Mizoram,Lunglei, ,Serte-Sertlangpui Section,23.091749,92.695419,,,,Suspended
MZ/LAW/84B11/2020/10,Mizoram,Lawngtlai,Bungtlang S to Sekulhkai road slide 5,Bungtlang S to Sekulhkai road,22.33,92.74,,,,Suspended
MZ/CHA/84E08/2017/27,Mizoram,Champhai, ,FarkawnSamthang Rd,23.145214,93.287063,,,,Active
MZ/AIZ/83D16/2016/78,Mizoram,Aizawl, ,6km south of Sailutar,24.037574,92.922489,,,,Active
MZ/CHA/84E07/2017/96,Mizoram,Champhai, ,MelbukMulkawi Rd,23.391983,93.376078,,,,Active
MZ/LAW/84B11/2020/16,Mizoram,Lawngtlai,M Kawnpui slide,M Kawnpui,22.34,92.71,,,,Active
MZ/CHA/84E07/2017/111,Mizoram,Champhai, ,4.8 km south of Mualkawi,23.404207,93.318763,,,,Relict
MZ/SER/84E03/2017/12,Mizoram,Serchhip, ,Rullam Road,23.470139,93.025944,,,,Active
MZ/SER/84A15/2016/120,Mizoram,Serchhip, ,"Northwest of Thenzawl, SH-Thenzawl-Buarpui Road",23.297637,92.74119,,,,Active
MZ/LAW/84B11/2020/44,Mizoram,Lawngtlai,Vaseitlang II slide,Vaseitlang II,22.39,92.61,,,,Suspended
MIZ/AIZ/84A10/2016/102,Mizoram,Mamit, ,"Rawpuichhip-Mamit road, NH 44A",23.767139,92.533889,,,,Dormant
MZ/LAW/84B14/2019/7,Mizoram,Lawngtlai, ,Outside Lungtian village,22.704,92.985001,,,,Suspended
MZ/LUN/84A12/2018/41,Mizoram,Lunglei, ,Sertlangpui-Kawlhawk section (PMGSY road),23.147697,92.687386,,,,Suspended
MZ/SAI/84B15/2018/44,Mizoram,Saiha, ,Lawngtlai to Saiha road,22.487,92.964996,,,,Suspended
MIZ/AIZ/84A09/2016/125,Mizoram,Aizawl, ,Towards Piggery Farm,23.855092,92.666553,,,,Suspended
MZ/LUN/84B10/2020/79,Mizoram,Lunglei,Zehtet to Mautlang road slide 2,Zehtet to Mautlang road,22.65,92.71,,,,Active
MZ/LUN/84A12/2018/62,Mizoram,Lunglei, ,Near Kao river along Tleu-Thenhlum Section,23.189638,92.549889,,,,Suspended
MZ/LUN/84A12/2018/38,Mizoram,Lunglei, ,Serte-Sertlangpui Section,23.107222,92.693054,,,,Suspended
MZ/CHA/84E07/2017/55,Mizoram,Champhai, ,NW of ChhungteKhua along Aizawl  Champhai road,23.484639,93.278222,,,,Active
MZ/LUN/84A16/2018/85,Mizoram,Lunglei, ,Lunglei-Aizawl road,23.016111,92.764168,,,,Suspended
MZ/CHA/84E03/2017/68,Mizoram,Champhai,Khawhai slide,Khawhai  Tung Tan road,23.381167,93.112917,,,,Active
MZ/SER/84E03/2017/3,Mizoram,Serchhip, ,Rullam village,23.456861,93.006694,,,,Active
MZ/CHA/84E07/2017/110,Mizoram,Champhai,Khuangleng slide,Khuangleng,23.306444,93.311639,,,,Active
MZ/KOL/83D12/2016/3,Mizoram,Kolasib, ,kolasib nh54 near rb motors,24.211504,92.679258,,,,Active
MZ/CHA/84E02/2017/20,Mizoram,Champhai, ,4km NW of Tuisen bridge,23.583574,93.09659,,,,Active
MZ/LUNG/84B14/2018/25,Mizoram,Lunglei, ,"NH 54
",22.688,92.842003,,,,Active
MZ/SER/84F01/2018/12,Mizoram,Champhai, ,2.5Km South West of Khawbung on SH Khawbung-Biate Road,23.181417,93.197586,,,,Active
MZ/AIZ/84A11/2016/105,Mizoram,Aizawl, ,About 1km West of Maubuang along Samlukhai- Damdia road,23.491004,92.696873,,,,Active
MZ/AIZ/83D16/2016/43,Mizoram,Aizawl, ,North Chaltlang,24.036893,92.771278,,,,Stabilized
MZ/LAW/84B11/2020/51,Mizoram,Lawngtlai,Chawngte C to Longpuighat slide,Chawngte C to Longpuighat road,22.47,92.63,,,,Suspended
MZ/AIZ/83D16/2016/51,Mizoram,Aizawl, ,N of Bukpui,24.102008,92.791628,,,,Active
MIZ/MAM/84A09/2016/134,Mizoram,Mamit, ,Hunther area,23.833698,92.650724,,,,Suspended
MZ/LUN/84B13/2018/57,Mizoram,Lunglei, ,E Rotlang- S. Mualthuam,22.861877,92.897736,,,,Active
MZ/SAI/84F04/2020/13,Mizoram,Saiha,South of Laki slide,South of Laki village,22.14,93,,,,Suspended
MIZ/AIZ/84A13/2016/11,Mizoram,Aizawl, ,1.5 km S of Kepran,23.9395,92.927889,,,,Active
MZ/SAI/84B15/2018/54,Mizoram,Saiha, ,"Zero Point to Kawlchaw E
",22.455999,92.948997,,,,Suspended
MZ/LUN/84B13/2018/83,Mizoram,Lunglei, ,Darzo-Tuipui D (Hnathail 20Km stone),22.891706,92.950081,,,,Active
MZ/AIZ/84A11/2016/111,Mizoram,Aizawl, ,"About 500m of Sialsuk Junction towards Thenzawl, SH-Aizawl-Thenzawl-Lunglei Road",23.393332,92.758148,,,,Reactivated
MZ/CHA/84E06/2017/3,Mizoram,Champhai, ,11.5km N of Vapar,23.657642,93.349683,,,,Active
MZ/LUN/84A12/2018/57,Mizoram,Lunglei, ,Tleu Village (East boundary/outskirts),23.205961,92.538406,,,,Reactivated
MIZ/AIZ/84A13/2016/5,Mizoram,Aizawl, ,"near Vanzao, ~400m from previous location",23.844165,92.930006,,,,Active
MZ/AIZ/84A10/2015/226,Mizoram,Aizawl, ,Ramhlun Vengthar,23.742861,92.725389,,,,Dormant
MZ/CHA/84E03/2017/79,Mizoram,Champhai, ,Khawhai  Khawzawl road,23.418808,93.163009,,,,Active
MZ/LAW/84B11/2020/22,Mizoram,Lawngtlai,M Kawnpui to Saibawh road slide 6,M Kawnpui to Saibawh road,22.34,92.74,,,,Active
MZ/KLS/83D11/2020/6,Mizoram,Kolasib,Omloi slide,Bukvannei- Saihapui K road,24.29,92.65,,,,Active
MZ/LAW/84B12/2020/3,Mizoram,Lawngtlai,Damdep I slide,Damdep I,22.24,92.62,,,,Suspended
MZ/AIZ/84A11/2016/101,Mizoram,Aizawl, ,"Southeast of Lungsai village,  SH-Sialsuk-Samlukhai-Damdia Road",23.439894,92.702301,,,,Active
MZ/CHA/84E08/2017/3,Mizoram,Champhai, ,Champhai,23.026818,93.26673,,,, 
MZ/LUN/84A12/2018/17,Mizoram,Lunglei, ,Thuampui-S. Lungdai Section,23.032444,92.705917,,,,Suspended
MZ/SAI/84B15/2018/52,Mizoram,Saiha, ,Northeast of Zero Point,22.475,92.964996,,,,Active
MZ/KLS/83D11/2020/9,Mizoram,Kolasib,Saihapui K slide 2,Bukvannei- Saihapui K road,24.28,92.65,,,,Active
MZ/LAW/84B15/2018/31,Mizoram,Lawngtlai, ,Multi- Modal Road,22.375,92.858002,,,,Suspended
MZ/CHA/84E07/2017/1,Mizoram,Champhai, ,Khuangleng  Seisa road,23.312747,93.314456,,,,Stabilized
MZ/KLS/83D11/2020/16,Mizoram,Kolasib,GosenVeng slide 1,NH-54,24.26,92.69,,,,Active
MZ/LAW/84B12/2020/33,Mizoram,Lawngtlai,Parva I to Devasora road slide,Parva I to Devasora road,22.15,92.63,,,,Active
MZ/MAM/84A10/2015/170,Mizoram,Mamit, ,"Western slope of Reiek Tlang (1485m), SH Reiek - Chungtlang - Rulpuihlim",23.681778,92.602611,,,,Dormant
MIZ/AIZ/84A09/2016/132,Mizoram,Aizawl, ,Hunther area,23.791511,92.730515,,,,Suspended
MZ/CHA/84E07/2017/86,Mizoram,Champhai, ,Zakhowthar Melbuk Rd,23.376472,93.384778,,,,Active
MZ/AIZ/84A11/2016/97,Mizoram,Aizawl, ,"North of Sialsuk, SH-Sialsuk-Samlukhai-Damdia Road",23.409674,92.750935,,,,Active
MZ/LAW/84B10/2020/44,Mizoram,Lawngtlai,India Bangladesh Fencing road slide 8,India Bangladesh Fencing road,22.55,92.54,,,,Suspended
MZ/CHA/84E06/2017/11,Mizoram,Champhai, ,4.8km S of Ngur,23.518162,93.366956,,,,Active
MZ/SER/84A15/2016/116,Mizoram,Serchhip, ,"East of Tlawng River Bridge, SH-Thenzawl-Buarpui Road",23.301399,92.699109,,,,Active
MZ/SER/84E03/2017/9,Mizoram,Serchhip, ,Rullam Road,23.463222,93.015694,,,,Active
MZ/SAI/84F03/2020/31,Mizoram,Saiha,Lana slide 1,6km away from lana,22.4,93.12,,,,Stabilized
MZ/CHA/84E03/2017/51,Mizoram,Champhai, ,Tlangpui road,23.341194,93.080389,,,,Active
MZ/LUN/84B13/2018/3,Mizoram,Lunglei, ,N of Thualte,22.777763,92.833969,,,,Reactivated
MZ/LAW/84B10/2020/37,Mizoram,Lawngtlai,Buisek to Chhotapansury slide,Buisek to Chhotapansury road,22.7,92.56,,,,Active
MZ/MAM/84A10/2015/149,Mizoram,Mamit, ,1.4 Km South of Lungphun; PMGSY-Kanghmun - W. Lungdar,23.587917,92.598056,,,,Active
MZ/SER/84A15/2016/46,Mizoram,Serchhip, ,"About 5.9 Km North of Chhiahtlang, NH-54 Aizawl-Serchhip-Lunglei Road",23.434706,92.854894,,,,Active
MIZ/AIZ/84A13/2016/45,Mizoram,Aizawl, ,~ 10 m from prev location,23.78,92.84,,,,Suspended
MZ/KOL/83D15/2020/37,Mizoram,Kolasib,NEEPCO Guest House-Saipum village road slide 2,NEEPCO Guest House-Saipum village road (NH 306A),24.37,92.86,,,,Active
MZ/AIZ/84A11/2016/108,Mizoram,Aizawl, ,"About 2km North of Sialsuk near Two Sister Highway Hotel, SH-Aizawl-Thenzawl-Lunglei Road",23.403402,92.750288,,,,Active
MZ/LAW/84B16/2020/15,Mizoram,Saiha,Lombasu bymari slide 3,Lombasu bymari road,22.1,92.86,,,,Suspended
MZ/LUN/84B13/2018/86,Mizoram,Lunglei, ,Darzo-Tuipui D,22.893372,92.946724,,,,Active
MZ/AIZ/84A10/2015/190,Mizoram,Aizawl, ,"west of Samtlang, N. Lungleng - Aizawl Rd",23.65475,92.690083,,,,Active
MZ/CHA/84E03/2017/78,Mizoram,Champhai, ,Tlangpui road,23.33101,93.091406,,,,Active
MZ/LUN/84A16/2018/33,Mizoram,Lunglei, ,East of Rawpui (kachha road),23.143007,92.91124,,,,Suspended
MZ/LUN/84B13/2018/59,Mizoram,Lunglei, ,Luangmual,22.865286,92.754898,,,,Active
MZ/AIZ/84A10/2015/195,Mizoram,Aizawl, ,"West of Mission Veng,  Tlawng - Aizawl Rd",23.715278,92.697611,,,,Active
MZ/SER/84A16/2018/41,Mizoram,Serchhip, ,Tuichang river-Khawlailawng Section (near Tuichang river),23.222652,92.940269,,,,Suspended
MZ/KOL/83D12/2020/3,Mizoram,Mamit, Mamit-Zamuang road junction slide,Road junction between Mamit and Zamuang,24.17,92.53,,,,Active
MZ/SAI/84F03/2020/8,Mizoram,Saiha,SW of Chheillu slide 2,SW of Chheillu village,22.28,93.08,,,,Reactivated
MZ/LAW/84B16/2020/20,Mizoram,Saiha,South of Tongkolong slide 2,7km south of Tongkolong village,22.14,92.88,,,,Suspended
MZ/LAW/84B14/2019/6,Mizoram,Lawngtlai, ,Rawmibawk to Phalhrang,22.5886,92.970001,,,,Active
MZ/CHA/84E02/2017/0061,Mizoram,Champhai, ,3.8 km N of Rabung,23.689256,93.192172,,,,Active
MZ/CHA/84E06/2017/32,Mizoram,Champhai, ,Jhum road east of ngur,23.54294,93.384772,,,,Active
MZ/CHA/84E02/2017/0110,Mizoram,Champhai, ,11.5km S of Dulte,23.631956,93.033971,,,,Active
MZ/LAW/84B16/2020/4,Mizoram,Saiha,South of Kanan Veng slide 1,"South of Kanan Veng, West Phaileng on SH Aizawl - West Phaileng - Marpara Road",22.23,92.93,,,,Suspended
MZ/MAM/84A10/2015/157,Mizoram,Mamit, ,"East of Khawrihnin; Agri-link Road Tlawng river,  Agri-link Road",23.618917,92.642611,,,,Active
MIZO/AIZ/84A10/2007/E-3,Mizoram,Aizawl,Bawng Venglai slide, ,23.751694,92.731528,,,, 
MZ/MAM/84A10/2015/130,Mizoram,Mamit, ,"North of Rulpuihlim, SH-Reiek- Mamit-Aizawl",23.726694,92.557778,,,,Active
MZ/KLS/83D11/2020/10,Mizoram,Kolasib,Zero Point slide 1,Saihapui K-Zero Point road,24.27,92.65,,,,Active
MZ/MAM/84A10/2015/153,Mizoram,Mamit, ,"W of Khawrihnin; Agri-link Road Tlawng river,  Agri-link Road",23.625444,92.614889,,,,Active
MIZO/LUN/84B13/2005/E-14,Mizoram,Lunglei,Lunglei-2 slide, ,22.87506,92.75136,,,, 
MZ/KLS/83D14/2020/9,Mizoram,Kolasib,Dholaikhal slide,"Dholaikhal, Vairengte",24.51,92.77,,,,Reactivated
MZ/LUN/84B10/2020/83,Mizoram,Lunglei,Zehtet village slide 2,Outside Zehtet village,22.68,92.69,,,,Suspended
MIZ/AIZ/84A09/2016/112,Mizoram,Kolasib, ,Aizaw-Silchar road (~10m from prev loc 206a),23.973513,92.6839,,,,Suspended
MZ/MAM/84A05/2020/9,Mizoram,Mamit,Serhmun-Bungmun section slide 1,Serhmun-Bungmun-Kawrtethaeveng  road section,23.78,92.36,,,,Active
MZ/CHA/84E05/2017/28,Mizoram,Champhai, ,SE of Teikhang,23.945055,93.313698,,,,Reactivated
MZ/CHA/84E02/2017/0109,Mizoram,Champhai, ,12km S of Dulte,23.63341,93.033595,,,,Active
MZ/CHA/84E01/2017/19,Mizoram,Champhai, , ,23.950277,93.217056,,,,Suspended
MZ/CHA/84E02/2017/0096,Mizoram,Champhai, ,16.5km E of Saitual,23.696979,93.041829,,,,Active
MZ/AIZ/84A10/2015/200,Mizoram,Aizawl, ,"Northwest of Mission, 500m from Police Post Forest, Tlawng - Aizawl Rd",23.719472,92.676444,,,,Active
MZ/LUN/84A11/2017/132,Mizoram,Lunglei, ,"Buarpui Quarry, Buarpui-Bungtlang Road",23.2747,92.647873,,,,Active
MZ/SER/84A15/2016/44,Mizoram,Serchhip, ,"P & E Veng,(Power and Electric department), Serchhip",23.321864,92.859431,,,,Reactivated
MZ/CHA/84E07/2017/36,Mizoram,Champhai, ,1.2km west of Khankawn along Aizawl  Champhai road,23.468361,93.304222,,,,Relict
MZ/SER/84A15/2016/56,Mizoram,Serchhip, ,"Chhingchhip Area,(Mounting hall) PMGSY Chhingchhip-Hualto Road",23.479766,92.870601,,,,Active
MZ/SER/84A11/2017/146,Mizoram,Aizawl, ,"About 1.5km Northwest of Thiak, SH-Aizawl-Thenzawl-Lunglei Road",23.476702,92.705854,,,,Active
MZ/KOL/83D12/2016/9,Mizoram,Kolasib, ,way to Maulvum,24.030588,92.668422,,,,Active
MZ/LUN/84A16/2018/70,Mizoram,Lunglei, ,Pangzawl-Thiltlang Section (NH 54),23.048967,92.907501,,,,Suspended
MZ/CHA/84E05/2017/14,Mizoram,Champhai, ,KawlbemVaikhawtlang section,23.861805,93.364944,,,,Reactivated
MZ/LAW/84B10/2020/15,Mizoram,Lawngtlai,Diltlang to Chawngtelui road slide,Diltlang to Chawngtelui road,22.52,92.72,,,,Active
MZ/MAM/84A10/2015/141,Mizoram,Mamit, ,"South of Kanghmun, PMGSY-Kanghmun - Darung",23.51975,92.579556,,,,Active
MZ/SAI/84B15/2018/48,Mizoram,Saiha, ,"Colony Viah, Saiha",22.490999,92.981003,,,,Active
MZ/SER/84A15/2016/122,Mizoram,Aizawl, ,"16km Milestone,  SH-Aizawl-Thenzawl-Lunglei Road",23.351772,92.781701,,,,Reactivated
MZ/CHA/84E02/2017/0010,Mizoram,Champhai, ,17km N. Of Khawzawl,23.612312,93.198942,,,,Active
MZ/AIZ/84A14/2015/77,Mizoram,Aizawl, ,"About 1km along bamboo link road, on the foot slope of Sherbawk tlang",23.735086,92.829525,,,,Active
MZ/CHA/84E08/2017/42,Mizoram,Champhai, ,Champhai,23.081345,93.321054,,,, 
MZ/CHA/84E07/2017/82,Mizoram,Champhai, ,Zakhowthar Melbuk Rd,23.373849,93.383061,,,,Active
MZ/LUN/84B09/2018/30,Mizoram,Lunglei, ,Thuampui-Vahne-Lunglei Section,22.954966,92.705765,,,,Inactive
MZ/LUN/84A16/2018/53,Mizoram,Lunglei, ,Zotuitlang-Haulawng Section,23.038607,92.795174,,,,Suspended
MZ/LUN/84B13/2018/32,Mizoram,Lunglei, ,Lunglei-Tlangpui Road,22.834824,92.758766,,,,Active
MZ/SER/84A15/2016/18,Mizoram,Serchhip, ,"100m west of Serchhip-Bungtlang Junction, SH-Thenzawl-Serchhip road",23.28985,92.860445,,,,Active
MZ/MAM/83D08/2020/10,Mizoram,Mamit,South of Zamuang slide,500mt south of Zamuang village,24.09,92.4,,,,Suspended
MZ/CHA/84E02/2017/0011,Mizoram,Champhai, ,3km NW of Khawzawl on the KhawzawlKawkulh road,23.542899,93.156212,,,,Active
MZ/AIZ/83D16/2016/75,Mizoram,Aizawl, ,5.5km north of Darlawn,24.025676,92.914807,,,,Stabilized
MZ/CHA/84E03/2017/71,Mizoram,Champhai, ,West of Chalrang village,23.384222,93.145528,,,,Active
MZ/SAI/84F03/2020/14,Mizoram,Saiha,Tuipang slide,Tuipang,22.31,93.02,,,,Suspended
MZ/CHA/84E01/2017/45,Mizoram,Champhai, ,7.7 km SE of Pawlrang,23.780138,93.152916,,,,Suspended
MZ/LAW/84B10/2020/13,Mizoram,Lawngtlai,Chawngtelui village slide 1,Chawngtelui village,22.52,92.71,,,,Active
MZ/LAW/84B16/2020/11,Mizoram,Saiha,Lombasu slide 2,Near Lombasu village,22.11,92.85,,,,Suspended
MZ/LUN/84B13/2018/17,Mizoram,Lunglei, ,0.7km from Bulate towards Lawngtlai,22.804701,92.816734,,,,Active
MZ/MAM/83D08/2020/5,Mizoram,Mamit,West of Zamuang-Rengdil section slide 1,West of Zamuang-Rengdil section,24.09,92.37,,,,Suspended
MZ/LAW/84B12/2020/9,Mizoram,Lawngtlai,Chhippui road slide 3,Chhippui road,22.21,92.61,,,,Active
 ,Mizoram,Aizawl,,,23.74190833,92.74161389,Debris (Colluvium),Slide,The rock slide occurred at around 21:23 hrs on  11.06.2021.,Active
MZ/SER/84A15/2016/22,Mizoram,Serchhip, ,"Grassland Cultivation Site, NH-54 Aizawl-Serchhip-Lunglei Road",23.272218,92.873298,,,,Reactivated
MZ/AIZ/84A14/2015/83,Mizoram,Aizawl, ,About 8 km SE of Seling on SH Seling-Champhai road,23.700889,92.878361,,,,Active
MZ/SER/84A15/2016/2,Mizoram,Serchhip, ,"About 1.6km East of Mat River Bridge (DGM Gate), SH Thenzawl-Serchhip Road",23.305259,92.809736,,,,Active
MIZ/AIZ/84A13/2016/128,Mizoram,Aizawl, ,Lailak village,23.841713,92.911476,,,,Active
MZ/SAI/84F04/2020/21,Mizoram,Saiha,Chapi slide,1km from chapi village,22.24,93.1,,,,Suspended
MZ/AIZ/84E02/2017/36,Mizoram,Aizawl, ,14.5km E of Keifang (Kawlkulh road),23.681206,93.019927,,,,Active
MZ/CHA/84E07/2017/14,Mizoram,Champhai,Tuipui slide,Near Tuipui Bridge,23.451972,93.259686,,,,Reactivated
MZ/LAW/84B10/2020/45,Mizoram,Lawngtlai,Ulusora slide,Ulusora village,22.53,92.62,,,,Suspended
MZ/AIZ/84E01/2017/61,Mizoram,Aizawl, ,2 km from Phullen along PhullenPhuaibuang section,23.852861,93.059998,,,,Suspended
MZ/LUN/84A16/2018/14,Mizoram,Lunglei, ,North of Sekhum Village,23.148273,92.75016,,,,Suspended
MZ/AIZ/83D16/2016/129,Mizoram,Aizawl, ,E.of Vaitin,24.233808,92.978777,,,,Active
MZ/CHA/84E02/2017/13,Mizoram,Champhai, ,5km N of Rabung,23.707126,93.187183,,,,Active
MZ/SAI/84F03/2020/17,Mizoram,Saiha,North of Pukzing slide 2,North of Pukzing,22.34,93.04,,,,Suspended
MIZ/AIZ/84A13/2016/7,Mizoram,Aizawl, ,near Pehlawn,23.871694,92.919955,,,,Active
MZ/AIZ/84A10/2015/191,Mizoram,Aizawl, ,"Hlimen, Hlimen Landslide on SH-Aizawl-Hlimen-Lungleng Rd",23.681531,92.718606,,,,Stabilized
MZ/KOL/83D15/2020/40,Mizoram,Kolasib,Saipum-Saiphai section slide 2,Saipum-Saiphai village road section,24.35,92.82,,,,Active
MZ/LUN/84B05/2020/9,Mizoram,Lunglei,SE of Tlabung slide 4,10.8 km SE of Tlabung on SH- Tlabung -Tiperghat road,22.88,92.48,,,,Active
MZ/SER/84A15/2016/81,Mizoram,Serchhip, ,"Jhum cultivation, Hmuntha, PMGSY Chhingchhip-Hmuntha Road",23.458124,92.9053,,,,Active
MZ/SER/84A15/2016/59,Mizoram,Serchhip, ,"Chhingchhip, Near VLT drug Store, NH-54 Aizawl-Serchhip-Lunglei Road",23.460792,92.855527,,,,Dormant
MZ/LUN/84B13/2018/107,Mizoram,Lunglei, ,Hnathial- Tuipui D,22.915947,92.928337,,,,Reactivated
MZ/AIZ/84A10/2015/183,Mizoram,Aizawl, ,"1km South of Tlawng Hydro-Project view point of Azauli Falls, SH- Aizawl - Reiek",23.712694,92.66025,,,,Suspended
MZ/LUN/84B05/2020/35,Mizoram,Lunglei,Silkur village slide 2,Silkur village,22.88,92.46,,,,Stabilized
MZ/LAW/84B14/2019/5,Mizoram,Lawngtlai, ,West of Rawmibawk village,22.591,92.917,,,,Active
MIZO/LUN/84B09/2005/E-7,Mizoram,Lunglei,Hawruang slide, ,22.85258,92.70186,,,, 
MZ/LUN/84B09/2018/31,Mizoram,Lunglei, ,Thuampui-Vahne-Lunglei Section,22.933441,92.708267,,,,Suspended
MZ/CHA/84E08/2017/45,Mizoram,Champhai, ,Farkawn  Tiau road,23.075575,93.315376,,,,Active
MZ/AIZ/84A10/2015/217,Mizoram,Aizawl, ,"Thuampi Vengthar, Thuampui Vengthar - Chite Lui Rd",23.739306,92.743111,,,,Active
MIZ/AIZ/84A09/2016/76,Mizoram,Aizawl,Rangamval Landslide,Rangamval,23.750454,92.69524,,,,Active
MZ/KOL/83D15/2020/18,Mizoram,Kolasib,N. Hlimen slide 3,N. Hlimen-Saipum road section,24.27,92.81,,,,Active
MZ/CHA/84E07/2017/30,Mizoram,Champhai,Champhai slide,"0.5km south of police check post, Champhai Zokhawthar bypass road",23.466951,93.311834,,,,Active
MZ/CHA/84E02/2017/0062,Mizoram,Champhai, ,S of Aiduzawl,23.694333,93.183335,,,,Active
MZ/KOL/83D15/2020/39,Mizoram,Kolasib,Saipum-Saiphai section slide 1,Saipum-Saiphai village road section,24.36,92.83,,,,Suspended
MZ/LUN/84B10/2020/66,Mizoram,Lunglei,Ruallalung to S Lungrang road slide 3,Ruallalung to S Lungrang road,22.7,92.66,,,,Active
MZ/AIZ/83D16/2016/89,Mizoram,Aizawl, ,5km  south of Ratu,24.094248,92.917745,,,,Active
MZ/LAW/84B14/2018/50,Mizoram,Lawngtlai, ,Lawngtlai to Ngengpuikai Road,22.518,92.811996,,,,Suspended
MZ/LUNG/84B14/2018/24,Mizoram,Lunglei,"Leichedut slide
","S. Tawipui
",22.673,92.844002,,,,Active
MZ/AIZ/83D16/2016/110,Mizoram,Aizawl, ,N. Of New Vervek,24.193682,92.946417,,,,Stabilized
MZ/KOL/83D15/2020/19,Mizoram,Kolasib,N. Hlimen slide 4,N. Hlimen-Saipum road section,24.28,92.81,,,,Active
MZ/AIZ/83D16/2016/60,Mizoram,Aizawl, ,S. Of Bukpui village,24.07814,92.790905,,,,Active
MZ/AIZ/84E01/2017/66,Mizoram,Aizawl, ,ZawnginPhullen section,23.888081,93.026642,,,,Suspended
MZ/CHA/84E03/2017/43,Mizoram,Champhai, ,Tlangpui road,23.341111,93.080583,,,,Active
MZ/CHA/84E07/2017/24,Mizoram,Champhai,Khuangleng slide,Khuangleng village,23.303412,93.31066,,,,Reactivated
MZ/AIZ/84A10/2015/69,Mizoram,Aizawl, ,North of Salem veng on world bank road,23.710194,92.741167,,,,Reactivated
MZ/CHA/84E07/2017/116,Mizoram,Champhai,Melbuk slide,MelbukMulkawi Rd,23.410218,93.343897,,,,Active
MZ/CHA/83H04/2017/7,Mizoram,Champhai, ,2.5 km milestone to Tuival river from Khawkawn,24.02025,93.243973,,,,Suspended
MZ/AIZ/83D15/2020/1,Mizoram,Aizawl,Saipum-Tuirial dam slide 1,Saipum-Tuirial dam- Mauchhar road section,24.37,92.9,,,,Suspended
MZ/AIZ/83D16/2016/34,Mizoram,Aizawl, ,N. Of Thingtleh,24.183717,92.798909,,,,Active
MZ/CHA/84E05/2017/18,Mizoram,Champhai, ,Mimbung village,23.999111,93.285309,,,,Inactive
MZ/LUN/84B13/2018/4,Mizoram,Lunglei, ,about 8km S of Bualte,22.779978,92.833778,,,,Active
MZ/CHA/84E07/2017/65,Mizoram,Champhai, ,4 km south of Dilkawn,23.354778,93.300556,,,,Reactivated
MZ/SER/84A15/2016/30,Mizoram,Serchhip, ,"Chhiahtlang Village, NH-54 Aizawl-Serchhip-Lunglei Road",23.383745,92.845792,,,,Active
MZ/SAI/84B15/2018/51,Mizoram,Saiha, ,Saiha to Zero Point Road,22.462999,92.969002,,,,Suspended
MZ/MAM/84A10/2015/162,Mizoram,Mamit, ,"North of Hreichuk, PMGSY W Lungdar - Darung",23.615139,92.594944,,,,Active
MZ/AIZ/84E02/2017/33,Mizoram,Aizawl, ,18.5km E of Keifang (kawlkulh road),23.675142,93.023551,,,,Active
MZ/CHA/84E05/2017/17,Mizoram,Champhai, ,KawlbemVaikhawtlang section,23.87211,93.335999,,,,Active
MZ/LUN/84A12/2018/47,Mizoram,Lunglei, ,Kawlhawk Village (Southern part),23.194187,92.680779,,,,Suspended
MZ/SAI/84F03/2020/21,Mizoram,Saiha,North of Tlabung slide 10,5 km North of Tlabung on  PMGSY Tlabung - Diblibagh road,22.46,93.05,,,,Stabilized
MZ/LAW/84B16/2020/18,Mizoram,Saiha,Lombasu bymari slide 6,Lombasu bymari road,22.11,92.86,,,,Suspended
MZ/MAM/84A05/2020/13,Mizoram,Mamit,Mualthuam- Kawrtethawveng road section slide 1,Mualthuam- Kawrtethawveng road section,23.85,92.33,,,,Dormant
MZ/LUN/84B05/2020/31,Mizoram,Lunglei,North of Tlabung slide 11,5 km North of Tlabung on  PMGSY Tlabung - Diblibagh road,22.93,92.49,,,,Stabilized
MZ/LUN/84B13/2018/49,Mizoram,Lunglei, ,Pachang/Tlabung 61Km stone,22.845263,92.674942,,,,Active
MZ/AIZ/84E01/2017/91,Mizoram,Aizawl, ,"Zawngin village, northern outskirts",23.907555,93.015114,,,,Reactivated
MZ/AIZ/84A10/2015/196,Mizoram,Aizawl, ,"West of Mission Veng,  Tlawng - Aizawl Rd",23.716556,92.699056,,,,Active
MZ/LAW/84B11/2020/63,Mizoram,Lawngtlai,Khawmawi to Chawngte P road slide 3,Khawmawi to Chawngte P road,22.49,92.74,,,,Active
MZ/LAW/84B11/2020/37,Mizoram,Lawngtlai,Guisury to Damdep II road slide 4,Guisury to Damdep II road,22.25,92.63,,,,Suspended
MZ/AIZ/83D16/2016/115,Mizoram,Aizawl, ,"New Vervek, 18km Tipaimukh, milestone NH 150",24.183115,92.949989,,,,Active
MZ/AIZ/83D16/2016/59,Mizoram,Aizawl, ,S. Of Bukpui village,24.078422,92.792189,,,,Active
MZ/AIZ/84E01/2017/79,Mizoram,Aizawl, ,~19 km from Phuaibuang,23.848917,93.135307,,,,Suspended
MZ/CHA/84E08/2017/5,Mizoram,Champhai, ,Dungtllang  Leitum road,23.207528,93.258861,,,,Active
MIZO/LUN/84B13/2005/E-22,Mizoram,Lunglei,Lunglei-9 slide, ,22.83664,92.80347,,,, 
MZ/SAI/84B15/2018/53,Mizoram,Saiha, ,NH 54,22.459,92.952003,,,,Suspended
MZ/LAW/84B15/2018/33,Mizoram,Lawngtlai, ,Multi- Modal Road,22.356001,92.791,,,,Stabilized
MZ/KOL/83D15/2020/10,Mizoram,Kolasib,Vairengte to Phainuam section slide,Vairengte to Phainuam road section,24.45,92.78,,,,Active
MZ/LAW/84B11/2020/26,Mizoram,Lawngtlai,Saikhawthlir slide,outside Saikhawthlir,22.35,92.74,,,,Active
MZ/LAW/84B14/2018/18,Mizoram,Lawngtlai, ,"Bifuraction to 3rd IR Battalion Camp, Thingkah",22.573833,92.917519,,,,Active
MZ/LAW/84B11/2020/39,Mizoram,Lawngtlai,Chikhurlui to Vathuampui road slide 2,Chikhurlui to Vathuampui road,22.26,92.68,,,,Suspended
MZ/CHA/84E05/2017/20,Mizoram,Champhai, ,KawlbemSelam section,23.832916,93.301888,,,,Reactivated
MZ/CHA/84E08/2017/35,Mizoram,Champhai, ,"South of Vaphai, near Tantlang escarpment.",23.136712,93.31485,,,,Active
MZ/CHA/84E08/2017/19,Mizoram,Champhai, ,FarkawnSamthang Rd,23.15114,93.283462,,,,Active
MZ/LUN/84B13/2018/105,Mizoram,Lunglei, ,Lunglei Zotlang,22.914276,92.753403,,,,Active
MZ/KOL/83D12/2016/11,Mizoram,Kolasib, ,Bhairabi road,24.188117,92.595278,,,,Active
MZ/SER/84A15/2016/77,Mizoram,Serchhip, ,"Southwest of Tuikum River Bridge,Chhingchhip, PMGSY Chhingchhip-Hmuntha Road",23.436999,92.875456,,,,Active
 ,Mizoram,Aizawl,,,23.68416667,92.85708333,Debris (Older well compacted debris),Slide,"The slide occurred at around 01:00 hrs on  09.10.2021. Older slides have
occurred in the years 1997 and in 2019 on the left flank of the slide as reported by residents of the area.",Active
MIZ/AIZ/84A09/2016/85,Mizoram,Mamit, ,Sairang road,23.846786,92.655892,,,,Suspended
MZ/LUN/84A16/2018/59,Mizoram,Lunglei, ,Tarpho-Hnathial Section,23.005156,92.985893,,,,Suspended
MZ/SER/84A16/2018/45,Mizoram,Serchhip, ,Tuichang river-Khawlailawng Section,23.222778,92.943611,,,,Suspended
MZ/LUN/84B13/2018/25,Mizoram,Lunglei, ,Chumkhum village (Diversion),22.82402,92.608917,,,,Active
MZ/LAW/84B11/2020/14,Mizoram,Lawngtlai,Sekulhkai village slide,Outside Sekulhkai village,22.33,92.72,,,,Suspended
MZ/CHA/84E07/2017/64,Mizoram,Champhai, ,Dilkawn Rd,23.353111,93.299361,,,,Active
MIZ/MAM/84A09/2016/127,Mizoram,Mamit, , ,23.751155,92.571589,,,,Suspended
MZ/KOL/83D15/2020/38,Mizoram,Kolasib,NEEPCO Guest House-Saipum village road slide 3,NEEPCO Guest House-Saipum village road (NH 306A),24.37,92.85,,,,Suspended
MZ/LUN/84B13/2018/84,Mizoram,Lunglei, ,S of Dawn,22.892199,92.822884,,,,Active
MZ/LUN/84A12/2018/78,Mizoram,Lunglei, ,Tuisen Bolia-Thenhlum Section,23.104166,92.559998,,,,Suspended
MZ/CHA/84E07/2017/117,Mizoram,Champhai,Melbuk slide,MelbukMulkawi Rd,23.411417,93.343361,,,,Active
MZ/AIZ/84A14/2015/65,Mizoram,Aizawl, ,"About 2km south of thingsulthliah, 1km SW Thingsultliah Hospital",23.682158,92.858383,,,,Reactivated
MZ/LAW/84B14/2019/8,Mizoram,Lawngtlai, ,Vartek Road,22.700001,92.994003,,,,Stabilized
MZ/LUN/84B13/2018/39,Mizoram,Lunglei, ,Near TNT Home Lunglei,22.838732,92.791954,,,,Reactivated
MIZ/AIZ/84A13/2016/39,Mizoram,Aizawl, ,~200 m from previous location,23.824586,92.825019,,,,Active
MZ/LAW/84B11/2020/56,Mizoram,Lawngtlai,Ajasora slide 3,outside Ajasora village,22.45,92.7,,,,Suspended
MZ/LAW/84B16/2020/7,Mizoram,Saiha,SE of Vaihai slide 1,5km south east of vaihai,22.22,92.96,,,,Suspended
MZ/LUN/84A12/2018/29,Mizoram,Lunglei, ,Buarpui-Kawlhawk Section (~8 km south of Buarpui),23.208017,92.676277,,,,Active
MZ/LUN/84A12/2018/52,Mizoram,Lunglei, ,West Bungtlang-Changpui Section (Herticulture link road junction),23.226894,92.638527,,,,Suspended
MZ/AIZ/84A10/2015/197,Mizoram,Aizawl, ,"Southwest of Lawipu, Power House, Lawipu - Tlawng Rd",23.722111,92.681472,,,,Suspended
MZ/CHA/84E03/2017/55,Mizoram,Champhai, ,KhawzawlChamphai Rd,23.487306,93.192778,,,,Active
MZ/SER/84A11/2017/151,Mizoram,Aizawl, ,"About 100m west if Sumsuih, SH-Aizawl-Thenzawl-Lunglei Road",23.470794,92.741413,,,,Suspended
MZ/LUN/84A12/2018/12,Mizoram,Lunglei, ,South of S. Lungdai Village,23.053747,92.704163,,,,Reactivated
MZ/LUN/84F01/2018/2,Mizoram,Lunglei, ,1.5 km South of Luatpuitlang on PMGSY South Vanlaphai-Muallanpui Road,22.823893,93.036804,,,,Active
MZ/LUN/84A16/2018/52,Mizoram,Lunglei, ,Zotuitlang-Haulawng Section,23.035839,92.795578,,,,Active
MZ/LAW/84B16/2020/3,Mizoram,Lawngtlai,W of Hmawngbu slide,W of Hmawngbu,22.15,92.78,,,,Suspended
MZ/CHA/84E08/2017/33,Mizoram,Champhai, ,FarkawnSamthang Rd,23.139244,93.289294,,,,Active
MZ/CHA/84E02/2017/4,Mizoram,Champhai, ,14km E of Saitual,23.681548,93.030106,,,,Active
MZ/LAW/84B11/2020/6,Mizoram,Lawngtlai,Bungtlang S to Sekulhkai road slide 1,Bungtlang S to Sekulhkai road,22.33,92.75,,,,Active
MZ/MAM/84A10/2015/174,Mizoram,Mamit, ,"NW of Reiek Tlang, SH Reiek - Chungtlang - Rulpuihlim",23.669278,92.592278,,,,Active
MZ/LAW/84B14/2018/16,Mizoram,Lawngtlai, ,"N of Thingkah 
",22.561611,92.877502,,,,Suspended
MZ/LUN/84B13/2018/85,Mizoram,Lunglei, ,Darzo-Tuipui D,22.892977,92.947433,,,,Active
MZ/LUN/84A12/2018/49,Mizoram,Lunglei, ,West Bungtlang-Changpui Section,23.248526,92.63958,,,,Suspended
MZ/MAM/84A10/2015/165,Mizoram,Mamit, ,Lungphun (Riun old Village) on the interlinking bridge of Old viilage and New village (data collected on crown),23.590139,92.607333,,,,Active
MZ/CHA/84E03/2017/59,Mizoram,Champhai, ,1.7 km south of Bungzung,23.279667,93.232917,,,,Active
MZ/CHA/84E03/2017/22,Mizoram,Champhai, ,Chawngtlai village,23.448278,93.207472,,,,Active
MZ/SER/84A15/2016/57,Mizoram,Serchhip, ,"Chhingchhip Area, PMGSY Chhingchhip-Hualto Road",23.47831,92.865466,,,,Relict
MZ/KLS/83D11/2020/14,Mizoram,Kolasib,Bilkhawthlir slide,NH-54,24.33,92.72,,,,Active
MZ/AIZ/84A10/2015/72,Mizoram,Aizawl, ,Near Kumthung junction in Aizawl-lunglei road,23.604611,92.726417,,,,Active
MZ/CHA/84E03/2017/75,Mizoram,Champhai, ,10 km south of Khawhai,23.3305,93.096806,,,,Active
MZ/AIZ/84A10/2015/230,Mizoram,Aizawl, ,"Tlangnuam Vengthar, Melthum - Tlangnuam - Kulikawn Rd",23.699472,92.716167,,,,Active
MZ/AIZ/83D16/2016/76,Mizoram,Aizawl, ,5.8km north of Darlawn,24.025506,92.915628,,,,Stabilized
MZ/LUN/84B13/2018/77,Mizoram,Lunglei, ,Zobawk-Leite road,22.882607,92.837952,,,,Active
MZ/CHA/84E03/2017/40,Mizoram,Champhai, ,ChamphaiKhawzawl Rd,23.474194,93.229667,,,,Active
MZ/CHA/84E02/2017/0086,Mizoram,Champhai, ,2.5km towards Chimluang project road from junction,23.639272,93.066239,,,,Active
MZ/CHA/84E01/2017/13,Mizoram,Champhai, ,2 km S of Ngopa,23.867277,93.205643,,,,Reactivated
MZ/KOL/83D15/2020/11,Mizoram,Kolasib,SE of Vairengte slide,1 km south east of Vairengte,24.47,92.76,,,,Suspended
MZ/SER/84E03/2017/11,Mizoram,Serchhip, ,Rullam Road,23.470244,93.025409,,,,Active
MZ/AIZ/84A14/2015/105,Mizoram,Aizawl, ,2.9 km south of Keifang village on SH Keifang-Seling road,23.657444,92.963889,,,,Active
MZ/CHA/84E02/2017/0072,Mizoram,Champhai, ,1km Nw of Tuiphal horticulture,23.597403,93.094131,,,,Active
MZ/SER/84F01/2018/10,Mizoram,Serchhip, ,1.5Km North of Leng Village on PMGSY Sailulak-East Lungdar Road,23.168705,93.108017,,,,Active
MZ/SER/84A15/2016/124,Mizoram,Aizawl, ,"About 4.2km Northwest of Sailam Bazar, SH-Aizawl-Thenzawl-Lunglei Road",23.333984,92.781878,,,,Active
MIZ/AIZ/84A13/2016/23,Mizoram,Aizawl, ,4.2 km S of Khawruhlian towards Sesawng on NH 150,23.88319,92.869,,,,Active
MZ/LUN/84B13/2018/113,Mizoram,Lunglei, ,Hnathial,22.957235,92.929703,,,,Active
MZ/AIZ/84A11/2016/109,Mizoram,Aizawl, ,"At 2km Mile Stone, North of Sialsuk, SH-Aizawl-Thenzawl-Lunglei Road",23.40178,92.750005,,,,Active
MZ/CHA/84E07/2017/72,Mizoram,Champhai, ,1 km east of Thinghrangkawn,23.261944,93.295194,,,,Active
MZ/LUN/84A12/2018/6,Mizoram,Lunglei, ,North of Sekhum Village,23.173716,92.739754,,,,Suspended
MZ/CHA/84E07/2017/112,Mizoram,Champhai, ,SE of Mualkawi village,23.40555,93.360549,,,,Active
MZ/LAW/84B11/2020/13,Mizoram,Lawngtlai,Sekulhkai to M Kawnpui road slide 3,Sekulhkai to M Kawnpui road,22.33,92.73,,,,Suspended
MZ/LUN/84A16/2018/75,Mizoram,Lunglei, ,Thiltlang Village (NH 54),23.019981,92.920921,,,,Suspended
MIZ/AIZ/84A13/2016/131,Mizoram,Aizawl, ,SE of Lailak village,23.82325,92.925222,,,,Suspended
MZ/SER/84A15/2016/12,Mizoram,Serchhip, ,"About 1.20km Southwest of Serchhip-Bungtlang junction,SH-Thenzawl-Serchhip Road.",23.28388,92.857468,,,,Active
MZ/CHA/84E07/2017/114,Mizoram,Champhai, ,4km south of Mualkawu,23.407528,93.318111,,,,Active
MZ/LUN/84B13/2018/106,Mizoram,Lunglei, ,Hnathial- Tuipui D,22.914797,92.928406,,,,Active
MZ/LUN/84B05/2020/26,Mizoram,Lunglei,NW of Kamlabagan slide 2,1 km NW of Kamlabagan on Kamlabagan - Bindasora road,22.91,92.46,,,,Stabilized
MZ/AIZ/84A14/2015/100,Mizoram,Aizawl, ,Towards Lenchim from Mualpheng-Lenchim-Ruallung  cross road,23.626194,92.962111,,,,Active
MZ/AIZ/83D16/2016/92,Mizoram,Aizawl, ,3km south of Ratu,24.097858,92.918738,,,,Active
MZ/LUN/84A16/2018/22,Mizoram,Lunglei, ,Pangzawl Village (NH-54),23.083004,92.898277,,,,Inactive
MZ/SER/84A16/2018/43,Mizoram,Serchhip, ,Tuichang river-Khawlailawng Section,23.222925,92.940842,,,,Reactivated
MZ/LUN/84B13/2018/41,Mizoram,Lunglei, ,TNT HOMe,22.838875,92.792801,,,,Reactivated
MZ/AIZ/84A11/2016/100,Mizoram,Aizawl, ,"About 3km Southeast of Lungsai village,  SH-Sialsuk-Samlukhai-Damdia Road",23.440648,92.703726,,,,Active
MZ/CHA/84E08/2017/10,Mizoram,Champhai, ,Dungtllang  Leitum road,23.207889,93.255917,,,,Active
MZ/LUN/84B13/2018/34,Mizoram,Lunglei, ,E Rotlang- S. Mualthuam,22.8363,92.892799,,,,Active
MZ/CHA/84E07/2017/17,Mizoram,Champhai, ,Tlangsam,23.455367,93.362276,,,,Stabilized
MZ/AIZ/83D16/2016/47,Mizoram,Aizawl, ,N of Bukpui,24.09109,92.795724,,,,Active
MZ/CHA/84E02/2017/19,Mizoram,Champhai, ,6km E from NgaizawlKhawzawl road junction,23.543891,93.232644,,,,Active
MZ/AIZ/83D16/2016/103,Mizoram,Aizawl, ,N. Of New Vervek,24.188702,92.943036,,,,Stabilized
MZ/SER/84A15/2016/32,Mizoram,Serchhip, ,"92km MileStone Chhiahtlang, NH-54 Aizawl-Serchhip-Lunglei Road",23.401015,92.848482,,,,Active
MZ/LUN/84A16/2018/78,Mizoram,Lunglei, ,Southern outskirts of Thiltlang Village (NH 54),23.017822,92.920723,,,,Suspended
MZ/LAW/84B10/2020/41,Mizoram,Lawngtlai,Borapansury to Montola slide,Borapansury to Montola road,22.71,92.54,,,,Active
MZ/MAM/84A10/2015/173,Mizoram,Mamit, ,"SW slope of Reiek Tlang, SH Reiek - Chungtlang - Rulpuihlim",23.674167,92.596889,,,,Active
MZ/LUN/84B13/2018/104,Mizoram,Lunglei, ,Lunglei Zotlang,22.913414,92.754501,,,,Active
MZ/AIZ/84A11/2016/99,Mizoram,Aizawl, ,"west of Samlukhai, SH-Sialsuk-Samlukhai-Damdia Road",23.412046,92.750099,,,,Active
MIZ/AIZ/84A13/2016/37,Mizoram,Aizawl, ,~27.3 km from Khawruhlian towards Sesawng on NH 150,23.822054,92.826453,,,,Active
MZ/CHA/84E01/2017/5,Mizoram,Champhai, ,5.6 km NE of Hliappui,23.782249,93.116165,,,,Suspended
MZ/SER/84A15/2016/9,Mizoram,Serchhip, ,"Serchhip, SH-Thenzawl-Serchhip Road",23.282258,92.852377,,,,Reactivated
MZ/AIZ/83D16/2016/114,Mizoram,Aizawl, ,S. Of Sakawrdai,24.201154,92.944079,,,,Active
MZ/LAW/84B10/2020/1,Mizoram,Lawngtlai,Khawmawi to Chawngte P road slide 1,Khawmawi to Chawngte P road,22.5,92.75,,,,Active
MZ/LUN/84B05/2020/34,Mizoram,Lunglei,Muriskata village slide 2,"Muriskata village, Tlabung on Karnaphuli River bank",22.89,92.47,,,,Active
MZ/CHA/84E07/2017/8,Mizoram,Champhai, ,IndoMyanmar road,23.428061,93.339182,,,,Active
MIZ/AIZ/84A13/2016/12,Mizoram,Aizawl,Kepran slide,Kepran on NH-150,23.943241,92.933604,,,,Active
MZ/CHA/84E08/2017/29,Mizoram,Champhai, ,Saikhumphai Rd,23.141408,93.338272,,,,Active
MZ/AIZ/84A14/2015/75,Mizoram,Aizawl, ,"Zemabawk, near Ripans complex road on NH 54 Aizawl-Seling road",23.730867,92.755639,,,,Active
MZ/LUN/84A12/2018/69,Mizoram,Lunglei, ,Thenhlum-South Dampui Section,23.213055,92.58889,,,,Suspended
MZ/SER/84A15/2016/1,Mizoram,Serchhip, ,"About 50m East of Mat River Bridge (DGM Gate), SH Thenzawl-Serchhip Road",23.314408,92.808662,,,,Active
MZ/AIZ/84E02/2017/32,Mizoram,Aizawl, ,15km S of Dulte,23.650925,93.030704,,,,Active
MZ/CHA/84E07/2017/94,Mizoram,Champhai, ,0.8km towards Mualkawi,23.390204,93.311043,,,,Active
MZ/AIZ/83D16/2016/26,Mizoram,Aizawl, ,2.5km S of S.Hlimen,24.216509,92.802591,,,,Active
MZ/SER/84A11/2017/147,Mizoram,Aizawl, ,"2km Southwest of Samsuih, SH-Aizawl-Thenzawl-Lunglei Road",23.463981,92.736875,,,,Active
MZ/SAI/84F03/2020/25,Mizoram,Saiha,Silkur village slide 1,Silkur village,22.38,93.12,,,,Active
MZ/AIZ/83D16/2016/46,Mizoram,Aizawl, ,N of Bukpui,24.091081,92.795582,,,,Active
MZ/LAW/84B10/2020/10,Mizoram,Lawngtlai,Chawngte P to Hmunlai road slide 5,Chawngte P to Hmunlai road,22.6,92.67,,,,Active
MZ/SER/84A16/2018/26,Mizoram,Serchhip, ,South of Keitum Village,23.213892,92.904892,,,,Suspended
MZ/MAM/84A10/2015/164,Mizoram,Mamit, ,"North of Hreichuk, PMGSY W Lungdar - Darung",23.609111,92.596306,,,,Active
MZ/SER/84A15/2016/19,Mizoram,Serchhip, ,"Near BSF camp, NH-54 Aizawl-Serchhip-Lunglei Road",23.255426,92.890915,,,,Active
MZ/LUN/84B13/2018/68,Mizoram,Lunglei, ,1 km N from Luangmual,22.869707,92.753304,,,,Active
MZ/AIZ/84A10/2015/222,Mizoram,Aizawl, ,"Rangvamul, NH-54 Aizawl - Lengpui(Airport) - Silchar",23.746722,92.695972,,,,Stabilized
MZ/CHA/84E05/2017/6,Mizoram,Champhai, ,KawlbemVaikhawtlang section,23.836056,93.37664,,,,Reactivated
MZ/SER/84A15/2016/78,Mizoram,Serchhip, ,"Southwest of Tuikum River Bridge,Chhingchhip, PMGSY Chhingchhip-Hmuntha Road",23.438997,92.877502,,,,Active
MZ/LAW/84B11/2020/47,Mizoram,Lawngtlai,Rangkashya road slide 3,Rangkashya road,22.38,92.59,,,,Active
MZ/LAW/84B15/2018/9,Mizoram,Lawngtlai, ,Along NH 54,22.483166,92.885551,,,,Active
MZ/LUN/84B10/2020/53,Mizoram,Lunglei,Raillalung slide 5,Outside Ruallalung vilage,22.64,92.67,,,,Active
MZ/SAI/84B15/2018/59,Mizoram,Saiha, ,Serkawr Road,22.392,92.978996,,,,Suspended
MZ/AIZ/84A11/2016/91,Mizoram,Aizawl, ,"About 4 km Northwest of Samlukhai,  SH-Sialsuk-Samlukhai-Damdia Road",23.427681,92.714959,,,,Active
MZ/CHA/84E08/2017/44,Mizoram,Champhai, ,Tiau Road (Farkawn),23.075703,93.315391,,,,Active
MIZ/AIZ/84A09/2016/56,Mizoram,Aizawl, ,~3.5 km from Serkhan,23.922639,92.736528,,,,Active
MZ/LUN/84B13/2018/45,Mizoram,Lunglei, ,Darzo-Tuipui D,22.841801,92.951385,,,,Active
MZ/CHA/84E03/2017/46,Mizoram,Champhai, ,ChamphaiKhawzawl Rd,23.475139,93.241028,,,,Active
MZ/AIZ/83D16/2016/39,Mizoram,Aizawl, ,North Chaltlang,24.022347,92.772075,,,,Active
MZ/SER/84A15/2016/15,Mizoram,Serchhip, ,"About 1km Southwest of Serchhip-Bungtlang junction,SH-Thenzawl-Serchhip Road.",23.28621,92.857249,,,,Reactivated
MZ/AIZ/84E01/2017/95,Mizoram,Aizawl, ,S of Suangpuilawn,23.948917,93.038719,,,,Suspended
MZ/AIZ/83D16/2016/121,Mizoram,Aizawl, ,9 km wast of Tipaimukh,24.200746,92.98517,,,,Active
MZ/CHA/84E07/2017/54,Mizoram,Champhai,Vengsang slide,"Vengsang, Champhai",23.482322,93.310052,,,,Active
MZ/LUN/84A12/2018/80,Mizoram,Lunglei, ,Tuisen Bolia-Thenhlum Section,23.140694,92.551529,,,,Suspended
MZ/CHA/84E07/2017/33,Mizoram,Champhai, ,KhawzawlChamphai Rd,23.467679,93.250636,,,,Active
MZ/CHA/84E05/2017/15,Mizoram,Champhai, ,KawlbemSelam section,23.833166,93.305275,,,,Suspended
MZ/KLS/83D14/2020/8,Mizoram,Kolasib,Vairangte slide-1,"NH-306, Silchar-Kolasib road, Vairangte",24.5,92.77,,,,Active
MZ/LAW/84B10/2020/26,Mizoram,Lawngtlai,Mualbu L slide 1,Mualbu L,22.56,92.67,,,,Suspended
MZ/LUN/84B13/2018/51,Mizoram,Lunglei, ,1.5km N of Hrangchalkawn,22.846241,92.804893,,,,Active
MZ/CHA/84E03/2017/74,Mizoram,Champhai, ,Khawhai  Tlangpui road.,23.325028,93.092333,,,,Active
MZ/AIZ/83D16/2016/32,Mizoram,Aizawl, ,West of N. Hlimen (near pump house),24.237872,92.798117,,,,Active
MZ/SER/84A15/2016/72,Mizoram,Serchhip, ,"South of Sainik School,Chhingchhip, PMGSY Chhingchhip-Hmuntha Road",23.44129,92.865395,,,,Active
MZ/LUN/84B05/2020/27,Mizoram,Lunglei,West of Kamlabagan slide,West of Kamlabagan near the road Junction of Kamlabagan - Bindasora Road,22.9,92.46,,,,Active
MZ/SER/84E03/2017/5,Mizoram,Serchhip,Vanchengpui slide,Rullam Vangchengpui Rd,23.457083,93.007639,,,,Active
MZ/MAM/83D08/2020/4,Mizoram,Mamit,South of Rengdil slide,South of Rengdil village,24.06,92.39,,,,Suspended
MZ/AIZ/84A11/2016/107,Mizoram,Aizawl, ,"About 4.5Km North of Sialsuk,SH-Aizawl-Thenzawl-Lunglei Road",23.412879,92.75401,,,,Active
MZ/CHA/84E01/2017/23,Mizoram,Champhai, ,KawlbemNgopa section,23.882389,93.248947,,,,Reactivated
MZ/LUN/84B05/2020/2,Mizoram,Lunglei,Muriskata to Lewin slide,Muriskata to Lewin on SH- Tlabung -Tiperghat road,22.88,92.49,,,,Active
MZ/SER/84A15/2016/53,Mizoram,Serchhip, ,"Chhingchhip, NH-54 Aizawl-Serchhip-Lunglei Road",23.459019,92.856803,,,,Active
MZ/AIZ/84A14/2015/81,Mizoram,Aizawl, ,Zero point Lui quarry along Seling- Keifang road,23.716125,92.866156,,,,Active
MZ/LUN/84A16/2018/83,Mizoram,Lunglei, ,Lunglei-Aizawl road,23.021692,92.752975,,,,Suspended
MZ/SER/84A15/2016/126,Mizoram,Serchhip, ,"About 1.7km Northwest of Serchhip road junction, SH-Aizawl-Thenzawl-Lunglei Road",23.315355,92.786906,,,,Active
MZ/AIZ/84A10/2014/08,Mizoram,Aizawl,Variengte,"NH 54, Near check post of Assam - Mizoram border",23.50994,92.76861,,,,Suspended
"MZ/LUN/84B14/2018/1
",Mizoram,Lunglei, ,N. Tawipui I,22.711,92.839996,,,,Suspended
MZ/LUN/84B09/2018/28,Mizoram,Lunglei, ,Thuampui-Lunglei Section (~1.8 km from Thuampui),22.966381,92.705399,,,,Suspended
MZ/KOL/83D12/2016/22,Mizoram,Kolasib, ,towards kolasib,24.243567,92.645801,,,,Active
MZ/AIZ/83D16/2016/61,Mizoram,Aizawl, ,S. Of Bukpui village,24.077014,92.790809,,,,Active
MZ/LUN/84A16/2018/11,Mizoram,Lunglei, ,Haulawng-Thenzawl Section (~1.5 km N of Saichhoh Tourist Lodge),23.078611,92.760002,,,,Suspended
MZ/CHA/84E08/2017/9,Mizoram,Champhai, ,Dungtllang  Leitum road,23.208139,93.257389,,,,Active
MZ/MAM/83D08/2020/15,Mizoram,Mamit,South of Bungthuan slide,South of Bungthuan village,24.17,92.33,,,,Suspended
MZ/CHA/84E08/2017/36,Mizoram,Champhai, ,"South of Vaphai, below Tantlang Escarpment",23.136654,93.314856,,,,Active
MZ/AIZ/83D16/2016/100,Mizoram,Aizawl, ,Darlawn (water harvesting structure),24.013044,92.920237,,,,Active
MZ/LUN/84B09/2018/10,Mizoram,Lunglei, ,2.1 km N of Luangmual,22.880117,92.831108,,,,Active
MZ/AIZ/84A14/2015/88,Mizoram,Aizawl, ,2.7 km SE of seling on SH Seling-Champhai road.,23.719306,92.869058,,,,Active
MZ/AIZ/83D16/2016/31,Mizoram,Aizawl, ,East of North Hlimen,24.232551,92.81525,,,,Stabilized
MZ/AIZ/83D16/2016/27,Mizoram,Aizawl, ,S. Of N.Hlimen,24.220596,92.802961,,,,Active
MZ/LAW/84B11/2020/12,Mizoram,Lawngtlai,Sekulhkai to M Kawnpui road slide 2,Sekulhkai to M Kawnpui road,22.32,92.73,,,,Active
MZ/AIZ/83D16/2016/120,Mizoram,Aizawl, ,9 km wast of Tipaimukh,24.200487,92.985172,,,,Active
MZ/CHA/84E07/2017/11,Mizoram,Champhai, ,2.5 km north of Sesih (khuangleng road),23.304778,93.329472,,,,Active
MZ/AIZ/84E01/2017/75,Mizoram,Aizawl, ,ThanglailungSaitual section,23.777472,93.009163,,,,Suspended
MZ/MAM/84A06/2020/1,Mizoram,Mamit,East Saihtah slide 2,2 Km East Saihtah on PMGSY Saihta - Parvatui road,23.57,92.47,,,,Suspended
MIZ/AIZ/84A09/2016/98,Mizoram,Mamit, ,"Rawpuichhip-Mamit road, NH 44A",23.783956,92.553695,,,,Dormant
MZ/LAW/84B15/2018/18,Mizoram,Lawngtlai, ,Multi- Modal Road,22.405001,92.861,,,,Reactivated
MZ/CHA/84E08/2017/2,Mizoram,Champhai, ,Champhai,23.051673,93.306394,,,, 
MZ/AIZ/83D16/2016/23,Mizoram,Aizawl, ,East of North Hlimen,24.225969,92.805611,,,,Active
MIZ/AIZ/84A09/2016/87,Mizoram,Aizawl, ,Silchar road,23.923047,92.656696,,,,Suspended
MZ/CHA/84E07/2017/90,Mizoram,Champhai, ,Zakhowthar Melbuk Rd,23.379732,93.383565,,,,Active
MZ/CHA/84E03/2017/16,Mizoram,Champhai, ,Khawhai  Khawzawl road,23.429181,93.171166,,,,Reactivated
MZ/AIZ/84A10/2015/208,Mizoram,Aizawl, ,"Zonuam Veng, on Mizoram University - Aizawl Rd",23.735,92.695111,,,,Stabilized
MZ/AIZ/83D16/2016/74,Mizoram,Aizawl, ,5km N. Of Darlawn,24.026556,92.911915,,,,Suspended
MZ/LUN/84A12/2018/37,Mizoram,Lunglei, ,Serte-Sertlangpui Section,23.097,92.696358,,,,Reactivated
MZ/CHA/84E06/2017/23,Mizoram,Champhai, ,3km N of Zote,23.512147,93.359164,,,,Active
MZ/AIZ/84A14/2015/112,Mizoram,Aizawl, ,"About 1.500km South of Turini bridge, on  SH Seling-Champhai rd",23.669056,92.888889,,,,Reactivated
MZ/MAM/84A05/2020/1,Mizoram,Mamit,Mamit-Tuidam old road section slide 1,Mamit-Tuidam old road section,23.91,92.45,,,,Active
MZ/CHA/84E02/2017/0070,Mizoram,Champhai, ,2.8 km N from Tuisen bridge,23.577354,93.102871,,,,Active
MZ/CHA/84E07/2017/77,Mizoram,Champhai, ,Hruikawn Rd (Zokhawthar),23.367333,93.380083,,,,Active
MZ/CHA/84E02/2017/0012,Mizoram,Champhai, ,4.5 km NW of Khwazawl on the Khawzawl Kawkulh road,23.546048,93.147734,,,,Reactivated
MZ/AIZ/83D16/2016/122,Mizoram,Aizawl, ,towards Tuival R.,24.199114,92.992916,,,,Active
MZ/CHA/84E08/2017/25,Mizoram,Champhai, ,VaphaiSamthang Rd,23.146056,93.306889,,,,Active
MZ/CHA/84E03/2017/36,Mizoram,Champhai, ,ChamphaiKhawzawl Rd,23.473361,93.222167,,,,Active
MZ/CHA/84E07/2017/35,Mizoram,Champhai,ChhungteKhua slide,"SW of Chhungtekhua village, Aizawl Champhai road",23.468389,93.27075,,,,Suspended
MZ/CHA/84E03/2017/28,Mizoram,Champhai, ,"North of Chawngtalai, Chawntalai  Khawzawl road",23.461083,93.205278,,,,Active
MZ/KOL/83D12/2016/2,Mizoram,Kolasib, ,Slide near polytechnique N.Thingdawl,24.180261,92.690737,,,,Active
MZ/LUN/84B13/2018/60,Mizoram,Lunglei, ,Theriat (Lunglei-Zobawk),22.865734,92.771561,,,,Active
MZ/LUN/84B10/2020/52,Mizoram,Lunglei,Raillalung slide 4,Outside Ruallalung vilage,22.65,92.66,,,,Active
MZ/CHA/84E07/2017/100,Mizoram,Champhai, ,MelbukMulkawi Rd,23.394333,93.374861,,,,Active
MZ/LAW/84B16/2020/1,Mizoram,Lawngtlai,Hmawngbuchchah slide,3km north of Hmawngbuchchah,22.18,92.77,,,,Suspended
MZ/MAM/84A05/2020/14,Mizoram,Mamit,Mualthuam- Kawrtethawveng road section slide 2,Mualthuam- Kawrtethawveng road section,23.86,92.35,,,,Active
MZ/LAW/84B11/2020/31,Mizoram,Lawngtlai,Vaseikai to Parva road slide 4,Vaseikai to Parva road,22.29,92.63,,,,Suspended
MZ/LUN/84B13/2018/54,Mizoram,Lunglei, ,abot 200 m E from Hranchalkawn TL area,22.850847,92.797028,,,,Active
MZ/AIZ/84A14/2015/82,Mizoram,Aizawl, ,Seling village on NH 54,23.727472,92.85265,,,,Active
MZ/CHA/84E06/2017/7,Mizoram,Champhai, ,1km  n of Ngur,23.546627,93.381058,,,,Active
MZ/CHA/84E01/2017/16,Mizoram,Champhai, ,6.5 km S of Ngopa,23.851723,93.186775,,,,Suspended
MZ/LUN/84B13/2018/108,Mizoram,Lunglei, ,Hnathial- Tuipui D,22.916008,92.927841,,,,Active
MZ/AIZ/84E01/2017/94,Mizoram,Aizawl, ,ThanglailungSaitual section,23.779444,93.023918,,,,Suspended
MZ/LAW/84B12/2020/24,Mizoram,Lawngtlai,Chhippui to Parva road slide 4,Chhippui to Parva road,22.16,92.62,,,,Active
MIZ/AIZ/84A09/2016/78,Mizoram,Aizawl, ,"Gate for Mizoram Truck Owners' Association, 57 km Khawnpui milestone",23.754359,92.690207,,,,Dormant
MZ/LUN/84B13/2018/100,Mizoram,Lunglei, ,Below Diet in Lunglei Junction,22.908125,92.767128,,,,Active
MZ/AIZ/84E01/2017/52,Mizoram,Aizawl, ,16 km from Phullen,23.804193,93.035248,,,,Suspended
MIZ/AIZ/84A09/2016/50,Mizoram,Aizawl, ,Siphir-Lungdai section,23.856861,92.743028,,,,Active
MZ/CHA/84E02/2017/22,Mizoram,Champhai, ,2.2 km N of Chawrtui on the PMGSY road,23.517632,93.075702,,,,Active
MZ/AIZ/84A10/2015/219,Mizoram,Aizawl, ,"Mualpui Bethel, Salem Veng - World Bank Rd",23.714694,92.728694,,,,Stabilized
MZ/KOL/83D12/2016/8,Mizoram,Kolasib, ,kawnpui-Aizawl bypass,24.004867,92.677265,,,,Active
MZ/SER/84A16/2018/37,Mizoram,Serchhip, ,East of Keitum Village (Keitum-Khawlailawng Section),23.223555,92.92672,,,,Dormant
MIZO/LUN/84B13/2005/E-16,Mizoram,Lunglei,Lunglei-4 slide, ,22.86739,92.75764,,,, 
MZ/SER/84A16/2018/44,Mizoram,Serchhip, ,Tuichang river-Khawlailawng Section (near Tuichang river),23.222853,92.941536,,,,Suspended
MZ/LUN/84A16/2018/80,Mizoram,Lunglei, ,Thiltlang-Hnathial Section,23.010895,92.924156,,,,Suspended
MZ/SER/84A15/2016/3,Mizoram,Serchhip, ,"Near plantation Area (Gov. Of India) Project, SH Thenzawl-Serchhip Road",23.298413,92.81508,,,,Active
MZ/AIZ/84A11/2016/95,Mizoram,Aizawl, ,"About 800m Northwest of Samlukhai,  SH-Sialsuk-Samlukhai-Damdia Road",23.415165,92.722199,,,,Active
MZ/LUN/84A11/2017/137,Mizoram,Lunglei, ,"About 2km South of S. Khawlek,SH-Aibawk-Darlung- Buarpui-Lunglei Road",23.360199,92.632911,,,,Reactivated
MZ/LAW/84B11/2020/61,Mizoram,Lawngtlai,Lokhisury slide,Lokhisury road,22.34,92.6,,,,Suspended
MZ/AIZ/84A14/2015/61,Mizoram,Aizawl, ,"500m South of Baktwang village, NH 54",23.535189,92.846042,,,,Reactivated
MZ/CHA/84E03/2017/27,Mizoram,Champhai, ,Champhai,23.459737,93.044479,,,, 
MZ/KOL/83D15/2020/41,Mizoram,Kolasib,Saipum-Saiphai section slide 3,Saipum-Saiphai village road section,24.36,92.82,,,,Suspended
MZ/CHA/84E07/2017/3,Mizoram,Champhai, ,Khuangleng (Sesih 8km mile stone),23.311604,93.313134,,,,Active
MZ/LUN/84A12/2018/14,Mizoram,Lunglei, ,South of S. Lungdai Village,23.05374,92.70755,,,,Suspended
MZ/MAM/84A06/2020/3,Mizoram,Mamit,South of Kanan Veng slide 2,"South of Kanan Veng, West Phaileng on SH Aizawl - West Phaileng - Marpara Road",23.69,92.49,,,,Active
MZ/KOL/83D12/2016/21,Mizoram,Kolasib, ,towards kolasib,24.239118,92.639369,,,,Active
MZ/LAW/84B14/2018/22,Mizoram,Lawngtlai, ,"NH 54
",22.586,92.870003,,,,Active
MZ/SAI/84B15/2019/4,Mizoram,Saiha, ,New Laty Road,22.368999,92.934998,,,,Active
MZ/SER/84A15/2016/43,Mizoram,Serchhip, ,"P & E Veng,(Power and Electric department), Playground, Serchhip",23.315806,92.859192,,,,Active
MIZ/AIZ/84A13/2016/135,Mizoram,Aizawl, ,SW of Buhban towards N. Lungpher,23.801624,92.960437,,,,Suspended
MZ/AIZ/84E01/2017/83,Mizoram,Aizawl, ,ZawnginPhullen section,23.888945,93.033974,,,,Suspended
MZ/LUN/84A12/2018/25,Mizoram,Lunglei, ,Buarpui-Kawlhawk Section (PMGSY road),23.231653,92.673714,,,,Suspended
MZ/CHA/84E06/2017/30,Mizoram,Champhai, ,1km W of Vapar,23.619791,93.33801,,,,Active
MZ/LAW/84B14/2019/4,Mizoram,Lawngtlai, ,Outside Lawngtlai,22.476999,92.885002,,,,Active
MZ/LUN/84B09/2018/25,Mizoram,Lunglei,Phairuangkai Slide,"Phairuangkai-West Rotlang road, ChangpuiVeng, Phairuangkai.",22.82106,92.637703,,,,Active
MZ/CHA/84E07/2017/51,Mizoram,Champhai, ,South of Vengsang,23.477806,93.310111,,,,Active
MZ/LAW/84B15/2018/13,Mizoram,Lawngtlai, ,Multi- Modal Road,22.469469,92.878334,,,,Suspended
MZ/CHA/84E08/2017/13,Mizoram,Champhai, ,4 km towards Samthang along Vaphai  Samthang road,23.163528,93.281056,,,,Active
MZ/SER/84E03/2017/10,Mizoram,Serchhip, ,Rullam Rd,23.463765,93.018316,,,,Active
MZ/AIZ/84A14/2015/98,Mizoram,Aizawl, ,"4 km south of Dilkhan village, Saitual-Dilkhan Rd",23.74425,92.968472,,,,Active
MZ/CHA/84E03/2017/26,Mizoram,Champhai, ,Champhai,23.45769,93.041184,,,, 
MZ/LAW/84B15/2018/25,Mizoram,Lawngtlai, ,Multi- Modal Road,22.416,92.864998,,,,Stabilized
MZ/AIZ/84A10/2015/229,Mizoram,Aizawl, ,"Tlangnuam Vengthar, Melthum - Tlangnuam - Kulikawn Rd",23.700556,92.715972,,,,Active
MZ/CHA/84E02/2017/0114,Mizoram,Champhai, ,700m from Kawlkulh highway restaurent towards Dulte,23.630914,93.079723,,,,Active
MZ/LUN/84B10/2020/82,Mizoram,Lunglei,Zehtet village slide 1,Outside Zehtet village,22.67,92.69,,,,Suspended
MZ/CHA/84E02/2017/0063,Mizoram,Champhai, ,E of Aiduzawl,23.701575,93.177726,,,,Active
MZ/SER/84A15/2016/71,Mizoram,Serchhip, ,"South of Sainik School,Chhingchhip, PMGSY Chhingchhip-Hmuntha Road",23.440711,92.864298,,,,Active
MZ/LUN/84A16/2018/4,Mizoram,Lunglei, ,Haulawng-Bualpui V. Section,23.094999,92.785835,,,,Suspended
MZ/LUN/84A12/2018/42,Mizoram,Lunglei, ,Sertlangpui-Kawlhawk section (PMGSY road),23.153805,92.686775,,,,Suspended
MZ/LUN/84B13/2018/90,Mizoram,Lunglei, ,Leite-Maudarh,22.898329,92.893478,,,,Active
MZ/SAI/84F04/2020/20,Mizoram,Saiha,Mawhro chapi slide 4,Mawhro chapi road,22.22,93.11,,,,Stabilized
MZ/AIZ/84E02/2017/31,Mizoram,Aizawl,Keifang Slide,20km E of Keifang,23.663354,93.023297,,,,Reactivated
MZ/SER/84A11/2017/143,Mizoram,Aizawl, ,"About 200m South of Tropic of cancer, North Lungsai, SH-Aizawl-Thenzawl-Lunglei Road",23.498881,92.703251,,,,Active
MZ/AIZ/83D16/2016/90,Mizoram,Aizawl, ,1km  south of Ratu,24.099117,92.916676,,,,Active
MZ/KOL/83D15/2020/31,Mizoram,Kolasib,South of Saipum slide 3,"N. Hlimen-Saipum road section, ~1Km south of Saipum village",24.35,92.84,,,,Active
MZ/MAM/83D08/2020/11,Mizoram,Mamit,North of Zamuang slide,"1.6 km north of Zamuang village, on NH-108",24.11,92.39,,,,Reactivated
MZ/SER/84A16/2018/15,Mizoram,Serchhip, ,Thenzawl-S. Zote Section (5 km NW of S. Zote PMGSY road),23.249727,92.796631,,,,Suspended
MZ/LAW/84B10/2020/21,Mizoram,Lawngtlai,Chawngtelui village slide,4 kms north of Chawngtelui village,22.53,92.7,,,,Active
MZ/CHA/84E08/2017/24,Mizoram,Champhai,Vaphai slide,Vaphai  Samthang road,23.146333,93.30675,,,,Active
MZ/LUN/84B09/2018/6,Mizoram,Lunglei, ,Haurang-Pachang road,22.860407,92.705795,,,,Active
MZ/LAW/84B11/2020/60,Mizoram,Lawngtlai,India Bangladesh Fencing road slide 6,India Bangladesh Fencing road,22.3,92.59,,,,Suspended
MZ/LUN/84B13/2018/91,Mizoram,Lunglei, ,About 1km E of Tuipui along Darzo-Tuipui,22.899151,92.935677,,,,Active
MZ/CHA/84E05/2017/23,Mizoram,Champhai, ,KawlbemNgopa section,23.881361,93.257027,,,,Suspended
MIZ/AIZ/84A13/2016/27,Mizoram,Aizawl, ,~08-10 m from prev location,23.816,92.84,,,,Suspended
MZ/SAI/84F04/2020/10,Mizoram,Saiha,Laki slide 1,Laki village,22.15,93.01,,,,Suspended
MIZ/AIZ/84A09/2016/51,Mizoram,Aizawl, ,Siphir-Lungdai section,23.850861,92.743083,,,,Active
MZ/LUN/84B13/2018/38,Mizoram,Lunglei, ,about 1 Km from TNT along Lunglei- Lawngtlai Rd,22.838051,92.798889,,,,Reactivated
MZ/CHA/84E01/2017/28,Mizoram,Champhai, ,NgopaPawlrang section,23.801054,93.168762,,,,Suspended
MZ/LUN/84A16/2018/89,Mizoram,Lunglei, ,Haulawng Village,23.0425,92.772781,,,,Suspended
MIZ/AIZ/84A09/2016/105,Mizoram,Mamit, ,Khamrang village road,23.918917,92.650833,,,,Suspended
MZ/CHA/84E03/2017/29,Mizoram,Champhai, ,Champhai,23.337519,93.076258,,,, 
MZ/CHA/84E06/2017/24,Mizoram,Champhai, ,1km S of Murlen,23.654025,93.287022,,,,Active
MZ/CHA/84E08/2017/23,Mizoram,Champhai,Vaphai slide,VaphaiSamthang Rd,23.146464,93.306249,,,,Active
MZ/LAW/84B11/2020/33,Mizoram,Lawngtlai,Guisury village slide,Guisury village,22.28,92.63,,,,Suspended
MZ/CHA/84E07/2017/5,Mizoram,Champhai,Mualkawi slide,Mualkawi Village (near the bypass road),23.427418,93.335544,,,,Active
MZ/AIZ/84A10/2015/221,Mizoram,Aizawl, ,"Rangvamul, NH-54 Aizawl - Lengpui(Airport) - Silchar",23.744972,92.702889,,,,Stabilized
MZ/CHA/84E03/2017/45,Mizoram,Champhai, ,13km from ChamphaiKhawzawl Rd,23.474833,93.229,,,,Active
MZ/LUN/84A12/2018/21,Mizoram,Lunglei, ,Lunglei-Aizawl road (SE of Haulawng),23.011667,92.720558,,,,Reactivated
MIZ/AIZ/84A09/2016/99,Mizoram,Mamit, ,"Rawpuichhip-Mamit road, NH 44A, ~20 m from previous location",23.783846,92.553747,,,,Dormant
MIZO/LUN/84B09/2005/E-9,Mizoram,Lunglei,Hawruang-3 slide, ,22.86025,92.70778,,,, 
MZ/LUN/84B13/2018/50,Mizoram,Lunglei, ,Lunglei-Lawngtlai road,22.846123,92.796333,,,,Active
MZ/CHA/84E03/2017/56,Mizoram,Champhai, ,6km stone Khawzawl,23.487813,93.20758,,,,Reactivated
MZ/CHA/84E02/2017/0008,Mizoram,Champhai, ,15km N of Khawzawl,23.605864,93.20387,,,,Active
MZ/CHA/84E03/2017/69,Mizoram,Champhai,Khawhai slide,khawhai  Tung Tan road,23.382695,93.116001,,,,Active
MZ/CHA/84E07/2017/98,Mizoram,Champhai, ,East of Melbuk,23.393194,93.378917,,,,Active
MZ/LUN/84A16/2018/28,Mizoram,Lunglei, ,South of E. Bungtlang Village (NH-54),23.172501,92.900558,,,,Dormant
MZ/LUN/84A12/2018/50,Mizoram,Lunglei, ,West Bungtlang-Changpui Section,23.242306,92.640587,,,,Suspended
MZ/AIZ/83H04/2017/8,Mizoram,Aizawl, ,ChaihppuiDaido section,24.019306,93.181274,,,,Suspended
MZ/CHA/84E02/2017/0084,Mizoram,Champhai, ,3.5km N of Tawitakwan,23.684707,93.088283,,,,Active
MZ/LAW/84B12/2020/10,Mizoram,Lawngtlai,N. Fulisora road slide 1,N. Fulisora road,22.2,92.61,,,,Active
MZ/MAM/84A11/2017/141,Mizoram,Mamit, ,"About 2 km South of Bawlte village, SH-Darlung-Reiek Road",23.468357,92.591717,,,,Active
MZ/LUN/84A16/2018/7,Mizoram,Lunglei, ,Haulawng-Bualpui V. Section,23.111578,92.789795,,,,Suspended
MZ/SAI/84B15/2019/3,Mizoram,Saiha, ,Maubawk LCH to Lower Theiva,22.42,92.992996,,,,Active
MZ/CHA/84E02/2017/6,Mizoram,Champhai, ,4km N of rabung,23.69159,93.190067,,,,Active
MZ/AIZ/84A10/2015/224,Mizoram,Aizawl, ,"Rangvamul, Near Mining Check Post, NH-54 Aizawl - Lengpui(Airport) - Silchar",23.737083,92.703889,,,,Active
MZ/LUN/84B13/2018/63,Mizoram,Lunglei, ,Theriat village,22.866783,92.772026,,,,Active
MZ/AIZ/84A14/2015/70,Mizoram,Aizawl, ,"Airfield veng, Junction of Airfield-Aizawl road",23.736217,92.796936,,,,Active
MZ/CHA/84E08/2017/1,Mizoram,Champhai, ,Champhai,23.05214,93.307373,,,, 
MZ/LAW/84B11/2020/43,Mizoram,Lawngtlai,Chiminisora slide,Outside Chiminisora,22.37,92.63,,,,Suspended
MZ/LUN/84B13/2018/37,Mizoram,Lunglei, ,TNT HOMe,22.83779,92.795959,,,,Active
MZ/AIZ/84A14/2015/63,Mizoram,Aizawl, ,Tlangnuam area alon NH54,23.711722,92.858394,,,,Reactivated
MZ/LAW/84B16/2020/24,Mizoram,Saiha,West of Laki village slide 1,West of Laki village,22.15,92.99,,,,Dormant
MZ/SER/84A15/2016/47,Mizoram,Serchhip, ,"About 4km South of Chhingchhip, NH-54 Aizawl-Serchhip-Lunglei Road",23.443878,92.85593,,,,Active
MZ/CHA/84E01/2017/29,Mizoram,Champhai, ,2.5 km S of Ngopa,23.862638,93.204025,,,,Active
MZ/LAW/84B16/2020/8,Mizoram,Saiha,SE of Vaihai slide 2,5km south east of vaihai,22.21,92.96,,,,Suspended
MZ/LUN/84B13/2018/116,Mizoram,Lunglei, ,Chengpui-Rualveng Rd,22.963112,92.835556,,,,Active
MZ/CHA/84E08/2017/26,Mizoram,Champhai, ,VaphaiSamthang Rd,23.14572,93.306544,,,,Active
MZ/SAI/84F03/2020/3,Mizoram,Saiha,NW of Lower Theira slide,1 KM NW of Lower Theira,22.38,93.03,,,,Suspended
MZ/LAW/84B15/2018/27,Mizoram,Lawngtlai, ,Multi- Modal Road,22.389999,92.862999,,,,Reactivated
MZ/KLS/83D11/2020/22,Mizoram,Kolasib,Zukbual-Bilkhawthlir road slide 1,Zukbual-Bilkhawthlir road,24.35,92.67,,,,Active
MZ/CHA/84E02/2017/0065,Mizoram,Champhai, ,500m N of Puilo vilage,23.573731,93.075313,,,,Active
MZ/LAW/84B11/2020/28,Mizoram,Lawngtlai,Vaseikai to Parva road slide 1,Vaseikai to Parva road,22.33,92.63,,,,Suspended
MZ/SER/84F01/2018/16,Mizoram,Serchhip, ,500m NW of Chekawn Village on SH East Lungdar-Serchhip Road,23.197752,93.007805,,,,Active
MZ/AIZ/84E01/2017/87,Mizoram,Aizawl, ,SuangpuilawnE. Phaileng section,23.958944,93.022781,,,,Suspended
MZ/LUN/84A16/2018/50,Mizoram,Lunglei, ,Zotuitlang-Haulawng Section (~1.5 km N of Zotuitlang),23.005556,92.810555,,,,Suspended
MZ/CHA/84E06/2017/28,Mizoram,Champhai, ,12 km N of Vapar,23.659891,93.349052,,,,Active
MZ/LUN/84B13/2018/70,Mizoram,Lunglei, ,1.2km from Luangmual,22.870546,92.752853,,,,Active
MZ/AIZ/83D16/2016/71,Mizoram,Aizawl, ,Turial road,24.030793,92.793313,,,,Active
MZ/SER/84A15/2016/87,Mizoram,Serchhip, ,"About 300m from MIFCO Food Park, Buhkangkawn, NH-54 Aizawl-Serchhip-Lunglei Road",23.493913,92.854305,,,,Active
MZ/MAM/84A10/2015/135,Mizoram,Mamit, ,"Chungtlang, SH-Reiek- Mamit-Aizawl",23.6935,92.570306,,,,Reactivated
MZ/CHA/84E07/2017/59,Mizoram,Champhai, ,Khuangleng  Seisa road,23.311082,93.323501,,,,Inactive
MZ/SER/84A15/2016/86,Mizoram,Serchhip, ,"North of Chhingchhip, NH-54 Aizawl-Serchhip-Lunglei Road",23.486909,92.856282,,,,Reactivated
MZ/CHA/84E06/2017/25,Mizoram,Champhai, ,5km S of Ngur,23.514479,93.369982,,,,Active
MZ/CHA/84E07/2017/97,Mizoram,Champhai, ,MelbukMulkawi Rd,23.392598,93.375863,,,,Active
MZ/LUN/84B13/2018/31,Mizoram,Lunglei, ,Darzo village,22.83358,92.955582,,,,Active
MZ/CHA/84E03/2017/49,Mizoram,Champhai, ,About 15.5km from Khawzawl to Champhai,23.477778,93.236333,,,,Active
MZ/LUN/84B13/2018/80,Mizoram,Lunglei, ,0.5km from Matbawk,22.889551,92.728073,,,,Active
MZ/CHA/83H04/2017/6,Mizoram,Champhai, ,5.5 km milestone to Tuival river from Khawkawn,24.026138,93.240166,,,,Suspended
MZ/CHA/84E06/2017/6,Mizoram,Champhai, ,13km N of Hnahlan,23.742696,93.378058,,,,Active
MZ/KOL/83D12/2016/15,Mizoram,Aizawl, ,8.5km S of Sailut,24.025542,92.91546,,,,Stabilized
MZ/CHA/84E03/2017/57,Mizoram,Champhai, ,Tlangpui road,23.341333,93.080056,,,,Active
MZ/AIZ/84A10/2015/220,Mizoram,Aizawl, ,"Hunthar, NH-54 Aizawl - Lengpui(Airport) - Silchar",23.740028,92.709861,,,,Stabilized
MIZO/LUN/84B09/2005/E-8,Mizoram,Lunglei,Hawruang-2 slide, ,22.85697,92.70764,,,, 
MZ/CHA/84E08/2017/6,Mizoram,Champhai, ,Vaphai  Samthang road,23.1465,93.30625,,,,Active
MIZO/LUN/84B13/2005/E-15,Mizoram,Lunglei,Lunglei-3 slide, ,22.87075,92.75403,,,, 
MZ/AIZ/83D16/2016/97,Mizoram,Aizawl, ,towards N. Serzawl,24.030416,92.901491,,,,Stabilized
MZ/CHA/84E01/2017/18,Mizoram,Champhai, ,7.4 km SE of Pawlrang,23.782249,93.148865,,,,Suspended
MZ/SER/84A16/2018/49,Mizoram,Serchhip, ,SE of Keitum towards cultivated area,23.212713,92.930771,,,,Dormant
MZ/CHA/84E07/2017/115,Mizoram,Champhai, ,Zakhowthar Mulkawi Rd,23.408528,93.361278,,,,Active
MIZ/AIZ/84A09/2016/133,Mizoram,Aizawl, ,Hunther area,23.771587,92.732129,,,,Suspended
MZ/CHA/84E07/2017/26,Mizoram,Champhai, ,ChungtekuaTuipui Rd,23.46243,93.262259,,,,Active
MIZ/AIZ/84A13/2016/40,Mizoram,Aizawl, ,~10 km N of Sesawng on NH 150,23.812167,92.835194,,,,Suspended
MZ/LUN/84A16/2018/82,Mizoram,Lunglei, ,South of Thiltlang Village (NH 54),23.001865,92.923225,,,,Reactivated
MZ/LAW/84B11/2020/50,Mizoram,Lawngtlai,Diltlang S slide,Diltlang S,22.5,92.73,,,,Suspended
MZ/AIZ/83D16/2016/94,Mizoram,Aizawl, ,Sunhluchip playground,24.067576,92.893076,,,,Active
MZ/SER/84A15/2016/6,Mizoram,Serchhip, ,"Serchhip, SH-Thenzawl-Serchhip Road",23.2741,92.848362,,,,Active
MZ/SER/84A11/2017/144,Mizoram,Aizawl, ,"About 200m South of Tropic of cancer, North Lungsai, SH-Aizawl-Thenzawl-Lunglei Road",23.49901,92.702759,,,,Active
MZ/SER/84A15/2016/64,Mizoram,Serchhip, ,"Near District Jail, Serchhip, Chhingchhip-Sialhau Road",23.38533,92.855433,,,,Active
MZ/SER/84A15/2016/35,Mizoram,Serchhip, ,"About 100m  South of Assam rifeles Camp, Chanmari Veng, Serchhip-DIET Road",23.308769,92.862258,,,,Active
MZ/LAW/84B14/2018/40,Mizoram,Lawngtlai, ,Multi- Modal Road,22.530001,92.890999,,,,Suspended
MIZ/AIZ/84A13/2016/2,Mizoram,Aizawl, ,~2 km from Vanzao,23.847224,92.927508,,,,Suspended
MZ/AIZ/84A14/2015/76,Mizoram,Aizawl, ,"East of Zemabawk, near MRF showroom on NH 54 Aizawl-Seling road",23.732894,92.753033,,,,Active
MZ/LUN/84A12/2018/10,Mizoram,Lunglei, ,S. Lungdai Village (Opposite to F. Laremruata's residence),23.056194,92.70047,,,,Reactivated
MZ/AIZ/84E01/2017/55,Mizoram,Aizawl, ,14 lm from Dilkhan,23.777805,93.00489,,,,Suspended
MZ/SER/84A15/2016/85,Mizoram,Serchhip, ,"Mualpui Veng, Chhinchhip, NH-54 Aizawl-Serchhip-Lunglei Road",23.478601,92.858505,,,,Dormant
MZ/AIZ/84A10/2015/210,Mizoram,Aizawl, ,"Maubawk, Aizawl - Tlawng Rd",23.719972,92.697694,,,,Dormant
MZ/SER/84A15/2016/23,Mizoram,Serchhip, ,"About 2.5 km from Serchip, NH-54 Aizawl-Serchhip-Lunglei Road",23.277412,92.870285,,,,Active
MZ/CHA/84E02/2017/23,Mizoram,Champhai, ,1km N of kawlkulh (Ngopa road),23.636699,93.083183,,,,Active
MZ/SER/84A15/2016/29,Mizoram,Serchhip, ,"C. Biakchunga House, Pentecostal home, Old Serchhip, NH-54 Aizawl-Serchhip-Lunglei Road",23.302456,92.853533,,,,Active
MZ/AIZ/84E01/2017/80,Mizoram,Aizawl, ,SuangpuilawnZawngin section,23.909111,93.02375,,,,Stabilized
MZ/LUN/84B09/2018/23,Mizoram,Lunglei, ,4.5km N of Pukpui,22.969807,92.729706,,,,Stabilized
MZ/LUN/84B13/2018/78,Mizoram,Lunglei, ,15.5 Km S from Leite,22.8846,92.85128,,,,Active
MZ/LUN/84B10/2020/47,Mizoram,Lunglei,Chawngte P slide 4,Outside Chawngte P,22.63,92.66,,,,Active
MZ/CHA/84E05/2017/1,Mizoram,Champhai, ,KawlbemVaikhawtlang section,23.810806,93.379028,,,,Active
MZ/AIZ/83D16/2016/128,Mizoram,Aizawl, ,Sakawrdai,24.222837,92.952639,,,,Active
MZ/LUN/84A16/2018/2,Mizoram,Lunglei, ,Haulawng-Bualpui V. Section,23.088409,92.793564,,,,Suspended
MZ/CHA/84E07/2017/41,Mizoram,Champhai, ,Jail Veng road (Opposite of Jail area),23.469833,93.314889,,,,Stabilized
MZ/CHA/84E03/2017/67,Mizoram,Champhai, ,Near Khawhai junction,23.380806,93.128917,,,,Inactive
MZ/SER/84F01/2018/4,Mizoram,Serchhip, ,5 Km North of South Chwangtui on PMGSY North Vanlaphai-South Chwangtui Road,23.08989,93.020531,,,,Active
MZ/SER/84E03/2017/2,Mizoram,Serchhip,Vanchengpui slide,Rullam Road,23.456613,93.006652,,,,Active
MZ/AIZ/84A10/2015/201,Mizoram,Aizawl, ,"Near Police Post Forest, Tlawng - Aizawl Rd",23.7195,92.675528,,,,Active
MZ/CHA/84E02/2017/12,Mizoram,Champhai, ,3.5km N OF kawlkulh towards Dulte,23.644962,93.076363,,,,Active
MZ/LUN/84B13/2018/109,Mizoram,Lunglei, ,Near Transformer,22.917629,92.75267,,,,Active
 ,Mizoram,Aizawl,,,23.70166667,92.71944444,Rock,Slide,The rock slide occurred at around 20:30 hrs on  13.06.2021.,Active
MZ/CHA/84E03/2017/54,Mizoram,Champhai, ,7km stone Khawzawl,23.48375,93.212611,,,,Active
MZ/LUN/84B13/2018/76,Mizoram,Lunglei, ,E Rotlang- S. Mualthuam,22.874456,92.901688,,,,Active
MZ/CHA/84E07/2017/31,Mizoram,Champhai,Champhai slide,"100m south of police chock, Champhai",23.46718,93.311778,,,,Active
MZ/CHA/84E07/2017/52,Mizoram,Champhai, ,"Vengsang, Champhai",23.478556,93.311722,,,,Active
MZ/CHA/84E07/2017/87,Mizoram,Champhai, ,Zakhowthar Melbuk Rd,23.3765,93.384861,,,,Active
MZ/AIZ/83D16/2016/62,Mizoram,Aizawl, ,S. Of Bukpui village,24.076035,92.790672,,,,Active
MZ/LUN/84B13/2018/15,Mizoram,Lunglei, ,0.6 Km from Bualte,22.803982,92.815475,,,,Active
MZ/CHA/84E02/2017/27,Mizoram,Champhai, ,14 km N. Of Khawzawl,23.603865,93.204311,,,,Active
MZ/MAM/84A11/2017/139,Mizoram,Mamit, ,"North of Darlung village, SH-Aibawk-Darlung- Buarpui-Lunglei Road",23.475392,92.605749,,,,Dormant
"MZ/LAW/84B14/2018/2
",Mizoram,Lawngtlai, ,Towards the west of Lawngtlai,22.5273,92.870003,,,,Inactive
MZ/AIZ/84E01/2017/81,Mizoram,Aizawl, ,Phullen village along PhullenSaitual section,23.85,93.048164,,,,Suspended
MZ/LUN/84A16/2018/6,Mizoram,Lunglei, ,Haulawng-Bualpui V. Section,23.09951,92.782928,,,,Suspended
MZ/LAW/84B11/2020/62,Mizoram,Lawngtlai,Maniabapsora slide,Maniabapsora,22.45,92.57,,,,Suspended
MZ/CHA/84E03/2017/34,Mizoram,Champhai, ,ChamphaiKhawzawl Rd,23.473258,93.241869,,,,Active
MZ/CHA/84E07/2017/49,Mizoram,Champhai, ,"Vengsang, Champhai",23.475522,93.313978,,,,Reactivated
MZ/AIZ/84A10/2015/228,Mizoram,Aizawl, ,"Tlangnuam Vengthar, Melthum - Tlangnuam - Kulikawn Rd",23.704333,92.7145,,,,Dormant
MZ/AIZ/84A10/2015/212,Mizoram,Aizawl, ,"Maubawk, (abandoned water tank) Aizawl - Tlawng Rd",23.720611,92.692722,,,,Stabilized
MZ/CHA/84E05/2017/29,Mizoram,Champhai, ,KhuangphahVaikhawtlang section,23.79125,93.384583,,,,Inactive
MZ/MAM/84A10/2015/118,Mizoram,Mamit, ,"South of Rulpuihlim, SH-Reiek- Mamit-Aizawl",23.697889,92.568444,,,,Dormant
MZ/SER/84A15/2016/125,Mizoram,Serchhip, ,"About 1.2km Northwest of Serchhip road junction, SH-Aizawl-Thenzawl-Lunglei Road",23.3154,92.791224,,,,Active
MZ/LAW/84B12/2020/28,Mizoram,Lawngtlai,Chhippui to Parva road slide 8,Chhippui to Parva road,22.15,92.62,,,,Suspended
MIZ/AIZ/84A09/2016/124,Mizoram,Aizawl, ,E of Sairang,23.823222,92.674861,,,,Dormant
MZ/CHA/84E08/2017/41,Mizoram,Champhai, ,Champhai,23.081569,93.320633,,,, 
MZ/MAM/84A10/2015/178,Mizoram,Mamit, ,"NE of Reiek Tlang, SH Reiek - Chungtlang - Rulpuihlim",23.669694,92.592667,,,,Active
MZ/AIZ/84A15/2016/55,Mizoram,Aizawl, ,"Hualthu Near the Foundation Stone (MPLADS) by CL Raula, PMGSY Chhingchhip-Hualto Road",23.499418,92.905021,,,,Active
MZ/CHA/84E07/2017/37,Mizoram,Champhai,ChhungteKhua slide,"~4km SW of ChhungteKhua, Aizawl Champhai road",23.468508,93.270788,,,,Active
MZ/AIZ/84E01/2017/104,Mizoram,Aizawl, ,13 km from Thanglailung along PhullenSaitual section,23.789749,93.035667,,,,Suspended
MZ/MAM/84A05/2020/8,Mizoram,Mamit,North of Tuidam slide 1,Tuidam-Kwarthah road section (North of Tuidam village/NH 108),23.94,92.37,,,,Suspended
MZ/LAW/84B14/2018/46,Mizoram,Lawngtlai, ,Lawngtlai to Ngengpuikai Road,22.525,92.864998,,,,Suspended
MZ/LUN/84B13/2018/79,Mizoram,Lunglei, ,12km S of Zobawk,22.887474,92.836769,,,,Active
MZ/LUN/84A16/2018/51,Mizoram,Lunglei, ,Zotuitlang-Haulawng Section,23.007998,92.808693,,,,Active
MZ/CHA/84E07/2017/78,Mizoram,Champhai, ,Hruikawn Rd (Zokhawthar),23.367806,93.381139,,,,Active
MZ/SER/84A15/2016/20,Mizoram,Serchhip, ,"About 300m West of BSF camp, NH-54 Aizawl-Serchhip-Lunglei Road",23.255288,92.888813,,,,Active
MZ/CHA/84E08/2017/40,Mizoram,Champhai, ,FarkawnSamthang Rd,23.127266,93.296204,,,,Active
MZ/CHA/84E07/2017/19,Mizoram,Champhai, ,500m east of Tuipui bridge towards Champhai,23.457971,93.263265,,,,Reactivated
MZ/LUN/84A16/2018/30,Mizoram,Lunglei, ,East of Rawpui (kachha road),23.145016,92.908569,,,,Suspended
MZ/CHA/84E07/2017/74,Mizoram,Champhai, ,North of Khuangleng,23.310611,93.312,,,,Active
MZ/AIZ/84E01/2017/70,Mizoram,Aizawl, ,Phullen,23.856972,93.046112,,,,Active
MZ/SAI/84F03/2020/4,Mizoram,Saiha,Zawngling slide,Zawngling village,22.26,93.05,,,,Suspended
MZ/AIZ/84E01/2017/74,Mizoram,Aizawl, ,PhullenSaitual section,23.795444,93.04039,,,,Suspended
MZ/CHA/84E03/2017/50,Mizoram,Champhai, ,About 13.5km from Khawzawl to Champhai,23.479667,93.225722,,,,Active
MZ/CHA/84E03/2017/52,Mizoram,Champhai, ,Champhai  Khawzawl Rd,23.480549,93.040585,,,,Active
MZ/LAW/84B11/2020/45,Mizoram,Lawngtlai,Rangkashya road slide 1,Rangkashya road,22.39,92.59,,,,Dormant
MZ/CHA/84E03/2017/72,Mizoram,Champhai, ,West of Chalrang village,23.387194,93.147806,,,,Active
"MZ/LUN/84B14/2018/52
",Mizoram,Lunglei, ,Southwest of Thlengang,22.654861,92.894722,,,,Active
MIZ/AIZ/84A09/2016/108,Mizoram,Aizawl, ,Near bridge(PHED Kawnpui water supply gate),23.965889,92.682278,,,,Suspended
MZ/CHA/84E01/2017/31,Mizoram,Champhai, ,"17.2 km S of Ngopa, NgopaPawlrang section",23.803055,93.160164,,,,Reactivated
MZ/CHA/84E03/2017/53,Mizoram,Champhai, ,Rullam Road,23.481881,93.214835,,,,Active
MZ/CHA/84E02/2017/0085,Mizoram,Champhai, ,1km towards Chimluang project road from junction,23.644469,93.068299,,,,Active
MIZ/AIZ/84A09/2016/135,Mizoram,Aizawl, ,Hunther area,23.788032,92.729443,,,,Suspended
"MZ/LAW/84B14/2018/30
",Mizoram,Lawngtlai, ,"Along NH 54
",22.501471,92.891663,,,,Active
MZ/MAM/84A10/2015/171,Mizoram,Mamit, ,"SW slope of Reiek Tlang, SH Reiek - Chungtlang - Rulpuihlim",23.675722,92.598639,,,,Dormant
MZ/LUN/84B13/2018/88,Mizoram,Lunglei, ,Leite-Maudarh,22.897387,92.889938,,,,Active
MZ/LUN/84B13/2018/13,Mizoram,Lunglei, ,0.8 km from Bulate,22.80291,92.81369,,,,Active
MZ/KOL/83D12/2020/4,Mizoram,Mamit,Bairabi Suarhliap slide,Bairabi Suarhliap road section,24.17,92.52,,,,Active
MZ/CHA/84E06/2017/27,Mizoram,Champhai, ,~1km towards tualcheng from road junction,23.682274,93.350321,,,,Active
MZ/LUN/84A16/2018/60,Mizoram,Lunglei, ,Tarpho-Tuichang river-Hnathial Section,23.003996,92.963562,,,,Suspended
MIZ/AIZ/84A13/2016/28,Mizoram,Aizawl, ,10 km Khawruhlian milestone towards Sesawng on NH 150,23.891722,92.84925,,,,Active
MZ/SER/84A16/2018/38,Mizoram,Serchhip, ,East of Keitum Village (Keitum-Khawlailawng Section),23.222778,92.92778,,,,Suspended
MZ/CHA/84E07/2017/70,Mizoram,Champhai, ,Hruikawn Rd,23.36545,93.377907,,,,Active
MZ/CHA/84E07/2017/73,Mizoram,Champhai, ,Hruikawn Rd (Zokhawthar),23.366333,93.380028,,,,Active
MZ/LUN/84B13/2018/66,Mizoram,Lunglei, ,E Rotlang- S. Mualthuam,22.867741,92.898506,,,,Active
MZ/CHA/84E02/2017/0120,Mizoram,Champhai, ,3km E of Dulte,23.647593,93.068219,,,,Active
MIZ/AIZ/84A09/2016/79,Mizoram,Aizawl, ,Rangamval section,23.753417,92.687556,,,,Suspended
MZ/SER/84A15/2016/127,Mizoram,Serchhip, ,"About 1km North of Chhaiahtlang,  Chhaiahtlang-Lamchhip (Darzika) Road",23.40002,92.842404,,,,Active
MZ/CHA/84E08/2017/4,Mizoram,Champhai, ,Samthang  Farkawn shortcut road,23.161889,93.2775,,,,Active
MZ/LUN/84B13/2018/101,Mizoram,Lunglei, ,Tuipui D- Hnathial,22.908737,92.930191,,,,Relict
MZ/KOL/83D12/2020/6,Mizoram,Mamit,Damdial slide,Mamit Suarhliap road section (at Damdial village),24.08,92.51,,,,Active
MZ/LUN/84B13/2018/42,Mizoram,Lunglei, ,Darzo-Tuipui D,22.839445,92.95668,,,,Active
MZ/LUN/84B13/2018/35,Mizoram,Lunglei, ,"about 300m from TNT home,  along Lunglei- Lawngtlai Rd",22.837624,92.797165,,,, 
MZ/LUN/84A11/2017/134,Mizoram,Lunglei, ,"Near 1km Milestone South of Buarpui, SH-Aibawk-Darlung- Buarpui-Lunglei Road",23.273513,92.65731,,,,Active
MZ/AIZ/84A10/2015/194,Mizoram,Aizawl, ,"West of Mission Veng, Dumping Site,  Tlawng - Aizawl Rd",23.71,92.692528,,,,Stabilized
MZ/AIZ/84E01/2017/88,Mizoram,Aizawl, ,SuangpuilawnZawngin section,23.913445,93.023941,,,,Suspended
MIZ/AIZ/84A09/2016/123,Mizoram,Aizawl, ,Lungmuat-N Chaltlang section,23.984972,92.772028,,,,Suspended
MZ/AIZ/84A14/2015/79,Mizoram,Aizawl, ,Tlangnuam village  area on NH 54.,23.714703,92.873933,,,,Active
MZ/LUN/84B13/2018/26,Mizoram,Lunglei, ,Darzo-S. Vanlaphai,22.826855,92.971519,,,,Active
MZ/CHA/84E03/2017/24,Mizoram,Champhai, ,Chawngtalai village,23.449083,93.206222,,,,Suspended
MZ/CHA/84E01/2017/8,Mizoram,Champhai, ,NgopaPawlrang section,23.801399,93.168648,,,,Suspended
MIZ/AIZ/84A09/2016/53,Mizoram,Aizawl, ,"~1km from Lungdai, on Silchar Road (Siphir-Serkhan section)",23.868917,92.735472,,,,Active
MZ/SAI/84F03/2020/5,Mizoram,Saiha,South east of Phudungsei slide,South east of Phudungsei,22.27,93.05,,,,Dormant
MZ/MAM/83D08/2020/12,Mizoram,Mamit,South of Zawlnuam slide,4 km south of Zawlnuam town along NH-108,24.12,92.38,,,,Suspended
MZ/MAM/83D08/2020/20,Mizoram,Mamit,East of Zamuang slide,6 km east of Zamuang (Zamuang-Bairabi road section),24.1,92.42,,,,Reactivated
MZ/SER/84F01/2018/17,Mizoram,Serchhip, ,IWMP Water Reserviour of Chekawn Village on SH East Lungdar-Serchhip Road,23.199879,93.00705,,,,Reactivated
MZ/MAM/84A10/2015/125,Mizoram,Mamit, ,"North of Rulpuihlim, SH-Reiek- Mamit-Aizawl",23.733222,92.557833,,,,Active
MZ/LUN/84B09/2018/26,Mizoram,Lunglei,Lunglawn landslide,"Lunglawn Veng, SE of Lunglei town.",22.873558,92.755951,,,,Active
MZ/KOL/83D15/2020/20,Mizoram,Kolasib,N. Hlimen slide 5,N. Hlimen-Saipum road section,24.29,92.82,,,,Active
MZ/CHA/84E07/2017/61,Mizoram,Champhai, ,Dilkawn Rd,23.350776,93.296677,,,,Active
MZ/KLS/83D11/2020/17,Mizoram,Kolasib,GosenVeng slide 2,NH-54,24.25,92.68,,,,Active
MZ/LAW/84B16/2020/22,Mizoram,Saiha,NW of Laki village slide,NW of Laki village,22.17,92.99,,,,Dormant
MZ/CHA/84E08/2017/21,Mizoram,Champhai, ,FarkawnSamthang Rd,23.150818,93.286358,,,,Active
MIZ/AIZ/84A09/2016/120,Mizoram,Aizawl, ,"E of Serkhan, Serkhan-Hlimen road",23.915778,92.742417,,,,Active
MZ/LUN/84B05/2020/23,Mizoram,Lunglei,Tlabung Higher secondary school slide 1,200m from Tlabung Higher secondary school on SH- Tlabung -Tiperghat Road,22.9,92.48,,,,Active
MZ/LUN/84A12/2018/56,Mizoram,Lunglei, ,West of Tleu Quarry,23.210028,92.522781,,,,Reactivated
MZ/AIZ/84A14/2015/101,Mizoram,Aizawl, ,South of Keifang village on SH Keifang-Seling road.,23.654556,92.965056,,,,Reactivated
MZ/MAM/84A10/2015/126,Mizoram,Mamit, ,"North of Rulpuihlim, SH-Reiek- Mamit-Aizawl",23.735833,92.558056,,,,Active
MZ/LAW/84B12/2020/13,Mizoram,Lawngtlai,Chhippui village slide 2,Chhippui village,22.19,92.61,,,,Active
MZ/AIZ/84E01/2017/50,Mizoram,Aizawl, ,SuangpuilawnLamherh section,23.966917,93.041473,,,,Suspended
MZ/AIZ/84E01/2017/99,Mizoram,Aizawl, ,Phullen,23.855028,93.041695,,,,Suspended
MZ/AIZ/83D16/2016/108,Mizoram,Aizawl, ,N. Of New Vervek,24.19265,92.944583,,,,Active
MZ/KOL/83D15/2020/45,Mizoram,Kolasib,Saiphai village slide,At Saiphai village,24.41,92.8,,,,Active
MZ/LUN/84A16/2018/58,Mizoram,Lunglei, ,Tarpho-Tuichang river Section,23.004421,92.988426,,,,Suspended
MIZ/AIZ/84A13/2016/1,Mizoram,Aizawl, ,~ 3 km from Vanzao,23.849497,92.928202,,,,Active
MZ/LUN/84B13/2018/5,Mizoram,Lunglei, ,about 7.5km SE of Bualte,22.785034,92.834671,,,,Active
MZ/LUN/84A12/2018/16,Mizoram,Lunglei, ,Thuampui-S. Lungdai Section,23.015444,92.704414,,,,Suspended
MZ/CHA/84E01/2017/30,Mizoram,Champhai, ,8.5 km SE of Pawlrang,23.785944,93.154137,,,,Suspended
MZ/AIZ/84A11/2016/106,Mizoram,Aizawl, ,"South of Chamring, about 7.5km North of Sialsuk, SH-Aizawl-Thenzawl-Lunglei Road",23.417482,92.770557,,,,Active
MZ/CHA/84E06/2017/12,Mizoram,Champhai, ,15kmN of Hnahlan,23.747111,93.378258,,,,Active
MZ/LUN/84B13/2018/2,Mizoram,Lunglei, ,Thualte village area,22.771872,92.840324,,,,Active
MZ/AIZ/84A10/2015/189,Mizoram,Aizawl, ,"East of Mizoram university, Mizoram Univ. - Aizawl",23.7335,92.674472,,,,Active
MZ/MAM/84A10/2015/124,Mizoram,Mamit, ,"North of Rulpuihlim, SH-Reiek- Mamit-Aizawl",23.718194,92.556417,,,,Active
MZ/CHA/84E07/2017/28,Mizoram,Champhai, ,"Jail Veng road, Champhai",23.467005,93.315107,,,,Active
MIZ/MAM/84A09/2016/129,Mizoram,Mamit, , ,23.802567,92.564045,,,,Suspended
MIZO/AIZ/84A10/2007/E-4,Mizoram,Aizawl,Ramhlun Vengther slide, ,23.744167,92.730472,,,, 
MZ/SER/84A16/2018/91,Mizoram,Serchhip, ,Sialandslideir Agri link road-Tuichang River,23.176575,92.979797,,,,Suspended
MZ/CHA/84E02/2017/0095,Mizoram,Champhai, ,16km E of Saitual,23.695088,93.041426,,,,Active
MZ/SAI/84F04/2020/17,Mizoram,Saiha,Mawhro chapi slide 1,Mawhro chapi road,22.2,93.13,,,,Suspended
MZ/LUN/84B05/2020/13,Mizoram,Lunglei,SE of Tlabung slide 5,11 km SE of Tlabung on SH- Tlabung -Tiperghat road,22.88,92.47,,,,Stabilized
MZ/AIZ/83H04/2017/3,Mizoram,Aizawl, ,"VanbawngTuivai R, east of Vanbawng",24.048695,93.061638,,,,Suspended
MZ/LAW/84B11/2020/17,Mizoram,Lawngtlai,M Kawnpui to Saibawh road slide 1,M Kawnpui to Saibawh road,22.34,92.68,,,,Active
MZ/CHA/84E01/2017/17,Mizoram,Champhai, ,1 km S of Ngopa,23.870445,93.208611,,,,Reactivated
MZ/AIZ/84A10/2015/184,Mizoram,Aizawl, ,"Tanhril near the Spring, Tanhril - Aizawl",23.743694,92.679028,,,,Dormant
MZ/AIZ/83D16/2016/24,Mizoram,Aizawl, ,East of North Hlimen,24.225579,92.805884,,,,Stabilized
MIZ/AIZ/84A13/2016/22,Mizoram,Aizawl, ,2.5 km S of Khawruhlian towards Sesawng on NH 150,23.882583,92.877639,,,,Active
MZ/LUN/84A12/2018/39,Mizoram,Lunglei, ,Sertlangpui-Kawlhawk section (PMGSY road),23.13114,92.687469,,,,Suspended
MZ/LUN/84B13/2018/74,Mizoram,Lunglei, ,5Km S of Dawn,22.873062,92.817093,,,,Active
MZ/LUN/84B10/2020/62,Mizoram,Lunglei,Raillalung slide 1,Outside Raillalung,22.69,92.72,,,,Suspended
MZ/CHA/84E07/2017/9,Mizoram,Champhai,Zokhawthar slide 1,Indo Myanmar boarder road (north of Mualkawi),23.431639,93.33925,,,,Active
MZ/SER/84A15/2016/115,Mizoram,Serchhip, ,"East of Tlawng River Bridge, SH-Thenzawl-Buarpui Road",23.299407,92.696714,,,,Active
MZ/AIZ/83D16/2016/109,Mizoram,Aizawl, ,N. Of New Vervek,24.194015,92.944562,,,,Active
MZ/LUN/84B13/2018/43,Mizoram,Lunglei, ,!5km from junc (Lunglei-lawngtlai rd),22.841097,92.792755,,,,Active
MZ/LUN/84B13/2018/16,Mizoram,Lunglei, ,0.8km from bualte towards lawngtlai,22.804358,92.816559,,,,Active
MZ/SER/84A15/2016/117,Mizoram,Serchhip, ,"East of Tlawng River Bridge, SH-Thenzawl-Buarpui Road",23.306654,92.707482,,,,Active
MZ/CHA/84E03/2017/70,Mizoram,Champhai, ,Khawhai  Tung Tan road,23.383778,93.115972,,,,Active
MZ/CHA/84E07/2017/39,Mizoram,Champhai,ChhungteKhua slide,ChungtekuaTuipui Rd,23.46925,93.273139,,,,Suspended
MZ/LUN/84B13/2018/1,Mizoram,Lunglei, ,SW of Mualthum along Thualthu-Tawipui road,22.751808,92.838905,,,,Active
MZ/SAI/84B15/2019/5,Mizoram,Saiha, ,New Serkawr Road,22.369862,92.934998,,,,Active
MZ/AIZ/84A10/2015/74,Mizoram,Aizawl, ,"Chalhte Lui, World bank road (bridge area)",23.727694,92.736,,,,Active
MZ/LAW/84B14/2018/42,Mizoram,Lawngtlai, ,Multi- Modal Road,22.534,92.876999,,,,Suspended
MZ/CHA/84E07/2017/16,Mizoram,Champhai, ,About 0.5km from Tuipui towards Khawzawl,23.454924,93.260137,,,,Active
MZ/AIZ/83D16/2016/113,Mizoram,Aizawl, ,Near Sakawrdai School,24.218066,92.951214,,,,Active
MZ/CHA/83H04/2017/2,Mizoram,Champhai, ,9.5 km milestone to Tuival river from Khawkawn,24.039833,93.232864,,,,Suspended
MZ/LUN/84A12/2018/11,Mizoram,Lunglei, ,S. Lungdai Village,23.05479,92.702461,,,,Reactivated
MZ/SER/84A15/2016/8,Mizoram,Serchhip, ,"Serchhip, SH-Thenzawl-Serchhip Road",23.276999,92.850991,,,,Reactivated
MZ/SER/84A16/2018/36,Mizoram,Serchhip, ,East of Keitum Village (Keitum-Khawlailawng Section),23.227602,92.923164,,,,Suspended
MZ/CHA/84E06/2017/34,Mizoram,Champhai, ,2.5km N of Zote,23.510275,93.360333,,,,Active
MIZO/LUN/84B13/2005/E-25,Mizoram,Lunglei,Lunglei-12 slide, ,22.84553,92.79944,,,, 
MZ/SAI/84F03/2020/29,Mizoram,Saiha,Chheihlu Mawhro section slide 2,Chheihlu Mawhro section,22.28,93.09,,,,Suspended
MIZ/AIZ/84A13/2016/126,Mizoram,Aizawl, ,Khanpui-Khawkawi section,23.859417,92.917333,,,,Suspended
MZ/CHA/84E07/2017/62,Mizoram,Champhai, ,Sesih  Bulfekzawl road,23.296,93.340556,,,,Active
MZ/LUN/84B10/2020/57,Mizoram,Lunglei,Chawngte P to Ruallalung road slide 5,Chawngte P to Ruallalung road,22.66,92.67,,,,Active
MZ/CHA/84E07/2017/29,Mizoram,Champhai, ,Bulfekzawl Rd,23.339889,93.357889,,,,Active
MZ/CHA/84E07/2017/44,Mizoram,Champhai, ,Aizawl  Champhai road,23.473662,93.312845,,,,Active
MZ/LAW/84B11/2020/7,Mizoram,Lawngtlai,Bungtlang S to Sekulhkai road slide 2,Bungtlang S to Sekulhkai road,22.34,92.75,,,,Active
MZ/SAI/84F03/2020/10,Mizoram,Saiha,SW of Chheillu slide 4,SW of Chheillu village,22.29,93.08,,,,Reactivated
MIZO/LUN/84B13/2005/E-21,Mizoram,Lunglei,Lunglei-8 slide, ,22.83528,92.80519,,,, 
MZ/AIZ/83D16/2016/45,Mizoram,Aizawl, ,N. Of North Chaltlang,24.040703,92.774277,,,,Active
MZ/CHA/84E07/2017/38,Mizoram,Champhai, ,2 km north of Sesih,23.301117,93.330175,,,,Active
MZ/MAM/84A06/2020/5,Mizoram,Mamit,SE of Tuipuibari slide 2,About 6km SE of Tuipuibari on SH Aizawl - West Phaileng - Tupiuibar - Rajiv Nagar road.,23.69,92.35,,,,Suspended
MZ/LUN/84B13/2018/103,Mizoram,Lunglei, ,Lunglei Zotlang,22.91312,92.754616,,,,Active
MZ/SER/84F01/2018/2,Mizoram,Lunglei, , ,23.068354,93.002747,,,, 
MZ/LAW/84B14/2018/12,Mizoram,Lawngtlai, ,Fungkah,22.615999,92.913002,,,,Active
MZ/LUN/84B13/2018/48,Mizoram,Lunglei, ,Darzo-Tuipui D,22.844894,92.944511,,,,Active
MZ/CHA/84E08/2017/17,Mizoram,Champhai, ,FarkawnSamthang Rd,23.151444,93.282333,,,,Active
MIZ/AIZ/84A09/2016/81,Mizoram,Aizawl, ,Phungchawng section,23.790132,92.672097,,,,Suspended
MZ/LUN/84A12/2018/66,Mizoram,Lunglei, ,Thorangtlang Wildlife Sanctuary,23.246555,92.554054,,,,Suspended
MZ/SAI/84B15/2018/46,Mizoram,Saiha, ,"North of Saiha
",22.513,92.992996,,,,Active
MZ/LAW/84B12/2020/5,Mizoram,Lawngtlai,Damdep II slide 2,Outside Damdep II,22.23,92.62,,,,Active
MZ/CHA/84E01/2017/36,Mizoram,Champhai,Ngopa,"Ngopa village, 0 point",23.884083,93.209908,,,,Suspended
MZ/SER/84E03/2017/7,Mizoram,Serchhip, ,Rullam Rd,23.461248,93.012863,,,,Active
MZ/AIZ/84E01/2017/51,Mizoram,Aizawl, ,Near Thanglailung,23.792555,93.029892,,,,Suspended
MZ/AIZ/84A10/2015/227,Mizoram,Aizawl, ,"Laiputlang Landslide, Laiputlang",23.744303,92.720114,,,,Stabilized
MIZO/LUN/84B13/2005/E-20,Mizoram,Lunglei,Pachang slide, ,22.90175,92.83233,,,, 
MZ/AIZ/83D16/2016/69,Mizoram,Aizawl, ,North Chaltlang,24.025094,92.769158,,,,Active
MZ/AIZ/84A14/2015/103,Mizoram,Aizawl, ,Mualpheng village area on Ruallung-Mualpheng road,23.610611,92.977722,,,,Suspended
MZ/LAW/84B11/2020/55,Mizoram,Lawngtlai,Ajasora slide 2,outside Ajasora village,22.43,92.69,,,,Suspended
MZ/SER/84A15/2016/14,Mizoram,Serchhip, ,"About 1km Southwest of Serchhip-Bungtlang junction,SH-Thenzawl-Serchhip Road.",23.286001,92.857178,,,,Reactivated
MZ/KOL/83D12/2016/5,Mizoram,Kolasib, ,kolasib nh54,24.238745,92.681538,,,,Active
MZ/SAI/84B15/2018/55,Mizoram,Saiha, ,Zero Point to Kawlchaw E,22.434999,92.945999,,,,Suspended
MZ/CHA/84E01/2017/41,Mizoram,Champhai, ,5 km from Ngopa,23.866138,93.222809,,,,Suspended
MZ/LUN/84A12/2018/72,Mizoram,Lunglei, ,Changpui-Lungchem Section,23.145,92.613693,,,,Suspended
MZ/LUN/84B13/2018/93,Mizoram,Lunglei, ,12.5 Km S of Leite near Bridge,22.899906,92.868828,,,,Active
MZ/MAM/83D08/2020/8,Mizoram,Mamit,West of Zamuang-Rengdil section slide 4,West of Zamuang-Rengdil section,24.1,92.37,,,,Suspended
MZ/LAW/84B11/2020/42,Mizoram,Lawngtlai,Fangfarlui slide 2,Fangfarlui,22.33,92.65,,,,Suspended
MZ/MAM/84A10/2015/145,Mizoram,Mamit, ,"Kanghmun, PMGSY-Kanghmun - Darung",23.562444,92.577806,,,,Active
MZ/LUN/84B13/2018/92,Mizoram,Lunglei, ,2.5km from Matbawk,22.899078,92.721306,,,,Active
MZ/AIZ/84A10/2015/218,Mizoram,Aizawl, ,"Mualpui Bethel, Salem Veng - World Bank Rd",23.716278,92.727694,,,,Dormant
MZ/LAW/84B11/2020/3,Mizoram,Lawngtlai,Hmunnuam to Diltland road slide,Hmunnuam to Diltland road,22.43,92.75,,,,Suspended
MZ/CHA/84E07/2017/120,Mizoram,Champhai, ,Mualkawi church area,23.419417,93.333333,,,,Active
"MZ/LAW/84B14/2018/31
",Mizoram,Lawngtlai, ,"Multi- Modal Road
",22.51,92.886002,,,,Suspended
MZ/CHA/84E07/2017/20,Mizoram,Champhai, ,700m east of Tuipui bridge towards Champhai,23.45835,93.263247,,,,Active
MZ/CHA/84E01/2017/32,Mizoram,Champhai, ,"17 km S of Ngopa, NgopaPawlrang section",23.800556,93.15889,,,,Reactivated
MZ/CHA/84E03/2017/47,Mizoram,Champhai, ,KhawzawlChamphai Rd,23.476694,93.238556,,,,Active
MZ/AIZ/83D16/2016/25,Mizoram,Aizawl, ,2.6km S of N. Hlimen,24.215868,92.802452,,,,Stabilized
MZ/AIZ/83D16/2016/118,Mizoram,Aizawl, ,towards Tipaimukh,24.184022,92.951257,,,,Stabilized
MZ/MAM/84A05/2020/10,Mizoram,Mamit,North of Tuidam slide 2,Tuidam-Kwarthah road section (North of Tuidam village/NH 108),23.95,92.37,,,,Suspended
MZ/CHA/84E03/2017/18,Mizoram,Champhai, ,Chawngtlai Tualte road.,23.439142,93.222581,,,,Active
MZ/LUN/84B13/2018/75,Mizoram,Lunglei, ,E Rotlang- S. Mualthuam,22.873812,92.902039,,,,Active
MZ/CHA/84E01/2017/2,Mizoram,Champhai, ,3.2 km S of Ngopa,23.860361,93.203804,,,,Suspended
MZ/KOL/83D15/2020/43,Mizoram,Kolasib,Saipum-Saiphai section slide 5,Saipum-Saiphai village road section,24.38,92.82,,,,Suspended
MIZ/AIZ/84A09/2016/83,Mizoram,Aizawl, ,Sairang (near quarry),23.817333,92.661222,,,,Suspended
MZ/SER/84F01/2018/5,Mizoram,Champhai, ,4Km SE of Khuangthing Village on PMGSY Khuangthing-Thekte Road,23.08964,93.200974,,,,Active
MZ/CHA/84E07/2017/56,Mizoram,Champhai, ,Champhai  Tuipui road,23.485194,93.274236,,,,Relict
MZ/AIZ/83D16/2016/66,Mizoram,Aizawl, ,South of Bukpui village,24.045278,92.775169,,,,Active
MZ/SER/84A15/2016/5,Mizoram,Serchhip, ,"Serchhip, SH-Thenzawl-Serchhip Road",23.277886,92.840388,,,,Active
MZ/SER/84A15/2016/28,Mizoram,Serchhip, ,"Near Zuala store, Old Serchhip, NH-54 Aizawl-Serchhip-Lunglei Road",23.297759,92.856169,,,,Reactivated
MIZ/AIZ/84A13/2016/134,Mizoram,Aizawl, ,Buhban village,23.811722,92.959917,,,,Suspended
MZ/SER/84A15/2016/90,Mizoram,Serchhip, ,"About 900m North of BukangKawn, NH-54 Aizawl-Serchhip-Lunglei Road",23.498802,92.8546,,,,Active
MZ/MAM/84A10/2015/166,Mizoram,Mamit, ,"Hreichuk, PMGSY W Lungdar - Darung",23.598139,92.599111,,,,Active
MZ/CHA/84E02/2017/0119,Mizoram,Champhai, ,Near Chimluang road project,23.646848,93.068776,,,,Active
MZ/LAW/84B16/2020/23,Mizoram,Saiha,South of Vahai vilalge slide,South of Vahai vilalge,22.19,92.98,,,,Suspended
MZ/LUN/84A12/2018/30,Mizoram,Lunglei, ,Buarpui-Kawlhawk Section (PMGSY road),23.202129,92.681442,,,,Inactive
MIZ/AIZ/84A13/2016/130,Mizoram,Aizawl, ,~1km from Lailak village,23.83675,92.916556,,,,Suspended
MZ/SER/84A15/2016/11,Mizoram,Serchhip, ,"About 700m from the road junction, Mat-Phai Road.",23.281103,92.857654,,,,Active
MZ/LUN/84B13/2018/55,Mizoram,Lunglei, ,S of Zobawk village,22.852823,92.815781,,,,Active
MZ/LAW/84B15/2018/11,Mizoram,Lawngtlai, ,Multi- Modal Road,22.482,92.877998,,,,Stabilized
MZ/AIZ/83D16/2016/130,Mizoram,Aizawl, ,Near Sakawrdai,24.242764,92.955406,,,,Stabilized
MZ/CHA/84E06/2017/19,Mizoram,Champhai, ,Jhum road and NgurHnalan road junction,23.541929,93.382376,,,,Active
MIZO/LUN/84B09/2005/E-10,Mizoram,Lunglei,Hawruang-4 slide, ,22.86428,92.71097,,,, 
MZ/AIZ/84E01/2017/72,Mizoram,Aizawl, ,PhuaibuangKhawlian section,23.936333,93.118858,,,,Suspended
MZ/LUN/84B09/2018/4,Mizoram,Lunglei, ,Rangte village,22.790684,92.614983,,,,Active
MZ/AIZ/84E01/2017/96,Mizoram,Aizawl, ,~5k m from Ainawl along PhullenPhuaibuang section,23.872055,93.094276,,,,Suspended
MZ/LUN/84B13/2018/46,Mizoram,Lunglei, ,Darzo-Tuipui D,22.842268,92.951981,,,,Active
MZ/AIZ/83D15/2020/8,Mizoram,Aizawl,Palsang-Zohmun slide,Palsang-Zohmun PMGSY road section,24.29,92.95,,,,Suspended
MZ/MAM/84A10/2015/137,Mizoram,Mamit, ,South of Lungphun; PMGSY-Kanghmun - W. Lungdar,23.587111,92.601667,,,,Reactivated
MZ/LUN/84B13/2018/65,Mizoram,Lunglei, ,Luangmual,22.867477,92.754234,,,,Active
MZ/CHA/84E07/2017/76,Mizoram,Champhai, ,3.5 km north of Liapui,23.26125,93.337222,,,,Active
MZ/CHA/84E07/2017/69,Mizoram,Champhai, ,Thinghrangkawn,23.270139,93.293333,,,,Active
MIZ/AIZ/84A13/2016/36,Mizoram,Aizawl, ,~ 10 m from prev location,23.819269,92.826983,,,,Suspended
MZ/MAM/83D08/2020/19,Mizoram,Mamit,West of Chuvel slide,western tip of Chuvel village,24.12,92.46,,,,Suspended
MZ/AIZ/83D15/2020/7,Mizoram,Aizawl,Zohmun-Sakawrdai section slide,Zohmun-Sakawrdai road section,24.26,92.96,,,,Dormant
MZ/CHA/84E01/2017/9,Mizoram,Champhai, ,"Ngopa village, 0 point to Tuivai river",23.908806,93.180832,,,,Suspended
MZ/LUN/84A16/2018/66,Mizoram,Lunglei, ,Lungmawi-Tuichang River-Pangzawl Section,23.088615,92.849403,,,,Suspended
MZ/LUN/84B13/2018/11,Mizoram,Lunglei, ,Darzo-S. Vanlaphai,22.796106,92.991173,,,,Active
MZ/AIZ/83D16/2016/56,Mizoram,Aizawl, ,thingtleh,24.162021,92.797605,,,,Stabilized
MZ/LUN/84A12/2018/31,Mizoram,Lunglei, ,Buarpui-Kawlhawk Section (PMGSY road),23.201111,92.681946,,,,Reactivated
MZ/LAW/84B14/2018/21,Mizoram,Lawngtlai, ,"NH 54
",22.579611,92.870552,,,,Active
MZ/LUN/84B13/2018/62,Mizoram,Lunglei, ,Theriat,22.866318,92.776726,,,,Active
MZ/CHA/84E06/2017/31,Mizoram,Champhai, ,Northern part of Ngur village,23.540457,93.379051,,,,Active
MZ/AIZ/83D16/2016/83,Mizoram,Aizawl, ,Sailutar village,24.069401,92.91857,,,,Active
MZ/LAW/84B14/2018/44,Mizoram,Lawngtlai, ,Lawngtlai to Ngengpuikai Road,22.52,92.867996,,,,Suspended
MZ/LAW/84B14/2018/11,Mizoram,Lawngtlai, ,Fungkah,22.615,92.916,,,,Active
MZ/AIZ/84E01/2017/54,Mizoram,Aizawl, ,6 km from Phullen along PhullenPhuaibuang section,23.840334,93.071945,,,,Suspended
MIZ/AIZ/84A13/2016/41,Mizoram,Aizawl, ,~9.5 km N of Sesawng on NH 150,23.810083,92.833861,,,,Suspended
MZ/LAW/84B12/2020/41,Mizoram,Lawngtlai,India Bangladesh Fencing road slide 4,India Bangladesh Fencing road,22.24,92.6,,,,Suspended
MZ/SER/84A16/2018/27,Mizoram,Serchhip, ,E. Bungtlang Village (NH-54),23.195522,92.90062,,,,Dormant
MZ/SAI/84B15/2018/62,Mizoram,Saiha, ,"Maubawk Road
",22.455999,92.962997,,,,Suspended
MZ/LUN/84B13/2018/22,Mizoram,Lunglei, ,2km from Thaizawl towards Lawngtlai,22.821659,92.804405,,,,Active
MZ/MAM/84A10/2015/175,Mizoram,Mamit, ,"Northwestern slope of Reiek Tlang (1485m), Waiting shed Reiek on SH Reiek - Chungtlang - Rulpuihlim",23.688389,92.595583,,,,Active
MZ/SAI/84F04/2020/22,Mizoram,Saiha,Chheihlu Mawhro section slide 1,Chheihlu Mawhro section,22.25,93.09,,,,Suspended
MZ/SER/84A15/2016/40,Mizoram,Serchhip, ,"Leisang veng, Serchhip, NH-54 Aizawl-Serchhip-Lunglei Road",23.318805,92.853099,,,,Active
MZ/AZL/84A10/2016/01,Mizoram,Aizawl,Tlungvel slide,Tlungvel-Seling main road,23.608306,92.850583,,,,Active
MZ/SER/84A16/2018/34,Mizoram,Serchhip, ,0.5 km East of Keitum Village,23.228361,92.916832,,,,Suspended
MZ/KOL/83D12/2016/19,Mizoram,Kolasib, ,towards hartoki,24.170329,92.641325,,,,Active
MZ/KOL/83D15/2020/14,Mizoram,Kolasib,SW of N Chawnpui slide,Serlui B TL to Saiphai road section (SW tip of N Chawnpui village),24.37,92.78,,,,Active
MZ/CHA/84E02/2017/0124,Mizoram,Champhai, ,kawlkulh,23.602395,93.084222,,,,Active
MZ/LAW/84B16/2020/19,Mizoram,Saiha,Bymari-Tongkolong slide,Bymari-Tongkolong road,22.11,92.88,,,,Suspended
MZ/AIZ/83D16/2016/98,Mizoram,Aizawl, ,North of Serzawl,24.024826,92.888859,,,,Stabilized
MZ/AIZ/84A14/2015/96,Mizoram,Aizawl, ,"East of Keifang, SH- Keifang- Champhai road",23.665806,92.969556,,,,Active
MZ/AIZ/83D16/2016/29,Mizoram,Aizawl, ,S.of Bukpui,24.10246,92.811355,,,,Active
MZ/CHA/84E03/2017/65,Mizoram,Champhai, ,Chalrang village,23.378571,93.218843,,,,Active
MIZ/AIZ/84A13/2016/24,Mizoram,Aizawl, ,~4.8 km S of Khawruhlian towards Sesawng on NH 150,23.88375,92.866778,,,,Active
MZ/LAW/84B12/2020/1,Mizoram,Lawngtlai,Fangfarlui slide 1,Fangfarlui,22.24,92.69,,,,Suspended
MZ/LUN/84B13/2014/02,Mizoram,Lunglei,Lungmual,"Lungmual, 2nd MAP Residential Complex",22.86003,92.75831,,,,Suspended
MZ/LAW/84B12/2020/34,Mizoram,Lawngtlai,Chikhurlui to Vathuampui road slide 4,Chikhurlui to Vathuampui road,22.24,92.68,,,,Active
MZ/AIZ/83H04/2017/13,Mizoram,Aizawl, ,"VanbawngTuivai R, east of Vanbawng",24.043417,93.066307,,,,Suspended
MZ/LAW/84B10/2020/38,Mizoram,Lawngtlai,Kurbalavasora to Borapansury slide,Kurbalavasora to Borapansury road,22.74,92.52,,,,Active
MZ/KOL/83D15/2020/13,Mizoram,Kolasib,Serlui B Tourist lodge slide,Road to Serlui B Tourist lodge,24.34,92.77,,,,Active
MZ/SER/84A15/2016/119,Mizoram,Serchhip, ,"Northwest of Thenzawl, SH-Thenzawl-Buarpui Road",23.30028,92.741186,,,,Active
MZ/SER/84A15/2016/24,Mizoram,Serchhip, ,"About 2.2 km from Serchhip, NH-54 Aizawl-Serchhip-Lunglei Road",23.279612,92.869602,,,,Active
MZ/SER/84A16/2018/40,Mizoram,Serchhip, ,"East of Keitum Village (Keitum-Khawlailawng Section, near the bridge)",23.223957,92.936401,,,,Suspended
MZ/LAW/84B10/2020/17,Mizoram,Lawngtlai,Kamlanagar III slide,Kamlanagar III,22.62,92.64,,,,Active
MZ/LUN/84A12/2018/75,Mizoram,Lunglei, ,Dehlui River-Lungchem Village Section (~1 km NE of Lungchem),23.135416,92.616661,,,,Suspended
MZ/CHA/84E03/2017/38,Mizoram,Champhai, ,Near water fall,23.473778,93.239194,,,,Active
MZ/AIZ/84A10/2014/05,Mizoram,Aizawl,Zemabawk,Zemabawk,23.73436,92.75194,,,,Suspended
MZ/AIZ/84E01/2017/65,Mizoram,Aizawl, ,Ainawl village,23.87075,93.078529,,,,Reactivated
MZ/LAW/84B11/2020/5,Mizoram,Lawngtlai,Diltlang S slide,Diltlang S,22.48,92.73,,,,Active
MZ/SER/84A15/2016/21,Mizoram,Serchhip, ,"At 300km Mile Stone, NH-54 Aizawl-Serchhip-Lunglei Road",23.260038,92.882734,,,,Reactivated
MZ/CHA/84E03/2017/73,Mizoram,Champhai,Champhai slide,"Jail Veng Rd, Champhai",23.388585,93.2446,,,,Suspended
MZ/SER/84A15/2016/118,Mizoram,Serchhip, ,"East of Tlawng River Bridge, SH-Thenzawl-Buarpui Road",23.308202,92.731268,,,,Active
MIZ/AIZ/84A13/2016/8,Mizoram,Aizawl, ,Pehlawn,23.902111,92.922556,,,,Active
MZ/LUN/84A12/2018/79,Mizoram,Lunglei, ,Tuisen Bolia-Thenhlum Section,23.135889,92.551819,,,,Suspended
MZ/MAM/84A10/2015/158,Mizoram,Mamit, ,"East of Khawrihnin; Agri-link Road Tlawng river,  Agri-link Road",23.618083,92.645028,,,,Active
MZ/LUN/84A12/2018/59,Mizoram,Lunglei, ,Tleu-Thenhlum Section,23.209055,92.540611,,,,Inactive
MZ/LUN/84A12/2018/58,Mizoram,Lunglei, ,East of Tleu Village,23.20875,92.538361,,,,Suspended
MIZ/AIZ/84A09/2016/131,Mizoram,Aizawl, ,Hunther area,23.787414,92.725278,,,,Suspended
MZ/CHA/84E01/2017/39,Mizoram,Champhai, ,KawlbemNgopa section,23.881056,93.245804,,,,Suspended
MZ/LUN/84A12/2018/71,Mizoram,Lunglei, ,Dehlui River Bridge along Sertlangpui-Lungchem Section,23.133568,92.64373,,,,Suspended
MZ/LAW/84B14/2018/32,Mizoram,Lawngtlai, ,Multi- Modal Road,22.507,92.886002,,,,Suspended
"MZ/LUN/84B14/2018/53
",Mizoram,Lunglei, ,Southwest of Thlengang,22.656334,92.874725,,,,Active
MZ/SAI/84F03/2020/33,Mizoram,Saiha,West of Tlangpuikawn slide,West of Tlangpuikawn,22.49,93.01,,,,Stabilized
MZ/MAM/84A10/2015/132,Mizoram,Mamit, ,"North of Chungtlang, SH-Reiek- Mamit-Aizawl",23.695083,92.570639,,,,Reactivated
MZ/CHA/84E07/2017/101,Mizoram,Champhai, ,East of Melbuk,23.394732,93.381271,,,,Active
MZ/CHA/84E08/2017/38,Mizoram,Champhai, ,Saikhumphai Rd,23.135405,93.368299,,,,Active
MZ/SER/84A16/2018/21,Mizoram,Serchhip, ,Serchhip-Keitum section,23.243479,92.904846,,,,Inactive
"MZ/LAW/84B14/2018/29
",Mizoram,"Lawngtlai
", ,NH 54,22.503,92.889,,,,Active
MZ/SER/84A15/2016/25,Mizoram,Serchhip, ,"About 200m West of Stone Crusher, NH-54 Aizawl-Serchhip-Lunglei Road",23.281521,92.868857,,,,Active
MZ/SAI/84F04/2020/16,Mizoram,Saiha,South of Laki village slide 3,South of Laki village,22.16,93,,,,Suspended
MZ/AZL/84A13/2016/03,Mizoram,Aizawl,Kepran slide,Kepran village on NH 150,23.94325,92.933611,,,,Active
MZ/CHA/84E05/2017/9,Mizoram,Champhai, ,KawlbemVaikhawtlang section,23.870445,93.353859,,,,Active
MZ/CHA/83H04/2017/1,Mizoram,Champhai, ,KhawdungseiChiahpui,24.023916,93.194336,,,,Reactivated
MZ/LUN/84B10/2020/63,Mizoram,Lunglei,Raillalung slide 2,Outside Raillalung,22.71,92.7,,,,Active
MZ/KOL/83D15/2020/12,Mizoram,Kolasib, Vairengte slide,Vairengte to Phainuam road section (Near Vairengte),24.48,92.76,,,,Suspended
MZ/KOL/83D11/2020/1,Mizoram,Kolasib,Serlui B -Bilkkhawtlir slide,Serlui B -Bilkkhawtlir road sectin,24.34,92.74,,,,Active
MIZ/AIZ/84A13/2016/26,Mizoram,Aizawl, ,~7.3 km S of Khawruhlian  towards Sesawng on NH 150,23.885639,92.857861,,,,Active
MZ/CHA/84E02/2017/14,Mizoram,Champhai, ,5.2 km N of Rabung,23.701047,93.190913,,,,Active
MZ/LUN/84B13/2018/7,Mizoram,Lunglei, ,Darzo-S. Vanlaphai,22.78916,92.981087,,,,Active
MZ/SAI/84F03/2020/24,Mizoram,Saiha,Muriskata village slide 1,"Muriskata village, Tlabung on Karnaphuli River bank",22.39,93.11,,,,Stabilized
MZ/AIZ/84A14/2015/80,Mizoram,Aizawl, ,Tlangnuam village  area on NH-54,23.716025,92.854306,,,,Active
MZ/LUN/84B13/2018/98,Mizoram,Lunglei, ,Zohnuai-Junction from Serkawn,22.903807,92.757401,,,,Active
MZ/CHA/84E03/2017/62,Mizoram,Champhai, ,South of Khawhai,23.370167,93.120444,,,,Active
MZ/AIZ/83D16/2016/126,Mizoram,Aizawl, ,towards Tuival R.,24.197817,92.993923,,,,Active
MIZ/AIZ/84A09/2016/80,Mizoram,Aizawl, ,Phungchawng section,23.750676,92.679635,,,,Suspended
MZ/SER/84A15/2016/113,Mizoram,Serchhip, ,"South of Hmangkawn, Chawilung - Hmangkawn road",23.477601,92.818801,,,,Active
MZ/AIZ/83D16/2016/84,Mizoram,Aizawl, ,Sailutar village,24.069728,92.918457,,,,Active
MIZ/AIZ/84A13/2016/25,Mizoram,Aizawl, ,~6.5 km S of Khawruhlian towards Sesawng on NH 150,23.883306,92.861917,,,,Active
MZ/AIZ/84A14/2015/113,Mizoram,Aizawl, ,About 17 Km from Seling on SH Seling-Keifang.,23.654361,92.932389,,,,Active
MZ/CHA/84E02/2017/21,Mizoram,Champhai, ,4km w of Hliappui,23.742754,93.094558,,,,Active
MZ/AIZ/84E01/2017/103,Mizoram,Aizawl, ,SuangpuilawnE. Phaileng section,23.961,93.028969,,,,Suspended
MZ/CHA/84E08/2017/18,Mizoram,Champhai, ,FarkawnSamthang Rd,23.151417,93.283077,,,,Active
MZ/SER/84A15/2016/75,Mizoram,Serchhip, ,"Southeast of Sainik School,Chhingchhip, PMGSY Chhingchhip-Hmuntha Road",23.435405,92.871814,,,,Reactivated
MZ/LAW/84B12/2020/35,Mizoram,Lawngtlai,Tuichawngtlang slide,Tuichawngtlang,22.19,92.69,,,,Active
MIZ/AIZ/84A13/2016/9,Mizoram,Aizawl, ,~1km N of Pehlawn at 4 km Kepran milestone,23.92425,92.925222,,,,Active
MZ/CHA/84E03/2017/15,Mizoram,Champhai, ,Khawhai  Khawzawl road,23.425583,93.168278,,,,Reactivated
MZ/SAI/84B15/2018/56,Mizoram,Saiha, ,NH 54,22.427999,92.947998,,,,Active
MZ/SER/84A15/2016/38,Mizoram,Serchhip, ,"Near the Sawing Mill, Bilzel veng, Serchhip, NH-54 Aizawl-Serchhip-Lunglei Road",23.320815,92.854748,,,,Dormant
MIZ/AIZ/84A09/2016/90,Mizoram,Aizawl, ,"Simhui, Airport road",23.798861,92.642417,,,,Suspended
MZ/SAI/84F03/2020/2,Mizoram,Saiha,North of Lower Theira slide,North of Lower Theira,22.41,93.02,,,,Suspended
MZ/CHA/84E02/2017/0088,Mizoram,Champhai, ,3.2km toowards chimluang project road from junction,23.6377,93.066302,,,,Active
MZ/MAM/84A10/2015/128,Mizoram,Mamit, ,"North of Rulpuihlim, SH-Reiek- Mamit-Aizawl",23.712611,92.560444,,,,Reactivated
MZ/LAW/84B12/2020/37,Mizoram,Lawngtlai,Bifurcation from Damdep II slide 2,Bifurcation from Damdep II,22.25,92.62,,,,Suspended
MZ/CHA/84E08/2017/43,Mizoram,Champhai, ,Tiau Road (above Lungkeiphaw river),23.075896,93.315313,,,,Active
MZ/CHA/84E02/2017/0097,Mizoram,Champhai, ,18.5 km E of Saitual,23.708377,93.053261,,,,Active
MZ/CHA/84E01/2017/21,Mizoram,Champhai, ,7.8 km S of Ngopa,23.84461,93.190277,,,,Suspended
MZ/MAM/84A11/2017/140,Mizoram,Mamit, ,"About 1km South of Bawngtha, SH-Aibawk-Darlung- Buarpui-Lunglei Road",23.487102,92.606156,,,,Dormant
MZ/AIZ/84E01/2017/101,Mizoram,Aizawl, ,9.5 km from Thanglailung along PhullenSaitual section,23.797361,93.040916,,,,Suspended
MZ/CHA/83H04/2017/5,Mizoram,Champhai, ,3.5 km milestone to Tuival river from Khawkawn,24.023861,93.248192,,,,Inactive
MZ/CHA/84E07/2017/2,Mizoram,Champhai, ,10 km south of Dilkawn,23.320197,93.285718,,,,Active
MZ/CHA/84E03/2017/20,Mizoram,Champhai, ,Chawntalai  Tualte road,23.445083,93.223889,,,,Active
MZ/KOL/83D15/2020/44,Mizoram,Kolasib,South of  Saiphai slide,South of  Saiphai village,24.4,92.8,,,,Active
MZ/SER/84A15/2016/34,Mizoram,Serchhip, ,"About 50m West of dumping site, Chanmari veng, Serchhip-DIET Road",23.309091,92.86293,,,,Active
MZ/CHA/84E02/2017/7,Mizoram,Champhai, ,6km N of Rabung,23.705705,93.19007,,,,Active
MZ/CHA/84E08/2017/20,Mizoram,Champhai, ,Samthang village,23.150924,93.28563,,,,Active
MZ/LUN/84A16/2018/76,Mizoram,Lunglei, ,Southern outskirts of Thiltlang Village (NH 54),23.018612,92.920555,,,,Suspended
MIZ/AIZ/84A13/2016/14,Mizoram,Aizawl, ,E Phaileng on NH 150,23.918389,92.923472,,,,Active
MZ/CHA/84E05/2017/26,Mizoram,Champhai, ,KhuangphahVaikhawtlang section,23.78775,93.386887,,,,Suspended
MZ/AIZ/84A10/2015/211,Mizoram,Aizawl, ,"Maubawk, Aizawl - Tlawng Rd",23.720417,92.695667,,,,Stabilized
MZ/LUN/84A12/2018/70,Mizoram,Lunglei, ,Thenhlum-South Dampui Section,23.214001,92.588608,,,,Suspended
MZ/LUN/84B10/2020/78,Mizoram,Lunglei,Zehtet to Mautlang road slide 1,Zehtet to Mautlang road,22.66,92.71,,,,Active
MZ/SAI/84B15/2018/58,Mizoram,Saiha, ,Kawlchaw E to Serkawr road,22.399,92.964996,,,,Active
MIZ/AIZ/84A09/2016/91,Mizoram,Mamit, ,"Lengpui, NH 54 section",23.857278,92.646222,,,,Suspended
MZ/LUN/84A16/2018/12,Mizoram,Lunglei, ,Haulawng-Thenzawl Section (~1 km S of Mualthuam Village),23.097061,92.752235,,,,Suspended
MZ/AIZ/84E01/2017/92,Mizoram,Aizawl, ,SuangpuilawnE. Phaileng section,23.972027,93.014893,,,,Reactivated
MZ/LUNG/84B14/2018/27,Mizoram,Lunglei, ,"NH 54
",22.691999,92.841003,,,,Active
MZ/LUN/84B13/2018/118,Mizoram,Lunglei, ,Hnathial-Tarpho rd,22.968073,92.929916,,,,Active
MZ/LUN/84B13/2018/112,Mizoram,Lunglei, ,Chengpui-Rualveng Rd,22.955112,92.836403,,,,Active
MZ/SAI/84B15/2018/57,Mizoram,Saiha, ,"Kawlchaw E
",22.405001,92.950996,,,,Active
MZ/LAW/84B15/2018/39,Mizoram,Lawngtlai, ,Vathuampui Road,22.309944,92.768333,,,,Suspended
MZ/LUN/84B13/2018/97,Mizoram,Lunglei, ,Darzo-Tuipui,22.902401,92.941025,,,,Active
MZ/AIZ/83D16/2016/116,Mizoram,Aizawl, ,2km east of New Vervek,24.182783,92.949911,,,,Active
MZ/CHA/84E02/2017/0069,Mizoram,Champhai, ,2.5 km N of Tuisen bridge,23.57348,93.102938,,,,Active
MZ/CHA/84E08/2017/48,Mizoram,Champhai, ,SH Farkawn Thekte Rd,23.058,93.280568,,,,Active
MZ/LAW/84B10/2020/18,Mizoram,Lawngtlai,Kamlanagar IV slide,Kamlanagar IV,22.61,92.64,,,,Suspended
MZ/CHA/84E03/2017/39,Mizoram,Champhai, ,ChamphaiKhawzawl Rd,23.474056,93.225889,,,,Active
MZ/LAW/84B14/2018/49,Mizoram,Lawngtlai, ,Lawngtlai to Ngengpuikai Road,22.538,92.857002,,,,Active
MIZ/AIZ/84A09/2016/109,Mizoram,Kolasib, ,Aizaw-Silchar road,23.971078,92.682781,,,,Suspended
MZ/AIZ/84A10/2014/03,Mizoram,Aizawl,Vengthar,"Tlangnuan, Vengthar",23.70272,92.71631,,,,Suspended
MIZ/AIZ/84A09/2016/111,Mizoram,Kolasib, ,Aizaw-Silchar road (~100m from prev loc 205),23.973684,92.683868,,,,Suspended
MZ/CHA/84E03/2017/14,Mizoram,Champhai, ,Khawzawl  Khawhai road,23.424417,93.167306,,,,Active
MZ/AIZ/84A14/2015/89,Mizoram,Aizawl, ,"western slope of 1052 peak, S of Thingsultliah Hospital",23.680931,92.859617,,,,Active
MZ/CHA/84E03/2017/33,Mizoram,Champhai, ,KhawzawlChamphai Rd,23.471889,93.246333,,,,Active
MZ/AIZ/83D15/2020/9,Mizoram,Aizawl,Tinghmun-Zohmun section slide,Tinghmun-Zohmun road section,24.29,92.96,,,,Abandoned
MZ/LUN/84A16/2018/74,Mizoram,Lunglei, ,Northern outskirts of Thiltlang Village (NH 54),23.022125,92.919952,,,,Suspended
MZ/LUN/84A16/2018/20,Mizoram,Lunglei, ,S. Zote- Chipphir Section,23.183332,92.794724,,,,Inactive
MZ/AIZ/84E02/2017/29,Mizoram,Aizawl, ,8.6km E of Saitual,23.657,93.028012,,,,Active
MZ/AIZ/84E01/2017/68,Mizoram,Aizawl, ,Suangpuilawn village,23.956528,93.041084,,,,Suspended
MZ/CHA/84E06/2017/17,Mizoram,Champhai, ,Murlen village,23.660361,93.285548,,,,Active
MZ/AIZ/84E01/2017/82,Mizoram,Aizawl, ,8 km from Phullen along PhullenPhuaibuang section,23.848083,93.076691,,,,Suspended
MZ/KOL/83D15/2020/33,Mizoram,Kolasib,Saipum-Tuirial dam slide 7,Saipum-Tuirial dam- Mauchhar road section,24.36,92.89,,,,Active
MZ/LUN/84A12/2018/64,Mizoram,Lunglei, ,Tleu-Thenhlum Section,23.204981,92.57457,,,,Reactivated
MZ/LUN/84B13/2018/115,Mizoram,Lunglei, ,3km N of Pukpui,22.962877,92.738541,,,,Active
MZ/AIZ/83D16/2016/123,Mizoram,Aizawl, ,towards Tuival R.,24.199185,92.992094,,,,Active
MZ/MAM/84A10/2015/179,Mizoram,Mamit, ,"Western slope of Reiek Tlang (1485m), SH Reiek - Chungtlang - Rulpuihlim",23.683417,92.601222,,,,Active
MZ/CHA/84E08/2017/46,Mizoram,Champhai, ,2.5 km towards Kankawn,23.059264,93.275647,,,,Active
MZ/CHA/84E01/2017/10,Mizoram,Champhai, , ,23.942722,93.213531,,,,Inactive
MZ/MAM/84A10/2015/152,Mizoram,Mamit, ,0.8 Km South of Lungphun; PMGSY-Kanghmun - W. Lungdar,23.587361,92.601278,,,,Active
MZ/SER/84A15/2016/112,Mizoram,Aizawl, ,"Sailam, PMGSY Sialsuk-Sailam Road",23.353803,92.794306,,,,Active
MZ/LAW/84B15/2018/14,Mizoram,Lawngtlai, ,Multi- Modal Road,22.469,92.876999,,,,Active
MZ/LUN/84A12/2018/9,Mizoram,Lunglei, ,S. Lungdai Village (near VCP's house),23.056612,92.699997,,,,Inactive
MZ/AIZ/83D16/2016/125,Mizoram,Aizawl, ,8 km wast of Tipaimukh,24.193061,92.992877,,,,Active
MZ/SAI/84F03/2020/11,Mizoram,Saiha,South of Siata village slide,5km south of siata village,22.32,93.14,,,,Suspended
MZ/AIZ/83D16/2016/80,Mizoram,Aizawl, ,1km south of Sailutar,24.061004,92.925342,,,,Active
MZ/AIZ/83D16/2016/99,Mizoram,Aizawl, ,NW of darlawn,24.014332,92.924018,,,,Active
MZ/CHA/84E02/2017/0076,Mizoram,Champhai, ,2km E of kawlkulh,23.606539,93.087476,,,,Active
MZ/CHA/84E01/2017/38,Mizoram,Champhai, ,18 km from ngopa,23.883944,93.247528,,,,Suspended
MIZ/AIZ/84A13/2016/16,Mizoram,Aizawl, ,Khawruhlian village(near culvert) on NH150,23.872722,92.874083,,,,Active
MZ/LAW/84B11/2020/52,Mizoram,Lawngtlai,Jognasury village slide,Jognasury village,22.41,92.64,,,,Suspended
MZ/CHA/84E02/2017/0112,Mizoram,Champhai, ,8.5km S of Dulte,23.617227,93.042191,,,,Active
MZ/AIZ/84A11/2016/103,Mizoram,Aizawl, ,"Near 11km Mile Stone, SH-Sialsuk-Samlukhai-Damdia Road",23.470198,92.693264,,,,Active
MZ/LUNG/84B14/2018/23,Mizoram,Lunglei, ,"NH 54 4 km south of S. Tawipui
",22.66,92.855003,,,,Suspended
MZ/AIZ/84A14/2015/109,Mizoram,Aizawl, ,"East of Ruallung village, on Ruallung-Mualpheng road",23.6445,92.990194,,,,Active
MZ/CHA/84E02/2017/25,Mizoram,Champhai, ,near bridge Kawlkulhvankal junction,23.586582,93.102493,,,,Active
MZ/MAM/84A10/2015/129,Mizoram,Mamit, ,"North of Rulpuihlim, SH-Reiek- Mamit-Aizawl",23.7155,92.556028,,,,Active
MZ/AIZ/84A10/2015/213,Mizoram,Aizawl, ,"Govt Complex, Aizawl, Govt Complex - Mizoram university Rd via Zonuam",23.717222,92.694833,,,,Active
MZ/CHA/84E05/2017/5,Mizoram,Champhai, ,HnahlanVaikhawtlang section,23.753222,93.377281,,,,Suspended
MZ/LAW/84B14/2018/43,Mizoram,Lawngtlai, ,Lawngtlai to Ngengpuikai Road,22.517,92.879997,,,,Inactive
MZ/CHA/84E08/2017/37,Mizoram,Champhai, ,Saikhumphai road,23.135434,93.368506,,,,Active
MZ/CHA/84E07/2017/34,Mizoram,Champhai, ,Jail Veng (Aizawl  Champhai road),23.467715,93.313017,,,,Active
MZ/LAW/84B11/2020/57,Mizoram,Lawngtlai,Ajasora slide 4,outside Ajasora village,22.46,92.69,,,,Suspended
MZ/SER/84A15/2016/114,Mizoram,Serchhip, ,"East of Tlawng River Bridge, SH-Thenzawl-Buarpui Road",23.29659,92.694008,,,,Active
MZ/SER/84A15/2016/54,Mizoram,Serchhip, ,"Chhingchhip, NH-54 Aizawl-Serchhip-Lunglei Road",23.459786,92.855821,,,,Active
MZ/CHA/84E01/2017/15,Mizoram,Champhai, ,NgopaPawlrang section,23.791277,93.156387,,,,Reactivated
MZ/CHA/84E07/2017/119,Mizoram,Champhai, ,4km north of Khuangleng,23.30622,93.294554,,,,Active
MZ/KLS/83D11/2020/24,Mizoram,Kolasib,Bilkawthlir slide 2,NH-54,24.34,92.71,,,,Active
MZ/LAW/84B14/2018/17,Mizoram,Lawngtlai, ,North of Thingkah along NH 54,22.568556,92.87944,,,,Active
MZ/AIZ/83D16/2016/133,Mizoram,Aizawl, ,Sakawrdai - N. Khawdungsei Rd,24.240415,92.941421,,,,Active
MZ/CHA/84E01/2017/12,Mizoram,Champhai, ,NgopaPawlrang section,23.798611,93.16378,,,,Suspended
MZ/AIZ/84E01/2017/62,Mizoram,Aizawl, ,Zawngin village,23.900694,93.015587,,,,Suspended
MZ/LUN/84B13/2018/10,Mizoram,Lunglei, ,2.5Km S of Bualte,22.795282,92.813881,,,,Active
MZ/LAW/84B10/2020/20,Mizoram,Lawngtlai,Mualbu to Diltlang S road slide,Mualbu to Diltlang S road,22.54,92.68,,,,Active
MZ/CHA/84E01/2017/4,Mizoram,Champhai, ,KawlbemNgopa section,23.881639,93.234642,,,,Suspended
MZ/KOL/83D12/2016/10,Mizoram,Kolasib, ,500m from HM motord Kawnpui,24.021514,92.673778,,,,Active
MZ/LAW/84B15/2018/29,Mizoram,Lawngtlai, ,Multi- Modal Road,22.385,92.858002,,,,Active
MZ/CHA/84E06/2017/16,Mizoram,Champhai, ,0.5 km S of Murlen,23.657018,93.286924,,,,Active
MZ/CHA/84E02/2017/17,Mizoram,Champhai, ,13 km E of Saitual,23.685602,93.028404,,,,Active
MZ/CHA/84E03/2017/60,Mizoram,Champhai, ,Champhai,23.322151,93.066154,,,, 
MZ/CHA/84E03/2017/63,Mizoram,Champhai, ,Khawhai Dil,23.37492,93.1185,,,,Active
MZ/AIZ/84A10/2015/205,Mizoram,Aizawl, ,"West of Mission Veng,  Tlawng - Aizawl Rd",23.716333,92.688639,,,,Active
MZ/LUN/84B13/2018/64,Mizoram,Lunglei, ,Theriat village(Lunglei-Zobawk rd),22.866833,92.774925,,,,Active
MZ/CHA/84E07/2017/68,Mizoram,Champhai, ,2.5 km s of Dilkawn,23.361979,93.299909,,,,Active
MZ/AIZ/84E01/2017/58,Mizoram,Aizawl, ,SuangpuilawnE. Phaileng section,23.969223,93.016335,,,,Active
MZ/MAM/84A10/2015/180,Mizoram,Mamit, ,"West of Tlawng Hydro-Project, SH- Aizawl - Reiek",23.712528,92.64775,,,,Active
MZ/CHA/84E03/2017/80,Mizoram,Champhai, ,Kawhai  Khawzawl road,23.422583,93.166,,,,Active
MZ/CHA/84E07/2017/46,Mizoram,Champhai, ,"Vengsang, Champhai (Near PHE office)",23.474639,93.314167,,,,Suspended
MZ/AIZ/84A14/2015/115,Mizoram,Aizawl, ,16 Km stone (seling) on SH Keifang-Seling.,23.666722,92.890889,,,,Active
MZ/KOL/83D12/2020/5,Mizoram,Mamit,North of Damdial slide,Mamit Suarhliap road section (near North of Damdial village),24.1,92.51,,,,Active
MZ/CHA/84E01/2017/44,Mizoram,Champhai, ,Ngopa village,23.875174,93.21302,,,,Suspended
MZ/SAI/84F03/2020/6,Mizoram,Saiha,SE of Zawngling slide,SE of zawngling village,22.27,93.06,,,,Suspended
MZ/MAM/84A10/2015/136,Mizoram,Mamit, ,"Chungtlang, SH-Reiek- Mamit-Aizawl",23.691722,92.575111,,,,Active
MZ/CHA/84E03/2017/19,Mizoram,Champhai, ,Chawngtalai  Tualte road,23.442083,93.223472,,,,Active
MZ/AIZ/83D16/2016/72,Mizoram,Aizawl, ,Turial road,24.015858,92.797666,,,,Active
MZ/LAW/84B10/2020/28,Mizoram,Lawngtlai,Saizawh W to Ngharum road slide 1,Saizawh W to Ngharum road,22.64,92.61,,,,Suspended
MIZ/AIZ/84A13/2016/13,Mizoram,Aizawl, ,~2.5 km S of Sawleng at 5 km N of Kepran milestone,23.970444,92.927167,,,,Active
MZ/SER/84A16/2018/35,Mizoram,Serchhip, ,0.7 km East of Keitum Village (Keitum-Khawlailawng Section),23.23,92.919724,,,,Suspended
MZ/AIZ/84A14/2015/95,Mizoram,Aizawl, ,"Keifang, SH- Keifang- Champhai road",23.666361,92.975972,,,,Active
MZ/LAW/84B11/2020/38,Mizoram,Lawngtlai,Chikhurlui to Vathuampui road slide 1,Chikhurlui to Vathuampui road,22.27,92.68,,,,Suspended
MZ/AIZ/84A14/2015/90,Mizoram,Aizawl, ,"Airfield Veng, Near Bamboo link road, NH-54 Aizawl-Seling",23.740417,92.795083,,,,Active
MZ/CHA/84E01/2017/47,Mizoram,Champhai, ,5 km S of Ngopa,23.860167,93.194778,,,,Active
MZ/CHA/84E03/2017/58,Mizoram,Champhai, ,11km north of Sialhawlk,23.296419,93.095813,,,,Active
MIZ/AIZ/84A09/2016/106,Mizoram,Aizawl, ,"Khamrang-Kawnpui road, 19 km S of Kawnpui",23.934417,92.667222,,,,Dormant
MZ/AIZ/84E01/2017/97,Mizoram,Aizawl, ,Suangpuilawn village,23.966249,93.041115,,,,Suspended
MZ/AIZ/84A14/2015/94,Mizoram,Aizawl, ,"Keifang village, Play Ground, Saitual - Phullen Rd",23.670389,92.964417,,,,Active
MZ/SER/84A15/2016/129,Mizoram,Serchhip, ,"North of Sialhau, PMGSY Thentlang-Sialhau Road",23.387328,92.933397,,,,Active
MZ/CHA/84E07/2017/32,Mizoram,Champhai, ,KhawzawlChamphai Rd,23.467623,93.250867,,,,Active
MIZ/MAM/84A09/2016/124,Mizoram,Mamit, , ,23.761734,92.573908,,,,Suspended
MZ/LAW/84B15/2018/34,Mizoram,Lawngtlai, ,Vathuampui Road,22.358999,92.779999,,,,Suspended
MZ/CHA/84E02/2017/3,Mizoram,Champhai, ,Nw of Khwazawl,23.537491,93.159176,,,,Active
MIZO/LUN/84B13/2005/E-24,Mizoram,Lunglei,Lunglei-11 slide, ,22.83675,92.79922,,,, 
MZ/LAW/84B14/2018/33,Mizoram,Lawngtlai, ,Multi- Modal Road,22.5,92.887001,,,,Suspended
MZ/LUN/84B05/2020/30,Mizoram,Lunglei,North of Tlabung slide 9,4.2 km North of Tlabung on  PMGSY Tlabung - Diblibagh road,22.93,92.48,,,,Stabilized
MZ/CHA/84E07/2017/79,Mizoram,Champhai, ,ZokhawtharHruikawn Rd,23.368361,93.379667,,,,Active
MZ/MAM/84A11/2017/142,Mizoram,Mamit,Darlung Slide,"Road Junction of Darlung-Reiek at Darlung,SH-Darlung-Reiek Road",23.460968,92.597217,,,,Suspended
MZ/AIZ/83D16/2016/57,Mizoram,Aizawl, ,S of Thingtlegh,24.146606,92.796528,,,,Active
MZ/AIZ/84A10/2015/116,Mizoram,Aizawl, ,"Rangvamul Landslide, Rangvamul, NH-54 Aizawl - Lengpui(Airport) - Silchar",23.749722,92.693781,,,,Active
MZ/CHA/84E07/2017/102,Mizoram,Champhai, ,MelbukMulkawi Rd,23.395159,93.374335,,,,Active
MZ/CHA/84E07/2017/4,Mizoram,Champhai, ,Khaungleng (near health centre),23.305111,93.311528,,,,Active
MZ/CHA/83H04/2017/12,Mizoram,Champhai, ,KhawdungseiChiahpui,24.023945,93.195663,,,,Suspended
MZ/CHA/84E01/2017/34,Mizoram,Champhai, ,"Ngopa village, 0 point to Tuivai river",23.91011,93.177193,,,,Suspended
MZ/AIZ/84A14/2015/78,Mizoram,Aizawl, ,"East of Tlungvel, about 3km along the foot tracks",23.607347,92.879114,,,,Active
MZ/CHA/84E07/2017/93,Mizoram,Champhai, ,Kelkang village,23.388162,93.312962,,,,Active
MZ/CHA/84E07/2017/71,Mizoram,Champhai, ,3.8 km to Lianpui,23.262222,93.337667,,,,Inactive
MZ/LAW/84B14/2018/37,Mizoram,Lawngtlai, ,Multi- Modal Road,22.577,92.892998,,,,Active
MZ/CHA/84E02/2017/9,Mizoram,Champhai, ,500m from Kawlkulh highway restaurant towards Dulte,23.629553,93.077474,,,,Active
MZ/AIZ/83D16/2016/105,Mizoram,Aizawl, ,N. Of New Vervek,24.190711,92.943593,,,,Stabilized
MZ/KOL/83D15/2020/21,Mizoram,Kolasib,N. Hlimen slide 6,N. Hlimen-Saipum road section,24.32,92.84,,,,Suspended
MZ/LAW/84B12/2020/31,Mizoram,Lawngtlai,Bhandukbandasora slide,Bhandukbandasora,22.06,92.66,,,,Suspended
MIZ/MAM/84A09/2016/130,Mizoram,Mamit, , ,23.796268,92.54654,,,,Suspended
MZ/CHA/84E06/2017/18,Mizoram,Champhai, ,15.5 km n of Vapar,23.672022,93.349595,,,,Active
MZ/CHA/84E06/2017/29,Mizoram,Champhai, ,11 km N of Hnahlan,23.747943,93.374597,,,,Active
MZ/LUN/84A16/2018/18,Mizoram,Lunglei, ,~1 km N of S. Zote Village,23.23035,92.79808,,,,Suspended
MZ/CHA/84E07/2017/12,Mizoram,Champhai, ,Bulfekzawl Rd,23.336425,93.361493,,,,Active
MZ/LAW/84B14/2018/19,Mizoram,Lawngtlai, ,30m north of Ls 14,22.574112,92.873337,,,,Suspended
MZ/LUNG/84B14/2018/9,Mizoram,Lunglei, ,Southwest of Thlengang,22.681,92.884003,,,,Active
MZ/LUN/84B09/2018/24,Mizoram,Lunglei, ,about 5km N of Pukpui alonh Pukpui- Mausem road,22.970823,92.729607,,,,Active
MZ/SER/84A11/2017/150,Mizoram,Aizawl, ,"Near the viewpoint, about 150m Southwest of Samsiuh village, SH-Aizawl-Thenzawl-Lunglei Road",23.470109,92.740615,,,,Active
MZ/SER/84A15/2016/80,Mizoram,Serchhip, ,"Jhum cultivation, Hmuntha, PMGSY Chhingchhip-Hmuntha Road",23.458593,92.905313,,,,Active
MZ/CHA/84E01/2017/25,Mizoram,Champhai, ,NgopaPawlrang section,23.803085,93.159225,,,,Suspended
MZ/KLS/83D11/2020/25,Mizoram,Kolasib,North Chimluang slide,NH-54,24.35,92.72,,,,Active
MZ/AIZ/83D16/2016/131,Mizoram,Aizawl, ,west of Sakawrdai towards North Khawdungsei,24.248558,92.954177,,,,Active
MZ/LUN/84B13/2018/69,Mizoram,Lunglei, ,4km S of Dawn,22.87056,92.822105,,,,Active
MZ/MAM/83D08/2020/1,Mizoram,Mamit,Luimawi-Thinghlun slide,Luimawi-Thinghlun road section,24.24,92.36,,,,Dormant
MZ/AIZ/84E01/2017/109,Mizoram,Aizawl, , ,23.959278,93.123558,,,,Suspended
MZ/AIZ/84A10/2015/206,Mizoram,Aizawl, ,"Zonuam Veng, on Mizoram University - Aizawl Rd",23.739417,92.699917,,,,Active
MZ/AIZ/84A14/2015/108,Mizoram,Aizawl, ,NE of Keifang village on SH-Keifang-Saichal road.,23.704861,92.98575,,,,Active
MZ/SER/84E03/2017/1,Mizoram,Serchhip, ,Rullam village,23.451278,93.002944,,,,Active
MZ/CHA/84E02/2017/10,Mizoram,Champhai, ,5.5 km of saichal,23.734427,93.08625,,,,Active
MZ/CHA/84E02/2017/0001,Mizoram,Champhai, ,1.8km N of Chawrtui on the PMGSY road,23.513436,93.074047,,,,Active
MZ/AIZ/83D16/2016/42,Mizoram,Aizawl, ,N. Of North Chaltlang,24.036336,92.770846,,,,Stabilized
MZ/CHA/84E01/2017/24,Mizoram,Champhai, ,"Ngopa village, 0 point to Tuivai river",23.914278,93.178864,,,,Inactive
MZ/CHA/84E01/2017/35,Mizoram,Champhai, ,"Ngopa village, 0 point to Tuivai river",23.908806,93.177391,,,,Reactivated
MIZ/LU/84B/13/2018/001,Mizoram,Lunglei,Lunglawn landslide,"LunglawnVeng, SE of Lunglei town.",23.751528,91.604533,,,,Active
MZ/SAI/84B15/2018/50,Mizoram,Saiha, ,"New Saiha, Saiha",22.490999,92.984001,,,,Active
MZ/CHA/84E03/2017/66,Mizoram,Champhai, ,Near Khawhai school,23.38075,93.13075,,,,Active
MIZ/AIZ/84A13/2016/4,Mizoram,Aizawl, ,near Vanzao,23.844109,92.928779,,,,Suspended
MZ/AIZ/84A14/2015/84,Mizoram,Aizawl, ,About 7.5 km SE of Seling on SH Seling-Champhai road,23.705117,92.877669,,,,Reactivated
MZ/CHA/84E01/2017/7,Mizoram,Champhai, ,HliappuiChangzawl section,23.750139,93.098167,,,,Suspended
MZ/AIZ/83D16/2016/30,Mizoram,Aizawl, ,East of North Hlimen,24.229303,92.819002,,,,Stabilized
MZ/LUN/84B13/2018/21,Mizoram,Lunglei, ,about 500m from Thaizawl,22.815697,92.802696,,,,Active
MZ/SER/84A11/2017/145,Mizoram,Aizawl, ,"About 900m South of Oil India Drilling site, North Lungsai, SH-Aizawl-Thenzawl-Lunglei Road",23.491497,92.705503,,,,Active
MZ/LUN/84B13/2018/40,Mizoram,Lunglei, ,E Rotlang- S. Mualthuam,22.83885,92.89209,,,,Active
MZ/AIZ/83D16/2016/107,Mizoram,Aizawl, ,N. Of New Vervek,24.192522,92.944635,,,,Active
MZ/AIZ/83D16/2016/73,Mizoram,Aizawl, ,North of Darlawn,24.028721,92.909301,,,,Active
MIZO/AIZ/84A10/2007/E-1,Mizoram,Aizawl,Zembawk slide, ,23.406389,92.75325,,,, 
MZ/LUN/84A08/2020/1,Mizoram,Lunglei,Sesawn village slide 2,Sesawn village near Presbyterean Church of India (PCI) on SH- Marpara - West Banghmun road,23.25,92.48,,,,Stabilized
MZ/SER/84F01/2018/7,Mizoram,Serchhip, ,1.5km North of Sailulak Village on PMGSY Sailulak-East Lungdar Road,23.14085,93.142487,,,,Stabilized
MZ/CHA/84E08/2017/30,Mizoram,Champhai, ,Saikhumphai road,23.140461,93.343504,,,,Active
MZ/LUN/84A12/2018/65,Mizoram,Lunglei, ,Near NW outskirts of Thenhlum Village (Tleu-Thenhlum Section),23.201084,92.580803,,,,Suspended
MZ/AIZ/84A10/2015/207,Mizoram,Aizawl, ,"Zonuam Veng, on Mizoram University - Aizawl Rd",23.735028,92.696028,,,,Stabilized
MZ/LUN/84B13/2018/12,Mizoram,Lunglei, ,1km from Bualte,22.801022,92.81369,,,,Active
MZ/MAM/84A10/2015/131,Mizoram,Mamit, ,"North of Rulpuihlim, SH-Reiek- Mamit-Aizawl",23.710278,92.558056,,,,Reactivated
MIZO/LUN/84B09/2005/E-12,Mizoram,Lunglei,Hawruang-6 slide, ,22.88392,92.74256,,,, 
MZ/LUN/84A16/2018/84,Mizoram,Lunglei, ,Lunglei-Aizawl road,23.022377,92.757759,,,,Suspended
MZ/LAW/84B14/2018/14,Mizoram,Lawngtlai, ,"Behind District Hospital, Lawngtlai
",22.537416,92.885002,,,,Active
MIZO/LUN/84B13/2005/E-17,Mizoram,Lunglei,Lunglei-5 slide, ,22.90442,92.72281,,,, 
MZ/AIZ/83D16/2016/33,Mizoram,Aizawl, ,N. Hlimen (on the way to pump house),24.237794,92.805727,,,,Active
MZ/CHA/84E06/2017/21,Mizoram,Champhai, ,7km NW of Vapar,23.647342,93.303877,,,,Active
MZ/AIZ/84E01/2017/59,Mizoram,Aizawl, ,SuangpuilawnE. Phaileng section,23.982639,93.011055,,,,Active
MZ/LUN/84A16/2018/57,Mizoram,Lunglei, ,Tarpho-Hnathial Section,23.006939,92.98938,,,,Suspended
MZ/LUN/84B13/2018/8,Mizoram,Lunglei, ,4km bualte/6km Thualte stone,22.789967,92.820396,,,,Active
MZ/SAI/84B15/2018/61,Mizoram,Saiha, ,"Zero Point to Maubawk Road
",22.455,92.959999,,,,Suspended
MIZ/MAM/84A09/2016/126,Mizoram,Mamit, , ,23.780864,92.577909,,,,Suspended
MZ/SER/84A11/2017/149,Mizoram,Aizawl, ,"1.2km Southeast of Samsuih, SH-Aizawl-Thenzawl-Lunglei Road",23.467262,92.740634,,,,Active
MZ/LAW/84B15/2018/6,Mizoram,Lawngtlai, ,4 km north of Saikah,22.464916,92.916107,,,,Active
MZ/AIZ/84A14/2015/110,Mizoram,Aizawl, ,Veibai village along Keifang-Saichal road,23.702056,92.993222,,,,Active
MZ/MAM/84A10/2015/177,Mizoram,Mamit, ,"North of W Lungdar, PMGSY Darung - W Lungdar - Chungtlang - Rulpuihlim",23.664583,92.590111,,,,Active
MZ/SAI/84F03/2020/1,Mizoram,Saiha,Chheihlu Mawhro section slide 4,Chheihlu Mawhro section,22.27,93.09,,,,Suspended
MZ/AIZ/84A10/2015/186,Mizoram,Aizawl, ,"Luangmual, Mizoram Univ. - Aizawl via NH 44A",23.745639,92.694361,,,,Relict
MZ/LAW/84B14/2018/15,Mizoram,Lawngtlai, ,5 km North of Lawngtlai on NH 54,22.552301,92.883888,,,,Stabilized
MZ/AIZ/84A10/2015/225,Mizoram,Aizawl, ,"Ramhlun Sports Complex and Ramhlun Vengthar areas, Near Presbyterian Church",23.741806,92.72525,,,,Dormant
MZ/CHA/84E06/2017/20,Mizoram,Champhai, ,12 km N of Hnahlan,23.741851,93.377004,,,,Active
MZ/LUN/84B13/2018/120,Mizoram,Lunglei, ,about 8km N of Pukpui,22.979994,92.726112,,,,Active
MZ/AIZ/84A14/2015/91,Mizoram,Aizawl, ,"Keifang, SH- Keifang- Champhai road",23.667361,92.978,,,,Reactivated
MZ/CHA/84E08/2017/16,Mizoram,Champhai, ,FarkawnSamthang Rd,23.152298,93.28066,,,,Active
MZ/MAM/84A10/2015/147,Mizoram,Mamit, ,2.5 Km South of Lungphun; PMGSY-Kanghmun - W. Lungdar,23.589167,92.590111,,,,Active
MZ/CHA/84E06/2017/4,Mizoram,Champhai, ,15km N of Vapar,23.673104,93.349412,,,,Active
MZ/AIZ/84E01/2017/108,Mizoram,Aizawl, ,Near Phuaibuang,23.950195,93.125061,,,,Suspended
MZ/LUN/84A12/2018/3,Mizoram,Lunglei, ,N of North Mualthuam Village,23.13732,92.747276,,,,Suspended
MZ/CHA/84E02/2017/1,Mizoram,Champhai, ,2km N from kawlkulh towrds Dulte,23.635733,93.07666,,,,Active
MZ/CHA/84E03/2017/82,Mizoram,Champhai, ,Khawhai  Khawzawl road,23.42425,93.168778,,,,Active
MZ/CHA/84E08/2017/31,Mizoram,Champhai, ,Saikhumphai Rd,23.14046,93.343507,,,,Active
MZ/LUN/84A11/2017/138,Mizoram,Lunglei,Buarpui Slide,"Near the playground (Propose Site for Primary School), Buarpui",23.28113,92.651804,,,,Reactivated
MZ/SER/84F01/2018/3,Mizoram,Champhai, ,"Small Hydel Project area at Tlau va River, Dam site",23.072695,93.218956,,,,Active
MZ/KOL/83D12/2016/6,Mizoram,Kolasib, ,tuithaveng,24.24496,92.683014,,,,Active
MZ/AIZ/84A10/2015/204,Mizoram,Aizawl, ,"Mission Veng, Tlawng - Aizawl Rd",23.717111,92.713972,,,,Stabilized
MZ/AIZ/84E01/2017/56,Mizoram,Aizawl, ,"SuangpuilawnE. Phaileng section, near Rungdil",23.993778,93.004524,,,,Suspended
MZ/KOL/83D12/2016/20,Mizoram,Kolasib, ,towards kolasib,24.217097,92.632545,,,,Active
MZ/LUN/84B10/2020/50,Mizoram,Lunglei,Raillalung slide 3,Outside Ruallalung,22.65,92.65,,,,Suspended
MZ/LUN/84B13/2018/95,Mizoram,Lunglei, ,10 Km S of Leite,22.901287,92.882271,,,,Active
MZ/SER/84F01/2018/9,Mizoram,Serchhip, ,3.2Km Northwest of North Vanlaphai on SH North Vanlaphai-Serchhip Road,23.148056,93.055832,,,,Inactive
MIZ/AIZ/84A09/2016/89,Mizoram,Aizawl, ,Silchar road,23.940106,92.680592,,,,Suspended
MZ/LUN/84B09/2018/11,Mizoram,Lunglei, ,2.5km N of Luangmaul (Lunglei-Lungsen road),22.880322,92.747818,,,,Active
MZ/LUN/84A12/2018/53,Mizoram,Lunglei, ,West of Tleu Village along Tleu-Bunghmun road Section,23.208082,92.507889,,,,Suspended
MZ/CHA/84E06/2017/9,Mizoram,Champhai, ,9km NW of Vapar,23.648967,93.291988,,,,Active
MZ/LUN/84B13/2018/102,Mizoram,Lunglei, ,Hnathial- Tuipui D,22.91165,92.929871,,,,Reactivated
MZ/CHA/84E08/2017/39,Mizoram,Champhai, ,FarkawnSamthang Rd,23.131158,93.293979,,,,Active
MZ/CHA/84E07/2017/99,Mizoram,Champhai, ,"Mualkawi 7km mile stone, Kelkang 2km",23.393889,93.309244,,,,Active
MZ/LUN/84B09/2018/9,Mizoram,Lunglei, ,About 500m from Haurang Village,22.874741,92.730354,,,,Active
MZ/LUN/84B09/2018/12,Mizoram,Lunglei, ,Tuichawng-Siphirtlang road,22.883036,92.557152,,,,Active
MZ/LUN/84B13/2018/14,Mizoram,Lunglei, ,New Dawn,22.803709,92.815636,,,,Active
MIZ/AIZ/84A09/2016/84,Mizoram,Aizawl, ,Sairang road (near bridge),23.816611,92.662306,,,,Suspended
MZ/AIZ/84E01/2017/86,Mizoram,Aizawl, ,S of Suangpuilawn,23.950417,93.037109,,,,Reactivated
MZ/CHA/84E06/2017/8,Mizoram,Champhai, ,6km N of Vapar,23.640448,93.343559,,,,Active
MZ/AIZ/84A10/2014/04,Mizoram,Aizawl,CP Road,"Tlangnuan, CP Road",23.6995,92.71617,,,,Suspended
MZ/CHA/84E02/2017/0017,Mizoram,Champhai, ,Nw of Khwazawl,23.537082,93.161682,,,,Active
MZ/SAI/84F03/2020/30,Mizoram,Saiha,Chheihlu Mawhro section slide 3,Chheihlu Mawhro section,22.29,93.09,,,,Suspended
MZ/AIZ/84A11/2016/92,Mizoram,Aizawl, ,"About 3 km Northwest of Samlukhai,  SH-Sialsuk-Samlukhai-Damdia Road",23.425424,92.716106,,,,Active
MIZ/AIZ/84A09/2016/55,Mizoram,Aizawl, ,"Lungdai village, Silchar road",23.889306,92.736528,,,,Suspended
MZ/CHA/84E07/2017/84,Mizoram,Champhai, ,0.8km north of Khuangleng,23.310167,93.311889,,,,Reactivated
MZ/CHA/84E03/2017/17,Mizoram,Champhai, ,Khawhai  Khawzawl road,23.430917,93.171889,,,,Active
MIZ/AIZ/84A13/2016/21,Mizoram,Aizawl, ,2km Khawruhlian milestone towards Sesawng on NH 150,23.883944,92.880528,,,,Active
MZ/CHA/84E06/2017/33,Mizoram,Champhai, ,2km N of Zote,23.5087,93.360825,,,,Active
MZ/CHA/84E05/2017/19,Mizoram,Champhai, ,MimbungHrianghmun section,23.981083,93.287392,,,,Inactive
MZ/SER/84A11/2017/148,Mizoram,Aizawl, ,"1.5km Southwest of Samsuih, SH-Aizawl-Thenzawl-Lunglei Road",23.464206,92.737583,,,,Suspended
MZ/CHA/84E07/2017/106,Mizoram,Champhai, ,MelbukMulkawi Rd,23.396738,93.368237,,,,Active
MZ/SER/84A15/2016/50,Mizoram,Serchhip, ,"About 1.8km South of Chhingchhip, NH-54 Aizawl-Serchhip-Lunglei Road",23.454817,92.858696,,,,Active
MZ/LAW/84B15/2018/28,Mizoram,Lawngtlai, ,Multi- Modal Road,22.385,92.857002,,,,Stabilized
MZ/AIZ/84E01/2017/69,Mizoram,Aizawl, ,ZawnginPhullen section,23.894444,93.019279,,,,Active
MIZ/AIZ/84A09/2016/61,Mizoram,Aizawl, ,Aizawl-Sairang road,23.754475,92.722754,,,,Suspended
MZ/MAM/84A10/2015/168,Mizoram,Mamit, ,"Western slope of Reiek Tlang (1485m), SH Reiek - Chungtlang - Rulpuihlim",23.684222,92.599917,,,,Active
MZ/MAM/83D08/2020/17,Mizoram,Mamit,Kolalian-Hriphaw-Zamuang slide 1,Kolalian-Hriphaw-Zamuang road section,24.15,92.41,,,,Active
MZ/AIZ/84A14/2015/60,Mizoram,Aizawl, ,"Tlungvel, On Turini lui near cultivation area",23.566631,92.876781,,,,Active
MZ/AIZ/83D16/2016/49,Mizoram,Aizawl, ,N of Bukpui,24.091359,92.796008,,,,Active
MZ/SER/84A15/2016/67,Mizoram,Serchhip, ,"Northwest of Sainik School,Chhingchhip, PMGSY Chhingchhip-Hmuntha Road",23.447697,92.861729,,,,Reactivated
MZ/SER/84A16/2018/47,Mizoram,Serchhip, ,Tuichang river-Khawlailawng Section,23.21685,92.955475,,,,Suspended
MZ/LAW/84B11/2020/49,Mizoram,Lawngtlai,Charluitlang road slide,Charluitlang road,22.36,92.61,,,,Suspended
MZ/CHA/84E06/2017/26,Mizoram,Champhai, ,3km Jhum road W of N. Khwbung,23.555929,93.295668,,,,Active
MZ/MAM/84A05/2020/6,Mizoram,Mamit,South  of Mamit slide,South  of Mamit,23.87,92.5,,,,Suspended
MIZO/LUN/84B09/2005/E-5,Mizoram,Lunglei,Pachang slide, ,22.851028,92.694972,,,, 
MZ/LAW/84B15/2018/26,Mizoram,Lawngtlai, ,Multi- Modal Road,22.440001,92.879997,,,,Stabilized
MZ/CHA/84E07/2017/23,Mizoram,Champhai, ,Champhai Zokhawthar road,23.459039,93.324774,,,,Active
MZ/KOL/83D12/2016/7,Mizoram,Kolasib, ,tuithaveng check post,24.245649,92.681551,,,,Active
MZ/LUN/84B09/2018/18,Mizoram,Lunglei, ,Tuichawng-Siphirtlang road,22.904324,92.546265,,,,Active
MZ/SAI/84F03/2020/32,Mizoram,Saiha,Lana slide 2,6km away from lana,22.4,93.13,,,,Suspended
MZ/MAM/84A05/2020/3,Mizoram,Mamit,Mamit-Tuidam road section slide,Mamit-Tuidam road section,23.9,92.39,,,,Active
MZ/LUN/84F01/2018/1,Mizoram,Lunglei, ,2.5km North of South Vanlaphai on PMGSY South Vanlaphai-Muallanpui Road,22.802805,93.004639,,,,Active
MZ/KOL/83D12/2020/2,Mizoram,Mamit,South of Suarhliap slide,Mamit Bairabi road section (south of Suarhliap village),24.13,92.52,,,,Reactivated
MZ/AIZ/83H04/2017/10,Mizoram,Aizawl, ,TlangnuamDaido section,24.038279,93.140945,,,,Suspended
MZ/AIZ/83D16/2016/77,Mizoram,Aizawl, ,6km south of Sailutar,24.037336,92.922455,,,,Active
MZ/KOL/83D15/2020/17,Mizoram,Kolasib,N. Hlimen slide 2,N. Hlimen-Saipum road section,24.26,92.81,,,,Active
MZ/MAM/84A10/2015/154,Mizoram,Mamit, ,"South East of Peihte Bawk Khawrihnin; Agri-link Road Tlawng river,  Agri-link Road",23.618722,92.627389,,,,Active
MZ/LAW/84B15/2018/30,Mizoram,Lawngtlai, ,Multi- Modal Road,22.379,92.858002,,,,Stabilized
MZ/MAM/84A10/2015/121,Mizoram,Mamit, ,"South of Chungtlang, SH-Reiek- Mamit-Aizawl",23.68075,92.571917,,,,Dormant
MZ/AIZ/84A10/2015/117,Mizoram,Aizawl, ,Mizoram university-Aizawl road,23.733083,92.675611,,,,Active
MZ/CHA/84E07/2017/113,Mizoram,Champhai, ,MelbukMulkawi Rd,23.406236,93.356052,,,,Active
MZ/LAW/84B15/2018/22,Mizoram,Lawngtlai, ,Multi- Modal Road,22.445999,92.874001,,,,Suspended
MZ/CHA/84E06/2017/5,Mizoram,Champhai, ,500m W of Vapar,23.618316,93.342403,,,,Active
MZ/LAW/84B15/2018/35,Mizoram,Lawngtlai, ,Vathuampui Road,22.341,92.768997,,,,Suspended
MZ/CHA/84E02/2017/0013,Mizoram,Champhai, ,4.8km NW of Khawzawl,23.545796,93.136912,,,,Stabilized
MZ/AIZ/83H04/2017/9,Mizoram,Aizawl, ,"Near Tuivai R, east of Vanbawng",24.040972,93.078697,,,,Suspended
MZ/KLS/83D11/2020/21,Mizoram,Kolasib,Zukbual slide,NH-154,24.34,92.66,,,,Active
MZ/LUN/84B05/2020/28,Mizoram,Lunglei,North of Bindasora village slide 2,North of Bindasora village,22.89,92.46,,,,Active
MZ/CHA/84E02/2017/0074,Mizoram,Champhai, ,3.5km SE of Kawlkulh,23.60753,93.092644,,,,Active
MZ/CHA/84E05/2017/11,Mizoram,Champhai, ,NgopaTeikhang section,23.877806,93.267609,,,,Reactivated
MZ/MAM/84A10/2015/172,Mizoram,Mamit, ,"SW slope of Reiek Tlang, SH Reiek - Chungtlang - Rulpuihlim",23.674694,92.597361,,,,Dormant
MZ/LUN/84B13/2018/28,Mizoram,Lunglei, ,S. Vanlaphai-Darzo,22.827406,92.975822,,,,Active
MZ/CHA/84E07/2017/21,Mizoram,Champhai, ,20.5 Km east of Khawzawl,23.458538,93.260555,,,,Active
MZ/LUN/84A16/2018/69,Mizoram,Lunglei, ,Pangzawl-Thiltlang Section (NH 54),23.057276,92.90416,,,,Suspended
MZ/CHA/84E01/2017/49,Mizoram,Champhai, ,Near Ngopa village,23.870567,93.215149,,,,Suspended
MZ/AIZ/84E01/2017/60,Mizoram,Aizawl, ,Phullen,23.848,93.041885,,,,Suspended
MIZ/AIZ/84A13/2016/44,Mizoram,Aizawl, ,~5.5  km N of Sesawng on NH 150,23.784222,92.841972,,,,Active
MZ/CHA/84E07/2017/6,Mizoram,Champhai, ,IndoMyanmar road (north of Mualkawi),23.427713,93.33564,,,,Active
MZ/AIZ/83D16/2016/37,Mizoram,Aizawl, ,North Chaltlang,24.022079,92.771729,,,,Active
MZ/AIZ/83D16/2016/55,Mizoram,Aizawl, ,N of Bukpui,24.125996,92.805874,,,,Active
MZ/LUN/84F01/2018/3,Mizoram,Lunglei, ,"5 km East of Khawri, Hnathial-Khawri-Cherlun Road",22.983683,93.038437,,,,Active
MZ/CHA/84E06/2017/2,Mizoram,Champhai, ,7.5km NW of Vapar,23.647375,93.303415,,,,Active
MZ/KLS/83D11/2020/18,Mizoram,Kolasib,GosenVeng slide 3,NH-54,24.26,92.67,,,,Active
MZ/SER/84A15/2016/58,Mizoram,Serchhip, ,"About 500m from Chhingchhip, PMGSY Chhingchhip-Hualto Road",23.47803,92.861256,,,,Active
MZ/LUN/84A12/2018/68,Mizoram,Lunglei, ,Thenhlum-South Dampui Section,23.205305,92.585861,,,,Suspended
MZ/AIZ/83D16/2016/67,Mizoram,Aizawl, ,South of Bukpui village,24.043187,92.77542,,,,Active
MZ/LUN/84A16/2018/88,Mizoram,Lunglei, ,Lunglei-Aizawl road,23.031231,92.773987,,,,Reactivated
MZ/LAW/84B10/2020/11,Mizoram,Lawngtlai,Mualbu L to Chawngtelui road slide 1,Mualbu L to Chawngtelui road,22.54,92.69,,,,Suspended
MZ/SER/84A15/2016/49,Mizoram,Serchhip, ,"About 2km South of Chhingchhip, Near View Point, NH-54 Aizawl-Serchhip-Lunglei Road",23.454081,92.857453,,,,Dormant
MZ/LAW/84B15/2018/17,Mizoram,Lawngtlai, ,Multi- Modal Road,22.43,92.870003,,,,Suspended
MZ/CHA/84E07/2017/22,Mizoram,Champhai, ,NE of Tuipui bridge (Aizawl Champhai road),23.458778,93.263222,,,,Active
MZ/AZL/83A10/2017/01,Mizoram,Aizawl,Khatla Sinking/Subsidence,"Khatla locality, along M. G. Road, Aizawl",23.722,92.721222,,,,Active
MZ/CHA/84E02/2017/0015,Mizoram,Champhai, ,12 km NW of Khawzawl,23.563275,93.120567,,,,Active
MZ/CHA/84E02/2017/0083,Mizoram,Champhai, ,2km N of Tawitakawn,23.677967,93.087973,,,,Active
MZ/LAW/84B11/2020/59,Mizoram,Lawngtlai,Ajasora slide 6,outside Ajasora village,22.5,92.68,,,,Suspended
MZ/AIZ/83D16/2016/44,Mizoram,Aizawl, ,N. Of North Chaltlang,24.040967,92.774357,,,,Active
MZ/SAI/84B15/2018/41,Mizoram,"Saiha
", ,Lawngtlai to Saiha road,22.472,92.969002,,,,Suspended
MZ/SER/84A15/2016/74,Mizoram,Serchhip, ,"Southeast of Sainik School,Chhingchhip, PMGSY Chhingchhip-Hmuntha Road",23.293769,92.871451,,,,Active
MZ/AIZ/84A10/2015/231,Mizoram,Aizawl, ,"Melthum, SH- Aizawl - Lunglei",23.693667,92.719056,,,,Stabilized
MZ/AIZ/83D16/2016/35,Mizoram,Aizawl, ,S. Of North Chaltlang,24.010279,92.767056,,,,Active
MZ/AIZ/83D16/2016/65,Mizoram,Aizawl, ,South of Bukpui village,24.050391,92.775525,,,,Active
MZ/LUN/84A12/2018/8,Mizoram,Lunglei, ,S. Lungdai-Serte Section (Southern outskirts),23.076319,92.69873,,,,Suspended
MIZ/AIZ/84A09/2016/59,Mizoram,Kolasib, , ,23.982,92.718028,,,,Suspended
MZ/SER/84A16/2018/16,Mizoram,Serchhip, ,Thenzawl-S. Zote Section (4 km NW of S. Zote PMGSY road),23.245819,92.798233,,,,Suspended
MZ/SAI/84F04/2020/2,Mizoram,Saiha,Khopai village slide,Khopai village,22.19,93.03,,,,Suspended
MZ/SER/84A15/2016/60,Mizoram,Serchhip, ,"Chhingchhip, NH-54 Aizawl-Serchhip-Lunglei Road",23.462805,92.856093,,,,Active
MZ/LAW/84B10/2020/5,Mizoram,Lawngtlai,Chawngte P slide 2,Outside Chawngte P,22.61,92.66,,,,Suspended
MZ/LUN/84A12/2018/24,Mizoram,Lunglei, ,Buarpui-Kawlhawk Section (PMGSY road),23.235651,92.673058,,,,Suspended
MZ/SER/84E03/2017/4,Mizoram,Serchhip,Vanchengpui slide,Rullam village,23.457028,93.006722,,,,Active
MIZ/AIZ/84A09/2016/93,Mizoram,Mamit, ,~1.5 km towards Lengte,23.784278,92.597111,,,,Suspended
MZ/CHA/83H08/2017/2,Mizoram,Champhai, ,MimbungTuisa river section,24.003889,93.323502,,,,Inactive
MZ/CHA/84E07/2017/43,Mizoram,Champhai, ,Champhai  Tuipui road,23.470917,93.296417,,,,Active
MZ/CHA/84E03/2017/81,Mizoram,Champhai, ,19.5 km towards Khawzawl,23.423972,93.165944,,,,Active
MZ/LUN/84B05/2020/41,Mizoram,Lunglei,Tlabung -Tiperghat road section slide 4,SH- Tlabung -Tiperghat road,22.89,92.49,,,,Active
MZ/SAI/84F03/2020/34,Mizoram,Saiha,North of  Tlangpuikawn slide,1km north of  Tlangpuikawn,22.5,93.02,,,,Suspended
MZ/AZL/84A10/2016/02,Mizoram,Aizawl,Tlungvel Presbyterian church slide,Tlungvel village (near the Presbyterian church),23.613722,92.851889,,,,Active
MZ/CHA/84E01/2017/37,Mizoram,Champhai, ,6 km SE of Pawlrang,23.799166,93.132919,,,,Reactivated
MZ/CHA/84E07/2017/81,Mizoram,Champhai, ,2.3 km Dilkawn,23.369857,93.296657,,,,Active
MZ/AIZ/84E01/2017/53,Mizoram,Aizawl, ,ThanglailungSaitual section,23.785444,93.024612,,,,Suspended
MZ/LAW/84B10/2020/43,Mizoram,Lawngtlai,India Bangladesh Fencing road slide 7,India Bangladesh Fencing road,22.61,92.54,,,,Suspended
MZ/AIZ/83D16/2016/48,Mizoram,Aizawl, ,N of Bukpui,24.09123,92.795928,,,,Active
MZ/AIZ/84A10/2015/192,Mizoram,Aizawl, ,"2.5 km West of Samtlang, N.Lungleng - Aizawl Rd",23.657278,92.704583,,,,Active
MZ/SER/84A15/2016/68,Mizoram,Serchhip, ,"Northwest of Sainik School,Chhingchhip, PMGSY Chhingchhip-Hmuntha Road",23.447093,92.863082,,,,Active
MZ/LAW/84B16/2020/12,Mizoram,Saiha,East of Lombasu slide,East of Lombasu village,22.1,92.85,,,,Suspended
MZ/LAW/84B12/2020/30,Mizoram,Lawngtlai,Simeinisora slide,Simeinisora,22.05,92.66,,,,Suspended
MZ/LUN/84A12/2018/40,Mizoram,Lunglei, ,Sertlangpui-Kawlhawk section (PMGSY road),23.145231,92.687721,,,,Suspended
MZ/CHA/84E02/2017/0003,Mizoram,Champhai, ,4km S. f Puilo on the PMGSY road,23.548132,93.077509,,,,Active
MZ/LUN/84B09/2018/1,Mizoram,Lunglei, ,Rangte- S. Lungrang,22.786274,92.620659,,,,Active
 ,Mizoram,Aizawl,,,23.74150833,92.70785833,Rock,Slide,Cracks at the crown was reported on 04.06.2023,Active
MZ/CHA/84E02/2017/0064,Mizoram,Champhai, ,Towards Pamchung (1km from Rabung),23.687031,93.203106,,,,Active
MZ/AIZ/84A10/2015/199,Mizoram,Aizawl, ,"Southwest of Lawipu, 500m from Power House, Lawipu - Tlawng Rd",23.721167,92.675056,,,,Stabilized
MZ/KOL/83D12/2016/17,Mizoram,Kolasib, ,towards hartoki,24.187212,92.633859,,,,Active
MZ/SER/84A15/2016/27,Mizoram,Serchhip, ,"Old Serchhip, NH-54 Aizawl-Serchhip-Lunglei Road",23.293142,92.857091,,,,Active
MZ/MAM/84A10/2015/159,Mizoram,Mamit, ,"SSE of Lungphun, Agri-link Road Tlawng river",23.584417,92.622917,,,,Active
MZ/AIZ/84E01/2017/89,Mizoram,Aizawl, ,4.5 km from Thanglailung along PhullenSaitual section,23.835361,93.052414,,,,Active
MZ/CHA/84E05/2017/12,Mizoram,Champhai, ,12 km milestone to Teikhang from Ngopa,23.901638,93.278641,,,,Suspended
MZ/LUN/84A16/2018/63,Mizoram,Lunglei, ,Bualpui V-Lungmawi Section,23.129629,92.809196,,,,Suspended
MZ/AIZ/84A14/2015/67,Mizoram,Aizawl, ,"Tuirial, 200m upstream from turial bridge",23.713131,92.798942,,,,Reactivated
MZ/LUN/84B13/2018/87,Mizoram,Lunglei, ,500m N of New Dawn,22.89682,92.832611,,,,Active
MZ/CHA/84E05/2017/27,Mizoram,Champhai, ,KhuangphahVaikhawtlang section,23.793417,93.387474,,,,Reactivated
MZ/SER/84A16/2018/48,Mizoram,Serchhip, ,Piler Road Section,23.221762,92.975006,,,,Inactive
MZ/CHA/84E03/2017/21,Mizoram,Champhai, ,Chawngtalai  Tualte road,23.447639,93.223611,,,,Active
MZ/CHA/84E02/2017/0087,Mizoram,Champhai, ,3km towards Chimluang project from junction,23.638822,93.066182,,,,Active
MZ/AIZ/84A10/2015/185,Mizoram,Aizawl, ,"Northeast of  Luangmual, Mizoram Univ. - Aizawl via NH 44A",23.744028,92.698861,,,,Stabilized
MZ/SER/84E03/2017/6,Mizoram,Serchhip, ,Rullam Road,23.46025,93.01125,,,,Active
MZ/LUN/84A16/2018/19,Mizoram,Lunglei, ,Northern outskirts of S. Zote Village,23.225542,92.798363,,,,Active
MZ/CHA/84E03/2017/41,Mizoram,Champhai, ,ChamphaiKhawzawl Rd,23.474528,93.241611,,,,Active
MZ/LUN/84A12/2018/33,Mizoram,Lunglei, ,Serte Village,23.083611,92.70108,,,,Suspended
MZ/CHA/84E02/2017/18,Mizoram,Champhai, ,2km E from NgaizawlKhawzawl road junction,23.55097,93.215688,,,,Active
MZ/LAW/84B14/2018/36,Mizoram,Lawngtlai, ,Multi- Modal Road,22.527,92.891998,,,,Reactivated
MZ/CHA/84E07/2017/25,Mizoram,Champhai,Champhai slide,Champhai  Zokhawthar Bypass road,23.461111,93.320472,,,,Active
MZ/LUN/84B09/2018/5,Mizoram,Lunglei, ,Haurang-Pachang road,22.857729,92.704483,,,,Active
MIZ/AIZ/84A13/2016/3,Mizoram,Aizawl, ,"~2 km from Vanzao, 2m from previous slide",23.847246,92.927341,,,,Suspended
MZ/MAM/84A10/2015/127,Mizoram,Mamit, ,"North of Rulpuihlim, SH-Reiek- Mamit-Aizawl",23.737167,92.557167,,,,Active
MZ/CHA/84E06/2017/22,Mizoram,Champhai, ,14km N of Hnahlan,23.746832,93.377656,,,,Active
MIZ/AIZ/84A09/2016/110,Mizoram,Kolasib, ,Aizaw-Silchar road (~100m from prev loc),23.972222,92.68325,,,,Suspended
MZ/LUN/84A16/2018/72,Mizoram,Lunglei, ,Pangzawl-Thiltlang Section (NH 54),23.040543,92.909523,,,,Suspended
MZ/LUN/84B10/2020/67,Mizoram,Lunglei,Ruallalung to S Lungrang road slide 4,Ruallalung to S Lungrang road,22.71,92.66,,,,Active
MZ/AIZ/84A10/2015/202,Mizoram,Aizawl, ,"Near Police Post Forest, Tlawng - Aizawl Rd",23.719389,92.675083,,,,Dormant
MZ/CHA/84E07/2017/45,Mizoram,Champhai, ,"Kanan Veng, Champhai",23.474472,93.322667,,,,Active
MZ/KLS/83D11/2020/5,Mizoram,Kolasib,Phaisen slide,Phaisen,24.38,92.68,,,,Active
MZ/CHA/84E03/2017/48,Mizoram,Champhai, ,KhawzawlChamphai Rd,23.477806,93.236611,,,,Stabilized
MZ/SER/84A15/2016/17,Mizoram,Serchhip, ,"About 600m Southwest of Serchhip-Bungtlang junction,SH-Thenzawl-Serchhip Road.",23.288105,92.857432,,,,Reactivated
MZ/LAW/84B14/2018/47,Mizoram,Lawngtlai, ,Lawngtlai to Ngengpuikai Road,22.532,92.862999,,,,Stabilized
MZ/LUN/84B13/2018/33,Mizoram,Lunglei, ,Lunglei-Tlangpui Road,22.836016,92.759361,,,,Active
MZ/CHA/84E07/2017/66,Mizoram,Champhai, ,3.5 km south of Dilkawn,23.35691,93.301356,,,,Active
MZ/LAW/84B15/2018/10,Mizoram,Lawngtlai, ,Multi- Modal Road,22.486,92.882004,,,,Active
MZ/LUN/84B13/2018/114,Mizoram,Lunglei, ,6 Km N of Vanhe,22.957518,92.707161,,,,Active
MZ/LUN/84B13/2018/71,Mizoram,Lunglei, ,6km S of Dawn,22.872299,92.815971,,,,Active
MZ/LUN/84A16/2018/29,Mizoram,Lunglei, ,South of E. Bungtlang Village (NH-54),23.168777,92.90097,,,,Suspended
MZ/AIZ/83D16/2016/54,Mizoram,Aizawl, ,N of Bukpui,24.125631,92.805948,,,,Active
MZ/LAW/84B10/2020/3,Mizoram,Lawngtlai,Khawmawi to Chawngte P road slide 2,Khawmawi to Chawngte P road,22.51,92.74,,,,Active
MZ/MAM/84A10/2015/122,Mizoram,Mamit, ,"South of Chungtlang, SH-Reiek- Mamit-Aizawl",23.67425,92.587278,,,,Active
MZ/CHA/84E02/2017/0126,Mizoram,Champhai, ,Puilo village,23.570595,93.07382,,,,Active
MZ/LUN/84A11/2017/133,Mizoram,Lunglei, ,"About 2.5 km Southeast of  Buarpui, SH-Aibawk-Darlung- Buarpui-Lunglei Road",23.268811,92.665508,,,,Active
"MZ/LUNG/84B14/2018/3
",Mizoram,Lawngtlai, ,"Multi- Modal Road
Multi- Modal Road
",22.525999,92.888,,,,Active
MZ/AIZ/84E01/2017/71,Mizoram,Aizawl, ,SuangpuilawnE. Phaileng section,23.990028,93.010582,,,,Active
MIZ/AIZ/84A13/2016/6,Mizoram,Aizawl, ,near vanzao,23.844139,92.933,,,,Active
MZ/SER/84A15/2016/83,Mizoram,Serchhip, ,"North of Thentlang, Hmuntha, PMGSY Chhingchhip-Hmuntha Road",23.448368,92.899862,,,,Active
MZ/AIZ/83D16/2016/101,Mizoram,Aizawl, ,jhum road from darlawn,24.004313,92.904068,,,,Active
MZ/CHA/84E02/2017/0016,Mizoram,Champhai, ,Nw of Khwazawl,23.534307,93.168479,,,,Active
MZ/SAI/84B15/2018/45,Mizoram,Saiha, ,Lawngtlai to Saiha road,22.490999,92.964996,,,,Suspended
MZ/SER/84A15/2016/82,Mizoram,Serchhip, ,"North of Thentlang, Hmuntha, PMGSY Chhingchhip-Hmuntha Road",23.451505,92.900845,,,,Reactivated
MZ/CHA/84E01/2017/14,Mizoram,Champhai, ,NE of Hliappui,23.777555,93.112473,,,,Suspended
MZ/AIZ/83D16/2016/28,Mizoram,Aizawl, ,E. Of N. Hlimen,24.225691,92.805445,,,,Stabilized
MZ/LUN/84A12/2018/60,Mizoram,Lunglei, ,Near Kao river (Eastern bank) along Tleu-Thenhlum Section,23.189108,92.547783,,,,Suspended
MZ/LUN/84A16/2018/55,Mizoram,Lunglei, ,Zotuitlang-Haulawng Section,23.038668,92.794441,,,,Suspended
MZ/AIZ/84E01/2017/110,Mizoram,Aizawl, ,Suangpuilawn village,23.962278,93.035309,,,,Reactivated
MZ/CHA/84E08/2017/7,Mizoram,Champhai, ,Sazep village,23.237767,93.308461,,,,Active
MZ/AIZ/83H04/2017/4,Mizoram,Aizawl, ,SuangpuilawnLamherh section,24.001167,93.037613,,,,Suspended
MZ/SAI/84F03/2020/20,Mizoram,Saiha,North of Tlabung slide 8,4.2 km North of Tlabung on  PMGSY Tlabung - Diblibagh road,22.5,93.01,,,,Suspended
MZ/SER/84A15/2016/51,Mizoram,Serchhip, ,"South of Chhingchhip, NH-54 Aizawl-Serchhip-Lunglei Road",23.456101,92.859084,,,,Active
MZ/MAM/84A10/2015/138,Mizoram,Mamit, ,"South of Kanghmun, PMGSY-Kanghmun - Darung",23.501778,92.58575,,,,Reactivated
MZ/AIZ/84E01/2017/73,Mizoram,Aizawl, ,PhuaibuangKhawlian section,23.938028,93.121277,,,,Suspended
MZ/LUN/84B09/2018/3,Mizoram,Lunglei, ,Rangte- S. Lungrang,22.789585,92.621895,,,,Active
MZ/LUN/84B09/2018/21,Mizoram,Lunglei,Hnathial kanan veng Slide,Hnathial kanan veng,22.96703,92.925728,,,,Active
MZ/MAM/84A10/2015/148,Mizoram,Mamit, ,1.5 Km South of Lungphun; PMGSY-Kanghmun - W. Lungdar,23.588444,92.597417,,,,Active
MZ/CHA/84E07/2017/27,Mizoram,Champhai,Champhai slide,Bypass road,23.466139,93.312778,,,,Active
MIZ/AIZ/84A09/2016/100,Mizoram,Mamit, ,"Rawpuichhip-Mamit road, NH 44A",23.76821,92.539681,,,,Suspended
MZ/AIZ/84E01/2017/112,Mizoram,Aizawl, ,~16 km from Thanglailung,23.7885,93.024666,,,,Suspended
MZ/LUN/84A12/2018/73,Mizoram,Lunglei, ,Dehlui River-Lungchem Village Section,23.133902,92.623497,,,,Suspended
MZ/MAM/84A10/2015/133,Mizoram,Mamit, ,"Chungtlang, SH-Reiek- Mamit-Aizawl",23.690722,92.570139,,,,Active
MZ/CHA/84E02/2017/5,Mizoram,Champhai, ,15km E of Saitual,23.689282,93.039041,,,,Active
MZ/LUN/84B13/2018/19,Mizoram,Lunglei, ,Thaizawl village,22.812588,92.807343,,,,Active
MZ/CHA/84E07/2017/40,Mizoram,Champhai, ,18 km mile stone from Khawzawl to Champhai,23.469712,93.248874,,,,Active
MZ/CHA/84E08/2017/34,Mizoram,Champhai, ,FarkawnSamthang Rd (Near Lamsial Puk Junction),23.138981,93.288852,,,,Active
MZ/MAM/84A10/2015/123,Mizoram,Mamit, ,"North of Rulpuihlim, SH-Reiek- Mamit-Aizawl",23.728778,92.557833,,,,Active
MZ/AIZ/84A11/2016/94,Mizoram,Aizawl, ,"About 2.3 km Northwest of Samlukhai,  SH-Sialsuk-Samlukhai-Damdia Road",23.421903,92.715601,,,,Active
MZ/SER/84A15/2016/62,Mizoram,Serchhip, ,"Sainik School, Chhingchhip",23.447015,92.866917,,,,Active
MZ/MAM/84A10/2015/160,Mizoram,Mamit, ,"SSE of Lungphun, Agri-link Road Tlawng river",23.587,92.622389,,,,Active
MZ/CHA/84E01/2017/27,Mizoram,Champhai, ,PawlrangHliappui section,23.792749,93.116943,,,,Suspended
MZ/MAM/84A10/2015/151,Mizoram,Mamit, ,1 Km South of Lungphun; PMGSY-Kanghmun - W. Lungdar,23.588417,92.600889,,,,Active
MZ/CHA/84E07/2017/18,Mizoram,Champhai, ,Khuangleng village,23.303639,93.311361,,,,Suspended
MZ/CHA/84E01/2017/43,Mizoram,Champhai, ,Near 9 km milestone NE of Khawdungsei,23.938583,93.213997,,,,Suspended
MZ/CHA/84E02/2017/16,Mizoram,Champhai, ,19km E of Saitual,23.708507,93.05583,,,,Active
MZ/CHA/84E05/2017/3,Mizoram,Champhai, ,HrianghmunMimbung section,23.980749,93.28653,,,,Active
MZ/AIZ/84A14/2015/59,Mizoram,Aizawl, ,About 8.5 Km SE of Seling along SH Seling-Champhai road,23.699611,92.874917,,,,Active
MZ/CHA/84E05/2017/25,Mizoram,Champhai, ,KhuangphahVaikhawtlang section,23.795778,93.38797,,,,Suspended
MIZ/AIZ/84A13/2016/46,Mizoram,Aizawl, ,~700 m N of Sesawng,23.760222,92.848167,,,,Active
MZ/LUN/84B13/2018/9,Mizoram,Lunglei, ,Bualte Road,22.791958,92.833511,,,,Active
MIZO/AIZ/84A10/2007/E-2,Mizoram,Aizawl,Zuangtui slide, ,23.750722,92.744,,,, 
MZ/SER/84A15/2016/61,Mizoram,Serchhip, ,"Chhingchhip Venglai, NH-54 Aizawl-Serchhip-Lunglei Road",23.464394,92.855608,,,,Active
MZ/AIZ/83D16/2016/117,Mizoram,Aizawl, ,2.5km east of New vervek,24.182669,92.950748,,,,Active
MZ/LAW/84B16/2020/6,Mizoram,Saiha,SE of Tuipuibari slide 1,About 6km SE of Tuipuibari on SH Aizawl - West Phaileng - Tupiuibar - Rajiv Nagar road.,22.22,92.95,,,,Suspended
MZ/KOL/83D12/2016/12,Mizoram,Kolasib, ,Kawnpui,24.033563,92.674267,,,,Active
MZ/LAW/84B14/2018/45,Mizoram,Lawngtlai, ,Lawngtlai to Ngengpuikai Road,22.525,92.865997,,,,Suspended
MZ/LUN/84B13/2018/119,Mizoram,Lunglei, ,Thuampui village,22.977497,92.70578,,,,Active
MZ/SER/84A15/2016/39,Mizoram,Serchhip, ,"IOC Veng, Serchhip, NH-54 Aizawl-Serchhip-Lunglei Road",23.320289,92.854914,,,,Relict
MZ/SER/84F01/2018/14,Mizoram,Serchhip, ,200m from the Bridge of Valva Lui on SH East Lungdar-Serchhip Road,23.182667,93.026138,,,,Inactive
MZ/MAM/84A10/2015/140,Mizoram,Mamit, ,"South of Kanghmun, PMGSY-Kanghmun - Darung",23.500083,92.585889,,,,Active
MZ/MAM/84A05/2020/2,Mizoram,Mamit,Mamit-Tuidam old road section slide 2,"Mamit-Tuidam old road section, near Tuidam water reservoir (NRDWP)",23.93,92.37,,,,Active
MZ/MAM/84A05/2020/4,Mizoram,Mamit,Dapchuah-Dampui slide 1,Dapchuah-Dampui road section,23.8,92.5,,,,Active
MZ/MAM/84A10/2015/146,Mizoram,Mamit, ,3.5 Km South of Lungphun; PMGSY-Kanghmun - W. Lungdar,23.580139,92.591139,,,,Active
MZ/AIZ/84A10/2015/188,Mizoram,Aizawl, ,"Luangmual Near Power Station, Mizoram Univ. - Aizawl",23.745444,92.749556,,,,Dormant
MZ/KOL/83D12/2016/18,Mizoram,Kolasib, ,towards hartoki,24.171459,92.641035,,,,Active
MZ/CHA/83H08/2017/1,Mizoram,Champhai, ,MimbungTuisa river section,24.000334,93.300278,,,,Reactivated
MZ/MAM/84A10/2015/163,Mizoram,Mamit, ,"North of Hreichuk, PMGSY W Lungdar - Darung",23.608389,92.596889,,,,Active
MZ/AIZ/83D16/2016/86,Mizoram,Aizawl, ,8km  south of Ratu,24.07462,92.91518,,,,Active
MZ/LUN/84B13/2018/121,Mizoram,Lunglei, ,Near Tarpho-Aithur Jnctn,22.986418,92.999901,,,,Active
MZ/SER/84A15/2016/65,Mizoram,Serchhip, ,"South of Chhingchhip, PMGSY Chhingchhip-Hmuntha Road",23.447985,92.856607,,,,Active
MIZ/AIZ/84A09/2016/122,Mizoram,Aizawl, ,Serkhan-Luangmuat road section,23.924278,92.744806,,,,Dormant
MZ/CHA/84E03/2017/77,Mizoram,Champhai, ,North of Khawhai  (Agrilink road),23.414113,93.136272,,,,Reactivated
MZ/MAM/83D08/2020/18,Mizoram,Mamit,Kolalian-Hriphaw-Zamuang slide 2,Kolalian-Hriphaw-Zamuang road section,24.14,92.41,,,,Reactivated
MZ/LUN/84B13/2018/53,Mizoram,Lunglei, ,Hranchalkawn-Zobawk Road,22.849134,92.809334,,,,Active
MIZ/AIZ/84A09/2016/54,Mizoram,Aizawl, ,~2 km from Serkhan towards Khawnpui,23.918694,92.740389,,,,Active
MZ/KOL/83D12/2016/4,Mizoram,Kolasib, ,kolasib nh54 near rb motors,24.214366,92.680404,,,,Active
MZ/CHA/84E08/2017/12,Mizoram,Champhai, ,Samthang  Farkawn shortcut road,23.164508,93.270428,,,,Active
MZ/CHA/84E07/2017/103,Mizoram,Champhai, ,KhuanglengChamphai Rd,23.306444,93.303889,,,,Relict
MZ/AIZ/84E02/2017/38,Mizoram,Aizawl, ,19.5 km E of keifang (kawlkulh road),23.66958,93.02425,,,,Active
MZ/LUN/84A12/2018/63,Mizoram,Lunglei, ,Tleu-Thenhlum Section,23.188799,92.55249,,,,Suspended
MZ/CHA/84E07/2017/118,Mizoram,Champhai, ,MelbukMulkawi Rd,23.412845,93.33833,,,,Active
MZ/AIZ/84E01/2017/90,Mizoram,Aizawl, ,PhullenPhuaibuang,23.870583,93.095444,,,,Suspended
MZ/AIZ/83D16/2016/104,Mizoram,Aizawl, ,N. Of New Vervek,24.190369,92.94432,,,,Active
MZ/AIZ/83D16/2016/102,Mizoram,Aizawl, ,darlawn,24.004186,92.904111,,,,Active
MZ/CHA/84E08/2017/32,Mizoram,Champhai, ,Saikhumphai Rd,23.140294,93.344976,,,,Active
MIZ/MAM/84A09/2016/128,Mizoram,Mamit, , ,23.757805,92.561473,,,,Suspended
MZ/LUN/84A12/2018/2,Mizoram,Lunglei, ,N of North Mualthuam Village,23.118336,92.741035,,,,Suspended
MZ/CHA/84E07/2017/80,Mizoram,Champhai, ,ZokhawtharHruikawn Rd,23.368386,93.380632,,,,Active
MZ/AIZ/83D16/2016/93,Mizoram,Aizawl, ,on the way to N. Serzawl,24.025487,92.907485,,,,Active
MZ/LAW/84B15/2018/16,Mizoram,Lawngtlai, ,Multi- Modal Road,22.447001,92.882004,,,,Active
MIZO/LUN/84B13/2005/E-26,Mizoram,Lunglei,Lunglei-13 slide, ,22.84808,92.79831,,,, 
MZ/CHA/84E01/2017/33,Mizoram,Champhai, ,"Ngopa village, 0 pointTuivai R",23.886723,93.200279,,,,Active
MIZ/AIZ/84A09/2016/86,Mizoram,Mamit, ,Sairang - Silchar road,23.855535,92.648953,,,,Suspended
MZ/LUN/84A12/2018/28,Mizoram,Lunglei, ,Buarpui-Kawlhawk Section (PMGSY road),23.219172,92.67691,,,,Suspended
MZ/AIZ/84A14/2015/111,Mizoram,Aizawl, ,"Seling-Champhai SH about 1.3km South of Turini bridge, on  SH Seling-Champhai rd",23.671,92.888333,,,,Reactivated
MZ/AIZ/84E01/2017/57,Mizoram,Aizawl, ,ZawnginPhullen section,23.882055,93.041222,,,,Suspended
MZ/CHA/84E01/2017/22,Mizoram,Champhai, , ,23.939194,93.214195,,,,Active
MZ/LUN/84B09/2018/20,Mizoram,Lunglei, ,4km N of Pukpui,22.965527,92.731926,,,,Active
MZ/LUN/84A12/2018/23,Mizoram,Lunglei, ,Buarpui-Kawlhawk Section (PMGSY road),23.24774,92.671333,,,,Suspended
MZ/LUN/84B09/2018/2,Mizoram,Lunglei, ,Rangte- S. Lungrang,22.786629,92.62748,,,,Active
MIZ/AIZ/84A09/2016/49,Mizoram,Aizawl, ,Siphir-Lungdai section,23.851361,92.742222,,,,Active
MZ/SER/84A15/2016/42,Mizoram,Serchhip, ,"P & E Veng,(Power and Electric department), Serchhip",23.314208,92.858096,,,,Active
MZ/AIZ/83D16/2016/95,Mizoram,Aizawl, ,Sunhluchip,24.067478,92.893471,,,,Active
MZ/AIZ/84A10/2014/01,Mizoram,Aizawl,Laiputlang,Laiputlang,23.74372,92.72417,,,,Suspended
MZ/LUN/84B09/2018/13,Mizoram,Lunglei, ,Haurang village,22.883656,92.715782,,,,Active
MZ/SAI/84F04/2020/1,Mizoram,Saiha,SW of Zawngling slide,SW of Zawngling village,22.25,93.03,,,,Suspended
MZ/CHA/84E01/2017/42,Mizoram,Champhai, ,Near Ngopa village,23.868279,93.222557,,,,Suspended
MZ/LUN/84B13/2018/30,Mizoram,Lunglei, ,E Rotlang- S. Mualthuam,22.832573,92.892761,,,,Active
MZ/AIZ/84E01/2017/98,Mizoram,Aizawl, ,SuangpuilawnE. Phaileng section,23.957556,93.026558,,,,Suspended
MIZ/AIZ/84A09/2016/77,Mizoram,Aizawl, ,"Gate for Mizoram Truck Owners' Association, 57 km Khawnpui milestone",23.754493,92.690145,,,,Suspended
MZ/LUN/84A16/2018/65,Mizoram,Lunglei, ,Bualpui V-Lungmawi Section,23.125807,92.817886,,,,Suspended
MZ/CHA/84E07/2017/42,Mizoram,Champhai, ,"Near 135km Seiling mile stone, Tuipui, Aizawl Champhai road",23.470329,93.26728,,,,Active
MIZ/AIZ/84A09/2016/52,Mizoram,Aizawl, ,Near View point on Siphir-Serkhan road,23.852722,92.743306,,,,Active
MZ/MAM/84A10/2015/181,Mizoram,Mamit, ,"Southwest of Tlawng Hydro-Project, SH- Aizawl - Reiek",23.712306,92.649528,,,,Active
MZ/LUN/84B10/2020/72,Mizoram,Lunglei,S Lungrang to Lalnutui road slide 3,S Lungrang to Lalnutui road,22.74,92.63,,,,Suspended
MZ/KOL/83D12/2016/1,Mizoram,Kolasib, ,Rengtekawn,24.240244,92.694292,,,,Stabilized
MIZ/AIZ/84A13/2016/127,Mizoram,Aizawl, ,Khawkawi section,23.865694,92.932639,,,,Suspended
MZ/AIZ/84E01/2017/107,Mizoram,Aizawl, ,Zawngin village,23.899305,93.015587,,,,Suspended
MZ/LUN/84A16/2018/73,Mizoram,Lunglei, ,Northern outskirts of Thiltlang Village (NH 54),23.025131,92.91922,,,,Inactive
MZ/CHA/84E07/2017/121,Mizoram,Champhai,Mualkawi slide,Mualkawi village,23.4195,93.331917,,,,Active
MZ/CHA/84E03/2017/30,Mizoram,Champhai,Vanchengpui slide,Near Vanchengpui  Rullam junction,23.462917,93.04575,,,,Suspended
MZ/AIZ/84A14/2015/93,Mizoram,Aizawl, ,"Keifang, BRTF Quarry,  SH- Keifang- Champhai road",23.667306,92.978028,,,,Active
MZ/CHA/84E07/2017/50,Mizoram,Champhai, ,Champhai,23.476989,93.377213,,,, 
MIZ/AIZ/84A09/2016/88,Mizoram,Aizawl, ,Silchar road,23.933904,92.673871,,,,Suspended
MZ/AIZ/84A14/2015/64,Mizoram,Aizawl, ,"North of Thingsultliah along NH 54, NW slope of 982 peak",23.695444,92.861667,,,,Active
MZ/SER/84A15/2016/26,Mizoram,Serchhip, ,"About 200m North of Road junction, Serchhip, NH-54 Aizawl-Serchhip-Lunglei Road",23.291063,92.860374,,,,Dormant
MZ/LUN/84A12/2018/15,Mizoram,Lunglei, ,Thuampui-S. Lungdai Section,23.005594,92.703522,,,,Suspended
MZ/LAW/84B11/2020/40,Mizoram,Lawngtlai,Vaseikai to Fangfarlui slide,Vaseikai to Fangfarlui,22.35,92.65,,,,Suspended
MZ/LUN/84A16/2018/86,Mizoram,Lunglei, ,Lunglei-Aizawl road (~5.8 km south of Haulawng Village),23.017555,92.771515,,,,Suspended
MZ/LUN/84B13/2018/89,Mizoram,Lunglei, ,Tuipui D,22.897877,92.934364,,,,Active
MIZ/AIZ/84A13/2016/10,Mizoram,Aizawl, ,~3.5 km S of Kepran,23.929083,92.922778,,,,Active
MZ/LUN/84A16/2018/10,Mizoram,Lunglei, ,Haulawng-Bualpui V. Section (PMGSY road),23.132685,92.798332,,,,Suspended
MZ/LUN/84B13/2018/81,Mizoram,Lunglei, ,Leite-E Rotlang,22.889872,92.903984,,,,Active
MZ/LAW/84B10/2020/40,Mizoram,Lawngtlai,Silsury to Chhotapansury slide,Silsury to Chhotapansury road,22.67,92.56,,,,Suspended
MZ/CHA/84E05/2017/13,Mizoram,Champhai, ,NgopaTeikhang section,23.890694,93.275024,,,,Reactivated
MZ/CHA/84E07/2017/75,Mizoram,Champhai, ,Hruikawn Rd (Zokhawthar),23.366694,93.380139,,,,Active
MZ/SER/84F01/2018/1,Mizoram,Serchhip, ,3.5Km South of Lungkawl Village on PMGSY North Vanlaphai-Cherlun Road,23.057222,93.080002,,,,Inactive
MZ/CHA/84E02/2017/0009,Mizoram,Champhai, ,16km N of Khawzawl,23.608133,93.201022,,,,Active
MZ/CHA/84E07/2017/57,Mizoram,Champhai, ,Vengthar (near slaughter house),23.490702,93.33685,,,,Reactivated
MZ/AIZ/84E02/2017/30,Mizoram,Aizawl, ,13.5km S OF Dulte,23.639484,93.032189,,,,Active
MZ/AIZ/84E01/2017/106,Mizoram,Aizawl, ,SuangpuilawnLamherh section,23.983694,93.044418,,,,Suspended
MZ/LUN/84A16/2018/24,Mizoram,Lunglei, ,4 km milestone to Pangzawl Village (NH-54),23.103046,92.8983,,,,Suspended
MZ/CHA/84E05/2017/8,Mizoram,Champhai, ,KawlbemVaikhawtlang section,23.842167,93.373917,,,,Reactivated
MZ/AIZ/84A10/2015/232,Mizoram,Aizawl, ,"Melthum, SH- Aizawl - Lunglei",23.687833,92.722444,,,,Stabilized
MZ/LUN/84B13/2018/36,Mizoram,Lunglei, ,about 1 Km from TNT along Lunglei- Lawngtlai Rd,22.837809,92.798653,,,,Reactivated
MIZ/AIZ/84A09/2016/94,Mizoram,Mamit, ,Lengpui-Mamit road on NH 44A,23.826694,92.603833,,,,Suspended
MZ/AIZ/84E02/2017/35,Mizoram,Aizawl, ,15km E of Keifang,23.705262,93.008904,,,,Active
MZ/SER/84A15/2016/121,Mizoram,Serchhip, ,"Northwest of Thenzawl, SH-Thenzawl-Buarpui Road",23.297332,92.740677,,,,Active
MZ/CHA/84E07/2017/53,Mizoram,Champhai, ,Sesih village,23.297894,93.332441,,,,Active
MZ/LAW/84B10/2020/29,Mizoram,Lawngtlai,Saizawh W to Ngharum road slide 2,Saizawh W to Ngharum road,22.65,92.61,,,,Suspended
MZ/CHA/84E02/2017/2,Mizoram,Champhai, ,kawlkulh,23.602028,93.083824,,,,Active
MZ/CHA/84E01/2017/40,Mizoram,Champhai, ,19 km from ngopa,23.88139,93.243027,,,,Active
MZ/LAW/84B16/2020/21,Mizoram,Saiha,South of Tongkolong slide 1,4 km south of Tongkolong village,22.15,92.88,,,,Stabilized
MIZ/AIZ/84A09/2016/95,Mizoram,Mamit, ,Lengpui-Mamit road on NH 44A,23.808528,92.595222,,,,Suspended
MIZ/AIZ/84A13/2016/32,Mizoram,Aizawl, ,~16 km from Khawruhlian towards Sesawng on NH 150,23.860102,92.834056,,,,Active
MZ/AIZ/84E01/2017/85,Mizoram,Aizawl, ,"3 km from Tuivai river, near Ainawl",23.85075,93.115608,,,,Suspended
MIZ/AIZ/84A13/2016/133,Mizoram,Aizawl, ,NE periphery of Buhban village,23.812139,92.954167,,,,Suspended
MZ/LAW/84B11/2020/54,Mizoram,Lawngtlai,Ajasora slide 1,outside Ajasora village,22.43,92.71,,,,Suspended
MZ/CHA/84E07/2017/63,Mizoram,Champhai, ,Dilkawn Rd,23.351115,93.296893,,,,Active
MZ/LAW/84B14/2018/20,Mizoram,Lawngtlai, ,"NH 54
",22.577583,92.870277,,,,Stabilized
MZ/CHA/84E05/2017/24,Mizoram,Champhai, ,KawlbemNgopa section,23.881971,93.250969,,,,Suspended
MZ/LAW/84B14/2018/51,Mizoram,Lawngtlai, ,Lawngtlai to Ngengpuikai Road,22.513,92.793999,,,,Active
MZ/LUN/84A16/2018/23,Mizoram,Lunglei, ,Northern outskirts of Pangzawl Village (NH-54),23.092573,92.896141,,,,Inactive
MZ/MAM/83D08/2020/16,Mizoram,Mamit,North of Hriphaw slide,~500 m North of Hriphaw,24.2,92.42,,,,Suspended
MIZ/AIZ/84A09/2016/113,Mizoram,Kolasib, ,"Aizaw-Silchar road, 9 km milestone S of Kawnpui",23.976412,92.683312,,,,Suspended
MZ/SAI/84B15/2018/60,Mizoram,Saiha, ,Serkawr Road,22.381001,92.978996,,,,Active
MZ/CHA/84E01/2017/1,Mizoram,Champhai, ,NgopaPawlrang section,23.801001,93.166359,,,,Suspended
MZ/LUN/84B13/2018/52,Mizoram,Lunglei, ,E Rotlang- S. Mualthuam,22.848185,92.886963,,,,Active
MZ/LUN/84B13/2018/96,Mizoram,Lunglei, ,New Dawn,22.902414,92.829948,,,,Active
MIZ/AIZ/84A13/2016/34,Mizoram,Aizawl, ,~25.8 km from Khawruhlian towards Sesawng on NH 150,23.825205,92.830469,,,,Active
MZ/AIZ/83H04/2017/14,Mizoram,Aizawl, ,VanbawngN Khawlek section,24.046499,93.04422,,,,Suspended
MZ/SAI/84B15/2018/42,Mizoram,Saiha, ,Lawngtlai to Saiha road,22.478001,92.966003,,,,Suspended
MZ/AIZ/84A10/2015/71,Mizoram,Mamit, ,"Near Bawngthah village, NH-54 road.",23.503611,92.615556,,,,Active
MZ/CHA/84E06/2017/10,Mizoram,Champhai, ,13.5 km N of Vapar,23.666608,93.350691,,,,Active
MZ/LUN/84B13/2018/122,Mizoram,Lunglei, ,Mausen-Pukpui road,22.993277,92.72374,,,,Active
MZ/AIZ/84A10/2015/198,Mizoram,Aizawl, ,"Southwest of Lawipu, Near Power House, Lawipu - Tlawng Rd",23.722222,92.682278,,,,Active
MZ/LUN/84A16/2018/79,Mizoram,Lunglei, ,Southern part of Thiltlang Village (NH 54),23.017494,92.920425,,,,Active
MZ/SER/84A15/2016/73,Mizoram,Serchhip, ,"Southeast of Sainik School,Chhingchhip, PMGSY Chhingchhip-Hmuntha Road",23.442118,92.868912,,,,Active
MZ/MAM/84A05/2020/11,Mizoram,Mamit,Bunghmun slide,Serhmun-Bungmun-Kawrtethaeveng  road section (near Bunghmun village),23.79,92.36,,,,Suspended
MZ/LUN/84A16/2018/25,Mizoram,Lunglei, ,Pangzawl-Rawpui road Section,23.113066,92.891212,,,,Dormant
MZ/LUN/84A11/2017/135,Mizoram,Lunglei, ,"North of Buarpui, SH-Aibawk-Darlung- Buarpui-Lunglei Road",23.298044,92.648759,,,,Active
MZ/MAM/84A10/2015/167,Mizoram,Mamit, ,Lungphun (Near Govt.High school) PMGSY W. Lungdar- Darung,23.590722,92.604694,,,,Active
MZ/AIZ/84A14/2015/114,Mizoram,Aizawl, ,16.5 Km from Seling aon  SH Seling-Champhai rd,23.665806,92.892639,,,,Active
MIZ/AIZ/84A09/2016/57,Mizoram,Aizawl, ,"Serkhan-Khawnpui section, Silchar road",23.934222,92.730611,,,,Suspended
MZ/LUNG/84B14/2018/28,Mizoram,Lunglei, ,"NH 54 2 kms south of N. Tawipui II
",22.705,92.842003,,,,Suspended
MZ/CHA/84E07/2017/107,Mizoram,Champhai, ,East of Melbuk (new rd cut),23.397417,93.385722,,,,Active
MZ/AIZ/83D16/2016/53,Mizoram,Aizawl, ,N of Bukpui,24.125294,92.805847,,,,Active
MZ/LUN/84A16/2018/68,Mizoram,Lunglei, ,Tuichang River-Pangzawl Section,23.07859,92.870544,,,,Suspended
MZ/LUN/84B13/2018/20,Mizoram,Lunglei, ,Thaizawl village,22.813019,92.805801,,,,Active
MZ/CHA/84E07/2017/67,Mizoram,Champhai, ,3 km mile stone Dilkawn,23.359579,93.298884,,,,Active
MZ/CHA/84E02/2017/0007,Mizoram,Champhai, ,14.5 km N of Khawzawl,23.604431,93.204251,,,,Active
MZ/LUN/84A16/2018/13,Mizoram,Lunglei, ,North of Sekhum Village,23.142357,92.750961,,,,Suspended
MZ/LUN/84A16/2018/56,Mizoram,Lunglei, ,South of S. Zote Village towards Chiphhir,23.208055,92.795555,,,,Suspended
MZ/LAW/84B15/2018/24,Mizoram,Lawngtlai, ,Multi- Modal Road,22.450001,92.870003,,,,Suspended
MZ/AIZ/84A14/2015/104,Mizoram,Aizawl, ,About 3km South of Keifang village on SH Keifang-Seling road.,23.656556,92.964611,,,,Reactivated
MZ/CHA/84E03/2017/13,Mizoram,Champhai, ,Tlangpui road,23.336389,93.074722,,,,Active
MZ/AIZ/84E01/2017/93,Mizoram,Aizawl, ,"Ainawl village, near Tuivai river",23.887251,93.095612,,,,Suspended
MZ/SER/84F01/2018/18,Mizoram,Champhai, ,8.5km SE of East Lungdar on PMGSY East Lungdar - Biate Road,23.244541,93.099533,,,,Stabilized
MZ/AIZ/84A11/2016/93,Mizoram,Aizawl, ,"About 2.5 km Northwest of Samlukhai,  SH-Sialsuk-Samlukhai-Damdia Road",23.423348,92.715571,,,,Active
MIZO/LUN/84B13/2005/E-13,Mizoram,Lunglei,Lunglei slide, ,22.88281,92.74583,,,, 
MZ/LAW/84B11/2020/41,Mizoram,Lawngtlai,Fangfarlui slide 3,Fangfarlui river,22.34,92.65,,,,Suspended
MZ/SAI/84F03/2020/15,Mizoram,Saiha,North of Pukzing slide 1,North of Pukzing,22.32,93.02,,,,Stabilized
MZ/AIZ/84E01/2017/105,Mizoram,Aizawl, ,11.5 km from Phullen,23.805779,93.027115,,,,Suspended
MIZ/MAM/84A09/2016/125,Mizoram,Mamit, , ,23.821894,92.569325,,,,Suspended
MZ/CHA/84E07/2017/95,Mizoram,Champhai, ,MelbukMulkawi Rd,23.391352,93.376359,,,,Active
MZ/CHA/84E02/2017/0014,Mizoram,Champhai, ,Nw of Khwazawl,23.548173,93.131588,,,,Stabilized
MZ/LUN/84B13/2018/58,Mizoram,Lunglei, ,Zobawk village,22.862442,92.826431,,,,Active
MZ/SER/84E03/2017/8,Mizoram,Serchhip, ,Rullam Rd,23.462173,93.014317,,,,Active
MZ/CHA/84E02/2017/0080,Mizoram,Champhai, ,2.2km N of Kawlkulh (Ngopa road),23.64119,93.085929,,,,Active
MZ/KOL/83D15/2020/36,Mizoram,Kolasib,NEEPCO Guest House-Saipum village road slide 1,NEEPCO Guest House-Saipum village road (NH 306A),24.37,92.87,,,,Active
MZ/AIZ/84E01/2017/84,Mizoram,Aizawl, ,ThanglailungSaitual section,23.794195,93.025055,,,,Suspended
MZ/SER/84A15/2016/79,Mizoram,Serchhip, ,"Northwest of Tuikum River Bridge,Chhingchhip, PMGSY Chhingchhip-Hmuntha Road",23.440973,92.87909,,,,Active
