Slide_No,State,District,Slide_Name,NH_SH_Location,Latitude,Longitude,Material_Involved,Movement_Type,History_Date,Activity
NAG/ZUN/83K09/2016/048,Nagaland,Kiphire, ,At Kisetong village,25.956083,94.719475,,,,Active
NAG/MOKH/83J08/2015/ 0096,Nagaland,Mokokchung, ,Near the entrance gate of Longkang village,26.389556,94.616667,,,,Reactivated
NG/MON/83N01/2017/44,Nagaland,Mon, ,PhuktongTuimei rd,26.824694,95.076889,,,,Active
NG/MON/83N2/2017/61,Nagaland,Mon, ,Near Shianghatangteh,26.641861,95.07475,,,,Active
NAG/WOKH/83J08/2015/0034,Nagaland,Wokha, ,Wokha to Kohima road. Near LongsachungNH 61 meetinh point,26.033528,94.257306,,,,Active
NG/PHE/83K6/2015/254,Nagaland,Phek, ,Pfiitsero-Sakraba-Phek road,25.654,94.438,,,,Suspended
NAG/ZUN/83J12/2016/0060,Nagaland,Zunheboto, ,4 km N of Satami,26.114866,94.63475,,,,Reactivated
NAG/MOK/83J/7/2016/0016,Nagaland,Mokokchung, ,Bewteen Chungtia-Longjongkong,26.39425,94.444333,,,,Active
NAG/MOKH/83J08/2015/ 0098,Nagaland,Mokokchung, ,Longkong village,26.391361,94.620083,,,,Suspended
NAG/KOH/83K1/2016/074,Nagaland,Kohima, ,Phekerkrie,25.832806,94.06175,,,,Active
NAG/WOKH/83J08/2015/0036,Nagaland,Wokha, ,Wokha to Kohima road. Near LongsachungNH 61 meetinh point,26.0325,94.256,,,,Active
NG/MON/83N01/2017/43,Nagaland,Mon, ,PhuktongTuimei rd,26.824278,95.077,,,,Reactivated
NAG/WOK/83J/4/2016/0030,Nagaland,Wokha, ,Doyang to Sanis Road,26.216583,94.240556,,,,Active
NA/PER/83G10/2020/10,Nagaland,Peren, ,Peren town,25.53,93.74,,,,Dormant
NAG/MOKH/83J08/2015/ 0113,Nagaland,Mokokchung, ,Longsang Village,26.479167,94.543806,,,,Reactivated
NG/TUE/83J15/2017/17,Nagaland,Tuensang, ,6 km NE of Naksho Village,26.293056,94.839167,,,,Reactivated
NG/MON/83N2/2017/60,Nagaland,Mon, ,Near Shianghatangteh,26.639472,95.075083,,,,Active
NG/PHE/83K6/2015/292,Nagaland,Phek, ,Kohima-Pfiitsero-Meluri road (NH150?).,25.614,94.493,,,,Suspended
NAG/ZUNH/83J08/2015/ 0069,Nagaland,Zunheboto, ,"NH 61, V. K. Town",26.178,94.41275,,,,Active
NAG/TUN/83J16/2016/0045,Nagaland,Tuensang, ,2km West of Lonkhim village,26.210043,94.683989,,,,Reactivated
NAG/WOK/83J/4/2016/0082,Nagaland,Wokha, ,Longtsung village,26.109167,94.116167,,,,Active
NA/PER/83G10/2020/3,Nagaland,Peren, ,Peren-Tening Road,25.51,93.71,,,,Suspended
NA/DIM/83G13/2020/4,Nagaland,Dimapur, ,'Nihokhu,25.84,93.98,,,,Dormant
NAG/WOK/83K1/2016/151,Nagaland,Wokha, ,Nearly 6 km SW of Longchum,25.984456,94.031639,,,,Active
NG/KOH/83K2/2015/186,Nagaland,Kohima, ,On the immediate downslope of NH-29,25.63,94.103,,,,Suspended
NG/LON/83J14/2017/3,Nagaland,Longleng, ,7km N of Longleng Town.,26.529444,94.837778,,,,Reactivated
NG/KOH/83K2/2015/87,Nagaland,Kohima, ,Secretariat-BSF Camp road,25.686,94.119,,,,Active
NG/MON/83N01/2017/40,Nagaland,Mon, ,PhuktongTuimei rd,26.820528,95.078722,,,,Active
NL/PHE/83K02/2014/35,Nagaland,Phek,Lasumivillage slide,Pfiitsero- Tadubi road,25.53633,94.23894,,,,Suspended
NG/KOH/83K2/2015/72,Nagaland,Kohima, ,Secretariat-BSF Camp road,25.695,94.108,,,,Active
NG/MON/83N2/2017/59,Nagaland,Mon, ,Aboi Chinkhao Road,26.578028,95.028278,,,,Active
NAG/WOKH/83J08/2015/0024,Nagaland,Wokha, ,"NH 61, Seluku Village",26.131917,94.323611,,,,Active
NA/DIM/83G13/2020/46,Nagaland,Dimapur, ,NIT Nagaland Campus,25.79,93.78,,,,Suspended
NG/MON/83J14/2017/14,Nagaland,Mon, ,5 km south of Totok Village,26.641111,94.990278,,,,Inactive
NG/PHE/83K2/2015/65,Nagaland,Phek, ,On Chakhabama-Chozuba-Zunheboto SH,25.671,94.21,,,,Suspended
NAG/MOKH/83J08/2015/ 0107,Nagaland,Mokokchung, ,Way to Chare,26.320861,94.559278,,,,Reactivated
NAG/KOH/83K1/2016/118,Nagaland,Kohima, ,Tseminuyu,25.896389,94.203556,,,,Active
NG/MON/83J14/2017/16,Nagaland,Mon, ,Near the big iron bridge over the Yanguyu River,26.637222,94.981389,,,,Reactivated
NG/MON/83N3/2017/19,Nagaland,Mon, ,Near Tamkao,26.378222,95.009,,,,Active
NG/KOH/83K2/2015/168,Nagaland,Kohima, ,NH-29,25.708,94.04,,,,Dormant
NG/MON/83N2/2017/1,Nagaland,Mon, ,"Chingai Ward, Mon Town",26.727722,95.033056,,,,Reactivated
NA/DIM/83G13/2020/38,Nagaland,Dimapur, ,NH29/Dimapur-Kohima Rd,25.77,93.81,,,,Suspended
NAG/KOH/83K1/2016/057,Nagaland,Kohima, ,Kijumetouma,25.757639,94.223583,,,,Active
NAG/KIP/83K13/2016/013,Nagaland,Kiphire, ,At Amahatore road,25.940053,94.797197,,,,Active
NG/PHE/83K6/2015/293,Nagaland,Phek, ,Pfiitsero-Sakraba-Phek road,25.623,94.354,,,,Suspended
NG/KOH/83K2/2015/80,Nagaland,Kohima, ,"Lower Jail colony, Kohima Town",25.662,94.096,,,,Suspended
NG/MON/83N01/2017/33,Nagaland,Mon, ,PhuktongTuimei rd,26.813917,95.075667,,,,Inactive
NAG/ZUN/83K09/2016/118,Nagaland,Kiphire, ,West of Satoi village,25.833644,94.518333,,,,Active
NAG/ZUN/83K09/2016/132,Nagaland,Kiphire, ,Towards Khukishe village,25.966581,94.565806,,,,Active
NG/LON/83J15/2017/32,Nagaland,Longleng, ,2.6 km S of Yungphong Village.,26.435278,94.863333,,,,Reactivated
NA/PER/83G10/2020/17,Nagaland,Peren, ,"GMS Keletzai Colony, Ward-2",25.54,93.74,,,,Active
NG/LON/83J14/2017/13,Nagaland,Longleng, ,6km N of Yongshei Village,26.590556,94.764167,,,,Reactivated
NG/PHE/83K14/2017/64,Nagaland,Phek, ,Kuzato to Wazeho,25.660583,94.755389,,,,Active
NAG/WOKH/83J08/2015/0058,Nagaland,Wokha, ,Near Zuvatong Colony,26.085528,94.257556,,,,Reactivated
NG/PHE/83K10/2017/24,Nagaland,Phek, ,LanezhoKizare road,25.650556,94.5095,,,,Active
NL/KOH/83K02/2014/08,Nagaland,Kohima,7.5 km slide,Kohima pedi- peren road,25.66969,94.06267,,,,Active
NAG/TUE/83J15/2009/F-12,Nagaland,Tuensang,Washomung (Bhumbak Village) slide, ,26.37639,94.84056,,,, 
NAG/ZUN/83K5/2016/020,Nagaland,Zunheboto, ,Kilomi New,25.866722,94.372639,,,,Reactivated
NAG/KIP/83K13/2016/052,Nagaland,Kiphire, ,South of Tethyo village,25.784961,94.789617,,,,Active
NG/LON/83J14/2017/12,Nagaland,Longleng, ,1.5km N of Yongshei Village,26.562222,94.773056,,,,Reactivated
NL/PHE/83K02/2014/32,Nagaland,Phek, ,SH Zunheboto road- Chuzuba,25.55408,94.23669,,,,Active
NG/PHE/83K6/2015/279,Nagaland,Phek, ,Pfiitsero-Sakraba-Phek road,25.624,94.348,,,,Suspended
NAG/WOKH/83J08/2015/0053,Nagaland,Wokha, ,Wokha Village B khel,26.112194,94.259111,,,,Active
NAG/WOKH/83J08/2015/0014,Nagaland,Wokha, ,1.5 km NE of Niroyo Village.,26.065972,94.270389,,,,Active
NG/DIM/83G14/2015/8,Nagaland,Dimapur, , ,25.74,93.775,,,,Dormant
NAG/KIP/83K13/2016/029,Nagaland,Kiphire, ,North of Tethezu village,25.905494,94.769017,,,,Active
NAG/ZUN/83K09/2016/102,Nagaland,Kiphire, ,At Yangzitong village,25.941525,94.652408,,,,Active
NAG/WOKH/83J08/2015/0006,Nagaland,Wokha, ,"Longla Village, 17 km SE of Wokha Town.",26.053667,94.307917,,,,Active
NA/DIM/83G13/2020/28,Nagaland,Dimapur, ,NH-29,25.78,93.93,,,,Dormant
NAG/WOK/83K1/2016/140,Nagaland,Wokha, ,Nearly 1 km E of Kandinu,25.998778,94.264853,,,,Active
NG/MOK/83J10/2017/14,Nagaland,Mokukchung, ,TuliAmguri rd,26.698583,94.635167,,,,Suspended
NAG/ZUN/83J12/2017/0079,Nagaland,Zunheboto, ,4 km W of Tichipami village,26.194204,94.554867,,,,Reactivated
NG/MON/83N3/2017/3,Nagaland,Mon, ,Bumei,26.4285,95.0185,,,,Reactivated
NG/TUE/83J15/2017/18,Nagaland,Tuensang, ,3.2 km NE of Naksho Village,26.300556,94.844722,,,,Reactivated
NG/PHE/83K10/2017/33,Nagaland,Phek, ,LephoriReguri road,25.502583,94.661194,,,,Active
NAG/ZUNH/83J08/2015/ 0072,Nagaland,Zunheboto, ,"NH 61, Lithami Village",26.182056,94.409639,,,,Active
NG/KOH/83K2/2015/107,Nagaland,Kohima, ,On Bye-Pass road to Jotsoma from NH-29,25.682,94.052,,,,Suspended
NAG/WOK/83J/4/2016/0037,Nagaland,Wokha, ,Doyang to Sanis Road,26.205889,94.221583,,,,Active
NAG/ZUN/83K09/2016/103,Nagaland,Kiphire, ,At Yezashimi village,25.958047,94.597519,,,,Active
NG/PHE/83K14/2017/29,Nagaland,Phek, ,Shillio to Avakhung,25.587778,94.858722,,,,Active
NAG/PHK/83K5/2016/148,Nagaland,Phek, ,Nearly 7 km N of Phek town,25.750978,94.483064,,,,Active
NG/PHE/83K14/2017/75,Nagaland,Phek, ,Phor village,25.7345,94.777417,,,,Active
NG/PHE/83K6/2015/327,Nagaland,Phek, ,Pfiitsero-Sakraba-Phek road,25.607,94.321,,,,Suspended
NL/WOK/83F16/2018/13,Nagaland,Wokha,Ralan-13,Ralan-Woroku road,26.0038,93.9873,,,,Reactivated
NAG/KOH/83K1/2016/098,Nagaland,Kohima, ,Ghotovi,25.949278,94.025528,,,,Active
NAG/ZUN/83K09/2016/049,Nagaland,Kiphire, ,30km away from Muleri,25.7578,94.7058,,,,Active
NG/KOH/83K2/2015/154,Nagaland,Kohima, ,Kohima-Chakhabama road (part of NH-150),25.682,94.131,,,,Active
NAG/WOKH/83J08/2015/0037,Nagaland,Wokha, ,"NH 61, Near NST Bus accident point of 8th Aug'2004",26.022278,94.257556,,,,Active
NAG/ZUN/83K09/2016/091,Nagaland,Kiphire, ,SW of Old Seyochong village,25.879925,94.632275,,,,Active
NL/KOH/83K02/2014/41,Nagaland,Kohima, ,Kezoma village,25.61092,94.20064,,,,Suspended
NG/NOK/83N04/2017/39,Nagaland,Noklak, ,Choklangan,26.114861,95.052417,,,,Active
NG/TUE/83J15/2017/4,Nagaland,Tuensang, ,0.5 km north of Tuensang Village,26.260556,94.813333,,,,Reactivated
NG/KOH/83K2/2015/128,Nagaland,Kohima, ,NH-29,25.667,94.089,,,,Active
NAG/WOKH/83J08/2015/0042,Nagaland,Wokha, ,"NH 61, Kaindnu Village",26.002139,94.253972,,,,Reactivated
NG/PHE/83K6/2015/282,Nagaland,Phek, ,Upslope of Pfiitsero-Tadubi road,25.561,94.294,,,,Suspended
NAG/KOH/83K1/2016/049,Nagaland,Kohima, ,Merima,25.773583,94.086833,,,,Reactivated
NG/KOH/83K2/2015/76,Nagaland,Kohima, ,NH-61,25.721,94.084,,,,Suspended
NG/KOH/83K2/2015/142,Nagaland,Kohima, , ,25.666,94.098,,,,Active
NG/PHE/83K10/2017/27,Nagaland,Phek, ,LanezhoKizare road,25.651528,94.52225,,,,Active
NG/MON/83J14/2017/17,Nagaland,Mon, ,8 kms NE of Tobu,26.625556,94.970833,,,,Reactivated
NAG/MOK/83J/7/2016/0004,Nagaland,Mokokchung, ,NH-61 at junction Chakabama-Mokokchung Road,26.282667,94.475667,,,,Active
NG/KOH/83K2/2015/41,Nagaland,Kohima, ,NH-61,25.714,94.087,,,,Suspended
NL/KOH/83K02/2014/17,Nagaland,Kohima, ,NH-61,25.73572,94.08703,,,,Active
NG/TUE/83J15/2017/24,Nagaland,Tuensang, ,3.3 kms NE of Naksho Village,26.275,94.770278,,,,Reactivated
NAG/KIP/83K13/2016/053,Nagaland,Kiphire, ,South of Tethyo village,25.786425,94.796303,,,,Active
NA/PER/83G10/2020/26,Nagaland,Peren, ,Peren-Tening Road,25.51,93.68,,,,Suspended
NG/PHE/83K6/2015/278,Nagaland,Phek, ,Riinguzu village,25.696,94.318,,,,Suspended
NG/KOH/83K2/2015/38,Nagaland,Kohima, , ,25.683,94.038,,,,Active
NG/PHE/83K6/2015/291,Nagaland,Phek, ,Phek-Lanye road.,25.62,94.485,,,,Suspended
NG/TUE/83N4/2017/9,Nagaland,Tuensang, ,NoklakPangsha Road,26.220028,95.034417,,,,Active
NG/PHE/83K6/2015/330,Nagaland,Phek, ,Pfiitsero-Sakraba-Phek road,25.623,94.336,,,,Suspended
NG/NOK/83N04/2017/52,Nagaland,Noklak, ,Sanglao,26.064111,95.03975,,,,Reactivated
NAG/ZUN/83K09/2016/129,Nagaland,Kiphire, ,South of Thokihimi village,25.971736,94.576933,,,,Active
NG/MON/83N2/2017/40,Nagaland,Mon, ,Near Chen,26.577389,95.096306,,,,Active
NAG/KOH/83K1/2016/097,Nagaland,Kohima, ,Ghotovi,25.948833,94.025667,,,,Active
NAG/KOH/83K1/2016/129,Nagaland,Kohima, ,Viphoma,25.839583,94.007194,,,,Active
NG/PHE/83K14/2017/66,Nagaland,Phek, ,Kuzato to Wazeho,25.657361,94.750278,,,,Active
NG/MON/83N01/2017/24,Nagaland,Mon, ,PhuktongTuimei rd,26.786972,95.071222,,,,Active
NG/PHE/83K14/2017/23,Nagaland,Phek, ,Shillio to Avakhung,25.581,94.863694,,,,Active
NG/PHE/83K14/2017/14,Nagaland,Phek, ,Shillio to New Thewati,25.568528,94.784806,,,,Active
NAG/TUN/83J16/2016/0036,Nagaland,Tuensang, ,8 km South of Tuensang Town,26.183504,94.812894,,,,Reactivated
NG/PHE/83K6/2015/284,Nagaland,Phek, ,Pfiitsero-Phesachodu-Chetheba road.,25.652,94.288,,,,Suspended
NG/PHE/83K14/2017/67,Nagaland,Phek, ,Kuzato to Wazeho,25.673292,94.7597,,,,Active
NL/MOK/83J10/2014/06,Nagaland,Mokokchung,Kangtsung-1,State Highway (Tuli to Anaki road),26.70675,94.70475,,,,Active
NAG/TUN/83J16/2016/0038,Nagaland,Tuensang, ,"Kuthur Vill, Near Primary Health Centre",26.185491,94.814241,,,,Reactivated
NAG/TUE/83J16/2009/F-5,Nagaland,Tuensang,Tuensang slide, ,26.24139,94.82056,,,, 
NG/TUE/83N4/2017/11,Nagaland,Tuensang, ,NoklakPangsha Road,26.229389,95.051694,,,,Reactivated
NAG/WOKH/83J08/2015/0052,Nagaland,Wokha, ,Wokha Village B khel,26.111278,94.257194,,,,Reactivated
NAG/KIP/83K13/2016/021,Nagaland,Kiphire, ,1km before Anatongre village,25.861553,94.820553,,,,Active
NG/KOH/83K2/2015/147,Nagaland,Kohima, ,NE downslope of Paramedical colony (left bank of stream),25.669,94.091,,,,Suspended
NG/KOH/83G14/2015/2,Nagaland,Kohima, ,Between Khonoma & Dziilekie,25.645,93.992,,,,Suspended
NA/MOK/83J07/2020/5,Nagaland,Mokokchung, ,NH702D,26.42,94.38,,,,Suspended
NG/MON/83J14/2017/19,Nagaland,Mon, ,1 km SE of Longmein Village,26.596389,94.990833,,,,Reactivated
NAG/KOH/83K1/2016/087,Nagaland,Kohima, ,Phekerkerie,25.907167,94.041583,,,,Active
NL/KOH/83K02/2014/34,Nagaland,Kohima,Zarii Bridge slide,"NH-29, Kigwema- Chakhabama road",25.62153,94.19439,,,,Suspended
NAG/KOH/83K1/2016/006,Nagaland,Kohima, ,Chiechama,25.824278,94.147472,,,,Reactivated
NG/KOH/83K2/2015/217,Nagaland,Kohima, , ,25.748,94.077,,,,Active
NG/PHE/83K6/2015/262,Nagaland,Phek, ,Phek Bawe-Phek Town road,25.679,94.458,,,,Suspended
NL/KOH/83K02/2014/13,Nagaland,Kohima, ,Jotsoma village (Science college area),25.65747,94.08611,,,,Suspended
NG/PHE/83K6/2015/310,Nagaland,Phek, ,Phek village-Losami road,25.6702,94.456,,,,Suspended
NAG/ZUNH/83J08/2015/ 0076,Nagaland,Zunheboto, ,Zaphumi Village,26.232694,94.473083,,,,Reactivated
NG/TUE/83N3/2017/8,Nagaland,Tuensang, ,NoklakPangsha Road,26.256833,95.096639,,,,Active
NAG/WOKH/83J08/2015/0001,Nagaland,Wokha, ,0.5 km West of Wokha Town near Mount Hill College.,26.101583,94.253222,,,,Active
NG/MON/83N01/2017/2,Nagaland,Mon, ,Near Mon village,26.750028,95.064417,,,,Active
NG/NOK/83N04/2017/54,Nagaland,Noklak, ,wui,26.045083,95.054833,,,,Active
NG/MOK/83J10/2017/18,Nagaland,Mokukchung, ,MerangkongTamlu rd.,26.635667,94.703611,,,,Suspended
NAG/KOH/83K1/2016/122,Nagaland,Kohima, ,Tesophenyu,25.965944,94.216972,,,,Active
NAG/KIP/83K13/2016/058,Nagaland,Kiphire, ,250m away from Luthur village,25.827106,94.907639,,,,Active
NG/MON/83N2/2017/18,Nagaland,Mon, ,Mon Town,26.725444,95.022,,,,Active
NG/KOH/83K2/2015/153,Nagaland,Kohima, ,Kidima-Leshemi/Zuketsa approach road,25.548,94.188,,,,Suspended
NAG/TUN/83J16/2016/0047,Nagaland,Tuensang, ,7km SW from Yangli Junction,26.178889,94.638139,,,,Reactivated
NG/MON/83N2/2017/17,Nagaland,Mon, ,Mon Town,26.725083,95.023861,,,,Active
NAG/ZUN/83K5/2016/021,Nagaland,Zunheboto, ,Kilomi New,25.862222,94.450333,,,,Reactivated
NAG/ZUN/83K09/2016/142,Nagaland,Kiphire, ,North of Sukhalu village,25.998217,94.504756,,,,Active
NAG/WOK/83J/7/2016/0091,Nagaland,Wokha, ,Outside Akuk village,26.333833,94.284333,,,,Suspended
NG/MON/83N2/2017/64,Nagaland,Mon, ,Near Shianghatangteh,26.644083,95.075167,,,,Reactivated
NG/PHE/83K6/2015/304,Nagaland,Phek, ,Pfiitsero-Sakraba-Phek road,25.621,94.335,,,,Suspended
NAG/KOH/83K1/2016/008,Nagaland,Kohima, ,Botsa,25.839778,94.150333,,,,Reactivated
NG/PHE/83K2/2015/210,Nagaland,Phek, , ,25.666,94.244,,,,Active
NAG/ZUN/83K5/2016/013,Nagaland,Zunheboto, ,Kukiye,25.910917,94.416361,,,,Active
NG/KOH/83K2/2015/244,Nagaland,Kohima, ,Kohima-Thizama approach road,25.728,94.112,,,,Suspended
NG/MON/83N3/2017/4,Nagaland,Mon, ,Monyakshu,26.439528,95.032278,,,,Reactivated
NG/TUE/83J14/2017/25,Nagaland,Tuensang, ,20 kms South of Simaluguri town towards Wakching,26.749722,94.827222,,,, 
NAG/KIP/83K13/2016/068,Nagaland,Kiphire, ,North of Moya village,25.789933,94.849811,,,,Active
NL/WOK/83F16/2018/4,Nagaland,Wokha,Ralan-4,Ralan-Woroku road,26.0043,93.9803,,,,Reactivated
NAG/WOK/83J/4/2016/0112,Nagaland,Wokha, ,800 m south of Yimza,26.212972,94.116583,,,,Active
NG/MOK/83J10/2017/22,Nagaland,Mokukchung, ,Yajang A village,26.686961,94.544,,,,Active
NL/KOH/83K01/2014/50,Nagaland,Kohima, ,NH-61,25.83889,94.15269,,,,Suspended
NAG/MOK/83J/7/2016/0006,Nagaland,Mokokchung, ,Khensa-Chungtia Road,26.367056,94.472861,,,,Active
NG/MON/83N01/2017/26,Nagaland,Mon, ,PhuktongTuimei rd,26.78725,95.068972,,,,Active
NAG/PHK/83K5/2016/147,Nagaland,Phek, ,Nearly 7 km N of Phek town,25.751567,94.48315,,,,Active
NAG/KOH/83K1/2016/005,Nagaland,Kohima, ,Chiechama,25.808722,94.138278,,,,Reactivated
NAG/KOH/83K1/2016/086,Nagaland,Kohima, ,Phekerkerie,25.881917,94.035694,,,,Active
NG/PER/83G14/2015/26,Nagaland,Peren, ,Kohima-Khonoma-Pedi-Peren SH,25.579,93.87,,,,Suspended
 ,Nagaland,Wokha,,,26.10694722,94.25328889,Insitu Soil,Slide,First occurrence on 18.09.21,Active
NG/TUE/83J15/2017/44,Nagaland,Tuensang, ,16 km NE of Tobu Town,26.393889,94.919444,,,, 
NG/PHE/83K14/2017/12,Nagaland,Phek, ,Shillio to New Thewati,25.581806,94.784833,,,,Active
NAG/ZUNH/83J08/2015/ 0082,Nagaland,Zunheboto, ,Alaphumi Village Primary School,26.191278,94.484833,,,,Reactivated
NG/KOH/83K2/2015/174,Nagaland,Kohima, ,NH-29,25.538,94.135,,,,Active
NAG/WOKH/83J08/2015/0030,Nagaland,Wokha, ,"NH 61, wokha to Mangya road",26.089806,94.349306,,,,Active
NG/KOH/83K2/2015/202,Nagaland,Kohima, ,"Daklane colony, Kohima Town",25.672,94.106,,,,Suspended
NG/PHE/83K10/2017/16,Nagaland,Phek, ,Wazeho to Molen,25.641,94.730878,,,,Active
NAG/ZUN/83J12/2016/0065,Nagaland,Zunheboto, ,5 km S of Yehimi Village,26.13961,94.634561,,,,Reactivated
NG/MON/83N3/2017/16,Nagaland,Mon, ,Near Tamkao,26.37175,95.000806,,,,Active
NAG/ZUN/83K09/2016/126,Nagaland,Kiphire, ,South of Thokihimi village,25.981228,94.572292,,,,Active
NAG/WOK/83J/4/2016/0113,Nagaland,Wokha, ,1.2 km south of Yimza,26.209389,94.116411,,,,Active
NG/PHE/83K6/2015/258,Nagaland,Phek, ,Kohima-Pfiitsero-Meluri road (NH150?).,25.603,94.426,,,,Active
NG/KOH/83K2/2015/141,Nagaland,Kohima, ,NH-61,25.717,94.086,,,,Suspended
NG/KOH/83K2/2015/52,Nagaland,Kohima, ,Between Lerie and Pfiichama along Lerie-Pfiichama approach road,25.651,94.121,,,,Active
NG/MOK/83J10/2017/19,Nagaland,Mokukchung, ,Anaki C village,26.719417,94.660667,,,,Active
NAG/KOH/83K02/2007/F-1,Nagaland,Kohima,Phesama slide, ,25.63861,94.115,,,, 
NAG/ZUN/83J12/2016/0021,Nagaland,Zunheboto, ,L59 50 m East of Suruhuto Village,26.150343,94.603363,,,,Reactivated
NG/MON/83N3/2017/5,Nagaland,Mon, ,Monyakshu,26.439389,95.031806,,,,Reactivated
NAG/ZUN/83K09/2016/050,Nagaland,Kiphire, ,25km away from Muleri,25.764292,94.714094,,,,Active
NG/NOK/83N04/2017/43,Nagaland,Noklak, ,Choklangan,26.074,95.083833,,,,Active
NG/LON/83J15/2017/31,Nagaland,Longleng, ,2.5 km S of Yungphong Village.,26.435556,94.863056,,,,Active
NG/PHE/83K6/2015/260,Nagaland,Phek, ,Pfiitsero-Sakraba-Phek road,25.657,94.439,,,,Suspended
NAG/ZUN/83K09/2016/117,Nagaland,Kiphire, ,West of Satoi village,25.836419,94.526964,,,,Active
NAG/ZUN/83K09/2016/109,Nagaland,Kiphire, ,SE of Viyilho village,25.963,94.614097,,,,Active
NAG/ZUN/83J12/2016/0012,Nagaland,Zunheboto, ,Zunheboto to Wokha Road,26.101907,94.537237,,,,Active
NG/PHE/83K10/2017/17,Nagaland,Phek, ,Lephori road,25.613472,94.583333,,,,Active
NA/PER/83G10/2020/11,Nagaland,Peren, ,"Nkwaral Village, Peren",25.53,93.73,,,, 
NG/PHE/83K2/2015/178,Nagaland,Phek, ,On Chakhabama-Chozuba-Zunheboto SH,25.665,94.215,,,,Suspended
NG/PHE/83K2/2015/198,Nagaland,Phek, ,On Chakhabama-Chozuba-Zunheboto-Mokokchung  SH,25.665,94.247,,,,Active
NAG/KOH/83K1/2016/070,Nagaland,Kohima, ,Phekerkrie,25.865722,94.048806,,,,Active
NG/MON/83N2/2017/27,Nagaland,Mon, ,Near Mon village,26.747806,95.062,,,,Active
NA/MOK/83J06/2020/24,Nagaland,Mokokchung, ,1km W of Anonghaki,26.55,94.44,,,,Suspended
NG/MON/83N2/2017/8,Nagaland,Mon, ,"Thamnan Ward, Mon Town",26.726667,95.027278,,,,Active
NAG/KOH/83K1/2016/135,Nagaland,Kohima, ,Chiechama,25.781919,94.171169,,,,Active
NAG/TUN/83J16/2016/0025,Nagaland,Tuensang, ,1km N of Sangpurr vill,26.160167,94.873417,,,,Active
NAG/TUE/83J15/2009/F-10,Nagaland,Tuensang,Yangpi Village slide, ,26.38778,94.82583,,,, 
NA/MOK/83J06/2020/21,Nagaland,Mokokchung, ,Mankholemba,26.5,94.43,,,,Suspended
NG/PHE/83K2/2015/161,Nagaland,Phek, ,On the immediate downslope of Chakhabama-Chozuba-Zunheboto SH,25.671,94.217,,,,Suspended
NG/KOH/83K2/2015/156,Nagaland,Kohima, ,On Bye-Pass road to Jotsoma from NH-29,25.683,94.054,,,,Active
NA/DIM/83G13/2020/22,Nagaland,Dimapur, ,NH-29,25.77,93.93,,,,Suspended
NAG/KIP/83K13/2016/083,Nagaland,Kiphire, ,SW of Penkim village,25.804908,94.932467,,,,Active
NG/MOK/83J10/2017/5,Nagaland,Mokukchung, ,Tamlu village,26.674306,94.746306,,,,Active
NAG/KIP/83K13/2016/112,Nagaland,Kiphire, ,Siukiur village,25.971456,94.818392,,,,Active
NAG/WOK/83J/4/2016/0051,Nagaland,Wokha, ,Sanis to Bhagti Road,26.235639,94.213417,,,,Active
NG/MON/83N2/2017/22,Nagaland,Mon, ,Near Yuting,26.699056,95.079417,,,,Active
NAG/KOH/83K1/2016/127,Nagaland,Kohima, ,New  Sendenyu,25.935694,94.111472,,,,Active
NG/MOK/83J10/2017/1,Nagaland,Mokukchung, ,"Unger, Akhoya",26.504917,94.662417,,,,Active
NAG/WOKH/83J08/2015/0051,Nagaland,Wokha, ,"Old Changsu Village, near panchayet hall",26.192972,94.283222,,,,Reactivated
NAG/KOH/83K1/2016/121,Nagaland,Kohima, ,Tesophenyu,25.966861,94.2215,,,,Active
NAG/ZUN/83J12/2016/0067,Nagaland,Zunheboto, ,3 km S of Yehimi Village,26.148727,94.626957,,,,Reactivated
NG/MON/83N2/2017/41,Nagaland,Mon, ,Near Chen,26.57725,95.095694,,,,Active
NAG/KIP/83K13/2016/087,Nagaland,Kiphire, ,5km before New Basti village from Pokphur village,25.872444,94.950069,,,,Active
NL/KOH/83G14/2014/15,Nagaland,Kohima,Piphema Peducha,NH-29,25.74697,93.98167,,,,Active
NAG/ZUN/83K09/2016/046,Nagaland,Kiphire, ,At Seyochong Town,25.920367,94.641739,,,,Active
NAG/TUN/83J16/2016/0043,Nagaland,Tuensang, ,3.5 km NW of Tuensang Town,26.233444,94.795278,,,,Reactivated
NL/MON/83J15/2014/12,Nagaland,Mon,Telangsao slide,State Highway (Tobu to Mon road),26.41931,94.97369,,,,Active
NG/MON/83N3/2017/10,Nagaland,Mon, ,PesaoMonyakshu Road,26.441056,95.046111,,,,Active
NG/MON/83N01/2017/32,Nagaland,Mon, ,PhuktongTuimei rd,26.812389,95.076444,,,,Active
NL/KOH/83K02/2014/10,Nagaland,Kohima,Dziina,Kohima-Pedi-Peren road,25.65778,94.05683,,,,Active
NL/KOH/83K02/2014/22,Nagaland,Kohima, ,Meirima village,25.71281,94.09194,,,,Suspended
NAG/ZUN/83K09/2016/045,Nagaland,Kiphire, ,At Seyochong village,25.895111,94.650258,,,,Active
NL/MON/83J15/2014/10,Nagaland,Mon,Chaklangsho-1,State Highway (Tobu to Mon road),26.40653,94.95814,,,,Active
NG/TUE/83N4/2017/15,Nagaland,Tuensang, ,NoklakPangsha Road,26.239056,95.058194,,,,Active
NAG/ZUNB/83J12/2016/0018,Nagaland,Zunheboto, ,Zunheboto to Baimho Road,26.033098,94.542753,,,,Reactivated
NG/PRN/83G07/2017/4,Nagaland,Peren,Nchen–Ngaulong rock fall.,Nchen–Ngaulong road section,25.287664,93.488956,,,,Dormant
NG/PHE/83K6/2015/280,Nagaland,Phek, ,Pfiitsero-Sakraba-Phek road,25.624,94.361,,,,Suspended
NAG/WOK/83J/4/2016/0075,Nagaland,Wokha, ,Tsopo village,26.179,94.182611,,,,Suspended
NAG/KOH/83K1/2016/111,Nagaland,Kohima, ,Tseminuyu,25.881639,94.212861,,,,Active
NAG/ZUN/83J12/2016/0016,Nagaland,Zunheboto, ,"2 km NE of Suruhuto Village, towards Yehimi village",26.150578,94.602548,,,,Reactivated
NAG/TUN/83J16/2016/0048,Nagaland,Tuensang, ,On the way to Yehimi Village,26.161639,94.6215,,,,Reactivated
NAG/KIP/83K13/2016/014,Nagaland,Kiphire, ,Tuensang road from Kiphire,25.962689,94.816972,,,,Active
NG/PHE/83K14/2017/51,Nagaland,Phek, ,New Thewati,25.555056,94.768611,,,,Active
NG/PHE/83K10/2017/15,Nagaland,Phek, ,North of Lanezho,25.624639,94.503278,,,,Reactivated
NG/KOH/83K2/2015/117,Nagaland,Kohima, ,"Chandmari colony, Kohima Town",25.662,94.108,,,,Suspended
NAG/WOK/83J/4/2016/0050,Nagaland,Wokha, ,Sanis to Bhagti Road,26.235278,94.215556,,,,Active
NG/KOH/83K2/2015/100,Nagaland,Kohima, ,"Midland colony, Kohima Town",25.665,94.104,,,,Suspended
NG/NOK/83N04/2017/36,Nagaland,Noklak, ,Noklak,26.194406,95.020358,,,,Reactivated
NAG/WOK/83J/7/2016/0096,Nagaland,Wokha, ,Lakhuti village,26.299889,94.249667,,,,Dormant
NAG/WOK/83J/4/2016/0109,Nagaland,Wokha, ,3 km West of Yamhon,26.129722,94.019194,,,,Active
NA/PER/83G10/2020/1,Nagaland,Peren, ,Peren-Tening Road,25.51,93.7,,,,Suspended
NAG/KIP/83K13/2016/003,Nagaland,Kiphire, ,East of Sampurre,25.834436,94.795519,,,,Active
NAG/WOKH/83J08/2015/0041,Nagaland,Wokha, ,"NH 61, Kaindnu Village",26.013556,94.255139,,,,Active
NG/LON/83J14/2017/6,Nagaland,Longleng, ,4 km N of Longleng Town,26.506389,94.787222,,,,Reactivated
NG/KOH/83K2/2015/60,Nagaland,Kohima, ,Secretariat-BSF Camp road,25.692,94.11,,,,Suspended
NG/PHE/83K6/2015/247,Nagaland,Phek, ,Pfiitsero Town,25.574,94.295,,,,Suspended
NAG/WOK/83J/4/2016/0083,Nagaland,Wokha, ,500m SW of Longtsung,26.098056,94.105472,,,,Reactivated
NAG/KOH/83K1/2016/081,Nagaland,Kohima, ,Botsa,25.849611,94.156806,,,,Reactivated
NAG/ZUNH/83J08/2015/ 0084,Nagaland,Zunheboto, ,near Alaphumi Village church Building,26.195917,94.486528,,,,Reactivated
NAG/WOK/83J/4/2016/0042,Nagaland,Wokha, ,Sanis,26.208417,94.204389,,,,Active
NG/LON/83J15/2017/35,Nagaland,Longleng, ,1 km S of Yimching Village,26.404167,94.870278,,,,Reactivated
NG/KOH/83K2/2015/85,Nagaland,Kohima, ,Kohima-Khonoma-Pedi-Peren SH (at km 16.490),25.65,94.03,,,,Suspended
NA/MOK/83J07/2020/3,Nagaland,Mokokchung, ,NH702D,26.49,94.36,,,,Suspended
NAG/KOH/83K1/2016/047,Nagaland,Kohima, ,Tseisema,25.761278,94.032417,,,,Active
NAG/KOH/83K1/2016/112,Nagaland,Kohima, ,Tseminuyu,25.878861,94.221333,,,,Active
NAG/MOK/83J/7/2016/0021,Nagaland,Mokokchung, ,South-East of Mengkolemba,26.486389,94.448389,,,,Active
NG/PHE/83K14/2017/30,Nagaland,Phek, ,Shillio to Avakhung,25.588806,94.859428,,,,Active
NG/PER/83G14/2015/18,Nagaland,Peren, ,Kohima-Khonoma-Pedi-Peren SH,25.598,93.848,,,,Suspended
NAG/KOH/83K1/2016/092,Nagaland,Kohima, ,Longwesunyu,25.9545,94.040083,,,,Active
NAG/KOH/83K1/2016/101,Nagaland,Kohima, ,Ghotovi,25.948222,94.014361,,,,Active
NAG/KOH/83K1/2016/078,Nagaland,Kohima, ,Botsa,25.83025,94.076639,,,,Active
NA/DIM/83G13/2020/9,Nagaland,Dimapur, ,NH-29,25.76,93.95,,,,Active
NG/DIM/83G14/2015/23,Nagaland,Dimapur, , ,25.745,93.784,,,,Suspended
NAG/KIP/83K13/2016/015,Nagaland,Kiphire, ,East of Salongki Nala,25.962494,94.818667,,,,Active
NA/DIM/83G13/2020/42,Nagaland,Dimapur, ,4.5 km east of Viphoma,25.8,94,,,,Active
NG/MON/83N01/2017/38,Nagaland,Mon, ,PhuktongTuimei rd,26.818889,95.072222,,,,Inactive
NG/PHE/83K14/2017/43,Nagaland,Phek, , ,25.623364,94.819272,,,,Active
NAG/ZUNH/83J08/2015/ 0067,Nagaland,Zunheboto, ,"NH 61, 4 km NE of Coco Bridge",26.114833,94.399222,,,,Reactivated
NAG/WOKH/83J08/2015/0055,Nagaland,Wokha, ,Near DC Office,26.096778,94.252611,,,,Reactivated
NG/KOH/83K2/2015/150,Nagaland,Kohima, ,T-Khel Model village road,25.682,94.096,,,,Suspended
NG/PHE/83K2/2015/102,Nagaland,Phek, ,SSE of Kezo Town on Kohima-Pfiitsero-Meluri road (NH-150?),25.624,94.206,,,,Suspended
NA/WOK/83J03/2020/9,Nagaland,Wokha, ,Merapani-Wokha rd,26.26,94.15,,,,Suspended
NAG/KIP/83K13/2016/034,Nagaland,Kiphire, ,South of Phelungre village,25.915344,94.828308,,,,Active
NG/PHE/83K2/2015/105,Nagaland,Phek, ,On Chakhabama-Chozuba-Zunheboto SH,25.672,94.218,,,,Suspended
NG/MON/83N01/2017/70,Nagaland,Mon, ,Hongphoi village,26.782472,95.009028,,,,Inactive
NAG/ZUNH/83J08/2015/ 0062,Nagaland,Zunheboto, ,"New Rotomi Village, 10km SE of Coco Bridge.",26.074417,94.423667,,,,Active
NG/MON/83N2/2017/51,Nagaland,Mon, ,Chen Moho  Wangati Road,26.571222,95.096361,,,,Active
NL/MOK/83J10/2014/07,Nagaland,Mokokchung,Kangtsung-2,State Highway (Tuli to Anaki road),26.70744,94.70858,,,,Active
NG/PHE/83K6/2015/296,Nagaland,Phek, ,Chazouba-Phek road,25.708,94.386,,,,Suspended
NG/MON/83N2/2017/45,Nagaland,Mon, ,Near Chenloisho,26.547167,95.092167,,,,Active
NG/NOK/83N04/2017/51,Nagaland,Noklak, ,Sanglao,26.066583,95.033361,,,,Active
NAG/KIP/83K13/2016/071,Nagaland,Kiphire, ,At  Likhim Ro Hydro-Project,25.788847,94.856314,,,,Active
NAG/WOK/83J/4/2016/0117,Nagaland,Wokha, ,5 km east of Yimza,26.222492,94.167267,,,,Suspended
NG/KOH/83K2/2015/101,Nagaland,Kohima, ,BSF Camp-Riisoma village road,25.688,94.137,,,,Suspended
NG/NOK/83N04/2017/49,Nagaland,Noklak, ,Sanglao,26.069278,95.023806,,,,Active
NG/PHE/83K6/2015/290,Nagaland,Phek, ,Chazouba-Khesomi-Kijiimetouma-Kohima road,25.713,94.309,,,,Active
NG/KOH/83K2/2015/148,Nagaland,Kohima, ,Kohima-Khonoma-Pedi-Peren SH,25.668,94.051,,,,Suspended
NAG/KIP/83J/4/2016/01,Nagaland,Kiphire, ,Tesloteko Nala,25.820689,94.767353,,,,Active
NG/MON/83N01/2017/53,Nagaland,Mon, ,PhuktongTuimei rd,26.834556,95.081111,,,,Suspended
NAG/KIP/83K13/2016/018,Nagaland,Kiphire, ,West of Mustsakke Nala,25.887917,94.795558,,,,Active
NG/PHE/83K14/2017/9,Nagaland,Phek, ,Shillio to New Thewati,25.584519,94.792344,,,,Active
NL/WOK/83F16/2018/8,Nagaland,Wokha,Ralan-8,Ralan-Woroku road,26.0044,93.9789,,,,Reactivated
NG/PHE/83K2/2015/121,Nagaland,Phek, ,On Chakhabama-Chozuba-Zunheboto SH,25.667,94.21,,,,Suspended
NAG/WOKH/83J08/2015/0005,Nagaland,Wokha, ,"Yimkha Village, 12 km SE of Wokha Town.",26.068028,94.317833,,,,Active
NG/TUE/83N4/2017/10,Nagaland,Tuensang, ,NoklakPangsha Road,26.226028,95.043389,,,,Active
NG/KOH/83K2/2015/54,Nagaland,Kohima, ,NH-29,25.738,94.008,,,,Suspended
NA/DIM/83G13/2020/34,Nagaland,Dimapur, ,Kuki Dolong,25.77,93.82,,,,Suspended
NG/TUE/83N3/2017/6,Nagaland,Tuensang, ,NoklakPangsha Road,26.251778,95.072111,,,,Active
NL/DMR/83F16/2019/01,Nagaland,Dimapur,Zhekhise Slide,Niuland,26.07256,93.928,,,,Active
NG/TUE/83J15/2017/8,Nagaland,Tuensang, ,8 kms north of Tuensang Village,26.273333,94.83,,,,Reactivated
NG/KOH/83K2/2015/40,Nagaland,Kohima, ,Southeastern downslope of Lerie,25.651,94.119,,,,Active
NG/TUE/83N4/2017/2,Nagaland,Tuensang, ,Near Noklak Town,26.212028,95.000417,,,,Active
NAG/ZUN/83K09/2016/108,Nagaland,Kiphire, ,North of Viyilho village,25.954636,94.607456,,,,Active
NAG/KIP/83K13/2016/019,Nagaland,Kiphire, ,1km before Phalengre village,25.889897,94.811111,,,,Active
NAG/ZUNH/83J08/2015/ 0087,Nagaland,Zunheboto, ,"Nagaland University campus, Lumami",26.219417,94.477028,,,,Reactivated
NAG/WOK/83J/4/2016/0103,Nagaland,Wokha, ,1.6 km east of Woroko,26.021083,94.040361,,,,Active
NAG/ZUN/83J12/2017/0082,Nagaland,Zunheboto, ,2 km W of Tichipami village,26.185479,94.577522,,,,Reactivated
NG/MON/83N2/2017/65,Nagaland,Mon, ,Near Shianghatangteh,26.646917,95.074944,,,,Active
NG/KOH/83K2/2015/185,Nagaland,Kohima, ,Viswema-Kidima approach road,25.572,94.168,,,,Suspended
NAG/ZUN/83K5/2016/011,Nagaland,Zunheboto, ,Shoipu,25.952722,94.430278,,,,Active
NG/MON/83N01/2017/68,Nagaland,Mon, ,PhuktongTuimei rd,26.846139,95.077861,,,,Suspended
NAG/KIPH/83K13/2009/F-8,Nagaland,Tuensang,Mission compound slide, ,25.88667,94.78639,,,, 
NAG/WOKH/83J08/2015/0032,Nagaland,Wokha, ,Wokha Town,26.094778,94.259278,,,,Active
NAG/TUN/83J16/2016/0049,Nagaland,Tuensang, ,9km NE of Suruhuto,26.156611,94.621778,,,,Reactivated
NG/PHE/83K14/2017/52,Nagaland,Phek, ,New Thewati,25.555969,94.764325,,,,Active
NG/MON/83N2/2017/49,Nagaland,Mon, ,Chen Moho  Wangati Road,26.5585,95.097417,,,,Active
NAG/ZUN/83J12/2016/0003,Nagaland,Zunheboto, ,"SH, 5km North of Zunheboto Town",26.034806,94.519889,,,,Reactivated
NA/WOK/83J03/2020/7,Nagaland,Wokha, ,0.5 km of Bhandari,26.28,94.13,,,,Reactivated
NG/MON/83N2/2017/56,Nagaland,Mon, ,Aboi Chinkhao Road,26.592167,95.012111,,,,Reactivated
NAG/KOH/83K1/2016/080,Nagaland,Kohima, ,Botsa,25.854528,94.15725,,,,Active
NAG/KOH/83K1/2016/085,Nagaland,Kohima, ,Phekerkerie,25.880533,94.035325,,,,Active
NAG/ZUN/83K5/2016/022,Nagaland,Zunheboto, ,Mukhalimi,25.87975,94.358722,,,,Reactivated
NA/DIM/83G13/2020/50,Nagaland,Dimapur, ,'Nihokhu,25.86,93.99,,,,Relict
NL/PHE/83K02/2014/05,Nagaland,Phek, ,SH (Chakabama- Pfiitsero road),25.62067,94.21483,,,,Suspended
NAG/WOK/83J/4/2016/0085,Nagaland,Wokha, ,1.5 km SW of Longtsung,26.091528,94.100806,,,,Suspended
NL/KOH/83K02/2014/38,Nagaland,Kohima, ,Viswema-Kohima road,25.57086,94.17047,,,,Suspended
NG/PHE/83K14/2017/72,Nagaland,Phek, ,3km SE of Phor village,25.728964,94.795497,,,,Active
NAG/PER/83G11/2017/0137,Nagaland,Peren, ,Nsong village,25.356333,93.566583,,,,Active
NAG/WOKH/83J08/2015/0019,Nagaland,Wokha, ,NH-61/ 12 km NE of Wokha Town.,26.104528,94.353833,,,,Active
NG/PHE/83K14/2017/31,Nagaland,Phek, ,Shillio to Avakhung,25.595083,94.857778,,,,Active
NAG/TUEN/83J11/2015/ 0122,Nagaland,Tuensang, ,Noksen and Lithim Village boundary,26.371611,94.709194,,,,Reactivated
NAG/ZUN/83K5/2016/017,Nagaland,Zunheboto, ,Satakha,25.917361,94.452556,,,,Active
NG/PER/83G14/2015/7,Nagaland,Peren, ,Kohima-Khonoma-Pedi-Peren SH,25.576,93.878,,,,Suspended
NAG/WOK/83J/4/2016/0044,Nagaland,Wokha, ,Sanis to Bhagti Road,26.213889,94.211111,,,,Active
NAG/ZUN/83K09/2016/110,Nagaland,Kiphire, ,East of Aghultomi village,25.969225,94.634053,,,,Active
NAG/ZUNH/83J08/2015/ 0060,Nagaland,Zunheboto, ,"Philimi Village, 7.5 km SE of Coco Bridge.",26.070806,94.408028,,,,Suspended
NG/NOK/83N04/2017/27,Nagaland,Noklak, ,Nokhu,26.174472,95.027972,,,,Active
NAG/ZUN/83K5/2016/016,Nagaland,Zunheboto, ,Chishilimi,25.901611,94.393694,,,,Active
NAG/WOKH/83J08/2015/0008,Nagaland,Wokha, ,"Lungithang Village, 24 km SE of Wokha Town.",26.026389,94.331722,,,,Reactivated
NG/MON/83N01/2017/17,Nagaland,Mon, ,PhuktongTuimei rd,26.773611,95.077611,,,,Active
NAG/TUN/83J16/2016/0032,Nagaland,Tuensang, ,2 km South of Tuensang Town,26.205135,94.811625,,,,Reactivated
NAG/PHK/83K5/2016/042,Nagaland,Phek, ,Igunahami,25.751694,94.316361,,,,Active
NAG/WOK/83J/4/2016/0059,Nagaland,Wokha, ,Baghty,26.239167,94.200611,,,,Active
NG/MON/83N2/2017/68,Nagaland,Mon, ,Near Mon Town,26.711639,95.014944,,,,Active
NG/PHE/83K6/2015/275,Nagaland,Phek, ,Phek Town,25.707,94.466,,,,Suspended
NG/KOH/83K2/2015/73,Nagaland,Kohima, ,Viswema-Kidima approach road,25.563,94.165,,,,Suspended
NAG/ZUN/83J12/2016/0019,Nagaland,Zunheboto, ,2km SE of Tizu river Bridge,26.03853,94.58648,,,,Reactivated
NAG/ZUN/83K5/2016/149,Nagaland,Zunheboto, ,Nearly 5 km SE of Satakha,25.893042,94.45835,,,,Active
NAG/WOK/83K1/2016/152,Nagaland,Wokha, ,Longchum village,25.993164,94.034803,,,,Active
NAG/ZUN/83J12/2016/0017,Nagaland,Zunheboto, ,0.5 km SW of Yehimi Village,26.154944,94.614503,,,,Reactivated
NAG/KOH/83K5/2016/143,Nagaland,Kohima, ,Nearly 2 km S of Satakha village,25.907417,94.429519,,,,Active
NAG/KOH/83K5/2016/141,Nagaland,Kohima, ,Kitami village,25.977569,94.322217,,,,Active
NG/KOH/83K2/2015/116,Nagaland,Kohima, ,Viswema terrace fields,25.553,94.148,,,,Suspended
NAG/KIP/83K13/2016/076,Nagaland,Kiphire, ,Towards Fakimile from Penkim village,25.814822,94.950353,,,,Active
NAG/PER/83G11/2017/0143,Nagaland,Peren, ,Mpai village,25.472506,93.727181,,,,Active
NAG/KOH/83K1/2016/009,Nagaland,Kohima, ,Botsa,25.839667,94.149222,,,,Reactivated
NAG/MOKH/83J08/2015/ 0092,Nagaland,Mokokchung, ,"7 km North of Sastami Village,NH 61",26.217361,94.419417,,,,Reactivated
NG/KOH/83K2/2015/223,Nagaland,Kohima, , ,25.605,94.051,,,,Active
NG/MON/83N01/2017/13,Nagaland,Mon, ,Shangnyu village,26.760194,95.107778,,,,Active
NL/KOH/83K02/2014/12,Nagaland,Kohima, ,NH-29,25.61597,94.09208,,,,Suspended
NAG/KIP/83K13/2016/016,Nagaland,Kiphire, ,At Longkhakte Nala,25.938447,94.7843,,,,Active
NAG/KOH/83K1/2016/105,Nagaland,Kohima, ,Ghotovi,25.954389,94.022778,,,,Active
NAG/ZUN/83K5/2016/025,Nagaland,Zunheboto, ,Ghatashi,25.844972,94.328611,,,,Active
NAG/KOH/83K1/2016/056,Nagaland,Kohima, ,Kijumetouma,25.752806,94.213306,,,,Active
NAG/WOK/83J/4/2016/0045,Nagaland,Wokha, ,Sanis to Bhagti Road,26.215889,94.212083,,,,Active
NAG/KIP/83K13/2016/017,Nagaland,Kiphire, ,West of Mustsakke Nala,25.887525,94.797508,,,,Active
NG/MON/83N01/2017/16,Nagaland,Mon, ,PhuktongTuimei rd,26.768833,95.086194,,,,Suspended
NG/KOH/83K2/2015/62,Nagaland,Kohima, ,Between Lerie and Pfiichama along Lerie-Pfiichama approach road,25.652,94.121,,,,Suspended
NG/KOH/83K2/2015/42,Nagaland,Kohima, ,NH-29,25.721,94.039,,,,Active
NAG/ZUN/83K09/2016/093,Nagaland,Kiphire, ,At Thangthore village,25.867083,94.614828,,,,Active
NAG/ZUN/83K09/2016/097,Nagaland,Kiphire, ,About 2km from Honito village,25.842358,94.702953,,,,Active
NG/PHE/83K6/2015/309,Nagaland,Phek, ,Porba agri-link road,25.614,94.319,,,,Suspended
NG/PHE/83K10/2017/32,Nagaland,Phek, ,LephoriReguri road,25.502917,94.661194,,,,Active
NA/PER/83G10/2020/8,Nagaland,Peren, ,Old Peren Rd,25.52,93.73,,,,Suspended
NAG/KIP/83K13/2016/012,Nagaland,Kiphire, ,Towards Langkok Village road,25.944008,94.789414,,,,Active
NAG/ZUN/83J12/2016/0006,Nagaland,Zunheboto, ,50 m North of L8 along the road.,26.041658,94.5241,,,,Dormant
NG/PHE/83K6/2015/319,Nagaland,Phek, ,Pfiitsero-Sakraba-Phek road,25.67,94.382,,,,Suspended
NA/DIM/83G13/2020/16,Nagaland,Dimapur, ,NH29/Dimapur-Kohima Rd,25.77,93.9,,,,Active
NL/KOH/83K02/2014/36,Nagaland,Kohima,Viswema slide,Viswema,25.56292,94.14544,,,,Active
NG/KOH/83K2/2015/134,Nagaland,Kohima, ,Downslope of High School-Secretarait road,25.697,94.105,,,,Suspended
NG/PHE/83K10/2017/35,Nagaland,Phek, ,LephoriReguri road,25.507611,94.661028,,,,Active
NAG/WOK/83K1/2016/167,Nagaland,Wokha, ,Tuqulika,25.817194,94.280058,,,,Active
NAG/WOK/83J/4/2016/0073,Nagaland,Wokha, ,Humtsoe village,26.0905,94.204583,,,,Dormant
NG/MOK/83J10/2017/7,Nagaland,Mokukchung, ,3.5 km S of Changtongiya,26.556861,94.680944,,,,Active
NG/PHE/83K6/2015/305,Nagaland,Phek, ,Kohima-Pfiitsero-Meluri road (NH150?).,25.576,94.351,,,,Suspended
NAG/KIP/83K13/2016/028,Nagaland,Kiphire, ,At Tethezu road,25.905561,94.768481,,,,Suspended
NG/TUE/83J15/2017/6,Nagaland,Tuensang, ,3 km North of Tuensang Village,26.261111,94.809444,,,,Active
NG/PHE/83K14/2017/2,Nagaland,Phek, ,Waziho to Mokie,25.6375,94.757556,,,,Active
NG/KOH/83K2/2015/205,Nagaland,Kohima, ,Viswema-Kidima approach road,25.571,94.166,,,,Suspended
NG/PHE/83K6/2015/277,Nagaland,Phek, , ,25.63,94.25,,,,Active
NL/WOK/83F16/2018/5,Nagaland,Wokha,Ralan-5,Ralan-Woroku road,26.0037,93.9862,,,,Reactivated
NG/MON/83N2/2017/31,Nagaland,Mon, ,Near Phomching,26.678833,95.19475,,,,Active
NG/MON/83N2/2017/24,Nagaland,Mon, ,Near Lonkhai,26.729972,95.018778,,,,Reactivated
NAG/MOK/83J/7/2016/0009,Nagaland,Mokokchung, ,Between Kinunger-Mangmetong,26.320639,94.398806,,,,Active
NAG/ZUN/83K09/2016/106,Nagaland,Kiphire, ,North of Viyilho village,25.955769,94.605419,,,,Active
NG/MON/83N01/2017/61,Nagaland,Mon, ,PhuktongTuimei rd,26.841667,95.079333,,,,Suspended
NGP/ER/83G14/2015/21,Nagaland,Peren, ,Left bank of Dziipvo river along Peren-Maram road,25.531,93.762,,,,Suspended
NG/PHE/83K14/2017/27,Nagaland,Phek, ,Shillio to Avakhung,25.586389,94.858222,,,,Active
NG/KOH/83K2/2015/230,Nagaland,Kohima, ,NH-29,25.622,94.114,,,,Active
NAG/ZUN/83K09/2016/088,Nagaland,Kiphire, ,South of Old Mungre village,25.899894,94.624047,,,,Active
NAG/ZUN/83K5/2016/019,Nagaland,Zunheboto, ,Kilomi New,25.854278,94.432472,,,,Reactivated
NAG/WOKH/83J08/2015/0043,Nagaland,Wokha, ,8 km North of Wokha Town,26.154917,94.250194,,,,Reactivated
NAG/KOH/83K1/2016/159,Nagaland,Kohima, ,Nearly 2 km W of Kijumetoma,25.761464,94.217103,,,,Active
NG/NOK/83N3/2017/22,Nagaland,Noklak, ,Pangsha,26.26175,95.103444,,,,Active
NAG/ZUN/83J12/2016/0055,Nagaland,Zunheboto, ,2.5 km N of Aghunato,26.031786,94.634392,,,,Reactivated
NG/PHE/83K14/2017/49,Nagaland,Phek, ,Pokhungri to Shilloi,25.6055,94.800833,,,,Active
NAG/KOH/83K1/2016/156,Nagaland,Kohima, ,Pherkerie Basa,25.884206,94.026203,,,,Active
NG/PHE/83K14/2017/38,Nagaland,Phek, ,Shillio to Avakhung,25.6,94.841389,,,,Active
NG/MON/83N2/2017/47,Nagaland,Mon, ,Chen Moho  Wangati Road,26.550528,95.099583,,,,Active
NAG/TUN/83J16/2016/0052,Nagaland,Tuensang, ,Tuensang Village,26.249,94.819778,,,,Reactivated
NA/MOK/83J07/2020/7,Nagaland,Mokokchung, ,NH 29,26.41,94.37,,,, 
NG/KOH/83K2/2015/104,Nagaland,Kohima, ,Nagaland University Campus,25.728,94.098,,,,Suspended
NL/KOH/83K02/2014/18,Nagaland,Kohima, , ,25.72894,94.0855,,,,Suspended
NA/DIM/83G13/2020/35,Nagaland,Dimapur, ,NH-29,25.78,93.92,,,,Dormant
NAG/WOK/83J/4/2016/0066,Nagaland,Wokha, ,Yekhum to Wokha,26.155083,94.250361,,,,Suspended
NL/KOH/83K02/2014/29,Nagaland,Kohima, ,Ring road,25.68375,94.12436,,,,Suspended
NG/PHE/83K6/2015/287,Nagaland,Phek, ,Thipuzu approach road from Kohima-Pfiitsero road,25.635,94.253,,,,Suspended
NAG/MOKH/83J08/2015/ 0109,Nagaland,Mokokchung, ,NH 61,26.320806,94.537972,,,,Reactivated
NG/PHE/83K14/2017/47,Nagaland,Phek, ,Pokhungri to Shilloi,25.609472,94.806111,,,,Active
NAG/TUEN/83J11/2015/ 0123,Nagaland,Tuensang, ,Noksen and Lithim Village boundary,26.372667,94.71375,,,,Reactivated
NG/MON/83N01/2017/72,Nagaland,Mon, ,Longkai village,26.758306,94.955806,,,,Active
NAG/KOH/83K1/2016/123,Nagaland,Kohima, ,Tesophenyu,25.970083,94.213639,,,,Active
NG/KOH/83K2/2015/140,Nagaland,Kohima, ,Kohima-Khonoma-Pedi-Peren SH,25.645,94.034,,,,Suspended
NG/PHE/83K6/2015/288,Nagaland,Phek, ,Pholami village,25.647,94.378,,,,Suspended
NG/KOH/83K2/2015/165,Nagaland,Kohima, ,Southwestern downslope of Paramedical colony,25.666,94.09,,,,Suspended
NL/KOH/83K02/2014/26,Nagaland,Kohima, ,Nagaland secretariat road,25.69506,94.11203,,,,Suspended
 ,Nagaland,Wokha,,,26.27647222,94.13175,Sandy soil,Slide,"Initiated in July, 2017, reactivated in 2018 and 2019",Active
NAG/WOK/83J/4/2016/0048,Nagaland,Wokha, ,Sanis to Bhagti Road,26.231028,94.217083,,,,Active
NAG/WOKH/83J08/2015/0025,Nagaland,Wokha, ,2 km SE of Wokha,26.088361,94.264222,,,,Active
NAG/ZUN/83K09/2016/122,Nagaland,Kiphire, ,South of Thokihimi village,25.968006,94.574256,,,,Active
NAG/MOK/83J/7/2016/0015,Nagaland,Mokokchung, ,Bewteen Chungtia-Longjongkong,26.389028,94.434556,,,,Active
NAG/WOKH/83J08/2015/0040,Nagaland,Wokha, ,"NH 61, Near NST Bus accident point of 8th Aug'2007",26.016333,94.254306,,,,Active
NG/KOH/83K2/2015/241,Nagaland,Kohima, ,Approx. 255m ESE of Viswema,25.56,94.151,,,,Suspended
NAG/WOKH/83J08/2015/0050,Nagaland,Wokha, ,Old Changsu Village,26.192667,94.282194,,,,Reactivated
NAG/ZUN/83K09/2016/107,Nagaland,Kiphire, ,At Khetoi village,25.940872,94.586361,,,,Active
NG/MON/83N01/2017/46,Nagaland,Mon, ,PhuktongTuimei rd,26.826194,95.075917,,,,Active
NAG/KOH/83K02/2008/F-3A,Nagaland,Kohima,PR Hills slide, ,25.66083,94.10278,,,, 
NG/MON/83N01/2017/37,Nagaland,Mon, ,PhuktongTuimei rd,26.818167,95.072417,,,,Active
NAG/KIP/83K13/2016/010,Nagaland,Kiphire, ,NW of Kiphire Town,25.948886,94.706133,,,,Active
NAG/KOH/83K1/2016/115,Nagaland,Kohima, ,Phughoboto,25.892028,94.274528,,,,Active
NAG/KOH/83K1/2016/066,Nagaland,Kohima, ,Phekerkrie,25.847444,94.056361,,,,Stabilized
NG/TUE/83J15/2017/3,Nagaland,Tuensang, ,Sangsangyu Village,26.326944,94.896667,,,,Inactive
NAG/KOH/83K1/2016/136,Nagaland,Kohima, ,"Chiechama, near Gariephe Basa",25.767692,94.185106,,,,Active
NG/MON/83J14/2017/18,Nagaland,Mon, ,1.5 km S of Longmein Village,26.59,94.983056,,,, 
NG/NOK/83N04/2017/32,Nagaland,Noklak, ,Longnuk,26.163778,95.056722,,,,Active
NAG/KOH/83K1/2016/089,Nagaland,Kohima, ,Tsosinyu,25.931167,94.048889,,,,Active
NG/KOH/83K2/2015/137,Nagaland,Kohima, ,Right bank of stream,25.692,94.065,,,,Suspended
NG/MON/83N01/2017/62,Nagaland,Mon, ,PhuktongTuimei rd,26.84325,95.080306,,,,Suspended
NAG/MOK/83J/7/2016/0005,Nagaland,Mokokchung, ,2.5 km outside Kabza village,26.318806,94.453611,,,,Active
NL/KOH/83K02/2014/42,Nagaland,Kohima, ,Kezoma- Leshimi road,25.54831,94.19192,,,,Suspended
NAG/WOK/83J/4/2016/0080,Nagaland,Wokha, ,Longtsung village,26.122167,94.131528,,,,Active
NG/PHE/83K14/2017/11,Nagaland,Phek, ,Shillio to New Thewati,25.582694,94.785139,,,,Active
NAG/KIP/83K13/2016/011,Nagaland,Kiphire, ,Near Amahatore,25.944475,94.7888,,,,Active
NG/PHE/83K6/2015/250,Nagaland,Phek, ,Lekromi village,25.546,94.27,,,,Suspended
NG/MON/83J15/2017/12,Nagaland,Mon, ,Tobu Town,26.359722,94.935556,,,,Active
NG/MOK/83J10/2017/10,Nagaland,Mokukchung, ,TuliAmguri rd,26.680722,94.639306,,,,Active
NG/PHE/83K6/2015/337,Nagaland,Phek, ,Pfiitsero-Sakraba-Phek road,25.675,94.397,,,,Suspended
NG/PHE/83K14/2017/57,Nagaland,Phek, ,Washello to Zhipu,25.589222,94.766083,,,,Active
NAG/KOH/83K5/2016/144,Nagaland,Kohima, ,Nearly 2 km S of Satakha village,25.90665,94.428758,,,,Active
NG/MON/83N01/2017/56,Nagaland,Mon, ,PhuktongTuimei rd,26.835417,95.080444,,,,Active
NAG/KIP/83K13/2016/065,Nagaland,Kiphire, ,500m before Thanamir village,25.788378,94.96105,,,,Active
NG/MON/83N2/2017/53,Nagaland,Mon, ,Chen Moho  Wangati Road,26.571417,95.0985,,,,Active
NAG/ZUN/83J12/2016/0070,Nagaland,Zunheboto, ,1km N of Suruhuto vill,26.153418,94.590819,,,,Reactivated
NAG/WOKH/83J08/2015/0009,Nagaland,Wokha, ,"1.5 km NW of Mangya Village, 18 km SE of Wokha Town.",26.088722,94.349833,,,,Active
NAG/WOK/83K1/2016/153,Nagaland,Wokha, ,Longchum village,25.999744,94.030058,,,,Active
NG/TUE/83N4/2017/17,Nagaland,Tuensang, ,NoklakPangsha Road,26.240556,95.065694,,,,Active
NG/PHE/83K14/2017/45,Nagaland,Phek, ,Pokhungri to Shilloi,25.593778,94.822389,,,,Suspended
NG/KMA/83K2/2016/01,Nagaland,Kohima,Landslide at Chainage 171.2 km on Dimapur-Kohima (NH-2).,Dimapur-Kohima highway (NH-29).,25.68625,94.043194,,,,Active
NA/DIM/83G13/2020/30,Nagaland,Dimapur, ,NH-29,25.79,93.8,,,,Suspended
NG/PHE/83K14/2017/7,Nagaland,Phek, , ,25.593944,94.810925,,,,Active
NG/KOH/83K2/2015/190,Nagaland,Kohima, , ,25.742,94.245,,,,Active
NAG/WOK/83J/4/2016/0060,Nagaland,Wokha, ,Doyang to Yekhum,26.211028,94.241389,,,,Active
NG/MON/83J14/2017/15,Nagaland,Mon, ,6 km south of Totok Village,26.639167,94.989444,,,,Active
NAG/ZUN/83K09/2016/098,Nagaland,Kiphire, ,At Old Seyochong village,25.896511,94.646325,,,,Active
NAG/KOH/83K1/2016/053,Nagaland,Kohima, ,Gariphema,25.78875,94.234111,,,,Active
NAG/KIP/83K13/2016/078,Nagaland,Kiphire, ,South of Fakimile village,25.813064,94.971453,,,,Active
NG/KOH/83G14/2015/5,Nagaland,Kohima, ,Between Khonoma & Dziilekie,25.631,93.999,,,,Suspended
NAG/KOH/83K02/2008/F-4(A),Nagaland,Kohima,New Market slide, ,25.66917,94.10722,,,, 
NG/MON/83N2/2017/42,Nagaland,Mon, ,Near Chen,26.576417,95.092972,,,,Active
NG/PHE/83K2/2015/144,Nagaland,Phek, ,On Chakhabama-Chozuba-Zunheboto SH,25.665,94.214,,,,Suspended
NG/KOH/83K2/2015/221,Nagaland,Kohima, ,"Keziekie colony, Kohima Town",25.679,94.108,,,,Suspended
NAG/MOK/83J/7/2016/0003,Nagaland,Mokokchung, ,Alichen NAP camp,26.271389,94.453972,,,,Active
NG/PHE/83K14/2017/56,Nagaland,Phek, ,New Thewati to Washello,25.566583,94.763722,,,,Active
NG/KOH/83K2/2015/149,Nagaland,Kohima, , ,25.669,94.051,,,,Active
NG/KOH/83K2/2015/118,Nagaland,Kohima, ,Southeastern downslope of Lerie,25.651,94.12,,,,Active
NAG/KIP/83K13/2016/080,Nagaland,Kiphire, ,At Fakimile village,25.817164,94.975969,,,,Active
NAG/KOH/83K1/2016/100,Nagaland,Kohima, ,Ghotovi,25.951583,94.023667,,,,Active
NG/NOK/83N04/2017/24,Nagaland,Noklak, ,Noklak town,26.196222,95.020722,,,,Active
NG/MON/83N01/2017/66,Nagaland,Mon, ,PhuktongTuimei rd,26.845278,95.077167,,,,Suspended
NG/MOK/83J10/2017/16,Nagaland,Mokukchung, ,TuliAmguri rd,26.703194,94.633917,,,,Active
NG/TUE/83N4/2017/7,Nagaland,Tuensang, ,NoklakPangsha Road,26.223528,95.03275,,,,Active
NAG/ZUNH/83J08/2015/ 0063,Nagaland,Zunheboto, ,"Old Rotomi Village, 12km SE of Coco Bridge.",26.076583,94.433611,,,,Active
NAG/KOH/83K1/2016/125,Nagaland,Kohima, ,Sendenyu,25.915444,94.119639,,,,Active
NG/NOK/83N04/2017/31,Nagaland,Noklak, ,Longnuk,26.168556,95.04825,,,,Active
NAG/ZUN/83K09/2016/128,Nagaland,Kiphire, ,East of Thokihimi village,25.998183,94.5975,,,,Active
NG/MON/83N01/2017/6,Nagaland,Mon, ,Phuktong village,26.785222,95.070556,,,,Active
NAG/WOK/83J/4/2016/0081,Nagaland,Wokha, ,Longtsung village,26.111389,94.119028,,,,Active
NG/PHE/83K14/2017/5,Nagaland,Phek, ,Mokie,25.652639,94.7705,,,,Active
NAG/ZUNH/83J08/2015/ 0073,Nagaland,Zunheboto, ,"Ajiqami Village, below mobile tower",26.184028,94.431361,,,,Active
NG/TUE/83N4/2017/6,Nagaland,Tuensang, ,NoklakPangsha Road,26.221083,95.030139,,,,Active
NAG/WOKH/83J08/2015/0004,Nagaland,Wokha, ,"Yimkha Village, 12 km SE of Wokha Town.",26.067194,94.317611,,,,Dormant
NG/KOH/83K2/2015/45,Nagaland,Kohima, ,Secretariat-BSF Camp road,25.684,94.119,,,,Suspended
NAG/KIP/83K13/2016/025,Nagaland,Kiphire, ,East of Kiphire Town,25.829728,94.792592,,,,Active
NL/KOH/83K02/2014/43,Nagaland,Kohima, ,Below 'D' Block (Assam Rifle camp),25.66977,94.11269,,,,Suspended
NAG/ZUN/83J12/2016/0053,Nagaland,Zunheboto, ,4 km S of Akuba Village,26.002188,94.623681,,,,Reactivated
NG/PER/83G14/2015/4,Nagaland,Peren, ,Peren-Maram road (left bank of Dziipvo river),25.526,93.766,,,,Suspended
NG/PHE/83K10/2017/18,Nagaland,Phek, ,Lephori road,25.600306,94.613222,,,,Active
NAG/ZUN/83K09/2016/120,Nagaland,Kiphire, ,NW of Satoi village,25.850458,94.530347,,,,Active
NG/MON/83N01/2017/15,Nagaland,Mon, ,PhuktongTuimei rd,26.768667,95.086222,,,,Active
NG/PHE/83K2/2015/98,Nagaland,Phek, ,On the immediate downslope of Chakhabama-Chozuba-Zunheboto SH,25.67,94.211,,,,Suspended
NG/MON/83N01/2017/58,Nagaland,Mon, ,PhuktongTuimei rd,26.840694,95.080333,,,,Suspended
NG/TUE/83J15/2017/42,Nagaland,Tuensang, ,12 km NE of Tobu Town,26.389722,94.920556,,,,Suspended
NG/KOH/83K2/2015/146,Nagaland,Phek, , ,25.684,94.246,,,,Active
NAG/ZUN/83J12/2016/0014,Nagaland,Zunheboto, ,5 km NE of Asukhomi,26.085597,94.559075,,,,Reactivated
NG/TUE/83J15/2017/23,Nagaland,Tuensang, ,4 km S of Pipan Village.,26.295278,94.835556,,,,Reactivated
NG/PER/83G14/2015/14,Nagaland,Peren, ,Kohima-Khonoma-Pedi-Peren SH,25.572,93.787,,,,Suspended
NG/PHE/83K14/2017/74,Nagaland,Phek, ,1km East of Phor village,25.737289,94.787844,,,,Active
NG/PHE/83K10/2017/25,Nagaland,Phek, ,LanezhoKizare road,25.650111,94.510556,,,,Active
NL/PHE/83K02/2014/04,Nagaland,Phek,Sedzii Bridge,Chakabama-Pfiitsero road,25.61275,94.21517,,,,Suspended
NG/PHE/83K6/2015/249,Nagaland,Phek, ,Chozuba-Phek road,25.703,94.338,,,,Suspended
NAG/ZUN/83J12/2016/0061,Nagaland,Zunheboto, ,5 km N of Satami,26.119,94.637639,,,,Dormant
NA/DIM/83G13/2020/20,Nagaland,Dimapur, ,NH29/Dimapur-Kohima Rd,25.71,93.74,,,,Dormant
NG/MOK/83J10/2017/24,Nagaland,Mokukchung, ,Waromung village,26.588056,94.549111,,,,Active
NG/PHE/83K6/2015/314,Nagaland,Phek, ,Chakhabama-Chozuba-Zunheboto SH,25.736,94.329,,,,Suspended
NL/WOK/83F16/2018/7,Nagaland,Wokha,Ralan-7,Ralan-Woroku road,26.0074,93.9988,,,,Reactivated
NG/PHE/83K10/2017/12,Nagaland,Phek, ,Washello to Zhipu,25.613,94.745889,,,,Active
NG/MON/83N01/2017/45,Nagaland,Mon, ,PhuktongTuimei rd,26.825,95.076778,,,,Relict
NAG/WOKH/83J08/2015/0031,Nagaland,Wokha, ,"NH 61, Gate of Yanthamo Village.",26.070306,94.280586,,,,Active
NAG/PHK/83K5/2016/037,Nagaland,Phek, ,Sathazu,25.760111,94.366528,,,,Reactivated
NAG/WOKH/83J08/2015/0056,Nagaland,Wokha, ,Near SB main branch,26.096722,94.253694,,,,Reactivated
NG/PHE/83K14/2017/10,Nagaland,Phek, ,Shillio to New Thewati,25.583694,94.785639,,,,Active
NG/KOH/83K2/2015/167,Nagaland,Kohima, ,Kohima-Chakhabama road (part of NH-150),25.683,94.119,,,,Suspended
NG/MON/83N01/2017/49,Nagaland,Mon, ,PhuktongTuimei rd,26.831889,95.077944,,,,Suspended
NAG/ZUN/83K09/2016/123,Nagaland,Kiphire, ,South of Thokihimi village,25.970531,94.574903,,,,Active
NAG/TUN/83J16/2016/0035,Nagaland,Tuensang, ,7 km South of Tuensang Town,26.188227,94.812988,,,,Reactivated
NAG/WOK/83J/4/2016/0108,Nagaland,Wokha, ,2 km NW of Yamhon,26.134639,94.049278,,,,Active
NAG/WOKH/83J08/2015/0010,Nagaland,Wokha, ,"Tsungiki Village, 14 km East of Wokha Town.",26.104944,94.3375,,,,Abandoned
NG/NOK/83N04/2017/25,Nagaland,Noklak, ,Noklak Nokhu road,26.196333,95.019417,,,,Active
NG/PHE/83K10/2017/1,Nagaland,Phek, ,Waziho,25.667,94.718944,,,,Active
NG/KOH/83G14/2015/25,Nagaland,Kohima, ,SW of Thekriijuma,25.696,93.924,,,,Suspended
NAG/KIP/83K13/2016/062,Nagaland,Kiphire, ,At bridge towards Thanamir village,25.792131,94.95655,,,,Active
NL/KOH/83K02/2014/21,Nagaland,Kohima, ,NU Campus,25.72739,94.10103,,,,Suspended
NG/KOH/83K2/2015/63,Nagaland,Kohima, ,Kohima-Khonoma-Pedi-Peren SH,25.646,94.033,,,,Suspended
NAG/KOH/83K1/2016/128,Nagaland,Kohima, ,Tseminuyu,25.910583,94.206417,,,,Active
NG/MON/83J14/2017/22,Nagaland,Mon, ,3 km S of Mohung Village,26.541389,94.946389,,,,Active
NL/WOK/83F16/2018/15,Nagaland,Wokha,Ralan-15,Ralan-Woroku road,26.0073,93.9983,,,,Reactivated
NAG/MOK/83J/7/2016/0002,Nagaland,Mokokchung, ,500m from Mangmetong,26.2905,94.393222,,,,Active
NL/DIM/83G13/2014/02,Nagaland,Dimapur,Kukidolong-2,NH 29,25.76939,93.80278,,,,Active
NG/PHE/83K6/2015/295,Nagaland,Phek, ,Pfiitsero-Sakraba-Phek road,25.62,94.332,,,,Suspended
NG/LON/83J15/2017/34,Nagaland,Longleng, ,3.1 km S of Yungphong Village.,26.433889,94.864444,,,,Reactivated
NAG/KIP/83K13/2016/006,Nagaland,Kiphire, ,NE of Sampurre/Tepe Nala,25.842897,94.786861,,,,Active
NL/WOK/83F16/2018/12,Nagaland,Wokha,Ralan-12,Ralan-Woroku road,26.0049,93.9901,,,,Reactivated
NAG/KOH/83K1/2016/004,Nagaland,Kohima, ,Nerhema,25.779944,94.116556,,,,Reactivated
NAG/KIP/83K13/2016/074,Nagaland,Kiphire, ,At Amikiou village,25.751456,94.850217,,,,Active
NG/PHE/83K14/2017/8,Nagaland,Phek, ,Shillio to New Thewati,25.588389,94.78825,,,,Active
NAG/KIP/83K13/2016/002,Nagaland,Kiphire, ,Tesloteko Nala,25.797781,94.770447,,,,Active
NG/MON/83N01/2017/54,Nagaland,Mon, ,PhuktongTuimei rd,26.834778,95.080639,,,,Suspended
NG/NOK/83N04/2017/29,Nagaland,Noklak, ,Nokhu,26.169111,95.041361,,,,Reactivated
NL/MOK/83J10/2014/05,Nagaland,Mokokchung,Wameken,State Highway (Tuli - Wameken – Kangtsung - Anaki road),26.70069,94.64383,,,,Active
NG/MON/83N3/2017/13,Nagaland,Mon, ,PesaoMonyakshu Road,26.420167,95.053833,,,,Active
NG/TUE/83N4/2017/12,Nagaland,Tuensang, ,NoklakPangsha Road,26.229861,95.0515,,,,Active
NG/KOH/83K2/2015/235,Nagaland,Kohima, ,Approx. 335m downslope of NH-61,25.726,94.076,,,,Active
NA/PER/83G10/2020/20,Nagaland,Peren, ,Peren-Tening Road,25.51,93.67,,,,Suspended
NG/PHE/83K14/2017/3,Nagaland,Phek, ,Waziho to Mokie,25.640056,94.765278,,,,Active
NG/PER/83G14/2015/29,Nagaland,Peren, ,"South of Sainik School, Punglwa",25.646,93.843,,,,Suspended
NA/MOK/83J07/2020/1,Nagaland,Mokokchung, ,Longtho,26.49,94.37,,,,Suspended
NG/PHE/83K6/2015/302,Nagaland,Phek, ,Pfiitsero-Sakraba-Phek road,25.601,94.31,,,,Suspended
NAG/ZUN/83K09/2016/136,Nagaland,Kiphire, ,Northwest of Yemishe village,25.966742,94.502006,,,,Active
NAG/KOH/83K1/2016/096,Nagaland,Kohima, ,Ghotovi,25.947583,94.023861,,,,Active
NG/KOH/83K2/2015/69,Nagaland,Kohima, ,NH-61 (Between Meriema and Tsiesema),25.729,94.083,,,,Suspended
NG/MON/83N3/2017/18,Nagaland,Mon, ,Near Tamkao,26.3765,95.011139,,,,Active
NG/KOH/83K2/2015/123,Nagaland,Kohima, ,On Kohima-Chakhabama road,25.669,94.192,,,,Suspended
NG/KOH/83K2/2015/169,Nagaland,Kohima, ,"Chandmari colony, Kohima Town",25.659,94.107,,,,Active
NG/PRN/83G7/2017/7,Nagaland,Peren,Nchen–Ngaulong slide No.4,Nchen–Ngaulong road section.,25.288472,93.489611,,,,Abandoned
NG/PHE/83K6/2015/299,Nagaland,Phek, ,Kohima-Pfiitsero-Meluri road (NH-150?),25.566,94.258,,,,Suspended
NAG/KOH/83K1/2016/059,Nagaland,Kohima, ,Kijumetouma,25.757139,94.246194,,,,Active
NAG/ZUNH/83J08/2015/ 0080,Nagaland,Zunheboto, ,Akuluto Town.,26.160139,94.499806,,,,Reactivated
NG/PHE/83K6/2015/301,Nagaland,Phek, ,Eastern downslope of Army Establishment along Phek Town road,25.695,94.459,,,,Active
NG/KOH/83K2/2015/37,Nagaland,Kohima, ,Between Lerie and Pfiichama along Lerie-Pfiichama approach road (below road bench),25.65,94.122,,,,Suspended
NG/MON/83N2/2017/66,Nagaland,Mon, ,Near Totokchinkhu,26.6575,95.012028,,,,Active
NAG/WOK/83J/4/2016/0089,Nagaland,Wokha, ,1 km NW of Pyotchu,26.053519,94.044361,,,,Active
NG/PHE/83K6/2015/252,Nagaland,Phek, ,Chizami-Thetsumi-Razeba road,25.552,94.362,,,,Suspended
NAG/KOH/83K1/2016/102,Nagaland,Kohima, ,Ghotovi,25.945639,94.016417,,,,Active
NG/NOK/83N04/2017/46,Nagaland,Noklak, ,Sanglao,26.094083,95.043389,,,,Active
NG/PHE/83K6/2015/318,Nagaland,Phek, ,"Police Colony, Phek Town",25.696,94.461,,,,Active
NAG/KIP/83K13/2016/081,Nagaland,Kiphire, ,South of Fakimile village,25.813294,94.968222,,,,Reactivated
NG/MON/83N01/2017/35,Nagaland,Mon, ,PhuktongTuimei rd,26.817417,95.072694,,,,Active
NG/KOH/83K2/2015/152,Nagaland,Kohima, ,On Bye-Pass Police Checkgate (NH-29)-Jotsoma road,25.674,94.081,,,,Active
NG/KOH/83K2/2015/216,Nagaland,Kohima, ,SE downslope of Mima village,25.608,94.146,,,,Suspended
NG/KOH/83K2/2015/160,Nagaland,Kohima, ,On Kohima-Chakhabama road,25.652,94.154,,,,Suspended
NAG/WOK/83J/4/2016/0106,Nagaland,Wokha, ,2 km NE of Woroko,26.037381,94.037386,,,,Active
NAG/KOH/83K1/2016/062,Nagaland,Kohima, ,Zadhima,25.803806,94.065556,,,,Active
NAG/MOK/83J/7/2016/0017,Nagaland,Mokokchung, ,Bewteen Chungtia-Longjongkong,26.395139,94.451194,,,,Active
NAG/ZUNH/83J08/2015/ 0074,Nagaland,Zunheboto, ,12 km SW of Mokokchung on the way to Lumami,26.247056,94.479694,,,,Active
NG/KOH/83K2/2015/220,Nagaland,Kohima, ,Kohima-Thizama approach road,25.72,94.109,,,,Suspended
NG/MOK/83J10/2017/8,Nagaland,Mokukchung, ,10 km S of Merangkong,26.561861,94.686611,,,,Active
NG/KOH/83K2/2015/143,Nagaland,Kohima, , ,25.696,94.079,,,,Active
NAG/ZUN/83K5/2016/018,Nagaland,Zunheboto, ,Khuivi,25.876778,94.462028,,,,Active
NG/PHE/83K14/2017/80,Nagaland,Phek, ,Phor village to Kuzato,25.699556,94.775583,,,,Active
NAG/MOKH/83J08/2015/ 0095,Nagaland,Mokokchung, ,2 km North of Ungma village,26.302778,94.505528,,,,Reactivated
NG/MON/83N01/2017/5,Nagaland,Mon, ,Phuktong village,26.784222,95.069944,,,,Active
NA/WOK/83J03/2020/5,Nagaland,Wokha, ,Bhandari,26.29,94.11,,,,Reactivated
NAG/ZUN/83K09/2016/140,Nagaland,Kiphire, ,At Sukhalu village,25.972636,94.511444,,,,Active
NAG/ZUNH/83J08/2015/ 0079,Nagaland,Zunheboto, ,Akuluto Town.,26.159667,94.4995,,,,Reactivated
NG/PHE/83K2/2015/70,Nagaland,Phek, ,Kohima-Pfiitsero-Meluri road (NH-150?),25.612,94.209,,,,Active
NG/PHE/83K6/2015/308,Nagaland,Phek, ,Pfiitsero-Phesachodu approach road,25.588,94.292,,,,Suspended
NG/PHE/83K10/2017/5,Nagaland,Phek, ,Waziho to Zipu,25.649428,94.737028,,,,Active
NG/MON/83N2/2017/6,Nagaland,Mon, ,"Chingai Ward, Mon Town",26.724639,95.031528,,,,Active
NAG/TUN/83J16/2016/0024,Nagaland,Tuensang, ,500 m S of Zungki Riv Bridge,26.027111,94.847806,,,,Reactivated
NG/KOH/83K2/2015/211,Nagaland,Kohima, ,NE of Mitelephe village,25.631,94.174,,,,Suspended
NAG/KIP/83K13/2016/042,Nagaland,Kiphire, ,East of Sitimi village,25.848958,94.755311,,,,Active
NG/MON/83N01/2017/4,Nagaland,Mon, ,Phuktong village,26.778444,95.069083,,,,Active
NG/TUE/83J15/2017/55,Nagaland,Tuensang, ,5km NW of Tuensang Town,26.251111,94.808889,,,,Reactivated
NAG/KOH/83K1/2016/161,Nagaland,Kohima, ,"Chiechama, near Gariephe Basa",25.750922,94.178869,,,,Active
NAG/KIP/83K13/2016/038,Nagaland,Kiphire, ,West of Sangkhumti village,25.915092,94.844003,,,,Active
NL/WOK/83F16/2018/14,Nagaland,Wokha,Ralan-14,Ralan-Woroku road,26.0052,93.9927,,,,Reactivated
NAG/KIP/83K13/2016/027,Nagaland,Kiphire, ,East of Kiphire Town,25.884003,94.792711,,,,Active
NAG/ZUNH/83J08/2015/ 0071,Nagaland,Zunheboto, ,"NH 61, Moromi Village",26.1785,94.411778,,,,Active
NL/KOH/83K02/2014/01,Nagaland,Kohima, ,NH 29,25.663,94.10439,,,,Reactivated
NL/KOH/83K02/2014/39,Nagaland,Kohima, ,Viswema-Kedima road section,25.56544,94.17208,,,,Suspended
NAG/ZUN/83J12/2016/0064,Nagaland,Zunheboto, ,9 km N of Satami,26.134722,94.631639,,,,Reactivated
NG/PHE/83K14/2017/79,Nagaland,Phek, ,Phor village to Kuzato,25.700506,94.775633,,,,Active
NL/KOH/83K02/2014/28,Nagaland,Kohima, ,Ring road,25.68525,94.12347,,,,Suspended
NAG/ZUN/83J12/2016/0004,Nagaland,Zunheboto, ,5 km north of Zunheboto Town,26.0415,94.522444,,,,Reactivated
NG/NOK/83N04/2017/20,Nagaland,Noklak, ,Noklak,26.202167,95.017889,,,,Reactivated
NAG/KIP/83K13/2016/056,Nagaland,Kiphire, ,At Luthur village,25.828928,94.898075,,,,Active
NAG/KOH/83K1/2016/061,Nagaland,Kohima, ,Keroma,25.771028,94.076167,,,,Active
NAG/ZUN/83K09/2016/089,Nagaland,Kiphire, ,At Old Mungre village,25.898825,94.629367,,,,Active
NG/KOH/83K2/2015/171,Nagaland,Kohima, , ,25.704,94.118,,,,Suspended
NG/PHE/83K6/2015/332,Nagaland,Phek, , ,25.559,94.251,,,,Active
NG/PHE/83K6/2015/323,Nagaland,Phek, ,Terrace cultivated fields of Pholami village,25.661,94.388,,,,Suspended
NG/PHE/83K14/2017/26,Nagaland,Phek, ,Shillio to Avakhung,25.584147,94.8582,,,,Active
NAG/KIP/83K13/2016/024,Nagaland,Kiphire, ,East of Kiphire Town,25.821589,94.708056,,,,Active
NG/PHE/83K10/2017/11,Nagaland,Phek, ,Washello to Zhipu,25.611028,94.747167,,,,Active
NG/KOH/83K2/2015/163,Nagaland,Kohima, ,Secretariat-BSF Camp road,25.688,94.121,,,,Suspended
NG/MON/83N2/2017/21,Nagaland,Mon, ,Near Yuting,26.694917,95.07275,,,,Active
NG/KOH/83K2/2015/204,Nagaland,Kohima, ,NH-29 (right bank of stream),25.665,94.096,,,,Active
NG/MON/83N01/2017/8,Nagaland,Mon, ,Phuktong village,26.784694,95.072222,,,,Active
NG/PHE/83K10/2017/20,Nagaland,Phek, ,Lephori road,25.599056,94.617222,,,,Active
NG/KOH/83K2/2015/77,Nagaland,Kohima, ,On the immediate ESE downslope of Lerie Helipad,25.654,94.122,,,,Suspended
NG/PHE/83K10/2017/30,Nagaland,Phek, ,ThezatseMeluri road,25.692222,94.584722,,,,Active
NG/KOH/83K2/2015/172,Nagaland,Kohima, ,On the immediate downslope of NH-29,25.638,94.109,,,,Active
NAG/WOK/83J/4/2016/0111,Nagaland,Wokha, ,2 km south of Bhagti,26.230083,94.198,,,,Active
NG/MON/83N01/2017/27,Nagaland,Mon, ,PhuktongTuimei rd,26.787333,95.068917,,,,Active
NA/MOK/83J06/2020/22,Nagaland,Mokokchung, ,Lakhuni-Mankholemba Rd,26.54,94.44,,,,Suspended
NG/PHE/83K10/2017/29,Nagaland,Phek, ,Thezatse village,25.711278,94.579944,,,,Active
NG/KOH/83K2/2015/111,Nagaland,Kohima, ,On Kohima-Chakhabama road,25.671,94.14,,,,Suspended
NAG/MOK/83J/7/2016/0012,Nagaland,Mokokchung, ,Bewteen Chungtia-Longjongkong,26.390972,94.438111,,,,Active
NAG/WOK/83J/4/2016/0039,Nagaland,Wokha, ,Doyang to Sanis Road,26.212222,94.234,,,,Active
NL/KOH/83K02/2014/16,Nagaland,Kohima,Tsiesema slide,Tsiesema village,25.74467,94.08672,,,,Suspended
NG/PHE/83K6/2015/320,Nagaland,Phek, ,Phek-Ketsapo road.,25.692,94.444,,,,Suspended
NG/MON/83N2/2017/5,Nagaland,Mon, ,"Techahan Ward, Mon Town",26.7175,95.03125,,,,Reactivated
NG/LON/83J14/2017/10,Nagaland,Longleng, ,3.5 kmsNorth of IRB Camp,26.552222,94.788611,,,,Suspended
NAG/TUN/83J16/2016/0026,Nagaland,Tuensang, ,1.5km N of Sangpurr vill,26.166905,94.876367,,,,Reactivated
NG/TUE/83J15/2017/39,Nagaland,Tuensang, ,1 km NE of Tobu Town,26.375278,94.936389,,,, 
NAG/KIP/83K13/2016/039,Nagaland,Kiphire, ,Way to Pungro from Kiusam,25.883108,94.919106,,,,Active
NG/PHE/83K2/2015/126,Nagaland,Phek, ,On Chakhabama-Chozuba-Zunheboto SH,25.671,94.209,,,,Suspended
NAG/ZUN/83K09/2016/104,Nagaland,Kiphire, ,At Yezashimi village,25.9645,94.632583,,,,Active
NG/TUE/83N4/2017/16,Nagaland,Tuensang, ,NoklakPangsha Road,26.239444,95.0655,,,,Active
NAG/TUEN/83J11/2015/ 0118,Nagaland,Tuensang, ,Chungliyemti Village,26.272361,94.58425,,,,Reactivated
NAG/KOH/83K1/2016/163,Nagaland,Kohima, ,Nearly 4 km NE of Gariphema,25.828558,94.239531,,,,Active
NA/PER/83G10/2020/12,Nagaland,Peren, ,Peren-Tening Road,25.5,93.67,,,,Suspended
NG/NOK/83N04/2017/55,Nagaland,Noklak, ,Aniashu,26.122694,95.076861,,,,Reactivated
NAG/KOH/83K1/2016/048,Nagaland,Kohima, ,Tseisema,25.759556,94.026056,,,,Active
NAG/ZUNH/83J08/2015/ 0066,Nagaland,Zunheboto, ,3 km West of Asukhuto Village.,26.080917,94.481697,,,,Active
NAG/WOK/83J/4/2016/0100,Nagaland,Wokha, ,Between New Ralan to Longchum,26.008333,94.032333,,,,Active
NAG/KOH/83K1/2016/068,Nagaland,Kohima, ,Phekerkrie,25.860611,94.0555,,,,Active
NAG/ZUN/83J12/2016/0011,Nagaland,Zunheboto, ,"Zunhwboto Town, Alahuto Colony",26.013806,94.530111,,,,Reactivated
NG/KOH/83K2/2015/82,Nagaland,Kohima, ,Secretariat-BSF Camp road,25.688,94.12,,,,Suspended
NG/PHE/83K6/2015/264,Nagaland,Phek, ,Thipuzu approach road,25.632,94.25,,,,Suspended
NG/KOH/83K2/2015/236,Nagaland,Kohima, ,"NH-29, Phesema village",25.623,94.113,,,,Active
NAG/MOKH/83J08/2015/ 0111,Nagaland,Mokokchung, ,Near Mokokchung TV Tower,26.327972,94.527389,,,,Reactivated
NG/MON/83N2/2017/7,Nagaland,Mon, ,"Tungpang Ward, Mon Town",26.724833,95.025861,,,,Active
NG/KOH/83K2/2015/200,Nagaland,Kohima, , ,25.746,94.078,,,,Active
NG/KOH/83K2/2015/173,Nagaland,Kohima, ,"NW downslope of Pfiichama village, along Lerie-Pfiichama approach road (right bank of stream)",25.648,94.124,,,,Suspended
NL/WOK/83F16/2018/10,Nagaland,Wokha,Ralan-10,Ralan-Woroku road,26.0045,93.9828,,,,Reactivated
NAG/ZUN/83K09/2016/130,Nagaland,Kiphire, ,Towards Khukishe village,25.964631,94.574406,,,,Active
NL/WOK/83F16/2018/9,Nagaland,Wokha,Ralan-9,Ralan-Woroku road,26.0046,93.9814,,,,Reactivated
NG/LON/83J15/2017/28,Nagaland,Longleng, ,3km S of Pongo Village.,26.461667,94.855,,,,Active
NAG/KOH/83K1/2016/132,Nagaland,Kohima, ,Viphoma,25.843528,94.011806,,,,Active
NG/KOH/83K2/2015/110,Nagaland,Kohima, ,"Keyake colony, Kohima Town",25.678,94.122,,,,Active
NAG/ZUNH/83J08/2015/ 0077,Nagaland,Zunheboto, ,Zaphumi Village,26.232861,94.472361,,,,Active
NG/TUE/83N4/2017/13,Nagaland,Tuensang, ,NoklakPangsha Road,26.242944,95.048417,,,,Reactivated
NA/DIM/83G13/2020/43,Nagaland,Dimapur, ,NH29/Dimapur-Kohima Rd,25.77,93.98,,,,Active
NL/KOH/83K02/2014/06,Nagaland,Kohima,Police check gate,NH-29,25.67286,94.08883,,,,Active
NG/PHE/83K14/2017/6,Nagaland,Phek, , ,25.605061,94.772156,,,,Active
NA/DIM/83G13/2020/36,Nagaland,Dimapur, ,NH29/Dimapur-Kohima Rd,25.8,93.81,,,,Active
NG/LON/83J14/2017/8,Nagaland,Longleng, ,Near IRB Camp,26.535556,94.788056,,,,Reactivated
NAG/WOK/83J/4/2016/0040,Nagaland,Wokha, ,Doyang to Sanis Road,26.214389,94.236694,,,,Active
NG/PHE/83K2/2015/79,Nagaland,Phek, ,On Chakhabama-Chozuba-Zunheboto SH,25.665,94.216,,,,Suspended
NAG/TUN/83J16/2016/0030,Nagaland,Tuensang, ,Tuensang town river side,26.235736,94.805011,,,,Reactivated
NG/LON/83J15/2017/30,Nagaland,Longleng, ,3.5km S of Pongo Village.,26.46,94.852222,,,,Reactivated
NAG/KIP/83K13/2016/077,Nagaland,Kiphire, ,Towards Fakimile from Penkim village,25.814897,94.970297,,,,Active
NG/TUE/83N3/2017/7,Nagaland,Tuensang, ,NoklakPangsha Road,26.259083,95.085972,,,,Reactivated
NG/KOH/83K2/2015/55,Nagaland,Kohima, , ,25.693,94.043,,,,Active
NL/KOH/83K02/2014/15,Nagaland,Kohima, ,Jotsoma village,25.65653,94.09061,,,,Suspended
NG/MON/83N01/2017/12,Nagaland,Mon, ,Shangnyu village,26.759389,95.108944,,,,Active
NAG/WOK/83J/4/2016/0102,Nagaland,Wokha, ,Between New Ralan to Longchum,26.011389,94.022722,,,,Active
NG/PHE/83K6/2015/276,Nagaland,Phek, ,Pfiitsero-Sakraba-Phek road,25.662,94.453,,,,Suspended
NG/PHE/83K10/2017/14,Nagaland,Phek, ,Kuzato to Wazeho,25.747892,94.633072,,,,Active
NG/KOH/83G14/2015/1,Nagaland,Kohima, ,Kohima-Khonoma-Pedi-Peren SH,25.615,93.944,,,,Suspended
NG/TUE/83N4/2017/8,Nagaland,Tuensang, ,NoklakPangsha Road,26.223,95.033417,,,,Active
NG/KOH/83K2/2015/231,Nagaland,Kohima, ,NH-29,25.733,94.022,,,,Active
NG/LON/83J15/2017/37,Nagaland,Longleng, ,1 km East of Hukpong Village,26.468611,94.806389,,,,Reactivated
NAG/MOK/83J/7/2016/0011,Nagaland,Mokokchung, ,Bewteen Chungtia-Longjongkong,26.395389,94.454528,,,,Reactivated
NAG/TUN/83J16/2016/0051,Nagaland,Tuensang, ,3 km south of Tuensang Town,26.210306,94.810333,,,,Reactivated
NAG/TUE/83J15/2009/F-13,Nagaland,Tuensang,Ajang (Bhumbak Village), ,26.36083,94.84,,,, 
NG/MOK/83J10/2017/23,Nagaland,Mokukchung, ,Yajang A village,26.688831,94.546019,,,,Suspended
NAG/KOH/83K1/2016/108,Nagaland,Kohima, ,Botsa,25.867778,94.168056,,,,Active
NAG/WOKH/83J08/2015/0059,Nagaland,Wokha, ,Near Zuvatong Colony,26.085389,94.258,,,,Reactivated
NG/NOK/83N3/2017/21,Nagaland,Noklak, ,Pangsha,26.260333,95.104806,,,,Active
NG/MON/83J15/2017/9,Nagaland,Mon, ,8 km south of Tobu Village,26.3275,94.917222,,,,Reactivated
NL/KOH/83K02/2014/03,Nagaland,Kohima,Phesama,NH 29,25.621,94.11806,,,,Active
NG/TUE/83J15/2017/1,Nagaland,Tuensang, ,"Hakchang Village, near Sangden Khel",26.311944,94.877778,,,,Suspended
NG/MON/83N2/2017/55,Nagaland,Mon, ,Near Chen Moho,26.576806,95.096889,,,,Active
NG/PHE/83K6/2015/266,Nagaland,Phek, ,Chakhabama-Chozuba-Zunheboto SH,25.667,94.254,,,,Suspended
NAG/ZUN/83J12/2016/0071,Nagaland,Zunheboto, ,1km SE of Kholeboto,26.156333,94.593611,,,,Reactivated
NA/PER/83G10/2020/7,Nagaland,Peren, ,Peren-Tening Road,25.52,93.72,,,,Suspended
NAG/WOK/83K1/2016/154,Nagaland,Wokha, ,Longchum village,25.985317,94.021903,,,,Active
NG/KOH/83K2/2015/189,Nagaland,Kohima, ,"Assam Rifles Cantonment, Kohima Town",25.663,94.113,,,,Active
NAG/ZUN/83J12/2016/0057,Nagaland,Zunheboto, ,4 km N of Aghunato,26.037847,94.635525,,,,Reactivated
NG/PHE/83K6/2015/294,Nagaland,Phek, ,Phek-Lanye road.,25.647,94.481,,,,Active
NAG/ZUN/83K5/2016/012,Nagaland,Zunheboto, ,Shoipu,25.965083,94.426806,,,,Reactivated
NG/PHE/83K10/2017/6,Nagaland,Phek, ,Waziho to Zipu,25.652361,94.735889,,,,Active
NG/MON/83N2/2017/14,Nagaland,Mon, ,"Chingai Ward, Mon Town",26.72875,95.031194,,,,Active
NAG/KOH/83K1/2016/069,Nagaland,Kohima, ,Phekerkrie,25.865472,94.049944,,,,Active
NG/KOH/83K2/2015/209,Nagaland,Kohima, , ,25.683,94.099,,,,Active
NAG/ZUN/83K09/2016/051,Nagaland,Kiphire, ,SW of Ngoromi,25.767683,94.709381,,,,Active
NG/PHE/83K6/2015/298,Nagaland,Phek, ,Pfiitsero-Sakraba-Phek road,25.647,94.361,,,,Suspended
NG/PHE/83K6/2015/256,Nagaland,Phek, ,Chakhabama-Chozuba-Zunheboto SH,25.666,94.258,,,,Suspended
NL/KOH/83K02/2014/11,Nagaland,Kohima, ,NH-29,25.66897,94.04664,,,,Suspended
NG/PHE/83K10/2017/31,Nagaland,Phek, ,LephoriReguri road,25.515222,94.660694,,,,Active
NG/MON/83N2/2017/9,Nagaland,Mon, ,Near Mon Town,26.711222,95.074222,,,,Active
NG/PHE/83K14/2017/70,Nagaland,Phek, ,4km NW of Sutsii village,25.715956,94.810833,,,,Active
NAG/WOKH/83J08/2015/0046,Nagaland,Wokha, ,Old Rephium Village,26.182583,94.263361,,,,Reactivated
NG/NOK/83N04/2017/28,Nagaland,Noklak, ,Nokhu,26.174028,95.029722,,,,Active
NG/KOH/83K2/2015/92,Nagaland,Kohima, ,"Assam Rifles Cantonment, Kohima Town",25.67,94.113,,,,Suspended
NAG/KIP/83K13/2016/054,Nagaland,Kiphire, ,South of Tethyo village,25.786311,94.796825,,,,Active
NG/MON/83N01/2017/55,Nagaland,Mon, ,PhuktongTuimei rd,26.834972,95.080528,,,,Suspended
NG/MON/83N01/2017/25,Nagaland,Mon, ,PhuktongTuimei rd,26.787,95.070083,,,,Active
NG/MON/83N2/2017/4,Nagaland,Mon, ,"Techahan Ward, Mon Town",26.718556,95.033222,,,,Active
NAG/ZUN/83J12/2016/0054,Nagaland,Zunheboto, ,2 km N of Aghunato,26.028806,94.638389,,,,Reactivated
NG/PHE/83K14/2017/54,Nagaland,Phek, ,New Thewati to Washello,25.554167,94.760944,,,,Active
NAG/WOK/83J/4/2016/0101,Nagaland,Wokha, ,Between New Ralan to Longchum,26.0075,94.021444,,,,Active
NA/DIM/83G13/2020/7,Nagaland,Dimapur, ,NH-29,25.77,93.94,,,,Active
NG/KOH/83K2/2015/227,Nagaland,Kohima, ,NH-29,25.565,94.138,,,,Active
NG/MON/83N2/2017/23,Nagaland,Mon, ,Near Yuting,26.7015,95.079361,,,,Active
NAG/KIP/83K13/2016/008,Nagaland,Kiphire, ,Kiphire Town,25.911931,94.793292,,,,Reactivated
NAG/PHK/83K5/2016/038,Nagaland,Phek, ,Sekruzu,25.783278,94.388306,,,,Stabilized
NG/PHE/83K14/2017/71,Nagaland,Phek, ,3km SE of Phor village,25.729639,94.795675,,,,Active
NAG/KIP/83K13/2016/009,Nagaland,Kiphire, ,NW of Kiphire Town,25.934647,94.787967,,,,Active
NA/DIM/83G13/2020/47,Nagaland,Dimapur, ,NH29,25.78,93.82,,,,Suspended
NG/PER/83G14/2015/16,Nagaland,Peren, ,SE of Benreu,25.566,93.863,,,,Active
NAG/KOH/83K1/2016/044,Nagaland,Kohima, ,Tseisema,25.761278,94.072194,,,,Active
NAG/WOKH/83J08/2015/0013,Nagaland,Wokha, ,"Saron Colony, 4 km SE of Wokha Town.",26.082972,94.267528,,,,Active
NAG/TUN/83J16/2016/0039,Nagaland,Tuensang, ,15 km east of Kuthur Vill,26.197444,94.856955,,,,Reactivated
NAG/KIP/83K13/2016/035,Nagaland,Kiphire, ,At Zungki river towards Kiusam road,25.920811,94.838889,,,,Active
NAG/ZUN/83J12/2017/0081,Nagaland,Zunheboto, ,3 km W of Tichipami village,26.191306,94.569611,,,,Reactivated
NG/PHE/83K14/2017/40,Nagaland,Phek, ,Shillio to Avakhung,25.605458,94.839083,,,,Active
NG/MON/83N2/2017/35,Nagaland,Mon, ,Shainghachingnyu,26.638861,95.123333,,,,Active
NG/MOK/83J10/2017/9,Nagaland,Mokukchung, ,2km N of Merangkong,26.608167,94.645139,,,,Suspended
NAG/WOKH/83J08/2015/0039,Nagaland,Wokha, ,"NH 61, Near NST Bus accident point of 8th Aug'2006",26.017,94.254306,,,,Active
NG/KOH/83K2/2015/96,Nagaland,Kohima, ,Secretariat-BSF Camp road,25.694,94.107,,,,Suspended
NG/MOK/83J10/2017/15,Nagaland,Mokukchung, ,TuliAmguri rd,26.701222,94.635083,,,,Suspended
NAG/KIP/83K13/2016/057,Nagaland,Kiphire, ,200m away from Luthur village,25.827397,94.907311,,,,Active
NAG/WOK/83J/4/2016/0063,Nagaland,Wokha, ,Doyang to Yekhum,26.180944,94.249472,,,,Suspended
NA/DIM/83G13/2020/29,Nagaland,Dimapur, ,NH-29,25.77,93.91,,,,Dormant
NG/TUE/83J15/2017/14,Nagaland,Tuensang, ,3 km N of Tuensang Town,26.258889,94.8175,,,,Reactivated
NL/KOH/83K02/2014/48,Nagaland,Kohima,Viswema slide,Agri-link Road,25.55697,94.15322,,,,Suspended
NG/PHE/83K10/2017/37,Nagaland,Phek, ,LephoriReguri road,25.581333,94.627306,,,,Active
NAG/KOH/83K02/2008/F-3B,Nagaland,Kohima,Officer Hill/ Naga Hospital Colony slide, ,25.66667,94.10972,,,, 
NG/PHE/83K10/2017/2,Nagaland,Phek, ,Waziho,25.673472,94.716222,,,,Active
NG/TUE/83J15/2017/49,Nagaland,Tuensang, ,3 km S of Ukha,26.417222,94.960833,,,,Reactivated
NG/MOK/83J10/2017/25,Nagaland,Mokukchung, ,TuliMolungkimong rd.,26.66725,94.614028,,,,Active
NL/MON/83J15/2014/09,Nagaland,Mon,Shense slide,State Highway (Tobu to Mon road),26.39936,94.94553,,,,Active
NG/NOK/83N04/2017/44,Nagaland,Noklak, ,Nokhu,26.132333,95.01675,,,,Active
NG/KOH/83K2/2015/164,Nagaland,Kohima, ,T-Khel Model village-Indira Gandhi Stadium road,25.701,94.089,,,,Active
NG/PHE/83K6/2015/315,Nagaland,Phek, ,Pfiitsero-Sakraba-Phek road,25.625,94.335,,,,Suspended
NG/MON/83N2/2017/33,Nagaland,Mon, ,Shainghawamsa,26.62125,95.12575,,,,Active
NG/MON/83N01/2017/69,Nagaland,Mon, ,Wangla village,26.804028,95.003722,,,,Active
NG/KOH/83K2/2015/50,Nagaland,Kohima, ,Mohonkhola colony,25.651,94.097,,,,Suspended
NA/WOK/83J03/2020/8,Nagaland,Wokha, ,1Km of Baghty,26.27,94.14,,,,Suspended
NA/MOK/83J06/2020/27,Nagaland,Mokokchung, ,Nokpu village,26.61,94.5,,,,Suspended
NG/MON/83N3/2017/11,Nagaland,Mon, ,PesaoMonyakshu Road,26.431639,95.048417,,,,Active
NAG/WOKH/83J08/2015/0057,Nagaland,Wokha, ,On the way to district hospital,26.090056,94.256167,,,,Reactivated
NAG/MOK/83J/7/2016/0019,Nagaland,Mokokchung, ,Outside Khari village,26.475333,94.454833,,,,Active
NG/PHE/83K6/2015/289,Nagaland,Phek, ,Chazouba-Phek road,25.695,94.349,,,,Suspended
NG/MON/83N2/2017/54,Nagaland,Mon, ,Near Chen Moho,26.572889,95.098944,,,,Active
NAG/WOK/83J/4/2016/0043,Nagaland,Wokha, ,Sanis to Bhagti Road,26.213111,94.208917,,,,Active
NG/PHE/83K6/2015/336,Nagaland,Phek, ,Pfiitsero-Sakraba-Phek road,25.649,94.441,,,,Suspended
NG/KOH/83K2/2015/194,Nagaland,Kohima, ,Kohima-Khonoma-Pedi-Peren SH,25.661,94.054,,,,Active
NG/TSG/83J16/2018/001,Nagaland,Tuensang,Chessore landslide,Near Chesore/Y. Anner Village.,23.725472,91.646639,,,,Reactivated
NG/MON/83N01/2017/7,Nagaland,Mon, ,Phuktong village,26.784806,95.070833,,,,Active
NAG/KIP/83K13/2016/030,Nagaland,Kiphire, ,North of Tethezu village,25.9255,94.760419,,,,Active
NG/MON/83N2/2017/46,Nagaland,Mon, ,Near Chenloisho,26.55075,95.098083,,,,Active
NG/KOH/83K2/2015/151,Nagaland,Kohima, ,NH-29,25.725,94.031,,,,Active
NAG/PHK/83K5/2016/028,Nagaland,Phek, ,Khuzami,25.756417,94.476083,,,,Active
NAG/WOK/83J/4/2016/0099,Nagaland,Wokha, ,Between New Ralan to Longchum,26.012889,94.044222,,,,Active
NG/PHE/83K14/2017/69,Nagaland,Phek, ,SW of Amikhiro,25.742178,94.842917,,,,Active
NAG/KOH/83K1/2016/060,Nagaland,Kohima, ,Kijumetouma,25.756444,94.245333,,,,Active
NAG/KOH/83K5/2016/145,Nagaland,Kohima, ,Nearly 2 km S of Satakha village,25.906472,94.428039,,,,Active
NL/KOH/83K02/2014/37,Nagaland,Kohima, ,Viswema -Kedima road,25.57244,94.17178,,,,Suspended
NA/DIM/83G13/2020/44,Nagaland,Dimapur, ,NH29/Dimapur-Kohima Rd,25.8,93.8,,,,Active
NG/NOK/83N04/2017/40,Nagaland,Noklak, ,Choklangan,26.112806,95.051944,,,,Active
NAG/WOK/83J/4/2016/0035,Nagaland,Wokha, ,Doyang to Sanis Road,26.202972,94.213417,,,,Active
NAG/MOKH/83J08/2015/ 0114,Nagaland,Mokokchung, ,Longsang Village,26.394222,94.553472,,,,Reactivated
NG/PHE/83K6/2015/340,Nagaland,Phek, ,Chazouba-Phek road,25.6975,94.43,,,,Active
NG/TUE/83J15/2017/53,Nagaland,Tuensang, ,Near Graveyard of Tuensang Village,26.264444,94.815556,,,,Reactivated
NG/KOH/83K2/2015/179,Nagaland,Kohima, ,"AG colony, Kohima Town",25.659,94.112,,,,Dormant
NG/KOH/83K2/2015/122,Nagaland,Kohima, ,Viswema-Kidima approach road,25.566,94.168,,,,Suspended
NG/NOK/83N04/2017/53,Nagaland,Noklak, ,wui,26.041611,95.075806,,,,Active
NAG/WOK/83K1/2016/138,Nagaland,Wokha, ,Nearly 5 km SE of Tesophinyu,25.979897,94.152281,,,,Active
NAG/KOH/83K1/2016/126,Nagaland,Kohima, ,New Sendenyu,25.930611,94.112139,,,,Active
NAG/TUEN/83J11/2015/ 0121,Nagaland,Tuensang, ,Chare Town,26.303472,94.617528,,,,Reactivated
NL/WOK/83F16/2018/2,Nagaland,Wokha,Ralan-2,Ralan-Woroku road,26.0051,93.9795,,,,Reactivated
NAG/ZUNB/83J12/2016/0010,Nagaland,Zunheboto, ,Way to Baimho Village from Zunheboto Town.,26.031742,94.547354,,,,Reactivated
NG/LON/83J14/2017/11,Nagaland,Longleng, ,6 kmsNorth of IRB Camp,26.556111,94.783333,,,,Reactivated
NG/PHE/83K6/2015/283,Nagaland,Phek, ,Riinguzu village,25.696,94.32,,,,Active
NG/PHE/83K6/2015/259,Nagaland,Phek, ,Thipuzu-Rihuba approach road,25.629,94.274,,,,Suspended
NAG/PHK/83K5/2016/043,Nagaland,Kohima, ,Tseisema,25.758944,94.078028,,,,Stabilized
NG/PHE/83K10/2017/9,Nagaland,Phek, ,Waziho to Mokie,25.631122,94.748497,,,,Active
NG/PHE/83K14/2017/20,Nagaland,Phek, ,Shillio to New Thewati,25.560844,94.773214,,,,Active
NG/MON/83N2/2017/70,Nagaland,Mon, ,Near Mon Town,26.71125,95.016722,,,,Reactivated
NAG/KOH/83K1/2016/046,Nagaland,Kohima, ,Tseisema,25.769417,94.037639,,,,Active
NG/PHE/83K10/2017/19,Nagaland,Phek, ,Lephori road,25.599722,94.612972,,,,Active
NA/MOK/83J06/2020/25,Nagaland,Mokokchung, ,Mariani-Mankholemba Rd,26.6,94.49,,,,Reactivated
NAG/WOK/83J/4/2016/0032,Nagaland,Wokha, ,Doyang to Sanis Road,26.212861,94.235889,,,,Active
NG/PHE/83K2/2015/56,Nagaland,Phek, ,On Chakhabama-Chozuba-Zunheboto SH,25.669,94.218,,,,Suspended
NAG/MOK/83J12/2017/0077,Nagaland,Mokokchung, ,1 km N of Longsa Village,26.220506,94.550504,,,,Reactivated
NG/KOH/83K2/2015/119,Nagaland,Kohima, ,Viswema-Kidima approach road,25.562,94.168,,,,Suspended
NG/TUE/83J15/2017/2,Nagaland,Tuensang, ,Near Cultivated land of Hakchang Village,26.326111,94.866111,,,,Active
NAG/KOH/83K1/2016/073,Nagaland,Kohima, ,Phekerkrie,25.833028,94.050056,,,,Active
NAG/MOKH/83J08/2015/ 0103,Nagaland,Mokokchung, ,New Yoongimiti Village orange yeard,26.424472,94.67,,,,Reactivated
NAG/ZUN/83K5/2016/014,Nagaland,Zunheboto, ,Kukiye,25.91775,94.415028,,,,Reactivated
NAG/TUN/83J16/2016/0041,Nagaland,Tuensang, ,5 km E of New Chengmai Village,26.231694,94.941056,,,,Reactivated
NG/KOH/83K2/2015/133,Nagaland,Kohima, ,"Army cantonement, Kohima Town",25.669,94.114,,,,Suspended
NAG/KOH/83K1/2016/071,Nagaland,Kohima, ,Phekerkrie,25.875639,94.0395,,,,Active
NG/KOH/83K2/2015/113,Nagaland,Kohima, ,Between Lerie and Pfiichama along Lerie-Pfiichama approach road,25.649,94.121,,,,Suspended
NAG/ZUN/83K5/2016/024,Nagaland,Zunheboto, ,Mukhalimi,25.869194,94.324889,,,,Reactivated
NG/KOH/83K2/2015/229,Nagaland,Kohima, ,Jakhama village,25.585,94.137,,,,Suspended
NAG/KOH/83K1/2016/072,Nagaland,Kohima, ,Phekerkrie,25.839722,94.050333,,,,Active
NG/MOK/83J10/2017/20,Nagaland,Mokukchung, ,Anaki C village,26.719056,94.657528,,,,Active
NG/PHE/83K14/2017/76,Nagaland,Phek, ,Phor village to Kuzato,25.721861,94.780667,,,,Active
NAG/KOH/83K1/2016/120,Nagaland,Kohima, ,Tseminuyu,25.961917,94.216194,,,,Active
NG/MON/83N01/2017/71,Nagaland,Mon, ,Hongphoi village,26.777056,95.020361,,,,Inactive
NAG/WOK/83J/4/2016/0041,Nagaland,Wokha, ,Doyang to Sanis Road,26.204472,94.214861,,,,Active
NA/DIM/83G13/2020/18,Nagaland,Dimapur, ,0.5 km North of Piphema,25.76,93.96,,,,Suspended
NG/PHE/83K14/2017/37,Nagaland,Phek, ,Shillio to Avakhung,25.597167,94.842028,,,,Active
NG/KOH/83K2/2015/114,Nagaland,Kohima, ,Viswema terrace fields,25.552,94.149,,,,Suspended
NG/KOH/83K2/2015/215,Nagaland,Kohima, ,Rusoma village,25.703,94.137,,,,Suspended
NAG/WOK/83J/4/2016/0064,Nagaland,Wokha, ,Yekhum village,26.169389,94.24675,,,,Suspended
NAG/WOK/83J/4/2016/0088,Nagaland,Wokha, ,1 km NW of Pyotchu,26.055011,94.044322,,,,Active
NG/MON/83N01/2017/20,Nagaland,Mon, ,PhuktongTuimei rd,26.775889,95.072694,,,,Active
NG/PER/83G14/2015/11,Nagaland,Peren, ,ESE of Benreu,25.571,93.871,,,,Suspended
NAG/KOH/83K1/2016/117,Nagaland,Kohima, ,Phughoboto,25.880861,94.300667,,,,Active
NG/MON/83N01/2017/11,Nagaland,Mon, ,2km W of Longphou,26.759167,95.110972,,,,Active
NG/MON/83N2/2017/11,Nagaland,Mon, ,Near Mon Town,26.724278,95.042833,,,,Active
NG/KOH/83K2/2015/57,Nagaland,Kohima, ,"Porterlane, Kohima Town",25.657,94.102,,,,Suspended
NAG/KIP/83K13/2016/007,Nagaland,Kiphire, ,NE of Sampurre/Tepe Nala,25.842531,94.787211,,,,Active
NAG/WOK/83J/4/2016/0076,Nagaland,Wokha, ,5 km SSW of Tsopo,26.143722,94.151111,,,,Suspended
NG/TUE/83J15/2017/5,Nagaland,Tuensang, ,"700 m North of L8, opposite bank of river.",26.260556,94.809444,,,,Active
NG/NOK/83N04/2017/50,Nagaland,Noklak, ,Sanglao,26.068111,95.025972,,,,Active
NG/PHE/83K2/2015/64,Nagaland,Phek, ,Kohima-Meluri road (NH-150?),25.621,94.212,,,,Suspended
NG/PHE/83K6/2015/253,Nagaland,Phek, ,Thipuzu-Rihuba approach road,25.629,94.273,,,,Suspended
NAG/KIP/83K13/2016/069,Nagaland,Kiphire, ,North of Moya village,25.789861,94.850694,,,,Active
NG/KOH/83K2/2015/93,Nagaland,Kohima, ,"D'Block colony, Kohima Town",25.67,94.109,,,,Suspended
NG/PHE/83K10/2017/36,Nagaland,Phek, ,LephoriReguri road,25.562667,94.608,,,,Reactivated
NAG/WOKH/83J08/2015/0011,Nagaland,Wokha, ,"Tsungiki Village, 14 km East of Wokha Town.",26.107333,94.339139,,,,Abandoned
NAG/ZUN/83K09/2016/115,Nagaland,Kiphire, ,Before 1.8km Khewoto village,25.922767,94.565056,,,,Active
NG/KOH/83K2/2015/175,Nagaland,Kohima, ,Downslope of High School-Secretarait road,25.696,94.104,,,,Suspended
NAG/KOH/83K1/2016/065,Nagaland,Kohima, ,Phekerkrie,25.84575,94.055083,,,,Active
NG/DIM/83G14/2015/12,Nagaland,Dimapur, ,NW of Riizaphema,25.723,93.778,,,,Suspended
NG/KOH/83G14/2015/31,Nagaland,Kohima, ,WSW of Thekriijuma,25.697,93.916,,,,Dormant
NG/PHE/83K6/2015/306,Nagaland,Phek, ,Thipuzu approach road,25.634,94.255,,,,Suspended
NAG/ZUN/83K5/2016/166,Nagaland,Zunheboto, ,Khutsami,25.770917,94.357322,,,,Active
NG/NOK/83N04/2017/23,Nagaland,Noklak, ,Nokhu,26.175722,95.030222,,,,Reactivated
NL/KOH/83K02/2014/07,Nagaland,Kohima, ,NH-29,25.68658,94.05319,,,,Active
NA/PER/83G10/2020/19,Nagaland,Peren, ,Peren-New Complex Rd,25.53,93.72,,,,Active
NG/MON/83N01/2017/42,Nagaland,Mon, ,PhuktongTuimei rd,26.822139,95.078944,,,,Active
NG/PHE/83K14/2017/36,Nagaland,Phek, ,Shillio to Avakhung,25.594639,94.842444,,,,Active
NAG/MOK/83J/7/2016/0010,Nagaland,Mokokchung, ,Between Kinunger-Mangmetong,26.316056,94.403972,,,,Active
NAG/WOKH/83J08/2015/0017,Nagaland,Wokha, ,NH-61/ 10 km NE of Wokha Town.,26.117194,94.336972,,,,Active
NG/KOH/83K2/2015/32,Nagaland,Kohima, ,NH-29,25.664,94.101,,,,Reactivated
NG/PHE/83K10/2017/13,Nagaland,Phek, ,Kuzato to Wazeho,25.65975,94.747083,,,,Reactivated
NG/KOH/83K2/2015/59,Nagaland,Kohima, ,On the downslope of NH-61,25.72,94.085,,,,Suspended
NG/PHE/83K14/2017/48,Nagaland,Phek, ,Pokhungri to Shilloi,25.620269,94.801031,,,,Active
NG/TUE/83N4/2017/14,Nagaland,Tuensang, ,NoklakPangsha Road,26.24075,95.056722,,,,Reactivated
NG/MON/83N01/2017/3,Nagaland,Mon, ,Phuktong village,26.777056,95.069361,,,,Active
NG/TUE/83J15/2017/45,Nagaland,Tuensang, ,8km SW of Ukha,26.410556,94.961944,,,,Reactivated
NL/KOH/83K02/2014/31,Nagaland,Kohima, ,Rusoma village,25.70106,94.14167,,,,Suspended
NG/PHE/83K6/2015/311,Nagaland,Phek, ,75m downslope of Kohima-Pfiitsero-Meluri road (NH-150?),25.569,94.283,,,,Active
NG/PHE/83K14/2017/82,Nagaland,Phek, ,Phor village to Kuzato,25.69925,94.761833,,,,Active
NG/MON/83N2/2017/2,Nagaland,Mon, ,"Chingai Ward, Mon Town",26.728556,95.031944,,,,Active
NG/MON/83J14/2017/24,Nagaland,Mon, ,8 km east of Tanhai Village,26.749444,94.999444,,,,Active
NG/MOK/83J10/2017/21,Nagaland,Mokukchung, ,Yajang A village,26.68,94.534661,,,,Active
NG/PHE/83K6/2015/329,Nagaland,Phek, ,Razeba-Thetsumi-Chizami road.,25.543,94.357,,,,Suspended
NAG/TUN/83J16/2016/0040,Nagaland,Tuensang, ,500mt East of Chengtang Saddle,26.220449,94.898329,,,,Reactivated
NG/PHE/83K2/2015/127,Nagaland,Phek, ,On Chakhabama-Chozuba-Zunheboto SH,25.667,94.211,,,,Suspended
NAG/ZUN/83K09/2016/116,Nagaland,Kiphire, ,North of Nihoshe,25.886089,94.542711,,,,Active
NG/MON/83N01/2017/18,Nagaland,Mon, ,PhuktongTuimei rd,26.773583,95.077389,,,,Active
NG/KOH/83K2/2015/94,Nagaland,Kohima, ,Kohima-Khonoma road,25.667,94.035,,,,Suspended
NAG/ZUN/83K09/2016/095,Nagaland,Kiphire, ,East of Honito village,25.828736,94.728314,,,,Active
NAG/KOH/83K1/2016/055,Nagaland,Kohima, ,Kijumetouma,25.750944,94.199444,,,,Active
NG/KOH/83K2/2015/238,Nagaland,Kohima, ,"SW slope of Army cantonment, Tsiesema",25.747,94.075,,,,Suspended
NG/PHE/83K14/2017/68,Nagaland,Phek, ,Laruri village,25.680167,94.837944,,,,Active
NAG/KOH/83K1/2016/076,Nagaland,Kohima, ,Botsa,25.829,94.075278,,,,Suspended
NG/NOK/83N04/2017/42,Nagaland,Noklak, ,Choklangan,26.073167,95.0785,,,,Active
NG/DIM/83G14/2015/19,Nagaland,Dimapur, ,NW of Riizaphema,25.724,93.777,,,,Suspended
NAG/KIP/83K13/2016/020,Nagaland,Kiphire, ,SW of Anatongre village,25.893797,94.821944,,,,Active
NAG/ZUN/83K09/2016/139,Nagaland,Kiphire, ,South of Sukhalu village,25.972325,94.509267,,,,Active
NG/NOK/83N04/2017/30,Nagaland,Noklak, ,Longnuk,26.172472,95.048583,,,,Active
NG/TUE/83J15/2017/52,Nagaland,Tuensang, ,5.1 km S of Ukha,26.418333,94.968056,,,,Reactivated
NG/PHE/83K6/2015/313,Nagaland,Phek, ,Kohima-Pfiitsero-Meluri road (NH150?).,25.602,94.427,,,,Active
NG/PHE/83K6/2015/339,Nagaland,Phek, ,Phek-Chazouba road,25.699,94.427,,,,Suspended
NG/KOH/83K2/2015/239,Nagaland,Kohima, ,On the southwestern slope of New Mereima village spur,25.711,94.069,,,,Active
NAG/TUEN/83J11/2015/ 0116,Nagaland,Tuensang, ,Chungliyemti Village,26.276306,94.58375,,,,Reactivated
NL/PHE/83K02/2014/02,Nagaland,Phek, , ,25.63669,94.21986,,,,Reactivated
NAG/KIP/83K13/2016/036,Nagaland,Kiphire, ,West of Sangkhumti village,25.919689,94.839167,,,,Suspended
NG/PHE/83K6/2015/271,Nagaland,Phek, ,Thipuzu approach road,25.632,94.257,,,,Suspended
NG/MON/83N01/2017/50,Nagaland,Mon, ,PhuktongTuimei rd,26.834,95.079806,,,,Reactivated
NG/PHE/83K6/2015/263,Nagaland,Phek, ,Kohima-Pfiitsero-Meluri road (NH-150?),25.571,94.253,,,,Suspended
NG/PHE/83K14/2017/15,Nagaland,Phek, ,Shillio to New Thewati,25.572058,94.784969,,,,Active
NAG/KOH/83K02/2008/F-2,Nagaland,Kohima,Kohima slide, ,25.68667,94.06361,,,, 
NG/PHE/83K14/2017/16,Nagaland,Phek, ,Shillio to New Thewati,25.568611,94.783078,,,,Active
NG/MON/83N01/2017/51,Nagaland,Mon, ,PhuktongTuimei rd,26.833889,95.080972,,,,Stabilized
NAG/KOH/83K1/2016/104,Nagaland,Kohima, ,Ghotovi,25.952861,94.021028,,,,Active
NAG/KOH/83K1/2016/160,Nagaland,Kohima, ,"Chiechama, near Gariephe Basa",25.755206,94.179975,,,,Active
NAG/MOKH/83J08/2015/ 0105,Nagaland,Mokokchung, ,New Yoongimiti Village water well,26.428,94.668611,,,,Reactivated
NG/KOH/83K2/2015/36,Nagaland,Kohima, ,NH-61,25.711,94.09,,,,Suspended
NAG/KIP/83K13/2016/031,Nagaland,Kiphire, ,North of Tethezu village near suspension bridge,25.896244,94.758128,,,,Suspended
NAG/PHK/83K5/2016/034,Nagaland,Phek, ,Phugwami,25.809861,94.428972,,,,Active
NAG/WOK/83K1/2016/155,Nagaland,Wokha, ,Longchum village,25.99875,94.026203,,,,Active
NAG/MOKH/83J08/2015/ 0097,Nagaland,Mokokchung, ,Longkong village,26.390417,94.617556,,,,Reactivated
NG/LON/83J15/2017/26,Nagaland,Longleng, ,"Bahok Colony, Longleng",26.488056,94.821389,,,,Suspended
NAG/WOK/83J/4/2016/0065,Nagaland,Wokha, ,Yekhum to Wokha,26.152278,94.241056,,,,Active
NG/TUE/83N4/2017/4,Nagaland,Tuensang, ,Near Noklak Town,26.216778,95.006139,,,,Active
NG/MON/83J14/2017/23,Nagaland,Mon, ,10 km S of Aopao village,26.555,94.9525,,,,Suspended
NAG/WOKH/83J08/2015/0007,Nagaland,Wokha, ,"Longla Village, 17 km SE of Wokha Town.",26.056167,94.3065,,,,Active
NAG/WOK/83J/4/2016/0056,Nagaland,Wokha, ,Sanis to Bhagti Road,26.237861,94.205028,,,,Active
NAG/ZUN/83K09/2016/134,Nagaland,Kiphire, ,At Suthotsu village,25.810964,94.527417,,,,Active
NAG/ZUN/83K09/2016/135,Nagaland,Kiphire, ,At Kivikhu village,25.842742,94.503003,,,,Active
NG/KOH/83K2/2015/108,Nagaland,Kohima, ,NH-29,25.676,94.083,,,,Active
NAG/TUN/83J16/2016/0044,Nagaland,Tuensang, ,"Unit Hospital Colony, Tuensang Town",26.234778,94.782333,,,,Reactivated
NG/PHE/83K14/2017/81,Nagaland,Phek, ,Phor village to Kuzato,25.700278,94.767222,,,,Active
NAG/TUN/83J16/2016/0027,Nagaland,Tuensang, ,4 km N of Sangpurr vill,26.17562,94.888105,,,,Active
NG/KOH/83K2/2015/47,Nagaland,Kohima, ,Right bank of Dziiza river along NH-29.,25.686,94.043,,,,Reactivated
NG/KOH/83K2/2015/86,Nagaland,Kohima, ,On Bye-Pass Police Checkgate (NH-29)-Jotsoma road,25.673,94.077,,,,Active
NG/PHE/83K6/2015/297,Nagaland,Phek, ,Kohima-Pfiitsero-Meluri road (NH-150?),25.566,94.26,,,,Suspended
NAG/ZUNH/83J08/2015/ 0089,Nagaland,Zunheboto, ,Way to Asukhuto,26.085333,94.49025,,,,Active
NG/NOK/83N04/2017/47,Nagaland,Noklak, ,Sanglao,26.093083,95.036278,,,,Active
NAG/ZUNH/83J08/2015/ 0090,Nagaland,Zunheboto, ,Asukhuto,26.094333,94.493639,,,,Active
NAG/TUN/83J16/2016/0050,Nagaland,Tuensang, ,2 km south of Tuensang Town,26.214972,94.812056,,,,Reactivated
NG/TUE/83J15/2017/51,Nagaland,Tuensang, ,5 km S of Ukha,26.418333,94.967778,,,,Reactivated
NAG/KOH/83K1/2016/131,Nagaland,Kohima, ,Viphoma,25.839722,94.011167,,,,Active
NAG/TUN/83J16/2016/0023,Nagaland,Tuensang, ,4km S of Lasikiur vill,26.02883,94.863993,,,,Reactivated
NAG/ZUN/83J12/2016/0009,Nagaland,Zunheboto, ,"Below DC house building, Zunheboto",26.011075,94.523236,,,,Reactivated
NAG/WOK/83J/4/2016/0071,Nagaland,Wokha, ,Doyang Road,26.14425,94.246194,,,,Dormant
NA/DIM/83G13/2020/11,Nagaland,Dimapur, ,NH-29,25.75,93.97,,,,Active
NAG/TUE/83J15/2009/F-14,Nagaland,Tuensang,Ajang (Bhumbak Village), ,26.34417,94.83333,,,, 
NG/MON/83N2/2017/62,Nagaland,Mon, ,Near Shianghatangteh,26.642694,95.075306,,,,Active
NG/KOH/83K2/2015/212,Nagaland,Kohima, , ,25.559,94.249,,,,Active
NAG/WOK/83J/4/2016/0072,Nagaland,Wokha, ,1.5 km NE of Humstoe,26.093972,94.217417,,,,Active
NG/KOH/83K2/2015/138,Nagaland,Kohima, ,On Bye-Pass Police Checkgate (NH-29)-Jotsoma road,25.675,94.075,,,,Active
NAG/KIP/83K13/2016/005,Nagaland,Kiphire, ,East of Sampurre,25.838592,94.788669,,,,Reactivated
NG/NOK/83N04/2017/19,Nagaland,Noklak, ,Noklak,26.197944,95.015972,,,,Reactivated
NL/KOH/83K02/2014/09,Nagaland,Kohima,11km- slide,Kohima-pedi-peren,25.66806,94.05525,,,,Suspended
NG/KOH/83K2/2015/242,Nagaland,Kohima, ,Kohima-Khonoma-Pedi-Peren SH,25.67,94.062,,,,Active
NAG/MOK/83J10/2017/26,Nagaland,Mokukchung, ,TuliMolungkimong rd.,26.66325,94.617083,,,,Suspended
NG/KOH/83K2/2015/43,Nagaland,Kohima, ,NH-29,25.674,94.085,,,,Active
NG/PHE/83K14/2017/22,Nagaland,Phek, ,Shillio to Avakhung,25.570222,94.877278,,,,Active
NL/KOH/83K02/2014/30,Nagaland,Kohima, ,Rusoma village road,25.68772,94.14044,,,,Suspended
NG/KOH/83K2/2015/232,Nagaland,Kohima, , ,25.673,94.239,,,,Active
NAG/ZUNB/83J12/2016/0007,Nagaland,Zunheboto, ,"Zunhwboto Town, DC Colony",26.012139,94.523667,,,,Reactivated
NG/KOH/83K2/2015/201,Nagaland,Kohima, ,Downslope of NH-61,25.716,94.085,,,,Suspended
NAG/MOK/83J/7/2016/0020,Nagaland,Mokokchung, ,Near Khari,26.471889,94.454667,,,,Active
NG/MON/83N01/2017/59,Nagaland,Mon, ,PhuktongTuimei rd,26.841139,95.079694,,,,Suspended
NG/MON/83N3/2017/12,Nagaland,Mon, ,PesaoMonyakshu Road,26.427222,95.052389,,,,Active
NG/KOH/83K2/2015/208,Nagaland,Kohima, ,Mima village,25.61,94.139,,,,Suspended
NG/KOH/83G14/2015/3,Nagaland,Kohima, ,Dziecha on Kohima-Khonoma-Pedi-Peren SH,25.617,93.941,,,,Suspended
NAG/ZUN/83K09/2016/090,Nagaland,Kiphire, ,Between Old Seyochong and Old Mungre villages,25.899767,94.640067,,,,Active
NG/MON/83N01/2017/19,Nagaland,Mon, ,PhuktongTuimei rd,26.775667,95.072917,,,,Active
NAG/KOH/83K1/2016/051,Nagaland,Kohima, ,Tuophema,25.844694,94.195833,,,,Active
NG/MON/83N2/2017/63,Nagaland,Mon, ,Near Shianghatangteh,26.6435,95.075444,,,,Reactivated
NAG/ZUNH/83J08/2015/ 0068,Nagaland,Zunheboto, ,NH 61,26.112639,94.405194,,,,Active
NG/NOK/83N04/2017/41,Nagaland,Noklak, ,Choklangan,26.10325,95.060361,,,,Active
NG/PHE/83K6/2015/303,Nagaland,Phek, ,Thipuzu approach road,25.631,94.257,,,,Suspended
NAG/ZUN/83K09/2016/044,Nagaland,Kiphire, ,South of Old Seyochong village,25.881797,94.654425,,,,Active
NAG/KIP/83K13/2016/084,Nagaland,Kiphire, ,At Pokphur village,25.878183,94.946942,,,,Active
NG/TUE/83N4/2017/3,Nagaland,Tuensang, ,Near Noklak Town,26.216861,95.002889,,,,Active
NAG/KMA/83K2/2017/01,Nagaland,Kohima,Kiruphema landslide,Near Kiruphema-Peducha village on NH-29,26.001972,94.183667,,,,Reactivated
NAG/TUE/83J11/2009/F-9,Nagaland,Tuensang,Sangdok slide, ,26.27028,94.75,,,, 
NG/PHE/83K6/2015/270,Nagaland,Phek, ,Pfiitsero-Phesachodu-Chetheba road.,25.651,94.289,,,,Suspended
NG/PHE/83K14/2017/32,Nagaland,Phek, ,Shillio to Avakhung,25.593333,94.855194,,,,Suspended
NG/TUE/83J15/2017/7,Nagaland,Tuensang, ,3.2 km north of Tuensang Village,26.263889,94.812222,,,,Active
NL/KOH/83K02/2014/24,Nagaland,Kohima, ,Tsiesema village,25.71906,94.10883,,,,Suspended
NG/TUE/83J15/2017/47,Nagaland,Tuensang, ,4.2 km S of Ukha,26.420556,94.973056,,,,Reactivated
NAG/KOH/83K1/2016/054,Nagaland,Kohima, ,Kijumetouma,25.750583,94.180833,,,,Active
NAG/WOK/83J/4/2016/0038,Nagaland,Wokha, ,Doyang to Sanis Road,26.206111,94.223333,,,,Active
NL/KOH/83K01/2014/49,Nagaland,Kohima, ,NH-61,25.83986,94.15528,,,,Suspended
NAG/KOH/83K1/2016/045,Nagaland,Kohima, ,Tseisema,25.760583,94.064583,,,,Active
NAG/WOK/83J/4/2016/0084,Nagaland,Wokha, ,1.5 km SW of Longtsung,26.091861,94.101333,,,,Active
NAG/TUEN/83J11/2015/ 0120,Nagaland,Tuensang, ,Chare Town,26.301694,94.616694,,,,Reactivated
NAG/WOKH/83J08/2015/0022,Nagaland,Wokha, ,"7 km East of Wokha, NH 61",26.123806,94.294889,,,,Active
NAG/KIP/83K13/2016/060,Nagaland,Kiphire, ,NW of Thanamir village,25.786594,94.922778,,,,Active
NL/KOH/83K02/2014/20,Nagaland,Kohima, ,NU Campus,25.72628,94.10003,,,,Suspended
NG/LON/83J15/2017/27,Nagaland,Longleng, ,"Muli ward, Longleng town",26.491389,94.824444,,,,Reactivated
NG/KOH/83K2/2015/170,Nagaland,Kohima, , ,25.687,94.062,,,,Active
NAG/MOKH/83J08/2015/ 0106,Nagaland,Mokokchung, ,Old Yoongimiti Village,26.431,94.669944,,,,Reactivated
NG/KOH/83K2/2015/109,Nagaland,Kohima, ,Downslope of NH-61,25.713,94.088,,,,Suspended
NG/PHE/83K14/2017/35,Nagaland,Phek, ,Shillio to Avakhung,25.590139,94.846333,,,,Active
NG/PHE/83K14/2017/39,Nagaland,Phek, ,Shillio to Avakhung,25.604389,94.839583,,,,Active
NG/PHE/83K6/2015/251,Nagaland,Phek, ,"Police colony approach road, Phek Town",25.697,94.464,,,,Suspended
NAG/WOK/83K1/2016/139,Nagaland,Wokha, ,Near N Longchum village,25.995333,94.031361,,,,Active
NAG/MOKH/83J08/2015/ 0110,Nagaland,Mokokchung, ,Mokokchung Town,26.325861,94.52275,,,,Reactivated
NAG/KOH/83K1/2016/075,Nagaland,Kohima, ,Botsa,25.832333,94.073306,,,,Active
NAG/ZUNH/83J08/2015/ 0061,Nagaland,Zunheboto, ,300 meters East of Philimi Village.,26.069917,94.411639,,,,Active
NG/KOH/83K2/2015/58,Nagaland,Kohima, , ,25.672,94.111,,,,Active
NG/PHE/83K14/2017/18,Nagaland,Phek, ,Shillio to New Thewati,25.561306,94.780778,,,,Active
NAG/ZUNH/83J08/2015/ 0078,Nagaland,Zunheboto, ,Zaphumi Village,26.233861,94.4725,,,,Reactivated
NG/PHE/83K6/2015/272,Nagaland,Phek, ,Phek Town,25.706,94.466,,,,Suspended
NG/KOH/83K2/2015/187,Nagaland,Kohima, ,"Naga Bazaar colony, Kohima Town",25.677,94.104,,,,Active
NAG/WOK/83J/4/2016/0069,Nagaland,Wokha, ,4.3 km SW of Wohka,26.069722,94.223444,,,,Dormant
NAG/ZUN/83K09/2016/133,Nagaland,Kiphire, ,Near Khutsokhuno village,25.786433,94.519583,,,,Active
NG/PHE/83K14/2017/61,Nagaland,Phek, ,Washello to Zhipu,25.604444,94.76,,,,Active
NAG/KOH/83K1/2016/003,Nagaland,Kohima, ,Nerhema,25.779111,94.115583,,,,Active
NG/PHE/83K14/2017/1,Nagaland,Phek, ,Waziho to Mokie,25.631833,94.750139,,,,Active
NG/PHE/83K2/2015/106,Nagaland,Phek, ,SSE of Kezo Town on Kohima-Pfiitsero-Meluri road (NH-150?),25.622,94.206,,,,Suspended
NAG/ZUN/83K5/2016/142,Nagaland,Zunheboto, ,Zungti village,25.993981,94.474467,,,,Active
NG/MON/83N2/2017/52,Nagaland,Mon, ,Chen Moho  Wangati Road,26.5715,95.097639,,,,Active
NAG/ZUN/83J12/2016/0069,Nagaland,Zunheboto, ,2km NE of Lokhomi Village,26.086444,94.564667,,,,Reactivated
NAG/WOK/83J/4/2016/0078,Nagaland,Wokha, ,Chudi village,26.1295,94.136111,,,,Suspended
NG/MON/83N01/2017/34,Nagaland,Mon, ,PhuktongTuimei rd,26.816056,95.074639,,,,Inactive
NAG/WOKH/83J08/2015/0029,Nagaland,Wokha, ,"NH 61, wokha to Mangya road",26.090556,94.349083,,,,Active
NAG/ZUN/83J12/2017/0074,Nagaland,Zunheboto, ,1km N of Jekuto,26.18971,94.549818,,,,Reactivated
NAG/KIP/83K13/2016/022,Nagaland,Kiphire, ,South of Mustsakke Nala,25.814525,94.806114,,,,Active
NG/PHE/83K6/2015/317,Nagaland,Phek, ,Phek Town,25.706,94.468,,,,Suspended
NA/DIM/83G13/2020/25,Nagaland,Dimapur, ,NH29/Dimapur-Kohima Rd,25.76,93.94,,,,Active
NG/MON/83N2/2017/15,Nagaland,Mon, ,"Chingai Ward, Mon Town",26.728167,95.029889,,,,Active
NG/TUE/83N4/2017/18,Nagaland,Tuensang, ,NoklakPangsha Road,26.24325,95.073167,,,,Active
NG/KOH/83K2/2015/74,Nagaland,Kohima, ,Viswema village,25.563,94.147,,,,Suspended
NAG/KIP/83K13/2016/059,Nagaland,Kiphire, ,"1.5km away from Luthur village (GSI,Geoheritage site)",25.820664,94.912642,,,,Active
NL/KOH/83K02/2014/27,Nagaland,Kohima, ,Secretariat ring road,25.68703,94.12442,,,,Suspended
NG/KOH/83K2/2015/197,Nagaland,Kohima, ,On Kohima-Chakhabama road,25.646,94.177,,,,Active
NAG/KOH/83K1/2016/113,Nagaland,Kohima, ,Tseminuyu,25.878917,94.223889,,,,Active
NAG/WOKH/83J08/2015/0035,Nagaland,Wokha, ,Wokha to Kohima road. Near LongsachungNH 61 meetinh point,26.033361,94.257111,,,,Active
NG/MON/83N01/2017/39,Nagaland,Mon, ,PhuktongTuimei rd,26.820806,95.077889,,,,Active
NAG/KOH/83K1/2016/083,Nagaland,Kohima, ,Botsa,25.854417,94.15525,,,,Active
NL/KOH/83K02/2014/25,Nagaland,Kohima, ,Nagaland Secretariat road,25.69583,94.10833,,,,Suspended
NG/PHE/83K2/2015/71,Nagaland,Phek, ,SSE of Kezo Town on Kohima-Pfiitsero-Meluri road (NH-150?),25.631,94.203,,,,Suspended
NAG/PHK/83K5/2016/029,Nagaland,Phek, ,Khuzami,25.763833,94.479889,,,,Active
NAG/MOKH/83J08/2015/ 0104,Nagaland,Mokokchung, ,New Yoongimiti Village playgroung,26.42575,94.669417,,,,Reactivated
NAG/KIP/83K13/2016/079,Nagaland,Kiphire, ,South of Fakimile village,25.814625,94.971819,,,,Active
NG/KOH/83K2/2015/39,Nagaland,Kohima, ,NH-61,25.722,94.082,,,,Active
NAG/KOH/83K1/2016/119,Nagaland,Kohima, ,Tseminuyu,25.936056,94.216444,,,,Active
NAG/ZUN/83K09/2016/125,Nagaland,Kiphire, ,South of Thokihimi village,25.980008,94.580747,,,,Active
NG/PHE/83K2/2015/243,Nagaland,Phek, ,Chakhabama-Chozuba-Zunheboto-Mokokchung  SH,25.655,94.234,,,,Active
NG/KOH/83K2/2015/90,Nagaland,Kohima, ,Between Lerie and Pfiichama along Lerie-Pfiichama approach road,25.652,94.122,,,,Active
NAG/PER/83G11/2017/0142,Nagaland,Peren, ,Intuma road,25.275028,93.616306,,,,Active
NG/PHE/83K10/2017/23,Nagaland,Phek, ,Matikhru road,25.591833,94.595278,,,,Active
NAG/WOKH/83J08/2015/0012,Nagaland,Wokha, ,2 km SE of Wokha Town.,26.0885,94.263944,,,,Active
NAG/KOH/83K1/2016/110,Nagaland,Kohima, ,Tseminuyu,25.89125,94.202306,,,,Active
NAG/KIP/83K13/2016/113,Nagaland,Kiphire, ,At Tethyo village,25.827608,94.783028,,,,Active
NG/TUE/83J15/2017/16,Nagaland,Tuensang, ,2 km S of Podampo Village,26.275167,94.770472,,,,Reactivated
NAG/KOH/83K1/2016/079,Nagaland,Kohima, ,Botsa,25.840167,94.115194,,,,Active
NL/WOK/83F16/2018/11,Nagaland,Wokha,Ralan-11,Ralan-Woroku road,26.0034,93.9855,,,,Reactivated
NAG/PER/83G11/2017/0133,Nagaland,Peren, ,Intuma road,25.275083,93.616306,,,,Active
NG/MON/83N01/2017/36,Nagaland,Mon, ,PhuktongTuimei rd,26.81775,95.072917,,,,Active
NG/MON/83N01/2017/23,Nagaland,Mon, ,PhuktongTuimei rd,26.785722,95.071889,,,,Active
NG/PHE/83K10/2017/28,Nagaland,Phek, ,LanezhoKizare road,25.668417,94.543194,,,,Active
NG/TUE/83J15/2017/40,Nagaland,Tuensang, ,5 km NE of Tobu Town,26.371667,94.943333,,,,Reactivated
NG/PHE/83K14/2017/42,Nagaland,Phek, ,Pokhungri,25.601028,94.829722,,,,Active
NAG/ZUN/83K09/2016/124,Nagaland,Kiphire, ,South of Thokihimi village,25.976625,94.579939,,,,Active
NG/TUE/83J15/2017/46,Nagaland,Tuensang, ,4km S of Ukha,26.421389,94.975,,,,Reactivated
NG/MON/83N2/2017/20,Nagaland,Mon, ,Near Yuting,26.697111,95.077083,,,,Active
NAG/ZUNH/83J08/2015/ 0088,Nagaland,Zunheboto, ,Sukomi Village,26.034833,94.458,,,,Active
NAG/WOK/83J/4/2016/0053,Nagaland,Wokha, ,Sanis to Bhagti Road,26.237,94.212611,,,,Active
NAG/WOKH/83J08/2015/0026,Nagaland,Wokha, ,NH 61,26.11575,94.33075,,,,Active
NG/KOH/83K2/2015/192,Nagaland,Kohima, ,Viswema-Kidima approach road,25.567,94.164,,,,Suspended
NAG/ZUN/83K09/2016/137,Nagaland,Kiphire, ,Northwest of Yemishe village,25.970169,94.503803,,,,Active
NAG/ZUN/83K5/2016/015,Nagaland,Zunheboto, ,Kukiye,25.918194,94.409611,,,,Active
NAG/WOK/83J/4/2016/0105,Nagaland,Wokha, ,1.5 km SW of New Ralan,26.006028,94.003194,,,,Active
NG/KOH/83K2/2015/206,Nagaland,Kohima, , ,25.661,94.055,,,,Active
NG/KOH/83K2/2015/222,Nagaland,Kohima, , ,25.749,94.078,,,,Active
NAG/KOH/83K1/2016/158,Nagaland,Kohima, ,Nearly 2 km S of Kijumetoma,25.750617,94.237358,,,,Active
NAG/ZUN/83K09/2016/145,Nagaland,Kiphire, ,South of Sukhalu village,25.971569,94.511647,,,,Active
NG/PHE/83K14/2017/62,Nagaland,Phek, ,Kuzato to Wazeho,25.682333,94.760111,,,,Active
NAG/ZUNH/83J08/2015/ 0091,Nagaland,Zunheboto, ,Way to Asukhuto from Rotomi,26.073778,94.482194,,,,Active
NAG/WOKH/83J08/2015/0021,Nagaland,Wokha, ,4km East of Wokha,26.114222,94.254417,,,,Active
NG/MOK/83J10/2017/11,Nagaland,Mokukchung, ,TuliAmguri rd,26.684139,94.639083,,,,Suspended
NL/KOH/83K02/2014/33,Nagaland,Kohima, ,SH Dzu-a to Jakhama road via Kigwema,25.62978,94.19514,,,,Suspended
NL/WOK/83F16/2018/1,Nagaland,Wokha,Ralan-1,Ralan-Woroku road,26.0054,93.9794,,,,Active
NAG/WOKH/83J08/2015/0020,Nagaland,Wokha, ,NH-61/ 13 km NE of Wokha Town.,26.103667,94.363139,,,,Active
NAG/TUN/83J16/2016/0037,Nagaland,Tuensang, ,8.5 km South of Tuensang Town,26.18096,94.81309,,,,Reactivated
NAG/KIP/83K13/2016/072,Nagaland,Kiphire, ,North of Moya village,25.783939,94.856411,,,,Active
NAG/WOK/83J/4/2016/0090,Nagaland,Wokha, ,1 km NW of Pyotchu,26.053164,94.045167,,,,Active
NAG/WOKH/83J08/2015/0033,Nagaland,Wokha, ,Wokha to Kohima road.Longsachung NH 61 meetinh point,26.037139,94.258306,,,,Active
NAG/KOH/83K1/2016/090,Nagaland,Kohima, ,Tsosinyu,25.9365,94.047694,,,,Active
NG/LON/83J14/2017/9,Nagaland,Longleng, ,3 kms North of IRB Camp,26.551111,94.79,,,,Reactivated
NL/KOH/83K02/2014/19,Nagaland,Kohima, ,Wokha road NH-61,25.72194,94.0855,,,,Suspended
NG/DIM/83G14/2015/20,Nagaland,Dimapur, , ,25.745,93.782,,,,Suspended
NG/MON/83N2/2017/43,Nagaland,Mon, ,Near Chen,26.580667,95.093056,,,,Active
NG/MON/83N01/2017/9,Nagaland,Mon, ,Shangnyu village,26.758306,95.112889,,,,Active
NG/NOK/83N04/2017/34,Nagaland,Noklak, ,Nokhu,26.165417,95.020444,,,,Active
NG/PHE/83K14/2017/78,Nagaland,Phek, ,Phor village to Kuzato,25.700692,94.775594,,,,Active
NG/PHE/83K14/2017/53,Nagaland,Phek, ,New Thewati to Washello,25.553833,94.762389,,,,Active
NAG/ZUN/83J12/2017/0076,Nagaland,Zunheboto, ,1.5 km N of Jekuto,26.191463,94.549524,,,,Reactivated
NG/KOH/83K2/2015/91,Nagaland,Kohima, ,Upslope of NH-29,25.644,94.107,,,,Suspended
NG/PHE/83K14/2017/65,Nagaland,Phek, ,Kuzato to Wazeho,25.660194,94.7535,,,,Active
NA/DIM/83G13/2020/31,Nagaland,Dimapur, ,NH29/Dimapur-Kohima Rd,25.78,93.8,,,,Active
NG/KOH/83K2/2015/184,Nagaland,Kohima, ,"Agri colony, Kohima Town",25.659,94.089,,,,Suspended
NL/KOH/83K02/2014/14,Nagaland,Kohima, ,Jotsoma village,25.6715,94.06942,,,,Suspended
NAG/WOK/83J/4/2016/0097,Nagaland,Wokha, ,Between New Ralan to Longchum,26.004528,94.039583,,,,Suspended
NG/KOH/83K2/2015/81,Nagaland,Kohima, , ,25.663,94.097,,,,Active
NAG/PHK/83K5/2016/033,Nagaland,Phek, ,Metsalumi,25.802361,94.430556,,,,Active
NG/MON/83N01/2017/47,Nagaland,Mon, ,PhuktongTuimei rd,26.831417,95.077917,,,,Inactive
NG/PHE/83K10/2017/3,Nagaland,Phek, ,Waziho,25.662222,94.719444,,,,Active
NAG/ZUN/83K09/2016/111,Nagaland,Kiphire, ,East of Aghultomi village,25.969628,94.634169,,,,Active
NAG/WOK/83K1/2016/165,Nagaland,Wokha, ,Sendinyu,25.905433,94.097386,,,,Active
NAG/WOK/83J/4/2016/0049,Nagaland,Wokha, ,Sanis to Bhagti Road,26.234722,94.21525,,,,Active
NG/KOH/83K2/2015/51,Nagaland,Kohima, ,"Army cantonement, Kohima Town",25.668,94.107,,,,Suspended
NG/TUE/83N3/2017/9,Nagaland,Tuensang, ,NoklakPangsha Road,26.257028,95.099528,,,,Reactivated
NAG/WOK/83J/4/2016/0033,Nagaland,Wokha, ,Doyang to Sanis Road,26.2095,94.232083,,,,Active
NG/PHE/83K14/2017/55,Nagaland,Phek, ,New Thewati to Washello,25.566944,94.773222,,,,Active
NG/PHE/83K6/2015/245,Nagaland,Phek, ,Pfiitseromi village,25.559,94.284,,,,Suspended
NG/PRN/83G07/2017/1,Nagaland,Peren,Bongkolong–Nkio rock fall.,New Nkio–Khelma Road Section,25.487139,93.493528,,,,Active
NAG/ZUN/83K09/2016/121,Nagaland,Kiphire, ,NW of Satoi village,25.857789,94.523589,,,,Active
NAG/WOK/83J/4/2016/0054,Nagaland,Wokha, ,Sanis to Bhagti Road,26.236336,94.212222,,,,Active
NG/MOK/83J10/2017/17,Nagaland,Mokukchung, ,TuliAmguri rd,26.706389,94.631167,,,,Inactive
NG/PHE/83K14/2017/19,Nagaland,Phek, ,Shillio to New Thewati,25.561903,94.778178,,,,Active
NG/PHE/83K10/2017/22,Nagaland,Phek, ,Matikhru road,25.593472,94.596944,,,,Active
NG/TUE/83J15/2017/20,Nagaland,Tuensang, ,3km S of Pipan Village.,26.326389,94.858056,,,,Reactivated
NG/KOH/83K2/2015/225,Nagaland,Kohima, ,On the Northern slope of the Jakhama spur,25.582,94.141,,,,Suspended
NG/MOK/83J10/2017/3,Nagaland,Mokukchung, ,Tamlu village,26.673278,94.743833,,,,Active
NAG/WOK/83J/4/2016/0116,Nagaland,Wokha, ,2 km NE of Yimza,26.232722,94.130806,,,,Suspended
NG/PHE/83K2/2015/158,Nagaland,Phek, ,Opp. Kezo Town,25.632,94.215,,,,Suspended
NG/TUE/83J15/2017/38,Nagaland,Tuensang, ,3 km SW of Hakchang Village,26.305833,94.875833,,,,Reactivated
NAG/ZUNB/83J12/2016/0015,Nagaland,Zunheboto, ,1 km W of Suruhuto Village,26.143985,94.579865,,,,Active
NG/MON/83N3/2017/2,Nagaland,Mon, ,Near Changlangshu,26.425222,95.021694,,,,Active
NAG/ZUN/83K09/2016/127,Nagaland,Kiphire, ,South of Thokihimi village,25.9899,94.5679,,,,Active
NG/PHE/83K6/2015/285,Nagaland,Phek, ,Kohima-Pfiitsero-Meluri road (NH150?).,25.574,94.332,,,,Suspended
NAG/KIP/83K13/2016/063,Nagaland,Kiphire, ,NW of Thanamir village,25.793333,94.958014,,,,Active
NG/MON/83J14/2017/21,Nagaland,Mon, ,2.5 km S of Mohung Village,26.542778,94.944167,,,,Reactivated
NAG/KOH/83K1/2016/130,Nagaland,Kohima, ,Viphoma,25.840139,94.006528,,,,Active
NG/KOH/83K2/2015/49,Nagaland,Kohima, ,Secretariat-BSF Camp road,25.691,94.121,,,,Suspended
NG/NOK/83N04/2017/35,Nagaland,Noklak, ,Nokhu,26.165972,95.021667,,,,Active
NG/MON/83N2/2017/29,Nagaland,Mon, ,Near Longwa,26.666917,95.203583,,,,Active
NAG/KOH/83K1/2016/093,Nagaland,Kohima, ,Longwesunyu,25.957472,94.036278,,,,Active
NG/KOH/83K2/2015/124,Nagaland,Kohima, ,Viswema terrace fields,25.554,94.148,,,,Active
NAG/ZUN/83K09/2016/043,Nagaland,Kiphire, ,South of Old Seyochong village,25.880908,94.653542,,,,Active
NG/KOH/83K2/2015/155,Nagaland,Kohima, , ,25.667,94.051,,,,Active
NG/KOH/83K2/2015/224,Nagaland,Kohima, ,"Lower Jail colony, Kohima Town",25.66,94.096,,,,Suspended
NAG/WOKH/83J08/2015/0002,Nagaland,Wokha, ,NH-61/ 2 km South of Wokha Town near Forest Colony.,26.084806,94.263083,,,,Active
NG/LON/83J14/2017/2,Nagaland,Longleng, ,5km N of Longleng Town.,26.510833,94.836944,,,,Reactivated
NAG/WOK/83J/4/2016/0110,Nagaland,Wokha, ,1.5 km South of Lishuyo,26.180639,94.101028,,,,Active
NAG/KOH/83K1/2016/007,Nagaland,Kohima, ,Botsa,25.840361,94.152167,,,,Reactivated
NG/PRN/83G07/2017/9,Nagaland,Peren,New Nkio–Pamsiakilwa slide No.1,New Nkio–Pamsiakilwa road section.,25.40975,93.475944,,,,Active
NG/MON/83N3/2017/1,Nagaland,Mon, ,Near Changlangshu,26.421667,95.011306,,,,Active
NL/WOK/83F16/2018/3,Nagaland,Wokha,Ralan-3,Ralan-Woroku road,26.0039,93.9807,,,,Active
NG/KOH/83K2/2015/233,Nagaland,Kohima, ,NW slope of Viswema,25.561,94.143,,,,Suspended
NAG/KOH/83K1/2016/001,Nagaland,Kohima, ,Nerhema,25.767167,94.078556,,,,Active
NAG/ZUN/83K5/2016/040,Nagaland,Zunheboto, ,Dzulhami,25.839361,94.430583,,,,Active
NAG/WOK/83J/4/2016/0031,Nagaland,Wokha, ,Doyang to Sanis Road,26.213389,94.235778,,,,Active
NG/PHE/83K2/2015/145,Nagaland,Phek, ,On the immediate downslope of Kohima-Pfiitsero-Meluri road (NH-150?),25.569,94.234,,,,Active
NAG/WOK/83J/4/2016/0087,Nagaland,Wokha, ,Near Lotsu,26.084444,94.09,,,,Active
NAG/PHK/83K5/2016/032,Nagaland,Phek, ,Metsalumi,25.796056,94.4315,,,,Active
NAG/ZUNH/83J08/2015/ 0081,Nagaland,Zunheboto, ,2 km SW of Lumami Village,26.198528,94.487528,,,,Reactivated
NG/KOH/83K2/2015/95,Nagaland,Kohima, , ,25.678,94.101,,,,Active
NG/TUE/83J15/2017/21,Nagaland,Tuensang, ,4.5 km S of Pipan Village.,26.336111,94.866944,,,,Reactivated
NAG/ZUN/83K5/2016/150,Nagaland,Zunheboto, ,Nearly 4 km E of Satakha,25.909153,94.477497,,,,Active
NG/KOH/83K2/2015/33,Nagaland,Kohima, ,SE downslope of Kohima Orphanage Home,25.677,94.08,,,,Active
NAG/WOKH/83J08/2015/0016,Nagaland,Wokha, ,"0.5 km West of NH-61, on the way to Longsa Village.",26.05925,94.251972,,,,Active
NAG/WOKH/83J08/2015/0044,Nagaland,Wokha, ,New Rephium Village,26.183889,94.265472,,,,Active
NAG/PER/83G11/2017/0136,Nagaland,Peren, ,Nsong village,25.343583,93.566972,,,,Active
NA/WOK/83J03/2020/1,Nagaland,Wokha, ,1km N of Bhandari,26.3,94.11,,,,Reactivated
NG/PHE/83K14/2017/21,Nagaland,Phek, ,Shillio to Avakhung,25.602511,94.891208,,,,Active
NAG/MOKH/83J08/2015/ 0094,Nagaland,Mokokchung, ,"Ungma village,",26.30175,94.50675,,,,Reactivated
NG/PHE/83K6/2015/257,Nagaland,Phek, ,Pfiitsero-Sakraba-Phek road,25.655,94.438,,,,Suspended
NAG/KOH/83K1/2016/134,Nagaland,Kohima, ,Viphoma,25.85475,94.002778,,,,Active
NAG/WOK/83J/4/2016/0029,Nagaland,Wokha, ,At Shangkitong,26.016528,94.171056,,,,Active
NAG/ZUN/83J12/2017/0080,Nagaland,Zunheboto, ,3.5 km W of Tichipami village,26.19257,94.558955,,,,Reactivated
NG/PHE/83K14/2017/25,Nagaland,Phek, ,Shillio to Avakhung,25.583833,94.858,,,,Active
NG/KOH/83K2/2015/135,Nagaland,Kohima, ,Approx. 50m downslope of NH-61,25.714,94.086,,,,Suspended
NG/LON/83J15/2017/25,Nagaland,Longleng, ,Longleng town.,26.490833,94.82,,,,Reactivated
NG/TUE/83J15/2017/41,Nagaland,Tuensang, ,6 km NE of Tobu Town,26.373056,94.941389,,,,Reactivated
NG/KOH/83G14/2015/24,Nagaland,Kohima, ,SW of Thekriijuma,25.688,93.907,,,,Suspended
NG/PHE/83K14/2017/46,Nagaland,Phek, ,Pokhungri to Shilloi,25.602208,94.823292,,,,Active
 ,Nagaland,Dimapur,,,25.78180556,93.80180556,Rock,Fall,Not data available,Active
NG/KOH/83K2/2015/196,Nagaland,Kohima, ,Agri-link road,25.698,94.085,,,,Suspended
NAG/ZUN/83J12/2016/0005,Nagaland,Zunheboto, ,"50 m North of L8, along the road",26.041525,94.523238,,,,Reactivated
NG/MON/83N01/2017/64,Nagaland,Mon, ,PhuktongTuimei rd,26.84425,95.080278,,,,Suspended
NAG/TUEN/83J11/2015/ 0119,Nagaland,Tuensang, ,Old Tsatanger Village,26.253611,94.616639,,,,Reactivated
NG/MON/83N2/2017/25,Nagaland,Mon, ,Near Lonkhai,26.731944,95.018361,,,,Active
NAG/WOKH/83J08/2015/0038,Nagaland,Wokha, ,"NH 61, Near NST Bus accident point of 8th Aug'2005",26.017472,94.254389,,,,Active
NAG/WOK/83J/4/2016/0046,Nagaland,Wokha, ,Sanis to Bhagti Road,26.222306,94.214056,,,,Reactivated
NG/PHE/83K6/2015/248,Nagaland,Phek, ,Pfiitsero-Lekromi approach road,25.546,94.274,,,,Suspended
NAG/KOH/83K1/2016/124,Nagaland,Kohima, ,Tesophenyu,25.970917,94.214028,,,,Active
NG/KOH/83K2/2015/195,Nagaland,Kohima, ,NH-29,25.563,94.14,,,,Active
NAG/TUN/83J16/2016/0031,Nagaland,Tuensang, ,Tuensang Town,26.226778,94.801583,,,,Dormant
NG/PER/83G14/2015/28,Nagaland,Peren, ,South of Benreu,25.561,93.858,,,,Active
NAG/ZUN/83K09/2016/092,Nagaland,Kiphire, ,SW of Old Seyochong village,25.880069,94.628103,,,,Active
NG/LON/83J15/2017/36,Nagaland,Longleng, ,3 km N of Yimching Village,26.424167,94.863889,,,,Reactivated
NAG/WOKH/83J08/2015/0047,Nagaland,Wokha, ,New Changsu Village,26.193278,94.295222,,,,Reactivated
NAG/MOKH/83J08/2015/ 0100,Nagaland,Mokokchung, ,7 km NE of Longkang Village on the way to Yoongimiti Vllage,26.412694,94.641333,,,,Active
NG/PHE/83K6/2015/312,Nagaland,Phek, ,Chakhabama-Chozuba-Zunheboto SH,25.68,94.287,,,,Suspended
NG/NOK/83N04/2017/22,Nagaland,Noklak, ,Longnuk,26.175889,95.030472,,,,Reactivated
NAG/WOK/83J/4/2016/0107,Nagaland,Wokha, ,Chandalashung village,26.0225,94.004444,,,,Active
NAG/PER/83G11/2017/0135,Nagaland,Peren, ,Intuma road,25.298167,93.632222,,,,Active
NG/LON/83J14/2017/5,Nagaland,Longleng, ,3.5 km N of Longleng Town,26.506111,94.794167,,,,Reactivated
NG/PHE/83K6/2015/273,Nagaland,Phek, ,Chakhabama-Chozuba-Zunheboto SH,25.667,94.253,,,,Suspended
NG/MON/83N01/2017/1,Nagaland,Mon, ,Near Mon village,26.749972,95.064389,,,,Active
NAG/KIP/83K13/2016/037,Nagaland,Kiphire, ,West of Sangkhumti village,25.914247,94.841489,,,,Active
NAG/WOK/83J/4/2016/0047,Nagaland,Wokha, ,Sanis to Bhagti Road,26.226972,94.211806,,,,Active
NG/KOH/83K2/2015/213,Nagaland,Kohima, , ,25.696,94.08,,,,Suspended
NL/WOK/83F16/2018/6,Nagaland,Wokha,Ralan-6,Ralan-Woroku road,26.0049,93.9914,,,,Reactivated
NG/PHE/83K2/2015/66,Nagaland,Phek, , ,25.736,94.012,,,,Active
NG/PER/83G14/2015/27,Nagaland,Peren, ,"South of Sainik School, Punglwa",25.629,93.855,,,,Suspended
NG/NOK/83N04/2017/48,Nagaland,Noklak, ,Sanglao,26.081472,95.02625,,,,Active
NAG/WOK/83J/4/2016/0062,Nagaland,Wokha, ,Doyang to Yekhum,26.193056,94.2465,,,,Active
NAG/WOK/83J/4/2016/0061,Nagaland,Wokha, ,Doyang to Yekhum,26.204028,94.238389,,,,Active
NAG/PHK/83K5/2016/035,Nagaland,Phek, ,Phugwami,25.794083,94.415944,,,,Reactivated
NG/KOH/83K2/2015/177,Nagaland,Kohima, ,"New Market colony, Kohima Town",25.669,94.104,,,,Suspended
NAG/WOKH/83J08/2015/0027,Nagaland,Wokha, ,NH 61,26.113333,94.338611,,,,Active
NAG/KOH/83K1/2016/109,Nagaland,Kohima, ,Tseminuyu,25.889361,94.200583,,,,Active
NAG/WOK/83J/7/2016/0092,Nagaland,Wokha, ,Akuk village,26.331333,94.280389,,,,Active
NG/NOK/83N04/2017/26,Nagaland,Noklak, ,Noklak Nokhu road,26.176111,95.023639,,,,Active
NG/KOH/83K2/2015/132,Nagaland,Kohima, ,"Western downslope of Christ King Higher Secondary School, Kohima Village",25.68,94.117,,,,Suspended
NG/MON/83N2/2017/38,Nagaland,Mon, ,Near Tangnyu,26.706194,95.110333,,,,Active
NAG/KIP/83K13/2016/082,Nagaland,Kiphire, ,South of Fakimile village,25.814272,94.968933,,,,Reactivated
NAG/TUEN/83J11/2015/ 0117,Nagaland,Tuensang, ,Chungliyemti Village,26.272028,94.585056,,,,Reactivated
NAG/ZUN/83J12/2016/0056,Nagaland,Zunheboto, ,2.7 km N of Aghunato,26.032992,94.633639,,,,Reactivated
NG/NOK/83N04/2017/37,Nagaland,Noklak, ,Nokhu,26.167861,95.026694,,,,Active
NA/PER/83G10/2020/5,Nagaland,Peren, ,Peren-Tening Road,25.51,93.72,,,,Suspended
NAG/MOK/83J/7/2016/0018,Nagaland,Mokokchung, ,Bewteen Chungtia-Longjongkong,26.395944,94.460056,,,,Active
NAG/ZUN/83K09/2016/144,Nagaland,Kiphire, ,North of Sukhalu village,25.990339,94.507711,,,,Active
NAG/MOK/83J/7/2016/0007,Nagaland,Mokokchung, ,Between Mukuli to Chungtia,26.376,94.463389,,,,Stabilized
NG/KOH/83K2/2015/68,Nagaland,Kohima, ,Approx. 45m downslope of NH-61,25.722,94.081,,,,Suspended
NAG/PER/83G12/2017/0131,Nagaland,Peren, ,Intuma road,25.199528,93.625278,,,,Active
NG/MON/83N2/2017/36,Nagaland,Mon, ,Shainghachingnyu,26.650333,95.125194,,,,Active
NG/MON/83J15/2017/13,Nagaland,Mon, ,6 km south of Tobu Village,26.336667,94.9275,,,,Reactivated
NAG/PHK/83K5/2016/036,Nagaland,Phek, ,Sathazu,25.756583,94.363694,,,,Reactivated
NAG/WOK/83J/4/2016/0086,Nagaland,Wokha, ,2 kmSW of Longtsung,26.087917,94.098056,,,,Active
NG/NOK/83N04/2017/45,Nagaland,Noklak, ,Sanglao,26.112611,95.039028,,,,Reactivated
NL/KOH/83K02/2014/46,Nagaland,Kohima, ,Kohima-Khonoma-Pedi-Peren SH (at km 16.490),25.65072,94.03294,,,,Suspended
NAG/WOK/83K1/2016/137,Nagaland,Wokha, ,Nearly 2 km SE of Tseminyu,25.885208,94.244494,,,,Active
NAG/ZUN/83K09/2016/131,Nagaland,Kiphire, ,Towards Khukishe village,25.965394,94.571428,,,,Active
NG/TUE/83N4/2017/1,Nagaland,Tuensang, ,Near Noklak Town,26.207833,95.001083,,,,Active
NL/KOH/83K02/2014/23,Nagaland,Kohima, ,Meirema village,25.71092,94.09306,,,,Suspended
NG/PHE/83K14/2017/60,Nagaland,Phek, ,Washello to Zhipu,25.604611,94.768083,,,,Active
NG/KOH/83K2/2015/214,Nagaland,Kohima, ,Right bank of stream,25.692,94.068,,,,Suspended
NG/MON/83N2/2017/37,Nagaland,Mon, ,Near Longshen,26.651389,95.12525,,,,Active
NG/PHE/83K6/2015/281,Nagaland,Phek, ,Ketsapo-Khuzami approach road,25.726,94.435,,,,Suspended
NG/PHE/83K6/2015/338,Nagaland,Phek, ,Pfiitsero-Sakraba-Phek road,25.681,94.387,,,,Suspended
NAG/KOH/83K1/2016/094,Nagaland,Kohima, ,Ghotovi,25.943944,94.026556,,,,Active
NG/PHE/83K2/2015/120,Nagaland,Phek, ,Kohima-Pfiitsero-Meluri road (NH-150?),25.618,94.209,,,,Suspended
NG/PHE/83K14/2017/63,Nagaland,Phek, ,Kuzato to Wazeho,25.674944,94.762694,,,,Active
NAG/ZUN/83J12/2016/0022,Nagaland,Zunheboto, ,7km N of Shamator,26.110135,94.870921,,,,Reactivated
NG/KOH/83K2/2015/234,Nagaland,Kohima, , ,25.744,94.242,,,,Active
NAG/MOKH/83J08/2015/ 0093,Nagaland,Mokokchung, ,"8 km North of Sastami Village,NH 61",26.222111,94.419028,,,,Reactivated
NAG/PHK/83K5/2016/026,Nagaland,Phek, ,Khuzami,25.756889,94.478472,,,,Active
NAG/ZUN/83J12/2017/0075,Nagaland,Zunheboto, ,1.1 km N of Jekuto,26.190598,94.549514,,,,Reactivated
NAG/WOK/83J/4/2016/0058,Nagaland,Wokha, ,Sanis to Bhagti Road,26.23925,94.202222,,,,Active
NAG/ZUN/83K09/2016/101,Nagaland,Kiphire, ,At Yangzitong village,25.941056,94.651019,,,,Active
NG/KOH/83K2/2015/218,Nagaland,Kohima, , ,25.695,94.077,,,,Active
NAG/ZUN/83K09/2016/047,Nagaland,Kiphire, ,NW of Kisetong village,25.968233,94.684364,,,,Active
NAG/KOH/83K1/2016/133,Nagaland,Kohima, ,Viphoma,25.851889,94.005056,,,,Active
NG/MON/83J15/2017/11,Nagaland,Mon, ,Tobu Town,26.360556,94.933056,,,,Active
NA/MOK/83J06/2020/26,Nagaland,Mokokchung, ,Mariani-Mankholemba Rd,26.62,94.5,,,,Suspended
NG/NOK/83N3/2017/20,Nagaland,Noklak, ,Pangsha,26.262889,95.084667,,,,Reactivated
NAG/WOK/83J/4/2016/0057,Nagaland,Wokha, ,Sanis to Bhagti Road,26.238694,94.203944,,,,Active
NAG/KOH/83K1/2016/107,Nagaland,Kohima, ,Botsa,25.859444,94.160139,,,,Active
NAG/WOKH/83J08/2015/0048,Nagaland,Wokha, ,Near New Changsu Village school,26.193,94.292972,,,,Reactivated
NAG/KIP/83K13/2016/023,Nagaland,Kiphire, ,East of Kiphire Town,25.818947,94.8075,,,,Active
NG/MON/83N3/2017/15,Nagaland,Mon, ,PesaoMonyakshu Road,26.413056,95.048278,,,,Active
NG/PHE/83K10/2017/4,Nagaland,Phek, ,Waziho to Zipu,25.653361,94.734333,,,,Active
NG/MON/83N01/2017/29,Nagaland,Mon, ,PhuktongTuimei rd,26.788611,95.068194,,,,Active
NAG/WOKH/83J08/2015/0018,Nagaland,Wokha, ,NH-61/ 10 km NE of Wokha Town.,26.116361,94.323778,,,,Active
NG/KOH/83K2/2015/162,Nagaland,Kohima, ,T-Khel Model village road,25.673,94.101,,,,Suspended
NG/MON/83N2/2017/48,Nagaland,Mon, ,Chen Moho  Wangati Road,26.550472,95.101889,,,,Active
NG/KOH/83K2/2015/237,Nagaland,Kohima, ,NH-29,25.679,94.07,,,,Active
NAG/WOK/83J/4/2016/0070,Nagaland,Wokha, ,Longsa,26.059222,94.2445,,,,Dormant
NAG/ZUN/83K09/2016/143,Nagaland,Kiphire, ,North of Sukhalu village,25.990158,94.508392,,,,Active
NG/LON/83J14/2017/4,Nagaland,Longleng, ,3 km N of Longleng Town,26.506389,94.796111,,,,Reactivated
NAG/ZUN/83K09/2016/141,Nagaland,Kiphire, ,At Sukhalu village,25.978975,94.512064,,,,Active
NG/PRN/83G07/2017/3,Nagaland,Peren,Nchen–Ngaulong slide No.1,Nchen–Ngaulong road section,25.292417,93.498972,,,,Active
NAG/PER/83G12/2017/0130,Nagaland,Peren, ,Intuma road,25.187583,93.653861,,,,Suspended
NG/MON/83N01/2017/10,Nagaland,Mon, ,1km W of Longphou,26.758056,95.11175,,,,Active
NG/TUE/83J15/2017/15,Nagaland,Tuensang, ,16 km SW of Hakchang Village,26.276667,94.8275,,,,Reactivated
NAG/KOH/83K1/2016/067,Nagaland,Kohima, ,Phekerkrie,25.849806,94.057083,,,,Active
NAG/ZUN/83K09/2016/105,Nagaland,Kiphire, ,At Yezashimi village,25.964283,94.619592,,,,Active
NAG/MOKH/83J08/2015/ 0112,Nagaland,Mokokchung, ,Kumlong Ward,26.327167,94.508056,,,,Reactivated
NG/PHE/83K2/2015/207,Nagaland,Phek, ,Opp. Kezo Town,25.635,94.217,,,,Suspended
NG/MON/83N2/2017/44,Nagaland,Mon, ,Near Chenloisho,26.548056,95.0905,,,,Active
NG/MON/83N2/2017/26,Nagaland,Mon, ,Near Lonkhai,26.730222,95.02025,,,,Active
NG/MON/83N2/2017/13,Nagaland,Mon, ,Near Mon Town,26.727889,95.040389,,,,Active
NAG/KOH/83K1/2016/084,Nagaland,Kohima, ,Phekerkerie,25.879889,94.035417,,,,Active
NG/TUE/83N4/2017/5,Nagaland,Tuensang, ,Near Noklak Town,26.21475,95.010667,,,,Active
NAG/WOK/83J/4/2016/0068,Nagaland,Wokha, ,4 km SW of Wokha,26.067889,94.224889,,,,Active
NG/MON/83N2/2017/10,Nagaland,Mon, ,Near Mon Town,26.722722,95.043361,,,,Active
NAG/KOH/83K1/2016/058,Nagaland,Kohima, ,Kijumetouma,25.767,94.229778,,,,Active
NG/MON/83N01/2017/31,Nagaland,Mon, ,PhuktongTuimei rd,26.794472,95.072722,,,,Active
NAG/WOK/83J/4/2016/0036,Nagaland,Wokha, ,Doyang to Sanis Road,26.206778,94.215,,,,Active
NAG/WOK/83J/4/2016/0034,Nagaland,Wokha, ,Doyang to Sanis Road,26.206528,94.223333,,,,Active
NG/KOH/83K2/2015/88,Nagaland,Kohima, ,T-Khel Model village road,25.672,94.101,,,,Suspended
NAG/KOH/83K1/2016/050,Nagaland,Kohima, ,Tuophema,25.845861,94.19025,,,,Active
NG/KOH/83K2/2015/219,Nagaland,Kohima, , ,25.685,94.059,,,,Active
NAG/MOK/83J/7/2016/0001,Nagaland,Mokokchung, ,Between Mangmetong and Okotso,26.286222,94.364167,,,,Active
NAG/WOK/83J/4/2016/0055,Nagaland,Wokha, ,Sanis to Bhagti Road,26.23675,94.209639,,,,Suspended
NG/MON/83N2/2017/50,Nagaland,Mon, ,Chen Moho  Wangati Road,26.563667,95.090139,,,,Active
NG/PHE/83K6/2015/328,Nagaland,Phek, ,Pholami village,25.646,94.378,,,,Active
NAG/KIP/83K13/2016/066,Nagaland,Kiphire, ,50m away from New Vonti village,25.786692,94.829933,,,,Active
NG/MOK/83J10/2017/6,Nagaland,Mokukchung, ,Tamlu village,26.673639,94.744139,,,,Active
NG/PER/83G14/2015/13,Nagaland,Peren, ,ESE of Benreu,25.57,93.871,,,,Suspended
NG/MON/83N2/2017/67,Nagaland,Mon, ,Near Mon Town,26.710611,95.020278,,,,Active
NAG/KIP/83K13/2016/070,Nagaland,Kiphire, ,50m before Likhim Ro Hydro-Project,25.788911,94.855664,,,,Active
NAG/WOK/83J/4/2016/0115,Nagaland,Wokha, ,2 km NE of Yimza,26.232944,94.130639,,,,Suspended
NAG/MOK/83J/7/2016/0013,Nagaland,Mokokchung, ,Bewteen Chungtia-Longjongkong,26.390833,94.437417,,,,Active
NAG/ZUNH/83J08/2015/ 0065,Nagaland,Zunheboto, ,2 km West of Asukhuto Village.,26.075722,94.481611,,,,Active
NG/NOK/83N04/2017/21,Nagaland,Noklak, ,Noklak,26.176278,95.009889,,,,Active
NG/PHE/83K6/2015/267,Nagaland,Phek, ,Kohima-Pfiitsero-Meluri road (NH150?).,25.616,94.484,,,,Suspended
NAG/WOK/83J/4/2016/0079,Nagaland,Wokha, ,1 Km south of Chudi,26.125556,94.134639,,,,Active
NG/LON/83J15/2017/29,Nagaland,Longleng, ,3km S of Pongo Village.,26.463333,94.8575,,,,Reactivated
NG/NOK/83N04/2017/33,Nagaland,Noklak, ,Nokhu,26.173917,95.025556,,,,Active
NL/KOH/83K02/2014/45,Nagaland,Kohima,Thedziilieziekie,Kohima-Khonoma-Pedi-Peren SH,25.65275,94.032,,,,Suspended
NG/TUE/83J15/2017/48,Nagaland,Tuensang, ,3.5 km S of Ukha,26.418611,94.966111,,,,Reactivated
NG/TUE/83J15/2017/22,Nagaland,Tuensang, ,3.5 km S of Pipan Village.,26.330556,94.875833,,,,Reactivated
NAG/KOH/83K1/2016/114,Nagaland,Kohima, ,Phughoboto,25.880083,94.234167,,,,Active
NG/MON/83N01/2017/65,Nagaland,Mon, ,PhuktongTuimei rd,26.844389,95.077667,,,,Suspended
NAG/PER/83G11/2017/0144,Nagaland,Peren, ,Mpai village,25.472217,93.726992,,,,Active
NG/TSG/83J16/2018/002,Nagaland,Tuensang,Chessore landslide,Near Chesore/Y. Anner Village.,23.725778,91.645694,,,,Reactivated
NG/KOH/83K2/2015/182,Nagaland,Kohima, , ,25.713,94.06,,,,Suspended
NAG/KIP/83K13/2016/073,Nagaland,Kiphire, ,At Amikiou village,25.755936,94.846033,,,,Active
NAG/ZUN/83J12/2016/0063,Nagaland,Zunheboto, ,8 km N of Satami,26.13379,94.632141,,,,Reactivated
NG/KOH/83K2/2015/78,Nagaland,Kohima, ,Southwestern downslope of Nagaland Legislative Assembly,25.719,94.105,,,,Suspended
NAG/ZUN/83J12/2016/0002,Nagaland,Zunheboto, ,"Beside SH, Asukhomi to Zunheboto",26.046444,94.526194,,,,Active
NG/MON/83N2/2017/69,Nagaland,Mon, ,Near Mon Town,26.712306,95.012583,,,,Reactivated
NAG/WOKH/83J08/2015/0003,Nagaland,Wokha, ,"NH-61/ Near Nagaland State Transport, Wokha Town",26.105583,94.257778,,,,Active
NG/MON/83N2/2017/16,Nagaland,Mon, ,Mon Town,26.723,95.029139,,,,Active
NG/KOH/83K2/2015/159,Nagaland,Kohima, ,Secretariat-BSF Camp road,25.687,94.12,,,,Active
NAG/ZUN/83K09/2016/138,Nagaland,Kiphire, ,South of Sukhalu village,25.97175,94.504619,,,,Active
NAG/MOKH/83J08/2015/ 0115,Nagaland,Mokokchung, ,Mysymthi Village,26.429361,94.623,,,,Reactivated
NG/LON/83J14/2017/7,Nagaland,Longleng, ,2.5 kms south of IRB Camp,26.516111,94.785833,,,,Reactivated
NAG/KIP/83K13/2016/040,Nagaland,Kiphire, ,Near Zoanger village,25.849947,94.916697,,,,Active
NG/MON/83N01/2017/67,Nagaland,Mon, ,PhuktongTuimei rd,26.845472,95.077639,,,,Suspended
NG/MON/83N01/2017/30,Nagaland,Mon, ,PhuktongTuimei rd,26.794056,95.072861,,,,Active
NG/PHE/83K6/2015/286,Nagaland,Phek, ,Pfiitsero-Phesachodu road,25.586,94.288,,,,Suspended
NG/KOH/83K2/2015/89,Nagaland,Kohima, ,Western downslope of Paramedical colony below NH-29 road bench,25.667,94.094,,,,Suspended
NG/KOH/83K2/2015/125,Nagaland,Kohima, , ,25.572,94.25,,,,Active
NG/PHE/83K6/2015/268,Nagaland,Phek, ,Pfiitsero-Tadubi road,25.549,94.286,,,,Suspended
NAG/WOK/83J/7/2016/0094,Nagaland,Wokha, ,Akuk village ground,26.33,94.279833,,,,Active
NG/KOH/83K2/2015/44,Nagaland,Kohima, ,Southern downslope of Lerie Helipad,25.653,94.121,,,,Suspended
NAG/ZUN/83K09/2016/096,Nagaland,Kiphire, ,East of Honito village,25.828703,94.726789,,,,Active
NL/MON/83G13/2014/13,Nagaland,Dimapur, ,NH-29,25.78214,93.80528,,,,Reactivated
NAG/ZUNH/83J08/2015/ 0064,Nagaland,Zunheboto, ,1.5 km West of Asukhuto Village.,26.073194,94.482139,,,,Active
NG/MON/83N01/2017/63,Nagaland,Mon, ,PhuktongTuimei rd,26.844028,95.080972,,,,Relict
NG/MON/83N3/2017/14,Nagaland,Mon, ,PesaoMonyakshu Road,26.415417,95.053667,,,,Active
NAG/KIP/83K13/2016/061,Nagaland,Kiphire, ,NW of Thanamir village,25.786061,94.931447,,,,Active
NG/MON/83N2/2017/3,Nagaland,Mon, ,"Chingai Ward, Mon Town",26.728556,95.032306,,,,Active
NAG/WOK/83J/4/2016/0104,Nagaland,Wokha, ,Outside New Ralan,26.013722,94.009083,,,,Active
NG/PHE/83K14/2017/41,Nagaland,Phek, ,Shillio to Avakhung,25.607778,94.837944,,,,Active
NAG/KIP/83K13/2016/064,Nagaland,Kiphire, ,NW of Thanamir village,25.789856,94.95825,,,,Active
NG/KOH/83K2/2015/181,Nagaland,Kohima, ,Downslope of Kohima High Court-Tseisema road,25.731,94.087,,,,Suspended
NAG/KOH/83K1/2016/052,Nagaland,Kohima, ,Gariphema,25.806861,94.237333,,,,Active
NG/PHE/83K6/2015/300,Nagaland,Phek, ,Thipuzu approach road,25.635,94.252,,,,Suspended
NAG/TUN/83J16/2016/0034,Nagaland,Tuensang, ,6 km South of Tuensang Town,26.190833,94.813722,,,,Reactivated
NG/MON/83N2/2017/58,Nagaland,Mon, ,Aboi Chinkhao Road,26.582861,95.020306,,,,Reactivated
NAG/KOH/83K1/2016/095,Nagaland,Kohima, ,Ghotovi,25.944361,94.023222,,,,Active
NAG/KOH/83K1/2016/106,Nagaland,Kohima, ,Yankli,25.96675,94.031917,,,,Active
NG/MON/83N01/2017/28,Nagaland,Mon, ,PhuktongTuimei rd,26.78825,95.068361,,,,Active
NG/DIM/83G14/2015/10,Nagaland,Dimapur, , ,25.726,93.773,,,,Suspended
NG/MON/83N2/2017/34,Nagaland,Mon, ,Shainghawamsa,26.62625,95.120139,,,,Active
NAG/PHK/83K5/2016/027,Nagaland,Phek, ,Khuzami,25.756972,94.476694,,,,Active
NAG/KOH/83K1/2016/099,Nagaland,Kohima, ,Ghotovi,25.951139,94.024194,,,,Active
NG/PHE/83K6/2015/246,Nagaland,Phek, ,Pfiitsero-Sakraba-Phek road,25.67,94.397,,,,Suspended
NG/KOH/83K2/2015/228,Nagaland,Kohima, , ,25.743,94.242,,,,Active
NG/PHE/83K14/2017/13,Nagaland,Phek, ,Shillio to New Thewati,25.576444,94.785556,,,,Active
NAG/ZUNH/83J08/2015/ 0083,Nagaland,Zunheboto, ,Alaphumi Village,26.192556,94.484472,,,,Reactivated
NG/PHE/83K2/2015/61,Nagaland,Phek, ,SSE of Kezo Town on Kohima-Pfiitsero-Meluri road (NH-150?),25.619,94.206,,,,Suspended
NAG/ZUN/83J12/2016/0068,Nagaland,Zunheboto, ,Lokhomi Village,26.077122,94.559107,,,,Reactivated
NG/KOH/83K2/2015/103,Nagaland,Kohima, ,Kohima-Khonoma-Pedi-Peren SH (at km 16.490),25.63,94.014,,,,Suspended
NG/KOH/83G14/2015/30,Nagaland,Kohima, ,NNE of Thekriijuma village,25.712,93.949,,,,Dormant
NAG/MOKH/83J08/2015/ 0102,Nagaland,Mokokchung, ,New Yoongimiti Village church building,26.426417,94.668444,,,,Reactivated
NAG/ZUN/83K5/2016/041,Nagaland,Zunheboto, ,Kilomi New,25.841667,94.436472,,,,Active
NG/PHE/83K10/2017/8,Nagaland,Phek, ,Waziho to Zipu,25.633944,94.733056,,,,Active
NG/PHE/83K14/2017/34,Nagaland,Phek, ,Shillio to Avakhung,25.585472,94.846833,,,,Active
NG/MOK/83J10/2017/2,Nagaland,Mokukchung, ,4km W of Changtongiya,26.556,94.680167,,,,Active
NAG/WOK/83J/4/2016/0098,Nagaland,Wokha, ,Between New Ralan to Longchum,26.005917,94.039667,,,,Active
NG/PHE/83K10/2017/7,Nagaland,Phek, ,Waziho to Zipu,25.640389,94.732444,,,,Active
NG/PHE/83K6/2015/331,Nagaland,Phek, ,Kohima-Pfiitsero-Meluri road (NH150?).,25.618,94.468,,,,Active
NG/KOH/83K2/2015/131,Nagaland,Kohima, ,Kisama,25.617,94.113,,,,Suspended
NAG/WOK/83J/4/2016/0114,Nagaland,Wokha, ,Pongtong village,26.239167,94.071111,,,,Suspended
NAG/KOH/83K1/2016/063,Nagaland,Kohima, ,Zadhima,25.826778,94.047833,,,,Active
NAG/PHK/83K5/2016/030,Nagaland,Phek, ,Metsalumi,25.786861,94.446,,,,Active
NG/MON/83N01/2017/41,Nagaland,Mon, ,PhuktongTuimei rd,26.821722,95.078389,,,,Active
NG/KOH/83K2/2015/240,Nagaland,Kohima, , ,25.594,94.166,,,,Active
NG/TUE/83J15/2017/43,Nagaland,Tuensang, ,14 km NE of Tobu Town,26.3925,94.918611,,,,Reactivated
NAG/KIPH/83K13/2009/F-7,Nagaland,Tuensang,Kesunisiki slide, ,25.9,94.78917,,,, 
NG/PRN/83G07/2017/10,Nagaland,Peren,New Nkio–Pamsiakilwa  slide No.2,New Nkio–Pamsiakilwa road section.,25.4095,93.476639,,,,Active
NAG/PHK/83K5/2016/031,Nagaland,Phek, ,Metsalumi,25.788389,94.434111,,,,Active
NAG/WOK/83J/7/2016/0093,Nagaland,Wokha, ,Akuk village,26.331028,94.279167,,,,Relict
NAG/KIP/83K13/2016/086,Nagaland,Kiphire, ,Towards New Basti village from Pokphur village,25.881489,94.962525,,,,Active
NG/PHE/83K10/2017/38,Nagaland,Phek, ,LephoriReguri road,25.5925,94.628472,,,,Active
NL/KOH/83K02/2014/47,Nagaland,Kohima,Mezomavillage slide,Mezoma Village,25.67661,94.02364,,,,Reactivated
NG/PHE/83K10/2017/34,Nagaland,Phek, ,LephoriReguri road,25.505833,94.653806,,,,Active
NAG/ZUNH/83J08/2015/ 0070,Nagaland,Zunheboto, ,"NH 61, V. K. Town",26.178472,94.41275,,,,Active
NG/LON/83J14/2017/1,Nagaland,Longleng, ,2km N of Longleng Town.,26.494722,94.824722,,,,Reactivated
NAG/KIP/83K13/2016/075,Nagaland,Kiphire, ,At Penkim village,25.801608,94.935386,,,,Active
NG/MON/83N01/2017/57,Nagaland,Mon, ,PhuktongTuimei rd,26.8365,95.081306,,,,Suspended
NL/KOH/83K02/2014/44,Nagaland,Kohima, ,Forest colony Kohima,25.65967,94.09297,,,,Suspended
NAG/ZUN/83J12/2017/0083,Nagaland,Zunheboto, ,Tichipami village,26.182283,94.586087,,,,Reactivated
NAG/WOK/83J/7/2016/0095,Nagaland,Wokha, ,Lakhuti village,26.29325,94.251806,,,,Reactivated
NL/DIM/83G13/2014/01,Nagaland,Dimapur,Kukidolong-1,NH 29,25.78417,93.80028,,,,Active
NAG/KIP/83K13/2016/032,Nagaland,Kiphire, ,"At G.A. Rest house, Kiphire",25.940703,94.750969,,,,Active
NAG/ZUN/83J12/2016/0001,Nagaland,Zunheboto, ,Asukhomi Village,26.077167,94.542306,,,,Reactivated
NAG/ZUNH/83J08/2015/ 0086,Nagaland,Zunheboto, ,"Nagaland University campus, Lumami",26.22125,94.478056,,,,Reactivated
NG/MON/83N2/2017/32,Nagaland,Mon, ,Near Phomching,26.693167,95.17475,,,,Active
NG/MON/83N3/2017/17,Nagaland,Mon, ,Near Tamkao,26.379361,95.003444,,,,Active
NAG/WOK/83K1/2016/164,Nagaland,Wokha, ,Ziezou,25.864158,94.047264,,,,Active
NG/KOH/83K2/2015/53,Nagaland,Kohima, ,Between Lerie and Pfiichama along Lerie-Pfiichama approach road,25.653,94.123,,,,Active
NG/MON/83N01/2017/21,Nagaland,Mon, ,PhuktongTuimei rd,26.775944,95.072583,,,,Active
NG/PHE/83K14/2017/58,Nagaland,Phek, ,Washello to Zhipu,25.597778,94.767,,,,Active
NG/PHE/83K6/2015/269,Nagaland,Phek, ,Thipuzu approach road,25.63,94.259,,,,Suspended
NAG/KOH/83K1/2016/157,Nagaland,Kohima, ,Nearly 5 km SE of Longwesunyu,25.929733,94.072478,,,,Active
NAG/TUN/83J16/2016/0028,Nagaland,Tuensang, ,6 km N of Sangpurr vill,26.182216,94.891382,,,,Reactivated
NAG/KOH/83K1/2016/088,Nagaland,Kohima, ,Phkerkerie,25.930722,94.048417,,,,Active
 ,Nagaland,Dimapur,,,25.68176111,94.06811944,Soil,Slide,Initiated on 26/10/2019,Active
NG/PHE/83K14/2017/17,Nagaland,Phek, ,Shillio to New Thewati,25.561389,94.783889,,,,Active
NAG/TUN/83J16/2016/0046,Nagaland,Tuensang, ,Lonhkhim Town,26.216456,94.681866,,,,Active
NAG/WOK/83J/4/2016/0074,Nagaland,Wokha, ,Humtsoe village,26.08875,94.202444,,,,Active
NAG/ZUN/83K09/2016/100,Nagaland,Kiphire, ,At New Yangzitong village,25.940317,94.650583,,,,Active
NAG/MOKH/83J08/2015/ 0101,Nagaland,Mokokchung, ,New Yoongimiti Village,26.426944,94.669,,,,Reactivated
NG/KOH/83K2/2015/203,Nagaland,Kohima, , ,25.677,94.241,,,,Active
NAG/ZUN/83J12/2016/0058,Nagaland,Zunheboto, ,4.5 km N of Aghunato,26.049285,94.635198,,,,Reactivated
NG/KOH/83K2/2015/115,Nagaland,Kohima, ,Kohima-Khonoma-Pedi-Peren SH (at km 16.490),25.652,94.03,,,,Suspended
NAG/TUN/83J16/2016/0029,Nagaland,Tuensang, ,Tuensang Town,26.236111,94.809694,,,,Reactivated
NAG/MOK/83J/7/2016/0014,Nagaland,Mokokchung, ,Bewteen Chungtia-Longjongkong,26.389028,94.434889,,,,Active
NAG/WOKH/83J08/2015/0045,Nagaland,Wokha, ,"New Rephium Village, near water shed of the village",26.182611,94.264861,,,,Active
NAG/KOH/83K1/2016/162,Nagaland,Kohima, ,Gariphema,25.804972,94.241086,,,,Active
NG/PER/83G14/2015/17,Nagaland,Peren, ,Kohima-Khonoma-Pedi-Peren SH,25.576,93.783,,,,Suspended
NG/PHE/83K6/2015/335,Nagaland,Phek, ,Chakhabama-Chozuba-Zunheboto SH,25.681,94.285,,,,Suspended
NA/DIM/83G13/2020/19,Nagaland,Dimapur, ,NH29/Dimapur-Kohima Rd,25.8,93.83,,,,Suspended
NG/MON/83N2/2017/28,Nagaland,Mon, ,Near Mon village,26.732306,95.055722,,,,Active
NL/KOH/83K02/2014/14,Nagaland,Kohima, ,NH-29,25.68044,94.07336,,,,Reactivated
NAG/KOH/83K1/2016/103,Nagaland,Kohima, ,Ghotovi,25.950944,94.019611,,,,Active
NG/PHE/83K14/2017/73,Nagaland,Phek, ,1km East of Phor village,25.733444,94.780361,,,,Active
NAG/KOH/83K1/2016/077,Nagaland,Kohima, ,Botsa,25.827028,94.078139,,,,Active
NAG/ZUN/83K5/2016/023,Nagaland,Zunheboto, ,Mukhalimi,25.877111,94.34325,,,,Reactivated
NG/MON/83N2/2017/19,Nagaland,Mon, ,Near Yuting,26.706028,95.078361,,,,Active
NG/KOH/83K2/2015/180,Nagaland,Kohima, ,Mezoma Village,25.677,94.0202,,,,Suspended
NAG/MOKH/83J08/2015/ 0099,Nagaland,Mokokchung, ,"Longkang village, Rubber plantation area.",26.382806,94.66425,,,,Reactivated
NAG/ZUN/83J12/2017/0073,Nagaland,Zunheboto, ,1km E of Jekuto,26.179226,94.557166,,,,Reactivated
NG/MON/83N2/2017/57,Nagaland,Mon, ,Aboi Chinkhao Road,26.588806,95.017667,,,,Reactivated
NAG/ZUN/83J12/2016/0020,Nagaland,Zunheboto, ,Lokhomi Village,26.07675,94.558611,,,,Reactivated
NAG/MOK/83J/7/2016/0008,Nagaland,Mokokchung, ,Chungtia,26.379167,94.44625,,,,Active
NAG/ZUN/83J12/2016/0008,Nagaland,Zunheboto, ,Natha Old,26.020603,94.50632,,,,Reactivated
NG/DMP/83G09/2017/12,Nagaland,Dimapur,Sakhabi,SE of Sakhabi village,25.7517,93.73449,,,,Active
NAG/PER/83G11/2017/0134,Nagaland,Peren, ,Intuma road,25.29725,93.630083,,,,Active
NAG/WOK/83J/4/2016/0077,Nagaland,Wokha, ,Chudi village,26.130417,94.138889,,,,Abandoned
NAG/MOK/83J12/2017/0078,Nagaland,Mokokchung, ,3 km N of Longsa Village,26.227896,94.55032,,,,Reactivated
NAG/KOH/83K1/2016/082,Nagaland,Kohima, ,Botsa,25.850667,94.154667,,,,Reactivated
NG/PER/83G14/2015/9,Nagaland,Peren, ,Kohima-Khonoma-Pedi-Peren SH,25.575,93.777,,,,Suspended
NG/DIM/83G14/2015/22,Nagaland,Dimapur, , ,25.743,93.798,,,,Suspended
NG/KOH/83K2/2015/136,Nagaland,Kohima, , ,25.682,94.094,,,,Active
NG/PHE/83K14/2017/59,Nagaland,Phek, ,Washello to Zhipu,25.596111,94.785444,,,,Active
NG/KOH/83K2/2015/176,Nagaland,Kohima, ,Approx. 470m ESE of Viswema,25.56,94.153,,,,Suspended
NG/PHE/83K6/2015/322,Nagaland,Phek, ,Pfiitsero-Sakraba-Phek road,25.594,94.314,,,,Active
NAG/KOH/83K5/2016/146,Nagaland,Kohima, ,Nearly 2 km S of Satakha village,25.905953,94.427414,,,,Active
NAG/ZUN/83K5/2016/039,Nagaland,Zunheboto, ,Dzulhami,25.835778,94.429778,,,,Reactivated
NAG/KIP/83K13/2016/041,Nagaland,Kiphire, ,Near Zoanger village,25.848194,94.916169,,,,Active
NG/TUE/83J15/2017/50,Nagaland,Tuensang, ,2.7 km S of Ukha,26.4175,94.960278,,,,Reactivated
NG/PHE/83K14/2017/77,Nagaland,Phek, ,Phor village to Kuzato,25.700944,94.775361,,,,Active
NG/PHE/83K14/2017/33,Nagaland,Phek, ,Shillio to Avakhung,25.626833,94.847053,,,,Suspended
NG/TUE/83J15/2017/19,Nagaland,Tuensang, ,4km NE of Longong Village.,26.317778,94.849722,,,,Reactivated
NG/PHE/83K14/2017/4,Nagaland,Phek, ,Waziho to Mokie,25.646389,94.766389,,,,Active
NG/MOK/83J10/2017/4,Nagaland,Mokukchung, ,Tamlu village,26.674139,94.74625,,,,Active
NAG/TUN/83J16/2016/0033,Nagaland,Tuensang, ,3 km South of Tuensang Town,26.200056,94.81905,,,,Reactivated
NG/MON/83J15/2017/10,Nagaland,Mon, ,5 km south of Tobu Village,26.337778,94.929167,,,,Active
NG/NOK/83N04/2017/38,Nagaland,Noklak, ,Choklangan,26.117583,95.049806,,,,Active
NG/PHE/83K6/2015/324,Nagaland,Phek, ,Phek-Lanye road.,25.646,94.479,,,,Active
NAG/KIP/83K13/2016/033,Nagaland,Kiphire, ,South of Phelungre village,25.915925,94.824992,,,,Active
NAG/ZUNH/83J08/2015/ 0085,Nagaland,Zunheboto, ,Alaphumi Village,26.196306,94.485694,,,,Reactivated
NAG/PER/83G11/2017/0145,Nagaland,Peren, ,Mpai village,25.471556,93.726778,,,,Active
NG/PHE/83K6/2015/333,Nagaland,Phek, ,Pfiitsero-Sakraba-Phek road,25.625,94.345,,,,Suspended
NAG/KMA/83K2/2017/02,Nagaland,Kohima,Peraciezie colony slide,"Peraciezie colony, Near High School Junction, Kohima city",25.688667,94.097333,,,,Reactivated
NG/PHE/83K6/2015/316,Nagaland,Phek, ,Pfiitsero-Sakraba-Phek road,25.598,94.31,,,,Suspended
NAG/WOKH/83J08/2015/0015,Nagaland,Wokha, ,"Longsa Village, 6 km South of Wokha Town.",26.05925,94.244472,,,,Suspended
NG/KOH/83K2/2015/35,Nagaland,Kohima, , ,25.677,94.081,,,,Active
NG/PHE/83K6/2015/255,Nagaland,Phek, ,Kohima-Pfiitsero-Meluri road (NH-150?),25.614,94.496,,,,Active
NG/KOH/83K2/2015/183,Nagaland,Kohima, ,On Kohima-Chakhabama-Pfiitsero-Meluri road (NH150?),25.682,94.12,,,,Active
NG/KOH/83K2/2015/84,Nagaland,Kohima, ,Secretariat-BSF Camp road,25.685,94.12,,,,Suspended
NG/MON/83N2/2017/39,Nagaland,Mon, ,Near Chen,26.57625,95.095842,,,,Active
NAG/ZUN/83J12/2016/0062,Nagaland,Zunheboto, ,5.2 km N of Satami,26.122864,94.638388,,,,Reactivated
NG/MON/83N01/2017/60,Nagaland,Mon, ,PhuktongTuimei rd,26.841222,95.079556,,,,Reactivated
NAG/KIP/83K13/2016/026,Nagaland,Kiphire, ,At Zungki brigde,25.820367,94.820367,,,,Active
NG/MON/83N2/2017/30,Nagaland,Mon, ,Near Longwa,26.666778,95.200833,,,,Active
NAG/WOKH/83J08/2015/0054,Nagaland,Wokha, ,3 km south of Nungyimg Village,26.127222,94.306444,,,,Active
NL/KOH/83K02/2014/40,Nagaland,Kohima, ,Army cantonment,25.66264,94.11353,,,,Suspended
NG/MOK/83J10/2017/13,Nagaland,Mokukchung, ,TuliAmguri rd,26.697833,94.635056,,,,Active
NG/PHE/83K2/2015/83,Nagaland,Phek, ,Eastern downslope of Kezo Town on Kohima-Pfiitsero-Meluri road (NH-150?),25.642,94.201,,,,Suspended
NAG/WOKH/83J08/2015/0023,Nagaland,Wokha, ,"NH 61, Moromi Village",26.124083,94.294694,,,,Active
NG/PHE/83K14/2017/44,Nagaland,Phek, , ,25.680917,94.792014,,,,Active
NAG/WOK/83J/4/2016/0052,Nagaland,Wokha, ,Sanis to Bhagti Road,26.236111,94.212639,,,,Active
NG/PHE/83K6/2015/307,Nagaland,Phek, ,Pfiitsero-Tadubi road,25.552,94.289,,,,Active
NG/PHE/83K2/2015/130,Nagaland,Phek, ,Kohima-Pfiitsero-Meluri road (NH-150?),25.622,94.212,,,,Suspended
NAG/ZUN/83K09/2016/094,Nagaland,Kiphire, ,East of Honito village,25.827011,94.733178,,,,Suspended
NG/KOH/83K2/2015/48,Nagaland,Kohima, ,T-Khel Model village road,25.679,94.096,,,,Suspended
NL/KOH/83K02/2014/04,Nagaland,Kohima,Meriema,National Highway (NH)- 61,25.71611,94.08883,,,,Active
NAG/TUN/83J16/2016/0042,Nagaland,Tuensang, ,8 km E of New Chengmai Village,26.235678,94.942004,,,,Reactivated
NAG/ZUN/83K09/2016/119,Nagaland,Kiphire, ,NW of Satoi village,25.851617,94.528211,,,,Active
NG/MON/83J14/2017/20,Nagaland,Mon, ,2 km S of Mohung Village,26.545,94.941389,,,,Reactivated
NA/MOK/83J07/2020/4,Nagaland,Mokokchung, ,NH702D,26.43,94.38,,,,Active
NG/PHE/83K10/2017/26,Nagaland,Phek, ,LanezhoKizare road,25.651,94.514833,,,,Active
NG/PHE/83K6/2015/261,Nagaland,Phek, ,Chizami-Thetsumi-Razeba road,25.552,94.36,,,,Suspended
NG/PHE/83K6/2015/321,Nagaland,Phek, ,Chakhabama-Chozuba-Zunheboto SH,25.745,94.338,,,,Suspended
NAG/KIP/83K13/2016/004,Nagaland,Kiphire, ,East of Sampurre,25.838681,94.788925,,,,Reactivated
NG/PER/83G14/2015/15,Nagaland,Peren, ,ESE of Benreu,25.569,93.872,,,,Suspended
NG/KOH/83K2/2015/75,Nagaland,Kohima, ,NH-29,25.735,94.02,,,,Active
NG/KOH/83K2/2015/226,Nagaland,Kohima, ,"Keziekie colony, Kohima Town",25.678,94.109,,,,Suspended
NAG/KOH/83K1/2016/064,Nagaland,Kohima, ,Phekerkrie,25.843222,94.053139,,,,Active
NAG/WOK/83J/4/2016/0067,Nagaland,Wokha, ,Yekhum to Wokha,26.153306,94.240611,,,,Active
NG/KOH/83K2/2015/193,Nagaland,Kohima, , ,25.566,94.162,,,,Suspended
NAG/KOH/83K1/2016/116,Nagaland,Kohima, ,Phughoboto,25.889056,94.278361,,,,Active
NG/PHE/83K6/2015/334,Nagaland,Phek, ,Chakhabama-Chozuba-Zunheboto SH,25.744,94.337,,,,Suspended
NAG/ZUNH/83J08/2015/ 0075,Nagaland,Zunheboto, ,Zaphumi Village,26.232556,94.472889,,,,Active
NL/MON/83J15/2014/11,Nagaland,Mon,Chaklangsho-2,State Highway (Tobu to Mon road),26.40908,94.96308,,,,Active
NG/PHE/83K6/2015/265,Nagaland,Phek, ,Phek Bawe-Phek Town road,25.668,94.464,,,,Suspended
NAG/MOKH/83J08/2015/ 0108,Nagaland,Mokokchung, ,Way to Chare,26.301639,94.588361,,,,Active
NAG/KIP/83K13/2016/055,Nagaland,Kiphire, ,500m before Luthur village,25.901125,94.82785,,,,Suspended
NG/MON/83N01/2017/14,Nagaland,Mon, ,Shangnyu village,26.767972,95.087028,,,,Active
NAG/KIP/83K13/2016/114,Nagaland,Kiphire, ,At Kiphire Town (Mission Compound),25.887303,94.788144,,,,Reactivated
NG/MON/83N01/2017/22,Nagaland,Mon, ,PhuktongTuimei rd,26.7855,95.071861,,,,Active
NG/PHE/83K14/2017/24,Nagaland,Phek, ,Shillio to Avakhung,25.581944,94.858139,,,,Suspended
NAG/KOH/83K1/2016/002,Nagaland,Kohima, ,Nerhema,25.773306,94.084861,,,,Active
NAG/PER/83G11/2017/0142,Nagaland,Peren, ,Mpai village,25.472781,93.727319,,,,Suspended
NG/MOK/83J10/2017/12,Nagaland,Mokukchung, ,TuliAmguri rd,26.695194,94.636194,,,,Active
NAG/WOKH/83J08/2015/0049,Nagaland,Wokha, ,New Changsu Village playgroung,26.191611,94.284361,,,,Reactivated
NL/MON/83J15/2014/08,Nagaland,Mon,Shamnyu slide,State Highway (Tobu to Mon road),26.39094,94.94406,,,,Active
NAG/PHEK/83K06/2009/F-6,Nagaland,Phek,"Mesolumi, Chizami Bridge slide", ,25.58194,94.35,,,, 
NG/PHE/83K10/2017/21,Nagaland,Phek, ,Matikhru road,25.610083,94.591889,,,,Active
NG/LON/83J15/2017/33,Nagaland,Longleng, ,3 km S of Yungphong Village.,26.434722,94.863056,,,,Reactivated
NAG/KIP/83K13/2016/085,Nagaland,Kiphire, ,At Pokphur village,25.878525,94.947372,,,,Active
NAG/ZUN/83J12/2016/0013,Nagaland,Zunheboto, ,Nagutomi (New),26.135361,94.502167,,,,Reactivated
NAG/KOH/83K02/2008/F-4(B),Nagaland,Kohima,Daklane (Sector-II) slide, ,25.67222,94.11083,,,, 
NAG/ZUN/83J12/2016/0066,Nagaland,Zunheboto, ,4.5 km S of Yehimi Village,26.1434,94.633527,,,,Reactivated
NAG/ZUN/83J12/2016/0059,Nagaland,Zunheboto, ,3 km N of Satami,26.111529,94.634066,,,,Reactivated
NAG/KOH/83K1/2016/091,Nagaland,Kohima, ,Longwesunyu,25.942111,94.04625,,,,Active
NG/MON/83N01/2017/52,Nagaland,Mon, ,PhuktongTuimei rd,26.834194,95.081639,,,,Suspended
NG/PER/83G14/2015/6,Nagaland,Peren, ,Kohima-Khonoma-Pedi-Peren SH,25.578,93.805,,,,Suspended
NG/PHE/83K6/2015/325,Nagaland,Phek, ,Phek-Chazouba road,25.696,94.426,,,,Suspended
NG/KOH/83K2/2015/129,Nagaland,Kohima, ,Downslope of High School-Secretarait road,25.694,94.103,,,,Suspended
NAG/ZUN/83K09/2016/099,Nagaland,Kiphire, ,At New Yangzitong village,25.939139,94.649311,,,,Active
NG/MON/83N01/2017/48,Nagaland,Mon, ,PhuktongTuimei rd,26.831778,95.078028,,,,Suspended
NAG/KIP/83K13/2016/067,Nagaland,Kiphire, ,100m away from New Vonti village,25.787211,94.834275,,,,Active
NAG/WOKH/83J08/2015/0028,Nagaland,Wokha, ,"NH 61, 7km North of Coco Bridge",26.1125,94.347556,,,,Active
NG/PHE/83K2/2015/188,Nagaland,Phek, ,Pfiitsero-Tadubi approach road,25.536,94.236,,,,Suspended
NG/PHE/83K2/2015/191,Nagaland,Phek, ,Downslope of Kohima-Pfiitsero-Meluri road (NH-150?),25.628,94.211,,,,Suspended
NG/PHE/83K14/2017/50,Nagaland,Phek, ,New Thewati,25.559211,94.769978,,,,Active
NAG/ZUN/83J12/2017/0072,Nagaland,Zunheboto, ,2 km SE of Kholeboto,26.161955,94.594693,,,,Reactivated
